word,cluster
में,99
लिए,70
किया,71
गया,46
हैं,155
नहीं,67
सिंह,75
पुलिस,155
दिया,37
करने,192
कहा,46
रहे,192
बाद,162
करें,99
साथ,155
रहा,20
रही,29
बताया,47
हुए,88
लोगों,34
उन्होंने,56
होने,36
गांव,54
लेकर,75
जिला,37
इसके,55
एवं,75
क्षेत्र,68
द्वारा,155
हुई,88
लेकिन,155
लिया,37
सरकार,26
अपने,55
विभाग,155
मोबाइल,177
वाले,113
दौरान,155
आदि,25
सभी,29
मौके,138
फोटो,155
देखने,85
जागरण,157
जाने,199
दिन,186
नगर,59
तथा,46
जाएं,11
निवासी,136
लोग,34
बैठक,17
शुरू,23
कोई,75
हुआ,88
ताजा,81
करते,78
खबरें,99
समय,44
जाएगा,18
तीन,186
मामले,138
रुपये,42
कारण,155
पहले,78
थाना,81
पूर्व,24
विकास,155
संवाददाता,155
अन्य,118
जानकारी,120
कुछ,75
दर्ज,144
शर्मा,198
जांच,197
अध्यक्ष,69
स्कूल,155
यहां,67
अधिकारी,148
किसी,156
उनके,55
कार्य,184
पास,81
स्थित,154
कार्यक्रम,184
अस्पताल,155
वहीं,67
पंचायत,182
बात,0
पानी,81
किए,70
मांग,62
बच्चों,72
खिलाफ,120
बार,101
रूप,75
बजे,78
काम,129
उन्हें,56
कार्रवाई,184
तरह,44
देने,75
प्रदेश,158
महिला,37
उसे,55
वर्ष,124
मौजूद,138
अपनी,55
उसके,55
शहर,59
चुनाव,91
हजार,101
सूचना,145
दोनों,26
केंद्र,127
निर्माण,159
सहित,25
टीम,167
देवी,75
घटना,46
सड़क,21
विद्यालय,106
मुख्य,3
शिक्षा,63
चार,185
बीच,60
प्रशासन,185
बिजली,79
रात,0
शामिल,155
जिले,175
होगा,155
कार्यालय,184
संवाद,155
इससे,55
मौत,138
उपस्थित,154
करीब,181
लाख,114
सुबह,75
दिए,70
नाम,129
पांच,197
अधिकारियों,148
कराया,47
जाएगी,18
आयोजित,155
राम,198
कहना,46
जारी,101
इसी,29
निर्देश,159
काफी,155
करना,20
प्रधान,155
जाता,81
प्रखंड,52
जबकि,155
व्यवस्था,33
आने,78
प्रसाद,185
घायल,81
आरोप,51
किसानों,26
योजना,145
तहत,82
लगा,20
आयोजन,7
वाली,81
अवसर,155
सोमवार,152
संख्या,155
अधिक,155
शिकायत,39
ग्रामीणों,136
उनकी,55
बंद,14
इसमें,55
राज्य,65
समिति,7
परीक्षा,66
अलावा,116
अभियान,6
मामला,138
ऐसे,78
अनुसार,155
चाहिए,155
युवक,190
मंदिर,155
पहुंचे,19
सचिव,7
ग्राम,155
रोड,81
पत्र,33
पुत्र,117
मंगलवार,152
उसकी,55
जहां,67
होगी,155
शनिवार,134
मिल,175
कराने,199
पूरी,2
बुधवार,152
शुक्रवार,152
छात्र,108
पार्टी,93
विभिन्न,13
रविवार,152
फिर,155
मंत्री,53
शाम,129
साल,113
अभी,29
आरोपी,51
गयी,29
जाए,11
स्वास्थ्य,33
जिसमें,156
वहां,67
गिरफ्तार,120
स्थानीय,155
निगम,7
विधायक,13
प्रभारी,185
समेत,25
बनाने,199
माह,188
लाल,113
श्री,104
परिवार,134
दिनों,119
प्रदर्शन,185
इसकी,29
प्रयास,155
सरकारी,26
सामने,155
ग्रामीण,136
जिससे,156
सदस्य,118
बैंक,167
समाज,92
सुरक्षा,196
वाहन,177
समस्या,155
किसान,26
पूरा,81
देश,158
बारे,137
चलते,78
लगाया,47
हत्या,155
रहने,78
मिलने,36
बाहर,155
बाजार,120
सहयोगी,173
स्थिति,154
दूसरे,193
लगे,192
पदाधिकारी,148
चोरी,26
शिक्षक,63
प्रतियोगिता,13
भाग,155
मार्ग,155
मुख्यमंत्री,53
स्थान,33
प्रतिनिधि,13
सफाई,28
सकता,46
छात्रों,6
मंडल,77
मिली,175
होती,36
कर्मचारियों,26
आदेश,158
पहुंच,19
पिछले,155
लेने,194
होता,36
विरोध,161
नेता,6
प्राप्त,155
जगह,82
तैयार,120
सेवा,190
उनका,55
परिजनों,134
अपना,55
देर,75
जनता,46
चालक,177
प्रति,13
मिला,37
गंभीर,155
संबंध,153
संघ,7
अलग,82
जमीन,186
भवन,121
अध्यक्षता,69
जाती,0
वालों,151
उक्त,5
कर्मचारी,184
जल्द,155
प्रकाश,185
राष्ट्रीय,65
गुरुवार,152
बना,20
जाम,129
करेंगे,140
विशेष,68
स्तर,131
स्टेशन,93
व्यक्ति,57
लगी,192
महिलाओं,155
थाने,81
होकर,36
कमेटी,167
गये,192
राय,155
उसने,55
परिसर,155
देते,75
देकर,75
संबंधित,153
तरफ,89
पूरे,2
समारोह,155
उपलब्ध,7
प्रथम,75
सात,0
शिविर,155
शिक्षकों,63
भारत,155
सभा,155
बच्चे,72
लगभग,82
इसका,46
आगे,78
विजय,75
राशि,155
भर्ती,5
अशोक,1
दूर,2
वर्ग,124
परिषद,7
दिवस,155
मां,62
लाइन,177
होते,36
मारपीट,120
घंटे,40
पंजाब,81
प्रमुख,3
पिता,155
रखा,20
छात्राओं,108
पहुंची,19
आया,0
उसका,55
अवैध,7
इसे,55
दुकान,180
अगर,82
पता,20
इलाज,144
जमा,20
जिस,156
कोतवाली,122
आधार,101
विद्यार्थियों,106
जेल,175
नजर,155
मतदान,125
ज्यादा,120
लगाने,199
जिलाधिकारी,148
खेल,36
यदि,155
कर्मियों,26
दोपहर,186
सबसे,78
बोर्ड,93
चौक,187
भाई,28
प्रशिक्षण,63
शराब,81
ट्रक,167
सवार,101
बावजूद,120
पूजा,185
सदर,121
जाते,155
डीएम,94
करोड़,114
हालत,113
गांवों,54
निरीक्षण,73
आरोपियों,51
हालांकि,113
युवा,155
चुकी,86
सदस्यों,155
वाहनों,177
सके,156
कार,101
बरामद,81
विद्युत,155
पड़ा,192
भारी,101
भेज,31
अनिल,175
बड़ी,139
चुके,86
जिसके,156
जीवन,157
नेतृत्व,57
चला,155
सहयोग,173
मनोज,144
भारतीय,155
वापस,155
बनाया,47
मार्च,115
वितरण,168
कुमारी,198
परेशानी,120
करके,78
कंपनी,155
प्राथमिक,155
प्रकार,185
कार्यकर्ताओं,6
कही,67
कराई,28
वजह,44
कृषि,57
पति,75
ध्यान,3
कोर्ट,93
संगठन,7
होना,36
जाएंगे,22
दूसरी,193
संबोधित,153
आपूर्ति,12
ताकि,81
लाभ,155
माध्यम,155
निर्णय,159
हाथ,155
बढ़,45
मुताबिक,129
बारिश,26
मिले,175
होंगे,140
सामान,155
विवाद,134
पाया,47
ऐसा,46
वाला,113
राज,198
सकते,78
संचालन,155
बिना,37
अजय,82
आंदोलन,7
जाना,81
वरिष्ठ,68
विधानसभा,155
देख,85
कुल,75
हाल,113
आवेदन,7
बने,192
भेजा,31
देखते,85
रखने,78
मंडी,52
तेज,144
चुका,155
मुकदमा,138
धरना,46
जिलाध्यक्ष,69
भूमि,102
ठाकुर,176
अदालत,26
पत्नी,155
इसलिए,70
बनी,192
रैली,175
जैसे,49
प्रतिशत,13
कहीं,67
भीड़,107
सूत्र,130
फरार,101
क्या,155
सूची,145
परेशान,120
तैनात,120
साफ,81
तहसील,175
बनाए,11
अंदर,33
शासन,185
सुविधा,155
गाव,54
भगवान,125
दर्जन,7
बाबा,162
लगातार,160
उधर,82
पक्ष,124
समस्याओं,145
अतिथि,154
क्षेत्रों,68
अभियंता,6
मुख्यालय,155
फसल,82
मुखिया,155
करता,46
यात्रा,108
निदेशक,159
आवास,136
चर्चा,72
शादी,81
सहायक,6
थानाध्यक्ष,69
उपाध्यक्ष,69
वर्षीय,124
सांसद,7
निजी,144
आसपास,136
सकती,29
दास,81
जान,125
प्रत्याशी,13
तैयारी,120
ब्लाक,122
बाल,113
सिविल,155
भुगतान,155
पीड़ित,61
पहचान,11
खराब,81
सेक्टर,93
पूछताछ,15
सम्मानित,155
जनवरी,115
अधीक्षक,73
ज्ञापन,174
प्रवेश,158
स्थल,131
प्रबंधक,153
प्रक्रिया,68
विचार,155
उच्च,72
कभी,29
बड़े,139
पीछे,155
लगाए,11
कमी,192
इलाके,1
जाकर,27
जमकर,21
आश्वासन,185
वेतन,155
जून,115
सप्ताह,5
तहरीर,169
यही,29
रेल,175
हासिल,37
बताते,110
विश्वविद्यालय,106
यूनियन,147
केवल,75
मदद,121
उत्तर,131
मैदान,138
खंड,52
मौसम,138
मरीजों,26
मगर,82
स्वागत,33
मकान,125
रोक,194
निर्धारित,159
खुद,36
बेहतर,32
नदी,192
पुल,75
अंतिम,33
ठीक,29
पेश,158
लगाई,28
खर्च,60
सड़कों,8
सिर्फ,155
लूट,141
बहुत,75
जरूरत,2
कार्यकर्ता,6
प्रभावित,185
बेटी,167
कर्मी,155
राजीव,198
द्वितीय,155
गाड़ी,107
दें,99
नेताओं,6
घरों,8
उपचार,101
महतो,55
केन्द्र,127
समीप,75
सही,29
उपायुक्त,4
मार,101
जनपद,44
तौर,75
योजनाओं,145
हादसे,185
उर्फ,144
विद्यालयों,106
लगाकर,27
यात्रियों,108
अंतर्गत,33
फरवरी,115
संयुक्त,196
चेयरमैन,194
हड़ताल,113
पार्षद,155
लगने,78
संस्था,33
गेहूं,2
मृतक,57
देखा,85
दीपक,75
रहता,46
उद्घाटन,155
कल्याण,155
राहत,109
संतोष,196
प्रदीप,104
घोषित,196
प्रस्ताव,185
सफल,121
नामांकन,155
पाल,81
आयोग,173
लोक,1
पेयजल,75
मीटर,100
जुलाई,37
पहली,193
प्रबंधन,153
कक्षा,124
न्यायालय,146
प्रदान,185
रहते,78
बदमाशों,26
गंगा,81
धान,125
सीमा,155
करवाया,47
सामना,3
दिसंबर,115
इधर,82
मांगों,62
महासचिव,7
अतिक्रमण,68
जीत,157
स्थानों,33
पदाधिकारियों,148
तलाश,81
टक्कर,75
नुकसान,155
माता,81
अज्ञात,174
लागू,81
जरूरी,80
मंच,60
राजकीय,198
बीडीओ,135
युवकों,190
दिशा,155
अतिरिक्त,155
शीघ्र,185
दिवसीय,124
उसी,29
पार्क,155
प्रेम,104
रास्ते,126
चलने,192
प्रत्येक,13
ऐसी,29
संस्थान,33
विरुद्ध,150
घोषणा,145
पड़े,139
सुभाष,75
प्राथमिकी,155
बल्कि,155
चौकी,187
चंद,50
चंद्र,84
कब्जे,144
मनाया,47
केंद्रीय,127
तभी,29
कहते,78
रखे,192
गोली,36
बयान,125
जवाब,81
प्रयोग,155
युवाओं,155
गर्मी,179
पड़ी,139
रखी,192
सामाजिक,92
आनंद,50
चयन,44
लक्ष्य,68
किशोर,26
नीचे,60
आते,78
सरपंच,60
गुरु,23
केंद्रों,127
महीने,186
प्राचार्य,146
लापरवाही,188
कोशिश,170
तीनों,186
बजट,82
पड़ता,113
क्योंकि,155
प्रधानमंत्री,53
किनारे,37
चोरों,26
पेंशन,167
युवती,190
समाधान,155
पहुंचने,19
समाप्त,155
पालिका,155
श्रद्धालुओं,185
तमाम,129
प्रस्तुत,155
कदम,59
बनने,78
संजीव,157
सवाल,113
खरीद,180
वोट,167
चिकित्सक,74
शाखा,155
गैस,75
अचानक,46
करती,29
इनमें,167
जिसे,156
चले,192
पवन,121
नवंबर,115
जागरूक,92
करवाने,199
व्यक्त,57
छोटे,194
हिस्सा,126
मतदाता,6
देना,81
सुधार,155
विभागीय,155
विषय,168
संघर्ष,7
दुर्घटना,185
चेतावनी,185
मध्य,118
रहती,29
बता,20
अगस्त,115
सम्मेलन,7
आयुक्त,4
गिरफ्तारी,120
संपन्न,7
मेला,81
अक्टूबर,115
किये,70
दुकानों,180
थीं,67
हजारों,114
यातायात,108
प्रताप,185
छोड़,171
साइकिल,177
काबू,120
तालाब,81
खाली,81
खेत,36
समीक्षा,66
लिये,70
संबंधी,153
मेले,175
मोटरसाइकिल,177
सैकड़ों,114
शांति,10
पूर्ण,24
कड़ी,192
गायब,81
हंगामा,120
समक्ष,124
मात्र,108
आकर,121
उससे,55
अधिकार,148
परिजन,134
आलम,44
स्वामी,155
हमला,46
दिखाई,96
बड़ा,192
कब्जा,144
कानून,2
लेते,155
दर्जनों,7
चिकित्सा,74
दवा,20
चलाया,47
बनाकर,27
संपर्क,7
बीते,155
गठन,82
चपेट,75
रोजगार,26
महाविद्यालय,106
सौंपा,41
माध्यमिक,155
भविष्य,68
विज्ञान,174
तत्काल,1
सम्मान,155
सत्र,75
दुष्कर्म,185
चरण,59
हेतु,25
निरीक्षक,73
जिन,186
क्रम,68
फैसला,112
समर्थन,7
आर्थिक,92
रुपए,42
परियोजना,145
अवगत,95
साढ़े,38
पुरस्कार,142
चिकित्सकों,74
लाखों,114
बैठे,17
डेढ़,155
एक्सप्रेस,93
रोकने,36
बस्ती,5
सामान्य,3
भूमिका,155
पंकज,75
सैनी,190
मजदूर,80
खड़े,139
वर्षो,124
स्थापित,155
पाई,28
राजकुमार,198
दर्शन,7
निज,144
शुभारंभ,185
राजस्व,155
निकाली,163
मिलकर,137
माहौल,113
दूसरा,193
बेटे,155
वर्तमान,155
योग,173
उम्मीद,128
स्थापना,33
साहिब,162
फीसद,155
बनाई,28
पढ़ाई,45
डिग्री,100
विश्व,68
एसडीओ,94
जिम्मेदारी,128
रहेगा,35
सफलता,46
आवश्यक,7
करेगी,48
सितंबर,115
परिणाम,155
भगत,121
सहायता,155
पहुंचकर,19
गंदगी,50
मजदूरों,26
स्वयं,7
धर्म,179
मनरेगा,35
पर्व,87
संत,75
रवाना,81
इंतजार,120
राशन,101
आधा,46
रोष,75
तरीके,1
सुनवाई,37
बातचीत,120
गलत,76
झारखंड,52
खिलाड़ियों,165
मालिक,92
मामलों,138
हमारे,137
घायलों,26
प्रमाण,185
लाने,199
बिल,175
जख्मी,179
चोर,26
प्रशासनिक,155
धमकी,29
ट्रैक्टर,93
महिलाएं,155
क्षेत्रीय,68
क्रिकेट,167
फिलहाल,113
गरीब,181
खत्म,179
प्रधानाचार्य,146
लौट,9
पंचायतों,182
अधिवक्ता,6
उपभोक्ताओं,6
यात्री,108
दुकानदारों,180
इनके,192
तोड़,132
पटना,20
दैनिक,92
निकट,167
पहल,155
मरम्मत,30
जायेगा,155
मोर्चा,155
अरुण,75
उसमें,55
विद्यार्थी,106
होली,36
हमें,99
आगामी,155
रवि,192
पक्षों,124
तार,101
इलाहाबाद,162
दाखिल,37
मिलेगा,90
जाति,0
डाला,81
भ्रष्टाचार,65
प्रचार,185
बचाने,199
मिलते,36
निकाला,163
करनी,192
साबित,155
पाए,11
पकड़,44
तृतीय,57
उठाया,43
पुत्री,117
ऊपर,82
हिरासत,39
स्तरीय,131
सजा,20
मरीज,144
जुड़े,132
वक्त,5
कमरे,78
पशु,75
असर,44
पर्यावरण,155
व्यापारियों,0
नया,20
दौड़,98
नियुक्ति,4
अंजाम,120
घाट,166
रंग,97
खबर,82
इतना,46
ताला,81
पहला,193
चली,192
व्यापारी,0
तहसीलदार,180
जागरूकता,92
पाने,81
अभाव,116
उनसे,55
विभागों,155
संचालित,155
देखकर,85
परंतु,25
निर्वाचन,159
खेती,36
देंगे,140
कस्बे,81
सूत्रों,130
अंक,33
शुल्क,4
जयंती,75
उठा,43
ज्ञान,174
आह्वान,81
टिकट,167
पटेल,175
पैसे,49
नारेबाजी,120
पेड़,107
वसूली,2
लगाते,110
चलाने,199
पार,81
रात्रि,108
नौकरी,138
शहीद,169
कराए,11
जुलूस,81
निकल,194
नहर,89
दिलाने,37
करे,192
रानी,81
चालकों,177
बढ़ाने,45
मुक्त,4
संयोजक,7
तिथि,154
शौचालय,155
अगले,155
सांस्कृतिक,92
भोजन,7
संभव,7
राजनीतिक,92
खाद्य,0
कला,20
जिसकी,156
कैसे,49
संरक्षण,196
पंडित,52
बीमारी,120
खड़ा,139
वार्ता,108
नियमित,155
फर्जी,144
उद्देश्य,68
खड़ी,29
करेगा,35
आगरा,46
बदमाश,26
बरसात,0
खुशी,164
मशीन,186
दुकानदार,180
शिकार,155
दिये,70
महत्वपूर्ण,24
जोर,26
मैं,137
ठंड,52
तीसरे,193
कीमत,30
वितरित,155
कथा,20
मतदाताओं,6
तुरंत,75
खास,81
पालन,0
रहेगी,48
मुश्किल,129
जिसका,156
मिनट,100
धारा,155
शुरुआत,23
किलो,194
पैसा,49
बूथ,155
पैदा,155
सिंचाई,37
विजेता,6
जन्म,179
दावा,155
लड़की,29
जिलों,122
मजबूर,80
छापेमारी,120
आशा,46
करवा,20
प्रत्याशियों,13
इलाकों,26
खेतों,26
मौका,138
बढ़ा,45
मिट्टी,166
विशाल,68
हटाने,199
अरविंद,103
मानव,155
रहीं,67
भरा,46
रांची,197
संदेश,7
बालिका,81
निकाल,163
बचाव,116
लोकसभा,65
बधाई,28
नाथ,81
विस्तार,155
पुरानी,81
सिर,75
ठेकेदार,180
आर्य,118
उपाध्याय,146
उचित,25
बसों,8
होटल,155
बातें,26
वैसे,49
क्यों,155
व्यापार,0
कटौती,138
सेना,190
दबाव,116
नशे,192
परिवहन,168
मार्केट,93
जब्त,5
अफसरों,8
आशंका,1
उत्पादन,0
अपराध,92
पाठक,155
पुराने,81
समापन,155
मान,125
उद्योग,123
हालात,113
संकट,7
जताया,47
योगदान,145
पीने,81
सुशील,75
नियमों,159
प्रबंध,153
मारने,81
दहेज,144
उनको,55
बिक्री,155
बाढ़,26
परिवारों,134
रोडवेज,26
सख्त,5
महामंत्री,53
लागत,155
संदिग्ध,7
गली,192
अध्यापक,146
बहादुर,176
लाया,47
पकड़े,78
सामग्री,155
विधान,13
रहेंगे,140
अधिकांश,155
रोग,173
जताई,28
अर्चना,3
तापमान,0
प्रतिदिन,13
संभावना,155
अपहरण,21
स्वच्छता,0
महाराज,198
आरक्षण,196
करवाई,28
विनय,75
मुआवजा,138
शहरी,192
संकल्प,7
निकले,194
पूजन,75
स्पष्ट,68
इस्तेमाल,155
खाते,155
मोहल्ला,122
लिखा,96
मुहैया,138
गीत,157
कार्यरत,184
खनन,76
बहन,82
खाद,81
गंभीरता,155
मांगी,62
हमेशा,137
न्याय,146
मोड़,132
जूनियर,147
गौरव,75
माल,113
मिलेगी,90
गठित,25
किशोरी,26
गणेश,75
माना,81
सुरक्षित,196
तत्वावधान,155
ज्योति,68
शरीर,169
नीरज,75
शांत,10
किलोमीटर,100
मनीष,75
अपराधियों,26
पिटाई,37
धार्मिक,68
आदर्श,158
रास्ता,126
मुकाबले,138
बाबू,81
नवीन,186
उमेश,183
याद,162
अभिभावकों,6
बढ़ने,45
मजबूत,80
सिपाही,155
छानबीन,120
मजिस्ट्रेट,93
मीडिया,155
कश्मीर,169
सौंप,41
महेंद्र,84
निस्तारण,159
चारों,185
घटनाओं,145
आबादी,162
कक्ष,124
दोषी,51
कन्या,155
ब्यूरो,155
होनी,194
चक्कर,1
महोत्सव,87
अच्छी,72
गुहार,81
ग्रहण,7
प्रतिमा,13
ढंग,189
सोनी,194
पदों,8
भक्तों,7
जवानों,26
दौरा,81
लंबी,40
आये,78
उम्मीदवार,128
सोने,194
कमल,121
शक्ति,155
सुविधाएं,145
नृत्य,57
अहम,21
राजनीति,92
जायजा,81
नीति,104
गति,25
अनेक,155
मास्टर,93
सुमन,75
जंगल,75
शोर,26
पैदल,75
खाने,199
फाइनल,155
गीता,81
दूरी,80
सुनिश्चित,159
गरीबों,181
बीज,94
लंबे,40
कार्यशाला,184
लेना,194
हूं,67
उपभोक्ता,6
संस्कृति,155
मोटर,167
गृह,7
प्रवीण,104
भीतर,75
खूब,181
अनुमति,155
खुले,36
अखिलेश,155
दीप,75
आती,29
चौराहे,187
सब्जी,144
चालू,81
दूध,2
बादल,26
नियुक्त,4
वीरवार,152
नियंत्रण,159
कार्यकारिणी,184
अनुमंडल,77
सक्रिय,68
जवान,81
प्रवक्ता,185
ओमप्रकाश,185
आता,20
लिखित,155
काट,166
जर्जर,144
अध्यापकों,146
अफसर,82
नकदी,29
वार्षिक,92
संचालक,155
अजीत,157
आदमी,155
मिलता,37
विवाह,134
विश्वास,185
वृद्धि,105
नाले,81
विरोधी,161
डाल,113
यज्ञ,174
निकासी,163
निकला,81
इन्हें,56
कार्यक्रमों,184
चालान,155
सुविधाओं,145
सभागार,155
बच्ची,72
किस,156
शेष,68
शपथ,82
राजा,198
बीस,155
आक्रोश,161
इकाई,28
गैर,75
लाइसेंस,177
डाक्टर,93
पुरुष,117
दरबार,101
धनराशि,155
दोबारा,155
न्यायिक,146
खिलाड़ी,165
इनकी,29
पाठ,155
तैनाती,120
बताई,28
गन्ना,81
बालक,26
तकनीकी,155
उपस्थिति,154
वही,67
लक्ष्मी,75
जुर्माना,120
उपयोग,173
संगठनों,7
कमिश्नर,93
वित्तीय,155
जुट,141
निकलने,85
जैसी,49
धरने,78
उम्र,169
साथी,155
प्रतिभा,13
जगहों,8
समूह,155
आवश्यकता,7
रक्षा,196
बतौर,75
वित्त,57
भरने,78
श्रद्धालु,185
डालने,155
प्रदूषण,196
पौधे,0
दौर,75
सर्वे,167
कंप्यूटर,93
टूट,141
घटनास्थल,131
चाहते,109
बकाया,47
हवा,20
महत्व,75
अभिषेक,155
भजन,82
सुधीर,75
गुप्त,4
आजाद,162
प्रेरित,104
लुधियाना,71
दिखा,96
अनशन,121
बाधित,155
पकड़ा,46
बजाय,64
लगता,46
सामुदायिक,92
छोड़कर,171
सीधे,155
अलीगढ़,81
जाच,81
हमले,78
रफ्तार,120
आना,20
तेल,175
विधि,13
स्वच्छ,33
बदल,82
दुकानें,180
पशुओं,26
पहुंचाने,19
पेट्रोल,147
उठाने,43
इसको,55
वंचित,155
अंत,33
अधिनियम,7
बुरी,81
एकड़,132
भेजी,31
आशीष,68
पूर्वी,24
प्रधानाध्यापक,146
खाना,81
पाकर,27
गौरतलब,75
चुनावी,91
विकेट,167
आश्रम,68
उत्साह,185
बेहद,32
कहां,67
रोशन,7
पंप,195
क्षतिग्रस्त,185
मूल्य,3
संस्कार,33
महज,82
चिकित्सालय,74
मृत,57
ट्रेनों,93
रोज,144
छोटी,194
साथियों,151
लंबित,40
बेचने,60
वक्ताओं,6
बढ़ती,45
आपदा,46
कारोबार,120
हिमाचल,155
बाकी,1
प्रारंभ,185
हिसाब,39
नजदीक,155
कराकर,27
प्रार्थना,185
कुलपति,7
पुतला,75
दिक्कत,39
मुलाकात,129
धूप,75
इंचार्ज,93
भेजने,31
सोसायटी,33
लड़कियों,119
मतगणना,46
देता,81
जिम्मेदार,128
इतनी,29
मेहता,81
नियम,159
सार्वजनिक,92
सर्जन,75
जायेगी,155
कांड,52
कोषाध्यक्ष,69
स्कूली,155
पुष्टि,196
पड़ेगा,35
अखिल,175
अच्छा,72
अनाज,144
धर्मशाला,155
बीमा,120
कानूनी,2
मात्रा,108
वीरेंद्र,84
समस्याएं,145
विहार,81
आवागमन,155
खतरा,46
प्रतिनिधियों,13
रखते,78
मांगा,62
भरे,78
लें,99
विद्या,106
फुटपाथ,81
मजदूरी,80
श्रेणी,68
कौन,186
यमुना,91
खोलने,36
सुंदर,3
चीनी,186
मारकर,155
भ्रमण,68
आत्महत्या,185
पोल,36
नागरिक,92
अंचल,75
जिनमें,156
चयनित,25
लेंगे,140
ससुराल,81
सामूहिक,92
रक्तदान,0
जुटे,141
निकालने,163
पदक,89
मिलती,85
महंगाई,189
चिंता,155
क्षमता,7
निर्मल,159
समर्थकों,7
गोदाम,26
आक्रोशित,161
मुंह,75
भाव,116
फायदा,155
कौशल,75
पत्रकारों,26
अमर,82
मुद्दे,138
अंकित,33
पीड़िता,61
अच्छे,72
प्रदर्शनी,68
बृहस्पतिवार,152
टूर्नामेंट,138
फसलों,8
काली,1
निगरानी,163
न्यायाधीश,146
स्वरूप,155
कार्यवाही,184
याचिका,146
भरोसा,36
भेंट,167
भेजे,31
समुदाय,129
अनुसूचित,155
घंटों,40
पहुंचाया,19
हाथों,26
गुणवत्ता,185
बांध,50
करायी,37
कस्बा,81
एडवोकेट,93
ढाई,28
नाटक,81
धीरे,75
दुरुस्त,191
रुपया,42
फूल,175
हमारी,137
मानदेय,155
सकेंगे,140
गुरुद्वारा,185
उनमें,55
सागर,81
ममता,20
बदलाव,116
गिरने,75
व्यवसायी,0
मेहनत,32
सेवक,190
बुलाया,37
संध्या,155
कूड़ा,107
अभ्यर्थियों,155
परीक्षण,73
काटने,155
इंतजाम,120
हरी,193
फैसले,155
मना,20
हथियार,26
दफ्तर,131
पर्यटन,131
धूमधाम,155
पर्याप्त,155
घेराव,81
पुरस्कृत,142
सौंपी,41
स्वर्ण,155
मेरे,137
स्व,116
ऑटो,55
टाटा,166
फीस,81
शाह,188
सदन,95
प्राथमिकता,155
पूनम,75
भव्य,118
मोहल्ले,122
कैलाश,81
कलाकारों,26
सत्ता,5
आरती,29
संगीत,7
पश्चिम,131
टीमों,167
प्रभाव,185
अस्पतालों,155
संसाधन,33
त्यागी,155
भारद्वाज,198
लड़ाई,28
बेटा,81
विशेषज्ञ,68
तत्कालीन,155
नामक,129
लापता,81
बोल,36
निकली,194
दीवार,180
खाता,81
शुरु,23
पत्थर,75
राजमार्ग,155
शिक्षण,63
राजधानी,198
उपरांत,25
राज्यों,65
देखरेख,85
जोड़ने,171
डाक्टरों,93
रेखा,85
साहब,81
अवकाश,101
रुप,42
बच्चा,72
सड़क,26
भरी,29
व्याप्त,155
आपसी,29
अगुवाई,23
चावल,81
भले,78
संपत्ति,155
औद्योगिक,123
बढ़ी,45
पश्चिमी,131
दर्द,155
रोजाना,26
रखकर,95
जिन्हें,56
आभार,101
वरीय,118
सारी,101
बताए,11
चलता,46
इनका,46
कायम,129
एकता,46
सुनाई,186
दलों,8
हादसा,120
पूछा,15
हवाले,113
डॉक्टरों,93
राख,81
मुस्लिम,129
नाराजगी,120
मंत्रालय,53
सलाह,188
अनुदान,155
निधन,155
रणनीति,155
सूरज,75
गोष्ठी,68
मुझे,137
नये,78
छूट,141
श्रद्धांजलि,185
बहाल,113
जुटी,141
बीमार,120
स्वीकृति,155
कंपनियों,155
मंदिरों,155
लीटर,100
तीसरा,193
कपड़े,155
भागने,199
भक्ति,155
प्रेस,104
इतिहास,155
दिलाया,37
समझ,89
गड़बड़ी,29
विकसित,155
हित,25
पड़ताल,113
अमन,82
बढ़ावा,45
शोक,1
सहमति,155
फीसदी,181
बिहारी,81
मुहल्ला,122
सूबे,81
सकें,99
समान,125
शोभायात्रा,108
वातावरण,155
जाएंगी,22
दुनिया,155
अपराधी,92
प्रेमी,104
लाठी,81
जानी,81
कीर्तन,155
अंग्रेजी,65
खरीदने,180
परिवर्तन,155
तोड़कर,171
स्वीकृत,155
उत्पन्न,155
भावना,185
उतर,76
माने,199
राज्यपाल,65
अभिभावक,155
आरंभ,75
नागरिकों,26
घुस,102
नाला,81
अधिकतर,155
बदले,78
चोट,167
बदलने,78
छुट्टी,155
बैठा,17
कार्यपालक,184
अक्सर,7
विगत,168
हों,8
खून,2
आचार्य,146
पीड़ितों,61
सत्यापन,155
समन्वयक,7
व्यवहार,33
लिखे,85
सुनने,186
जाया,47
मूल,3
अवधेश,158
मुहिम,129
बीएसए,94
मूल्यांकन,3
हड़कंप,195
गुजर,58
दायर,81
पढ़ने,45
निलंबित,40
हत्याकांड,51
बीमारियों,120
पोलियो,194
न्यूनतम,3
क्रय,7
वर्षा,155
बुजुर्ग,185
पैर,75
कराना,81
तैयारियां,120
भूषण,75
नीतियों,155
करवाए,11
बंसल,75
सचिन,186
अथवा,46
आवासीय,136
मांगे,62
मानें,155
करोड़ों,114
सफर,44
भाषा,155
प्रस्तुति,155
रहना,46
आयु,75
गतिविधियों,154
दीक्षित,196
चौराहा,187
दर्जा,144
ऑनलाइन,177
जलकर,121
दीपावली,87
हस्ताक्षर,68
नाराज,198
खोल,36
तलाशी,81
फांसी,50
दाम,129
समाचार,185
दिखाया,96
बनकर,21
अंतरराष्ट्रीय,65
शिरकत,75
निशान,155
तनाव,116
बाग,81
सुनकर,186
विवाहिता,134
सदस्यता,155
मैनपुरी,176
तैयारियों,120
फैल,175
आवंटन,7
चंदन,50
डीजल,94
नशा,20
कविता,155
दरअसल,82
देरी,155
ऊर्जा,0
कोतवाल,155
बसें,99
मान्यता,3
जोरदार,26
देहात,81
सालों,151
अदा,20
प्रावधान,155
महाप्रबंधक,153
संस्थाओं,33
कपूर,75
प्रगति,75
पंजीकरण,155
छापामारी,120
सोच,60
मालूम,129
सीटों,167
पदार्थ,33
दलित,25
गले,192
पचास,136
रोका,194
उत्सव,131
विश्वकर्मा,198
बाजारों,120
बैठ,17
बदायूं,81
बाहरी,155
प्रस्तावित,155
डेंगू,2
परीक्षार्थी,66
कारणों,155
स्वीकार,155
ललित,25
केन्द्रों,127
कागजात,26
मूर्ति,12
राष्ट्रपति,65
मनमानी,81
सेवानिवृत्त,155
दहशत,95
समाजसेवी,190
कार्यकारी,184
महसूस,80
चलाई,28
चाय,155
थानों,26
खरीदारी,180
अर्पित,196
सारे,137
उम्मीदवारों,128
मस्जिद,129
महानगर,155
सेवाएं,145
बगैर,75
खेलों,26
शिकायतों,39
विदेशी,158
मानसिक,92
अनुपस्थित,154
पड़ने,111
चुना,91
करार,101
लिहाजा,120
आखिर,155
घरेलू,175
मुजफ्फरपुर,176
हिदायत,39
डाक,1
धाम,155
एकत्र,75
पीटा,81
पारा,81
सेहत,109
शिकायतें,39
ट्रैक,167
आसमान,125
योजनाएं,145
सिलसिला,37
देती,75
राहगीरों,26
वकील,175
पुराना,81
कार्यकाल,184
लक्ष्मण,75
पेपर,167
गिरी,81
मनाने,199
बचने,78
निवास,136
सहारा,137
आवंटित,52
मांगने,62
शरण,82
आयी,29
एकत्रित,196
पड़ोसी,136
श्रम,68
सेमिनार,155
बंगाल,81
प्रणाली,185
व्यक्तियों,57
गलियों,143
विमर्श,68
सूर्य,3
मचा,20
आग्रह,7
मनोहर,193
अधिकतम,155
पंजाबी,81
काला,81
सौरभ,75
बंदी,14
उल्लेखनीय,68
चुनौती,155
प्रांगण,155
हार,81
पाते,110
इंकार,1
दिल,175
जिंदगी,155
प्रसार,185
परमजीत,157
किरण,30
परिचय,155
खोला,36
पानीपत,81
जवाहर,81
श्रमिकों,155
अवतार,155
वृद्ध,105
पंजीकृत,155
त्योहार,87
आधारित,155
वैज्ञानिक,174
अनदेखी,85
तले,192
स्वतंत्रता,33
सारा,81
गाड़ियों,107
कहने,78
थोड़ी,171
ठोस,155
चलेगा,35
ग्राहकों,26
शिशु,183
मुफ्त,155
पकड़ने,132
नाबालिग,134
मृतका,57
परीक्षार्थियों,66
बीती,155
फेंक,16
अंतर,33
पाली,81
मृत्यु,57
द्वार,180
विकलांग,3
साजिश,39
स्मृति,57
कलश,21
भीषण,75
सर्विस,93
काउंटर,93
अवधि,155
मंजू,155
तीस,38
समस्त,5
टीमें,167
बालू,81
स्नान,81
राष्ट्र,65
कुरुक्षेत्र,68
डाली,81
बचा,155
संगत,7
भक्त,7
प्रकट,75
बारह,38
आंखों,26
चेहरे,155
स्थायी,33
शिनाख्त,155
तारीख,155
बनवाने,199
भोला,36
सुझाव,155
चलाए,11
बर्बाद,162
सचिवालय,7
संज्ञान,174
बहिष्कार,155
मारी,120
प्रेरणा,104
बांका,81
शारीरिक,92
व्यापक,0
पड़ती,149
हमारा,137
कामना,3
उत्पीड़न,61
समाजवादी,83
सहकारी,26
मुक्ति,4
प्रतिभागियों,13
कैद,155
समझा,46
विदेश,158
नकल,121
सायं,81
जिनके,156
हमीरपुर,176
तत्वों,155
अनियमितता,155
पंच,60
सख्ती,5
बुरा,81
चांदी,50
चन्द्र,84
स्टोर,194
वीर,169
बीत,157
हवन,95
निधि,13
नगरपालिका,81
मौलाना,129
लघु,75
नायक,6
छेड़छाड़,171
हादसों,120
पंचायती,182
देखी,85
गार्ड,93
सराहना,81
शुरूआत,23
गश्त,5
अनिवार्य,155
संग,7
रिक्त,4
वेलफेयर,93
चुनावों,91
पटरी,29
खुला,36
कैमरे,49
मौजूदा,155
पारित,155
मंगल,75
विजयी,161
मौजूदगी,128
समझौता,138
रखना,20
पार्षदों,155
नरेन्द्र,84
बैठने,17
शानदार,120
सुरजीत,75
बर्दाश्त,155
होंगी,140
रोशनी,7
इतने,78
आसानी,125
देवघर,158
लगते,78
चेन,186
संसदीय,7
अभियुक्त,4
सरदार,101
दान,125
डालकर,155
कार्यालयों,26
सैनिक,190
खुली,36
जबरन,121
नोट,167
रिक्शा,1
शोभा,81
दक्षिण,131
तलब,44
पट्टी,166
ग्रेटर,93
स्थलों,131
गाय,81
आपस,76
चाहती,109
सीडीओ,135
कमजोर,80
भाषण,155
बराबर,81
परेशानियों,120
निरस्त,155
मायके,81
हिंदू,103
रखें,99
तस्करी,155
पलट,44
अनियंत्रित,159
टेंपो,194
पहुंचते,19
ऐतिहासिक,92
वंदना,155
पेट,167
विशिष्ट,68
रेट,167
बागपत,26
मेरी,137
दरवाजे,26
खारिज,39
छोटा,155
हैंडपंप,155
बुखार,81
ढेर,75
उसको,55
नाली,81
राह,188
कवायद,155
रहें,99
छावनी,81
नष्ट,68
कप्तान,5
पौधरोपण,0
मशक्कत,109
पश्चात,185
आजादी,162
शिक्षिका,63
शशि,25
आस्था,33
मनाई,28
गाजीपुर,176
कचहरी,149
बनाना,81
बढ़ता,45
घटनाएं,145
हटा,20
ज्यादातर,120
पत्रों,33
खेला,81
दिखाकर,96
आधुनिक,92
उदय,95
प्रभात,185
प्रतिनिधिमंडल,13
उल्लंघन,153
यहीं,67
उठाए,43
प्रकाशित,185
हिंदी,103
मुकाबला,138
एकजुट,155
गईं,75
अमल,121
सहारे,137
उठे,78
सेंट्रल,93
खेलकूद,36
आधे,78
मोहित,155
शहरों,8
हुये,88
कबड्डी,52
संस्थानों,33
बोले,36
अगली,155
अधिग्रहण,7
सास,136
छापा,81
कैंसर,167
मुहल्ले,122
गिरा,81
दिखे,85
लेखपाल,155
खतरे,78
सलाहकार,26
आलू,75
लकड़ी,29
कोयला,26
सड़कें,99
छात्रवृत्ति,155
पोस्टर,93
प्रजापति,185
कुशीनगर,176
अनुरूप,7
भाइयों,119
काटकर,155
संहिता,155
छीन,186
भूख,2
हटाया,47
क्षति,7
पीछा,81
सेल्सियस,194
सूचित,145
उपकरण,155
चित्र,178
रंजिश,39
स्वस्थ,33
अतिथियों,155
सांस,50
नींद,155
सभासद,155
उपजिलाधिकारी,148
अल्पसंख्यक,155
गाली,81
लूटपाट,141
सत्संग,7
बंधक,153
क्विंटल,93
तकरीबन,181
रूपये,42
चाहे,109
हिस्से,126
ठेका,26
प्रांतीय,155
निकालकर,163
निश्चित,159
बदला,116
बचाओ,155
दौरे,98
शांतिपूर्ण,24
बिलासपुर,176
प्रकोष्ठ,68
शोषण,196
नमाज,144
गर्म,179
बुलंदशहर,32
साइंस,155
दबोच,60
मानक,155
जीता,157
गौर,75
नायब,81
नकद,21
कवि,25
महीनों,186
मित्र,178
बढ़ते,45
सर्व,158
महादेव,75
बढ़ोतरी,45
सर्दी,155
वासियों,136
उपलक्ष्य,68
चलें,99
दूबे,81
विवश,168
पंद्रह,38
प्रसिद्ध,150
दशा,20
मासूम,129
मार्गो,194
दाखिला,37
संरक्षक,196
डेरा,81
सेवन,75
सर्वाधिक,155
फाटक,81
मारा,81
नारे,37
गोल,36
नवरात्र,108
पात्र,108
रोगियों,155
करंट,167
उठाई,43
चुने,91
दर्शकों,7
अभय,95
किराया,37
विस्तृत,155
गावों,54
शैक्षणिक,63
नलकूप,195
संस्कृत,33
झुलस,102
तकनीक,155
जेवर,75
मांगें,62
समर्थक,7
पूछे,15
अनुरोध,7
सुख,2
प्रशांत,10
दरभंगा,81
रहकर,95
उठाकर,43
पहलवान,26
सवा,20
निशाना,155
अवस्था,33
समर्पित,196
देगी,48
विदाई,37
वार्डो,194
जनप्रतिनिधियों,13
सर्वसम्मति,155
अति,25
निकाय,163
चलाकर,27
लाकर,37
बारी,101
गणित,25
नतीजा,120
नालियों,151
विषयों,7
व्यस्त,33
आकाश,155
जिन्होंने,56
बनाये,64
महात्मा,155
संदर्भ,7
प्रतियोगिताओं,13
दोस्त,155
दशक,44
गर्भवती,155
चाकू,81
मालिकों,26
स्थगित,154
लाश,183
हाजी,81
इटावा,116
बढ़ाया,45
टोल,36
घुसकर,102
खुल,36
पत्रकार,185
प्लान,37
तालाबों,26
जेब,155
फूंका,16
अवश्य,118
आचार,101
संचालकों,155
परिस्थितियों,154
दबिश,183
कितने,156
टूटी,141
संगीता,155
बैठकर,17
कुंवर,75
जहर,76
पुलिसकर्मियों,26
पुलिया,37
विष्णु,68
बीएलओ,94
टीकाकरण,155
कार्यों,184
वेबसाइट,155
फंसे,50
चलती,29
गन्ने,81
वापसी,155
मैन,194
झंडी,52
फिरोजपुर,176
सिख,2
प्रसव,75
गंदा,81
खाद्यान्न,0
उत्पाद,0
सराहनीय,155
जल्दी,175
दिखाने,96
सूरत,2
गुजरने,58
आएगी,29
जगत,59
यानी,81
हराया,47
मुद्दों,138
संवेदनशील,7
बगल,89
भेजकर,31
रिश्तेदार,126
फीट,167
वैन,194
शिलान्यास,155
दायित्व,57
कैंट,167
जुड़ी,132
पर्चा,155
तस्वीर,155
जाट,166
परिचालन,155
फीडर,93
कराते,110
हेक्टेयर,93
अनुज,144
जताते,110
गला,20
खातून,81
लुटेरों,155
डाले,81
कामकाज,120
सुनी,186
मानना,155
अभ्यर्थी,155
किल्लत,39
मिलाकर,37
आबकारी,26
दंडाधिकारी,148
शोध,7
मारे,137
खुलने,36
देगा,35
मुकदमे,138
ससुर,75
सील,175
घंटा,40
निंदा,155
लगेगा,35
मिलन,155
ध्वस्त,155
उच्चाधिकारियों,148
पथराव,116
तीसरी,193
रेवाड़ी,107
आतंकी,83
निदान,163
सत्य,118
आत्मा,179
लेन,194
विरूद्ध,161
मनोरंजन,7
हकीकत,109
प्रखंडों,52
महासंघ,7
आपराधिक,92
कलाकार,1
लड़के,78
वेद,155
ओझा,20
आला,20
घोटाले,145
निपटने,155
खेलने,36
भागवत,155
सीता,81
साधन,3
पिछड़ा,79
विमल,155
कैबिनेट,93
बवाल,113
नितिन,155
साहित्य,3
मामूली,155
अकादमी,155
चाहता,109
बेच,60
लाई,37
पसंद,50
रजिस्ट्रेशन,93
स्नातक,155
बसंत,75
राज्यमंत्री,53
हवाई,28
जाये,64
गठबंधन,153
गणमान्य,3
विधायकों,13
जानने,199
कहकर,121
रामचंद्र,198
चौथे,187
इंटरनेशनल,93
हर्ष,124
सदस्यीय,124
चार्ज,93
शाही,188
भागीदारी,180
जानलेवा,120
कराएं,11
माफिया,120
आगमन,89
आएंगे,140
मंजूर,2
मंचन,7
पुस्तक,142
पूर्ति,12
श्रद्धा,185
कंबल,75
लिपिक,195
छोड़ने,171
विक्रेता,6
लंगर,81
ताले,81
उतार,101
देखे,85
मिठाई,37
कटान,81
गोस्वामी,198
जलापूर्ति,12
लगाना,81
कारोबारी,120
दिनभर,186
दसवीं,155
जैसा,49
महासभा,155
जलभराव,116
दिलाई,37
ग्यारह,38
तिलक,75
खासकर,155
परंपरा,33
मेरा,137
माल्यार्पण,155
मानते,110
बीबी,94
उपमंडल,77
खुर्द,191
चाचा,185
तब्दील,175
आधी,29
मासिक,92
इंस्टीट्यूट,147
जीटी,135
ऊधमपुर,176
स्पष्टीकरण,155
कोहराम,155
फटकार,101
लोगो,34
प्यार,137
कामयाब,120
कमला,20
पुलिसकर्मी,155
बाला,81
देशों,158
रजिस्टर,93
कूड़े,107
तोड़फोड़,171
दक्षिणी,131
आसान,125
दमकल,82
भूकंप,155
बुलाकर,37
व्यवसाय,0
बाधा,3
आपत्ति,155
होश,170
ग्राहक,155
विधिक,13
जागरुकता,92
अनुराग,155
काटा,81
मजबूती,80
बताने,199
प्रदर्शनकारियों,26
दुख,2
हरकत,21
पहाड़ी,107
प्रतिबंध,153
लिखकर,85
संविदा,155
गुलाब,129
बेटियों,72
प्रमाणपत्र,185
गुजरात,58
दोषियों,51
सटे,167
अधीन,149
वाद,155
वकीलों,175
तोड़ने,171
जेवरात,155
संसद,7
आशीर्वाद,185
पौधों,0
कोहरे,193
जलस्तर,131
शुद्ध,150
चैंपियनशिप,13
रक्त,155
बचे,78
भीम,102
सरिता,81
वादा,81
चलना,46
निभाई,96
प्रतीक,155
धोखाधड़ी,120
ठगी,29
उत्तम,131
बजाए,11
उजागर,101
सवारी,101
पाठशाला,146
लौटने,9
सुबोध,75
उत्तरी,131
सेवाओं,145
दूषित,196
काले,81
अविलंब,40
हमने,78
ऊना,20
बेरोजगार,120
आदिवासी,136
कर्ज,144
बेहोश,170
लाभार्थियों,155
विकल्प,155
बीए,94
जोड़ा,132
वार,101
रसोई,28
बातों,26
गुस्सा,191
बनता,46
लड़ने,132
शहीदों,155
समस्तीपुर,176
संशोधन,7
जरिये,70
गीतों,157
अंधेरे,50
करेंगी,140
पक्का,1
योग्य,3
समुचित,155
चौकीदार,180
पंडाल,81
सराय,47
पुष्पा,185
टैंकर,167
शारदा,81
इन्कार,1
विपरीत,155
धीरज,75
सैनिकों,190
निर्वाचित,159
विलंब,40
कमर,59
ज्ञात,174
सूत्री,130
पेड़ों,107
गिरकर,75
एजेंसियों,155
मकसद,95
नकली,29
दावे,81
तर्ज,144
रोटी,194
प्राकृतिक,155
निष्पादन,155
चिन्हित,178
करोड़,133
अनुसंधान,155
टंकी,155
वासी,136
खोले,36
खुश,164
घनश्याम,198
जिनका,156
सहनी,149
शौच,60
कहानी,81
अड्डा,52
धरती,29
हाजिर,39
लगती,29
उपेक्षा,66
कूद,155
मलेरिया,37
आपको,55
बुझाने,37
पवित्र,178
कचरा,46
सेविका,190
जनहित,25
कुर्सी,155
बनेगा,35
आकर्षक,196
सकारात्मक,185
आकर्षण,196
नालों,151
घूम,102
नारी,81
निष्पक्ष,159
श्रीमती,104
लटका,46
जिनकी,156
बोतल,26
नोडल,75
शिक्षित,63
पोषण,196
धाराओं,145
प्रवचन,75
बुलंद,14
प्रधानों,155
मेजर,75
सीडीपीओ,135
अनुमान,155
रंगारंग,97
रुक,86
प्रकोप,185
निषाद,155
कितना,156
छाया,47
दरोगा,81
कुश्ती,155
प्रभावी,185
लोकतंत्र,130
समितियों,7
अव्वल,75
गंदे,50
विश्वनाथ,198
बांटे,167
नगदी,29
गुरूवार,152
प्रीति,104
बोझ,155
मुख्यातिथि,155
उपाय,155
पराजित,155
भरपूर,80
भार,101
टूटने,141
पूर्वक,24
प्रशिक्षक,63
सर्किट,167
बल्लेबाजी,165
निर्मित,159
धर्मपाल,198
प्रोग्राम,93
बरकरार,101
भेदभाव,185
जनसंपर्क,7
हाथी,81
भरकर,95
काटे,81
कपड़ा,46
अन्यथा,155
पान,81
त्वरित,155
भवनों,8
रुचि,155
इत्यादि,155
फुटबाल,155
व्यय,168
बनाते,110
प्वाइंट,93
झगड़ा,46
पदोन्नति,155
डकैती,36
लगाये,64
समझाने,199
पहिया,37
फेडरेशन,93
हमलावरों,26
लालू,81
सोना,194
लौटा,9
पीढ़ी,155
रेस,167
पूछने,15
बीघा,166
पुख्ता,155
दवाओं,26
आंधी,50
अपेक्षा,66
सुधारने,155
अध्ययन,155
अन्तर्गत,33
जंग,189
सिरे,81
धक्का,1
पड़ोस,136
चिकित्साधिकारी,74
व्रत,75
चतुर्थ,75
लड़कों,8
कच्ची,72
निदेशालय,159
उपलब्धि,7
संविधान,155
गढ़वा,81
इंद्रजीत,84
केन्द्रीय,127
झंडा,52
लहर,21
मंशा,75
प्राप्ति,155
क्षेत्राधिकारी,68
पुजारी,155
उद्यान,155
स्टेशनों,93
तंग,189
चढ़कर,45
आरक्षित,196
खिताब,39
अधिकारों,148
नगरी,192
किलोग्राम,100
धूल,75
छोड़ा,171
अक्षय,7
पीठ,155
जलाकर,27
रंगदारी,155
संस्थापक,33
बहाने,199
स्थानांतरण,33
दबोचा,60
कतार,101
देशी,158
चोटें,167
किंतु,25
वर्षों,124
गलती,29
दिक्कतों,39
डोर,26
सीधा,155
दुमका,81
इन्होंने,56
तारों,26
घाटों,166
परीक्षाओं,66
कर्नल,167
बढ़कर,45
हॉल,175
कहासुनी,186
निर्माणाधीन,159
उग्र,75
ठेके,75
कड़े,192
मौन,186
विधवा,134
जनप्रतिनिधि,13
तबादला,26
दंपती,75
पैमाने,155
रजनीश,183
बुलाई,37
बिगड़,79
आदेशों,158
भंडारी,52
आमंत्रित,178
सुचारू,185
निवासियों,136
मैंने,137
पाक,1
अलाव,116
आरएस,82
मानी,81
गायक,6
उपकेंद्र,127
कारतूस,26
सीटें,167
दबंगों,26
बढ़ाकर,45
कराये,64
आवाजाही,188
हल्की,1
गणतंत्र,130
सुन,186
हृदय,75
आभूषण,196
निरंजन,159
लौटे,9
शेर,75
किराए,37
मंजिल,177
पिछली,155
वसूल,2
इस्लाम,129
संदेह,7
पाती,0
सेवकों,190
कमरों,8
निर्देशों,159
दहन,44
हीरा,81
पकड़कर,59
निशा,183
पर्स,167
ट्रकों,167
उन्हीं,56
तस्करों,7
खोज,36
दाल,113
अनुभव,7
महान,125
मुआयना,138
टकरा,20
चांद,50
संबोधन,7
एड्स,167
गाड़ियां,143
कटाई,28
उतरने,78
आफिस,155
निर्देशित,159
बीईओ,94
मेल,175
पारिवारिक,134
जला,20
कमान,125
गोद,36
महायज्ञ,155
निरंतर,159
परन्तु,25
मतों,30
ताकत,109
अमेरिका,81
गहरा,155
पार्टियों,155
आरोपों,51
भूल,2
चिह्नित,178
शैक्षिक,63
नेत्र,6
स्मारक,33
गरीबी,181
कागज,26
विसर्जन,68
माला,81
इजाफा,155
मकानों,26
भगवती,29
संपूर्ण,24
चुरा,81
निर्धारण,159
इच्छा,72
मजबूरी,80
लाए,11
प्रारंभिक,185
बदहाल,113
ऋषि,75
चूंकि,155
प्रीतम,104
ठेकेदारों,180
अमृत,57
उतरे,78
इंसान,120
खुदाई,37
तमंचा,182
आएगा,46
सकेगी,48
जिम्मा,128
पर्यवेक्षक,68
कितनी,156
बृजेश,75
काशी,81
नम्बर,115
हलका,20
निकाले,163
चौराहों,187
पढ़ें,45
टूटा,141
घेर,75
विशेषज्ञों,158
एलान,125
हितों,119
जिम्मेवारी,128
दुर्घटनाओं,145
हस्तक्षेप,68
उठाना,43
अस्तित्व,57
दृष्टि,68
गुलाम,129
भंडारे,52
उड़ा,155
विपक्ष,124
मचाया,47
बेहाल,113
रसीद,169
सिपाहियों,151
हवाला,113
निशुल्क,155
गौड़,75
मुआवजे,138
कैदियों,155
डीडीसी,135
डाकघर,81
बाध्य,3
कांस्टेबल,93
भंग,155
फौजी,193
मुलायम,129
बाजी,165
अभ्यास,155
पुष्प,75
बहाली,113
भांति,10
सोलर,75
बहस,121
कथित,25
जीतने,157
रजनी,29
अपराह्न,155
मैट्रिक,147
मधु,75
रमजान,125
फैली,112
पुरुषों,117
उदासीनता,155
पर्ची,155
बहनों,119
संचार,155
धारण,3
व्यवसायियों,0
इन्हीं,56
पकड़ी,29
चिन्ह,56
संगोष्ठी,155
निराकरण,155
जुटा,155
पर्यटकों,131
खराबी,81
घटिया,71
दोनो,36
संभाल,41
इंटरनेट,93
मछली,29
आयकर,121
प्रयासों,155
निर्देशन,159
रोगी,173
उठाते,110
आपके,55
भैंस,50
अगवा,46
आखिरी,155
हमलावर,83
चापाकल,81
उठानी,43
पोशाक,155
पहाड़,107
परीक्षाएं,66
शिकायतकर्ता,39
बर्तन,155
धर्मेन्द्र,84
संसाधनों,33
तुलना,36
इमारत,26
सीमित,155
राखी,81
बढ़े,45
उत्थान,33
यूं,67
सेठ,75
मानसून,138
प्रवीन,104
सफेद,155
बनती,29
दवाएं,11
एयरपोर्ट,93
दिवाकर,198
जोड़,132
भोग,173
निर्गत,159
उमड़,132
तीर्थ,75
जीव,157
प्रताड़ित,61
दायरे,81
प्रोत्साहन,185
साक्षात्कार,68
सावन,81
कहर,121
शर्त,5
फरमान,125
कड़ा,155
छिड़काव,195
मचाने,199
ब्याज,0
क्रांति,155
जलाने,199
नवजात,0
निर्णायक,159
लोहे,36
अंदाजा,120
कल्पना,33
बचत,21
गिरावट,37
आतंक,83
बढ़ाई,45
पूर्णिमा,87
प्रोत्साहित,185
जिक्र,155
नक्सली,155
मुसीबत,129
प्रभार,185
कारोबारियों,26
रोगों,34
निर्मला,159
सुना,186
माले,81
विधिवत,13
साधना,3
पीडब्ल्यूडी,135
जिंदा,155
तिराहे,37
सापेक्ष,68
हिन्दी,103
कहती,149
जनजाति,0
कारावास,185
तफरी,29
फैला,112
संकेत,7
बड़ी,139
सघन,121
युवतियों,190
फूलों,26
विवरण,168
हथियारों,26
हिस्सों,126
सम्भल,7
नजारा,81
जनसंख्या,155
अभियुक्तों,4
घटे,192
नक्सलियों,83
बुजुर्गो,185
वृद्धा,105
मिलेंगे,90
प्रिया,68
प्रमंडल,77
उत्तीर्ण,68
बैठी,17
कमाई,28
युद्ध,150
अधूरा,2
वृक्ष,68
केशव,75
इमाम,129
टूटे,141
हलके,78
डंडे,52
कक्षाओं,124
जोकि,194
खामियाजा,120
लावारिस,37
बिल्कुल,155
परेड,75
फैलने,112
नर्सरी,155
जुड़ा,132
नियमानुसार,159
जनसभा,172
शाहिद,162
लूटने,141
सबको,55
कैदी,155
उत्क्रमित,196
निवारण,155
घाटी,166
देखभाल,155
उतरी,29
नदियों,119
छात्रावास,108
निर्भर,159
कीमती,30
चलेगी,48
संभावित,155
मेहमान,120
ट्यूबवेल,93
कोठी,75
उदाहरण,155
सोलन,75
ईमानदारी,120
चलकर,44
झेल,175
गुस्साए,191
अकेले,175
महकमे,192
बीआरसी,94
फैलाने,112
दाखिले,37
प्रकृति,57
कांफ्रेंस,93
प्राचार्या,146
खाक,1
गायन,81
युग,155
किराये,37
बाप,195
प्लास्टिक,194
परिषदीय,7
हरा,193
एजेंट,167
जिसको,156
खतरनाक,120
धीमी,179
कोचिंग,93
रखरखाव,46
वारदातों,120
जश्न,186
अनुपालन,0
समझौते,138
विदित,155
जीतकर,157
आठवीं,155
गोलियां,143
भड़क,121
सन्नाटा,81
कर्म,179
दलाल,113
प्रशंसा,185
डेयरी,194
शिकंजा,39
कुंदन,75
बताकर,27
ट्रेनें,167
दिसम्बर,115
बोली,36
मिलीभगत,39
भ्रूण,155
बारात,81
तुलसी,75
सुनाया,186
सच्चाई,72
अखंड,52
उपेंद्र,84
रखेंगे,140
व्यक्तिगत,57
उर्मिला,37
परिक्रमा,68
अनुशासन,155
कार्यप्रणाली,184
चेतना,3
कपड़ों,8
आगाज,144
अधिसूचना,145
गोला,36
बहू,75
भगा,20
झील,102
ठोकर,27
कर्तव्य,68
चौपाल,187
खाई,37
अश्विनी,75
वजन,59
कुएं,88
सवालों,151
रजा,20
धूम,102
परमात्मा,155
भरोसे,36
नाकाम,120
प्रतिबंधित,153
रवैया,71
गहरी,29
तारा,81
देखना,85
पाएगा,18
करवाकर,27
धनंजय,75
रवैये,71
अर्जी,144
टैक्सी,194
सम्पन्न,7
धारकों,6
टोली,36
बेहतरीन,32
कोट,167
जाल,113
मूलभूत,3
बिक,81
पायी,37
रोकथाम,155
लिखी,85
गूंज,81
शकील,175
डूब,81
जीते,157
रचना,46
वसूला,2
कालोनियों,151
कंचन,75
वैश्य,3
सिद्ध,150
गिरि,81
परिचालक,177
तंत्र,130
निपटारा,155
शातिर,155
विफल,168
बेंच,60
जरूरतमंद,2
कुलवंत,75
स्थानांतरित,155
चालीस,38
साक्ष्य,68
ऐलान,125
मोह,193
पाये,64
सेमीफाइनल,138
रोटरी,194
हिम्मत,39
लगायी,37
इकट्ठा,166
बेरोजगारों,26
हरियाली,81
बनना,46
सावित्री,155
पड़ते,111
चलाते,110
जन्मदिन,87
पुरुषोत्तम,117
रेत,81
हराकर,27
ख्याल,81
कालाबाजारी,120
महकमा,20
वर्दी,155
चहल,82
प्रतिवेदन,155
नौजवान,26
विद्युतीकरण,155
बांटा,81
जायेंगे,22
देसी,158
वैदिक,92
शवों,8
आयोजक,7
गवाह,188
नाजुक,120
शब्द,155
इस्तीफा,155
निशानदेही,120
पदार्थो,33
गुलशन,75
पुस्तकालय,142
दोस्तों,155
सतर्कता,155
खेलते,36
विक्रेताओं,6
हॉकी,155
कन्नौज,81
धांधली,50
समन्वय,7
खेले,36
अंधेरा,50
कीचड़,30
अंदाज,120
शिकायती,39
तमंचे,60
कार्यभार,184
दून,186
आखिरकार,155
जबरदस्त,5
वीरभद्र,84
सौंपने,41
प्रदेशाध्यक्ष,69
निकलना,163
कर्ण,75
कठिन,186
मवेशी,158
मेधावी,155
कृपा,185
रिकॉर्ड,93
दामों,26
जितनी,156
विश्राम,185
वर्करों,26
जंगली,75
दूसरों,155
सर्वेश,158
क्लीनिक,147
चरित्र,178
बीडीसी,135
सीमेंट,167
अबतक,82
मंत्रियों,53
एकमात्र,108
खरीदा,180
स्थाई,33
अश्लील,175
भुगतना,2
हाजिरी,39
खोजबीन,36
मरने,78
बुला,81
पांव,54
नवम्बर,115
मणि,75
करेगे,140
गुणगान,58
सीख,2
नगद,121
सूत्रीय,130
सक्षम,7
नसीब,181
पर्यटक,131
लगवाने,199
छेड़खानी,120
दिखाते,96
बहरहाल,113
संगम,7
शिक्षामित्रों,63
भंडारा,52
बेगम,32
प्रपत्र,33
रिश्वत,126
सब्जियों,143
पार्वती,185
करवाना,81
विभागाध्यक्ष,69
हाट,166
लैस,155
छात्रसंघ,6
सतर्क,1
शासनादेश,159
वरुण,75
व्यास,155
शीतल,75
सुध,75
खंभे,52
रौनक,75
वार्षिकोत्सव,87
चीख,186
भनक,44
उमस,121
युक्त,4
गुमराह,58
भजनों,8
माया,47
वाहिनी,81
सहकारिता,155
मिस्त्री,68
जीने,81
सूखे,2
मीट,167
समीर,169
धंधा,50
क्रियान्वयन,68
प्रसंग,155
बचाया,47
डयूटी,135
मनीषा,81
खिड़की,155
पलायन,81
अनिश्चितकालीन,159
निहाल,113
लंबा,40
तत्व,75
मंथन,75
वेतनमान,155
पुण्य,155
दिखाए,96
उत्कृष्ट,68
निर्वाची,159
नुक्कड़,1
सरसों,8
मानने,199
डालते,110
आराम,129
हरिओम,193
कान,125
संसार,33
मंडियों,155
पड़,139
निराश,159
थोड़ा,132
बाइपास,26
लेनी,194
प्रतिष्ठा,13
पाना,81
रिश्तेदारों,126
राजनैतिक,92
गिरफ्त,155
पुनीत,104
शरीफ,155
रिहा,37
विजेताओं,6
शौचालयों,26
मोहाली,81
रजिस्ट्रार,93
पढ़ाने,45
बुनियादी,155
माफी,120
जानवरों,26
नमूने,2
वोल्टेज,93
हीं,67
लूटी,141
लिख,85
मतलब,89
विवेचना,155
दीवान,81
समर,95
महंगा,189
दुआ,88
जिसने,156
पड़ाव,116
लायक,6
पीटकर,75
झोपड़ी,155
बंदियों,14
उत्साहित,185
बालिकाओं,155
दहिया,71
बांटने,167
सुधा,155
उतारने,199
कागजों,26
महिमा,37
मंडलायुक्त,4
लैपटॉप,194
कोटेदार,180
दबंग,189
जलने,78
टैंक,167
लाना,81
उतारा,81
चढ़ा,139
किताब,39
पुरवा,176
बेदी,155
सैयद,129
अर्थ,7
महर्षि,196
गौरी,81
अस्थायी,33
झगड़े,111
जाली,81
अभद्रता,185
पैदावार,155
वस्तु,25
शून्य,3
सुपुर्द,191
हत्यारों,155
मुंशी,75
वैकल्पिक,92
व्यक्तित्व,57
बीतने,155
आतिशबाजी,165
तरक्की,1
विज्ञापन,174
सेनानी,190
परियोजनाओं,145
बूंद,155
आवेदकों,7
राजाराम,198
जोश,170
गोशाला,81
निर्विरोध,161
कहे,192
शब्दों,7
अंचलाधिकारी,148
चक्का,1
कगार,101
संग्रह,7
अनुबंध,153
रूबरू,81
आमजन,82
हां,67
साधु,3
तड़के,192
हिन्दू,103
अधीक्षण,73
महादलित,155
विनीत,104
बुद्ध,150
नियोजित,155
कदर,44
त्याग,155
प्रशिक्षु,63
ब्योरा,81
नहरों,8
किस्म,126
निकलते,85
ऊंची,60
सुदर्शन,75
नेताजी,6
संकाय,155
प्रभारियों,26
घास,81
पंत,75
बटालियन,37
खातों,26
हफ्ते,5
शस्त्र,130
सार्थक,155
साहिल,37
लुटेरे,155
मार्गदर्शन,68
इसीलिए,70
तादाद,81
आमरण,82
दिक्कतें,39
रुकने,86
तरुण,75
बनेगी,48
प्रेषित,104
कामयाबी,120
चरणों,8
प्राण,155
वादों,26
गिनती,155
घटी,192
सूख,2
उठने,78
योग्यता,155
सनातन,155
शहरवासियों,136
कठोर,80
अंप्र,75
शुभ,75
मनप्रीत,104
पारदर्शिता,155
गंगवार,81
अधूरे,2
पाबंदी,14
सिनेमा,155
दरगाह,26
महुआ,88
उद्योगों,123
सनसनी,149
हवाओं,26
लेती,81
बचपन,82
बावत,81
दशहरा,46
रुपयों,42
हवलदार,101
ऊषा,46
शरद,95
जानकारियां,120
उपरोक्त,4
टिप्पणी,155
निभा,155
उपचुनाव,91
महोबा,81
निबंधन,153
संबद्ध,7
जितना,156
एकल,44
कुसुम,129
अरविन्द,103
जहरीला,81
कराएंगे,22
स्टाल,194
शिवानी,81
सक्रियता,68
खुलासे,155
आशय,95
थानेदार,180
प्रहार,185
मिलों,175
जागृति,155
जगजीत,157
खुलेआम,36
करण,59
जोरों,26
पाएंगे,22
पासपोर्ट,93
हिंसा,120
खाकर,27
झूठे,102
संतुलन,196
कच्चे,72
अभियंताओं,6
बदतर,59
प्रकाशन,185
राजभर,198
असली,29
त्रिवेदी,155
नारा,198
देन,158
विपक्षी,124
चमन,44
प्याज,0
जीना,81
समझाया,47
मसले,78
पृथ्वी,155
कोमल,75
पठन,21
महीना,186
सिलसिले,37
लदे,192
हेलमेट,167
व्यवसायिक,0
दस्तक,75
सर्वश्रेष्ठ,68
पाठन,81
टेलीफोन,194
डूबने,2
बढ़ोत्तरी,45
अपनाने,199
सशक्त,155
झटका,46
मानवाधिकार,148
सिद्धार्थ,155
सर्राफ,155
उद्यमियों,123
काजल,155
वैज्ञानिकों,174
गणना,46
आतंकियों,83
सबक,82
बची,192
पुनर्वास,155
केसरी,155
यानि,81
वादी,155
भटक,121
सिमडेगा,81
अग्रिम,131
बिगड़ने,79
उमड़ी,132
हटाकर,27
तंबाकू,2
मास,136
यंत्र,130
अंग,33
नियंत्रित,159
आवारा,81
भतीजे,155
नींव,67
तर्क,1
प्रतिभागी,13
आतंकवाद,83
अनंत,75
बेकार,120
भट्ठा,166
देवता,75
घुसे,102
कांग्रेसियों,155
पाउडर,37
लक्षण,196
पड़ेगी,48
वादे,81
मुलाजिमों,129
गुटों,75
उल्लेख,155
उपहार,101
भागे,81
देवर,75
इनसे,78
साप्ताहिक,92
पुकार,1
शिक्षामित्र,63
आंकड़ों,26
रोजा,194
परिस्थिति,154
शहादत,109
मोती,36
सिलाई,37
उपलब्धता,7
जानवर,26
पंखे,52
प्रबंधकों,153
लटक,121
हड़ताल,113
उपलब्धियों,154
भौतिक,92
अत्याचार,185
खैर,75
कांस्य,155
बाराबंकी,162
आकर्षित,196
गहन,44
मसीह,81
सपने,78
कुत्तों,155
पाठ्यक्रम,68
कुंतल,75
आंसू,2
गबन,95
मामा,81
निर्दलीय,159
जलाभिषेक,155
गुलाल,113
समाप्ति,155
पलटने,78
आंखें,155
पक्की,1
अभिनंदन,155
सुचारु,185
सीधी,155
ओंकार,1
बरात,81
सामानों,26
मानकों,26
स्वरोजगार,26
निर्देशानुसार,159
दर्शक,7
पीकर,167
भिड़ंत,61
प्रतिमाह,13
क्रिसमस,155
तेवर,75
पौधा,0
सबके,78
पारी,81
लोहा,81
डिमांड,52
स्वतंत्र,130
साध्वी,155
शिरोमणि,75
वस्त्र,130
खरीदी,180
बदली,29
ठहराव,116
धरातल,75
प्रमुखता,155
ताज,144
भोले,36
न्यायमूर्ति,146
जुर्माने,155
पेशी,158
मुकाबलों,138
दराज,144
गश्ती,5
भलाई,28
कृषक,7
सर्वेक्षण,68
शुभकामनाएं,185
कसर,95
जनगणना,46
बोलने,36
चादर,81
इजहार,101
दवाई,28
प्रतिभाग,13
नियंत्रक,159
नाव,91
चारा,185
तोड़ा,132
नीलामी,155
संस्तुति,155
जानते,110
घोर,75
अंकों,33
कारागार,120
उपकरणों,8
निलंबन,153
लगाम,129
साकार,1
बनाएं,11
मच्छरों,72
राज्यसभा,65
बिंदुओं,103
प्यास,155
विकलांगों,3
वस्तुओं,155
लिहाज,120
लूटा,141
तालाबंदी,14
किला,37
कक्षाएं,145
कार्यशैली,184
वक्ता,5
बौद्ध,150
उठी,29
असामाजिक,92
सदैव,155
मुहर,193
चिह्न,178
रोककर,36
पटवारी,26
रास्तों,126
अभिलेख,155
चुप्पी,195
श्वेता,155
जितने,156
नजदीकी,155
भाईचारे,185
बारहवीं,38
पढ़ा,45
स्नातकोत्तर,68
हंगामे,120
प्रज्ज्वलित,174
आजसू,155
संकीर्तन,155
किरन,75
निकेतन,155
कसने,78
आवेदक,7
बर्बादी,120
प्रदर्शित,155
मानवता,155
चंदा,50
बीमारियां,120
बीएसएफ,94
चाह,188
हटाए,11
कल्याणकारी,0
विरेंद्र,84
गुरू,23
कोटे,194
गड्ढों,52
खोलकर,36
सिफारिश,39
साक्षी,68
कोष,75
अहसास,155
कचरे,78
बर्फबारी,155
चक्रवर्ती,155
मित्रों,178
धंधे,50
उपनिरीक्षक,73
आयुष,75
घेराबंदी,14
बांट,167
कार्ययोजना,145
सितम्बर,115
किताबें,39
पढ़,45
बुलाने,37
मवेशियों,155
संतों,7
कांप्लेक्स,93
आंकड़े,26
मुक्तसर,122
बनते,78
कैमरा,49
दंगल,75
नाक,1
जनपदों,8
पूर्वाह्न,155
कुलसचिव,7
पटाखे,81
घूमने,102
धोखा,36
अभियोजन,7
लड़कियां,143
बदहाली,113
अटल,121
अधिवेशन,158
फेंकने,16
खुशबू,2
इजाजत,109
अध्यक्षों,69
मृतकों,26
ईदगाह,162
प्रतियोगिताएं,13
नीयत,109
पावन,81
क्षुब्ध,150
सीडी,135
पीड़ा,61
कापी,81
अवलोकन,7
ऊंचा,60
बैडमिंटन,155
शकुंतला,75
घोटाला,145
ओलावृष्टि,105
मत्स्य,68
आकलन,21
गुजरना,58
अव्यवस्था,33
विचारों,155
बदौलत,109
हौसला,120
दुरुपयोग,185
किन्तु,25
अपहृत,57
फंसा,50
साक्षर,68
तालमेल,155
साठ,81
इच्छुक,75
भंडार,52
पड़ोसियों,119
रंगों,97
स्वर्णकार,155
संकुल,196
नक्शा,1
पात्रों,155
लता,20
दादा,81
आवासों,136
घाघरा,166
खुराक,37
बंदरों,26
गिरे,81
प्रोन्नति,155
माजरा,81
गारंटी,93
रोजी,194
मोहल्लों,122
व्यावसायिक,0
ठंडे,52
प्रतिनिधित्व,13
गहरे,78
लगन,44
दलितों,7
समग्र,75
फेंका,16
विस्फोट,155
सेवानिवृत,155
नववर्ष,124
सजग,82
आराधना,3
प्रदूषित,196
पालिकाध्यक्ष,69
दिखने,85
भोर,26
नैतिक,92
झाविमो,81
शिक्षिकाओं,63
मोटी,194
निर्वहन,159
रद्द,155
सुनते,186
अनमोल,151
जूझना,102
बोरी,194
बर्खास्त,155
नौजवानों,26
दृश्य,57
बैठकों,26
बोरा,81
लैपटाप,194
चिंतित,155
पद्धति,155
कराटे,81
ताल,113
भिड़,107
लेगी,48
कुत्ते,155
चेहरा,155
घटनाक्रम,68
चीज,186
जागरुक,92
पांचों,38
विहीन,155
मंडलीय,77
दिनदहाड़े,155
नवनिर्वाचित,159
हल्का,1
नियत,109
ईंट,167
इनको,55
लाभार्थी,155
आढ़तियों,155
प्रधानाचार्या,146
समृद्धि,105
बिरादरी,81
निखिल,155
आंकड़ा,26
नालियां,143
कुशल,7
सहन,89
सेशन,167
लिखने,85
प्रथा,185
डिप्लोमा,155
गायों,119
लौटना,9
रश्मि,179
बड़े,139
फसलें,99
पिछड़े,79
पैरवी,155
लेखन,85
उठाव,43
मनोनीत,155
निकलकर,155
जरुरत,2
चक्र,75
बोला,36
सिकंदर,75
जोड़ी,132
संभालने,41
अफरातफरी,120
पीस,135
तरस,76
पुण्यतिथि,155
पारंपरिक,155
पिलाने,37
विमान,155
गुना,58
भाजपाइयों,119
संतुष्ट,196
रस्म,179
निराशा,155
चरम,89
कमांडर,52
सशस्त्र,130
नमी,192
ब्राह्मण,155
साधारण,3
पहुंचना,19
जंगलों,26
मताधिकार,148
प्रयासरत,185
जुड़,132
अस्थाई,33
कालीन,1
पसीना,81
प्रतिष्ठान,13
हत्यारोपी,51
वास्तविक,155
चलाना,81
आढ़ती,45
इंसाफ,120
महत्ता,5
फलों,8
मलबा,20
फूट,141
लालच,113
डटे,192
बदबू,80
मांस,50
बतायी,37
गुजरते,58
मंत्रमुग्ध,150
तूफान,155
टाल,113
मुफ्ती,129
प्रेमिका,134
रहित,25
ग्रंथ,75
मुस्कान,191
प्रयोगशाला,155
चौदह,187
गहने,78
कारखाना,26
डंडा,52
दस्ते,5
बंदूक,155
उपनिदेशक,159
जरा,81
मच्छर,72
खुफिया,155
गगन,95
जनार्दन,81
कूलर,167
कोने,194
सूबेदार,180
अघोषित,196
शिष्टमंडल,68
रामनवमी,87
तत्वाधान,155
इसपर,82
अन्याय,155
चौथी,187
खींच,60
क्रीड़ा,185
रामनाथ,198
जुआ,88
संग्राम,155
अनुशंसा,155
आत्म,179
रंगोली,81
उपाधीक्षक,73
भीड़,155
पहुंचेगी,19
खण्ड,52
प्रांत,155
खदान,125
कुख्यात,155
मौर्या,3
नियमावली,159
बदलते,78
भला,46
प्रतिक्रिया,68
किस्त,126
शताब्दी,185
दंड,52
पसरा,46
असफल,95
ऊंचाई,60
ठहराया,47
माफ,81
अभिलेखों,155
अर्जित,196
पदस्थापित,33
संभाला,41
नेपाली,81
अनुष्ठान,13
सचिवों,7
नवनियुक्त,4
शैली,175
सौहार्द,185
इंजेक्शन,93
लोकार्पण,155
जोखिम,36
वसूलने,2
रामायण,198
पक्षी,124
राजकिशोर,26
मधुबन,75
छठी,149
प्रतिवर्ष,124
मंत्र,53
टीईटी,135
नवोदय,75
बिजलीघर,155
सहभागिता,155
आर्मी,155
ध्वजारोहण,185
फेरी,81
लड़का,46
प्रतीत,104
धारक,6
चैंपियन,165
किन,186
संवेदक,7
आसार,101
खुलवाने,37
सावधानी,120
वन्य,118
लगेगी,48
भाग्य,3
आहत,121
प्राधिकार,148
विवादित,134
दूरभाष,155
कहाकि,46
जले,192
घातक,0
सिम,129
महाविद्यालयों,106
रिहायशी,37
बांधकर,26
सालाना,81
गवाही,188
मस्ती,5
उल्टी,166
विमोचन,7
खरीददारी,180
घेरे,75
चौटाला,187
पर्दाफाश,120
माथा,81
अत्यंत,75
आश्वस्त,33
स्कूटर,93
झटके,78
धड़ल्ले,175
संयंत्र,130
दुर्घटनाग्रस्त,185
देवताओं,75
सांप्रदायिक,92
धार,101
सर्राफा,81
अधिशाषी,155
तत्पर,25
पंचनामा,182
कमाल,113
दामाद,81
परामर्श,68
उज्ज्वल,174
बनेंगे,140
रखता,46
लूटे,141
धारदार,120
खबरों,8
संतोषजनक,196
आगजनी,29
निभाने,96
सांप,195
फीता,81
हाथियों,151
एकजुटता,7
निर्दोष,159
सेक्शन,93
नशीला,81
दीक्षा,66
नामित,155
जनजीवन,157
मुनि,186
लौटते,9
बागवानी,26
अल्लाह,122
सगे,192
गढ़,192
चूना,81
तलवार,101
भाईचारा,185
हड्डी,52
थोक,1
लौटी,9
प्रहलाद,185
पहुंचेंगे,19
डंडों,52
देशभर,158
मिजाज,120
बीएन,94
नमूना,81
संक्रामक,185
बुझाकर,37
भड़के,111
खुलकर,36
छापे,195
पहलुओं,145
तबादले,26
बर्फ,155
सौदा,138
तथ्य,118
निबंध,153
लगेंगे,140
लदा,20
रामानंद,198
अध्यापिका,146
मशीनें,186
बांस,50
भास्कर,75
मालगाड़ी,177
तबाही,188
खरीदे,180
सबूत,155
दुराचार,185
आयुर्वेदिक,155
शरारती,81
आरक्षी,68
दादी,81
बहुमत,75
अर्थदंड,52
ब्रज,75
एथलेटिक्स,147
संलिप्त,155
सरयू,75
बढ़ेगी,45
मंगला,75
तत्पश्चात,185
कंपनियां,155
सहायिका,155
गुमशुदगी,58
दुखी,2
कतई,121
कटाव,81
कब्रिस्तान,126
परहेज,31
क्रेडिट,93
बढ़ाए,45
जोड़कर,171
सांत्वना,33
सहज,44
अभिनव,155
आजीवन,157
रौशन,7
पुस्तकें,142
प्रतिनियुक्त,4
सरकारों,26
पक्षियों,155
बिछाने,37
माली,81
आमदनी,29
परंपरागत,33
बेटियां,143
झूठा,102
जैविक,157
अनुपात,0
सुलझाने,37
कार्यदायी,184
सर्वोच्च,155
स्वर,75
कार्मिक,155
समायोजन,155
होड़,132
जनस्वास्थ्य,33
फिल्मों,155
अकेला,81
त्रिस्तरीय,65
समझते,78
छोड़ी,171
ठंडा,52
प्रशासक,185
रस्सी,155
मुश्किलें,39
बंधन,153
कमलजीत,104
नसीहत,109
सबका,46
धुनाई,81
नशीले,175
कोहरा,193
रिश्ते,126
खरीफ,180
फाइलों,177
झांसी,50
तबीयत,109
लापरवाह,188
झड़प,59
छाए,11
ढोल,36
सराहा,71
ब्यौरा,155
बच्चियों,72
उपविजेता,6
नाकाबंदी,14
चढ़ने,45
नमन,21
खोली,36
निशाने,155
लगाएं,11
पांचवें,38
कीटनाशक,26
हाथापाई,120
पढ़ाओ,45
पार्को,194
राजी,198
समर्पण,7
चौपट,187
छठे,78
निष्ठा,13
छुटकारा,195
लगना,46
दीन,186
डीलरों,167
दलालों,151
दिला,37
विस्थापित,155
झाड़,107
अग्नि,155
चांदनी,50
राज्यस्तरीय,65
नवीनीकरण,92
भक्तिमय,155
अनारक्षित,196
इकाइयों,119
टॉप,167
बहने,78
सातवें,38
टीका,1
दस्तावेजों,155
पसीने,186
मातम,129
उर्स,167
गरिमा,81
अखाड़ा,107
मौलिक,92
अदायगी,120
बलिदान,81
प्रताड़ना,61
भैया,71
सौंपकर,41
प्री,104
उपज,95
टेक,167
क्लर्क,155
अमीर,169
जायज,144
मशहूर,80
श्रेष्ठ,68
मुहल्लों,122
प्राध्यापक,146
परमार,101
पेटी,167
घेरा,81
अंबार,81
खामियां,120
बड़ा,139
बडे़,139
निर्माता,159
दिव्य,3
वें,99
खत्री,155
आपकी,55
विचाराधीन,155
झलक,44
खलबली,192
बेचा,60
प्रेरक,104
साझा,3
महंगी,189
पंडा,52
अंतर्राष्ट्रीय,65
घड़ी,29
खौफ,36
खफा,46
स्वयंसेवी,158
तरीका,1
कार्यवाहक,184
घुसने,102
आंदोलनकारियों,26
असुविधा,155
सचेत,25
बहाना,81
त्रस्त,5
मयंक,1
आटा,20
स्वाभिमान,185
भावनाओं,145
पैसों,26
गौशाला,81
भाभी,81
खपत,21
लहूलुहान,37
मंडली,77
अधिकृत,155
जमावड़ा,81
पॉलीथिन,147
गंतव्य,68
बीडी,135
टेम्पो,194
कुपोषण,196
चढ़ाने,45
बिलों,175
रूपरेखा,85
सरल,89
चरस,21
दौड़ा,98
अंजली,75
प्रौद्योगिकी,123
शिविरों,155
मॉल,175
छीनने,186
ताबड़तोड़,171
हर्षोल्लास,185
निस्तारित,155
सरगना,20
पुरूष,117
सबकुछ,155
बनायी,37
दुल्हन,122
कुचल,75
विदेशों,158
सभासदों,155
परिचित,155
बेटों,26
मलबे,78
सैन्य,190
रक्षक,7
तिराहा,81
खातिर,155
चीजों,26
ज्ञानी,174
गोलीबारी,14
उपयोगिता,155
अवशेष,196
व्यवस्थाओं,33
आवेदनों,7
चौकसी,187
जगतार,101
कागजी,26
फंदा,50
खुदकुशी,164
मजबूरन,80
रैन,194
बयां,155
अधूरी,80
पर्चे,155
बंदर,75
शख्स,155
इनकार,101
अफवाह,188
नयी,29
चूक,86
रहेंगी,140
सेतु,25
मंडप,77
कीमतों,30
जता,20
शिक्षाधिकारी,63
रूपए,42
बदलकर,155
नाग,81
रोपाई,194
नौबत,138
बढ़ेगा,45
अविश्वास,185
नामों,26
जोड़े,132
नाते,110
चुप,195
प्रज्वलित,174
गुरदेव,75
श्रोताओं,6
चकबंदी,14
धुन,75
शान,125
परमानंद,198
विधेयक,13
बेहोशी,170
त्रिवेणी,155
पीडि़त,61
दुग्ध,150
इरशाद,162
तौल,175
वैभव,7
बेला,81
खोकर,36
शीतला,75
स्कार्पियो,155
विविध,13
गर्व,116
छत्तीसगढ़,5
संगठित,196
गाड़ी,107
उठता,46
तटबंध,50
सवारियों,151
पुस्तकों,142
सूखा,2
जयंत,75
यौन,186
सदा,20
आहूत,75
छप्पर,195
सड़कों,26
पैतृक,57
बत्ती,5
बादलों,26
अग्रणी,75
बस्तियों,155
साकेत,81
भगदड़,59
शाखाओं,145
उत्पादों,0
पहने,78
सकुशल,7
कुआं,88
गतिविधि,13
हटवाने,199
अनुमोदन,7
जनरेटर,167
चेतन,155
चरखी,29
जमाने,199
चेताया,47
अपराधों,92
मुश्किलों,155
विद्यापीठ,106
सद्भावना,185
कनिष्ठ,68
धरोहर,193
वीणा,81
दावेदार,180
नेट,167
शीर्ष,68
बंगला,81
कठिनाई,37
लुत्फ,129
आड़े,111
साहित्यकार,155
बैंकिंग,93
मुकाम,129
मिसाल,129
क्षेत्रवासियों,68
अग्निकांड,155
प्रतिकूल,155
ओलंपिक,195
चंचल,75
गुस्से,191
जिलास्तरीय,155
चेकअप,60
बाई,28
टूटकर,141
चिंगारी,155
मुकम्मल,129
पोषाहार,0
संशोधित,153
स्त्री,130
पिलाई,37
खुशियां,164
नवनिर्मित,159
हंस,50
जन्मोत्सव,87
शीशे,183
स्वर्गीय,124
बापू,81
मृत्युंजय,57
साड़ी,107
किताबों,39
हंसराज,198
चित्रकला,178
रत्न,155
कामों,26
सृजन,7
पक्के,1
बरी,192
उद्यमी,123
सेक्टरों,93
झंडे,52
असिस्टेंट,93
विशेषकर,68
दिलचस्पी,3
पहलवानों,6
जुगाड़,132
पढ़े,45
दीनानाथ,198
रोहिणी,155
कूपन,75
पुस्तिका,142
कॉपी,194
साढे़,38
प्रयुक्त,4
मात,0
जुटाने,37
भूमिगत,155
पैरों,26
लादकर,155
खस्ताहाल,113
अपमान,155
प्रतिनियुक्ति,4
पीर,169
सरपंचों,60
इशारे,137
खेली,175
आलोचना,75
कत्ल,175
पढ़ाया,45
सुमित्रा,155
मकर,59
ध्वज,75
सस्ते,5
चर्चित,155
मनमाने,199
चाल,113
जन्माष्टमी,87
पढ़ी,45
जननी,29
मुकुल,75
हटाओ,155
समझने,78
झोंक,155
दीवाली,87
रसायन,81
नतीजतन,149
नन्हें,56
रोड़,132
खानापूर्ति,12
पटाखों,114
मानकर,155
सोलह,75
निविदा,155
गतिविधियां,154
जलजमाव,116
सेविकाओं,145
पल्ला,122
आहार,101
कमेटियों,26
भोजपुरी,176
पायल,81
सचल,121
हौसले,138
बजकर,82
फैले,112
तत्परता,185
एहसास,155
वृक्षारोपण,0
जगी,192
उज्जवल,174
नगीना,81
लाईन,177
सुलभ,2
दुर्घटनाएं,145
मूल्यों,3
आयोजकों,7
विरासत,39
उन्मूलन,7
उतरकर,59
सरिया,71
मुठभेड़,138
देशभक्ति,155
वैद्य,3
उदासीन,81
ताक,1
प्रेक्षक,68
भरमार,101
लाइनें,177
घोसी,75
फरियाद,162
रामा,81
मुसलमानों,129
बकरी,29
उर्वरक,75
दफ्तरों,131
प्रेमियों,104
हैदराबाद,162
प्रधानाध्यापिका,146
सर्वप्रथम,68
थमने,111
केरोसिन,194
ग्रामसभा,155
उत्पात,0
कॉलोनियों,155
महाशिवरात्रि,87
कच्चा,72
नौवीं,38
अमीन,81
खस्ता,5
ध्वनि,155
अलमारी,155
संवेदना,155
आंगन,75
बोलते,36
बिरसा,81
पाएगी,18
तबाह,188
व्यवस्थापक,33
वैध,13
शशिकांत,10
आपात,0
लकड़ा,172
विस्थापितों,155
पीटने,75
दस्ता,5
सैकड़ों,114
अखबार,155
समूहों,26
मिलनी,175
बोगी,81
सूचनाएं,145
खादी,81
पौधारोपण,0
प्रधानाध्यापकों,146
अनहोनी,186
परमेश्वर,151
प्रश्नपत्र,33
सलामी,129
पहनाकर,27
बेवजह,32
मिलावट,37
बलराज,144
व्यवस्थाएं,33
सरेआम,193
ग्रस्त,5
प्रभा,185
सभाओं,145
जरूरतमंदों,26
फरियादियों,151
गर्भ,155
सिमट,75
अभद्र,75
अत्याधुनिक,92
इशारा,81
मक्का,1
सुलह,75
गुरुकुल,23
परम,21
अवरुद्ध,150
बनवाया,47
करवाएं,11
लिफ्ट,93
साधा,3
खिलाडि़यों,165
फंदे,50
गुरनाम,129
बुआई,28
बचाई,28
बूंदाबांदी,14
नतीजे,26
प्रतिभाओं,13
आकस्मिक,155
दबाकर,27
विकराल,155
मारवाड़ी,107
बांधा,81
पात्रता,108
विज्ञप्ति,155
बलवान,125
कानूनगो,2
श्रृंगार,185
चाबी,81
घटित,25
टमाटर,167
गर्दन,155
शास्त्र,68
गाकर,27
बहाव,116
अंग्रेजों,65
चुंगी,155
फौज,144
अवहेलना,36
बिंदु,103
मांगपत्र,62
बंदोबस्त,14
अस्त,5
कन्याओं,145
आनी,29
वांछित,155
चलाता,160
बयानों,26
दोस्ती,191
निपटाने,163
अकेली,175
भल्ला,122
दुर्दशा,185
लेगा,35
रेडियो,194
परचम,75
जतायी,37
कड़ाके,1
मोर,26
कुर्बानी,129
प्रदेशों,158
चौड़ीकरण,187
पैनी,194
धक्के,1
नशीली,175
अलका,20
गुलदार,81
चाहा,81
मिटाने,37
जबाव,116
आयुर्वेद,185
अभिनय,155
गाने,81
अर्बन,7
पदयात्रा,108
मिलीं,175
दोष,75
दांव,54
निचले,60
चोटिल,155
सच्चे,72
किश्त,126
उड़ान,125
तारीफ,120
जबरदस्ती,5
नहाने,199
काटी,166
थानाध्यक्षों,69
लीक,1
दामोदर,81
भयभीत,157
वायु,0
मुकदमों,138
कीट,167
विवादों,134
गुणा,58
गांजा,81
गहराई,28
लड्डू,81
एम्बुलेंस,93
तैसे,49
दया,20
बंधे,50
क्षेत्रफल,68
उतना,46
हैरान,120
अभिमन्यु,3
अत्यधिक,155
तुम,137
सहयोगियों,173
रेस्टोरेंट,93
हरसंभव,7
सीखने,85
किस्मत,39
लेखपालों,26
परिवेश,158
सहूलियत,109
संभावनाएं,145
कुरीतियों,151
सेब,155
वरदान,125
महापंचायत,182
चारदीवारी,180
असहाय,155
हावी,116
मध्यम,118
उच्चतर,75
छोर,26
जुड़ने,132
तेरह,38
काव्य,3
अंदेशा,120
बनाम,129
बेखौफ,138
चौथा,187
मशाल,113
पदभार,101
मायूस,81
रोकना,36
फटने,78
अकाल,113
पड़ता,113
पौड़ी,98
शिखा,96
निशांत,10
पड़ी,139
फिरौती,155
लोकपाल,155
दबा,20
बदनाम,129
हुनर,75
पांचवीं,38
दोपहिया,37
उठकर,155
जानकारों,26
लेनदेन,155
मनोबल,193
बुराइयों,151
औसत,121
पुत्रों,117
लेखक,85
गृहस्थी,155
सभापति,155
वरना,20
वापिस,136
नवाब,81
बेरी,81
आंतरिक,92
पासबुक,155
अंगूठी,2
पार्टियां,155
दंपति,75
कैशियर,194
उपवास,136
सियासत,39
भगाने,199
उपमुख्यमंत्री,53
अतिक्रमणकारियों,155
स्वार्थ,33
खुलवाया,37
सपनों,8
खाकी,1
क्रमिक,155
लगीं,67
रोकर,75
चचेरे,137
एंव,116
वास्तव,155
दस्त,5
रिकवरी,144
मायने,155
तहसीलों,175
दावों,26
थमा,20
रुके,86
मुरली,129
बताये,64
सम्पर्क,7
प्रत्यक्षदर्शियों,68
आरोपित,51
वर्णन,7
बताती,81
मेहमानों,26
नवदीप,75
हल्के,1
शासकीय,155
जलाया,47
चलो,192
सरोवर,75
आपका,55
कोषागार,185
जमाया,47
बढ़त,45
सौजन्य,3
खरा,81
प्रारूप,185
नाका,1
राना,81
दोहरे,193
सोम,194
अलीगंज,176
प्रसन्न,174
धुआं,88
नलकूपों,195
दर्शाया,96
महागठबंधन,155
चार्जशीट,93
अनुपस्थिति,154
संक्रमण,7
पौध,0
औषधि,75
जीवित,155
दूभर,2
परवाह,188
प्रतिष्ठित,13
नमक,82
अंतराल,33
रौंद,36
रुका,86
चिराग,81
डूबे,81
महंगे,189
सौंदर्यीकरण,3
परिवारीजनों,134
आध्यात्मिक,68
वर्षीया,124
त्यौहार,87
कड़ी,139
हैरत,155
मूर्तियों,12
गिरते,75
प्रतीक्षा,66
भटकना,20
मातृ,57
देशराज,198
हाहाकार,120
फुल,175
दूरदराज,155
बेशक,32
सम्बोधित,7
फिराक,129
उन्नति,155
आनन्द,50
बिखरा,79
एकाएक,46
रुकी,86
मजाक,1
बहा,81
चौड़ा,187
जीती,157
मस्जिदों,129
रिहाई,37
तफ्तीश,5
अस्सी,155
चकिया,71
सर्विलांस,93
सैलाब,81
अता,20
पावरकॉम,93
इस्पात,0
उपयोगी,173
काका,1
प्रशिक्षुओं,63
वसूले,2
खालिद,162
भरपाई,28
चूल्हे,122
छात्रवृति,57
महापर्व,87
महल,59
चास,136
दिवंगत,3
मैराथन,138
गेंद,165
गुरचरण,75
गोपी,36
शिवाजी,198
प्रज्जवलित,174
शांतिपूर्वक,24
दरिया,71
मानसी,81
प्रभातफेरी,185
मर्जी,144
दिव्या,3
सीटी,135
हटवाया,47
रंगे,97
समाजिक,92
उखाड़,107
मजार,101
सीने,186
निकायों,155
घूमते,102
हरेन्द्र,84
गुड़िया,71
सौर,75
प्रतिष्ठानों,13
अभिनेता,6
तेजाब,81
हॉस्पिटल,155
वृक्षों,68
आत्मनिर्भर,159
दौड़े,98
पहुंचीं,19
खाया,47
बाघ,26
संक्रांति,155
विपणन,168
पटाखा,81
केमिकल,194
ठिकाने,37
जमे,192
दबाने,199
परीक्षक,73
जन्मदिवस,87
हत्यारे,137
हास्य,3
आदत,121
असल,82
बरसाती,0
गणपति,75
सावधान,3
उसपर,82
गेंहू,2
बहल,44
लोहड़ी,36
निर्देशक,159
पूंजी,155
नैन,194
प्रतिमाओं,13
पहलू,155
कमाने,199
मक्खन,75
बैल,175
सच्चिदानंद,198
बेकाबू,120
शुरुआती,23
बस्ते,5
रोते,36
सस्ती,5
गर्मियों,155
असुरक्षित,196
नन्हे,56
झुलसी,102
अग्रहरि,75
आपातकालीन,1
खरीदकर,180
खासे,81
ठंडी,52
धीर,169
मुबारक,129
सजावट,28
पुरोहित,117
टीके,167
रक्षाबंधन,87
छोड़,133
सैर,75
सोचा,155
छोड़े,171
लगवा,172
लाइनमैन,194
वीडियोग्राफी,155
गिट्टी,166
आश्रितों,155
कीर्ति,155
छिपे,195
प्रदर्शनकारी,26
नाके,1
हरिश्चंद्र,84
अप्रिय,196
कारी,101
गयीं,67
शिवरात्रि,87
दीवारों,180
रेशम,75
स्वराज,198
आकार,101
कैमरों,26
उम्मीदें,128
दिलवाने,37
प्रजाति,0
बिस्तर,126
पैमाइश,120
गुम,81
भ्रष्ट,68
कोयले,155
समर्थित,154
आश्रित,196
काफिला,37
मेहंदी,50
सबकी,149
उलझ,21
कतारें,101
औपचारिकता,92
धज्जियां,143
आंशिक,92
दीवानी,81
सीरीज,155
यादगार,120
दावेदारी,128
तिरंगा,97
असंतोष,196
सेंध,75
सृष्टि,68
तेंदुए,88
एक्सरे,167
रिफर,144
शिष्य,68
उधार,101
बंगाली,81
जरुरी,2
कदाचार,185
गुजारा,81
गलियां,143
चप्पे,75
किराना,37
खामियों,155
निष्कासित,159
सुल्तान,129
उनपर,44
ठहरने,78
विश्वविद्यालयों,106
खुशहाली,164
जौहर,193
सच्ची,72
जादू,81
भोज,155
झुग्गी,155
तथ्यों,155
लूटकर,36
सीढ़ी,155
प्रणव,75
अड़े,111
सुंदरीकरण,3
सती,29
पर्दा,81
नेत्री,6
आजकल,82
छलांग,81
होलिका,81
तराई,28
गवाहों,151
प्रखण्ड,52
दिनांक,155
चाहिये,64
मंत्रिमंडल,53
कुंज,77
छतों,8
टकराई,28
सोनम,75
पर्वतीय,131
जमीनों,26
आईटीआई,94
अचेत,25
एसबीआइ,94
सजी,29
ट्रेनर,93
नीम,179
सभ्यता,185
दुरूस्त,191
सलाम,129
गोपनीय,155
पेंच,60
कुष्ठ,68
नजरअंदाज,120
संतान,33
उपप्रमुख,3
अदालतों,26
वायदा,155
जिम्मेवार,128
करीबी,181
प्रश्नों,33
रोके,194
गोलियों,143
आंकलन,7
कंधे,50
समूचे,72
जेठ,75
असमर्थ,7
सिगरेट,167
विदा,155
नोकझोंक,120
राजभवन,198
झूम,102
बसेरा,81
हैरानी,120
काजी,144
महबूब,155
खंडों,52
परिवर्तित,155
हमलोग,34
औसतन,82
मौखिक,92
जत्थे,75
निकलता,163
गैरहाजिर,120
उदघाटन,155
साहस,3
प्रसारण,185
दंश,75
स्रोत,130
लदी,192
बागान,81
बुद्धि,150
कलम,44
तहकीकात,81
सातवीं,38
जुड़े,132
बैठाकर,17
झूठी,102
दशकों,155
मोर्चे,155
शशांक,155
पालकी,81
अलबत्ता,5
तख्त,5
तालियां,143
चना,155
लंबाई,40
दवाइयों,26
रिश्ता,126
कहता,46
सांगवान,81
प्रीत,104
अगुआई,23
माथे,81
नसबंदी,14
ग्रामों,155
पडे़,139
ठेला,81
जलाशय,26
शनि,192
खिलाड़ी,165
दिमाग,3
फर्श,144
नंबरों,26
शीशा,183
नाजायज,120
राजकुमारी,198
बैराज,198
विकासखंड,155
गोदामों,26
अपनाया,47
उगाही,188
बैठकें,17
पट्टा,166
भूरा,2
प्रमंडलीय,77
झेलना,36
डायरी,81
विनीता,81
प्रशस्ति,155
बलात्कार,185
जानकार,120
सस्ता,5
संरक्षित,196
घने,192
संयोजन,7
आईं,94
पहुंचती,19
बंधी,153
सेकेंड,167
निराला,81
दरकिनार,37
लाठियां,143
बुराई,155
रूपी,75
संबधित,7
आत्मदाह,185
सर्द,179
वारंटी,93
उम्मीदों,128
फोड़,171
नगरीय,118
उद्योगपति,123
स्पर्धा,13
रथयात्रा,108
बताएं,11
उपयुक्त,4
डग्गामार,81
निमंत्रण,178
इमारतों,26
कस्बों,26
रखती,29
सम्राट,155
जाहिद,162
राजमहल,198
श्मशान,155
मधुमेह,75
ठिकाना,37
स्वस्थ्य,33
कबूल,175
रूचि,155
बारीकी,120
सृजित,196
अभियोग,173
धैर्य,3
गल्ला,122
दीक्षांत,155
चाक,1
व्यायाम,0
असीम,179
दिनचर्या,155
सम्मिलित,155
स्वयंसेवक,190
उतनी,29
जागृत,155
पुस्तिकाओं,142
आदिवासियों,136
निरंकारी,159
चक्की,1
गेंदबाजी,165
नाबार्ड,93
छीनकर,186
रुझान,155
प्यारे,137
गान,81
मेधा,81
अफीम,179
मनमोहक,75
विभोर,161
व्याख्यान,0
शिथिलता,155
त्रिलोक,155
शर्ट,167
पंडालों,182
चकमा,46
दंगा,81
बेची,60
गिराने,37
मर्यादा,155
दांतों,75
फायदे,155
बंधु,75
चढ़े,139
पोषक,7
छीना,186
बिचौलियों,155
चलाये,64
निरीक्षकों,73
अगला,46
जिनसे,156
तंगी,189
आकृष्ट,68
शिवलिंग,198
पढ़कर,45
चीजें,26
ज्यों,119
पंचायतें,182
झूठ,102
पहुंचाना,19
बैरंग,97
टैगोर,194
प्रचारक,185
कारों,26
सेवानिवृत्ति,155
झूमने,102
करारी,101
तोहफा,36
डकैतों,36
झुंड,52
पड़े,139
खंडेलवाल,52
बताओ,155
पंचमी,75
चहारदीवारी,180
जुबान,129
न्यास,155
सुनीं,186
कृषकों,7
ऊपरी,149
गढ्डे,52
मुनाफा,138
घाटे,166
गोबर,36
अनुकूल,155
संयोग,7
प्रवर्तन,33
दबदबा,81
नक्शे,1
उनलोगों,34
रेलखंड,52
भट्टी,166
संलिप्तता,155
देखें,85
बुंदेलखंड,52
हानि,125
उतरा,20
बेरहमी,32
चकराता,160
इंजीनियरों,147
भूस्खलन,2
हमलोगों,34
अध्यक्षा,69
मिलावटी,37
फंसी,50
ग्रसित,185
बढ़ाना,45
ठिकानों,26
बनवारी,101
मशीनरी,186
रहस्यमय,118
ग्राम्य,155
वाणी,81
नारियल,37
तबियत,109
मंजर,193
धरपकड़,59
अंकिता,75
तीज,144
रशीद,169
मुख्यालयों,155
बखूबी,2
दखल,89
प्रबल,75
उपेक्षित,196
खेप,75
बेचकर,32
निपटा,163
दफा,20
साध,3
छापामार,120
पशुपालकों,0
पेंशनरों,167
सच्चा,72
कष्ट,166
माननीय,155
भरना,20
रिश्तेदारी,126
पंखा,81
निजीकरण,155
प्रधानाचार्यो,146
लड़की,72
बहुजन,7
हरिजन,7
पीपल,75
प्रेरकों,104
दर्दनाक,120
खिसक,156
कटकर,95
जिलाधीश,148
झूमे,102
पाप,195
मिर्च,37
उल्लास,122
बताना,81
हटने,111
करूंगा,35
सीमांत,155
व्यापारिक,0
आयोजनों,7
गृहस्वामी,155
पूर्वोत्तर,24
दावत,81
सुनाकर,186
पते,192
जाग,81
कासिम,129
पढ़ते,45
ब्रांड,93
भागों,155
व्यवस्थित,154
तलाशने,199
ट्रॉली,147
रोकी,194
त्योहारों,87
खर्चा,60
रामलखन,81
अग्रसर,75
ब्रह्मा,198
कांता,81
देहाती,81
सीसे,155
क्रिया,68
वाटिका,81
नौकर,138
कुंभ,75
साधे,3
सफाईकर्मी,26
तबके,111
आपत्तिजनक,155
साले,81
अपनों,8
खटीमा,155
अभिजीत,155
जिम्मेदारों,128
खिलाकर,37
संबंधों,153
सरना,20
मटर,44
फाड़,107
संपदा,7
असमंजस,7
बढ़ाते,45
हेराफेरी,120
अनावश्यक,155
बहनोई,28
परीक्षाफल,66
अंग्रेज,65
वाहवाही,188
भयंकर,75
पीलिया,37
सौगात,155
फेरबदल,32
डालें,155
त्रिभुवन,68
राई,28
अन्दर,33
गड्ढा,52
आफत,121
पिछड़ी,79
आन्दोलन,7
चुनी,186
अर्थात,174
सूखने,2
मेहर,193
मुसलमान,129
बमुश्किल,129
चौड़ी,187
सुस्त,191
परेशानियां,120
प्रस्तावों,155
अनेकों,114
खरे,192
पोखरे,36
जयकारे,137
बकरीद,169
बरामदे,81
निराधार,155
जवाबदेही,120
चिंताजनक,155
वायदे,155
सता,20
तीखी,155
कटा,20
कलह,21
लखविंदर,75
पहुंचता,19
बीजद,94
अंश,33
सांसदों,7
लाएं,11
महानिरीक्षक,73
यापन,155
आशु,183
लोकायुक्त,4
मण्डल,77
ट्रॉफी,194
सैंकड़ों,114
कब्जों,26
राही,188
भागा,155
अन्यत्र,75
मोहर,193
दाग,81
अजीज,155
बौद्धिक,92
प्राय,185
प्रगतिशील,155
डिब्बे,155
पंचम,75
मनाए,11
अराजकता,155
साईं,28
जिसपर,156
दुश्मन,185
अपेक्षित,196
खसरा,46
लटके,111
दिग्गज,3
आचरण,89
पेय,75
दयाराम,198
शराबी,81
कारखाने,26
झुलसे,102
घुसा,75
प्रतिपक्ष,124
करवाते,110
आगनबाड़ी,107
हलचल,121
हेलीकॉप्टर,93
झाड़ियों,107
मुकदमें,138
चौकीदारों,180
पहुंचाई,19
लगानी,81
ग्राफ,155
गोकुल,75
सुगम,75
समाधि,155
वारदातें,120
परवान,125
घाटशिला,166
प्रेसवार्ता,185
सर्वजीत,157
प्राणी,155
कुपोषित,196
जताने,199
उन्नत,109
भतीजा,144
रोचक,75
दंगे,189
धमाके,1
आश्चर्य,68
सचान,125
दायित्वों,57
सज्जन,7
दुबारा,81
नवमी,29
सर्वागीण,155
अनजान,125
जुडे़,132
कटे,192
रोने,194
शिक्षिकाएं,63
फतेह,75
ईमानदार,120
बल्लेबाज,165
अराजक,155
तोड़,133
हरेक,155
बंटवारे,81
आत्मसमर्पण,7
हेमराज,198
बयानबाजी,120
हुजूम,129
मजा,20
जातियों,155
कवियों,119
ऊंचे,60
माओवादी,83
कड़ाई,28
पत्रिका,33
गोवंश,75
छिपा,195
आसन,21
अर्चन,7
शोकसभा,145
निरोधक,161
खंभों,52
सिखों,119
बिकने,79
भट्टाचार्य,146
आनाकानी,81
क्षतिपूर्ति,12
चमक,89
हरिहर,193
भाईयों,119
जसप्रीत,104
बिगड़ी,79
मार्गों,155
गुटखा,81
आधिकारिक,92
दिनहाटा,81
मानसिकता,92
सर्वशिक्षा,63
श्रमदान,185
परिश्रम,68
झाड़ू,107
अरोरा,81
खूंटी,36
कार्यकत्री,184
भूजल,75
माधुरी,198
मानो,81
बैनामा,81
उम्रकैद,155
यकीन,186
ब्लू,155
कटी,192
अवस्थित,154
जलकल,59
बनाएंगे,22
रुकवा,86
कहें,99
छूटे,141
इरादे,81
गुणवत्तापूर्ण,185
मनाते,81
युवराज,198
छाप,195
पल्सर,167
अंशकालिक,155
अध्ययनरत,7
फर्जीवाड़ा,120
दीदार,180
पत्रक,33
एतराज,144
फरीद,169
रास,81
गनीमत,30
फुसलाकर,37
बुझा,37
अनुश्रवण,7
टिकी,167
सुन्दर,3
बिन,186
तरीकों,26
इंच,60
जलवा,20
खेतीबाड़ी,107
भागकर,155
विरोधियों,161
गरम,89
चार्ट,93
पेड़,107
लिंग,81
बल्ब,155
जनों,7
कसा,20
विराट,155
आत्मविश्वास,185
बेचे,60
चेहरों,26
बाजपुर,176
पेशे,158
प्रस्थान,155
गुड़,132
छिपी,195
प्रतिस्पर्धा,13
बेचते,60
शासनकाल,185
मिलें,155
खलिहान,37
दामन,81
भयावह,46
नाट्य,3
बाट,166
जिनको,156
गोमती,36
होनहार,26
खुशहाल,164
पुरजोर,36
अपार,101
वरीयता,155
सुर,75
मैचों,26
दंत,75
वकालत,26
सट्टा,166
टकराव,116
भेजना,31
लपटें,99
हरित,25
अभिकर्ता,6
सिक्के,1
पिलाकर,37
ढुलाई,37
आदेशानुसार,159
युवतियां,143
सुलझा,155
बेसहारा,120
मानवीय,92
महत्वाकांक्षी,185
विस्फोटक,155
आशियाना,37
बोध,75
बराबरी,101
दुपहिया,37
रविकांत,10
खीर,169
शक्ल,175
रसोइया,28
आकांक्षा,68
दबे,192
कर्मजीत,157
दरार,101
फौरन,155
संप्रदाय,155
श्रृंखला,185
ढूंढने,36
प्रसन्नता,185
खोजने,36
बॉलीवुड,155
खजाना,81
रूटों,141
उपासना,3
संग्रहालय,155
श्रद्धासुमन,185
मादक,155
प्रत्यक्ष,68
पारदर्शी,185
राहों,151
रखाव,116
दोहन,193
निषेध,155
रिटायर,93
जीजा,144
मुक्की,1
निर्यात,159
आजीविका,155
मनायी,37
जली,192
बिछाई,37
पच्चीस,38
शिवराज,198
निकटवर्ती,131
दृष्टिकोण,68
दांत,10
कृत्रिम,57
मूर्तियां,12
बेघर,32
लोडिंग,93
लाद,162
भटकते,78
गहनता,20
चिकित्सीय,74
पदम,44
कानों,180
रियाज,37
यंत्रों,130
पटरियों,119
विराम,155
फैंसी,50
शाहगंज,176
पलटी,149
चौड़ाई,187
रईस,121
मरे,192
जीविका,155
दंडित,52
एग्रो,194
विचारधारा,155
अख्तियार,129
पहाड़ों,107
जुर्म,129
वीआइपी,135
मंडलों,77
सशक्तिकरण,155
पुनर्गठन,142
मोड़,133
शीर्षक,73
खंगाला,81
बचाना,81
हितैषी,68
उपलब्धियां,7
गुरुद्वारे,185
समृद्ध,105
किशोरियों,26
पोखरा,81
रूख,86
जुटने,75
वृद्धावस्था,0
भागते,110
डूबा,81
चारपाई,28
परीक्षकों,73
स्नेह,155
ननद,44
आदर्शो,158
खासतौर,155
उपाधि,155
झूला,102
राजगीर,198
विराजमान,155
आंदोलनकारी,26
सिलेंडरों,93
अल्पसंख्यकों,7
कूदकर,36
काफिले,37
मंजिला,177
पाला,81
समझकर,59
नामी,129
माताओं,6
चिकित्सकीय,74
लोकतांत्रिक,92
जोहड़,155
जूते,81
बोधगया,81
टोपी,194
बनवाए,11
चढ़ाया,45
शिकस्त,5
सरकारें,101
थानांतर्गत,69
संतुलित,196
जहमत,30
सहमे,78
मुद्रा,185
स्वाति,155
उपमुखिया,155
संभवत,7
रीति,104
गुत्थी,155
दिलशाद,162
प्रवासी,136
घरवालों,151
रिसाव,194
तपिश,183
सैलानियों,151
सिखाया,96
पुतले,75
लड़ी,149
आजिज,144
नामांकित,155
बलि,192
घाटा,166
बढ़चढ़,45
बदसलूकी,80
चुस्त,191
भरते,78
फेंके,16
विकलांगता,3
पुर,176
नूतन,75
पापा,195
स्मरण,131
प्रक्षेत्र,68
शिखर,75
होशियार,26
अफसोस,155
मायूसी,155
खूनी,2
खडे़,139
मेंहदी,50
यूनियनों,147
श्रुति,155
जख्म,179
फीडिंग,93
कराएगा,18
तीव्र,185
जीवनी,157
शौक,155
कुंडल,77
जलमग्न,75
किसने,156
समझी,29
मोक्ष,155
पट्टे,166
बचाकर,27
खानपान,155
इनामी,81
फहराया,47
खुदरा,37
शेरपुर,176
निर्भय,159
बजाने,199
सुनसान,155
बेबुनियाद,155
वहन,89
हवालात,113
क्षत्रिय,68
किरदार,39
डोडा,81
अभिकरण,7
पत्थरों,26
पुलों,75
धरा,20
महापात्र,155
खिल,175
जगाने,199
झूले,102
आमसभा,20
प्रशिक्षकों,63
भिजवा,81
बनें,99
जनमानस,155
लगवाए,11
स्वाद,185
अंत्योदय,33
खड़े,139
केला,81
तारिक,155
प्यारा,155
चारो,155
पहरा,20
निगमों,7
परे,75
विद्वान,106
जनसेवा,190
जोड़ों,114
रीढ़,155
उठाएं,43
लाते,110
व्यर्थ,33
दरकार,101
उतारकर,27
महक,89
गजल,82
गाजे,81
गृहमंत्री,53
लोकप्रिय,155
कमियों,119
सेनानियों,190
गाए,11
कुल्हाड़ी,122
कारीगर,26
अनियमित,155
द्वारिका,81
आहुति,75
शास्त्रीय,68
इंटरसिटी,147
ढाका,1
समाजसेवा,190
प्रबंधों,153
बजरी,149
पटल,44
ठेले,175
नजीर,169
गुंजन,75
जाप,195
पखवाड़े,107
सटीक,167
निकाह,81
परगना,172
बादशाह,162
संस्थागत,33
स्वामियों,155
घात,0
अनुमंडलीय,77
स्थलीय,131
पत्रावली,33
शतरंज,144
मौसमी,138
अंशु,183
चुन,186
सुनाते,186
दुर्गापूजा,185
पहुंचेगा,19
कूड़ेदान,107
पौराणिक,155
दबकर,59
दिखता,85
पीले,175
कायरें,93
मृदा,155
हत्यारोपियों,51
योगा,173
दौलत,109
मन्दिर,155
फर्ज,144
कुचलकर,75
व्यतीत,104
मांगते,62
गुण,155
बेल,175
अटूट,141
सूफी,2
ऋतु,75
ताजिया,37
पूछ,15
प्रमाणित,155
संस्कारों,33
प्रतिद्वंद्वी,13
संशय,7
सेवादार,190
जच्चा,72
धनखड़,59
फिसल,155
खूबसूरत,2
बैठेंगे,17
रूपया,42
भुखमरी,2
सभाकक्ष,124
कागजातों,26
नहरी,29
सिखाने,96
माहिर,37
सेल्समैन,194
कंटेनर,93
विक्रांत,155
जिम,129
धरे,192
अधीनस्थ,73
चप्पल,195
सीआइएसएफ,94
बनीं,67
अंधाधुंध,50
मोहर्रम,122
एजेंसियां,155
गंडक,75
हजारी,101
मीर,169
उमंग,189
पीला,81
प्रवाहित,185
आदी,29
शहरवासी,136
चिंतन,3
बांटकर,155
जलेसर,75
कबाड़,107
पर्वत,131
करनेवाले,151
भाड़ा,107
सदमे,78
बांधने,50
आधारभूत,155
थाली,81
उतारू,81
खांसी,50
नोटों,167
महंती,75
खिचड़ी,155
धोने,36
सहायकों,6
मुनीष,186
फरियादी,162
दबंगई,189
दोहरी,193
प्रतियोगी,13
बच्चन,72
जोगेंद्रनगर,84
वर्चस्व,57
महापुरुषों,117
कट्टा,166
जनविरोधी,161
हुंकार,120
मोमबत्ती,155
जीवों,157
संगीन,7
शुमार,155
समायोजित,155
हालातों,113
खजाने,199
झमाझम,155
मीठा,37
आंगनबाड़ी,26
डांट,167
नेक,155
सवालिया,37
संरचना,155
प्रभावितों,61
शफीक,1
चरमरा,46
अलविदा,155
सद्भाव,185
खरीदना,180
निचली,60
हेमा,81
नील,175
डुबकी,155
घटा,20
दुष्यंत,75
अन्न,186
खड़ा,139
घुटने,102
एजेंटों,167
मारामारी,120
डालना,36
मैक्स,194
भूखे,2
प्रभाग,185
लाभकारी,155
प्रवृत्ति,57
पधारे,137
तेंदुआ,88
अपराधिक,92
दौड़,98
दही,29
दंग,189
चारे,137
उड़ाने,199
असंतुलित,196
दिलाए,96
पीना,81
सत्यवान,185
खरी,29
घूमकर,102
भ्रम,68
बकाए,11
चिल्लाने,37
कूच,60
कायाकल्प,155
खुशियों,164
संवैधानिक,92
बोलकर,36
मनोरमा,81
बहनें,99
उपद्रव,83
उपराज्यपाल,65
चुनने,186
टकराने,199
आमतौर,138
माओवादियों,83
ससमय,95
आपने,55
सज्जा,155
बैसाखी,87
बीड़ी,107
सिद्धांत,155
गांववासियों,136
क्रांतिकारी,185
प्रख्यात,155
खातुन,81
प्रश्नोत्तरी,33
लगाएंगे,22
सब्जियां,143
उदयवीर,169
कर्तव्यों,68
लपटों,8
बाधक,3
निकालना,163
छाई,28
डोली,36
काटते,110
चूल्हा,122
अर्से,155
स्कीमों,155
कान्वेंट,93
वत्स,75
राग,81
भूगोल,155
बजरंगी,189
लेफ्टिनेंट,93
अंचलों,26
किसके,156
लौटाने,37
सूचक,145
तपन,21
प्राक्कलन,185
जेलों,151
प्रभावशाली,185
शराबबंदी,14
दलील,175
स्त्रोत,130
बुरे,81
गिर्द,155
पहन,89
परिचर्चा,155
आभा,155
जाखड़,81
ज्वाला,81
रची,192
मंत्रोच्चारण,146
घोटालों,145
चरणबद्ध,7
उखड़,59
दूल्हे,122
सांख्यिकी,92
दक्षता,7
वित्तविहीन,155
अरसे,78
झुलसा,102
निकालते,163
तालीम,129
बकायेदारों,180
मूंग,81
देवा,81
आगाह,188
अष्टमी,87
नेत्रदान,185
लौह,36
गजेन्द्र,84
लेंगी,90
दायरा,81
खुलेगा,90
घटने,78
परिधि,13
उपचाराधीन,155
सुशासन,185
प्रीती,104
सिखाए,96
श्रोता,6
उमड़े,132
प्रबुद्ध,150
जौहरी,193
हड़पने,111
कानूनों,2
पत्राचार,185
पीली,175
चुनौतियों,155
खदेड़,107
अतरौली,81
उत्पादक,0
सत्तर,131
बेचैनी,32
उद्योगपतियों,123
सूक्ष्म,155
शायर,81
लथपथ,59
व्यवधान,33
भुइयां,143
पुरातत्व,155
नाटिका,81
अनावरण,155
अनुचित,155
अभियंत्रण,159
चाहत,109
कटवा,46
अंजान,120
प्रिय,155
इबादत,109
नकाबपोश,170
संभाली,41
झरिया,71
जानबूझकर,120
घिरे,75
दुर्भाग्यपूर्ण,185
मूक,86
संवारने,41
औपचारिकताएं,155
भुवन,75
बजते,111
प्रवास,136
रूक,86
एजेंडा,155
बोलबाला,113
जानना,81
दवाब,26
लिखाई,96
ऋषभ,82
बकाएदारों,180
बैरक,75
गंगाजल,81
चैत्र,155
लेखाधिकारी,148
फंसाया,50
अधिप्राप्ति,155
बरसे,78
रिश्तों,126
पंडितों,155
तमन्ना,81
प्राध्यापकों,146
बोतलें,26
अपितु,25
राधाकृष्ण,198
कयास,81
पिलर,167
खड़ी,139
बढ़ना,45
हवेली,175
रहस्य,118
त्वचा,185
शुभारम्भ,185
हिस्सेदारी,128
असलहे,78
प्रेमनगर,104
साधू,3
पलटा,172
सत्ताधारी,185
पन्द्रह,38
पीरो,194
उल्टा,166
संयम,7
रोड़ा,107
सूरी,2
स्क्रीन,155
ठेकेदारी,180
तेरे,137
कांटे,167
फंसने,50
जद्दोजहद,170
व्रतियों,155
शिल्पी,155
फुटपाथों,26
सिरदर्द,191
प्रस्तुतियों,155
पंचों,60
मुनासिब,129
परसा,20
अमावस्या,87
स्थिर,154
बैट्री,194
निखारने,96
खींचने,60
बिगुल,36
निर्धन,159
समझना,46
पात,0
परिणामों,159
आपबीती,155
दरम्यान,81
पिकनिक,194
आहवान,81
खंभा,52
मंहगाई,189
पगड़ी,192
मेजबान,138
गुटबाजी,120
बरसी,29
त्रासदी,155
वालीबॉल,81
अद्यतन,7
संवर्ग,7
पालना,81
लौटकर,9
कुत्ता,155
सानिध्य,3
प्रावधानों,155
वस्तुएं,155
औपचारिक,92
करवाएंगे,22
घोषणाएं,145
दबोचे,60
लटकी,29
कैसा,49
सर्वोदय,75
सांय,155
कक्कड़,155
सशक्तीकरण,155
बेतरतीब,32
उफान,125
रंगीन,97
मुश्ताक,129
आशाओं,145
बनाओ,155
जागीर,81
सोते,36
तुषार,155
नीतियां,155
गुजरती,58
गर्भपात,0
दाह,188
पहनने,78
दूरसंचार,155
सुंदरता,3
छिपाने,195
पकड़,45
संक्षिप्त,155
कांडों,52
समझाकर,27
चर्चाएं,145
देंगी,140
मान्य,3
रैकेट,167
भिड़े,107
शाल,113
फजीहत,109
तांत्रिक,92
विभूति,155
पकड़ा,45
बरतें,99
सजाने,199
सुरक्षाकर्मी,196
बड़ों,8
जोखा,36
उठाएंगे,22
निकटतम,155
अरमान,125
गतिरोध,161
सरोकार,1
टुकड़े,155
छुड़ाने,37
जवाबी,120
अथारिटी,93
पूर्णत,24
धनी,192
बिगड़ती,79
बसर,89
सुस्ती,191
जयकारों,155
एचआइवी,94
तलाक,1
सजे,192
फाइलें,177
परचून,186
प्रवाह,185
दिलों,26
दुर्लभ,185
मोटे,194
पिकेट,167
रोमांचक,155
बुद्धिजीवियों,150
त्रुटि,196
ट्रासफार्मर,93
रासायनिक,92
कोटेदारों,180
उड़ाया,47
आतंकवादी,83
जीवंत,157
देह,158
स्वाभाविक,33
खामी,81
श्रीमद्,104
काज,144
फरोख्त,36
आधारशिला,155
स्टाप,194
नारों,180
भराव,116
भूसा,2
खनिज,144
बासमती,26
निगाहें,155
गलन,155
सदुपयोग,173
रातभर,46
पत्रकारिता,185
खागा,81
सताने,199
रचा,20
चौंकाने,37
ढाणी,81
प्रारम्भ,185
जातीय,0
दिखाना,96
नवाज,144
सुपरिंटेंडेंट,93
लहराया,47
तोड़े,132
ढांचे,197
केंद्रित,155
रोना,194
अथक,59
मनोकामना,155
गेंदबाज,165
गजराज,144
नकलची,192
चन्द,50
उपनगर,82
तपस्या,155
कराता,160
पालीथिन,147
उच्चस्तरीय,131
दुर्गम,185
पीतल,75
सैकड़ा,26
धमाल,113
फैक्ट्रियों,93
जिलांतर्गत,33
बदन,76
शंभु,75
बनाता,160
अर्जन,7
जल्दबाजी,165
बुवाई,37
कुंडी,52
समाना,81
सहमत,121
सूट,141
प्रायोगिक,155
जानता,81
समानता,155
भुक्तभोगी,185
नगरवासियों,136
विख्यात,155
संभल,7
छाता,160
बैठते,17
कमा,20
उस्मान,129
हनन,82
भिन्न,155
पहनकर,59
एहतियात,155
लाचार,185
पीते,155
घोड़े,75
सुपारी,155
बैठाने,17
छुट्टियों,155
बंधा,50
रोजमर्रा,26
परिक्षेत्र,68
मसलन,82
सूखी,2
प्रोफेशनल,93
अध्यादेश,146
आहट,95
गद्दी,155
उतारी,101
बहता,46
प्रयोगात्मक,185
अनाथ,75
मतभेद,7
छापने,195
किसे,156
खर्चे,60
विकट,167
गुरुजी,23
दहाड़े,107
सोचने,60
सतवीर,169
कपास,81
शाहबाद,162
ब्लास्ट,93
लगवाया,47
अखाड़े,107
चौसा,187
हिंदुस्तान,155
सुर्खियों,155
जहरीले,175
खिलाने,37
भुगतने,2
इंसपेक्टर,93
ढांचा,197
घनी,192
चिलचिलाती,37
पालकों,26
दर्शनों,7
किनारों,180
शीतलहर,75
नाश्ता,126
चुराने,37
सूचियों,145
नान,81
बाथरूम,155
ठेस,75
निकलती,85
वैवाहिक,134
दिलचस्प,3
कृत्य,57
सनसनीखेज,155
बुलाए,37
मूलरूप,3
बकायदा,155
अबकी,29
जाओ,11
थानान्तर्गत,69
अमलीजामा,81
फलदार,101
हिमालय,155
नाना,81
भूतपूर्व,24
गम्भीर,155
दाने,81
पतंग,189
वैली,175
पुत्रगण,117
फलस्वरूप,155
खोखे,36
सुकून,2
रखनी,149
गायिका,81
जगजीवन,157
संदिग्धों,7
बांसी,50
राजभाषा,198
सोचना,155
दलदल,44
तिल,175
भिखारी,81
ड्रामा,93
खुलते,36
गमगीन,186
कामगार,26
ठहराते,110
पहुचने,19
दिलाना,37
लम्बी,155
दिखायी,96
कुरान,81
बैठना,17
थैला,81
कहावत,81
सांकेतिक,92
गुफा,81
दूंगा,35
वनों,8
नाच,81
पंपों,195
दार्जिलिंग,81
घोड़ा,107
शशी,149
कामगारों,26
जुल्म,129
बेहतरी,32
बखान,125
ज्ञापित,174
भेद,155
बिस्कुट,1
तरजीह,81
याचिकाकर्ता,155
बैद्यनाथ,198
मयूर,75
मुल्क,129
चर्चाओं,145
प्रलोभन,185
गाते,110
सत्याग्रह,185
खेमे,36
रोहन,193
नीलकंठ,75
छोड़ना,171
शिवालयों,155
सादा,81
बेमियादी,129
अनामिका,81
बुआ,88
सौतेला,151
विंध्याचल,155
तकरार,101
धर्मराज,198
आंवला,81
लात,113
महफूज,144
वंश,158
सुजाता,81
दफन,95
विलास,81
हानिकारक,155
अनिवार्यता,155
रहमत,121
प्रकाशोत्सव,87
चुनार,91
बीर,169
मिष्ठान,13
दिवाली,87
हटवा,172
मातहतों,26
निगल,81
सामग्रियों,155
इतर,121
गुरुदेव,23
पहर,59
जनवितरण,168
संजीवनी,157
लड़ाई,28
वृहद,75
समरसता,46
घुसपैठ,102
धमकियां,143
विक्षिप्त,155
गोपनीयता,155
पाठ्य,155
मेहरबान,120
रैंप,194
सेवायोजन,190
कराएगी,18
पहना,46
समीकरण,7
पालियों,151
सरैया,71
प्रदेशभर,158
दुखद,2
आठवें,155
अखंडता,155
पॉलीटेक्निक,147
फिल्में,155
घबरा,46
संचालिका,155
देय,75
टकराकर,27
धमका,46
लगाव,54
नित्य,3
आपत्तियां,155
मैदानी,138
कर्मवीर,75
बिछा,37
उल्टे,166
रखेगी,48
त्राहि,81
पौष्टिक,92
शौकीन,138
दरें,99
सिक्का,1
भौगोलिक,92
समझे,78
एकादशी,87
विनायक,155
उछाल,155
निभाते,96
करतब,155
रेफरी,144
निर्वाचक,159
रामवृक्ष,68
बीआरपी,135
बक्से,155
धमकाने,199
अनुमानित,155
ढ़ाई,28
ग्रामोद्योग,123
पलक,21
बली,192
मुख्याध्यापक,146
सर्दियों,155
अनाधिकृत,155
विषम,168
जानबूझ,120
विद्यासागर,106
हटाना,81
मुस्लिमों,129
मस्त,5
शगुन,186
ढोने,36
प्रांतों,155
कार्डधारकों,6
धूरी,2
काल्पनिक,155
गुजरा,58
अनवरत,82
सौभाग्य,185
बांधे,50
जानमाल,113
कुंडली,77
देखेंगे,155
ईनाम,129
कम्युनिटी,147
मुस्तैदी,129
गल्ले,175
अन्नपूर्णा,24
त्रिलोचन,155
गालियां,143
घंटी,40
दूरस्थ,155
सोए,81
गुजरे,58
मारते,110
रसोइयों,119
मोबाईल,177
कीड़े,107
नैतिकता,92
कार्यान्वयन,184
औचित्य,155
बेमौसम,138
अपनाई,28
अभिनेत्री,6
नकारात्मक,185
उतरते,78
इंजीनियर्स,147
ससुरालीजनों,155
मंदी,50
फर्जीवाड़े,120
गिराया,37
झूमते,102
बदलना,46
कुलभूषण,75
रिक्शे,1
लटकता,155
खट्टर,75
कैफे,194
शाखाएं,145
देवाशीष,75
केवट,75
उबाल,113
हकदार,101
किले,175
करवट,95
साधनों,3
अहमियत,109
टोनी,194
मसला,46
बचना,46
छूटने,141
ताऊ,28
वचन,82
अनुबंधित,153
धोखे,36
अंगुली,75
नलों,8
ढूंढ,60
ज्वालामुखी,81
आदान,125
चुराकर,37
परिचालकों,177
मनमर्जी,144
निभाया,96
भट्ठों,26
वार्डेन,194
सुखद,2
आपत्तियों,155
कर्बला,1
बुद्धिजीवी,150
उठती,29
आएंगी,140
रिचार्ज,93
खोखा,36
तान,125
बिन्दुओं,103
वाजिब,129
भंडाफोड़,120
लगाता,160
केसर,75
अभिरक्षा,196
अर्थव्यवस्था,33
गुलाबी,129
अंधकार,50
जीरा,198
जलती,29
तेरा,137
दोगुना,58
श्रेया,155
गिरता,37
बिगाड़ने,37
दैवीय,3
सूचनाओं,145
बीएसएल,94
हुड़दंग,189
ढलते,78
बीघे,81
रेलमंत्री,53
चौकियों,187
वर्षगांठ,124
तानाशाही,120
हिंसक,155
परत,89
गुणों,155
महफिल,175
घोल,75
निवेशकों,158
वित्तमंत्री,53
ढक्कन,75
खटखटाया,47
मौज,144
अवमानना,155
बनाएगी,18
मंत्रोच्चार,146
टेकने,167
दूल्हा,122
ज्योतिष,123
बानगी,120
मेघा,81
अमूमन,155
कढ़ाई,28
शॉल,175
सोया,194
पर्दे,155
उद्भेदन,155
मिलेंगी,90
पीटना,81
महारानी,198
लड़कियों,72
थानेदारों,180
स्तुति,155
कक्षों,124
समितियां,7
अनियमितताओं,155
व्यथा,155
सम्बन्धित,7
टांग,81
लोकप्रियता,155
जबर्दस्त,5
नाकेबंदी,14
ठगा,20
बुजुर्गों,185
विस्तारपूर्वक,185
बजा,20
शराबियों,151
बंजर,75
छटा,46
प्रण,75
कसी,192
गाया,81
हैसियत,39
खुदा,155
गोताखोरों,26
सुअर,75
इकलौता,138
निबंधक,153
मौतों,138
क्रमांक,33
रामराज,198
जुटाई,37
नयन,59
जस्सी,167
फूंकने,16
स्वर्णकारों,155
आकाशीय,155
सकेंगी,140
आयाम,0
जलवायु,0
पक्षपात,0
गुंडा,81
राष्ट्रपिता,65
खामोश,170
ख्वाजा,81
आक्सीजन,167
बरते,78
घटती,29
प्रसारित,185
लाटरी,194
दमखम,59
प्रायोजित,155
हिंदुओं,103
कथावाचक,155
जांचने,197
अतिसंवेदनशील,155
जोड़ना,171
घंटो,40
मदरसे,78
क्षण,196
अक्षर,7
खुलेंगे,90
कुछेक,75
प्रतिद्वंदी,13
एकादश,155
खिला,37
डायन,81
सलाखों,114
मिठाइयां,37
मोहलत,193
चोरियों,26
छाती,81
दीर्घायु,185
बटन,155
ब्रह्म,75
तेरी,137
नीली,175
बरस,44
तकलीफ,155
उड़ाए,11
आमंत्रण,130
बिगाड़,37
पशुपालक,0
नाकाफी,120
पहनाने,199
नाबाद,162
सबों,8
सन्,75
जटिल,175
नुमाइश,129
तीर,169
मुखातिब,129
कर्मकार,184
कतरा,20
लड़ा,20
दिनकर,75
शौर्य,3
लेख,85
सुखी,2
सब्र,169
असमर्थता,7
मसाला,113
त्रिलोकी,155
उड़ाई,28
साख,81
अनिश्चित,159
प्रचंड,52
तांडव,75
गिरिराज,198
कोटि,194
चढ़ाकर,45
सरासर,75
संलग्न,7
खोया,36
गवर्नर,167
गोलमाल,81
फौजदारी,120
हर्षित,196
नौकरियों,155
घोषणाओं,145
काटना,81
प्रैक्टिस,93
एयरफोर्स,93
भागी,155
मजीठिया,37
संपादक,155
घेरने,75
भावभीनी,155
तनावपूर्ण,24
वजूद,155
रखवाली,155
स्वावलंबी,33
खींचतान,120
हल्दी,155
थप्पड़,195
मालाओं,26
मोटरसाइकिलों,177
कार्पोरेशन,93
उड़े,78
अतिशीघ्र,185
मिलाप,37
नमो,55
संभावनाओं,145
साहित्यिक,92
टेढ़ी,155
हथियारबंद,14
सीढि़यों,155
नस्ल,175
पाइपलाइन,177
मुकुट,75
दुर्भाग्य,185
सुरक्षाकर्मियों,196
सुरंग,97
शीत,157
डलहौजी,193
इज्जत,144
दर्शाता,155
एकतरफा,46
रिवाज,198
गुंडागर्दी,120
मैया,71
ट्रालियों,155
मापदंड,155
नाथनगर,81
पंथ,75
सफाईकर्मियों,26
मिलाने,37
जगपाल,113
जानें,155
कटाक्ष,68
भीख,2
तकनीकि,155
दौड़ते,98
अनुदेशकों,7
परिवारीजन,134
स्वयंसेवियों,190
हिलसा,37
दीदी,81
मिलाया,37
दंगों,189
चढ़ाई,45
हाकिम,129
कुलश्रेष्ठ,68
पुनर्निर्माण,159
मोटा,194
प्रार्थनापत्र,185
उच्चाधिकारी,148
जया,20
समझें,99
हलवाई,28
साबुन,2
फकीर,169
नजरें,99
खेलना,36
स्वदेशी,158
भयमुक्त,4
हीलाहवाली,113
भाषाओं,145
उच्चतम,155
जनजातीय,0
बंदरबांट,155
संग्रामपुर,176
आत्मसात,185
सांई,28
अनुदानित,155
बाहुल्य,3
भतीजी,144
सटा,20
आतंकवादियों,83
विक्रय,68
धुएं,88
पकड़े,45
झोला,36
चैतन्य,3
पर्यवेक्षिका,68
तल्ख,75
गहमागहमी,188
झूल,102
सौंदर्य,3
बही,192
थोड़े,171
रानीखेत,107
शिशुओं,26
दक्ष,124
मस्तिष्क,57
खंडहर,52
अव्यवस्थाओं,33
धनघटा,20
पार्लर,93
सम्पूर्ण,24
कसबा,172
पालक,26
धराए,11
नाटकों,26
झांसे,50
चलाएं,11
मुसाफिर,129
प्रसूता,185
पड़ेंगे,140
अपनाना,81
धमाका,1
पैंट,167
उपायों,26
मानचित्र,178
पायदान,155
गांठ,155
अहंकार,1
कनेक्शनों,93
दौड़ने,98
जलाई,28
मनचलों,8
वास्तविकता,155
निवासीगण,136
दिखती,85
उपद्रवियों,83
क्रिकेटर,165
जनजागरण,155
कट्टे,166
पर्यवेक्षण,68
आगोश,183
हेलीपैड,194
कम्युनिस्ट,147
शुभकामना,185
धनुष,75
प्रतिपूर्ति,12
प्रजातियों,155
जहाज,144
पखवारा,81
बेबस,32
भेजें,31
पत्ते,5
शिवपूजन,75
आंध्र,155
अपनाकर,27
उपजाऊ,155
बैठाया,17
किशोरों,26
कांति,10
नकार,120
लाभदायक,155
पाटिल,81
शूटर,167
बनाती,81
वैसा,49
जूता,81
रेप,194
उद्देश्यों,158
अकेडमी,167
समता,46
उठते,78
ठगने,111
खलील,175
चाट,166
चुकाने,37
प्रशस्त,155
बेचना,60
हड़ताली,113
झेलने,36
पालिसी,147
इचार्ज,144
कांफ्रेंसिंग,93
अपनाए,11
रेलकर्मी,26
दबी,192
रचनात्मक,185
इकट्ठे,166
राजस्थानी,198
कदमों,8
इस्तीफे,5
हालचाल,113
चौंक,155
पूर्वजों,24
चलेंगी,140
सामंजस्य,3
गुंजायमान,155
मासूमों,129
रिमझिम,155
किनारा,37
उमड़ा,132
बूढ़े,155
गंवा,81
पारिश्रमिक,155
इसरार,101
विडंबना,155
जागो,81
महाआरती,155
जनाधार,155
रेडीमेड,93
शिवानंद,198
बंगले,81
दारू,81
आदर,21
विभाजन,155
धमकाया,47
मलिन,186
बुनकरों,26
मंडरा,52
जलाए,11
मैकेनिकल,147
लश्कर,75
पत्रांक,33
मन्नत,155
माइक,81
तदर्थ,7
अद्भुत,155
सुखराम,198
सभाएं,145
सीखा,81
अदद,59
थैले,81
महामाया,47
दिव्यांग,3
असलहों,8
ज्ञातव्य,174
अनापत्ति,155
कॉरपोरेशन,93
गाना,81
उत्खनन,131
रेलगाड़ी,26
नाता,81
पोर्टल,93
मुर्गी,185
नाश,183
कंधों,50
बटोरी,194
कमजोरी,80
अक्षम,7
सिफारिशों,39
कराह,188
होम्योपैथिक,147
भंडरा,52
कांटा,81
उपकेन्द्र,127
टूरिज्म,147
बोरियो,194
कविताओं,145
घटक,44
साक्ष्यों,68
आखों,8
तालियों,151
कुर्सियां,155
विषयक,168
हराम,129
कठिनाइयों,155
व्यंजन,0
बेमानी,129
अपमानित,155
निकास,163
देखिए,85
चलेंगे,140
बताता,160
बनवाकर,27
खींचकर,67
त्यों,119
भीड़भाड़,107
मानिक,92
सीमाओं,145
वरिष्ठता,68
आत्मरक्षा,196
मानती,109
चलन,59
माप,195
अटैची,155
तिहाई,37
कतिपय,75
अनभिज्ञता,174
आंगनवाड़ी,107
ठगे,111
पिछड़,79
अनुदेशक,7
सांझा,81
नीले,175
असंभव,7
कारीगरों,26
चौथ,187
बन्द,50
भावुक,185
सुरभि,75
कबाड़ी,107
बढ़नी,45
एकड़,82
जेईई,94
दलबल,59
लगवाई,28
कोशिशों,39
संपति,7
मार्कशीट,93
कराती,81
बॉल,175
ढीली,175
उपदेश,158
ढेरों,114
प्रशिक्षणार्थियों,63
जालसाजी,120
दिमागी,155
भूमिहीन,155
छूने,141
इंसानियत,39
छेड़ा,107
शर्मनाक,120
चाही,188
हिल,175
सोमा,194
खोद,36
आजतक,82
श्रावणी,87
सौंपते,41
जुकाम,120
क्षमा,7
चपरासी,136
रंगमंच,155
पम्प,195
पिला,37
लेखाकार,148
रचनाओं,145
व्यवहारिक,155
सुधरने,2
ऊंट,167
मेवा,81
टीसी,135
आश्रय,68
जूझते,102
लोकगीत,155
वाचक,155
समेट,167
हरकतों,8
महादलितों,155
पुष्टाहार,185
स्वभाव,33
चित्रों,178
स्वेटर,167
औषधीय,118
तृतीया,155
छोड़कर,133
पाठ्यक्रमों,68
बोरियों,26
कुचला,155
जनसमस्याओं,145
फायदेमंद,128
परिणामस्वरूप,155
बीवी,135
भाड़े,107
यथा,20
कीमतें,30
प्रतिरक्षण,196
निगमायुक्त,4
वर्गीय,124
नवयुवक,190
ननिहाल,113
पागल,81
बच्चू,72
प्रियदर्शी,104
बालकों,26
सम्बन्ध,7
अनुमोदित,155
शीट,167
प्रविष्टि,155
कैरो,194
विवेचक,155
गजब,121
गदगद,59
तवज्जो,144
भराई,28
मनाना,81
परियोजनाएं,145
रौंदा,81
शिशिर,155
कंधा,50
रंगा,97
एथलीट,7
हबीब,181
तापस,155
मुगल,193
जिसमे,156
नीलाम,129
पूर्णाहुति,185
उन्नयन,7
भागीरथी,81
जोड़ने,133
सिद्धांतों,155
हार्दिक,155
भयानक,46
करोड़ों,114
कुम्हार,137
बनानी,81
मीठे,37
बुनकर,186
सुबूत,155
संभाले,41
पखवाड़ा,107
कौम,129
सेवादल,190
प्रस्तुतियां,155
यथावत,101
उतारे,137
कोरी,194
प्रदेशीय,158
संगीतमय,7
भरवाने,199
सजाई,28
राजनेता,6
झोली,36
वास,136
घेरकर,75
सहेली,175
राजनेताओं,6
चोक,1
मदरसों,8
मतपत्र,33
घिर,75
डरा,20
बेचैन,32
राशनकार्ड,184
हंसी,50
बुझाई,37
उन्होनें,56
अपनाते,110
घूस,102
दोहरा,193
सभ्रवाल,155
लोकदल,155
रामानुज,198
विटामिन,147
थाम,129
बाड़ी,107
नाज,144
हरकतें,99
ख्याति,155
बिसौली,81
अतीत,157
रंगाई,155
शिवालय,155
धोबी,36
पूंजीपतियों,155
उलट,82
सवेरे,137
पिलाया,37
वारिस,37
पीडि़ता,61
मूकदर्शक,3
बचें,99
मौसी,81
ढाबों,26
राष्ट्रवादी,65
घटकर,75
चौरासी,187
हटकर,82
जिम्मेदारियों,128
विवाहित,134
लगनी,149
खरीदारों,180
असंगठित,196
कर्ता,6
अराजपत्रित,155
भेजते,31
अवरोध,7
निंदनीय,3
लुटेरा,81
पत्ता,5
रखीं,67
प्रादेशिक,155
माघ,81
गूंजा,81
समतल,121
दलहन,44
बजाकर,27
अजब,82
विषाक्त,185
व्रती,104
कव्वाली,81
शिशुपाल,75
जिन्हे,56
जैव,157
हकीम,179
पदोन्नत,155
आत्मिक,68
भूत,155
दोहराया,155
सेमीनार,155
चलीं,67
अटका,46
अध्यात्म,68
छुट्टियां,155
मदनलाल,113
साधकों,3
सुनाए,186
सैल,175
महाभारत,155
ठगों,8
कुरावली,81
बाड़ा,107
छठा,46
उत्साहवर्धन,185
निश्चय,159
गेंदों,165
आशाराम,198
वाह,188
व्यस्तता,33
साया,47
मुर्गा,185
भ्रूणहत्या,185
विसर्जित,196
खरीदते,180
महासम्मेलन,155
शीतकालीन,1
उपसमाहर्ता,155
काश्तकारों,26
आभूषणों,196
पर्यवेक्षकों,68
सिवाय,151
शीश,183
अभियोजक,7
बच्चो,72
लिंगानुपात,0
श्यामसुंदर,198
बंटवारा,81
उच्चारण,185
छिन,186
निष्क्रिय,68
नवविवाहिता,134
मुनीम,129
चोटी,155
मधुकर,75
क्षय,7
प्रगट,75
नानी,81
अंधविश्वास,185
लाठियों,143
तस्वीरें,155
समीपवर्ती,131
जुड़ी,132
डाकघरों,26
फैक्स,93
साधते,3
चढ़ी,139
उतरेंगे,140
इसने,78
प्रचलन,75
परमाणु,0
लीवर,155
टिकटों,167
पत्ती,5
इलेक्ट्रॉनिक,147
अल्प,195
बिजेन्द्र,84
चने,60
जुड़कर,132
स्वर्ग,124
अनुपमा,155
विनाश,155
बनवाई,28
संचयन,7
अभिशाप,81
असलियत,109
पढ़ती,45
ईटों,8
भूना,2
बेअसर,32
गायकों,6
पार्थिव,185
कार्यवाई,184
कार्टून,2
उद्धार,155
शीशम,183
खदानों,26
विशेषता,68
पुताई,81
अनुसरण,7
स्टेशनरी,93
होनेवाले,151
आंदोलित,7
विद्यानंद,198
अंतरिम,33
विद्वानों,155
आंखे,155
करायें,11
निर्मली,159
गोरा,81
घटतौली,155
धूम्रपान,155
बागवानों,26
डेरे,81
तबतक,59
शिक्षामंत्री,53
पंक्ति,155
साहित्यकारों,155
झपट,121
ताकतों,26
अपात्र,108
प्रेषण,68
संकल्पित,155
किसानी,26
कटवाने,199
ठंडक,52
फुटकर,75
सदी,29
लुभाने,37
चश्मा,81
भांजे,81
पैगाम,129
जमानती,26
गानों,26
बारादरी,162
लाडली,81
सुई,28
पड़ोसी,136
हर्षवर्धन,75
दिहाड़ी,107
चंपत,75
करुणा,75
किसकी,156
प्रणाम,185
समुद्र,185
निर्बाध,159
अमूल्य,3
सुश्री,75
खानी,81
मांझा,81
नदियां,143
ढुल,175
तैराकी,120
कैसी,49
संक्रमित,185
स्वेच्छा,185
सीआइडी,135
नियुक्तियां,4
सतगुरु,23
मुकर,75
मचाते,110
करतूत,155
राजेश्वरी,198
भीमसेन,198
गहलोत,75
इक्का,1
समुदायों,155
गरमा,20
खिलौने,155
रासलीला,81
लाये,64
उठाये,43
ठेकों,26
सपरिवार,134
दौड़ाकर,98
फूस,81
म्यूनिसिपल,147
ढिलाई,37
कटोच,60
जायें,11
निपटारे,163
योगाभ्यास,155
चुपचाप,195
बेतहाशा,120
निवासिनी,136
संतोषी,196
छेड़,155
शक्तियों,155
यथाशीघ्र,185
भट्ठी,166
व्यवसाई,0
टालमटोल,113
पढ़ता,45
आमलोगों,34
किन्नर,56
रखेगा,35
पहाड़ी,107
धुंआ,88
प्रतिबद्ध,13
हड़प,121
परमहंस,75
बर्तनों,26
मुहूर्त,155
सहसचिव,197
स्रोतों,130
बदलवाने,199
शंका,1
मोहताज,120
लीची,155
निर्वाह,159
निभाएंगे,22
पढ़ना,45
उत्सुकता,185
नाममात्र,108
सदियों,119
शक्तिपीठ,155
कूड़ा,155
मानों,26
कलाई,28
कसरत,89
सत्यापित,155
मालिकाना,155
भूगर्भ,155
हमलों,8
तनख्वाह,188
फिसलने,155
हाय,155
कविताएं,145
साधक,3
तोले,36
उपमुख्य,3
वृद्धों,105
चालीसा,81
कारखानों,26
जगरूप,75
जानकर,155
बीजों,26
बिखर,79
घमासान,81
चहेतों,26
कनपटी,192
भूरे,2
अधिकाधिक,155
लीलाओं,145
अपूर्ण,24
सर्वोत्तम,75
मरा,20
मुझसे,137
मिट,167
वैसी,49
जलनिगम,7
बिलकुल,155
मूंगफली,2
साम्राज्य,3
एथलेटिक,155
जलनिकासी,163
बरातियों,151
श्रमायुक्त,4
हुकूमत,129
मेज,31
डकैत,5
खचाखच,46
हस्तशिल्प,68
जैकेट,167
पिछला,155
अनार,101
तीमारदार,180
सेंधमारी,120
हारे,137
निरुद्ध,150
दिखते,85
मनाएं,11
शासक,185
सबमर्सिबल,93
दुश्मनी,185
चढ़ाव,45
खरीदार,180
पांचाल,81
उतरना,46
सातों,26
रियासत,39
मरहम,95
कुदरत,30
बिखरे,79
मोहब्बत,129
ढांढस,155
जरुर,75
चौके,187
चूड़ी,155
हिमपात,0
थाप,195
सुनियोजित,155
फेंककर,16
मछलियों,143
फुसला,129
स्थानान्तरण,33
पहिए,70
पूर्णतया,24
टेंशन,167
वतन,44
जमाए,11
तोड़ी,132
कौमी,129
अंत्येष्टि,68
तिथियों,154
रचने,78
सड़के,78
न्यायालयों,146
गुरुओं,23
अधिकारिक,148
सत्रह,75
अलवर,95
याची,151
व्यंजनों,0
बूढ़ी,155
मत्था,33
शुक्र,155
बॉर्डर,93
उपभोग,173
उतने,78
प्रतिभावान,13
धूमिल,102
अशांति,10
लहरा,20
दरारें,101
मनीराम,198
इंद्री,155
लड़ेंगे,140
अंर्तगत,33
सर्वोपरि,155
पंजिका,155
दबोचने,60
रोपड़,75
साईकिल,177
अड्डों,52
मम्मी,179
मंद,50
भारतीयों,155
चाची,81
स्पर्श,158
पड़ेगा,35
नक्षत्र,68
बसाने,199
करारा,81
इरादा,81
दिशानिर्देश,159
असमाजिक,92
लालबत्ती,155
वल्लभ,75
पांचवे,38
सुंदरी,3
दिलाते,96
जापानी,81
हल्दिया,71
नमस्कार,1
नाचते,110
लिपिकों,195
निवेदन,155
सहम,21
हर्रैया,71
रातों,26
साला,81
मनचले,78
जंजीर,81
ठहरा,46
गोभी,36
भेजेंगे,31
जुनून,2
फर्राटा,166
प्यासे,155
मण्डी,52
वादन,155
श्रीधर,104
अखबारों,26
रीतेश,104
सुने,186
संगठनात्मक,155
तोड़ते,171
मनिहारी,81
लड़ते,192
पिछड़ों,79
मानता,155
मक्खी,1
भरो,36
ऑक्सीजन,167
स्वैच्छिक,92
रहेगे,140
खड़ंजा,81
हड़कंप,195
विधवाओं,155
फूले,36
अनियमितताएं,155
अहिंसा,155
जुटाए,155
हताहत,109
बजने,78
निजाम,129
आयात,0
क्षेत्रवासी,68
पहुचा,19
जामिया,129
प्यारी,137
दमन,121
बुनियाद,155
सटी,167
अर्पण,7
बाशिंदों,151
वनस्पति,155
संकरी,75
विसंगति,7
नाई,28
पालम,81
फव्वारा,155
पडे़गा,35
डाका,1
शीशपाल,75
परवरिश,183
डिस्चार्ज,93
कृष्णानंद,198
निखार,96
कार्बन,155
समयावधि,155
जेठानी,81
चराने,199
अभिव्यक्ति,57
मंत्रों,130
पिपरी,155
सत्तारूढ़,65
क्रियान्वित,155
लोहार,81
हस्तांतरित,196
बहार,101
निष्पादित,155
पालने,81
उपकेंद्रों,127
सुनेंगे,186
मशरूम,102
फिक्र,129
बिके,1
फूटा,81
लायी,37
बैलों,26
अनुशासित,155
माटी,166
आंकी,155
कलेर,75
वक्तव्य,68
घिरा,81
अनुमंडलाधिकारी,148
विस्थापन,33
भट्टा,166
तीखे,36
परिसदन,155
तुरन्त,75
बाजू,144
बिरंगे,97
उत्तेजित,196
दिनोंदिन,186
साजन,3
कुश,183
रामकथा,198
कृति,57
प्रमुखों,155
शादीशुदा,134
सहायिकाओं,155
कमांडो,52
उग्रवाद,83
पहनाया,47
दर्जे,144
मोतियाबिंद,162
मिनटों,100
इकाइयां,143
विसंगतियों,154
कामिनी,81
प्रत्यारोप,185
विक्षोभ,155
कार्याें,184
मचाना,81
दिलाकर,96
बेरुखी,155
घाव,81
दीवारें,180
जूट,141
स्थली,131
कृतित्व,57
विस्तारीकरण,155
मशगूल,36
मदों,8
महरूम,102
खिली,175
भुगत,2
खुलवा,36
अनुभूति,155
वाममोर्चा,0
दिखेगा,90
बड़सर,193
जामुन,81
मुख्यधारा,155
बेसब्री,32
बगीचा,60
चरितार्थ,33
जगदंबा,40
मौरंग,97
मैनेजिंग,93
चरमराई,28
दीजिए,70
मनोविज्ञान,174
जिताने,37
रेलकर्मियों,26
अपरान्ह,155
रैलियों,155
धराशायी,155
छुड़ा,195
बेसुध,75
सिराज,198
दिलवाया,37
प्रबंधकीय,153
लूटकांड,141
प्रत्यारोपण,185
कोंच,60
खिले,175
हिना,37
तिपहिया,37
पंख,75
निकलेगी,48
पैठ,17
परमवीर,169
स्वाहा,81
डूबी,81
आनेवाले,151
प्रभागीय,155
नींबू,2
ज्येष्ठ,68
बहाया,47
अनुयायियों,151
बंसी,50
एकमुश्त,155
रघुराज,198
सायंकाल,1
शमन,59
कोस,194
अजीब,181
किलोवाट,100
फैसलों,26
हिदायतें,39
सदस्या,155
भूरी,2
अमरूद,81
अधीनस्थों,73
पांचवी,38
ललक,21
आधुनिकता,92
बताएंगे,22
पूज्य,185
भागदौड़,98
सफलतापूर्वक,24
कटों,8
कारणवश,155
घुसी,102
सुदीप,75
विलुप्त,155
जलसे,111
महामारी,120
चरखारी,101
उड़ने,111
विविधता,155
फैलता,112
तौबा,81
दागी,81
गृहकर,7
छीनी,186
अपेक्षाकृत,68
इनवर्टर,167
सम्मति,155
स्टेंड,93
सुरक्षाबलों,196
अनुग्रह,7
सुखचैन,194
कार्यकत्र्ता,184
फैलती,112
युद्धस्तर,150
ऑपरेटरों,93
त्यागपत्र,185
संरक्षा,196
पोखरों,26
दुबके,75
आभास,136
कैप्सूल,147
सर्प,195
अड़चन,60
गुपचुप,195
दुष्प्रभाव,185
गंगानगर,81
धारी,101
ट्रांसफारमर,93
मनमाना,81
हाशमी,129
कोसा,194
आरपार,101
खोखला,36
पाएं,11
कालिंदी,81
शुद्धता,185
विभाजित,155
सूचीबद्ध,145
हैंडबाल,26
सुनायी,186
तारें,101
ग्यारहवीं,38
संग्रहण,7
बहु,75
तकिया,71
दोगुनी,58
नवसृजित,196
सिलिंडर,93
रैयतों,109
फार्मो,194
पकवान,125
नतीजों,26
अनुभवी,7
शिवभक्तों,7
भड़ास,136
नौका,81
नमूनों,186
बहेड़ी,107
कुर्बान,129
बेनकाब,120
हुकुम,129
जसवाल,113
भांग,155
कतराते,110
पशुधन,75
पटवारियों,26
गोताखोर,170
प्राचार्यो,146
यद्यपि,155
सांझ,50
चबूतरे,2
रंजिशन,155
सैलानी,190
नशेड़ी,107
जंतु,75
जनकल्याण,155
टिक,167
निर्मम,159
पनपने,75
इकलौते,138
जुताई,28
नाकामी,120
बिंदू,103
गिरिजा,198
उत्पीड़न,61
मन्नू,186
बौछार,120
निकलवाने,163
शर्मसार,120
नेत्रहीन,155
व्याख्या,0
असंतुष्ट,196
संयोजिका,155
स्टालों,155
बकाये,64
जुआरियों,119
मिलीमीटर,100
अनुभाग,155
परंपराओं,145
बारातियों,151
रक्तचाप,0
बदस्तूर,5
स्तंभ,130
वानिकी,92
वाहिद,162
बचते,78
सुनाने,186
एलडीएम,94
काहलों,26
दर्शना,7
मंगाया,81
बुढ़ापा,155
पहुंचाएं,19
राष्ट्रव्यापी,65
कुंआ,88
खिलाया,37
दिग्गजों,3
मोहिनी,81
आपदाओं,145
रोपित,51
रचित,25
स्टैण्ड,93
पद्मश्री,75
दिलायी,37
पाबंद,14
कपाट,166
प्रधानी,155
बांग्ला,122
उपरान्त,155
प्रतिरोध,161
गढ्डों,52
हमसे,78
सुसज्जित,196
मोचन,7
मूसलाधार,185
मर्ज,144
विभागाध्यक्षों,69
चैम्पियनशिप,13
कुकर्म,155
उत्पादकों,0
एलबम,82
सबने,78
हिरण,75
युद्धवीर,150
कर्णप्रयाग,68
दाता,81
बगीचे,60
पनीर,169
उचक्कों,26
फांदकर,16
जर्नादन,81
जादूगर,92
प्रतिवाद,13
जोरशोर,26
पेशकश,75
निबटने,85
टहलने,78
ऊधम,59
भंगड़ा,52
बरसाना,81
छुपाने,195
रजाई,28
करबला,20
तनातनी,155
सूझबूझ,102
लगाती,81
भैंसों,26
हताश,183
टीएन,94
सादगी,120
यादें,26
जिंदाबाद,162
बेचता,60
फिजिकल,147
इलेक्ट्रानिक्स,147
महबूबा,129
अध्यापन,155
तड़प,95
समन्वयकों,7
समझाते,110
वाकई,155
अनुकंपा,155
आबाद,162
आंदोलनरत,7
मसलों,8
अनशनकारियों,26
टंकियों,155
मंडराने,81
शर्म,179
कोड़ा,107
समाहित,155
चेकडैम,194
नौनिहाल,155
नियुक्तियों,4
चपत,95
मैगी,194
परिभ्रमण,68
चौखट,187
कुटीर,75
सुझावों,155
सकीं,67
महंथ,75
बकरियों,119
बिटिया,37
लिफाफे,155
राजरानी,198
सफाया,47
घायलावस्था,0
शुरूआती,23
लीं,67
मिठाइयों,37
कमोवेश,75
कोशिशें,39
साधने,3
रियायत,39
शाहदेव,198
आवंटियों,26
पेशा,155
मुसाफिरों,129
टावरों,26
पहाड़ियों,107
मन्नतें,155
पोते,36
आकृति,57
डालेंगे,22
दिखावा,96
मालगोदाम,26
अनुज्ञप्ति,155
शील,175
दिखाएंगे,96
ध्यानी,3
भाड़,107
लड़े,111
चुनरी,186
जघन्य,118
धुनों,26
भौतिकी,92
आधुनिकीकरण,92
बहती,29
कारगुजारी,120
निकलेगा,90
प्रज्ज्वलन,174
पैटर्न,155
छिटपुट,195
श्रद्धापूर्वक,185
अधिग्रहीत,155
प्रवृति,57
समाजसेवियों,26
कुटिया,71
वनाधिकारी,148
भइया,46
बर्दास्त,126
रुकावट,155
किरायेदार,26
सलामत,129
अंदरूनी,2
मनसा,20
आपातकाल,1
किराएदार,26
बहादुरी,81
अहीर,169
तीक्ष्ण,68
सीएसआर,94
ठान,125
अदालती,26
ख्वाब,81
लहराते,110
चढ़ते,45
चाहें,109
परम्परा,33
चबूतरा,81
हटे,192
देखता,85
गाल,113
मेलों,175
ट्रैक्टरों,93
जानती,81
तबदील,175
आनंदी,50
संतुष्टि,196
बास्केटबॉल,155
प्लेटफॉर्म,93
भेड़,107
ठहरे,78
तपती,29
बुझाया,37
फेरे,137
कुमकुम,129
खदेड़ा,107
पिच,60
शमा,20
तकदीर,169
वामपंथी,83
शारदीय,185
भेंटकर,75
निष्कर्ष,159
तख्तियां,143
जूं,144
फोटोयुक्त,155
खूबसूरती,2
निबंधित,153
जड़ा,20
वाणिज्यकर,0
ब्रह्मानंद,198
नफरत,44
अनुरक्षण,196
सीखे,155
परी,155
शिवाला,81
तेजा,81
सजाए,11
निष्क्रियता,68
अमरपाल,113
उमड़ने,132
निवाला,81
चौकों,187
जानकारियों,120
गुणात्मक,185
इमारतें,26
प्रोफाइल,93
यहाँ,67
दुहाई,28
वेश,158
मछलियां,143
महाकुंभ,155
पीए,94
ईलाज,144
झाडू,107
हेपेटाइटिस,147
भुला,36
सोई,28
बहकावे,155
कारवां,81
डांडिया,52
लीन,186
लाभांवित,155
क्रोध,161
शर्बत,179
गठजोड़,171
जगमग,95
संभालेंगे,41
फिजीशियन,147
सहानुभूति,155
जांचोपरांत,197
नामकरण,155
पूर्ववर्ती,24
आशियाने,37
उर्वरा,81
उत्कर्ष,124
वातानुकूलित,155
मजे,192
जमीर,169
गैरकानूनी,2
गुजारिश,39
छेड़छाड़,120
पाइपों,177
हस्तांतरण,33
बकरा,20
पुरातन,81
महानगरों,26
दौड़कर,98
प्रदत्त,75
डूबकर,155
एनएचएआइ,94
बगावत,81
बनवाना,81
संज्ञा,174
बंधुओं,26
गड़बड़,121
बचाए,11
मजहब,21
नामचीन,81
बीता,81
रुद्र,75
गौरवान्वित,185
आमजनों,8
पूछते,15
संकलन,7
पतन,21
अनुभवों,7
पेयजलापूर्ति,12
चहेते,110
प्रार्थी,33
पसंदीदा,180
भाला,81
शिल्प,155
बिगड़ते,79
डिब्बा,155
सोची,60
कुलाधिपति,148
खाल,113
सीनेट,167
अनुशासनहीनता,185
शर्ते,5
घटों,8
बिठा,37
खोदकर,36
चुनौतियां,155
दूज,81
बाराहाट,81
क्रूरता,185
पुस्तिकाएं,142
सांठगांठ,7
राजदीप,198
चुनिंदा,91
जिज्ञासा,174
कहेंगे,140
निर्दल,159
संस्कारशाला,155
शैल,175
भ्रमित,196
हकों,8
कुओं,26
सौहार्दपूर्ण,185
बदहवास,20
वेशभूषा,155
बराती,81
प्रसूति,155
परिधान,155
आमादा,81
जांची,197
पृष्ठभूमि,68
पाठकों,26
सतह,89
गांववासी,136
पूर्वानुमान,155
कब्र,169
शिक्षाविद्,63
ड्राइंग,93
भुलाया,37
संभालते,41
तेजवीर,169
तोड़कर,133
खोलते,36
कारें,101
प्रवचनों,155
बिछाया,37
नशाखोरी,26
कलंक,1
मैगजीन,194
बाएं,11
अनुरुप,7
नीरा,198
यमुनोत्री,117
इसलिये,70
अपनाएं,11
हामी,129
बालिकाएं,155
स्तनपान,185
मसीहा,81
अजगर,121
चेयरमेन,167
राजनारायण,198
तुम्हारे,137
टकराया,47
रचनाएं,145
साइकिलों,177
पवित्रता,178
बास,81
बनाएगा,18
आउटसोर्सिग,93
इतिश्री,155
ठेंगा,35
समूचा,72
लिखना,85
प्रकरणों,155
उदयराज,198
प्रचलित,155
निहित,155
संवर्धन,7
बधिर,75
बोरियां,143
पांचवां,38
कंकाल,1
मलाल,113
पीडि़तों,61
गुजरता,58
खंगालने,155
जहरखुरानों,26
लालटेन,155
मिलजुल,36
गंदी,50
शादियों,151
बब्बन,75
बुध,75
बागडोर,81
मनाएंगे,22
कोसते,36
घटाकर,27
उड़ी,29
फूटी,141
तीरंदाजी,165
इन्हे,56
आकाशवाणी,155
बेदखल,32
चलाएगी,18
छपी,29
इकाईयों,119
कांच,197
खासियत,39
खोलना,36
सरहद,82
कनक,95
बर्खास्तगी,120
कोयल,75
बहुचर्चित,155
न्यौता,155
काबिल,129
कायस्थ,33
सांगठनिक,92
फार्मासिस्टों,147
अंगों,26
पांडव,75
बांधी,50
बालियां,143
स्टीकर,167
सलोनी,194
लाज,144
खुशनुमा,164
जगा,20
अफवाहों,26
वर्गों,124
कोसों,26
बिन्दु,103
सजगता,155
चकाचक,1
संचय,7
नतमस्तक,155
संवेदनशीलता,155
आगंतुकों,155
हिदायतों,39
मौतें,138
शिक्षाविद,63
नीलगाय,81
बंटा,81
कंठ,75
धंसने,50
सिंतबर,115
नशों,8
मनन,89
चहुंमुखी,75
दानी,81
जत्थों,26
उलझा,46
मोहसिन,129
बुझ,137
पर्याय,155
निकलवाया,163
आसरा,46
उधम,121
पूर्वांचल,24
लगाएगा,18
एहसान,125
पिहानी,37
देशवासियों,136
यूएस,94
मिश्रित,155
झाड़ी,107
पादरी,81
गहराया,47
वर्जित,196
दुआएं,88
मद्य,118
मचाई,28
लीजिए,70
परिकल्पना,33
कायदे,155
अटकी,149
तिजोरी,155
रक्षकों,7
सौंपेंगे,41
पकड़ने,45
जमाना,81
छूटा,141
संबधी,7
फफूंद,155
विद्युतापूर्ति,12
शतप्रतिशत,13
प्रवक्ताओं,6
शोहरतगढ़,81
आयीं,67
आवाम,129
संगतों,7
मातृत्व,57
बंधाया,50
शस्त्रों,130
बेखबर,32
प्रमाणिक,155
फॉगिंग,93
गुजारने,155
उंगली,167
रुककर,86
बीचों,60
दिलवाई,37
टहल,95
अफसरशाही,188
पहुंचाते,19
बुराईयों,151
वधू,75
सत्कार,1
मैत्री,155
हटाई,28
दीये,155
व्यापी,0
स्थितियों,154
डिब्बों,155
कैंपों,75
जलसा,172
हलफनामा,155
धमक,44
भूखंडों,52
अरबों,8
उपखंड,52
छर्रा,81
प्रतिभाएं,13
कंक्रीट,155
अंडा,52
उस्मानी,129
पेशाब,120
पौत्र,117
पोषित,196
इसमे,55
ठहर,76
उग्रवादियों,83
मरी,192
मध्यस्थता,33
गवां,155
बेअदबी,32
नाती,81
अध्याय,146
जमात,0
कुलवीर,75
नंगे,189
पहुंचाए,19
बवाना,81
साम्प्रदायिक,92
हार्डवेयर,155
घोंटकर,102
दुखों,2
नकारा,81
असमय,121
रैलियां,120
उग्रवादी,83
बाते,155
मुकामी,129
किन्हीं,56
अनदेखा,85
ब्लेड,93
पारितोषिक,92
गुज्जर,81
मौनी,186
डरे,192
जूही,2
साइकिलें,177
छिड़क,155
नसीर,169
उकलाना,81
रोजे,194
चलाएंगे,22
रंगेहाथ,97
बरसा,20
अक्षत,7
खेद,36
जन्मे,179
गिलास,37
भरसक,59
मणिपुर,176
अप्रत्याशित,155
खुदकशी,164
भांजी,81
जमादार,81
श्राद्ध,185
पढ़ाते,45
निरोधात्मक,155
तिरंगे,97
सुमंत,75
प्रतिबद्धता,13
छुपा,195
फेंकी,16
रवानगी,188
धोना,36
लीपापोती,81
हटेंगे,140
बाराती,81
सभ्याचारक,185
चित्रांकन,178
वचनबद्ध,7
आलाधिकारियों,148
बारीकियों,151
निष्पक्षता,68
बिखेर,96
जातिवाद,83
अनुयायी,155
कालोनियां,143
हरिनाम,81
चूड़ियां,143
बिलखते,79
परीक्षित,196
तबादलों,26
छक्के,1
नवी,186
ओले,78
कीर्तिमान,159
गोसाई,81
दुलारी,81
देररात,81
नवीनतम,155
देरशाम,81
दशम,76
ग्रामवासियों,136
बाबुओं,26
नियमितीकरण,155
नजाकत,109
नजरों,8
समयबद्ध,7
निकलवा,163
योजनाबद्ध,145
यादों,26
खाए,11
उपकार,101
भुवनेश,75
लाहौर,37
टला,20
बाध्यता,3
साली,81
अभिकर्ताओं,6
गाँव,54
चारधाम,185
नाप,195
साहसिक,92
मुनी,186
एलआईसी,94
संवाददाताओं,6
उद्घोष,155
करिश्मा,155
बकरियां,143
सीमांकन,155
ओढ़ाकर,45
मंगलसूत्र,130
अभियन्ता,6
बंदा,50
शुद्धि,150
दमा,20
निभाएं,96
कपड़े,139
खामोशी,170
भालू,81
डलवाने,199
उस्ताद,5
भोलू,36
चाभी,81
पकडे़,45
वादाखिलाफी,120
पंचायतीराज,182
अविवाहित,134
जलते,78
डेरापुर,176
खजूर,75
शिवनंदन,75
जनकल्याणकारी,155
रोको,194
कठिनाईयों,155
चादरपोशी,170
मेधावियों,155
भटकने,192
गुनाह,58
चौतरफा,187
फतह,44
देखो,85
परास्नातक,146
खोने,36
संदेहास्पद,185
कुर्ता,155
सांड,52
लोभ,81
बंध,153
श्रीमति,104
कसना,20
धागा,81
शातिरों,26
प्रबन्धक,153
व्यंग्य,33
लुप्त,4
बल्ला,122
दसवें,99
आर्शीवाद,83
समर्थ,7
रुपेश,75
चिड़ियाघर,37
फुर्सत,191
पूरक,75
लगाएगी,18
अछूता,155
भागीदार,180
जलपान,125
हुक्म,129
शंखनाद,155
कांप,195
रहन,89
रिझाने,37
कलशयात्रा,108
सार,101
निर्माणों,159
पदस्थापन,33
खोदने,36
कृत,57
शाप,195
संबद्धता,7
सिद्धि,150
रुकते,86
पथरी,149
मोल,36
थोड़ी,171
खोटी,36
कमोबेश,158
कुटी,75
सायरन,155
घटाने,199
पटक,89
दुधारू,185
आक्रामक,185
शोरगुल,36
तोता,81
उत्पादकता,0
छिप,195
प्रमाणपत्रों,155
वीरता,185
बोई,28
गिने,81
जायदाद,162
सितारा,81
हजम,21
अविरल,75
कुमुद,129
चर्म,179
झडी,29
सुधरी,186
अजायब,81
सामंत,75
सांसें,50
निरोग,161
पुत्रियों,117
जलाशयों,26
बिठाकर,17
ग्रामवासी,136
जेहन,75
आहुतियां,143
महकमों,8
प्रभावती,185
नौकरानी,155
ब्रजमोहन,75
तनिक,92
द्वेष,158
आज्ञा,174
होनेवाली,151
दूरदर्शन,155
सुहेल,175
तटवर्ती,131
दौड़ाया,98
किस्मों,126
मिठास,37
ससुरालीजन,155
बरतते,110
दूत,75
स्वदेश,158
जिलामंत्री,53
मुंडन,75
केले,175
ढील,175
अनूठी,155
गुरुजनों,23
तमाशा,183
तीरथ,75
शिक्षणेत्तर,63
शोधन,153
साग,81
बिका,81
चौका,187
प्रासंगिक,155
लड़ेगी,48
फैलाई,112
भंवर,75
सुपरवाइजरों,155
छिपाकर,195
पड़ताल,113
छत्रपति,155
रूझान,155
अध्यक्षीय,69
आतुर,75
गहनों,8
लोकनिर्माण,159
पुनरावृत्ति,155
अनपढ़,45
समावेश,158
अशिक्षा,63
सुभद्रा,75
सेव,190
जंगलराज,198
राष्ट्रीयकृत,65
लड़ना,132
संघर्षरत,7
रुकवाने,37
करवाचौथ,187
तरंग,189
ग्लास,155
गैलन,75
उर्वरकों,0
अनिमेष,68
अभिन्न,155
नवरात्रों,108
गण्यमान्य,3
महारैली,155
कनेक्टिविटी,93
शमशान,125
बिरजू,81
लावारिश,37
धीमा,81
भूसे,2
पुनर्विचार,155
शवगृह,155
धरनास्थल,131
आंनद,155
जांचा,197
पोलिथिन,147
संघों,7
ग्रह,7
वयोवृद्ध,105
चिकित्सालयों,74
पराग,81
कौड़ी,155
छलावा,116
झोपड़ियों,143
दूतावास,155
विशेश्वर,75
झुग्गियों,143
अधिग्रहित,155
निलेश,155
प्रतीक्षालय,66
नौंवी,187
पड़ना,172
रघु,75
भूतल,75
किसानो,26
फांक,1
सुहाना,155
प्राविधिक,92
असहायों,119
लोचन,75
प्रशंसनीय,155
बिगड़े,79
उत्पादित,0
खुलता,36
पहचानने,199
कसते,111
बगिया,71
अंडे,52
उद्यम,123
उलझी,149
बिचौलिए,70
विधा,13
मलय,95
खानापूरी,155
रोकते,36
निकालेंगे,163
चौपारण,187
उजाला,113
फिसड्डी,155
नीला,81
षडयंत्र,130
कांधला,81
प्रखर,75
हाजरी,81
भावनाएं,145
बिचौलिया,37
गायकी,6
दुनियां,155
पिया,37
गोलीकांड,155
जायरीन,81
स्ट्रोक,194
कुव्यवस्था,33
मंसूबे,120
फिजा,81
वारिसों,151
दवाईयां,143
लोकनृत्य,57
शतक,82
पछुआ,88
बिताने,199
इंस्पेक्टरों,93
फांस,50
मुजाहिद,162
नागवार,81
समीक्षात्मक,66
विचरण,168
सम्मुख,7
सालभर,155
सूने,2
मनवाया,47
पदार्थों,33
श्मशानघाट,166
मुर्दाबाद,162
बदलेगी,48
क्षत,7
इस्लामिक,129
शांतिभंग,10
बढ़ाएं,45
वायुसेना,190
भात,0
पढ़ाना,45
बीचोबीच,60
बिखरी,79
धरी,192
तरबूज,144
ढलाई,28
वगैरह,75
हारने,199
निपट,163
बाकि,81
भक्तजनों,7
कमाया,47
प्रतिभाशाली,13
उलझे,111
दुकाने,26
खंडित,52
वरन,59
जवाबदेह,188
फ्रेंचाइजी,93
पर्चियां,143
चौपहिया,187
ऑडिशन,167
बरतनी,149
बीन,186
घपले,111
गलतियों,119
नैनो,194
दलीय,118
राखियां,143
आयेंगे,140
पुरूषों,117
नम्रता,185
शिकारियों,148
खिड़कियों,155
सभ्य,118
अंपायर,165
पसार,101
पालतू,81
लकड़ी,139
बच्चियां,72
आयेगी,48
चीखने,186
नवगठित,25
अमानवीय,92
लहजे,78
खुलेगी,90
नमाजियों,151
सुलझ,186
बहुमूल्य,3
महामहिम,155
आवश्यकतानुसार,159
गिरती,155
अंतरराज्यीय,65
उपसचिव,197
टेबिल,194
खात्मे,81
दौराला,81
दर्जकर,7
अनसुना,91
भक्तजन,7
अधिकारिता,148
गौरवशाली,185
बहुओं,26
भरवाया,47
खेलकर,36
उड़ाते,110
कार्यमुक्त,4
ग्रीष्मकालीन,155
धन्य,118
चहुंओर,67
छतरी,149
पड़ने,45
तथाकथित,155
शास्त्रों,68
टुकड़ों,26
प्रियांशु,75
मुख्यअतिथि,155
मंत्रणा,130
भीग,2
पंचर,75
तेजस्वी,198
नौवें,38
परिदृश्य,68
कैंब्रिज,93
बताएगा,18
दाहिने,37
विक्रमादित्य,198
वस्तुस्थिति,154
दगा,20
देवगम,158
बंटे,40
काठगढ़,81
गिराकर,37
नगराधीश,148
व्यवस्थापकों,33
झुलसने,102
पुंज,77
संवेदकों,7
घटते,78
लेजर,155
नथुनी,186
किश्तों,126
खेमका,81
शिकारी,148
सरपरस्त,5
विक्षत,7
आसीन,186
हवस,44
भगाया,47
एप्लीकेशन,93
ताल्लुक,129
ट्रेक,167
दीपों,75
मालवाहक,155
शायरी,81
रसोईया,28
किसका,156
बारूद,81
म्यूजियम,147
उठायी,43
दंडाधिकारियों,148
परख,21
मनोहारी,81
सारिणी,155
खोदे,36
पहिये,37
पोती,36
अपशब्द,7
अंशिका,33
वनवासी,136
तरैया,71
रैबीज,144
माखन,81
सजने,111
प्रतियोगियों,13
प्रस्तावक,185
गुरुद्वारों,185
मुख,2
शिष्यों,68
दमदार,101
ढीले,175
डिफाल्टर,93
बोतलों,26
विपक्षियों,124
विश्लेषण,68
अनुशासनात्मक,185
हड्डियों,155
दशमी,29
मुखाग्नि,185
माँग,62
चित्रा,178
रेलमार्ग,155
निषेधाज्ञा,155
हंसते,50
दीनबंधु,103
एकलव्य,118
बचकर,59
खोजी,36
खीरा,81
बकरे,78
बहकर,59
श्वेत,68
मेहरबानी,120
गालीगलौज,81
गोले,36
धुलाई,37
अमानत,109
शराफत,109
ताड़ी,107
गंाव,54
अराजकतत्वों,26
वाद्य,3
मंदबुद्धि,150
हतप्रभ,185
वीरान,81
पड़ीं,67
थामा,81
बिछाकर,37
नमकीन,186
जाँच,197
सिंथेटिक,147
विज्ञानी,174
खजांची,197
लकड़ियों,119
बेपटरी,79
फटा,20
ईश्वरी,75
नवनिर्माण,159
तोला,81
विफलता,155
कूड़ादान,107
गिनाई,37
हिफाजत,39
अयोग्य,173
माध्यमों,155
छलक,89
ढहने,192
वितरक,168
वास्ता,5
कुनाल,81
समाजशास्त्र,68
छप्पन,195
अभिवादन,155
गरज,121
गुजराती,81
बोगियों,155
सबूतों,26
बजाते,110
नहाते,110
पिचकारी,155
लग्न,155
प्रकल्प,185
मांगलिक,92
भूदेव,75
रणजी,29
सिंधु,75
पाश्चात्य,68
छेड़ने,171
गर्मजोशी,170
मैदानों,26
फीका,1
मकबूल,175
प्राणों,155
विलीन,186
लगकर,82
कुर्क,86
गीतकार,155
थान,155
क्वार्सी,93
प्रतिलिपि,155
मटका,46
लाइनमैनों,194
अप्रशिक्षित,63
योजनाकार,145
दौड़ी,98
जुड़ाव,132
जहाँ,67
मुहाने,155
मल्लाह,122
सटाकर,27
मुमकिन,129
चिमनी,81
नहरें,99
नरक,21
गोलबंद,14
खड्डा,52
ताप,195
ढुलमुल,36
एकीकृत,57
मालाकार,81
कसे,192
पोस्टरों,93
अन्नदाता,6
पीटीआई,135
रेलपार,101
भागना,81
धकेल,175
अभिलाषा,185
खुशखबरी,164
बेकसूर,80
दीया,81
कोषाधिकारी,148
इच्छाशक्ति,185
छुड़ाया,37
अभूतपूर्व,24
मादा,81
टेप,167
असुरक्षा,196
बेशकीमती,32
सेनानायक,190
जलेबी,181
सेटेलाइट,147
सिवा,81
लहसुन,186
दर्रे,155
उपजे,78
दुकानदारी,180
सीना,81
मंदाकिनी,155
थिरके,75
इमामबाड़ा,107
खाबड़,107
शर्मिला,37
छीने,186
परास्त,155
तपा,20
चटकाए,11
जिलास्तर,155
रूकने,86
सत्यता,185
कूदने,36
बचेगा,35
शक्तिशाली,185
कोख,36
पटाक्षेप,68
सेनापति,190
जलता,46
वाहक,155
बीचोंबीच,60
सर्कस,167
लांग,81
झपटमार,101
अपहरणकर्ताओं,6
कशिश,183
सलामती,129
सातवां,38
खिलाई,37
अपहर्ताओं,6
पकाने,199
पस्त,5
कछुआ,88
आयशा,46
नियति,109
बैनीवाल,81
मरणासन्न,155
मुंहतोड़,171
तहस,76
खाती,81
युवजन,7
मनाही,188
चिल्ला,122
हुर्रियत,39
सारथी,3
इंद्रधनुष,75
बटेश्वर,75
बोलना,36
स्वप्न,155
जुए,88
ग्रंथों,155
मधुमक्खी,2
बोरों,26
पीतांबर,75
रुदौली,81
सट्टे,166
शहद,76
कथनी,149
जुबानी,129
झपटमारी,101
करनेवालों,151
अध्यात्मिक,68
थकान,125
मंगवाई,155
पक्षधर,124
शूट,141
सरंक्षण,196
छायादार,120
कालिका,81
सुलेख,2
वस्त्रों,130
लगेंगी,140
बाइस,81
लगान,125
जालसाज,120
रेस्तरां,93
संबंधियों,153
दलीलें,175
रहनेवाले,151
जोड़ते,171
खादों,26
मारना,81
अंकपत्र,33
हस्तियों,155
मुशायरे,129
सीवेज,155
मध्यान्ह,3
निकलें,163
कार्यस्थल,68
अनूठा,155
झकझोर,26
झड़ी,29
दिव्यांगों,3
न्यायधीश,146
मनवाने,199
किरकिरी,156
हिला,37
चुटकी,75
ओलंपियाड,13
यामीन,129
लहरी,192
ताश,183
उड़ती,29
सरस,21
छात्रनेता,6
मरम्मती,30
गेटमैन,194
तबला,172
संपादित,155
गड़गड़ाहट,37
चैनलों,26
उगी,29
पूछी,15
अप्रत्यक्ष,68
बक्शा,1
कुशलता,7
आयुवर्ग,155
अंत्यपरीक्षण,73
डब्ल्यू,94
कर्मो,179
बेपरवाह,188
कास्य,3
हसीन,186
चमकाने,199
उजड़,132
अत्याधिक,92
कर्मठ,75
झोपड़ियां,143
डाट,81
कटघरे,111
चलाएगा,18
प्रजनन,75
साठगांठ,155
लेखकों,7
आइना,46
निपटाया,155
दबने,111
धारणा,3
अस्वस्थ,33
चुनकर,186
मंगाकर,81
मारूति,177
परखने,85
सकरा,20
धरोहरों,193
सुखा,2
होम्योपैथी,147
नरम,21
लल्ला,122
रंगकर्मी,7
गृहणी,25
बदलती,149
रुकवाया,37
छोड़ते,171
कुचलने,75
अनबन,59
पुत्रियां,117
बंसीलाल,113
कोयलांचल,75
सोचते,186
जागे,81
हत्याओं,145
लेंटर,167
नन्हीं,56
अखाड़ों,107
रक्तदाताओं,6
उठाता,43
चेत,25
वाचन,155
वायदों,26
स्वास्थ्यकर्मी,33
निभानी,96
जननायक,6
जुबां,81
प्रतियां,155
परमार्थ,33
बारीकियां,120
माचिस,81
काजू,144
सर्वदलीय,155
भोली,36
शहनाई,28
पनकी,29
कांटी,167
अवसरों,8
सिक्कों,1
त्रुटियों,155
भूले,2
तम्बाकू,2
सम्बंधित,153
शासित,155
नायाब,81
वशिष्ट,68
ब्रह्मचारी,155
पड़ती,45
कामधेनु,198
फार्मेसिस्ट,147
कातिल,81
शीशी,183
गुब्बारे,81
छंटनी,75
टयूबवेल,155
नीर,169
नाचने,199
खाएं,11
सप्तमी,155
तारे,137
तीव्रता,185
गहराने,199
पोस्टमास्टर,93
निरक्षर,155
जिन्दगी,128
मच्छरदानी,155
लटकते,36
लौटाया,9
घपला,46
दालों,151
परिधानों,155
खरपतवार,101
मुनाफे,138
धोती,36
मुग्ध,150
मालामाल,81
बुलावा,81
जुटेंगे,90
पीक,167
अनौपचारिक,92
बदलता,46
अकादमिक,92
कतारबद्ध,7
कैंची,155
इंतकाल,1
नजरिया,71
मुख्तयार,129
कपडे़,139
चमेली,175
ठप्प,195
झपटी,29
दामिनी,81
नोंक,8
टोका,194
वन्यजीव,157
महती,149
छोड़ने,133
प्रागंण,185
मुकीम,129
छेद,155
सुंडी,52
गोरक्षा,196
शंख,75
राष्ट्रगान,65
कस्तूरी,155
बमबम,59
ढर्रे,167
औरत,82
झरना,20
रौब,81
कार्यक्षेत्र,68
वेल,175
जायेंगी,155
पुश्तैनी,129
अलगाववादी,83
अधीक्षकों,73
निर्णयों,159
फोटोग्राफर,177
कसम,21
फेहरिस्त,126
थिरकते,75
अधमरा,198
चेस,81
वली,192
अल्का,1
कम्यूनिकेशन,147
कछला,20
लगवाकर,27
कीजिए,70
पटवार,26
दरवाजों,26
संकोच,7
पैंतीस,38
जनेश्वर,75
मृदुला,81
फहराने,199
आइए,82
काश्तकार,155
चलंत,75
बजरिया,71
रुद्राभिषेक,185
वेदांत,10
खोदी,36
ऐतराज,144
रहूंगा,35
भावपूर्ण,24
शान्ति,10
स्टाम्प,194
निराशाजनक,155
स्मारिका,81
हिरन,75
रिफंड,93
प्राणियों,155
पत्थरबाजी,120
अधिकता,155
आटे,192
मंडलाध्यक्ष,69
चुराई,37
बाड़े,107
अनभिज्ञ,174
हजारा,81
मिश्री,155
सुनहरा,2
ब्रह्मदेव,198
बरकत,76
भड़की,149
अकीदतमंदों,7
मसाले,81
सोचकर,186
सत्यार्थी,33
तुम्हें,137
उत्सुक,185
उजाड़,107
दुश्मनों,185
सुबेदार,180
जनसमूह,75
दिलावर,37
सगाई,28
आरम्भ,115
ठूंस,75
गाजर,81
ताजपोशी,170
टिन,186
ढाल,113
गुलामी,129
उचक्के,1
हथकंडे,52
खोखले,36
जागा,81
फैलते,112
जिमखाना,81
तुलाराम,198
बनेंगी,140
प्रसंस्करण,155
क्रियाओं,68
हटाये,43
लालसा,81
पीढि़यों,155
टैबलेट,167
नेटवर्किंग,93
कसौटी,155
अधिसूचित,145
लकड़ा,139
अपहरणकर्ता,5
राजमिस्त्री,68
सुंदरकांड,52
बैलगाड़ी,107
आदिम,129
छूटी,141
अढ़ाई,28
सूजन,7
भांजा,81
चश्मे,179
सूनी,2
रसायनिक,92
करवाता,160
छपने,111
स्वर्णिम,131
दर्पण,7
बचाते,110
बर्ताव,5
ईसा,20
वर्धन,7
बल्लेबाजों,165
पेंशनधारियों,26
पिलाना,37
गरजे,111
देशद्रोह,161
बाजा,120
टकटकी,29
देवरानी,198
तलहटी,192
फरमाया,47
लड़ने,45
रूपों,75
चहलकदमी,149
अशोका,194
सीढि़यां,155
रिजेक्ट,93
खुलती,36
कातिलाना,37
काबीना,81
सर्वधर्म,179
जनसेवक,190
टेक्नोलाजी,147
विद्यापति,106
परिप्रेक्ष्य,68
यांत्रिक,92
चित्रण,178
कॉरपोरेट,93
वेदों,158
वाम,129
सर्वांगीण,155
टीजीटी,135
शुष्क,196
निर्यातकों,159
सेहरा,193
सैद्धांतिक,92
चिंहित,155
निर्यातक,159
देखती,85
चिता,155
कसाना,81
पंचमुखी,75
कारनामे,120
अपर्णा,75
गरुड़,132
ताकीद,81
पतली,29
मेहनताना,120
उम्मीदवारी,128
मंगाने,81
खात्मा,155
आलिया,71
परोपकार,33
टुकड़ा,155
सजाकर,27
