word,cluster
में,118
लिए,197
किया,154
गया,145
हैं,86
नहीं,188
सिंह,52
पुलिस,101
दिया,154
करने,76
कहा,86
रहे,151
बाद,61
करें,118
साथ,3
रहा,1
रही,107
बताया,142
हुए,86
लोगों,64
उन्होंने,132
होने,86
गांव,176
लेकर,116
जिला,41
इसके,5
एवं,151
क्षेत्र,29
द्वारा,13
हुई,129
लेकिन,197
लिया,154
सरकार,148
अपने,5
विभाग,50
मोबाइल,185
वाले,41
दौरान,124
आदि,47
सभी,122
मौके,170
फोटो,119
देखने,5
जागरण,165
जाने,19
दिन,69
नगर,52
तथा,145
जाएं,54
निवासी,160
लोग,51
बैठक,120
शुरू,128
कोई,62
हुआ,86
ताजा,63
करते,18
खबरें,118
समय,122
जाएगा,74
तीन,69
मामले,23
रुपये,128
कारण,148
पहले,18
थाना,63
पूर्व,141
विकास,89
संवाददाता,89
अन्य,91
जानकारी,23
कुछ,62
दर्ज,156
शर्मा,37
जांच,100
अध्यक्ष,112
स्कूल,93
यहां,86
अधिकारी,50
किसी,62
उनके,5
कार्य,50
पास,90
स्थित,192
कार्यक्रम,29
अस्पताल,194
वहीं,188
पंचायत,36
बात,53
पानी,90
किए,197
मांग,34
बच्चों,64
खिलाफ,175
बार,166
रूप,128
बजे,76
काम,26
उन्हें,132
कार्रवाई,50
तरह,75
देने,116
प्रदेश,24
महिला,123
उसे,5
वर्ष,87
मौजूद,170
अपनी,5
उसके,5
शहर,9
चुनाव,94
हजार,166
सूचना,89
दोनों,135
केंद्र,59
निर्माण,146
सहित,47
टीम,119
देवी,184
घटना,145
सड़क,158
विद्यालय,196
मुख्य,101
शिक्षा,0
चार,148
बीच,122
प्रशासन,20
बिजली,58
रात,53
शामिल,104
जिले,116
होगा,74
कार्यालय,50
संवाद,78
इससे,18
मौत,22
उपस्थित,111
करीब,182
लाख,4
सुबह,136
दिए,197
नाम,148
पांच,100
अधिकारियों,50
कराया,142
जाएगी,74
आयोजित,111
राम,37
कहना,145
जारी,73
इसी,122
निर्देश,146
काफी,73
करना,1
प्रधान,20
जाता,97
प्रखंड,56
जबकि,122
व्यवस्था,57
आने,18
प्रसाद,184
घायल,130
आरोप,71
किसानों,194
योजना,89
तहत,9
लगा,1
आयोजन,28
वाली,41
अवसर,9
सोमवार,83
संख्या,89
अधिक,183
शिकायत,175
ग्रामीणों,11
उनकी,5
बंद,127
इसमें,118
राज्य,29
समिति,47
परीक्षा,163
अलावा,6
अभियान,89
मामला,23
ऐसे,5
अनुसार,38
चाहिए,74
युवक,64
मंदिर,95
पहुंचे,187
सचिव,44
ग्राम,185
रोड,190
पत्र,95
पुत्र,191
मंगलवार,83
उसकी,122
जहां,188
होगी,51
शनिवार,166
मिल,168
कराने,19
पूरी,115
बुधवार,83
शुक्रवार,83
छात्र,194
पार्टी,185
विभिन्न,132
रविवार,166
फिर,197
मंत्री,21
शाम,33
साल,41
अभी,122
आरोपी,71
गयी,107
जाए,54
स्वास्थ्य,57
जिसमें,118
वहां,188
गिरफ्तार,175
स्थानीय,78
निगम,44
विधायक,178
प्रभारी,20
समेत,47
बनाने,19
माह,104
लाल,41
श्री,125
परिवार,178
दिनों,152
प्रदर्शन,20
इसकी,122
प्रयास,20
सरकारी,73
सामने,98
ग्रामीण,11
जिससे,197
सदस्य,91
बैंक,7
समाज,165
सुरक्षा,189
वाहन,89
समस्या,67
किसान,194
पूरा,37
देश,24
बारे,166
चलते,18
लगाया,142
हत्या,67
रहने,66
मिलने,121
बाहर,130
बाजार,103
सहयोगी,12
स्थिति,192
दूसरे,115
लगे,151
पदाधिकारी,50
चोरी,114
शिक्षक,0
प्रतियोगिता,72
भाग,34
मार्ग,167
मुख्यमंत्री,21
स्थान,78
प्रतिनिधि,72
सफाई,129
सकता,145
छात्रों,194
मंडल,56
मिली,168
होती,147
कर्मचारियों,50
आदेश,24
पहुंच,187
पिछले,122
लेने,116
होता,147
विरोध,12
नेता,97
प्राप्त,38
जगह,9
तैयार,67
सेवा,89
उनका,145
परिजनों,64
अपना,145
देर,88
जनता,145
चालक,89
प्रति,72
मिला,154
गंभीर,25
संबंध,137
संघ,155
अलग,9
जमीन,69
भवन,75
अध्यक्षता,112
जाती,160
वालों,152
उक्त,22
कर्मचारी,50
जल्द,25
प्रकाश,20
राष्ट्रीय,29
गुरुवार,99
बना,1
जाम,63
करेंगे,51
विशेष,181
स्तर,17
स्टेशन,93
व्यक्ति,192
लगी,151
महिलाओं,8
थाने,26
होकर,86
कमेटी,151
गये,76
राय,142
उसने,5
परिसर,60
देते,116
देकर,52
संबंधित,137
तरफ,158
पूरे,115
समारोह,83
उपलब्ध,183
प्रथम,159
सात,53
शिविर,0
शिक्षकों,0
भारत,165
सभा,165
बच्चे,100
लगभग,9
इसका,145
आगे,18
विजय,52
राशि,104
भर्ती,92
अशोक,52
दूर,88
वर्ग,181
परिषद,181
दिवस,17
मां,143
लाइन,185
होते,147
मारपीट,138
घंटे,87
पंजाब,36
प्रमुख,101
पिता,97
रखा,1
छात्राओं,194
पहुंची,187
आया,104
उसका,145
अवैध,183
इसे,76
दुकान,124
अगर,9
पता,1
इलाज,156
जमा,1
जिस,62
कोतवाली,124
आधार,148
विद्यार्थियों,196
जेल,117
नजर,9
मतदान,104
ज्यादा,23
लगाने,19
जिलाधिकारी,21
खेल,4
यदि,197
कर्मियों,11
दोपहर,136
सबसे,18
बोर्ड,185
चौक,114
भाई,129
प्रशिक्षण,0
शराब,144
ट्रक,119
सवार,166
बावजूद,49
पूजा,83
सदर,75
जाते,147
डीएम,110
करोड़,27
हालत,175
गांवों,176
निरीक्षण,172
आरोपियों,71
हालांकि,175
युवा,6
चुकी,114
सदस्यों,64
वाहनों,180
सके,76
कार,148
बरामद,1
विद्युत,192
पड़ा,1
भारी,73
भेज,79
अनिल,168
बड़ी,107
चुके,114
जिसके,62
जीवन,30
नेतृत्व,108
चला,1
सहयोग,12
मनोज,156
भारतीय,160
वापस,148
बनाया,6
मार्च,87
वितरण,28
कुमारी,37
परेशानी,138
करके,76
कंपनी,25
प्राथमिक,81
प्रकार,20
कार्यकर्ताओं,194
कही,188
कराई,129
वजह,158
कृषि,108
पति,52
ध्यान,179
कोर्ट,85
संगठन,155
होना,63
जाएंगे,74
दूसरी,115
संबोधित,137
आपूर्ति,111
ताकि,154
लाभ,104
माध्यम,179
निर्णय,146
हाथ,148
बढ़,177
मुताबिक,175
बारिश,138
मिले,116
होंगे,51
सामान,23
विवाद,178
पाया,142
ऐसा,145
वाला,41
राज,37
सकते,76
संचालन,89
बिना,154
अजय,75
आंदोलन,24
जाना,63
वरिष्ठ,181
विधानसभा,89
देख,4
कुल,117
हाल,41
आवेदन,28
बने,76
भेजा,79
देखते,121
रखने,66
मंडी,56
तेज,156
चुका,94
मुकदमा,170
धरना,145
जिलाध्यक्ष,112
भूमि,139
ठाकुर,199
अदालत,148
पत्नी,161
इसलिए,197
बनी,107
रैली,168
जैसे,62
प्रतिशत,72
कहीं,188
भीड़,198
सूत्र,95
फरार,166
क्या,67
सूची,155
परेशान,23
तैनात,23
साफ,40
तहसील,168
बनाए,54
अंदर,105
शासन,3
सुविधा,89
गाव,176
भगवान,161
दर्जन,52
बाबा,61
लगातार,97
उधर,9
पक्ष,113
समस्याओं,8
अतिथि,183
क्षेत्रों,29
अभियंता,50
मुख्यालय,21
फसल,9
मुखिया,154
करता,145
यात्रा,167
निदेशक,44
आवास,160
चर्चा,100
शादी,53
सहायक,148
थानाध्यक्ष,112
उपाध्यक्ष,112
वर्षीय,181
सांसद,64
निजी,156
आसपास,67
सकती,107
दास,40
जान,46
प्रत्याशी,112
तैयारी,138
ब्लाक,41
बाल,41
सिविल,96
भुगतान,104
पीड़ित,36
पहचान,54
खराब,130
सेक्टर,93
पूछताछ,115
सम्मानित,111
जनवरी,87
अधीक्षक,172
ज्ञापन,14
प्रवेश,20
स्थल,17
प्रबंधक,137
प्रक्रिया,38
विचार,157
उच्च,100
कभी,84
बड़े,151
पीछे,58
लगाए,54
कमी,107
इलाके,26
जाकर,174
जमकर,158
आश्वासन,57
वेतन,44
जून,87
सप्ताह,87
तहरीर,144
यही,122
रेल,168
हासिल,175
बताते,147
विश्वविद्यालय,196
यूनियन,96
केवल,62
मदद,75
उत्तर,17
मैदान,124
खंड,56
मौसम,170
मरीजों,135
मगर,9
स्वागत,57
मकान,46
रोक,80
निर्धारित,146
खुद,4
बेहतर,182
नदी,107
पुल,77
अंतिम,105
ठीक,62
पेश,33
लगाई,129
खर्च,100
सड़कों,45
सिर्फ,169
लूट,119
बहुत,136
जरूरत,102
कार्यकर्ता,194
प्रभावित,20
बेटी,7
कर्मी,113
राजीव,184
द्वितीय,192
गाड़ी,70
दें,118
नेताओं,194
घरों,45
उपचार,148
महतो,86
केन्द्र,59
समीप,60
सही,122
उपायुक्त,21
मार,166
जनपद,158
तौर,122
योजनाओं,8
हादसे,167
उर्फ,156
विद्यालयों,196
लगाकर,174
यात्रियों,167
अंतर्गत,105
फरवरी,87
संयुक्त,155
चेयरमैन,85
हड़ताल,41
पार्षद,112
लगने,66
संस्था,78
गेहूं,135
मृतक,108
देखा,4
दीपक,52
रहता,145
उद्घाटन,20
कल्याण,184
राहत,144
संतोष,155
प्रदीप,125
घोषित,111
प्रस्ताव,20
सफल,75
नामांकन,104
पाल,41
आयोग,113
लोक,114
पेयजल,60
मीटर,82
जुलाई,87
पहली,122
प्रबंधन,137
कक्षा,163
न्यायालय,112
प्रदान,20
रहते,66
बदमाशों,71
गंगा,186
धान,148
सीमा,73
करवाया,142
सामना,3
दिसंबर,87
इधर,9
मांगों,34
महासचिव,89
अतिक्रमण,28
जीत,30
स्थानों,78
पदाधिकारियों,50
तलाश,33
टक्कर,43
नुकसान,23
माता,97
अज्ञात,14
लागू,34
जरूरी,115
मंच,100
राजकीय,160
बीडीओ,110
युवकों,64
दिशा,33
अतिरिक्त,10
शीघ्र,157
दिवसीय,181
उसी,122
पार्क,190
प्रेम,125
रास्ते,97
चलने,76
प्रत्येक,181
ऐसी,122
संस्थान,78
विरुद्ध,126
घोषणा,89
पड़े,76
सुभाष,184
प्राथमिकी,38
बल्कि,197
चौकी,39
चंद,52
चंद्र,59
कब्जे,156
मनाया,6
केंद्रीय,59
तभी,35
कहते,66
रखे,151
गोली,117
बयान,46
जवाब,144
प्रयोग,12
युवाओं,194
गर्मी,139
पड़ी,107
रखी,151
सामाजिक,81
आनंद,52
चयन,75
लक्ष्य,91
किशोर,32
नीचे,58
आते,18
सरपंच,100
गुरु,191
केंद्रों,59
महीने,87
प्राचार्य,112
लापरवाही,106
कोशिश,32
तीनों,135
बजट,9
पड़ता,145
क्योंकि,169
प्रधानमंत्री,21
किनारे,124
चोरों,135
पेंशन,119
युवती,191
समाधान,23
पहुंचने,187
समाप्त,104
पालिका,89
श्रद्धालुओं,194
तमाम,166
प्रस्तुत,192
कदम,9
बनने,66
संजीव,78
सवाल,41
खरीद,73
वोट,119
चिकित्सक,0
शाखा,63
गैस,62
अचानक,18
करती,35
इनमें,118
जिसे,116
चले,76
पवन,75
नवंबर,87
जागरूक,23
करवाने,19
व्यक्त,192
छोटे,2
हिस्सा,67
मतदाता,97
देना,26
सुधार,189
विभागीय,50
विषय,28
संघर्ष,155
दुर्घटना,167
चेतावनी,20
मध्य,91
रहती,35
बता,1
अगस्त,87
सम्मेलन,44
आयुक्त,10
गिरफ्तारी,175
संपन्न,155
मेला,41
अक्टूबर,87
किये,197
दुकानों,124
थीं,188
हजारों,180
यातायात,167
प्रताप,20
छोड़,198
साइकिल,185
काबू,49
तालाब,130
खाली,41
खेत,4
समीक्षा,163
लिये,197
संबंधी,137
मेले,116
मोटरसाइकिल,185
सैकड़ों,135
शांति,30
पूर्ण,141
कड़ी,107
गायब,1
हंगामा,49
समक्ष,181
मात्र,179
आकर,75
उससे,5
अधिकार,50
परिजन,64
आलम,158
स्वामी,184
हमला,145
दिखाई,133
बड़ा,70
कब्जा,156
कानून,23
लेते,116
दर्जनों,64
चिकित्सा,0
दवा,1
चलाया,142
बनाकर,174
संपर्क,155
बीते,122
गठन,9
चपेट,151
रोजगार,103
महाविद्यालय,196
सौंपा,79
माध्यमिक,0
भविष्य,91
विज्ञान,14
तत्काल,68
सम्मान,179
सत्र,17
दुष्कर्म,189
चरण,9
हेतु,47
निरीक्षक,172
जिन,69
क्रम,28
फैसला,175
समर्थन,28
आर्थिक,81
रुपए,128
परियोजना,89
अवगत,75
साढ़े,131
पुरस्कार,29
चिकित्सकों,0
लाखों,180
बैठे,120
डेढ़,131
एक्सप्रेस,93
रोकने,153
बस्ती,92
सामान्य,179
भूमिका,89
पंकज,52
सैनी,69
मजदूर,103
खड़े,149
वर्षो,87
स्थापित,38
पाई,129
राजकुमार,37
दर्शन,24
निज,156
शुभारंभ,83
राजस्व,13
निकाली,68
मिलकर,121
माहौल,170
दूसरा,115
बेटे,7
वर्तमान,179
योग,12
उम्मीद,169
स्थापना,78
साहिब,61
फीसद,131
बनाई,129
पढ़ाई,177
डिग्री,185
विश्व,196
एसडीओ,110
जिम्मेदारी,138
रहेगा,74
सफलता,145
आवश्यक,183
करेगी,51
सितंबर,87
परिणाम,104
भगत,75
सहायता,148
पहुंचकर,187
गंदगी,25
मजदूरों,71
स्वयं,155
धर्म,113
मनरेगा,74
पर्व,17
संत,22
रवाना,63
इंतजार,49
राशन,148
आधा,145
रोष,113
तरीके,116
सुनवाई,31
बातचीत,106
गलत,158
झारखंड,186
खिलाड़ियों,123
मालिक,68
मामलों,180
हमारे,98
घायलों,180
प्रमाण,20
लाने,19
बिल,168
जख्मी,144
चोर,114
प्रशासनिक,50
धमकी,35
ट्रैक्टर,93
महिलाएं,123
क्षेत्रीय,29
क्रिकेट,134
फिलहाल,175
गरीब,182
खत्म,151
प्रधानाचार्य,112
लौट,2
पंचायतों,36
अधिवक्ता,50
उपभोक्ताओं,194
यात्री,167
दुकानदारों,194
इनके,76
तोड़,27
पटना,1
दैनिक,81
निकट,52
पहल,122
मरम्मत,28
जायेगा,74
मोर्चा,170
अरुण,52
उसमें,118
विद्यार्थी,196
होली,117
हमें,118
आगामी,87
रवि,151
पक्षों,64
तार,166
इलाहाबाद,61
दाखिल,133
मिलेगा,74
जाति,160
डाला,41
भ्रष्टाचार,29
प्रचार,20
बचाने,19
मिलते,121
निकाला,41
करनी,107
साबित,175
पाए,54
पकड़,158
तृतीय,108
उठाया,142
पुत्री,191
ऊपर,9
हिरासत,175
स्तरीय,181
सजा,1
मरीज,156
जुड़े,27
वक्त,22
कमरे,76
पशु,33
असर,158
पर्यावरण,13
व्यापारियों,13
नया,1
दौड़,39
नियुक्ति,10
अंजाम,49
घाट,193
रंग,195
खबर,9
इतना,145
ताला,41
पहला,145
चली,107
व्यापारी,13
तहसीलदार,15
जागरूकता,23
पाने,26
अभाव,165
उनसे,18
विभागों,50
संचालित,89
देखकर,5
परंतु,47
निर्वाचन,146
खेती,4
देंगे,51
कस्बे,7
सूत्रों,95
अंक,105
शुल्क,101
जयंती,22
उठा,174
ज्ञान,14
आह्वान,40
टिकट,119
पटेल,168
पैसे,134
नारेबाजी,103
पेड़,27
वसूली,115
लगाते,147
चलाने,19
पार,90
रात्रि,83
नौकरी,62
शहीद,40
कराए,54
जुलूस,48
निकल,119
नहर,158
दिलाने,133
करे,151
रानी,53
चालकों,194
बढ़ाने,55
मुक्त,10
संयोजक,155
तिथि,183
शौचालय,124
अगले,18
सांस्कृतिक,81
भोजन,12
संभव,155
राजनीतिक,81
खाद्य,13
कला,1
जिसकी,62
कैसे,62
संरक्षण,189
पंडित,36
बीमारी,138
खड़ा,1
वार्ता,97
नियमित,111
फर्जी,119
उद्देश्य,29
खड़ी,107
करेगा,74
आगरा,145
बदमाश,71
बरसात,166
खुशी,32
मशीन,69
दुकानदार,124
शिकार,68
दिये,197
महत्वपूर्ण,141
जोर,88
मैं,86
ठंड,140
तीसरे,131
कीमत,62
वितरित,111
कथा,145
मतदाताओं,194
तुरंत,22
खास,4
पालन,90
रहेगी,51
मुश्किल,169
जिसका,62
मिनट,87
धारा,3
शुरुआत,128
किलो,80
पैसा,67
बूथ,7
पैदा,67
सिंचाई,31
विजेता,178
जन्म,17
दावा,6
लड़की,84
जिलों,150
मजबूर,115
छापेमारी,103
आशा,145
करवा,1
प्रत्याशियों,112
इलाकों,180
खेतों,135
मौका,170
बढ़ा,177
मिट्टी,193
विशाल,68
हटाने,19
अरविंद,65
मानव,68
रहीं,188
भरा,145
रांची,143
संदेश,155
बालिका,68
निकाल,162
बचाव,145
लोकसभा,89
बधाई,129
नाथ,37
विस्तार,38
पुरानी,42
सिर,88
ठेकेदार,103
आर्य,91
उपाध्याय,112
उचित,47
बसों,45
होटल,119
बातें,123
वैसे,62
क्यों,71
व्यापार,13
कटौती,92
सेना,78
दबाव,166
नशे,151
परिवहन,28
मार्केट,185
जब्त,22
अफसरों,45
आशंका,165
उत्पादन,13
अपराध,71
पाठक,90
पुराने,98
समापन,104
मान,46
उद्योग,12
हालात,175
संकट,155
जताया,6
योगदान,23
पीने,116
सुशील,191
नियमों,44
प्रबंध,137
मारने,19
दहेज,156
उनको,86
बिक्री,138
बाढ़,130
परिवारों,11
रोडवेज,185
सख्त,22
महामंत्री,21
लागत,104
संदिग्ध,137
गली,151
अध्यापक,112
बहादुर,199
लाया,142
पकड़े,76
सामग्री,29
विधान,89
रहेंगे,51
अधिकांश,183
रोग,34
जताई,129
अर्चना,165
तापमान,104
प्रतिदिन,72
संभावना,89
अपहरण,158
स्वच्छता,189
महाराज,37
आरक्षण,113
करवाई,129
विनय,52
मुआवजा,170
शहरी,107
संकल्प,155
निकले,116
पूजन,113
स्पष्ट,155
इस्तेमाल,138
खाते,147
मोहल्ला,170
लिखा,133
मुहैया,170
गीत,30
कार्यरत,50
खनन,158
बहन,9
खाद,166
गंभीरता,157
मांगी,143
हमेशा,49
न्याय,112
मोड़,27
जूनियर,96
गौरव,52
माल,41
मिलेगी,51
गठित,47
किशोरी,32
गणेश,184
माना,63
सुरक्षित,189
तत्वावधान,112
ज्योति,30
शरीर,144
नीरज,52
शांत,30
किलोमीटर,82
मनीष,52
अपराधियों,71
पिटाई,67
धार्मिक,81
आदर्श,24
रास्ता,97
मुकाबले,170
बाबू,61
नवीन,69
उमेश,33
याद,40
अभिभावकों,194
बढ़ने,55
मजबूत,115
सिपाही,175
छानबीन,106
मजिस्ट्रेट,85
मीडिया,175
कश्मीर,144
सौंप,79
महेंद्र,59
निस्तारण,38
चारों,180
घटनाओं,8
आबादी,61
कक्ष,181
दोषी,113
कन्या,67
ब्यूरो,185
होनी,69
चक्कर,43
महोत्सव,17
अच्छी,182
गुहार,99
ग्रहण,28
प्रतिमा,72
ढंग,34
सोनी,80
पदों,45
भक्तों,64
जवानों,180
दौरा,39
लंबी,127
आये,18
उम्मीदवार,138
सोने,80
कमल,75
शक्ति,30
सुविधाएं,89
नृत्य,108
अहम,158
राजनीति,81
जायजा,63
नीति,30
गति,47
अनेक,5
मास्टर,185
सुमन,52
जंगल,140
शोर,88
पैदल,120
खाने,19
फाइनल,119
गीता,125
दूरी,115
सुनिश्चित,10
गरीबों,135
बीज,110
लंबे,127
कार्यशाला,13
लेना,190
हूं,86
उपभोक्ता,13
संस्कृति,78
मोटर,119
गृह,171
प्रवीण,125
भीतर,139
खूब,182
अनुमति,28
खुले,101
अखिलेश,24
दीप,77
आती,107
चौराहे,39
सब्जी,156
चालू,104
दूध,139
बादल,130
नियुक्त,10
वीरवार,15
नियंत्रण,146
कार्यकारिणी,50
अनुमंडल,56
सक्रिय,91
जवान,46
प्रवक्ता,20
ओमप्रकाश,20
आता,1
लिखित,111
काट,193
जर्जर,119
अध्यापकों,112
अफसर,75
नकदी,107
वार्षिक,29
संचालक,89
अजीत,144
आदमी,152
मिलता,175
विवाह,178
विश्वास,57
वृद्धि,126
नाले,41
विरोधी,12
डाल,41
यज्ञ,14
निकासी,104
निकला,26
इन्हें,132
कार्यक्रमों,29
चालान,23
सुविधाओं,8
सभागार,165
बच्ची,43
किस,62
शेष,113
शपथ,75
राजा,37
बीस,110
आक्रोश,24
इकाई,129
गैर,88
लाइसेंस,185
डाक्टर,185
पुरुष,191
दरबार,61
धनराशि,104
दोबारा,103
न्यायिक,112
खिलाड़ी,123
इनकी,107
पाठ,90
तैनाती,73
बताई,129
गन्ना,26
बालक,130
तकनीकी,183
उपस्थिति,192
वही,188
लक्ष्मी,125
जुर्माना,103
उपयोग,12
संगठनों,64
कमिश्नर,85
वित्तीय,111
जुट,2
निकलने,162
जैसी,62
धरने,76
उम्र,122
साथी,3
प्रतिभा,72
जगहों,45
समूह,128
आवश्यकता,179
रक्षा,189
बतौर,144
वित्त,111
भरने,76
श्रद्धालु,196
डालने,162
प्रदूषण,12
पौधे,39
दौर,39
सर्वे,93
कंप्यूटर,185
टूट,2
घटनास्थल,78
चाहते,147
बकाया,6
हवा,1
महत्व,159
अभिषेक,44
भजन,9
सुधीर,191
गुप्त,42
आजाद,106
प्रेरित,111
लुधियाना,16
दिखा,133
अनशन,75
बाधित,111
पकड़ा,109
बजाय,145
लगता,145
सामुदायिक,81
छोड़कर,198
सीधे,5
अलीगढ़,199
जाच,90
हमले,18
रफ्तार,175
आना,1
तेल,168
विधि,183
स्वच्छ,189
बदल,9
दुकानें,124
पशुओं,64
पहुंचाने,187
पेट्रोल,96
उठाने,98
इसको,86
वंचित,10
अंत,105
अधिनियम,44
बुरी,88
एकड़,27
भेजी,79
आशीष,152
पूर्वी,82
प्रधानाध्यापक,112
खाना,63
पाकर,174
गौरतलब,102
चुनावी,94
विकेट,134
आश्रम,113
उत्साह,57
बेहद,182
कहां,86
रोशन,24
पंप,77
क्षतिग्रस्त,42
मूल्य,104
संस्कार,78
महज,75
चिकित्सालय,0
मृत,47
ट्रेनों,93
रोज,156
छोटी,2
साथियों,152
लंबित,137
बेचने,58
वक्ताओं,194
बढ़ती,55
आपदा,145
कारोबार,103
हिमाचल,123
बाकी,53
प्रारंभ,20
हिसाब,175
नजदीक,122
कराकर,174
प्रार्थना,20
कुलपति,101
पुतला,90
दिक्कत,169
मुलाकात,170
धूप,139
इंचार्ज,185
भेजने,79
सोसायटी,78
लड़कियों,152
मतगणना,109
देता,97
जिम्मेदार,138
इतनी,84
मेहता,37
नियम,44
सार्वजनिक,81
सर्जन,119
जायेगी,74
कांड,143
कोषाध्यक्ष,112
स्कूली,96
पुष्टि,192
पड़ेगा,74
अखिल,168
अच्छा,182
अनाज,156
धर्मशाला,13
बीमा,73
कानूनी,103
मात्रा,179
वीरेंद्र,59
समस्याएं,123
विहार,154
आवागमन,28
खतरा,145
प्रतिनिधियों,72
रखते,66
मांगा,34
भरे,76
लें,118
विद्या,196
फुटपाथ,193
मजदूरी,115
श्रेणी,181
कौन,62
यमुना,94
खोलने,153
सुंदर,136
चीनी,69
मारकर,166
भ्रमण,28
आत्महत्या,67
पोल,117
नागरिक,11
अंचल,105
जिनमें,118
चयनित,47
लेंगे,51
ससुराल,41
सामूहिक,81
रक्तदान,97
जुटे,119
निकालने,162
पदक,158
मिलती,121
महंगाई,25
चिंता,157
क्षमता,179
निर्मल,146
समर्थकों,64
गोदाम,124
आक्रोशित,11
मुंह,140
भाव,165
फायदा,23
कौशल,52
पत्रकारों,194
अमर,75
मुद्दे,170
अंकित,105
पीड़िता,36
अच्छे,182
प्रदर्शनी,20
बृहस्पतिवार,83
टूर्नामेंट,185
फसलों,45
काली,68
निगरानी,23
न्यायाधीश,112
स्वरूप,155
कार्यवाही,50
याचिका,89
भरोसा,67
भेंट,79
भेजे,79
समुदाय,160
अनुसूचित,10
घंटों,135
पहुंचाया,187
हाथों,180
गुणवत्ता,38
बांध,143
करायी,53
कस्बा,61
एडवोकेट,85
ढाई,129
नाटक,37
धीरे,5
दुरुस्त,42
रुपया,128
फूल,168
हमारी,73
मानदेय,104
सकेंगे,51
गुरुद्वारा,196
उनमें,118
सागर,3
ममता,1
बदलाव,145
गिरने,116
व्यवसायी,13
मेहनत,32
सेवक,64
बुलाया,16
संध्या,78
कूड़ा,70
अभ्यर्थियों,11
परीक्षण,172
काटने,162
इंतजाम,49
हरी,151
फैसले,175
मना,1
हथियार,124
दफ्तर,17
पर्यटन,17
धूमधाम,139
पर्याप्त,38
घेराव,176
पुरस्कृत,192
सौंपी,79
स्वर्ण,181
मेरे,5
स्व,176
ऑटो,119
टाटा,193
फीस,92
शाह,40
सदन,75
प्राथमिकता,38
पूनम,77
भव्य,91
मोहल्ले,170
कैलाश,184
कलाकारों,194
सत्ता,97
आरती,84
संगीत,155
पश्चिम,82
टीमों,135
प्रभाव,20
अस्पतालों,194
संसाधन,78
त्यागी,67
भारद्वाज,184
लड़ाई,129
बेटा,7
विशेषज्ञ,0
तत्कालीन,161
नामक,37
लापता,63
बोल,117
निकली,69
दीवार,124
खाता,97
शुरु,191
पत्थर,43
राजमार्ग,167
शिक्षण,0
राजधानी,23
उपरांत,47
राज्यों,29
देखरेख,4
जोड़ने,198
डाक्टरों,194
रेखा,4
साहब,61
अवकाश,104
रुप,128
बच्चा,100
सड़क,114
भरी,84
व्याप्त,38
आपसी,107
अगुवाई,31
चावल,70
भले,86
संपत्ति,192
औद्योगिक,81
बढ़ी,177
पश्चिमी,82
दर्द,88
रोजाना,23
रखकर,75
जिन्हें,132
आभार,165
वरीय,91
सारी,53
बताए,54
चलता,145
इनका,109
कायम,148
एकता,145
सुनाई,31
दलों,45
हादसा,167
पूछा,115
हवाले,41
डॉक्टरों,194
राख,26
मुस्लिम,170
नाराजगी,106
मंत्रालय,21
सलाह,40
अनुदान,104
निधन,44
रणनीति,183
सूरज,136
गोष्ठी,181
मुझे,170
नये,76
छूट,2
श्रद्धांजलि,126
बहाल,41
जुटी,119
बीमार,138
स्वीकृति,192
कंपनियों,164
मंदिरों,170
लीटर,119
तीसरा,131
कपड़े,149
भागने,19
भक्ति,30
प्रेस,93
इतिहास,175
दिलाया,6
समझ,158
गड़बड़ी,84
विकसित,183
हित,47
पड़ताल,145
अमन,75
बढ़ावा,55
शोक,33
सहमति,183
फीसदी,131
बिहारी,199
मुहल्ला,170
सूबे,7
सकें,118
समान,46
शोभायात्रा,167
वातावरण,13
जाएंगी,74
दुनिया,154
अपराधी,71
प्रेमी,125
लाठी,90
जानी,53
कीर्तन,125
अंग्रेजी,49
खरीदने,58
परिवर्तन,28
तोड़कर,198
स्वीकृत,192
उत्पन्न,132
भावना,165
उतर,158
माने,19
राज्यपाल,112
अभिभावक,178
आरंभ,105
नागरिकों,11
घुस,173
नाला,41
अधिकतर,183
बदले,76
चोट,114
बदलने,18
छुट्टी,2
बैठा,120
कार्यपालक,50
अक्सर,122
विगत,183
हों,45
खून,4
आचार्य,161
पीड़ितों,36
सत्यापन,179
समन्वयक,159
व्यवहार,157
लिखे,4
सुनने,173
जाया,6
मूल,168
अवधेश,24
मुहिम,170
बीएसए,110
मूल्यांकन,104
हड़कंप,56
गुजर,99
दायर,166
पढ़ने,55
निलंबित,137
हत्याकांड,71
बीमारियों,138
पोलियो,80
न्यूनतम,104
क्रय,159
वर्षा,68
बुजुर्ग,99
पैर,77
कराना,63
तैयारियां,164
भूषण,184
नीतियों,152
करवाए,54
बंसल,7
सचिन,69
अथवा,145
आवासीय,160
मांगे,143
मानें,54
करोड़ों,135
सफर,75
भाषा,165
प्रस्तुति,192
रहना,109
आयु,136
गतिविधियों,164
दीक्षित,163
चौराहा,39
दर्जा,156
ऑनलाइन,23
जलकर,75
दीपावली,83
हस्ताक्षर,38
नाराज,37
खोल,117
तलाशी,53
फांसी,143
दाम,15
समाचार,165
दिखाया,133
बनकर,158
अंतरराष्ट्रीय,29
शिरकत,102
निशान,162
तनाव,166
बाग,130
सुनकर,136
विवाहिता,178
सदस्यता,179
मैनपुरी,199
तैयारियों,164
फैल,168
आवंटन,28
चंदन,140
डीजल,119
नशा,1
कविता,97
दरअसल,9
देरी,88
ऊर्जा,14
कोतवाल,124
बसें,118
मान्यता,179
जोरदार,103
देहात,97
सालों,152
अदा,1
प्रावधान,20
महाप्रबंधक,50
संस्थाओं,78
कपूर,88
प्रगति,192
पंजीकरण,28
छापामारी,103
सोच,86
मालूम,170
सीटों,135
पदार्थ,179
दलित,47
गले,151
पचास,90
रोका,190
उत्सव,17
विश्वकर्मा,196
बाजारों,103
बैठ,120
बदायूं,15
बाहरी,73
प्रस्तावित,38
डेंगू,34
परीक्षार्थी,163
कारणों,180
स्वीकार,38
ललित,47
केन्द्रों,59
कागजात,23
मूर्ति,141
राष्ट्रपति,29
मनमानी,73
सेवानिवृत्त,178
दहशत,75
समाजसेवी,160
कार्यकारी,50
महसूस,32
चलाई,129
चाय,142
थानों,180
खरीदारी,73
अर्पित,111
सारे,116
उम्मीदवारों,194
मस्जिद,48
महानगर,130
सेवाएं,89
बगैर,171
खेलों,135
शिकायतों,175
विदेशी,24
मानसिक,81
अनुपस्थित,10
पड़ने,66
चुना,94
करार,166
लिहाजा,175
आखिर,122
घरेलू,168
मुजफ्फरपुर,199
हिदायत,175
डाक,26
धाम,37
एकत्र,159
पीटा,193
पारा,37
सेहत,62
शिकायतें,175
ट्रैक,134
आसमान,46
योजनाएं,164
सिलसिला,175
देती,22
राहगीरों,103
वकील,168
पुराना,63
कार्यकाल,50
लक्ष्मण,184
पेपर,60
गिरी,125
मनाने,19
बचने,66
निवास,160
सहारा,148
आवंटित,111
मांगने,143
शरण,9
आयी,107
एकत्रित,111
पड़ोसी,62
श्रम,113
सेमिनार,185
बंगाल,186
प्रणाली,20
व्यक्तियों,192
गलियों,150
विमर्श,12
सूर्य,191
मचा,1
आग्रह,28
मनोहर,52
अधिकतम,183
पंजाबी,36
काला,41
सौरभ,52
बंदी,127
उल्लेखनीय,181
चुनौती,94
प्रांगण,56
हार,166
पाते,147
इंकार,166
दिल,168
जिंदगी,32
प्रसार,20
परमजीत,30
किरण,159
परिचय,28
खोला,117
पानीपत,90
जवाहर,130
श्रमिकों,11
अवतार,161
वृद्ध,126
पंजीकृत,111
त्योहार,83
आधारित,104
वैज्ञानिक,81
अनदेखी,4
तले,151
स्वतंत्रता,78
सारा,37
गाड़ियों,150
कहने,5
थोड़ी,27
ठोस,62
चलेगा,74
ग्राहकों,194
शिशु,33
मुफ्त,42
पकड़ने,198
नाबालिग,178
मृतका,108
परीक्षार्थियों,163
बीती,122
फेंक,153
अंतर,105
पाली,90
मृत्यु,108
द्वार,124
विकलांग,11
साजिश,175
स्मृति,192
कलश,158
भीषण,139
सर्विस,85
काउंटर,185
अवधि,183
मंजू,156
तीस,131
समस्त,92
टीमें,119
बालू,41
स्नान,161
राष्ट्र,29
कुरुक्षेत्र,29
डाली,41
बचा,145
संगत,155
भक्त,30
प्रकट,159
बारह,131
आंखों,135
चेहरे,58
स्थायी,38
शिनाख्त,175
तारीख,73
बनवाने,19
भोला,117
सुझाव,23
चलाए,54
बर्बाद,61
सचिवालय,89
संज्ञान,78
बहिष्कार,38
मारी,73
प्रेरणा,20
बांका,186
शारीरिक,81
व्यापक,13
पड़ती,35
हमारा,63
कामना,165
उत्पीड़न,36
समाजवादी,160
सहकारी,50
मुक्ति,10
प्रतिभागियों,72
कैद,62
समझा,145
विदेश,24
नकल,75
सायं,6
जिनके,116
हमीरपुर,199
तत्वों,64
अनियमितता,157
पंच,100
सख्ती,92
बुरा,26
चांदी,143
चन्द्र,59
स्टोर,185
वीर,144
बीत,122
हवन,75
निधि,44
नगरपालिका,89
मौलाना,48
लघु,136
नायक,165
छेड़छाड़,198
हादसों,180
पंचायती,36
देखी,4
गार्ड,190
सराहना,148
शुरूआत,128
गश्त,22
अनिवार्य,38
संग,155
रिक्त,10
वेलफेयर,93
चुनावों,94
पटरी,35
खुला,101
कैमरे,134
मौजूदा,23
पारित,111
मंगल,140
विजयी,160
मौजूदगी,170
समझौता,97
रखना,1
पार्षदों,112
नरेन्द्र,59
बैठने,120
शानदार,106
सुरजीत,191
बर्दाश्त,57
होंगी,51
रोशनी,24
इतने,18
आसानी,53
देवघर,52
लगते,76
चेन,114
संसदीय,155
अभियुक्त,10
सरदार,166
दान,46
डालकर,174
कार्यालयों,50
सैनिक,81
खुली,101
जबरन,75
नोट,119
रिक्शा,167
शोभा,165
दक्षिण,82
तलब,158
पट्टी,193
ग्रेटर,93
स्थलों,64
गाय,34
आपस,158
चाहती,106
सीडीओ,110
कमजोर,182
भाषण,165
बराबर,7
परेशानियों,8
निरस्त,111
मायके,98
हिंदू,65
रखें,118
तस्करी,92
पलट,158
अनियंत्रित,111
टेंपो,119
पहुंचते,187
ऐतिहासिक,81
वंदना,165
पेट,119
विशिष्ट,0
रेट,119
बागपत,130
मेरी,88
दरवाजे,49
खारिज,175
छोटा,2
हैंडपंप,185
बुखार,199
ढेर,88
उसको,86
नाली,41
राह,61
कवायद,144
रहें,118
छावनी,90
नष्ट,113
कप्तान,97
पौधरोपण,12
मशक्कत,102
पश्चात,14
आजादी,106
शिक्षिका,0
शशि,5
आस्था,67
मनाई,129
गाजीपुर,199
कचहरी,35
बनाना,63
बढ़ता,55
घटनाएं,123
हटा,1
ज्यादातर,23
पत्रों,95
खेला,41
दिखाकर,133
आधुनिक,183
उदय,75
प्रभात,20
प्रतिनिधिमंडल,72
उल्लंघन,137
यहीं,188
उठाए,54
प्रकाशित,20
हिंदी,65
मुकाबला,170
एकजुट,2
गईं,151
अमल,75
सहारे,19
उठे,66
सेंट्रल,85
खेलकूद,32
आधे,18
मोहित,30
शहरों,45
हुये,173
कबड्डी,56
संस्थानों,78
बोले,117
अगली,122
अधिग्रहण,28
सास,90
छापा,90
कैंसर,119
मुहल्ले,170
गिरा,37
दिखे,4
लेखपाल,89
खतरे,66
सलाहकार,148
आलू,151
लकड़ी,84
कोयला,124
सड़कें,118
छात्रवृत्ति,38
पोस्टर,185
प्रजापति,184
कुशीनगर,199
अनुरूप,128
भाइयों,152
काटकर,174
संहिता,89
छीन,69
भूख,139
हटाया,142
क्षति,159
पीछा,77
सेल्सियस,96
सूचित,111
उपकरण,75
चित्र,95
रंजिश,49
स्वस्थ,57
अतिथियों,64
सांस,143
नींद,25
सभासद,165
उपजिलाधिकारी,21
अल्पसंख्यक,11
गाली,41
लूटपाट,2
सत्संग,155
बंधक,137
क्विंटल,134
तकरीबन,131
रूपये,128
चाहे,19
हिस्से,169
ठेका,62
प्रांतीय,181
निकालकर,162
निश्चित,10
बदला,145
बचाओ,174
दौरे,39
शांतिपूर्ण,141
बिलासपुर,199
प्रकोष्ठ,181
शोषण,113
नमाज,156
गर्म,139
बुलंदशहर,182
साइंस,78
दबोच,114
मानक,104
जीता,15
गौर,88
नायब,1
नकद,158
कवि,52
महीनों,87
मित्र,95
बढ़ते,55
सर्व,93
महादेव,184
बढ़ोतरी,55
सर्दी,138
वासियों,11
उपलक्ष्य,181
चलें,118
दूबे,7
विवश,159
पंद्रह,131
प्रसिद्ध,126
दशा,1
मासूम,170
मार्गो,190
दाखिला,133
संरक्षक,189
डेरा,190
सेवन,116
सर्वाधिक,13
फाटक,193
मारा,37
नारे,26
गोल,117
नवरात्र,83
पात्र,20
रोगियों,11
करंट,119
उठाई,54
चुने,94
दर्शकों,64
अभय,75
किराया,167
विस्तृत,192
गावों,176
शैक्षणिक,0
नलकूप,60
संस्कृत,78
झुलस,173
तकनीक,183
जेवर,156
मांगें,123
समर्थक,159
पूछे,115
अनुरोध,28
सुख,136
प्रशांत,30
दरभंगा,186
रहकर,75
उठाकर,174
पहलवान,194
सवा,1
निशाना,162
अवस्था,179
समर्पित,111
देगी,51
विदाई,89
वार्डो,190
जनप्रतिनिधियों,72
सर्वसम्मति,159
अति,47
निकाय,68
चलाकर,174
लाकर,174
बारी,73
गणित,47
नतीजा,106
नालियों,152
विषयों,64
व्यस्त,192
आकाश,161
जिन्होंने,132
बनाये,19
महात्मा,161
संदर्भ,155
प्रतियोगिताओं,72
दोस्त,169
दशक,158
गर्भवती,32
चाकू,26
मालिकों,194
स्थगित,111
लाश,33
हाजी,15
इटावा,6
बढ़ाया,55
टोल,117
घुसकर,173
खुल,117
पत्रकार,194
प्लान,190
तालाबों,180
जेब,7
फूंका,26
अवश्य,91
आचार,166
संचालकों,194
परिस्थितियों,192
दबिश,33
कितने,62
टूटी,2
संगीता,78
बैठकर,120
कुंवर,191
जहर,158
पुलिसकर्मियों,11
पुलिया,154
विष्णु,196
बीएलओ,110
टीकाकरण,68
कार्यों,50
वेबसाइट,89
फंसे,25
चलती,35
गन्ने,116
वापसी,73
मैन,69
झंडी,186
फिरोजपुर,199
सिख,4
प्रसव,159
गंदा,186
खाद्यान्न,13
उत्पाद,13
सराहनीय,157
जल्दी,25
दिखाने,133
सूरत,102
गुजरने,173
आएगी,84
जगत,9
यानी,40
हराया,142
मुद्दों,170
संवेदनशील,155
बगल,158
भेजकर,79
रिश्तेदार,169
फीट,119
वैन,69
शिलान्यास,112
दायित्व,38
कैंट,119
जुड़ी,27
पर्चा,60
तस्वीर,92
जाट,193
परिचालन,104
फीडर,119
कराते,147
हेक्टेयर,93
अनुज,156
जताते,147
गला,1
खातून,40
लुटेरों,71
डाले,41
कामकाज,23
सुनी,191
मानना,63
अभ्यर्थी,163
किल्लत,102
मिलाकर,133
आबकारी,50
दंडाधिकारी,50
शोध,12
मारे,26
खुलने,101
देगा,74
मुकदमे,170
ससुर,88
सील,168
घंटा,193
निंदा,94
लगेगा,74
मिलन,168
ध्वस्त,47
उच्चाधिकारियों,50
पथराव,145
तीसरी,122
रेवाड़ी,70
आतंकी,71
निदान,104
सत्य,91
आत्मा,161
लेन,69
विरूद्ध,126
मनोरंजन,12
हकीकत,102
प्रखंडों,56
महासंघ,3
आपराधिक,81
कलाकार,148
लड़के,18
वेद,24
ओझा,109
आला,1
घोटाले,103
निपटने,162
खेलने,121
भागवत,165
सीता,53
साधन,3
पिछड़ा,58
विमल,151
कैबिनेट,85
बवाल,41
नितिन,69
साहित्य,57
मामूली,138
अकादमी,89
चाहता,145
बेच,114
लाई,87
पसंद,25
रजिस्ट्रेशन,85
स्नातक,0
बसंत,22
राज्यमंत्री,21
हवाई,129
जाये,74
गठबंधन,64
गणमान्य,179
विधायकों,11
जानने,19
कहकर,75
रामचंद्र,184
चौथे,131
इंटरनेशनल,85
हर्ष,113
सदस्यीय,181
चार्ज,185
शाही,40
भागीदारी,13
जानलेवा,23
कराएं,54
माफिया,175
आगमन,158
आएंगे,51
मंजूर,115
मंचन,28
पुस्तक,181
पूर्ति,111
श्रद्धा,184
कंबल,140
लिपिक,183
छोड़ने,198
विक्रेता,13
लंगर,34
ताले,41
उतार,166
देखे,4
मिठाई,124
कटान,26
गोस्वामी,184
जलापूर्ति,141
लगाना,63
कारोबारी,103
दिनभर,122
दसवीं,188
जैसा,67
महासभा,165
जलभराव,145
दिलाई,154
ग्यारह,131
तिलक,52
खासकर,175
परंपरा,165
मेरा,26
माल्यार्पण,20
मानते,147
बीबी,110
उपमंडल,56
खुर्द,42
चाचा,100
तब्दील,168
आधी,122
मासिक,81
इंस्टीट्यूट,85
जीटी,110
ऊधमपुर,199
स्पष्टीकरण,38
कोहराम,170
फटकार,148
लोगो,86
प्यार,67
कामयाब,106
कमला,109
पुलिसकर्मी,169
बाला,41
देशों,24
रजिस्टर,96
कूड़े,27
तोड़फोड़,198
दक्षिणी,82
आसान,46
दमकल,75
भूकंप,139
बुलाकर,16
व्यवसाय,13
बाधा,3
आपत्ति,111
होश,32
ग्राहक,13
विधिक,183
जागरुकता,23
अनुराग,37
काटा,193
मजबूती,115
बताने,19
प्रदर्शनकारियों,11
दुख,136
हरकत,158
पहाड़ी,70
प्रतिबंध,137
लिखकर,197
संविदा,89
गुलाब,99
बेटियों,64
प्रमाणपत्र,20
गुजरात,99
दोषियों,71
सटे,119
अधीन,122
वाद,160
वकीलों,64
तोड़ने,198
जेवरात,103
संसद,155
आशीर्वाद,57
पौधों,135
कोहरे,62
जलस्तर,17
शुद्ध,126
चैंपियनशिप,36
रक्त,47
बचे,76
भीम,139
सरिता,154
वादा,6
चलना,145
निभाई,16
प्रतीक,125
धोखाधड़ी,103
ठगी,107
उत्तम,17
बजाए,54
उजागर,166
सवारी,166
पाठशाला,112
लौटने,98
सुबोध,191
उत्तरी,82
सेवाओं,8
दूषित,111
काले,41
अविलंब,137
हमने,76
ऊना,1
बेरोजगार,103
आदिवासी,160
कर्ज,156
बेहोश,32
लाभार्थियों,194
विकल्प,155
बीए,110
जोड़ा,27
वार,166
रसोई,129
बातों,180
गुस्सा,42
बनता,145
लड़ने,151
शहीदों,64
समस्तीपुर,199
संशोधन,137
जरिये,197
गीतों,152
अंधेरे,49
करेंगी,51
पक्का,43
योग्य,91
समुचित,10
चौकीदार,103
पंडाल,186
सराय,6
पुष्पा,191
टैंकर,119
शारदा,6
इन्कार,26
विपरीत,183
धीरज,52
सैनिकों,11
निर्वाचित,146
विलंब,137
कमर,151
ज्ञात,14
सूत्री,95
पेड़ों,135
गिरकर,52
एजेंसियों,164
मकसद,75
नकली,107
दावे,26
तर्ज,156
रोटी,80
प्राकृतिक,81
निष्पादन,38
चिन्हित,111
करोड़,153
अनुसंधान,78
टंकी,68
वासी,160
खोले,117
खुश,32
घनश्याम,184
जिनका,148
सहनी,35
शौच,114
कहानी,106
अड्डा,185
धरती,107
हाजिर,175
लगती,121
उपेक्षा,163
कूद,40
मलेरिया,154
आपको,86
बुझाने,98
पवित्र,95
कचरा,1
सेविका,89
जनहित,47
कुर्सी,42
बनेगा,74
आकर्षक,113
सकारात्मक,179
आकर्षण,113
नालों,152
घूम,139
नारी,26
निष्पक्ष,146
श्रीमती,125
लटका,109
जिनकी,62
बोतल,135
नोडल,69
शिक्षित,0
पोषण,113
धाराओं,8
प्रवचन,17
बुलंद,127
प्रधानों,161
मेजर,119
सीडीपीओ,110
अनुमान,104
रंगारंग,195
रुक,80
प्रकोप,77
निषाद,33
कितना,62
छाया,142
दरोगा,34
कुश्ती,42
प्रभावी,20
लोकतंत्र,95
समितियों,164
अव्वल,159
गंदे,25
विश्वनाथ,196
बांटे,143
नगदी,84
गुरूवार,99
प्रीति,125
बोझ,27
मुख्यातिथि,21
उपाय,91
पराजित,111
भरपूर,115
भार,166
टूटने,2
पूर्वक,141
प्रशिक्षक,0
सर्किट,119
बल्लेबाजी,138
निर्मित,146
धर्मपाल,184
प्रोग्राम,185
बरकरार,145
भेदभाव,165
जनसंपर्क,155
हाथी,90
भरकर,75
काटे,190
कपड़ा,145
अन्यथा,179
पान,90
त्वरित,111
भवनों,45
रुचि,10
इत्यादि,179
फुटबाल,101
व्यय,28
बनाते,147
प्वाइंट,185
झगड़ा,109
पदोन्नति,132
डकैती,77
लगाये,19
समझाने,19
पहिया,124
फेडरेशन,85
हमलावरों,71
लालू,41
सोना,190
लौटा,41
पीढ़ी,92
रेस,119
पूछने,115
बीघा,130
पुख्ता,42
दवाओं,180
आंधी,25
अपेक्षा,163
सुधारने,162
अध्ययन,28
अन्तर्गत,105
जंग,34
सिरे,116
धक्का,26
पड़ोस,62
चिकित्साधिकारी,0
व्रत,159
चतुर्थ,191
लड़कों,45
कच्ची,43
निदेशालय,146
उपलब्धि,183
संविधान,78
गढ़वा,176
इंद्रजीत,59
केन्द्रीय,59
झंडा,186
लहर,158
मंशा,33
प्राप्ति,38
क्षेत्राधिकारी,50
पुजारी,161
उद्यान,161
स्टेशनों,93
तंग,195
चढ़कर,177
आरक्षित,111
खिताब,175
अधिकारों,50
नगरी,107
किलोग्राम,185
धूल,117
छोड़ा,198
अक्षय,159
पीठ,60
जलाकर,174
रंगदारी,103
संस्थापक,78
बहाने,19
स्थानांतरण,38
दबोचा,1
कतार,166
देशी,24
चोटें,114
किंतु,47
वर्षों,87
गलती,107
दिक्कतों,169
डोर,88
सीधा,3
दुमका,199
इन्होंने,132
तारों,180
घाटों,193
परीक्षाओं,163
कर्नल,119
बढ़कर,177
हॉल,119
कहासुनी,31
निर्माणाधीन,146
उग्र,88
ठेके,62
कड़े,76
मौन,69
विधवा,178
जनप्रतिनिधि,72
तबादला,130
दंपती,25
पैमाने,23
रजनीश,40
बुलाई,87
बिगड़,58
आदेशों,24
भंडारी,186
आमंत्रित,111
सुचारू,189
निवासियों,11
मैंने,121
पाक,90
अलाव,166
आरएस,9
मानी,53
गायक,148
उपकेंद्र,59
कारतूस,124
सीटें,119
दबंगों,135
बढ़ाकर,177
कराये,19
आवाजाही,23
हल्की,43
गणतंत्र,95
सुन,136
हृदय,171
आभूषण,113
निरंजन,12
लौटे,98
शेर,88
किराए,167
मंजिल,170
पिछली,122
वसूल,168
इस्लाम,48
संदेह,155
पाती,90
सेवकों,64
कमरों,45
निर्देशों,146
दहन,158
हीरा,15
पकड़कर,9
निशा,33
पर्स,119
ट्रकों,135
उन्हीं,188
तस्करों,135
खोज,4
दाल,41
अनुभव,28
महान,46
मुआयना,104
टकरा,109
चांद,114
संबोधन,137
एड्स,119
गाड़ियां,123
कटाई,129
उतरने,66
आफिस,92
निर्देशित,146
बीईओ,110
मेल,168
पारिवारिक,178
जला,1
कमान,46
गोद,117
महायज्ञ,14
निरंतर,105
परन्तु,47
मतों,102
ताकत,144
अमेरिका,134
गहरा,1
पार्टियों,194
आरोपों,71
भूल,139
चिह्नित,111
शैक्षिक,0
नेत्र,132
स्मारक,78
गरीबी,182
कागज,148
विसर्जन,12
माला,41
इजाफा,6
मकानों,180
भगवती,84
संपूर्ण,141
चुरा,70
निर्धारण,146
इच्छा,165
मजबूरी,115
लाए,54
प्रारंभिक,38
बदहाल,145
ऋषि,52
चूंकि,62
प्रीतम,125
ठेकेदारों,103
अमृत,47
उतरे,66
इंसान,49
खुदाई,31
तमंचा,100
आएगा,145
सकेगी,51
जिम्मा,138
पर्यवेक्षक,172
कितनी,62
बृजेश,184
काशी,33
नम्बर,87
हलका,1
निकाले,162
चौराहों,39
पढ़ें,177
टूटा,193
घेर,88
विशेषज्ञों,0
एलान,40
हितों,152
जिम्मेवारी,138
दुर्घटनाओं,167
हस्तक्षेप,181
उठाना,174
अस्तित्व,192
दृष्टि,192
गुलाम,48
भंडारे,186
उड़ा,63
विपक्ष,163
मचाया,6
बेहाल,106
रसीद,40
सिपाहियों,11
हवाला,41
निशुल्क,10
गौड़,70
मुआवजे,170
कैदियों,71
डीडीसी,110
डाकघर,130
बाध्य,179
कांस्टेबल,85
भंग,34
फौजी,156
मुलायम,170
बाजी,106
अभ्यास,179
पुष्प,191
बहाली,53
भांति,30
सोलर,119
बहस,75
कथित,47
जीतने,58
रजनी,107
अपराह्न,87
मैट्रिक,96
मधु,136
रमजान,46
फैली,168
पुरुषों,191
उदासीनता,157
पर्ची,60
बहनों,152
संचार,89
धारण,3
व्यवसायियों,11
इन्हीं,188
पकड़ी,84
चिन्ह,132
संगोष्ठी,181
निराकरण,104
जुटा,2
पर्यटकों,64
खराबी,53
घटिया,154
दोनो,69
संभाल,89
इंटरनेट,85
मछली,84
आयकर,75
प्रयासों,194
निर्देशन,146
रोगी,12
उठाते,147
आपके,5
भैंस,25
अगवा,109
आखिरी,122
हमलावर,71
चापाकल,90
उठानी,19
पोशाक,124
पहाड़,70
परीक्षाएं,163
शिकायतकर्ता,50
बर्तन,119
धर्मेन्द्र,59
संसाधनों,78
तुलना,68
इमारत,148
सीमित,111
राखी,15
बढ़े,177
उत्थान,179
यूं,86
सेठ,52
मानसून,23
प्रवीन,125
सफेद,151
बनती,35
दवाएं,54
एयरपोर्ट,85
दिवाकर,184
जोड़,27
भोग,12
निर्गत,146
उमड़,27
तीर्थ,125
जीव,30
प्रताड़ित,36
दायरे,116
प्रोत्साहन,20
साक्षात्कार,29
सावन,90
कहर,75
शर्त,92
फरमान,46
कड़ा,1
छिड़काव,198
मचाने,19
ब्याज,13
क्रांति,192
जलाने,19
नवजात,14
निर्णायक,146
लोहे,117
अंदाजा,49
कल्पना,165
बचत,158
गिरावट,175
आतंक,71
बढ़ाई,177
पूर्णिमा,83
प्रोत्साहित,38
जिक्र,48
नक्सली,92
मुसीबत,170
प्रभार,20
कारोबारियों,103
रोगों,135
निर्मला,37
सुना,26
माले,41
विधिवत,183
साधना,3
पीडब्ल्यूडी,110
जिंदा,106
तिराहे,154
सापेक्ष,29
हिन्दी,65
कहती,35
जनजाति,160
कारावास,160
तफरी,84
फैला,175
संकेत,155
बड़ी,149
सघन,75
युवतियों,64
फूलों,135
विवरण,28
हथियारों,180
हिस्सों,169
सम्भल,155
नजारा,6
जनसंख्या,89
अभियुक्तों,10
घटे,76
नक्सलियों,71
बुजुर्गो,99
वृद्धा,126
मिलेंगे,51
प्रिया,20
प्रमंडल,56
उत्तीर्ण,163
बैठी,120
कमाई,129
युद्ध,126
अधूरा,115
वृक्ष,108
केशव,52
इमाम,144
टूटे,2
हलके,76
डंडे,186
कक्षाओं,8
जोकि,80
खामियाजा,175
लावारिस,154
बिल्कुल,169
परेड,60
फैलने,121
नर्सरी,181
जुड़ा,27
नियमानुसार,146
जनसभा,109
शाहिद,48
लूटने,2
सबको,86
कैदी,62
उत्क्रमित,111
निवारण,146
घाटी,193
देखभाल,23
उतरी,84
नदियों,152
छात्रावास,13
निर्भर,146
कीमती,62
चलेगी,51
संभावित,89
मेहमान,23
ट्यूबवेल,93
कोठी,140
उदाहरण,179
सोलन,151
ईमानदारी,106
चलकर,158
झेल,168
गुस्साए,42
अकेले,5
महकमे,76
बीआरसी,110
फैलाने,98
दाखिले,133
प्रकृति,192
कांफ्रेंस,85
प्राचार्या,112
खाक,26
गायन,90
युग,152
किराये,167
बाप,90
प्लास्टिक,96
परिषदीय,181
हरा,1
एजेंट,119
जिसको,62
खतरनाक,182
धीमी,69
कोचिंग,119
रखरखाव,104
वारदातों,167
जश्न,69
अनुपालन,104
समझौते,39
विदित,111
जीतकर,52
आठवीं,122
गोलियां,150
भड़क,75
सन्नाटा,67
कर्म,113
दलाल,41
प्रशंसा,78
डेयरी,96
शिकंजा,175
कुंदन,140
बताकर,174
ट्रेनें,93
दिसम्बर,87
बोली,117
मिलीभगत,102
भ्रूण,139
बारात,61
तुलसी,191
सुनाया,16
सच्चाई,100
अखंड,56
उपेंद्र,59
रखेंगे,51
व्यक्तिगत,192
उर्मिला,41
परिक्रमा,68
अनुशासन,179
कार्यप्रणाली,50
चेतना,165
कपड़ों,45
आगाज,156
अधिसूचना,89
गोला,117
बहू,136
भगा,1
झील,168
ठोकर,174
कर्तव्य,91
चौपाल,39
खाई,129
अश्विनी,184
वजन,75
कुएं,140
सवालों,152
रजा,1
धूम,139
परमात्मा,161
भरोसे,24
नाकाम,106
प्रतिबंधित,137
रवैया,154
गहरी,84
तारा,37
देखना,162
पाएगा,74
करवाकर,174
धनंजय,52
रवैये,154
अर्जी,156
टैक्सी,134
सम्पन्न,132
धारकों,194
टोली,117
बेहतरीन,182
कोट,193
जाल,41
मूलभूत,115
बिक,7
पायी,90
रोकथाम,23
लिखी,4
गूंज,156
शकील,168
डूब,7
जीते,30
रचना,145
वसूला,41
कालोनियों,152
कंचन,60
वैश्य,91
सिद्ध,126
गिरि,125
परिचालक,89
तंत्र,95
निपटारा,162
शातिर,175
विफल,159
बेंच,100
जरूरतमंद,32
कुलवंत,191
स्थानांतरित,38
चालीस,131
साक्ष्य,29
ऐलान,46
मोह,136
पाये,90
सेमीफाइनल,138
रोटरी,80
हिम्मत,102
लगायी,53
इकट्ठा,2
बेरोजगारों,103
हरियाली,154
बनना,109
सावित्री,161
पड़ते,66
चलाते,147
जन्मदिन,17
पुरुषोत्तम,191
रेत,22
हराकर,174
ख्याल,41
कालाबाजारी,103
महकमा,1
वर्दी,92
चहल,75
प्रतिवेदन,44
नौजवान,194
विद्युतीकरण,192
बांटा,130
जायेंगे,74
देसी,53
वैदिक,81
शवों,45
आयोजक,28
गवाह,148
नाजुक,31
शब्द,24
इस्तीफा,106
निशानदेही,138
पदार्थो,179
गुलशन,151
पुस्तकालय,181
दोस्तों,169
सतर्कता,179
खेलते,121
विक्रेताओं,194
हॉकी,134
कन्नौज,39
धांधली,143
समन्वय,159
खेले,4
अंधेरा,49
कीचड़,62
अंदाज,49
शिकायती,175
तमंचे,100
कार्यभार,50
दून,69
आखिरकार,175
जबरदस्त,92
वीरभद्र,59
सौंपने,79
प्रदेशाध्यक्ष,112
निकलना,162
कर्ण,113
कठिन,69
मवेशी,33
मेधावी,160
कृपा,67
रिकॉर्ड,185
दामों,180
जितनी,62
विश्राम,196
वर्करों,64
जंगली,25
दूसरों,64
सर्वेश,24
क्लीनिक,96
चरित्र,95
बीडीसी,110
सीमेंट,85
अबतक,9
मंत्रियों,21
एकमात्र,179
खरीदा,15
स्थाई,179
अश्लील,168
भुगतना,31
हाजिरी,175
खोजबीन,32
मरने,76
बुला,41
पांव,176
नवम्बर,87
मणि,52
करेगे,51
गुणगान,99
सीख,4
नगद,75
सूत्रीय,95
सक्षम,159
नसीब,7
पर्यटक,17
लगवाने,19
छेड़खानी,198
दिखाते,133
बहरहाल,145
संगम,155
शिक्षामित्रों,0
भंडारा,186
बेगम,7
प्रपत्र,20
रिश्वत,169
सब्जियों,150
पार्वती,184
करवाना,63
विभागाध्यक्ष,112
हाट,193
लैस,116
छात्रसंघ,194
सतर्क,43
शासनादेश,112
वरुण,52
व्यास,67
शीतल,52
सुध,136
खंभे,186
रौनक,114
वार्षिकोत्सव,83
चीख,4
भनक,158
उमस,75
युक्त,10
गुमराह,99
भजनों,45
माया,6
वाहिनी,160
सहकारिता,50
मिस्त्री,161
जीने,116
सूखे,4
मीट,119
समीर,144
धंधा,186
क्रियान्वयन,38
प्रसंग,155
बचाया,142
डयूटी,110
मनीषा,53
खिड़की,140
पलायन,90
अनिश्चितकालीन,10
निहाल,154
लंबा,127
तत्व,47
मंथन,159
वेतनमान,104
पुण्य,181
दिखाए,133
उत्कृष्ट,181
निर्वाची,146
नुक्कड़,43
सरसों,45
मानने,19
डालते,147
आराम,148
हरिओम,151
कान,46
संसार,78
मंडियों,150
पड़,149
निराश,157
थोड़ा,27
बाइपास,61
लेनी,69
प्रतिष्ठा,72
पाना,63
रिश्तेदारों,194
राजनैतिक,81
गिरफ्त,175
पुनीत,125
शरीफ,144
रिहा,154
विजेताओं,194
शौचालयों,124
मोहाली,41
रजिस्ट्रार,85
पढ़ाने,55
बुनियादी,138
माफी,73
जानवरों,180
नमूने,69
वोल्टेज,93
हीं,188
लूटी,119
लिख,4
मतलब,158
विवेचना,89
दीवान,15
समर,75
महंगा,25
दुआ,140
जिसने,5
पड़ाव,145
लायक,148
पीटकर,77
झोपड़ी,27
बंदियों,127
उत्साहित,57
बालिकाओं,8
दहिया,154
बांटने,143
सुधा,3
उतारने,19
कागजों,180
महिमा,154
मंडलायुक्त,21
लैपटॉप,134
कोटेदार,103
दबंग,34
जलने,66
टैंक,119
लाना,63
उतारा,6
चढ़ा,177
किताब,175
पुरवा,199
बेदी,7
सैयद,48
अर्थ,159
महर्षि,52
गौरी,39
अस्थायी,179
झगड़े,66
जाली,41
अभद्रता,157
पैदावार,13
वस्तु,192
शून्य,181
सुपुर्द,42
हत्यारों,71
मुंशी,140
वैकल्पिक,81
व्यक्तित्व,192
बीतने,122
आतिशबाजी,106
तरक्की,43
विज्ञापन,38
सेनानी,161
परियोजनाओं,8
बूंद,7
आवेदकों,64
राजाराम,37
जोश,32
गोशाला,68
निर्विरोध,146
कहे,76
शब्दों,64
अंचलाधिकारी,50
चक्का,43
कगार,166
संग्रह,155
अनुबंध,137
रूबरू,128
आमजन,75
हां,188
साधु,3
तड़के,76
हिन्दू,65
अधीक्षण,172
महादलित,36
विनीत,30
बुद्ध,126
नियोजित,10
कदर,158
त्याग,67
प्रशिक्षु,0
ब्योरा,190
नहरों,45
किस्म,169
निकलते,121
ऊंची,100
सुदर्शन,191
नेताजी,15
संकाय,89
प्रभारियों,50
घास,70
पंत,22
बटालियन,154
खातों,180
हफ्ते,92
शस्त्र,95
सार्थक,57
साहिल,154
लुटेरे,98
मार्गदर्शन,29
इसीलिए,197
तादाद,6
आमरण,75
दिक्कतें,169
रुकने,173
तरुण,52
बनेगी,51
प्रेषित,111
कामयाबी,106
चरणों,45
प्राण,160
वादों,180
गिनती,183
घटी,107
सूख,4
उठने,18
योग्यता,179
सनातन,165
शहरवासियों,11
कठोर,88
अंप्र,105
शुभ,136
मनप्रीत,125
पारदर्शिता,38
गंगवार,186
अधूरे,115
पाबंदी,127
सिनेमा,98
दरगाह,61
महुआ,86
उद्योगों,12
सनसनी,122
हवाओं,180
लेती,117
बचपन,9
बावत,166
दशहरा,109
रुपयों,128
हवलदार,166
ऊषा,109
शरद,75
जानकारियां,23
उपरोक्त,183
टिप्पणी,163
निभा,165
उपचुनाव,94
महोबा,190
निबंधन,137
संबद्ध,137
जितना,62
एकल,75
कुसुम,191
अरविन्द,65
जहरीला,15
कराएंगे,74
स्टाल,190
शिवानी,15
सक्रियता,157
खुलासे,101
आशय,75
थानेदार,103
प्रहार,20
मिलों,152
जागृति,14
जगजीत,30
खुलेआम,101
करण,9
जोरों,135
पाएंगे,74
पासपोर्ट,185
हिंसा,67
खाकर,174
झूठे,115
संतुलन,155
कच्चे,43
अभियंताओं,50
बदतर,17
प्रकाशन,20
राजभर,199
असली,122
त्रिवेदी,196
नारा,37
देन,69
विपक्षी,163
चमन,75
प्याज,13
जीना,15
समझाया,142
मसले,66
पृथ्वी,82
कोमल,140
पठन,158
महीना,53
सिलसिले,169
लदे,151
हेलमेट,134
व्यवसायिक,13
दस्तक,22
सर्वश्रेष्ठ,181
पाठन,90
टेलीफोन,185
डूबने,153
बढ़ोत्तरी,55
अपनाने,19
सशक्त,47
झटका,109
मानवाधिकार,50
सिद्धार्थ,196
सर्राफ,185
उद्यमियों,11
काजल,68
वैज्ञानिकों,81
गणना,104
आतंकियों,71
सबक,75
बची,107
पुनर्वास,20
केसरी,119
यानि,154
वादी,160
भटक,75
सिमडेगा,74
अग्रिम,111
बिगड़ने,58
उमड़ी,27
हटाकर,174
तंबाकू,49
मास,90
यंत्र,95
अंग,105
नियंत्रित,146
आवारा,166
भतीजे,116
नींव,188
तर्क,105
प्रतिभागी,72
आतंकवाद,71
अनंत,22
बेकार,49
भट्ठा,193
देवता,184
घुसे,173
कांग्रेसियों,11
पाउडर,90
लक्षण,113
पड़ेगी,51
वादे,40
मुलाजिमों,170
गुटों,34
उल्लेख,101
उपहार,148
भागे,34
देवर,52
इनसे,118
साप्ताहिक,57
पुकार,67
शिक्षामित्र,0
आंकड़ों,135
रोजा,190
परिस्थिति,192
शहादत,144
मोती,77
सिलाई,154
उपलब्धता,104
जानवर,130
पंखे,186
प्रबंधकों,137
लटक,75
हड़ताल,97
उपलब्धियों,164
भौतिक,81
अत्याचार,157
खैर,88
कांस्य,91
बाराबंकी,61
आकर्षित,111
गहन,75
मसीह,40
सपने,5
कुत्तों,42
पाठ्यक्रम,29
कुंतल,140
आंसू,25
गबन,75
मामा,26
निर्दलीय,146
जलाभिषेक,83
गुलाल,41
समाप्ति,104
पलटने,66
आंखें,123
पक्की,43
अभिनंदन,44
सुचारु,189
सीधी,92
ओंकार,68
बरात,53
सामानों,23
मानकों,104
स्वरोजगार,13
निर्देशानुसार,146
दर्शक,159
पीकर,119
भिड़ंत,36
प्रतिमाह,72
क्रिसमस,134
तेवर,52
पौधा,39
सबके,18
पारी,90
लोहा,41
डिमांड,56
स्वतंत्र,95
साध्वी,161
शिरोमणि,191
वस्त्र,95
खरीदी,73
बदली,84
ठहराव,145
धरातल,140
प्रमुखता,20
ताज,15
भोले,117
न्यायमूर्ति,112
जुर्माने,103
पेशी,60
मुकाबलों,170
दराज,15
गश्ती,22
भलाई,129
कृषक,171
सर्वेक्षण,172
शुभकामनाएं,83
कसर,75
जनगणना,87
बोलने,153
चादर,130
इजहार,144
दवाई,129
प्रतिभाग,72
नियंत्रक,146
नाव,94
चारा,37
तोड़ा,70
नीलामी,73
संस्तुति,192
जानते,147
घोर,88
अंकों,105
कारागार,103
उपकरणों,45
निलंबन,137
लगाम,166
साकार,68
बनाएं,54
मच्छरों,135
राज्यसभा,112
बिंदुओं,65
प्यास,67
विकलांगों,11
वस्तुओं,95
लिहाज,175
लूटा,190
तालाबंदी,127
किला,154
कक्षाएं,163
कार्यशैली,29
वक्ता,97
बौद्ध,126
उठी,35
असामाजिक,81
सदैव,52
मुहर,140
चिह्न,132
रोककर,114
पटवारी,103
रास्तों,97
अभिलेख,44
चुप्पी,42
श्वेता,184
जितने,62
नजदीकी,122
भाईचारे,165
बारहवीं,131
पढ़ा,177
स्नातकोत्तर,29
हंगामे,49
प्रज्ज्वलित,14
आजसू,84
संकीर्तन,155
किरन,151
निकेतन,44
कसने,66
आवेदक,28
बर्बादी,138
प्रदर्शित,111
मानवता,165
चंदा,186
बीमारियां,138
बीएसएफ,110
चाह,148
हटाए,54
कल्याणकारी,13
विरेंद्र,59
गुरू,191
कोटे,80
गड्ढों,135
खोलकर,153
सिफारिश,175
साक्षी,29
कोष,113
अहसास,67
कचरे,76
बर्फबारी,138
चक्रवर्ती,125
मित्रों,95
धंधे,25
उपनिरीक्षक,172
आयुष,113
घेराबंदी,127
बांट,119
कार्ययोजना,13
सितम्बर,87
किताबें,123
पढ़,177
बुलाने,98
मवेशियों,152
संतों,64
कांप्लेक्स,93
आंकड़े,123
मुक्तसर,170
बनते,66
कैमरा,134
दंगल,140
नाक,26
जनपदों,45
पूर्वाह्न,141
कुलसचिव,44
पटाखे,70
घूमने,121
धोखा,4
अभियोजन,44
लड़कियां,123
बदहाली,106
अटल,75
अधिवेशन,44
फेंकने,153
खुशबू,136
इजाजत,144
अध्यक्षों,112
मृतकों,64
ईदगाह,61
प्रतियोगिताएं,72
नीयत,102
पावन,90
क्षुब्ध,126
सीडी,110
पीड़ा,36
कापी,90
अवलोकन,28
ऊंचा,100
बैडमिंटन,134
शकुंतला,184
घोटाला,103
ओलावृष्टि,108
मत्स्य,91
आकलन,158
गुजरना,99
अव्यवस्था,57
विचारों,157
बदौलत,102
हौसला,106
दुरुपयोग,12
किन्तु,10
अपहृत,47
फंसा,25
साक्षर,179
तालमेल,98
साठ,90
इच्छुक,43
भंडार,186
पड़ोसियों,152
रंगों,195
स्वर्णकार,29
संकुल,155
नक्शा,33
पात्रों,194
लता,1
दादा,6
आवासों,180
घाघरा,193
खुराक,101
बंदरों,135
गिरे,116
प्रोन्नति,132
माजरा,63
गारंटी,185
रोजी,80
मोहल्लों,170
व्यावसायिक,13
ठंडे,186
प्रतिनिधित्व,72
गहरे,76
लगन,75
दलितों,64
समग्र,159
फेंका,26
विस्फोट,185
सेवानिवृत,178
नववर्ष,87
सजग,75
आराधना,3
प्रदूषित,111
पालिकाध्यक्ष,112
दिखने,5
भोर,88
नैतिक,81
झाविमो,190
शिक्षिकाओं,0
मोटी,80
निर्वहन,146
रद्द,151
सुनते,121
अनमोल,152
जूझना,31
बोरी,80
बर्खास्त,48
नौजवानों,194
दृश्य,91
बैठकों,120
बोरा,190
लैपटाप,134
चिंतित,10
पद्धति,47
कराटे,26
ताल,41
भिड़,198
लेगी,51
कुत्ते,42
चेहरा,162
घटनाक्रम,179
चीज,114
जागरुक,23
पांचों,100
विहीन,132
मंडलीय,56
दिनदहाड़े,123
नवनिर्वाचित,146
हल्का,43
नियत,102
ईंट,119
इनको,86
लाभार्थी,13
आढ़तियों,150
प्रधानाचार्या,112
समृद्धि,126
बिरादरी,138
निखिल,168
आंकड़ा,123
नालियां,154
कुशल,113
सहन,158
सेशन,93
लिखने,5
प्रथा,20
डिप्लोमा,96
गायों,152
लौटना,98
रश्मि,33
बड़े,149
फसलें,118
पिछड़े,58
पैरवी,62
लेखन,5
उठाव,174
मनोनीत,30
निकलकर,86
जरुरत,102
चक्र,60
बोला,117
सिकंदर,140
जोड़ी,27
संभालने,162
अफरातफरी,106
पीस,110
तरस,158
पुण्यतिथि,83
पारंपरिक,81
पिलाने,154
विमान,89
गुना,99
भाजपाइयों,194
संतुष्ट,192
रस्म,151
निराशा,157
चरम,158
कमांडर,119
सशस्त्र,95
नमी,107
ब्राह्मण,29
साधारण,3
पहुंचना,187
जंगलों,135
मताधिकार,50
प्रयासरत,20
जुड़,27
अस्थाई,179
कालीन,68
पसीना,26
प्रतिष्ठान,72
हत्यारोपी,71
वास्तविक,81
चलाना,63
आढ़ती,55
इंसाफ,49
महत्ता,97
फलों,45
मलबा,109
फूट,2
लालच,41
डटे,76
बदबू,84
मांस,143
बतायी,53
गुजरते,99
मंत्रमुग्ध,42
तूफान,124
टाल,41
मुफ्ती,42
प्रेमिका,178
रहित,47
ग्रंथ,155
मुस्कान,42
प्रयोगशाला,13
चौदह,131
गहने,76
कारखाना,23
डंडा,186
दस्ते,116
बंदूक,127
उपनिदेशक,44
जरा,1
मच्छर,43
खुफिया,175
गगन,75
जनार्दन,37
कूलर,119
कोने,80
सूबेदार,103
अघोषित,113
शिष्टमंडल,0
रामनवमी,83
तत्वाधान,179
इसपर,9
अन्याय,91
चौथी,131
खींच,114
क्रीड़ा,68
रामनाथ,37
जुआ,140
संग्राम,78
अनुशंसा,89
आत्म,113
रंगोली,186
उपाधीक्षक,172
भीड़,36
पहुंचेगी,187
खण्ड,56
प्रांत,125
खदान,46
कुख्यात,101
मौर्या,37
नियमावली,146
बदलते,18
भला,145
प्रतिक्रिया,38
किस्त,169
शताब्दी,87
दंड,56
पसरा,109
असफल,75
ऊंचाई,100
ठहराया,142
माफ,73
अभिलेखों,44
अर्जित,111
पदस्थापित,38
संभाला,89
नेपाली,160
अनुष्ठान,179
सचिवों,64
नवनियुक्त,10
शैली,168
सौहार्द,57
इंजेक्शन,93
लोकार्पण,185
जोखिम,32
वसूलने,139
रामायण,37
पक्षी,181
राजकिशोर,103
मधुबन,140
छठी,35
प्रतिवर्ष,72
मंत्र,95
टीईटी,110
नवोदय,52
बिजलीघर,58
सहभागिता,89
आर्मी,119
ध्वजारोहण,83
फेरी,88
लड़का,109
प्रतीत,125
धारक,148
चैंपियन,36
किन,197
संवेदक,155
आसार,166
खुलवाने,98
सावधानी,23
वन्य,91
लगेगी,51
भाग्य,57
आहत,75
प्राधिकार,50
विवादित,178
दूरभाष,115
कहाकि,86
जले,151
घातक,68
सिम,40
महाविद्यालयों,196
रिहायशी,175
बांधकर,25
सालाना,23
गवाही,148
मस्ती,92
उल्टी,119
विमोचन,28
खरीददारी,73
घेरे,88
चौटाला,39
पर्दाफाश,103
माथा,37
अत्यंत,47
आश्वस्त,30
स्कूटर,93
झटके,76
धड़ल्ले,116
संयंत्र,95
दुर्घटनाग्रस्त,167
देवताओं,184
सांप्रदायिक,81
धार,148
सर्राफा,190
अधिशाषी,160
तत्पर,47
पंचनामा,100
कमाल,41
दामाद,15
परामर्श,29
उज्ज्वल,14
बनेंगे,51
रखता,109
लूटे,119
धारदार,103
खबरों,45
संतोषजनक,155
आगजनी,84
निभाने,162
सांप,77
फीता,53
हाथियों,152
एकजुटता,157
निर्दोष,146
सेक्शन,93
नशीला,68
दीक्षा,163
नामित,104
जनजीवन,30
मुनि,191
लौटते,121
बागवानी,130
अल्लाह,48
सगे,76
गढ़,84
चूना,26
तलवार,70
भाईचारा,165
हड्डी,140
थोक,114
लौटी,2
प्रहलाद,184
पहुंचेंगे,187
डंडों,56
देशभर,24
मिजाज,175
बीएन,110
नमूना,26
संक्रामक,78
बुझाकर,16
भड़के,66
खुलकर,121
छापे,26
पहलुओं,135
तबादले,130
बर्फ,119
सौदा,39
तथ्य,91
निबंध,137
लगेंगे,51
लदा,1
रामानंद,37
अध्यापिका,112
मशीनें,132
बांस,143
भास्कर,184
मालगाड़ी,167
तबाही,144
खरीदे,4
सबूत,122
दुराचार,157
आयुर्वेदिक,81
शरारती,53
आरक्षी,113
दादी,40
बहुमत,159
अर्थदंड,56
ब्रज,7
एथलेटिक्स,96
संलिप्त,38
सरयू,84
बढ़ेगी,55
मंगला,186
तत्पश्चात,14
कंपनियां,164
सहायिका,89
गुमशुदगी,99
दुखी,136
कतई,75
कटाव,176
कब्रिस्तान,48
परहेज,79
क्रेडिट,85
बढ़ाए,54
जोड़कर,198
सांत्वना,78
सहज,158
अभिनव,183
आजीवन,30
रौशन,24
पुस्तकें,181
प्रतिनियुक्त,72
सरकारों,180
पक्षियों,152
बिछाने,98
माली,41
आमदनी,84
परंपरागत,165
बेटियां,123
झूठा,115
जैविक,81
अनुपात,104
सुलझाने,98
कार्यदायी,50
सर्वोच्च,17
स्वर,60
कार्मिक,50
समायोजन,104
होड़,27
जनस्वास्थ्य,57
फिल्मों,169
अकेला,98
त्रिस्तरीय,29
समझते,66
छोड़ी,198
ठंडा,186
प्रशासक,112
रस्सी,92
मुश्किलें,169
बंधन,137
कमलजीत,125
नसीहत,102
सबका,145
धुनाई,129
नशीले,168
कोहरा,124
रिश्ते,169
खरीफ,4
फाइलों,180
झांसी,143
तबीयत,102
लापरवाह,106
झड़प,188
छाए,54
ढोल,117
सराहा,70
ब्यौरा,13
बच्चियों,64
उपविजेता,178
नाकाबंदी,127
चढ़ने,55
नमन,158
खोली,117
निशाने,162
लगाएं,54
पांचवें,131
कीटनाशक,124
हाथापाई,23
पढ़ाओ,177
पार्को,190
राजी,15
समर्पण,159
चौपट,114
छठे,66
निष्ठा,72
छुटकारा,16
लगना,109
दीन,69
डीलरों,135
दलालों,152
दिला,41
विस्थापित,38
झाड़,70
अग्नि,132
चांदनी,143
राज्यस्तरीय,29
नवीनीकरण,183
भक्तिमय,30
अनारक्षित,111
इकाइयों,152
टॉप,119
बहने,76
सातवें,131
टीका,68
दस्तावेजों,194
पसीने,69
मातम,166
उर्स,134
गरिमा,154
अखाड़ा,70
मौलिक,81
अदायगी,106
बलिदान,40
प्रताड़ना,157
भैया,184
सौंपकर,79
प्री,125
उपज,75
टेक,119
क्लर्क,93
अमीर,144
जायज,156
मशहूर,115
श्रेष्ठ,181
मुहल्लों,170
प्राध्यापक,112
परमार,166
पेटी,119
घेरा,70
अंबार,186
खामियां,164
बड़ा,149
बडे़,149
निर्माता,146
दिव्य,91
वें,118
खत्री,88
आपकी,84
विचाराधीन,157
झलक,158
खलबली,151
बेचा,100
प्रेरक,125
साझा,3
महंगी,25
पंडा,186
अंतर्राष्ट्रीय,29
घड़ी,84
खौफ,32
खफा,109
स्वयंसेवी,78
तरीका,68
कार्यवाहक,50
घुसने,173
आंदोलनकारियों,11
असुविधा,89
सचेत,47
बहाना,63
त्रस्त,22
मयंक,151
आटा,1
स्वाभिमान,57
भावनाओं,8
पैसों,135
गौशाला,68
भाभी,165
खपत,158
लहूलुहान,48
मंडली,56
अधिकृत,183
जमावड़ा,70
पॉलीथिन,96
गंतव्य,91
बीडी,110
टेम्पो,190
कुपोषण,189
चढ़ाने,55
बिलों,152
रूपरेखा,89
सरल,158
चरस,158
दौड़ा,39
अंजली,52
प्रौद्योगिकी,81
शिविरों,0
मॉल,119
छीनने,5
ताबड़तोड़,198
हर्षोल्लास,57
निस्तारित,38
सरगना,1
पुरूष,191
सबकुछ,86
बनायी,53
दुल्हन,101
कुचल,140
विदेशों,24
सभासदों,64
परिचित,10
बेटों,135
मलबे,76
सैन्य,78
रक्षक,172
तिराहा,154
खातिर,175
चीजों,135
ज्ञानी,14
गोलीबारी,103
उपयोगिता,104
अवशेष,113
व्यवस्थाओं,8
आवेदनों,28
चौकसी,39
जगतार,166
कागजी,73
फंदा,25
खुदकुशी,32
मजबूरन,115
रैन,69
बयां,151
अधूरी,115
पर्चे,60
बंदर,7
शख्स,92
इनकार,166
अफवाह,180
नयी,107
चूक,114
रहेंगी,51
सेतु,22
मंडप,56
कीमतों,135
जता,1
शिक्षाधिकारी,0
रूपए,128
बदलकर,76
नाग,34
रोपाई,190
नौबत,102
बढ़ेगा,55
अविश्वास,57
नामों,180
जोड़े,27
नाते,147
चुप,77
प्रज्वलित,14
गुरदेव,191
श्रोताओं,194
चकबंदी,25
धुन,69
शान,46
परमानंद,184
विधेयक,44
बेहोशी,32
त्रिवेणी,196
पीडि़त,36
दुग्ध,126
इरशाद,61
तौल,117
वैभव,159
बेला,41
खोकर,4
शीतला,33
स्कार्पियो,185
विविध,183
गर्व,176
छत्तीसगढ़,92
संगठित,155
गाड़ी,129
उठता,145
तटबंध,137
सवारियों,152
पुस्तकों,181
सूखा,4
जयंत,22
यौन,69
सदा,1
आहूत,22
छप्पर,60
सड़कों,135
पैतृक,171
बत्ती,92
बादलों,130
अग्रणी,92
बस्तियों,150
साकेत,26
भगदड़,151
शाखाओं,8
उत्पादों,13
पहने,66
सकुशल,113
कुआं,140
गतिविधि,183
हटवाने,19
अनुमोदन,28
जनरेटर,119
चेतन,52
चरखी,84
जमाने,19
चेताया,6
अपराधों,71
मुश्किलों,169
विद्यापीठ,196
सद्भावना,165
कनिष्ठ,181
धरोहर,52
वीणा,68
दावेदार,103
नेट,119
शीर्ष,181
बंगला,130
कठिनाई,31
लुत्फ,48
आड़े,66
साहित्यकार,194
बैंकिंग,134
मुकाम,170
मिसाल,175
क्षेत्रवासियों,11
अग्निकांड,56
प्रतिकूल,192
ओलंपिक,36
चंचल,140
गुस्से,42
जिलास्तरीय,21
चेकअप,114
बाई,129
टूटकर,2
चिंगारी,67
मुकम्मल,170
पोषाहार,13
संशोधित,137
स्त्री,95
पिलाई,154
खुशियां,32
नवनिर्मित,146
हंस,25
जन्मोत्सव,17
शीशे,33
स्वर्गीय,181
बापू,15
मृत्युंजय,108
साड़ी,70
किताबों,175
हंसराज,184
चित्रकला,0
रत्न,52
कामों,180
सृजन,159
पक्के,43
बरी,151
उद्यमी,91
सेक्टरों,93
झंडे,186
असिस्टेंट,85
विशेषकर,183
दिलचस्पी,169
पहलवानों,194
जुगाड़,70
पढ़े,177
दीनानाथ,37
रोहिणी,125
कूपन,28
पुस्तिका,38
कॉपी,134
साढे़,131
प्रयुक्त,192
मात,97
जुटाने,98
भूमिगत,139
पैरों,135
लादकर,166
खस्ताहाल,97
अपमान,46
प्रतिनियुक्ति,72
पीर,77
सरपंचों,100
इशारे,166
खेली,117
आलोचना,165
कत्ल,117
पढ़ाया,16
सुमित्रा,196
मकर,9
ध्वज,52
सस्ते,116
चर्चित,10
मनमाने,19
चाल,41
जन्माष्टमी,83
पढ़ी,177
जननी,107
मुकुल,191
हटाओ,174
समझने,5
झोंक,114
दीवाली,83
रसायन,26
नतीजतन,122
नन्हें,132
रोड़,27
खानापूर्ति,38
पटाखों,180
मानकर,174
सोलह,136
निविदा,89
गतिविधियां,164
जलजमाव,145
सेविकाओं,8
पल्ला,41
आहार,166
कमेटियों,150
भोजपुरी,199
पायल,90
सचल,75
हौसले,62
बजकर,9
फैले,168
तत्परता,179
एहसास,67
वृक्षारोपण,108
जगी,151
उज्जवल,159
नगीना,26
लाईन,185
सुलभ,136
दुर्घटनाएं,167
मूल्यों,104
आयोजकों,64
विरासत,175
उन्मूलन,159
उतरकर,86
सरिया,154
मुठभेड़,170
देशभक्ति,169
वैद्य,91
उदासीन,161
ताक,26
प्रेक्षक,172
भरमार,166
लाइनें,185
घोसी,117
फरियाद,48
रामा,37
मुसलमानों,170
बकरी,107
उर्वरक,159
दफ्तरों,135
प्रेमियों,152
हैदराबाद,61
प्रधानाध्यापिका,112
सर्वप्रथम,17
थमने,66
केरोसिन,80
ग्रामसभा,13
उत्पात,97
कॉलोनियों,150
महाशिवरात्रि,83
कच्चा,100
नौवीं,131
अमीन,40
खस्ता,97
ध्वनि,183
अलमारी,124
संवेदना,78
आंगन,140
बोलते,121
बिरसा,154
पाएगी,74
तबाह,144
व्यवस्थापक,57
वैध,183
शशिकांत,30
आपात,97
लकड़ा,109
विस्थापितों,38
पीटने,77
दस्ता,97
सैकड़ों,135
अखबार,180
समूहों,64
मिलनी,168
बोगी,34
सूचनाएं,89
खादी,53
पौधारोपण,13
प्रधानाध्यापकों,112
अनहोनी,69
परमेश्वर,152
प्रश्नपत्र,132
सलामी,48
पहनाकर,174
बेवजह,182
मिलावट,175
बलराज,37
व्यवस्थाएं,57
सरेआम,5
ग्रस्त,42
प्रभा,20
सभाओं,8
जरूरतमंदों,64
फरियादियों,152
गर्भ,139
सिमट,173
अभद्र,159
अत्याधुनिक,81
इशारा,6
मक्का,26
सुलह,136
गुरुकुल,191
परम,158
अवरुद्ध,126
बनवाया,142
करवाएं,54
लिफ्ट,185
साधा,3
खिलाडि़यों,194
फंदे,25
गुरनाम,99
बुआई,7
बचाई,129
बूंदाबांदी,127
नतीजे,116
प्रतिभाओं,8
आकस्मिक,183
दबाकर,1
विकराल,68
मारवाड़ी,70
बांधा,186
पात्रता,179
विज्ञप्ति,192
बलवान,46
कानूनगो,103
श्रृंगार,83
चाबी,53
घटित,47
टमाटर,119
गर्दन,151
शास्त्र,161
गाकर,174
बहाव,166
अंग्रेजों,49
चुंगी,114
फौज,156
अवहेलना,1
बिंदु,65
मांगपत्र,95
बंदोबस्त,127
अस्त,47
कन्याओं,8
आनी,107
वांछित,10
चलाता,97
बयानों,180
दोस्ती,169
निपटाने,162
अकेली,168
भल्ला,41
दुर्दशा,42
लेगा,74
रेडियो,134
परचम,60
जतायी,53
कड़ाके,26
मोर,88
कुर्बानी,48
प्रदेशों,24
चौड़ीकरण,39
पैनी,69
धक्के,116
नशीली,168
अलका,109
गुलदार,15
चाहा,6
मिटाने,162
जबाव,166
आयुर्वेद,196
अभिनय,44
गाने,26
अर्बन,7
पदयात्रा,167
मिलीं,168
दोष,113
दांव,176
निचले,58
चोटिल,168
सच्चे,100
किश्त,169
उड़ान,46
तारीफ,106
जबरदस्ती,92
नहाने,19
काटी,193
थानाध्यक्षों,112
लीक,62
दामोदर,184
भयभीत,30
वायु,68
मुकदमों,170
कीट,193
विवादों,178
गुणा,99
गांजा,186
गहराई,129
लड्डू,117
एम्बुलेंस,96
तैसे,62
दया,1
बंधे,137
क्षेत्रफल,181
उतना,109
हैरान,106
अभिमन्यु,191
अत्यधिक,183
तुम,86
सहयोगियों,11
रेस्टोरेंट,85
हरसंभव,136
सीखने,5
किस्मत,169
लेखपालों,194
परिवेश,24
सहूलियत,102
संभावनाएं,89
कुरीतियों,152
सेब,7
वरदान,46
महापंचायत,36
चारदीवारी,124
असहाय,91
हावी,166
मध्यम,91
उच्चतर,159
छोर,88
जुड़ने,173
तेरह,131
काव्य,196
अंदेशा,49
बनाम,166
बेखौफ,32
चौथा,131
मशाल,41
पदभार,104
मायूस,161
रोकना,148
फटने,66
अकाल,41
पड़ता,97
पौड़ी,39
शिखा,133
निशांत,30
पड़ी,149
फिरौती,92
लोकपाल,89
दबा,1
बदनाम,37
हुनर,62
पांचवीं,131
दोपहिया,124
उठकर,86
जानकारों,194
लेनदेन,132
मनोबल,151
बुराइयों,152
औसत,75
पुत्रों,152
लेखक,44
गृहस्थी,171
सभापति,112
वरना,1
वापिस,67
नवाब,144
बेरी,88
आंतरिक,105
पासबुक,101
अंगूठी,105
पार्टियां,164
दंपति,52
कैशियर,134
उपवास,67
सियासत,175
भगाने,19
उपमुख्यमंत्री,21
अतिक्रमणकारियों,11
स्वार्थ,57
खुलवाया,16
सपनों,45
खाकी,26
क्रमिक,111
लगीं,188
रोकर,80
चचेरे,5
एंव,176
वास्तव,57
दस्त,22
रिकवरी,119
मायने,98
तहसीलों,64
दावों,180
थमा,1
रुके,80
मुरली,191
बताये,19
सम्पर्क,155
प्रत्यक्षदर्शियों,29
आरोपित,71
वर्णन,28
बताती,53
मेहमानों,194
नवदीप,52
हल्के,116
शासकीय,112
जलाया,6
चलो,151
सरोवर,52
आपका,145
कोषागार,13
जमाया,6
बढ़त,55
सौजन्य,91
खरा,1
प्रारूप,20
नाका,26
राना,63
दोहरे,182
सोम,40
अलीगंज,199
प्रसन्न,132
धुआं,140
नलकूपों,135
दर्शाया,179
महागठबंधन,165
चार्जशीट,185
अनुपस्थिति,192
संक्रमण,155
पौध,140
औषधि,113
जीवित,30
दूभर,136
परवाह,106
प्रतिष्ठित,72
नमक,75
अंतराल,105
रौंद,25
रुका,26
चिराग,154
डूबे,7
महंगे,25
सौंदर्यीकरण,155
परिवारीजनों,11
आध्यात्मिक,161
वर्षीया,181
त्यौहार,83
कड़ी,149
हैरत,102
मूर्तियों,141
गिरते,147
प्रतीक्षा,163
भटकना,1
मातृ,108
देशराज,184
हाहाकार,106
फुल,117
दूरदराज,115
बेशक,5
सम्बोधित,111
फिराक,48
उन्नति,159
आनन्द,136
बिखरा,58
एकाएक,145
रुकी,80
मजाक,144
बहा,1
चौड़ा,39
जीती,30
मस्जिदों,48
रिहाई,154
तफ्तीश,144
अस्सी,92
चकिया,154
सर्विलांस,85
सैलाब,61
अता,1
पावरकॉम,185
इस्पात,97
उपयोगी,12
काका,26
प्रशिक्षुओं,0
वसूले,168
खालिद,48
भरपाई,129
चूल्हे,124
छात्रवृति,108
महापर्व,83
महल,9
चास,90
दिवंगत,169
मैराथन,134
गेंद,25
गुरचरण,52
गोपी,77
शिवाजी,184
प्रज्जवलित,14
शांतिपूर्वक,141
दरिया,154
मानसी,90
प्रभातफेरी,83
मर्जी,156
दिव्या,196
सीटी,110
हटवाया,142
रंगे,195
समाजिक,81
उखाड़,70
मजार,166
सीने,116
निकायों,8
घूमते,121
हरेन्द्र,59
गुड़िया,70
सौर,88
प्रतिष्ठानों,72
अभिनेता,194
तेजाब,49
हॉस्पिटल,96
वृक्षों,108
आत्मनिर्भर,146
दौड़े,39
पहुंचीं,187
खाया,142
बाघ,130
संक्रांति,192
विपणन,28
पटाखा,70
केमिकल,134
ठिकाने,98
जमे,151
दबाने,19
परीक्षक,172
जन्मदिवस,17
हत्यारे,67
हास्य,57
आदत,75
असल,9
बरसाती,53
गणपति,52
सावधान,23
उसपर,9
गेंहू,34
बहल,75
लोहड़ी,27
निर्देशक,146
पूंजी,56
नैन,69
प्रतिमाओं,8
पहलू,115
कमाने,19
मक्खन,151
बैल,117
सच्चिदानंद,196
बेकाबू,49
शुरुआती,128
बस्ते,92
रोते,80
सस्ती,92
गर्मियों,150
असुरक्षित,189
नन्हे,43
झुलसी,173
अग्रहरि,52
आपातकालीन,68
खरीदकर,58
खासे,26
ठंडी,25
धीर,88
मुबारक,48
सजावट,148
पुरोहित,191
टीके,110
रक्षाबंधन,83
छोड़,153
सैर,88
सोचा,100
छोड़े,198
लगवा,109
लाइनमैन,185
वीडियोग्राफी,185
गिट्टी,193
आश्रितों,152
कीर्ति,125
छिपे,60
प्रदर्शनकारी,29
नाके,26
हरिश्चंद्र,59
अप्रिय,91
कारी,73
गयीं,188
शिवरात्रि,83
दीवारों,124
रेशम,151
स्वराज,184
आकार,148
कैमरों,135
उम्मीदें,169
दिलवाने,133
प्रजाति,20
बिस्तर,169
पैमाइश,106
गुम,34
भ्रष्ट,113
कोयले,140
समर्थित,111
आश्रित,30
काफिला,175
मेहंदी,25
सबकी,35
उलझ,158
कतारें,148
औपचारिकता,81
धज्जियां,164
आंशिक,105
दीवानी,15
सीरीज,92
यादगार,106
दावेदारी,138
तिरंगा,195
असंतोष,155
सेंध,173
सृष्टि,192
तेंदुए,123
एक्सरे,93
रिफर,134
शिष्य,0
उधार,148
बंगाली,186
जरुरी,88
कदाचार,157
गुजारा,99
गलियां,150
चप्पे,77
किराना,154
खामियों,152
निष्कासित,38
सुल्तान,48
उनपर,158
ठहरने,66
विश्वविद्यालयों,196
खुशहाली,32
जौहर,156
सच्ची,100
जादू,15
भोज,79
झुग्गी,34
तथ्यों,64
लूटकर,2
सीढ़ी,92
प्रणव,159
अड़े,66
सुंदरीकरण,155
सती,107
पर्दा,26
नेत्री,132
आजकल,75
छलांग,34
होलिका,68
तराई,129
गवाहों,180
प्रखण्ड,56
दिनांक,183
चाहिये,74
मंत्रिमंडल,21
कुंज,28
छतों,45
टकराई,129
सोनम,151
पर्वतीय,82
जमीनों,135
आईटीआई,110
अचेत,47
एसबीआइ,110
सजी,107
ट्रेनर,93
नीम,69
सभ्यता,179
दुरूस्त,42
सलाम,48
गोपनीय,12
पेंच,100
कुष्ठ,181
नजरअंदाज,49
संतान,78
उपप्रमुख,181
अदालतों,180
वायदा,13
जिम्मेवार,138
करीबी,182
प्रश्नों,132
रोके,80
गोलियों,150
आंकलन,28
कंधे,25
समूचे,115
जेठ,52
असमर्थ,159
सिगरेट,119
विदा,89
नोकझोंक,31
राजभवन,37
झूम,139
बसेरा,26
हैरानी,106
काजी,15
महबूब,144
खंडों,56
परिवर्तित,111
हमलोग,86
औसतन,75
मौखिक,81
जत्थे,116
निकलता,162
गैरहाजिर,175
उदघाटन,87
साहस,3
प्रसारण,20
दंश,33
स्रोत,95
लदी,107
बागान,130
बुद्धि,126
कलम,75
तहकीकात,53
सातवीं,131
जुड़े,156
बैठाकर,120
झूठी,115
दशकों,122
मोर्चे,170
शशांक,183
पालकी,90
अलबत्ता,97
तख्त,22
तालियां,154
चना,148
लंबाई,127
दवाइयों,180
रिश्ता,169
कहता,145
सांगवान,186
प्रीत,125
अगुआई,136
माथे,37
नसबंदी,25
ग्रामों,194
पडे़,149
ठेला,41
जलाशय,130
शनि,151
खिलाड़ी,123
दिमाग,169
फर्श,119
नंबरों,135
शीशा,33
नाजायज,106
राजकुमारी,37
बैराज,15
विकासखंड,89
गोदामों,124
अपनाया,142
उगाही,148
बैठकें,120
पट्टा,193
भूरा,37
प्रमंडलीय,56
झेलना,19
डायरी,119
विनीता,37
प्रशस्ति,192
बलात्कार,157
जानकार,23
सस्ता,97
संरक्षित,111
घने,76
संयोजन,155
आईं,110
पहुंचती,187
बंधी,137
सेकेंड,93
निराला,37
दरकिनार,124
लाठियां,123
बुराई,31
रूपी,128
संबधित,137
आत्मदाह,67
सर्द,25
वारंटी,185
उम्मीदों,169
फोड़,198
नगरीय,91
उद्योगपति,12
स्पर्धा,57
रथयात्रा,167
बताएं,54
उपयुक्त,10
डग्गामार,190
निमंत्रण,146
इमारतों,180
कस्बों,135
रखती,35
सम्राट,37
जाहिद,48
राजमहल,15
श्मशान,33
मधुमेह,173
ठिकाना,63
स्वस्थ्य,57
कबूल,168
रूचि,10
बारीकी,73
सृजित,111
अभियोग,12
धैर्य,91
गल्ला,41
दीक्षांत,163
चाक,26
व्यायाम,13
असीम,40
दिनचर्या,123
सम्मिलित,111
स्वयंसेवक,78
उतनी,122
जागृत,14
पुस्तिकाओं,38
आदिवासियों,11
निरंकारी,146
चक्की,43
गेंदबाजी,138
नाबार्ड,190
छीनकर,114
रुझान,31
प्यारे,67
गान,26
मेधा,3
अफीम,144
मनमोहक,159
विभोर,12
व्याख्यान,13
शिथिलता,157
त्रिलोक,161
शर्ट,119
पंडालों,36
चकमा,109
दंगा,186
बेची,58
गिराने,98
मर्यादा,6
दांतों,135
फायदे,23
बंधु,173
चढ़े,149
पोषक,113
छीना,26
बिचौलियों,150
चलाये,19
निरीक्षकों,172
अगला,145
जिनसे,116
तंगी,25
आकृष्ट,192
शिवलिंग,83
पढ़कर,177
चीजें,123
ज्यों,150
पंचायतें,36
झूठ,115
पहुंचाना,187
बैरंग,195
टैगोर,119
प्रचारक,20
कारों,180
सेवानिवृत्ति,178
झूमने,121
करारी,53
तोहफा,106
डकैतों,77
झुंड,140
पड़े,149
खंडेलवाल,186
बताओ,174
पंचमी,36
चहारदीवारी,124
जुबान,106
न्यास,78
सुनीं,31
कृषकों,171
ऊपरी,122
गढ्डे,116
मुनाफा,23
घाटे,193
गोबर,34
अनुकूल,183
संयोग,155
प्रवर्तन,181
दबदबा,61
नक्शे,93
उनलोगों,64
रेलखंड,56
भट्टी,193
संलिप्तता,38
देखें,4
बुंदेलखंड,36
हानि,46
उतरा,1
बेरहमी,182
चकराता,97
इंजीनियरों,96
भूस्खलन,139
हमलोगों,64
अध्यक्षा,112
मिलावटी,138
फंसी,25
ग्रसित,111
बढ़ाना,55
ठिकानों,180
बनवारी,166
मशीनरी,69
रहस्यमय,91
ग्राम्य,179
वाणी,160
नारियल,154
तबियत,102
मंजर,140
धरपकड़,151
अंकिता,68
तीज,156
रशीद,40
मुख्यालयों,21
बखूबी,7
दखल,158
प्रबल,60
उपेक्षित,111
खेप,4
बेचकर,58
निपटा,162
दफा,109
साध,3
छापामार,103
पशुपालकों,64
पेंशनरों,64
सच्चा,100
कष्ट,193
माननीय,160
भरना,1
रिश्तेदारी,169
पंखा,186
निजीकरण,28
प्रधानाचार्यो,112
लड़की,62
बहुजन,52
हरिजन,52
पीपल,77
प्रेरकों,64
दर्दनाक,106
खिसक,62
कटकर,75
जिलाधीश,21
झूमे,139
पाप,90
मिर्च,42
उल्लास,48
बताना,63
हटने,66
करूंगा,74
सीमांत,47
व्यापारिक,13
आयोजनों,64
गृहस्वामी,57
पूर्वोत्तर,82
दावत,15
सुनाकर,16
पते,76
जाग,34
कासिम,48
पढ़ते,55
ब्रांड,185
भागों,180
व्यवस्थित,192
तलाशने,19
ट्रॉली,96
रोकी,80
त्योहारों,83
खर्चा,100
रामलखन,37
अग्रसर,159
ब्रह्मा,184
कांता,26
देहाती,160
सीसे,116
क्रिया,38
वाटिका,68
नौकर,62
कुंभ,56
साधे,3
सफाईकर्मी,194
तबके,66
आपत्तिजनक,183
साले,41
अपनों,45
खटीमा,73
अभिजीत,30
जिम्मेदारों,138
खिलाकर,133
संबंधों,137
सरना,1
मटर,158
फाड़,70
संपदा,155
असमंजस,159
बढ़ाते,55
हेराफेरी,103
अनावश्यक,157
बहनोई,86
परीक्षाफल,163
अंग्रेज,49
वाहवाही,106
भयंकर,52
पीलिया,154
सौगात,78
फेरबदल,182
डालें,54
त्रिभुवन,192
राई,129
अन्दर,105
गड्ढा,70
आफत,75
पिछड़ी,58
आन्दोलन,24
चुनी,94
अर्थात,179
सूखने,4
मेहर,151
मुसलमान,170
बमुश्किल,169
चौड़ी,39
सुस्त,42
परेशानियां,164
प्रस्तावों,20
अनेकों,135
खरे,76
पोखरे,77
जयकारे,184
बकरीद,40
बरामदे,184
निराधार,157
जवाबदेही,106
चिंताजनक,157
वायदे,23
सता,1
तीखी,4
कटा,1
कलह,158
लखविंदर,52
पहुंचता,187
बीजद,7
अंश,105
सांसदों,64
लाएं,54
महानिरीक्षक,172
यापन,104
आशु,136
लोकायुक्त,50
मण्डल,56
ट्रॉफी,134
सैंकड़ों,135
कब्जों,135
राही,40
भागा,165
अन्यत्र,91
मोहर,52
दाग,34
अजीज,144
बौद्धिक,81
प्राय,20
प्रगतिशील,157
डिब्बे,185
पंचम,60
मनाए,54
अराजकता,165
साईं,186
जिसपर,197
दुश्मन,169
अपेक्षित,111
खसरा,109
लटके,66
दिग्गज,169
आचरण,158
पेय,77
दयाराम,37
शराबी,144
कारखाने,23
झुलसे,173
घुसा,173
प्रतिपक्ष,163
करवाते,147
आगनबाड़ी,103
हलचल,75
हेलीकॉप्टर,185
झाड़ियों,150
मुकदमें,170
चौकीदारों,103
पहुंचाई,187
लगानी,53
ग्राफ,185
गोकुल,191
सुगम,136
समाधि,104
वारदातें,123
परवान,46
घाटशिला,193
प्रेसवार्ता,29
सर्वजीत,30
प्राणी,161
कुपोषित,189
जताने,19
उन्नत,159
भतीजा,15
रोचक,159
दंगे,25
धमाके,26
आश्चर्य,91
सचान,46
दायित्वों,38
सज्जन,64
दुबारा,61
नवमी,87
सर्वागीण,160
अनजान,46
जुडे़,156
कटे,151
रोने,80
शिक्षिकाएं,0
फतेह,151
ईमानदार,106
बल्लेबाज,138
अराजक,40
तोड़,153
हरेक,62
बंटवारे,103
आत्मसमर्पण,159
हेमराज,184
बयानबाजी,106
हुजूम,170
मजा,1
जातियों,152
कवियों,152
ऊंचे,100
माओवादी,160
कड़ाई,129
पत्रिका,68
गोवंश,176
छिपा,133
आसन,158
अर्चन,159
शोकसभा,165
निरोधक,12
खंभों,135
सिखों,152
बिकने,58
भट्टाचार्य,112
आनाकानी,26
क्षतिपूर्ति,111
चमक,158
हरिहर,151
भाईयों,152
जसप्रीत,125
बिगड़ी,58
मार्गों,167
गुटखा,99
आधिकारिक,81
दिनहाटा,190
मानसिकता,23
सर्वशिक्षा,0
श्रमदान,83
परिश्रम,113
झाड़ू,70
अरोरा,190
खूंटी,193
कार्यकत्री,50
भूजल,139
माधुरी,196
मानो,40
बैनामा,26
उम्रकैद,32
यकीन,69
ब्लू,7
कटी,107
अवस्थित,192
जलकल,151
बनाएंगे,74
रुकवा,26
कहें,86
छूटे,2
इरादे,40
गुणवत्तापूर्ण,141
मनाते,147
युवराज,184
छाप,90
पल्सर,119
अंशकालिक,81
अध्ययनरत,183
फर्जीवाड़ा,103
दीदार,73
पत्रक,28
एतराज,156
फरीद,144
रास,26
गनीमत,84
फुसलाकर,16
बुझा,31
अनुश्रवण,28
टिकी,68
सुन्दर,191
बिन,69
तरीकों,135
इंच,100
जलवा,1
खेतीबाड़ी,70
भागकर,174
विरोधियों,11
गरम,158
चार्ट,185
पेड़,36
लिंग,34
बल्ब,7
जनों,64
कसा,1
विराट,37
आत्मविश्वास,57
बेचे,58
चेहरों,135
बाजपुर,199
पेशे,24
प्रस्थान,20
गुड़,27
छिपी,60
प्रतिस्पर्धा,72
बेचते,58
शासनकाल,68
मिलें,123
खलिहान,154
दामन,26
भयावह,145
नाट्य,179
बाट,193
जिनको,80
गोमती,77
होनहार,103
खुशहाल,101
पुरजोर,77
अपार,166
वरीयता,148
सुर,88
मैचों,170
दंत,22
वकालत,148
सट्टा,193
टकराव,145
भेजना,79
लपटें,118
हरित,47
अभिकर्ता,50
सिक्के,134
पिलाकर,133
ढुलाई,87
आदेशानुसार,38
युवतियां,123
सुलझा,31
बेसहारा,106
मानवीय,157
महत्वाकांक्षी,29
विस्फोटक,12
आशियाना,154
बोध,136
बराबरी,73
दुपहिया,124
रविकांत,68
खीर,88
शक्ल,168
रसोइया,129
आकांक्षा,163
दबे,151
कर्मजीत,30
दरार,166
फौरन,121
संप्रदाय,78
श्रृंखला,83
ढूंढने,153
प्रसन्नता,157
खोजने,153
बॉलीवुड,123
खजाना,63
रूटों,119
उपासना,165
संग्रहालय,78
श्रद्धासुमन,184
मादक,148
प्रत्यक्ष,163
पारदर्शी,20
राहों,152
रखाव,176
दोहन,159
निषेध,44
रिटायर,185
जीजा,15
मुक्की,43
निर्यात,146
आजीविका,178
मनायी,40
जली,151
बिछाई,31
पच्चीस,131
शिवराज,184
निकटवर्ती,82
दृष्टिकोण,29
दांत,30
कृत्रिम,108
मूर्तियां,141
बेघर,7
लोडिंग,119
लाद,40
भटकते,66
गहनता,1
चिकित्सीय,0
पदम,75
कानों,124
रियाज,48
यंत्रों,95
पटरियों,152
विराम,37
फैंसी,119
शाहगंज,61
पलटी,35
चौड़ाई,39
रईस,75
मरे,151
जीविका,178
दंडित,56
एग्रो,80
विचारधारा,157
अख्तियार,48
पहाड़ों,180
जुर्म,42
वीआइपी,110
मंडलों,56
सशक्तिकरण,183
पुनर्गठन,181
मोड़,153
शीर्षक,172
खंगाला,186
बचाना,63
हितैषी,47
उपलब्धियां,164
गुरुद्वारे,196
समृद्ध,126
किशोरियों,11
पोखरा,199
रूख,4
जुटने,173
वृद्धावस्था,178
भागते,147
डूबा,186
चारपाई,129
परीक्षकों,172
स्नेह,132
ननद,158
आदर्शो,24
खासतौर,175
उपाधि,104
झूला,41
राजगीर,15
विराजमान,196
आंदोलनकारी,103
सिलेंडरों,93
अल्पसंख्यकों,11
कूदकर,153
काफिले,175
मंजिला,124
पाला,41
समझकर,9
नामी,73
माताओं,194
चिकित्सकीय,0
लोकतांत्रिक,81
जोहड़,27
जूते,156
बोधगया,130
टोपी,80
बनवाए,54
चढ़ाया,174
शिकस्त,169
सरकारें,123
थानांतर्गत,112
संतुलित,155
जहमत,84
सहमे,66
मुद्रा,13
स्वाति,184
उपमुखिया,101
संभवत,155
रीति,30
गुत्थी,191
दिलशाद,48
प्रवासी,160
घरवालों,152
रिसाव,190
तपिश,33
सैलानियों,152
सिखाया,133
पुतले,140
लड़ी,35
आजिज,156
नामांकित,104
बलि,151
घाटा,193
बढ़चढ़,177
बदसलूकी,115
चुस्त,42
भरते,66
फेंके,153
विकलांगता,178
पुर,199
नूतन,52
पापा,90
स्मरण,155
प्रक्षेत्र,29
शिखर,52
होशियार,103
अफसोस,197
मायूसी,67
खूनी,4
खडे़,149
मेंहदी,25
यूनियनों,96
श्रुति,125
जख्म,144
फीडिंग,185
कराएगा,74
तीव्र,157
जीवनी,30
शौक,114
कुंडल,56
जलमग्न,132
किसने,62
समझी,107
मोक्ष,191
पट्टे,193
बचाकर,174
खानपान,23
इनामी,40
फहराया,142
खुदरा,101
शेरपुर,199
निर्भय,146
बजाने,19
सुनसान,124
बेबुनियाद,138
वहन,158
हवालात,97
क्षत्रिय,29
किरदार,175
डोडा,190
अभिकरण,28
पत्थरों,135
पुलों,77
धरा,1
महापात्र,161
खिल,168
जगाने,19
झूले,139
आमसभा,1
प्रशिक्षकों,0
भिजवा,1
बनें,151
जनमानस,165
लगवाए,54
स्वाद,57
अंत्योदय,105
खड़े,149
केला,26
तारिक,68
प्यारा,67
चारो,148
पहरा,109
निगमों,44
परे,60
विद्वान,196
जनसेवा,165
जोड़ों,27
रीढ़,153
उठाएं,54
लाते,147
व्यर्थ,57
दरकार,166
उतारकर,174
महक,158
गजल,75
गाजे,190
गृहमंत्री,21
लोकप्रिय,10
कमियों,152
सेनानियों,161
गाए,54
कुल्हाड़ी,124
कारीगर,103
अनियमित,183
द्वारिका,68
आहुति,22
शास्त्रीय,161
इंटरसिटी,85
ढाका,26
समाजसेवा,23
प्रबंधों,137
बजरी,35
पटल,158
ठेले,116
नजीर,144
गुंजन,52
जाप,90
पखवाड़े,87
सटीक,119
निकाह,26
परगना,109
बादशाह,61
संस्थागत,78
स्वामियों,161
घात,68
अनुमंडलीय,56
स्थलीय,181
पत्रावली,20
शतरंज,156
मौसमी,170
अंशु,33
चुन,114
सुनाते,147
दुर्गापूजा,83
पहुंचेगा,187
कूड़ेदान,124
पौराणिक,81
दबकर,151
दिखता,133
पीले,116
कायरें,119
मृदा,108
हत्यारोपियों,71
योगा,34
दौलत,102
मन्दिर,95
फर्ज,156
कुचलकर,140
व्यतीत,125
मांगते,143
गुण,113
बेल,7
अटूट,2
सूफी,115
ऋतु,136
ताजिया,154
पूछ,115
प्रमाणित,38
संस्कारों,78
प्रतिद्वंद्वी,72
संशय,155
सेवादार,13
जच्चा,100
धनखड़,151
फिसल,168
खूबसूरत,32
बैठेंगे,120
रूपया,128
भुखमरी,139
सभाकक्ष,112
कागजातों,23
नहरी,107
सिखाने,133
माहिर,175
सेल्समैन,96
कंटेनर,85
विक्रांत,192
जिम,156
धरे,76
अधीनस्थ,183
चप्पल,77
सीआइएसएफ,110
बनीं,188
अंधाधुंध,49
मोहर्रम,170
एजेंसियां,164
गंडक,140
हजारी,15
मीर,144
उमंग,34
पीला,41
प्रवाहित,38
आदी,107
शहरवासी,160
चिंतन,30
बांटकर,2
जलेसर,52
कबाड़,70
पर्वत,17
करनेवाले,98
भाड़ा,70
सदमे,76
बांधने,143
आधारभूत,157
थाली,41
उतारू,40
खांसी,143
नोटों,135
महंती,22
खिचड़ी,140
धोने,153
सहायकों,180
मुनीष,191
फरियादी,48
दबंगई,25
दोहरी,182
प्रतियोगी,72
बच्चन,43
जोगेंद्रनगर,59
वर्चस्व,17
महापुरुषों,161
कट्टा,193
जनविरोधी,12
हुंकार,175
मोमबत्ती,42
जीवों,152
संगीन,155
शुमार,37
समायोजित,104
हालातों,180
खजाने,19
झमाझम,31
मीठा,90
आंगनबाड़ी,123
डांट,119
नेक,114
सवालिया,154
संरचना,155
प्रभावितों,11
शफीक,40
चरमरा,109
अलविदा,106
सद्भाव,165
खरीदना,73
निचली,58
हेमा,40
नील,168
डुबकी,140
घटा,1
दुष्यंत,191
अन्न,69
खड़ा,149
घुटने,173
एजेंटों,135
मारामारी,138
डालना,63
मैक्स,134
भूखे,139
प्रभाग,20
लाभकारी,13
प्रवृत्ति,192
पधारे,19
तेंदुआ,123
अपराधिक,71
दौड़,39
दही,107
दंग,25
चारे,98
उड़ाने,19
असंतुलित,155
दिलाए,133
पीना,26
सत्यवान,161
खरी,107
घूमकर,121
भ्रम,113
बकाए,54
चिल्लाने,98
कूच,100
कायाकल्प,13
खुशियों,32
संवैधानिक,81
बोलकर,86
मनोरमा,190
बहनें,118
उपद्रव,71
उपराज्यपाल,112
चुनने,94
टकराने,19
आमतौर,122
माओवादियों,11
ससमय,75
आपने,86
सज्जा,14
बैसाखी,83
बीड़ी,27
सिद्धांत,155
गांववासियों,11
क्रांतिकारी,29
प्रख्यात,20
खातुन,26
प्रश्नोत्तरी,132
लगाएंगे,74
सब्जियां,164
उदयवीर,88
कर्तव्यों,91
लपटों,45
बाधक,3
निकालना,162
छाई,129
डोली,117
काटते,147
चूल्हा,124
अर्से,116
स्कीमों,93
कान्वेंट,85
वत्स,22
राग,34
भूगोल,139
बजरंगी,25
लेफ्टिनेंट,85
अंचलों,135
किसके,62
लौटाने,98
सूचक,28
तपन,158
प्राक्कलन,20
जेलों,152
प्रभावशाली,157
शराबबंदी,127
दलील,168
स्त्रोत,95
बुरे,88
गिर्द,126
पहन,158
परिचर्चा,163
आभा,165
जाखड़,1
ज्वाला,41
रची,107
मंत्रोच्चारण,95
घोटालों,180
चरणबद्ध,28
उखड़,151
दूल्हे,101
सांख्यिकी,81
दक्षता,179
वित्तविहीन,111
अरसे,18
झुलसा,31
निकालते,162
तालीम,48
बकायेदारों,194
मूंग,34
देवा,176
आगाह,40
अष्टमी,87
नेत्रदान,132
लौह,117
गजेन्द्र,59
लेंगी,51
दायरा,63
खुलेगा,74
घटने,76
परिधि,183
उपचाराधीन,50
सुशासन,3
प्रीती,125
सिखाए,133
श्रोता,97
उमड़े,27
प्रबुद्ध,126
जौहरी,156
हड़पने,66
कानूनों,23
पत्राचार,20
पीली,77
चुनौतियों,150
खदेड़,27
अतरौली,39
उत्पादक,13
सत्तर,17
बेचैनी,32
उद्योगपतियों,11
सूक्ष्म,189
शायर,144
लथपथ,9
व्यवधान,179
भुइयां,143
पुरातत्व,196
नाटिका,68
अनावरण,28
अनुचित,10
अभियंत्रण,146
चाहत,145
कटवा,109
अंजान,49
प्रिय,125
इबादत,144
नकाबपोश,32
संभाली,89
झरिया,70
जानबूझकर,31
घिरे,116
दुर्भाग्यपूर्ण,141
मूक,114
संवारने,78
औपचारिकताएं,89
भुवन,139
बजते,66
प्रवास,160
रूक,48
एजेंडा,23
बोलबाला,16
जानना,63
दवाब,1
लिखाई,133
ऋषभ,75
बकाएदारों,194
बैरक,62
गंगाजल,195
चैत्र,83
लेखाधिकारी,50
फंसाया,16
अधिप्राप्ति,38
बरसे,18
रिश्तों,169
पंडितों,36
तमन्ना,26
प्राध्यापकों,112
बोतलें,135
अपितु,47
राधाकृष्ण,196
कयास,166
पिलर,119
खड़ी,149
बढ़ना,55
हवेली,168
रहस्य,91
त्वचा,108
शुभारम्भ,83
हिस्सेदारी,138
असलहे,66
प्रेमनगर,125
साधू,3
पलटा,109
सत्ताधारी,160
पन्द्रह,131
पीरो,80
उल्टा,193
संयम,155
रोड़ा,70
सूरी,88
स्क्रीन,93
ठेकेदारी,73
तेरे,5
कांटे,119
फंसने,25
जद्दोजहद,32
व्रतियों,152
शिल्पी,0
फुटपाथों,124
सिरदर्द,169
प्रस्तुतियों,192
पंचों,100
मुनासिब,48
परसा,1
अमावस्या,83
स्थिर,192
बैट्री,134
निखारने,162
खींचने,114
बिगुल,117
निर्धन,146
समझना,145
पात,104
परिणामों,104
आपबीती,122
दरम्यान,26
पिकनिक,134
आहवान,46
खंभा,186
मंहगाई,31
पगड़ी,151
मेजबान,23
गुटबाजी,99
बरसी,84
त्रासदी,73
वालीबॉल,185
अद्यतन,28
संवर्ग,155
पालना,90
लौटकर,2
कुत्ता,42
सानिध्य,161
प्रावधानों,50
वस्तुएं,164
औपचारिक,81
करवाएंगे,74
घोषणाएं,164
दबोचे,114
लटकी,35
कैसा,62
सर्वोदय,17
सांय,91
कक्कड़,43
सशक्तीकरण,183
बेतरतीब,182
उफान,46
रंगीन,195
मुश्ताक,48
आशाओं,152
बनाओ,174
जागीर,15
सोते,147
तुषार,191
नीतियां,164
गुजरती,99
गर्भपात,108
दाह,40
पहनने,66
दूरसंचार,103
सुंदरता,189
छिपाने,162
पकड़,149
संक्षिप्त,192
कांडों,56
समझाकर,174
चर्चाएं,123
देंगी,51
मान्य,179
रैकेट,134
भिड़े,198
शाल,41
फजीहत,102
तांत्रिक,81
विभूति,192
पकड़ा,177
बरतें,118
सजाने,19
सुरक्षाकर्मी,189
बड़ों,45
जोखा,4
उठाएंगे,74
निकटतम,28
अरमान,46
गतिरोध,12
सरोकार,148
टुकड़े,27
छुड़ाने,98
जवाबी,144
अथारिटी,85
पूर्णत,141
धनी,151
बिगड़ती,58
बसर,158
सुस्ती,42
जयकारों,152
एचआइवी,110
तलाक,26
सजे,76
फाइलें,185
परचून,87
प्रवाह,20
दिलों,135
दुर्लभ,42
मोटे,119
पिकेट,134
रोमांचक,170
बुद्धिजीवियों,11
त्रुटि,192
ट्रासफार्मर,185
रासायनिक,81
कोटेदारों,103
उड़ाया,142
आतंकवादी,71
जीवंत,30
देह,86
स्वाभाविक,57
खामी,73
श्रीमद्,184
काज,15
फरोख्त,4
आधारशिला,89
स्टाप,190
नारों,124
भराव,176
भूसा,139
खनिज,156
बासमती,130
निगाहें,123
गलन,75
सदुपयोग,12
रातभर,145
पत्रकारिता,194
खागा,63
सताने,19
रचा,1
चौंकाने,98
ढाणी,26
प्रारम्भ,20
जातीय,160
दिखाना,133
नवाज,156
सुपरिंटेंडेंट,85
लहराया,142
तोड़े,27
ढांचे,100
केंद्रित,111
रोना,80
अथक,47
मनोकामना,165
गेंदबाज,138
गजराज,156
नकलची,151
चन्द,52
उपनगर,9
तपस्या,67
कराता,97
पालीथिन,96
उच्चस्तरीय,181
दुर्गम,42
पीतल,77
सैकड़ा,131
धमाल,41
फैक्ट्रियों,185
जिलांतर्गत,21
बदन,158
शंभु,191
बनाता,97
अर्जन,159
जल्दबाजी,106
बुवाई,129
कुंडी,56
समाना,63
सहमत,75
सूट,119
प्रायोगिक,81
जानता,63
समानता,165
भुक्तभोगी,12
नगरवासियों,11
विख्यात,196
संभल,136
छाता,97
बैठते,120
कमा,1
उस्मान,48
हनन,75
भिन्न,132
पहनकर,9
एहतियात,175
लाचार,37
पीते,116
घोड़े,27
सुपारी,42
बैठाने,120
छुट्टियों,150
बंधा,3
रोजमर्रा,13
परिक्षेत्र,29
मसलन,9
सूखी,4
प्रोफेशनल,85
अध्यादेश,112
आहट,75
गद्दी,88
उतारी,53
बहता,109
प्रयोगात्मक,38
अनाथ,3
मतभेद,24
छापने,162
किसे,116
खर्चे,100
विकट,119
गुरुजी,191
दहाड़े,70
सोचने,153
सतवीर,144
कपास,1
शाहबाद,61
ब्लास्ट,185
लगवाया,142
अखाड़े,70
चौसा,39
हिंदुस्तान,169
सुर्खियों,169
जहरीले,168
खिलाने,98
भुगतने,139
इंसपेक्टर,93
ढांचा,100
घनी,107
चिलचिलाती,169
पालकों,194
दर्शनों,64
किनारों,124
शीतलहर,107
नाश्ता,97
चुराने,98
सूचियों,164
नान,46
बाथरूम,124
ठेस,62
निकलती,58
वैवाहिक,178
दिलचस्प,169
कृत्य,108
सनसनीखेज,182
बुलाए,54
मूलरूप,128
बकायदा,6
अबकी,35
जाओ,8
थानान्तर्गत,112
अमलीजामा,15
फलदार,166
हिमालय,68
नाना,26
भूतपूर्व,141
गम्भीर,157
दाने,26
पतंग,34
वैली,168
पुत्रगण,191
फलस्वरूप,82
खोखे,4
सुकून,136
रखनी,35
गायिका,68
जगजीवन,30
संदिग्धों,137
बांसी,143
राजभाषा,165
सोचना,165
दलदल,158
तिल,168
भिखारी,160
ड्रामा,190
खुलते,121
गमगीन,84
कामगार,103
ठहराते,147
पहुचने,187
दिलाना,48
लम्बी,7
दिखायी,133
कुरान,48
बैठना,120
थैला,41
कहावत,166
सांकेतिक,81
गुफा,99
दूंगा,74
वनों,45
नाच,26
पंपों,77
दार्जिलिंग,185
घोड़ा,70
शशी,35
कामगारों,194
जुल्म,48
बेहतरी,182
बखान,46
ज्ञापित,14
भेद,28
बिस्कुट,134
तरजीह,40
याचिकाकर्ता,50
बैद्यनाथ,196
मयूर,88
मुल्क,101
चर्चाओं,8
प्रलोभन,12
गाते,147
सत्याग्रह,161
खेमे,4
रोहन,159
नीलकंठ,140
छोड़ना,198
शिवालयों,196
सादा,6
बेमियादी,48
अनामिका,68
बुआ,140
सौतेला,98
विंध्याचल,196
तकरार,166
धर्मराज,184
आंवला,186
लात,97
महफूज,156
वंश,33
सुजाता,37
दफन,75
विलास,154
हानिकारक,157
अनिवार्यता,50
रहमत,75
प्रकाशोत्सव,83
चुनार,94
बीर,88
मिष्ठान,72
दिवाली,83
हटवा,109
मातहतों,180
निगल,69
सामग्रियों,29
इतर,75
गुरुदेव,196
पहर,9
जनवितरण,28
संजीवनी,155
लड़ाई,129
वृहद,171
समरसता,109
घुसपैठ,173
धमकियां,143
विक्षिप्त,192
गोपनीयता,157
पाठ्य,179
मेहरबान,106
रैंप,119
सेवायोजन,89
कराएगी,74
पहना,109
समीकरण,28
पालियों,152
सरैया,154
प्रदेशभर,24
दुखद,136
आठवें,18
अखंडता,165
पॉलीटेक्निक,96
फिल्में,123
घबरा,174
संचालिका,89
देय,40
टकराकर,174
धमका,109
लगाव,176
नित्य,161
आपत्तियां,164
मैदानी,124
कर्मवीर,125
बिछा,154
उल्टे,116
रखेगी,51
त्राहि,97
पौष्टिक,81
शौकीन,62
दरें,118
सिक्का,190
भौगोलिक,81
समझे,76
एकादशी,83
विनायक,165
उछाल,145
निभाते,147
करतब,9
रेफरी,119
निर्वाचक,146
रामवृक्ष,108
बीआरपी,110
बक्से,116
धमकाने,19
अनुमानित,104
ढ़ाई,129
ग्रामोद्योग,13
पलक,158
बली,151
मुख्याध्यापक,112
सर्दियों,150
अनाधिकृत,104
विषम,159
जानबूझ,31
विद्यासागर,196
हटाना,63
मुस्लिमों,170
मस्त,22
शगुन,69
ढोने,153
प्रांतों,56
कार्डधारकों,50
धूरी,88
काल्पनिक,81
गुजरा,99
अनवरत,75
सौभाग्य,57
बांधे,143
जानमाल,41
कुंडली,56
देखेंगे,51
ईनाम,148
कम्युनिटी,96
मुस्तैदी,169
गल्ले,116
अन्नपूर्णा,141
त्रिलोचन,12
गालियां,154
घंटी,25
दूरस्थ,141
सोए,152
गुजरे,99
मारते,147
रसोइयों,152
मोबाईल,185
कीड़े,27
नैतिकता,81
कार्यान्वयन,50
औचित्य,183
बेमौसम,170
अपनाई,129
अभिनेत्री,132
नकारात्मक,179
उतरते,66
इंजीनियर्स,96
ससुरालीजनों,152
मंदी,25
फर्जीवाड़े,103
गिराया,154
झूमते,121
बदलना,145
कुलभूषण,189
रिक्शे,93
लटकता,148
खट्टर,43
कैफे,134
शाखाएं,89
देवाशीष,184
केवट,52
उबाल,41
हकदार,166
किले,116
करवट,75
साधनों,78
अहमियत,102
टोनी,80
मसला,109
बचना,109
छूटने,2
ताऊ,129
वचन,122
अनुबंधित,137
धोखे,4
अंगुली,105
नलों,45
ढूंढ,153
ज्वालामुखी,196
आदान,46
चुराकर,16
परिचालकों,194
मनमर्जी,156
निभाया,16
भट्ठों,135
वार्डेन,190
सुखद,136
आपत्तियों,164
कर्बला,26
बुद्धिजीवी,126
उठती,35
आएंगी,51
रिचार्ज,185
खोखा,4
तान,46
बिन्दुओं,65
वाजिब,48
भंडाफोड़,103
लगाता,97
केसर,52
अभिरक्षा,189
अर्थव्यवस्था,57
गुलाबी,99
अंधकार,105
जीरा,15
जलती,35
तेरा,40
दोगुना,99
श्रेया,184
गिरता,148
बिगाड़ने,98
दैवीय,91
सूचनाओं,8
बीएसएल,110
हुड़दंग,25
ढलते,18
बीघे,7
रेलमंत्री,21
चौकियों,150
वर्षगांठ,87
तानाशाही,106
हिंसक,62
परत,158
गुणों,64
महफिल,87
घोल,117
निवेशकों,44
वित्तमंत्री,21
ढक्कन,43
खटखटाया,142
मौज,156
अवमानना,23
बनाएगी,74
मंत्रोच्चार,95
टेकने,116
दूल्हा,124
ज्योतिष,14
बानगी,106
मेघा,130
अमूमन,122
कढ़ाई,177
शॉल,119
सोया,40
पर्दे,24
उद्भेदन,44
मिलेंगी,51
पीटना,90
महारानी,37
लड़कियों,150
थानेदारों,194
स्तुति,192
कक्षों,181
समितियां,164
अनियमितताओं,8
व्यथा,179
सम्बन्धित,137
टांग,34
लोकप्रियता,157
जबर्दस्त,22
नाकेबंदी,127
ठगा,109
बुजुर्गों,99
विस्तारपूर्वक,141
बजा,1
शराबियों,152
बंजर,151
छटा,1
प्रण,159
कसी,151
गाया,6
हैसियत,102
खुदा,101
गोताखोरों,103
सुअर,136
इकलौता,97
निबंधक,137
मौतों,170
क्रमांक,104
रामराज,37
जुटाई,31
नयन,75
जस्सी,92
फूंकने,153
स्वर्णकारों,161
आकाशीय,161
सकेंगी,51
आयाम,104
जलवायु,68
पक्षपात,163
गुंडा,186
राष्ट्रपिता,29
खामोश,32
ख्वाजा,15
आक्सीजन,96
बरते,76
घटती,35
प्रसारित,20
लाटरी,119
दमखम,151
प्रायोजित,38
हिंदुओं,65
कथावाचक,165
जांचने,100
अतिसंवेदनशील,155
जोड़ना,198
घंटो,25
मदरसे,18
क्षण,172
अक्षर,28
खुलेंगे,51
कुछेक,62
प्रतिद्वंदी,72
एकादश,83
खिला,133
डायन,90
सलाखों,180
मिठाइयां,123
मोहलत,159
चोरियों,150
छाती,53
दीर्घायु,83
बटन,75
ब्रह्म,125
तेरी,53
नीली,168
बरस,75
तकलीफ,144
उड़ाए,54
आमंत्रण,95
बिगाड़,133
पशुपालक,101
नाकाफी,106
पहनाने,19
नाबाद,61
सबों,45
सन्,87
जटिल,168
नुमाइश,170
तीर,144
मुखातिब,48
कर्मकार,50
कतरा,1
लड़ा,1
दिनकर,52
शौर्य,91
लेख,4
सुखी,136
सब्र,88
असमर्थता,179
मसाला,41
त्रिलोकी,68
उड़ाई,129
साख,4
अनिश्चित,10
प्रचंड,56
तांडव,140
गिरिराज,196
कोटि,80
चढ़ाकर,177
सरासर,52
संलग्न,155
खोया,154
गवर्नर,85
गोलमाल,41
फौजदारी,106
हर्षित,111
नौकरियों,150
घोषणाओं,8
काटना,63
प्रैक्टिस,85
एयरफोर्स,85
भागी,165
मजीठिया,154
संपादक,78
घेरने,151
भावभीनी,106
तनावपूर्ण,141
वजूद,122
रखवाली,152
स्वावलंबी,57
खींचतान,31
हल्दी,117
थप्पड़,43
मालाओं,8
मोटरसाइकिलों,185
कार्पोरेशन,85
उड़े,76
अतिशीघ्र,157
मिलाप,175
नमो,151
संभावनाओं,8
साहित्यिक,81
टेढ़ी,131
हथियारबंद,103
सीढि़यों,150
नस्ल,168
पाइपलाइन,23
मुकुट,191
दुर्भाग्य,57
सुरक्षाकर्मियों,189
सुरंग,195
शीत,30
डलहौजी,156
इज्जत,156
दर्शाता,179
एकतरफा,145
रिवाज,15
गुंडागर्दी,138
मैया,154
ट्रालियों,150
मापदंड,56
नाथनगर,199
पंथ,36
सफाईकर्मियों,194
मिलाने,98
जगपाल,41
जानें,123
कटाक्ष,68
भीख,4
तकनीकि,183
दौड़ते,39
अनुदेशकों,44
परिवारीजन,178
स्वयंसेवियों,11
हिलसा,154
दीदी,40
मिलाया,133
दंगों,135
चढ़ाई,177
हाकिम,48
कुलश्रेष्ठ,181
पुनर्निर्माण,146
मोटा,185
प्रार्थनापत्र,20
उच्चाधिकारी,112
जया,1
समझें,118
हलवाई,129
साबुन,124
फकीर,144
नजरें,118
खेलना,162
स्वदेशी,24
भयमुक्त,10
हीलाहवाली,41
भाषाओं,8
उच्चतम,159
जनजातीय,160
बंदरबांट,143
संग्रामपुर,199
आत्मसात,179
सांई,129
अनुदानित,104
बाहुल्य,179
भतीजी,53
सटा,1
आतंकवादियों,71
विक्रय,28
धुएं,25
पकड़े,149
झोला,117
चैतन्य,91
पर्यवेक्षिका,163
तल्ख,140
गहमागहमी,106
झूल,168
सौंदर्य,155
बही,107
थोड़े,27
रानीखेत,70
शिशुओं,64
दक्ष,113
मस्तिष्क,192
खंडहर,56
अव्यवस्थाओं,8
धनघटा,1
पार्लर,185
सम्पूर्ण,141
कसबा,109
पालक,90
धराए,54
नाटकों,180
झांसे,143
चलाएं,54
मुसाफिर,170
प्रसूता,20
पड़ेंगे,51
अपनाना,63
धमाका,26
पैंट,119
उपायों,180
मानचित्र,38
पायदान,124
गांठ,60
अहंकार,67
कनेक्शनों,93
दौड़ने,39
जलाई,129
मनचलों,45
वास्तविकता,57
निवासीगण,160
दिखती,121
उपद्रवियों,11
क्रिकेटर,134
जनजागरण,165
कट्टे,193
पर्यवेक्षण,172
आगोश,33
हेलीपैड,134
कम्युनिस्ट,96
शुभकामना,83
धनुष,113
प्रतिपूर्ति,111
प्रजातियों,8
जहाज,156
पखवारा,63
बेबस,182
भेजें,79
पत्ते,97
शिवपूजन,184
आंध्र,140
अपनाकर,174
उपजाऊ,145
बैठाया,120
किशोरों,71
कांति,30
नकार,148
लाभदायक,13
पाटिल,41
शूटर,119
बनाती,53
वैसा,67
जूता,97
रेप,119
उद्देश्यों,29
अकेडमी,119
समता,109
उठते,18
ठगने,66
खलील,168
चाट,193
चुकाने,98
प्रशस्त,111
बेचना,79
हड़ताली,53
झेलने,76
पालिसी,96
इचार्ज,156
कांफ्रेंसिंग,85
अपनाए,54
रेलकर्मी,93
दबी,107
रचनात्मक,179
इकट्ठे,87
राजस्थानी,15
कदमों,45
इस्तीफे,92
हालचाल,16
चौंक,114
पूर्वजों,141
चलेंगी,51
सामंजस्य,57
गुंजायमान,179
मासूमों,170
रिमझिम,170
किनारा,37
उमड़ा,27
बूढ़े,182
गंवा,176
पारिश्रमिक,0
इसरार,166
विडंबना,89
जागो,190
महाआरती,83
जनाधार,3
रेडीमेड,134
शिवानंद,184
बंगले,186
दारू,40
आदर,158
विभाजन,89
धमकाया,142
मलिन,69
बुनकरों,135
मंडरा,186
जलाए,54
मैकेनिकल,96
लश्कर,52
पत्रांक,104
मन्नत,159
माइक,190
तदर्थ,159
अद्भुत,192
सुखराम,184
सभाएं,123
सीखा,4
अदद,151
थैले,168
महामाया,6
दिव्यांग,11
असलहों,45
ज्ञातव्य,14
अनापत्ति,38
कॉरपोरेशन,85
गाना,63
उत्खनन,17
रेलगाड़ी,167
नाता,26
पोर्टल,185
मुर्गी,42
नाश,33
कंधों,135
बटोरी,88
कमजोरी,182
अक्षम,159
सिफारिशों,175
कराह,40
होम्योपैथिक,96
भंडरा,186
कांटा,193
उपकेन्द्र,59
टूरिज्म,96
बोरियो,190
कविताओं,8
घटक,158
साक्ष्यों,29
आखों,45
तालियों,152
कुर्सियां,42
विषयक,159
हराम,63
कठिनाइयों,150
व्यंजन,155
बेमानी,48
अपमानित,111
निकास,68
देखिए,197
चलेंगे,51
बताता,97
बनवाकर,174
खींचकर,188
त्यों,152
भीड़भाड़,198
मानिक,81
सीमाओं,8
वरिष्ठता,179
आत्मरक्षा,189
मानती,53
चलन,75
माप,90
अटैची,114
तिहाई,154
कतिपय,60
अनभिज्ञता,14
आंगनवाड़ी,123
ठगे,66
पिछड़,58
अनुदेशक,44
सांझा,143
नीले,116
असंभव,136
कारीगरों,103
चौथ,131
बन्द,127
भावुक,157
सुरभि,191
कबाड़ी,70
बढ़नी,55
एकड़,177
जेईई,110
दलबल,151
लगवाई,129
कोशिशों,169
संपति,155
मार्कशीट,185
कराती,53
बॉल,119
ढीली,168
उपदेश,24
ढेरों,135
प्रशिक्षणार्थियों,0
जालसाजी,106
दिमागी,138
भूमिहीन,139
छूने,2
इंसानियत,49
छेड़ा,70
शर्मनाक,106
चाही,148
हिल,168
सोमा,190
खोद,4
आजतक,9
श्रावणी,83
सौंपते,79
जुकाम,138
क्षमा,179
चपरासी,160
रंगमंच,155
पम्प,77
पिला,41
लेखाकार,50
रचनाओं,8
व्यवहारिक,81
सुधरने,173
ऊंट,119
मेवा,26
टीसी,110
आश्रय,113
जूझते,115
लोकगीत,99
वाचक,148
समेट,119
हरकतों,45
महादलितों,11
पुष्टाहार,20
स्वभाव,57
चित्रों,95
स्वेटर,93
औषधीय,91
तृतीया,108
छोड़कर,153
पाठ्यक्रमों,29
बोरियों,150
कुचला,140
जनसमस्याओं,8
फायदेमंद,138
परिणामस्वरूप,38
बीवी,110
भाड़े,70
यथा,109
कीमतें,123
प्रतिरक्षण,189
निगमायुक्त,50
वर्गीय,181
नवयुवक,64
ननिहाल,154
पागल,130
बच्चू,43
प्रियदर्शी,125
बालकों,180
सम्बन्ध,137
अनुमोदित,10
शीट,119
प्रविष्टि,192
कैरो,80
विवेचक,159
गजब,75
गदगद,151
तवज्जो,156
भराई,129
मनाना,63
परियोजनाएं,164
रौंदा,70
शिशिर,33
कंधा,186
रंगा,195
एथलीट,64
हबीब,144
तापस,166
मुगल,140
जिसमे,62
नीलाम,73
पूर्णाहुति,141
उन्नयन,28
भागीरथी,160
जोड़ने,153
सिद्धांतों,169
हार्दिक,196
भयानक,52
करोड़ों,135
कुम्हार,170
बनानी,53
मीठे,140
बुनकर,173
सुबूत,136
संभाले,162
पखवाड़ा,87
कौम,62
सेवादल,89
प्रस्तुतियां,192
यथावत,166
उतारे,19
कोरी,80
प्रदेशीय,82
संगीतमय,155
भरवाने,19
सजाई,129
राजनेता,194
झोली,117
वास,160
घेरकर,52
सहेली,168
राजनेताओं,194
चोक,114
मदरसों,45
मतपत्र,95
घिर,88
डरा,1
बेचैन,32
राशनकार्ड,185
हंसी,25
बुझाई,31
उन्होनें,132
अपनाते,147
घूस,173
दोहरा,148
सभ्रवाल,160
लोकदल,64
रामानुज,37
विटामिन,96
थाम,90
बाड़ी,70
नाज,15
हरकतें,118
ख्याति,38
बिसौली,39
अतीत,122
रंगाई,195
शिवालय,83
धोबी,7
पूंजीपतियों,11
उलट,9
सवेरे,116
पिलाया,154
वारिस,154
पीडि़ता,36
मूकदर्शक,115
बचें,118
मौसी,69
ढाबों,180
राष्ट्रवादी,29
घटकर,151
चौरासी,39
हटकर,9
जिम्मेदारियों,138
विवाहित,178
लगनी,35
खरीदारों,103
असंगठित,155
कर्ता,97
अराजपत्रित,50
भेजते,79
अवरोध,28
निंदनीय,157
लुटेरा,190
पत्ता,97
रखीं,188
प्रादेशिक,81
माघ,130
गूंजा,186
समतल,75
दलहन,158
बजाकर,174
अजब,9
विषाक्त,38
व्रती,125
कव्वाली,41
शिशुपाल,191
जिन्हे,132
जैव,30
हकीम,144
पदोन्नत,132
आत्मिक,81
भूत,111
दोहराया,142
सेमीनार,185
चलीं,188
अटका,109
अध्यात्म,161
छुट्टियां,164
मदनलाल,41
साधकों,3
सुनाए,54
सैल,168
महाभारत,165
ठगों,45
कुरावली,191
बाड़ा,70
छठा,145
उत्साहवर्धन,57
निश्चय,146
गेंदों,135
आशाराम,37
वाह,166
व्यस्तता,57
साया,6
मुर्गा,42
भ्रूणहत्या,157
विसर्जित,111
खरीदते,58
महासम्मेलन,83
शीतकालीन,83
उपसमाहर्ता,97
काश्तकारों,194
आभूषणों,135
पर्यवेक्षकों,172
सिवाय,161
शीश,33
अभियोजक,44
बच्चो,64
लिंगानुपात,104
श्यामसुंदर,184
बंटवारा,130
उच्चारण,20
छिन,69
निष्क्रिय,146
नवविवाहिता,178
मुनीम,170
चोटी,193
मधुकर,52
क्षय,159
प्रगट,159
नानी,161
अंधविश्वास,57
लाठियों,150
तस्वीरें,123
समीपवर्ती,82
जुड़ी,156
डाकघरों,180
फैक्स,134
साधते,3
चढ़ी,149
उतरेंगे,51
इसने,76
प्रचलन,159
परमाणु,68
लीवर,119
टिकटों,135
पत्ती,92
इलेक्ट्रॉनिक,96
अल्प,60
बिजेन्द्र,59
चने,76
जुड़कर,151
स्वर्ग,17
अनुपमा,101
विनाश,68
बनवाई,129
संचयन,155
अभिशाप,157
असलियत,102
पढ़ती,55
ईटों,45
भूना,139
बेअसर,182
गायकों,180
पार्थिव,196
कार्यवाई,50
कार्टून,185
उद्धार,161
शीशम,33
खदानों,180
विशेषता,89
पुताई,90
अनुसरण,28
स्टेशनरी,93
होनेवाले,98
आंदोलित,12
विद्यानंद,196
अंतरिम,105
विद्वानों,196
आंखे,4
करायें,54
निर्मली,125
गोरा,190
घटतौली,39
धूम्रपान,124
बागवानों,194
डेरे,116
तबतक,151
शिक्षामंत्री,21
पंक्ति,192
साहित्यकारों,194
झपट,75
ताकतों,180
अपात्र,179
प्रेषण,20
संकल्पित,155
किसानी,103
कटवाने,19
ठंडक,140
फुटकर,2
सदी,122
लुभाने,98
चश्मा,26
भांजे,143
पैगाम,170
जमानती,73
गानों,180
बारादरी,61
लाडली,41
सुई,129
पड़ोसी,62
हर्षवर्धन,184
दिहाड़ी,70
चंपत,114
करुणा,37
किसकी,62
प्रणाम,20
समुद्र,191
निर्बाध,146
अमूल्य,104
सुश्री,191
खानी,53
मांझा,143
नदियां,143
ढुल,117
तैराकी,73
कैसी,62
संक्रमित,155
स्वेच्छा,57
सीआइडी,110
नियुक्तियां,164
सतगुरु,191
मुकर,52
मचाते,147
करतूत,22
राजेश्वरी,184
भीमसेन,184
गहलोत,52
इक्का,26
समुदायों,11
गरमा,1
खिलौने,98
रासलीला,37
लाये,19
उठाये,54
ठेकों,135
सपरिवार,178
दौड़ाकर,39
फूस,40
म्यूनिसिपल,96
ढिलाई,129
कटोच,114
जायें,54
निपटारे,162
योगाभ्यास,13
चुपचाप,94
बेतहाशा,106
निवासिनी,160
संतोषी,155
छेड़,198
शक्तियों,152
यथाशीघ्र,157
भट्ठी,193
व्यवसाई,13
टालमटोल,185
पढ़ता,55
आमलोगों,152
किन्नर,132
रखेगा,74
पहाड़ी,70
धुंआ,140
प्रतिबद्ध,72
हड़प,75
परमहंस,22
बर्तनों,135
मुहूर्त,83
सहसचिव,114
स्रोतों,95
बदलवाने,19
शंका,68
मोहताज,106
लीची,114
निर्वाह,146
निभाएंगे,74
पढ़ना,55
उत्सुकता,57
नाममात्र,179
सदियों,152
शक्तिपीठ,125
कूड़ा,140
मानों,180
कलाई,129
कसरत,158
सत्यापित,38
मालिकाना,23
भूगर्भ,139
हमलों,45
तनख्वाह,106
फिसलने,58
हाय,6
कविताएं,123
साधक,3
तोले,117
उपमुख्य,91
वृद्धों,126
चालीसा,131
कारखानों,194
जगरूप,128
जानकर,174
बीजों,135
बिखर,58
घमासान,26
चहेतों,135
कनपटी,119
भूरे,139
अधिकाधिक,183
लीलाओं,8
अपूर्ण,141
सर्वोत्तम,17
मरा,1
मुझसे,121
मिट,119
वैसी,62
जलनिगम,44
बिलकुल,101
मूंगफली,25
साम्राज्य,29
एथलेटिक,134
जलनिकासी,104
बरातियों,152
श्रमायुक्त,50
हुकूमत,102
मेज,156
डकैत,151
खचाखच,31
हस्तशिल्प,0
जैकेट,134
पिछला,104
अनार,166
तीमारदार,103
सेंधमारी,138
हारे,19
निरुद्ध,126
दिखते,121
मनाएं,54
शासक,33
सबमर्सिबल,119
दुश्मनी,169
चढ़ाव,177
खरीदार,73
पांचाल,90
उतरना,109
सातों,180
रियासत,175
मरहम,75
कुदरत,62
बिखरे,58
मोहब्बत,170
ढांढस,159
जरुर,88
चौके,39
चूड़ी,27
हिमपात,68
थाप,90
सुनियोजित,10
फेंककर,153
मछलियों,150
फुसला,48
स्थानान्तरण,38
पहिए,197
पूर्णतया,141
टेंशन,119
वतन,75
जमाए,54
तोड़ी,27
कौमी,69
अंत्येष्टि,192
तिथियों,183
रचने,66
सड़के,66
न्यायालयों,112
गुरुओं,191
अधिकारिक,50
सत्रह,17
अलवर,75
याची,161
व्यंजनों,155
बूढ़ी,182
मत्था,179
शुक्र,191
बॉर्डर,185
उपभोग,12
उतने,66
प्रतिभावान,72
धूमिल,139
अशांति,30
लहरा,109
दरारें,148
मनीराम,37
इंद्री,25
लड़ेंगे,51
अंर्तगत,105
सर्वोपरि,30
पंजिका,68
दबोचने,114
रोपड़,27
साईकिल,185
अड्डों,56
मम्मी,69
मंद,25
भारतीयों,11
चाची,100
स्पर्श,155
पड़ेगा,74
नक्षत्र,191
बसाने,19
करारा,37
इरादा,6
दिशानिर्देश,146
असमाजिक,81
लालबत्ती,124
वल्लभ,52
पांचवे,131
सुंदरी,155
दिलाते,133
जापानी,90
हल्दिया,154
नमस्कार,67
नाचते,147
लिपिकों,183
निवेदन,44
सहम,158
हर्रैया,154
रातों,152
साला,41
मनचले,66
जंजीर,156
ठहरा,145
गोभी,34
भेजेंगे,79
जुनून,32
फर्राटा,190
प्यासे,67
मण्डी,56
वादन,165
श्रीधर,125
अखबारों,180
रीतेश,125
सुने,173
संगठनात्मक,78
तोड़ते,198
मनिहारी,154
लड़ते,76
पिछड़ों,64
मानता,179
मक्खी,140
भरो,151
ऑक्सीजन,96
स्वैच्छिक,81
रहेगे,51
खड़ंजा,186
हड़कंप,36
विधवाओं,8
फूले,117
अनियमितताएं,164
अहिंसा,67
जुटाए,54
हताहत,144
बजने,66
निजाम,48
आयात,104
क्षेत्रवासी,29
पहुचा,187
जामिया,48
प्यारी,67
दमन,75
बुनियाद,138
सटी,110
अर्पण,159
बाशिंदों,71
वनस्पति,30
संकरी,140
विसंगति,155
नाई,129
पालम,90
फव्वारा,13
पडे़गा,74
डाका,26
शीशपाल,33
परवरिश,33
डिस्चार्ज,185
कृष्णानंद,196
निखार,133
कार्बन,185
समयावधि,104
जेठानी,184
चराने,19
अभिव्यक्ति,192
मंत्रों,95
पिपरी,60
सत्तारूढ़,141
क्रियान्वित,38
लोहार,190
हस्तांतरित,111
बहार,166
निष्पादित,38
पालने,90
उपकेंद्रों,59
सुनेंगे,51
मशरूम,139
फिक्र,48
बिके,116
फूटा,193
लायी,53
बैलों,135
अनुशासित,10
माटी,193
आंकी,140
कलेर,88
वक्तव्य,91
घिरा,154
अनुमंडलाधिकारी,21
विस्थापन,38
भट्टा,193
तीखे,4
परिसदन,60
तुरन्त,42
बाजू,15
बिरंगे,195
उत्तेजित,111
दिनोंदिन,169
साजन,3
कुश,33
रामकथा,37
कृति,108
प्रमुखों,64
शादीशुदा,178
सहायिकाओं,8
कमांडो,190
उग्रवाद,160
पहनाया,142
दर्जे,116
मोतियाबिंद,61
मिनटों,87
इकाइयां,129
विसंगतियों,164
कामिनी,68
प्रत्यारोप,20
विक्षोभ,12
कार्याें,50
मचाना,63
दिलाकर,133
बेरुखी,32
घाव,176
दीवारें,124
जूट,119
स्थली,17
कृतित्व,192
विस्तारीकरण,38
मशगूल,117
मदों,45
महरूम,139
खिली,117
भुगत,139
खुलवा,101
अनुभूति,10
वाममोर्चा,13
दिखेगा,74
बड़सर,122
जामुन,37
मुख्यधारा,13
बेसब्री,182
बगीचा,100
चरितार्थ,38
जगदंबा,127
मौरंग,195
मैनेजिंग,85
चरमराई,104
दीजिए,197
मनोविज्ञान,14
जिताने,98
रेलकर्मियों,11
अपरान्ह,132
रैलियों,150
धराशायी,160
छुड़ा,198
बेसुध,173
सिराज,37
दिलवाया,133
प्रबंधकीय,137
लूटकांड,2
प्रत्यारोपण,20
कोंच,114
खिले,116
हिना,154
तिपहिया,124
पंख,140
निकलेगी,51
पैठ,120
परमवीर,122
स्वाहा,6
डूबी,7
आनेवाले,98
प्रभागीय,20
नींबू,25
ज्येष्ठ,181
बहाया,6
अनुयायियों,161
बंसी,25
एकमुश्त,42
रघुराज,37
सायंकाल,68
शमन,9
कोस,80
अजीब,182
किलोवाट,185
फैसलों,62
हिदायतें,175
सदस्या,179
भूरी,139
अमरूद,40
अधीनस्थों,64
पांचवी,131
ललक,158
आधुनिकता,81
बताएंगे,74
पूज्य,141
भागदौड़,103
सफलतापूर्वक,141
कटों,45
कारणवश,157
घुसी,173
सुदीप,191
विलुप्त,10
जलसे,66
महामारी,138
चरखारी,73
उड़ने,66
विविधता,178
फैलता,175
तौबा,39
दागी,53
गृहकर,171
छीनी,69
अपेक्षाकृत,163
इनवर्टर,93
सम्मति,47
स्टेंड,85
सुरक्षाबलों,189
अनुग्रह,28
सुखचैन,69
कार्यकत्र्ता,50
फैलती,121
युद्धस्तर,126
ऑपरेटरों,93
त्यागपत्र,20
संरक्षा,189
पोखरों,135
दुबके,173
आभास,165
कैप्सूल,96
सर्प,60
अड़चन,114
गुपचुप,99
दुष्प्रभाव,57
गंगानगर,199
धारी,73
ट्रांसफारमर,185
मनमाना,63
हाशमी,15
कोसा,190
आरपार,166
खोखला,4
पाएं,54
कालिंदी,68
शुद्धता,126
विभाजित,38
सूचीबद्ध,38
हैंडबाल,123
सुनायी,31
तारें,148
ग्यारहवीं,131
संग्रहण,155
बहु,136
तकिया,154
दोगुनी,99
नवसृजित,111
सिलिंडर,119
रैयतों,102
फार्मो,185
पकवान,46
नतीजों,135
अनुभवी,91
शिवभक्तों,64
भड़ास,166
नौका,26
नमूनों,69
बहेड़ी,70
कुर्बान,48
बेनकाब,48
हुकुम,170
जसवाल,41
भांग,34
कतराते,147
पशुधन,113
पटवारियों,11
गोताखोर,103
प्राचार्यो,161
यद्यपि,47
सांझ,143
चबूतरे,2
रंजिशन,49
सैलानी,161
नशेड़ी,27
जंतु,22
जनकल्याण,160
टिक,119
निर्मम,146
पनपने,151
इकलौते,39
जुताई,129
नाकामी,106
बिंदू,65
गिरिजा,196
उत्पीड़न,36
मन्नू,69
बौछार,103
निकलवाने,162
शर्मसार,106
नेत्रहीन,132
व्याख्या,13
असंतुष्ट,192
संयोजिका,89
स्टालों,185
बकाये,19
जुआरियों,150
मिलीमीटर,82
अनुभाग,104
परंपराओं,8
बारातियों,152
रक्तचाप,108
बदस्तूर,92
स्तंभ,155
वानिकी,81
वाहिद,48
बचते,66
सुनाने,98
एलडीएम,110
काहलों,180
दर्शना,165
मंगाया,186
बुढ़ापा,138
पहुंचाएं,187
राष्ट्रव्यापी,29
कुंआ,140
खिलाया,133
दिग्गजों,169
मोहिनी,125
आपदाओं,8
रोपित,12
रचित,47
स्टैण्ड,85
पद्मश्री,125
दिलायी,154
पाबंद,127
कपाट,193
प्रधानी,179
बांग्ला,61
उपरान्त,47
प्रतिरोध,12
गढ्डों,135
हमसे,5
सुसज्जित,10
मोचन,28
मूसलाधार,157
मर्ज,156
विभागाध्यक्षों,112
चैम्पियनशिप,36
कुकर्म,113
उत्पादकों,194
एलबम,75
सबने,66
हिरण,159
युद्धवीर,126
कर्णप्रयाग,29
दाता,97
बगीचे,58
पनीर,88
उचक्कों,135
फांदकर,153
जर्नादन,148
जादूगर,103
प्रतिवाद,20
जोरशोर,32
पेशकश,159
निबटने,162
टहलने,18
ऊधम,151
भंगड़ा,186
बरसाना,63
छुपाने,98
रजाई,129
करबला,1
तनातनी,53
सूझबूझ,31
लगाती,53
भैंसों,135
हताश,33
टीएन,110
सादगी,106
यादें,123
जिंदाबाद,61
बेचता,58
फिजिकल,96
इलेक्ट्रानिक्स,96
महबूबा,48
अध्यापन,179
तड़प,75
समन्वयकों,64
समझाते,147
वाकई,145
अनुकंपा,68
आबाद,61
आंदोलनरत,24
मसलों,45
अनशनकारियों,11
टंकियों,150
मंडराने,98
शर्म,144
कोड़ा,70
समाहित,104
चेकडैम,134
नौनिहाल,98
नियुक्तियों,10
चपत,75
मैगी,34
परिभ्रमण,28
चौखट,39
कुटीर,191
सुझावों,194
सकीं,188
महंथ,22
बकरियों,152
बिटिया,154
लिफाफे,175
राजरानी,37
सफाया,6
घायलावस्था,68
शुरूआती,128
लीं,188
मिठाइयों,124
कमोवेश,33
कोशिशें,169
साधने,3
रियायत,175
शाहदेव,184
आवंटियों,150
पेशा,33
मुसाफिरों,170
टावरों,180
पहाड़ियों,150
मन्नतें,159
पोते,77
आकृति,108
डालेंगे,74
दिखावा,133
मालगोदाम,124
अनुज्ञप्ति,192
शील,168
दिखाएंगे,74
ध्यानी,161
भाड़,70
लड़े,66
चुनरी,173
जघन्य,91
धुनों,135
भौतिकी,81
आधुनिकीकरण,183
बहती,35
कारगुजारी,103
निकलेगा,74
प्रज्ज्वलन,14
पैटर्न,132
छिटपुट,2
श्रद्धापूर्वक,141
अधिग्रहीत,111
प्रवृति,192
समाजसेवियों,11
कुटिया,193
वनाधिकारी,50
भइया,109
बर्दास्त,48
रुकावट,31
किरायेदार,167
सलामत,40
अंदरूनी,49
मनसा,109
आपातकाल,68
किराएदार,50
बहादुरी,138
अहीर,144
तीक्ष्ण,163
सीएसआर,110
ठान,46
अदालती,148
ख्वाब,106
लहराते,147
चढ़ते,55
चाहें,74
परम्परा,165
चबूतरा,115
हटे,76
देखता,147
गाल,41
मेलों,152
ट्रैक्टरों,93
जानती,53
तबदील,168
आनंदी,25
संतुष्टि,192
बास्केटबॉल,185
प्लेटफॉर्म,93
भेड़,27
ठहरे,66
तपती,35
बुझाया,16
फेरे,116
कुमकुम,170
खदेड़ा,70
पिच,114
शमा,1
तकदीर,122
वामपंथी,160
शारदीय,184
भेंटकर,2
निष्कर्ष,146
तख्तियां,164
जूं,156
फोटोयुक्त,185
खूबसूरती,32
निबंधित,137
जड़ा,1
वाणिज्यकर,13
ब्रह्मानंद,196
नफरत,158
अनुरक्षण,189
सीखे,4
परी,60
शिवाला,41
तेजा,156
सजाए,54
निष्क्रियता,38
अमरपाल,41
उमड़ने,198
निवाला,41
चौकों,135
जानकारियों,23
गुणात्मक,38
इमारतें,123
प्रोफाइल,185
यहाँ,86
दुहाई,129
वेश,24
मछलियां,150
महाकुंभ,83
पीए,110
ईलाज,156
झाडू,70
हेपेटाइटिस,96
भुला,41
सोई,129
बहकावे,19
कारवां,148
डांडिया,186
लीन,69
लाभांवित,38
क्रोध,12
शर्बत,144
गठजोड़,198
जगमग,75
संभालेंगे,74
फिजीशियन,96
सहानुभूति,157
जांचोपरांत,100
नामकरण,104
पूर्ववर्ती,141
आशियाने,98
उर्वरा,6
उत्कर्ष,17
वातानुकूलित,38
मजे,151
जमीर,144
गैरकानूनी,103
गुजारिश,175
छेड़छाड़,103
पाइपों,185
हस्तांतरण,111
बकरा,109
पुरातन,191
महानगरों,180
दौड़कर,39
प्रदत्त,47
डूबकर,151
एनएचएआइ,110
बगावत,15
बनवाना,63
संज्ञा,78
बंधुओं,137
गड़बड़,75
बचाए,54
मजहब,158
नामचीन,53
बीता,53
रुद्र,191
गौरवान्वित,57
आमजनों,45
पूछते,115
संकलन,28
पतन,158
अनुभवों,64
पेयजलापूर्ति,141
चहेते,147
प्रार्थी,20
पसंदीदा,138
भाला,41
शिल्प,0
बिगड़ते,58
डिब्बा,61
सोची,80
कुलाधिपति,50
खाल,41
सीनेट,119
अनुशासनहीनता,157
शर्ते,92
घटों,45
बिठा,154
खोदकर,153
चुनौतियां,164
दूज,40
बाराहाट,61
क्रूरता,157
पुस्तिकाएं,38
सांठगांठ,171
राजदीप,184
चुनिंदा,94
जिज्ञासा,14
कहेंगे,51
निर्दल,146
संस्कारशाला,78
शैल,168
भ्रमित,111
हकों,151
कुओं,140
सौहार्दपूर्ण,141
बदहवास,1
वेशभूषा,165
बराती,53
प्रसूति,192
परिधान,104
आमादा,6
जांची,100
पृष्ठभूमि,181
पाठकों,64
सतह,158
गांववासी,160
पूर्वानुमान,141
कब्र,88
शिक्षाविद्,0
ड्राइंग,185
भुलाया,16
संभालते,162
तेजवीर,144
तोड़कर,153
खोलते,121
कारें,148
प्रवचनों,64
बिछाया,16
नशाखोरी,73
कलंक,105
मैगजीन,134
बाएं,54
अनुरुप,128
नीरा,37
यमुनोत्री,21
इसलिये,197
अपनाएं,54
हामी,40
बालिकाएं,89
स्तनपान,179
मसीहा,40
अजगर,75
चेयरमेन,85
राजनारायण,37
तुम्हारे,170
टकराया,142
रचनाएं,8
साइकिलों,185
पवित्रता,157
बास,61
बनाएगा,74
आउटसोर्सिग,85
इतिश्री,125
ठेंगा,74
समूचा,100
लिखना,133
प्रकरणों,64
उदयराज,37
प्रचलित,10
निहित,10
संवर्धन,137
बधिर,88
बोरियां,150
पांचवां,131
कंकाल,68
मलाल,41
पीडि़तों,36
गुजरता,99
खंगालने,162
जहरखुरानों,26
लालटेन,124
मिलजुल,101
गंदी,25
शादियों,152
बब्बन,7
बुध,136
बागडोर,130
मनाएंगे,74
कोसते,62
घटाकर,174
उड़ी,84
फूटी,2
तीरंदाजी,138
इन्हे,116
आकाशवाणी,160
बेदखल,182
चलाएगी,74
छपी,107
इकाईयों,152
कांच,100
खासियत,175
खोलना,153
सरहद,75
कनक,75
बर्खास्तगी,48
कोयल,140
बहुचर्चित,10
न्यौता,67
काबिल,48
कायस्थ,179
सांगठनिक,81
फार्मासिस्टों,96
अंगों,135
पांडव,140
बांधी,143
बालियां,154
स्टीकर,119
सलोनी,80
लाज,15
खुशनुमा,101
जगा,148
अफवाहों,180
वर्गों,64
कोसों,135
बिन्दु,65
सजगता,104
चकाचक,43
संचय,155
नतमस्तक,17
संवेदनशीलता,157
आगंतुकों,64
हिदायतों,175
मौतें,170
शिक्षाविद,0
नीलगाय,160
बंटा,186
कंठ,140
धंसने,25
सिंतबर,87
नशों,45
मनन,158
चहुंमुखी,140
दानी,53
जत्थों,135
उलझा,109
मोहसिन,170
बुझ,31
पर्याय,179
निकलवाया,162
आसरा,109
उधम,75
पूर्वांचल,82
लगाएगा,74
एहसान,46
पिहानी,154
देशवासियों,11
यूएस,110
मिश्रित,111
झाड़ी,70
पादरी,160
गहराया,142
वर्जित,111
दुआएं,25
मद्य,91
मचाई,129
लीजिए,197
परिकल्पना,89
कायदे,23
अटकी,35
तिजोरी,73
रक्षकों,172
सौंपेंगे,51
पकड़ने,153
जमाना,63
छूटा,2
संबधी,155
फफूंद,25
विद्युतापूर्ति,38
शतप्रतिशत,72
प्रवक्ताओं,194
शोहरतगढ़,199
आयीं,188
आवाम,166
संगतों,155
मातृत्व,108
बंधाया,3
शस्त्रों,95
बेखबर,182
प्रमाणिक,38
फॉगिंग,119
गुजारने,98
उंगली,140
रुककर,114
बीचों,135
दिलवाई,133
टहल,75
अफसरशाही,106
पहुंचाते,187
बुराईयों,152
वधू,40
सत्कार,67
मैत्री,95
हटाई,129
दीये,116
व्यापी,13
स्थितियों,192
डिब्बों,185
कैंपों,134
जलसा,109
हलफनामा,23
धमक,158
भूखंडों,56
अरबों,45
उपखंड,56
छर्रा,190
प्रतिभाएं,123
कंक्रीट,85
अंडा,186
उस्मानी,48
पेशाब,130
पौत्र,191
पोषित,111
इसमे,118
ठहर,158
उग्रवादियों,11
मरी,151
मध्यस्थता,179
गवां,151
बेअदबी,182
नाती,53
अध्याय,112
जमात,166
कुलवीर,191
नंगे,25
पहुंचाए,187
बवाना,63
साम्प्रदायिक,57
हार्डवेयर,185
घोंटकर,2
दुखों,64
नकारा,148
असमय,75
रैलियां,164
उग्रवादी,160
बाते,147
मुकामी,48
किन्हीं,132
अनदेखा,4
ब्लेड,119
पारितोषिक,81
गुज्जर,99
मौनी,69
डरे,151
जूही,156
साइकिलें,185
छिड़क,198
नसीर,88
उकलाना,63
रोजे,80
चलाएंगे,74
रंगेहाथ,49
बरसा,1
अक्षत,159
खेद,4
जन्मे,17
गिलास,154
भरसक,139
मणिपुर,199
अप्रत्याशित,38
खुदकशी,32
भांजी,143
जमादार,166
श्राद्ध,83
पढ़ाते,55
निरोधात्मक,38
तिरंगे,195
सुमंत,191
प्रतिबद्धता,72
छुपा,2
फेंकी,153
रवानगी,53
धोना,26
लीपापोती,124
हटेंगे,51
बाराती,53
सभ्याचारक,179
चित्रांकन,95
वचनबद्ध,137
आलाधिकारियों,50
बारीकियों,152
निष्पक्षता,163
बिखेर,4
जातिवाद,160
अनुयायी,161
कालोनियां,124
हरिनाम,37
चूड़ियां,150
बिलखते,58
परीक्षित,111
तबादलों,130
छक्के,43
नवी,107
ओले,76
कीर्तिमान,196
गोसाई,190
दुलारी,15
देररात,166
नवीनतम,122
देरशाम,33
दशम,158
ग्रामवासियों,11
बाबुओं,186
नियमितीकरण,111
नजाकत,144
नजरों,45
समयबद्ध,137
निकलवा,162
योजनाबद्ध,89
यादों,180
खाए,54
उपकार,148
भुवनेश,191
लाहौर,154
टला,1
बाध्यता,179
साली,41
अभिकर्ताओं,50
गाँव,176
चारधाम,37
नाप,90
साहसिक,81
मुनी,191
एलआईसी,84
संवाददाताओं,194
उद्घोष,113
करिश्मा,67
बकरियां,143
सीमांकन,104
ओढ़ाकर,174
मंगलसूत्र,95
अभियन्ता,50
बंदा,186
शुद्धि,126
दमा,1
निभाएं,74
कपड़े,149
खामोशी,32
भालू,41
डलवाने,19
उस्ताद,97
भोलू,117
चाभी,165
पकडे़,149
वादाखिलाफी,106
पंचायतीराज,36
अविवाहित,178
जलते,66
डेरापुर,199
खजूर,88
शिवनंदन,184
जनकल्याणकारी,13
रोको,80
कठिनाईयों,150
चादरपोशी,32
मेधावियों,11
भटकने,151
गुनाह,99
चौतरफा,39
फतह,158
देखो,4
परास्नातक,179
खोने,153
संदेहास्पद,57
कुर्ता,42
सांड,143
लोभ,139
बंध,137
श्रीमति,125
कसना,109
धागा,63
शातिरों,71
प्रबन्धक,137
व्यंग्य,57
लुप्त,10
बल्ला,41
दसवें,18
आर्शीवाद,160
समर्थ,159
रुपेश,191
चिड़ियाघर,124
फुर्सत,42
पूरक,159
लगाएगी,74
अछूता,115
भागीदार,13
जलपान,46
हुक्म,170
शंखनाद,184
कांप,77
रहन,158
रिझाने,98
कलशयात्रा,167
सार,166
निर्माणों,146
पदस्थापन,78
खोदने,153
कृत,47
शाप,90
संबद्धता,78
सिद्धि,126
रुकते,173
पथरी,35
मोल,117
थोड़ी,182
खोटी,193
कमोबेश,24
कुटी,193
सायरन,166
घटाने,19
पटक,158
दुधारू,189
आक्रामक,157
शोरगुल,117
तोता,190
उत्पादकता,13
छिप,60
प्रमाणपत्रों,20
वीरता,157
बोई,129
गिने,116
जायदाद,61
सितारा,154
हजम,158
अविरल,159
कुमुद,191
चर्म,60
झडी,35
सुधरी,173
अजायब,144
सामंत,3
सांसें,143
निरोग,12
पुत्रियों,152
जलाशयों,180
बिठाकर,120
ग्रामवासी,160
जेहन,151
आहुतियां,164
महकमों,151
प्रभावती,20
नौकरानी,161
ब्रजमोहन,191
तनिक,183
द्वेष,24
आज्ञा,14
होनेवाली,98
दूरदर्शन,115
सुहेल,40
तटवर्ती,82
दौड़ाया,70
किस्मों,169
मिठास,67
ससुरालीजन,160
बरतते,147
दूत,22
स्वदेश,24
जिलामंत्री,21
मुंडन,140
केले,116
ढील,168
अनूठी,115
गुरुजनों,64
तमाशा,33
तीरथ,52
शिक्षणेत्तर,0
शोधन,28
साग,34
बिका,68
चौका,39
प्रासंगिक,81
लड़ेगी,51
फैलाई,154
भंवर,52
सुपरवाइजरों,194
छिपाकर,133
पड़ताल,97
छत्रपति,52
रूझान,31
अध्यक्षीय,181
आतुर,88
गहनों,45
लोकनिर्माण,146
पुनरावृत्ति,38
अनपढ़,177
समावेश,104
अशिक्षा,0
सुभद्रा,184
सेव,116
जंगलराज,186
राष्ट्रीयकृत,29
लड़ना,198
संघर्षरत,155
रुकवाने,98
करवाचौथ,39
तरंग,34
ग्लास,185
गैलन,151
उर्वरकों,135
अनिमेष,113
अभिन्न,132
नवरात्रों,194
गण्यमान्य,179
महारैली,83
कनेक्टिविटी,93
शमशान,46
बिरजू,40
लावारिश,154
धीमा,37
भूसे,139
पुनर्विचार,38
शवगृह,171
धरनास्थल,78
आंनद,140
जांचा,100
पोलिथिन,96
संघों,64
ग्रह,171
वयोवृद्ध,126
चिकित्सालयों,0
पराग,34
कौड़ी,39
छलावा,6
झोपड़ियों,150
दूतावास,160
विशेश्वर,184
झुग्गियों,150
अधिग्रहित,111
निलेश,184
प्रतीक्षालय,163
नौंवी,131
पड़ना,109
रघु,136
भूतल,139
किसानो,194
फांक,114
सुहाना,16
प्राविधिक,81
असहायों,152
लोचन,159
प्रशंसनीय,155
बिगड़े,58
उत्पादित,38
खुलता,101
पहचानने,19
कसते,66
बगिया,154
अंडे,140
उद्यम,91
उलझी,35
बिचौलिए,197
विधा,89
मलय,75
खानापूरी,103
रोकते,80
निकालेंगे,74
चौपारण,39
उजाला,63
फिसड्डी,169
नीला,41
षडयंत्र,95
कांधला,143
प्रखर,60
हाजरी,15
भावनाएं,165
बिचौलिया,154
गायकी,53
दुनियां,101
पिया,154
गोलीकांड,71
जायरीन,53
स्ट्रोक,80
कुव्यवस्था,57
मंसूबे,49
फिजा,48
वारिसों,152
दवाईयां,129
लोकनृत्य,108
शतक,75
पछुआ,86
बिताने,98
इंस्पेक्टरों,93
फांस,143
मुजाहिद,48
नागवार,26
समीक्षात्मक,163
विचरण,159
सम्मुख,155
सालभर,145
सूने,69
मनवाया,6
पदार्थों,8
श्मशानघाट,83
मुर्दाबाद,61
बदलेगी,51
क्षत,159
इस्लामिक,48
शांतिभंग,30
बढ़ाएं,54
वायुसेना,89
भात,22
पढ़ाना,55
बीचोबीच,131
बिखरी,58
धरी,151
तरबूज,156
ढलाई,129
वगैरह,171
हारने,19
निपट,162
बाकि,154
भक्तजनों,64
कमाया,6
प्रतिभाशाली,72
उलझे,66
दुकाने,26
खंडित,56
वरन,9
जवाबदेह,106
फ्रेंचाइजी,138
पर्चियां,164
चौपहिया,124
ऑडिशन,93
बरतनी,35
बीन,69
घपले,66
गलतियों,150
नैनो,80
दलीय,91
राखियां,16
आयेंगे,51
पुरूषों,191
नम्रता,157
शिकारियों,11
खिड़कियों,150
सभ्य,91
अंपायर,49
पसार,166
पालतू,23
लकड़ी,149
बच्चियां,123
आयेगी,51
चीखने,5
नवगठित,47
अमानवीय,157
लहजे,66
खुलेगी,101
नमाजियों,152
सुलझ,136
बहुमूल्य,104
महामहिम,161
आवश्यकतानुसार,179
गिरती,53
अंतरराज्यीय,29
उपसचिव,114
टेबिल,96
खात्मे,48
दौराला,41
दर्जकर,159
अनसुना,94
भक्तजन,113
अधिकारिता,50
गौरवशाली,157
बहुओं,135
भरवाया,142
खेलकर,4
उड़ाते,147
कार्यमुक्त,38
ग्रीष्मकालीन,29
धन्य,91
चहुंओर,188
छतरी,35
पड़ने,153
तथाकथित,183
शास्त्रों,161
टुकड़ों,135
प्रियांशु,191
मुख्यअतिथि,21
मंत्रणा,95
भीग,34
पंचर,60
तेजस्वी,184
नौवें,131
परिदृश्य,192
कैंब्रिज,185
बताएगा,74
दाहिने,98
विक्रमादित्य,196
वस्तुस्थिति,192
दगा,1
देवगम,52
बंटे,87
काठगढ़,199
गिराकर,174
नगराधीश,112
व्यवस्थापकों,57
झुलसने,173
पुंज,28
संवेदकों,155
घटते,66
लेजर,119
नथुनी,69
किश्तों,169
खेमका,26
शिकारी,68
सरपरस्त,22
विक्षत,108
आसीन,69
हवस,158
भगाया,6
एप्लीकेशन,93
ताल्लुक,48
ट्रेक,134
दीपों,135
मालवाहक,148
शायरी,106
रसोईया,129
किसका,62
बारूद,61
म्यूजियम,96
उठायी,16
दंडाधिकारियों,50
परख,158
मनोहारी,15
सारिणी,104
खोदे,4
पहिये,116
पोती,77
अपशब्द,24
अंशिका,68
वनवासी,160
तरैया,154
रैबीज,80
माखन,26
सजने,66
प्रतियोगियों,72
प्रस्तावक,20
गुरुद्वारों,196
मुख,140
शिष्यों,64
दमदार,145
ढीले,116
डिफाल्टर,185
बोतलों,135
विपक्षियों,11
विश्लेषण,44
अनुशासनात्मक,38
हड्डियों,150
दशमी,122
मुखाग्नि,83
माँग,34
चित्रा,95
रेलमार्ग,167
निषेधाज्ञा,112
हंसते,121
दीनबंधु,127
एकलव्य,91
बचकर,9
खोजी,156
खीरा,15
बकरे,76
बहकर,151
श्वेत,30
मेहरबानी,106
गालीगलौज,199
गोले,117
धुलाई,87
अमानत,144
शराफत,144
ताड़ी,70
गंाव,176
अराजकतत्वों,71
वाद्य,179
मंदबुद्धि,126
हतप्रभ,191
वीरान,15
पड़ीं,188
थामा,63
बिछाकर,133
नमकीन,69
जाँच,100
सिंथेटिक,96
विज्ञानी,14
खजांची,100
लकड़ियों,152
बेपटरी,58
फटा,1
ईश्वरी,161
नवनिर्माण,146
तोला,117
विफलता,89
कूड़ादान,124
गिनाई,190
हिफाजत,175
अयोग्य,91
माध्यमों,194
छलक,158
ढहने,151
वितरक,159
वास्ता,97
कुनाल,26
समाजशास्त्र,29
छप्पन,60
अभिवादन,44
गरज,75
गुजराती,99
बोगियों,150
सबूतों,135
बजाते,147
नहाते,147
पिचकारी,90
लग्न,159
प्रकल्प,20
मांगलिक,81
भूदेव,184
रणजी,30
सिंधु,65
पाश्चात्य,161
छेड़ने,198
गर्मजोशी,32
मैदानों,124
फीका,53
मकबूल,168
प्राणों,161
विलीन,69
लगकर,75
कुर्क,42
गीतकार,99
थान,46
क्वार्सी,185
प्रतिलिपि,192
मटका,109
लाइनमैनों,185
अप्रशिक्षित,0
योजनाकार,50
दौड़ी,39
जुड़ाव,70
जहाँ,188
मुहाने,98
मल्लाह,48
सटाकर,174
मुमकिन,170
चिमनी,69
नहरें,118
नरक,158
गोलबंद,127
खड्डा,186
ताप,90
ढुलमुल,168
एकीकृत,47
मालाकार,68
कसे,151
पोस्टरों,185
अन्नदाता,97
पीटीआई,110
रेलपार,26
भागना,165
धकेल,168
अभिलाषा,165
खुशखबरी,101
बेकसूर,182
दीया,6
कोषाधिकारी,50
इच्छाशक्ति,157
छुड़ाया,16
अभूतपूर्व,141
मादा,6
टेप,119
असुरक्षा,189
बेशकीमती,182
सेनानायक,194
जलेबी,7
सेटेलाइट,96
सिवा,154
लहसुन,69
दर्रे,116
उपजे,66
दुकानदारी,124
सीना,53
मंदाकिनी,196
थिरके,116
इमामबाड़ा,70
खाबड़,70
शर्मिला,41
छीने,69
परास्त,47
तपा,1
चटकाए,54
जिलास्तर,21
रूकने,114
सत्यता,179
कूदने,153
बचेगा,74
शक्तिशाली,157
कोख,4
पटाक्षेप,38
सेनापति,161
जलता,109
वाहक,148
बीचोंबीच,131
सर्कस,119
लांग,34
झपटमार,148
अपहरणकर्ताओं,194
कशिश,33
सलामती,40
सातवां,131
खिलाई,133
अपहर्ताओं,194
पकाने,19
पस्त,22
कछुआ,86
आयशा,109
नियति,183
बैनीवाल,41
मरणासन्न,161
मुंहतोड़,198
तहस,158
खाती,53
युवजन,91
मनाही,40
चिल्ला,41
हुर्रियत,48
सारथी,3
इंद्रधनुष,191
बटेश्वर,184
बोलना,148
स्वप्न,17
जुए,140
ग्रंथों,78
मधुमक्खी,101
बोरों,135
पीतांबर,77
रुदौली,199
सट्टे,119
शहद,158
कथनी,35
जुबानी,106
झपटमारी,73
करनेवालों,152
अध्यात्मिक,161
थकान,46
मंगवाई,54
पक्षधर,113
शूट,119
सरंक्षण,172
छायादार,13
कालिका,68
सुलेख,101
वस्त्रों,95
लगेंगी,51
बाइस,7
लगान,46
जालसाज,103
रेस्तरां,93
संबंधियों,137
दलीलें,168
रहनेवाले,152
जोड़ते,198
खादों,180
मारना,37
अंकपत्र,105
हस्तियों,150
मुशायरे,48
सीवेज,93
मध्यान्ह,132
निकलें,162
कार्यस्थल,29
अनूठा,115
झकझोर,27
झड़ी,35
दिव्यांगों,11
न्यायधीश,112
मनवाने,19
किरकिरी,62
हिला,154
चुटकी,43
ओलंपियाड,185
यामीन,161
लहरी,107
ताश,33
उड़ती,35
सरस,158
छात्रनेता,194
मरम्मती,159
गेटमैन,134
तबला,109
संपादित,38
गड़गड़ाहट,31
चैनलों,135
उगी,107
पूछी,115
अप्रत्यक्ष,163
बक्शा,33
कुशलता,189
आयुवर्ग,181
अंत्यपरीक्षण,172
डब्ल्यू,110
कर्मो,113
बेपरवाह,106
कास्य,91
हसीन,69
चमकाने,19
उजड़,27
अत्याधिक,183
कर्मठ,52
झोपड़ियां,150
डाट,193
कटघरे,66
चलाएगा,74
प्रजनन,159
साठगांठ,31
लेखकों,64
आइना,109
निपटाया,162
दबने,66
धारणा,165
अस्वस्थ,57
चुनकर,114
मंगाकर,186
मारूति,167
परखने,76
सकरा,1
धरोहरों,135
सुखा,101
होम्योपैथी,96
नरम,158
लल्ला,48
रंगकर्मी,12
गृहणी,171
बदलती,35
रुकवाया,16
छोड़ते,198
कुचलने,173
अनबन,151
पुत्रियां,191
बंसीलाल,41
कोयलांचल,140
सोचते,121
जागे,26
हत्याओं,8
लेंटर,119
नन्हीं,43
अखाड़ों,180
रक्तदाताओं,194
उठाता,147
चेत,47
वाचन,165
वायदों,180
स्वास्थ्यकर्मी,57
निभानी,162
जननायक,148
जुबां,143
प्रतियां,164
परमार्थ,179
बारीकियां,138
माचिस,154
काजू,26
सर्वदलीय,181
भोली,117
शहनाई,129
पनकी,107
कांटी,143
अवसरों,45
सिक्कों,169
त्रुटियों,192
भूले,139
तम्बाकू,138
सम्बंधित,137
शासित,111
नायाब,48
वशिष्ट,0
ब्रह्मचारी,161
पड़ती,55
कामधेनु,161
फार्मेसिस्ट,96
कातिल,48
शीशी,33
गुब्बारे,103
छंटनी,2
टयूबवेल,7
नीर,88
नाचने,19
खाएं,54
सप्तमी,17
तारे,116
तीव्रता,157
गहराने,19
पोस्टमास्टर,185
निरक्षर,159
जिन्दगी,169
मच्छरदानी,124
लटकते,153
लौटाया,16
घपला,145
दालों,152
परिधानों,8
खरपतवार,148
मुनाफे,23
धोती,117
मुग्ध,126
मालामाल,41
बुलावा,41
जुटेंगे,51
पीक,110
अनौपचारिक,81
बदलता,145
अकादमिक,81
कतारबद्ध,179
कैंची,114
इंतकाल,68
नजरिया,154
मुख्तयार,48
कपडे़,149
चमेली,168
ठप्प,77
झपटी,84
दामिनी,161
नोंक,45
टोका,190
वन्यजीव,30
महती,35
छोड़ने,153
प्रागंण,20
मुकीम,170
छेद,60
सुंडी,143
गोरक्षा,189
शंख,140
राष्ट्रगान,29
कस्तूरी,92
बमबम,9
ढर्रे,116
औरत,9
झरना,1
रौब,7
कार्यक्षेत्र,29
वेल,168
जायेंगी,74
पुश्तैनी,42
अलगाववादी,160
अधीक्षकों,172
निर्णयों,146
फोटोग्राफर,185
कसम,158
फेहरिस्त,169
थिरकते,121
अधमरा,37
चेस,114
वली,151
अल्का,26
कम्यूनिकेशन,96
कछला,109
लगवाकर,174
कीजिए,197
पटवार,103
दरवाजों,180
संकोच,155
पैंतीस,131
जनेश्वर,184
मृदुला,191
फहराने,19
आइए,9
काश्तकार,67
चलंत,22
बजरिया,154
रुद्राभिषेक,196
वेदांत,30
खोदी,4
ऐतराज,156
रहूंगा,74
भावपूर्ण,141
शान्ति,30
स्टाम्प,185
निराशाजनक,157
स्मारिका,68
हिरन,151
रिफंड,185
प्राणियों,161
पत्थरबाजी,106
अधिकता,104
आटे,76
मंडलाध्यक्ष,112
चुराई,31
बाड़े,70
अनभिज्ञ,14
हजारा,1
मिश्री,125
सुनहरा,101
ब्रह्मदेव,184
बरकत,158
भड़की,35
अकीदतमंदों,71
मसाले,41
सोचकर,197
सत्यार्थी,57
तुम्हें,170
उत्सुक,42
उजाड़,70
दुश्मनों,71
सुबेदार,103
जनसमूह,128
दिलावर,41
सगाई,129
आरम्भ,87
ठूंस,25
गाजर,34
ताजपोशी,106
टिन,69
ढाल,41
गुलामी,48
उचक्के,116
हथकंडे,186
खोखले,4
जागा,63
फैलते,121
जिमखाना,124
तुलाराम,37
बनेंगी,51
प्रसंस्करण,155
क्रियाओं,38
हटाये,54
लालसा,41
पीढि़यों,150
टैबलेट,134
नेटवर्किंग,93
कसौटी,193
अधिसूचित,111
लकड़ा,149
अपहरणकर्ता,97
राजमिस्त्री,29
सुंदरकांड,56
बैलगाड़ी,167
आदिम,40
छूटी,2
अढ़ाई,129
सूजन,159
भांजा,186
चश्मे,116
सूनी,115
रसायनिक,81
करवाता,97
छपने,66
स्वर्णिम,82
दर्पण,159
बचाते,147
बर्ताव,97
ईसा,129
वर्धन,113
बल्लेबाजों,138
पेंशनधारियों,194
पिलाना,154
गरजे,66
देशद्रोह,71
बाजा,61
टकटकी,84
देवरानी,184
तलहटी,151
फरमाया,142
लड़ने,153
रूपों,128
चहलकदमी,35
अशोका,26
सीढि़यां,164
रिजेक्ट,93
खुलती,121
कातिलाना,48
काबीना,26
सर्वधर्म,17
जनसेवक,64
टेक्नोलाजी,96
विद्यापति,196
परिप्रेक्ष्य,29
यांत्रिक,81
चित्रण,95
कॉरपोरेट,85
वेदों,64
वाम,37
सर्वांगीण,155
टीजीटी,110
शुष्क,101
निर्यातकों,146
सेहरा,1
सैद्धांतिक,81
चिंहित,10
निर्यातक,146
देखती,121
चिता,97
कसाना,63
पंचमुखी,191
कारनामे,103
अपर्णा,37
गरुड़,27
ताकीद,53
पतली,35
मेहनताना,106
उम्मीदवारी,138
मंगाने,186
खात्मा,97
आलिया,154
परोपकार,165
टुकड़ा,193
सजाकर,174
