word,cluster
में,119
लिए,133
किया,158
गया,50
हैं,33
नहीं,65
सिंह,64
पुलिस,125
दिया,158
करने,142
कहा,50
रहे,142
बाद,102
करें,119
साथ,18
रहा,157
रही,16
बताया,85
हुए,26
लोगों,93
उन्होंने,178
होने,178
गांव,155
लेकर,197
जिला,158
इसके,33
एवं,142
क्षेत्र,121
द्वारा,13
हुई,26
लेकिन,133
लिया,158
सरकार,29
अपने,31
विभाग,62
मोबाइल,129
वाले,198
दौरान,100
आदि,68
सभी,16
मौके,44
फोटो,77
देखने,27
जागरण,74
जाने,75
दिन,167
नगर,142
तथा,74
जाएं,47
निवासी,107
लोग,93
बैठक,99
शुरू,195
कोई,165
हुआ,26
ताजा,163
करते,31
खबरें,119
समय,31
जाएगा,104
तीन,167
मामले,196
रुपये,195
कारण,74
पहले,31
थाना,163
पूर्व,22
विकास,6
संवाददाता,179
अन्य,127
जानकारी,48
कुछ,165
दर्ज,90
शर्मा,110
जांच,51
अध्यक्ष,55
स्कूल,191
यहां,33
अधिकारी,88
किसी,165
उनके,33
कार्य,109
पास,79
स्थित,30
कार्यक्रम,109
अस्पताल,18
वहीं,65
पंचायत,51
बात,81
पानी,100
किए,133
मांग,61
बच्चों,122
खिलाफ,3
बार,82
रूप,161
बजे,154
काम,188
उन्हें,178
कार्रवाई,109
तरह,78
देने,53
प्रदेश,162
महिला,5
उसे,33
वर्ष,193
मौजूद,44
अपनी,31
उसके,31
शहर,142
चुनाव,37
हजार,143
सूचना,179
दोनों,20
केंद्र,123
निर्माण,72
सहित,68
टीम,197
देवी,34
घटना,74
सड़क,124
विद्यालय,152
मुख्य,101
शिक्षा,152
चार,49
बीच,31
प्रशासन,49
बिजली,151
रात,35
शामिल,196
जिले,25
होगा,104
कार्यालय,109
संवाद,179
इससे,33
मौत,44
उपस्थित,30
करीब,172
लाख,145
सुबह,195
दिए,133
नाम,163
पांच,51
अधिकारियों,88
कराया,85
जाएगी,104
आयोजित,180
राम,110
कहना,50
जारी,35
इसी,31
निर्देश,72
काफी,151
करना,1
प्रधान,130
जाता,163
प्रखंड,42
जबकि,33
व्यवस्था,18
आने,31
प्रसाद,11
घायल,157
आरोप,161
किसानों,69
योजना,74
तहत,78
लगा,157
आयोजन,58
वाली,198
अवसर,78
सोमवार,19
संख्या,179
अधिक,58
शिकायत,3
ग्रामीणों,107
उनकी,16
बंद,94
इसमें,33
राज्य,13
समिति,30
परीक्षा,138
अलावा,160
अभियान,62
मामला,163
ऐसे,33
अनुसार,130
चाहिए,104
युवक,86
मंदिर,150
पहुंचे,40
सचिव,62
ग्राम,129
रोड,145
पत्र,173
पुत्र,113
मंगलवार,19
उसकी,146
जहां,65
होगी,23
शनिवार,82
मिल,25
कराने,75
पूरी,22
बुधवार,174
शुक्रवार,174
छात्र,109
पार्टी,98
विभिन्न,38
रविवार,82
फिर,133
मंत्री,150
शाम,82
साल,198
अभी,31
आरोपी,161
गयी,16
जाए,47
स्वास्थ्य,18
जिसमें,24
वहां,65
गिरफ्तार,3
स्थानीय,18
निगम,58
विधायक,62
प्रभारी,49
समेत,68
बनाने,75
माह,74
लाल,198
श्री,64
परिवार,107
दिनों,167
प्रदर्शन,117
इसकी,31
प्रयास,49
सरकारी,29
सामने,45
ग्रामीण,13
जिससे,165
सदस्य,55
बैंक,24
समाज,5
सुरक्षा,136
वाहन,74
समस्या,49
किसान,69
पूरा,159
देश,34
बारे,45
चलते,31
लगाया,85
हत्या,158
रहने,154
मिलने,73
बाहर,102
बाजार,48
सहयोगी,86
स्थिति,30
दूसरे,161
लगे,142
पदाधिकारी,88
चोरी,87
शिक्षक,71
प्रतियोगिता,149
भाग,74
मार्ग,129
मुख्यमंत्री,150
स्थान,18
प्रतिनिधि,60
सफाई,137
सकता,81
छात्रों,69
मंडल,126
मिली,25
होती,132
कर्मचारियों,109
आदेश,117
पहुंच,40
पिछले,31
लेने,53
होता,132
विरोध,148
नेता,62
प्राप्त,130
जगह,78
तैयार,7
सेवा,179
उनका,81
परिजनों,86
अपना,50
देर,34
जनता,5
चालक,114
प्रति,193
मिला,158
गंभीर,2
संबंध,115
संघ,9
अलग,33
जमीन,91
भवन,78
अध्यक्षता,55
जाती,95
वालों,175
उक्त,92
कर्मचारी,109
जल्द,199
प्रकाश,49
राष्ट्रीय,13
गुरुवार,174
बना,1
जाम,163
करेंगे,23
विशेष,117
स्तर,9
स्टेशन,98
व्यक्ति,177
लगी,142
महिलाओं,116
थाने,53
होकर,33
कमेटी,108
गये,154
राय,82
उसने,31
परिसर,58
देते,34
देकर,34
संबंधित,115
तरफ,124
पूरे,22
समारोह,19
उपलब्ध,58
प्रथम,127
सात,92
शिविर,173
शिक्षकों,71
भारत,5
सभा,5
बच्चे,122
लगभग,33
इसका,33
आगे,31
विजय,64
राशि,74
भर्ती,190
अशोक,108
दूर,135
वर्ग,43
परिषद,9
दिवस,193
मां,108
लाइन,24
होते,132
मारपीट,59
घंटे,2
पंजाब,102
प्रमुख,101
पिता,49
रखा,157
छात्राओं,116
पहुंची,40
आया,74
उसका,33
अवैध,58
इसे,33
दुकान,176
अगर,33
पता,1
इलाज,90
जमा,1
जिस,165
कोतवाली,153
आधार,74
विद्यार्थियों,152
जेल,25
नजर,78
मतदान,74
ज्यादा,48
लगाने,75
जिलाधिकारी,88
खेल,27
यदि,133
कर्मियों,69
दोपहर,167
सबसे,33
बोर्ड,24
चौक,67
भाई,137
प्रशिक्षण,71
शराब,102
ट्रक,15
सवार,82
बावजूद,134
पूजा,19
सदर,10
जाते,132
डीएम,57
करोड़,145
हालत,81
गांवों,20
निरीक्षण,72
आरोपियों,86
हालांकि,3
युवा,160
चुकी,194
सदस्यों,86
वाहनों,116
सके,165
कार,188
बरामद,143
विद्युत,182
पड़ा,157
भारी,74
भेज,117
अनिल,25
बड़ी,142
चुके,194
जिसके,165
जीवन,95
नेतृत्व,177
चला,157
सहयोग,86
मनोज,90
भारतीय,5
वापस,74
बनाया,85
मार्च,111
वितरण,58
कुमारी,141
परेशानी,134
करके,154
कंपनी,184
प्राथमिक,130
प्रकार,49
कार्यकर्ताओं,109
कही,65
कराई,137
वजह,124
कृषि,66
पति,127
ध्यान,147
कोर्ट,77
संगठन,9
होना,163
जाएंगे,56
दूसरी,161
संबोधित,115
आपूर्ति,30
ताकि,188
लाभ,74
माध्यम,101
निर्णय,72
हाथ,163
बढ़,70
मुताबिक,168
बारिश,48
मिले,25
होंगे,23
सामान,163
विवाद,62
पाया,85
ऐसा,81
वाला,198
राज,110
सकते,154
संचालन,179
बिना,158
अजय,10
आंदोलन,2
जाना,163
वरिष्ठ,43
विधानसभा,62
देख,27
कुल,25
हाल,198
आवेदन,58
बने,154
भेजा,196
देखते,27
रखने,17
मंडी,42
तेज,90
चुका,131
मुकदमा,168
धरना,157
जिलाध्यक्ष,89
भूमि,97
ठाकुर,141
अदालत,81
पत्नी,167
इसलिए,133
बनी,142
रैली,25
जैसे,192
प्रतिशत,193
कहीं,65
भीड़,80
सूत्र,173
फरार,82
क्या,131
सूची,184
परेशान,134
तैनात,7
साफ,160
तहसील,25
बनाए,47
अंदर,172
शासन,49
सुविधा,179
गाव,155
भगवान,147
दर्जन,108
बाबा,102
लगातार,163
उधर,78
पक्ष,43
समस्याओं,116
अतिथि,30
क्षेत्रों,121
अभियंता,88
मुख्यालय,101
फसल,78
मुखिया,101
करता,1
यात्रा,109
निदेशक,72
आवास,66
चर्चा,49
शादी,35
सहायक,74
थानाध्यक्ष,89
उपाध्यक्ष,89
वर्षीय,193
सांसद,9
निजी,191
आसपास,31
सकती,16
दास,160
जान,163
प्रत्याशी,89
तैयारी,7
ब्लाक,181
बाल,198
सिविल,191
भुगतान,196
पीड़ित,14
पहचान,196
खराब,102
सेक्टर,98
पूछताछ,118
सम्मानित,180
जनवरी,111
अधीक्षक,71
ज्ञापन,196
प्रवेश,117
स्थल,9
प्रबंधक,115
प्रक्रिया,130
विचार,62
उच्च,122
कभी,16
बड़े,142
पीछे,31
लगाए,47
कमी,142
इलाके,188
जाकर,12
जमकर,124
आश्वासन,49
वेतन,58
जून,111
सप्ताह,193
तहरीर,91
यही,16
रेल,25
हासिल,3
बताते,132
विश्वविद्यालय,152
यूनियन,191
केवल,165
मदद,10
उत्तर,127
मैदान,46
खंड,126
मौसम,44
मरीजों,20
मगर,78
स्वागत,18
मकान,82
रोक,194
निर्धारित,72
खुद,199
बेहतर,172
नदी,142
पुल,139
अंतिम,2
ठीक,165
पेश,34
लगाई,137
खर्च,122
सड़कों,52
सिर्फ,3
लूट,197
बहुत,33
जरूरत,151
कार्यकर्ता,109
प्रभावित,130
बेटी,197
कर्मी,97
राजीव,110
द्वितीय,30
गाड़ी,189
दें,119
नेताओं,116
घरों,52
उपचार,74
महतो,33
केन्द्र,123
समीप,161
सही,16
उपायुक्त,101
मार,82
जनपद,124
तौर,44
योजनाओं,116
हादसे,134
उर्फ,24
विद्यालयों,152
लगाकर,12
यात्रियों,69
अंतर्गत,2
फरवरी,111
संयुक्त,182
चेयरमैन,63
हड़ताल,198
पार्षद,89
लगने,154
संस्था,18
गेहूं,66
मृतक,127
देखा,27
दीपक,108
रहता,50
उद्घाटन,49
कल्याण,159
राहत,81
संतोष,28
प्रदीप,64
घोषित,180
प्रस्ताव,130
सफल,10
नामांकन,196
पाल,159
आयोग,86
लोक,108
पेयजल,127
मीटर,126
जुलाई,96
पहली,31
प्रबंधन,115
कक्षा,43
न्यायालय,89
प्रदान,169
रहते,154
बदमाशों,93
गंगा,155
धान,74
सीमा,35
करवाया,85
सामना,163
दिसंबर,111
इधर,78
मांगों,61
महासचिव,62
अतिक्रमण,58
जीत,95
स्थानों,18
पदाधिकारियों,88
तलाश,81
टक्कर,108
नुकसान,176
माता,160
अज्ञात,95
लागू,155
जरूरी,135
मंच,51
राजकीय,110
बीडीओ,57
युवकों,86
दिशा,6
अतिरिक्त,38
शीघ्र,14
दिवसीय,193
उसी,31
पार्क,129
प्रेम,14
रास्ते,125
चलने,154
प्रत्येक,121
ऐसी,16
संस्थान,18
विरुद्ध,166
घोषणा,74
पड़े,142
सुभाष,11
प्राथमिकी,130
बल्कि,133
चौकी,67
चंद,39
चंद्र,64
कब्जे,90
मनाया,85
केंद्रीय,123
तभी,54
कहते,154
रखे,142
गोली,139
बयान,163
जवाब,81
प्रयोग,184
युवाओं,116
गर्मी,97
पड़ी,142
रखी,142
सामाजिक,183
आनंद,199
चयन,78
लक्ष्य,121
किशोर,148
नीचे,122
आते,31
सरपंच,51
गुरु,140
केंद्रों,123
महीने,167
प्राचार्य,89
लापरवाही,134
कोशिश,148
तीनों,167
बजट,78
पड़ता,74
क्योंकि,192
प्रधानमंत्री,150
किनारे,100
चोरों,20
पेंशन,15
युवती,140
समाधान,196
पहुंचने,40
समाप्त,180
पालिका,114
श्रद्धालुओं,69
तमाम,82
प्रस्तुत,182
कदम,78
बनने,17
संजीव,184
सवाल,198
खरीद,151
वोट,8
चिकित्सक,38
शाखा,114
गैस,192
अचानक,31
करती,16
इनमें,24
जिसे,165
चले,142
पवन,10
नवंबर,111
जागरूक,48
करवाने,75
व्यक्त,177
छोटे,87
हिस्सा,125
मतदाता,196
देना,53
सुधार,136
विभागीय,62
विषय,193
संघर्ष,9
दुर्घटना,120
चेतावनी,196
मध्य,127
रहती,54
बता,1
अगस्त,111
सम्मेलन,117
आयुक्त,182
गिरफ्तारी,3
संपन्न,115
मेला,53
अक्टूबर,111
किये,133
दुकानों,46
थीं,65
हजारों,93
यातायात,59
प्रताप,11
छोड़,76
साइकिल,36
काबू,176
तालाब,102
खाली,198
खेत,139
समीक्षा,138
लिये,133
संबंधी,115
मेले,25
मोटरसाइकिल,36
सैकड़ों,20
शांति,14
पूर्ण,22
कड़ी,142
गायब,1
हंगामा,59
समक्ष,43
मात्र,49
आकर,10
उससे,33
अधिकार,88
परिजन,86
आलम,124
स्वामी,11
हमला,102
दिखाई,105
बड़ा,157
कब्जा,90
कानून,46
लेते,53
दर्जनों,86
चिकित्सा,149
दवा,1
चलाया,50
बनाकर,12
संपर्क,184
बीते,31
गठन,78
चपेट,139
रोजगार,48
महाविद्यालय,152
सौंपा,196
माध्यमिक,152
भविष्य,121
विज्ञान,95
तत्काल,49
सम्मान,147
सत्र,190
दुष्कर्म,120
चरण,78
हेतु,68
निरीक्षक,71
जिन,167
क्रम,58
फैसला,156
समर्थन,58
आर्थिक,183
रुपए,195
परियोजना,114
अवगत,10
साढ़े,128
पुरस्कार,149
चिकित्सकों,38
लाखों,93
बैठे,99
डेढ़,128
एक्सप्रेस,98
रोकने,73
बस्ती,190
सामान्य,18
भूमिका,114
पंकज,28
सैनी,91
मजदूर,185
खड़े,70
वर्षो,193
स्थापित,130
पाई,96
राजकुमार,110
दर्शन,127
निज,90
शुभारंभ,19
राजस्व,32
निकाली,100
मिलकर,33
माहौल,36
दूसरा,161
बेटे,197
वर्तमान,130
योग,86
उम्मीद,7
स्थापना,18
साहिब,102
फीसद,128
बनाई,137
पढ़ाई,70
डिग्री,191
विश्व,6
एसडीओ,57
जिम्मेदारी,112
रहेगा,104
सफलता,74
आवश्यक,58
करेगी,23
सितंबर,111
परिणाम,6
भगत,78
सहायता,74
पहुंचकर,40
गंदगी,61
मजदूरों,93
स्वयं,9
धर्म,97
मनरेगा,104
पर्व,19
संत,28
रवाना,157
इंतजार,7
राशन,74
आधा,74
रोष,108
तरीके,165
सुनवाई,37
बातचीत,48
गलत,124
झारखंड,42
खिलाड़ियों,153
मालिक,114
मामलों,21
हमारे,45
घायलों,21
प्रमाण,130
लाने,75
बिल,25
जख्मी,97
चोर,87
प्रशासनिक,130
धमकी,16
ट्रैक्टर,98
महिलाएं,84
क्षेत्रीय,121
क्रिकेट,63
फिलहाल,3
गरीब,172
खत्म,97
प्रधानाचार्य,89
लौट,87
पंचायतों,51
अधिवक्ता,88
उपभोक्ताओं,116
यात्री,109
दुकानदारों,46
इनके,197
तोड़,145
पटना,1
दैनिक,103
निकट,73
पहल,31
मरम्मत,58
जायेगा,104
मोर्चा,129
अरुण,140
उसमें,33
विद्यार्थी,152
होली,139
हमें,119
आगामी,100
रवि,53
पक्षों,43
तार,82
इलाहाबाद,102
दाखिल,105
मिलेगा,56
जाति,95
डाला,159
भ्रष्टाचार,13
प्रचार,49
बचाने,41
मिलते,73
निकाला,158
करनी,142
साबित,3
पाए,47
पकड़,124
तृतीय,68
उठाया,50
पुत्री,113
ऊपर,78
हिरासत,3
स्तरीय,184
सजा,1
मरीज,90
जुड़े,80
वक्त,92
कमरे,154
पशु,140
असर,124
पर्यावरण,66
व्यापारियों,32
नया,1
दौड़,67
नियुक्ति,60
अंजाम,144
घाट,8
रंग,61
खबर,78
इतना,50
ताला,159
पहला,33
चली,142
व्यापारी,32
तहसीलदार,29
जागरूकता,134
पाने,53
अभाव,74
उनसे,33
विभागों,62
संचालित,180
देखकर,27
परंतु,68
निर्वाचन,72
खेती,139
देंगे,23
कस्बे,143
सूत्रों,173
अंक,2
शुल्क,103
जयंती,28
उठा,12
ज्ञान,95
आह्वान,160
टिकट,15
पटेल,25
पैसे,192
नारेबाजी,48
पेड़,80
वसूली,135
लगाते,132
चलाने,41
पार,159
रात्रि,19
नौकरी,44
शहीद,199
कराए,47
जुलूस,141
निकल,191
नहर,78
दिलाने,105
करे,143
रानी,35
चालकों,116
बढ़ाने,170
मुक्त,182
संयोजक,9
तिथि,30
शौचालय,66
अगले,31
सांस्कृतिक,183
भोजन,58
संभव,9
राजनीतिक,183
खाद्य,66
कला,157
जिसकी,165
कैसे,192
संरक्षण,9
पंडित,28
बीमारी,112
खड़ा,157
वार्ता,109
नियमित,38
फर्जी,197
उद्देश्य,121
खड़ी,16
करेगा,104
आगरा,102
बदमाश,93
बरसात,82
खुशी,120
मशीन,91
दुकानदार,46
शिकार,88
दिये,133
महत्वपूर्ण,22
जोर,87
मैं,33
ठंड,42
तीसरे,31
कीमत,151
वितरित,180
कथा,74
मतदाताओं,116
तुरंत,28
खास,79
पालन,169
रहेगी,23
मुश्किल,36
जिसका,192
मिनट,126
धारा,74
शुरुआत,195
किलो,77
पैसा,192
बूथ,197
पैदा,160
सिंचाई,96
विजेता,62
जन्म,97
दावा,160
लड़की,16
जिलों,4
मजबूर,185
छापेमारी,59
आशा,81
करवा,1
प्रत्याशियों,89
इलाकों,21
खेतों,20
मौका,44
बढ़ा,70
मिट्टी,8
विशाल,6
हटाने,41
अरविंद,187
मानव,5
रहीं,65
भरा,81
रांची,51
संदेश,184
बालिका,114
निकाल,105
बचाव,74
लोकसभा,114
बधाई,137
नाथ,110
विस्तार,130
पुरानी,176
सिर,140
ठेकेदार,46
आर्य,127
उपाध्याय,89
उचित,68
बसों,52
होटल,24
बातें,7
वैसे,192
क्यों,4
व्यापार,32
कटौती,44
सेना,62
दबाव,82
नशे,34
परिवहन,58
मार्केट,129
जब्त,92
अफसरों,52
आशंका,179
उत्पादन,66
अपराध,5
पाठक,169
पुराने,176
समापन,74
मान,163
उद्योग,66
हालात,134
संकट,9
जताया,85
योगदान,196
पीने,53
सुशील,64
नियमों,72
प्रबंध,115
मारने,41
दहेज,90
उनको,33
बिक्री,112
बाढ़,102
परिवारों,107
रोडवेज,129
सख्त,92
महामंत्री,150
लागत,74
संदिग्ध,115
गली,142
अध्यापक,55
बहादुर,141
लाया,85
पकड़े,154
सामग्री,13
विधान,62
रहेंगे,23
अधिकांश,103
रोग,87
जताई,137
अर्चना,49
तापमान,6
प्रतिदिन,193
संभावना,179
अपहरण,124
स्वच्छता,136
महाराज,110
आरक्षण,127
करवाई,137
विनय,127
मुआवजा,168
शहरी,142
संकल्प,184
निकले,197
पूजन,127
स्पष्ट,182
इस्तेमाल,168
खाते,132
मोहल्ला,181
लिखा,105
मुहैया,168
गीत,14
कार्यरत,109
खनन,124
बहन,78
खाद,160
गंभीरता,134
मांगी,61
हमेशा,45
न्याय,147
मोड़,80
जूनियर,191
गौरव,108
माल,198
मिलेगी,23
गठित,68
किशोरी,148
गणेश,64
माना,163
सुरक्षित,182
तत्वावधान,89
ज्योति,95
शरीर,97
नीरज,64
शांत,68
किलोमीटर,36
मनीष,146
अपराधियों,93
पिटाई,96
धार्मिक,183
आदर्श,117
रास्ता,163
मुकाबले,36
बाबू,102
नवीन,91
उमेश,34
याद,160
अभिभावकों,62
बढ़ने,170
मजबूत,185
सिपाही,3
छानबीन,134
मजिस्ट्रेट,98
मीडिया,100
कश्मीर,97
सौंप,58
महेंद्र,64
निस्तारण,130
चारों,93
घटनाओं,116
आबादी,102
कक्ष,43
दोषी,87
कन्या,147
ब्यूरो,98
होनी,77
चक्कर,131
महोत्सव,19
अच्छी,185
गुहार,141
ग्रहण,58
प्रतिमा,130
ढंग,61
सोनी,77
पदों,52
भक्तों,86
जवानों,93
दौरा,67
लंबी,2
आये,31
उम्मीदवार,7
सोने,77
कमल,10
शक्ति,30
सुविधाएं,84
नृत्य,177
अहम,124
राजनीति,183
जायजा,163
नीति,68
गति,68
अनेक,165
मास्टर,98
सुमन,140
जंगल,108
शोर,148
पैदल,99
खाने,75
फाइनल,24
गीता,14
दूरी,135
सुनिश्चित,38
गरीबों,20
बीज,57
लंबे,2
कार्यशाला,109
लेना,53
हूं,65
उपभोक्ता,109
संस्कृति,183
मोटर,24
गृह,58
प्रवीण,14
भीतर,151
खूब,172
अनुमति,58
खुले,139
अखिलेश,64
दीप,34
आती,16
चौराहे,83
सब्जी,90
चालू,196
दूध,135
बादल,102
नियुक्त,60
वीरवार,35
नियंत्रण,72
कार्यकारिणी,109
अनुमंडल,126
सक्रिय,30
जवान,5
प्रवक्ता,49
ओमप्रकाश,11
आता,1
लिखित,38
काट,8
जर्जर,24
अध्यापकों,55
अफसर,78
नकदी,0
वार्षिक,130
संचालक,179
अजीत,90
आदमी,146
मिलता,6
विवाह,62
विश्वास,149
वृद्धि,166
नाले,198
विरोधी,148
डाल,198
यज्ञ,95
निकासी,6
निकला,53
इन्हें,178
कार्यक्रमों,109
चालान,196
सुविधाओं,179
सभागार,114
बच्ची,122
किस,165
शेष,43
शपथ,10
राजा,110
बीस,57
आक्रोश,148
इकाई,137
गैर,140
लाइसेंस,98
डाक्टर,24
पुरुष,113
दरबार,102
धनराशि,74
दोबारा,29
न्यायिक,89
खिलाड़ी,153
इनकी,16
पाठ,169
तैनाती,7
बताई,137
गन्ना,155
बालक,188
तकनीकी,185
उपस्थिति,30
वही,16
लक्ष्मी,64
जुर्माना,59
उपयोग,58
संगठनों,9
कमिश्नर,98
वित्तीय,30
जुट,8
निकलने,73
जैसी,192
धरने,154
उम्र,185
साथी,5
प्रतिभा,6
जगहों,52
समूह,161
आवश्यकता,74
रक्षा,49
बतौर,44
वित्त,30
भरने,154
श्रद्धालु,11
डालने,41
प्रदूषण,135
पौधे,169
दौर,67
सर्वे,24
कंप्यूटर,98
टूट,8
घटनास्थल,18
चाहते,132
बकाया,85
हवा,157
महत्व,127
अभिषेक,71
भजन,33
सुधीर,64
गुप्त,182
आजाद,5
प्रेरित,14
लुधियाना,176
दिखा,105
अनशन,10
बाधित,180
पकड़ा,186
बजाय,74
लगता,50
सामुदायिक,183
छोड़कर,76
सीधे,165
अलीगढ़,90
जाच,155
हमले,31
रफ्तार,3
आना,1
तेल,25
विधि,30
स्वच्छ,136
बदल,78
दुकानें,176
पशुओं,20
पहुंचाने,40
पेट्रोल,191
उठाने,41
इसको,33
वंचित,38
अंत,2
अधिनियम,72
बुरी,140
एकड़,145
भेजी,117
आशीष,146
पूर्वी,162
प्रधानाध्यापक,89
खाना,163
पाकर,12
गौरतलब,44
चुनावी,37
विकेट,63
आश्रम,86
उत्साह,149
बेहद,172
कहां,65
रोशन,199
पंप,169
क्षतिग्रस्त,182
मूल्य,103
संस्कार,18
महज,10
चिकित्सालय,149
मृत,68
ट्रेनों,15
रोज,90
छोटी,87
साथियों,175
लंबित,115
बेचने,122
वक्ताओं,116
बढ़ती,170
आपदा,74
कारोबार,48
हिमाचल,100
बाकी,188
प्रारंभ,130
हिसाब,3
नजदीक,185
कराकर,12
प्रार्थना,149
कुलपति,101
पुतला,169
दिक्कत,7
मुलाकात,168
धूप,161
इंचार्ज,98
भेजने,117
सोसायटी,191
लड़कियों,4
मतगणना,186
देता,160
जिम्मेदार,112
इतनी,33
मेहता,143
नियम,72
सार्वजनिक,183
सर्जन,24
जायेगी,104
कांड,24
कोषाध्यक्ष,89
स्कूली,191
पुष्टि,182
पड़ेगा,104
अखिल,25
अच्छा,50
अनाज,90
धर्मशाला,114
बीमा,35
कानूनी,46
मात्रा,114
वीरेंद्र,64
समस्याएं,84
विहार,158
आवागमन,74
खतरा,81
प्रतिनिधियों,60
रखते,17
मांगा,155
भरे,73
लें,119
विद्या,152
फुटपाथ,141
मजदूरी,135
श्रेणी,121
कौन,165
यमुना,37
खोलने,27
सुंदर,136
चीनी,39
मारकर,82
भ्रमण,58
आत्महत्या,49
पोल,139
नागरिक,183
अंचल,108
जिनमें,178
चयनित,68
लेंगे,23
ससुराल,159
सामूहिक,183
रक्तदान,49
जुटे,197
निकालने,41
पदक,124
मिलती,151
महंगाई,61
चिंता,134
क्षमता,74
निर्मल,72
समर्थकों,86
गोदाम,66
आक्रोशित,148
मुंह,26
भाव,74
फायदा,163
कौशल,108
पत्रकारों,69
अमर,10
मुद्दे,187
अंकित,2
पीड़िता,153
अच्छे,122
प्रदर्शनी,117
बृहस्पतिवार,19
टूर्नामेंट,36
फसलों,52
काली,100
निगरानी,72
न्यायाधीश,89
स्वरूप,22
कार्यवाही,109
याचिका,114
भरोसा,164
भेंट,58
भेजे,117
समुदाय,5
अनुसूचित,180
घंटों,15
पहुंचाया,40
हाथों,21
गुणवत्ता,130
बांध,155
करायी,35
कस्बा,143
एडवोकेट,98
ढाई,96
नाटक,100
धीरे,45
दुरुस्त,125
रुपया,195
फूल,25
हमारी,29
मानदेय,196
सकेंगे,23
गुरुद्वारा,174
उनमें,33
सागर,100
ममता,1
बदलाव,74
गिरने,73
व्यवसायी,32
मेहनत,185
सेवक,86
बुलाया,176
संध्या,179
कूड़ा,189
अभ्यर्थियों,60
परीक्षण,138
काटने,41
इंतजाम,3
हरी,142
फैसले,156
मना,1
हथियार,46
दफ्तर,190
पर्यटन,127
धूमधाम,135
पर्याप्त,130
घेराव,155
पुरस्कृत,182
सौंपी,184
स्वर्ण,121
मेरे,45
स्व,34
ऑटो,33
टाटा,8
फीस,164
शाह,81
सदन,10
प्राथमिकता,130
पूनम,127
भव्य,127
मोहल्ले,181
कैलाश,11
कलाकारों,46
सत्ता,92
आरती,127
संगीत,184
पश्चिम,162
टीमों,15
प्रभाव,49
अस्पतालों,116
संसाधन,179
त्यागी,147
भारद्वाज,110
लड़ाई,137
बेटा,143
विशेषज्ञ,71
तत्कालीन,100
नामक,100
लापता,163
बोल,25
निकली,191
दीवार,29
खाता,196
शुरु,195
पत्थर,108
राजमार्ग,129
शिक्षण,71
राजधानी,5
उपरांत,68
राज्यों,13
देखरेख,27
जोड़ने,76
डाक्टरों,93
रेखा,27
साहब,102
अवकाश,74
रुप,161
बच्चा,122
सड़क,108
भरी,16
व्याप्त,32
आपसी,16
अगुवाई,96
चावल,159
भले,87
संपत्ति,30
औद्योगिक,66
बढ़ी,70
पश्चिमी,162
दर्द,199
रोजाना,48
रखकर,10
जिन्हें,178
आभार,5
वरीय,127
सारी,35
बताए,47
चलता,50
इनका,1
कायम,81
एकता,74
सुनाई,37
दलों,52
हादसा,134
पूछा,171
हवाले,198
डॉक्टरों,15
राख,143
मुस्लिम,36
नाराजगी,134
मंत्रालय,150
सलाह,81
अनुदान,196
निधन,127
रणनीति,30
सूरज,140
गोष्ठी,193
मुझे,33
नये,154
छूट,87
श्रद्धांजलि,166
बहाल,198
जुटी,8
बीमार,112
स्वीकृति,30
कंपनियों,116
मंदिरों,69
लीटर,191
तीसरा,128
कपड़े,151
भागने,41
भक्ति,30
प्रेस,197
इतिहास,3
दिलाया,158
समझ,78
गड़बड़ी,16
विकसित,38
हित,68
पड़ताल,74
अमन,10
बढ़ावा,170
शोक,108
सहमति,38
फीसदी,128
बिहारी,102
मुहल्ला,181
सूबे,135
सकें,197
समान,82
शोभायात्रा,19
वातावरण,6
जाएंगी,56
दुनिया,158
अपराधी,5
प्रेमी,14
लाठी,159
जानी,35
कीर्तन,14
अंग्रेजी,2
खरीदने,122
परिवर्तन,30
तोड़कर,76
स्वीकृत,180
उत्पन्न,127
भावना,5
उतर,124
माने,75
राज्यपाल,89
अभिभावक,62
आरंभ,126
नागरिकों,107
घुस,79
नाला,159
अधिकतर,58
बदले,154
चोट,87
बदलने,73
छुट्टी,8
बैठा,99
कार्यपालक,109
अक्सर,31
विगत,58
हों,52
खून,135
आचार्य,147
पीड़ितों,69
सत्यापन,55
समन्वयक,58
व्यवहार,32
लिखे,27
सुनने,37
जाया,85
मूल,25
अवधेश,34
मुहिम,36
बीएसए,57
मूल्यांकन,103
हड़कंप,169
गुजर,141
दायर,160
पढ़ने,170
निलंबित,38
हत्याकांड,59
बीमारियों,112
पोलियो,77
न्यूनतम,103
क्रय,127
वर्षा,43
बुजुर्ग,174
पैर,140
कराना,163
तैयारियां,7
भूषण,64
नीतियों,175
करवाए,47
बंसल,108
सचिन,167
अथवा,74
आवासीय,66
मांगे,61
मानें,196
करोड़ों,145
सफर,78
भाषा,74
प्रस्तुति,182
रहना,1
आयु,140
गतिविधियों,60
दीक्षित,138
चौराहा,83
दर्जा,143
ऑनलाइन,196
जलकर,10
दीपावली,19
हस्ताक्षर,130
नाराज,110
खोल,139
तलाशी,35
फांसी,164
दाम,160
समाचार,5
दिखाया,105
बनकर,124
अंतरराष्ट्रीय,13
शिरकत,81
निशान,100
तनाव,82
बाग,102
सुनकर,37
विवाहिता,62
सदस्यता,55
मैनपुरी,141
तैयारियों,7
फैल,25
आवंटन,58
चंदन,108
डीजल,24
नशा,1
कविता,6
दरअसल,78
देरी,34
ऊर्जा,66
कोतवाल,153
बसें,119
मान्यता,147
जोरदार,48
देहात,160
सालों,175
अदा,81
प्रावधान,130
महाप्रबंधक,115
संस्थाओं,179
कपूर,140
प्रगति,30
पंजीकरण,184
छापामारी,59
सोच,171
मालूम,36
सीटों,15
पदार्थ,18
दलित,68
गले,142
पचास,79
रोका,77
उत्सव,127
विश्वकर्मा,11
बाजारों,48
बैठ,99
बदायूं,157
बाहरी,102
प्रस्तावित,130
डेंगू,135
परीक्षार्थी,138
कारणों,21
स्वीकार,18
ललित,68
केन्द्रों,123
कागजात,46
मूर्ति,22
राष्ट्रपति,13
मनमानी,81
सेवानिवृत्त,62
दहशत,10
समाजसेवी,5
कार्यकारी,109
महसूस,171
चलाई,137
चाय,74
थानों,21
खरीदारी,29
अर्पित,180
सारे,45
उम्मीदवारों,7
मस्जिद,144
महानगर,5
सेवाएं,84
बगैर,172
खेलों,20
शिकायतों,3
विदेशी,162
मानसिक,183
अनुपस्थित,30
पड़ने,17
चुना,37
करार,82
लिहाजा,3
आखिर,31
घरेलू,118
मुजफ्फरपुर,101
हिदायत,3
डाक,188
धाम,110
एकत्र,127
पीटा,8
पारा,159
सेहत,165
शिकायतें,3
ट्रैक,197
आसमान,167
योजनाएं,84
सिलसिला,3
देती,34
राहगीरों,69
वकील,25
पुराना,163
कार्यकाल,109
लक्ष्मण,64
पेपर,197
गिरी,14
मनाने,75
बचने,154
निवास,107
सहारा,5
आवंटित,180
मांगने,61
शरण,78
आयी,16
एकत्रित,180
पड़ोसी,164
श्रम,127
सेमिनार,100
बंगाल,159
प्रणाली,130
व्यक्तियों,177
गलियों,4
विमर्श,6
सूर्य,135
मचा,1
आग्रह,58
मनोहर,108
अधिकतम,58
पंजाबी,102
काला,198
सौरभ,64
बंदी,94
उल्लेखनीय,121
चुनौती,44
प्रांगण,14
हार,82
पाते,132
इंकार,188
दिल,25
जिंदगी,112
प्रसार,49
परमजीत,146
किरण,127
परिचय,58
खोला,139
पानीपत,159
जवाहर,102
श्रमिकों,71
अवतार,146
वृद्ध,166
पंजीकृत,180
त्योहार,19
आधारित,180
वैज्ञानिक,183
अनदेखी,27
तले,142
स्वतंत्रता,18
सारा,110
गाड़ियों,153
कहने,171
थोड़ी,76
ठोस,164
चलेगा,104
ग्राहकों,13
शिशु,148
मुफ्त,168
पकड़ने,76
नाबालिग,59
मृतका,6
परीक्षार्थियों,138
बीती,190
फेंक,131
अंतर,127
पाली,159
मृत्यु,182
द्वार,29
विकलांग,62
साजिश,3
स्मृति,30
कलश,124
भीषण,87
सर्विस,98
काउंटर,24
अवधि,58
मंजू,90
तीस,128
समस्त,190
टीमें,197
बालू,198
स्नान,100
राष्ट्र,13
कुरुक्षेत्र,121
डाली,159
बचा,50
संगत,9
भक्त,92
प्रकट,127
बारह,128
आंखों,20
चेहरे,122
स्थायी,18
शिनाख्त,168
तारीख,7
बनवाने,75
भोला,159
सुझाव,176
चलाए,47
बर्बाद,94
सचिवालय,62
संज्ञान,18
बहिष्कार,49
मारी,35
प्रेरणा,49
बांका,188
शारीरिक,183
व्यापक,32
पड़ती,54
हमारा,163
कामना,163
उत्पीड़न,14
समाजवादी,5
सहकारी,66
मुक्ति,182
प्रतिभागियों,69
कैद,199
समझा,50
विदेश,162
नकल,10
सायं,79
जिनके,165
हमीरपुर,141
तत्वों,86
अनियमितता,38
पंच,51
सख्ती,190
बुरा,143
चांदी,39
चन्द्र,64
स्टोर,77
वीर,7
बीत,190
हवन,10
निधि,60
नगरपालिका,114
मौलाना,144
लघु,140
नायक,5
छेड़छाड़,76
हादसों,21
पंचायती,51
देखी,27
गार्ड,129
सराहना,163
शुरूआत,195
गश्त,92
अनिवार्य,72
संग,9
रिक्त,38
वेलफेयर,63
चुनावों,37
पटरी,54
खुला,198
कैमरे,63
मौजूदा,48
पारित,180
मंगल,28
विजयी,5
मौजूदगी,112
समझौता,44
रखना,157
पार्षदों,89
नरेन्द्र,64
बैठने,99
शानदार,134
सुरजीत,64
बर्दाश्त,168
होंगी,23
रोशनी,151
इतने,33
आसानी,81
देवघर,34
लगते,154
चेन,53
संसदीय,9
अभियुक्त,60
सरदार,82
दान,160
डालकर,12
कार्यालयों,109
सैनिक,63
खुली,139
जबरन,10
नोट,197
रिक्शा,129
शोभा,169
दक्षिण,162
तलब,124
पट्टी,8
ग्रेटर,98
स्थलों,15
गाय,155
आपस,78
चाहती,50
सीडीओ,57
कमजोर,185
भाषण,74
बराबर,102
परेशानियों,112
निरस्त,30
मायके,45
हिंदू,187
रखें,119
तस्करी,39
पलट,124
अनियंत्रित,180
टेंपो,77
पहुंचते,40
ऐतिहासिक,183
वंदना,28
पेट,197
विशिष्ट,38
रेट,197
बागपत,102
मेरी,45
दरवाजे,102
खारिज,3
छोटा,87
हैंडपंप,24
बुखार,141
ढेर,108
उसको,33
नाली,53
राह,102
कवायद,81
रहें,119
छावनी,159
नष्ट,43
कप्तान,92
पौधरोपण,169
मशक्कत,81
पश्चात,149
आजादी,5
शिक्षिका,152
शशि,33
आस्था,147
मनाई,137
गाजीपुर,141
कचहरी,54
बनाना,163
बढ़ता,170
घटनाएं,84
हटा,157
ज्यादातर,48
पत्रों,173
खेला,139
दिखाकर,105
आधुनिक,103
उदय,10
प्रभात,49
प्रतिनिधिमंडल,60
उल्लंघन,115
यहीं,65
उठाए,47
प्रकाशित,130
हिंदी,187
मुकाबला,36
एकजुट,87
गईं,28
अमल,10
सहारे,45
उठे,154
सेंट्रल,98
खेलकूद,27
आधे,31
मोहित,14
शहरों,52
हुये,37
कबड्डी,24
संस्थानों,18
बोले,25
अगली,31
अधिग्रहण,58
सास,79
छापा,159
कैंसर,24
मुहल्ले,181
गिरा,155
दिखे,27
लेखपाल,114
खतरे,154
सलाहकार,109
आलू,142
लकड़ी,151
कोयला,66
सड़कें,119
छात्रवृत्ति,130
पोस्टर,98
प्रजापति,11
कुशीनगर,64
अनुरूप,161
भाइयों,175
काटकर,188
संहिता,179
छीन,91
भूख,135
हटाया,50
क्षति,30
पीछा,159
सेल्सियस,191
सूचित,180
उपकरण,78
चित्र,173
रंजिश,2
स्वस्थ,18
अतिथियों,86
सांस,79
नींद,199
सभासद,5
उपजिलाधिकारी,88
अल्पसंख्यक,69
गाली,159
लूटपाट,59
सत्संग,9
बंधक,115
क्विंटल,191
तकरीबन,128
रूपये,195
चाहे,104
हिस्से,125
ठेका,165
प्रांतीय,14
निकालकर,105
निश्चित,38
बदला,74
बचाओ,12
दौरे,67
शांतिपूर्ण,22
बिलासपुर,141
प्रकोष्ठ,121
शोषण,169
नमाज,90
गर्म,97
बुलंदशहर,172
साइंस,179
दबोच,122
मानक,74
जीता,110
गौर,155
नायब,143
नकद,124
कवि,68
महीनों,167
मित्र,173
बढ़ते,170
सर्व,24
महादेव,11
बढ़ोतरी,170
सर्दी,199
वासियों,107
उपलक्ष्य,121
चलें,119
दूबे,143
विवश,127
पंद्रह,128
प्रसिद्ध,166
दशा,81
मासूम,36
मार्गो,129
दाखिला,105
संरक्षक,9
डेरा,143
सेवन,197
सर्वाधिक,32
फाटक,188
मारा,110
नारे,45
गोल,139
नवरात्र,19
पात्र,49
रोगियों,148
करंट,87
उठाई,50
चुने,37
दर्शकों,86
अभय,10
किराया,109
विस्तृत,30
गावों,155
शैक्षणिक,71
नलकूप,169
संस्कृत,183
झुलस,118
तकनीक,185
जेवर,90
मांगें,61
समर्थक,86
पूछे,171
अनुरोध,58
सुख,140
प्रशांत,14
दरभंगा,61
रहकर,10
उठाकर,12
पहलवान,5
सवा,1
निशाना,46
अवस्था,18
समर्पित,180
देगी,23
विदाई,96
वार्डो,129
जनप्रतिनिधियों,60
सर्वसम्मति,30
अति,68
निकाय,114
चलाकर,12
लाकर,12
बारी,35
गणित,68
नतीजा,134
नालियों,175
विषयों,86
व्यस्त,177
आकाश,146
जिन्होंने,178
बनाये,75
महात्मा,5
संदर्भ,184
प्रतियोगिताओं,60
दोस्त,125
दशक,78
गर्भवती,14
चाकू,188
मालिकों,46
स्थगित,180
लाश,198
हाजी,35
इटावा,160
बढ़ाया,170
टोल,139
घुसकर,164
खुल,139
पत्रकार,49
प्लान,191
तालाबों,21
जेब,197
फूंका,131
अवश्य,146
आचार,82
संचालकों,179
परिस्थितियों,60
दबिश,34
कितने,165
टूटी,8
संगीता,184
बैठकर,99
कुंवर,64
जहर,124
पुलिसकर्मियों,69
पुलिया,158
विष्णु,11
बीएलओ,57
टीकाकरण,114
कार्यों,109
वेबसाइट,196
फंसे,164
चलती,16
गन्ने,53
वापसी,74
मैन,91
झंडी,42
फिरोजपुर,141
सिख,27
प्रसव,127
गंदा,155
खाद्यान्न,66
उत्पाद,66
सराहनीय,5
जल्दी,199
दिखाने,105
सूरत,161
गुजरने,195
आएगी,16
जगत,78
यानी,35
हराया,85
मुद्दों,187
संवेदनशील,9
बगल,124
भेजकर,27
रिश्तेदार,149
फीट,8
वैन,91
शिलान्यास,89
दायित्व,177
कैंट,197
जुड़ी,80
पर्चा,74
तस्वीर,7
जाट,8
परिचालन,74
फीडर,24
कराते,132
हेक्टेयर,98
अनुज,127
जताते,132
गला,157
खातून,160
लुटेरों,93
डाले,198
कामकाज,109
सुनी,37
मानना,163
अभ्यर्थी,55
किल्लत,3
मिलाकर,105
आबकारी,29
दंडाधिकारी,88
शोध,58
मारे,45
खुलने,27
देगा,104
मुकदमे,168
ससुर,140
सील,25
घंटा,8
निंदा,5
लगेगा,104
मिलन,126
ध्वस्त,182
उच्चाधिकारियों,88
पथराव,82
तीसरी,190
रेवाड़ी,189
आतंकी,2
निदान,72
सत्य,127
आत्मा,147
लेन,53
विरूद्ध,166
मनोरंजन,86
हकीकत,81
प्रखंडों,162
महासंघ,9
आपराधिक,183
कलाकार,114
लड़के,31
वेद,199
ओझा,186
आला,157
घोटाले,59
निपटने,73
खेलने,27
भागवत,5
सीता,35
साधन,179
पिछड़ा,106
विमल,53
कैबिनेट,98
बवाल,198
नितिन,64
साहित्य,18
मामूली,112
अकादमी,191
चाहता,50
बेच,122
लाई,96
पसंद,199
रजिस्ट्रेशन,98
स्नातक,18
बसंत,28
राज्यमंत्री,150
हवाई,137
जाये,104
गठबंधन,9
गणमान्य,147
विधायकों,62
जानने,41
कहकर,10
रामचंद्र,11
चौथे,128
इंटरनेशनल,24
हर्ष,43
सदस्यीय,55
चार्ज,98
शाही,35
भागीदारी,109
जानलेवा,134
कराएं,47
माफिया,59
आगमन,124
आएंगे,23
मंजूर,150
मंचन,126
पुस्तक,125
पूर्ति,30
श्रद्धा,11
कंबल,108
लिपिक,103
छोड़ने,76
विक्रेता,109
लंगर,108
ताले,198
उतार,82
देखे,27
मिठाई,83
कटान,157
गोस्वामी,11
जलापूर्ति,22
लगाना,163
कारोबारी,48
दिनभर,167
दसवीं,65
जैसा,192
महासभा,5
जलभराव,74
दिलाई,158
ग्यारह,128
तिलक,108
खासकर,192
परंपरा,179
मेरा,45
माल्यार्पण,130
मानते,132
बीबी,57
उपमंडल,126
खुर्द,141
चाचा,49
तब्दील,199
आधी,16
मासिक,183
इंस्टीट्यूट,98
जीटी,57
ऊधमपुर,141
स्पष्टीकरण,184
कोहराम,131
फटकार,29
लोगो,93
प्यार,49
कामयाब,134
कमला,186
पुलिसकर्मी,69
बाला,159
देशों,162
रजिस्टर,191
कूड़े,80
तोड़फोड़,76
दक्षिणी,162
आसान,81
दमकल,10
भूकंप,135
बुलाकर,176
व्यवसाय,32
बाधा,163
आपत्ति,30
होश,172
ग्राहक,13
विधिक,183
जागरुकता,134
अनुराग,140
काटा,188
मजबूती,185
बताने,75
प्रदर्शनकारियों,69
दुख,34
हरकत,124
पहाड़ी,189
प्रतिबंध,115
लिखकर,27
संविदा,179
गुलाब,141
बेटियों,4
प्रमाणपत्र,130
गुजरात,141
दोषियों,86
सटे,197
अधीन,167
वाद,160
वकीलों,93
तोड़ने,76
जेवरात,48
संसद,9
आशीर्वाद,149
पौधों,20
कोहरे,172
जलस्तर,127
शुद्ध,166
चैंपियनशिप,63
रक्त,92
बचे,154
भीम,97
सरिता,158
वादा,160
चलना,157
निभाई,50
प्रतीक,14
धोखाधड़ी,59
ठगी,16
उत्तम,127
बजाए,47
उजागर,82
सवारी,35
पाठशाला,114
लौटने,73
सुबोध,64
उत्तरी,190
सेवाओं,116
दूषित,182
काले,198
अविलंब,115
हमने,33
ऊना,1
बेरोजगार,48
आदिवासी,107
कर्ज,90
बेहोश,172
लाभार्थियों,109
विकल्प,184
बीए,57
जोड़ा,189
वार,82
रसोई,137
बातों,21
गुस्सा,125
बनता,186
लड़ने,80
शहीदों,93
समस्तीपुर,141
संशोधन,115
जरिये,133
गीतों,86
अंधेरे,2
करेंगी,23
पक्का,131
योग्य,147
समुचित,38
चौकीदार,29
पंडाल,42
सराय,102
पुष्पा,169
टैंकर,15
शारदा,160
इन्कार,188
विपरीत,14
धीरज,64
सैनिकों,69
निर्वाचित,72
विलंब,115
कमर,142
ज्ञात,95
सूत्री,184
पेड़ों,20
गिरकर,108
एजेंसियों,4
मकसद,10
नकली,16
दावे,160
तर्ज,90
रोटी,77
प्राकृतिक,183
निष्पादन,130
चिन्हित,38
करोड़,145
अनुसंधान,179
टंकी,39
वासी,107
खोले,139
खुश,120
घनश्याम,11
जिनका,165
सहनी,54
शौच,51
कहानी,5
अड्डा,129
धरती,16
हाजिर,3
लगती,16
उपेक्षा,138
कूद,199
मलेरिया,158
आपको,33
बुझाने,176
पवित्र,173
कचरा,157
सेविका,179
जनहित,68
कुर्सी,125
बनेगा,104
आकर्षक,185
सकारात्मक,49
आकर्षण,86
नालों,175
घूम,118
नारी,35
निष्पक्ष,121
श्रीमती,64
लटका,186
जिनकी,165
बोतल,151
नोडल,108
शिक्षित,71
पोषण,169
धाराओं,116
प्रवचन,193
बुलंद,94
प्रधानों,147
मेजर,197
सीडीपीओ,57
अनुमान,196
रंगारंग,61
रुक,194
प्रकोप,169
निषाद,160
कितना,192
छाया,85
दरोगा,155
कुश्ती,125
प्रभावी,49
लोकतंत्र,69
समितियों,60
अव्वल,127
गंदे,61
विश्वनाथ,11
बांटे,24
नगदी,58
गुरूवार,174
प्रीति,14
बोझ,87
मुख्यातिथि,101
उपाय,74
पराजित,180
भरपूर,185
भार,82
टूटने,118
पूर्वक,22
प्रशिक्षक,71
सर्किट,24
बल्लेबाजी,48
निर्मित,72
धर्मपाल,11
प्रोग्राम,129
बरकरार,82
भेदभाव,134
जनसंपर्क,9
हाथी,35
भरकर,10
काटे,143
कपड़ा,151
अन्यथा,192
पान,100
त्वरित,30
भवनों,52
रुचि,182
इत्यादि,32
फुटबाल,36
व्यय,58
बनाते,132
प्वाइंट,98
झगड़ा,186
पदोन्नति,38
डकैती,108
लगाये,75
समझाने,41
पहिया,83
फेडरेशन,98
हमलावरों,93
लालू,181
सोना,53
लौटा,157
पीढ़ी,190
रेस,197
पूछने,171
बीघा,102
पुख्ता,168
दवाओं,21
आंधी,26
अपेक्षा,138
सुधारने,176
अध्ययन,55
अन्तर्गत,193
जंग,61
सिरे,45
धक्का,188
पड़ोस,164
चिकित्साधिकारी,88
व्रत,127
चतुर्थ,140
लड़कों,52
कच्ची,122
निदेशालय,72
उपलब्धि,30
संविधान,62
गढ़वा,155
इंद्रजीत,64
केन्द्रीय,123
झंडा,42
लहर,124
मंशा,28
प्राप्ति,130
क्षेत्राधिकारी,88
पुजारी,113
उद्यान,100
स्टेशनों,15
तंग,61
चढ़कर,70
आरक्षित,180
खिताब,3
अधिकारों,88
नगरी,142
किलोग्राम,129
धूल,139
छोड़ा,76
अक्षय,127
पीठ,51
जलाकर,12
रंगदारी,29
संस्थापक,18
बहाने,75
स्थानांतरण,18
दबोचा,157
कतार,82
देशी,117
चोटें,151
किंतु,68
वर्षों,193
गलती,16
दिक्कतों,7
डोर,87
सीधा,35
दुमका,141
इन्होंने,178
तारों,21
घाटों,8
परीक्षाओं,138
कर्नल,24
बढ़कर,170
हॉल,25
कहासुनी,37
निर्माणाधीन,72
उग्र,127
ठेके,165
कड़े,142
मौन,91
विधवा,6
जनप्रतिनिधि,60
तबादला,157
दंपती,28
पैमाने,46
रजनीश,146
बुलाई,96
बिगड़,106
आदेशों,86
भंडारी,42
आमंत्रित,180
सुचारू,176
निवासियों,107
मैंने,33
पाक,188
अलाव,82
आरएस,57
मानी,35
गायक,5
उपकेंद्र,123
कारतूस,46
सीटें,15
दबंगों,20
बढ़ाकर,170
कराये,75
आवाजाही,134
हल्की,39
गणतंत्र,173
सुन,37
हृदय,127
आभूषण,135
निरंजन,64
लौटे,73
शेर,34
किराए,109
मंजिल,36
पिछली,31
वसूल,25
इस्लाम,144
संदेह,9
पाती,169
सेवकों,86
कमरों,52
निर्देशों,72
दहन,124
हीरा,35
पकड़कर,33
निशा,158
पर्स,197
ट्रकों,15
उन्हीं,178
तस्करों,20
खोज,90
दाल,198
अनुभव,58
महान,5
मुआयना,196
टकरा,186
चांद,39
संबोधन,115
एड्स,197
गाड़ियां,153
कटाई,137
उतरने,17
आफिस,190
निर्देशित,72
बीईओ,57
मेल,25
पारिवारिक,183
जला,157
कमान,163
गोद,139
महायज्ञ,19
निरंतर,2
परन्तु,68
मतों,151
ताकत,81
अमेरिका,100
गहरा,157
पार्टियों,69
आरोपों,20
भूल,127
चिह्नित,38
शैक्षिक,71
नेत्र,150
स्मारक,18
गरीबी,172
कागज,188
विसर्जन,6
माला,159
इजाफा,163
मकानों,21
भगवती,16
संपूर्ण,22
चुरा,159
निर्धारण,72
इच्छा,49
मजबूरी,185
लाए,47
प्रारंभिक,130
बदहाल,134
ऋषि,127
चूंकि,192
प्रीतम,14
ठेकेदारों,46
अमृत,68
उतरे,154
इंसान,144
खुदाई,96
तमंचा,51
आएगा,50
सकेगी,23
जिम्मा,112
पर्यवेक्षक,71
कितनी,151
बृजेश,64
काशी,159
नम्बर,111
हलका,1
निकाले,105
चौराहों,83
पढ़ें,70
टूटा,8
घेर,139
विशेषज्ञों,71
एलान,53
हितों,175
जिम्मेवारी,112
दुर्घटनाओं,116
हस्तक्षेप,121
उठाना,50
अस्तित्व,177
दृष्टि,30
गुलाम,144
भंडारे,42
उड़ा,163
विपक्ष,43
मचाया,85
बेहाल,134
रसीद,199
सिपाहियों,175
हवाला,198
निशुल्क,103
गौड़,80
मुआवजे,168
कैदियों,4
डीडीसी,57
डाकघर,188
बाध्य,147
कांस्टेबल,98
भंग,61
फौजी,90
मुलायम,168
बाजी,48
अभ्यास,55
पुष्प,169
बहाली,198
भांति,14
सोलर,197
बहस,10
कथित,68
जीतने,73
रजनी,16
अपराह्न,193
मैट्रिक,63
मधु,140
रमजान,82
फैली,156
पुरुषों,113
उदासीनता,134
पर्ची,39
बहनों,146
संचार,179
धारण,74
व्यवसायियों,32
इन्हीं,178
पकड़ी,16
चिन्ह,178
संगोष्ठी,184
निराकरण,72
जुटा,196
पर्यटकों,86
खराबी,35
घटिया,157
दोनो,167
संभाल,179
इंटरनेट,2
मछली,16
आयकर,10
प्रयासों,69
निर्देशन,72
रोगी,148
उठाते,132
आपके,33
भैंस,164
अगवा,186
आखिरी,190
हमलावर,93
चापाकल,159
उठानी,41
पोशाक,131
पहाड़,189
परीक्षाएं,138
शिकायतकर्ता,109
बर्तन,24
धर्मेन्द्र,64
संसाधनों,179
तुलना,169
इमारत,81
सीमित,180
राखी,35
बढ़े,70
उत्थान,18
यूं,65
सेठ,108
मानसून,100
प्रवीन,14
सफेद,199
बनती,54
दवाएं,47
एयरपोर्ट,98
दिवाकर,11
जोड़,145
भोग,169
निर्गत,72
उमड़,145
तीर्थ,14
जीव,95
प्रताड़ित,49
दायरे,143
प्रोत्साहन,149
साक्षात्कार,149
सावन,79
कहर,10
शर्त,92
फरमान,163
कड़ा,157
छिड़काव,83
मचाने,75
ब्याज,48
क्रांति,14
जलाने,75
नवजात,95
निर्णायक,72
लोहे,139
अंदाजा,48
कल्पना,49
बचत,124
गिरावट,3
आतंक,2
बढ़ाई,170
पूर्णिमा,19
प्रोत्साहित,149
जिक्र,3
नक्सली,190
मुसीबत,36
प्रभार,49
कारोबारियों,46
रोगों,93
निर्मला,11
सुना,37
माले,198
विधिवत,38
साधना,179
पीडब्ल्यूडी,57
जिंदा,134
तिराहे,158
सापेक्ष,121
हिन्दी,187
कहती,54
जनजाति,95
कारावास,114
तफरी,16
फैला,156
संकेत,184
बड़ी,70
सघन,10
युवतियों,4
फूलों,20
विवरण,58
हथियारों,46
हिस्सों,125
सम्भल,9
नजारा,143
जनसंख्या,179
अभियुक्तों,60
घटे,154
नक्सलियों,69
बुजुर्गो,174
वृद्धा,166
मिलेंगे,56
प्रिया,158
प्रमंडल,126
उत्तीर्ण,138
बैठी,99
कमाई,137
युद्ध,166
अधूरा,135
वृक्ष,6
केशव,165
इमाम,81
टूटे,118
हलके,154
डंडे,42
कक्षाओं,116
जोकि,77
खामियाजा,3
लावारिस,158
बिल्कुल,36
परेड,108
फैलने,156
नर्सरी,117
जुड़ा,189
नियमानुसार,72
जनसभा,186
शाहिद,144
लूटने,118
सबको,33
कैदी,199
उत्क्रमित,182
निवारण,72
घाटी,8
देखभाल,134
उतरी,16
नदियों,4
छात्रावास,109
निर्भर,72
कीमती,151
चलेगी,23
संभावित,179
मेहमान,46
ट्यूबवेल,98
कोठी,108
उदाहरण,74
सोलन,108
ईमानदारी,134
चलकर,124
झेल,139
गुस्साए,125
अकेले,31
महकमे,154
बीआरसी,57
फैलाने,156
दाखिले,105
प्रकृति,30
कांफ्रेंस,98
प्राचार्या,89
खाक,188
गायन,155
युग,146
किराये,46
बाप,102
प्लास्टिक,149
परिषदीय,9
हरा,157
एजेंट,197
जिसको,165
खतरनाक,134
धीमी,97
कोचिंग,24
रखरखाव,74
वारदातों,59
जश्न,53
अनुपालन,196
समझौते,44
विदित,38
जीतकर,127
आठवीं,31
गोलियां,153
भड़क,10
सन्नाटा,100
कर्म,97
दलाल,198
प्रशंसा,179
डेयरी,191
शिकंजा,3
कुंदन,108
बताकर,12
ट्रेनें,15
दिसम्बर,111
बोली,139
मिलीभगत,3
भ्रूण,135
बारात,102
तुलसी,140
सुनाया,37
सच्चाई,134
अखंड,126
उपेंद्र,123
रखेंगे,23
व्यक्तिगत,177
उर्मिला,181
परिक्रमा,6
अनुशासन,179
कार्यप्रणाली,109
चेतना,147
कपड़ों,52
आगाज,90
अधिसूचना,88
गोला,139
बहू,33
भगा,157
झील,25
ठोकर,87
कर्तव्य,177
चौपाल,159
खाई,137
अश्विनी,64
वजन,78
कुएं,26
सवालों,93
रजा,157
धूम,97
परमात्मा,147
भरोसे,171
नाकाम,134
प्रतिबंधित,115
रवैया,158
गहरी,16
तारा,110
देखना,27
पाएगा,104
करवाकर,12
धनंजय,28
रवैये,108
अर्जी,90
टैक्सी,63
सम्पन्न,9
धारकों,116
टोली,139
बेहतरीन,185
कोट,8
जाल,198
मूलभूत,22
बिक,188
पायी,100
रोकथाम,48
लिखी,27
गूंज,61
शकील,25
डूब,143
जीते,132
रचना,74
वसूला,198
कालोनियों,175
कंचन,108
वैश्य,147
सिद्ध,166
गिरि,64
परिचालक,114
तंत्र,173
निपटारा,196
शातिर,3
विफल,127
बेंच,51
जरूरतमंद,135
कुलवंत,28
स्थानांतरित,130
चालीस,128
साक्ष्य,121
ऐलान,82
मोह,97
पाये,158
सेमीफाइनल,36
रोटरी,77
हिम्मत,144
लगायी,35
इकट्ठा,96
बेरोजगारों,48
हरियाली,158
बनना,186
सावित्री,100
पड़ते,17
चलाते,132
जन्मदिन,193
पुरुषोत्तम,113
रेत,92
हराकर,12
ख्याल,198
कालाबाजारी,48
महकमा,1
वर्दी,199
चहल,78
प्रतिवेदन,117
नौजवान,5
विद्युतीकरण,182
बांटा,143
जायेंगे,56
देसी,34
वैदिक,183
शवों,52
आयोजक,58
गवाह,81
नाजुक,131
शब्द,199
इस्तीफा,168
निशानदेही,112
पदार्थो,18
गुलशन,108
पुस्तकालय,125
दोस्तों,125
सतर्कता,74
खेलते,27
विक्रेताओं,109
हॉकी,63
कन्नौज,67
धांधली,151
समन्वय,9
खेले,27
अंधेरा,2
कीचड़,151
अंदाज,48
शिकायती,3
तमंचे,51
कार्यभार,109
दून,167
आखिरकार,192
जबरदस्त,190
वीरभद्र,64
सौंपने,73
प्रदेशाध्यक्ष,89
निकलना,73
कर्ण,43
कठिन,167
मवेशी,34
मेधावी,5
कृपा,49
रिकॉर्ड,98
दामों,21
जितनी,151
विश्राम,149
वर्करों,86
जंगली,61
दूसरों,86
सर्वेश,117
क्लीनिक,191
चरित्र,173
बीडीसी,57
सीमेंट,197
अबतक,78
मंत्रियों,150
एकमात्र,49
खरीदा,29
स्थाई,18
अश्लील,25
भुगतना,176
हाजिरी,3
खोजबीन,185
मरने,154
बुला,181
पांव,155
नवम्बर,111
मणि,108
करेगे,23
गुणगान,37
सीख,27
नगद,10
सूत्रीय,184
सक्षम,58
नसीब,172
पर्यटक,86
लगवाने,75
छेड़खानी,59
दिखाते,105
बहरहाल,36
संगम,9
शिक्षामित्रों,152
भंडारा,42
बेगम,172
प्रपत्र,173
रिश्वत,125
सब्जियों,4
पार्वती,11
करवाना,163
विभागाध्यक्ष,89
हाट,8
लैस,79
छात्रसंघ,69
सतर्क,165
शासनादेश,89
वरुण,64
व्यास,147
शीतल,108
सुध,140
खंभे,42
रौनक,81
वार्षिकोत्सव,19
चीख,27
भनक,124
उमस,10
युक्त,182
गुमराह,134
भजनों,52
माया,85
वाहिनी,100
सहकारिता,114
मिस्त्री,125
जीने,197
सूखे,135
मीट,8
समीर,91
धंधा,42
क्रियान्वयन,130
प्रसंग,184
बचाया,50
डयूटी,57
मनीषा,35
खिड़की,151
पलायन,188
अनिश्चितकालीन,38
निहाल,158
लंबा,2
तत्व,68
मंथन,127
वेतनमान,62
पुण्य,113
दिखाए,105
उत्कृष्ट,121
निर्वाची,72
नुक्कड़,131
सरसों,52
मानने,41
डालते,132
आराम,74
हरिओम,108
कान,188
संसार,179
मंडियों,4
पड़,70
निराश,72
थोड़ा,189
बाइपास,102
लेनी,53
प्रतिष्ठा,130
पाना,159
रिश्तेदारों,149
राजनैतिक,183
गिरफ्त,3
पुनीत,14
शरीफ,90
रिहा,158
विजेताओं,62
शौचालयों,66
मोहाली,181
रजिस्ट्रार,98
पढ़ाने,170
बुनियादी,112
माफी,59
जानवरों,21
नमूने,53
वोल्टेज,98
हीं,65
लूटी,197
लिख,27
मतलब,124
विवेचना,6
दीवान,29
समर,10
महंगा,61
दुआ,26
जिसने,165
पड़ाव,82
लायक,5
पीटकर,108
झोपड़ी,108
बंदियों,94
उत्साहित,149
बालिकाओं,114
दहिया,158
बांटने,73
सुधा,136
उतारने,41
कागजों,21
महिमा,158
मंडलायुक्त,89
लैपटॉप,63
कोटेदार,46
दबंग,61
जलने,17
टैंक,15
लाना,163
उतारा,163
चढ़ा,70
किताब,3
पुरवा,141
बेदी,39
सैयद,144
अर्थ,127
महर्षि,43
गौरी,67
अस्थायी,18
झगड़े,17
जाली,198
अभद्रता,49
पैदावार,66
वस्तु,182
शून्य,103
सुपुर्द,125
हत्यारों,93
मुंशी,34
वैकल्पिक,183
व्यक्तित्व,177
बीतने,31
आतिशबाजी,48
तरक्की,39
विज्ञापन,130
सेनानी,100
परियोजनाओं,116
बूंद,199
आवेदकों,86
राजाराम,110
जोश,172
गोशाला,159
निर्विरोध,72
कहे,142
शब्दों,86
अंचलाधिकारी,88
चक्का,131
कगार,82
संग्रह,184
अनुबंध,115
रूबरू,161
आमजन,10
हां,65
साधु,147
तड़के,154
हिन्दू,187
अधीक्षण,138
महादलित,69
विनीत,14
बुद्ध,166
नियोजित,180
कदर,124
त्याग,147
प्रशिक्षु,71
ब्योरा,158
नहरों,52
किस्म,125
निकलते,73
ऊंची,51
सुदर्शन,64
नेताजी,5
संकाय,179
प्रभारियों,88
घास,79
पंत,28
बटालियन,158
खातों,21
हफ्ते,92
शस्त्र,173
सार्थक,18
साहिल,158
लुटेरे,141
मार्गदर्शन,149
इसीलिए,133
तादाद,160
आमरण,10
दिक्कतें,7
रुकने,194
तरुण,108
बनेगी,23
प्रेषित,14
कामयाबी,134
चरणों,52
प्राण,113
वादों,21
गिनती,58
घटी,142
सूख,135
उठने,154
योग्यता,32
सनातन,147
शहरवासियों,107
कठोर,87
अंप्र,2
शुभ,195
मनप्रीत,14
पारदर्शिता,130
गंगवार,155
अधूरे,135
पाबंदी,94
सिनेमा,100
दरगाह,102
महुआ,26
उद्योगों,66
सनसनी,16
हवाओं,21
लेती,53
बचपन,78
बावत,102
दशहरा,186
रुपयों,195
हवलदार,82
ऊषा,186
शरद,10
जानकारियां,84
उपरोक्त,180
टिप्पणी,30
निभा,74
उपचुनाव,37
महोबा,143
निबंधन,115
संबद्ध,115
जितना,192
एकल,124
कुसुम,141
अरविन्द,187
जहरीला,153
कराएंगे,56
स्टाल,77
शिवानी,100
सक्रियता,49
खुलासे,59
आशय,10
थानेदार,46
प्रहार,49
मिलों,4
जागृति,95
जगजीत,95
खुलेआम,120
करण,33
जोरों,20
पाएंगे,56
पासपोर्ट,98
हिंसा,136
खाकर,12
झूठे,118
संतुलन,9
कच्चे,122
अभियंताओं,88
बदतर,127
प्रकाशन,130
राजभर,110
असली,16
त्रिवेदी,11
नारा,110
देन,34
विपक्षी,43
चमन,124
प्याज,66
जीना,35
समझाया,50
मसले,154
पृथ्वी,162
कोमल,108
पठन,124
महीना,167
सिलसिले,36
लदे,0
हेलमेट,63
व्यवसायिक,32
दस्तक,108
सर्वश्रेष्ठ,121
पाठन,169
टेलीफोन,98
डूबने,118
बढ़ोत्तरी,170
अपनाने,41
सशक्त,30
झटका,186
मानवाधिकार,88
सिद्धार्थ,11
सर्राफ,129
उद्यमियों,69
काजल,188
वैज्ञानिकों,183
गणना,74
आतंकियों,69
सबक,78
बची,142
पुनर्वास,130
केसरी,39
यानि,53
वादी,5
भटक,10
सिमडेगा,158
अग्रिम,180
बिगड़ने,106
उमड़ी,80
हटाकर,12
तंबाकू,94
मास,79
यंत्र,173
अंग,61
नियंत्रित,72
आवारा,82
भतीजे,165
नींव,65
तर्क,127
प्रतिभागी,130
आतंकवाद,94
अनंत,28
बेकार,29
भट्ठा,8
देवता,11
घुसे,79
कांग्रेसियों,69
पाउडर,169
लक्षण,127
पड़ेगी,23
वादे,160
मुलाजिमों,144
गुटों,87
उल्लेख,117
उपहार,74
भागे,155
देवर,34
इनसे,33
साप्ताहिक,149
पुकार,141
शिक्षामित्र,152
आंकड़ों,20
रोजा,77
परिस्थिति,30
शहादत,81
मोती,53
सिलाई,158
उपलब्धता,74
जानवर,5
पंखे,42
प्रबंधकों,115
लटक,10
हड़ताल,134
उपलब्धियों,60
भौतिक,103
अत्याचार,49
खैर,140
कांस्य,184
बाराबंकी,94
आकर्षित,180
गहन,124
मसीह,146
सपने,154
कुत्तों,125
पाठ्यक्रम,55
कुंतल,108
आंसू,135
गबन,10
मामा,53
निर्दलीय,72
जलाभिषेक,6
गुलाल,181
समाप्ति,180
पलटने,17
आंखें,26
पक्की,39
अभिनंदन,2
सुचारु,176
सीधी,190
ओंकार,188
बरात,35
सामानों,46
मानकों,116
स्वरोजगार,13
निर्देशानुसार,72
दर्शक,127
पीकर,197
भिड़ंत,28
प्रतिमाह,130
क्रिसमस,63
तेवर,34
पौधा,169
सबके,31
पारी,35
लोहा,181
डिमांड,24
स्वतंत्र,173
साध्वी,11
शिरोमणि,64
वस्त्र,173
खरीदी,151
बदली,16
ठहराव,74
धरातल,108
प्रमुखता,101
ताज,110
भोले,139
न्यायमूर्ति,89
जुर्माने,59
पेशी,117
मुकाबलों,36
दराज,110
गश्ती,39
भलाई,137
कृषक,58
सर्वेक्षण,117
शुभकामनाएं,120
कसर,10
जनगणना,74
बोलने,171
चादर,157
इजहार,82
दवाई,137
प्रतिभाग,130
नियंत्रक,72
नाव,37
चारा,49
तोड़ा,189
नीलामी,100
संस्तुति,182
जानते,132
घोर,87
अंकों,2
कारागार,46
उपकरणों,52
निलंबन,115
लगाम,82
साकार,188
बनाएं,47
मच्छरों,20
राज्यसभा,13
बिंदुओं,187
प्यास,79
विकलांगों,69
वस्तुओं,182
लिहाज,3
लूटा,77
तालाबंदी,94
किला,158
कक्षाएं,84
कार्यशैली,109
वक्ता,92
बौद्ध,166
उठी,54
असामाजिक,183
सदैव,34
मुहर,108
चिह्न,38
रोककर,108
पटवारी,29
रास्तों,21
अभिलेख,117
चुप्पी,14
श्वेता,11
जितने,165
नजदीकी,185
भाईचारे,134
बारहवीं,128
पढ़ा,70
स्नातकोत्तर,149
हंगामे,59
प्रज्ज्वलित,95
आजसू,161
संकीर्तन,184
किरन,108
निकेतन,72
कसने,17
आवेदक,58
बर्बादी,94
प्रदर्शित,180
मानवता,5
चंदा,42
बीमारियां,112
बीएसएफ,57
चाह,81
हटाए,47
कल्याणकारी,32
विरेंद्र,64
गुरू,140
कोटे,77
गड्ढों,20
खोलकर,27
सिफारिश,3
साक्षी,121
कोष,108
अहसास,192
कचरे,154
बर्फबारी,48
चक्रवर्ती,14
मित्रों,173
धंधे,42
उपनिरीक्षक,71
आयुष,127
घेराबंदी,94
बांट,87
कार्ययोजना,109
सितम्बर,111
किताबें,3
पढ़,70
बुलाने,176
मवेशियों,175
संतों,28
कांप्लेक्स,98
आंकड़े,2
मुक्तसर,168
बनते,154
कैमरा,63
दंगल,108
नाक,188
जनपदों,52
पूर्वाह्न,193
कुलसचिव,71
पटाखे,143
घूमने,118
धोखा,27
अभियोजन,86
लड़कियां,4
बदहाली,134
अटल,10
अधिवेशन,117
फेंकने,164
खुशबू,135
इजाजत,81
अध्यक्षों,55
मृतकों,20
ईदगाह,102
प्रतियोगिताएं,84
नीयत,81
पावन,159
क्षुब्ध,166
सीडी,57
पीड़ा,169
कापी,188
अवलोकन,58
ऊंचा,51
बैडमिंटन,63
शकुंतला,11
घोटाला,59
ओलावृष्टि,6
मत्स्य,177
आकलन,124
गुजरना,195
अव्यवस्था,18
विचारों,62
बदौलत,81
हौसला,44
दुरुपयोग,120
किन्तु,125
अपहृत,68
फंसा,164
साक्षर,18
तालमेल,36
साठ,128
इच्छुक,127
भंडार,42
पड़ोसियों,4
रंगों,61
स्वर्णकार,13
संकुल,103
नक्शा,131
पात्रों,49
लता,1
दादा,160
आवासों,66
घाघरा,8
खुराक,131
बंदरों,20
गिरे,45
प्रोन्नति,38
माजरा,157
गारंटी,98
रोजी,77
मोहल्लों,20
व्यावसायिक,32
ठंडे,42
प्रतिनिधित्व,60
गहरे,154
लगन,124
दलितों,69
समग्र,127
फेंका,131
विस्फोट,98
सेवानिवृत,62
नववर्ष,193
सजग,10
आराधना,74
प्रदूषित,182
पालिकाध्यक्ष,89
दिखने,27
भोर,87
नैतिक,183
झाविमो,155
शिक्षिकाओं,152
मोटी,87
निर्वहन,72
रद्द,199
सुनते,37
अनमोल,146
जूझना,118
बोरी,87
बर्खास्त,168
नौजवानों,93
दृश्य,117
बैठकों,99
बोरा,143
लैपटाप,63
चिंतित,38
पद्धति,30
कराटे,143
ताल,198
भिड़,80
लेगी,23
कुत्ते,125
चेहरा,122
घटनाक्रम,49
चीज,51
जागरुक,176
पांचों,51
विहीन,38
मंडलीय,126
दिनदहाड़े,153
नवनिर्वाचित,72
हल्का,131
नियत,58
ईंट,87
इनको,33
लाभार्थी,109
आढ़तियों,4
प्रधानाचार्या,89
समृद्धि,166
बिरादरी,102
निखिल,25
आंकड़ा,2
नालियां,158
कुशल,86
सहन,124
सेशन,197
लिखने,73
प्रथा,49
डिप्लोमा,98
गायों,175
लौटना,73
रश्मि,53
बड़े,70
फसलें,119
पिछड़े,106
पैरवी,192
लेखन,27
उठाव,12
मनोनीत,14
निकलकर,73
जरुरत,151
चक्र,127
बोला,139
सिकंदर,28
जोड़ी,80
संभालने,179
अफरातफरी,134
पीस,57
तरस,78
पुण्यतिथि,193
पारंपरिक,183
पिलाने,158
विमान,62
गुना,195
भाजपाइयों,5
संतुष्ट,182
रस्म,97
निराशा,134
चरम,124
कमांडर,24
सशस्त्र,173
नमी,142
ब्राह्मण,13
साधारण,136
पहुंचना,40
जंगलों,20
मताधिकार,88
प्रयासरत,49
जुड़,80
अस्थाई,18
कालीन,100
पसीना,53
प्रतिष्ठान,130
हत्यारोपी,59
वास्तविक,183
चलाना,163
आढ़ती,170
इंसाफ,144
महत्ता,92
फलों,52
मलबा,186
फूट,8
लालच,198
डटे,154
बदबू,33
मांस,79
बतायी,35
गुजरते,195
मंत्रमुग्ध,174
तूफान,100
टाल,198
मुफ्ती,168
प्रेमिका,149
रहित,68
ग्रंथ,184
मुस्कान,125
प्रयोगशाला,109
चौदह,128
गहने,154
कारखाना,46
डंडा,42
दस्ते,92
बंदूक,94
उपनिदेशक,86
जरा,157
मच्छर,108
खुफिया,3
गगन,10
जनार्दन,110
कूलर,197
कोने,77
सूबेदार,46
अघोषित,180
शिष्टमंडल,71
रामनवमी,19
तत्वाधान,49
इसपर,78
अन्याय,147
चौथी,128
खींच,122
क्रीड़ा,49
रामनाथ,110
जुआ,26
संग्राम,184
अनुशंसा,179
आत्म,97
रंगोली,61
उपाधीक्षक,89
भीड़,42
पहुंचेगी,40
खण्ड,126
प्रांत,14
खदान,82
कुख्यात,101
मौर्या,158
नियमावली,72
बदलते,31
भला,50
प्रतिक्रिया,130
किस्त,125
शताब्दी,193
दंड,42
पसरा,186
असफल,10
ऊंचाई,96
ठहराया,50
माफ,163
अभिलेखों,117
अर्जित,180
पदस्थापित,130
संभाला,179
नेपाली,100
अनुष्ठान,130
सचिवों,86
नवनियुक्त,60
शैली,25
सौहार्द,149
इंजेक्शन,98
लोकार्पण,129
जोखिम,112
वसूलने,135
रामायण,110
पक्षी,43
राजकिशोर,148
मधुबन,108
छठी,16
प्रतिवर्ष,193
मंत्र,150
टीईटी,57
नवोदय,108
बिजलीघर,151
सहभागिता,114
आर्मी,191
ध्वजारोहण,19
फेरी,35
लड़का,186
प्रतीत,14
धारक,196
चैंपियन,63
किन,167
संवेदक,184
आसार,82
खुलवाने,176
सावधानी,134
वन्य,127
लगेगी,23
भाग्य,147
आहत,10
प्राधिकार,88
विवादित,62
दूरभाष,135
कहाकि,50
जले,142
घातक,169
सिम,91
महाविद्यालयों,152
रिहायशी,3
बांधकर,87
सालाना,163
गवाही,81
मस्ती,190
उल्टी,39
विमोचन,58
खरीददारी,29
घेरे,45
चौटाला,159
पर्दाफाश,59
माथा,159
अत्यंत,68
आश्वस्त,14
स्कूटर,98
झटके,154
धड़ल्ले,181
संयंत्र,184
दुर्घटनाग्रस्त,149
देवताओं,116
सांप्रदायिक,183
धार,82
सर्राफा,129
अधिशाषी,6
तत्पर,68
पंचनामा,51
कमाल,198
दामाद,160
परामर्श,117
उज्ज्वल,95
बनेंगे,23
रखता,186
लूटे,197
धारदार,29
खबरों,52
संतोषजनक,9
आगजनी,16
निभाने,41
सांप,169
फीता,35
हाथियों,175
एकजुटता,74
निर्दोष,72
सेक्शन,98
नशीला,198
दीक्षा,138
नामित,180
जनजीवन,95
मुनि,37
लौटते,73
बागवानी,66
अल्लाह,144
सगे,154
गढ़,142
चूना,53
तलवार,141
भाईचारा,134
हड्डी,39
थोक,108
लौटी,87
प्रहलाद,11
पहुंचेंगे,40
डंडों,42
देशभर,27
मिजाज,3
बीएन,57
नमूना,53
संक्रामक,184
बुझाकर,176
भड़के,17
खुलकर,27
छापे,143
पहलुओं,20
तबादले,157
बर्फ,24
सौदा,160
तथ्य,127
निबंध,115
लगेंगे,23
लदा,157
रामानंद,11
अध्यापिका,114
मशीनें,151
बांस,79
भास्कर,11
मालगाड़ी,153
तबाही,81
खरीदे,27
सबूत,31
दुराचार,49
आयुर्वेदिक,183
शरारती,5
आरक्षी,43
दादी,160
बहुमत,58
अर्थदंड,58
ब्रज,90
एथलेटिक्स,63
संलिप्त,182
सरयू,161
बढ़ेगी,170
मंगला,42
तत्पश्चात,149
कंपनियां,84
सहायिका,114
गुमशुदगी,195
दुखी,120
कतई,10
कटाव,155
कब्रिस्तान,125
परहेज,117
क्रेडिट,98
बढ़ाए,47
जोड़कर,76
सांत्वना,18
सहज,124
अभिनव,58
आजीवन,95
रौशन,151
पुस्तकें,125
प्रतिनियुक्त,60
सरकारों,21
पक्षियों,86
बिछाने,83
माली,198
आमदनी,151
परंपरागत,179
बेटियां,84
झूठा,118
जैविक,95
अनुपात,180
सुलझाने,176
कार्यदायी,109
सर्वोच्च,193
स्वर,127
कार्मिक,109
समायोजन,196
होड़,80
जनस्वास्थ्य,18
फिल्मों,36
अकेला,45
त्रिस्तरीय,150
समझते,17
छोड़ी,76
ठंडा,42
प्रशासक,89
रस्सी,190
मुश्किलें,36
बंधन,115
कमलजीत,64
नसीहत,81
सबका,81
धुनाई,137
नशीले,25
कोहरा,131
रिश्ते,125
खरीफ,151
फाइलों,15
झांसी,79
तबीयत,81
लापरवाह,134
झड़प,33
छाए,47
ढोल,139
सराहा,157
ब्यौरा,48
बच्चियों,4
उपविजेता,62
नाकाबंदी,94
चढ़ने,170
नमन,124
खोली,139
निशाने,46
लगाएं,47
पांचवें,51
कीटनाशक,66
हाथापाई,134
पढ़ाओ,170
पार्को,77
राजी,110
समर्पण,58
चौपट,87
छठे,31
निष्ठा,130
छुटकारा,176
लगना,186
दीन,167
डीलरों,15
दलालों,93
दिला,158
विस्थापित,130
झाड़,189
अग्नि,127
चांदनी,39
राज्यस्तरीय,13
नवीनीकरण,58
भक्तिमय,30
अनारक्षित,180
इकाइयों,175
टॉप,197
बहने,154
सातवें,128
टीका,188
दस्तावेजों,46
पसीने,53
मातम,82
उर्स,197
गरिमा,158
अखाड़ा,189
मौलिक,103
अदायगी,134
बलिदान,160
प्रताड़ना,49
भैया,110
सौंपकर,58
प्री,14
उपज,10
टेक,197
क्लर्क,71
अमीर,146
जायज,90
मशहूर,185
श्रेष्ठ,121
मुहल्लों,20
प्राध्यापक,89
परमार,82
पेटी,197
घेरा,143
अंबार,102
खामियां,84
बड़ा,70
बडे़,70
निर्माता,72
दिव्य,147
वें,24
खत्री,39
आपकी,33
विचाराधीन,62
झलक,124
खलबली,142
बेचा,122
प्रेरक,14
साझा,163
महंगी,61
पंडा,42
अंतर्राष्ट्रीय,13
घड़ी,16
खौफ,44
खफा,186
स्वयंसेवी,18
तरीका,188
कार्यवाहक,109
घुसने,118
आंदोलनकारियों,69
असुविधा,179
सचेत,68
बहाना,157
त्रस्त,92
मयंक,108
आटा,1
स्वाभिमान,149
भावनाओं,116
पैसों,20
गौशाला,159
भाभी,5
खपत,124
लहूलुहान,144
मंडली,126
अधिकृत,180
जमावड़ा,157
पॉलीथिन,191
गंतव्य,184
बीडी,57
टेम्पो,77
कुपोषण,169
चढ़ाने,170
बिलों,4
रूपरेखा,114
सरल,124
चरस,124
दौड़ा,67
अंजली,28
प्रौद्योगिकी,183
शिविरों,173
मॉल,197
छीनने,73
ताबड़तोड़,76
हर्षोल्लास,149
निस्तारित,130
सरगना,157
पुरूष,113
सबकुछ,171
बनायी,35
दुल्हन,120
कुचल,108
विदेशों,162
सभासदों,86
परिचित,38
बेटों,20
मलबे,154
सैन्य,63
रक्षक,71
तिराहा,158
खातिर,3
चीजों,20
ज्ञानी,95
गोलीबारी,94
उपयोगिता,180
अवशेष,43
व्यवस्थाओं,18
आवेदनों,58
चौकसी,44
जगतार,82
कागजी,188
फंदा,164
खुदकुशी,120
मजबूरन,185
रैन,91
बयां,142
अधूरी,185
पर्चे,122
बंदर,26
शख्स,190
इनकार,82
अफवाह,81
नयी,16
चूक,194
रहेंगी,23
सेतु,68
मंडप,126
कीमतों,151
जता,1
शिक्षाधिकारी,152
रूपए,195
बदलकर,33
नाग,155
रोपाई,77
नौबत,44
बढ़ेगा,170
अविश्वास,149
नामों,21
जोड़े,80
नाते,132
चुप,169
प्रज्वलित,95
गुरदेव,174
श्रोताओं,116
चकबंदी,199
धुन,140
शान,81
परमानंद,11
विधेयक,62
बेहोशी,172
त्रिवेणी,14
पीडि़त,14
दुग्ध,166
इरशाद,102
तौल,139
वैभव,127
बेला,181
खोकर,27
शीतला,159
स्कार्पियो,129
विविध,166
गर्व,34
छत्तीसगढ़,190
संगठित,115
गाड़ी,189
उठता,50
तटबंध,115
सवारियों,175
पुस्तकों,125
सूखा,135
जयंत,28
यौन,91
सदा,1
आहूत,92
छप्पर,108
सड़कों,20
पैतृक,68
बत्ती,190
बादलों,21
अग्रणी,190
बस्तियों,4
साकेत,188
भगदड़,142
शाखाओं,116
उत्पादों,66
पहने,17
सकुशल,127
कुआं,26
गतिविधि,30
हटवाने,75
अनुमोदन,58
जनरेटर,197
चेतन,127
चरखी,16
जमाने,75
चेताया,147
अपराधों,93
मुश्किलों,36
विद्यापीठ,152
सद्भावना,49
कनिष्ठ,43
धरोहर,108
वीणा,82
दावेदार,46
नेट,197
शीर्ष,121
बंगला,102
कठिनाई,96
लुत्फ,168
आड़े,17
साहित्यकार,149
बैंकिंग,24
मुकाम,36
मिसाल,3
क्षेत्रवासियों,107
अग्निकांड,60
प्रतिकूल,182
ओलंपिक,2
चंचल,108
गुस्से,125
जिलास्तरीय,89
चेकअप,122
बाई,137
टूटकर,118
चिंगारी,134
मुकम्मल,36
पोषाहार,66
संशोधित,115
स्त्री,121
पिलाई,158
खुशियां,120
नवनिर्मित,72
हंस,164
जन्मोत्सव,19
शीशे,34
स्वर्गीय,121
बापू,102
मृत्युंजय,11
साड़ी,189
किताबों,3
हंसराज,110
चित्रकला,173
रत्न,127
कामों,21
सृजन,127
पक्के,131
बरी,142
उद्यमी,66
सेक्टरों,15
झंडे,42
असिस्टेंट,98
विशेषकर,193
दिलचस्पी,112
पहलवानों,93
जुगाड़,189
पढ़े,70
दीनानाथ,110
रोहिणी,64
कूपन,58
पुस्तिका,130
कॉपी,63
साढे़,128
प्रयुक्त,182
मात,92
जुटाने,196
भूमिगत,103
पैरों,20
लादकर,82
खस्ताहाल,134
अपमान,74
प्रतिनियुक्ति,60
पीर,91
सरपंचों,51
इशारे,45
खेली,139
आलोचना,74
कत्ल,139
पढ़ाया,50
सुमित्रा,11
मकर,78
ध्वज,127
सस्ते,92
चर्चित,38
मनमाने,75
चाल,198
जन्माष्टमी,19
पढ़ी,70
जननी,142
मुकुल,140
हटाओ,12
समझने,154
झोंक,108
दीवाली,19
रसायन,53
नतीजतन,31
नन्हें,178
रोड़,145
खानापूर्ति,109
पटाखों,21
मानकर,50
सोलह,33
निविदा,72
गतिविधियां,60
जलजमाव,74
सेविकाओं,116
पल्ला,181
आहार,82
कमेटियों,4
भोजपुरी,141
पायल,188
सचल,10
हौसले,44
बजकर,78
फैले,156
तत्परता,49
एहसास,192
वृक्षारोपण,66
जगी,142
उज्जवल,127
नगीना,53
लाईन,24
सुलभ,136
दुर्घटनाएं,84
मूल्यों,103
आयोजकों,86
विरासत,3
उन्मूलन,58
उतरकर,33
सरिया,158
मुठभेड़,36
देशभक्ति,120
वैद्य,147
उदासीन,100
ताक,188
प्रेक्षक,71
भरमार,82
लाइनें,24
घोसी,139
फरियाद,3
रामा,163
मुसलमानों,69
बकरी,16
उर्वरक,127
दफ्तरों,15
प्रेमियों,175
हैदराबाद,102
प्रधानाध्यापिका,89
सर्वप्रथम,193
थमने,17
केरोसिन,77
ग्रामसभा,13
उत्पात,169
कॉलोनियों,4
महाशिवरात्रि,19
कच्चा,122
नौवीं,128
अमीन,146
खस्ता,92
ध्वनि,58
अलमारी,29
संवेदना,179
आंगन,26
बोलते,171
बिरसा,158
पाएगी,104
तबाह,81
व्यवस्थापक,18
वैध,58
शशिकांत,68
आपात,92
लकड़ा,186
विस्थापितों,130
पीटने,73
दस्ता,92
सैकड़ों,20
अखबार,5
समूहों,20
मिलनी,25
बोगी,87
सूचनाएं,84
खादी,35
पौधारोपण,66
प्रधानाध्यापकों,89
अनहोनी,167
परमेश्वर,146
प्रश्नपत्र,117
सलामी,144
पहनाकर,12
बेवजह,172
मिलावट,105
बलराज,110
व्यवस्थाएं,84
सरेआम,172
ग्रस्त,182
प्रभा,49
सभाओं,116
जरूरतमंदों,69
फरियादियों,175
गर्भ,169
सिमट,108
अभद्र,127
अत्याधुनिक,183
इशारा,1
मक्का,131
सुलह,140
गुरुकुल,174
परम,124
अवरुद्ध,166
बनवाया,85
करवाएं,47
लिफ्ट,98
साधा,179
खिलाडि़यों,69
फंदे,164
गुरनाम,141
बुआई,96
बचाई,137
बूंदाबांदी,94
नतीजे,165
प्रतिभाओं,116
आकस्मिक,183
दबाकर,12
विकराल,6
मारवाड़ी,189
बांधा,155
पात्रता,49
विज्ञप्ति,30
बलवान,82
कानूनगो,46
श्रृंगार,11
चाबी,35
घटित,68
टमाटर,24
गर्दन,108
शास्त्र,149
गाकर,12
बहाव,82
अंग्रेजों,2
चुंगी,39
फौज,90
अवहेलना,163
बिंदु,187
मांगपत्र,173
बंदोबस्त,94
अस्त,92
कन्याओं,116
आनी,16
वांछित,38
चलाता,163
बयानों,21
दोस्ती,125
निपटाने,41
अकेली,31
भल्ला,181
दुर्दशा,120
लेगा,104
रेडियो,63
परचम,127
जतायी,35
कड़ाके,143
मोर,87
कुर्बानी,144
प्रदेशों,162
चौड़ीकरण,67
पैनी,77
धक्के,131
नशीली,25
अलका,1
गुलदार,141
चाहा,157
मिटाने,196
जबाव,82
आयुर्वेद,174
अभिनय,58
गाने,53
अर्बन,24
पदयात्रा,109
मिलीं,25
दोष,127
दांव,155
निचले,73
चोटिल,25
सच्चे,122
किश्त,125
उड़ान,163
तारीफ,7
जबरदस्ती,190
नहाने,75
काटी,8
थानाध्यक्षों,89
लीक,165
दामोदर,141
भयभीत,146
वायु,6
मुकदमों,20
कीट,8
विवादों,62
गुणा,195
गांजा,155
गहराई,137
लड्डू,39
एम्बुलेंस,191
तैसे,192
दया,1
बंधे,115
क्षेत्रफल,121
उतना,186
हैरान,134
अभिमन्यु,11
अत्यधिक,103
तुम,33
सहयोगियों,86
रेस्टोरेंट,98
हरसंभव,9
सीखने,73
किस्मत,125
लेखपालों,114
परिवेश,117
सहूलियत,144
संभावनाएं,84
कुरीतियों,175
सेब,197
वरदान,82
महापंचायत,51
चारदीवारी,29
असहाय,5
हावी,82
मध्यम,127
उच्चतर,127
छोर,87
जुड़ने,80
तेरह,128
काव्य,11
अंदेशा,2
बनाम,82
बेखौफ,44
चौथा,128
मशाल,198
पदभार,74
मायूस,100
रोकना,188
फटने,17
अकाल,198
पड़ता,134
पौड़ी,67
शिखा,105
निशांत,64
पड़ी,142
फिरौती,44
लोकपाल,114
दबा,1
बदनाम,97
हुनर,108
पांचवीं,51
दोपहिया,83
उठकर,33
जानकारों,46
लेनदेन,196
मनोबल,108
बुराइयों,175
औसत,10
पुत्रों,113
लेखक,27
गृहस्थी,14
सभापति,62
वरना,157
वापिस,158
नवाब,1
बेरी,143
आंतरिक,2
पासबुक,114
अंगूठी,2
पार्टियां,84
दंपति,28
कैशियर,63
उपवास,5
सियासत,3
भगाने,75
उपमुख्यमंत्री,150
अतिक्रमणकारियों,69
स्वार्थ,18
खुलवाया,176
सपनों,52
खाकी,188
क्रमिक,103
लगीं,65
रोकर,87
चचेरे,45
एंव,26
वास्तव,177
दस्त,92
रिकवरी,24
मायने,100
तहसीलों,20
दावों,21
थमा,1
रुके,194
मुरली,140
बताये,75
सम्पर्क,184
प्रत्यक्षदर्शियों,121
आरोपित,161
वर्णन,58
बताती,35
मेहमानों,69
नवदीप,64
हल्के,131
शासकीय,55
जलाया,85
चलो,87
सरोवर,24
आपका,50
कोषागार,109
जमाया,85
बढ़त,170
सौजन्य,136
खरा,157
प्रारूप,130
नाका,188
राना,163
दोहरे,172
सोम,91
अलीगंज,141
प्रसन्न,14
धुआं,26
नलकूपों,20
दर्शाया,49
महागठबंधन,5
चार्जशीट,98
अनुपस्थिति,30
संक्रमण,184
पौध,169
औषधि,127
जीवित,95
दूभर,135
परवाह,134
प्रतिष्ठित,38
नमक,10
अंतराल,2
रौंद,87
रुका,194
चिराग,155
डूबे,143
महंगे,61
सौंदर्यीकरण,136
परिवारीजनों,107
आध्यात्मिक,149
वर्षीया,193
त्यौहार,19
कड़ी,142
हैरत,81
मूर्तियों,22
गिरते,73
प्रतीक्षा,138
भटकना,157
मातृ,169
देशराज,110
हाहाकार,134
फुल,25
दूरदराज,135
बेशक,172
सम्बोधित,180
फिराक,144
उन्नति,127
आनन्द,199
बिखरा,83
एकाएक,127
रुकी,194
मजाक,188
बहा,157
चौड़ा,67
जीती,14
मस्जिदों,187
रिहाई,158
तफ्तीश,35
अस्सी,190
चकिया,158
सर्विलांस,191
सैलाब,102
अता,1
पावरकॉम,191
इस्पात,169
उपयोगी,58
काका,188
प्रशिक्षुओं,71
वसूले,135
खालिद,144
भरपाई,137
चूल्हे,83
छात्रवृति,130
महापर्व,19
महल,78
चास,79
दिवंगत,69
मैराथन,63
गेंद,199
गुरचरण,108
गोपी,77
शिवाजी,110
प्रज्जवलित,95
शांतिपूर्वक,22
दरिया,158
मानसी,100
प्रभातफेरी,11
मर्जी,90
दिव्या,147
सीटी,57
हटवाया,85
रंगे,61
समाजिक,183
उखाड़,189
मजार,82
सीने,167
निकायों,116
घूमते,118
हरेन्द्र,64
गुड़िया,189
सौर,67
प्रतिष्ठानों,130
अभिनेता,62
तेजाब,102
हॉस्पिटल,98
वृक्षों,6
आत्मनिर्भर,72
दौड़े,67
पहुंचीं,40
खाया,85
बाघ,102
संक्रांति,182
विपणन,58
पटाखा,157
केमिकल,63
ठिकाने,158
जमे,142
दबाने,75
परीक्षक,138
जन्मदिवस,193
हत्यारे,45
हास्य,147
आदत,10
असल,78
बरसाती,35
गणपति,127
सावधान,134
उसपर,78
गेंहू,135
बहल,10
लोहड़ी,151
निर्देशक,72
पूंजी,184
नैन,91
प्रतिमाओं,116
पहलू,161
कमाने,75
मक्खन,108
बैल,25
सच्चिदानंद,11
बेकाबू,94
शुरुआती,195
बस्ते,92
रोते,132
सस्ती,190
गर्मियों,4
असुरक्षित,182
नन्हे,178
झुलसी,118
अग्रहरि,127
आपातकालीन,114
खरीदकर,122
खासे,143
ठंडी,42
धीर,64
मुबारक,144
सजावट,74
पुरोहित,113
टीके,57
रक्षाबंधन,19
छोड़,170
सैर,140
सोचा,79
छोड़े,76
लगवा,186
लाइनमैन,63
वीडियोग्राफी,129
गिट्टी,8
आश्रितों,175
कीर्ति,14
छिपे,73
प्रदर्शनकारी,69
नाके,143
हरिश्चंद्र,64
अप्रिय,14
कारी,35
गयीं,65
शिवरात्रि,19
दीवारों,29
रेशम,34
स्वराज,110
आकार,74
कैमरों,15
उम्मीदें,7
दिलवाने,105
प्रजाति,130
बिस्तर,125
पैमाइश,134
गुम,155
भ्रष्ट,121
कोयले,108
समर्थित,30
आश्रित,14
काफिला,158
मेहंदी,61
सबकी,16
उलझ,124
कतारें,82
औपचारिकता,183
धज्जियां,66
आंशिक,2
दीवानी,35
सीरीज,24
यादगार,134
दावेदारी,46
तिरंगा,61
असंतोष,28
सेंध,164
सृष्टि,30
तेंदुए,26
एक्सरे,197
रिफर,63
शिष्य,71
उधार,29
बंगाली,159
जरुरी,140
कदाचार,49
गुजारा,141
गलियां,26
चप्पे,143
किराना,158
खामियों,4
निष्कासित,72
सुल्तान,144
उनपर,124
ठहरने,17
विश्वविद्यालयों,152
खुशहाली,120
जौहर,90
सच्ची,122
जादू,160
भोज,90
झुग्गी,39
तथ्यों,86
लूटकर,87
सीढ़ी,128
प्रणव,127
अड़े,17
सुंदरीकरण,136
सती,16
पर्दा,143
नेत्री,150
आजकल,78
छलांग,155
होलिका,188
तराई,137
गवाहों,93
प्रखण्ड,162
दिनांक,103
चाहिये,104
मंत्रिमंडल,150
कुंज,184
छतों,52
टकराई,137
सोनम,108
पर्वतीय,162
जमीनों,20
आईटीआई,57
अचेत,68
एसबीआइ,57
सजी,16
ट्रेनर,197
नीम,91
सभ्यता,147
दुरूस्त,125
सलाम,144
गोपनीय,58
पेंच,51
कुष्ठ,169
नजरअंदाज,48
संतान,18
उपप्रमुख,101
अदालतों,116
वायदा,59
जिम्मेवार,112
करीबी,172
प्रश्नों,15
रोके,77
गोलियों,4
आंकलन,58
कंधे,2
समूचे,161
जेठ,108
असमर्थ,58
सिगरेट,197
विदा,160
नोकझोंक,59
राजभवन,110
झूम,118
बसेरा,143
हैरानी,134
काजी,35
महबूब,144
खंडों,126
परिवर्तित,180
हमलोग,93
औसतन,78
मौखिक,103
जत्थे,45
निकलता,74
गैरहाजिर,3
उदघाटन,74
साहस,136
प्रसारण,130
दंश,28
स्रोत,173
लदी,0
बागान,102
बुद्धि,166
कलम,78
तहकीकात,35
सातवीं,128
जुड़े,80
बैठाकर,99
झूठी,118
दशकों,31
मोर्चे,129
शशांक,68
पालकी,169
अलबत्ता,92
तख्त,92
तालियां,158
चना,74
लंबाई,96
दवाइयों,93
रिश्ता,125
कहता,50
सांगवान,155
प्रीत,14
अगुआई,195
माथे,45
नसबंदी,199
ग्रामों,13
पडे़,70
ठेला,139
जलाशय,169
शनि,108
खिलाड़ी,153
दिमाग,112
फर्श,197
नंबरों,15
शीशा,35
नाजायज,163
राजकुमारी,110
बैराज,110
विकासखंड,62
गोदामों,66
अपनाया,50
उगाही,81
बैठकें,99
पट्टा,8
भूरा,110
प्रमंडलीय,126
झेलना,163
डायरी,35
विनीता,100
प्रशस्ति,30
बलात्कार,49
जानकार,48
सस्ता,92
संरक्षित,182
घने,154
संयोजन,9
आईं,57
पहुंचती,40
बंधी,115
सेकेंड,24
निराला,159
दरकिनार,100
लाठियां,153
बुराई,137
रूपी,161
संबधित,115
आत्मदाह,49
सर्द,199
वारंटी,98
उम्मीदों,7
फोड़,145
नगरीय,127
उद्योगपति,66
स्पर्धा,18
रथयात्रा,49
बताएं,47
उपयुक्त,182
डग्गामार,155
निमंत्रण,72
इमारतों,21
कस्बों,20
रखती,54
सम्राट,110
जाहिद,144
राजमहल,102
श्मशान,100
मधुमेह,97
ठिकाना,158
स्वस्थ्य,18
कबूल,25
रूचि,161
बारीकी,29
सृजित,180
अभियोग,86
धैर्य,147
गल्ला,181
दीक्षांत,138
चाक,188
व्यायाम,32
असीम,91
दिनचर्या,112
सम्मिलित,38
स्वयंसेवक,18
उतनी,31
जागृत,95
पुस्तिकाओं,130
आदिवासियों,107
निरंकारी,72
चक्की,39
गेंदबाजी,48
नाबार्ड,129
छीनकर,87
रुझान,176
प्यारे,49
गान,155
मेधा,143
अफीम,97
मनमोहक,127
विभोर,148
व्याख्यान,32
शिथिलता,6
त्रिलोक,14
शर्ट,197
पंडालों,116
चकमा,186
दंगा,42
बेची,122
गिराने,41
मर्यादा,160
दांतों,20
फायदे,134
बंधु,26
चढ़े,70
पोषक,169
छीना,53
बिचौलियों,4
चलाये,47
निरीक्षकों,71
अगला,33
जिनसे,165
तंगी,61
आकृष्ट,121
शिवलिंग,19
पढ़कर,170
चीजें,51
ज्यों,4
पंचायतें,51
झूठ,118
पहुंचाना,40
बैरंग,61
टैगोर,77
प्रचारक,49
कारों,93
सेवानिवृत्ति,62
झूमने,118
करारी,35
तोहफा,44
डकैतों,108
झुंड,139
पड़े,70
खंडेलवाल,153
बताओ,12
पंचमी,28
चहारदीवारी,29
जुबान,48
न्यास,18
सुनीं,37
कृषकों,71
ऊपरी,31
गढ्डे,143
मुनाफा,59
घाटे,8
गोबर,87
अनुकूल,103
संयोग,9
प्रवर्तन,117
दबदबा,102
नक्शे,117
उनलोगों,93
रेलखंड,42
भट्टी,8
संलिप्तता,130
देखें,27
बुंदेलखंड,94
हानि,53
उतरा,157
बेरहमी,172
चकराता,163
इंजीनियरों,98
भूस्खलन,135
हमलोगों,93
अध्यक्षा,55
मिलावटी,112
फंसी,164
ग्रसित,182
बढ़ाना,170
ठिकानों,21
बनवारी,35
मशीनरी,39
रहस्यमय,127
ग्राम्य,129
वाणी,5
नारियल,158
तबियत,81
मंजर,108
धरपकड़,142
अंकिता,114
तीज,90
रशीद,199
मुख्यालयों,101
बखूबी,135
दखल,124
प्रबल,127
उपेक्षित,182
खेप,108
बेचकर,122
निपटा,196
दफा,1
साध,147
छापामार,59
पशुपालकों,169
पेंशनरों,15
सच्चा,49
कष्ट,8
माननीय,5
भरना,157
रिश्तेदारी,149
पंखा,42
निजीकरण,58
प्रधानाचार्यो,89
लड़की,44
बहुजन,127
हरिजन,108
पीपल,161
प्रेरकों,14
दर्दनाक,134
खिसक,165
कटकर,10
जिलाधीश,89
झूमे,118
पाप,169
मिर्च,112
उल्लास,181
बताना,163
हटने,17
करूंगा,104
सीमांत,68
व्यापारिक,32
आयोजनों,86
गृहस्वामी,11
पूर्वोत्तर,162
दावत,35
सुनाकर,37
पते,73
जाग,155
कासिम,144
पढ़ते,170
ब्रांड,24
भागों,21
व्यवस्थित,30
तलाशने,41
ट्रॉली,191
रोकी,77
त्योहारों,19
खर्चा,51
रामलखन,110
अग्रसर,127
ब्रह्मा,11
कांता,159
देहाती,160
सीसे,165
क्रिया,130
वाटिका,114
नौकर,44
कुंभ,126
साधे,45
सफाईकर्मी,109
तबके,17
आपत्तिजनक,30
साले,45
अपनों,52
खटीमा,35
अभिजीत,95
जिम्मेदारों,112
खिलाकर,105
संबंधों,115
सरना,1
मटर,124
फाड़,189
संपदा,179
असमंजस,9
बढ़ाते,170
हेराफेरी,59
अनावश्यक,32
बहनोई,33
परीक्षाफल,138
अंग्रेज,2
वाहवाही,134
भयंकर,28
पीलिया,158
सौगात,136
फेरबदल,172
डालें,196
त्रिभुवन,182
राई,137
अन्दर,127
गड्ढा,42
आफत,10
पिछड़ी,106
आन्दोलन,86
चुनी,37
अर्थात,147
सूखने,135
मेहर,108
मुसलमान,144
बमुश्किल,36
चौड़ी,67
सुस्त,125
परेशानियां,84
प्रस्तावों,130
अनेकों,20
खरे,0
पोखरे,139
जयकारे,45
बकरीद,199
बरामदे,143
निराधार,72
जवाबदेही,134
चिंताजनक,134
वायदे,160
सता,1
तीखी,151
कटा,157
कलह,124
लखविंदर,64
पहुंचता,40
बीजद,57
अंश,127
सांसदों,86
लाएं,47
महानिरीक्षक,88
यापन,74
आशु,140
लोकायुक्त,89
मण्डल,126
ट्रॉफी,191
सैंकड़ों,20
कब्जों,20
राही,35
भागा,74
अन्यत्र,127
मोहर,108
दाग,155
अजीज,90
बौद्धिक,183
प्राय,130
प्रगतिशील,14
डिब्बे,83
पंचम,28
मनाए,47
अराजकता,74
साईं,137
जिसपर,133
दुश्मन,120
अपेक्षित,182
खसरा,186
लटके,17
दिग्गज,187
आचरण,124
पेय,169
दयाराम,110
शराबी,35
कारखाने,46
झुलसे,118
घुसा,79
प्रतिपक्ष,43
करवाते,132
आगनबाड़ी,153
हलचल,10
हेलीकॉप्टर,98
झाड़ियों,153
मुकदमें,126
चौकीदारों,46
पहुंचाई,40
लगानी,35
ग्राफ,129
गोकुल,155
सुगम,140
समाधि,74
वारदातें,59
परवान,81
घाटशिला,159
प्रेसवार्ता,149
सर्वजीत,95
प्राणी,113
कुपोषित,182
जताने,75
उन्नत,127
भतीजा,90
रोचक,127
दंगे,61
धमाके,188
आश्चर्य,121
सचान,82
दायित्वों,177
सज्जन,86
दुबारा,29
नवमी,111
सर्वागीण,6
अनजान,5
जुडे़,80
कटे,197
रोने,77
शिक्षिकाएं,152
फतेह,108
ईमानदार,134
बल्लेबाज,48
अराजक,82
तोड़,145
हरेक,165
बंटवारे,48
आत्मसमर्पण,97
हेमराज,110
बयानबाजी,134
हुजूम,144
मजा,1
जातियों,175
कवियों,175
ऊंचे,51
माओवादी,5
कड़ाई,137
पत्रिका,114
गोवंश,155
छिपा,169
आसन,124
अर्चन,127
शोकसभा,74
निरोधक,72
खंभों,20
सिखों,175
बिकने,106
भट्टाचार्य,11
आनाकानी,53
क्षतिपूर्ति,30
चमक,124
हरिहर,108
भाईयों,175
जसप्रीत,14
बिगड़ी,106
मार्गों,129
गुटखा,141
आधिकारिक,88
दिनहाटा,158
मानसिकता,183
सर्वशिक्षा,152
श्रमदान,49
परिश्रम,148
झाड़ू,189
अरोरा,143
खूंटी,139
कार्यकत्री,109
भूजल,127
माधुरी,11
मानो,53
बैनामा,53
उम्रकैद,199
यकीन,91
ब्लू,181
कटी,142
अवस्थित,30
जलकल,108
बनाएंगे,56
रुकवा,194
कहें,119
छूटे,118
इरादे,160
गुणवत्तापूर्ण,22
मनाते,45
युवराज,110
छाप,169
पल्सर,197
अंशकालिक,114
अध्ययनरत,55
फर्जीवाड़ा,59
दीदार,29
पत्रक,173
एतराज,90
फरीद,199
रास,79
गनीमत,151
फुसलाकर,168
बुझा,176
अनुश्रवण,58
टिकी,39
सुन्दर,136
बिन,91
तरीकों,20
इंच,51
जलवा,1
खेतीबाड़ी,153
भागकर,12
विरोधियों,148
गरम,124
चार्ट,98
पेड़,80
लिंग,24
बल्ब,108
जनों,86
कसा,1
विराट,110
आत्मविश्वास,149
बेचे,122
चेहरों,122
बाजपुर,141
पेशे,117
प्रस्थान,130
गुड़,80
छिपी,169
प्रतिस्पर्धा,149
बेचते,122
शासनकाल,114
मिलें,24
खलिहान,158
दामन,53
भयावह,81
नाट्य,147
बाट,8
जिनको,77
गोमती,97
होनहार,29
खुशहाल,120
पुरजोर,141
अपार,82
वरीयता,74
सुर,140
मैचों,36
दंत,28
वकालत,81
सट्टा,8
टकराव,82
भेजना,196
लपटें,119
हरित,68
अभिकर्ता,109
सिक्के,131
पिलाकर,105
ढुलाई,96
आदेशानुसार,130
युवतियां,84
सुलझा,196
बेसहारा,134
मानवीय,5
महत्वाकांक्षी,149
विस्फोटक,184
आशियाना,158
बोध,87
बराबरी,102
दुपहिया,83
रविकांत,68
खीर,139
शक्ल,25
रसोइया,137
आकांक्षा,149
दबे,142
कर्मजीत,95
दरार,143
फौरन,44
संप्रदाय,18
श्रृंखला,13
ढूंढने,73
प्रसन्नता,49
खोजने,27
बॉलीवुड,36
खजाना,163
रूटों,15
उपासना,5
संग्रहालय,184
श्रद्धासुमन,11
मादक,169
प्रत्यक्ष,121
पारदर्शी,130
राहों,175
रखाव,155
दोहन,58
निषेध,72
रिटायर,98
जीजा,90
मुक्की,39
निर्यात,72
आजीविका,95
मनायी,100
जली,142
बिछाई,83
पच्चीस,128
शिवराज,110
निकटवर्ती,162
दृष्टिकोण,121
दांत,68
कृत्रिम,182
मूर्तियां,22
बेघर,172
लोडिंग,24
लाद,160
भटकते,154
गहनता,1
चिकित्सीय,38
पदम,124
कानों,21
रियाज,158
यंत्रों,173
पटरियों,4
विराम,6
फैंसी,164
शाहगंज,102
पलटी,54
चौड़ाई,96
रईस,10
मरे,108
जीविका,95
दंडित,180
एग्रो,77
विचारधारा,62
अख्तियार,3
पहाड़ों,21
जुर्म,168
वीआइपी,57
मंडलों,126
सशक्तिकरण,30
पुनर्गठन,117
मोड़,126
शीर्षक,138
खंगाला,159
बचाना,50
हितैषी,14
उपलब्धियां,60
गुरुद्वारे,174
समृद्ध,166
किशोरियों,148
पोखरा,159
रूख,194
जुटने,73
वृद्धावस्था,32
भागते,132
डूबा,143
चारपाई,137
परीक्षकों,138
स्नेह,147
ननद,124
आदर्शो,86
खासतौर,44
उपाधि,74
झूला,159
राजगीर,110
विराजमान,62
आंदोलनकारी,69
सिलेंडरों,15
अल्पसंख्यकों,69
कूदकर,131
काफिले,158
मंजिला,36
पाला,159
समझकर,33
नामी,100
माताओं,116
चिकित्सकीय,38
लोकतांत्रिक,183
जोहड़,108
जूते,135
बोधगया,102
टोपी,77
बनवाए,47
चढ़ाया,50
शिकस्त,92
सरकारें,29
थानांतर्गत,89
संतुलित,182
जहमत,151
सहमे,17
मुद्रा,101
स्वाति,147
उपमुखिया,101
संभवत,9
रीति,14
गुत्थी,14
दिलशाद,144
प्रवासी,107
घरवालों,93
रिसाव,158
तपिश,34
सैलानियों,175
सिखाया,105
पुतले,108
लड़ी,54
आजिज,90
नामांकित,180
बलि,142
घाटा,8
बढ़चढ़,70
बदसलूकी,185
चुस्त,125
भरते,17
फेंके,131
विकलांगता,6
पुर,141
नूतन,127
पापा,159
स्मरण,9
प्रक्षेत्र,121
शिखर,64
होशियार,3
अफसोस,171
मायूसी,100
खूनी,135
खडे़,70
मेंहदी,151
यूनियनों,191
श्रुति,14
जख्म,97
फीडिंग,24
कराएगा,104
तीव्र,14
जीवनी,95
शौक,44
कुंडल,126
जलमग्न,127
किसने,165
समझी,16
मोक्ष,113
पट्टे,8
बचाकर,12
खानपान,134
इनामी,35
फहराया,85
खुदरा,168
शेरपुर,141
निर्भय,72
बजाने,75
सुनसान,136
बेबुनियाद,112
वहन,124
हवालात,134
क्षत्रिय,121
किरदार,3
डोडा,155
अभिकरण,58
पत्थरों,20
पुलों,20
धरा,157
महापात्र,11
खिल,139
जगाने,75
झूले,118
आमसभा,1
प्रशिक्षकों,71
भिजवा,143
बनें,119
जनमानस,5
लगवाए,47
स्वाद,18
अंत्योदय,2
खड़े,70
केला,143
तारिक,188
प्यारा,49
चारो,49
पहरा,186
निगमों,60
परे,108
विद्वान,62
जनसेवा,179
जोड़ों,145
रीढ़,127
उठाएं,47
लाते,132
व्यर्थ,18
दरकार,82
उतारकर,12
महक,124
गजल,78
गाजे,143
गृहमंत्री,150
लोकप्रिय,38
कमियों,175
सेनानियों,175
गाए,47
कुल्हाड़ी,153
कारीगर,29
अनियमित,38
द्वारिका,114
आहुति,140
शास्त्रीय,149
इंटरसिटी,98
ढाका,159
समाजसेवा,179
प्रबंधों,115
बजरी,54
पटल,78
ठेले,139
नजीर,91
गुंजन,108
जाप,169
पखवाड़े,111
सटीक,197
निकाह,188
परगना,186
बादशाह,102
संस्थागत,18
स्वामियों,175
घात,169
अनुमंडलीय,126
स्थलीय,9
पत्रावली,173
शतरंज,90
मौसमी,44
अंशु,140
चुन,37
सुनाते,132
दुर्गापूजा,19
पहुंचेगा,40
कूड़ेदान,153
पौराणिक,113
दबकर,33
दिखता,105
पीले,197
कायरें,24
मृदा,6
हत्यारोपियों,59
योगा,169
दौलत,44
मन्दिर,173
फर्ज,90
कुचलकर,108
व्यतीत,14
मांगते,61
गुण,58
बेल,25
अटूट,87
सूफी,135
ऋतु,140
ताजिया,158
पूछ,171
प्रमाणित,130
संस्कारों,18
प्रतिद्वंद्वी,166
संशय,9
सेवादार,109
जच्चा,49
धनखड़,142
फिसल,25
खूबसूरत,135
बैठेंगे,99
रूपया,161
भुखमरी,120
सभाकक्ष,55
कागजातों,46
नहरी,16
सिखाने,105
माहिर,3
सेल्समैन,63
कंटेनर,15
विक्रांत,182
जिम,90
धरे,142
अधीनस्थ,55
चप्पल,108
सीआइएसएफ,57
बनीं,65
अंधाधुंध,2
मोहर्रम,97
एजेंसियां,84
गंडक,108
हजारी,35
मीर,91
उमंग,61
पीला,159
प्रवाहित,130
आदी,16
शहरवासी,79
चिंतन,127
बांटकर,87
जलेसर,108
कबाड़,189
पर्वत,108
करनेवाले,175
भाड़ा,189
सदमे,154
बांधने,73
आधारभूत,22
थाली,198
उतारू,143
खांसी,79
नोटों,15
महंती,28
खिचड़ी,151
धोने,87
सहायकों,116
मुनीष,64
फरियादी,3
दबंगई,61
दोहरी,172
प्रतियोगी,60
बच्चन,122
जोगेंद्रनगर,64
वर्चस्व,177
महापुरुषों,113
कट्टा,8
जनविरोधी,148
हुंकार,7
मोमबत्ती,151
जीवों,86
संगीन,184
शुमार,141
समायोजित,180
हालातों,134
खजाने,75
झमाझम,118
मीठा,100
आंगनबाड़ी,153
डांट,197
नेक,165
सवालिया,158
संरचना,179
प्रभावितों,69
शफीक,91
चरमरा,186
अलविदा,5
सद्भाव,49
खरीदना,29
निचली,151
हेमा,143
नील,25
डुबकी,39
घटा,157
दुष्यंत,182
अन्न,53
खड़ा,70
घुटने,118
एजेंटों,15
मारामारी,59
डालना,163
मैक्स,63
भूखे,135
प्रभाग,130
लाभकारी,32
प्रवृत्ति,30
पधारे,45
तेंदुआ,26
अपराधिक,183
दौड़,67
दही,16
दंग,61
चारे,45
उड़ाने,41
असंतुलित,182
दिलाए,105
पीना,53
सत्यवान,147
खरी,0
घूमकर,118
भ्रम,127
बकाए,47
चिल्लाने,83
कूच,51
कायाकल्प,114
खुशियों,120
संवैधानिक,183
बोलकर,172
मनोरमा,53
बहनें,119
उपद्रव,148
उपराज्यपाल,89
चुनने,37
टकराने,75
आमतौर,44
माओवादियों,69
ससमय,10
आपने,33
सज्जा,95
बैसाखी,19
बीड़ी,80
सिद्धांत,184
गांववासियों,107
क्रांतिकारी,149
प्रख्यात,101
खातुन,53
प्रश्नोत्तरी,121
लगाएंगे,56
सब्जियां,66
उदयवीर,91
कर्तव्यों,177
लपटों,52
बाधक,74
निकालना,105
छाई,137
डोली,139
काटते,132
चूल्हा,83
अर्से,197
स्कीमों,15
कान्वेंट,98
वत्स,34
राग,155
भूगोल,135
बजरंगी,61
लेफ्टिनेंट,98
अंचलों,20
किसके,165
लौटाने,41
सूचक,184
तपन,124
प्राक्कलन,130
जेलों,175
प्रभावशाली,149
शराबबंदी,94
दलील,25
स्त्रोत,173
बुरे,140
गिर्द,199
पहन,124
परिचर्चा,49
आभा,82
जाखड़,157
ज्वाला,159
रची,142
मंत्रोच्चारण,173
घोटालों,21
चरणबद्ध,58
उखड़,142
दूल्हे,120
सांख्यिकी,183
दक्षता,49
वित्तविहीन,38
अरसे,31
झुलसा,118
निकालते,105
तालीम,144
बकायेदारों,46
मूंग,61
देवा,160
आगाह,81
अष्टमी,111
नेत्रदान,147
लौह,108
गजेन्द्र,64
लेंगी,23
दायरा,163
खुलेगा,104
घटने,154
परिधि,30
उपचाराधीन,88
सुशासन,136
प्रीती,14
सिखाए,105
श्रोता,49
उमड़े,80
प्रबुद्ध,166
जौहरी,90
हड़पने,17
कानूनों,46
पत्राचार,49
पीली,25
चुनौतियों,4
खदेड़,80
अतरौली,67
उत्पादक,66
सत्तर,190
बेचैनी,185
उद्योगपतियों,69
सूक्ष्म,121
शायर,81
लथपथ,142
व्यवधान,32
भुइयां,26
पुरातत्व,113
नाटिका,159
अनावरण,74
अनुचित,38
अभियंत्रण,72
चाहत,81
कटवा,186
अंजान,90
प्रिय,14
इबादत,81
नकाबपोश,59
संभाली,179
झरिया,189
जानबूझकर,176
घिरे,45
दुर्भाग्यपूर्ण,149
मूक,194
संवारने,179
औपचारिकताएं,84
भुवन,127
बजते,17
प्रवास,49
रूक,194
एजेंडा,196
बोलबाला,134
जानना,163
दवाब,1
लिखाई,105
ऋषभ,78
बकाएदारों,46
बैरक,165
गंगाजल,61
चैत्र,19
लेखाधिकारी,88
फंसाया,164
अधिप्राप्ति,130
बरसे,31
रिश्तों,125
पंडितों,69
तमन्ना,53
प्राध्यापकों,89
बोतलें,151
अपितु,68
राधाकृष्ण,11
कयास,79
पिलर,197
खड़ी,70
बढ़ना,170
हवेली,25
रहस्य,127
त्वचा,136
शुभारम्भ,19
हिस्सेदारी,112
असलहे,154
प्रेमनगर,14
साधू,79
पलटा,186
सत्ताधारी,49
पन्द्रह,128
पीरो,77
उल्टा,8
संयम,9
रोड़ा,189
सूरी,135
स्क्रीन,98
ठेकेदारी,29
तेरे,45
कांटे,197
फंसने,164
जद्दोजहद,199
व्रतियों,175
शिल्पी,14
फुटपाथों,21
सिरदर्द,199
प्रस्तुतियों,60
पंचों,51
मुनासिब,144
परसा,1
अमावस्या,19
स्थिर,30
बैट्री,191
निखारने,41
खींचने,122
बिगुल,25
निर्धन,72
समझना,50
पात,169
परिणामों,6
आपबीती,146
दरम्यान,53
पिकनिक,63
आहवान,157
खंभा,42
मंहगाई,134
पगड़ी,142
मेजबान,196
गुटबाजी,48
बरसी,16
त्रासदी,49
वालीबॉल,191
अद्यतन,58
संवर्ग,184
पालना,169
लौटकर,73
कुत्ता,125
सानिध्य,147
प्रावधानों,130
वस्तुएं,84
औपचारिक,183
करवाएंगे,56
घोषणाएं,84
दबोचे,122
लटकी,54
कैसा,192
सर्वोदय,127
सांय,79
कक्कड़,108
सशक्तीकरण,30
बेतरतीब,172
उफान,163
रंगीन,61
मुश्ताक,144
आशाओं,116
बनाओ,12
जागीर,35
सोते,132
तुषार,113
नीतियां,60
गुजरती,195
गर्भपात,6
दाह,160
पहनने,154
दूरसंचार,48
सुंदरता,136
छिपाने,41
पकड़,70
संक्षिप्त,182
कांडों,15
समझाकर,12
चर्चाएं,84
देंगी,23
मान्य,147
रैकेट,63
भिड़े,80
शाल,198
फजीहत,81
तांत्रिक,183
विभूति,30
पकड़ा,70
बरतें,119
सजाने,75
सुरक्षाकर्मी,69
बड़ों,52
जोखा,27
उठाएंगे,56
निकटतम,58
अरमान,5
गतिरोध,148
सरोकार,49
टुकड़े,87
छुड़ाने,176
जवाबी,81
अथारिटी,98
पूर्णत,22
धनी,142
बिगड़ती,106
बसर,124
सुस्ती,125
जयकारों,175
एचआइवी,57
तलाक,188
सजे,154
फाइलें,196
परचून,167
प्रवाह,130
दिलों,4
दुर्लभ,120
मोटे,77
पिकेट,63
रोमांचक,36
बुद्धिजीवियों,166
त्रुटि,182
ट्रासफार्मर,129
रासायनिक,183
कोटेदारों,46
उड़ाया,50
आतंकवादी,94
जीवंत,95
देह,34
स्वाभाविक,32
खामी,35
श्रीमद्,11
काज,90
फरोख्त,168
आधारशिला,114
स्टाप,77
नारों,21
भराव,82
भूसा,135
खनिज,90
बासमती,102
निगाहें,7
गलन,10
सदुपयोग,120
रातभर,81
पत्रकारिता,114
खागा,163
सताने,75
रचा,1
चौंकाने,176
ढाणी,159
प्रारम्भ,130
जातीय,95
दिखाना,105
नवाज,90
सुपरिंटेंडेंट,98
लहराया,85
तोड़े,80
ढांचे,51
केंद्रित,180
रोना,77
अथक,68
मनोकामना,5
गेंदबाज,48
गजराज,90
नकलची,142
चन्द,199
उपनगर,78
तपस्या,147
कराता,163
पालीथिन,191
उच्चस्तरीय,121
दुर्गम,120
पीतल,108
सैकड़ा,128
धमाल,198
फैक्ट्रियों,98
जिलांतर्गत,103
बदन,124
शंभु,28
बनाता,163
अर्जन,127
जल्दबाजी,48
बुवाई,96
कुंडी,42
समाना,163
सहमत,78
सूट,197
प्रायोगिक,130
जानता,163
समानता,74
भुक्तभोगी,182
नगरवासियों,107
विख्यात,149
संभल,9
छाता,163
बैठते,99
कमा,157
उस्मान,144
हनन,10
भिन्न,38
पहनकर,142
एहतियात,3
लाचार,49
पीते,45
घोड़े,80
सुपारी,141
बैठाने,99
छुट्टियों,4
बंधा,115
रोजमर्रा,13
परिक्षेत्र,121
मसलन,78
सूखी,135
प्रोफेशनल,98
अध्यादेश,55
आहट,10
गद्दी,39
उतारी,35
बहता,186
प्रयोगात्मक,130
अनाथ,82
मतभेद,199
छापने,41
किसे,165
खर्चे,122
विकट,108
गुरुजी,174
दहाड़े,189
सोचने,171
सतवीर,91
कपास,79
शाहबाद,102
ब्लास्ट,98
लगवाया,85
अखाड़े,189
चौसा,67
हिंदुस्तान,187
सुर्खियों,125
जहरीले,25
खिलाने,105
भुगतने,37
इंसपेक्टर,98
ढांचा,51
घनी,142
चिलचिलाती,83
पालकों,116
दर्शनों,86
किनारों,46
शीतलहर,127
नाश्ता,134
चुराने,176
सूचियों,184
नान,100
बाथरूम,36
ठेस,165
निकलती,73
वैवाहिक,183
दिलचस्प,120
कृत्य,177
सनसनीखेज,185
बुलाए,176
मूलरूप,161
बकायदा,81
अबकी,16
जाओ,116
थानान्तर्गत,89
अमलीजामा,59
फलदार,82
हिमालय,100
नाना,53
भूतपूर्व,22
गम्भीर,14
दाने,53
पतंग,61
वैली,25
पुत्रगण,113
फलस्वरूप,22
खोखे,27
सुकून,135
रखनी,54
गायिका,114
जगजीवन,95
संदिग्धों,115
बांसी,79
राजभाषा,110
सोचना,74
दलदल,124
तिल,25
भिखारी,5
ड्रामा,129
खुलते,27
गमगीन,167
कामगार,46
ठहराते,132
पहुचने,40
दिलाना,160
लम्बी,39
दिखायी,105
कुरान,144
बैठना,99
थैला,198
कहावत,81
सांकेतिक,183
गुफा,141
दूंगा,104
वनों,52
नाच,53
पंपों,169
दार्जिलिंग,129
घोड़ा,189
शशी,54
कामगारों,46
जुल्म,144
बेहतरी,185
बखान,163
ज्ञापित,180
भेद,58
बिस्कुट,125
तरजीह,146
याचिकाकर्ता,114
बैद्यनाथ,11
मयूर,140
मुल्क,168
चर्चाओं,116
प्रलोभन,184
गाते,132
सत्याग्रह,147
खेमे,27
रोहन,108
नीलकंठ,42
छोड़ना,76
शिवालयों,19
सादा,160
बेमियादी,144
अनामिका,114
बुआ,26
सौतेला,134
विंध्याचल,11
तकरार,82
धर्मराज,110
आंवला,26
लात,81
महफूज,90
वंश,28
सुजाता,160
दफन,10
विलास,158
हानिकारक,6
अनिवार्यता,32
रहमत,10
प्रकाशोत्सव,19
चुनार,37
बीर,91
मिष्ठान,130
दिवाली,19
हटवा,186
मातहतों,21
निगल,53
सामग्रियों,116
इतर,10
गुरुदेव,174
पहर,78
जनवितरण,58
संजीवनी,184
लड़ाई,137
वृहद,127
समरसता,186
घुसपैठ,99
धमकियां,26
विक्षिप्त,182
गोपनीयता,13
पाठ्य,55
मेहरबान,134
रैंप,197
सेवायोजन,179
कराएगी,104
पहना,186
समीकरण,58
पालियों,175
सरैया,158
प्रदेशभर,162
दुखद,120
आठवें,31
अखंडता,74
पॉलीटेक्निक,191
फिल्में,36
घबरा,50
संचालिका,114
देय,34
टकराकर,12
धमका,186
लगाव,155
नित्य,147
आपत्तियां,60
मैदानी,100
कर्मवीर,64
बिछा,83
उल्टे,197
रखेगी,23
त्राहि,147
पौष्टिक,183
शौकीन,44
दरें,119
सिक्का,131
भौगोलिक,103
समझे,154
एकादशी,19
विनायक,62
उछाल,50
निभाते,132
करतब,33
रेफरी,197
निर्वाचक,72
रामवृक्ष,113
बीआरपी,57
बक्से,197
धमकाने,41
अनुमानित,180
ढ़ाई,96
ग्रामोद्योग,66
पलक,124
बली,142
मुख्याध्यापक,89
सर्दियों,4
अनाधिकृत,180
विषम,127
जानबूझ,176
विद्यासागर,11
हटाना,163
मुस्लिमों,36
मस्त,92
शगुन,37
ढोने,73
प्रांतों,162
कार्डधारकों,109
धूरी,135
काल्पनिक,183
गुजरा,141
अनवरत,78
सौभाग्य,149
बांधे,26
जानमाल,198
कुंडली,126
देखेंगे,56
ईनाम,163
कम्युनिटी,191
मुस्तैदी,125
गल्ले,25
अन्नपूर्णा,22
त्रिलोचन,182
गालियां,153
घंटी,8
दूरस्थ,22
सोए,146
गुजरे,195
मारते,132
रसोइयों,175
मोबाईल,129
कीड़े,80
नैतिकता,183
कार्यान्वयन,109
औचित्य,38
बेमौसम,44
अपनाई,137
अभिनेत्री,14
नकारात्मक,49
उतरते,17
इंजीनियर्स,98
ससुरालीजनों,175
मंदी,199
फर्जीवाड़े,59
गिराया,158
झूमते,118
बदलना,74
कुलभूषण,120
रिक्शे,98
लटकता,74
खट्टर,108
कैफे,63
शाखाएं,84
देवाशीष,11
केवट,108
उबाल,198
हकदार,82
किले,25
करवट,10
साधनों,179
अहमियत,3
टोनी,77
मसला,186
बचना,186
छूटने,118
ताऊ,137
वचन,146
अनुबंधित,115
धोखे,27
अंगुली,2
नलों,52
ढूंढ,196
ज्वालामुखी,11
आदान,82
चुराकर,176
परिचालकों,116
मनमर्जी,90
निभाया,50
भट्ठों,20
वार्डेन,129
सुखद,120
आपत्तियों,60
कर्बला,143
बुद्धिजीवी,166
उठती,16
आएंगी,23
रिचार्ज,98
खोखा,27
तान,35
बिन्दुओं,187
वाजिब,144
भंडाफोड़,59
लगाता,163
केसर,197
अभिरक्षा,49
अर्थव्यवस्था,32
गुलाबी,141
अंधकार,2
जीरा,110
जलती,54
तेरा,45
दोगुना,195
श्रेया,11
गिरता,74
बिगाड़ने,176
दैवीय,147
सूचनाओं,116
बीएसएल,57
हुड़दंग,61
ढलते,31
बीघे,172
रेलमंत्री,150
चौकियों,4
वर्षगांठ,193
तानाशाही,134
हिंसक,164
परत,124
गुणों,86
महफिल,167
घोल,139
निवेशकों,72
वित्तमंत्री,150
ढक्कन,108
खटखटाया,157
मौज,90
अवमानना,74
बनाएगी,104
मंत्रोच्चार,173
टेकने,197
दूल्हा,181
ज्योतिष,95
बानगी,134
मेघा,143
अमूमन,31
कढ़ाई,96
शॉल,25
सोया,158
पर्दे,199
उद्भेदन,117
मिलेंगी,23
पीटना,169
महारानी,110
लड़कियों,4
थानेदारों,46
स्तुति,182
कक्षों,43
समितियां,60
अनियमितताओं,116
व्यथा,147
सम्बन्धित,115
टांग,155
लोकप्रियता,32
जबर्दस्त,92
नाकेबंदी,94
ठगा,186
बुजुर्गों,174
विस्तारपूर्वक,149
बजा,1
शराबियों,175
बंजर,108
छटा,157
प्रण,127
कसी,142
गाया,155
हैसियत,192
खुदा,168
गोताखोरों,93
सुअर,140
इकलौता,44
निबंधक,115
मौतों,44
क्रमांक,103
रामराज,110
जुटाई,96
नयन,78
जस्सी,197
फूंकने,164
स्वर्णकारों,13
आकाशीय,146
सकेंगी,23
आयाम,74
जलवायु,6
पक्षपात,49
गुंडा,42
राष्ट्रपिता,13
खामोश,134
ख्वाजा,160
आक्सीजन,191
बरते,154
घटती,54
प्रसारित,130
लाटरी,191
दमखम,142
प्रायोजित,130
हिंदुओं,187
कथावाचक,5
जांचने,51
अतिसंवेदनशील,9
जोड़ना,76
घंटो,87
मदरसे,31
क्षण,71
अक्षर,117
खुलेंगे,56
कुछेक,165
प्रतिद्वंदी,166
एकादश,19
खिला,105
डायन,188
सलाखों,21
मिठाइयां,84
मोहलत,126
चोरियों,4
छाती,35
दीर्घायु,149
बटन,78
ब्रह्म,97
तेरी,45
नीली,25
बरस,78
तकलीफ,81
उड़ाए,47
आमंत्रण,173
बिगाड़,176
पशुपालक,169
नाकाफी,134
पहनाने,41
नाबाद,102
सबों,52
सन्,111
जटिल,25
नुमाइश,144
तीर,190
मुखातिब,144
कर्मकार,109
कतरा,1
लड़ा,157
दिनकर,34
शौर्य,147
लेख,27
सुखी,120
सब्र,199
असमर्थता,74
मसाला,198
त्रिलोकी,14
उड़ाई,137
साख,79
अनिश्चित,38
प्रचंड,42
तांडव,108
गिरिराज,110
कोटि,77
चढ़ाकर,70
सरासर,143
संलग्न,184
खोया,158
गवर्नर,24
गोलमाल,159
फौजदारी,29
हर्षित,180
नौकरियों,4
घोषणाओं,116
काटना,163
प्रैक्टिस,98
एयरफोर्स,98
भागी,74
मजीठिया,158
संपादक,179
घेरने,73
भावभीनी,5
तनावपूर्ण,22
वजूद,31
रखवाली,146
स्वावलंबी,18
खींचतान,176
हल्दी,39
थप्पड़,108
मालाओं,116
मोटरसाइकिलों,36
कार्पोरेशन,98
उड़े,154
अतिशीघ्र,14
मिलाप,6
नमो,142
संभावनाओं,179
साहित्यिक,183
टेढ़ी,151
हथियारबंद,94
सीढि़यों,4
नस्ल,25
पाइपलाइन,114
मुकुट,8
दुर्भाग्य,149
सुरक्षाकर्मियों,69
सुरंग,61
शीत,68
डलहौजी,90
इज्जत,90
दर्शाता,49
एकतरफा,50
रिवाज,110
गुंडागर्दी,59
मैया,158
ट्रालियों,4
मापदंड,126
नाथनगर,102
पंथ,28
सफाईकर्मियों,69
मिलाने,105
जगपाल,159
जानें,196
कटाक्ष,43
भीख,27
तकनीकि,68
दौड़ते,67
अनुदेशकों,86
परिवारीजन,107
स्वयंसेवियों,69
हिलसा,158
दीदी,199
मिलाया,105
दंगों,20
चढ़ाई,70
हाकिम,144
कुलश्रेष्ठ,121
पुनर्निर्माण,72
मोटा,77
प्रार्थनापत्र,149
उच्चाधिकारी,88
जया,1
समझें,119
हलवाई,137
साबुन,66
फकीर,90
नजरें,119
खेलना,27
स्वदेशी,117
भयमुक्त,182
हीलाहवाली,198
भाषाओं,116
उच्चतम,127
जनजातीय,95
बंदरबांट,87
संग्रामपुर,141
आत्मसात,147
सांई,137
अनुदानित,180
बाहुल्य,147
भतीजी,90
सटा,1
आतंकवादियों,69
विक्रय,58
धुएं,26
पकड़े,70
झोला,139
चैतन्य,147
पर्यवेक्षिका,138
तल्ख,108
गहमागहमी,134
झूल,118
सौंदर्य,136
बही,142
थोड़े,80
रानीखेत,141
शिशुओं,116
दक्ष,43
मस्तिष्क,182
खंडहर,126
अव्यवस्थाओं,18
धनघटा,157
पार्लर,24
सम्पूर्ण,22
कसबा,186
पालक,169
धराए,47
नाटकों,21
झांसे,79
चलाएं,47
मुसाफिर,36
प्रसूता,130
पड़ेंगे,23
अपनाना,50
धमाका,188
पैंट,197
उपायों,116
मानचित्र,130
पायदान,128
गांठ,108
अहंकार,49
कनेक्शनों,15
दौड़ने,67
जलाई,137
मनचलों,52
वास्तविकता,32
निवासीगण,107
दिखती,27
उपद्रवियों,69
क्रिकेटर,63
जनजागरण,5
कट्टे,8
पर्यवेक्षण,117
आगोश,34
हेलीपैड,63
कम्युनिस्ट,98
शुभकामना,120
धनुष,140
प्रतिपूर्ति,30
प्रजातियों,116
जहाज,90
पखवारा,74
बेबस,172
भेजें,196
पत्ते,92
शिवपूजन,19
आंध्र,2
अपनाकर,12
उपजाऊ,74
बैठाया,99
किशोरों,148
कांति,68
नकार,29
लाभदायक,134
पाटिल,159
शूटर,197
बनाती,35
वैसा,192
जूता,163
रेप,197
उद्देश्यों,121
अकेडमी,197
समता,186
उठते,31
ठगने,17
खलील,25
चाट,8
चुकाने,176
प्रशस्त,30
बेचना,196
हड़ताली,35
झेलने,73
पालिसी,191
इचार्ज,90
कांफ्रेंसिंग,98
अपनाए,47
रेलकर्मी,15
दबी,142
रचनात्मक,130
इकट्ठे,193
राजस्थानी,110
कदमों,52
इस्तीफे,168
हालचाल,134
चौंक,44
पूर्वजों,22
चलेंगी,23
सामंजस्य,18
गुंजायमान,147
मासूमों,93
रिमझिम,36
किनारा,158
उमड़ा,80
बूढ़े,172
गंवा,155
पारिश्रमिक,183
इसरार,82
विडंबना,179
जागो,155
महाआरती,19
जनाधार,163
रेडीमेड,63
शिवानंद,11
बंगले,42
दारू,160
आदर,124
विभाजन,6
धमकाया,85
मलिन,91
बुनकरों,20
मंडरा,42
जलाए,47
मैकेनिकल,63
लश्कर,108
पत्रांक,173
मन्नत,127
माइक,53
तदर्थ,127
अद्भुत,182
सुखराम,110
सभाएं,84
सीखा,27
अदद,142
थैले,25
महामाया,5
दिव्यांग,69
असलहों,52
ज्ञातव्य,147
अनापत्ति,180
कॉरपोरेशन,98
गाना,155
उत्खनन,127
रेलगाड़ी,153
नाता,53
पोर्टल,98
मुर्गी,39
नाश,53
कंधों,20
बटोरी,77
कमजोरी,185
अक्षम,58
सिफारिशों,3
कराह,81
होम्योपैथिक,112
भंडरा,42
कांटा,8
उपकेन्द्र,123
टूरिज्म,98
बोरियो,77
कविताओं,116
घटक,124
साक्ष्यों,18
आखों,52
तालियों,175
कुर्सियां,125
विषयक,58
हराम,163
कठिनाइयों,4
व्यंजन,66
बेमानी,144
अपमानित,180
निकास,6
देखिए,133
चलेंगे,23
बताता,163
बनवाकर,12
खींचकर,65
त्यों,4
भीड़भाड़,189
मानिक,183
सीमाओं,116
वरिष्ठता,6
आत्मरक्षा,49
मानती,35
चलन,78
माप,169
अटैची,197
तिहाई,96
कतिपय,127
अनभिज्ञता,95
आंगनवाड़ी,153
ठगे,17
पिछड़,106
अनुदेशक,58
सांझा,79
नीले,25
असंभव,9
कारीगरों,46
चौथ,128
बन्द,199
भावुक,134
सुरभि,140
कबाड़ी,189
बढ़नी,170
एकड़,70
जेईई,57
दलबल,142
लगवाई,137
कोशिशों,148
संपति,184
मार्कशीट,98
कराती,35
बॉल,197
ढीली,25
उपदेश,146
ढेरों,20
प्रशिक्षणार्थियों,152
जालसाजी,48
दिमागी,112
भूमिहीन,103
छूने,118
इंसानियत,144
छेड़ा,189
शर्मनाक,134
चाही,81
हिल,25
सोमा,77
खोद,139
आजतक,78
श्रावणी,19
सौंपते,73
जुकाम,112
क्षमा,49
चपरासी,79
रंगमंच,184
पम्प,169
पिला,158
लेखाकार,114
रचनाओं,116
व्यवहारिक,32
सुधरने,140
ऊंट,87
मेवा,143
टीसी,57
आश्रय,146
जूझते,118
लोकगीत,5
वाचक,74
समेट,197
हरकतों,52
महादलितों,69
पुष्टाहार,149
स्वभाव,18
चित्रों,173
स्वेटर,197
औषधीय,58
तृतीया,19
छोड़कर,170
पाठ्यक्रमों,55
बोरियों,4
कुचला,139
जनसमस्याओं,116
फायदेमंद,112
परिणामस्वरूप,130
बीवी,57
भाड़े,189
यथा,1
कीमतें,151
प्रतिरक्षण,182
निगमायुक्त,60
वर्गीय,43
नवयुवक,86
ननिहाल,158
पागल,159
बच्चू,122
प्रियदर्शी,14
बालकों,21
सम्बन्ध,115
अनुमोदित,180
शीट,8
प्रविष्टि,30
कैरो,77
विवेचक,127
गजब,10
गदगद,142
तवज्जो,90
भराई,137
मनाना,163
परियोजनाएं,84
रौंदा,155
शिशिर,64
कंधा,42
रंगा,61
एथलीट,86
हबीब,172
तापस,82
मुगल,108
जिसमे,165
नीलाम,100
पूर्णाहुति,22
उन्नयन,58
भागीरथी,5
जोड़ने,170
सिद्धांतों,60
हार्दिक,183
भयानक,108
करोड़ों,145
कुम्हार,36
बनानी,35
मीठे,39
बुनकर,87
सुबूत,135
संभाले,179
पखवाड़ा,128
कौम,91
सेवादल,179
प्रस्तुतियां,60
यथावत,82
उतारे,45
कोरी,77
प्रदेशीय,162
संगीतमय,184
भरवाने,75
सजाई,137
राजनेता,110
झोली,139
वास,79
घेरकर,108
सहेली,25
राजनेताओं,69
चोक,108
मदरसों,52
मतपत्र,173
घिर,140
डरा,157
बेचैन,185
राशनकार्ड,109
हंसी,164
बुझाई,176
उन्होनें,178
अपनाते,132
घूस,79
दोहरा,163
सभ्रवाल,49
लोकदल,86
रामानुज,110
विटामिन,112
थाम,53
बाड़ी,189
नाज,110
हरकतें,119
ख्याति,147
बिसौली,67
अतीत,68
रंगाई,61
शिवालय,19
धोबी,139
पूंजीपतियों,69
उलट,33
सवेरे,45
पिलाया,158
वारिस,158
पीडि़ता,112
मूकदर्शक,22
बचें,119
मौसी,91
ढाबों,21
राष्ट्रवादी,13
घटकर,87
चौरासी,67
हटकर,78
जिम्मेदारियों,112
विवाहित,62
लगनी,54
खरीदारों,29
असंगठित,115
कर्ता,109
अराजपत्रित,180
भेजते,117
अवरोध,58
निंदनीय,38
लुटेरा,141
पत्ता,92
रखीं,65
प्रादेशिक,130
माघ,155
गूंजा,155
समतल,10
दलहन,124
बजाकर,12
अजब,33
विषाक्त,6
व्रती,14
कव्वाली,158
शिशुपाल,11
जिन्हे,178
जैव,95
हकीम,91
पदोन्नत,38
आत्मिक,183
भूत,30
दोहराया,50
सेमीनार,100
चलीं,65
अटका,186
अध्यात्म,149
छुट्टियां,84
मदनलाल,198
साधकों,86
सुनाए,37
सैल,25
महाभारत,5
ठगों,52
कुरावली,159
बाड़ा,189
छठा,128
उत्साहवर्धन,149
निश्चय,38
गेंदों,20
आशाराम,110
वाह,81
व्यस्तता,177
साया,85
मुर्गा,174
भ्रूणहत्या,49
विसर्जित,180
खरीदते,122
महासम्मेलन,19
शीतकालीन,19
उपसमाहर्ता,163
काश्तकारों,46
आभूषणों,20
पर्यवेक्षकों,71
सिवाय,175
शीश,34
अभियोजक,86
बच्चो,122
लिंगानुपात,130
श्यामसुंदर,11
बंटवारा,48
उच्चारण,49
छिन,53
निष्क्रिय,38
नवविवाहिता,62
मुनीम,91
चोटी,8
मधुकर,108
क्षय,127
प्रगट,127
नानी,100
अंधविश्वास,149
लाठियों,153
तस्वीरें,7
समीपवर्ती,14
जुड़ी,90
डाकघरों,21
फैक्स,63
साधते,45
चढ़ी,70
उतरेंगे,23
इसने,154
प्रचलन,127
परमाणु,6
लीवर,191
टिकटों,15
पत्ती,30
इलेक्ट्रॉनिक,98
अल्प,169
बिजेन्द्र,64
चने,73
जुड़कर,80
स्वर्ग,86
अनुपमा,169
विनाश,6
बनवाई,137
संचयन,9
अभिशाप,6
असलियत,81
पढ़ती,170
ईटों,52
भूना,159
बेअसर,172
गायकों,93
पार्थिव,11
कार्यवाई,109
कार्टून,129
उद्धार,147
शीशम,34
खदानों,21
विशेषता,6
पुताई,159
अनुसरण,58
स्टेशनरी,98
होनेवाले,175
आंदोलित,2
विद्यानंद,11
अंतरिम,2
विद्वानों,62
आंखे,26
करायें,47
निर्मली,100
गोरा,155
घटतौली,67
धूम्रपान,176
बागवानों,66
डेरे,143
तबतक,127
शिक्षामंत्री,152
पंक्ति,30
साहित्यकारों,149
झपट,10
ताकतों,21
अपात्र,49
प्रेषण,117
संकल्पित,184
किसानी,66
कटवाने,75
ठंडक,108
फुटकर,87
सदी,16
लुभाने,176
चश्मा,143
भांजे,155
पैगाम,144
जमानती,81
गानों,21
बारादरी,102
लाडली,198
सुई,26
पड़ोसी,164
हर्षवर्धन,64
दिहाड़ी,153
चंपत,108
करुणा,159
किसकी,165
प्रणाम,49
समुद्र,187
निर्बाध,72
अमूल्य,103
सुश्री,64
खानी,35
मांझा,155
नदियां,26
ढुल,139
तैराकी,188
कैसी,192
संक्रमित,182
स्वेच्छा,149
सीआइडी,57
नियुक्तियां,60
सतगुरु,140
मुकर,108
मचाते,132
करतूत,92
राजेश्वरी,11
भीमसेन,64
गहलोत,108
इक्का,131
समुदायों,69
गरमा,157
खिलौने,44
रासलीला,159
लाये,47
उठाये,47
ठेकों,20
सपरिवार,107
दौड़ाकर,67
फूस,79
म्यूनिसिपल,191
ढिलाई,96
कटोच,108
जायें,47
निपटारे,196
योगाभ्यास,32
चुपचाप,176
बेतहाशा,134
निवासिनी,107
संतोषी,28
छेड़,80
शक्तियों,175
यथाशीघ्र,49
भट्ठी,8
व्यवसाई,32
टालमटोल,134
पढ़ता,170
आमलोगों,93
किन्नर,178
रखेगा,104
पहाड़ी,189
धुंआ,26
प्रतिबद्ध,166
हड़प,10
परमहंस,28
बर्तनों,15
मुहूर्त,174
सहसचिव,53
स्रोतों,86
बदलवाने,75
शंका,179
मोहताज,134
लीची,39
निर्वाह,72
निभाएंगे,56
पढ़ना,170
उत्सुकता,149
नाममात्र,49
सदियों,175
शक्तिपीठ,14
कूड़ा,131
मानों,21
कलाई,137
कसरत,124
सत्यापित,130
मालिकाना,114
भूगर्भ,135
हमलों,52
तनख्वाह,134
फिसलने,73
हाय,81
कविताएं,84
साधक,9
तोले,139
उपमुख्य,101
वृद्धों,166
चालीसा,128
कारखानों,46
जगरूप,161
जानकर,50
बीजों,20
बिखर,106
घमासान,79
चहेतों,20
कनपटी,197
भूरे,135
अधिकाधिक,88
लीलाओं,116
अपूर्ण,22
सर्वोत्तम,127
मरा,1
मुझसे,33
मिट,197
वैसी,192
जलनिगम,58
बिलकुल,36
मूंगफली,151
साम्राज्य,13
एथलेटिक,63
जलनिकासी,180
बरातियों,175
श्रमायुक्त,130
हुकूमत,144
मेज,197
डकैत,108
खचाखच,118
हस्तशिल्प,71
जैकेट,63
पिछला,196
अनार,82
तीमारदार,29
सेंधमारी,48
हारे,45
निरुद्ध,166
दिखते,27
मनाएं,47
शासक,147
सबमर्सिबल,24
दुश्मनी,120
चढ़ाव,70
खरीदार,29
पांचाल,159
उतरना,186
सातों,21
रियासत,3
मरहम,10
कुदरत,151
बिखरे,106
मोहब्बत,144
ढांढस,108
जरुर,140
चौके,44
चूड़ी,39
हिमपात,6
थाप,169
सुनियोजित,180
फेंककर,164
मछलियों,4
फुसला,144
स्थानान्तरण,18
पहिए,133
पूर्णतया,22
टेंशन,15
वतन,124
जमाए,47
तोड़ी,80
कौमी,91
अंत्येष्टि,182
तिथियों,60
रचने,154
सड़के,17
न्यायालयों,89
गुरुओं,174
अधिकारिक,88
सत्रह,127
अलवर,10
याची,175
व्यंजनों,66
बूढ़ी,185
मत्था,147
शुक्र,113
बॉर्डर,24
उपभोग,86
उतने,154
प्रतिभावान,149
धूमिल,140
अशांति,68
लहरा,186
दरारें,82
मनीराम,110
इंद्री,42
लड़ेंगे,23
अंर्तगत,2
सर्वोपरि,6
पंजिका,114
दबोचने,122
रोपड़,108
साईकिल,36
अड्डों,15
मम्मी,97
मंद,199
भारतीयों,5
चाची,51
स्पर्श,117
पड़ेगा,104
नक्षत्र,121
बसाने,75
करारा,110
इरादा,160
दिशानिर्देश,72
असमाजिक,183
लालबत्ती,59
वल्लभ,108
पांचवे,51
सुंदरी,136
दिलाते,105
जापानी,100
हल्दिया,158
नमस्कार,49
नाचते,132
लिपिकों,103
निवेदन,72
सहम,124
हर्रैया,158
रातों,175
साला,198
मनचले,154
जंजीर,90
ठहरा,74
गोभी,87
भेजेंगे,56
जुनून,185
फर्राटा,143
प्यासे,79
मण्डी,42
वादन,74
श्रीधर,64
अखबारों,93
रीतेश,64
सुने,37
संगठनात्मक,179
तोड़ते,76
मनिहारी,158
लड़ते,154
पिछड़ों,106
मानता,163
मक्खी,39
भरो,87
ऑक्सीजन,191
स्वैच्छिक,183
रहेगे,23
खड़ंजा,42
हड़कंप,42
विधवाओं,116
फूले,139
अनियमितताएं,84
अहिंसा,5
जुटाए,196
हताहत,81
बजने,154
निजाम,144
आयात,74
क्षेत्रवासी,121
पहुचा,40
जामिया,3
प्यारी,134
दमन,10
बुनियाद,112
सटी,57
अर्पण,127
बाशिंदों,93
वनस्पति,30
संकरी,28
विसंगति,30
नाई,137
पालम,159
फव्वारा,49
पडे़गा,104
डाका,188
शीशपाल,159
परवरिश,34
डिस्चार्ज,98
कृष्णानंद,11
निखार,105
कार्बन,66
समयावधि,74
जेठानी,110
चराने,75
अभिव्यक्ति,30
मंत्रों,173
पिपरी,14
सत्तारूढ़,49
क्रियान्वित,130
लोहार,141
हस्तांतरित,180
बहार,82
निष्पादित,130
पालने,169
उपकेंद्रों,123
सुनेंगे,37
मशरूम,97
फिक्र,144
बिके,197
फूटा,8
लायी,158
बैलों,20
अनुशासित,180
माटी,8
आंकी,26
कलेर,143
वक्तव्य,177
घिरा,155
अनुमंडलाधिकारी,88
विस्थापन,18
भट्टा,8
तीखे,27
परिसदन,127
तुरन्त,182
बाजू,90
बिरंगे,61
उत्तेजित,182
दिनोंदिन,167
साजन,110
कुश,140
रामकथा,110
कृति,68
प्रमुखों,101
शादीशुदा,149
सहायिकाओं,116
कमांडो,24
उग्रवाद,49
पहनाया,50
दर्जे,143
मोतियाबिंद,112
मिनटों,126
इकाइयां,137
विसंगतियों,60
कामिनी,100
प्रत्यारोप,130
विक्षोभ,6
कार्याें,109
मचाना,163
दिलाकर,105
बेरुखी,185
घाव,155
दीवारें,29
जूट,197
स्थली,9
कृतित्व,177
विस्तारीकरण,130
मशगूल,139
मदों,52
महरूम,97
खिली,139
भुगत,58
खुलवा,198
अनुभूति,182
वाममोर्चा,129
दिखेगा,104
बड़सर,31
जामुन,100
मुख्यधारा,101
बेसब्री,185
बगीचा,51
चरितार्थ,130
जगदंबा,96
मौरंग,61
मैनेजिंग,63
चरमराई,96
दीजिए,133
मनोविज्ञान,95
जिताने,158
रेलकर्मियों,69
अपरान्ह,178
रैलियों,4
धराशायी,5
छुड़ा,189
बेसुध,140
सिराज,110
दिलवाया,105
प्रबंधकीय,115
लूटकांड,87
प्रत्यारोपण,130
कोंच,51
खिले,139
हिना,53
तिपहिया,83
पंख,26
निकलेगी,23
पैठ,99
परमवीर,146
स्वाहा,160
डूबी,143
आनेवाले,41
प्रभागीय,130
नींबू,135
ज्येष्ठ,121
बहाया,85
अनुयायियों,175
बंसी,164
एकमुश्त,125
रघुराज,110
सायंकाल,114
शमन,78
कोस,77
अजीब,172
किलोवाट,129
फैसलों,44
हिदायतें,3
सदस्या,55
भूरी,135
अमरूद,146
अधीनस्थों,86
पांचवी,51
ललक,124
आधुनिकता,183
बताएंगे,56
पूज्य,113
भागदौड़,134
सफलतापूर्वक,22
कटों,52
कारणवश,49
घुसी,79
सुदीप,64
विलुप्त,182
जलसे,17
महामारी,134
चरखारी,35
उड़ने,17
विविधता,6
फैलता,156
तौबा,67
दागी,35
गृहकर,58
छीनी,39
अपेक्षाकृत,121
इनवर्टर,24
सम्मति,30
स्टेंड,24
सुरक्षाबलों,69
अनुग्रह,58
सुखचैन,91
कार्यकत्र्ता,109
फैलती,156
युद्धस्तर,166
ऑपरेटरों,15
त्यागपत्र,49
संरक्षा,179
पोखरों,20
दुबके,140
आभास,79
कैप्सूल,63
सर्प,161
अड़चन,51
गुपचुप,120
दुष्प्रभाव,149
गंगानगर,11
धारी,35
ट्रांसफारमर,129
मनमाना,163
हाशमी,144
कोसा,77
आरपार,82
खोखला,157
पाएं,47
कालिंदी,188
शुद्धता,6
विभाजित,180
सूचीबद्ध,184
हैंडबाल,24
सुनायी,37
तारें,7
ग्यारहवीं,128
संग्रहण,184
बहु,33
तकिया,158
दोगुनी,195
नवसृजित,180
सिलिंडर,24
रैयतों,20
फार्मो,129
पकवान,82
नतीजों,20
अनुभवी,58
शिवभक्तों,69
भड़ास,79
नौका,188
नमूनों,91
बहेड़ी,189
कुर्बान,144
बेनकाब,102
हुकुम,144
जसवाल,198
भांग,61
कतराते,132
पशुधन,169
पटवारियों,69
गोताखोर,29
प्राचार्यो,11
यद्यपि,68
सांझ,79
चबूतरे,118
रंजिशन,2
सैलानी,100
नशेड़ी,80
जंतु,28
जनकल्याण,147
टिक,197
निर्मम,72
पनपने,73
इकलौते,44
जुताई,137
नाकामी,134
बिंदू,187
गिरिजा,110
उत्पीड़न,14
मन्नू,53
बौछार,48
निकलवाने,41
शर्मसार,134
नेत्रहीन,38
व्याख्या,32
असंतुष्ट,182
संयोजिका,184
स्टालों,15
बकाये,75
जुआरियों,4
मिलीमीटर,36
अनुभाग,58
परंपराओं,116
बारातियों,175
रक्तचाप,169
बदस्तूर,190
स्तंभ,184
वानिकी,6
वाहिद,144
बचते,17
सुनाने,176
एलडीएम,57
काहलों,21
दर्शना,49
मंगाया,163
बुढ़ापा,176
पहुंचाएं,40
राष्ट्रव्यापी,13
कुंआ,26
खिलाया,105
दिग्गजों,69
मोहिनी,100
आपदाओं,116
रोपित,161
रचित,68
स्टैण्ड,98
पद्मश्री,64
दिलायी,158
पाबंद,94
कपाट,8
प्रधानी,147
बांग्ला,181
उपरान्त,68
प्रतिरोध,148
गढ्डों,20
हमसे,33
सुसज्जित,182
मोचन,126
मूसलाधार,134
मर्ज,90
विभागाध्यक्षों,89
चैम्पियनशिप,63
कुकर्म,97
उत्पादकों,66
एलबम,10
सबने,17
हिरण,127
युद्धवीर,166
कर्णप्रयाग,11
दाता,160
बगीचे,122
पनीर,91
उचक्कों,20
फांदकर,164
जर्नादन,53
जादूगर,29
प्रतिवाद,130
जोरशोर,87
पेशकश,117
निबटने,73
टहलने,154
ऊधम,142
भंगड़ा,42
बरसाना,163
छुपाने,176
रजाई,137
करबला,1
तनातनी,5
सूझबूझ,118
लगाती,35
भैंसों,20
हताश,143
टीएन,57
सादगी,134
यादें,7
जिंदाबाद,59
बेचता,122
फिजिकल,191
इलेक्ट्रानिक्स,98
महबूबा,144
अध्यापन,55
तड़प,10
समन्वयकों,86
समझाते,132
वाकई,192
अनुकंपा,179
आबाद,102
आंदोलनरत,2
मसलों,52
अनशनकारियों,69
टंकियों,4
मंडराने,41
शर्म,97
कोड़ा,189
समाहित,180
चेकडैम,63
नौनिहाल,83
नियुक्तियों,60
चपत,10
मैगी,61
परिभ्रमण,58
चौखट,67
कुटीर,141
सुझावों,179
सकीं,65
महंथ,28
बकरियों,175
बिटिया,158
लिफाफे,105
राजरानी,110
सफाया,85
घायलावस्था,114
शुरूआती,195
लीं,65
मिठाइयों,66
कमोवेश,34
कोशिशें,148
साधने,74
रियायत,3
शाहदेव,11
आवंटियों,4
पेशा,169
मुसाफिरों,36
टावरों,15
पहाड़ियों,153
मन्नतें,127
पोते,139
आकृति,30
डालेंगे,56
दिखावा,105
मालगोदाम,129
अनुज्ञप्ति,30
शील,25
दिखाएंगे,56
ध्यानी,147
भाड़,189
लड़े,17
चुनरी,39
जघन्य,127
धुनों,20
भौतिकी,103
आधुनिकीकरण,103
बहती,16
कारगुजारी,48
निकलेगा,104
प्रज्ज्वलन,95
पैटर्न,63
छिटपुट,87
श्रद्धापूर्वक,149
अधिग्रहीत,180
प्रवृति,30
समाजसेवियों,69
कुटिया,158
वनाधिकारी,88
भइया,157
बर्दास्त,168
रुकावट,176
किरायेदार,109
सलामत,144
अंदरूनी,185
मनसा,186
आपातकाल,114
किराएदार,109
बहादुरी,141
अहीर,91
तीक्ष्ण,121
सीएसआर,57
ठान,163
अदालती,81
ख्वाब,134
लहराते,132
चढ़ते,170
चाहें,104
परम्परा,49
चबूतरा,143
हटे,154
देखता,27
गाल,159
मेलों,20
ट्रैक्टरों,98
जानती,35
तबदील,25
आनंदी,199
संतुष्टि,182
बास्केटबॉल,36
प्लेटफॉर्म,98
भेड़,80
ठहरे,17
तपती,54
बुझाया,176
फेरे,45
कुमकुम,120
खदेड़ा,189
पिच,51
शमा,1
तकदीर,146
वामपंथी,69
शारदीय,11
भेंटकर,87
निष्कर्ष,121
तख्तियां,84
जूं,90
फोटोयुक्त,129
खूबसूरती,135
निबंधित,115
जड़ा,157
वाणिज्यकर,32
ब्रह्मानंद,11
नफरत,124
अनुरक्षण,58
सीखे,27
परी,68
शिवाला,159
तेजा,90
सजाए,47
निष्क्रियता,130
अमरपाल,198
उमड़ने,76
निवाला,158
चौकों,20
जानकारियों,116
गुणात्मक,130
इमारतें,81
प्रोफाइल,129
यहाँ,33
दुहाई,137
वेश,117
मछलियां,4
महाकुंभ,19
पीए,57
ईलाज,90
झाडू,155
हेपेटाइटिस,112
भुला,198
सोई,137
बहकावे,74
कारवां,188
डांडिया,155
लीन,167
लाभांवित,180
क्रोध,148
शर्बत,190
गठजोड़,76
जगमग,10
संभालेंगे,56
फिजीशियन,191
सहानुभूति,149
जांचोपरांत,51
नामकरण,74
पूर्ववर्ती,22
आशियाने,158
उर्वरा,143
उत्कर्ष,43
वातानुकूलित,130
मजे,142
जमीर,91
गैरकानूनी,46
गुजारिश,3
छेड़छाड़,59
पाइपों,15
हस्तांतरण,180
बकरा,186
पुरातन,113
महानगरों,21
दौड़कर,67
प्रदत्त,14
डूबकर,142
एनएचएआइ,57
बगावत,157
बनवाना,163
संज्ञा,18
बंधुओं,115
गड़बड़,10
बचाए,47
मजहब,124
नामचीन,5
बीता,35
रुद्र,64
गौरवान्वित,149
आमजनों,52
पूछते,171
संकलन,9
पतन,124
अनुभवों,86
पेयजलापूर्ति,22
चहेते,132
प्रार्थी,130
पसंदीदा,29
भाला,159
शिल्प,71
बिगड़ते,106
डिब्बा,83
सोची,77
कुलाधिपति,88
खाल,198
सीनेट,197
अनुशासनहीनता,149
शर्ते,92
घटों,52
बिठा,158
खोदकर,27
चुनौतियां,84
दूज,146
बाराहाट,102
क्रूरता,49
पुस्तिकाएं,130
सांठगांठ,9
राजदीप,110
चुनिंदा,37
जिज्ञासा,95
कहेंगे,23
निर्दल,72
संस्कारशाला,18
शैल,25
भ्रमित,182
हकों,108
कुओं,26
सौहार्दपूर्ण,149
बदहवास,157
वेशभूषा,6
बराती,35
प्रसूति,30
परिधान,6
आमादा,160
जांची,51
पृष्ठभूमि,121
पाठकों,86
सतह,124
गांववासी,107
पूर्वानुमान,130
कब्र,143
शिक्षाविद्,152
ड्राइंग,24
भुलाया,176
संभालते,179
तेजवीर,34
तोड़कर,170
खोलते,27
कारें,29
प्रवचनों,86
बिछाया,83
नशाखोरी,29
कलंक,108
मैगजीन,63
बाएं,47
अनुरुप,161
नीरा,110
यमुनोत्री,150
इसलिये,133
अपनाएं,47
हामी,35
बालिकाएं,114
स्तनपान,18
मसीहा,35
अजगर,10
चेयरमेन,63
राजनारायण,110
तुम्हारे,36
टकराया,85
रचनाएं,84
साइकिलों,36
पवित्रता,49
बास,102
बनाएगा,104
आउटसोर्सिग,98
इतिश्री,14
ठेंगा,104
समूचा,161
लिखना,105
प्रकरणों,86
उदयराज,110
प्रचलित,38
निहित,38
संवर्धन,115
बधिर,87
बोरियां,26
पांचवां,51
कंकाल,159
मलाल,198
पीडि़तों,69
गुजरता,195
खंगालने,41
जहरखुरानों,21
लालटेन,176
मिलजुल,36
गंदी,61
शादियों,175
बब्बन,108
बुध,140
बागडोर,102
मनाएंगे,56
कोसते,165
घटाकर,12
उड़ी,16
फूटी,8
तीरंदाजी,48
इन्हे,178
आकाशवाणी,5
बेदखल,172
चलाएगी,104
छपी,16
इकाईयों,175
कांच,51
खासियत,3
खोलना,163
सरहद,10
कनक,10
बर्खास्तगी,168
कोयल,108
बहुचर्चित,38
न्यौता,147
काबिल,144
कायस्थ,18
सांगठनिक,183
फार्मासिस्टों,149
अंगों,20
पांडव,108
बांधी,155
बालियां,153
स्टीकर,197
सलोनी,77
लाज,90
खुशनुमा,120
जगा,163
अफवाहों,21
वर्गों,86
कोसों,20
बिन्दु,187
सजगता,74
चकाचक,108
संचय,9
नतमस्तक,127
संवेदनशीलता,179
आगंतुकों,2
हिदायतों,3
मौतें,44
शिक्षाविद,152
नीलगाय,5
बंटा,8
कंठ,108
धंसने,164
सिंतबर,111
नशों,52
मनन,124
चहुंमुखी,42
दानी,35
जत्थों,20
उलझा,186
मोहसिन,144
बुझ,118
पर्याय,147
निकलवाया,50
आसरा,186
उधम,10
पूर्वांचल,162
लगाएगा,104
एहसान,81
पिहानी,158
देशवासियों,69
यूएस,57
मिश्रित,180
झाड़ी,189
पादरी,5
गहराया,50
वर्जित,180
दुआएं,26
मद्य,127
मचाई,137
लीजिए,133
परिकल्पना,179
कायदे,81
अटकी,54
तिजोरी,77
रक्षकों,86
सौंपेंगे,56
पकड़ने,170
जमाना,163
छूटा,118
संबधी,115
फफूंद,87
विद्युतापूर्ति,130
शतप्रतिशत,193
प्रवक्ताओं,116
शोहरतगढ़,64
आयीं,65
आवाम,82
संगतों,9
मातृत्व,177
बंधाया,179
शस्त्रों,173
बेखबर,172
प्रमाणिक,130
फॉगिंग,24
गुजारने,176
उंगली,24
रुककर,194
बीचों,122
दिलवाई,137
टहल,10
अफसरशाही,134
पहुंचाते,40
बुराईयों,175
वधू,140
सत्कार,49
मैत्री,150
हटाई,137
दीये,34
व्यापी,32
स्थितियों,60
डिब्बों,83
कैंपों,15
जलसा,186
हलफनामा,196
धमक,124
भूखंडों,126
अरबों,31
उपखंड,126
छर्रा,143
प्रतिभाएं,84
कंक्रीट,184
अंडा,42
उस्मानी,144
पेशाब,169
पौत्र,113
पोषित,180
इसमे,33
ठहर,78
उग्रवादियों,69
मरी,142
मध्यस्थता,18
गवां,142
बेअदबी,172
नाती,35
अध्याय,55
जमात,92
कुलवीर,64
नंगे,61
पहुंचाए,40
बवाना,157
साम्प्रदायिक,183
हार्डवेयर,129
घोंटकर,118
दुखों,86
नकारा,163
असमय,10
रैलियां,84
उग्रवादी,49
बाते,132
मुकामी,144
किन्हीं,178
अनदेखा,27
ब्लेड,197
पारितोषिक,183
गुज्जर,141
मौनी,91
डरे,142
जूही,90
साइकिलें,36
छिड़क,80
नसीर,91
उकलाना,163
रोजे,77
चलाएंगे,56
रंगेहाथ,61
बरसा,157
अक्षत,127
खेद,27
जन्मे,97
गिलास,158
भरसक,127
मणिपुर,141
अप्रत्याशित,130
खुदकशी,120
भांजी,90
जमादार,160
श्राद्ध,11
पढ़ाते,170
निरोधात्मक,72
तिरंगे,61
सुमंत,28
प्रतिबद्धता,149
छुपा,169
फेंकी,131
रवानगी,35
धोना,53
लीपापोती,100
हटेंगे,23
बाराती,35
सभ्याचारक,49
चित्रांकन,173
वचनबद्ध,58
आलाधिकारियों,88
बारीकियों,175
निष्पक्षता,121
बिखेर,27
जातिवाद,62
अनुयायी,147
कालोनियां,153
हरिनाम,100
चूड़ियां,153
बिलखते,106
परीक्षित,138
तबादलों,21
छक्के,131
नवी,91
ओले,154
कीर्तिमान,149
गोसाई,155
दुलारी,141
देररात,45
नवीनतम,190
देरशाम,143
दशम,124
ग्रामवासियों,107
बाबुओं,102
नियमितीकरण,38
नजाकत,81
नजरों,52
समयबद्ध,58
निकलवा,163
योजनाबद्ध,32
यादों,21
खाए,47
उपकार,74
भुवनेश,64
लाहौर,158
टला,157
बाध्यता,147
साली,198
अभिकर्ताओं,116
गाँव,155
चारधाम,49
नाप,53
साहसिक,183
मुनी,91
एलआईसी,57
संवाददाताओं,179
उद्घोष,43
करिश्मा,112
बकरियां,26
सीमांकन,184
ओढ़ाकर,12
मंगलसूत्र,173
अभियन्ता,109
बंदा,143
शुद्धि,166
दमा,1
निभाएं,56
कपड़े,70
खामोशी,134
भालू,198
डलवाने,75
उस्ताद,92
भोलू,139
चाभी,5
पकडे़,70
वादाखिलाफी,59
पंचायतीराज,89
अविवाहित,62
जलते,17
डेरापुर,141
खजूर,140
शिवनंदन,64
जनकल्याणकारी,32
रोको,77
कठिनाईयों,4
चादरपोशी,134
मेधावियों,107
भटकने,108
गुनाह,134
चौतरफा,44
फतह,124
देखो,27
परास्नातक,18
खोने,27
संदेहास्पद,18
कुर्ता,131
सांड,24
लोभ,87
बंध,115
श्रीमति,64
कसना,186
धागा,155
शातिरों,93
प्रबन्धक,115
व्यंग्य,32
लुप्त,182
बल्ला,181
दसवें,31
आर्शीवाद,149
समर्थ,86
रुपेश,64
चिड़ियाघर,83
फुर्सत,125
पूरक,169
लगाएगी,104
अछूता,5
भागीदार,109
जलपान,82
हुक्म,144
शंखनाद,11
कांप,169
रहन,124
रिझाने,41
कलशयात्रा,49
सार,82
निर्माणों,72
पदस्थापन,18
खोदने,27
कृत,68
शाप,169
संबद्धता,179
सिद्धि,166
रुकते,194
पथरी,54
मोल,139
थोड़ी,151
खोटी,139
कमोबेश,34
कुटी,8
सायरन,82
घटाने,41
पटक,124
दुधारू,135
आक्रामक,49
शोरगुल,141
तोता,53
उत्पादकता,66
छिप,169
प्रमाणपत्रों,130
वीरता,5
बोई,137
गिने,53
जायदाद,144
सितारा,158
हजम,124
अविरल,127
कुमुद,141
चर्म,97
झडी,54
सुधरी,37
अजायब,81
सामंत,28
सांसें,164
निरोग,148
पुत्रियों,175
जलाशयों,21
बिठाकर,99
ग्रामवासी,107
जेहन,165
आहुतियां,26
महकमों,52
प्रभावती,11
नौकरानी,5
ब्रजमोहन,64
तनिक,103
द्वेष,117
आज्ञा,95
होनेवाली,176
दूरदर्शन,135
सुहेल,25
तटवर्ती,162
दौड़ाया,189
किस्मों,125
मिठास,83
ससुरालीजन,113
बरतते,132
दूत,34
स्वदेश,117
जिलामंत्री,150
मुंडन,126
केले,165
ढील,25
अनूठी,185
गुरुजनों,174
तमाशा,160
तीरथ,127
शिक्षणेत्तर,71
शोधन,58
साग,155
बिका,188
चौका,67
प्रासंगिक,130
लड़ेगी,23
फैलाई,156
भंवर,28
सुपरवाइजरों,69
छिपाकर,105
पड़ताल,134
छत्रपति,127
रूझान,176
अध्यक्षीय,55
आतुर,140
गहनों,52
लोकनिर्माण,72
पुनरावृत्ति,130
अनपढ़,70
समावेश,117
अशिक्षा,152
सुभद्रा,11
सेव,34
जंगलराज,102
राष्ट्रीयकृत,13
लड़ना,76
संघर्षरत,9
रुकवाने,176
करवाचौथ,19
तरंग,61
ग्लास,191
गैलन,108
उर्वरकों,66
अनिमेष,117
अभिन्न,38
नवरात्रों,21
गण्यमान्य,147
महारैली,19
कनेक्टिविटी,98
शमशान,35
बिरजू,102
लावारिश,158
धीमा,110
भूसे,135
पुनर्विचार,149
शवगृह,58
धरनास्थल,136
आंनद,26
जांचा,51
पोलिथिन,191
संघों,9
ग्रह,58
वयोवृद्ध,166
चिकित्सालयों,149
पराग,155
कौड़ी,67
छलावा,163
झोपड़ियों,4
दूतावास,46
विशेश्वर,64
झुग्गियों,4
अधिग्रहित,180
निलेश,64
प्रतीक्षालय,138
नौंवी,128
पड़ना,186
रघु,140
भूतल,108
किसानो,69
फांक,131
सुहाना,176
प्राविधिक,183
असहायों,175
लोचन,127
प्रशंसनीय,184
बिगड़े,106
उत्पादित,180
खुलता,74
पहचानने,41
कसते,17
बगिया,158
अंडे,42
उद्यम,58
उलझी,54
बिचौलिए,133
विधा,62
मलय,10
खानापूरी,29
रोकते,171
निकालेंगे,56
चौपारण,159
उजाला,198
फिसड्डी,112
नीला,198
षडयंत्र,173
कांधला,42
प्रखर,127
हाजरी,35
भावनाएं,84
बिचौलिया,83
गायकी,35
दुनियां,37
पिया,158
गोलीकांड,153
जायरीन,35
स्ट्रोक,77
कुव्यवस्था,18
मंसूबे,94
फिजा,3
वारिसों,175
दवाईयां,137
लोकनृत्य,177
शतक,10
पछुआ,26
बिताने,132
इंस्पेक्टरों,98
फांस,164
मुजाहिद,144
नागवार,155
समीक्षात्मक,138
विचरण,127
सम्मुख,101
सालभर,128
सूने,135
मनवाया,85
पदार्थों,116
श्मशानघाट,19
मुर्दाबाद,144
बदलेगी,23
क्षत,127
इस्लामिक,144
शांतिभंग,14
बढ़ाएं,47
वायुसेना,62
भात,92
पढ़ाना,170
बीचोबीच,122
बिखरी,106
धरी,142
तरबूज,90
ढलाई,137
वगैरह,127
हारने,41
निपट,196
बाकि,188
भक्तजनों,86
कमाया,85
प्रतिभाशाली,149
उलझे,17
दुकाने,131
खंडित,180
वरन,78
जवाबदेह,134
फ्रेंचाइजी,48
पर्चियां,84
चौपहिया,83
ऑडिशन,24
बरतनी,54
बीन,91
घपले,17
गलतियों,4
नैनो,77
दलीय,68
राखियां,84
आयेंगे,23
पुरूषों,113
नम्रता,49
शिकारियों,88
खिड़कियों,4
सभ्य,127
अंपायर,2
पसार,82
पालतू,169
लकड़ी,70
बच्चियां,84
आयेगी,23
चीखने,122
नवगठित,68
अमानवीय,5
लहजे,17
खुलेगी,120
नमाजियों,175
सुलझ,118
बहुमूल्य,103
महामहिम,5
आवश्यकतानुसार,130
गिरती,73
अंतरराज्यीय,13
उपसचिव,53
टेबिल,191
खात्मे,168
दौराला,159
दर्जकर,127
अनसुना,37
भक्तजन,86
अधिकारिता,88
गौरवशाली,149
बहुओं,26
भरवाया,85
खेलकर,27
उड़ाते,132
कार्यमुक्त,109
ग्रीष्मकालीन,13
धन्य,127
चहुंओर,65
छतरी,54
पड़ने,73
तथाकथित,38
शास्त्रों,149
टुकड़ों,20
प्रियांशु,64
मुख्यअतिथि,101
मंत्रणा,173
भीग,87
पंचर,28
तेजस्वी,64
नौवें,128
परिदृश्य,121
कैंब्रिज,98
बताएगा,104
दाहिने,100
विक्रमादित्य,11
वस्तुस्थिति,30
दगा,1
देवगम,34
बंटे,2
काठगढ़,102
गिराकर,12
नगराधीश,89
व्यवस्थापकों,18
झुलसने,118
पुंज,184
संवेदकों,9
घटते,154
लेजर,197
नथुनी,53
किश्तों,125
खेमका,143
शिकारी,88
सरपरस्त,92
विक्षत,6
आसीन,167
हवस,124
भगाया,85
एप्लीकेशन,98
ताल्लुक,144
ट्रेक,197
दीपों,20
मालवाहक,163
शायरी,134
रसोईया,137
किसका,192
बारूद,102
म्यूजियम,191
उठायी,50
दंडाधिकारियों,88
परख,124
मनोहारी,35
सारिणी,180
खोदे,139
पहिये,73
पोती,139
अपशब्द,199
अंशिका,114
वनवासी,107
तरैया,158
रैबीज,197
माखन,53
सजने,17
प्रतियोगियों,60
प्रस्तावक,130
गुरुद्वारों,174
मुख,126
शिष्यों,86
दमदार,81
ढीले,25
डिफाल्टर,98
बोतलों,20
विपक्षियों,69
विश्लेषण,117
अनुशासनात्मक,149
हड्डियों,4
दशमी,16
मुखाग्नि,11
माँग,61
चित्रा,173
रेलमार्ग,129
निषेधाज्ञा,72
हंसते,164
दीनबंधु,187
एकलव्य,127
बचकर,78
खोजी,90
खीरा,141
बकरे,154
बहकर,33
श्वेत,14
मेहरबानी,134
गालीगलौज,141
गोले,139
धुलाई,96
अमानत,81
शराफत,81
ताड़ी,189
गंाव,155
अराजकतत्वों,69
वाद्य,147
मंदबुद्धि,166
हतप्रभ,64
वीरान,35
पड़ीं,65
थामा,163
बिछाकर,83
नमकीन,167
जाँच,51
सिंथेटिक,191
विज्ञानी,95
खजांची,51
लकड़ियों,4
बेपटरी,106
फटा,1
ईश्वरी,146
नवनिर्माण,72
तोला,139
विफलता,6
कूड़ादान,189
गिनाई,158
हिफाजत,3
अयोग्य,147
माध्यमों,101
छलक,124
ढहने,73
वितरक,127
वास्ता,160
कुनाल,159
समाजशास्त्र,13
छप्पन,108
अभिवादन,62
गरज,10
गुजराती,141
बोगियों,4
सबूतों,20
बजाते,132
नहाते,132
पिचकारी,169
लग्न,127
प्रकल्प,184
मांगलिक,183
भूदेव,11
रणजी,16
सिंधु,187
पाश्चात्य,149
छेड़ने,76
गर्मजोशी,185
मैदानों,46
फीका,188
मकबूल,25
प्राणों,113
विलीन,191
लगकर,10
कुर्क,194
गीतकार,5
थान,163
क्वार्सी,98
प्रतिलिपि,30
मटका,186
लाइनमैनों,63
अप्रशिक्षित,71
योजनाकार,109
दौड़ी,67
जुड़ाव,189
जहाँ,65
मुहाने,176
मल्लाह,181
सटाकर,12
मुमकिन,36
चिमनी,39
नहरें,119
नरक,124
गोलबंद,94
खड्डा,42
ताप,169
ढुलमुल,25
एकीकृत,68
मालाकार,114
कसे,142
पोस्टरों,15
अन्नदाता,109
पीटीआई,57
रेलपार,143
भागना,163
धकेल,25
अभिलाषा,6
खुशखबरी,120
बेकसूर,185
दीया,35
कोषाधिकारी,88
इच्छाशक्ति,149
छुड़ाया,176
अभूतपूर्व,22
मादा,160
टेप,197
असुरक्षा,136
बेशकीमती,185
सेनानायक,62
जलेबी,142
सेटेलाइट,191
सिवा,158
लहसुन,37
दर्रे,143
उपजे,154
दुकानदारी,29
सीना,35
मंदाकिनी,11
थिरके,45
इमामबाड़ा,189
खाबड़,189
शर्मिला,181
छीने,53
परास्त,92
तपा,157
चटकाए,47
जिलास्तर,89
रूकने,194
सत्यता,147
कूदने,118
बचेगा,104
शक्तिशाली,149
कोख,27
पटाक्षेप,117
सेनापति,62
जलता,186
वाहक,74
बीचोंबीच,122
सर्कस,24
लांग,155
झपटमार,29
अपहरणकर्ताओं,116
कशिश,34
सलामती,146
सातवां,128
खिलाई,96
अपहर्ताओं,116
पकाने,41
पस्त,92
कछुआ,26
आयशा,50
नियति,38
बैनीवाल,158
मरणासन्न,147
मुंहतोड़,76
तहस,124
खाती,35
युवजन,127
मनाही,35
चिल्ला,181
हुर्रियत,144
सारथी,5
इंद्रधनुष,2
बटेश्वर,64
बोलना,163
स्वप्न,14
जुए,26
ग्रंथों,113
मधुमक्खी,39
बोरों,20
पीतांबर,28
रुदौली,67
सट्टे,197
शहद,124
कथनी,54
जुबानी,48
झपटमारी,29
करनेवालों,175
अध्यात्मिक,149
थकान,82
मंगवाई,196
पक्षधर,43
शूट,197
सरंक्षण,117
छायादार,29
कालिका,114
सुलेख,140
वस्त्रों,173
लगेंगी,23
बाइस,188
लगान,163
जालसाज,48
रेस्तरां,98
संबंधियों,115
दलीलें,25
रहनेवाले,175
जोड़ते,76
खादों,21
मारना,163
अंकपत्र,2
हस्तियों,4
मुशायरे,144
सीवेज,197
मध्यान्ह,147
निकलें,73
कार्यस्थल,109
अनूठा,192
झकझोर,87
झड़ी,54
दिव्यांगों,69
न्यायधीश,89
मनवाने,75
किरकिरी,151
हिला,158
चुटकी,39
ओलंपियाड,129
यामीन,100
लहरी,142
ताश,53
उड़ती,54
सरस,124
छात्रनेता,109
मरम्मती,190
गेटमैन,63
तबला,186
संपादित,180
गड़गड़ाहट,83
चैनलों,15
उगी,16
पूछी,171
अप्रत्यक्ष,121
बक्शा,131
कुशलता,136
आयुवर्ग,193
अंत्यपरीक्षण,138
डब्ल्यू,57
कर्मो,97
बेपरवाह,134
कास्य,147
हसीन,91
चमकाने,41
उजड़,145
अत्याधिक,32
कर्मठ,108
झोपड़ियां,153
डाट,8
कटघरे,17
चलाएगा,104
प्रजनन,127
साठगांठ,136
लेखकों,86
आइना,102
निपटाया,196
दबने,17
धारणा,74
अस्वस्थ,18
चुनकर,37
मंगाकर,61
मारूति,129
परखने,27
सकरा,1
धरोहरों,20
सुखा,79
होम्योपैथी,112
नरम,124
लल्ला,181
रंगकर्मी,184
गृहणी,127
बदलती,54
रुकवाया,176
छोड़ते,76
कुचलने,165
अनबन,142
पुत्रियां,113
बंसीलाल,159
कोयलांचल,108
सोचते,171
जागे,143
हत्याओं,116
लेंटर,24
नन्हीं,178
अखाड़ों,21
रक्तदाताओं,116
उठाता,50
चेत,68
वाचन,74
वायदों,21
स्वास्थ्यकर्मी,18
निभानी,163
जननायक,5
जुबां,26
प्रतियां,60
परमार्थ,49
बारीकियां,7
माचिस,158
काजू,188
सर्वदलीय,9
भोली,139
शहनाई,96
पनकी,16
कांटी,39
अवसरों,52
सिक्कों,131
त्रुटियों,182
भूले,135
तम्बाकू,94
सम्बंधित,115
शासित,180
नायाब,144
वशिष्ट,43
ब्रह्मचारी,13
पड़ती,170
कामधेनु,11
फार्मेसिस्ट,98
कातिल,158
शीशी,34
गुब्बारे,141
छंटनी,87
टयूबवेल,197
नीर,91
नाचने,53
खाएं,47
सप्तमी,190
तारे,45
तीव्रता,6
गहराने,75
पोस्टमास्टर,98
निरक्षर,58
जिन्दगी,112
मच्छरदानी,29
लटकते,73
लौटाया,50
घपला,74
दालों,175
परिधानों,116
खरपतवार,66
मुनाफे,59
धोती,139
मुग्ध,166
मालामाल,198
बुलावा,158
जुटेंगे,56
पीक,57
अनौपचारिक,183
बदलता,74
अकादमिक,183
कतारबद्ध,49
कैंची,24
इंतकाल,188
नजरिया,158
मुख्तयार,168
कपडे़,70
चमेली,25
ठप्प,169
झपटी,16
दामिनी,100
नोंक,165
टोका,77
वन्यजीव,95
महती,54
छोड़ने,170
प्रागंण,130
मुकीम,144
छेद,34
सुंडी,42
गोरक्षा,49
शंख,34
राष्ट्रगान,13
कस्तूरी,35
बमबम,33
ढर्रे,197
औरत,78
झरना,157
रौब,143
कार्यक्षेत्र,109
वेल,25
जायेंगी,56
पुश्तैनी,125
अलगाववादी,5
अधीक्षकों,71
निर्णयों,72
फोटोग्राफर,129
कसम,124
फेहरिस्त,125
थिरकते,73
अधमरा,110
चेस,197
वली,142
अल्का,188
कम्यूनिकेशन,98
कछला,1
लगवाकर,12
कीजिए,133
पटवार,29
दरवाजों,21
संकोच,9
पैंतीस,128
जनेश्वर,146
मृदुला,11
फहराने,75
आइए,33
काश्तकार,49
चलंत,28
बजरिया,158
रुद्राभिषेक,11
वेदांत,177
खोदी,139
ऐतराज,90
रहूंगा,104
भावपूर्ण,22
शान्ति,147
स्टाम्प,98
निराशाजनक,134
स्मारिका,114
हिरन,108
रिफंड,24
प्राणियों,175
पत्थरबाजी,48
अधिकता,74
आटे,154
मंडलाध्यक्ष,89
चुराई,96
बाड़े,189
अनभिज्ञ,95
हजारा,157
मिश्री,14
सुनहरा,136
ब्रह्मदेव,11
बरकत,124
भड़की,54
अकीदतमंदों,69
मसाले,45
सोचकर,171
सत्यार्थी,147
तुम्हें,178
उत्सुक,125
उजाड़,189
दुश्मनों,120
सुबेदार,46
जनसमूह,161
दिलावर,143
सगाई,137
आरम्भ,111
ठूंस,164
गाजर,155
ताजपोशी,134
टिन,197
ढाल,198
गुलामी,144
उचक्के,131
हथकंडे,42
खोखले,27
जागा,155
फैलते,156
जिमखाना,163
तुलाराम,110
बनेंगी,23
प्रसंस्करण,184
क्रियाओं,130
हटाये,47
लालसा,198
पीढि़यों,4
टैबलेट,63
नेटवर्किंग,98
कसौटी,8
अधिसूचित,180
लकड़ा,70
अपहरणकर्ता,92
राजमिस्त्री,13
सुंदरकांड,136
बैलगाड़ी,153
आदिम,91
छूटी,118
अढ़ाई,96
सूजन,127
भांजा,155
चश्मे,97
सूनी,135
रसायनिक,66
करवाता,163
छपने,17
स्वर्णिम,193
दर्पण,127
बचाते,132
बर्ताव,92
ईसा,137
वर्धन,127
बल्लेबाजों,48
पेंशनधारियों,69
पिलाना,158
गरजे,17
देशद्रोह,148
बाजा,48
टकटकी,16
देवरानी,110
तलहटी,142
फरमाया,85
लड़ने,170
रूपों,161
चहलकदमी,54
अशोका,188
सीढि़यां,84
रिजेक्ट,98
खुलती,27
कातिलाना,158
काबीना,188
सर्वधर्म,97
जनसेवक,86
टेक्नोलाजी,191
विद्यापति,152
परिप्रेक्ष्य,121
यांत्रिक,183
चित्रण,173
कॉरपोरेट,98
वेदों,86
वाम,82
सर्वांगीण,184
टीजीटी,57
शुष्क,182
निर्यातकों,72
सेहरा,143
सैद्धांतिक,183
चिंहित,38
निर्यातक,72
देखती,27
चिता,74
कसाना,163
पंचमुखी,42
कारनामे,46
अपर्णा,159
गरुड़,80
ताकीद,35
पतली,54
मेहनताना,134
उम्मीदवारी,7
मंगाने,155
खात्मा,168
आलिया,158
परोपकार,49
टुकड़ा,189
सजाकर,12
