word,cluster
में,97
लिए,93
किया,190
गया,58
हैं,101
नहीं,101
सिंह,16
पुलिस,184
दिया,190
करने,52
कहा,30
रहे,165
बाद,80
करें,97
साथ,108
रहा,38
रही,145
बताया,84
हुए,101
लोगों,26
उन्होंने,83
होने,83
गांव,146
लेकर,122
जिला,190
इसके,61
एवं,165
क्षेत्र,41
द्वारा,21
हुई,69
लेकिन,142
लिया,190
सरकार,50
अपने,61
विभाग,74
मोबाइल,175
वाले,179
दौरान,163
आदि,147
सभी,4
मौके,117
फोटो,175
देखने,75
जागरण,108
जाने,85
दिन,142
नगर,165
तथा,108
जाएं,129
निवासी,49
लोग,71
बैठक,132
शुरू,16
कोई,187
हुआ,101
ताजा,72
करते,61
खबरें,97
समय,67
जाएगा,1
तीन,51
मामले,117
रुपये,66
कारण,108
पहले,61
थाना,115
पूर्व,41
विकास,74
संवाददाता,18
अन्य,188
जानकारी,50
कुछ,187
दर्ज,140
शर्मा,43
जांच,3
अध्यक्ष,55
स्कूल,141
यहां,101
अधिकारी,126
किसी,187
उनके,61
कार्य,56
पास,6
स्थित,19
कार्यक्रम,149
अस्पताल,18
वहीं,101
पंचायत,17
बात,181
पानी,49
किए,101
मांग,48
बच्चों,26
खिलाफ,44
बार,54
रूप,57
बजे,61
काम,181
उन्हें,83
कार्रवाई,56
तरह,33
देने,155
प्रदेश,46
महिला,47
उसे,61
वर्ष,66
मौजूद,14
अपनी,61
उसके,61
शहर,97
चुनाव,171
हजार,54
सूचना,73
दोनों,26
केंद्र,53
निर्माण,107
सहित,19
टीम,22
देवी,16
घटना,58
सड़क,9
विद्यालय,74
मुख्य,184
शिक्षा,34
चार,128
बीच,67
प्रशासन,15
बिजली,14
रात,54
शामिल,56
जिले,100
होगा,37
कार्यालय,87
संवाद,31
इससे,187
मौत,7
उपस्थित,19
करीब,14
लाख,45
सुबह,187
दिए,101
नाम,181
पांच,3
अधिकारियों,126
कराया,84
जाएगी,71
आयोजित,199
राम,70
कहना,30
जारी,54
इसी,4
निर्देश,109
काफी,181
करना,38
प्रधान,21
जाता,72
प्रखंड,17
जबकि,101
व्यवस्था,21
आने,61
प्रसाद,43
घायल,6
आरोप,57
किसानों,95
योजना,199
तहत,33
लगा,38
आयोजन,199
वाली,100
अवसर,33
सोमवार,135
संख्या,73
अधिक,154
शिकायत,56
ग्रामीणों,95
उनकी,145
बंद,119
इसमें,187
राज्य,21
समिति,19
परीक्षा,103
अलावा,72
अभियान,107
मामला,1
ऐसे,52
अनुसार,99
चाहिए,93
युवक,116
मंदिर,94
पहुंचे,98
सचिव,74
ग्राम,73
रोड,62
पत्र,147
पुत्र,16
मंगलवार,135
उसकी,67
जहां,101
होगी,37
शनिवार,54
मिल,100
कराने,85
पूरी,153
बुधवार,163
शुक्रवार,163
छात्र,184
पार्टी,141
विभिन्न,74
रविवार,54
फिर,169
मंत्री,126
शाम,7
साल,100
अभी,4
आरोपी,199
गयी,145
जाए,129
स्वास्थ्य,18
जिसमें,83
वहां,101
गिरफ्तार,106
स्थानीय,18
निगम,11
विधायक,125
प्रभारी,15
समेत,8
बनाने,85
माह,130
लाल,179
श्री,63
परिवार,95
दिनों,142
प्रदर्शन,139
इसकी,4
प्रयास,15
सरकारी,50
सामने,93
ग्रामीण,95
जिससे,75
सदस्य,116
बैंक,105
समाज,108
सुरक्षा,18
वाहन,133
समस्या,96
किसान,95
पूरा,115
देश,46
बारे,85
चलते,61
लगाया,84
हत्या,6
रहने,158
मिलने,75
बाहर,137
बाजार,50
सहयोगी,199
स्थिति,19
दूसरे,151
लगे,165
पदाधिकारी,87
चोरी,123
शिक्षक,34
प्रतियोगिता,103
भाग,133
मार्ग,107
मुख्यमंत्री,126
स्थान,148
प्रतिनिधि,125
सफाई,124
सकता,58
छात्रों,95
मंडल,7
मिली,100
होती,32
कर्मचारियों,95
आदेश,46
पहुंच,98
पिछले,67
लेने,62
होता,32
विरोध,189
नेता,85
प्राप्त,121
जगह,33
तैयार,50
सेवा,18
उनका,58
परिजनों,161
अपना,137
देर,155
जनता,108
चालक,184
प्रति,66
मिला,190
गंभीर,146
संबंध,31
संघ,31
अलग,97
जमीन,51
भवन,33
अध्यक्षता,55
जाती,186
वालों,92
उक्त,8
कर्मचारी,56
जल्द,155
प्रकाश,15
राष्ट्रीय,149
गुरुवार,163
बना,38
जाम,181
करेंगे,71
विशेष,74
स्तर,187
स्टेशन,53
व्यक्ति,19
लगी,165
महिलाओं,95
थाने,20
होकर,13
कमेटी,68
गये,52
राय,84
उसने,61
परिसर,147
देते,155
देकर,13
संबंधित,31
तरफ,9
पूरे,153
समारोह,135
उपलब्ध,10
प्रथम,147
सात,6
शिविर,74
शिक्षकों,34
भारत,108
सभा,108
बच्चे,3
लगभग,66
इसका,58
आगे,61
विजय,102
राशि,11
भर्ती,8
अशोक,122
दूर,155
वर्ग,91
परिषद,147
दिवस,147
मां,48
लाइन,73
होते,32
मारपीट,106
घंटे,66
पंजाब,17
प्रमुख,184
पिता,96
रखा,38
छात्राओं,2
पहुंची,98
आया,137
उसका,58
अवैध,10
इसे,52
दुकान,112
अगर,101
पता,38
इलाज,140
जमा,38
जिस,51
कोतवाली,106
आधार,181
विद्यार्थियों,103
जेल,104
नजर,33
मतदान,137
ज्यादा,50
लगाने,85
जिलाधिकारी,126
खेल,45
यदि,101
कर्मियों,95
दोपहर,187
सबसे,61
बोर्ड,175
चौक,114
भाई,124
प्रशिक्षण,34
शराब,113
ट्रक,22
सवार,54
बावजूद,93
पूजा,135
सदर,33
जाते,32
डीएम,29
करोड़,173
हालत,130
गांवों,28
निरीक्षण,5
आरोपियों,166
हालांकि,93
युवा,84
चुकी,122
सदस्यों,26
वाहनों,23
सके,52
कार,181
बरामद,38
विद्युत,11
पड़ा,38
भारी,133
भेज,175
अनिल,79
बड़ी,191
चुके,122
जिसके,75
जीवन,81
नेतृत्व,174
चला,38
सहयोग,199
मनोज,140
भारतीय,95
वापस,137
बनाया,84
मार्च,66
वितरण,133
कुमारी,163
परेशानी,106
करके,61
कंपनी,31
प्राथमिक,56
प्रकार,15
कार्यकर्ताओं,2
कही,101
कराई,124
वजह,9
कृषि,174
पति,147
ध्यान,138
कोर्ट,62
संगठन,31
होना,1
जाएंगे,71
दूसरी,151
संबोधित,31
आपूर्ति,121
ताकि,190
लाभ,133
माध्यम,21
निर्णय,109
हाथ,130
बढ़,143
मुताबिक,117
बारिश,119
मिले,100
होंगे,37
सामान,40
विवाद,74
पाया,84
ऐसा,58
वाला,179
राज,70
सकते,52
संचालन,31
बिना,72
अजय,33
आंदोलन,152
जाना,1
वरिष्ठ,41
विधानसभा,118
देख,45
कुल,104
हाल,100
आवेदन,196
बने,52
भेजा,137
देखते,75
रखने,158
मंडी,17
तेज,140
चुका,40
मुकदमा,117
धरना,1
जिलाध्यक्ष,55
भूमि,133
ठाकुर,163
अदालत,181
पत्नी,49
इसलिए,101
बनी,145
रैली,100
जैसे,132
प्रतिशत,66
कहीं,101
भीड़,173
सूत्र,94
फरार,54
क्या,181
सूची,73
परेशान,59
तैनात,50
साफ,181
तहसील,79
बनाए,129
अंदर,188
शासन,108
सुविधा,171
गाव,115
भगवान,108
दर्जन,102
बाबा,72
लगातार,72
उधर,33
पक्ष,116
समस्याओं,23
अतिथि,19
क्षेत्रों,53
अभियंता,126
मुख्यालय,184
फसल,33
मुखिया,47
करता,58
यात्रा,96
निदेशक,109
आवास,112
चर्चा,96
शादी,80
सहायक,21
थानाध्यक्ष,87
उपाध्यक्ष,55
वर्षीय,66
सांसद,25
निजी,81
आसपास,93
सकती,145
दास,80
जान,1
प्रत्याशी,15
तैयारी,50
ब्लाक,190
बाल,179
सिविल,136
भुगतान,40
पीड़ित,19
पहचान,137
खराब,72
सेक्टर,53
पूछताछ,153
सम्मानित,148
जनवरी,66
अधीक्षक,5
ज्ञापन,76
प्रवेश,139
स्थल,147
प्रबंधक,31
प्रक्रिया,15
विचार,128
उच्च,3
कभी,4
बड़े,191
पीछे,67
लगाए,129
कमी,145
इलाके,20
जाकर,70
जमकर,9
आश्वासन,96
वेतन,102
जून,66
सप्ताह,96
तहरीर,169
यही,101
रेल,104
हासिल,44
बताते,32
विश्वविद्यालय,74
यूनियन,141
केवल,122
मदद,33
उत्तर,188
मैदान,117
खंड,17
मौसम,117
मरीजों,26
मगर,33
स्वागत,18
मकान,38
रोक,122
निर्धारित,109
खुद,155
बेहतर,14
नदी,145
पुल,104
अंतिम,188
ठीक,122
पेश,46
लगाई,124
खर्च,3
सड़कों,88
सिर्फ,93
लूट,22
बहुत,187
जरूरत,14
कार्यकर्ता,2
प्रभावित,15
बेटी,22
कर्मी,5
राजीव,70
द्वितीय,11
गाड़ी,89
दें,97
नेताओं,2
घरों,88
उपचार,137
महतो,97
केन्द्र,53
समीप,57
सही,4
उपायुक्त,126
मार,54
जनपद,9
तौर,169
योजनाओं,23
हादसे,106
उर्फ,136
विद्यालयों,74
लगाकर,198
यात्रियों,95
अंतर्गत,188
फरवरी,66
संयुक्त,31
चेयरमैन,105
हड़ताल,100
पार्षद,184
लगने,158
संस्था,18
गेहूं,42
मृतक,7
देखा,45
दीपक,57
रहता,58
उद्घाटन,21
कल्याण,115
राहत,183
संतोष,25
प्रदीप,57
घोषित,19
प्रस्ताव,15
सफल,33
नामांकन,73
पाल,179
आयोग,199
लोक,122
पेयजल,24
मीटर,66
जुलाई,69
पहली,67
प्रबंधन,31
कक्षा,96
न्यायालय,87
प्रदान,15
रहते,61
बदमाशों,59
गंगा,146
धान,6
सीमा,6
करवाया,84
सामना,1
दिसंबर,66
इधर,33
मांगों,48
महासचिव,74
अतिक्रमण,133
जीत,81
स्थानों,23
पदाधिकारियों,95
तलाश,38
टक्कर,86
नुकसान,40
माता,6
अज्ञात,21
लागू,20
जरूरी,153
मंच,3
राजकीय,70
बीडीओ,29
युवकों,161
दिशा,82
अतिरिक्त,109
शीघ्र,63
दिवसीय,67
उसी,4
पार्क,62
प्रेम,63
रास्ते,93
चलने,52
प्रत्येक,41
ऐसी,145
संस्थान,18
विरुद्ध,65
घोषणा,56
पड़े,52
सुभाष,43
प्राथमिकी,56
बल्कि,122
चौकी,114
चंद,155
चंद्र,180
कब्जे,140
मनाया,84
केंद्रीय,53
तभी,4
कहते,61
रखे,165
गोली,104
बयान,38
जवाब,181
प्रयोग,199
युवाओं,95
गर्मी,7
पड़ी,165
रखी,165
सामाजिक,185
आनंद,155
चयन,33
लक्ष्य,116
किशोर,59
नीचे,3
आते,61
सरपंच,3
गुरु,16
केंद्रों,53
महीने,66
प्राचार्य,87
लापरवाही,106
कोशिश,167
तीनों,26
बजट,33
पड़ता,100
क्योंकि,172
प्रधानमंत्री,126
किनारे,93
चोरों,123
पेंशन,136
युवती,16
समाधान,40
पहुंचने,98
समाप्त,121
पालिका,107
श्रद्धालुओं,95
तमाम,7
प्रस्तुत,19
कदम,33
बनने,158
संजीव,18
सवाल,179
खरीद,42
वोट,22
चिकित्सक,74
शाखा,72
गैस,132
अचानक,93
करती,4
इनमें,136
जिसे,136
चले,52
पवन,33
नवंबर,66
जागरूक,59
करवाने,85
व्यक्त,19
छोटे,68
हिस्सा,93
मतदाता,2
देना,20
सुधार,40
विभागीय,126
विषय,147
संघर्ष,31
दुर्घटना,65
चेतावनी,56
मध्य,116
रहती,4
बता,38
अगस्त,66
सम्मेलन,46
आयुक्त,19
गिरफ्तारी,106
संपन्न,31
मेला,20
अक्टूबर,66
किये,93
दुकानों,112
थीं,101
हजारों,28
यातायात,107
प्रताप,43
छोड़,168
साइकिल,141
काबू,119
तालाब,72
खाली,179
खेत,45
समीक्षा,96
लिये,93
संबंधी,31
मेले,100
मोटरसाइकिल,141
सैकड़ों,26
शांति,63
पूर्ण,41
कड़ी,145
गायब,38
हंगामा,106
समक्ष,116
मात्र,96
आकर,33
उससे,61
अधिकार,126
परिजन,161
आलम,9
स्वामी,180
हमला,58
दिखाई,47
बड़ा,89
कब्जा,140
कानून,192
लेते,20
दर्जनों,26
चिकित्सा,74
दवा,38
चलाया,84
बनाकर,198
संपर्क,31
बीते,67
गठन,33
चपेट,68
रोजगार,59
महाविद्यालय,87
सौंपा,40
माध्यमिक,87
भविष्य,116
विज्ञान,76
तत्काल,96
सम्मान,21
सत्र,147
दुष्कर्म,65
चरण,33
हेतु,19
निरीक्षक,5
जिन,51
क्रम,133
फैसला,132
समर्थन,196
आर्थिक,172
रुपए,66
परियोजना,56
अवगत,33
साढ़े,78
पुरस्कार,163
चिकित्सकों,74
लाखों,28
बैठे,132
डेढ़,78
एक्सप्रेस,141
रोकने,122
बस्ती,8
सामान्य,21
भूमिका,56
पंकज,57
सैनी,51
मजदूर,14
खड़े,52
वर्षो,66
स्थापित,148
पाई,69
राजकुमार,70
दर्शन,64
निज,140
शुभारंभ,194
राजस्व,21
निकाली,82
मिलकर,75
माहौल,117
दूसरा,151
बेटे,22
वर्तमान,21
योग,199
उम्मीद,167
स्थापना,21
साहिब,44
फीसद,78
बनाई,124
पढ़ाई,69
डिग्री,141
विश्व,74
एसडीओ,29
जिम्मेदारी,50
रहेगा,71
सफलता,58
आवश्यक,64
करेगी,71
सितंबर,66
परिणाम,56
भगत,33
सहायता,137
पहुंचकर,98
गंदगी,146
मजदूरों,166
स्वयं,91
धर्म,7
मनरेगा,71
पर्व,135
संत,144
रवाना,38
इंतजार,44
राशन,181
आधा,58
रोष,116
तरीके,122
सुनवाई,40
बातचीत,106
गलत,9
झारखंड,17
खिलाड़ियों,95
मालिक,112
मामलों,23
हमारे,59
घायलों,28
प्रमाण,15
लाने,36
बिल,60
जख्मी,7
चोर,123
प्रशासनिक,87
धमकी,4
ट्रैक्टर,53
महिलाएं,27
क्षेत्रीय,41
क्रिकेट,141
फिलहाल,93
गरीब,14
खत्म,7
प्रधानाचार्य,87
लौट,68
पंचायतों,17
अधिवक्ता,2
उपभोक्ताओं,2
यात्री,56
दुकानदारों,112
इनके,52
तोड़,173
पटना,38
दैनिक,172
निकट,102
पहल,67
मरम्मत,195
जायेगा,71
मोर्चा,59
अरुण,16
उसमें,187
विद्यार्थी,103
होली,104
हमें,97
आगामी,66
रवि,165
पक्षों,116
तार,181
इलाहाबाद,72
दाखिल,47
मिलेगा,71
जाति,186
डाला,115
भ्रष्टाचार,149
प्रचार,15
बचाने,36
मिलते,75
निकाला,82
करनी,145
साबित,44
पाए,129
पकड़,9
तृतीय,174
उठाया,198
पुत्री,63
ऊपर,33
हिरासत,44
स्तरीय,41
सजा,38
मरीज,140
जुड़े,173
वक्त,8
कमरे,52
पशु,156
असर,9
पर्यावरण,21
व्यापारियों,95
नया,38
दौड़,173
नियुक्ति,109
अंजाम,44
घाट,115
रंग,146
खबर,33
इतना,58
ताला,72
पहला,137
चली,145
व्यापारी,21
तहसीलदार,50
जागरूकता,56
पाने,20
अभाव,90
उनसे,61
विभागों,95
संचालित,148
देखकर,75
परंतु,19
निर्वाचन,182
खेती,45
देंगे,71
कस्बे,60
सूत्रों,94
अंक,188
शुल्क,5
जयंती,144
उठा,198
ज्ञान,76
आह्वान,190
टिकट,22
पटेल,104
पैसे,105
नारेबाजी,119
पेड़,24
वसूली,153
लगाते,32
चलाने,36
पार,6
रात्रि,135
नौकरी,14
शहीद,80
कराए,129
जुलूस,163
निकल,136
नहर,9
दिलाने,36
करे,165
रानी,49
चालकों,95
बढ़ाने,143
मुक्त,19
संयोजक,31
तिथि,19
शौचालय,23
अगले,61
सांस्कृतिक,172
भोजन,199
संभव,187
राजनीतिक,172
खाद्य,21
कला,38
जिसकी,122
कैसे,132
संरक्षण,31
पंडित,17
बीमारी,106
खड़ा,38
वार्ता,96
नियमित,109
फर्जी,136
उद्देश्य,149
खड़ी,145
करेगा,71
आगरा,58
बदमाश,59
बरसात,6
खुशी,77
मशीन,51
दुकानदार,112
शिकार,6
दिये,75
महत्वपूर्ण,41
जोर,155
मैं,101
ठंड,86
तीसरे,151
कीमत,134
वितरित,19
कथा,38
मतदाताओं,2
तुरंत,144
खास,6
पालन,6
रहेगी,71
मुश्किल,167
जिसका,93
मिनट,66
धारा,108
शुरुआत,187
किलो,62
पैसा,132
बूथ,60
पैदा,72
सिंचाई,40
विजेता,74
जन्म,7
दावा,72
लड़की,145
जिलों,28
मजबूर,14
छापेमारी,106
आशा,58
करवा,38
प्रत्याशियों,103
इलाकों,28
खेतों,28
मौका,117
बढ़ा,143
मिट्टी,0
विशाल,74
हटाने,36
अरविंद,150
मानव,6
रहीं,101
भरा,58
रांची,48
संदेश,31
बालिका,72
निकाल,82
बचाव,90
लोकसभा,118
बधाई,124
नाथ,70
विस्तार,148
पुरानी,163
सिर,169
ठेकेदार,112
आर्य,57
उपाध्याय,138
उचित,19
बसों,88
होटल,105
बातें,27
वैसे,132
क्यों,26
व्यापार,21
कटौती,8
सेना,107
दबाव,90
नशे,165
परिवहन,147
मार्केट,141
जब्त,8
अफसरों,88
आशंका,108
उत्पादन,21
अपराध,185
पाठक,184
पुराने,163
समापन,137
मान,1
उद्योग,199
हालात,93
संकट,25
जताया,84
योगदान,199
पीने,62
सुशील,16
नियमों,11
प्रबंध,31
मारने,85
दहेज,140
उनको,101
बिक्री,5
बाढ़,72
परिवारों,95
रोडवेज,141
सख्त,8
महामंत्री,126
लागत,133
संदिग्ध,31
गली,165
अध्यापक,87
बहादुर,163
लाया,84
पकड़े,61
सामग्री,56
विधान,74
रहेंगे,71
अधिकांश,154
रोग,199
जताई,124
अर्चना,108
तापमान,72
प्रतिदिन,125
संभावना,18
अपहरण,9
स्वच्छता,18
महाराज,70
आरक्षण,147
करवाई,124
विनय,102
मुआवजा,117
शहरी,145
संकल्प,31
निकले,20
पूजन,57
स्पष्ट,91
इस्तेमाल,93
खाते,32
मोहल्ला,163
लिखा,47
मुहैया,117
गीत,81
कार्यरत,56
खनन,9
बहन,33
खाद,155
गंभीरता,106
मांगी,48
हमेशा,59
न्याय,138
मोड़,173
जूनियर,141
गौरव,16
माल,179
मिलेगी,71
गठित,19
किशोरी,59
गणेश,156
माना,1
सुरक्षित,19
तत्वावधान,87
ज्योति,81
शरीर,169
नीरज,16
शांत,63
किलोमीटर,66
मनीष,156
अपराधियों,161
पिटाई,47
धार्मिक,172
आदर्श,46
रास्ता,72
मुकाबले,117
बाबू,70
नवीन,51
उमेश,156
याद,80
अभिभावकों,95
बढ़ने,143
मजबूत,14
सिपाही,44
छानबीन,106
मजिस्ट्रेट,141
मीडिया,56
कश्मीर,169
सौंप,187
महेंद्र,180
निस्तारण,148
चारों,128
घटनाओं,23
आबादी,80
कक्ष,116
दोषी,199
कन्या,138
ब्यूरो,141
होनी,51
चक्कर,122
महोत्सव,147
अच्छी,14
गुहार,163
ग्रहण,133
प्रतिमा,15
ढंग,146
सोनी,62
पदों,88
भक्तों,161
जवानों,59
दौरा,49
लंबी,17
आये,61
उम्मीदवार,50
सोने,62
कमल,33
शक्ति,19
सुविधाएं,27
नृत्य,174
अहम,9
राजनीति,172
जायजा,72
नीति,81
गति,102
अनेक,122
मास्टर,141
सुमन,16
जंगल,165
शोर,156
पैदल,14
खाने,36
फाइनल,181
गीता,63
दूरी,153
सुनिश्चित,109
गरीबों,26
बीज,29
लंबे,17
कार्यशाला,56
लेना,20
हूं,101
उपभोक्ता,2
संस्कृति,172
मोटर,136
गृह,102
प्रवीण,63
भीतर,187
खूब,14
अनुमति,99
खुले,45
अखिलेश,46
दीप,57
आती,145
चौराहे,114
सब्जी,140
चालू,40
दूध,42
बादल,72
नियुक्त,109
वीरवार,54
नियंत्रण,109
कार्यकारिणी,56
अनुमंडल,99
सक्रिय,19
जवान,54
प्रवक्ता,15
ओमप्रकाश,43
आता,38
लिखित,109
काट,68
जर्जर,136
अध्यापकों,87
अफसर,33
नकदी,145
वार्षिक,103
संचालक,31
अजीत,81
आदमी,92
मिलता,178
विवाह,74
विश्वास,74
वृद्धि,65
नाले,20
विरोधी,189
डाल,179
यज्ञ,81
निकासी,82
निकला,20
इन्हें,83
कार्यक्रमों,149
चालान,40
सुविधाओं,171
सभागार,108
बच्ची,3
किस,187
शेष,116
शपथ,33
राजा,70
बीस,67
आक्रोश,161
इकाई,124
गैर,155
लाइसेंस,73
डाक्टर,181
पुरुष,116
दरबार,54
धनराशि,11
दोबारा,72
न्यायिक,87
खिलाड़ी,47
इनकी,145
पाठ,6
तैनाती,50
बताई,124
गन्ना,115
बालक,181
तकनीकी,67
उपस्थिति,19
वही,101
लक्ष्मी,63
जुर्माना,40
उपयोग,199
संगठनों,152
कमिश्नर,136
वित्तीय,19
जुट,68
निकलने,75
जैसी,132
धरने,52
उम्र,67
साथी,80
प्रतिभा,15
जगहों,88
समूह,187
आवश्यकता,21
रक्षा,96
बतौर,169
वित्त,121
भरने,158
श्रद्धालु,65
डालने,36
प्रदूषण,133
पौधे,24
दौर,155
सर्वे,136
कंप्यूटर,141
टूट,170
घटनास्थल,18
चाहते,32
बकाया,84
हवा,38
महत्व,102
अभिषेक,46
भजन,33
सुधीर,16
गुप्त,160
आजाद,80
प्रेरित,63
लुधियाना,163
दिखा,47
अनशन,33
बाधित,19
पकड़ा,58
बजाय,85
लगता,30
सामुदायिक,172
छोड़कर,168
सीधे,176
अलीगढ़,140
जाच,115
हमले,61
रफ्तार,106
आना,38
तेल,104
विधि,11
स्वच्छ,91
बदल,33
दुकानें,112
पशुओं,28
पहुंचाने,98
पेट्रोल,141
उठाने,36
इसको,101
वंचित,19
अंत,188
अधिनियम,11
बुरी,60
एकड़,173
भेजी,133
आशीष,92
पूर्वी,63
प्रधानाध्यापक,87
खाना,1
पाकर,198
गौरतलब,113
चुनावी,171
विकेट,22
आश्रम,116
उत्साह,18
बेहद,14
कहां,101
रोशन,64
पंप,57
क्षतिग्रस्त,65
मूल्य,133
संस्कार,18
महज,33
चिकित्सालय,74
मृत,174
ट्रेनों,53
रोज,140
छोटी,68
साथियों,92
लंबित,31
बेचने,75
वक्ताओं,2
बढ़ती,143
आपदा,58
कारोबार,50
हिमाचल,47
बाकी,181
प्रारंभ,194
हिसाब,44
नजदीक,67
कराकर,164
प्रार्थना,149
कुलपति,184
पुतला,24
दिक्कत,167
मुलाकात,117
धूप,57
इंचार्ज,73
भेजने,75
सोसायटी,141
लड़कियों,92
मतगणना,58
देता,20
जिम्मेदार,50
इतनी,101
मेहता,183
नियम,11
सार्वजनिक,56
सर्जन,136
जायेगी,71
कांड,48
कोषाध्यक्ष,55
स्कूली,141
पुष्टि,19
पड़ेगा,71
अखिल,147
अच्छा,108
अनाज,140
धर्मशाला,96
बीमा,181
कानूनी,192
मात्रा,96
वीरेंद्र,180
समस्याएं,27
विहार,162
आवागमन,196
खतरा,58
प्रतिनिधियों,125
रखते,158
मांगा,48
भरे,52
लें,97
विद्या,74
फुटपाथ,115
मजदूरी,153
श्रेणी,41
कौन,101
यमुना,40
खोलने,45
सुंदर,16
चीनी,51
मारकर,13
भ्रमण,133
आत्महत्या,96
पोल,104
नागरिक,95
अंचल,188
जिनमें,83
चयनित,19
लेंगे,71
ससुराल,179
सामूहिक,172
रक्तदान,96
जुटे,22
निकालने,82
पदक,9
मिलती,14
महंगाई,106
चिंता,106
क्षमता,133
निर्मल,11
समर्थकों,166
गोदाम,112
आक्रोशित,161
मुंह,42
भाव,108
फायदा,72
कौशल,102
पत्रकारों,95
अमर,33
मुद्दे,117
अंकित,31
पीड़िता,106
अच्छे,14
प्रदर्शनी,139
बृहस्पतिवार,135
टूर्नामेंट,141
फसलों,88
काली,135
निगरानी,82
न्यायाधीश,87
स्वरूप,91
कार्यवाही,56
याचिका,56
भरोसा,198
भेंट,22
भेजे,175
समुदाय,95
अनुसूचित,19
घंटों,66
पहुंचाया,98
हाथों,28
गुणवत्ता,148
बांध,48
करायी,183
कस्बा,60
एडवोकेट,141
ढाई,69
नाटक,115
धीरे,169
दुरुस्त,65
रुपया,40
फूल,104
हमारी,183
मानदेय,21
सकेंगे,71
गुरुद्वारा,163
उनमें,97
सागर,49
ममता,58
बदलाव,137
गिरने,75
व्यवसायी,21
मेहनत,14
सेवक,187
बुलाया,84
संध्या,138
कूड़ा,89
अभ्यर्थियों,103
परीक्षण,5
काटने,36
इंतजाम,44
हरी,165
फैसले,132
मना,38
हथियार,59
दफ्तर,147
पर्यटन,147
धूमधाम,40
पर्याप्त,21
घेराव,115
पुरस्कृत,148
सौंपी,31
स्वर्ण,91
मेरे,75
स्व,90
ऑटो,22
टाटा,72
फीस,51
शाह,130
सदन,33
प्राथमिकता,56
पूनम,57
भव्य,116
मोहल्ले,167
कैलाश,43
कलाकारों,112
सत्ता,96
आरती,145
संगीत,31
पश्चिम,63
टीमों,152
प्रभाव,15
अस्पतालों,95
संसाधन,31
त्यागी,138
भारद्वाज,70
लड़ाई,69
बेटा,60
विशेषज्ञ,74
तत्कालीन,96
नामक,49
लापता,72
बोल,104
निकली,51
दीवार,50
खाता,72
शुरु,16
पत्थर,86
राजमार्ग,107
शिक्षण,34
राजधानी,70
उपरांत,19
राज्यों,95
देखरेख,45
जोड़ने,168
डाक्टरों,95
रेखा,45
साहब,54
अवकाश,196
रुप,57
बच्चा,3
सड़क,122
भरी,145
व्याप्त,21
आपसी,145
अगुवाई,69
चावल,115
भले,52
संपत्ति,121
औद्योगिक,172
बढ़ी,143
पश्चिमी,63
दर्द,155
रोजाना,59
रखकर,33
जिन्हें,83
आभार,108
वरीय,116
सारी,54
बताए,129
चलता,58
इनका,58
कायम,181
एकता,58
सुनाई,40
दलों,88
हादसा,106
पूछा,153
हवाले,179
डॉक्टरों,152
राख,20
मुस्लिम,117
नाराजगी,106
मंत्रालय,126
सलाह,130
अनुदान,99
निधन,102
रणनीति,19
सूरज,187
गोष्ठी,41
मुझे,83
नये,52
छूट,170
श्रद्धांजलि,65
बहाल,179
जुटी,22
बीमार,106
स्वीकृति,148
कंपनियों,27
मंदिरों,23
लीटर,66
तीसरा,151
कपड़े,52
भागने,36
भक्ति,19
प्रेस,136
इतिहास,93
दिलाया,84
समझ,9
गड़बड़ी,145
विकसित,172
हित,19
पड़ताल,100
अमन,33
बढ़ावा,143
शोक,122
सहमति,19
फीसदी,78
बिहारी,163
मुहल्ला,163
सूबे,60
सकें,136
समान,1
शोभायात्रा,107
वातावरण,21
जाएंगी,71
दुनिया,171
अपराधी,185
प्रेमी,63
लाठी,115
जानी,49
कीर्तन,63
अंग्रेजी,41
खरीदने,75
परिवर्तन,11
तोड़कर,168
स्वीकृत,148
उत्पन्न,91
भावना,108
उतर,9
माने,85
राज्यपाल,87
अभिभावक,74
आरंभ,194
नागरिकों,95
घुस,25
नाला,115
अधिकतर,188
बदले,52
चोट,3
बदलने,61
छुट्टी,68
बैठा,132
कार्यपालक,184
अक्सर,187
विगत,102
हों,88
खून,42
आचार्य,138
पीड़ितों,161
सत्यापन,21
समन्वयक,64
व्यवहार,21
लिखे,45
सुनने,75
जाया,84
मूल,7
अवधेश,46
मुहिम,117
बीएसए,29
मूल्यांकन,99
हड़कंप,57
गुजर,146
दायर,181
पढ़ने,143
निलंबित,109
हत्याकांड,106
बीमारियों,95
पोलियो,62
न्यूनतम,188
क्रय,102
वर्षा,96
बुजुर्ग,65
पैर,155
कराना,1
तैयारियां,27
भूषण,180
नीतियों,92
करवाए,129
बंसल,165
सचिन,51
अथवा,58
आवासीय,112
मांगे,48
मानें,1
करोड़ों,26
सफर,33
भाषा,108
प्रस्तुति,19
रहना,58
आयु,187
गतिविधियों,11
दीक्षित,63
चौराहा,114
दर्जा,140
ऑनलाइन,73
जलकर,33
दीपावली,135
हस्ताक्षर,149
नाराज,70
खोल,104
तलाशी,6
फांसी,48
दाम,155
समाचार,128
दिखाया,47
बनकर,9
अंतरराष्ट्रीय,149
शिरकत,102
निशान,82
तनाव,90
बाग,72
सुनकर,187
विवाहिता,74
सदस्यता,21
मैनपुरी,163
तैयारियों,56
फैल,100
आवंटन,196
चंदन,86
डीजल,136
नशा,38
कविता,96
दरअसल,33
देरी,155
ऊर्जा,108
कोतवाल,112
बसें,97
मान्यता,21
जोरदार,59
देहात,80
सालों,92
अदा,38
प्रावधान,15
महाप्रबंधक,184
संस्थाओं,18
कपूर,155
प्रगति,19
पंजीकरण,31
छापामारी,106
सोच,187
मालूम,117
सीटों,152
पदार्थ,21
दलित,19
गले,165
पचास,6
रोका,62
उत्सव,147
विश्वकर्मा,180
बाजारों,112
बैठ,132
बदायूं,115
बाहरी,181
प्रस्तावित,15
डेंगू,153
परीक्षार्थी,103
कारणों,23
स्वीकार,148
ललित,8
केन्द्रों,53
कागजात,112
मूर्ति,121
राष्ट्रपति,55
मनमानी,1
सेवानिवृत्त,35
दहशत,33
समाजसेवी,18
कार्यकारी,56
महसूस,14
चलाई,124
चाय,3
थानों,23
खरीदारी,50
अर्पित,19
सारे,20
उम्मीदवारों,50
मस्जिद,120
महानगर,7
सेवाएं,27
बगैर,14
खेलों,28
शिकायतों,56
विदेशी,46
मानसिक,172
अनुपस्थित,19
पड़ने,158
चुना,171
करार,54
लिहाजा,44
आखिर,67
घरेलू,153
मुजफ्फरपुर,163
हिदायत,44
डाक,20
धाम,115
एकत्र,147
पीटा,62
पारा,115
सेहत,187
शिकायतें,56
ट्रैक,105
आसमान,1
योजनाएं,27
सिलसिला,93
देती,155
राहगीरों,59
वकील,79
पुराना,163
कार्यकाल,56
लक्ष्मण,180
पेपर,57
गिरी,63
मनाने,85
बचने,158
निवास,49
सहारा,108
आवंटित,31
मांगने,48
शरण,33
आयी,145
एकत्रित,19
पड़ोसी,51
श्रम,64
सेमिनार,141
बंगाल,17
प्रणाली,15
व्यक्तियों,74
गलियों,28
विमर्श,11
सूर्य,94
मचा,38
आग्रह,102
मनोहर,165
अधिकतम,188
पंजाबी,17
काला,179
सौरभ,16
बंदी,119
उल्लेखनीय,41
चुनौती,171
प्रांगण,147
हार,54
पाते,32
इंकार,181
दिल,79
जिंदगी,150
प्रसार,15
परमजीत,81
किरण,102
परिचय,147
खोला,104
पानीपत,43
जवाहर,72
श्रमिकों,95
अवतार,80
वृद्ध,65
पंजीकृत,148
त्योहार,135
आधारित,148
वैज्ञानिक,76
अनदेखी,176
तले,165
स्वतंत्रता,18
सारा,70
गाड़ियों,23
कहने,75
थोड़ी,168
ठोस,165
चलेगा,71
ग्राहकों,95
शिशु,156
मुफ्त,117
पकड़ने,168
नाबालिग,106
मृतका,174
परीक्षार्थियों,103
बीती,67
फेंक,159
अंतर,188
पाली,6
मृत्यु,174
द्वार,50
विकलांग,74
साजिश,44
स्मृति,174
कलश,9
भीषण,102
सर्विस,141
काउंटर,73
अवधि,66
मंजू,140
तीस,78
समस्त,8
टीमें,22
बालू,72
स्नान,49
राष्ट्र,149
कुरुक्षेत्र,163
डाली,115
बचा,30
संगत,31
भक्त,8
प्रकट,57
बारह,78
आंखों,28
चेहरे,75
स्थायी,21
शिनाख्त,44
तारीख,73
बनवाने,36
भोला,115
सुझाव,40
चलाए,129
बर्बाद,119
सचिवालय,74
संज्ञान,76
बहिष्कार,148
मारी,106
प्रेरणा,96
बांका,115
शारीरिक,172
व्यापक,21
पड़ती,4
हमारा,1
कामना,108
उत्पीड़न,106
समाजवादी,80
सहकारी,95
मुक्ति,19
प्रतिभागियों,103
कैद,14
समझा,30
विदेश,46
नकल,33
सायं,25
जिनके,122
हमीरपुर,163
तत्वों,102
अनियमितता,56
पंच,3
सख्ती,8
बुरा,190
चांदी,48
चन्द्र,180
स्टोर,175
वीर,177
बीत,67
हवन,33
निधि,11
नगरपालिका,107
मौलाना,120
लघु,187
नायक,108
छेड़छाड़,197
हादसों,23
पंचायती,17
देखी,45
गार्ड,62
सराहना,38
शुरूआत,14
गश्त,8
अनिवार्य,109
संग,25
रिक्त,109
वेलफेयर,141
चुनावों,171
पटरी,4
खुला,178
कैमरे,105
मौजूदा,50
पारित,148
मंगल,7
विजयी,125
मौजूदगी,50
समझौता,93
रखना,38
पार्षदों,95
नरेन्द्र,180
बैठने,132
शानदार,50
सुरजीत,16
बर्दाश्त,44
होंगी,37
रोशनी,24
इतने,61
आसानी,1
देवघर,155
लगते,52
चेन,3
संसदीय,31
अभियुक्त,109
सरदार,54
दान,6
डालकर,13
कार्यालयों,87
सैनिक,172
खुली,104
जबरन,33
नोट,22
रिक्शा,107
शोभा,108
दक्षिण,63
तलब,9
पट्टी,68
ग्रेटर,136
स्थलों,152
गाय,6
आपस,9
चाहती,183
सीडीओ,29
कमजोर,14
भाषण,108
बराबर,181
परेशानियों,27
निरस्त,109
मायके,85
हिंदू,150
रखें,97
तस्करी,86
पलट,9
अनियंत्रित,109
टेंपो,62
पहुंचते,98
ऐतिहासिक,172
वंदना,17
पेट,22
विशिष्ट,74
रेट,22
बागपत,72
मेरी,155
दरवाजे,59
खारिज,44
छोटा,68
हैंडपंप,105
बुखार,163
ढेर,155
उसको,101
नाली,49
राह,130
कवायद,113
रहें,97
छावनी,6
नष्ट,116
कप्तान,8
पौधरोपण,24
मशक्कत,113
पश्चात,149
आजादी,80
शिक्षिका,34
शशि,147
आस्था,96
मनाई,124
गाजीपुर,163
कचहरी,4
बनाना,1
बढ़ता,143
घटनाएं,27
हटा,38
ज्यादातर,50
पत्रों,152
खेला,45
दिखाकर,47
आधुनिक,172
उदय,33
प्रभात,15
प्रतिनिधिमंडल,125
उल्लंघन,31
यहीं,101
उठाए,129
प्रकाशित,15
हिंदी,150
मुकाबला,117
एकजुट,68
गईं,165
अमल,33
सहारे,85
उठे,158
सेंट्रल,141
खेलकूद,14
आधे,61
मोहित,19
शहरों,88
हुये,101
कबड्डी,29
संस्थानों,18
बोले,104
अगली,67
अधिग्रहण,11
सास,6
छापा,115
कैंसर,136
मुहल्ले,117
गिरा,115
दिखे,45
लेखपाल,184
खतरे,61
सलाहकार,181
आलू,165
लकड़ी,145
कोयला,112
सड़कें,97
छात्रवृत्ति,121
पोस्टर,175
प्रजापति,43
कुशीनगर,163
अनुरूप,99
भाइयों,92
काटकर,13
संहिता,31
छीन,51
भूख,42
हटाया,84
क्षति,133
पीछा,115
सेल्सियस,141
सूचित,19
उपकरण,33
चित्र,94
रंजिश,119
स्वस्थ,91
अतिथियों,161
सांस,48
नींद,42
सभासद,108
उपजिलाधिकारी,126
अल्पसंख्यक,18
गाली,115
लूटपाट,170
सत्संग,25
बंधक,31
क्विंटल,141
तकरीबन,78
रूपये,66
चाहे,130
हिस्से,93
ठेका,122
प्रांतीय,63
निकालकर,82
निश्चित,109
बदला,137
बचाओ,198
दौरे,155
शांतिपूर्ण,65
बिलासपुर,163
प्रकोष्ठ,41
शोषण,133
नमाज,140
गर्म,7
बुलंदशहर,14
साइंस,73
दबोच,3
मानक,133
जीता,70
गौर,146
नायब,38
नकद,9
कवि,147
महीनों,66
मित्र,94
बढ़ते,143
सर्व,136
महादेव,180
बढ़ोतरी,143
सर्दी,42
वासियों,161
उपलक्ष्य,41
चलें,97
दूबे,60
विवश,102
पंद्रह,157
प्रसिद्ध,65
दशा,38
मासूम,117
मार्गो,62
दाखिला,47
संरक्षक,31
डेरा,20
सेवन,136
सर्वाधिक,154
फाटक,115
मारा,115
नारे,20
गोल,104
नवरात्र,135
पात्र,96
रोगियों,161
करंट,127
उठाई,198
चुने,3
दर्शकों,26
अभय,33
किराया,112
विस्तृत,148
गावों,28
शैक्षणिक,34
नलकूप,57
संस्कृत,18
झुलस,86
तकनीक,67
जेवर,165
मांगें,27
समर्थक,64
पूछे,153
अनुरोध,99
सुख,16
प्रशांत,63
दरभंगा,146
रहकर,33
उठाकर,198
पहलवान,80
सवा,38
निशाना,107
अवस्था,96
समर्पित,19
देगी,71
विदाई,47
वार्डो,62
जनप्रतिनिधियों,125
सर्वसम्मति,91
अति,147
निकाय,82
चलाकर,198
लाकर,198
बारी,54
गणित,19
नतीजा,176
नालियों,92
विषयों,152
व्यस्त,19
आकाश,92
जिन्होंने,83
बनाये,85
महात्मा,108
संदर्भ,31
प्रतियोगिताओं,103
दोस्त,167
दशक,9
गर्भवती,14
चाकू,20
मालिकों,95
स्थगित,19
लाश,179
हाजी,140
इटावा,72
बढ़ाया,143
टोल,104
घुसकर,187
खुल,104
पत्रकार,2
प्लान,62
तालाबों,112
जेब,60
फूंका,159
अवश्य,116
आचार,108
संचालकों,95
परिस्थितियों,19
दबिश,156
कितने,75
टूटी,170
संगीता,63
बैठकर,132
कुंवर,16
जहर,9
पुलिसकर्मियों,95
पुलिया,115
विष्णु,180
बीएलओ,29
टीकाकरण,133
कार्यों,95
वेबसाइट,73
फंसे,25
चलती,4
गन्ने,20
वापसी,137
मैन,51
झंडी,17
फिरोजपुर,163
सिख,187
प्रसव,57
गंदा,146
खाद्यान्न,21
उत्पाद,21
सराहनीय,108
जल्दी,155
दिखाने,36
सूरत,187
गुजरने,75
आएगी,145
जगत,33
यानी,49
हराया,84
मुद्दों,117
संवेदनशील,18
बगल,9
भेजकर,64
रिश्तेदार,149
फीट,22
वैन,51
शिलान्यास,107
दायित्व,21
कैंट,22
जुड़ी,173
पर्चा,96
तस्वीर,177
जाट,68
परिचालन,133
फीडर,136
कराते,32
हेक्टेयर,53
अनुज,140
जताते,32
गला,38
खातून,190
लुटेरों,161
डाले,179
कामकाज,112
सुनी,16
मानना,1
अभ्यर्थी,103
किल्लत,167
मिलाकर,47
आबकारी,196
दंडाधिकारी,126
शोध,10
मारे,20
खुलने,178
देगा,71
मुकदमे,117
ससुर,155
सील,79
घंटा,68
निंदा,150
लगेगा,71
मिलन,7
ध्वस्त,91
उच्चाधिकारियों,87
पथराव,90
तीसरी,67
रेवाड़ी,89
आतंकी,166
निदान,82
सत्य,116
आत्मा,96
लेन,62
विरूद्ध,65
मनोरंजन,199
हकीकत,113
प्रखंडों,17
महासंघ,25
आपराधिक,185
कलाकार,181
लड़के,61
वेद,155
ओझा,58
आला,38
घोटाले,112
निपटने,75
खेलने,75
भागवत,108
सीता,6
साधन,31
पिछड़ा,47
विमल,165
कैबिनेट,141
बवाल,179
नितिन,51
साहित्य,149
मामूली,117
अकादमी,73
चाहता,183
बेच,3
लाई,69
पसंद,64
रजिस्ट्रेशन,141
स्नातक,103
बसंत,144
राज्यमंत्री,126
हवाई,69
जाये,85
गठबंधन,152
गणमान्य,138
विधायकों,125
जानने,85
कहकर,33
रामचंद्र,180
चौथे,114
इंटरनेशनल,136
हर्ष,116
सदस्यीय,116
चार्ज,73
शाही,130
भागीदारी,50
जानलेवा,106
कराएं,129
माफिया,112
आगमन,9
आएंगे,71
मंजूर,50
मंचन,133
पुस्तक,184
पूर्ति,121
श्रद्धा,180
कंबल,86
लिपिक,19
छोड़ने,168
विक्रेता,2
लंगर,104
ताले,100
उतार,54
देखे,75
मिठाई,47
कटान,115
गोस्वामी,180
जलापूर्ति,121
लगाना,1
कारोबारी,50
दिनभर,187
दसवीं,78
जैसा,132
महासभा,108
जलभराव,90
दिलाई,190
ग्यारह,78
तिलक,165
खासकर,132
परंपरा,17
मेरा,20
माल्यार्पण,107
मानते,32
बीबी,29
उपमंडल,152
खुर्द,163
चाचा,108
तब्दील,79
आधी,4
मासिक,172
इंस्टीट्यूट,141
जीटी,29
ऊधमपुर,16
स्पष्टीकरण,148
कोहराम,59
फटकार,59
लोगो,26
प्यार,59
कामयाब,44
कमला,58
पुलिसकर्मी,167
बाला,115
देशों,46
रजिस्टर,136
कूड़े,173
तोड़फोड़,197
दक्षिणी,63
आसान,1
दमकल,33
भूकंप,133
बुलाकर,198
व्यवसाय,21
बाधा,72
आपत्ति,19
होश,156
ग्राहक,2
विधिक,11
जागरुकता,40
अनुराग,16
काटा,72
मजबूती,14
बताने,85
प्रदर्शनकारियों,95
दुख,155
हरकत,9
पहाड़ी,89
प्रतिबंध,31
लिखकर,75
संविदा,31
गुलाब,163
बेटियों,26
प्रमाणपत्र,15
गुजरात,146
दोषियों,166
सटे,136
अधीन,4
वाद,80
वकीलों,26
तोड़ने,168
जेवरात,50
संसद,25
आशीर्वाद,65
पौधों,24
कोहरे,75
जलस्तर,147
शुद्ध,65
चैंपियनशिप,141
रक्त,8
बचे,52
भीम,7
सरिता,6
वादा,80
चलना,58
निभाई,124
प्रतीक,63
धोखाधड़ी,106
ठगी,145
उत्तम,147
बजाए,129
उजागर,38
सवारी,54
पाठशाला,87
लौटने,75
सुबोध,180
उत्तरी,63
सेवाओं,95
दूषित,65
काले,179
अविलंब,31
हमने,97
ऊना,38
बेरोजगार,59
आदिवासी,80
कर्ज,140
बेहोश,14
लाभार्थियों,95
विकल्प,148
बीए,29
जोड़ा,173
वार,54
रसोई,124
बातों,28
गुस्सा,163
बनता,30
लड़ने,52
शहीदों,161
समस्तीपुर,163
संशोधन,31
जरिये,75
गीतों,161
अंधेरे,59
करेंगी,71
पक्का,86
योग्य,199
समुचित,19
चौकीदार,50
पंडाल,17
सराय,38
पुष्पा,160
टैंकर,22
शारदा,72
इन्कार,20
विपरीत,19
धीरज,16
सैनिकों,166
निर्वाचित,182
विलंब,31
कमर,165
ज्ञात,76
सूत्री,94
पेड़ों,24
गिरकर,13
एजेंसियों,27
मकसद,33
नकली,145
दावे,20
तर्ज,140
रोटी,62
प्राकृतिक,172
निष्पादन,148
चिन्हित,109
करोड़,173
अनुसंधान,31
टंकी,86
वासी,80
खोले,45
खुश,77
घनश्याम,180
जिनका,181
सहनी,4
शौच,3
कहानी,49
अड्डा,73
धरती,145
हाजिर,44
लगती,145
उपेक्षा,96
कूद,155
मलेरिया,190
आपको,101
बुझाने,36
पवित्र,94
कचरा,58
सेविका,74
जनहित,19
कुर्सी,163
बनेगा,71
आकर्षक,64
सकारात्मक,96
आकर्षण,64
नालों,92
घूम,7
नारी,20
निष्पक्ष,41
श्रीमती,63
लटका,30
जिनकी,122
बोतल,42
नोडल,51
शिक्षित,34
पोषण,133
धाराओं,23
प्रवचन,147
बुलंद,119
प्रधानों,87
मेजर,136
सीडीपीओ,29
अनुमान,99
रंगारंग,146
रुक,122
प्रकोप,57
निषाद,80
कितना,93
छाया,84
दरोगा,38
कुश्ती,163
प्रभावी,15
लोकतंत्र,94
समितियों,27
अव्वल,102
गंदे,25
विश्वनाथ,180
बांटे,22
नगदी,196
गुरूवार,163
प्रीति,63
बोझ,42
मुख्यातिथि,126
उपाय,138
पराजित,19
भरपूर,14
भार,181
टूटने,170
पूर्वक,41
प्रशिक्षक,34
सर्किट,136
बल्लेबाजी,119
निर्मित,109
धर्मपाल,43
प्रोग्राम,141
बरकरार,58
भेदभाव,108
जनसंपर्क,31
हाथी,6
भरकर,33
काटे,20
कपड़ा,137
अन्यथा,188
पान,49
त्वरित,19
भवनों,88
रुचि,19
इत्यादि,21
फुटबाल,163
व्यय,133
बनाते,32
प्वाइंट,73
झगड़ा,58
पदोन्नति,11
डकैती,86
लगाये,85
समझाने,36
पहिया,47
फेडरेशन,136
हमलावरों,166
लालू,190
सोना,20
लौटा,68
पीढ़ी,67
रेस,136
पूछने,153
बीघा,115
पुख्ता,184
दवाओं,28
आंधी,25
अपेक्षा,96
सुधारने,40
अध्ययन,188
अन्तर्गत,188
जंग,146
सिरे,20
धक्का,96
पड़ोस,187
चिकित्साधिकारी,87
व्रत,102
चतुर्थ,16
लड़कों,88
कच्ची,3
निदेशालय,107
उपलब्धि,10
संविधान,74
गढ़वा,115
इंद्रजीत,180
केन्द्रीय,53
झंडा,17
लहर,9
मंशा,17
प्राप्ति,121
क्षेत्राधिकारी,87
पुजारी,163
उद्यान,49
स्टेशनों,53
तंग,146
चढ़कर,143
आरक्षित,19
खिताब,12
अधिकारों,23
नगरी,145
किलोग्राम,141
धूल,104
छोड़ा,168
अक्षय,64
पीठ,24
जलाकर,198
रंगदारी,50
संस्थापक,18
बहाने,85
स्थानांतरण,148
दबोचा,38
कतार,181
देशी,46
चोटें,3
किंतु,19
वर्षों,66
गलती,145
दिक्कतों,167
डोर,155
सीधा,176
दुमका,115
इन्होंने,83
तारों,23
घाटों,23
परीक्षाओं,103
कर्नल,136
बढ़कर,143
हॉल,136
कहासुनी,106
निर्माणाधीन,107
उग्र,155
ठेके,122
कड़े,52
मौन,51
विधवा,80
जनप्रतिनिधि,125
तबादला,72
दंपती,25
पैमाने,93
रजनीश,156
बुलाई,69
बिगड़,165
आदेशों,152
भंडारी,17
आमंत्रित,109
सुचारू,40
निवासियों,161
मैंने,83
पाक,6
अलाव,90
आरएस,29
मानी,49
गायक,6
उपकेंद्र,53
कारतूस,112
सीटें,22
दबंगों,28
बढ़ाकर,143
कराये,85
आवाजाही,50
हल्की,86
गणतंत्र,94
सुन,51
हृदय,102
आभूषण,133
निरंजन,11
लौटे,32
शेर,156
किराए,107
मंजिल,167
पिछली,67
वसूल,100
इस्लाम,120
संदेह,31
पाती,6
सेवकों,161
कमरों,88
निर्देशों,109
दहन,9
हीरा,54
पकड़कर,33
निशा,82
पर्स,136
ट्रकों,152
उन्हीं,83
तस्करों,28
खोज,175
दाल,179
अनुभव,99
महान,108
मुआयना,99
टकरा,58
चांद,155
संबोधन,31
एड्स,136
गाड़ियां,27
कटाई,124
उतरने,158
आफिस,51
निर्देशित,109
बीईओ,29
मेल,100
पारिवारिक,172
जला,38
कमान,38
गोद,104
महायज्ञ,135
निरंतर,11
परन्तु,19
मतों,134
ताकत,113
अमेरिका,93
गहरा,38
पार्टियों,95
आरोपों,152
भूल,133
चिह्नित,109
शैक्षिक,34
नेत्र,94
स्मारक,18
गरीबी,14
कागज,181
विसर्जन,11
माला,115
इजाफा,72
मकानों,28
भगवती,4
संपूर्ण,18
चुरा,115
निर्धारण,109
इच्छा,96
मजबूरी,14
लाए,129
प्रारंभिक,148
बदहाल,100
ऋषि,147
चूंकि,122
प्रीतम,63
ठेकेदारों,112
अमृत,174
उतरे,61
इंसान,44
खुदाई,69
तमंचा,17
आएगा,30
सकेगी,71
जिम्मा,190
पर्यवेक्षक,41
कितनी,14
बृजेश,16
काशी,6
नम्बर,66
हलका,38
निकाले,82
चौराहों,114
पढ़ें,97
टूटा,170
घेर,155
विशेषज्ञों,74
एलान,20
हितों,92
जिम्मेवारी,50
दुर्घटनाओं,27
हस्तक्षेप,41
उठाना,198
अस्तित्व,19
दृष्टि,174
गुलाम,120
भंडारे,17
उड़ा,38
विपक्ष,125
मचाया,84
बेहाल,59
रसीद,155
सिपाहियों,161
हवाला,179
निशुल्क,109
गौड़,173
मुआवजे,117
कैदियों,166
डीडीसी,29
डाकघर,181
बाध्य,138
कांस्टेबल,53
भंग,133
फौजी,140
मुलायम,117
बाजी,119
अभ्यास,138
पुष्प,160
बहाली,100
भांति,63
सोलर,136
बहस,33
कथित,19
जीतने,75
रजनी,145
अपराह्न,66
मैट्रिक,141
मधु,16
रमजान,38
फैली,131
पुरुषों,116
उदासीनता,108
पर्ची,57
बहनों,92
संचार,31
धारण,108
व्यवसायियों,95
इन्हीं,83
पकड़ी,4
चिन्ह,83
संगोष्ठी,41
निराकरण,11
जुटा,40
पर्यटकों,26
खराबी,183
घटिया,115
दोनो,26
संभाल,148
इंटरनेट,105
मछली,145
आयकर,33
प्रयासों,95
निर्देशन,109
रोगी,199
उठाते,32
आपके,101
भैंस,25
अगवा,58
आखिरी,67
हमलावर,166
चापाकल,115
उठानी,1
पोशाक,59
पहाड़,89
परीक्षाएं,103
शिकायतकर्ता,56
बर्तन,102
धर्मेन्द्र,180
संसाधनों,31
तुलना,178
इमारत,181
सीमित,19
राखी,54
बढ़े,143
उत्थान,21
यूं,101
सेठ,68
मानसून,117
प्रवीन,63
सफेद,155
बनती,4
दवाएं,129
एयरपोर्ट,141
दिवाकर,43
जोड़,173
भोग,199
निर्गत,11
उमड़,173
तीर्थ,63
जीव,81
प्रताड़ित,106
दायरे,85
प्रोत्साहन,149
साक्षात्कार,149
सावन,6
कहर,33
शर्त,8
फरमान,1
कड़ा,38
छिड़काव,47
मचाने,85
ब्याज,50
क्रांति,63
जलाने,85
नवजात,186
निर्णायक,182
लोहे,104
अंदाजा,44
कल्पना,96
बचत,9
गिरावट,56
आतंक,166
बढ़ाई,143
पूर्णिमा,135
प्रोत्साहित,148
जिक्र,44
नक्सली,136
मुसीबत,167
प्रभार,15
कारोबारियों,95
रोगों,26
निर्मला,180
सुना,20
माले,20
विधिवत,11
साधना,108
पीडब्ल्यूडी,29
जिंदा,150
तिराहे,190
सापेक्ष,149
हिन्दी,150
कहती,4
जनजाति,186
कारावास,96
तफरी,145
फैला,131
संकेत,31
बड़ी,191
सघन,33
युवतियों,161
फूलों,28
विवरण,133
हथियारों,23
हिस्सों,167
सम्भल,187
नजारा,54
जनसंख्या,73
अभियुक्तों,5
घटे,52
नक्सलियों,166
बुजुर्गो,65
वृद्धा,65
मिलेंगे,71
प्रिया,96
प्रमंडल,17
उत्तीर्ण,41
बैठी,132
कमाई,124
युद्ध,65
अधूरा,153
वृक्ष,174
केशव,122
इमाम,113
टूटे,170
हलके,158
डंडे,17
कक्षाओं,23
जोकि,62
खामियाजा,44
लावारिस,190
बिल्कुल,93
परेड,147
फैलने,131
नर्सरी,136
जुड़ा,173
नियमानुसार,107
जनसभा,58
शाहिद,44
लूटने,170
सबको,26
कैदी,132
उत्क्रमित,19
निवारण,11
घाटी,115
देखभाल,40
उतरी,4
नदियों,92
छात्रावास,149
निर्भर,109
कीमती,134
चलेगी,71
संभावित,148
मेहमान,59
ट्यूबवेल,141
कोठी,86
उदाहरण,137
सोलन,165
ईमानदारी,50
चलकर,9
झेल,104
गुस्साए,18
अकेले,75
महकमे,52
बीआरसी,29
फैलाने,131
दाखिले,47
प्रकृति,174
कांफ्रेंस,141
प्राचार्या,87
खाक,181
गायन,6
युग,92
किराये,112
बाप,72
प्लास्टिक,141
परिषदीय,147
हरा,38
एजेंट,22
जिसको,122
खतरनाक,14
धीमी,7
कोचिंग,105
रखरखाव,196
वारदातों,106
जश्न,51
अनुपालन,99
समझौते,93
विदित,19
जीतकर,81
आठवीं,78
गोलियां,27
भड़क,33
सन्नाटा,96
कर्म,7
दलाल,179
प्रशंसा,18
डेयरी,136
शिकंजा,44
कुंदन,86
बताकर,198
ट्रेनें,53
दिसम्बर,66
बोली,104
मिलीभगत,167
भ्रूण,133
बारात,54
तुलसी,16
सुनाया,40
सच्चाई,108
अखंड,196
उपेंद्र,180
रखेंगे,71
व्यक्तिगत,19
उर्मिला,190
परिक्रमा,96
अनुशासन,99
कार्यप्रणाली,56
चेतना,108
कपड़ों,88
आगाज,140
अधिसूचना,56
गोला,104
बहू,187
भगा,38
झील,79
ठोकर,13
कर्तव्य,116
चौपाल,114
खाई,69
अश्विनी,180
वजन,33
कुएं,86
सवालों,92
रजा,38
धूम,7
परमात्मा,96
भरोसे,26
नाकाम,106
प्रतिबंधित,31
रवैया,84
गहरी,145
तारा,70
देखना,137
पाएगा,1
करवाकर,164
धनंजय,25
रवैये,122
अर्जी,140
टैक्सी,105
सम्पन्न,91
धारकों,112
टोली,104
बेहतरीन,14
कोट,68
जाल,179
मूलभूत,14
बिक,60
पायी,6
रोकथाम,59
लिखी,176
गूंज,146
शकील,79
डूब,60
जीते,81
रचना,137
वसूला,100
कालोनियों,92
कंचन,57
वैश्य,46
सिद्ध,65
गिरि,16
परिचालक,184
तंत्र,94
निपटारा,40
शातिर,44
विफल,102
बेंच,3
जरूरतमंद,14
कुलवंत,144
स्थानांतरित,148
चालीस,78
साक्ष्य,149
ऐलान,1
मोह,7
पाये,85
सेमीफाइनल,141
रोटरी,62
हिम्मत,167
लगायी,183
इकट्ठा,68
बेरोजगारों,59
हरियाली,115
बनना,58
सावित्री,49
पड़ते,158
चलाते,32
जन्मदिन,135
पुरुषोत्तम,65
रेत,8
हराकर,198
ख्याल,190
कालाबाजारी,112
महकमा,38
वर्दी,155
चहल,33
प्रतिवेदन,11
नौजवान,59
विद्युतीकरण,11
बांटा,72
जायेंगे,71
देसी,155
वैदिक,172
शवों,88
आयोजक,199
गवाह,130
नाजुक,40
शब्द,10
इस्तीफा,50
निशानदेही,119
पदार्थो,21
गुलशन,165
पुस्तकालय,184
दोस्तों,167
सतर्कता,108
खेलते,75
विक्रेताओं,2
हॉकी,105
कन्नौज,24
धांधली,48
समन्वय,64
खेले,45
अंधेरा,119
कीचड़,134
अंदाज,119
शिकायती,56
तमंचे,3
कार्यभार,56
दून,51
आखिरकार,93
जबरदस्त,8
वीरभद्र,180
सौंपने,75
प्रदेशाध्यक्ष,55
निकलना,82
कर्ण,116
कठिन,142
मवेशी,46
मेधावी,80
कृपा,96
रिकॉर्ड,141
दामों,28
जितनी,14
विश्राम,74
वर्करों,152
जंगली,25
दूसरों,26
सर्वेश,46
क्लीनिक,141
चरित्र,94
बीडीसी,29
सीमेंट,22
अबतक,33
मंत्रियों,126
एकमात्र,96
खरीदा,50
स्थाई,21
अश्लील,79
भुगतना,40
हाजिरी,44
खोजबीन,14
मरने,61
बुला,190
पांव,48
नवम्बर,66
मणि,165
करेगे,71
गुणगान,40
सीख,176
नगद,33
सूत्रीय,94
सक्षम,64
नसीब,60
पर्यटक,147
लगवाने,85
छेड़खानी,197
दिखाते,32
बहरहाल,93
संगम,25
शिक्षामित्रों,34
भंडारा,17
बेगम,60
प्रपत्र,41
रिश्वत,11
सब्जियों,28
पार्वती,43
करवाना,1
विभागाध्यक्ष,87
हाट,115
लैस,100
छात्रसंघ,95
सतर्क,122
शासनादेश,87
वरुण,16
व्यास,138
शीतल,102
सुध,16
खंभे,17
रौनक,122
वार्षिकोत्सव,135
चीख,45
भनक,9
उमस,33
युक्त,19
गुमराह,59
भजनों,88
माया,84
वाहिनी,49
सहकारिता,56
मिस्त्री,94
जीने,136
सूखे,42
मीट,22
समीर,169
धंधा,25
क्रियान्वयन,148
प्रसंग,31
बचाया,84
डयूटी,29
मनीषा,6
खिड़की,24
पलायन,6
अनिश्चितकालीन,107
निहाल,190
लंबा,17
तत्व,147
मंथन,7
वेतनमान,74
पुण्य,116
दिखाए,129
उत्कृष्ट,41
निर्वाची,182
नुक्कड़,86
सरसों,88
मानने,85
डालते,32
आराम,181
हरिओम,165
कान,20
संसार,18
मंडियों,28
पड़,165
निराश,11
थोड़ा,173
बाइपास,72
लेनी,62
प्रतिष्ठा,103
पाना,115
रिश्तेदारों,95
राजनैतिक,172
गिरफ्त,167
पुनीत,16
शरीफ,113
रिहा,190
विजेताओं,74
शौचालयों,23
मोहाली,115
रजिस्ट्रार,141
पढ़ाने,143
बुनियादी,44
माफी,50
जानवरों,23
नमूने,20
वोल्टेज,141
हीं,101
लूटी,170
लिख,45
मतलब,9
विवेचना,74
दीवान,80
समर,33
महंगा,146
दुआ,155
जिसने,75
पड़ाव,90
लायक,108
पीटकर,57
झोपड़ी,24
बंदियों,119
उत्साहित,18
बालिकाओं,95
दहिया,190
बांटने,48
सुधा,40
उतारने,36
कागजों,28
महिमा,190
मंडलायुक्त,126
लैपटॉप,105
कोटेदार,112
दबंग,146
जलने,158
टैंक,22
लाना,1
उतारा,54
चढ़ा,39
किताब,12
पुरवा,115
बेदी,155
सैयद,120
अर्थ,64
महर्षि,116
गौरी,115
अस्थायी,21
झगड़े,158
जाली,49
अभद्रता,96
पैदावार,50
वस्तु,19
शून्य,133
सुपुर्द,65
हत्यारों,59
मुंशी,16
वैकल्पिक,172
व्यक्तित्व,74
बीतने,67
आतिशबाजी,119
तरक्की,122
विज्ञापन,76
सेनानी,49
परियोजनाओं,27
बूंद,42
आवेदकों,152
राजाराम,70
जोश,14
गोशाला,115
निर्विरोध,189
कहे,52
शब्दों,26
अंचलाधिकारी,126
चक्का,86
कगार,38
संग्रह,31
अनुबंध,99
रूबरू,60
आमजन,33
हां,101
साधु,80
तड़के,52
हिन्दू,150
अधीक्षण,5
महादलित,95
विनीत,81
बुद्ध,65
नियोजित,109
कदर,9
त्याग,138
प्रशिक्षु,34
ब्योरा,62
नहरों,88
किस्म,167
निकलते,75
ऊंची,3
सुदर्शन,16
नेताजी,81
संकाय,31
प्रभारियों,95
घास,115
पंत,144
बटालियन,190
खातों,112
हफ्ते,8
शस्त्र,94
सार्थक,18
साहिल,190
लुटेरे,163
मार्गदर्शन,149
इसीलिए,93
तादाद,80
आमरण,33
दिक्कतें,167
रुकने,86
तरुण,16
बनेगी,71
प्रेषित,41
कामयाबी,44
चरणों,88
प्राण,96
वादों,23
गिनती,11
घटी,145
सूख,42
उठने,61
योग्यता,21
सनातन,108
शहरवासियों,161
कठोर,14
अंप्र,57
शुभ,194
मनप्रीत,63
पारदर्शिता,56
गंगवार,146
अधूरे,153
पाबंदी,119
सिनेमा,93
दरगाह,119
महुआ,101
उद्योगों,199
सनसनी,4
हवाओं,28
लेती,104
बचपन,33
बावत,54
दशहरा,58
रुपयों,199
हवलदार,58
ऊषा,58
शरद,33
जानकारियां,56
उपरोक्त,19
टिप्पणी,125
निभा,108
उपचुनाव,171
महोबा,20
निबंधन,31
संबद्ध,31
जितना,181
एकल,9
कुसुम,16
अरविन्द,150
जहरीला,24
कराएंगे,71
स्टाल,62
शिवानी,49
सक्रियता,56
खुलासे,93
आशय,33
थानेदार,112
प्रहार,96
मिलों,92
जागृति,81
जगजीत,81
खुलेआम,75
करण,97
जोरों,26
पाएंगे,71
पासपोर्ट,141
हिंसा,150
खाकर,198
झूठे,153
संतुलन,31
कच्चे,3
अभियंताओं,126
बदतर,187
प्रकाशन,15
राजभर,70
असली,4
त्रिवेदी,180
नारा,70
देन,155
विपक्षी,125
चमन,9
प्याज,163
जीना,49
समझाया,84
मसले,158
पृथ्वी,63
कोमल,86
पठन,9
महीना,49
सिलसिले,93
लदे,165
हेलमेट,105
व्यवसायिक,21
दस्तक,102
सर्वश्रेष्ठ,41
पाठन,6
टेलीफोन,175
डूबने,153
बढ़ोत्तरी,143
अपनाने,36
सशक्त,19
झटका,58
मानवाधिकार,87
सिद्धार्थ,180
सर्राफ,62
उद्यमियों,95
काजल,181
वैज्ञानिकों,76
गणना,137
आतंकियों,166
सबक,33
बची,145
पुनर्वास,148
केसरी,136
यानि,190
वादी,80
भटक,33
सिमडेगा,93
अग्रिम,11
बिगड़ने,75
उमड़ी,173
हटाकर,198
तंबाकू,119
मास,6
यंत्र,94
अंग,188
नियंत्रित,109
आवारा,54
भतीजे,176
नींव,51
तर्क,122
प्रतिभागी,103
आतंकवाद,166
अनंत,144
बेकार,59
भट्ठा,68
देवता,180
घुसे,86
कांग्रेसियों,95
पाउडर,42
लक्षण,64
पड़ेगी,71
वादे,20
मुलाजिमों,117
गुटों,68
उल्लेख,46
उपहार,137
भागे,20
देवर,16
इनसे,52
साप्ताहिक,149
पुकार,163
शिक्षामित्र,34
आंकड़ों,152
रोजा,140
परिस्थिति,19
शहादत,113
मोती,104
सिलाई,190
उपलब्धता,10
जानवर,112
पंखे,17
प्रबंधकों,31
लटक,33
हड़ताल,100
उपलब्धियों,161
भौतिक,172
अत्याचार,106
खैर,155
कांस्य,116
बाराबंकी,119
आकर्षित,19
गहन,33
मसीह,92
सपने,52
कुत्तों,161
पाठ्यक्रम,149
कुंतल,86
आंसू,153
गबन,33
मामा,20
निर्दलीय,125
जलाभिषेक,74
गुलाल,179
समाप्ति,121
पलटने,158
आंखें,42
पक्की,122
अभिनंदन,31
सुचारु,40
सीधी,176
ओंकार,181
बरात,190
सामानों,112
मानकों,23
स्वरोजगार,18
निर्देशानुसार,107
दर्शक,64
पीकर,22
भिड़ंत,144
प्रतिमाह,15
क्रिसमस,141
तेवर,165
पौधा,24
सबके,61
पारी,6
लोहा,115
डिमांड,48
स्वतंत्र,94
साध्वी,180
शिरोमणि,180
वस्त्र,94
खरीदी,42
बदली,145
ठहराव,137
धरातल,6
प्रमुखता,184
ताज,70
भोले,104
न्यायमूर्ति,87
जुर्माने,40
पेशी,46
मुकाबलों,117
दराज,70
गश्ती,8
भलाई,124
कृषक,64
सर्वेक्षण,41
शुभकामनाएं,77
कसर,33
जनगणना,66
बोलने,75
चादर,115
इजहार,54
दवाई,124
प्रतिभाग,15
नियंत्रक,109
नाव,90
चारा,108
तोड़ा,173
नीलामी,49
संस्तुति,148
जानते,32
घोर,155
अंकों,152
कारागार,112
उपकरणों,88
निलंबन,31
लगाम,7
साकार,181
बनाएं,129
मच्छरों,28
राज्यसभा,118
बिंदुओं,152
प्यास,96
विकलांगों,95
वस्तुओं,94
लिहाज,44
लूटा,62
तालाबंदी,119
किला,190
कक्षाएं,27
कार्यशैली,56
वक्ता,2
बौद्ध,65
उठी,4
असामाजिक,185
सदैव,102
मुहर,155
चिह्न,109
रोककर,13
पटवारी,95
रास्तों,28
अभिलेख,99
चुप्पी,160
श्वेता,96
जितने,75
नजदीकी,67
भाईचारे,108
बारहवीं,78
पढ़ा,39
स्नातकोत्तर,103
हंगामे,106
प्रज्ज्वलित,81
आजसू,66
संकीर्तन,63
किरन,165
निकेतन,11
कसने,158
आवेदक,64
बर्बादी,119
प्रदर्शित,139
मानवता,108
चंदा,17
बीमारियां,27
बीएसएफ,29
चाह,130
हटाए,129
कल्याणकारी,21
विरेंद्र,180
गुरू,16
कोटे,62
गड्ढों,28
खोलकर,13
सिफारिश,44
साक्षी,149
कोष,86
अहसास,108
कचरे,158
बर्फबारी,106
चक्रवर्ती,63
मित्रों,161
धंधे,25
उपनिरीक्षक,5
आयुष,116
घेराबंदी,119
बांट,22
कार्ययोजना,56
सितम्बर,66
किताबें,12
पढ़,39
बुलाने,36
मवेशियों,92
संतों,144
कांप्लेक्स,141
आंकड़े,27
मुक्तसर,117
बनते,158
कैमरा,105
दंगल,155
नाक,20
जनपदों,88
पूर्वाह्न,135
कुलसचिव,184
पटाखे,45
घूमने,153
धोखा,45
अभियोजन,199
लड़कियां,27
बदहाली,106
अटल,33
अधिवेशन,46
फेंकने,159
खुशबू,42
इजाजत,113
अध्यक्षों,55
मृतकों,152
ईदगाह,66
प्रतियोगिताएं,103
नीयत,51
पावन,6
क्षुब्ध,65
सीडी,29
पीड़ा,106
कापी,6
अवलोकन,196
ऊंचा,3
बैडमिंटन,105
शकुंतला,43
घोटाला,112
ओलावृष्टि,174
मत्स्य,116
आकलन,9
गुजरना,40
अव्यवस्था,21
विचारों,128
बदौलत,102
हौसला,132
दुरुपयोग,65
किन्तु,19
अपहृत,174
फंसा,25
साक्षर,149
तालमेल,93
साठ,78
इच्छुक,122
भंडार,17
पड़ोसियों,92
रंगों,28
स्वर्णकार,18
संकुल,99
नक्शा,181
पात्रों,96
लता,38
दादा,80
आवासों,23
घाघरा,115
खुराक,42
बंदरों,28
गिरे,20
प्रोन्नति,11
माजरा,115
गारंटी,73
रोजी,62
मोहल्लों,28
व्यावसायिक,21
ठंडे,17
प्रतिनिधित्व,125
गहरे,52
लगन,9
दलितों,161
समग्र,147
फेंका,159
विस्फोट,141
सेवानिवृत,35
नववर्ष,66
सजग,33
आराधना,108
प्रदूषित,65
पालिकाध्यक्ष,87
दिखने,75
भोर,155
नैतिक,172
झाविमो,20
शिक्षिकाओं,34
मोटी,68
निर्वहन,109
रद्द,155
सुनते,75
अनमोल,92
जूझना,153
बोरी,155
बर्खास्त,44
नौजवानों,59
दृश्य,174
बैठकों,152
बोरा,20
लैपटाप,105
चिंतित,19
पद्धति,147
कराटे,20
ताल,179
भिड़,173
लेगी,71
कुत्ते,163
चेहरा,3
घटनाक्रम,149
चीज,3
जागरुक,40
पांचों,3
विहीन,11
मंडलीय,31
दिनदहाड़े,106
नवनिर्वाचित,182
हल्का,115
नियत,51
ईंट,127
इनको,165
लाभार्थी,56
आढ़तियों,161
प्रधानाचार्या,87
समृद्धि,65
बिरादरी,163
निखिल,47
आंकड़ा,73
नालियां,115
कुशल,116
सहन,9
सेशन,136
लिखने,75
प्रथा,96
डिप्लोमा,141
गायों,92
लौटना,36
रश्मि,7
बड़े,191
फसलें,97
पिछड़े,14
पैरवी,132
लेखन,102
उठाव,198
मनोनीत,81
निकलकर,13
जरुरत,14
चक्र,57
बोला,104
सिकंदर,25
जोड़ी,173
संभालने,40
अफरातफरी,106
पीस,29
तरस,9
पुण्यतिथि,135
पारंपरिक,172
पिलाने,190
विमान,107
गुना,40
भाजपाइयों,95
संतुष्ट,19
रस्म,7
निराशा,108
चरम,9
कमांडर,136
सशस्त्र,94
नमी,165
ब्राह्मण,180
साधारण,108
पहुंचना,98
जंगलों,28
मताधिकार,87
प्रयासरत,15
जुड़,173
अस्थाई,21
कालीन,135
पसीना,20
प्रतिष्ठान,103
हत्यारोपी,106
वास्तविक,172
चलाना,1
आढ़ती,143
इंसाफ,44
महत्ता,96
फलों,88
मलबा,58
फूट,170
लालच,100
डटे,52
बदबू,187
मांस,48
बतायी,183
गुजरते,75
मंत्रमुग्ध,65
तूफान,49
टाल,179
मुफ्ती,163
प्रेमिका,103
रहित,19
ग्रंथ,193
मुस्कान,163
प्रयोगशाला,15
चौदह,114
गहने,61
कारखाना,112
डंडा,17
दस्ते,8
बंदूक,119
उपनिदेशक,46
जरा,38
मच्छर,3
खुफिया,44
गगन,33
जनार्दन,96
कूलर,136
कोने,62
सूबेदार,50
अघोषित,19
शिष्टमंडल,74
रामनवमी,135
तत्वाधान,21
इसपर,33
अन्याय,138
चौथी,114
खींच,3
क्रीड़ा,96
रामनाथ,70
जुआ,124
संग्राम,31
अनुशंसा,31
आत्म,7
रंगोली,146
उपाधीक्षक,87
भीड़,17
पहुंचेगी,98
खण्ड,196
प्रांत,63
खदान,38
कुख्यात,184
मौर्या,115
नियमावली,109
बदलते,61
भला,30
प्रतिक्रिया,148
किस्त,8
शताब्दी,135
दंड,17
पसरा,58
असफल,33
ऊंचाई,69
ठहराया,137
माफ,181
अभिलेखों,99
अर्जित,19
पदस्थापित,148
संभाला,40
नेपाली,49
अनुष्ठान,148
सचिवों,152
नवनियुक्त,109
शैली,100
सौहार्द,18
इंजेक्शन,53
लोकार्पण,107
जोखिम,14
वसूलने,153
रामायण,70
पक्षी,116
राजकिशोर,59
मधुबन,86
छठी,4
प्रतिवर्ष,41
मंत्र,94
टीईटी,29
नवोदय,7
बिजलीघर,14
सहभागिता,56
आर्मी,136
ध्वजारोहण,107
फेरी,155
लड़का,58
प्रतीत,63
धारक,112
चैंपियन,105
किन,142
संवेदक,31
आसार,54
खुलवाने,36
सावधानी,40
वन्य,116
लगेगी,71
भाग्य,21
आहत,33
प्राधिकार,87
विवादित,74
दूरभाष,151
कहाकि,101
जले,165
घातक,6
सिम,120
महाविद्यालयों,87
रिहायशी,47
बांधकर,13
सालाना,40
गवाही,130
मस्ती,8
उल्टी,68
विमोचन,99
खरीददारी,50
घेरे,155
चौटाला,114
पर्दाफाश,106
माथा,115
अत्यंत,19
आश्वस्त,91
स्कूटर,53
झटके,52
धड़ल्ले,104
संयंत्र,31
दुर्घटनाग्रस्त,65
देवताओं,161
सांप्रदायिक,172
धार,6
सर्राफा,72
अधिशाषी,96
तत्पर,147
पंचनामा,17
कमाल,179
दामाद,80
परामर्श,149
उज्ज्वल,81
बनेंगे,71
रखता,58
लूटे,170
धारदार,50
खबरों,88
संतोषजनक,31
आगजनी,145
निभाने,36
सांप,57
फीता,190
हाथियों,92
एकजुटता,108
निर्दोष,189
सेक्शन,53
नशीला,6
दीक्षा,103
नामित,11
जनजीवन,81
मुनि,16
लौटते,32
बागवानी,72
अल्लाह,120
सगे,52
गढ़,191
चूना,115
तलवार,54
भाईचारा,108
हड्डी,86
थोक,122
लौटी,68
प्रहलाद,43
पहुंचेंगे,98
डंडों,28
देशभर,46
मिजाज,44
बीएन,29
नमूना,20
संक्रामक,18
बुझाकर,198
भड़के,158
खुलकर,13
छापे,20
पहलुओं,152
तबादले,72
बर्फ,136
सौदा,80
तथ्य,116
निबंध,31
लगेंगे,71
लदा,38
रामानंद,180
अध्यापिका,87
मशीनें,51
बांस,48
भास्कर,43
मालगाड़ी,106
तबाही,130
खरीदे,45
सबूत,67
दुराचार,65
आयुर्वेदिक,172
शरारती,183
आरक्षी,116
दादी,80
बहुमत,187
अर्थदंड,196
ब्रज,60
एथलेटिक्स,141
संलिप्त,148
सरयू,66
बढ़ेगी,143
मंगला,17
तत्पश्चात,149
कंपनियां,27
सहायिका,21
गुमशुदगी,14
दुखी,16
कतई,33
कटाव,115
कब्रिस्तान,44
परहेज,175
क्रेडिट,141
बढ़ाए,129
जोड़कर,168
सांत्वना,18
सहज,9
अभिनव,102
आजीवन,81
रौशन,24
पुस्तकें,184
प्रतिनियुक्त,109
सरकारों,23
पक्षियों,161
बिछाने,36
माली,190
आमदनी,66
परंपरागत,17
बेटियां,27
झूठा,153
जैविक,172
अनुपात,99
सुलझाने,40
कार्यदायी,21
सर्वोच्च,91
स्वर,91
कार्मिक,5
समायोजन,199
होड़,173
जनस्वास्थ्य,18
फिल्मों,167
अकेला,100
त्रिस्तरीय,5
समझते,158
छोड़ी,168
ठंडा,17
प्रशासक,184
रस्सी,136
मुश्किलें,167
बंधन,31
कमलजीत,81
नसीहत,113
सबका,58
धुनाई,124
नशीले,79
कोहरा,59
रिश्ते,167
खरीफ,42
फाइलों,73
झांसी,48
तबीयत,113
लापरवाह,106
झड़प,101
छाए,129
ढोल,104
सराहा,115
ब्यौरा,50
बच्चियों,26
उपविजेता,74
नाकाबंदी,119
चढ़ने,143
नमन,9
खोली,104
निशाने,107
लगाएं,129
पांचवें,78
कीटनाशक,42
हाथापाई,106
पढ़ाओ,143
पार्को,62
राजी,70
समर्पण,64
चौपट,114
छठे,61
निष्ठा,148
छुटकारा,40
लगना,58
दीन,51
डीलरों,152
दलालों,92
दिला,190
विस्थापित,148
झाड़,89
अग्नि,11
चांदनी,48
राज्यस्तरीय,149
नवीनीकरण,11
भक्तिमय,19
अनारक्षित,148
इकाइयों,92
टॉप,22
बहने,61
सातवें,78
टीका,181
दस्तावेजों,149
पसीने,51
मातम,7
उर्स,136
गरिमा,115
अखाड़ा,89
मौलिक,172
अदायगी,50
बलिदान,49
प्रताड़ना,106
भैया,115
सौंपकर,187
प्री,63
उपज,33
टेक,22
क्लर्क,5
अमीर,169
जायज,140
मशहूर,14
श्रेष्ठ,41
मुहल्लों,167
प्राध्यापक,87
परमार,54
पेटी,22
घेरा,115
अंबार,17
खामियां,27
बड़ा,191
बडे़,191
निर्माता,107
दिव्य,180
वें,97
खत्री,155
आपकी,145
विचाराधीन,128
झलक,9
खलबली,165
बेचा,3
प्रेरक,41
साझा,40
महंगी,146
पंडा,17
अंतर्राष्ट्रीय,149
घड़ी,4
खौफ,14
खफा,58
स्वयंसेवी,18
तरीका,6
कार्यवाहक,56
घुसने,75
आंदोलनकारियों,95
असुविधा,171
सचेत,8
बहाना,115
त्रस्त,8
मयंक,86
आटा,38
स्वाभिमान,18
भावनाओं,108
पैसों,152
गौशाला,115
भाभी,108
खपत,9
लहूलुहान,120
मंडली,17
अधिकृत,154
जमावड़ा,89
पॉलीथिन,141
गंतव्य,31
बीडी,29
टेम्पो,62
कुपोषण,160
चढ़ाने,143
बिलों,92
रूपरेखा,107
सरल,9
चरस,9
दौड़ा,89
अंजली,25
प्रौद्योगिकी,172
शिविरों,95
मॉल,62
छीनने,75
ताबड़तोड़,197
हर्षोल्लास,18
निस्तारित,148
सरगना,38
पुरूष,116
सबकुछ,187
बनायी,183
दुल्हन,167
कुचल,86
विदेशों,46
सभासदों,161
परिचित,19
बेटों,26
मलबे,61
सैन्य,172
रक्षक,64
तिराहा,115
खातिर,44
चीजों,26
ज्ञानी,76
गोलीबारी,106
उपयोगिता,56
अवशेष,116
व्यवस्थाओं,18
आवेदनों,152
चौकसी,114
जगतार,58
कागजी,181
फंदा,38
खुदकुशी,77
मजबूरन,14
रैन,51
बयां,165
अधूरी,153
पर्चे,3
बंदर,60
शख्स,51
इनकार,181
अफवाह,130
नयी,145
चूक,122
रहेंगी,71
सेतु,19
मंडप,147
कीमतों,134
जता,38
शिक्षाधिकारी,87
रूपए,66
बदलकर,52
नाग,20
रोपाई,62
नौबत,51
बढ़ेगा,143
अविश्वास,74
नामों,23
जोड़े,173
नाते,32
चुप,57
प्रज्वलित,81
गुरदेव,16
श्रोताओं,2
चकबंदी,155
धुन,86
शान,1
परमानंद,43
विधेयक,74
बेहोशी,14
त्रिवेणी,63
पीडि़त,19
दुग्ध,65
इरशाद,120
तौल,104
वैभव,102
बेला,190
खोकर,13
शीतला,43
स्कार्पियो,141
विविध,11
गर्व,90
छत्तीसगढ़,63
संगठित,31
गाड़ी,124
उठता,30
तटबंध,25
सवारियों,92
पुस्तकों,184
सूखा,42
जयंत,144
यौन,51
सदा,38
आहूत,8
छप्पर,57
सड़कों,152
पैतृक,133
बत्ती,8
बादलों,72
अग्रणी,116
बस्तियों,161
साकेत,20
भगदड़,165
शाखाओं,23
उत्पादों,21
पहने,158
सकुशल,64
कुआं,86
गतिविधि,11
हटवाने,85
अनुमोदन,99
जनरेटर,136
चेतन,102
चरखी,145
जमाने,85
चेताया,84
अपराधों,185
मुश्किलों,167
विद्यापीठ,103
सद्भावना,108
कनिष्ठ,41
धरोहर,165
वीणा,6
दावेदार,50
नेट,22
शीर्ष,41
बंगला,17
कठिनाई,69
लुत्फ,120
आड़े,158
साहित्यकार,18
बैंकिंग,105
मुकाम,117
मिसाल,93
क्षेत्रवासियों,95
अग्निकांड,5
प्रतिकूल,19
ओलंपिक,17
चंचल,3
गुस्से,167
जिलास्तरीय,87
चेकअप,3
बाई,124
टूटकर,170
चिंगारी,106
मुकम्मल,117
पोषाहार,163
संशोधित,31
स्त्री,94
पिलाई,190
खुशियां,77
नवनिर्मित,109
हंस,25
जन्मोत्सव,135
शीशे,156
स्वर्गीय,91
बापू,70
मृत्युंजय,174
साड़ी,89
किताबों,12
हंसराज,70
चित्रकला,96
रत्न,102
कामों,23
सृजन,102
पक्के,122
बरी,165
उद्यमी,199
सेक्टरों,53
झंडे,17
असिस्टेंट,141
विशेषकर,74
दिलचस्पी,167
पहलवानों,23
जुगाड़,173
पढ़े,39
दीनानाथ,70
रोहिणी,63
कूपन,133
पुस्तिका,148
कॉपी,105
साढे़,78
प्रयुक्त,148
मात,6
जुटाने,40
भूमिगत,133
पैरों,28
लादकर,38
खस्ताहाल,93
अपमान,1
प्रतिनियुक्ति,109
पीर,169
सरपंचों,152
इशारे,85
खेली,104
आलोचना,108
कत्ल,104
पढ़ाया,198
सुमित्रा,180
मकर,33
ध्वज,147
सस्ते,8
चर्चित,19
मनमाने,85
चाल,179
जन्माष्टमी,135
पढ़ी,39
जननी,145
मुकुल,16
हटाओ,198
समझने,61
झोंक,122
दीवाली,135
रसायन,38
नतीजतन,67
नन्हें,83
रोड़,173
खानापूर्ति,121
पटाखों,28
मानकर,1
सोलह,187
निविदा,109
गतिविधियां,27
जलजमाव,90
सेविकाओं,95
पल्ला,115
आहार,181
कमेटियों,26
भोजपुरी,163
पायल,190
सचल,33
हौसले,132
बजकर,33
फैले,131
तत्परता,96
एहसास,93
वृक्षारोपण,103
जगी,165
उज्जवल,188
नगीना,20
लाईन,73
सुलभ,187
दुर्घटनाएं,27
मूल्यों,133
आयोजकों,199
विरासत,56
उन्मूलन,99
उतरकर,97
सरिया,115
मुठभेड़,117
देशभक्ति,167
वैद्य,138
उदासीन,49
ताक,181
प्रेक्षक,41
भरमार,54
लाइनें,73
घोसी,104
फरियाद,44
रामा,115
मुसलमानों,117
बकरी,4
उर्वरक,147
दफ्तरों,152
प्रेमियों,161
हैदराबाद,44
प्रधानाध्यापिका,87
सर्वप्रथम,91
थमने,158
केरोसिन,62
ग्रामसभा,96
उत्पात,96
कॉलोनियों,141
महाशिवरात्रि,135
कच्चा,3
नौवीं,78
अमीन,120
खस्ता,8
ध्वनि,11
अलमारी,50
संवेदना,18
आंगन,42
बोलते,32
बिरसा,43
पाएगी,71
तबाह,130
व्यवस्थापक,21
वैध,10
शशिकांत,63
आपात,6
लकड़ा,58
विस्थापितों,148
पीटने,57
दस्ता,8
सैकड़ों,26
अखबार,59
समूहों,152
मिलनी,7
बोगी,104
सूचनाएं,73
खादी,80
पौधारोपण,24
प्रधानाध्यापकों,87
अनहोनी,51
परमेश्वर,92
प्रश्नपत्र,41
सलामी,120
पहनाकर,198
बेवजह,14
मिलावट,47
बलराज,70
व्यवस्थाएं,27
सरेआम,52
ग्रस्त,65
प्रभा,15
सभाओं,23
जरूरतमंदों,166
फरियादियों,92
गर्भ,133
सिमट,86
अभद्र,169
अत्याधुनिक,172
इशारा,38
मक्का,86
सुलह,187
गुरुकुल,16
परम,9
अवरुद्ध,10
बनवाया,84
करवाएं,129
लिफ्ट,141
साधा,108
खिलाडि़यों,95
फंदे,25
गुरनाम,163
बुआई,69
बचाई,124
बूंदाबांदी,119
नतीजे,176
प्रतिभाओं,103
आकस्मिक,172
दबाकर,38
विकराल,96
मारवाड़ी,89
बांधा,115
पात्रता,96
विज्ञप्ति,121
बलवान,38
कानूनगो,192
श्रृंगार,135
चाबी,183
घटित,133
टमाटर,181
गर्दन,155
शास्त्र,149
गाकर,198
बहाव,90
अंग्रेजों,166
चुंगी,3
फौज,140
अवहेलना,38
बिंदु,10
मांगपत्र,5
बंदोबस्त,119
अस्त,8
कन्याओं,23
आनी,145
वांछित,19
चलाता,72
बयानों,23
दोस्ती,167
निपटाने,36
अकेली,14
भल्ला,190
दुर्दशा,65
लेगा,71
रेडियो,175
परचम,147
जतायी,183
कड़ाके,20
मोर,155
कुर्बानी,44
प्रदेशों,46
चौड़ीकरण,114
पैनी,62
धक्के,122
नशीली,79
अलका,58
गुलदार,54
चाहा,130
मिटाने,36
जबाव,90
आयुर्वेद,65
अभिनय,102
गाने,20
अर्बन,60
पदयात्रा,96
मिलीं,83
दोष,116
दांव,48
निचले,75
चोटिल,104
सच्चे,3
किश्त,167
उड़ान,137
तारीफ,50
जबरदस्ती,8
नहाने,85
काटी,115
थानाध्यक्षों,87
लीक,122
दामोदर,163
भयभीत,81
वायु,6
मुकदमों,152
कीट,22
विवादों,74
गुणा,40
गांजा,115
गहराई,69
लड्डू,104
एम्बुलेंस,141
तैसे,132
दया,38
बंधे,31
क्षेत्रफल,41
उतना,58
हैरान,106
अभिमन्यु,180
अत्यधिक,154
तुम,83
सहयोगियों,161
रेस्टोरेंट,53
हरसंभव,187
सीखने,176
किस्मत,167
लेखपालों,112
परिवेश,46
सहूलियत,113
संभावनाएं,27
कुरीतियों,92
सेब,60
वरदान,6
महापंचायत,17
चारदीवारी,50
असहाय,108
हावी,90
मध्यम,188
उच्चतर,188
छोर,123
जुड़ने,168
तेरह,78
काव्य,21
अंदेशा,119
बनाम,181
बेखौफ,14
चौथा,114
मशाल,179
पदभार,196
मायूस,49
रोकना,181
फटने,158
अकाल,179
पड़ता,100
पौड़ी,24
शिखा,47
निशांत,63
पड़ी,165
फिरौती,106
लोकपाल,118
दबा,38
बदनाम,7
हुनर,101
पांचवीं,78
दोपहिया,47
उठकर,101
जानकारों,112
लेनदेन,40
मनोबल,165
बुराइयों,92
औसत,33
पुत्रों,161
लेखक,187
गृहस्थी,63
सभापति,55
वरना,38
वापिस,93
नवाब,38
बेरी,60
आंतरिक,31
पासबुक,184
अंगूठी,17
पार्टियां,27
दंपति,25
कैशियर,105
उपवास,108
सियासत,44
भगाने,85
उपमुख्यमंत्री,126
अतिक्रमणकारियों,161
स्वार्थ,18
खुलवाया,47
सपनों,88
खाकी,181
क्रमिक,5
लगीं,165
रोकर,13
चचेरे,75
एंव,90
वास्तव,21
दस्त,8
रिकवरी,136
मायने,93
तहसीलों,152
दावों,90
थमा,38
रुके,16
मुरली,16
बताये,85
सम्पर्क,31
प्रत्यक्षदर्शियों,149
आरोपित,199
वर्णन,99
बताती,183
मेहमानों,59
नवदीप,57
हल्के,122
शासकीय,87
जलाया,84
चलो,165
सरोवर,136
आपका,137
कोषागार,112
जमाया,84
बढ़त,143
सौजन्य,172
खरा,38
प्रारूप,15
नाका,20
राना,1
दोहरे,151
सोम,49
अलीगंज,146
प्रसन्न,91
धुआं,48
नलकूपों,152
दर्शाया,96
महागठबंधन,17
चार्जशीट,56
अनुपस्थिति,19
संक्रमण,31
पौध,24
औषधि,147
जीवित,81
दूभर,155
परवाह,130
प्रतिष्ठित,125
नमक,33
अंतराल,17
रौंद,42
रुका,20
चिराग,115
डूबे,60
महंगे,146
सौंदर्यीकरण,172
परिवारीजनों,95
आध्यात्मिक,149
वर्षीया,135
त्यौहार,135
कड़ी,165
हैरत,101
मूर्तियों,121
गिरते,32
प्रतीक्षा,103
भटकना,38
मातृ,174
देशराज,70
हाहाकार,106
फुल,104
दूरदराज,151
बेशक,61
सम्बोधित,31
फिराक,190
उन्नति,102
आनन्द,64
बिखरा,47
एकाएक,181
रुकी,122
मजाक,181
बहा,38
चौड़ा,114
जीती,81
मस्जिदों,167
रिहाई,47
तफ्तीश,156
अस्सी,67
चकिया,115
सर्विलांस,141
सैलाब,190
अता,38
पावरकॉम,141
इस्पात,96
उपयोगी,199
काका,20
प्रशिक्षुओं,34
वसूले,153
खालिद,44
भरपाई,124
चूल्हे,3
छात्रवृति,121
महापर्व,135
महल,33
चास,6
दिवंगत,125
मैराथन,105
गेंद,111
गुरचरण,165
गोपी,104
शिवाजी,70
प्रज्जवलित,81
शांतिपूर्वक,65
दरिया,115
मानसी,49
प्रभातफेरी,163
मर्जी,140
दिव्या,138
सीटी,29
हटवाया,84
रंगे,146
समाजिक,185
उखाड़,173
मजार,54
सीने,51
निकायों,82
घूमते,153
हरेन्द्र,180
गुड़िया,89
सौर,155
प्रतिष्ठानों,103
अभिनेता,74
तेजाब,72
हॉस्पिटल,141
वृक्षों,174
आत्मनिर्भर,109
दौड़े,173
पहुंचीं,98
खाया,84
बाघ,72
संक्रांति,63
विपणन,133
पटाखा,115
केमिकल,62
ठिकाने,93
जमे,165
दबाने,85
परीक्षक,5
जन्मदिवस,135
हत्यारे,59
हास्य,21
आदत,33
असल,33
बरसाती,6
गणपति,147
सावधान,40
उसपर,33
गेंहू,42
बहल,9
लोहड़ी,24
निर्देशक,109
पूंजी,110
नैन,51
प्रतिमाओं,23
पहलू,153
कमाने,85
मक्खन,86
बैल,104
सच्चिदानंद,180
बेकाबू,119
शुरुआती,16
बस्ते,8
रोते,32
सस्ती,8
गर्मियों,167
असुरक्षित,19
नन्हे,83
झुलसी,86
अग्रहरि,147
आपातकालीन,135
खरीदकर,13
खासे,20
ठंडी,17
धीर,169
मुबारक,117
सजावट,181
पुरोहित,16
टीके,29
रक्षाबंधन,135
छोड़,168
सैर,169
सोचा,3
छोड़े,168
लगवा,58
लाइनमैन,105
वीडियोग्राफी,141
गिट्टी,0
आश्रितों,161
कीर्ति,63
छिपे,57
प्रदर्शनकारी,106
नाके,20
हरिश्चंद्र,180
अप्रिय,19
कारी,181
गयीं,101
शिवरात्रि,135
दीवारों,23
रेशम,165
स्वराज,70
आकार,181
कैमरों,152
उम्मीदें,167
दिलवाने,36
प्रजाति,15
बिस्तर,167
पैमाइश,132
गुम,104
भ्रष्ट,41
कोयले,86
समर्थित,19
आश्रित,19
काफिला,47
मेहंदी,146
सबकी,4
उलझ,9
कतारें,181
औपचारिकता,56
धज्जियां,27
आंशिक,31
दीवानी,49
सीरीज,67
यादगार,50
दावेदारी,50
तिरंगा,146
असंतोष,25
सेंध,25
सृष्टि,174
तेंदुए,146
एक्सरे,136
रिफर,136
शिष्य,116
उधार,196
बंगाली,17
जरुरी,155
कदाचार,108
गुजारा,163
गलियां,27
चप्पे,20
किराना,72
खामियों,23
निष्कासित,148
सुल्तान,120
उनपर,9
ठहरने,158
विश्वविद्यालयों,74
खुशहाली,77
जौहर,140
सच्ची,3
जादू,72
भोज,199
झुग्गी,146
तथ्यों,26
लूटकर,13
सीढ़ी,67
प्रणव,57
अड़े,158
सुंदरीकरण,25
सती,145
पर्दा,20
नेत्री,63
आजकल,33
छलांग,48
होलिका,6
तराई,124
गवाहों,92
प्रखण्ड,17
दिनांक,5
चाहिये,93
मंत्रिमंडल,126
कुंज,110
छतों,88
टकराई,124
सोनम,165
पर्वतीय,116
जमीनों,28
आईटीआई,29
अचेत,8
एसबीआइ,29
सजी,145
ट्रेनर,136
नीम,51
सभ्यता,108
दुरूस्त,65
सलाम,120
गोपनीय,199
पेंच,3
कुष्ठ,160
नजरअंदाज,119
संतान,18
उपप्रमुख,184
अदालतों,23
वायदा,72
जिम्मेवार,50
करीबी,14
प्रश्नों,152
रोके,62
गोलियों,28
आंकलन,196
कंधे,25
समूचे,151
जेठ,68
असमर्थ,10
सिगरेट,22
विदा,96
नोकझोंक,197
राजभवन,70
झूम,153
बसेरा,20
हैरानी,106
काजी,70
महबूब,60
खंडों,152
परिवर्तित,109
हमलोग,26
औसतन,33
मौखिक,172
जत्थे,20
निकलता,82
गैरहाजिर,44
उदघाटन,196
साहस,108
प्रसारण,15
दंश,144
स्रोत,94
लदी,145
बागान,72
बुद्धि,65
कलम,33
तहकीकात,113
सातवीं,78
जुड़े,140
बैठाकर,198
झूठी,153
दशकों,67
मोर्चे,167
शशांक,122
पालकी,6
अलबत्ता,8
तख्त,8
तालियां,115
चना,137
लंबाई,73
दवाइयों,28
रिश्ता,93
कहता,30
सांगवान,115
प्रीत,63
अगुआई,187
माथे,20
नसबंदी,42
ग्रामों,95
पडे़,52
ठेला,179
जलाशय,24
शनि,165
खिलाड़ी,47
दिमाग,167
फर्श,136
नंबरों,152
शीशा,156
नाजायज,1
राजकुमारी,70
बैराज,70
विकासखंड,17
गोदामों,112
अपनाया,84
उगाही,130
बैठकें,132
पट्टा,68
भूरा,70
प्रमंडलीय,148
झेलना,85
डायरी,181
विनीता,49
प्रशस्ति,121
बलात्कार,106
जानकार,50
सस्ता,8
संरक्षित,31
घने,52
संयोजन,31
आईं,29
पहुंचती,98
बंधी,31
सेकेंड,66
निराला,115
दरकिनार,23
लाठियां,27
बुराई,124
रूपी,57
संबधित,31
आत्मदाह,96
सर्द,42
वारंटी,73
उम्मीदों,167
फोड़,197
नगरीय,116
उद्योगपति,199
स्पर्धा,103
रथयात्रा,96
बताएं,129
उपयुक्त,19
डग्गामार,115
निमंत्रण,109
इमारतों,23
कस्बों,28
रखती,4
सम्राट,162
जाहिद,44
राजमहल,70
श्मशान,96
मधुमेह,160
ठिकाना,1
स्वस्थ्य,91
कबूल,104
रूचि,19
बारीकी,50
सृजित,19
अभियोग,199
धैर्य,172
गल्ला,190
दीक्षांत,63
चाक,122
व्यायाम,21
असीम,7
दिनचर्या,93
सम्मिलित,109
स्वयंसेवक,18
उतनी,4
जागृत,81
पुस्तिकाओं,148
आदिवासियों,161
निरंकारी,182
चक्की,86
गेंदबाजी,119
नाबार्ड,62
छीनकर,13
रुझान,40
प्यारे,59
गान,20
मेधा,20
अफीम,136
मनमोहक,64
विभोर,189
व्याख्यान,21
शिथिलता,56
त्रिलोक,94
शर्ट,136
पंडालों,17
चकमा,58
दंगा,146
बेची,3
गिराने,36
मर्यादा,21
दांतों,28
फायदे,93
बंधु,16
चढ़े,39
पोषक,64
छीना,115
बिचौलियों,161
चलाये,85
निरीक्षकों,5
अगला,137
जिनसे,75
तंगी,146
आकृष्ट,174
शिवलिंग,135
पढ़कर,143
चीजें,3
ज्यों,26
पंचायतें,17
झूठ,153
पहुंचाना,98
बैरंग,146
टैगोर,22
प्रचारक,15
कारों,23
सेवानिवृत्ति,35
झूमने,153
करारी,54
तोहफा,181
डकैतों,165
झुंड,86
पड़े,39
खंडेलवाल,17
बताओ,198
पंचमी,144
चहारदीवारी,50
जुबान,44
न्यास,138
सुनीं,187
कृषकों,174
ऊपरी,4
गढ्डे,20
मुनाफा,40
घाटे,115
गोबर,104
अनुकूल,99
संयोग,199
प्रवर्तन,41
दबदबा,72
नक्शे,139
उनलोगों,26
रेलखंड,17
भट्टी,68
संलिप्तता,148
देखें,45
बुंदेलखंड,17
हानि,190
उतरा,38
बेरहमी,14
चकराता,72
इंजीनियरों,141
भूस्खलन,133
हमलोगों,26
अध्यक्षा,55
मिलावटी,47
फंसी,25
ग्रसित,19
बढ़ाना,143
ठिकानों,23
बनवारी,54
मशीनरी,51
रहस्यमय,102
ग्राम्य,21
वाणी,80
नारियल,49
तबियत,113
मंजर,165
धरपकड़,165
अंकिता,17
तीज,176
रशीद,155
मुख्यालयों,184
बखूबी,60
दखल,9
प्रबल,57
उपेक्षित,19
खेप,57
बेचकर,75
निपटा,82
दफा,58
साध,108
छापामार,106
पशुपालकों,160
पेंशनरों,152
सच्चा,108
कष्ट,68
माननीय,108
भरना,38
रिश्तेदारी,50
पंखा,17
निजीकरण,11
प्रधानाचार्यो,87
लड़की,14
बहुजन,102
हरिजन,102
पीपल,57
प्रेरकों,161
दर्दनाक,106
खिसक,122
कटकर,33
जिलाधीश,87
झूमे,153
पाप,6
मिर्च,163
उल्लास,190
बताना,1
हटने,158
करूंगा,198
सीमांत,19
व्यापारिक,21
आयोजनों,152
गृहस्वामी,180
पूर्वोत्तर,41
दावत,54
सुनाकर,40
पते,52
जाग,20
कासिम,120
पढ़ते,143
ब्रांड,105
भागों,23
व्यवस्थित,19
तलाशने,36
ट्रॉली,141
रोकी,62
त्योहारों,135
खर्चा,3
रामलखन,70
अग्रसर,64
ब्रह्मा,180
कांता,115
देहाती,80
सीसे,176
क्रिया,148
वाटिका,115
नौकर,51
कुंभ,194
साधे,70
सफाईकर्मी,95
तबके,158
आपत्तिजनक,19
साले,190
अपनों,88
खटीमा,181
अभिजीत,81
जिम्मेदारों,50
खिलाकर,47
संबंधों,31
सरना,38
मटर,9
फाड़,173
संपदा,31
असमंजस,64
बढ़ाते,143
हेराफेरी,106
अनावश्यक,21
बहनोई,124
परीक्षाफल,103
अंग्रेज,119
वाहवाही,130
भयंकर,25
पीलिया,190
सौगात,40
फेरबदल,132
डालें,129
त्रिभुवन,65
राई,124
अन्दर,188
गड्ढा,89
आफत,33
पिछड़ी,14
आन्दोलन,152
चुनी,3
अर्थात,149
सूखने,153
मेहर,165
मुसलमान,117
बमुश्किल,167
चौड़ी,114
सुस्त,8
परेशानियां,27
प्रस्तावों,15
अनेकों,26
खरे,52
पोखरे,104
जयकारे,70
बकरीद,155
बरामदे,20
निराधार,107
जवाबदेही,50
चिंताजनक,106
वायदे,93
सता,38
तीखी,176
कटा,38
कलह,9
लखविंदर,16
पहुंचता,98
बीजद,29
अंश,188
सांसदों,152
लाएं,129
महानिरीक्षक,5
यापन,137
आशु,156
लोकायुक्त,107
मण्डल,147
ट्रॉफी,141
सैंकड़ों,26
कब्जों,28
राही,130
भागा,72
अन्यत्र,102
मोहर,155
दाग,20
अजीज,140
बौद्धिक,172
प्राय,15
प्रगतिशील,63
डिब्बे,141
पंचम,57
मनाए,129
अराजकता,108
साईं,124
जिसपर,101
दुश्मन,167
अपेक्षित,19
खसरा,58
लटके,158
दिग्गज,167
आचरण,9
पेय,57
दयाराम,70
शराबी,183
कारखाने,112
झुलसे,86
घुसा,6
प्रतिपक्ष,125
करवाते,32
आगनबाड़ी,106
हलचल,33
हेलीकॉप्टर,141
झाड़ियों,28
मुकदमें,117
चौकीदारों,112
पहुंचाई,98
लगानी,49
ग्राफ,141
गोकुल,104
सुगम,7
समाधि,11
वारदातें,106
परवान,1
घाटशिला,115
प्रेसवार्ता,149
सर्वजीत,81
प्राणी,96
कुपोषित,160
जताने,85
उन्नत,102
भतीजा,140
रोचक,64
दंगे,146
धमाके,85
आश्चर्य,116
सचान,85
दायित्वों,21
सज्जन,64
दुबारा,54
नवमी,66
सर्वागीण,96
अनजान,1
जुडे़,165
कटे,165
रोने,62
शिक्षिकाएं,34
फतेह,165
ईमानदार,50
बल्लेबाज,119
अराजक,108
तोड़,173
हरेक,122
बंटवारे,119
आत्मसमर्पण,64
हेमराज,70
बयानबाजी,106
हुजूम,120
मजा,38
जातियों,161
कवियों,92
ऊंचे,3
माओवादी,80
कड़ाई,69
पत्रिका,96
गोवंश,146
छिपा,47
आसन,9
अर्चन,102
शोकसभा,118
निरोधक,189
खंभों,28
सिखों,92
बिकने,75
भट्टाचार्य,180
आनाकानी,49
क्षतिपूर्ति,121
चमक,9
हरिहर,165
भाईयों,92
जसप्रीत,63
बिगड़ी,14
मार्गों,23
गुटखा,160
आधिकारिक,154
दिनहाटा,115
मानसिकता,56
सर्वशिक्षा,34
श्रमदान,135
परिश्रम,64
झाड़ू,89
अरोरा,20
खूंटी,68
कार्यकत्री,2
भूजल,133
माधुरी,180
मानो,49
बैनामा,20
उम्रकैद,14
यकीन,51
ब्लू,60
कटी,145
अवस्थित,19
जलकल,165
बनाएंगे,71
रुकवा,20
कहें,101
छूटे,170
इरादे,190
गुणवत्तापूर्ण,148
मनाते,20
युवराज,70
छाप,57
पल्सर,136
अंशकालिक,154
अध्ययनरत,188
फर्जीवाड़ा,106
दीदार,50
पत्रक,147
एतराज,140
फरीद,155
रास,20
गनीमत,134
फुसलाकर,198
बुझा,40
अनुश्रवण,99
टिकी,22
सुन्दर,16
बिन,51
तरीकों,28
इंच,3
जलवा,38
खेतीबाड़ी,89
भागकर,13
विरोधियों,161
गरम,9
चार्ट,73
पेड़,24
लिंग,62
बल्ब,60
जनों,161
कसा,38
विराट,162
आत्मविश्वास,149
बेचे,3
चेहरों,3
बाजपुर,163
पेशे,46
प्रस्थान,15
गुड़,173
छिपी,57
प्रतिस्पर्धा,103
बेचते,75
शासनकाल,96
मिलें,83
खलिहान,190
दामन,20
भयावह,108
नाट्य,138
बाट,115
जिनको,62
गोमती,104
होनहार,59
खुशहाल,77
पुरजोर,104
अपार,181
वरीयता,133
सुर,16
मैचों,152
दंत,144
वकालत,113
सट्टा,68
टकराव,90
भेजना,137
लपटें,97
हरित,19
अभिकर्ता,2
सिक्के,93
पिलाकर,47
ढुलाई,69
आदेशानुसार,107
युवतियां,27
सुलझा,40
बेसहारा,59
मानवीय,172
महत्वाकांक्षी,149
विस्फोटक,141
आशियाना,93
बोध,10
बराबरी,181
दुपहिया,47
रविकांत,63
खीर,155
शक्ल,156
रसोइया,124
आकांक्षा,149
दबे,165
कर्मजीत,81
दरार,54
फौरन,132
संप्रदाय,18
श्रृंखला,96
ढूंढने,75
प्रसन्नता,18
खोजने,45
बॉलीवुड,141
खजाना,1
रूटों,22
उपासना,108
संग्रहालय,31
श्रद्धासुमन,65
मादक,133
प्रत्यक्ष,41
पारदर्शी,15
राहों,92
रखाव,90
दोहन,102
निषेध,11
रिटायर,141
जीजा,140
मुक्की,86
निर्यात,107
आजीविका,172
मनायी,49
जली,165
बिछाई,47
पच्चीस,78
शिवराज,70
निकटवर्ती,63
दृष्टिकोण,149
दांत,144
कृत्रिम,174
मूर्तियां,121
बेघर,60
लोडिंग,175
लाद,190
भटकते,158
गहनता,38
चिकित्सीय,74
पदम,9
कानों,112
रियाज,44
यंत्रों,94
पटरियों,92
विराम,162
फैंसी,136
शाहगंज,146
पलटी,4
चौड़ाई,114
रईस,33
मरे,165
जीविका,172
दंडित,17
एग्रो,62
विचारधारा,128
अख्तियार,44
पहाड़ों,23
जुर्म,167
वीआइपी,29
मंडलों,152
सशक्तिकरण,19
पुनर्गठन,184
मोड़,175
शीर्षक,41
खंगाला,115
बचाना,1
हितैषी,19
उपलब्धियां,27
गुरुद्वारे,163
समृद्ध,65
किशोरियों,161
पोखरा,115
रूख,155
जुटने,75
वृद्धावस्था,21
भागते,32
डूबा,115
चारपाई,124
परीक्षकों,5
स्नेह,91
ननद,9
आदर्शो,46
खासतौर,132
उपाधि,11
झूला,115
राजगीर,70
विराजमान,107
आंदोलनकारी,95
सिलेंडरों,53
अल्पसंख्यकों,166
कूदकर,13
काफिले,93
मंजिला,107
पाला,115
समझकर,187
नामी,49
माताओं,2
चिकित्सकीय,172
लोकतांत्रिक,172
जोहड़,173
जूते,153
बोधगया,72
टोपी,62
बनवाए,129
चढ़ाया,198
शिकस्त,8
सरकारें,50
थानांतर्गत,87
संतुलित,19
जहमत,187
सहमे,158
मुद्रा,65
स्वाति,96
उपमुखिया,47
संभवत,187
रीति,63
गुत्थी,63
दिलशाद,120
प्रवासी,80
घरवालों,92
रिसाव,190
तपिश,156
सैलानियों,92
सिखाया,47
पुतले,24
लड़ी,4
आजिज,140
नामांकित,109
बलि,165
घाटा,115
बढ़चढ़,143
बदसलूकी,14
चुस्त,160
भरते,158
फेंके,159
विकलांगता,74
पुर,16
नूतन,102
पापा,115
स्मरण,187
प्रक्षेत्र,41
शिखर,147
होशियार,59
अफसोस,14
मायूसी,49
खूनी,42
खडे़,39
मेंहदी,14
यूनियनों,141
श्रुति,63
जख्म,7
फीडिंग,175
कराएगा,1
तीव्र,63
जीवनी,81
शौक,122
कुंडल,110
जलमग्न,102
किसने,122
समझी,145
मोक्ष,116
पट्टे,68
बचाकर,198
खानपान,1
इनामी,49
फहराया,84
खुदरा,178
शेरपुर,16
निर्भय,11
बजाने,85
सुनसान,40
बेबुनियाद,44
वहन,9
हवालात,100
क्षत्रिय,41
किरदार,44
डोडा,115
अभिकरण,99
पत्थरों,28
पुलों,104
धरा,38
महापात्र,96
खिल,104
जगाने,85
झूले,153
आमसभा,38
प्रशिक्षकों,34
भिजवा,38
बनें,97
जनमानस,108
लगवाए,129
स्वाद,18
अंत्योदय,94
खड़े,39
केला,20
तारिक,181
प्यारा,84
चारो,108
पहरा,58
निगमों,152
परे,147
विद्वान,74
जनसेवा,90
जोड़ों,173
रीढ़,57
उठाएं,129
लाते,32
व्यर्थ,21
दरकार,54
उतारकर,198
महक,9
गजल,33
गाजे,20
गृहमंत्री,126
लोकप्रिय,172
कमियों,92
सेनानियों,161
गाए,129
कुल्हाड़ी,163
कारीगर,50
अनियमित,19
द्वारिका,96
आहुति,16
शास्त्रीय,149
इंटरसिटी,141
ढाका,115
समाजसेवा,18
प्रबंधों,31
बजरी,4
पटल,9
ठेले,104
नजीर,169
गुंजन,165
जाप,6
पखवाड़े,66
सटीक,22
निकाह,190
परगना,58
बादशाह,130
संस्थागत,18
स्वामियों,161
घात,6
अनुमंडलीय,99
स्थलीय,116
पत्रावली,96
शतरंज,140
मौसमी,117
अंशु,16
चुन,3
सुनाते,32
दुर्गापूजा,135
पहुंचेगा,98
कूड़ेदान,112
पौराणिक,172
दबकर,97
दिखता,47
पीले,136
कायरें,136
मृदा,174
हत्यारोपियों,95
योगा,199
दौलत,102
मन्दिर,94
फर्ज,136
कुचलकर,86
व्यतीत,63
मांगते,48
गुण,133
बेल,60
अटूट,170
सूफी,14
ऋतु,147
ताजिया,190
पूछ,153
प्रमाणित,148
संस्कारों,18
प्रतिद्वंद्वी,125
संशय,25
सेवादार,18
जच्चा,96
धनखड़,165
फिसल,165
खूबसूरत,14
बैठेंगे,71
रूपया,133
भुखमरी,42
सभाकक्ष,55
कागजातों,112
नहरी,145
सिखाने,36
माहिर,44
सेल्समैन,141
कंटेनर,53
विक्रांत,63
जिम,140
धरे,52
अधीनस्थ,5
चप्पल,57
सीआइएसएफ,29
बनीं,101
अंधाधुंध,17
मोहर्रम,167
एजेंसियां,27
गंडक,146
हजारी,54
मीर,169
उमंग,146
पीला,115
प्रवाहित,15
आदी,145
शहरवासी,80
चिंतन,102
बांटकर,13
जलेसर,165
कबाड़,89
पर्वत,147
करनेवाले,92
भाड़ा,89
सदमे,61
बांधने,48
आधारभूत,56
थाली,179
उतारू,190
खांसी,48
नोटों,28
महंती,144
खिचड़ी,42
धोने,45
सहायकों,23
मुनीष,16
फरियादी,44
दबंगई,165
दोहरी,14
प्रतियोगी,103
बच्चन,3
जोगेंद्रनगर,180
वर्चस्व,91
महापुरुषों,161
कट्टा,68
जनविरोधी,189
हुंकार,163
मोमबत्ती,24
जीवों,161
संगीन,31
शुमार,163
समायोजित,148
हालातों,93
खजाने,85
झमाझम,173
मीठा,24
आंगनबाड़ी,17
डांट,22
नेक,122
सवालिया,190
संरचना,31
प्रभावितों,95
शफीक,122
चरमरा,58
अलविदा,93
सद्भाव,108
खरीदना,50
निचली,176
हेमा,190
नील,79
डुबकी,160
घटा,38
दुष्यंत,65
अन्न,51
खड़ा,39
घुटने,160
एजेंटों,152
मारामारी,106
डालना,1
मैक्स,105
भूखे,42
प्रभाग,15
लाभकारी,21
प्रवृत्ति,174
पधारे,85
तेंदुआ,146
अपराधिक,185
दौड़,173
दही,145
दंग,146
चारे,85
उड़ाने,36
असंतुलित,19
दिलाए,47
पीना,49
सत्यवान,21
खरी,145
घूमकर,75
भ्रम,64
बकाए,129
चिल्लाने,163
कूच,3
कायाकल्प,21
खुशियों,77
संवैधानिक,172
बोलकर,13
मनोरमा,115
बहनें,97
उपद्रव,166
उपराज्यपाल,87
चुनने,3
टकराने,85
आमतौर,67
माओवादियों,95
ससमय,33
आपने,101
सज्जा,140
बैसाखी,135
बीड़ी,173
सिद्धांत,148
गांववासियों,95
क्रांतिकारी,172
प्रख्यात,15
खातुन,190
प्रश्नोत्तरी,41
लगाएंगे,71
सब्जियां,27
उदयवीर,169
कर्तव्यों,152
लपटों,88
बाधक,181
निकालना,82
छाई,124
डोली,104
काटते,32
चूल्हा,115
अर्से,136
स्कीमों,152
कान्वेंट,141
वत्स,165
राग,20
भूगोल,133
बजरंगी,146
लेफ्टिनेंट,141
अंचलों,152
किसके,122
लौटाने,36
सूचक,99
तपन,9
प्राक्कलन,96
जेलों,92
प्रभावशाली,15
शराबबंदी,119
दलील,79
स्त्रोत,94
बुरे,60
गिर्द,65
पहन,9
परिचर्चा,96
आभा,38
जाखड़,38
ज्वाला,115
रची,145
मंत्रोच्चारण,94
घोटालों,112
चरणबद्ध,10
उखड़,165
दूल्हे,167
सांख्यिकी,172
दक्षता,96
वित्तविहीन,74
अरसे,61
झुलसा,153
निकालते,82
तालीम,120
बकायेदारों,112
मूंग,146
देवा,20
आगाह,130
अष्टमी,135
नेत्रदान,94
लौह,104
गजेन्द्र,180
लेंगी,71
दायरा,72
खुलेगा,71
घटने,61
परिधि,11
उपचाराधीन,87
सुशासन,40
प्रीती,63
सिखाए,129
श्रोता,2
उमड़े,173
प्रबुद्ध,65
जौहरी,140
हड़पने,158
कानूनों,192
पत्राचार,96
पीली,79
चुनौतियों,171
खदेड़,173
अतरौली,104
उत्पादक,21
सत्तर,147
बेचैनी,14
उद्योगपतियों,95
सूक्ष्म,41
शायर,44
लथपथ,165
व्यवधान,21
भुइयां,48
पुरातत्व,96
नाटिका,115
अनावरण,133
अनुचित,19
अभियंत्रण,109
चाहत,183
कटवा,58
अंजान,140
प्रिय,63
इबादत,113
नकाबपोश,59
संभाली,40
झरिया,89
जानबूझकर,153
घिरे,75
दुर्भाग्यपूर्ण,65
मूक,122
संवारने,18
औपचारिकताएं,56
भुवन,16
बजते,158
प्रवास,15
रूक,120
एजेंडा,73
बोलबाला,59
जानना,1
दवाब,38
लिखाई,47
ऋषभ,33
बकाएदारों,112
बैरक,122
गंगाजल,146
चैत्र,135
लेखाधिकारी,126
फंसाया,84
अधिप्राप्ति,121
बरसे,61
रिश्तों,167
पंडितों,161
तमन्ना,20
प्राध्यापकों,87
बोतलें,42
अपितु,19
राधाकृष्ण,180
कयास,38
पिलर,136
खड़ी,39
बढ़ना,143
हवेली,104
रहस्य,116
त्वचा,96
शुभारम्भ,194
हिस्सेदारी,56
असलहे,158
प्रेमनगर,63
साधू,6
पलटा,58
सत्ताधारी,21
पन्द्रह,157
पीरो,62
उल्टा,68
संयम,25
रोड़ा,89
सूरी,155
स्क्रीन,53
ठेकेदारी,50
तेरे,32
कांटे,22
फंसने,25
जद्दोजहद,167
व्रतियों,161
शिल्पी,63
फुटपाथों,28
सिरदर्द,14
प्रस्तुतियों,19
पंचों,3
मुनासिब,120
परसा,38
अमावस्या,135
स्थिर,19
बैट्री,105
निखारने,36
खींचने,3
बिगुल,104
निर्धन,11
समझना,30
पात,133
परिणामों,56
आपबीती,67
दरम्यान,20
पिकनिक,141
आहवान,38
खंभा,17
मंहगाई,106
पगड़ी,165
मेजबान,40
गुटबाजी,106
बरसी,4
त्रासदी,96
वालीबॉल,141
अद्यतन,10
संवर्ग,31
पालना,6
लौटकर,13
कुत्ता,163
सानिध्य,138
प्रावधानों,87
वस्तुएं,27
औपचारिक,172
करवाएंगे,71
घोषणाएं,27
दबोचे,3
लटकी,4
कैसा,132
सर्वोदय,91
सांय,48
कक्कड़,86
सशक्तीकरण,11
बेतरतीब,14
उफान,1
रंगीन,146
मुश्ताक,120
आशाओं,92
बनाओ,198
जागीर,70
सोते,32
तुषार,16
नीतियां,27
गुजरती,14
गर्भपात,21
दाह,130
पहनने,158
दूरसंचार,56
सुंदरता,18
छिपाने,36
पकड़,39
संक्षिप्त,148
कांडों,152
समझाकर,198
चर्चाएं,27
देंगी,71
मान्य,21
रैकेट,105
भिड़े,173
शाल,179
फजीहत,113
तांत्रिक,172
विभूति,19
पकड़ा,39
बरतें,97
सजाने,85
सुरक्षाकर्मी,18
बड़ों,88
जोखा,45
उठाएंगे,71
निकटतम,188
अरमान,1
गतिरोध,189
सरोकार,59
टुकड़े,68
छुड़ाने,36
जवाबी,183
अथारिटी,141
पूर्णत,41
धनी,165
बिगड़ती,14
बसर,9
सुस्ती,14
जयकारों,161
एचआइवी,29
तलाक,38
सजे,52
फाइलें,73
परचून,66
प्रवाह,15
दिलों,26
दुर्लभ,65
मोटे,22
पिकेट,22
रोमांचक,167
बुद्धिजीवियों,161
त्रुटि,19
ट्रासफार्मर,141
रासायनिक,172
कोटेदारों,112
उड़ाया,84
आतंकवादी,166
जीवंत,81
देह,102
स्वाभाविक,18
खामी,181
श्रीमद्,180
काज,140
फरोख्त,45
आधारशिला,56
स्टाप,62
नारों,23
भराव,90
भूसा,6
खनिज,140
बासमती,42
निगाहें,27
गलन,33
सदुपयोग,199
रातभर,58
पत्रकारिता,56
खागा,72
सताने,85
रचा,38
चौंकाने,36
ढाणी,115
प्रारम्भ,194
जातीय,186
दिखाना,47
नवाज,140
सुपरिंटेंडेंट,141
लहराया,84
तोड़े,173
ढांचे,48
केंद्रित,109
रोना,62
अथक,188
मनोकामना,108
गेंदबाज,111
गजराज,140
नकलची,165
चन्द,155
उपनगर,33
तपस्या,138
कराता,72
पालीथिन,141
उच्चस्तरीय,41
दुर्गम,65
पीतल,57
सैकड़ा,132
धमाल,179
फैक्ट्रियों,53
जिलांतर्गत,5
बदन,9
शंभु,16
बनाता,72
अर्जन,64
जल्दबाजी,119
बुवाई,69
कुंडी,17
समाना,38
सहमत,33
सूट,22
प्रायोगिक,172
जानता,1
समानता,108
भुक्तभोगी,65
नगरवासियों,95
विख्यात,74
संभल,25
छाता,72
बैठते,132
कमा,38
उस्मान,120
हनन,33
भिन्न,11
पहनकर,165
एहतियात,93
लाचार,108
पीते,32
घोड़े,173
सुपारी,163
बैठाने,36
छुट्टियों,171
बंधा,31
रोजमर्रा,59
परिक्षेत्र,41
मसलन,33
सूखी,42
प्रोफेशनल,141
अध्यादेश,87
आहट,33
गद्दी,155
उतारी,54
बहता,58
प्रयोगात्मक,148
अनाथ,108
मतभेद,64
छापने,36
किसे,122
खर्चे,3
विकट,22
गुरुजी,16
दहाड़े,89
सोचने,75
सतवीर,169
कपास,38
शाहबाद,44
ब्लास्ट,141
लगवाया,84
अखाड़े,89
चौसा,114
हिंदुस्तान,150
सुर्खियों,171
जहरीले,79
खिलाने,36
भुगतने,40
इंसपेक्टर,53
ढांचा,17
घनी,145
चिलचिलाती,47
पालकों,95
दर्शनों,152
किनारों,23
शीतलहर,102
नाश्ता,93
चुराने,36
सूचियों,152
नान,49
बाथरूम,59
ठेस,122
निकलती,176
वैवाहिक,172
दिलचस्प,167
कृत्य,174
सनसनीखेज,176
बुलाए,129
मूलरूप,133
बकायदा,72
अबकी,4
जाओ,1
थानान्तर्गत,87
अमलीजामा,50
फलदार,58
हिमालय,115
नाना,20
भूतपूर्व,41
गम्भीर,169
दाने,20
पतंग,165
वैली,100
पुत्रगण,16
फलस्वरूप,91
खोखे,45
सुकून,14
रखनी,4
गायिका,96
जगजीवन,81
संदिग्धों,31
बांसी,48
राजभाषा,70
सोचना,108
दलदल,9
तिल,104
भिखारी,47
ड्रामा,62
खुलते,178
गमगीन,4
कामगार,112
ठहराते,32
पहुचने,98
दिलाना,190
लम्बी,60
दिखायी,47
कुरान,120
बैठना,132
थैला,190
कहावत,183
सांकेतिक,172
गुफा,115
दूंगा,198
वनों,88
नाच,20
पंपों,57
दार्जिलिंग,141
घोड़ा,89
शशी,4
कामगारों,112
जुल्म,120
बेहतरी,14
बखान,1
ज्ञापित,76
भेद,133
बिस्कुट,141
तरजीह,92
याचिकाकर्ता,87
बैद्यनाथ,180
मयूर,155
मुल्क,117
चर्चाओं,23
प्रलोभन,133
गाते,32
सत्याग्रह,149
खेमे,45
रोहन,102
नीलकंठ,24
छोड़ना,168
शिवालयों,23
सादा,190
बेमियादी,44
अनामिका,96
बुआ,60
सौतेला,93
विंध्याचल,180
तकरार,58
धर्मराज,70
आंवला,146
लात,100
महफूज,140
वंश,156
सुजाता,70
दफन,33
विलास,43
हानिकारक,21
अनिवार्यता,56
रहमत,33
प्रकाशोत्सव,135
चुनार,40
बीर,169
मिष्ठान,103
दिवाली,135
हटवा,58
मातहतों,23
निगल,165
सामग्रियों,56
इतर,33
गुरुदेव,180
पहर,33
जनवितरण,133
संजीवनी,31
लड़ाई,69
वृहद,102
समरसता,58
घुसपैठ,160
धमकियां,48
विक्षिप्त,148
गोपनीयता,56
पाठ्य,184
मेहरबान,59
रैंप,62
सेवायोजन,18
कराएगी,71
पहना,30
समीकरण,99
पालियों,92
सरैया,115
प्रदेशभर,46
दुखद,187
आठवें,78
अखंडता,17
पॉलीटेक्निक,141
फिल्में,167
घबरा,30
संचालिका,56
देय,155
टकराकर,198
धमका,58
लगाव,90
नित्य,94
आपत्तियां,27
मैदानी,49
कर्मवीर,63
बिछा,47
उल्टे,68
रखेगी,71
त्राहि,96
पौष्टिक,172
शौकीन,51
दरें,97
सिक्का,190
भौगोलिक,172
समझे,52
एकादशी,135
विनायक,74
उछाल,137
निभाते,32
करतब,33
रेफरी,136
निर्वाचक,182
रामवृक्ष,174
बीआरपी,29
बक्से,136
धमकाने,36
अनुमानित,99
ढ़ाई,69
ग्रामोद्योग,103
पलक,9
बली,165
मुख्याध्यापक,87
सर्दियों,167
अनाधिकृत,154
विषम,102
जानबूझ,153
विद्यासागर,180
हटाना,1
मुस्लिमों,117
मस्त,8
शगुन,51
ढोने,75
प्रांतों,63
कार्डधारकों,112
धूरी,153
काल्पनिक,172
गुजरा,146
अनवरत,33
सौभाग्य,18
बांधे,48
जानमाल,72
कुंडली,110
देखेंगे,71
ईनाम,181
कम्युनिटी,141
मुस्तैदी,167
गल्ले,104
अन्नपूर्णा,96
त्रिलोचन,11
गालियां,27
घंटी,68
दूरस्थ,65
सोए,92
गुजरे,146
मारते,32
रसोइयों,92
मोबाईल,175
कीड़े,173
नैतिकता,172
कार्यान्वयन,56
औचित्य,19
बेमौसम,14
अपनाई,69
अभिनेत्री,63
नकारात्मक,96
उतरते,158
इंजीनियर्स,141
ससुरालीजनों,161
मंदी,146
फर्जीवाड़े,106
गिराया,84
झूमते,153
बदलना,137
कुलभूषण,65
रिक्शे,139
लटकता,181
खट्टर,68
कैफे,105
शाखाएं,73
देवाशीष,135
केवट,122
उबाल,179
हकदार,58
किले,100
करवट,33
साधनों,23
अहमियत,167
टोनी,62
मसला,58
बचना,58
छूटने,170
ताऊ,124
वचन,66
अनुबंधित,31
धोखे,45
अंगुली,160
नलों,88
ढूंढ,175
ज्वालामुखी,163
आदान,181
चुराकर,198
परिचालकों,95
मनमर्जी,140
निभाया,84
भट्ठों,28
वार्डेन,62
सुखद,187
आपत्तियों,27
कर्बला,115
बुद्धिजीवी,65
उठती,4
आएंगी,71
रिचार्ज,141
खोखा,45
तान,49
बिन्दुओं,167
वाजिब,44
भंडाफोड़,197
लगाता,72
केसर,136
अभिरक्षा,96
अर्थव्यवस्था,21
गुलाबी,163
अंधकार,17
जीरा,70
जलती,4
तेरा,20
दोगुना,40
श्रेया,180
गिरता,47
बिगाड़ने,36
दैवीय,116
सूचनाओं,73
बीएसएल,29
हुड़दंग,37
ढलते,61
बीघे,60
रेलमंत्री,126
चौकियों,114
वर्षगांठ,66
तानाशाही,106
हिंसक,150
परत,9
गुणों,152
महफिल,66
घोल,104
निवेशकों,95
वित्तमंत्री,126
ढक्कन,86
खटखटाया,84
मौज,140
अवमानना,137
बनाएगी,1
मंत्रोच्चार,94
टेकने,22
दूल्हा,163
ज्योतिष,81
बानगी,50
मेघा,115
अमूमन,187
कढ़ाई,69
शॉल,136
सोया,190
पर्दे,155
उद्भेदन,99
मिलेंगी,71
पीटना,6
महारानी,70
लड़कियों,26
थानेदारों,112
स्तुति,19
कक्षों,116
समितियां,27
अनियमितताओं,56
व्यथा,108
सम्बन्धित,31
टांग,48
लोकप्रियता,56
जबर्दस्त,8
नाकेबंदी,119
ठगा,58
बुजुर्गों,65
विस्तारपूर्वक,18
बजा,38
शराबियों,92
बंजर,165
छटा,38
प्रण,57
कसी,165
गाया,84
हैसियत,132
खुदा,47
गोताखोरों,59
सुअर,165
इकलौता,80
निबंधक,31
मौतों,28
क्रमांक,5
रामराज,70
जुटाई,69
नयन,33
जस्सी,136
फूंकने,159
स्वर्णकारों,149
आकाशीय,92
सकेंगी,71
आयाम,133
जलवायु,6
पक्षपात,96
गुंडा,115
राष्ट्रपिता,149
खामोश,59
ख्वाजा,44
आक्सीजन,110
बरते,52
घटती,4
प्रसारित,15
लाटरी,62
दमखम,165
प्रायोजित,148
हिंदुओं,150
कथावाचक,108
जांचने,98
अतिसंवेदनशील,18
जोड़ना,168
घंटो,68
मदरसे,61
क्षण,5
अक्षर,188
खुलेंगे,71
कुछेक,122
प्रतिद्वंदी,125
एकादश,135
खिला,47
डायन,181
सलाखों,28
मिठाइयां,27
मोहलत,188
चोरियों,26
छाती,6
दीर्घायु,65
बटन,33
ब्रह्म,7
तेरी,183
नीली,79
बरस,33
तकलीफ,113
उड़ाए,129
आमंत्रण,94
बिगाड़,47
पशुपालक,160
नाकाफी,1
पहनाने,36
नाबाद,72
सबों,88
सन्,66
जटिल,79
नुमाइश,44
तीर,169
मुखातिब,44
कर्मकार,2
कतरा,38
लड़ा,38
दिनकर,155
शौर्य,116
लेख,45
सुखी,16
सब्र,155
असमर्थता,56
मसाला,179
त्रिलोकी,63
उड़ाई,69
साख,6
अनिश्चित,109
प्रचंड,17
तांडव,24
गिरिराज,70
कोटि,62
चढ़ाकर,143
सरासर,165
संलग्न,31
खोया,84
गवर्नर,136
गोलमाल,104
फौजदारी,50
हर्षित,19
नौकरियों,28
घोषणाओं,23
काटना,137
प्रैक्टिस,141
एयरफोर्स,141
भागी,133
मजीठिया,115
संपादक,31
घेरने,165
भावभीनी,108
तनावपूर्ण,18
वजूद,67
रखवाली,92
स्वावलंबी,18
खींचतान,40
हल्दी,155
थप्पड़,57
मालाओं,23
मोटरसाइकिलों,95
कार्पोरेशन,141
उड़े,158
अतिशीघ्र,63
मिलाप,47
नमो,165
संभावनाओं,18
साहित्यिक,172
टेढ़ी,68
हथियारबंद,119
सीढि़यों,67
नस्ल,136
पाइपलाइन,73
मुकुट,160
दुर्भाग्य,65
सुरक्षाकर्मियों,95
सुरंग,146
शीत,102
डलहौजी,140
इज्जत,140
दर्शाता,96
एकतरफा,58
रिवाज,70
गुंडागर्दी,106
मैया,84
ट्रालियों,23
मापदंड,73
नाथनगर,70
पंथ,144
सफाईकर्मियों,95
मिलाने,36
जगपाल,179
जानें,129
कटाक्ष,96
भीख,176
तकनीकि,19
दौड़ते,173
अनुदेशकों,99
परिवारीजन,95
स्वयंसेवियों,161
हिलसा,190
दीदी,155
मिलाया,84
दंगों,28
चढ़ाई,69
हाकिम,120
कुलश्रेष्ठ,41
पुनर्निर्माण,107
मोटा,62
प्रार्थनापत्र,149
उच्चाधिकारी,87
जया,38
समझें,97
हलवाई,124
साबुन,163
फकीर,169
नजरें,97
खेलना,45
स्वदेशी,46
भयमुक्त,19
हीलाहवाली,100
भाषाओं,23
उच्चतम,188
जनजातीय,186
बंदरबांट,48
संग्रामपुर,163
आत्मसात,96
सांई,124
अनुदानित,109
बाहुल्य,21
भतीजी,176
सटा,38
आतंकवादियों,166
विक्रय,133
धुएं,25
पकड़े,39
झोला,104
चैतन्य,138
पर्यवेक्षिका,103
तल्ख,86
गहमागहमी,106
झूल,153
सौंदर्य,18
बही,145
थोड़े,173
रानीखेत,163
शिशुओं,161
दक्ष,116
मस्तिष्क,174
खंडहर,17
अव्यवस्थाओं,21
धनघटा,38
पार्लर,184
सम्पूर्ण,41
कसबा,58
पालक,6
धराए,129
नाटकों,23
झांसे,48
चलाएं,129
मुसाफिर,117
प्रसूता,15
पड़ेंगे,71
अपनाना,1
धमाका,72
पैंट,22
उपायों,23
मानचित्र,148
पायदान,72
गांठ,24
अहंकार,108
कनेक्शनों,53
दौड़ने,173
जलाई,124
मनचलों,88
वास्तविकता,172
निवासीगण,95
दिखती,176
उपद्रवियों,166
क्रिकेटर,141
जनजागरण,108
कट्टे,68
पर्यवेक्षण,41
आगोश,156
हेलीपैड,105
कम्युनिस्ट,141
शुभकामना,77
धनुष,116
प्रतिपूर्ति,121
प्रजातियों,23
जहाज,140
पखवारा,54
बेबस,187
भेजें,175
पत्ते,8
शिवपूजन,135
आंध्र,17
अपनाकर,198
उपजाऊ,137
बैठाया,84
किशोरों,161
कांति,63
नकार,50
लाभदायक,21
पाटिल,43
शूटर,136
बनाती,183
वैसा,132
जूता,140
रेप,136
उद्देश्यों,149
अकेडमी,136
समता,58
उठते,61
ठगने,158
खलील,79
चाट,115
चुकाने,40
प्रशस्त,121
बेचना,137
हड़ताली,100
झेलने,52
पालिसी,141
इचार्ज,140
कांफ्रेंसिंग,141
अपनाए,129
रेलकर्मी,53
दबी,165
रचनात्मक,148
इकट्ठे,66
राजस्थानी,70
कदमों,88
इस्तीफे,176
हालचाल,93
चौंक,122
पूर्वजों,161
चलेंगी,71
सामंजस्य,18
गुंजायमान,21
मासूमों,59
रिमझिम,93
किनारा,115
उमड़ा,173
बूढ़े,14
गंवा,146
पारिश्रमिक,172
इसरार,54
विडंबना,56
जागो,115
महाआरती,135
जनाधार,108
रेडीमेड,105
शिवानंद,180
बंगले,146
दारू,190
आदर,9
विभाजन,74
धमकाया,84
मलिन,51
बुनकरों,26
मंडरा,17
जलाए,129
मैकेनिकल,141
लश्कर,86
पत्रांक,5
मन्नत,102
माइक,62
तदर्थ,64
अद्भुत,65
सुखराम,43
सभाएं,27
सीखा,176
अदद,165
थैले,100
महामाया,84
दिव्यांग,74
असलहों,88
ज्ञातव्य,21
अनापत्ति,121
कॉरपोरेशन,141
गाना,20
उत्खनन,147
रेलगाड़ी,106
नाता,20
पोर्टल,175
मुर्गी,163
नाश,6
कंधों,28
बटोरी,155
कमजोरी,14
अक्षम,64
सिफारिशों,56
कराह,130
होम्योपैथिक,141
भंडरा,17
कांटा,115
उपकेन्द्र,53
टूरिज्म,141
बोरियो,62
कविताओं,23
घटक,9
साक्ष्यों,149
आखों,88
तालियों,92
कुर्सियां,27
विषयक,102
हराम,181
कठिनाइयों,23
व्यंजन,18
बेमानी,120
अपमानित,19
निकास,82
देखिए,93
चलेंगे,71
बताता,72
बनवाकर,164
खींचकर,13
त्यों,26
भीड़भाड़,197
मानिक,172
सीमाओं,23
वरिष्ठता,96
आत्मरक्षा,96
मानती,183
चलन,33
माप,6
अटैची,3
तिहाई,47
कतिपय,57
अनभिज्ञता,76
आंगनवाड़ी,17
ठगे,158
पिछड़,24
अनुदेशक,99
सांझा,48
नीले,79
असंभव,187
कारीगरों,112
चौथ,114
बन्द,10
भावुक,65
सुरभि,16
कबाड़ी,89
बढ़नी,143
एकड़,97
जेईई,29
दलबल,165
लगवाई,124
कोशिशों,167
संपति,31
मार्कशीट,141
कराती,183
बॉल,60
ढीली,79
उपदेश,46
ढेरों,26
प्रशिक्षणार्थियों,34
जालसाजी,50
दिमागी,167
भूमिहीन,11
छूने,153
इंसानियत,44
छेड़ा,89
शर्मनाक,106
चाही,130
हिल,79
सोमा,62
खोद,45
आजतक,33
श्रावणी,135
सौंपते,75
जुकाम,163
क्षमा,96
चपरासी,80
रंगमंच,31
पम्प,57
पिला,190
लेखाकार,107
रचनाओं,23
व्यवहारिक,21
सुधरने,75
ऊंट,127
मेवा,20
टीसी,29
आश्रय,102
जूझते,153
लोकगीत,81
वाचक,108
समेट,22
हरकतों,88
महादलितों,161
पुष्टाहार,65
स्वभाव,18
चित्रों,94
स्वेटर,136
औषधीय,116
तृतीया,135
छोड़कर,198
पाठ्यक्रमों,149
बोरियों,26
कुचला,86
जनसमस्याओं,23
फायदेमंद,119
परिणामस्वरूप,148
बीवी,29
भाड़े,89
यथा,58
कीमतें,134
प्रतिरक्षण,11
निगमायुक्त,126
वर्गीय,116
नवयुवक,116
ननिहाल,190
पागल,115
बच्चू,3
प्रियदर्शी,63
बालकों,28
सम्बन्ध,31
अनुमोदित,99
शीट,22
प्रविष्टि,148
कैरो,62
विवेचक,102
गजब,33
गदगद,165
तवज्जो,140
भराई,124
मनाना,38
परियोजनाएं,27
रौंदा,115
शिशिर,156
कंधा,25
रंगा,146
एथलीट,161
हबीब,60
तापस,181
मुगल,7
जिसमे,187
नीलाम,49
पूर्णाहुति,121
उन्नयन,99
भागीरथी,70
जोड़ने,175
सिद्धांतों,172
हार्दिक,172
भयानक,58
करोड़ों,26
कुम्हार,83
बनानी,49
मीठे,24
बुनकर,42
सुबूत,14
संभाले,40
पखवाड़ा,66
कौम,7
सेवादल,95
प्रस्तुतियां,27
यथावत,38
उतारे,85
कोरी,62
प्रदेशीय,46
संगीतमय,31
भरवाने,85
सजाई,124
राजनेता,2
झोली,104
वास,80
घेरकर,13
सहेली,79
राजनेताओं,2
चोक,122
मदरसों,88
मतपत्र,147
घिर,169
डरा,38
बेचैन,14
राशनकार्ड,73
हंसी,25
बुझाई,40
उन्होनें,83
अपनाते,32
घूस,25
दोहरा,72
सभ्रवाल,96
लोकदल,118
रामानुज,70
विटामिन,141
थाम,7
बाड़ी,89
नाज,70
हरकतें,97
ख्याति,21
बिसौली,104
अतीत,8
रंगाई,146
शिवालय,135
धोबी,60
पूंजीपतियों,161
उलट,33
सवेरे,20
पिलाया,190
वारिस,190
पीडि़ता,106
मूकदर्शक,64
बचें,97
मौसी,51
ढाबों,28
राष्ट्रवादी,149
घटकर,13
चौरासी,114
हटकर,33
जिम्मेदारियों,56
विवाहित,74
लगनी,4
खरीदारों,50
असंगठित,31
कर्ता,2
अराजपत्रित,121
भेजते,75
अवरोध,10
निंदनीय,172
लुटेरा,163
पत्ता,8
रखीं,101
प्रादेशिक,172
माघ,6
गूंजा,146
समतल,33
दलहन,9
बजाकर,164
अजब,101
विषाक्त,74
व्रती,63
कव्वाली,190
शिशुपाल,43
जिन्हे,83
जैव,81
हकीम,7
पदोन्नत,11
आत्मिक,172
भूत,19
दोहराया,84
सेमीनार,141
चलीं,145
अटका,58
अध्यात्म,149
छुट्टियां,27
मदनलाल,43
साधकों,161
सुनाए,40
सैल,100
महाभारत,108
ठगों,88
कुरावली,115
बाड़ा,89
छठा,78
उत्साहवर्धन,18
निश्चय,109
गेंदों,111
आशाराम,70
वाह,130
व्यस्तता,21
साया,84
मुर्गा,163
भ्रूणहत्या,96
विसर्जित,19
खरीदते,75
महासम्मेलन,135
शीतकालीन,135
उपसमाहर्ता,96
काश्तकारों,112
आभूषणों,28
पर्यवेक्षकों,41
सिवाय,93
शीश,156
अभियोजक,199
बच्चो,26
लिंगानुपात,21
श्यामसुंदर,180
बंटवारा,72
उच्चारण,15
छिन,51
निष्क्रिय,109
नवविवाहिता,74
मुनीम,120
चोटी,68
मधुकर,86
क्षय,64
प्रगट,57
नानी,49
अंधविश्वास,18
लाठियों,23
तस्वीरें,177
समीपवर्ती,63
जुड़ी,140
डाकघरों,152
फैक्स,105
साधते,85
चढ़ी,39
उतरेंगे,71
इसने,52
प्रचलन,57
परमाणु,133
लीवर,136
टिकटों,152
पत्ती,8
इलेक्ट्रॉनिक,141
अल्प,57
बिजेन्द्र,180
चने,52
जुड़कर,165
स्वर्ग,91
अनुपमा,99
विनाश,96
बनवाई,69
संचयन,31
अभिशाप,96
असलियत,113
पढ़ती,143
ईटों,88
भूना,115
बेअसर,14
गायकों,23
पार्थिव,180
कार्यवाई,56
कार्टून,141
उद्धार,96
शीशम,156
खदानों,28
विशेषता,74
पुताई,115
अनुसरण,99
स्टेशनरी,136
होनेवाले,36
आंदोलित,31
विद्यानंद,180
अंतरिम,188
विद्वानों,74
आंखे,42
करायें,129
निर्मली,49
गोरा,115
घटतौली,24
धूम्रपान,40
बागवानों,112
डेरे,20
तबतक,102
शिक्षामंत्री,126
पंक्ति,121
साहित्यकारों,95
झपट,33
ताकतों,23
अपात्र,96
प्रेषण,41
संकल्पित,148
किसानी,112
कटवाने,85
ठंडक,86
फुटकर,13
सदी,4
लुभाने,36
चश्मा,20
भांजे,48
पैगाम,120
जमानती,183
गानों,28
बारादरी,54
लाडली,100
सुई,124
पड़ोसी,187
हर्षवर्धन,180
दिहाड़ी,47
चंपत,57
करुणा,115
किसकी,122
प्रणाम,96
समुद्र,65
निर्बाध,182
अमूल्य,133
सुश्री,16
खानी,6
मांझा,48
नदियां,48
ढुल,104
तैराकी,181
कैसी,132
संक्रमित,18
स्वेच्छा,18
सीआइडी,29
नियुक्तियां,109
सतगुरु,16
मुकर,86
मचाते,32
करतूत,8
राजेश्वरी,180
भीमसेन,180
गहलोत,16
इक्का,20
समुदायों,95
गरमा,38
खिलौने,47
रासलीला,115
लाये,85
उठाये,129
ठेकों,28
सपरिवार,54
दौड़ाकर,173
फूस,155
म्यूनिसिपल,141
ढिलाई,69
कटोच,3
जायें,129
निपटारे,82
योगाभ्यास,138
चुपचाप,160
बेतहाशा,59
निवासिनी,49
संतोषी,25
छेड़,173
शक्तियों,161
यथाशीघ्र,96
भट्ठी,68
व्यवसाई,21
टालमटोल,59
पढ़ता,32
आमलोगों,26
किन्नर,83
रखेगा,71
पहाड़ी,89
धुंआ,86
प्रतिबद्ध,125
हड़प,33
परमहंस,25
बर्तनों,152
मुहूर्त,65
सहसचिव,3
स्रोतों,94
बदलवाने,85
शंका,25
मोहताज,59
लीची,3
निर्वाह,182
निभाएंगे,71
पढ़ना,143
उत्सुकता,18
नाममात्र,21
सदियों,92
शक्तिपीठ,63
कूड़ा,86
मानों,23
कलाई,124
कसरत,9
सत्यापित,148
मालिकाना,107
भूगर्भ,133
हमलों,88
तनख्वाह,44
फिसलने,75
हाय,130
कविताएं,27
साधक,108
तोले,104
उपमुख्य,184
वृद्धों,161
चालीसा,78
कारखानों,112
जगरूप,57
जानकर,1
बीजों,152
बिखर,155
घमासान,20
चहेतों,28
कनपटी,165
भूरे,155
अधिकाधिक,154
लीलाओं,23
अपूर्ण,41
सर्वोत्तम,91
मरा,38
मुझसे,75
मिट,22
वैसी,132
जलनिगम,11
बिलकुल,14
मूंगफली,42
साम्राज्य,149
एथलेटिक,141
जलनिकासी,82
बरातियों,92
श्रमायुक्त,87
हुकूमत,167
मेज,175
डकैत,165
खचाखच,13
हस्तशिल्प,34
जैकेट,105
पिछला,137
अनार,181
तीमारदार,50
सेंधमारी,106
हारे,85
निरुद्ध,65
दिखते,75
मनाएं,129
शासक,96
सबमर्सिबल,136
दुश्मनी,167
चढ़ाव,39
खरीदार,50
पांचाल,115
उतरना,58
सातों,28
रियासत,44
मरहम,33
कुदरत,187
बिखरे,75
मोहब्बत,167
ढांढस,13
जरुर,155
चौके,114
चूड़ी,173
हिमपात,96
थाप,57
सुनियोजित,148
फेंककर,159
मछलियों,92
फुसला,120
स्थानान्तरण,148
पहिए,101
पूर्णतया,41
टेंशन,136
वतन,33
जमाए,129
तोड़ी,173
कौमी,7
अंत्येष्टि,174
तिथियों,19
रचने,158
सड़के,158
न्यायालयों,87
गुरुओं,161
अधिकारिक,154
सत्रह,102
अलवर,33
याची,92
व्यंजनों,18
बूढ़ी,14
मत्था,96
शुक्र,16
बॉर्डर,141
उपभोग,199
उतने,158
प्रतिभावान,103
धूमिल,7
अशांति,63
लहरा,58
दरारें,181
मनीराम,70
इंद्री,155
लड़ेंगे,71
अंर्तगत,188
सर्वोपरि,91
पंजिका,73
दबोचने,3
रोपड़,24
साईकिल,141
अड्डों,152
मम्मी,7
मंद,155
भारतीयों,161
चाची,3
स्पर्श,91
पड़ेगा,71
नक्षत्र,41
बसाने,85
करारा,70
इरादा,190
दिशानिर्देश,107
असमाजिक,185
लालबत्ती,106
वल्लभ,16
पांचवे,78
सुंदरी,25
दिलाते,32
जापानी,49
हल्दिया,115
नमस्कार,96
नाचते,32
लिपिकों,152
निवेदन,11
सहम,9
हर्रैया,115
रातों,92
साला,179
मनचले,158
जंजीर,140
ठहरा,137
गोभी,42
भेजेंगे,71
जुनून,192
फर्राटा,72
प्यासे,6
मण्डी,17
वादन,108
श्रीधर,16
अखबारों,23
रीतेश,63
सुने,16
संगठनात्मक,31
तोड़ते,168
मनिहारी,115
लड़ते,52
पिछड़ों,161
मानता,1
मक्खी,86
भरो,13
ऑक्सीजन,110
स्वैच्छिक,172
रहेगे,71
खड़ंजा,17
हड़कंप,17
विधवाओं,95
फूले,104
अनियमितताएं,27
अहिंसा,108
जुटाए,129
हताहत,183
बजने,61
निजाम,120
आयात,133
क्षेत्रवासी,149
पहुचा,98
जामिया,44
प्यारी,59
दमन,33
बुनियाद,44
सटी,29
अर्पण,64
बाशिंदों,59
वनस्पति,19
संकरी,25
विसंगति,31
नाई,124
पालम,179
फव्वारा,96
पडे़गा,71
डाका,115
शीशपाल,43
परवरिश,156
डिस्चार्ज,141
कृष्णानंद,180
निखार,47
कार्बन,141
समयावधि,133
जेठानी,70
चराने,85
अभिव्यक्ति,19
मंत्रों,94
पिपरी,63
सत्तारूढ़,96
क्रियान्वित,148
लोहार,115
हस्तांतरित,19
बहार,54
निष्पादित,148
पालने,6
उपकेंद्रों,53
सुनेंगे,71
मशरूम,7
फिक्र,44
बिके,122
फूटा,115
लायी,190
बैलों,28
अनुशासित,148
माटी,115
आंकी,86
कलेर,155
वक्तव्य,116
घिरा,115
अनुमंडलाधिकारी,126
विस्थापन,148
भट्टा,68
तीखे,176
परिसदन,147
तुरन्त,19
बाजू,140
बिरंगे,146
उत्तेजित,19
दिनोंदिन,142
साजन,70
कुश,156
रामकथा,70
कृति,174
प्रमुखों,184
शादीशुदा,106
सहायिकाओं,95
कमांडो,62
उग्रवाद,80
पहनाया,84
दर्जे,140
मोतियाबिंद,44
मिनटों,66
इकाइयां,124
विसंगतियों,31
कामिनी,49
प्रत्यारोप,15
विक्षोभ,11
कार्याें,56
मचाना,38
दिलाकर,47
बेरुखी,14
घाव,115
दीवारें,50
जूट,22
स्थली,116
कृतित्व,174
विस्तारीकरण,148
मशगूल,104
मदों,88
महरूम,7
खिली,104
भुगत,133
खुलवा,178
अनुभूति,19
वाममोर्चा,56
दिखेगा,71
बड़सर,151
जामुन,163
मुख्यधारा,184
बेसब्री,14
बगीचा,3
चरितार्थ,148
जगदंबा,73
मौरंग,146
मैनेजिंग,105
चरमराई,69
दीजिए,93
मनोविज्ञान,76
जिताने,85
रेलकर्मियों,95
अपरान्ह,83
रैलियों,161
धराशायी,108
छुड़ा,173
बेसुध,16
सिराज,70
दिलवाया,84
प्रबंधकीय,31
लूटकांड,170
प्रत्यारोपण,15
कोंच,3
खिले,45
हिना,190
तिपहिया,47
पंख,57
निकलेगी,71
पैठ,105
परमवीर,169
स्वाहा,190
डूबी,60
आनेवाले,36
प्रभागीय,15
नींबू,42
ज्येष्ठ,41
बहाया,84
अनुयायियों,161
बंसी,25
एकमुश्त,167
रघुराज,70
सायंकाल,138
शमन,33
कोस,62
अजीब,14
किलोवाट,141
फैसलों,132
हिदायतें,44
सदस्या,138
भूरी,155
अमरूद,120
अधीनस्थों,152
पांचवी,78
ललक,9
आधुनिकता,172
बताएंगे,71
पूज्य,135
भागदौड़,106
सफलतापूर्वक,149
कटों,165
कारणवश,93
घुसी,86
सुदीप,16
विलुप्त,19
जलसे,158
महामारी,106
चरखारी,54
उड़ने,158
विविधता,74
फैलता,131
तौबा,190
दागी,183
गृहकर,102
छीनी,51
अपेक्षाकृत,149
इनवर्टर,136
सम्मति,19
स्टेंड,136
सुरक्षाबलों,95
अनुग्रह,99
सुखचैन,16
कार्यकत्र्ता,2
फैलती,131
युद्धस्तर,65
ऑपरेटरों,152
त्यागपत्र,149
संरक्षा,31
पोखरों,28
दुबके,86
आभास,108
कैप्सूल,141
सर्प,57
अड़चन,3
गुपचुप,160
दुष्प्रभाव,65
गंगानगर,146
धारी,6
ट्रांसफारमर,141
मनमाना,1
हाशमी,120
कोसा,62
आरपार,58
खोखला,45
पाएं,129
कालिंदी,6
शुद्धता,65
विभाजित,148
सूचीबद्ध,148
हैंडबाल,47
सुनायी,40
तारें,181
ग्यारहवीं,78
संग्रहण,31
बहु,187
तकिया,190
दोगुनी,40
नवसृजित,19
सिलिंडर,136
रैयतों,113
फार्मो,62
पकवान,1
नतीजों,26
अनुभवी,99
शिवभक्तों,161
भड़ास,58
नौका,20
नमूनों,51
बहेड़ी,89
कुर्बान,44
बेनकाब,44
हुकुम,120
जसवाल,179
भांग,133
कतराते,32
पशुधन,133
पटवारियों,95
गोताखोर,59
प्राचार्यो,87
यद्यपि,19
सांझ,48
चबूतरे,153
रंजिशन,17
सैलानी,49
नशेड़ी,173
जंतु,144
जनकल्याण,96
टिक,22
निर्मम,11
पनपने,165
इकलौते,93
जुताई,124
नाकामी,106
बिंदू,155
गिरिजा,70
उत्पीड़न,106
मन्नू,20
बौछार,59
निकलवाने,36
शर्मसार,106
नेत्रहीन,94
व्याख्या,21
असंतुष्ट,19
संयोजिका,148
स्टालों,62
बकाये,85
जुआरियों,92
मिलीमीटर,66
अनुभाग,99
परंपराओं,23
बारातियों,92
रक्तचाप,96
बदस्तूर,8
स्तंभ,31
वानिकी,172
वाहिद,44
बचते,158
सुनाने,36
एलडीएम,29
काहलों,28
दर्शना,96
मंगाया,84
बुढ़ापा,163
पहुंचाएं,98
राष्ट्रव्यापी,149
कुंआ,86
खिलाया,47
दिग्गजों,95
मोहिनी,49
आपदाओं,23
रोपित,199
रचित,19
स्टैण्ड,105
पद्मश्री,63
दिलायी,190
पाबंद,119
कपाट,68
प्रधानी,21
बांग्ला,146
उपरान्त,19
प्रतिरोध,189
गढ्डों,28
हमसे,61
सुसज्जित,19
मोचन,99
मूसलाधार,106
मर्ज,140
विभागाध्यक्षों,87
चैम्पियनशिप,141
कुकर्म,160
उत्पादकों,95
एलबम,33
सबने,158
हिरण,102
युद्धवीर,65
कर्णप्रयाग,180
दाता,2
बगीचे,3
पनीर,169
उचक्कों,28
फांदकर,13
जर्नादन,6
जादूगर,50
प्रतिवाद,15
जोरशोर,14
पेशकश,64
निबटने,75
टहलने,61
ऊधम,165
भंगड़ा,17
बरसाना,38
छुपाने,36
रजाई,124
करबला,38
तनातनी,80
सूझबूझ,153
लगाती,6
भैंसों,28
हताश,38
टीएन,29
सादगी,108
यादें,80
जिंदाबाद,44
बेचता,75
फिजिकल,136
इलेक्ट्रानिक्स,141
महबूबा,120
अध्यापन,21
तड़प,33
समन्वयकों,152
समझाते,32
वाकई,93
अनुकंपा,99
आबाद,80
आंदोलनरत,64
मसलों,88
अनशनकारियों,95
टंकियों,28
मंडराने,36
शर्म,7
कोड़ा,89
समाहित,19
चेकडैम,105
नौनिहाल,59
नियुक्तियों,109
चपत,33
मैगी,105
परिभ्रमण,133
चौखट,114
कुटीर,16
सुझावों,171
सकीं,101
महंथ,25
बकरियों,92
बिटिया,190
लिफाफे,47
राजरानी,70
सफाया,84
घायलावस्था,96
शुरूआती,65
लीं,101
मिठाइयों,23
कमोवेश,156
कोशिशें,167
साधने,108
रियायत,44
शाहदेव,43
आवंटियों,28
पेशा,46
मुसाफिरों,117
टावरों,23
पहाड़ियों,23
मन्नतें,102
पोते,104
आकृति,174
डालेंगे,71
दिखावा,47
मालगोदाम,112
अनुज्ञप्ति,19
शील,79
दिखाएंगे,71
ध्यानी,138
भाड़,89
लड़े,158
चुनरी,86
जघन्य,116
धुनों,28
भौतिकी,172
आधुनिकीकरण,172
बहती,4
कारगुजारी,50
निकलेगा,71
प्रज्ज्वलन,81
पैटर्न,105
छिटपुट,160
श्रद्धापूर्वक,65
अधिग्रहीत,11
प्रवृति,174
समाजसेवियों,95
कुटिया,115
वनाधिकारी,126
भइया,58
बर्दास्त,44
रुकावट,40
किरायेदार,112
सलामत,120
अंदरूनी,14
मनसा,58
आपातकाल,96
किराएदार,112
बहादुरी,163
अहीर,169
तीक्ष्ण,41
सीएसआर,29
ठान,6
अदालती,181
ख्वाब,44
लहराते,32
चढ़ते,143
चाहें,130
परम्परा,96
चबूतरा,153
हटे,52
देखता,32
गाल,179
मेलों,26
ट्रैक्टरों,53
जानती,183
तबदील,79
आनंदी,155
संतुष्टि,19
बास्केटबॉल,141
प्लेटफॉर्म,141
भेड़,173
ठहरे,158
तपती,4
बुझाया,40
फेरे,20
कुमकुम,160
खदेड़ा,89
पिच,3
शमा,38
तकदीर,67
वामपंथी,125
शारदीय,43
भेंटकर,13
निष्कर्ष,109
तख्तियां,27
जूं,140
फोटोयुक्त,175
खूबसूरती,14
निबंधित,31
जड़ा,38
वाणिज्यकर,21
ब्रह्मानंद,180
नफरत,9
अनुरक्षण,99
सीखे,176
परी,147
शिवाला,115
तेजा,140
सजाए,129
निष्क्रियता,148
अमरपाल,179
उमड़ने,168
निवाला,190
चौकों,28
जानकारियों,56
गुणात्मक,148
इमारतें,181
प्रोफाइल,175
यहाँ,101
दुहाई,124
वेश,46
मछलियां,27
महाकुंभ,194
पीए,29
ईलाज,140
झाडू,115
हेपेटाइटिस,141
भुला,179
सोई,124
बहकावे,90
कारवां,181
डांडिया,115
लीन,51
लाभांवित,148
क्रोध,189
शर्बत,113
गठजोड़,197
जगमग,33
संभालेंगे,71
फिजीशियन,141
सहानुभूति,172
जांचोपरांत,48
नामकरण,137
पूर्ववर्ती,41
आशियाने,93
उर्वरा,20
उत्कर्ष,91
वातानुकूलित,148
मजे,165
जमीर,169
गैरकानूनी,192
गुजारिश,44
छेड़छाड़,197
पाइपों,73
हस्तांतरण,133
बकरा,58
पुरातन,96
महानगरों,23
दौड़कर,173
प्रदत्त,19
डूबकर,13
एनएचएआइ,29
बगावत,54
बनवाना,1
संज्ञा,76
बंधुओं,28
गड़बड़,33
बचाए,129
मजहब,9
नामचीन,49
बीता,54
रुद्र,16
गौरवान्वित,74
आमजनों,88
पूछते,153
संकलन,31
पतन,9
अनुभवों,99
पेयजलापूर्ति,121
चहेते,32
प्रार्थी,15
पसंदीदा,50
भाला,179
शिल्प,34
बिगड़ते,75
डिब्बा,119
सोची,3
कुलाधिपति,87
खाल,179
सीनेट,22
अनुशासनहीनता,56
शर्ते,8
घटों,88
बिठा,47
खोदकर,13
चुनौतियां,171
दूज,92
बाराहाट,115
क्रूरता,106
पुस्तिकाएं,148
सांठगांठ,187
राजदीप,70
चुनिंदा,171
जिज्ञासा,76
कहेंगे,71
निर्दल,11
संस्कारशाला,18
शैल,79
भ्रमित,19
हकों,165
कुओं,86
सौहार्दपूर्ण,18
बदहवास,38
वेशभूषा,108
बराती,190
प्रसूति,121
परिधान,11
आमादा,190
जांची,48
पृष्ठभूमि,41
पाठकों,184
सतह,9
गांववासी,95
पूर्वानुमान,107
कब्र,155
शिक्षाविद्,34
ड्राइंग,73
भुलाया,84
संभालते,40
तेजवीर,169
तोड़कर,198
खोलते,75
कारें,181
प्रवचनों,152
बिछाया,47
नशाखोरी,50
कलंक,122
मैगजीन,105
बाएं,129
अनुरुप,99
नीरा,70
यमुनोत्री,163
इसलिये,93
अपनाएं,129
हामी,120
बालिकाएं,27
स्तनपान,18
मसीहा,190
अजगर,33
चेयरमेन,105
राजनारायण,70
तुम्हारे,83
टकराया,84
रचनाएं,27
साइकिलों,95
पवित्रता,96
बास,190
बनाएगा,1
आउटसोर्सिग,175
इतिश्री,63
ठेंगा,71
समूचा,151
लिखना,47
प्रकरणों,152
उदयराज,70
प्रचलित,19
निहित,109
संवर्धन,31
बधिर,169
बोरियां,27
पांचवां,78
कंकाल,86
मलाल,179
पीडि़तों,95
गुजरता,40
खंगालने,36
जहरखुरानों,20
लालटेन,47
मिलजुल,117
गंदी,146
शादियों,92
बब्बन,60
बुध,16
बागडोर,72
मनाएंगे,71
कोसते,75
घटाकर,198
उड़ी,145
फूटी,170
तीरंदाजी,119
इन्हे,83
आकाशवाणी,80
बेदखल,14
चलाएगी,183
छपी,145
इकाईयों,92
कांच,3
खासियत,44
खोलना,45
सरहद,33
कनक,33
बर्खास्तगी,44
कोयल,86
बहुचर्चित,19
न्यौता,138
काबिल,44
कायस्थ,21
सांगठनिक,172
फार्मासिस्टों,141
अंगों,28
पांडव,24
बांधी,48
बालियां,47
स्टीकर,22
सलोनी,62
लाज,140
खुशनुमा,77
जगा,38
अफवाहों,23
वर्गों,152
कोसों,28
बिन्दु,65
सजगता,133
चकाचक,6
संचय,187
नतमस्तक,102
संवेदनशीलता,18
आगंतुकों,152
हिदायतों,44
मौतें,14
शिक्षाविद,34
नीलगाय,6
बंटा,68
कंठ,86
धंसने,25
सिंतबर,66
नशों,88
मनन,9
चहुंमुखी,160
दानी,49
जत्थों,28
उलझा,30
मोहसिन,120
बुझ,153
पर्याय,138
निकलवाया,82
आसरा,58
उधम,33
पूर्वांचल,41
लगाएगा,1
एहसान,49
पिहानी,49
देशवासियों,95
यूएस,29
मिश्रित,109
झाड़ी,89
पादरी,80
गहराया,84
वर्जित,19
दुआएं,48
मद्य,7
मचाई,124
लीजिए,93
परिकल्पना,21
कायदे,93
अटकी,4
तिजोरी,62
रक्षकों,152
सौंपेंगे,71
पकड़ने,143
जमाना,1
छूटा,170
संबधी,31
फफूंद,42
विद्युतापूर्ति,121
शतप्रतिशत,66
प्रवक्ताओं,2
शोहरतगढ़,16
आयीं,101
आवाम,181
संगतों,152
मातृत्व,174
बंधाया,84
शस्त्रों,94
बेखबर,14
प्रमाणिक,148
फॉगिंग,175
गुजारने,36
उंगली,48
रुककर,86
बीचों,3
दिलवाई,47
टहल,33
अफसरशाही,106
पहुंचाते,98
बुराईयों,92
वधू,165
सत्कार,96
मैत्री,94
हटाई,124
दीये,155
व्यापी,21
स्थितियों,19
डिब्बों,141
कैंपों,105
जलसा,58
हलफनामा,137
धमक,9
भूखंडों,152
अरबों,88
उपखंड,196
छर्रा,20
प्रतिभाएं,27
कंक्रीट,110
अंडा,17
उस्मानी,120
पेशाब,119
पौत्र,16
पोषित,19
इसमे,187
ठहर,9
उग्रवादियों,166
मरी,165
मध्यस्थता,21
गवां,165
बेअदबी,14
नाती,49
अध्याय,138
जमात,6
कुलवीर,16
नंगे,146
पहुंचाए,98
बवाना,38
साम्प्रदायिक,18
हार्डवेयर,141
घोंटकर,13
दुखों,26
नकारा,181
असमय,33
रैलियां,27
उग्रवादी,80
बाते,85
मुकामी,120
किन्हीं,83
अनदेखा,137
ब्लेड,136
पारितोषिक,172
गुज्जर,163
मौनी,51
डरे,165
जूही,140
साइकिलें,141
छिड़क,173
नसीर,169
उकलाना,72
रोजे,62
चलाएंगे,71
रंगेहाथ,119
बरसा,38
अक्षत,64
खेद,45
जन्मे,7
गिलास,190
भरसक,7
मणिपुर,16
अप्रत्याशित,15
खुदकशी,77
भांजी,48
जमादार,54
श्राद्ध,135
पढ़ाते,143
निरोधात्मक,189
तिरंगे,146
सुमंत,144
प्रतिबद्धता,18
छुपा,160
फेंकी,159
रवानगी,54
धोना,20
लीपापोती,163
हटेंगे,71
बाराती,54
सभ्याचारक,108
चित्रांकन,109
वचनबद्ध,10
आलाधिकारियों,126
बारीकियों,92
निष्पक्षता,149
बिखेर,45
जातिवाद,186
अनुयायी,138
कालोनियां,27
हरिनाम,49
चूड़ियां,24
बिलखते,75
परीक्षित,19
तबादलों,28
छक्के,122
नवी,51
ओले,52
कीर्तिमान,107
गोसाई,124
दुलारी,190
देररात,85
नवीनतम,188
देरशाम,20
दशम,9
ग्रामवासियों,95
बाबुओं,119
नियमितीकरण,109
नजाकत,113
नजरों,88
समयबद्ध,10
निकलवा,82
योजनाबद्ध,21
यादों,80
खाए,129
उपकार,108
भुवनेश,16
लाहौर,190
टला,38
बाध्यता,21
साली,190
अभिकर्ताओं,2
गाँव,146
चारधाम,108
नाप,20
साहसिक,172
मुनी,16
एलआईसी,29
संवाददाताओं,2
उद्घोष,199
करिश्मा,93
बकरियां,48
सीमांकन,31
ओढ़ाकर,198
मंगलसूत्र,94
अभियन्ता,2
बंदा,146
शुद्धि,65
दमा,38
निभाएं,129
कपड़े,39
खामोशी,59
भालू,179
डलवाने,85
उस्ताद,80
भोलू,104
चाभी,183
पकडे़,39
वादाखिलाफी,106
पंचायतीराज,87
अविवाहित,74
जलते,158
डेरापुर,115
खजूर,155
शिवनंदन,180
जनकल्याणकारी,21
रोको,62
कठिनाईयों,23
चादरपोशी,106
मेधावियों,161
भटकने,165
गुनाह,59
चौतरफा,114
फतह,9
देखो,75
परास्नातक,103
खोने,45
संदेहास्पद,18
कुर्ता,163
सांड,48
लोभ,104
बंध,31
श्रीमति,63
कसना,58
धागा,115
शातिरों,161
प्रबन्धक,184
व्यंग्य,18
लुप्त,19
बल्ला,190
दसवें,97
आर्शीवाद,80
समर्थ,64
रुपेश,16
चिड़ियाघर,114
फुर्सत,167
पूरक,57
लगाएगी,71
अछूता,108
भागीदार,50
जलपान,38
हुक्म,117
शंखनाद,17
कांप,57
रहन,9
रिझाने,36
कलशयात्रा,96
सार,181
निर्माणों,107
पदस्थापन,21
खोदने,45
कृत,174
शाप,96
संबद्धता,18
सिद्धि,11
रुकते,122
पथरी,4
मोल,104
थोड़ी,187
खोटी,68
कमोबेश,156
कुटी,160
सायरन,181
घटाने,36
पटक,9
दुधारू,65
आक्रामक,96
शोरगुल,104
तोता,20
उत्पादकता,21
छिप,57
प्रमाणपत्रों,15
वीरता,108
बोई,124
गिने,20
जायदाद,44
सितारा,190
हजम,9
अविरल,102
कुमुद,16
चर्म,7
झडी,4
सुधरी,16
अजायब,113
सामंत,144
सांसें,48
निरोग,189
पुत्रियों,92
जलाशयों,28
बिठाकर,198
ग्रामवासी,95
जेहन,52
आहुतियां,27
महकमों,165
प्रभावती,43
नौकरानी,49
ब्रजमोहन,16
तनिक,133
द्वेष,46
आज्ञा,76
होनेवाली,40
दूरदर्शन,151
सुहेल,190
तटवर्ती,63
दौड़ाया,84
किस्मों,167
मिठास,47
ससुरालीजन,163
बरतते,32
दूत,155
स्वदेश,46
जिलामंत्री,126
मुंडन,7
केले,122
ढील,79
अनूठी,151
गुरुजनों,161
तमाशा,72
तीरथ,7
शिक्षणेत्तर,34
शोधन,133
साग,6
बिका,181
चौका,114
प्रासंगिक,148
लड़ेगी,71
फैलाई,131
भंवर,16
सुपरवाइजरों,40
छिपाकर,47
पड़ताल,100
छत्रपति,147
रूझान,40
अध्यक्षीय,55
आतुर,16
गहनों,88
लोकनिर्माण,107
पुनरावृत्ति,148
अनपढ़,97
समावेश,46
अशिक्षा,34
सुभद्रा,180
सेव,90
जंगलराज,146
राष्ट्रीयकृत,149
लड़ना,168
संघर्षरत,18
रुकवाने,36
करवाचौथ,114
तरंग,146
ग्लास,62
गैलन,165
उर्वरकों,152
अनिमेष,46
अभिन्न,11
नवरात्रों,23
गण्यमान्य,138
महारैली,100
कनेक्टिविटी,141
शमशान,49
बिरजू,60
लावारिश,190
धीमा,70
भूसे,155
पुनर्विचार,148
शवगृह,102
धरनास्थल,18
आंनद,165
जांचा,48
पोलिथिन,141
संघों,152
ग्रह,102
वयोवृद्ध,65
चिकित्सालयों,74
पराग,6
कौड़ी,24
छलावा,90
झोपड़ियों,28
दूतावास,80
विशेश्वर,46
झुग्गियों,28
अधिग्रहित,109
निलेश,46
प्रतीक्षालय,103
नौंवी,78
पड़ना,58
रघु,165
भूतल,86
किसानो,95
फांक,122
सुहाना,40
प्राविधिक,172
असहायों,92
लोचन,102
प्रशंसनीय,31
बिगड़े,75
उत्पादित,148
खुलता,178
पहचानने,36
कसते,158
बगिया,115
अंडे,165
उद्यम,199
उलझी,4
बिचौलिए,93
विधा,74
मलय,33
खानापूरी,50
रोकते,75
निकालेंगे,71
चौपारण,115
उजाला,72
फिसड्डी,106
नीला,179
षडयंत्र,94
कांधला,48
प्रखर,57
हाजरी,54
भावनाएं,27
बिचौलिया,93
गायकी,6
दुनियां,171
पिया,190
गोलीकांड,163
जायरीन,49
स्ट्रोक,62
कुव्यवस्था,18
मंसूबे,119
फिजा,44
वारिसों,92
दवाईयां,124
लोकनृत्य,174
शतक,33
पछुआ,101
बिताने,36
इंस्पेक्टरों,53
फांस,48
मुजाहिद,120
नागवार,115
समीक्षात्मक,148
विचरण,102
सम्मुख,99
सालभर,181
सूने,153
मनवाया,84
पदार्थों,23
श्मशानघाट,135
मुर्दाबाद,163
बदलेगी,71
क्षत,64
इस्लामिक,120
शांतिभंग,63
बढ़ाएं,129
वायुसेना,107
भात,6
पढ़ाना,143
बीचोबीच,3
बिखरी,14
धरी,165
तरबूज,140
ढलाई,124
वगैरह,102
हारने,36
निपट,75
बाकि,190
भक्तजनों,161
कमाया,84
प्रतिभाशाली,103
उलझे,158
दुकाने,20
खंडित,17
वरन,33
जवाबदेह,50
फ्रेंचाइजी,50
पर्चियां,27
चौपहिया,114
ऑडिशन,136
बरतनी,4
बीन,51
घपले,158
गलतियों,26
नैनो,62
दलीय,116
राखियां,27
आयेंगे,71
पुरूषों,116
नम्रता,108
शिकारियों,95
खिड़कियों,28
सभ्य,116
अंपायर,17
पसार,54
पालतू,153
लकड़ी,39
बच्चियां,27
आयेगी,71
चीखने,75
नवगठित,19
अमानवीय,108
लहजे,158
खुलेगी,71
नमाजियों,92
सुलझ,187
बहुमूल्य,99
महामहिम,93
आवश्यकतानुसार,21
गिरती,183
अंतरराज्यीय,149
उपसचिव,3
टेबिल,136
खात्मे,190
दौराला,115
दर्जकर,64
अनसुना,40
भक्तजन,64
अधिकारिता,56
गौरवशाली,172
बहुओं,28
भरवाया,84
खेलकर,13
उड़ाते,32
कार्यमुक्त,148
ग्रीष्मकालीन,135
धन्य,116
चहुंओर,101
छतरी,4
पड़ने,36
तथाकथित,19
शास्त्रों,149
टुकड़ों,28
प्रियांशु,63
मुख्यअतिथि,126
मंत्रणा,94
भीग,104
पंचर,57
तेजस्वी,180
नौवें,78
परिदृश्य,174
कैंब्रिज,141
बताएगा,1
दाहिने,36
विक्रमादित्य,180
वस्तुस्थिति,19
दगा,38
देवगम,155
बंटे,66
काठगढ़,17
गिराकर,198
नगराधीश,87
व्यवस्थापकों,21
झुलसने,153
पुंज,110
संवेदकों,31
घटते,158
लेजर,136
नथुनी,16
किश्तों,167
खेमका,20
शिकारी,6
सरपरस्त,8
विक्षत,174
आसीन,51
हवस,9
भगाया,84
एप्लीकेशन,141
ताल्लुक,44
ट्रेक,22
दीपों,28
मालवाहक,72
शायरी,44
रसोईया,124
किसका,93
बारूद,119
म्यूजियम,141
उठायी,183
दंडाधिकारियों,126
परख,9
मनोहारी,115
सारिणी,56
खोदे,45
पहिये,75
पोती,104
अपशब्द,10
अंशिका,17
वनवासी,80
तरैया,115
रैबीज,62
माखन,38
सजने,158
प्रतियोगियों,103
प्रस्तावक,15
गुरुद्वारों,163
मुख,160
शिष्यों,161
दमदार,137
ढीले,79
डिफाल्टर,141
बोतलों,42
विपक्षियों,125
विश्लेषण,74
अनुशासनात्मक,149
हड्डियों,28
दशमी,4
मुखाग्नि,65
माँग,48
चित्रा,96
रेलमार्ग,107
निषेधाज्ञा,87
हंसते,75
दीनबंधु,65
एकलव्य,116
बचकर,33
खोजी,140
खीरा,115
बकरे,52
बहकर,97
श्वेत,63
मेहरबानी,59
गालीगलौज,163
गोले,104
धुलाई,69
अमानत,183
शराफत,113
ताड़ी,89
गंाव,146
अराजकतत्वों,95
वाद्य,21
मंदबुद्धि,65
हतप्रभ,16
वीरान,54
पड़ीं,101
थामा,115
बिछाकर,47
नमकीन,42
जाँच,3
सिंथेटिक,141
विज्ञानी,76
खजांची,48
लकड़ियों,92
बेपटरी,14
फटा,38
ईश्वरी,116
नवनिर्माण,107
तोला,104
विफलता,133
कूड़ादान,89
गिनाई,124
हिफाजत,44
अयोग्य,199
माध्यमों,23
छलक,9
ढहने,52
वितरक,102
वास्ता,96
कुनाल,115
समाजशास्त्र,149
छप्पन,57
अभिवादन,74
गरज,33
गुजराती,163
बोगियों,26
सबूतों,26
बजाते,32
नहाते,32
पिचकारी,6
लग्न,102
प्रकल्प,15
मांगलिक,172
भूदेव,180
रणजी,81
सिंधु,25
पाश्चात्य,149
छेड़ने,168
गर्मजोशी,14
मैदानों,23
फीका,181
मकबूल,60
प्राणों,161
विलीन,62
लगकर,33
कुर्क,86
गीतकार,59
थान,1
क्वार्सी,141
प्रतिलिपि,109
मटका,58
लाइनमैनों,141
अप्रशिक्षित,34
योजनाकार,112
दौड़ी,173
जुड़ाव,173
जहाँ,101
मुहाने,117
मल्लाह,120
सटाकर,164
मुमकिन,117
चिमनी,51
नहरें,97
नरक,9
गोलबंद,146
खड्डा,115
ताप,6
ढुलमुल,104
एकीकृत,19
मालाकार,72
कसे,165
पोस्टरों,152
अन्नदाता,2
पीटीआई,29
रेलपार,20
भागना,1
धकेल,104
अभिलाषा,108
खुशखबरी,77
बेकसूर,14
दीया,190
कोषाधिकारी,87
इच्छाशक्ति,149
छुड़ाया,40
अभूतपूर्व,65
मादा,190
टेप,22
असुरक्षा,18
बेशकीमती,14
सेनानायक,107
जलेबी,60
सेटेलाइट,141
सिवा,190
लहसुन,42
दर्रे,155
उपजे,158
दुकानदारी,112
सीना,49
मंदाकिनी,180
थिरके,122
इमामबाड़ा,89
खाबड़,89
शर्मिला,190
छीने,51
परास्त,96
तपा,38
चटकाए,129
जिलास्तर,87
रूकने,153
सत्यता,96
कूदने,153
बचेगा,71
शक्तिशाली,172
कोख,45
पटाक्षेप,148
सेनापति,74
जलता,58
वाहक,133
बीचोंबीच,67
सर्कस,136
लांग,104
झपटमार,59
अपहरणकर्ताओं,2
कशिश,156
सलामती,120
सातवां,78
खिलाई,47
अपहर्ताओं,2
पकाने,36
पस्त,8
कछुआ,101
आयशा,58
नियति,11
बैनीवाल,49
मरणासन्न,138
मुंहतोड़,197
तहस,9
खाती,6
युवजन,116
मनाही,130
चिल्ला,190
हुर्रियत,44
सारथी,108
इंद्रधनुष,65
बटेश्वर,46
बोलना,38
स्वप्न,91
जुए,124
ग्रंथों,193
मधुमक्खी,160
बोरों,26
पीतांबर,48
रुदौली,163
सट्टे,22
शहद,9
कथनी,4
जुबानी,44
झपटमारी,54
करनेवालों,92
अध्यात्मिक,149
थकान,38
मंगवाई,73
पक्षधर,64
शूट,22
सरंक्षण,133
छायादार,50
कालिका,82
सुलेख,16
वस्त्रों,94
लगेंगी,71
बाइस,181
लगान,85
जालसाज,50
रेस्तरां,53
संबंधियों,31
दलीलें,100
रहनेवाले,92
जोड़ते,168
खादों,28
मारना,115
अंकपत्र,31
हस्तियों,161
मुशायरे,44
सीवेज,136
मध्यान्ह,138
निकलें,75
कार्यस्थल,149
अनूठा,151
झकझोर,153
झड़ी,4
दिव्यांगों,95
न्यायधीश,87
मनवाने,85
किरकिरी,14
हिला,190
चुटकी,160
ओलंपियाड,17
यामीन,120
लहरी,145
ताश,20
उड़ती,4
सरस,9
छात्रनेता,2
मरम्मती,195
गेटमैन,105
तबला,58
संपादित,148
गड़गड़ाहट,47
चैनलों,152
उगी,145
पूछी,153
अप्रत्यक्ष,41
बक्शा,96
कुशलता,133
आयुवर्ग,65
अंत्यपरीक्षण,5
डब्ल्यू,29
कर्मो,7
बेपरवाह,59
कास्य,138
हसीन,51
चमकाने,36
उजड़,173
अत्याधिक,154
कर्मठ,86
झोपड़ियां,27
डाट,68
कटघरे,158
चलाएगा,1
प्रजनन,57
साठगांठ,40
लेखकों,152
आइना,58
निपटाया,82
दबने,158
धारणा,108
अस्वस्थ,91
चुनकर,3
मंगाकर,146
मारूति,121
परखने,52
सकरा,38
धरोहरों,28
सुखा,42
होम्योपैथी,141
नरम,9
लल्ला,120
रंगकर्मी,31
गृहणी,102
बदलती,4
रुकवाया,84
छोड़ते,168
कुचलने,75
अनबन,165
पुत्रियां,163
बंसीलाल,43
कोयलांचल,24
सोचते,75
जागे,20
हत्याओं,23
लेंटर,136
नन्हीं,83
अखाड़ों,23
रक्तदाताओं,2
उठाता,32
चेत,19
वाचन,133
वायदों,23
स्वास्थ्यकर्मी,18
निभानी,1
जननायक,108
जुबां,60
प्रतियां,27
परमार्थ,96
बारीकियां,56
माचिस,190
काजू,140
सर्वदलीय,116
भोली,104
शहनाई,69
पनकी,145
कांटी,48
अवसरों,88
सिक्कों,167
त्रुटियों,19
भूले,104
तम्बाकू,119
सम्बंधित,31
शासित,148
नायाब,190
वशिष्ट,41
ब्रह्मचारी,149
पड़ती,143
कामधेनु,180
फार्मेसिस्ट,141
कातिल,190
शीशी,156
गुब्बारे,163
छंटनी,68
टयूबवेल,60
नीर,169
नाचने,85
खाएं,129
सप्तमी,147
तारे,20
तीव्रता,56
गहराने,36
पोस्टमास्टर,141
निरक्षर,11
जिन्दगी,150
मच्छरदानी,50
लटकते,122
लौटाया,84
घपला,196
दालों,92
परिधानों,23
खरपतवार,196
मुनाफे,117
धोती,104
मुग्ध,65
मालामाल,179
बुलावा,190
जुटेंगे,71
पीक,29
अनौपचारिक,172
बदलता,137
अकादमिक,172
कतारबद्ध,10
कैंची,3
इंतकाल,181
नजरिया,93
मुख्तयार,44
कपडे़,39
चमेली,79
ठप्प,57
झपटी,145
दामिनी,49
नोंक,122
टोका,62
वन्यजीव,81
महती,4
छोड़ने,168
प्रागंण,96
मुकीम,120
छेद,155
सुंडी,48
गोरक्षा,96
शंख,25
राष्ट्रगान,149
कस्तूरी,94
बमबम,101
ढर्रे,136
औरत,33
झरना,115
रौब,60
कार्यक्षेत्र,149
वेल,104
जायेंगी,71
पुश्तैनी,163
अलगाववादी,80
अधीक्षकों,5
निर्णयों,109
फोटोग्राफर,141
कसम,9
फेहरिस्त,44
थिरकते,75
अधमरा,70
चेस,136
वली,165
अल्का,190
कम्यूनिकेशन,141
कछला,58
लगवाकर,164
कीजिए,93
पटवार,112
दरवाजों,23
संकोच,31
पैंतीस,78
जनेश्वर,46
मृदुला,43
फहराने,85
आइए,97
काश्तकार,96
चलंत,144
बजरिया,84
रुद्राभिषेक,65
वेदांत,74
खोदी,45
ऐतराज,140
रहूंगा,71
भावपूर्ण,18
शान्ति,96
स्टाम्प,141
निराशाजनक,59
स्मारिका,96
हिरन,165
रिफंड,73
प्राणियों,161
पत्थरबाजी,106
अधिकता,154
आटे,52
मंडलाध्यक्ष,87
चुराई,69
बाड़े,89
अनभिज्ञ,76
हजारा,54
मिश्री,63
सुनहरा,40
ब्रह्मदेव,180
बरकत,9
भड़की,4
अकीदतमंदों,166
मसाले,20
सोचकर,187
सत्यार्थी,21
तुम्हें,83
उत्सुक,167
उजाड़,89
दुश्मनों,166
सुबेदार,163
जनसमूह,187
दिलावर,190
सगाई,124
आरम्भ,66
ठूंस,86
गाजर,115
ताजपोशी,50
टिन,51
ढाल,179
गुलामी,120
उचक्के,122
हथकंडे,165
खोखले,45
जागा,72
फैलते,131
जिमखाना,47
तुलाराम,70
बनेंगी,71
प्रसंस्करण,148
क्रियाओं,56
हटाये,129
लालसा,179
पीढि़यों,67
टैबलेट,105
नेटवर्किंग,141
कसौटी,68
अधिसूचित,19
लकड़ा,39
अपहरणकर्ता,8
राजमिस्त्री,149
सुंदरकांड,48
बैलगाड़ी,106
आदिम,7
छूटी,170
अढ़ाई,69
सूजन,133
भांजा,115
चश्मे,7
सूनी,153
रसायनिक,172
करवाता,72
छपने,158
स्वर्णिम,91
दर्पण,64
बचाते,32
बर्ताव,8
ईसा,38
वर्धन,102
बल्लेबाजों,119
पेंशनधारियों,95
पिलाना,190
गरजे,158
देशद्रोह,65
बाजा,72
टकटकी,145
देवरानी,70
तलहटी,165
फरमाया,84
लड़ने,143
रूपों,152
चहलकदमी,4
अशोका,20
सीढि़यां,27
रिजेक्ट,53
खुलती,178
कातिलाना,190
काबीना,20
सर्वधर्म,91
जनसेवक,161
टेक्नोलाजी,141
विद्यापति,74
परिप्रेक्ष्य,41
यांत्रिक,172
चित्रण,94
कॉरपोरेट,141
वेदों,161
वाम,7
सर्वांगीण,172
टीजीटी,29
शुष्क,65
निर्यातकों,107
सेहरा,20
सैद्धांतिक,172
चिंहित,19
निर्यातक,107
देखती,176
चिता,96
कसाना,1
पंचमुखी,160
कारनामे,59
अपर्णा,115
गरुड़,173
ताकीद,190
पतली,4
मेहनताना,1
उम्मीदवारी,50
मंगाने,20
खात्मा,96
आलिया,190
परोपकार,96
टुकड़ा,68
सजाकर,164
