word,cluster
में,24
लिए,24
किया,24
गया,24
हैं,24
नहीं,53
सिंह,42
पुलिस,43
दिया,24
करने,24
कहा,24
रहे,24
बाद,26
करें,24
साथ,71
रहा,24
रही,24
बताया,24
हुए,24
लोगों,40
उन्होंने,24
होने,24
गांव,37
लेकर,24
जिला,37
इसके,24
एवं,43
क्षेत्र,37
द्वारा,43
हुई,24
लेकिन,24
लिया,24
सरकार,43
अपने,24
विभाग,43
मोबाइल,151
वाले,24
दौरान,26
आदि,43
सभी,77
मौके,24
फोटो,24
देखने,24
जागरण,34
जाने,24
दिन,26
नगर,37
तथा,43
जाएं,24
निवासी,42
लोग,40
बैठक,43
शुरू,26
कोई,24
हुआ,24
ताजा,53
करते,24
खबरें,34
समय,24
जाएगा,24
तीन,77
मामले,53
रुपये,77
कारण,24
पहले,26
थाना,42
पूर्व,103
विकास,43
संवाददाता,34
अन्य,77
जानकारी,186
कुछ,24
दर्ज,53
शर्मा,42
जांच,24
अध्यक्ष,43
स्कूल,151
यहां,24
अधिकारी,43
किसी,24
उनके,24
कार्य,166
पास,24
स्थित,37
कार्यक्रम,43
अस्पताल,63
वहीं,24
पंचायत,43
बात,24
पानी,17
किए,24
मांग,43
बच्चों,197
खिलाफ,53
बार,65
रूप,43
बजे,26
काम,166
उन्हें,24
कार्रवाई,53
तरह,24
देने,24
प्रदेश,37
महिला,197
उसे,24
वर्ष,26
मौजूद,43
अपनी,24
उसके,24
शहर,37
चुनाव,43
हजार,77
सूचना,186
दोनों,77
केंद्र,43
निर्माण,43
सहित,77
टीम,31
देवी,42
घटना,14
सड़क,67
विद्यालय,43
मुख्य,0
शिक्षा,43
चार,77
बीच,18
प्रशासन,43
बिजली,40
रात,26
शामिल,0
जिले,37
होगा,24
कार्यालय,40
संवाद,53
इससे,24
मौत,69
उपस्थित,43
करीब,77
लाख,77
सुबह,26
दिए,24
नाम,30
पांच,77
अधिकारियों,43
कराया,24
जाएगी,24
आयोजित,43
राम,42
कहना,24
जारी,0
इसी,24
निर्देश,43
काफी,24
करना,24
प्रधान,197
जाता,24
प्रखंड,43
जबकि,24
व्यवस्था,43
आने,24
प्रसाद,29
घायल,69
आरोप,53
किसानों,166
योजना,43
तहत,43
लगा,24
आयोजन,43
वाली,24
अवसर,24
सोमवार,26
संख्या,169
अधिक,24
शिकायत,53
ग्रामीणों,40
उनकी,24
बंद,26
इसमें,24
राज्य,37
समिति,43
परीक्षा,43
अलावा,24
अभियान,16
मामला,53
ऐसे,24
अनुसार,169
चाहिए,24
युवक,197
मंदिर,42
पहुंचे,24
सचिव,43
ग्राम,43
रोड,67
पत्र,34
पुत्र,197
मंगलवार,26
उसकी,24
जहां,24
होगी,24
शनिवार,26
मिल,24
कराने,24
पूरी,24
बुधवार,26
शुक्रवार,26
छात्र,43
पार्टी,18
विभिन्न,77
रविवार,26
फिर,26
मंत्री,43
शाम,26
साल,26
अभी,24
आरोपी,53
गयी,24
जाए,24
स्वास्थ्य,43
जिसमें,24
वहां,24
गिरफ्तार,53
स्थानीय,37
निगम,37
विधायक,43
प्रभारी,43
समेत,77
बनाने,24
माह,26
लाल,42
श्री,42
परिवार,40
दिनों,26
प्रदर्शन,43
इसकी,24
प्रयास,24
सरकारी,166
सामने,7
ग्रामीण,37
जिससे,24
सदस्य,43
बैंक,166
समाज,18
सुरक्षा,43
वाहन,40
समस्या,14
किसान,166
पूरा,26
देश,37
बारे,0
चलते,24
लगाया,24
हत्या,53
रहने,24
मिलने,24
बाहर,24
बाजार,166
सहयोगी,71
स्थिति,14
दूसरे,71
लगे,24
पदाधिकारी,43
चोरी,53
शिक्षक,43
प्रतियोगिता,31
भाग,28
मार्ग,67
मुख्यमंत्री,43
स्थान,43
प्रतिनिधि,43
सफाई,40
सकता,24
छात्रों,43
मंडल,43
मिली,24
होती,24
कर्मचारियों,43
आदेश,43
पहुंच,24
पिछले,26
लेने,24
होता,24
विरोध,18
नेता,18
प्राप्त,24
जगह,77
तैयार,24
सेवा,43
उनका,24
परिजनों,197
अपना,24
देर,24
जनता,18
चालक,40
प्रति,24
मिला,24
गंभीर,14
संबंध,71
संघ,37
अलग,0
जमीन,166
भवन,40
अध्यक्षता,43
जाती,24
वालों,24
उक्त,0
कर्मचारी,43
जल्द,26
प्रकाश,42
राष्ट्रीय,37
गुरुवार,26
बना,24
जाम,67
करेंगे,24
विशेष,0
स्तर,0
स्टेशन,40
व्यक्ति,40
लगी,24
महिलाओं,197
थाने,42
होकर,24
कमेटी,43
गये,24
राय,53
उसने,24
परिसर,40
देते,24
देकर,24
संबंधित,43
तरफ,24
पूरे,77
समारोह,42
उपलब्ध,24
प्रथम,103
सात,77
शिविर,43
शिक्षकों,43
भारत,37
सभा,43
बच्चे,197
लगभग,77
इसका,97
आगे,24
विजय,42
राशि,166
भर्ती,195
अशोक,42
दूर,11
वर्ग,18
परिषद,43
दिवस,42
मां,197
लाइन,40
होते,24
मारपीट,53
घंटे,26
पंजाब,42
प्रमुख,0
पिता,197
रखा,24
छात्राओं,43
पहुंची,24
आया,24
उसका,24
अवैध,53
इसे,24
दुकान,166
अगर,24
पता,24
इलाज,63
जमा,11
जिस,24
कोतवाली,42
आधार,43
विद्यार्थियों,43
जेल,53
नजर,24
मतदान,43
ज्यादा,24
लगाने,24
जिलाधिकारी,43
खेल,31
यदि,24
कर्मियों,43
दोपहर,26
सबसे,24
बोर्ड,80
चौक,67
भाई,197
प्रशिक्षण,43
शराब,13
ट्रक,40
सवार,40
बावजूद,24
पूजा,42
सदर,42
जाते,24
डीएम,43
करोड़,77
हालत,14
गांवों,37
निरीक्षण,24
आरोपियों,53
हालांकि,24
युवा,105
चुकी,24
सदस्यों,43
वाहनों,40
सके,24
कार,40
बरामद,53
विद्युत,40
पड़ा,24
भारी,24
भेज,24
अनिल,42
बड़ी,24
चुके,24
जिसके,24
जीवन,19
नेतृत्व,18
चला,24
सहयोग,43
मनोज,42
भारतीय,37
वापस,24
बनाया,24
मार्च,26
वितरण,71
कुमारी,42
परेशानी,14
करके,24
कंपनी,166
प्राथमिक,43
प्रकार,77
कार्यकर्ताओं,43
कही,24
कराई,24
वजह,24
कृषि,43
पति,197
ध्यान,0
कोर्ट,53
संगठन,18
होना,24
जाएंगे,24
दूसरी,24
संबोधित,43
आपूर्ति,166
ताकि,24
लाभ,0
माध्यम,43
निर्णय,43
हाथ,44
बढ़,157
मुताबिक,169
बारिश,36
मिले,24
होंगे,24
सामान,40
विवाद,53
पाया,24
ऐसा,24
वाला,24
राज,177
सकते,24
संचालन,43
बिना,24
अजय,42
आंदोलन,18
जाना,24
वरिष्ठ,105
विधानसभा,43
देख,24
कुल,24
हाल,24
आवेदन,34
बने,24
भेजा,24
देखते,24
रखने,24
मंडी,166
तेज,157
चुका,24
मुकदमा,53
धरना,43
जिलाध्यक्ष,43
भूमि,166
ठाकुर,42
अदालत,53
पत्नी,197
इसलिए,24
बनी,24
रैली,53
जैसे,24
प्रतिशत,77
कहीं,24
भीड़,53
सूत्र,145
फरार,53
क्या,24
सूची,34
परेशान,19
तैनात,43
साफ,40
तहसील,37
बनाए,24
अंदर,24
शासन,43
सुविधा,43
गाव,76
भगवान,42
दर्जन,77
बाबा,42
लगातार,0
उधर,24
पक्ष,53
समस्याओं,14
अतिथि,43
क्षेत्रों,37
अभियंता,43
मुख्यालय,40
फसल,17
मुखिया,43
करता,24
यात्रा,37
निदेशक,43
आवास,40
चर्चा,53
शादी,197
सहायक,0
थानाध्यक्ष,42
उपाध्यक्ष,43
वर्षीय,77
सांसद,43
निजी,166
आसपास,24
सकती,24
दास,42
जान,19
प्रत्याशी,43
तैयारी,53
ब्लाक,43
बाल,197
सिविल,151
भुगतान,166
पीड़ित,53
पहचान,24
खराब,14
सेक्टर,40
पूछताछ,24
सम्मानित,30
जनवरी,26
अधीक्षक,43
ज्ञापन,43
प्रवेश,24
स्थल,37
प्रबंधक,43
प्रक्रिया,43
विचार,0
उच्च,0
कभी,24
बड़े,77
पीछे,24
लगाए,24
कमी,157
इलाके,37
जाकर,24
जमकर,53
आश्वासन,43
वेतन,43
जून,26
सप्ताह,26
तहरीर,53
यही,24
रेल,40
हासिल,24
बताते,24
विश्वविद्यालय,43
यूनियन,31
केवल,24
मदद,24
उत्तर,37
मैदान,10
खंड,34
मौसम,36
मरीजों,63
मगर,24
स्वागत,99
मकान,40
रोक,24
निर्धारित,43
खुद,24
बेहतर,24
नदी,144
पुल,37
अंतिम,26
ठीक,24
पेश,7
लगाई,24
खर्च,166
सड़कों,67
सिर्फ,24
लूट,53
बहुत,24
जरूरत,24
कार्यकर्ता,43
प्रभावित,0
बेटी,197
कर्मी,43
राजीव,42
द्वितीय,103
गाड़ी,40
दें,24
नेताओं,18
घरों,40
उपचार,63
महतो,42
केन्द्र,43
समीप,37
सही,14
उपायुक्त,43
मार,7
जनपद,37
तौर,43
योजनाओं,43
हादसे,14
उर्फ,42
विद्यालयों,43
लगाकर,24
यात्रियों,37
अंतर्गत,43
फरवरी,26
संयुक्त,37
चेयरमैन,43
हड़ताल,43
पार्षद,43
लगने,24
संस्था,18
गेहूं,17
मृतक,69
देखा,24
दीपक,36
रहता,24
उद्घाटन,43
कल्याण,43
राहत,19
संतोष,42
प्रदीप,42
घोषित,53
प्रस्ताव,43
सफल,24
नामांकन,43
पाल,42
आयोग,43
लोक,105
पेयजल,40
मीटर,77
जुलाई,26
पहली,65
प्रबंधन,43
कक्षा,43
न्यायालय,53
प्रदान,24
रहते,24
बदमाशों,53
गंगा,144
धान,17
सीमा,11
करवाया,24
सामना,14
दिसंबर,26
इधर,24
मांगों,43
महासचिव,43
अतिक्रमण,166
जीत,55
स्थानों,77
पदाधिकारियों,43
तलाश,24
टक्कर,7
नुकसान,0
माता,197
अज्ञात,186
लागू,43
जरूरी,24
मंच,43
राजकीय,43
बीडीओ,43
युवकों,197
दिशा,77
अतिरिक्त,24
शीघ्र,26
दिवसीय,43
उसी,24
पार्क,40
प्रेम,39
रास्ते,67
चलने,24
प्रत्येक,77
ऐसी,24
संस्थान,43
विरुद्ध,53
घोषणा,53
पड़े,24
सुभाष,42
प्राथमिकी,53
बल्कि,24
चौकी,25
चंद,42
चंद्र,42
कब्जे,166
मनाया,42
केंद्रीय,43
तभी,24
कहते,24
रखे,24
गोली,25
बयान,53
जवाब,53
प्रयोग,24
युवाओं,105
गर्मी,36
पड़ी,24
रखी,24
सामाजिक,18
आनंद,42
चयन,43
लक्ष्य,43
किशोर,42
नीचे,7
आते,24
सरपंच,43
गुरु,42
केंद्रों,43
महीने,26
प्राचार्य,43
लापरवाही,53
कोशिश,24
तीनों,77
बजट,43
पड़ता,24
क्योंकि,24
प्रधानमंत्री,43
किनारे,144
चोरों,53
पेंशन,43
युवती,197
समाधान,43
पहुंचने,24
समाप्त,26
पालिका,37
श्रद्धालुओं,42
तमाम,77
प्रस्तुत,7
कदम,24
बनने,24
संजीव,42
सवाल,53
खरीद,166
वोट,43
चिकित्सक,63
शाखा,107
गैस,40
अचानक,19
करती,24
इनमें,24
जिसे,24
चले,24
पवन,42
नवंबर,26
जागरूक,19
करवाने,24
व्यक्त,53
छोटे,77
हिस्सा,28
मतदाता,43
देना,24
सुधार,14
विभागीय,43
विषय,0
संघर्ष,18
दुर्घटना,14
चेतावनी,53
मध्य,37
रहती,24
बता,24
अगस्त,26
सम्मेलन,43
आयुक्त,43
गिरफ्तारी,53
संपन्न,0
मेला,37
अक्टूबर,26
किये,24
दुकानों,166
थीं,24
हजारों,77
यातायात,37
प्रताप,42
छोड़,24
साइकिल,40
काबू,0
तालाब,40
खाली,167
खेत,17
समीक्षा,53
लिये,24
संबंधी,43
मेले,37
मोटरसाइकिल,40
सैकड़ों,77
शांति,43
पूर्ण,0
कड़ी,40
गायब,53
हंगामा,53
समक्ष,7
मात्र,24
आकर,24
उससे,24
अधिकार,43
परिजन,197
आलम,154
स्वामी,42
हमला,25
दिखाई,24
बड़ा,24
कब्जा,166
कानून,43
लेते,24
दर्जनों,77
चिकित्सा,63
दवा,63
चलाया,24
बनाकर,24
संपर्क,43
बीते,26
गठन,43
चपेट,7
रोजगार,166
महाविद्यालय,43
सौंपा,21
माध्यमिक,43
भविष्य,0
विज्ञान,43
तत्काल,26
सम्मान,53
सत्र,26
दुष्कर्म,53
चरण,29
हेतु,24
निरीक्षक,43
जिन,24
क्रम,136
फैसला,43
समर्थन,18
आर्थिक,43
रुपए,77
परियोजना,43
अवगत,99
साढ़े,77
पुरस्कार,30
चिकित्सकों,63
लाखों,77
बैठे,7
डेढ़,77
एक्सप्रेस,40
रोकने,24
बस्ती,40
सामान्य,0
भूमिका,21
पंकज,42
सैनी,42
मजदूर,166
खड़े,7
वर्षो,26
स्थापित,43
पाई,24
राजकुमार,82
दर्शन,42
निज,46
शुभारंभ,43
राजस्व,43
निकाली,24
मिलकर,71
माहौल,14
दूसरा,103
बेटे,197
वर्तमान,0
योग,189
उम्मीद,14
स्थापना,43
साहिब,42
फीसद,77
बनाई,24
पढ़ाई,24
डिग्री,43
विश्व,37
एसडीओ,40
जिम्मेदारी,21
रहेगा,24
सफलता,99
आवश्यक,24
करेगी,24
सितंबर,26
परिणाम,0
भगत,42
सहायता,24
पहुंचकर,24
गंदगी,40
मजदूरों,166
स्वयं,24
धर्म,39
मनरेगा,16
पर्व,42
संत,42
रवाना,37
इंतजार,19
राशन,43
आधा,26
रोष,53
तरीके,43
सुनवाई,53
बातचीत,53
गलत,14
झारखंड,42
खिलाड़ियों,31
मालिक,166
मामलों,53
हमारे,24
घायलों,69
प्रमाण,34
लाने,24
बिल,166
जख्मी,69
चोर,53
प्रशासनिक,43
धमकी,53
ट्रैक्टर,40
महिलाएं,197
क्षेत्रीय,37
क्रिकेट,31
फिलहाल,24
गरीब,18
खत्म,26
प्रधानाचार्य,43
लौट,24
पंचायतों,43
अधिवक्ता,53
उपभोक्ताओं,166
यात्री,37
दुकानदारों,166
इनके,24
तोड़,40
पटना,42
दैनिक,34
निकट,37
पहल,16
मरम्मत,43
जायेगा,24
मोर्चा,18
अरुण,42
उसमें,24
विद्यार्थी,43
होली,42
हमें,24
आगामी,26
रवि,42
पक्षों,53
तार,7
इलाहाबाद,37
दाखिल,53
मिलेगा,24
जाति,156
डाला,24
भ्रष्टाचार,53
प्रचार,18
बचाने,24
मिलते,24
निकाला,24
करनी,24
साबित,53
पाए,24
पकड़,7
तृतीय,103
उठाया,24
पुत्री,197
ऊपर,7
हिरासत,53
स्तरीय,0
सजा,53
मरीज,63
जुड़े,71
वक्त,24
कमरे,40
पशु,41
असर,0
पर्यावरण,98
व्यापारियों,166
नया,0
दौड़,41
नियुक्ति,43
अंजाम,53
घाट,144
रंग,36
खबर,34
इतना,24
ताला,24
पहला,103
चली,24
व्यापारी,166
तहसीलदार,43
जागरूकता,16
पाने,24
अभाव,22
उनसे,24
विभागों,37
संचालित,43
देखकर,24
परंतु,24
निर्वाचन,43
खेती,43
देंगे,24
कस्बे,37
सूत्रों,145
अंक,34
शुल्क,166
जयंती,42
उठा,24
ज्ञान,42
आह्वान,18
टिकट,43
पटेल,51
पैसे,166
नारेबाजी,53
पेड़,17
वसूली,166
लगाते,24
चलाने,24
पार,11
रात्रि,26
नौकरी,166
शहीद,18
कराए,24
जुलूस,53
निकल,24
नहर,40
दिलाने,24
करे,24
रानी,82
चालकों,40
बढ़ाने,157
मुक्त,43
संयोजक,43
तिथि,34
शौचालय,40
अगले,26
सांस्कृतिक,18
भोजन,188
संभव,24
राजनीतिक,18
खाद्य,17
कला,18
जिसकी,24
कैसे,24
संरक्षण,43
पंडित,105
बीमारी,63
खड़ा,7
वार्ता,43
नियमित,189
फर्जी,53
उद्देश्य,43
खड़ी,7
करेगा,24
आगरा,37
बदमाश,53
बरसात,36
खुशी,19
मशीन,40
दुकानदार,166
शिकार,41
दिये,24
महत्वपूर्ण,21
जोर,7
मैं,24
ठंड,36
तीसरे,103
कीमत,166
वितरित,71
कथा,182
मतदाताओं,43
तुरंत,26
खास,0
पालन,21
रहेगी,24
मुश्किल,24
जिसका,97
मिनट,26
धारा,144
शुरुआत,26
किलो,77
पैसा,166
बूथ,43
पैदा,11
सिंचाई,40
विजेता,31
जन्म,39
दावा,53
लड़की,197
जिलों,37
मजबूर,24
छापेमारी,25
आशा,14
करवा,24
प्रत्याशियों,43
इलाकों,37
खेतों,17
मौका,24
बढ़ा,157
मिट्टी,17
विशाल,77
हटाने,7
अरविंद,42
मानव,0
रहीं,24
भरा,167
रांची,42
संदेश,181
बालिका,197
निकाल,24
बचाव,24
लोकसभा,43
बधाई,99
नाथ,42
विस्तार,0
पुरानी,0
सिर,44
ठेकेदार,166
आर्य,156
उपाध्याय,42
उचित,43
बसों,40
होटल,188
बातें,24
वैसे,24
क्यों,24
व्यापार,166
कटौती,166
सेना,25
दबाव,53
नशे,13
परिवहन,37
मार्केट,166
जब्त,53
अफसरों,43
आशंका,14
उत्पादन,166
अपराध,53
पाठक,34
पुराने,0
समापन,43
मान,24
उद्योग,166
हालात,14
संकट,14
जताया,53
योगदान,99
पीने,17
सुशील,42
नियमों,43
प्रबंध,43
मारने,7
दहेज,197
उनको,24
बिक्री,166
बाढ़,14
परिवारों,40
रोडवेज,40
सख्त,53
महामंत्री,43
लागत,166
संदिग्ध,186
गली,67
अध्यापक,43
बहादुर,42
लाया,24
पकड़े,7
सामग्री,22
विधान,43
रहेंगे,24
अधिकांश,24
रोग,63
जताई,53
अर्चना,42
तापमान,12
प्रतिदिन,189
संभावना,14
अपहरण,53
स्वच्छता,40
महाराज,42
आरक्षण,43
करवाई,24
विनय,39
मुआवजा,166
शहरी,37
संकल्प,24
निकले,24
पूजन,42
स्पष्ट,0
इस्तेमाल,24
खाते,166
मोहल्ला,40
लिखा,34
मुहैया,24
गीत,170
कार्यरत,43
खनन,40
बहन,197
खाद,17
गंभीरता,0
मांगी,53
हमेशा,24
न्याय,53
मोड़,67
जूनियर,105
गौरव,0
माल,166
मिलेगी,24
गठित,43
किशोरी,197
गणेश,42
माना,24
सुरक्षित,22
तत्वावधान,43
ज्योति,42
शरीर,44
नीरज,42
शांत,53
किलोमीटर,77
मनीष,42
अपराधियों,53
पिटाई,53
धार्मिक,42
आदर्श,39
रास्ता,67
मुकाबले,31
बाबू,42
नवीन,0
उमेश,42
याद,19
अभिभावकों,43
बढ़ने,157
मजबूत,14
सिपाही,43
छानबीन,24
मजिस्ट्रेट,42
मीडिया,34
कश्मीर,25
सौंप,21
महेंद्र,42
निस्तारण,43
चारों,24
घटनाओं,14
आबादी,37
कक्ष,40
दोषी,53
कन्या,197
ब्यूरो,43
होनी,24
चक्कर,93
महोत्सव,42
अच्छी,24
गुहार,53
ग्रहण,39
प्रतिमा,88
ढंग,43
सोनी,42
पदों,195
भक्तों,42
जवानों,25
दौरा,63
लंबी,40
आये,24
उम्मीदवार,43
सोने,185
कमल,36
शक्ति,0
सुविधाएं,43
नृत्य,105
अहम,21
राजनीति,18
जायजा,24
नीति,43
गति,157
अनेक,77
मास्टर,151
सुमन,42
जंगल,41
शोर,53
पैदल,24
खाने,188
फाइनल,31
गीता,42
दूरी,77
सुनिश्चित,43
गरीबों,18
बीज,17
लंबे,26
कार्यशाला,43
लेना,24
हूं,24
उपभोक्ता,166
संस्कृति,18
मोटर,40
गृह,43
प्रवीण,42
भीतर,24
खूब,53
अनुमति,24
खुले,24
अखिलेश,55
दीप,36
आती,24
चौराहे,67
सब्जी,17
चालू,26
दूध,17
बादल,36
नियुक्त,43
वीरवार,26
नियंत्रण,0
कार्यकारिणी,43
अनुमंडल,43
सक्रिय,0
जवान,25
प्रवक्ता,43
ओमप्रकाश,42
आता,24
लिखित,43
काट,17
जर्जर,14
अध्यापकों,43
अफसर,43
नकदी,166
वार्षिक,34
संचालक,43
अजीत,42
आदमी,18
मिलता,24
विवाह,197
विश्वास,39
वृद्धि,157
नाले,40
विरोधी,18
डाल,24
यज्ञ,42
निकासी,40
निकला,24
इन्हें,24
कार्यक्रमों,43
चालान,166
सुविधाओं,43
सभागार,40
बच्ची,197
किस,2
शेष,26
शपथ,43
राजा,166
बीस,77
आक्रोश,53
इकाई,107
गैर,166
लाइसेंस,34
डाक्टर,63
पुरुष,197
दरबार,177
धनराशि,166
दोबारा,65
न्यायिक,53
खिलाड़ी,31
इनकी,24
पाठ,42
तैनाती,43
बताई,24
गन्ना,166
बालक,197
तकनीकी,43
उपस्थिति,196
वही,24
लक्ष्मी,42
जुर्माना,53
उपयोग,24
संगठनों,18
कमिश्नर,43
वित्तीय,43
जुट,53
निकलने,24
जैसी,24
धरने,43
उम्र,43
साथी,71
प्रतिभा,105
जगहों,77
समूह,18
आवश्यकता,24
रक्षा,21
बतौर,43
वित्त,43
भरने,167
श्रद्धालु,42
डालने,24
प्रदूषण,12
पौधे,17
दौर,0
सर्वे,169
कंप्यूटर,151
टूट,7
घटनास्थल,25
चाहते,24
बकाया,166
हवा,36
महत्व,0
अभिषेक,112
भजन,42
सुधीर,42
गुप्त,186
आजाद,18
प्रेरित,24
लुधियाना,42
दिखा,24
अनशन,43
बाधित,14
पकड़ा,7
बजाय,24
लगता,24
सामुदायिक,43
छोड़कर,24
सीधे,7
अलीगढ़,37
जाच,24
हमले,25
रफ्तार,157
आना,24
तेल,40
विधि,43
स्वच्छ,40
बदल,14
दुकानें,166
पशुओं,41
पहुंचाने,24
पेट्रोल,40
उठाने,24
इसको,24
वंचित,43
अंत,26
अधिनियम,43
बुरी,24
एकड़,77
भेजी,24
आशीष,42
पूर्वी,37
प्रधानाध्यापक,43
खाना,188
पाकर,19
गौरतलब,24
चुनावी,18
विकेट,31
आश्रम,42
उत्साह,19
बेहद,24
कहां,2
रोशन,36
पंप,40
क्षतिग्रस्त,69
मूल्य,166
संस्कार,42
महज,24
चिकित्सालय,63
मृत,69
ट्रेनों,40
रोज,189
छोटी,24
साथियों,71
लंबित,26
बेचने,166
वक्ताओं,43
बढ़ती,157
आपदा,14
कारोबार,166
हिमाचल,42
बाकी,26
प्रारंभ,26
हिसाब,169
नजदीक,37
कराकर,24
प्रार्थना,53
कुलपति,43
पुतला,36
दिक्कत,14
मुलाकात,19
धूप,36
इंचार्ज,43
भेजने,24
सोसायटी,151
लड़कियों,197
मतगणना,43
देता,24
जिम्मेदार,53
इतनी,24
मेहता,42
नियम,43
सार्वजनिक,166
सर्जन,63
जायेगी,24
कांड,53
कोषाध्यक्ष,43
स्कूली,151
पुष्टि,53
पड़ेगा,24
अखिल,43
अच्छा,0
अनाज,17
धर्मशाला,188
बीमा,166
कानूनी,53
मात्रा,189
वीरेंद्र,42
समस्याएं,14
विहार,42
आवागमन,37
खतरा,0
प्रतिनिधियों,43
रखते,24
मांगा,53
भरे,167
लें,24
विद्या,43
फुटपाथ,67
मजदूरी,166
श्रेणी,43
कौन,2
यमुना,144
खोलने,24
सुंदर,36
चीनी,37
मारकर,7
भ्रमण,37
आत्महत्या,69
पोल,24
नागरिक,40
अंचल,37
जिनमें,24
चयनित,43
लेंगे,24
ससुराल,197
सामूहिक,18
रक्तदान,43
जुटे,53
निकालने,24
पदक,42
मिलती,24
महंगाई,157
चिंता,19
क्षमता,43
निर्मल,144
समर्थकों,18
गोदाम,166
आक्रोशित,53
मुंह,65
भाव,0
फायदा,0
कौशल,43
पत्रकारों,34
अमर,42
मुद्दे,53
अंकित,127
पीड़िता,53
अच्छे,0
प्रदर्शनी,88
बृहस्पतिवार,26
टूर्नामेंट,31
फसलों,17
काली,36
निगरानी,21
न्यायाधीश,53
स्वरूप,43
कार्यवाही,53
याचिका,53
भरोसा,39
भेंट,29
भेजे,24
समुदाय,156
अनुसूचित,43
घंटों,26
पहुंचाया,24
हाथों,44
गुणवत्ता,43
बांध,40
करायी,24
कस्बा,37
एडवोकेट,53
ढाई,77
नाटक,105
धीरे,7
दुरुस्त,14
रुपया,77
फूल,36
हमारी,24
मानदेय,43
सकेंगे,24
गुरुद्वारा,42
उनमें,24
सागर,144
ममता,39
बदलाव,14
गिरने,7
व्यवसायी,166
मेहनत,39
सेवक,43
बुलाया,24
संध्या,42
कूड़ा,40
अभ्यर्थियों,43
परीक्षण,24
काटने,17
इंतजाम,53
हरी,36
फैसले,43
मना,53
हथियार,25
दफ्तर,43
पर्यटन,37
धूमधाम,42
पर्याप्त,189
घेराव,43
पुरस्कृत,30
सौंपी,21
स्वर्ण,42
मेरे,24
स्व,42
ऑटो,40
टाटा,122
फीस,43
शाह,154
सदन,43
प्राथमिकता,43
पूनम,42
भव्य,77
मोहल्ले,40
कैलाश,42
कलाकारों,105
सत्ता,177
आरती,42
संगीत,170
पश्चिम,37
टीमों,31
प्रभाव,0
अस्पतालों,63
संसाधन,22
त्यागी,42
भारद्वाज,42
लड़ाई,55
बेटा,197
विशेषज्ञ,98
तत्कालीन,43
नामक,151
लापता,53
बोल,65
निकली,24
दीवार,40
खाता,166
शुरु,26
पत्थर,40
राजमार्ग,37
शिक्षण,43
राजधानी,37
उपरांत,139
राज्यों,37
देखरेख,21
जोड़ने,71
डाक्टरों,63
रेखा,44
साहब,154
अवकाश,26
रुप,43
बच्चा,197
सड़क,67
भरी,167
व्याप्त,11
आपसी,71
अगुवाई,18
चावल,17
भले,24
संपत्ति,166
औद्योगिक,166
बढ़ी,157
पश्चिमी,37
दर्द,63
रोजाना,189
रखकर,24
जिन्हें,24
आभार,99
वरीय,31
सारी,77
बताए,24
चलता,24
इनका,24
कायम,24
एकता,43
सुनाई,65
दलों,18
हादसा,14
पूछा,24
हवाले,169
डॉक्टरों,63
राख,36
मुस्लिम,18
नाराजगी,53
मंत्रालय,43
सलाह,53
अनुदान,43
निधन,69
रणनीति,43
सूरज,36
गोष्ठी,43
मुझे,24
नये,0
छूट,24
श्रद्धांजलि,42
बहाल,43
जुटी,53
बीमार,63
स्वीकृति,43
कंपनियों,166
मंदिरों,42
लीटर,77
तीसरा,103
कपड़े,29
भागने,7
भक्ति,42
प्रेस,151
इतिहास,0
दिलाया,24
समझ,24
गड़बड़ी,14
विकसित,0
हित,43
पड़ताल,24
अमन,154
बढ़ावा,24
शोक,69
सहमति,53
फीसदी,77
बिहारी,42
मुहल्ला,40
सूबे,37
सकें,24
समान,28
शोभायात्रा,40
वातावरण,14
जाएंगी,24
दुनिया,0
अपराधी,53
प्रेमी,105
लाठी,7
जानी,24
कीर्तन,42
अंग्रेजी,37
खरीदने,166
परिवर्तन,14
तोड़कर,40
स्वीकृत,43
उत्पन्न,11
भावना,0
उतर,24
माने,24
राज्यपाल,43
अभिभावक,43
आरंभ,26
नागरिकों,40
घुस,7
नाला,40
अधिकतर,24
बदले,14
चोट,69
बदलने,14
छुट्टी,26
बैठा,7
कार्यपालक,43
अक्सर,24
विगत,26
हों,24
खून,44
आचार्य,42
पीड़ितों,53
सत्यापन,34
समन्वयक,43
व्यवहार,53
लिखे,34
सुनने,24
जाया,24
मूल,43
अवधेश,42
मुहिम,16
बीएसए,43
मूल्यांकन,43
हड़कंप,53
गुजर,67
दायर,53
पढ़ने,34
निलंबित,43
हत्याकांड,53
बीमारियों,63
पोलियो,63
न्यूनतम,43
क्रय,166
वर्षा,36
बुजुर्ग,197
पैर,44
कराना,24
तैयारियां,53
भूषण,46
नीतियों,43
करवाए,24
बंसल,42
सचिन,42
अथवा,24
आवासीय,40
मांगे,53
मानें,24
करोड़ों,77
सफर,67
भाषा,37
प्रस्तुति,99
रहना,24
आयु,43
गतिविधियों,0
दीक्षित,42
चौराहा,67
दर्जा,0
ऑनलाइन,151
जलकर,36
दीपावली,42
हस्ताक्षर,53
नाराज,19
खोल,24
तलाशी,53
फांसी,53
दाम,166
समाचार,34
दिखाया,24
बनकर,24
अंतरराष्ट्रीय,37
शिरकत,43
निशान,17
तनाव,14
बाग,40
सुनकर,65
विवाहिता,197
सदस्यता,31
मैनपुरी,37
तैयारियों,53
फैल,11
आवंटन,43
चंदन,29
डीजल,40
नशा,13
कविता,34
दरअसल,24
देरी,26
ऊर्जा,12
कोतवाल,25
बसें,40
मान्यता,43
जोरदार,53
देहात,37
सालों,26
अदा,21
प्रावधान,43
महाप्रबंधक,43
संस्थाओं,18
कपूर,112
प्रगति,0
पंजीकरण,34
छापामारी,25
सोच,24
मालूम,24
सीटों,77
पदार्थ,12
दलित,18
गले,7
पचास,77
रोका,24
उत्सव,42
विश्वकर्मा,42
बाजारों,166
बैठ,7
बदायूं,37
बाहरी,28
प्रस्तावित,43
डेंगू,63
परीक्षार्थी,43
कारणों,77
स्वीकार,53
ललित,30
केन्द्रों,43
कागजात,34
मूर्ति,88
राष्ट्रपति,43
मनमानी,53
सेवानिवृत्त,43
दहशत,7
समाजसेवी,105
कार्यकारी,43
महसूस,19
चलाई,24
चाय,17
थानों,43
खरीदारी,166
अर्पित,29
सारे,77
उम्मीदवारों,43
मस्जिद,154
महानगर,37
सेवाएं,43
बगैर,24
खेलों,31
शिकायतों,53
विदेशी,37
मानसिक,0
अनुपस्थित,196
पड़ने,24
चुना,24
करार,53
लिहाजा,24
आखिर,24
घरेलू,107
मुजफ्फरपुर,42
हिदायत,53
डाक,40
धाम,42
एकत्र,24
पीटा,7
पारा,15
सेहत,189
शिकायतें,53
ट्रैक,40
आसमान,36
योजनाएं,43
सिलसिला,0
देती,24
राहगीरों,40
वकील,53
पुराना,0
कार्यकाल,26
लक्ष्मण,45
पेपर,34
गिरी,7
मनाने,154
बचने,24
निवास,43
सहारा,39
आवंटित,43
मांगने,53
शरण,67
आयी,24
एकत्रित,24
पड़ोसी,197
श्रम,166
सेमिनार,43
बंगाल,37
प्रणाली,43
व्यक्तियों,40
गलियों,67
विमर्श,0
सूर्य,130
मचा,53
आग्रह,99
मनोहर,36
अधिकतम,43
पंजाबी,42
काला,36
सौरभ,42
बंदी,53
उल्लेखनीय,99
चुनौती,14
प्रांगण,40
हार,55
पाते,24
इंकार,53
दिल,44
जिंदगी,19
प्रसार,18
परमजीत,42
किरण,42
परिचय,0
खोला,24
पानीपत,45
जवाहर,16
श्रमिकों,166
अवतार,42
वृद्ध,197
पंजीकृत,34
त्योहार,42
आधारित,43
वैज्ञानिक,0
अनदेखी,53
तले,7
स्वतंत्रता,18
सारा,40
गाड़ियों,40
कहने,24
थोड़ी,24
ठोस,12
चलेगा,24
ग्राहकों,166
शिशु,197
मुफ्त,43
पकड़ने,7
नाबालिग,53
मृतका,69
परीक्षार्थियों,43
बीती,65
फेंक,7
अंतर,18
पाली,52
मृत्यु,69
द्वार,40
विकलांग,18
साजिश,53
स्मृति,43
कलश,29
भीषण,14
सर्विस,151
काउंटर,43
अवधि,26
मंजू,42
तीस,77
समस्त,77
टीमें,31
बालू,40
स्नान,42
राष्ट्र,37
कुरुक्षेत्र,45
डाली,24
बचा,19
संगत,42
भक्त,42
प्रकट,53
बारह,77
आंखों,44
चेहरे,65
स्थायी,43
शिनाख्त,24
तारीख,34
बनवाने,24
भोला,7
सुझाव,53
चलाए,24
बर्बाद,53
सचिवालय,40
संज्ञान,0
बहिष्कार,18
मारी,7
प्रेरणा,24
बांका,20
शारीरिक,0
व्यापक,0
पड़ती,24
हमारा,24
कामना,99
उत्पीड़न,53
समाजवादी,18
सहकारी,43
मुक्ति,43
प्रतिभागियों,31
कैद,53
समझा,24
विदेश,37
नकल,93
सायं,26
जिनके,24
हमीरपुर,42
तत्वों,0
अनियमितता,53
पंच,54
सख्ती,53
बुरा,0
चांदी,185
चन्द्र,42
स्टोर,153
वीर,42
बीत,26
हवन,42
निधि,16
नगरपालिका,37
मौलाना,154
लघु,22
नायक,182
छेड़छाड़,53
हादसों,14
पंचायती,43
देखी,24
गार्ड,43
सराहना,99
शुरूआत,26
गश्त,25
अनिवार्य,24
संग,71
रिक्त,167
वेलफेयर,151
चुनावों,43
पटरी,40
खुला,24
कैमरे,151
मौजूदा,0
पारित,43
मंगल,42
विजयी,55
मौजूदगी,196
समझौता,53
रखना,24
पार्षदों,43
नरेन्द्र,43
बैठने,7
शानदार,99
सुरजीत,42
बर्दाश्त,53
होंगी,24
रोशनी,36
इतने,24
आसानी,0
देवघर,42
लगते,24
चेन,66
संसदीय,43
अभियुक्त,53
सरदार,51
दान,43
डालकर,24
कार्यालयों,40
सैनिक,25
खुली,44
जबरन,53
नोट,40
रिक्शा,40
शोभा,29
दक्षिण,37
तलब,154
पट्टी,88
ग्रेटर,51
स्थलों,37
गाय,41
आपस,71
चाहती,24
सीडीओ,43
कमजोर,14
भाषण,43
बराबर,31
परेशानियों,14
निरस्त,26
मायके,197
हिंदू,18
रखें,24
तस्करी,53
पलट,7
अनियंत्रित,7
टेंपो,40
पहुंचते,24
ऐतिहासिक,0
वंदना,42
पेट,63
विशिष्ट,0
रेट,166
बागपत,37
मेरी,24
दरवाजे,40
खारिज,53
छोटा,24
हैंडपंप,40
बुखार,63
ढेर,40
उसको,24
नाली,40
राह,67
कवायद,24
रहें,24
छावनी,25
नष्ट,6
कप्तान,31
पौधरोपण,17
मशक्कत,26
पश्चात,139
आजादी,18
शिक्षिका,43
शशि,42
आस्था,39
मनाई,42
गाजीपुर,37
कचहरी,53
बनाना,24
बढ़ता,157
घटनाएं,14
हटा,7
ज्यादातर,24
पत्रों,34
खेला,31
दिखाकर,24
आधुनिक,0
उदय,106
प्रभात,42
प्रतिनिधिमंडल,43
उल्लंघन,43
यहीं,24
उठाए,24
प्रकाशित,34
हिंदी,37
मुकाबला,18
एकजुट,18
गईं,24
अमल,0
सहारे,39
उठे,24
सेंट्रल,43
खेलकूद,42
आधे,26
मोहित,42
शहरों,37
हुये,24
कबड्डी,31
संस्थानों,43
बोले,65
अगली,65
अधिग्रहण,166
सास,197
छापा,25
कैंसर,63
मुहल्ले,40
गिरा,7
दिखे,24
लेखपाल,43
खतरे,0
सलाहकार,98
आलू,17
लकड़ी,17
कोयला,40
सड़कें,67
छात्रवृत्ति,43
पोस्टर,34
प्रजापति,42
कुशीनगर,37
अनुरूप,14
भाइयों,197
काटकर,17
संहिता,43
छीन,53
भूख,69
हटाया,7
क्षति,0
पीछा,7
सेल्सियस,12
सूचित,0
उपकरण,40
चित्र,88
रंजिश,197
स्वस्थ,189
अतिथियों,188
सांस,44
नींद,19
सभासद,43
उपजिलाधिकारी,43
अल्पसंख्यक,18
गाली,53
लूटपाट,53
सत्संग,42
बंधक,53
क्विंटल,77
तकरीबन,77
रूपये,77
चाहे,24
हिस्से,28
ठेका,166
प्रांतीय,37
निकालकर,24
निश्चित,43
बदला,14
बचाओ,16
दौरे,63
शांतिपूर्ण,43
बिलासपुर,42
प्रकोष्ठ,43
शोषण,53
नमाज,154
गर्म,17
बुलंदशहर,37
साइंस,151
दबोच,7
मानक,43
जीता,55
गौर,154
नायब,99
नकद,166
कवि,105
महीनों,26
मित्र,71
बढ़ते,157
सर्व,43
महादेव,42
बढ़ोतरी,157
सर्दी,36
वासियों,40
उपलक्ष्य,42
चलें,178
दूबे,42
विवश,24
पंद्रह,77
प्रसिद्ध,105
दशा,197
मासूम,197
मार्गो,37
दाखिला,43
संरक्षक,21
डेरा,40
सेवन,189
सर्वाधिक,24
फाटक,40
मारा,7
नारे,18
गोल,31
नवरात्र,42
पात्र,182
रोगियों,63
करंट,7
उठाई,24
चुने,24
दर्शकों,105
अभय,42
किराया,166
विस्तृत,0
गावों,37
शैक्षणिक,43
नलकूप,40
संस्कृत,97
झुलस,36
तकनीक,0
जेवर,29
मांगें,53
समर्थक,18
पूछे,24
अनुरोध,99
सुख,39
प्रशांत,84
दरभंगा,42
रहकर,24
उठाकर,24
पहलवान,31
सवा,77
निशाना,24
अवस्था,180
समर्पित,24
देगी,24
विदाई,26
वार्डो,43
जनप्रतिनिधियों,43
सर्वसम्मति,43
अति,24
निकाय,37
चलाकर,24
लाकर,24
बारी,40
गणित,98
नतीजा,0
नालियों,40
विषयों,0
व्यस्त,19
आकाश,36
जिन्होंने,24
बनाये,24
महात्मा,18
संदर्भ,0
प्रतियोगिताओं,31
दोस्त,71
दशक,26
गर्भवती,197
चाकू,7
मालिकों,166
स्थगित,26
लाश,69
हाजी,154
इटावा,37
बढ़ाया,157
टोल,171
घुसकर,7
खुल,24
पत्रकार,34
प्लान,151
तालाबों,40
जेब,40
फूंका,36
अवश्य,24
आचार,43
संचालकों,43
परिस्थितियों,14
दबिश,53
कितने,24
टूटी,7
संगीता,42
बैठकर,7
कुंवर,42
जहर,12
पुलिसकर्मियों,43
पुलिया,40
विष्णु,42
बीएलओ,43
टीकाकरण,63
कार्यों,166
वेबसाइट,151
फंसे,7
चलती,24
गन्ने,166
वापसी,26
मैन,89
झंडी,36
फिरोजपुर,42
सिख,42
प्रसव,197
गंदा,40
खाद्यान्न,17
उत्पाद,166
सराहनीय,99
जल्दी,26
दिखाने,24
सूरत,14
गुजरने,67
आएगी,24
जगत,0
यानी,148
हराया,55
मुद्दों,53
संवेदनशील,0
बगल,40
भेजकर,24
रिश्तेदार,197
फीट,77
वैन,171
शिलान्यास,43
दायित्व,21
कैंट,42
जुड़ी,71
पर्चा,34
तस्वीर,24
जाट,156
परिचालन,43
फीडर,40
कराते,24
हेक्टेयर,77
अनुज,42
जताते,53
गला,7
खातून,154
लुटेरों,53
डाले,24
कामकाज,136
सुनी,65
मानना,24
अभ्यर्थी,43
किल्लत,157
मिलाकर,24
आबकारी,43
दंडाधिकारी,43
शोध,98
मारे,69
खुलने,24
देगा,24
मुकदमे,53
ससुर,197
सील,40
घंटा,26
निंदा,53
लगेगा,24
मिलन,83
ध्वस्त,40
उच्चाधिकारियों,43
पथराव,53
तीसरी,103
रेवाड़ी,67
आतंकी,25
निदान,63
सत्य,0
आत्मा,74
लेन,175
विरूद्ध,53
मनोरंजन,182
हकीकत,24
प्रखंडों,43
महासंघ,31
आपराधिक,53
कलाकार,105
लड़के,197
वेद,42
ओझा,198
आला,43
घोटाले,53
निपटने,14
खेलने,31
भागवत,42
सीता,45
साधन,22
पिछड़ा,18
विमल,42
कैबिनेट,43
बवाल,53
नितिन,42
साहित्य,34
मामूली,65
अकादमी,30
चाहता,24
बेच,166
लाई,24
पसंद,24
रजिस्ट्रेशन,34
स्नातक,43
बसंत,36
राज्यमंत्री,43
हवाई,37
जाये,24
गठबंधन,18
गणमान्य,43
विधायकों,43
जानने,24
कहकर,24
रामचंद्र,42
चौथे,103
इंटरनेशनल,151
हर्ष,42
सदस्यीय,43
चार्ज,40
शाही,177
भागीदारी,43
जानलेवा,53
कराएं,24
माफिया,53
आगमन,42
आएंगे,24
मंजूर,53
मंचन,105
पुस्तक,34
पूर्ति,24
श्रद्धा,39
कंबल,29
लिपिक,43
छोड़ने,24
विक्रेता,166
लंगर,42
ताले,24
उतार,29
देखे,24
मिठाई,17
कटान,40
गोस्वामी,42
जलापूर्ति,40
लगाना,24
कारोबारी,166
दिनभर,189
दसवीं,103
जैसा,24
महासभा,43
जलभराव,40
दिलाई,24
ग्यारह,77
तिलक,30
खासकर,24
परंपरा,18
मेरा,24
माल्यार्पण,29
मानते,24
बीबी,197
उपमंडल,43
खुर्द,42
चाचा,197
तब्दील,14
आधी,26
मासिक,34
इंस्टीट्यूट,151
जीटी,67
ऊधमपुर,42
स्पष्टीकरण,53
कोहराम,53
फटकार,53
लोगो,40
प्यार,39
कामयाब,24
कमला,42
पुलिसकर्मी,43
बाला,82
देशों,37
रजिस्टर,34
कूड़े,40
तोड़फोड़,53
दक्षिणी,37
आसान,24
दमकल,25
भूकंप,14
बुलाकर,24
व्यवसाय,166
बाधा,14
आपत्ति,14
होश,69
ग्राहक,166
विधिक,53
जागरुकता,16
अनुराग,198
काटा,17
मजबूती,14
बताने,24
प्रदर्शनकारियों,43
दुख,39
हरकत,65
पहाड़ी,10
प्रतिबंध,53
लिखकर,34
संविदा,43
गुलाब,36
बेटियों,197
प्रमाणपत्र,34
गुजरात,51
दोषियों,53
सटे,40
अधीन,43
वाद,150
वकीलों,53
तोड़ने,40
जेवरात,29
संसद,43
आशीर्वाद,99
पौधों,17
कोहरे,36
जलस्तर,40
शुद्ध,12
चैंपियनशिप,31
रक्त,44
बचे,26
भीम,45
सरिता,42
वादा,53
चलना,24
निभाई,21
प्रतीक,0
धोखाधड़ी,53
ठगी,53
उत्तम,0
बजाए,24
उजागर,53
सवारी,40
पाठशाला,43
लौटने,24
सुबोध,42
उत्तरी,37
सेवाओं,43
दूषित,12
काले,36
अविलंब,26
हमने,24
ऊना,42
बेरोजगार,166
आदिवासी,156
कर्ज,166
बेहोश,69
लाभार्थियों,43
विकल्प,0
बीए,43
जोड़ा,71
वार,130
रसोई,188
बातों,24
गुस्सा,53
बनता,24
लड़ने,55
शहीदों,18
समस्तीपुर,42
संशोधन,43
जरिये,43
गीतों,170
अंधेरे,36
करेंगी,24
पक्का,108
योग्य,24
समुचित,43
चौकीदार,43
पंडाल,42
सराय,40
पुष्पा,42
टैंकर,40
शारदा,42
इन्कार,53
विपरीत,24
धीरज,39
सैनिकों,25
निर्वाचित,43
विलंब,26
कमर,7
ज्ञात,186
सूत्री,43
पेड़ों,17
गिरकर,7
एजेंसियों,186
मकसद,43
नकली,24
दावे,53
तर्ज,81
रोटी,17
प्राकृतिक,0
निष्पादन,43
चिन्हित,0
करोड़,77
अनुसंधान,43
टंकी,40
वासी,40
खोले,24
खुश,19
घनश्याम,42
जिनका,24
सहनी,24
शौच,40
कहानी,182
अड्डा,37
धरती,17
हाजिर,53
लगती,24
उपेक्षा,53
कूद,7
मलेरिया,63
आपको,24
बुझाने,36
पवित्र,39
कचरा,40
सेविका,43
जनहित,43
कुर्सी,7
बनेगा,24
आकर्षक,36
सकारात्मक,0
आकर्षण,37
नालों,40
घूम,67
नारी,197
निष्पक्ष,43
श्रीमती,42
लटका,7
जिनकी,24
बोतल,40
नोडल,43
शिक्षित,18
पोषण,21
धाराओं,144
प्रवचन,42
बुलंद,18
प्रधानों,43
मेजर,25
सीडीपीओ,43
अनुमान,169
रंगारंग,99
रुक,67
प्रकोप,63
निषाद,42
कितना,24
छाया,19
दरोगा,43
कुश्ती,31
प्रभावी,0
लोकतंत्र,18
समितियों,43
अव्वल,31
गंदे,40
विश्वनाथ,42
बांटे,71
नगदी,166
गुरूवार,26
प्रीति,42
बोझ,7
मुख्यातिथि,43
उपाय,24
पराजित,55
भरपूर,189
भार,7
टूटने,7
पूर्वक,0
प्रशिक्षक,43
सर्किट,163
बल्लेबाजी,31
निर्मित,40
धर्मपाल,42
प्रोग्राम,151
बरकरार,24
भेदभाव,18
जनसंपर्क,43
हाथी,41
भरकर,167
काटे,17
कपड़ा,29
अन्यथा,24
पान,19
त्वरित,43
भवनों,40
रुचि,19
इत्यादि,43
फुटबाल,31
व्यय,21
बनाते,24
प्वाइंट,58
झगड़ा,14
पदोन्नति,43
डकैती,53
लगाये,24
समझाने,24
पहिया,40
फेडरेशन,31
हमलावरों,25
लालू,18
सोना,185
लौटा,24
पीढ़ी,177
रेस,41
पूछने,24
बीघा,77
पुख्ता,53
दवाओं,63
आंधी,36
अपेक्षा,24
सुधारने,14
अध्ययन,98
अन्तर्गत,43
जंग,55
सिरे,40
धक्का,53
पड़ोस,197
चिकित्साधिकारी,63
व्रत,42
चतुर्थ,103
लड़कों,197
कच्ची,185
निदेशालय,43
उपलब्धि,99
संविधान,43
गढ़वा,42
इंद्रजीत,42
केन्द्रीय,43
झंडा,29
लहर,144
मंशा,53
प्राप्ति,24
क्षेत्राधिकारी,43
पुजारी,42
उद्यान,40
स्टेशनों,40
तंग,24
चढ़कर,53
आरक्षित,43
खिताब,31
अधिकारों,43
नगरी,37
किलोग्राम,77
धूल,7
छोड़ा,24
अक्षय,112
पीठ,7
जलाकर,36
रंगदारी,53
संस्थापक,43
बहाने,53
स्थानांतरण,43
दबोचा,7
कतार,40
देशी,37
चोटें,69
किंतु,24
वर्षों,26
गलती,14
दिक्कतों,14
डोर,7
सीधा,7
दुमका,42
इन्होंने,24
तारों,36
घाटों,144
परीक्षाओं,43
कर्नल,25
बढ़कर,77
हॉल,40
कहासुनी,53
निर्माणाधीन,43
उग्र,53
ठेके,166
कड़े,53
मौन,65
विधवा,18
जनप्रतिनिधि,43
तबादला,43
दंपती,197
पैमाने,169
रजनीश,42
बुलाई,24
बिगड़,14
आदेशों,43
भंडारी,42
आमंत्रित,24
सुचारू,21
निवासियों,40
मैंने,24
पाक,53
अलाव,17
आरएस,151
मानी,24
गायक,105
उपकेंद्र,40
कारतूस,25
सीटें,77
दबंगों,53
बढ़ाकर,157
कराये,24
आवाजाही,37
हल्की,65
गणतंत्र,18
सुन,65
हृदय,0
आभूषण,29
निरंजन,42
लौटे,24
शेर,154
किराए,166
मंजिल,40
पिछली,65
वसूल,166
इस्लाम,18
संदेह,14
पाती,24
सेवकों,43
कमरों,40
निर्देशों,43
दहन,42
हीरा,185
पकड़कर,7
निशा,42
पर्स,40
ट्रकों,40
उन्हीं,24
तस्करों,53
खोज,0
दाल,17
अनुभव,24
महान,105
मुआयना,24
टकरा,7
चांद,36
संबोधन,43
एड्स,63
गाड़ियां,40
कटाई,17
उतरने,24
आफिस,40
निर्देशित,182
बीईओ,43
मेल,7
पारिवारिक,197
जला,36
कमान,21
गोद,17
महायज्ञ,42
निरंतर,0
परन्तु,24
मतों,43
ताकत,0
अमेरिका,37
गहरा,144
पार्टियों,18
आरोपों,53
भूल,14
चिह्नित,0
शैक्षिक,43
नेत्र,44
स्मारक,40
गरीबी,18
कागज,40
विसर्जन,43
माला,29
इजाफा,157
मकानों,40
भगवती,42
संपूर्ण,77
चुरा,24
निर्धारण,43
इच्छा,19
मजबूरी,53
लाए,24
प्रारंभिक,26
बदहाल,14
ऋषि,42
चूंकि,24
प्रीतम,42
ठेकेदारों,166
अमृत,74
उतरे,24
इंसान,0
खुदाई,40
तमंचा,25
आएगा,24
सकेगी,24
जिम्मा,21
पर्यवेक्षक,43
कितनी,24
बृजेश,42
काशी,42
नम्बर,35
हलका,65
निकाले,24
चौराहों,67
पढ़ें,24
टूटा,7
घेर,7
विशेषज्ञों,98
एलान,53
हितों,43
जिम्मेवारी,21
दुर्घटनाओं,14
हस्तक्षेप,53
उठाना,24
अस्तित्व,11
दृष्टि,0
गुलाम,18
भंडारे,42
उड़ा,7
विपक्ष,18
मचाया,53
बेहाल,14
रसीद,166
सिपाहियों,43
हवाला,53
निशुल्क,43
गौड़,42
मुआवजे,166
कैदियों,53
डीडीसी,151
डाकघर,40
बाध्य,24
कांस्टेबल,43
भंग,39
फौजी,25
मुलायम,55
बाजी,7
अभ्यास,2
पुष्प,29
बहाली,43
भांति,0
सोलर,12
बहस,53
कथित,18
जीतने,55
रजनी,36
अपराह्न,42
मैट्रिक,43
मधु,17
रमजान,154
फैली,11
पुरुषों,197
उदासीनता,53
पर्ची,34
बहनों,197
संचार,43
धारण,39
व्यवसायियों,166
इन्हीं,24
पकड़ी,7
चिन्ह,0
संगोष्ठी,43
निराकरण,43
जुटा,24
पर्यटकों,37
खराबी,14
घटिया,53
दोनो,77
संभाल,21
इंटरनेट,151
मछली,144
आयकर,166
प्रयासों,24
निर्देशन,182
रोगी,63
उठाते,24
आपके,24
भैंस,41
अगवा,53
आखिरी,26
हमलावर,25
चापाकल,17
उठानी,24
पोशाक,29
पहाड़,10
परीक्षाएं,43
शिकायतकर्ता,53
बर्तन,17
धर्मेन्द्र,42
संसाधनों,22
तुलना,169
इमारत,40
सीमित,22
राखी,7
बढ़े,157
उत्थान,0
यूं,24
सेठ,42
मानसून,36
प्रवीन,42
सफेद,36
बनती,24
दवाएं,63
एयरपोर्ट,37
दिवाकर,42
जोड़,71
भोग,39
निर्गत,43
उमड़,53
तीर्थ,42
जीव,98
प्रताड़ित,53
दायरे,11
प्रोत्साहन,24
साक्षात्कार,53
सावन,42
कहर,53
शर्त,43
फरमान,154
कड़ा,53
छिड़काव,17
मचाने,53
ब्याज,166
क्रांति,18
जलाने,36
नवजात,197
निर्णायक,105
लोहे,7
अंदाजा,53
कल्पना,0
बचत,166
गिरावट,157
आतंक,25
बढ़ाई,157
पूर्णिमा,42
प्रोत्साहित,24
जिक्र,0
नक्सली,25
मुसीबत,14
प्रभार,21
कारोबारियों,166
रोगों,63
निर्मला,42
सुना,65
माले,56
विधिवत,42
साधना,42
पीडब्ल्यूडी,40
जिंदा,69
तिराहे,67
सापेक्ष,169
हिन्दी,37
कहती,24
जनजाति,156
कारावास,53
तफरी,53
फैला,11
संकेत,0
बड़ी,24
सघन,119
युवतियों,197
फूलों,36
विवरण,0
हथियारों,25
हिस्सों,71
सम्भल,123
नजारा,36
जनसंख्या,37
अभियुक्तों,53
घटे,157
नक्सलियों,25
बुजुर्गो,197
वृद्धा,197
मिलेंगे,24
प्रिया,42
प्रमंडल,43
उत्तीर्ण,43
बैठी,7
कमाई,166
युद्ध,6
अधूरा,26
वृक्ष,17
केशव,42
इमाम,154
टूटे,7
हलके,65
डंडे,7
कक्षाओं,43
जोकि,148
खामियाजा,53
लावारिस,69
बिल्कुल,24
परेड,29
फैलने,17
नर्सरी,197
जुड़ा,71
नियमानुसार,43
जनसभा,53
शाहिद,112
लूटने,53
सबको,24
कैदी,53
उत्क्रमित,43
निवारण,43
घाटी,10
देखभाल,21
उतरी,24
नदियों,144
छात्रावास,40
निर्भर,43
कीमती,185
चलेगी,24
संभावित,0
मेहमान,188
ट्यूबवेल,40
कोठी,40
उदाहरण,0
सोलन,42
ईमानदारी,39
चलकर,24
झेल,53
गुस्साए,53
अकेले,19
महकमे,43
बीआरसी,43
फैलाने,11
दाखिले,43
प्रकृति,0
कांफ्रेंस,151
प्राचार्या,43
खाक,36
गायन,170
युग,0
किराये,166
बाप,197
प्लास्टिक,40
परिषदीय,43
हरा,55
एजेंट,166
जिसको,24
खतरनाक,0
धीमी,157
कोचिंग,151
रखरखाव,21
वारदातों,53
जश्न,42
अनुपालन,43
समझौते,53
विदित,60
जीतकर,55
आठवीं,103
गोलियां,25
भड़क,53
सन्नाटा,19
कर्म,39
दलाल,53
प्रशंसा,99
डेयरी,166
शिकंजा,7
कुंदन,46
बताकर,24
ट्रेनें,40
दिसम्बर,26
बोली,37
मिलीभगत,53
भ्रूण,197
बारात,40
तुलसी,29
सुनाया,65
सच्चाई,24
अखंड,0
उपेंद्र,42
रखेंगे,24
व्यक्तिगत,166
उर्मिला,42
परिक्रमा,43
अनुशासन,39
कार्यप्रणाली,43
चेतना,0
कपड़ों,29
आगाज,43
अधिसूचना,34
गोला,25
बहू,197
भगा,7
झील,144
ठोकर,7
कर्तव्य,21
चौपाल,43
खाई,7
अश्विनी,42
वजन,189
कुएं,40
सवालों,53
रजा,154
धूम,53
परमात्मा,74
भरोसे,39
नाकाम,24
प्रतिबंधित,53
रवैया,53
गहरी,144
तारा,110
देखना,24
पाएगा,24
करवाकर,24
धनंजय,42
रवैये,53
अर्जी,53
टैक्सी,40
सम्पन्न,0
धारकों,166
टोली,40
बेहतरीन,99
कोट,42
जाल,7
मूलभूत,43
बिक,166
पायी,24
रोकथाम,0
लिखी,24
गूंज,170
शकील,154
डूब,144
जीते,55
रचना,34
वसूला,166
कालोनियों,40
कंचन,42
वैश्य,156
सिद्ध,53
गिरि,42
परिचालक,40
तंत्र,43
निपटारा,14
शातिर,53
विफल,24
बेंच,7
जरूरतमंद,18
कुलवंत,42
स्थानांतरित,43
चालीस,77
साक्ष्य,53
ऐलान,53
मोह,39
पाये,24
सेमीफाइनल,31
रोटरी,47
हिम्मत,18
लगायी,24
इकट्ठा,24
बेरोजगारों,166
हरियाली,17
बनना,24
सावित्री,82
पड़ते,24
चलाते,24
जन्मदिन,42
पुरुषोत्तम,42
रेत,40
हराकर,55
ख्याल,24
कालाबाजारी,53
महकमा,43
वर्दी,29
चहल,16
प्रतिवेदन,34
नौजवान,105
विद्युतीकरण,40
बांटा,71
जायेंगे,24
देसी,37
वैदिक,42
शवों,69
आयोजक,43
गवाह,53
नाजुक,36
शब्द,97
इस्तीफा,43
निशानदेही,108
पदार्थो,12
गुलशन,154
पुस्तकालय,34
दोस्तों,71
सतर्कता,53
खेलते,31
विक्रेताओं,166
हॉकी,31
कन्नौज,37
धांधली,53
समन्वय,14
खेले,31
अंधेरा,36
कीचड़,40
अंदाज,154
शिकायती,53
तमंचे,25
कार्यभार,21
दून,42
आखिरकार,55
जबरदस्त,53
वीरभद्र,42
सौंपने,21
प्रदेशाध्यक्ष,43
निकलना,24
कर्ण,45
कठिन,24
मवेशी,41
मेधावी,43
कृपा,99
रिकॉर्ड,99
दामों,166
जितनी,24
विश्राम,43
वर्करों,42
जंगली,41
दूसरों,24
सर्वेश,42
क्लीनिक,63
चरित्र,182
बीडीसी,43
सीमेंट,40
अबतक,24
मंत्रियों,43
एकमात्र,43
खरीदा,166
स्थाई,43
अश्लील,65
भुगतना,53
हाजिरी,196
खोजबीन,24
मरने,69
बुला,24
पांव,44
नवम्बर,26
मणि,42
करेगे,24
गुणगान,42
सीख,24
नगद,166
सूत्रीय,43
सक्षम,24
नसीब,56
पर्यटक,37
लगवाने,24
छेड़खानी,53
दिखाते,24
बहरहाल,24
संगम,144
शिक्षामित्रों,195
भंडारा,42
बेगम,154
प्रपत्र,34
रिश्वत,53
सब्जियों,17
पार्वती,42
करवाना,24
विभागाध्यक्ष,43
हाट,166
लैस,181
छात्रसंघ,43
सतर्क,2
शासनादेश,43
वरुण,84
व्यास,42
शीतल,17
सुध,19
खंभे,40
रौनक,36
वार्षिकोत्सव,42
चीख,7
भनक,24
उमस,36
युक्त,181
गुमराह,53
भजनों,42
माया,74
वाहिनी,42
सहकारिता,43
मिस्त्री,166
जीने,19
सूखे,14
मीट,41
समीर,42
धंधा,53
क्रियान्वयन,43
प्रसंग,182
बचाया,19
डयूटी,196
मनीषा,42
खिड़की,40
पलायन,40
अनिश्चितकालीन,43
निहाल,42
लंबा,28
तत्व,0
मंथन,0
वेतनमान,43
पुण्य,39
दिखाए,24
उत्कृष्ट,0
निर्वाची,43
नुक्कड़,67
सरसों,17
मानने,24
डालते,24
आराम,19
हरिओम,42
कान,17
संसार,0
मंडियों,166
पड़,24
निराश,19
थोड़ा,24
बाइपास,67
लेनी,24
प्रतिष्ठा,43
पाना,24
रिश्तेदारों,197
राजनैतिक,18
गिरफ्त,7
पुनीत,39
शरीफ,154
रिहा,53
विजेताओं,31
शौचालयों,40
मोहाली,42
रजिस्ट्रार,34
पढ़ाने,24
बुनियादी,43
माफी,53
जानवरों,41
नमूने,24
वोल्टेज,40
हीं,24
लूटी,53
लिख,34
मतलब,97
विवेचना,0
दीवान,42
समर,9
महंगा,166
दुआ,53
जिसने,24
पड़ाव,67
लायक,24
पीटकर,7
झोपड़ी,40
बंदियों,53
उत्साहित,19
बालिकाओं,197
दहिया,42
बांटने,71
सुधा,36
उतारने,29
कागजों,40
महिमा,42
मंडलायुक्त,43
लैपटॉप,151
कोटेदार,166
दबंग,53
जलने,36
टैंक,25
लाना,24
उतारा,29
चढ़ा,29
किताब,34
पुरवा,42
बेदी,42
सैयद,154
अर्थ,97
महर्षि,42
गौरी,42
अस्थायी,43
झगड़े,14
जाली,40
अभद्रता,53
पैदावार,17
वस्तु,22
शून्य,136
सुपुर्द,53
हत्यारों,53
मुंशी,42
वैकल्पिक,0
व्यक्तित्व,105
बीतने,26
आतिशबाजी,25
तरक्की,0
विज्ञापन,34
सेनानी,18
परियोजनाओं,43
बूंद,17
आवेदकों,34
राजाराम,42
जोश,19
गोशाला,41
निर्विरोध,24
कहे,24
शब्दों,97
अंचलाधिकारी,43
चक्का,40
कगार,6
संग्रह,34
अनुबंध,53
रूबरू,99
आमजन,18
हां,24
साधु,42
तड़के,26
हिन्दू,18
अधीक्षण,43
महादलित,18
विनीत,42
बुद्ध,42
नियोजित,0
कदर,19
त्याग,39
प्रशिक्षु,43
ब्योरा,34
नहरों,40
किस्म,22
निकलते,24
ऊंची,10
सुदर्शन,42
नेताजी,42
संकाय,43
प्रभारियों,43
घास,17
पंत,42
बटालियन,25
खातों,166
हफ्ते,26
शस्त्र,25
सार्थक,0
साहिल,42
लुटेरे,53
मार्गदर्शन,43
इसीलिए,24
तादाद,169
आमरण,43
दिक्कतें,14
रुकने,67
तरुण,9
बनेगी,24
प्रेषित,181
कामयाबी,99
चरणों,29
प्राण,18
वादों,53
गिनती,24
घटी,14
सूख,17
उठने,24
योग्यता,43
सनातन,39
शहरवासियों,40
कठोर,53
अंप्र,128
शुभ,0
मनप्रीत,42
पारदर्शिता,43
गंगवार,42
अधूरे,26
पाबंदी,53
सिनेमा,112
दरगाह,154
महुआ,42
उद्योगों,166
सनसनी,34
हवाओं,36
लेती,24
बचपन,180
बावत,53
दशहरा,42
रुपयों,77
हवलदार,43
ऊषा,42
शरद,36
जानकारियां,186
उपरोक्त,0
टिप्पणी,53
निभा,21
उपचुनाव,43
महोबा,37
निबंधन,43
संबद्ध,43
जितना,24
एकल,147
कुसुम,42
अरविन्द,42
जहरीला,12
कराएंगे,24
स्टाल,166
शिवानी,42
सक्रियता,0
खुलासे,53
आशय,97
थानेदार,43
प्रहार,65
मिलों,166
जागृति,0
जगजीत,42
खुलेआम,53
करण,112
जोरों,53
पाएंगे,24
पासपोर्ट,43
हिंसा,53
खाकर,17
झूठे,53
संतुलन,14
कच्चे,166
अभियंताओं,43
बदतर,14
प्रकाशन,34
राजभर,42
असली,24
त्रिवेदी,42
नारा,18
देन,175
विपक्षी,18
चमन,154
प्याज,17
जीना,24
समझाया,24
मसले,53
पृथ्वी,130
कोमल,36
पठन,42
महीना,26
सिलसिले,19
लदे,7
हेलमेट,29
व्यवसायिक,166
दस्तक,170
सर्वश्रेष्ठ,0
पाठन,42
टेलीफोन,35
डूबने,144
बढ़ोत्तरी,157
अपनाने,24
सशक्त,0
झटका,53
मानवाधिकार,43
सिद्धार्थ,42
सर्राफ,166
उद्यमियों,105
काजल,44
वैज्ञानिकों,98
गणना,169
आतंकियों,25
सबक,24
बची,26
पुनर्वास,40
केसरी,42
यानि,148
वादी,150
भटक,24
सिमडेगा,42
अग्रिम,43
बिगड़ने,14
उमड़ी,53
हटाकर,7
तंबाकू,13
मास,42
यंत्र,47
अंग,28
नियंत्रित,0
आवारा,93
भतीजे,197
नींव,43
तर्क,0
प्रतिभागी,31
आतंकवाद,25
अनंत,42
बेकार,53
भट्ठा,40
देवता,42
घुसे,7
कांग्रेसियों,18
पाउडर,13
लक्षण,63
पड़ेगी,24
वादे,53
मुलाजिमों,42
गुटों,71
उल्लेख,0
उपहार,29
भागे,7
देवर,197
इनसे,24
साप्ताहिक,34
पुकार,170
शिक्षामित्र,195
आंकड़ों,169
रोजा,154
परिस्थिति,14
शहादत,18
मोती,185
सिलाई,29
उपलब्धता,22
जानवर,41
पंखे,40
प्रबंधकों,43
लटक,7
हड़ताल,43
उपलब्धियों,99
भौतिक,44
अत्याचार,53
खैर,37
कांस्य,42
बाराबंकी,37
आकर्षित,0
गहन,0
मसीह,74
सपने,154
कुत्तों,41
पाठ्यक्रम,43
कुंतल,166
आंसू,17
गबन,53
मामा,197
निर्दलीय,43
जलाभिषेक,42
गुलाल,17
समाप्ति,26
पलटने,7
आंखें,44
पक्की,108
अभिनंदन,99
सुचारु,21
सीधी,44
ओंकार,42
बरात,40
सामानों,40
मानकों,43
स्वरोजगार,166
निर्देशानुसार,43
दर्शक,105
पीकर,17
भिड़ंत,7
प्रतिमाह,166
क्रिसमस,26
तेवर,65
पौधा,17
सबके,24
पारी,31
लोहा,85
डिमांड,157
स्वतंत्र,18
साध्वी,42
शिरोमणि,42
वस्त्र,29
खरीदी,166
बदली,14
ठहराव,157
धरातल,28
प्रमुखता,119
ताज,40
भोले,39
न्यायमूर्ति,53
जुर्माने,53
पेशी,44
मुकाबलों,31
दराज,37
गश्ती,25
भलाई,39
कृषक,166
सर्वेक्षण,169
शुभकामनाएं,99
कसर,24
जनगणना,169
बोलने,65
चादर,29
इजहार,53
दवाई,63
प्रतिभाग,31
नियंत्रक,43
नाव,144
चारा,43
तोड़ा,40
नीलामी,166
संस्तुति,43
जानते,24
घोर,14
अंकों,34
कारागार,53
उपकरणों,40
निलंबन,43
लगाम,7
साकार,154
बनाएं,24
मच्छरों,17
राज्यसभा,43
बिंदुओं,28
प्यास,154
विकलांगों,18
वस्तुओं,22
लिहाज,0
लूटा,53
तालाबंदी,43
किला,40
कक्षाएं,43
कार्यशैली,43
वक्ता,43
बौद्ध,42
उठी,24
असामाजिक,0
सदैव,24
मुहर,7
चिह्न,0
रोककर,24
पटवारी,43
रास्तों,67
अभिलेख,34
चुप्पी,65
श्वेता,42
जितने,24
नजदीकी,71
भाईचारे,43
बारहवीं,103
पढ़ा,34
स्नातकोत्तर,43
हंगामे,53
प्रज्ज्वलित,43
आजसू,42
संकीर्तन,42
किरन,42
निकेतन,43
कसने,7
आवेदक,34
बर्बादी,53
प्रदर्शित,7
मानवता,0
चंदा,43
बीमारियां,63
बीएसएफ,25
चाह,19
हटाए,7
कल्याणकारी,43
विरेंद्र,42
गुरू,42
कोटे,43
गड्ढों,40
खोलकर,24
सिफारिश,43
साक्षी,53
कोष,97
अहसास,19
कचरे,40
बर्फबारी,10
चक्रवर्ती,42
मित्रों,71
धंधे,53
उपनिरीक्षक,43
आयुष,42
घेराबंदी,25
बांट,71
कार्ययोजना,43
सितम्बर,26
किताबें,34
पढ़,34
बुलाने,24
मवेशियों,41
संतों,42
कांप्लेक्स,40
आंकड़े,169
मुक्तसर,42
बनते,24
कैमरा,151
दंगल,31
नाक,44
जनपदों,37
पूर्वाह्न,42
कुलसचिव,43
पटाखे,25
घूमने,67
धोखा,53
अभियोजन,53
लड़कियां,197
बदहाली,14
अटल,39
अधिवेशन,43
फेंकने,7
खुशबू,36
इजाजत,24
अध्यक्षों,43
मृतकों,69
ईदगाह,40
प्रतियोगिताएं,31
नीयत,53
पावन,39
क्षुब्ध,18
सीडी,151
पीड़ा,0
कापी,34
अवलोकन,24
ऊंचा,10
बैडमिंटन,31
शकुंतला,82
घोटाला,53
ओलावृष्टि,36
मत्स्य,144
आकलन,43
गुजरना,67
अव्यवस्था,43
विचारों,0
बदौलत,39
हौसला,18
दुरुपयोग,43
किन्तु,24
अपहृत,53
फंसा,7
साक्षर,18
तालमेल,14
साठ,77
इच्छुक,24
भंडार,22
पड़ोसियों,197
रंगों,36
स्वर्णकार,166
संकुल,73
नक्शा,169
पात्रों,182
लता,42
दादा,197
आवासों,40
घाघरा,144
खुराक,13
बंदरों,41
गिरे,7
प्रोन्नति,43
माजरा,56
गारंटी,16
रोजी,22
मोहल्लों,40
व्यावसायिक,166
ठंडे,17
प्रतिनिधित्व,43
गहरे,144
लगन,39
दलितों,18
समग्र,43
फेंका,7
विस्फोट,25
सेवानिवृत,43
नववर्ष,34
सजग,19
आराधना,42
प्रदूषित,12
पालिकाध्यक्ष,43
दिखने,24
भोर,42
नैतिक,39
झाविमो,42
शिक्षिकाओं,43
मोटी,44
निर्वहन,21
रद्द,26
सुनते,65
अनमोल,185
जूझना,14
बोरी,166
बर्खास्त,43
नौजवानों,105
दृश्य,112
बैठकों,43
बोरा,166
लैपटाप,151
चिंतित,19
पद्धति,43
कराटे,31
ताल,170
भिड़,55
लेगी,24
कुत्ते,41
चेहरा,65
घटनाक्रम,14
चीज,22
जागरुक,19
पांचों,77
विहीन,18
मंडलीय,43
दिनदहाड़े,53
नवनिर्वाचित,43
हल्का,65
नियत,43
ईंट,40
इनको,24
लाभार्थी,43
आढ़तियों,166
प्रधानाचार्या,43
समृद्धि,0
बिरादरी,154
निखिल,42
आंकड़ा,169
नालियां,40
कुशल,105
सहन,53
सेशन,151
लिखने,34
प्रथा,39
डिप्लोमा,43
गायों,41
लौटना,24
रश्मि,42
बड़े,77
फसलें,17
पिछड़े,18
पैरवी,18
लेखन,34
उठाव,7
मनोनीत,43
निकलकर,24
जरुरत,24
चक्र,30
बोला,65
सिकंदर,187
जोड़ी,31
संभालने,21
अफरातफरी,53
पीस,15
तरस,154
पुण्यतिथि,42
पारंपरिक,18
पिलाने,17
विमान,37
गुना,157
भाजपाइयों,18
संतुष्ट,24
रस्म,21
निराशा,53
चरम,5
कमांडर,25
सशस्त्र,25
नमी,12
ब्राह्मण,156
साधारण,0
पहुंचना,24
जंगलों,41
मताधिकार,118
प्रयासरत,24
जुड़,71
अस्थाई,43
कालीन,29
पसीना,17
प्रतिष्ठान,166
हत्यारोपी,53
वास्तविक,0
चलाना,24
आढ़ती,166
इंसाफ,53
महत्ता,0
फलों,17
मलबा,40
फूट,7
लालच,53
डटे,7
बदबू,17
मांस,41
बतायी,24
गुजरते,67
मंत्रमुग्ध,19
तूफान,36
टाल,14
मुफ्ती,154
प्रेमिका,105
रहित,181
ग्रंथ,42
मुस्कान,65
प्रयोगशाला,24
चौदह,77
गहने,29
कारखाना,166
डंडा,7
दस्ते,25
बंदूक,25
उपनिदेशक,43
जरा,24
मच्छर,17
खुफिया,186
गगन,36
जनार्दन,42
कूलर,40
कोने,40
सूबेदार,42
अघोषित,40
शिष्टमंडल,43
रामनवमी,42
तत्वाधान,43
इसपर,24
अन्याय,53
चौथी,103
खींच,24
क्रीड़ा,42
रामनाथ,42
जुआ,53
संग्राम,18
अनुशंसा,43
आत्म,18
रंगोली,40
उपाधीक्षक,43
भीड़,53
पहुंचेगी,24
खण्ड,34
प्रांत,37
खदान,40
कुख्यात,53
मौर्या,42
नियमावली,43
बदलते,14
भला,24
प्रतिक्रिया,53
किस्त,166
शताब्दी,103
दंड,53
पसरा,19
असफल,24
ऊंचाई,10
ठहराया,53
माफ,53
अभिलेखों,34
अर्जित,24
पदस्थापित,43
संभाला,21
नेपाली,42
अनुष्ठान,42
सचिवों,43
नवनियुक्त,43
शैली,18
सौहार्द,43
इंजेक्शन,13
लोकार्पण,43
जोखिम,0
वसूलने,166
रामायण,42
पक्षी,41
राजकिशोर,42
मधुबन,42
छठी,103
प्रतिवर्ष,169
मंत्र,42
टीईटी,195
नवोदय,16
बिजलीघर,40
सहभागिता,43
आर्मी,25
ध्वजारोहण,29
फेरी,166
लड़का,197
प्रतीत,53
धारक,166
चैंपियन,31
किन,2
संवेदक,0
आसार,19
खुलवाने,24
सावधानी,53
वन्य,41
लगेगी,24
भाग्य,56
आहत,19
प्राधिकार,43
विवादित,53
दूरभाष,35
कहाकि,24
जले,36
घातक,0
सिम,151
महाविद्यालयों,43
रिहायशी,40
बांधकर,7
सालाना,169
गवाही,53
मस्ती,67
उल्टी,63
विमोचन,43
खरीददारी,166
घेरे,7
चौटाला,140
पर्दाफाश,53
माथा,44
अत्यंत,24
आश्वस्त,19
स्कूटर,40
झटके,7
धड़ल्ले,53
संयंत्र,12
दुर्घटनाग्रस्त,14
देवताओं,42
सांप्रदायिक,18
धार,7
सर्राफा,166
अधिशाषी,43
तत्पर,24
पंचनामा,69
कमाल,99
दामाद,197
परामर्श,98
उज्ज्वल,36
बनेंगे,24
रखता,24
लूटे,53
धारदार,7
खबरों,34
संतोषजनक,43
आगजनी,53
निभाने,21
सांप,41
फीता,7
हाथियों,41
एकजुटता,18
निर्दोष,53
सेक्शन,151
नशीला,17
दीक्षा,42
नामित,43
जनजीवन,18
मुनि,42
लौटते,24
बागवानी,40
अल्लाह,154
सगे,197
गढ़,40
चूना,12
तलवार,7
भाईचारा,43
हड्डी,44
थोक,166
लौटी,24
प्रहलाद,42
पहुंचेंगे,24
डंडों,7
देशभर,37
मिजाज,65
बीएन,42
नमूना,24
संक्रामक,63
बुझाकर,53
भड़के,53
खुलकर,154
छापे,25
पहलुओं,0
तबादले,43
बर्फ,10
सौदा,53
तथ्य,0
निबंध,34
लगेंगे,24
लदा,7
रामानंद,42
अध्यापिका,43
मशीनें,40
बांस,17
भास्कर,34
मालगाड़ी,40
तबाही,53
खरीदे,166
सबूत,53
दुराचार,53
आयुर्वेदिक,63
शरारती,65
आरक्षी,43
दादी,197
बहुमत,43
अर्थदंड,53
ब्रज,42
एथलेटिक्स,31
संलिप्त,53
सरयू,144
बढ़ेगी,157
मंगला,42
तत्पश्चात,139
कंपनियां,166
सहायिका,43
गुमशुदगी,53
दुखी,19
कतई,53
कटाव,40
कब्रिस्तान,40
परहेज,24
क्रेडिट,166
बढ़ाए,157
जोड़कर,71
सांत्वना,39
सहज,0
अभिनव,105
आजीवन,19
रौशन,36
पुस्तकें,34
प्रतिनियुक्त,43
सरकारों,43
पक्षियों,41
बिछाने,7
माली,40
आमदनी,166
परंपरागत,18
बेटियां,197
झूठा,53
जैविक,17
अनुपात,169
सुलझाने,14
कार्यदायी,43
सर्वोच्च,0
स्वर,170
कार्मिक,151
समायोजन,43
होड़,24
जनस्वास्थ्य,43
फिल्मों,112
अकेला,19
त्रिस्तरीय,193
समझते,24
छोड़ी,24
ठंडा,17
प्रशासक,105
रस्सी,7
मुश्किलें,14
बंधन,7
कमलजीत,42
नसीहत,53
सबका,24
धुनाई,53
नशीले,13
कोहरा,36
रिश्ते,71
खरीफ,17
फाइलों,151
झांसी,37
तबीयत,14
लापरवाह,53
झड़प,53
छाए,19
ढोल,170
सराहा,99
ब्यौरा,34
बच्चियों,197
उपविजेता,31
नाकाबंदी,25
चढ़ने,29
नमन,99
खोली,44
निशाने,24
लगाएं,24
पांचवें,103
कीटनाशक,17
हाथापाई,53
पढ़ाओ,16
पार्को,40
राजी,53
समर्पण,7
चौपट,14
छठे,103
निष्ठा,39
छुटकारा,43
लगना,24
दीन,18
डीलरों,40
दलालों,53
दिला,24
विस्थापित,40
झाड़,7
अग्नि,42
चांदनी,36
राज्यस्तरीय,42
नवीनीकरण,43
भक्तिमय,42
अनारक्षित,43
इकाइयों,107
टॉप,34
बहने,144
सातवें,103
टीका,63
दस्तावेजों,34
पसीने,17
मातम,69
उर्स,154
गरिमा,39
अखाड़ा,31
मौलिक,43
अदायगी,21
बलिदान,18
प्रताड़ना,53
भैया,197
सौंपकर,21
प्री,151
उपज,17
टेक,44
क्लर्क,43
अमीर,166
जायज,53
मशहूर,105
श्रेष्ठ,0
मुहल्लों,40
प्राध्यापक,43
परमार,42
पेटी,43
घेरा,7
अंबार,40
खामियां,14
बड़ा,24
बडे़,77
निर्माता,105
दिव्य,0
वें,103
खत्री,42
आपकी,24
विचाराधीन,26
झलक,24
खलबली,53
बेचा,166
प्रेरक,0
साझा,71
महंगी,166
पंडा,42
अंतर्राष्ट्रीय,37
घड़ी,64
खौफ,7
खफा,19
स्वयंसेवी,18
तरीका,43
कार्यवाहक,43
घुसने,7
आंदोलनकारियों,18
असुविधा,14
सचेत,19
बहाना,53
त्रस्त,14
मयंक,84
आटा,17
स्वाभिमान,18
भावनाओं,0
पैसों,166
गौशाला,41
भाभी,197
खपत,166
लहूलुहान,69
मंडली,105
अधिकृत,53
जमावड़ा,53
पॉलीथिन,40
गंतव्य,37
बीडी,13
टेम्पो,40
कुपोषण,197
चढ़ाने,29
बिलों,166
रूपरेखा,34
सरल,0
चरस,13
दौड़ा,7
अंजली,42
प्रौद्योगिकी,43
शिविरों,43
मॉल,166
छीनने,53
ताबड़तोड़,53
हर्षोल्लास,42
निस्तारित,43
सरगना,53
पुरूष,197
सबकुछ,26
बनायी,24
दुल्हन,40
कुचल,7
विदेशों,37
सभासदों,43
परिचित,0
बेटों,197
मलबे,40
सैन्य,25
रक्षक,21
तिराहा,67
खातिर,154
चीजों,22
ज्ञानी,42
गोलीबारी,25
उपयोगिता,0
अवशेष,40
व्यवस्थाओं,43
आवेदनों,34
चौकसी,21
जगतार,42
कागजी,53
फंदा,7
खुदकुशी,69
मजबूरन,53
रैन,40
बयां,154
अधूरी,26
पर्चे,34
बंदर,41
शख्स,112
इनकार,53
अफवाह,53
नयी,0
चूक,14
रहेंगी,24
सेतु,37
मंडप,40
कीमतों,166
जता,53
शिक्षाधिकारी,43
रूपए,77
बदलकर,14
नाग,41
रोपाई,17
नौबत,6
बढ़ेगा,157
अविश्वास,43
नामों,30
जोड़े,71
नाते,71
चुप,65
प्रज्वलित,43
गुरदेव,42
श्रोताओं,105
चकबंदी,43
धुन,170
शान,29
परमानंद,42
विधेयक,43
बेहोशी,69
त्रिवेणी,144
पीडि़त,63
दुग्ध,41
इरशाद,154
तौल,7
वैभव,0
बेला,9
खोकर,19
शीतला,42
स्कार्पियो,40
विविध,77
गर्व,0
छत्तीसगढ़,42
संगठित,18
गाड़ी,40
उठता,24
तटबंध,40
सवारियों,40
पुस्तकों,34
सूखा,14
जयंत,42
यौन,18
सदा,24
आहूत,43
छप्पर,40
सड़कों,67
पैतृक,177
बत्ती,40
बादलों,36
अग्रणी,99
बस्तियों,40
साकेत,42
भगदड़,53
शाखाओं,107
उत्पादों,166
पहने,29
सकुशल,0
कुआं,40
गतिविधि,0
हटवाने,24
अनुमोदन,43
जनरेटर,40
चेतन,42
चरखी,7
जमाने,11
चेताया,19
अपराधों,53
मुश्किलों,14
विद्यापीठ,43
सद्भावना,43
कनिष्ठ,105
धरोहर,0
वीणा,42
दावेदार,55
नेट,151
शीर्ष,34
बंगला,37
कठिनाई,14
लुत्फ,24
आड़े,7
साहित्यकार,105
बैंकिंग,166
मुकाम,99
मिसाल,99
क्षेत्रवासियों,40
अग्निकांड,14
प्रतिकूल,14
ओलंपिक,31
चंचल,36
गुस्से,53
जिलास्तरीय,42
चेकअप,63
बाई,151
टूटकर,7
चिंगारी,36
मुकम्मल,154
पोषाहार,197
संशोधित,17
स्त्री,197
पिलाई,17
खुशियां,19
नवनिर्मित,43
हंस,86
जन्मोत्सव,42
शीशे,29
स्वर्गीय,42
बापू,42
मृत्युंजय,42
साड़ी,29
किताबों,34
हंसराज,86
चित्रकला,88
रत्न,30
कामों,166
सृजन,105
पक्के,108
बरी,53
उद्यमी,105
सेक्टरों,40
झंडे,29
असिस्टेंट,43
विशेषकर,24
दिलचस्पी,19
पहलवानों,31
जुगाड़,26
पढ़े,34
दीनानाथ,42
रोहिणी,130
कूपन,166
पुस्तिका,34
कॉपी,34
साढे़,77
प्रयुक्त,24
मात,55
जुटाने,24
भूमिगत,25
पैरों,44
लादकर,7
खस्ताहाल,14
अपमान,53
प्रतिनियुक्ति,43
पीर,154
सरपंचों,43
इशारे,65
खेली,31
आलोचना,53
कत्ल,53
पढ़ाया,24
सुमित्रा,42
मकर,42
ध्वज,29
सस्ते,166
चर्चित,105
मनमाने,53
चाल,68
जन्माष्टमी,42
पढ़ी,24
जननी,74
मुकुल,42
हटाओ,18
समझने,24
झोंक,7
दीवाली,42
रसायन,17
नतीजतन,24
नन्हें,197
रोड़,67
खानापूर्ति,53
पटाखों,25
मानकर,24
सोलह,77
निविदा,34
गतिविधियां,0
जलजमाव,40
सेविकाओं,43
पल्ला,7
आहार,189
कमेटियों,43
भोजपुरी,37
पायल,42
सचल,4
हौसले,18
बजकर,26
फैले,11
तत्परता,53
एहसास,19
वृक्षारोपण,17
जगी,19
उज्जवल,36
नगीना,185
लाईन,40
सुलभ,22
दुर्घटनाएं,14
मूल्यों,0
आयोजकों,43
विरासत,0
उन्मूलन,6
उतरकर,24
सरिया,7
मुठभेड़,25
देशभक्ति,18
वैद्य,63
उदासीन,53
ताक,53
प्रेक्षक,105
भरमार,119
लाइनें,40
घोसी,156
फरियाद,53
रामा,46
मुसलमानों,18
बकरी,41
उर्वरक,17
दफ्तरों,43
प्रेमियों,105
हैदराबाद,51
प्रधानाध्यापिका,43
सर्वप्रथम,185
थमने,24
केरोसिन,40
ग्रामसभा,43
उत्पात,53
कॉलोनियों,40
महाशिवरात्रि,42
कच्चा,166
नौवीं,103
अमीन,32
खस्ता,14
ध्वनि,170
अलमारी,40
संवेदना,0
आंगन,40
बोलते,65
बिरसा,42
पाएगी,24
तबाह,53
व्यवस्थापक,43
वैध,53
शशिकांत,42
आपात,63
लकड़ा,42
विस्थापितों,40
पीटने,7
दस्ता,25
सैकड़ों,77
अखबार,34
समूहों,18
मिलनी,24
बोगी,40
सूचनाएं,186
खादी,29
पौधारोपण,17
प्रधानाध्यापकों,43
अनहोनी,14
परमेश्वर,74
प्रश्नपत्र,43
सलामी,29
पहनाकर,29
बेवजह,53
मिलावट,53
बलराज,42
व्यवस्थाएं,43
सरेआम,53
ग्रस्त,63
प्रभा,42
सभाओं,53
जरूरतमंदों,18
फरियादियों,53
गर्भ,177
सिमट,7
अभद्र,65
अत्याधुनिक,0
इशारा,24
मक्का,17
सुलह,14
गुरुकुल,42
परम,39
अवरुद्ध,14
बनवाया,24
करवाएं,24
लिफ्ट,40
साधा,24
खिलाडि़यों,31
फंदे,7
गुरनाम,42
बुआई,17
बचाई,19
बूंदाबांदी,36
नतीजे,0
प्रतिभाओं,105
आकस्मिक,14
दबाकर,44
विकराल,14
मारवाड़ी,156
बांधा,7
पात्रता,43
विज्ञप्ति,151
बलवान,189
कानूनगो,43
श्रृंगार,36
चाबी,24
घटित,14
टमाटर,17
गर्दन,44
शास्त्र,42
गाकर,65
बहाव,144
अंग्रेजों,18
चुंगी,171
फौज,25
अवहेलना,53
बिंदु,28
मांगपत्र,43
बंदोबस्त,166
अस्त,19
कन्याओं,197
आनी,24
वांछित,24
चलाता,24
बयानों,53
दोस्ती,71
निपटाने,14
अकेली,19
भल्ला,42
दुर्दशा,14
लेगा,24
रेडियो,182
परचम,29
जतायी,53
कड़ाके,36
मोर,41
कुर्बानी,18
प्रदेशों,37
चौड़ीकरण,43
पैनी,105
धक्के,7
नशीली,13
अलका,42
गुलदार,41
चाहा,24
मिटाने,11
जबाव,53
आयुर्वेद,63
अभिनय,112
गाने,170
अर्बन,151
पदयात्रा,37
मिलीं,24
दोष,39
दांव,24
निचले,28
चोटिल,69
सच्चे,39
किश्त,166
उड़ान,37
तारीफ,99
जबरदस्ती,53
नहाने,17
काटी,17
थानाध्यक्षों,42
लीक,53
दामोदर,42
भयभीत,19
वायु,12
मुकदमों,53
कीट,17
विवादों,53
गुणा,157
गांजा,13
गहराई,144
लड्डू,17
एम्बुलेंस,63
तैसे,26
दया,39
बंधे,7
क्षेत्रफल,169
उतना,24
हैरान,19
अभिमन्यु,45
अत्यधिक,24
तुम,178
सहयोगियों,71
रेस्टोरेंट,188
हरसंभव,24
सीखने,24
किस्मत,56
लेखपालों,43
परिवेश,14
सहूलियत,43
संभावनाएं,14
कुरीतियों,39
सेब,17
वरदान,74
महापंचायत,156
चारदीवारी,40
असहाय,18
हावी,19
मध्यम,77
उच्चतर,43
छोर,40
जुड़ने,71
तेरह,77
काव्य,34
अंदेशा,19
बनाम,150
बेखौफ,53
चौथा,103
मशाल,36
पदभार,21
मायूस,24
रोकना,24
फटने,7
अकाल,14
पड़ता,24
पौड़ी,42
शिखा,42
निशांत,42
पड़ी,24
फिरौती,53
लोकपाल,2
दबा,44
बदनाम,53
हुनर,105
पांचवीं,103
दोपहिया,40
उठकर,24
जानकारों,98
लेनदेन,166
मनोबल,18
बुराइयों,39
औसत,169
पुत्रों,197
लेखक,105
गृहस्थी,42
सभापति,43
वरना,24
वापिस,24
नवाब,177
बेरी,109
आंतरिक,28
पासबुक,166
अंगूठी,44
पार्टियां,18
दंपति,197
कैशियर,43
उपवास,42
सियासत,154
भगाने,7
उपमुख्यमंत्री,43
अतिक्रमणकारियों,166
स्वार्थ,43
खुलवाया,24
सपनों,154
खाकी,29
क्रमिक,34
लगीं,24
रोकर,7
चचेरे,197
एंव,43
वास्तव,24
दस्त,63
रिकवरी,13
मायने,0
तहसीलों,37
दावों,53
थमा,24
रुके,67
मुरली,42
बताये,24
सम्पर्क,43
प्रत्यक्षदर्शियों,53
आरोपित,53
वर्णन,0
बताती,24
मेहमानों,188
नवदीप,42
हल्के,65
शासकीय,43
जलाया,36
चलो,178
सरोवर,42
आपका,24
कोषागार,166
जमाया,11
बढ़त,157
सौजन्य,42
खरा,85
प्रारूप,34
नाका,171
राना,42
दोहरे,147
सोम,84
अलीगंज,42
प्रसन्न,19
धुआं,12
नलकूपों,40
दर्शाया,0
महागठबंधन,18
चार्जशीट,53
अनुपस्थिति,196
संक्रमण,63
पौध,17
औषधि,63
जीवित,69
दूभर,24
परवाह,19
प्रतिष्ठित,105
नमक,17
अंतराल,26
रौंद,7
रुका,67
चिराग,36
डूबे,144
महंगे,166
सौंदर्यीकरण,43
परिवारीजनों,197
आध्यात्मिक,0
वर्षीया,77
त्यौहार,42
कड़ी,40
हैरत,19
मूर्तियों,88
गिरते,7
प्रतीक्षा,19
भटकना,24
मातृ,0
देशराज,42
हाहाकार,53
फुल,151
दूरदराज,37
बेशक,24
सम्बोधित,43
फिराक,24
उन्नति,0
आनन्द,42
बिखरा,7
एकाएक,19
रुकी,67
मजाक,65
बहा,17
चौड़ा,28
जीती,55
मस्जिदों,154
रिहाई,53
तफ्तीश,24
अस्सी,77
चकिया,42
सर्विलांस,186
सैलाब,53
अता,24
पावरकॉम,40
इस्पात,40
उपयोगी,0
काका,197
प्रशिक्षुओं,43
वसूले,166
खालिद,154
भरपाई,24
चूल्हे,17
छात्रवृति,43
महापर्व,42
महल,40
चास,23
दिवंगत,42
मैराथन,41
गेंद,31
गुरचरण,42
गोपी,42
शिवाजी,42
प्रज्जवलित,43
शांतिपूर्वक,43
दरिया,144
मानसी,42
प्रभातफेरी,42
मर्जी,53
दिव्या,42
सीटी,40
हटवाया,24
रंगे,7
समाजिक,18
उखाड़,7
मजार,154
सीने,44
निकायों,37
घूमते,67
हरेन्द्र,42
गुड़िया,197
सौर,12
प्रतिष्ठानों,166
अभिनेता,105
तेजाब,53
हॉस्पिटल,63
वृक्षों,17
आत्मनिर्भर,18
दौड़े,7
पहुंचीं,24
खाया,17
बाघ,41
संक्रांति,42
विपणन,166
पटाखा,25
केमिकल,13
ठिकाने,24
जमे,11
दबाने,44
परीक्षक,43
जन्मदिवस,42
हत्यारे,53
हास्य,65
आदत,19
असल,24
बरसाती,36
गणपति,42
सावधान,19
उसपर,24
गेंहू,17
बहल,42
लोहड़ी,42
निर्देशक,105
पूंजी,166
नैन,154
प्रतिमाओं,88
पहलू,0
कमाने,166
मक्खन,17
बैल,41
सच्चिदानंद,42
बेकाबू,7
शुरुआती,26
बस्ते,7
रोते,7
सस्ती,166
गर्मियों,36
असुरक्षित,22
नन्हे,197
झुलसी,36
अग्रहरि,42
आपातकालीन,63
खरीदकर,166
खासे,19
ठंडी,36
धीर,14
मुबारक,99
सजावट,29
पुरोहित,42
टीके,63
रक्षाबंधन,7
छोड़,24
सैर,67
सोचा,24
छोड़े,24
लगवा,24
लाइनमैन,43
वीडियोग्राफी,151
गिट्टी,40
आश्रितों,43
कीर्ति,42
छिपे,24
प्रदर्शनकारी,43
नाके,171
हरिश्चंद्र,45
अप्रिय,14
कारी,150
गयीं,24
शिवरात्रि,42
दीवारों,40
रेशम,29
स्वराज,18
आकार,28
कैमरों,151
उम्मीदें,14
दिलवाने,24
प्रजाति,156
बिस्तर,7
पैमाइश,7
गुम,53
भ्रष्ट,53
कोयले,40
समर्थित,43
आश्रित,43
काफिला,67
मेहंदी,36
सबकी,24
उलझ,14
कतारें,40
औपचारिकता,21
धज्जियां,53
आंशिक,0
दीवानी,154
सीरीज,34
यादगार,19
दावेदारी,55
तिरंगा,29
असंतोष,53
सेंध,53
सृष्टि,74
तेंदुए,41
एक्सरे,63
रिफर,69
शिष्य,42
उधार,166
बंगाली,37
जरुरी,24
कदाचार,39
गुजारा,19
गलियां,67
चप्पे,186
किराना,166
खामियों,14
निष्कासित,43
सुल्तान,177
उनपर,24
ठहरने,67
विश्वविद्यालयों,43
खुशहाली,0
जौहर,112
सच्ची,100
जादू,93
भोज,42
झुग्गी,40
तथ्यों,0
लूटकर,53
सीढ़ी,88
प्रणव,42
अड़े,53
सुंदरीकरण,43
सती,82
पर्दा,36
नेत्री,18
आजकल,24
छलांग,144
होलिका,42
तराई,42
गवाहों,53
प्रखण्ड,43
दिनांक,34
चाहिये,24
मंत्रिमंडल,43
कुंज,42
छतों,40
टकराई,7
सोनम,112
पर्वतीय,37
जमीनों,166
आईटीआई,43
अचेत,69
एसबीआइ,151
सजी,36
ट्रेनर,189
नीम,17
सभ्यता,18
दुरूस्त,14
सलाम,154
गोपनीय,186
पेंच,24
कुष्ठ,63
नजरअंदाज,53
संतान,197
उपप्रमुख,0
अदालतों,53
वायदा,53
जिम्मेवार,53
करीबी,71
प्रश्नों,53
रोके,24
गोलियों,25
आंकलन,53
कंधे,44
समूचे,77
जेठ,197
असमर्थ,24
सिगरेट,13
विदा,26
नोकझोंक,53
राजभवन,43
झूम,170
बसेरा,40
हैरानी,19
काजी,154
महबूब,154
खंडों,34
परिवर्तित,14
हमलोग,24
औसतन,77
मौखिक,43
जत्थे,42
निकलता,24
गैरहाजिर,196
उदघाटन,43
साहस,18
प्रसारण,182
दंश,41
स्रोत,22
लदी,7
बागान,10
बुद्धि,39
कलम,80
तहकीकात,24
सातवीं,103
जुड़े,71
बैठाकर,7
झूठी,53
दशकों,26
मोर्चे,18
शशांक,42
पालकी,40
अलबत्ता,24
तख्त,42
तालियां,170
चना,17
लंबाई,28
दवाइयों,63
रिश्ता,71
कहता,24
सांगवान,42
प्रीत,42
अगुआई,18
माथे,44
नसबंदी,63
ग्रामों,37
पडे़,24
ठेला,166
जलाशय,40
शनि,130
खिलाड़ी,31
दिमाग,93
फर्श,40
नंबरों,35
शीशा,29
नाजायज,53
राजकुमारी,82
बैराज,40
विकासखंड,43
गोदामों,166
अपनाया,24
उगाही,24
बैठकें,43
पट्टा,166
भूरा,36
प्रमंडलीय,43
झेलना,53
डायरी,34
विनीता,42
प्रशस्ति,29
बलात्कार,53
जानकार,19
सस्ता,166
संरक्षित,22
घने,41
संयोजन,0
आईं,24
पहुंचती,24
बंधी,7
सेकेंड,26
निराला,92
दरकिनार,53
लाठियां,7
बुराई,39
रूपी,74
संबधित,43
आत्मदाह,69
सर्द,36
वारंटी,34
उम्मीदों,14
फोड़,7
नगरीय,37
उद्योगपति,166
स्पर्धा,31
रथयात्रा,37
बताएं,24
उपयुक्त,43
डग्गामार,40
निमंत्रण,24
इमारतों,40
कस्बों,37
रखती,24
सम्राट,177
जाहिद,154
राजमहल,40
श्मशान,69
मधुमेह,63
ठिकाना,24
स्वस्थ्य,189
कबूल,53
रूचि,19
बारीकी,0
सृजित,43
अभियोग,53
धैर्य,39
गल्ला,166
दीक्षांत,43
चाक,80
व्यायाम,189
असीम,39
दिनचर्या,19
सम्मिलित,0
स्वयंसेवक,18
उतनी,24
जागृत,0
पुस्तिकाओं,34
आदिवासियों,156
निरंकारी,42
चक्की,17
गेंदबाजी,31
नाबार्ड,151
छीनकर,53
रुझान,19
प्यारे,39
गान,18
मेधा,27
अफीम,13
मनमोहक,36
विभोर,19
व्याख्यान,43
शिथिलता,43
त्रिलोक,42
शर्ट,29
पंडालों,42
चकमा,7
दंगा,53
बेची,166
गिराने,7
मर्यादा,39
दांतों,17
फायदे,0
बंधु,61
चढ़े,29
पोषक,0
छीना,53
बिचौलियों,53
चलाये,24
निरीक्षकों,43
अगला,28
जिनसे,24
तंगी,22
आकृष्ट,0
शिवलिंग,42
पढ़कर,34
चीजें,22
ज्यों,19
पंचायतें,43
झूठ,0
पहुंचाना,24
बैरंग,24
टैगोर,92
प्रचारक,18
कारों,40
सेवानिवृत्ति,43
झूमने,170
करारी,55
तोहफा,29
डकैतों,53
झुंड,41
पड़े,24
खंडेलवाल,42
बताओ,178
पंचमी,42
चहारदीवारी,40
जुबान,65
न्यास,43
सुनीं,24
कृषकों,166
ऊपरी,28
गढ्डे,17
मुनाफा,166
घाटे,166
गोबर,17
अनुकूल,14
संयोग,53
प्रवर्तन,150
दबदबा,11
नक्शे,169
उनलोगों,24
रेलखंड,40
भट्टी,40
संलिप्तता,53
देखें,24
बुंदेलखंड,37
हानि,0
उतरा,24
बेरहमी,53
चकराता,42
इंजीनियरों,105
भूस्खलन,10
हमलोगों,24
अध्यक्षा,43
मिलावटी,53
फंसी,7
ग्रसित,63
बढ़ाना,157
ठिकानों,25
बनवारी,42
मशीनरी,40
रहस्यमय,93
ग्राम्य,105
वाणी,0
नारियल,17
तबियत,14
मंजर,53
धरपकड़,53
अंकिता,42
तीज,42
रशीद,154
मुख्यालयों,40
बखूबी,154
दखल,53
प्रबल,55
उपेक्षित,53
खेप,13
बेचकर,166
निपटा,14
दफा,65
साध,24
छापामार,25
पशुपालकों,40
पेंशनरों,43
सच्चा,39
कष्ट,39
माननीय,1
भरना,167
रिश्तेदारी,197
पंखा,40
निजीकरण,166
प्रधानाचार्यो,43
लड़की,197
बहुजन,18
हरिजन,18
पीपल,17
प्रेरकों,0
दर्दनाक,65
खिसक,7
कटकर,7
जिलाधीश,43
झूमे,170
पाप,39
मिर्च,17
उल्लास,42
बताना,24
हटने,7
करूंगा,24
सीमांत,37
व्यापारिक,166
आयोजनों,43
गृहस्वामी,188
पूर्वोत्तर,37
दावत,188
सुनाकर,65
पते,35
जाग,19
कासिम,154
पढ़ते,34
ब्रांड,13
भागों,71
व्यवस्थित,0
तलाशने,24
ट्रॉली,40
रोकी,24
त्योहारों,42
खर्चा,166
रामलखन,42
अग्रसर,0
ब्रह्मा,42
कांता,42
देहाती,37
सीसे,185
क्रिया,0
वाटिका,42
नौकर,188
कुंभ,37
साधे,24
सफाईकर्मी,43
तबके,18
आपत्तिजनक,65
साले,197
अपनों,154
खटीमा,42
अभिजीत,42
जिम्मेदारों,53
खिलाकर,17
संबंधों,71
सरना,162
मटर,17
फाड़,7
संपदा,22
असमंजस,14
बढ़ाते,157
हेराफेरी,53
अनावश्यक,53
बहनोई,197
परीक्षाफल,43
अंग्रेज,18
वाहवाही,53
भयंकर,14
पीलिया,63
सौगात,29
फेरबदल,43
डालें,24
त्रिभुवन,42
राई,17
अन्दर,24
गड्ढा,40
आफत,14
पिछड़ी,18
आन्दोलन,18
चुनी,24
अर्थात,148
सूखने,17
मेहर,42
मुसलमान,18
बमुश्किल,26
चौड़ी,28
सुस्त,19
परेशानियां,14
प्रस्तावों,43
अनेकों,77
खरे,85
पोखरे,40
जयकारे,170
बकरीद,154
बरामदे,40
निराधार,53
जवाबदेही,43
चिंताजनक,14
वायदे,53
सता,53
तीखी,65
कटा,17
कलह,14
लखविंदर,42
पहुंचता,24
बीजद,18
अंश,113
सांसदों,43
लाएं,24
महानिरीक्षक,43
यापन,19
आशु,1
लोकायुक्त,2
मण्डल,43
ट्रॉफी,31
सैंकड़ों,77
कब्जों,166
राही,92
भागा,7
अन्यत्र,22
मोहर,7
दाग,36
अजीज,154
बौद्धिक,0
प्राय,24
प्रगतिशील,18
डिब्बे,40
पंचम,103
मनाए,42
अराजकता,43
साईं,42
जिसपर,24
दुश्मन,25
अपेक्षित,43
खसरा,63
लटके,7
दिग्गज,105
आचरण,53
पेय,13
दयाराम,42
शराबी,13
कारखाने,166
झुलसे,36
घुसा,7
प्रतिपक्ष,18
करवाते,24
आगनबाड़ी,197
हलचल,53
हेलीकॉप्टर,37
झाड़ियों,17
मुकदमें,53
चौकीदारों,43
पहुंचाई,24
लगानी,24
ग्राफ,122
गोकुल,42
सुगम,22
समाधि,37
वारदातें,53
परवान,42
घाटशिला,42
प्रेसवार्ता,43
सर्वजीत,42
प्राणी,98
कुपोषित,197
जताने,53
उन्नत,0
भतीजा,197
रोचक,182
दंगे,53
धमाके,25
आश्चर्य,19
सचान,42
दायित्वों,21
सज्जन,1
दुबारा,65
नवमी,42
सर्वागीण,43
अनजान,19
जुडे़,71
कटे,17
रोने,7
शिक्षिकाएं,43
फतेह,154
ईमानदार,53
बल्लेबाज,31
अराजक,0
तोड़,40
हरेक,77
बंटवारे,71
आत्मसमर्पण,7
हेमराज,42
बयानबाजी,53
हुजूम,53
मजा,67
जातियों,156
कवियों,105
ऊंचे,10
माओवादी,25
कड़ाई,53
पत्रिका,34
गोवंश,41
छिपा,24
आसन,189
अर्चन,42
शोकसभा,69
निरोधक,0
खंभों,40
सिखों,42
बिकने,166
भट्टाचार्य,42
आनाकानी,53
क्षतिपूर्ति,166
चमक,36
हरिहर,42
भाईयों,197
जसप्रीत,42
बिगड़ी,14
मार्गों,37
गुटखा,13
आधिकारिक,151
दिनहाटा,42
मानसिकता,53
सर्वशिक्षा,43
श्रमदान,43
परिश्रम,39
झाड़ू,40
अरोरा,42
खूंटी,29
कार्यकत्री,43
भूजल,40
माधुरी,112
मानो,19
बैनामा,166
उम्रकैद,53
यकीन,39
ब्लू,58
कटी,17
अवस्थित,37
जलकल,40
बनाएंगे,24
रुकवा,24
कहें,24
छूटे,24
इरादे,53
गुणवत्तापूर्ण,43
मनाते,42
युवराज,1
छाप,24
पल्सर,90
अंशकालिक,43
अध्ययनरत,43
फर्जीवाड़ा,53
दीदार,154
पत्रक,34
एतराज,53
फरीद,154
रास,105
गनीमत,56
फुसलाकर,53
बुझा,36
अनुश्रवण,43
टिकी,24
सुन्दर,36
बिन,75
तरीकों,43
इंच,77
जलवा,36
खेतीबाड़ी,43
भागकर,67
विरोधियों,55
गरम,17
चार्ट,34
पेड़,17
लिंग,44
बल्ब,12
जनों,40
कसा,7
विराट,31
आत्मविश्वास,18
बेचे,166
चेहरों,65
बाजपुर,42
पेशे,105
प्रस्थान,37
गुड़,17
छिपी,11
प्रतिस्पर्धा,31
बेचते,166
शासनकाल,43
मिलें,166
खलिहान,17
दामन,7
भयावह,14
नाट्य,105
बाट,168
जिनको,24
गोमती,144
होनहार,105
खुशहाल,189
पुरजोर,18
अपार,39
वरीयता,31
सुर,170
मैचों,31
दंत,17
वकालत,18
सट्टा,53
टकराव,7
भेजना,24
लपटें,36
हरित,43
अभिकर्ता,166
सिक्के,185
पिलाकर,17
ढुलाई,166
आदेशानुसार,43
युवतियां,197
सुलझा,14
बेसहारा,18
मानवीय,0
महत्वाकांक्षी,105
विस्फोटक,25
आशियाना,40
बोध,198
बराबरी,31
दुपहिया,40
रविकांत,42
खीर,17
शक्ल,14
रसोइया,188
आकांक्षा,19
दबे,7
कर्मजीत,42
दरार,7
फौरन,26
संप्रदाय,18
श्रृंखला,34
ढूंढने,24
प्रसन्नता,19
खोजने,24
बॉलीवुड,112
खजाना,22
रूटों,40
उपासना,42
संग्रहालय,88
श्रद्धासुमन,42
मादक,13
प्रत्यक्ष,53
पारदर्शी,43
राहों,67
रखाव,21
दोहन,22
निषेध,13
रिटायर,43
जीजा,197
मुक्की,53
निर्यात,166
आजीविका,22
मनायी,42
जली,36
बिछाई,7
पच्चीस,77
शिवराज,42
निकटवर्ती,37
दृष्टिकोण,0
दांत,17
कृत्रिम,12
मूर्तियां,88
बेघर,40
लोडिंग,40
लाद,7
भटकते,24
गहनता,0
चिकित्सीय,63
पदम,46
कानों,17
रियाज,154
यंत्रों,47
पटरियों,40
विराम,53
फैंसी,29
शाहगंज,42
पलटी,7
चौड़ाई,28
रईस,166
मरे,69
जीविका,22
दंडित,53
एग्रो,151
विचारधारा,0
अख्तियार,19
पहाड़ों,10
जुर्म,53
वीआइपी,37
मंडलों,43
सशक्तिकरण,18
पुनर्गठन,43
मोड़,67
शीर्षक,0
खंगाला,24
बचाना,19
हितैषी,39
उपलब्धियां,99
गुरुद्वारे,42
समृद्ध,0
किशोरियों,197
पोखरा,42
रूख,53
जुटने,53
वृद्धावस्था,197
भागते,7
डूबा,144
चारपाई,7
परीक्षकों,43
स्नेह,39
ननद,197
आदर्शो,0
खासतौर,24
उपाधि,30
झूला,7
राजगीर,42
विराजमान,42
आंदोलनकारी,18
सिलेंडरों,40
अल्पसंख्यकों,18
कूदकर,7
काफिले,67
मंजिला,40
पाला,69
समझकर,24
नामी,105
माताओं,197
चिकित्सकीय,63
लोकतांत्रिक,18
जोहड़,40
जूते,29
बोधगया,42
टोपी,29
बनवाए,24
चढ़ाया,29
शिकस्त,55
सरकारें,43
थानांतर्गत,42
संतुलित,14
जहमत,24
सहमे,7
मुद्रा,185
स्वाति,82
उपमुखिया,43
संभवत,60
रीति,18
गुत्थी,14
दिलशाद,154
प्रवासी,37
घरवालों,197
रिसाव,12
तपिश,36
सैलानियों,37
सिखाया,24
पुतले,36
लड़ी,55
आजिज,24
नामांकित,43
बलि,41
घाटा,166
बढ़चढ़,53
बदसलूकी,53
चुस्त,19
भरते,167
फेंके,7
विकलांगता,18
पुर,46
नूतन,9
पापा,197
स्मरण,19
प्रक्षेत्र,37
शिखर,10
होशियार,39
अफसोस,14
मायूसी,53
खूनी,53
खडे़,7
मेंहदी,36
यूनियनों,31
श्रुति,42
जख्म,17
फीडिंग,43
कराएगा,24
तीव्र,157
जीवनी,34
शौक,19
कुंडल,29
जलमग्न,40
किसने,2
समझी,24
मोक्ष,42
पट्टे,166
बचाकर,19
खानपान,19
इनामी,166
फहराया,29
खुदरा,166
शेरपुर,42
निर्भय,18
बजाने,170
सुनसान,19
बेबुनियाद,53
वहन,21
हवालात,53
क्षत्रिय,156
किरदार,182
डोडा,13
अभिकरण,43
पत्थरों,40
पुलों,37
धरा,17
महापात्र,42
खिल,36
जगाने,19
झूले,7
आमसभा,43
प्रशिक्षकों,43
भिजवा,24
बनें,24
जनमानस,18
लगवाए,24
स्वाद,17
अंत्योदय,16
खड़े,7
केला,17
तारिक,154
प्यारा,39
चारो,24
पहरा,21
निगमों,37
परे,11
विद्वान,105
जनसेवा,39
जोड़ों,44
रीढ़,44
उठाएं,24
लाते,24
व्यर्थ,53
दरकार,24
उतारकर,29
महक,36
गजल,154
गाजे,40
गृहमंत्री,43
लोकप्रिय,53
कमियों,14
सेनानियों,18
गाए,170
कुल्हाड़ी,7
कारीगर,166
अनियमित,0
द्वारिका,42
आहुति,42
शास्त्रीय,170
इंटरसिटी,40
ढाका,37
समाजसेवा,39
प्रबंधों,43
बजरी,40
पटल,44
ठेले,166
नजीर,154
गुंजन,42
जाप,42
पखवाड़े,26
सटीक,53
निकाह,154
परगना,51
बादशाह,177
संस्थागत,43
स्वामियों,166
घात,178
अनुमंडलीय,43
स्थलीय,98
पत्रावली,34
शतरंज,68
मौसमी,36
अंशु,42
चुन,24
सुनाते,65
दुर्गापूजा,42
पहुंचेगा,24
कूड़ेदान,40
पौराणिक,182
दबकर,7
दिखता,24
पीले,0
कायरें,43
मृदा,17
हत्यारोपियों,53
योगा,189
दौलत,53
मन्दिर,42
फर्ज,21
कुचलकर,7
व्यतीत,19
मांगते,53
गुण,39
बेल,15
अटूट,39
सूफी,154
ऋतु,36
ताजिया,154
पूछ,24
प्रमाणित,34
संस्कारों,42
प्रतिद्वंद्वी,55
संशय,14
सेवादार,42
जच्चा,197
धनखड़,42
फिसल,7
खूबसूरत,36
बैठेंगे,7
रूपया,77
भुखमरी,14
सभाकक्ष,40
कागजातों,34
नहरी,40
सिखाने,24
माहिर,24
सेल्समैन,43
कंटेनर,40
विक्रांत,42
जिम,189
धरे,7
अधीनस्थ,43
चप्पल,29
सीआइएसएफ,25
बनीं,24
अंधाधुंध,157
मोहर्रम,154
एजेंसियां,186
गंडक,144
हजारी,92
मीर,154
उमंग,19
पीला,36
प्रवाहित,144
आदी,19
शहरवासी,40
चिंतन,0
बांटकर,71
जलेसर,37
कबाड़,40
पर्वत,10
करनेवाले,24
भाड़ा,166
सदमे,69
बांधने,7
आधारभूत,43
थाली,40
उतारू,53
खांसी,63
नोटों,40
महंती,42
खिचड़ी,17
धोने,17
सहायकों,98
मुनीष,42
फरियादी,53
दबंगई,53
दोहरी,147
प्रतियोगी,31
बच्चन,112
जोगेंद्रनगर,42
वर्चस्व,11
महापुरुषों,105
कट्टा,25
जनविरोधी,43
हुंकार,7
मोमबत्ती,36
जीवों,98
संगीन,53
शुमार,24
समायोजित,43
हालातों,14
खजाने,22
झमाझम,36
मीठा,17
आंगनबाड़ी,197
डांट,53
नेक,39
सवालिया,53
संरचना,43
प्रभावितों,53
शफीक,154
चरमरा,14
अलविदा,26
सद्भाव,43
खरीदना,166
निचली,28
हेमा,82
नील,127
डुबकी,144
घटा,157
दुष्यंत,82
अन्न,166
खड़ा,7
घुटने,44
एजेंटों,166
मारामारी,157
डालना,24
मैक्स,38
भूखे,69
प्रभाग,34
लाभकारी,0
प्रवृत्ति,53
पधारे,43
तेंदुआ,41
अपराधिक,53
दौड़,41
दही,17
दंग,19
चारे,43
उड़ाने,7
असंतुलित,14
दिलाए,24
पीना,17
सत्यवान,45
खरी,85
घूमकर,67
भ्रम,14
बकाए,166
चिल्लाने,7
कूच,37
कायाकल्प,43
खुशियों,19
संवैधानिक,53
बोलकर,65
मनोरमा,42
बहनें,197
उपद्रव,53
उपराज्यपाल,43
चुनने,24
टकराने,7
आमतौर,24
माओवादियों,25
ससमय,100
आपने,24
सज्जा,29
बैसाखी,42
बीड़ी,13
सिद्धांत,0
गांववासियों,40
क्रांतिकारी,18
प्रख्यात,105
खातुन,154
प्रश्नोत्तरी,43
लगाएंगे,24
सब्जियां,17
उदयवीर,42
कर्तव्यों,43
लपटों,36
बाधक,14
निकालना,24
छाई,19
डोली,40
काटते,17
चूल्हा,17
अर्से,26
स्कीमों,43
कान्वेंट,151
वत्स,156
राग,170
भूगोल,98
बजरंगी,112
लेफ्टिनेंट,25
अंचलों,37
किसके,2
लौटाने,24
सूचक,0
तपन,42
प्राक्कलन,43
जेलों,53
प्रभावशाली,0
शराबबंदी,43
दलील,0
स्त्रोत,22
बुरे,0
गिर्द,67
पहन,29
परिचर्चा,43
आभा,27
जाखड़,42
ज्वाला,27
रची,81
मंत्रोच्चारण,42
घोटालों,53
चरणबद्ध,43
उखड़,7
दूल्हे,40
सांख्यिकी,98
दक्षता,43
वित्तविहीन,43
अरसे,26
झुलसा,36
निकालते,24
तालीम,154
बकायेदारों,166
मूंग,17
देवा,154
आगाह,19
अष्टमी,42
नेत्रदान,43
लौह,185
गजेन्द्र,42
लेंगी,24
दायरा,11
खुलेगा,24
घटने,157
परिधि,11
उपचाराधीन,63
सुशासन,18
प्रीती,42
सिखाए,24
श्रोता,105
उमड़े,53
प्रबुद्ध,105
जौहरी,185
हड़पने,53
कानूनों,43
पत्राचार,34
पीली,36
चुनौतियों,14
खदेड़,7
अतरौली,42
उत्पादक,166
सत्तर,77
बेचैनी,63
उद्योगपतियों,166
सूक्ष्म,77
शायर,154
लथपथ,17
व्यवधान,14
भुइयां,42
पुरातत्व,98
नाटिका,42
अनावरण,43
अनुचित,43
अभियंत्रण,43
चाहत,19
कटवा,17
अंजान,19
प्रिय,105
इबादत,154
नकाबपोश,53
संभाली,21
झरिया,42
जानबूझकर,14
घिरे,7
दुर्भाग्यपूर्ण,14
मूक,18
संवारने,36
औपचारिकताएं,21
भुवन,84
बजते,170
प्रवास,37
रूक,67
एजेंडा,43
बोलबाला,11
जानना,24
दवाब,53
लिखाई,24
ऋषभ,42
बकाएदारों,166
बैरक,25
गंगाजल,42
चैत्र,42
लेखाधिकारी,43
फंसाया,7
अधिप्राप्ति,43
बरसे,36
रिश्तों,71
पंडितों,105
तमन्ना,154
प्राध्यापकों,43
बोतलें,40
अपितु,24
राधाकृष्ण,42
कयास,53
पिलर,151
खड़ी,7
बढ़ना,157
हवेली,40
रहस्य,93
त्वचा,17
शुभारम्भ,43
हिस्सेदारी,166
असलहे,25
प्रेमनगर,42
साधू,42
पलटा,7
सत्ताधारी,18
पन्द्रह,77
पीरो,42
उल्टा,7
संयम,39
रोड़ा,14
सूरी,42
स्क्रीन,112
ठेकेदारी,166
तेरे,154
कांटे,17
फंसने,7
जद्दोजहद,24
व्रतियों,42
शिल्पी,166
फुटपाथों,67
सिरदर्द,63
प्रस्तुतियों,99
पंचों,43
मुनासिब,43
परसा,42
अमावस्या,42
स्थिर,0
बैट्री,40
निखारने,36
खींचने,24
बिगुल,170
निर्धन,18
समझना,24
पात,46
परिणामों,0
आपबीती,65
दरम्यान,154
पिकनिक,37
आहवान,18
खंभा,40
मंहगाई,157
पगड़ी,29
मेजबान,31
गुटबाजी,18
बरसी,42
त्रासदी,14
वालीबॉल,31
अद्यतन,34
संवर्ग,43
पालना,21
लौटकर,24
कुत्ता,41
सानिध्य,180
प्रावधानों,43
वस्तुएं,22
औपचारिक,21
करवाएंगे,24
घोषणाएं,53
दबोचे,7
लटकी,7
कैसा,24
सर्वोदय,18
सांय,26
कक्कड़,42
सशक्तीकरण,18
बेतरतीब,0
उफान,40
रंगीन,36
मुश्ताक,154
आशाओं,14
बनाओ,178
जागीर,166
सोते,19
तुषार,42
नीतियां,43
गुजरती,67
गर्भपात,197
दाह,69
पहनने,29
दूरसंचार,107
सुंदरता,0
छिपाने,24
पकड़,7
संक्षिप्त,0
कांडों,53
समझाकर,53
चर्चाएं,53
देंगी,24
मान्य,53
रैकेट,53
भिड़े,23
शाल,29
फजीहत,53
तांत्रिक,42
विभूति,105
पकड़ा,7
बरतें,53
सजाने,36
सुरक्षाकर्मी,43
बड़ों,39
जोखा,34
उठाएंगे,24
निकटतम,71
अरमान,154
गतिरोध,14
सरोकार,18
टुकड़े,17
छुड़ाने,7
जवाबी,53
अथारिटी,151
पूर्णत,0
धनी,166
बिगड़ती,14
बसर,19
सुस्ती,19
जयकारों,170
एचआइवी,63
तलाक,154
सजे,36
फाइलें,151
परचून,166
प्रवाह,144
दिलों,44
दुर्लभ,22
मोटे,77
पिकेट,25
रोमांचक,182
बुद्धिजीवियों,105
त्रुटि,14
ट्रासफार्मर,40
रासायनिक,17
कोटेदारों,166
उड़ाया,7
आतंकवादी,25
जीवंत,0
देह,44
स्वाभाविक,14
खामी,14
श्रीमद्,42
काज,166
फरोख्त,24
आधारशिला,43
स्टाप,171
नारों,18
भराव,40
भूसा,17
खनिज,40
बासमती,17
निगाहें,24
गलन,36
सदुपयोग,43
रातभर,19
पत्रकारिता,34
खागा,42
सताने,53
रचा,81
चौंकाने,19
ढाणी,42
प्रारम्भ,26
जातीय,18
दिखाना,24
नवाज,154
सुपरिंटेंडेंट,43
लहराया,29
तोड़े,40
ढांचे,43
केंद्रित,0
रोना,7
अथक,24
मनोकामना,53
गेंदबाज,31
गजराज,41
नकलची,93
चन्द,42
उपनगर,176
तपस्या,42
कराता,24
पालीथिन,40
उच्चस्तरीय,0
दुर्गम,39
पीतल,185
सैकड़ा,77
धमाल,53
फैक्ट्रियों,166
जिलांतर्गत,43
बदन,44
शंभु,42
बनाता,24
अर्जन,166
जल्दबाजी,14
बुवाई,17
कुंडी,24
समाना,134
सहमत,53
सूट,29
प्रायोगिक,0
जानता,24
समानता,18
भुक्तभोगी,53
नगरवासियों,40
विख्यात,106
संभल,7
छाता,29
बैठते,7
कमा,166
उस्मान,154
हनन,43
भिन्न,0
पहनकर,29
एहतियात,53
लाचार,53
पीते,17
घोड़े,41
सुपारी,53
बैठाने,7
छुट्टियों,26
बंधा,7
रोजमर्रा,19
परिक्षेत्र,37
मसलन,148
सूखी,17
प्रोफेशनल,105
अध्यादेश,43
आहट,170
गद्दी,177
उतारी,29
बहता,17
प्रयोगात्मक,0
अनाथ,18
मतभेद,14
छापने,34
किसे,2
खर्चे,166
विकट,14
गुरुजी,42
दहाड़े,7
सोचने,24
सतवीर,42
कपास,29
शाहबाद,42
ब्लास्ट,25
लगवाया,24
अखाड़े,31
चौसा,42
हिंदुस्तान,37
सुर्खियों,34
जहरीले,12
खिलाने,17
भुगतने,53
इंसपेक्टर,43
ढांचा,43
घनी,119
चिलचिलाती,36
पालकों,40
दर्शनों,42
किनारों,40
शीतलहर,36
नाश्ता,188
चुराने,24
सूचियों,34
नान,171
बाथरूम,40
ठेस,69
निकलती,24
वैवाहिक,197
दिलचस्प,182
कृत्य,53
सनसनीखेज,34
बुलाए,24
मूलरूप,126
बकायदा,24
अबकी,65
जाओ,178
थानान्तर्गत,43
अमलीजामा,29
फलदार,17
हिमालय,10
नाना,194
भूतपूर्व,43
गम्भीर,14
दाने,17
पतंग,7
वैली,57
पुत्रगण,42
फलस्वरूप,24
खोखे,40
सुकून,19
रखनी,24
गायिका,105
जगजीवन,42
संदिग्धों,186
बांसी,42
राजभाषा,43
सोचना,24
दलदल,40
तिल,17
भिखारी,18
ड्रामा,182
खुलते,24
गमगीन,69
कामगार,166
ठहराते,53
पहुचने,24
दिलाना,24
लम्बी,40
दिखायी,24
कुरान,154
बैठना,7
थैला,40
कहावत,97
सांकेतिक,0
गुफा,40
दूंगा,24
वनों,41
नाच,170
पंपों,40
दार्जिलिंग,10
घोड़ा,41
शशी,42
कामगारों,166
जुल्म,53
बेहतरी,154
बखान,42
ज्ञापित,43
भेद,18
बिस्कुट,17
तरजीह,53
याचिकाकर्ता,53
बैद्यनाथ,42
मयूर,86
मुल्क,154
चर्चाओं,53
प्रलोभन,53
गाते,170
सत्याग्रह,18
खेमे,18
रोहन,42
नीलकंठ,42
छोड़ना,24
शिवालयों,42
सादा,39
बेमियादी,43
अनामिका,44
बुआ,197
सौतेला,53
विंध्याचल,37
तकरार,53
धर्मराज,42
आंवला,17
लात,7
महफूज,154
वंश,177
सुजाता,42
दफन,69
विलास,39
हानिकारक,0
अनिवार्यता,43
रहमत,154
प्रकाशोत्सव,42
चुनार,42
बीर,46
मिष्ठान,17
दिवाली,42
हटवा,24
मातहतों,43
निगल,17
सामग्रियों,22
इतर,11
गुरुदेव,42
पहर,42
जनवितरण,43
संजीवनी,74
लड़ाई,55
वृहद,77
समरसता,43
घुसपैठ,25
धमकियां,53
विक्षिप्त,18
गोपनीयता,186
पाठ्य,34
मेहरबान,154
रैंप,112
सेवायोजन,166
कराएगी,24
पहना,29
समीकरण,145
पालियों,43
सरैया,42
प्रदेशभर,42
दुखद,14
आठवें,103
अखंडता,43
पॉलीटेक्निक,43
फिल्में,112
घबरा,7
संचालिका,43
देय,166
टकराकर,7
धमका,53
लगाव,71
नित्य,189
आपत्तियां,14
मैदानी,10
कर्मवीर,105
बिछा,7
उल्टे,7
रखेगी,24
त्राहि,14
पौष्टिक,189
शौकीन,19
दरें,166
सिक्का,185
भौगोलिक,18
समझे,24
एकादशी,42
विनायक,42
उछाल,7
निभाते,21
करतब,93
रेफरी,31
निर्वाचक,43
रामवृक्ष,42
बीआरपी,43
बक्से,40
धमकाने,53
अनुमानित,169
ढ़ाई,77
ग्रामोद्योग,43
पलक,44
बली,41
मुख्याध्यापक,43
सर्दियों,36
अनाधिकृत,53
विषम,14
जानबूझ,14
विद्यासागर,42
हटाना,7
मुस्लिमों,18
मस्त,170
शगुन,46
ढोने,7
प्रांतों,37
कार्डधारकों,43
धूरी,91
काल्पनिक,0
गुजरा,67
अनवरत,0
सौभाग्य,56
बांधे,7
जानमाल,14
कुंडली,130
देखेंगे,24
ईनाम,166
कम्युनिटी,43
मुस्तैदी,53
गल्ले,166
अन्नपूर्णा,16
त्रिलोचन,42
गालियां,53
घंटी,170
दूरस्थ,37
सोए,19
गुजरे,67
मारते,7
रसोइयों,188
मोबाईल,151
कीड़े,17
नैतिकता,39
कार्यान्वयन,43
औचित्य,53
बेमौसम,36
अपनाई,24
अभिनेत्री,105
नकारात्मक,0
उतरते,24
इंजीनियर्स,105
ससुरालीजनों,197
मंदी,43
फर्जीवाड़े,53
गिराया,7
झूमते,170
बदलना,14
कुलभूषण,43
रिक्शे,40
लटकता,7
खट्टर,140
कैफे,120
शाखाएं,107
देवाशीष,42
केवट,42
उबाल,17
हकदार,43
किले,40
करवट,14
साधनों,22
अहमियत,0
टोनी,38
मसला,53
बचना,24
छूटने,24
ताऊ,197
वचन,39
अनुबंधित,53
धोखे,53
अंगुली,44
नलों,40
ढूंढ,24
ज्वालामुखी,10
आदान,43
चुराकर,24
परिचालकों,40
मनमर्जी,53
निभाया,21
भट्ठों,40
वार्डेन,43
सुखद,0
आपत्तियों,14
कर्बला,154
बुद्धिजीवी,105
उठती,24
आएंगी,24
रिचार्ज,40
खोखा,40
तान,7
बिन्दुओं,28
वाजिब,53
भंडाफोड़,53
लगाता,24
केसर,29
अभिरक्षा,53
अर्थव्यवस्था,43
गुलाबी,36
अंधकार,36
जीरा,17
जलती,36
तेरा,154
दोगुना,157
श्रेया,42
गिरता,7
बिगाड़ने,14
दैवीय,0
सूचनाओं,186
बीएसएल,151
हुड़दंग,53
ढलते,42
बीघे,77
रेलमंत्री,43
चौकियों,25
वर्षगांठ,42
तानाशाही,18
हिंसक,53
परत,28
गुणों,39
महफिल,154
घोल,17
निवेशकों,166
वित्तमंत्री,43
ढक्कन,40
खटखटाया,24
मौज,67
अवमानना,53
बनाएगी,24
मंत्रोच्चार,42
टेकने,44
दूल्हा,40
ज्योतिष,130
बानगी,14
मेघा,27
अमूमन,24
कढ़ाई,29
शॉल,29
सोया,19
पर्दे,36
उद्भेदन,10
मिलेंगी,24
पीटना,7
महारानी,82
लड़कियों,197
थानेदारों,43
स्तुति,42
कक्षों,40
समितियां,43
अनियमितताओं,53
व्यथा,0
सम्बन्धित,43
टांग,7
लोकप्रियता,99
जबर्दस्त,53
नाकेबंदी,25
ठगा,53
बुजुर्गों,197
विस्तारपूर्वक,0
बजा,170
शराबियों,13
बंजर,17
छटा,36
प्रण,24
कसी,7
गाया,170
हैसियत,154
खुदा,154
गोताखोरों,144
सुअर,41
इकलौता,177
निबंधक,43
मौतों,14
क्रमांक,34
रामराज,45
जुटाई,24
नयन,154
जस्सी,42
फूंकने,36
स्वर्णकारों,166
आकाशीय,98
सकेंगी,24
आयाम,0
जलवायु,36
पक्षपात,53
गुंडा,53
राष्ट्रपिता,18
खामोश,65
ख्वाजा,154
आक्सीजन,12
बरते,53
घटती,157
प्रसारित,182
लाटरी,53
दमखम,105
प्रायोजित,31
हिंदुओं,18
कथावाचक,42
जांचने,24
अतिसंवेदनशील,0
जोड़ना,71
घंटो,26
मदरसे,154
क्षण,19
अक्षर,136
खुलेंगे,24
कुछेक,77
प्रतिद्वंदी,55
एकादश,103
खिला,17
डायन,41
सलाखों,7
मिठाइयां,17
मोहलत,53
चोरियों,53
छाती,44
दीर्घायु,189
बटन,44
ब्रह्म,42
तेरी,154
नीली,36
बरस,26
तकलीफ,14
उड़ाए,7
आमंत्रण,24
बिगाड़,14
पशुपालक,40
नाकाफी,53
पहनाने,29
नाबाद,31
सबों,24
सन्,26
जटिल,0
नुमाइश,154
तीर,25
मुखातिब,99
कर्मकार,166
कतरा,17
लड़ा,55
दिनकर,92
शौर्य,18
लेख,0
सुखी,189
सब्र,39
असमर्थता,43
मसाला,17
त्रिलोकी,42
उड़ाई,7
साख,43
अनिश्चित,186
प्रचंड,27
तांडव,53
गिरिराज,42
कोटि,0
चढ़ाकर,29
सरासर,53
संलग्न,24
खोया,19
गवर्नर,43
गोलमाल,53
फौजदारी,42
हर्षित,19
नौकरियों,195
घोषणाओं,53
काटना,17
प्रैक्टिस,63
एयरफोर्स,25
भागी,7
मजीठिया,42
संपादक,34
घेरने,7
भावभीनी,42
तनावपूर्ण,14
वजूद,11
रखवाली,21
स्वावलंबी,18
खींचतान,53
हल्दी,29
थप्पड़,7
मालाओं,29
मोटरसाइकिलों,40
कार्पोरेशन,151
उड़े,7
अतिशीघ्र,26
मिलाप,43
नमो,42
संभावनाओं,14
साहित्यिक,34
टेढ़ी,44
हथियारबंद,25
सीढि़यों,40
नस्ल,156
पाइपलाइन,40
मुकुट,42
दुर्भाग्य,56
सुरक्षाकर्मियों,43
सुरंग,25
शीत,6
डलहौजी,42
इज्जत,53
दर्शाता,0
एकतरफा,53
रिवाज,18
गुंडागर्दी,53
मैया,46
ट्रालियों,40
मापदंड,43
नाथनगर,42
पंथ,18
सफाईकर्मियों,43
मिलाने,71
जगपाल,42
जानें,24
कटाक्ष,65
भीख,53
तकनीकि,43
दौड़ते,7
अनुदेशकों,43
परिवारीजन,197
स्वयंसेवियों,18
हिलसा,42
दीदी,197
मिलाया,71
दंगों,53
चढ़ाई,29
हाकिम,25
कुलश्रेष्ठ,42
पुनर्निर्माण,43
मोटा,189
प्रार्थनापत्र,53
उच्चाधिकारी,43
जया,112
समझें,24
हलवाई,17
साबुन,13
फकीर,154
नजरें,24
खेलना,31
स्वदेशी,37
भयमुक्त,43
हीलाहवाली,53
भाषाओं,37
उच्चतम,0
जनजातीय,156
बंदरबांट,53
संग्रामपुर,42
आत्मसात,0
सांई,42
अनुदानित,43
बाहुल्य,18
भतीजी,197
सटा,40
आतंकवादियों,25
विक्रय,166
धुएं,12
पकड़े,7
झोला,40
चैतन्य,42
पर्यवेक्षिका,43
तल्ख,65
गहमागहमी,53
झूल,7
सौंदर्य,0
बही,144
थोड़े,24
रानीखेत,42
शिशुओं,197
दक्ष,105
मस्तिष्क,93
खंडहर,40
अव्यवस्थाओं,43
धनघटा,42
पार्लर,151
सम्पूर्ण,77
कसबा,42
पालक,21
धराए,23
नाटकों,105
झांसे,53
चलाएं,24
मुसाफिर,67
प्रसूता,197
पड़ेंगे,24
अपनाना,24
धमाका,25
पैंट,29
उपायों,24
मानचित्र,169
पायदान,34
गांठ,7
अहंकार,39
कनेक्शनों,166
दौड़ने,41
जलाई,36
मनचलों,53
वास्तविकता,0
निवासीगण,42
दिखती,24
उपद्रवियों,53
क्रिकेटर,31
जनजागरण,16
कट्टे,25
पर्यवेक्षण,43
आगोश,7
हेलीपैड,37
कम्युनिस्ट,18
शुभकामना,99
धनुष,25
प्रतिपूर्ति,43
प्रजातियों,156
जहाज,144
पखवारा,26
बेबस,53
भेजें,24
पत्ते,17
शिवपूजन,42
आंध्र,51
अपनाकर,24
उपजाऊ,17
बैठाया,7
किशोरों,197
कांति,27
नकार,53
लाभदायक,0
पाटिल,42
शूटर,31
बनाती,24
वैसा,24
जूता,29
रेप,53
उद्देश्यों,43
अकेडमी,30
समता,43
उठते,24
ठगने,53
खलील,154
चाट,7
चुकाने,166
प्रशस्त,0
बेचना,166
हड़ताली,43
झेलने,53
पालिसी,166
इचार्ज,40
कांफ्रेंसिंग,151
अपनाए,24
रेलकर्मी,43
दबी,11
रचनात्मक,105
इकट्ठे,24
राजस्थानी,42
कदमों,24
इस्तीफे,43
हालचाल,24
चौंक,19
पूर्वजों,177
चलेंगी,24
सामंजस्य,14
गुंजायमान,170
मासूमों,197
रिमझिम,36
किनारा,144
उमड़ा,53
बूढ़े,197
गंवा,19
पारिश्रमिक,166
इसरार,154
विडंबना,14
जागो,178
महाआरती,42
जनाधार,18
रेडीमेड,29
शिवानंद,42
बंगले,40
दारू,13
आदर,53
विभाजन,71
धमकाया,53
मलिन,18
बुनकरों,166
मंडरा,19
जलाए,36
मैकेनिकल,40
लश्कर,154
पत्रांक,34
मन्नत,53
माइक,170
तदर्थ,193
अद्भुत,99
सुखराम,42
सभाएं,53
सीखा,24
अदद,108
थैले,40
महामाया,42
दिव्यांग,18
असलहों,25
ज्ञातव्य,60
अनापत्ति,34
कॉरपोरेशन,151
गाना,170
उत्खनन,40
रेलगाड़ी,40
नाता,71
पोर्टल,151
मुर्गी,41
नाश,6
कंधों,44
बटोरी,24
कमजोरी,63
अक्षम,24
सिफारिशों,43
कराह,7
होम्योपैथिक,63
भंडरा,42
कांटा,17
उपकेन्द्र,40
टूरिज्म,37
बोरियो,166
कविताओं,34
घटक,0
साक्ष्यों,53
आखों,44
तालियों,170
कुर्सियां,7
विषयक,0
हराम,154
कठिनाइयों,14
व्यंजन,136
बेमानी,53
अपमानित,53
निकास,40
देखिए,24
चलेंगे,24
बताता,24
बनवाकर,24
खींचकर,24
त्यों,19
भीड़भाड़,67
मानिक,42
सीमाओं,11
वरिष्ठता,39
आत्मरक्षा,43
मानती,24
चलन,53
माप,107
अटैची,40
तिहाई,26
कतिपय,77
अनभिज्ञता,0
आंगनवाड़ी,197
ठगे,53
पिछड़,18
अनुदेशक,43
सांझा,71
नीले,36
असंभव,24
कारीगरों,166
चौथ,42
बन्द,26
भावुक,0
सुरभि,42
कबाड़ी,40
बढ़नी,24
एकड़,77
जेईई,151
दलबल,25
लगवाई,24
कोशिशों,24
संपति,166
मार्कशीट,34
कराती,24
बॉल,31
ढीली,7
उपदेश,42
ढेरों,77
प्रशिक्षणार्थियों,43
जालसाजी,53
दिमागी,93
भूमिहीन,166
छूने,44
इंसानियत,0
छेड़ा,55
शर्मनाक,53
चाही,76
हिल,7
सोमा,82
खोद,40
आजतक,24
श्रावणी,42
सौंपते,21
जुकाम,63
क्षमा,53
चपरासी,43
रंगमंच,105
पम्प,40
पिला,17
लेखाकार,43
रचनाओं,34
व्यवहारिक,0
सुधरने,14
ऊंट,41
मेवा,17
टीसी,151
आश्रय,39
जूझते,14
लोकगीत,170
वाचक,42
समेट,24
हरकतों,65
महादलितों,18
पुष्टाहार,197
स्वभाव,39
चित्रों,88
स्वेटर,29
औषधीय,63
तृतीया,42
छोड़कर,24
पाठ्यक्रमों,43
बोरियों,166
कुचला,7
जनसमस्याओं,53
फायदेमंद,0
परिणामस्वरूप,24
बीवी,197
भाड़े,166
यथा,139
कीमतें,166
प्रतिरक्षण,63
निगमायुक्त,43
वर्गीय,18
नवयुवक,105
ननिहाल,177
पागल,93
बच्चू,197
प्रियदर्शी,42
बालकों,197
सम्बन्ध,71
अनुमोदित,43
शीट,34
प्रविष्टि,34
कैरो,49
विवेचक,0
गजब,99
गदगद,19
तवज्जो,53
भराई,17
मनाना,42
परियोजनाएं,43
रौंदा,7
शिशिर,36
कंधा,44
रंगा,36
एथलीट,31
हबीब,154
तापस,42
मुगल,177
जिसमे,24
नीलाम,166
पूर्णाहुति,42
उन्नयन,43
भागीरथी,144
जोड़ने,71
सिद्धांतों,0
हार्दिक,99
भयानक,14
करोड़ों,77
कुम्हार,156
बनानी,24
मीठे,17
बुनकर,166
सुबूत,53
संभाले,21
पखवाड़ा,26
कौम,154
सेवादल,43
प्रस्तुतियां,99
यथावत,43
उतारे,29
कोरी,80
प्रदेशीय,37
संगीतमय,170
भरवाने,24
सजाई,36
राजनेता,105
झोली,40
वास,43
घेरकर,7
सहेली,197
राजनेताओं,18
चोक,7
मदरसों,154
मतपत्र,43
घिर,19
डरा,7
बेचैन,7
राशनकार्ड,43
हंसी,65
बुझाई,36
उन्होनें,24
अपनाते,24
घूस,53
दोहरा,147
सभ्रवाल,42
लोकदल,55
रामानुज,42
विटामिन,189
थाम,7
बाड़ी,43
नाज,154
हरकतें,65
ख्याति,3
बिसौली,42
अतीत,0
रंगाई,29
शिवालय,42
धोबी,156
पूंजीपतियों,166
उलट,7
सवेरे,26
पिलाया,17
वारिस,177
पीडि़ता,53
मूकदर्शक,154
बचें,24
मौसी,197
ढाबों,166
राष्ट्रवादी,18
घटकर,77
चौरासी,77
हटकर,53
जिम्मेदारियों,21
विवाहित,197
लगनी,24
खरीदारों,166
असंगठित,166
कर्ता,39
अराजपत्रित,43
भेजते,24
अवरोध,14
निंदनीय,14
लुटेरा,53
पत्ता,17
रखीं,24
प्रादेशिक,37
माघ,42
गूंजा,170
समतल,28
दलहन,17
बजाकर,170
अजब,99
विषाक्त,12
व्रती,42
कव्वाली,154
शिशुपाल,42
जिन्हे,24
जैव,17
हकीम,63
पदोन्नत,43
आत्मिक,0
भूत,93
दोहराया,65
सेमीनार,43
चलीं,24
अटका,14
अध्यात्म,18
छुट्टियां,26
मदनलाल,42
साधकों,42
सुनाए,65
सैल,120
महाभारत,42
ठगों,53
कुरावली,42
बाड़ा,17
छठा,103
उत्साहवर्धन,99
निश्चय,24
गेंदों,31
आशाराम,42
वाह,99
व्यस्तता,19
साया,19
मुर्गा,41
भ्रूणहत्या,197
विसर्जित,43
खरीदते,166
महासम्मेलन,43
शीतकालीन,26
उपसमाहर्ता,43
काश्तकारों,166
आभूषणों,29
पर्यवेक्षकों,43
सिवाय,24
शीश,44
अभियोजक,53
बच्चो,197
लिंगानुपात,197
श्यामसुंदर,42
बंटवारा,71
उच्चारण,136
छिन,53
निष्क्रिय,0
नवविवाहिता,197
मुनीम,42
चोटी,10
मधुकर,42
क्षय,6
प्रगट,53
नानी,197
अंधविश्वास,42
लाठियों,7
तस्वीरें,24
समीपवर्ती,37
जुड़ी,71
डाकघरों,40
फैक्स,35
साधते,24
चढ़ी,29
उतरेंगे,24
इसने,24
प्रचलन,53
परमाणु,12
लीवर,13
टिकटों,43
पत्ती,17
इलेक्ट्रॉनिक,40
अल्प,22
बिजेन्द्र,42
चने,17
जुड़कर,71
स्वर्ग,74
अनुपमा,42
विनाश,6
बनवाई,24
संचयन,22
अभिशाप,74
असलियत,24
पढ़ती,24
ईटों,40
भूना,17
बेअसर,53
गायकों,105
पार्थिव,5
कार्यवाई,53
कार्टून,182
उद्धार,74
शीशम,17
खदानों,40
विशेषता,0
पुताई,29
अनुसरण,39
स्टेशनरी,34
होनेवाले,24
आंदोलित,0
विद्यानंद,42
अंतरिम,43
विद्वानों,105
आंखे,44
करायें,24
निर्मली,144
गोरा,36
घटतौली,166
धूम्रपान,13
बागवानों,40
डेरे,40
तबतक,24
शिक्षामंत्री,43
पंक्ति,34
साहित्यकारों,105
झपट,7
ताकतों,0
अपात्र,43
प्रेषण,181
संकल्पित,24
किसानी,43
कटवाने,17
ठंडक,36
फुटकर,166
सदी,103
लुभाने,170
चश्मा,29
भांजे,197
पैगाम,154
जमानती,53
गानों,170
बारादरी,40
लाडली,197
सुई,64
पड़ोसी,197
हर्षवर्धन,42
दिहाड़ी,166
चंपत,53
करुणा,39
किसकी,2
प्रणाम,99
समुद्र,144
निर्बाध,0
अमूल्य,185
सुश्री,42
खानी,24
मांझा,7
नदियां,144
ढुल,42
तैराकी,144
कैसी,24
संक्रमित,63
स्वेच्छा,43
सीआइडी,151
नियुक्तियां,43
सतगुरु,42
मुकर,53
मचाते,53
करतूत,53
राजेश्वरी,42
भीमसेन,45
गहलोत,140
इक्का,68
समुदायों,156
गरमा,53
खिलौने,197
रासलीला,42
लाये,24
उठाये,24
ठेकों,53
सपरिवार,43
दौड़ाकर,7
फूस,17
म्यूनिसिपल,151
ढिलाई,53
कटोच,42
जायें,24
निपटारे,14
योगाभ्यास,189
चुपचाप,65
बेतहाशा,157
निवासिनी,42
संतोषी,42
छेड़,55
शक्तियों,0
यथाशीघ्र,26
भट्ठी,40
व्यवसाई,166
टालमटोल,53
पढ़ता,24
आमलोगों,18
किन्नर,74
रखेगा,24
पहाड़ी,10
धुंआ,12
प्रतिबद्ध,24
हड़प,53
परमहंस,42
बर्तनों,17
मुहूर्त,130
सहसचिव,43
स्रोतों,22
बदलवाने,24
शंका,14
मोहताज,24
लीची,17
निर्वाह,21
निभाएंगे,21
पढ़ना,34
उत्सुकता,19
नाममात्र,179
सदियों,0
शक्तिपीठ,42
कूड़ा,40
मानों,19
कलाई,44
कसरत,189
सत्यापित,34
मालिकाना,166
भूगर्भ,98
हमलों,25
तनख्वाह,166
फिसलने,7
हाय,53
कविताएं,34
साधक,42
तोले,7
उपमुख्य,43
वृद्धों,197
चालीसा,42
कारखानों,166
जगरूप,42
जानकर,19
बीजों,17
बिखर,7
घमासान,18
चहेतों,154
कनपटी,44
भूरे,36
अधिकाधिक,22
लीलाओं,42
अपूर्ण,0
सर्वोत्तम,0
मरा,69
मुझसे,24
मिट,11
वैसी,24
जलनिगम,40
बिलकुल,24
मूंगफली,17
साम्राज्य,177
एथलेटिक,31
जलनिकासी,40
बरातियों,40
श्रमायुक्त,43
हुकूमत,18
मेज,7
डकैत,53
खचाखच,167
हस्तशिल्प,166
जैकेट,29
पिछला,28
अनार,17
तीमारदार,63
सेंधमारी,53
हारे,55
निरुद्ध,53
दिखते,24
मनाएं,42
शासक,177
सबमर्सिबल,40
दुश्मनी,14
चढ़ाव,157
खरीदार,166
पांचाल,45
उतरना,24
सातों,77
रियासत,166
मरहम,17
कुदरत,0
बिखरे,7
मोहब्बत,154
ढांढस,39
जरुर,24
चौके,31
चूड़ी,40
हिमपात,10
थाप,170
सुनियोजित,0
फेंककर,7
मछलियों,144
फुसला,53
स्थानान्तरण,43
पहिए,40
पूर्णतया,0
टेंशन,151
वतन,154
जमाए,11
तोड़ी,40
कौमी,37
अंत्येष्टि,69
तिथियों,34
रचने,81
सड़के,67
न्यायालयों,37
गुरुओं,42
अधिकारिक,151
सत्रह,77
अलवर,42
याची,195
व्यंजनों,136
बूढ़ी,197
मत्था,44
शुक्र,130
बॉर्डर,25
उपभोग,166
उतने,24
प्रतिभावान,105
धूमिल,36
अशांति,14
लहरा,29
दरारें,7
मनीराम,42
इंद्री,42
लड़ेंगे,55
अंर्तगत,43
सर्वोपरि,43
पंजिका,34
दबोचने,7
रोपड़,42
साईकिल,40
अड्डों,37
मम्मी,197
मंद,157
भारतीयों,37
चाची,197
स्पर्श,44
पड़ेगा,24
नक्षत्र,130
बसाने,40
करारा,53
इरादा,53
दिशानिर्देश,43
असमाजिक,0
लालबत्ती,40
वल्लभ,51
पांचवे,103
सुंदरी,82
दिलाते,24
जापानी,37
हल्दिया,37
नमस्कार,99
नाचते,170
लिपिकों,43
निवेदन,99
सहम,19
हर्रैया,42
रातों,19
साला,197
मनचले,53
जंजीर,7
ठहरा,53
गोभी,17
भेजेंगे,24
जुनून,19
फर्राटा,40
प्यासे,154
मण्डी,166
वादन,170
श्रीधर,42
अखबारों,34
रीतेश,42
सुने,65
संगठनात्मक,43
तोड़ते,40
मनिहारी,42
लड़ते,55
पिछड़ों,18
मानता,24
मक्खी,17
भरो,167
ऑक्सीजन,12
स्वैच्छिक,43
रहेगे,24
खड़ंजा,23
हड़कंप,53
विधवाओं,18
फूले,11
अनियमितताएं,53
अहिंसा,39
जुटाए,24
हताहत,14
बजने,170
निजाम,51
आयात,166
क्षेत्रवासी,40
पहुचा,24
जामिया,154
प्यारी,39
दमन,53
बुनियाद,43
सटी,40
अर्पण,29
बाशिंदों,40
वनस्पति,98
संकरी,28
विसंगति,18
नाई,156
पालम,176
फव्वारा,40
पडे़गा,24
डाका,53
शीशपाल,42
परवरिश,177
डिस्चार्ज,40
कृष्णानंद,42
निखार,36
कार्बन,12
समयावधि,26
जेठानी,197
चराने,41
अभिव्यक्ति,0
मंत्रों,42
पिपरी,42
सत्तारूढ़,18
क्रियान्वित,43
लोहार,156
हस्तांतरित,43
बहार,154
निष्पादित,43
पालने,69
उपकेंद्रों,40
सुनेंगे,24
मशरूम,17
फिक्र,19
बिके,166
फूटा,7
लायी,24
बैलों,41
अनुशासित,39
माटी,17
आंकी,77
कलेर,42
वक्तव्य,53
घिरा,7
अनुमंडलाधिकारी,43
विस्थापन,40
भट्टा,42
तीखे,65
परिसदन,40
तुरन्त,26
बाजू,44
बिरंगे,36
उत्तेजित,12
दिनोंदिन,157
साजन,170
कुश,32
रामकथा,42
कृति,34
प्रमुखों,43
शादीशुदा,197
सहायिकाओं,43
कमांडो,25
उग्रवाद,25
पहनाया,29
दर्जे,0
मोतियाबिंद,63
मिनटों,26
इकाइयां,107
विसंगतियों,18
कामिनी,42
प्रत्यारोप,53
विक्षोभ,53
कार्याें,43
मचाना,53
दिलाकर,24
बेरुखी,53
घाव,17
दीवारें,40
जूट,29
स्थली,37
कृतित्व,105
विस्तारीकरण,43
मशगूल,19
मदों,43
महरूम,154
खिली,36
भुगत,53
खुलवा,24
अनुभूति,0
वाममोर्चा,18
दिखेगा,24
बड़सर,23
जामुन,17
मुख्यधारा,11
बेसब्री,19
बगीचा,40
चरितार्थ,97
जगदंबा,42
मौरंग,40
मैनेजिंग,151
चरमराई,14
दीजिए,24
मनोविज्ञान,98
जिताने,55
रेलकर्मियों,43
अपरान्ह,26
रैलियों,53
धराशायी,40
छुड़ा,7
बेसुध,69
सिराज,154
दिलवाया,24
प्रबंधकीय,43
लूटकांड,53
प्रत्यारोपण,33
कोंच,42
खिले,36
हिना,154
तिपहिया,40
पंख,7
निकलेगी,24
पैठ,11
परमवीर,30
स्वाहा,42
डूबी,144
आनेवाले,24
प्रभागीय,43
नींबू,17
ज्येष्ठ,42
बहाया,17
अनुयायियों,18
बंसी,170
एकमुश्त,166
रघुराज,197
सायंकाल,26
शमन,27
कोस,77
अजीब,65
किलोवाट,163
फैसलों,43
हिदायतें,53
सदस्या,43
भूरी,36
अमरूद,119
अधीनस्थों,43
पांचवी,103
ललक,19
आधुनिकता,18
बताएंगे,24
पूज्य,42
भागदौड़,19
सफलतापूर्वक,0
कटों,40
कारणवश,77
घुसी,7
सुदीप,42
विलुप्त,6
जलसे,53
महामारी,63
चरखारी,37
उड़ने,7
विविधता,18
फैलता,11
तौबा,53
दागी,25
गृहकर,166
छीनी,7
अपेक्षाकृत,24
इनवर्टर,40
सम्मति,43
स्टेंड,188
सुरक्षाबलों,25
अनुग्रह,42
सुखचैन,42
कार्यकत्र्ता,43
फैलती,11
युद्धस्तर,16
ऑपरेटरों,118
त्यागपत्र,43
संरक्षा,43
पोखरों,40
दुबके,7
आभास,19
कैप्सूल,13
सर्प,41
अड़चन,14
गुपचुप,53
दुष्प्रभाव,0
गंगानगर,42
धारी,42
ट्रांसफारमर,40
मनमाना,53
हाशमी,154
कोसा,53
आरपार,104
खोखला,11
पाएं,24
कालिंदी,42
शुद्धता,12
विभाजित,71
सूचीबद्ध,0
हैंडबाल,31
सुनायी,65
तारें,36
ग्यारहवीं,103
संग्रहण,107
बहु,147
तकिया,7
दोगुनी,157
नवसृजित,43
सिलिंडर,40
रैयतों,166
फार्मो,43
पकवान,17
नतीजों,0
अनुभवी,105
शिवभक्तों,42
भड़ास,85
नौका,144
नमूनों,24
बहेड़ी,42
कुर्बान,18
बेनकाब,53
हुकुम,68
जसवाल,42
भांग,13
कतराते,24
पशुधन,41
पटवारियों,43
गोताखोर,144
प्राचार्यो,43
यद्यपि,24
सांझ,42
चबूतरे,40
रंजिशन,197
सैलानी,37
नशेड़ी,13
जंतु,44
जनकल्याण,43
टिक,67
निर्मम,53
पनपने,11
इकलौते,177
जुताई,17
नाकामी,14
बिंदू,28
गिरिजा,42
उत्पीड़न,53
मन्नू,42
बौछार,17
निकलवाने,24
शर्मसार,53
नेत्रहीन,18
व्याख्या,0
असंतुष्ट,53
संयोजिका,43
स्टालों,166
बकाये,166
जुआरियों,53
मिलीमीटर,77
अनुभाग,34
परंपराओं,18
बारातियों,40
रक्तचाप,63
बदस्तूर,0
स्तंभ,40
वानिकी,43
वाहिद,154
बचते,24
सुनाने,65
एलडीएम,43
काहलों,42
दर्शना,42
मंगाया,24
बुढ़ापा,197
पहुंचाएं,24
राष्ट्रव्यापी,43
कुंआ,40
खिलाया,17
दिग्गजों,105
मोहिनी,74
आपदाओं,14
रोपित,17
रचित,106
स्टैण्ड,188
पद्मश्री,30
दिलायी,24
पाबंद,53
कपाट,29
प्रधानी,197
बांग्ला,37
उपरान्त,139
प्रतिरोध,0
गढ्डों,40
हमसे,24
सुसज्जित,181
मोचन,42
मूसलाधार,36
मर्ज,63
विभागाध्यक्षों,43
चैम्पियनशिप,31
कुकर्म,53
उत्पादकों,166
एलबम,99
सबने,24
हिरण,41
युद्धवीर,42
कर्णप्रयाग,42
दाता,43
बगीचे,40
पनीर,17
उचक्कों,53
फांदकर,7
जर्नादन,42
जादूगर,93
प्रतिवाद,53
जोरशोर,53
पेशकश,24
निबटने,14
टहलने,67
ऊधम,53
भंगड़ा,170
बरसाना,36
छुपाने,24
रजाई,7
करबला,154
तनातनी,53
सूझबूझ,39
लगाती,24
भैंसों,41
हताश,19
टीएन,174
सादगी,39
यादें,19
जिंदाबाद,18
बेचता,166
फिजिकल,151
इलेक्ट्रानिक्स,40
महबूबा,154
अध्यापन,43
तड़प,7
समन्वयकों,43
समझाते,24
वाकई,24
अनुकंपा,99
आबाद,40
आंदोलनरत,18
मसलों,53
अनशनकारियों,43
टंकियों,40
मंडराने,19
शर्म,53
कोड़ा,17
समाहित,0
चेकडैम,40
नौनिहाल,42
नियुक्तियों,43
चपत,7
मैगी,13
परिभ्रमण,37
चौखट,40
कुटीर,43
सुझावों,53
सकीं,24
महंथ,42
बकरियों,41
बिटिया,197
लिफाफे,40
राजरानी,42
सफाया,6
घायलावस्था,69
शुरूआती,26
लीं,24
मिठाइयों,17
कमोवेश,11
कोशिशें,24
साधने,24
रियायत,166
शाहदेव,110
आवंटियों,43
पेशा,105
मुसाफिरों,67
टावरों,40
पहाड़ियों,10
मन्नतें,53
पोते,197
आकृति,28
डालेंगे,24
दिखावा,53
मालगोदाम,166
अनुज्ञप्ति,34
शील,39
दिखाएंगे,24
ध्यानी,42
भाड़,67
लड़े,55
चुनरी,29
जघन्य,53
धुनों,170
भौतिकी,107
आधुनिकीकरण,18
बहती,144
कारगुजारी,53
निकलेगा,24
प्रज्ज्वलन,43
पैटर्न,0
छिटपुट,77
श्रद्धापूर्वक,42
अधिग्रहीत,166
प्रवृति,53
समाजसेवियों,18
कुटिया,42
वनाधिकारी,41
भइया,197
बर्दास्त,53
रुकावट,14
किरायेदार,40
सलामत,154
अंदरूनी,28
मनसा,82
आपातकाल,63
किराएदार,40
बहादुरी,18
अहीर,156
तीक्ष्ण,27
सीएसआर,151
ठान,24
अदालती,53
ख्वाब,154
लहराते,29
चढ़ते,29
चाहें,24
परम्परा,18
चबूतरा,40
हटे,7
देखता,24
गाल,7
मेलों,37
ट्रैक्टरों,40
जानती,24
तबदील,14
आनंदी,42
संतुष्टि,24
बास्केटबॉल,31
प्लेटफॉर्म,40
भेड़,41
ठहरे,67
तपती,36
बुझाया,36
फेरे,146
कुमकुम,29
खदेड़ा,7
पिच,31
शमा,154
तकदीर,56
वामपंथी,18
शारदीय,42
भेंटकर,29
निष्कर्ष,98
तख्तियां,40
जूं,17
फोटोयुक्त,34
खूबसूरती,0
निबंधित,43
जड़ा,31
वाणिज्यकर,43
ब्रह्मानंद,42
नफरत,14
अनुरक्षण,116
सीखे,24
परी,182
शिवाला,42
तेजा,42
सजाए,36
निष्क्रियता,0
अमरपाल,42
उमड़ने,53
निवाला,17
चौकों,31
जानकारियों,186
गुणात्मक,136
इमारतें,40
प्रोफाइल,151
यहाँ,24
दुहाई,53
वेश,29
मछलियां,144
महाकुंभ,37
पीए,13
ईलाज,63
झाडू,40
हेपेटाइटिस,63
भुला,19
सोई,19
बहकावे,53
कारवां,67
डांडिया,105
लीन,198
लाभांवित,99
क्रोध,53
शर्बत,17
गठजोड़,18
जगमग,36
संभालेंगे,21
फिजीशियन,63
सहानुभूति,39
जांचोपरांत,43
नामकरण,30
पूर्ववर्ती,98
आशियाने,40
उर्वरा,17
उत्कर्ष,5
वातानुकूलित,40
मजे,67
जमीर,69
गैरकानूनी,53
गुजारिश,99
छेड़छाड़,53
पाइपों,40
हस्तांतरण,43
बकरा,41
पुरातन,0
महानगरों,37
दौड़कर,7
प्रदत्त,30
डूबकर,144
एनएचएआइ,151
बगावत,154
बनवाना,24
संज्ञा,97
बंधुओं,61
गड़बड़,14
बचाए,19
मजहब,18
नामचीन,105
बीता,180
रुद्र,42
गौरवान्वित,0
आमजनों,18
पूछते,24
संकलन,34
पतन,0
अनुभवों,145
पेयजलापूर्ति,40
चहेते,154
प्रार्थी,43
पसंदीदा,24
भाला,7
शिल्प,166
बिगड़ते,14
डिब्बा,40
सोची,24
कुलाधिपति,43
खाल,29
सीनेट,43
अनुशासनहीनता,39
शर्ते,43
घटों,26
बिठा,7
खोदकर,40
चुनौतियां,14
दूज,42
बाराहाट,42
क्रूरता,53
पुस्तिकाएं,34
सांठगांठ,53
राजदीप,34
चुनिंदा,77
जिज्ञासा,19
कहेंगे,24
निर्दल,43
संस्कारशाला,43
शैल,40
भ्रमित,53
हकों,154
कुओं,40
सौहार्दपूर्ण,43
बदहवास,7
वेशभूषा,29
बराती,40
प्रसूति,197
परिधान,29
आमादा,53
जांची,24
पृष्ठभूमि,14
पाठकों,34
सतह,12
गांववासी,40
पूर्वानुमान,53
कब्र,40
शिक्षाविद्,105
ड्राइंग,80
भुलाया,19
संभालते,21
तेजवीर,42
तोड़कर,40
खोलते,24
कारें,40
प्रवचनों,42
बिछाया,7
नशाखोरी,13
कलंक,53
मैगजीन,34
बाएं,44
अनुरुप,14
नीरा,82
यमुनोत्री,42
इसलिये,24
अपनाएं,24
हामी,167
बालिकाएं,197
स्तनपान,197
मसीहा,74
अजगर,41
चेयरमेन,43
राजनारायण,42
तुम्हारे,178
टकराया,7
रचनाएं,34
साइकिलों,40
पवित्रता,39
बास,170
बनाएगा,24
आउटसोर्सिग,151
इतिश्री,21
ठेंगा,24
समूचा,77
लिखना,34
प्रकरणों,26
उदयराज,42
प्रचलित,53
निहित,2
संवर्धन,43
बधिर,18
बोरियां,166
पांचवां,103
कंकाल,138
मलाल,154
पीडि़तों,53
गुजरता,67
खंगालने,24
जहरखुरानों,42
लालटेन,36
मिलजुल,71
गंदी,65
शादियों,197
बब्बन,42
बुध,130
बागडोर,21
मनाएंगे,42
कोसते,53
घटाकर,157
उड़ी,7
फूटी,44
तीरंदाजी,31
इन्हे,24
आकाशवाणी,182
बेदखल,166
चलाएगी,24
छपी,34
इकाईयों,107
कांच,29
खासियत,0
खोलना,24
सरहद,11
कनक,42
बर्खास्तगी,43
कोयल,46
बहुचर्चित,105
न्यौता,24
काबिल,24
कायस्थ,156
सांगठनिक,18
फार्मासिस्टों,43
अंगों,44
पांडव,45
बांधी,7
बालियां,40
स्टीकर,34
सलोनी,42
लाज,53
खुशनुमा,36
जगा,19
अफवाहों,53
वर्गों,18
कोसों,11
बिन्दु,28
सजगता,19
चकाचक,29
संचय,22
नतमस्तक,7
संवेदनशीलता,0
आगंतुकों,105
हिदायतों,53
मौतें,14
शिक्षाविद,105
नीलगाय,41
बंटा,71
कंठ,7
धंसने,7
सिंतबर,26
नशों,13
मनन,0
चहुंमुखी,43
दानी,43
जत्थों,42
उलझा,14
मोहसिन,154
बुझ,36
पर्याय,97
निकलवाया,24
आसरा,39
उधम,53
पूर्वांचल,37
लगाएगा,24
एहसान,39
पिहानी,42
देशवासियों,37
यूएस,164
मिश्रित,71
झाड़ी,17
पादरी,18
गहराया,19
वर्जित,53
दुआएं,53
मद्य,13
मचाई,53
लीजिए,24
परिकल्पना,0
कायदे,43
अटकी,14
तिजोरी,40
रक्षकों,21
सौंपेंगे,21
पकड़ने,7
जमाना,11
छूटा,24
संबधी,43
फफूंद,17
विद्युतापूर्ति,43
शतप्रतिशत,100
प्रवक्ताओं,43
शोहरतगढ़,42
आयीं,24
आवाम,37
संगतों,42
मातृत्व,197
बंधाया,39
शस्त्रों,25
बेखबर,19
प्रमाणिक,0
फॉगिंग,43
गुजारने,19
उंगली,44
रुककर,67
बीचों,40
दिलवाई,24
टहल,67
अफसरशाही,53
पहुंचाते,24
बुराईयों,39
वधू,197
सत्कार,188
मैत्री,71
हटाई,7
दीये,36
व्यापी,43
स्थितियों,14
डिब्बों,40
कैंपों,25
जलसा,53
हलफनामा,53
धमक,36
भूखंडों,166
अरबों,77
उपखंड,43
छर्रा,25
प्रतिभाएं,105
कंक्रीट,40
अंडा,41
उस्मानी,154
पेशाब,40
पौत्र,197
पोषित,43
इसमे,24
ठहर,67
उग्रवादियों,25
मरी,69
मध्यस्थता,53
गवां,19
बेअदबी,53
नाती,197
अध्याय,34
जमात,154
कुलवीर,42
नंगे,24
पहुंचाए,24
बवाना,42
साम्प्रदायिक,18
हार्डवेयर,40
घोंटकर,7
दुखों,39
नकारा,53
असमय,69
रैलियां,53
उग्रवादी,25
बाते,24
मुकामी,53
किन्हीं,77
अनदेखा,53
ब्लेड,17
पारितोषिक,30
गुज्जर,156
मौनी,42
डरे,7
जूही,112
साइकिलें,40
छिड़क,17
नसीर,154
उकलाना,42
रोजे,154
चलाएंगे,24
रंगेहाथ,7
बरसा,36
अक्षत,29
खेद,53
जन्मे,177
गिलास,17
भरसक,24
मणिपुर,37
अप्रत्याशित,14
खुदकशी,69
भांजी,197
जमादार,43
श्राद्ध,42
पढ़ाते,24
निरोधात्मक,0
तिरंगे,29
सुमंत,42
प्रतिबद्धता,24
छुपा,24
फेंकी,7
रवानगी,37
धोना,17
लीपापोती,53
हटेंगे,24
बाराती,40
सभ्याचारक,42
चित्रांकन,88
वचनबद्ध,24
आलाधिकारियों,43
बारीकियों,0
निष्पक्षता,43
बिखेर,36
जातिवाद,18
अनुयायी,18
कालोनियां,40
हरिनाम,46
चूड़ियां,40
बिलखते,7
परीक्षित,43
तबादलों,43
छक्के,31
नवी,176
ओले,36
कीर्तिमान,99
गोसाई,42
दुलारी,42
देररात,23
नवीनतम,34
देरशाम,23
दशम,103
ग्रामवासियों,40
बाबुओं,43
नियमितीकरण,43
नजाकत,154
नजरों,24
समयबद्ध,43
निकलवा,24
योजनाबद्ध,0
यादों,19
खाए,17
उपकार,39
भुवनेश,42
लाहौर,37
टला,24
बाध्यता,43
साली,197
अभिकर्ताओं,166
गाँव,37
चारधाम,42
नाप,7
साहसिक,18
मुनी,42
एलआईसी,151
संवाददाताओं,34
उद्घोष,170
करिश्मा,93
बकरियां,41
सीमांकन,2
ओढ़ाकर,29
मंगलसूत्र,29
अभियन्ता,43
बंदा,154
शुद्धि,12
दमा,63
निभाएं,21
कपड़े,29
खामोशी,65
भालू,41
डलवाने,24
उस्ताद,154
भोलू,197
चाभी,24
पकडे़,7
वादाखिलाफी,53
पंचायतीराज,43
अविवाहित,197
जलते,36
डेरापुर,42
खजूर,17
शिवनंदन,42
जनकल्याणकारी,43
रोको,178
कठिनाईयों,14
चादरपोशी,154
मेधावियों,43
भटकने,24
गुनाह,53
चौतरफा,11
फतह,154
देखो,178
परास्नातक,43
खोने,19
संदेहास्पद,186
कुर्ता,29
सांड,41
लोभ,53
बंध,7
श्रीमति,42
कसना,7
धागा,7
शातिरों,53
प्रबन्धक,43
व्यंग्य,65
लुप्त,6
बल्ला,31
दसवें,103
आर्शीवाद,99
समर्थ,24
रुपेश,42
चिड़ियाघर,41
फुर्सत,19
पूरक,0
लगाएगी,24
अछूता,19
भागीदार,166
जलपान,188
हुक्म,154
शंखनाद,170
कांप,7
रहन,53
रिझाने,170
कलशयात्रा,37
सार,97
निर्माणों,98
पदस्थापन,43
खोदने,40
कृत,45
शाप,74
संबद्धता,43
सिद्धि,42
रुकते,67
पथरी,63
मोल,7
थोड़ी,24
खोटी,85
कमोबेश,11
कुटी,42
सायरन,170
घटाने,157
पटक,7
दुधारू,41
आक्रामक,53
शोरगुल,53
तोता,41
उत्पादकता,43
छिप,24
प्रमाणपत्रों,34
वीरता,18
बोई,17
गिने,24
जायदाद,166
सितारा,36
हजम,17
अविरल,144
कुमुद,36
चर्म,63
झडी,7
सुधरी,14
अजायब,40
सामंत,166
सांसें,44
निरोग,189
पुत्रियों,197
जलाशयों,40
बिठाकर,7
ग्रामवासी,40
जेहन,44
आहुतियां,42
महकमों,43
प्रभावती,42
नौकरानी,188
ब्रजमोहन,42
तनिक,24
द्वेष,14
आज्ञा,39
होनेवाली,24
दूरदर्शन,182
सुहेल,154
तटवर्ती,144
दौड़ाया,7
किस्मों,22
मिठास,36
ससुरालीजन,197
बरतते,53
दूत,33
स्वदेश,33
जिलामंत्री,43
मुंडन,42
केले,17
ढील,53
अनूठी,99
गुरुजनों,42
तमाशा,154
तीरथ,46
शिक्षणेत्तर,43
शोधन,12
साग,17
बिका,166
चौका,31
प्रासंगिक,0
लड़ेगी,55
फैलाई,11
भंवर,93
सुपरवाइजरों,43
छिपाकर,24
पड़ताल,24
छत्रपति,42
रूझान,19
अध्यक्षीय,43
आतुर,19
गहनों,29
लोकनिर्माण,43
पुनरावृत्ति,65
अनपढ़,18
समावेश,0
अशिक्षा,18
सुभद्रा,42
सेव,151
जंगलराज,18
राष्ट्रीयकृत,166
लड़ना,55
संघर्षरत,18
रुकवाने,24
करवाचौथ,42
तरंग,12
ग्लास,17
गैलन,40
उर्वरकों,17
अनिमेष,42
अभिन्न,28
नवरात्रों,42
गण्यमान्य,43
महारैली,53
कनेक्टिविटी,151
शमशान,69
बिरजू,3
लावारिश,69
धीमा,157
भूसे,17
पुनर्विचार,43
शवगृह,69
धरनास्थल,43
आंनद,42
जांचा,24
पोलिथिन,40
संघों,31
ग्रह,130
वयोवृद्ध,197
चिकित्सालयों,63
पराग,17
कौड़ी,44
छलावा,53
झोपड़ियों,40
दूतावास,33
विशेश्वर,42
झुग्गियों,40
अधिग्रहित,166
निलेश,42
प्रतीक्षालय,40
नौंवी,103
पड़ना,24
रघु,42
भूतल,40
किसानो,166
फांक,7
सुहाना,36
प्राविधिक,43
असहायों,18
लोचन,42
प्रशंसनीय,99
बिगड़े,14
उत्पादित,166
खुलता,24
पहचानने,24
कसते,7
बगिया,36
अंडे,41
उद्यम,166
उलझी,14
बिचौलिए,53
विधा,34
मलय,162
खानापूरी,53
रोकते,24
निकालेंगे,24
चौपारण,42
उजाला,42
फिसड्डी,31
नीला,36
षडयंत्र,53
कांधला,37
प्रखर,27
हाजरी,196
भावनाएं,0
बिचौलिया,53
गायकी,170
दुनियां,0
पिया,17
गोलीकांड,53
जायरीन,154
स्ट्रोक,144
कुव्यवस्था,43
मंसूबे,53
फिजा,36
वारिसों,177
दवाईयां,63
लोकनृत्य,105
शतक,31
पछुआ,36
बिताने,19
इंस्पेक्टरों,43
फांस,7
मुजाहिद,154
नागवार,67
समीक्षात्मक,53
विचरण,184
सम्मुख,7
सालभर,26
सूने,19
मनवाया,85
पदार्थों,12
श्मशानघाट,69
मुर्दाबाद,18
बदलेगी,14
क्षत,69
इस्लामिक,18
शांतिभंग,53
बढ़ाएं,157
वायुसेना,25
भात,17
पढ़ाना,24
बीचोबीच,40
बिखरी,7
धरी,7
तरबूज,17
ढलाई,91
वगैरह,43
हारने,55
निपट,14
बाकि,26
भक्तजनों,42
कमाया,166
प्रतिभाशाली,105
उलझे,14
दुकाने,166
खंडित,0
वरन,24
जवाबदेह,43
फ्रेंचाइजी,118
पर्चियां,34
चौपहिया,40
ऑडिशन,112
बरतनी,53
बीन,41
घपले,53
गलतियों,14
नैनो,122
दलीय,147
राखियां,7
आयेंगे,24
पुरूषों,197
नम्रता,39
शिकारियों,41
खिड़कियों,40
सभ्य,39
अंपायर,31
पसार,11
पालतू,41
लकड़ी,17
बच्चियां,197
आयेगी,24
चीखने,7
नवगठित,43
अमानवीय,53
लहजे,154
खुलेगी,24
नमाजियों,154
सुलझ,14
बहुमूल्य,185
महामहिम,1
आवश्यकतानुसार,139
गिरती,7
अंतरराज्यीय,37
उपसचिव,43
टेबिल,43
खात्मे,6
दौराला,42
दर्जकर,53
अनसुना,53
भक्तजन,42
अधिकारिता,2
गौरवशाली,0
बहुओं,197
भरवाया,24
खेलकर,31
उड़ाते,7
कार्यमुक्त,43
ग्रीष्मकालीन,26
धन्य,19
चहुंओर,11
छतरी,29
पड़ने,24
तथाकथित,18
शास्त्रों,42
टुकड़ों,17
प्रियांशु,42
मुख्यअतिथि,43
मंत्रणा,43
भीग,17
पंचर,7
तेजस्वी,27
नौवें,103
परिदृश्य,14
कैंब्रिज,49
बताएगा,24
दाहिने,44
विक्रमादित्य,45
वस्तुस्थिति,0
दगा,154
देवगम,42
बंटे,71
काठगढ़,42
गिराकर,7
नगराधीश,43
व्यवस्थापकों,43
झुलसने,36
पुंज,27
संवेदकों,0
घटते,157
लेजर,90
नथुनी,29
किश्तों,166
खेमका,140
शिकारी,41
सरपरस्त,154
विक्षत,69
आसीन,43
हवस,53
भगाया,7
एप्लीकेशन,151
ताल्लुक,71
ट्रेक,40
दीपों,36
मालवाहक,40
शायरी,154
रसोईया,188
किसका,2
बारूद,25
म्यूजियम,88
उठायी,24
दंडाधिकारियों,43
परख,24
मनोहारी,36
सारिणी,34
खोदे,40
पहिये,40
पोती,197
अपशब्द,65
अंशिका,42
वनवासी,156
तरैया,42
रैबीज,63
माखन,42
सजने,36
प्रतियोगियों,31
प्रस्तावक,43
गुरुद्वारों,42
मुख,44
शिष्यों,42
दमदार,122
ढीले,7
डिफाल्टर,166
बोतलों,40
विपक्षियों,18
विश्लेषण,0
अनुशासनात्मक,39
हड्डियों,138
दशमी,42
मुखाग्नि,69
माँग,43
चित्रा,42
रेलमार्ग,40
निषेधाज्ञा,53
हंसते,65
दीनबंधु,42
एकलव्य,45
बचकर,67
खोजी,0
खीरा,17
बकरे,41
बहकर,40
श्वेत,36
मेहरबानी,154
गालीगलौज,53
गोले,25
धुलाई,17
अमानत,53
शराफत,154
ताड़ी,13
गंाव,42
अराजकतत्वों,53
वाद्य,170
मंदबुद्धि,18
हतप्रभ,19
वीरान,19
पड़ीं,7
थामा,7
बिछाकर,7
नमकीन,17
जाँच,24
सिंथेटिक,12
विज्ञानी,98
खजांची,42
लकड़ियों,17
बेपटरी,40
फटा,7
ईश्वरी,42
नवनिर्माण,43
तोला,7
विफलता,14
कूड़ादान,40
गिनाई,24
हिफाजत,21
अयोग्य,43
माध्यमों,18
छलक,17
ढहने,7
वितरक,118
वास्ता,24
कुनाल,42
समाजशास्त्र,98
छप्पन,29
अभिवादन,99
गरज,36
गुजराती,37
बोगियों,40
सबूतों,53
बजाते,170
नहाते,17
पिचकारी,17
लग्न,130
प्रकल्प,18
मांगलिक,197
भूदेव,42
रणजी,31
सिंधु,144
पाश्चात्य,18
छेड़ने,55
गर्मजोशी,99
मैदानों,10
फीका,36
मकबूल,154
प्राणों,18
विलीन,5
लगकर,7
कुर्क,166
गीतकार,105
थान,79
क्वार्सी,40
प्रतिलिपि,34
मटका,17
लाइनमैनों,43
अप्रशिक्षित,105
योजनाकार,105
दौड़ी,23
जुड़ाव,71
जहाँ,24
मुहाने,40
मल्लाह,144
सटाकर,40
मुमकिन,24
चिमनी,12
नहरें,40
नरक,74
गोलबंद,18
खड्डा,40
ताप,12
ढुलमुल,53
एकीकृत,43
मालाकार,42
कसे,7
पोस्टरों,34
अन्नदाता,166
पीटीआई,34
रेलपार,40
भागना,7
धकेल,7
अभिलाषा,19
खुशखबरी,122
बेकसूर,53
दीया,36
कोषाधिकारी,43
इच्छाशक्ति,24
छुड़ाया,7
अभूतपूर्व,99
मादा,41
टेप,151
असुरक्षा,53
बेशकीमती,185
सेनानायक,25
जलेबी,17
सेटेलाइट,90
सिवा,24
लहसुन,17
दर्रे,10
उपजे,11
दुकानदारी,166
सीना,7
मंदाकिनी,144
थिरके,170
इमामबाड़ा,154
खाबड़,67
शर्मिला,92
छीने,53
परास्त,55
तपा,36
चटकाए,31
जिलास्तर,42
रूकने,67
सत्यता,0
कूदने,7
बचेगा,24
शक्तिशाली,189
कोख,177
पटाक्षेप,26
सेनापति,25
जलता,36
वाहक,181
बीचोंबीच,40
सर्कस,182
लांग,66
झपटमार,53
अपहरणकर्ताओं,53
कशिश,154
सलामती,53
सातवां,103
खिलाई,17
अपहर्ताओं,53
पकाने,17
पस्त,18
कछुआ,41
आयशा,154
नियति,53
बैनीवाल,42
मरणासन्न,69
मुंहतोड़,53
तहस,40
खाती,7
युवजन,55
मनाही,24
चिल्ला,7
हुर्रियत,25
सारथी,45
इंद्रधनुष,36
बटेश्वर,42
बोलना,65
स्वप्न,154
जुए,53
ग्रंथों,42
मधुमक्खी,17
बोरों,166
पीतांबर,42
रुदौली,42
सट्टे,53
शहद,17
कथनी,18
जुबानी,65
झपटमारी,53
करनेवालों,24
अध्यात्मिक,0
थकान,19
मंगवाई,24
पक्षधर,18
शूट,112
सरंक्षण,21
छायादार,17
कालिका,42
सुलेख,80
वस्त्रों,29
लगेंगी,24
बाइस,77
लगान,166
जालसाज,53
रेस्तरां,188
संबंधियों,40
दलीलें,0
रहनेवाले,24
जोड़ते,71
खादों,17
मारना,7
अंकपत्र,34
हस्तियों,105
मुशायरे,154
सीवेज,12
मध्यान्ह,42
निकलें,24
कार्यस्थल,166
अनूठा,99
झकझोर,0
झड़ी,7
दिव्यांगों,18
न्यायधीश,53
मनवाने,85
किरकिरी,53
हिला,7
चुटकी,24
ओलंपियाड,31
यामीन,154
लहरी,170
ताश,68
उड़ती,7
सरस,36
छात्रनेता,43
मरम्मती,43
गेटमैन,25
तबला,170
संपादित,34
गड़गड़ाहट,170
चैनलों,34
उगी,17
पूछी,24
अप्रत्यक्ष,53
बक्शा,154
कुशलता,43
आयुवर्ग,180
अंत्यपरीक्षण,43
डब्ल्यू,38
कर्मो,39
बेपरवाह,19
कास्य,42
हसीन,36
चमकाने,36
उजड़,40
अत्याधिक,24
कर्मठ,39
झोपड़ियां,40
डाट,121
कटघरे,7
चलाएगा,24
प्रजनन,197
साठगांठ,53
लेखकों,105
आइना,24
निपटाया,14
दबने,7
धारणा,0
अस्वस्थ,189
चुनकर,24
मंगाकर,24
मारूति,122
परखने,24
सकरा,42
धरोहरों,0
सुखा,17
होम्योपैथी,63
नरम,36
लल्ला,42
रंगकर्मी,105
गृहणी,188
बदलती,14
रुकवाया,24
छोड़ते,24
कुचलने,7
अनबन,14
पुत्रियां,197
बंसीलाल,42
कोयलांचल,42
सोचते,24
जागे,19
हत्याओं,53
लेंटर,40
नन्हीं,197
अखाड़ों,31
रक्तदाताओं,43
उठाता,24
चेत,46
वाचन,42
वायदों,53
स्वास्थ्यकर्मी,63
निभानी,21
जननायक,105
जुबां,65
प्रतियां,34
परमार्थ,43
बारीकियां,0
माचिस,17
काजू,17
सर्वदलीय,43
भोली,39
शहनाई,170
पनकी,42
कांटी,42
अवसरों,77
सिक्कों,185
त्रुटियों,14
भूले,19
तम्बाकू,13
सम्बंधित,43
शासित,51
नायाब,99
वशिष्ट,42
ब्रह्मचारी,42
पड़ती,24
कामधेनु,41
फार्मेसिस्ट,43
कातिल,53
शीशी,40
गुब्बारे,7
छंटनी,195
टयूबवेल,40
नीर,154
नाचने,170
खाएं,17
सप्तमी,42
तारे,36
तीव्रता,169
गहराने,19
पोस्टमास्टर,40
निरक्षर,18
जिन्दगी,19
मच्छरदानी,17
लटकते,7
लौटाया,24
घपला,53
दालों,17
परिधानों,29
खरपतवार,17
मुनाफे,166
धोती,29
मुग्ध,19
मालामाल,166
बुलावा,24
जुटेंगे,24
पीक,58
अनौपचारिक,21
बदलता,14
अकादमिक,43
कतारबद्ध,40
कैंची,17
इंतकाल,69
नजरिया,0
मुख्तयार,42
कपडे़,29
चमेली,36
ठप्प,14
झपटी,53
दामिनी,53
नोंक,7
टोका,53
वन्यजीव,41
महती,21
छोड़ने,24
प्रागंण,40
मुकीम,154
छेद,28
सुंडी,17
गोरक्षा,41
शंख,170
राष्ट्रगान,18
कस्तूरी,42
बमबम,42
ढर्रे,19
औरत,197
झरना,144
रौब,154
कार्यक्षेत्र,166
वेल,151
जायेंगी,24
पुश्तैनी,177
अलगाववादी,25
अधीक्षकों,43
निर्णयों,43
फोटोग्राफर,151
कसम,7
फेहरिस्त,40
थिरकते,170
अधमरा,7
चेस,68
वली,154
अल्का,42
कम्यूनिकेशन,151
कछला,23
लगवाकर,24
कीजिए,24
पटवार,43
दरवाजों,40
संकोच,24
पैंतीस,77
जनेश्वर,55
मृदुला,42
फहराने,29
आइए,24
काश्तकार,166
चलंत,88
बजरिया,42
रुद्राभिषेक,42
वेदांत,42
खोदी,40
ऐतराज,53
रहूंगा,24
भावपूर्ण,0
शान्ति,43
स्टाम्प,34
निराशाजनक,0
स्मारिका,43
हिरन,41
रिफंड,166
प्राणियों,98
पत्थरबाजी,25
अधिकता,157
आटे,17
मंडलाध्यक्ष,43
चुराई,24
बाड़े,17
अनभिज्ञ,0
हजारा,42
मिश्री,17
सुनहरा,36
ब्रह्मदेव,42
बरकत,154
भड़की,53
अकीदतमंदों,154
मसाले,17
सोचकर,24
सत्यार्थी,156
तुम्हें,178
उत्सुक,19
उजाड़,40
दुश्मनों,25
सुबेदार,42
जनसमूह,18
दिलावर,154
सगाई,197
आरम्भ,26
ठूंस,7
गाजर,17
ताजपोशी,55
टिन,40
ढाल,14
गुलामी,18
उचक्के,53
हथकंडे,24
खोखले,11
जागा,19
फैलते,11
जिमखाना,10
तुलाराम,42
बनेंगी,24
प्रसंस्करण,22
क्रियाओं,0
हटाये,7
लालसा,19
पीढि़यों,177
टैबलेट,151
नेटवर्किंग,151
कसौटी,85
अधिसूचित,34
लकड़ा,42
अपहरणकर्ता,53
राजमिस्त्री,166
सुंदरकांड,42
बैलगाड़ी,40
आदिम,156
छूटी,24
अढ़ाई,77
सूजन,63
भांजा,197
चश्मे,29
सूनी,19
रसायनिक,17
करवाता,24
छपने,34
स्वर्णिम,0
दर्पण,24
बचाते,24
बर्ताव,53
ईसा,103
वर्धन,42
बल्लेबाजों,31
पेंशनधारियों,43
पिलाना,17
गरजे,36
देशद्रोह,18
बाजा,170
टकटकी,24
देवरानी,197
तलहटी,10
फरमाया,154
लड़ने,55
रूपों,22
चहलकदमी,7
अशोका,42
सीढि़यां,40
रिजेक्ट,151
खुलती,24
कातिलाना,53
काबीना,43
सर्वधर्म,43
जनसेवक,43
टेक्नोलाजी,151
विद्यापति,92
परिप्रेक्ष्य,0
यांत्रिक,43
चित्रण,88
कॉरपोरेट,166
वेदों,42
वाम,18
सर्वांगीण,43
टीजीटी,195
शुष्क,17
निर्यातकों,166
सेहरा,7
सैद्धांतिक,0
चिंहित,166
निर्यातक,166
देखती,24
चिता,69
कसाना,42
पंचमुखी,42
कारनामे,93
अपर्णा,42
गरुड़,74
ताकीद,53
पतली,44
मेहनताना,166
उम्मीदवारी,43
मंगाने,24
खात्मा,6
आलिया,112
परोपकार,39
टुकड़ा,17
सजाकर,36
लड़के,197
खड़िया,40
सोमेश्वर,42
मित्रता,71
बिल्ली,41
तीर्थनगरी,37
टोलों,40
मेघनाथ,45
सत्रों,26
भद्रकाली,42
व्यावहारिक,0
जनाब,154
बाशिंदे,40
मिहिर,42
किन्नरों,74
ज्वार,144
बिखेरा,36
नागा,37
छज्जा,40
टिका,24
ठोक,7
भांप,19
निपटाए,14
सलाहकारों,98
निष्कासन,43
टुकड़ी,25
पत्तों,17
वाणिज्यिक,166
आवश्यकताओं,14
कैंथ,42
लक्खा,40
फूंककर,36
संचिका,151
होर्डिंग,34
इनलोगों,24
जर्सी,8
अपहर्ता,53
दोहराई,65
भावविभोर,19
संवत,42
विश्वासघात,53
यूनानी,187
सकल,107
फिरनी,17
भैंसा,41
संपादन,34
साये,19
निर्जला,42
बशर्ते,62
दौड़ती,7
फूलचंद्र,42
विधाओं,34
डराने,53
फैन,19
लाएंगे,24
दिवसों,26
पापों,39
रवी,42
पथरा,44
अपूर्व,99
ब्रजपाल,42
अध्यापिकाओं,43
मेघ,36
अनुकरणीय,99
कलई,24
सलिल,42
काठगोदाम,42
सिखलाई,24
प्रपत्रों,34
झंझट,14
संजीदगी,154
बादाम,17
ब्याह,197
जुदा,154
क्रियाकलापों,0
बचता,24
कूट,17
सत्तापक्ष,18
चौथाई,26
हरिश्चन्द्र,45
बचाएं,24
प्रसाधन,22
टीला,40
रोजेदार,154
ताजमहल,40
जख्मों,17
केश,17
लुढ़क,7
ठिठुरते,36
छड़ी,93
योगासन,189
बननी,24
गूंजे,170
शक्त,43
निवेशक,166
दर्शाने,0
गृहिणी,188
हारी,24
बीहड़,67
डाकबंगला,188
पितृ,42
घूमता,67
पेशेवर,105
महापुरुष,105
गंगे,74
पीटते,7
पॉजिटिव,63
उखाड़ने,7
सुपुर्दगी,53
उगल,36
जानेवाली,24
जोगिया,170
झांकने,24
बख्श,154
ठोकरें,7
छोड़ा,24
तलाशा,24
बच्चें,197
करायेंगे,24
डरने,24
मिटा,11
देवभूमि,42
नगराध्यक्ष,43
रफीगंज,42
नगाड़ों,170
मृदुल,36
करियाना,42
चिड़िया,41
छिनैती,53
शोषित,18
कथक,105
ग्वार,17
खेलें,31
मोहंती,42
भिक्षु,42
धोखाधड़ी,53
कार्यकताओं,43
काटनी,24
नाकों,171
अग्निपीड़ितों,42
बिछी,7
अवधारणा,0
सुधारा,14
अंतरिक्ष,90
हड़कम्प,53
निदेशिका,151
फसली,17
राजाजी,42
हलक,7
हरण,46
मेजबानी,31
बहुतकनीकी,43
तोड़ने,40
पूर्वाभ्यास,105
मतपेटी,43
अस्थि,138
नगण्य,0
चलाती,24
फंसाकर,7
दरी,7
प्रतिरोधक,0
बदनामी,53
दंडात्मक,53
दुर्ग,40
वृन्दावन,42
दलाली,53
इंगलिश,49
दस्यु,53
जमाबंदी,166
अतिपिछड़ा,18
तिमाही,103
किस्तों,166
कपिला,42
मंगाए,24
अधिष्ठाता,88
खिलाफी,53
प्रवर,43
चंबल,144
पीपा,40
पंसद,24
गड़बड़ियों,14
रेहड़ियों,40
सुजान,46
बुर्ज,154
यादगारी,19
स्वामित्व,166
अतिक्रमणकारी,166
उच्चीकरण,43
नारियों,197
स्त्रोतों,22
स्तरों,0
खजूरी,67
परिभाषा,0
जाले,17
खैहरा,42
दागकर,25
पाहन,46
अन्तिम,26
इस्टीमेट,43
जोड़ा,71
कठपुतली,105
लोकनायक,105
डिमरी,42
नारायणी,42
बिकी,166
पोस्त,13
शिकायतकर्ताओं,53
हसरत,154
जुड़ा,71
परस्पर,71
रासुका,53
निष्काम,39
गोरखधंधे,53
मुशायरा,154
गहलौत,42
लकीरें,44
तुर्की,37
कलाओं,18
चाहरदीवारी,40
वैष्णव,42
प्रगणक,43
मुठभेड़,25
वनवास,45
नासूर,17
उड़ाकर,7
कार्यवाह,43
तहसीलदारों,43
छूटकर,24
टोरंट,40
जगाई,19
बायोमीट्रिक,151
खेमा,18
रितू,42
असाध्य,63
जनसम्पर्क,43
चूर,39
कलियुग,45
सोय,46
निपुण,24
रहो,24
सार्थकता,0
सगी,197
डटकर,18
तांगा,40
हत्याएं,53
मापदंडों,43
कोचों,40
भुगतनी,24
मनोयोग,198
संतरा,17
तूफानी,53
नशामुक्ति,43
गिरना,7
कन्यादान,197
उछल,7
अस्त्र,25
क्षोभ,53
गूंजता,170
पसरी,19
सोये,19
पकड़ता,7
गोमांस,41
चचेरा,197
बंधुआ,166
टैंकों,25
मालाएं,29
उच्चीकृत,43
परिपूर्ण,181
मंगवा,24
निर्भीक,18
तरल,12
लिखते,34
भरेंगे,167
गोरखधंधा,53
दाव,24
तीखा,65
भली,0
मुट्ठी,7
चम्मच,17
जोड़ी,31
करौं,46
हजूरी,154
थानेसर,42
नशेड़ियों,40
फटे,7
शायरों,154
गड़बड़ी,14
परिचितों,71
नाश्ते,188
करेगें,24
वसूलते,166
टोकरी,17
कीटों,17
सम्बद्ध,43
बालों,17
नगरवासी,40
ट्रांसफॉर्मर,40
भुलाकर,19
लार्वा,17
अच्छाई,39
बढ़चढ़कर,53
प्रधानपति,197
कुर्सियों,7
चाहर,42
सिंदूर,29
अवाक,19
इस्लामी,18
बसने,40
निशंक,1
गुलदस्ता,36
तिथियां,34
आढ़त,166
थपेड़ों,36
घुसते,7
राशी,166
घिरी,7
लौकी,17
कारनामा,93
धंधेबाज,53
ट्यूबवेलों,40
आदित्यनाथ,55
कठघरे,7
मिश्रण,71
ढोरी,176
अनुवाद,34
अलकनंदा,144
कीपर,153
दुस्साहस,18
रंगीला,170
सुनना,65
प्यारों,42
समानांतर,28
नगरपाल,43
डूबते,144
खाय,46
महिलायें,197
तृप्ति,24
आरोग्य,43
जन्नत,74
उकसाने,53
सूना,19
कद्र,24
तकनीशियन,105
टापू,144
आराध्य,42
टायरों,40
वादक,170
बौखला,7
शिक्षाधिकारियों,43
चोटों,69
पिछड़ा,18
आडिटोरियम,40
जीआर,42
स्वास्थ्यकर्मियों,63
परिस्थितियां,14
अलौकिक,0
हीरे,185
अज्ञानता,14
इश्क,154
सूखाग्रस्त,43
मनमुटाव,14
श्रीमद,42
खरीदनी,166
मांगता,53
जलन,63
खतरों,0
कॉपियों,34
रक्षपाल,42
सजीव,0
गुरुचरण,42
रखवाया,24
परोसा,17
प्रतिज्ञा,39
मैंथा,40
दफना,69
रुस्तम,42
सुपरिटेंडेंट,43
पन्नों,34
स्याही,80
धातु,185
नशामुक्त,43
नवीकरण,43
काश,24
मोटापा,63
असंवैधानिक,53
विशिष्ठ,0
दिगम्बर,42
सहेजने,24
मगरमच्छ,41
मीनार,40
अगरबत्ती,17
लुभाया,170
रोमांच,182
गाढ़ी,36
यार,71
समकालीन,0
जयकार,170
न्यायपालिका,43
पृथक,0
कट्ठा,77
एक्सिस,151
पहुंचाकर,24
करूंगी,24
भूपाल,42
शबाब,154
बांसुरी,170
कर्कट,63
दूधिया,36
निहार,24
चुकता,24
नगमा,152
रुमाल,29
चाकुओं,7
एकाध,77
भव्यता,0
बागड़ी,23
समतलीकरण,43
दुघर्टना,14
पुरोहितों,42
प्रीतपाल,42
सुधरेगी,14
टालने,14
आसरे,39
अड़ंगा,7
चौड़े,28
वनकर्मियों,41
खलीफा,154
रूमाल,29
भावनात्मक,0
बहुमंजिला,40
जागी,19
अंगूठा,44
इंडिगो,37
योद्धा,18
अश्लीलता,65
कंगन,29
दीवाना,154
अनिकेत,42
बढ़ेंगे,157
महाराजपुर,42
मंसूबों,53
जगाया,19
भरवाए,24
होगे,24
तुम्हारी,178
छुपी,11
पड़ोस,197
उपक्रम,166
पनाह,25
उखाड़कर,7
हत्यारा,53
ट्रालियां,40
नपेंगे,53
कलसी,42
चीता,41
स्थगन,26
बिफर,7
समारोहों,43
जसमेर,42
साक्षात,42
नब्ज,24
तबका,18
आयेगा,24
बोने,17
नाटकीय,14
निदेशकों,118
हथियाने,166
बाजरे,17
समझता,24
ओला,140
हौंसले,18
अहसान,39
मुंसिफ,53
पहनी,29
ऊनी,29
रिव्यू,151
ताना,7
दाउदपुर,42
सदभावना,43
व्यस्ततम,19
ठीकठाक,26
जलाते,36
मछुआरों,144
मेड़,17
भीमताल,42
ग्राट,151
बर्फीली,10
हर्जाना,166
परखा,24
फिरने,67
महाधिवक्ता,53
मोटरसाइकिलें,40
दुविधा,14
चन्दन,29
उपतहसील,42
टोक,53
रफूचक्कर,53
पहुंचाएंगे,24
दबाया,44
अंतराष्ट्रीय,37
फफक,7
सूर्योदय,42
साइट्स,151
भ्रष्टाचारियों,53
नित,0
शिवभक्त,42
उपद्रवी,53
फरक्का,40
उठना,24
लकड़ियां,17
विचारण,53
अरमानों,154
मदिरा,13
मंगवाया,24
विद्यमान,7
सखी,197
भरता,167
सांसे,44
विद्रोही,18
काई,17
जलाल,154
बरगद,17
चूरा,17
वैधता,43
ढलने,42
केंद्राधीक्षक,43
सैकड़ो,77
भेल,142
गूंजते,170
मेमो,34
चुकाना,166
हैरतअंगेज,93
बूझकर,14
करों,166
हथेली,44
सिखाई,24
भड़का,53
बगान,10
बेर,17
सीमाएं,11
रेखांकित,11
जंजाल,7
पकड़ना,7
टाई,29
शक्तियां,0
सम्मानजनक,39
ढिबरी,29
घोड़ों,41
पहुचाने,24
कीड़ा,17
जनसभाओं,53
नाइंसाफी,53
शिद्दत,154
भिजवाने,24
बछड़े,41
दशहरे,42
पोता,197
चढ़ाए,29
उतरवा,29
नहाय,46
तोड़ना,40
झूलते,7
कंपोस्ट,17
ईपीएफ,43
चॉकलेट,17
सादी,44
शातिपूर्ण,53
खाद्यान,17
ठोंक,7
नशाखुरानी,42
छायाप्रति,34
ब्राह्मणों,156
चाहकर,53
अनशनकारी,43
घबराए,7
परिसरों,40
चाहने,19
कसूर,56
दीमक,17
कीटनाशकों,17
अनैतिक,39
गुरबाणी,42
सूबा,37
पहेली,93
ब्रजभूषण,42
जगन,152
संजोए,24
वर्णित,0
जातिसूचक,30
तालिका,34
हुजूर,154
बंपर,122
वैधानिक,53
गहराता,19
मेहनती,39
लोकमान्य,30
बिट्टा,42
बदलेगा,14
सांप्रदायिकता,18
इण्डिया,127
सड़कें,67
बूट,29
सेवाकाल,43
दोहरीकरण,40
चुराया,24
तुम्हारा,178
सेवारत,43
मुसाफिरखाना,40
सरीखे,81
पुरस्कारों,30
दिखावे,53
दिखीं,24
महापुराण,42
सत्तासीन,18
आपाधापी,19
सहेलियों,197
इकरार,154
रक्षित,22
जनशक्ति,18
कद्दू,17
रवैए,53
पेड़ों,17
बाधाओं,14
चन्द्रा,42
बारदाना,166
दिलाएंगे,24
बंदकर,24
सदनों,43
निकलेंगे,24
बाघिन,41
लक्षणों,63
सहभागी,43
टोलियां,40
चकनाचूर,39
खंगाले,24
जीर्ण,14
स्वीकारी,53
चिपका,7
महाप्रभु,42
बांटते,71
जमींदार,166
ओतप्रोत,181
ढका,7
नामावली,34
संचित,22
मिसाइल,25
पत्रावलियों,34
बैंककर्मी,43
केन्द्राधीक्षक,43
नृशंस,53
सुदृढ़ीकरण,43
लीलाधर,42
पायेगा,24
केवटी,42
उगाने,17
जयकारा,170
बिछ,7
इमली,17
कोना,40
कन्नी,17
सुचना,186
फब्तियां,53
हाता,123
बतातें,24
नरमी,53
पाठयक्रम,43
डालर,77
जवानी,154
मुख्यमार्ग,37
झालरों,36
जनसंघ,43
पाइपें,40
कुठाराघात,43
भटके,24
चाहेंगे,24
रेंगते,17
मोची,156
वर्गमीटर,77
उपस्वास्थ्य,43
चेचक,63
तस्वीरों,24
उद्यमिता,105
स्तब्ध,19
पन्ने,34
ग्रामीणो,40
आसमानी,36
अपहृता,53
पतंगबाजी,7
क्षितिज,42
घराने,177
विवशता,53
बुढ़ापे,197
अर्ध,47
बुलायी,24
जीविकोपार्जन,22
संकलित,34
गमछा,29
दास्तां,65
डंपरों,40
फरारी,53
मांगो,43
गोलचक्कर,17
नगरनिगम,37
सुनहरे,36
स्वरूपों,22
चित्रकार,88
फेंकना,7
ज्ञानेश्वर,42
सांझी,71
जनसूचना,186
इनायत,154
अनोखी,99
अनाजमंडी,166
स्थायीकरण,43
झटकों,7
पोलो,106
सुगंध,36
सुअरों,41
चकाचौंध,36
टॉयलेट,40
गेंदा,36
असहज,19
भिंडी,17
उत्तराधिकारी,177
वाट,163
इंतजामों,53
सेवादारों,42
दुखड़ा,7
विद्यालयी,43
परखच्चे,7
क्रांतिकारियों,18
गड़बड़ा,14
दुलार,39
नाल,40
मोरी,46
पलटवार,65
अंशदान,43
नगरों,37
नावों,144
शुक्रिया,99
सुनार,156
फावड़ा,7
भिड़ंत,7
मनपसंद,24
अभियांत्रिकी,43
तोड़ा,40
खुलवाकर,24
स्वाधीनता,18
बहते,17
कजरा,170
हटाते,7
खाताधारक,166
बकायेदार,166
प्रतिकर,166
धर्मपत्नी,197
कोठरी,44
गूंजने,170
दागे,25
वेंटीलेटर,63
जुआरी,53
भूमिहीनों,166
वॉलीबॉल,31
धुना,53
फीकी,36
पंजा,44
कबूतर,41
चमत्कार,24
उतरेगी,24
किसको,2
चोरियां,53
मलकीयत,42
बरपाया,53
निवृत्त,43
रोमांचित,19
दहलीज,40
अनजाने,19
जुगनू,154
धक्कामुक्की,53
कारनामों,93
प्रतिपदा,42
थैली,40
कदाचारमुक्त,43
इत्र,36
दुर्गंध,17
प्रांजल,42
मातहत,43
थमी,24
बजाया,170
ग्रामप्रधान,43
आदतों,19
सभ्याचार,42
कैंसिल,26
डरते,24
शिला,40
चूके,24
दर्शाते,0
फोड़ा,7
मिनिस्ट्रीयल,151
बुलवाया,24
सूअर,41
विकार,63
खंगाली,24
चकित,19
फांद,7
डगर,67
मुसीबतों,14
बलबूते,39
बिगड़ता,14
मायनों,0
नवरात्रि,42
बसाया,40
सुनंदा,42
पाटने,18
असफलता,14
अचार,17
लाइलाज,63
त्रुटियां,14
तेनुघाट,40
आहरण,166
ठनका,44
पहुंचें,24
छोड़ो,178
पुर्नवास,40
लौटेंगे,24
उड़नदस्ता,25
औरतों,197
विलंबित,26
परिचायक,11
कर्मचंद,42
मैला,40
निकलीं,24
दिलाएं,24
धाराएं,144
माकूल,43
उजाले,36
पनवाड़ी,197
व्याकुल,19
असरदार,0
सुनहरी,36
जाइए,24
मांगकर,53
अनोखा,99
सम्मन,42
कुंअर,46
जबसे,24
आंचलिक,37
बिछाए,7
किससे,2
हठधर्मिता,53
मूंदे,44
विस्तारक,47
लील,7
साझेदारी,166
चश्मदीद,53
चुपके,24
ध्येय,43
पूर्ववत,43
मार्फत,43
बुलंदियों,99
खपरैल,40
उखड़ा,7
वृद्धाश्रम,197
चिढ़ा,65
विचित्र,65
शरबत,17
बाले,40
निश्शक्तों,42
गायें,41
बिंदा,197
निर्वाण,42
प्रोटीन,189
जानेवाले,24
टाऊन,40
पुलकित,19
फटी,17
शाला,43
राजपत्रित,43
सूटकेस,40
भोगी,82
सुलझाया,14
अतिवृष्टि,36
हिन्द,18
अवरूद्ध,14
नामोनिशान,11
चित्तरंजन,42
गिराए,7
वर्दियां,29
नफे,0
चुकानी,166
उखड़ने,7
घुटनों,44
लौटाए,24
शादियां,197
तरसना,154
हलवा,17
फैलाकर,11
हेक्टेअर,77
तंज,7
अफसाना,154
रेलगाड़ियों,40
पेटियां,43
चढ़ता,29
नागरिकता,43
सहजता,0
पुनर्जीवित,6
जमीनें,166
दिखाता,24
सर्जिकल,63
सीएनटी,42
हिन्दुओं,18
बरबाद,53
उतारना,29
जोड़ता,71
मालबाजार,42
गैराज,40
जन्मतिथि,34
भागेदारी,43
चूड़ा,17
तहजीब,154
लिखाने,34
व्याख्याता,43
बनबसा,42
आवाजें,170
गांवो,37
असामयिक,69
मार्गदर्शक,43
सिगनल,163
बूंदें,17
सुप्रसिद्ध,105
पुष्पवर्षा,36
मांगना,53
मनाकर,42
बाण,25
कुचले,7
फैक्टर,163
सेवानिवृति,43
फिसलन,7
आजमाइश,24
शवदाह,69
अनाथालय,18
कानूनन,53
मीडियाकर्मियों,34
चतुर्थी,42
कारक,160
सजायाफ्ता,53
बिगड़ा,14
दलहनी,17
लजीज,17
भ्रामक,14
जन्मभूमि,37
डंका,170
छठवें,103
मुखियों,43
शिकंजे,7
लगाओ,178
झूलों,7
ब्राडबैंड,151
रहनी,24
हटवाकर,24
प्रत्यावेदन,43
सुशोभित,42
किराने,166
वादियों,36
व्यथित,19
तपोवन,42
बैठता,7
दलीलों,0
उमड़ी,53
भट्ठियों,40
सुनता,65
महादान,43
धड़कन,44
कथन,0
इशारों,65
समकक्ष,0
घुमाने,67
अभिभूत,19
नौटंकी,105
पटी,17
देशभक्त,18
तबस्सुम,154
कुदरती,0
खोजा,153
करवाएगा,24
चिश्ती,154
चाकलेट,17
कुंवारी,197
दौड़ाने,7
वार्डबंदी,43
उड़ा,7
झुक,44
पंचवटी,42
अनुसंधानकर्ता,98
अनसुनी,53
बंशी,170
फूंके,36
पंचवर्षीय,2
छिड़ककर,17
पहचाना,24
इद्रजीत,42
गहना,29
मुस्करा,65
झोले,40
गोलिया,25
एहतियातन,53
धर्मातरण,18
अंधकारमय,36
बिखेरी,36
आठवां,103
बैठती,7
मागें,43
तंबू,40
छात्रावासों,40
सड़ने,7
थाईलैंड,33
बरसाने,36
प्रचारित,18
दहला,53
पलों,19
मालकिन,188
हिम,10
अवरोधक,2
सोंधी,17
मुझ,24
योगाचार्य,42
ईटें,40
उठाती,24
अकारण,14
कायल,19
भगाकर,7
छेड़खानी,53
बावन,77
उत्तरदायित्व,21
जीतना,24
चिरैया,41
घण्टे,26
गौड,42
चित,198
राष्ट्रहित,43
घबराने,24
पूरामुफ्ती,154
बाजों,40
एकबार,65
भावों,0
स्टैंडर्ड,151
सौंपेगी,21
जंतुओं,98
क्रियाशील,0
शल्य,63
नौकरियां,195
गोविंदपुरी,42
धमाकों,25
लम्बित,26
पूजनोत्सव,42
तरफा,53
खदेड़ने,7
चालित,47
उपन्यास,182
घरवाले,197
घूमती,67
गरमी,36
खटारा,40
उठेगा,24
बाधाएं,14
कड़ा,53
किताबी,42
एक्टिंग,112
सूत्रधार,105
पिताजी,197
सिंहासन,177
फौजदार,42
लिखेंगे,24
दोगुने,157
ऊंज,42
बाल्मिकी,42
समाजवाद,18
शिथिल,7
अशिक्षित,18
मानहानि,134
दूरगामी,0
प्रयत्न,24
क्लीनिकों,63
रजामंदी,53
राष्ट्रमंडल,31
तिलहन,29
व्यवसाइयों,166
दिखानी,24
सूचि,34
सदमा,69
छोड़ेंगे,24
राखियों,7
तमंचों,25
रुकना,67
सुकन्या,16
ढांचागत,43
महापरीक्षा,42
धुपगुड़ी,42
करीना,112
कर्जदार,166
हेतू,76
तोहफे,29
सिंचित,17
चट्टान,40
कुशासन,18
गड़बड़ियां,14
रेती,42
निबटारा,14
विचलित,19
हटवाए,24
ठहराने,53
मंडावली,42
कम्बल,29
बर्बरता,53
दस्तखत,53
हत्याकाड,53
अन्यों,24
सर्तकता,53
सुखमय,189
मनोरंजक,182
बुलाना,24
प्रजापत,42
बुखारी,154
कार्डधारी,43
अंगरक्षक,21
हश्र,56
पलीता,7
चचेरी,197
प्रदर्शनों,43
झेलते,53
परनीत,42
ताने,7
नाखुश,19
प्रसून,42
वंदे,18
शिक्षाओं,42
कदापि,53
घाटो,144
हरिश,42
मर्माहत,14
मैना,41
हसीना,154
स्थानान्तरित,43
दुश्वारियां,14
भड़काने,53
इन्वर्टर,40
विशालकाय,77
प्रजेंटेशन,151
अवशेषों,40
जनधन,166
उपसरपंच,43
भूखा,69
सवर्ण,18
बेलसंड,42
पंजाबियों,42
लपेट,7
जुड़ना,71
गोलक,114
कुरूक्षेत्र,45
इकलौती,177
लड़कों,197
बेनतीजा,14
मीठी,17
दुष्परिणाम,0
लानी,24
सितम,53
खिलने,36
हारकर,55
पंचशील,42
जागता,19
प्रत्यक्षदर्शी,53
सोचे,24
बरकट्ठा,43
मातृभाषा,37
स्पर्धाओं,31
कंडा,42
झगड़ों,14
पहचानपत्र,34
गुस्साई,53
एलर्ट,53
खाताधारकों,166
शरत,42
मार्मिक,0
लघुशंका,40
उन्नीस,77
बचती,14
पका,17
लाखो,77
मोदक,42
हालिया,53
बैंडबाजों,40
बेड़ा,144
झाड़ियां,17
बरसों,26
दीघा,37
बहेड़ा,17
कोठे,53
चढ़ावा,29
रूका,67
इबारत,53
आक्रमण,53
लक्कड़,166
सुनें,24
फूला,11
संदेशों,181
छान,36
प्राध्यापिका,43
बोलती,65
गुमशुदा,53
शिष्टाचार,39
छपाई,34
धड़कनें,44
ढोलक,170
असंतुलन,14
क्लासेज,151
वेल्डिंग,40
नसरीन,154
बाबुल,154
कुदाल,7
दुरूपयोग,43
पेंसिल,80
भूलते,19
विषपान,41
कोढ़,63
किरणों,12
गलतियां,14
जिलापूर्ति,43
टंकियां,40
नगाड़े,170
कतारों,40
पगडंडी,67
लाईसेंस,34
प्रसूताओं,197
डकार,17
मुक्केबाजी,31
असुविधाओं,14
चौकियां,25
खटाई,36
दुष्प्रचार,18
क्षणों,19
घोषणापत्र,53
बिठाया,7
छाये,19
नरसंहार,53
स्वचालित,47
तीर्थयात्रियों,37
भरती,167
कोऑर्डिनेटर,43
पंखों,7
संवारा,36
खोदा,40
अखाड़ा,31
नीचा,10
रूपाली,42
दर्शनार्थियों,42
लोकमंच,105
उड़नदस्ते,25
लहराने,29
पपीता,17
हस्त,130
राज्यभर,37
ढ़ेर,40
जीवनशैली,19
वर्मन,42
कपड़ा,29
इसबार,65
धारियों,28
शीर्ण,14
भूलकर,19
सपूत,18
गलियारों,37
अशासकीय,43
इलाही,154
गूंजी,170
रुकती,67
महांती,42
बिचौलिये,53
गौरीकुंड,42
मिठाईयां,17
पंडौल,42
पत्तियों,17
आईना,24
मंगवाकर,24
खींची,24
बैरागी,198
गड्डी,40
मियाद,166
शत्रु,25
समेटे,24
एकांकी,34
असैनिक,25
मनोवैज्ञानिक,98
झपट्टा,7
गुरूद्वारा,42
दोराहा,67
उंची,10
अपंग,18
बदतमीजी,53
विलाप,7
आतंकित,19
ऐच्छिक,43
संकेतक,0
परमेश्वरी,42
झुलसकर,36
कोरे,80
निगलने,17
सम्बंध,71
रवींद्रनाथ,92
मेहताब,154
लगवाना,24
प्रबोध,42
नगेंद्र,42
मुड़,7
निभाना,21
उजाड़ने,40
दुलारे,39
उल्लघंन,43
क्षेत्री,42
खिड़कियां,40
लटकाया,7
कातिलों,53
घुमाया,67
पकने,17
नाड़,36
थ्रेसर,40
कष्टों,39
कड़े,53
पताका,29
संस्करण,34
बदबूदार,17
कुंए,40
गेंदबाजों,31
आंदोलनों,18
बहुउद्देशीय,43
धर्मावलंबियों,18
सब्जबाग,24
बेचू,42
लटकती,7
हैंडबॉल,31
झगड़ा,14
मेहरमा,42
बागानों,10
करवाएगी,24
फाड़ी,7
स्वीकारा,53
केलिए,24
प्रद्युम्न,45
रनियां,40
कुली,7
परोसने,17
भाले,7
विधियों,43
पहचाने,24
गारमेंट,29
हथकड़ी,7
जूझने,14
अनगिनत,77
पूर्वान्ह,26
नवीं,103
बढ़ाये,157
गुणवता,43
गंभीरावस्था,69
अपरिहार्य,14
बाटी,17
दिखेगी,24
आघात,69
बहुतायत,119
कलक्टर,43
सचेतक,43
लिफाफा,40
जोड़ती,71
ध्वजा,29
रसिया,170
सिने,105
लक्ष्यों,43
निभायी,21
तनुज,42
जुटाकर,24
चिकित्साधीक्षक,63
खाड़ी,37
बाजीगर,93
मूत्र,40
विधानमंडल,43
एनीमिया,63
बरसने,36
आत्मघाती,25
जनादेश,43
प्रौढ़,180
वैशाखी,42
स्मारकों,40
घोड़ी,41
चड़वाल,37
हमलाकर,25
मूली,17
अर्हता,43
शिष्या,42
अविलम्ब,26
नाइट्रोजन,12
रस्साकशी,7
मधुमक्खियों,17
उमड़ती,53
हटेगा,24
मुसीबतें,14
शाश्वत,0
करवाये,24
सड़े,7
एकाग्रता,198
कॉलम,40
झपकते,44
आनंदित,19
सुविधाजनक,189
तैर,144
लकीर,44
चारागाह,43
जानिए,24
कॉपियां,34
येलो,58
एकदिवसीय,43
सबल,189
रोती,7
कहानियों,182
पुनरीक्षित,43
समूची,0
बदलनी,24
रसूख,154
बुलावे,24
गर्भावस्था,197
सिफारिशें,43
पापड़,17
गुरुग्रंथ,42
हितकारी,43
नकारते,24
लाती,24
दर्शाए,0
दुबक,7
खरीददार,166
निरक्षरों,18
पहाड़,10
क्रियाएं,0
छर्रे,25
धमकाकर,53
संकीर्ण,11
सारणी,34
बेमौसमी,36
हिलाकर,7
आपसे,24
बिठाने,7
उड़द,17
रामरूप,42
टोलियों,40
प्रसंगों,182
दिलदार,154
प्राथमिकताओं,43
कलाकृतियों,88
उड़ान,37
बैकुंठ,42
नामुमकिन,24
सूझ,19
कहानियां,182
स्वादिष्ट,17
खिन्न,19
दफनाने,69
अड़ियल,53
जड़ों,11
फाड़ने,7
भंडारों,22
हटते,7
आहूति,42
कब्जाने,166
पंक्तियां,34
डायलिसिस,63
बेड़े,144
वरण,39
संवेदनहीनता,0
सेविकाएं,43
टूटते,7
झासा,23
रहनेवाला,24
ऐश्वर्या,112
हुलिया,14
तरसते,154
लगवाएं,24
वृद्धापेंशन,43
सुरों,170
पायेंगे,24
रिपोर्टिग,34
नजराना,53
रिश्वतखोरी,53
बिता,19
मोहक,36
रोया,7
रियायती,166
नापाक,53
लस्सी,17
मंहगा,166
कमीज,29
प्रजातियां,156
अष्टम,103
चढ़ाते,29
आजमाने,24
भड़के,53
सितारे,36
ध्वस्तीकरण,43
मक्के,17
पिछड़ेपन,18
लाएगी,24
डॉक्टरी,63
आइपी,35
सर्वजन,18
जनसैलाब,53
मालिनी,82
सलाद,17
गिनाते,24
वनकर्मी,41
मध्यरात्रि,26
किरणें,12
समझदारी,39
छायी,19
बिताए,19
नुकसानदायक,0
अस्वाभाविक,14
स्वर्णरेखा,42
प्रासंगिकता,0
घोंट,7
प्रणय,83
मटकी,17
बढ़ें,157
हथौड़ा,7
धागे,7
नापी,7
आलाधिकारी,43
निमित्त,22
अन्त,26
घनौली,42
नोंकझोंक,53
मंदार,42
निर्वतमान,43
मनवा,85
जागने,19
महुआडांड़,42
पूड़ी,17
लहरों,144
उपायुक्तों,43
कवच,28
नन्ही,197
वीरों,18
चिंतक,105
दहल,7
उलझन,14
अग्रसारित,34
गार्डर,43
खुशगवार,36
प्रशंसकों,19
बंटने,71
जुटाया,24
थिरकने,170
दाएं,44
स्वंय,24
उपमहाप्रबंधक,43
क्षेत्रिय,87
रामावतार,42
नुमाइंदों,154
दर्जी,156
आरोही,136
जलसंकट,40
ढूंढते,24
सरोकारों,18
बुनाई,29
छुपे,24
लोकवाणी,43
क्षम्य,14
नाबालिगों,53
विलम्ब,26
महोदय,1
तटीय,144
बटोर,24
टीले,40
गंवानी,24
त्रिपुरा,37
पतियों,197
चुराए,24
हमको,24
सचमुच,24
रामपुकार,170
शिवाय,42
हदें,11
विमुख,53
पराजय,42
हाड़,44
करूं,24
चाहिएं,62
करंसी,40
सेवई,17
तलाशते,24
सोनार,40
लिबास,29
जुगियाल,42
आचार्यो,42
अत्याचारों,53
परिर्वतन,14
फूलमाला,29
गुनाहों,53
पाएंगी,24
आदेशित,43
शिक्षको,43
कव्वाल,154
बोलीं,55
लाओ,178
अटकलों,53
योगिता,42
रंगत,36
अनुसूची,2
सजावटी,29
ख्वाहिश,154
बहना,144
पगार,166
बलगम,63
जयकृष्ण,42
महाबली,42
नरेगा,16
स्वावलंबन,18
मराठा,42
कब्जाधारियों,166
अवतरण,42
गोहत्या,41
खरीदें,166
बेलदार,42
रुकेगी,24
बिताया,19
खोजते,24
कुंजी,44
भांगड़ा,170
षष्ठी,42
चौकन्ना,19
अलार्म,170
बाघा,25
नुक्सान,0
भीतरी,28
विकासात्मक,43
आननफानन,69
स्नेही,39
राज्यव्यापी,43
सांसारिक,39
देशहित,43
रसायनों,17
आलीशान,40
सत्तू,17
रामभजन,42
बैंगन,17
हंडिया,42
बिस्तरों,7
तोड़फोड़,53
मतपत्रों,43
विद्याधन,197
न्यायोचित,53
अड़ी,53
प्रकोष्ठों,43
हुक्का,13
अंगूर,17
कैसेट,151
मानवाधिकारों,43
समझती,24
दिखाती,24
राजपथ,29
अलगाववादियों,25
धंधेबाजों,53
दर्शाई,0
औपचारिकताओं,21
सौतेले,53
नीच,39
नंबरदारों,42
विमानों,37
अनर्गल,53
अनोखे,99
जनसुनवाई,53
कुसुमलता,42
हैैं,190
लाउड,170
विकल्पों,0
पथिक,67
दादर,176
कुनबे,154
रहम,154
विश्वस्तरीय,0
दवाईयों,63
काया,43
मनमीत,42
करमाटांड़,42
आश्चर्यजनक,14
वायरिंग,40
कान्फ्रेंस,151
ऊहापोह,14
दबिशें,53
गढ़ा,7
रबर,29
सुहावना,36
रामनंदन,42
सुपरवाईजर,43
ताली,170
निर्भरता,43
सीखी,24
मिटटी,17
गौड़,42
बीचबचाव,53
जड़े,11
निराश्रित,18
चिकित्साधिकारियों,63
सेक्रेड,151
गैप,57
प्रजातंत्र,18
न्यौछावर,18
चिप,57
चकेरी,108
कूडे़,40
गुदड़ी,7
करीबियों,71
नदिया,144
विश्वकप,31
द्वीप,144
तुझे,154
बसेरों,40
भिड़ी,23
संयंत्रों,12
सराज,42
ट्यूमर,63
मंडलियों,105
अवतरित,42
बागों,40
कुर्मी,18
ओजोन,28
इसाई,18
दाढ़ी,44
रसोईघर,188
बालश्रम,197
चलानी,24
पूछकर,24
ढककर,7
आकड़ों,169
जागकर,19
मूर्तिकार,88
एड़ी,10
मतपेटियों,43
फूफा,197
अबोध,197
लड़,55
आशाएं,14
कॉमेडी,182
कुन्दन,27
दूरियां,11
विज्ञापनों,34
सड़ा,7
ऐंठ,53
माननीयों,18
जाड़े,36
चिंतामणि,42
फैलाते,11
करुंगा,24
फोड़कर,7
निर्भया,53
चिन्ता,19
करवाती,24
फैलाया,11
बैरकों,25
बेसन,17
खिलौना,197
मिलीलीटर,40
वेतनभोगी,43
सहनशीलता,18
चरवा,23
बाघों,41
राजकीयकृत,43
अव्यवस्थित,0
आध्यात्म,18
करवायी,24
कार्यकत्रियां,43
खर्चो,166
बिगड़,14
हराने,55
सुधारीकरण,43
मंगवाने,24
पर्वो,42
दर्शाती,0
टोह,186
इस्लामियां,43
गुरुवाणी,42
अनुच्छेद,43
टाला,14
कैल्शियम,189
सन्नाटे,19
मौसा,197
नाशक,17
तब्दीली,14
सोयाबीन,17
बरसाई,36
असहिष्णुता,18
उठीं,24
फरसा,7
कम्पनियों,166
निर्माताओं,118
सिंध,144
मुहल्लेवासियों,40
मिशाल,99
अष्टधातु,42
दिखाये,24
पत्रकारवार्ता,43
मोंटी,42
मैनेज,26
लटकने,7
साधुवाद,99
द्विवार्षिक,34
एशियाई,37
सूत,7
मुर्गे,41
मरते,69
बर्फी,84
ऑडियो,151
स्वयंवर,45
खोरी,53
कहलाने,148
मोड़ने,7
मजेदार,182
बान,29
कईयों,24
जत्थेबंदी,42
दुपट्टे,29
लखपत,42
घटता,157
हीन,53
तस्लीम,154
तटबंधों,40
संप्रेक्षण,105
शाकाहारी,41
रूके,67
ज्योतिषाचार्य,130
पहुंचाता,24
परिवारवालों,197
डालता,24
बिलख,7
दिखेंगे,24
रचाने,197
विष,41
हफ्तों,26
आंकड़ों,169
लुभा,170
आशंकित,19
वंशज,177
विवेचनाओं,0
असमानता,18
अपशिष्ट,12
मुड़कर,7
सुधरे,14
तुला,130
असहयोग,18
तरकुलवा,42
अड़ा,53
लतीफी,53
रिफाइंड,40
महापात्रा,42
परम्परागत,18
रक्तदाता,43
पृष्ठ,34
अपाहिज,18
पुष्पराज,42
गुस्साये,53
दुष्कर्मी,53
निकलवाकर,24
जनसमस्याएं,53
पथों,37
ताजिये,154
बासा,42
यज्ञशाला,42
दबाए,44
निष्ठावान,39
नजरिए,0
बढ़वाने,157
धड़ाधड़,7
आभारी,99
रसपान,36
डंक,41
सिधारी,74
मुख्यद्वार,40
समावेशी,18
हस्ताक्षरित,53
रोबोट,90
त्यौहारों,42
उत्पल,42
ईमान,154
रेशमी,29
जड़ें,11
बटोरने,24
दबोचकर,7
मगन,198
बहे,17
बंजारा,156
प्राधिकारी,43
असत्य,0
माताएं,197
जलाना,36
हारमोनियम,170
हिमांशी,42
यथासंभव,139
पीएं,17
बनवाएं,24
शोकाकुल,69
चलवाने,24
बिजलीघरों,40
स्थितियां,14
सुनो,178
लाशों,69
मेजरगंज,42
तांबे,185
एमकॉम,43
तिरछे,7
चमका,36
एलटीसी,151
तांबा,185
तमाशबीन,154
खोलेंगे,24
कंगना,112
जिदंगी,19
छुड़वाने,7
चंद्रमणि,42
तोल,7
भुनाने,24
मुण्डा,42
कृष्णनंदन,42
पांचवा,103
हौंसला,18
कतराने,24
फ्रेम,29
सुनिए,24
गंध,17
अमलेश,42
सुधारी,14
नग्न,24
परोक्ष,53
हनुमत,42
मिश्रीलाल,42
ईदगाहों,154
मजहबी,18
नजारे,36
मोहल्लेवासियों,40
विसंगतियां,18
फेंकते,7
साधुओं,42
ओछी,65
सहालग,23
खिसकने,7
रामचरित्र,42
अशोभनीय,65
दुनियाभर,0
आरक्षियों,43
आएदिन,53
अभियानों,16
खटखटाने,24
बैठाए,7
हीर,154
लाभों,0
वनभोज,23
पहुँच,24
गिले,154
महकमें,43
संकायों,43
मंतव्य,43
बुझाते,36
उन्होंनें,24
सैकडों,77
भाषी,37
अभिलेखागार,34
जांघ,44
पितरों,42
संगिनी,42
राजनीतिज्ञ,105
फोड़ने,7
मुहब्बत,154
बक्सों,40
चुनौतीपूर्ण,14
जुड़वा,197
ईंधन,12
ग्लेशियर,10
अदरक,17
गलियारे,37
कॉफी,17
दरबारी,177
घबराहट,63
अंधेरी,36
बढ़ाएंगे,157
श्वास,44
धब्बे,36
गृहणियों,188
शवयात्रा,69
विज्ञानियों,98
पकड़ी,7
शिकवे,154
पूर,137
घबराकर,7
समेटने,24
अपेक्षाओं,14
कटहल,17
दहशतजदा,7
मोटरसाईकिल,40
महाधिवेशन,43
गुटखे,13
चंदे,43
विद्रोह,18
बांह,44
उदास,19
धौंस,154
दुपट्टा,29
कलंकित,53
खंडन,53
धर्मार्थ,43
गृहरक्षकों,43
स्तूप,42
उधारी,166
धड़ाम,7
अमीरों,18
मंजरी,36
महासंपर्क,43
जलावन,17
वज्रगृह,42
जनचेतना,0
भागो,71
औषधालय,63
मरणोपरांत,30
फलक,28
माणिक,42
कुलपहाड़,42
एमएमएस,151
अधर्म,39
कूदे,7
ज्योत,36
कली,36
बहुराष्ट्रीय,166
रुई,29
वहाँ,24
कलात्मक,0
फेक,151
सीखना,24
नगरपरिषद,43
जुलकर,71
दलिया,17
सुनिश्चत,43
संस्कारित,42
पहनना,29
अनुपयोगी,0
फुहार,17
विघ्न,14
फौजियों,25
लिपि,80
मीता,42
धारावाहिक,182
विनती,99
जोड़,71
मकड़जाल,7
जनलोकपाल,2
तबले,170
रत्ती,7
छेड़े,55
मनाये,42
ग्रीष्मावकाश,43
चेता,19
शख्सियत,105
कृष्णन,42
बांझपन,197
बधाइयां,99
हमदर्द,39
संगीतकार,105
मंडरो,19
हस्तियां,105
करोड़ो,77
बेलसर,42
अनुरागी,198
इरादों,53
स्वार्थी,43
फूलने,17
विश्रामगृह,43
भत्तों,43
लालमणि,42
चिपक,7
नुमाइंदे,154
अंतरजनपदीय,42
करी,76
मध्यांतर,112
लाडले,197
प्रोग्रेसिव,18
कालाधन,40
निवृत,43
रुकेगा,24
त्रिपक्षीय,53
गूंजती,170
इक्कीस,77
संगठक,105
सिखाता,24
प्रतीकात्मक,0
समयानुसार,26
गैरसरकारी,166
बजाई,170
पलंग,7
बढ़ाता,157
घूसों,7
प्रेरणास्रोत,0
सुव्यवस्थित,0
मनोरम,36
पोलियों,63
चिपके,7
ईंटों,40
दागा,25
महात्माओं,42
प्रबंधतंत्र,43
त्रिशूल,42
फंसते,7
गोलाबारी,25
कलेजा,44
क्रीड़ा,42
प्रक्रियाओं,43
वीरांगना,18
बेफिक्र,19
भेजता,24
पर्यावरणीय,98
कर्ताओं,39
उठाएगा,24
करोड़पति,166
भड़क,53
भिक्षाटन,42
भादो,42
ससुरालवालों,197
जठलाना,42
स्वभाविक,14
सोता,19
फेफड़े,44
वादकारी,53
कील,7
सत्यवती,45
विलोम,136
घोंप,7
पदनाम,30
फेफड़ों,44
पशुशाला,43
संग्रहित,22
पटरियां,40
राजनीतिज्ञों,18
स्टेयरिंग,40
अनिश्चितकाल,43
शीतगृह,40
इलावा,62
हिचकोले,7
ताकतें,0
संदूक,40
गर्त,40
निस्वार्थ,39
धमकाते,7
गृहस्थ,42
फूंकी,36
वनाधिकार,41
वर्षाें,26
बीनने,40
चखा,17
फैलाना,11
लड़खड़ा,7
मौकों,77
खींचे,24
आकाशदीप,42
अर्की,42
भरें,167
बरामदा,40
मल्हार,42
खुटहन,42
प्रतिवादी,53
आयुर्विज्ञान,98
पुनर्मतदान,43
भेंटों,29
लेटे,7
टूटती,7
हमदर्दी,39
दोषमुक्त,53
झड़प,53
धंधों,166
गुंडों,53
पुलियों,40
सुलग,36
रवीना,112
विशु,42
प्रचारकों,18
पैमाना,169
लॉग,35
संभालना,21
झुग्गियां,40
यान,90
नेकी,154
जगमगा,36
घड़ियाल,64
खेर,42
धनिया,17
लिखें,24
गांधीवादी,18
अक्षरों,136
पट्टों,40
यज्ञाचार्य,42
चतुर्थवर्गीय,43
कब्रिस्तानों,40
प्रफुल्लित,19
सुखाने,17
सिकन्दर,187
गिना,24
खुजली,63
सहपाठी,71
लाचारी,53
बिल्डर्स,40
डाकखाना,40
हलफनामे,53
उगाई,17
बढ़ानी,157
उत्पत्ति,106
ढलान,10
छुड़वाया,24
जियारत,154
धावक,41
अभिमान,39
माथापच्ची,26
राक्षस,74
पिलाएं,17
लगें,24
प्रतिकिलो,77
मधू,42
कूड़े,40
संतोषगढ़,42
कुनबा,154
अरूप,42
सुहास,42
जगद्गुरु,42
रोड़े,14
रूई,29
नकलचियों,93
दिलाता,24
गिरेगी,7
दीपशिखा,42
बेंचने,166
शीघ्रता,26
उदीयमान,105
साड़ियां,40
छोड़ें,24
मातृभूमि,0
कजरी,170
न्यायाधीशों,53
मनुष्यों,0
तिलकुट,17
मनमोह,170
विनियमित,43
बनियान,29
सौम्य,39
पतला,189
चूहे,41
फिसलकर,7
मढ़,53
बाह्य,28
फेरा,146
श्रंगार,36
झुकाव,19
सप्तशती,42
सपूतों,18
झोंके,36
दुर्गति,53
सलवार,29
कात्यायनी,42
सर्टीफिकेट,34
चौकाने,19
पकड़ते,7
सुरजन,3
ठोका,7
विषयवार,43
एकमत,53
औरों,24
लाभप्रद,0
नामाकंन,43
थोड़ा,24
भक्तगण,42
जमाकर,11
अकालियों,42
जकड़,7
पकौड़ी,17
बीओपी,120
सांझे,71
अंगूठे,44
इंसानों,0
केंद्रो,43
फाटकों,40
नुक्कड़,67
गोत्र,156
ठेलों,166
शोधार्थियों,98
अस्मत,53
तीनपहाड़,42
ललकारा,7
मिटने,11
वनपाल,41
पंक्तियों,34
कुकर,192
असहनीय,14
कोक,96
मंगवाए,24
होगें,24
अंगूरी,17
तड़पते,7
बिकता,166
फाल्गुन,42
बायकाट,18
प्रहर,42
गिरफतार,53
चक्के,40
रसिक,42
सोती,19
गजाधर,42
हलांकि,159
राजीनामा,53
समपार,40
उड़,7
चीर,7
भविष्यवाणी,53
आखें,44
कापरी,42
कूड़ाघर,40
संदिग्धावस्था,186
पुजारियों,42
सम्भव,24
यातनाएं,53
नितांत,0
पथरगामा,42
बढ़ाती,157
मूल्याकन,43
बागियों,154
अप्राकृतिक,0
मिर्गी,63
गोपियों,42
सात्विक,39
याचना,99
बैनामे,166
दीपमाला,36
सौतेली,53
ग्वाल,42
टैक्सियों,40
भक्तिभाव,42
यत्र,42
ताकतवर,189
मनमाफिक,53
मुख्तियार,42
मारवाड़ी,156
रुखसाना,154
आइटीओ,151
टेंपों,40
कंछल,166
स्वांग,105
लड़कर,55
रौद्र,14
वेग,136
संवेदनहीन,0
सितारों,36
पाशा,154
प्रेक्षकों,105
मसौदा,43
चतुर्भुज,42
चुनना,24
क्रियाकलाप,0
कार्यान्वित,43
हलधर,46
दुश्वारियों,14
सड़ी,67
विमुक्त,43
उगते,17
उखड़ी,7
बांधों,40
आबरू,53
पिटारा,24
गाये,170
पक्षकारों,53
रेडिएशन,63
हटना,7
चीत्कार,7
हटी,23
तरसे,154
सहने,53
उपसभापति,43
दफ्तरी,43
दीपोत्सव,42
कंपाउंडर,63
पटे,17
निविदाएं,34
छींटे,17
तेवरों,65
उतारते,29
दुष्प्रभावों,0
जाएगें,24
बांटना,71
एमएसएमई,151
विदेशियों,37
फव्वारे,40
मोहल्लावासियों,40
जुड़ेंगे,24
सूर्यास्त,42
परोसे,17
मारपीटकर,53
हंी,23
गंवाकर,19
हैक्टेयर,77
चौपालों,43
याचिकाओं,53
विद्याभूषण,42
शहरियों,40
निगहबानी,21
बनवाये,24
शिल्पकार,166
बामुश्किल,26
अगवाई,18
रोड़ेबाजी,53
भद्दी,65
बेबसी,53
प्रेजेंटेशन,151
श्रमजीवी,166
हताशा,53
तन्मयता,198
विधानसभाओं,43
कालीबाड़ी,42
ज्वलनशील,12
खाज,63
स्थिरता,14
झुमकी,29
फैक्ट्रियां,166
बंसत,36
अग्रहरी,42
राजहंस,42
दानव,74
चटक,7
मार्चपास्ट,29
रिक्तियों,195
कुमाऊंनी,42
नंगा,24
अभिभाषण,43
डालनी,24
धनाभाव,22
संपोषित,43
पोस्टों,34
ऋणी,24
कर्मशाला,43
षड़यंत्र,53
पड़ोसियों,197
टपक,17
काठ,41
सूचियां,2
हिंदु,18
डिवीजनों,34
थमाया,24
प्रतिशोध,53
रातें,19
पलटते,7
अन्तर्राष्ट्रीय,37
वाक्य,65
यूनिवर्सल,164
विकल,19
मुखबिरी,53
भगोड़े,53
छात्रसभा,43
सर्वपक्षीय,42
अस्तव्यस्त,19
लड़कियां,197
ढहाने,40
क्रीड़ाधिकारी,42
बूंदे,17
वसीयत,177
हडकंप,53
चोटियों,10
धोकर,17
कैच,7
आश्चर्यचकित,19
भेजेगा,24
उत्साहपूर्वक,0
एकांत,19
पूर्णकालिक,43
दोहराते,65
हैवानियत,53
स्वीकारते,24
भदानी,42
बिछिया,29
अछूते,19
महामंत्र,42
भेजेगी,24
रस्सा,7
बाजारी,166
सेवामुक्त,43
झाकी,23
सेन्टर,151
भूला,19
कॉन्वेंट,151
उपले,17
पहरे,21
दाखिलों,43
झाग,17
पांडाल,42
अभ्यार्थियों,43
शावक,41
ढूंढ़ने,24
मैक्लोडगंज,42
मंझौल,42
उभरकर,11
घूंघट,36
सुमेधा,42
निशानेबाजी,31
टांक,17
मूल्यवृद्धि,157
महाप्रसाद,29
खेलेंगे,31
चतुर्दशी,42
उल्लू,41
अटकलें,53
सभाजीत,42
रखेंगी,24
डिस्ट्रीब्यूटर,40
लोकगीतों,170
आश्रमों,42
बिकती,166
नहीें,53
खुन्नस,85
तन्मय,198
गोंड़,42
नक्सलवाद,25
टली,50
किरायेदारों,40
निरंकार,42
मुख्यमंत्रियों,43
जनमत,43
रौंदते,7
स्तन,197
अनुपलब्धता,22
मईया,46
मनोकामनाएं,53
सरलता,0
जांबाज,18
कोऑपरेटिव,166
चित्रकारी,88
धन्ना,166
उतरेगा,24
ताजिए,154
बबूल,17
खटकड़,23
अचंभित,19
नमामि,74
तेरहवीं,103
उभरे,11
ढैंचा,17
जूतों,29
उसमान,154
रूकी,67
अटी,17
पताही,69
लड़ेगा,24
पुष्ट,53
कृमि,17
प्रधानाचार्यों,43
जकात,154
घसीटते,7
भाली,39
ऊबड़,67
प्राक्टर,43
भंडरिया,42
कालकाजी,42
रतनी,42
चलित,47
रोटियां,17
एकीकरण,43
दारागंज,42
चित्रांश,42
बेलपत्र,29
दुस्साहसिक,18
दीवारी,40
दहाड़,7
जलाएं,36
यथार्थ,0
मचाकर,53
बौखलाए,7
कदमताल,29
दिशाओं,77
अंधड़,36
विश्वसनीयता,43
बदरंग,36
सितार,170
ओलंपियन,31
बूढ़ा,197
जिम्मेदाराना,53
गद्दे,7
लटककर,7
लुभावने,36
सरगर्मियां,53
आवेदनकर्ता,34
चुटिया,42
पड़ाव,67
करेला,17
मेदांता,63
गाड़ा,29
परवल,17
करतीं,24
रात्रिकालीन,26
नजरबंद,53
हफ्ता,26
द्विपक्षीय,53
खिंचाई,53
पुर्जे,40
झुका,44
क्षेत्रवाद,18
गोष्ठियों,43
खटक,24
पढ़ाए,24
उबरने,69
युधिष्ठिर,45
सौदागरों,154
आसनों,189
शर्तों,43
टॉकीज,42
अंधे,93
अक्षित,42
उल्टियां,63
ब्रहम,42
शराबे,53
महावर,29
लड़ाने,55
राजयोग,42
कत्थक,105
अचेतावस्था,69
मनाएगी,42
झंडारोहण,29
यथास्थिति,14
अधिकारीगण,43
अनुलोम,136
खूंखार,53
चालाकी,39
अशक्त,18
नवयुवकों,105
कैथोलिक,18
छिड़ी,55
अन्वेषण,0
जलकुंभी,40
भैंसे,41
प्रकाशक,34
जनतंत्र,18
अपेक्षाएं,14
निकलवाई,24
तात्कालिक,43
पेंशनधारकों,43
पोटाश,12
वैराग्य,198
चक्रमण,42
पुराणों,42
निशानी,11
दानपात्र,42
वाशिंगटन,8
परिषदों,43
प्रश्नपत्रों,43
वेदना,0
गनमैन,25
एन्क्लेव,40
पतित,39
रमणीक,36
मिलनसार,39
सुप्रीमकोर्ट,195
दीपदान,42
विभक्त,71
उहापोह,14
नरबीर,42
गुढ़ा,42
छिड़काव,17
सहमी,24
बाबजूद,76
चित्त,198
चक्रव्यूह,45
कर्मा,42
जासूसी,186
शमिल,165
मीलों,11
छुरा,7
संभ्रांत,18
तसल्ली,19
जलूस,53
मेन्यू,188
बेगुनाह,53
त्रुटिपूर्ण,14
एसवी,42
पपरोला,42
चूका,24
खरीददारों,166
पकड़कर,7
ओझल,44
पांडा,42
मुदित,19
सरपट,7
सहमा,7
आवाहन,18
सप्तम,103
दातों,17
अद्वितीय,0
दाहिना,44
कटाने,17
महासमर,42
पूर्वज,177
भलीभांति,0
कटेगा,24
लूंगा,24
जाबिर,154
बोलता,65
छूकर,44
फुटा,23
कुबूल,53
छानी,36
खोए,19
नीतिगत,43
छक्का,31
भ्रष्टाचारी,53
जनसाधारण,18
रामदुलारे,42
नोच,7
संहार,74
फावड़े,7
मराठी,37
जलीय,98
दसवां,103
निर्णायकों,105
क्यूं,24
निभाता,21
भिडंत,7
लाट,88
प्रतिफल,169
वृत्त,28
दड़ा,23
अष्टभुजा,42
कपड़ों,29
रोपने,17
बबुआ,197
प्रेत,93
बैठेगा,7
पहुँचे,24
पकड़वाने,7
उपजिलाधिकारियों,43
आलिम,154
अफ्रीकी,37
चालन,12
सीखें,24
अस्वीकृत,43
पूर्णमासी,42
गद्दीनशीन,177
लपट,36
आठों,77
कर्मचारियो,166
पंसारी,52
गाड़ने,29
विश्वस्त,39
जनांदोलन,18
विभीषिका,14
हस्ताक्षरयुक्त,53
कलाकृति,88
पहियों,40
वायुमंडल,12
उद्घोषक,182
सुला,7
लटकाने,7
गुणवत्तायुक्त,43
मेवाती,42
रोकें,24
दण्डाधिकारी,43
बाड़,17
चलनी,36
शेरों,154
शरारत,65
सदल,42
भैंसें,41
जुड़ते,71
हमराहियों,67
लड़नी,55
कांफ्रेसिंग,151
जाबकार्ड,43
रोता,7
सताता,53
शहीदे,18
उसमे,24
परिनिर्वाण,42
ट्रासपोर्ट,40
उबारने,69
आषाढ़,42
जमीं,17
साहसी,18
पर्चियों,34
निलम्बित,43
चटाई,7
उन्माद,93
टपकने,17
छुड़ाकर,7
आहरित,166
चुकीं,24
रूह,44
पक्षीय,53
छोड़िए,24
सतरंगी,36
संचरण,12
नाचे,170
वर्दीधारी,29
पारंगत,24
हरीपर्वत,42
पाचवीं,103
वाशिंदों,40
मिचौनी,68
नवसाक्षरों,18
दृश्यता,22
ऋतुराज,36
भेजनी,24
जनसंवाद,43
सर्वेयर,169
उपक्रमों,166
गम्भीरता,0
धधक,36
बैशाखी,42
विषैले,12
पतवार,144
कश्मीरियों,25
मांगेंगे,53
शोधार्थी,98
पलटन,25
कोरा,80
बायां,44
बौर,36
टैक्टर,40
कोला,13
घुल,17
लकवा,63
मूर्ख,39
दिलाये,24
पंचांग,34
बढ़ायी,157
विलक्षण,99
दबाब,53
ऐंठने,53
जनसहयोग,43
न्योछावर,18
लाएगा,24
सहुलियत,43
नौसेना,144
शिक्षाविदों,118
डलवाया,24
बिसंडा,42
दिखना,24
बूझ,19
गौवंश,41
गोवध,41
पर्यावरणविद्,98
कार्यकर्ताओ,43
यक्ष,74
कन्याएं,197
मिलाते,71
करूणा,39
परवाना,154
बारीक,17
राष्ट्रवाद,18
टेंपू,40
नवयुग,34
मढ़ा,7
तपस्वी,42
गुब्बारा,7
सौदे,53
बगीचों,40
जिलेवासियों,42
भूलना,19
सकने,24
इकलाख,154
कलमबद्ध,24
सियार,41
कर्जे,166
जलसंस्थान,40
जबर्दस्ती,53
उभरते,11
सदाचार,39
गरमाया,53
पत्तियां,17
बढे़,157
ढोलना,42
बेचारे,69
त्रैमासिक,34
फूलन,82
क्लेश,14
उदासी,53
संघर्षशील,18
अव्यवस्थाएं,43
हिमायत,18
पालिकाओं,37
जांचे,24
मौला,154
विहंगम,36
लूटेरों,53
कीड़ों,17
तिलकधारी,42
नृत्यांगना,105
मिशनरी,18
यमराज,74
बैरीकेडिंग,25
अस्वीकार,53
मारता,7
अनुसेवक,42
क्रूर,53
टिफिन,188
बिंदी,29
रडार,186
भूकंपरोधी,14
सर्वहितकारी,43
विश्वसनीय,39
स्पर्शाघात,44
मध्यमा,44
उकेरा,24
डटी,7
निमित,22
तौहीद,154
फुलवारी,42
पटवाई,42
एलोपैथिक,63
तलाब,40
जमुनिया,42
हनुमंत,42
तोरण,40
गर्भाधान,197
बूंदाबादी,36
साइटों,151
कराके,24
तराशने,24
बमबाजी,53
समंदर,144
फंसता,7
छिपकर,24
छुपाकर,24
स्मार्टफोन,151
पकड़ाया,24
पढ़ेंगे,24
श्रोत,22
अंबुज,42
प्रकाशकों,34
किराएदारों,40
प्रयत्नशील,24
स्वामीजी,42
टहलते,7
स्पार्किंग,40
कहलाता,148
जीए,19
त्यागने,39
रोपा,17
रस्साकसी,7
समझो,178
मान्यताओं,0
खुलना,37
सहमती,53
विसरा,69
शूरवीर,18
विकासशील,0
रामनरायन,42
धमाकेदार,122
कूपों,40
भड़काऊ,53
ताबूत,69
अजनबी,19
सानी,62
शिकागो,8
भीगने,17
वामन,110
पट्ट,88
सवेरा,9
अन्तर,18
पहनें,29
उलटा,7
समयसीमा,26
विवादास्पद,53
कंसल्टेंट,151
प्राप्तांक,34
दिलासा,19
जीभ,44
मोहभंग,26
आक्रांत,53
जगतपाल,42
बुझने,36
पक्कीकरण,108
पाठशालाओं,43
स्थानक,176
रातोंरात,154
जिलाध्यक्षों,43
सूरजमुखी,17
पतरघट,23
जिधर,24
कुंभकर्णी,42
संबल,39
उन्मुखीकरण,0
हेडकांस्टेबल,43
बरतना,53
लादने,53
सुगंधित,36
बेधड़क,53
सोचता,24
भोजराज,45
वन्दना,42
मर्मज्ञ,105
कटोरा,17
अपर्याप्त,189
खोई,24
मोमबत्तियां,36
अशांत,14
मिटाना,11
ग्रीष्म,36
गतिशील,0
पड़कर,24
आदर्शों,0
सम्यक,198
प्रत्यक्षण,43
बस्ता,7
नियमत,43
मिलावटखोरों,53
दृश्यों,112
बिसात,68
लिफाफों,40
निर्वस्त्र,24
बंदे,154
परायण,39
भोजनालय,188
अदब,154
हुनरमंद,105
बैकलॉग,195
जड़,11
प्रश्नकाल,43
गुणवत्तापरक,43
कूड़ों,7
राहगीरी,40
रामगंज,42
क्षेत्रवार,43
न्यायलय,53
हजूर,154
चुनचुन,46
प्रखंडस्तरीय,43
निकालें,24
कॉम्प्लेक्स,40
जुटाना,24
पल्लेदार,166
अदालतें,53
नम्बरदार,42
कूलरों,40
विभूतियों,105
बैंककर्मियों,43
आडिशन,112
जुटते,53
गठिया,44
चन्द्रमोहन,42
नीबू,17
एक्सल,40
टूटता,7
अटके,14
मुरादें,53
त्रिकोणीय,28
समधी,197
उत्तरदायी,43
बाटने,71
तारी,154
हिचक,24
अस्थिरता,14
सब्जीमंडी,166
भूतेश्वर,42
आंसुओं,17
कांग्रेसजनों,18
बछिया,41
कडे़,53
टप्पेबाज,53
मतदानकर्मियों,43
उत्तराधिकार,177
प्रलय,14
राज्याभिषेक,43
द्वारों,40
निरस्तीकरण,43
ठोंका,7
सौदेबाजी,53
मकबरा,40
चिनाब,144
ज्योतिबा,11
परिभाषित,0
घसीट,7
लाशें,69
दरिंदगी,53
बसंतराय,42
गस्त,196
पोस्टकार्ड,40
तड़के,26
वीरा,42
नवोदित,105
पिंजरे,41
कोप,50
पंचायतराज,43
निभाती,21
ध्यानार्थ,0
क्षेत्ररक्षण,31
वयस्क,180
कंगाल,166
भाग्यशाली,56
दिनरात,69
मुक्केबाज,31
शैतान,74
अवनीत,42
डराया,53
थपथपाई,7
राजपति,42
लावा,10
चिल्लाते,7
ढूंढे,24
खिलवाड़,43
सोकर,19
बहुप्रतीक्षित,26
हेल्मेट,29
महाकवि,92
जगनारायण,42
चिकनी,17
मोरम,40
प्रस्तुती,99
अधिसंख्य,169
मंचों,43
तोड़ती,40
डोरी,7
मैट,38
यदा,59
सम्मलेन,43
कौतूहल,19
तुलनात्मक,0
गोवंशीय,41
जुटना,53
क्रंदन,7
जलधारा,144
सम्प्रदाय,18
बालीबाल,31
पल्लव,27
कथाओं,182
औलाद,197
फटकारा,53
कुंद्रा,112
नौकरशाही,53
पड़ते,24
मिलजुलकर,71
उपमा,97
खिलौनों,197
उंचाई,10
थोप,53
चिन्हों,0
जातीं,24
भुवनेश्वरी,42
बकरों,41
सिकुड़,7
महानायक,105
कालिख,36
प्रताड़ना,53
गऊशाला,43
कुमोद,42
बोया,17
विपत्ति,14
प्रायोजक,31
शहंशाह,177
जीवाणु,17
पेटियों,43
डालती,24
अमर्यादित,39
उभारने,24
ब्रह्मलीन,42
सिखाती,24
चूहों,41
शौकीनों,19
पंथक,23
महासंग्राम,42
खंबे,40
घड़े,17
सुलझने,14
चढ़ावे,29
स्वर्णजीत,42
सुधारों,43
मंगलमय,99
सभास्थल,40
फूलमालाओं,29
उत्साही,105
आयामों,0
निर्विघ्न,14
खेलता,31
सोपान,88
उलाहना,39
जुझारू,18
आंकड़ा,169
सट्टेबाजी,53
धराशाई,40
सिकरी,42
उभरा,11
सेवाश्रम,42
तराजू,7
मूलवासी,156
बूटियों,63
दीवाने,154
फुहारों,17
लाभपात्रों,43
तटों,144
लक्षित,9
नौकरों,188
दंपतियों,197
सबला,50
डग्गामारी,40
बहेगी,144
जोड़ें,71
इम्तिहान,154
राजाओं,166
खदेड़कर,7
जुड़,71
लिपटा,7
वसुधा,36
शिष्ट,39
पदकों,42
तीनो,77
घिनौनी,95
तयशुदा,21
झेलम,144
पीडीएफ,34
जोहड़ों,23
नौकरशाहों,53
रचाई,197
सीआइआइ,151
कदा,59
सम्मेलनों,43
नकाब,65
स्थानीयता,18
सावधानियों,53
राष्ट्रीयता,18
आदमकद,88
कुर्बानियों,18
खुलवाए,24
आरंभिक,26
जिनपर,24
ठिठुर,36
लुटने,53
धड़ल्ले,53
तानाशाह,18
पुट,65
चुनें,24
अन्त्य,136
नवजीवन,34
मौसेरे,197
पतंगों,7
हिमगिरी,42
स्वर्णा,42
टांके,17
झोंकने,7
निडर,18
जौड़ा,42
हिलने,7
सदभाव,43
जनपदवासियों,42
विग्रह,42
थामने,7
ज्ञानेश,42
गुलमोहर,36
बहुमुखी,105
सड़ांध,17
बेदाग,39
मनीषी,105
निगला,17
नाखून,17
अशरफी,154
अनूठे,99
सेनीटेशन,43
जनशताब्दी,40
गिरफ्तारियां,53
संगीतमयी,170
धर्मनिरपेक्ष,18
कपाल,138
कारिंदे,40
विच्छेदन,78
प्रभावों,0
हृदयाघात,63
चोरो,53
सर्वत्र,42
सहूलियतें,43
पाश,73
काटता,17
आवेश,12
हलकी,65
सिमटी,7
पूर्वमंत्री,43
दुखियों,18
मंहगी,166
शैय्या,7
गिद्ध,41
प्रबन्ध,43
वन्यजीवों,41
नाकामयाब,24
जीवनदायिनी,74
मैदा,17
बदलें,14
अंगुलियां,44
उनकों,145
प्रतिवेदित,34
किक्रेट,31
खट्टा,17
दुधारा,42
बचेगी,24
कार्यवश,43
वियोग,83
गोसेवा,43
भाल,21
त्रेहन,42
प्रस्तुतीकरण,99
हेमन्त,42
नाविकों,144
मफलर,29
विन्देश्वरी,42
तड़पता,7
गोचर,130
गिराई,7
घसीटा,7
मस्ताना,154
मनाएगा,42
पहुंचेंगी,24
निरोगी,189
मालगाड़ी,40
प्रशिक्षितों,18
दौड़ाई,7
पालिटेक्निक,43
परिणय,197
चन्देश्वर,42
प्रदेशस्तरीय,42
चूकते,24
प्रस्तुतिकरण,99
संकटमोचन,42
डीग,40
दफनाया,69
अधीर,19
भरेगा,167
लहलहा,17
दमयंती,82
सहसंयोजक,43
पीड़ित,53
ज्वर,63
मोटरों,40
निरंकुश,18
अरोप,53
अनगड़ा,23
गांजे,13
उमड़,53
प्रजा,166
ओटीएस,151
कर्मभूमि,37
विकारों,63
पश्चिमशरीरा,42
धानी,172
धर्मशालाओं,188
उत्तरपुस्तिकाओं,34
बेघरों,40
कालागढ़,42
जीर्णोद्वार,43
अंधी,93
रूसी,37
चुराते,24
गोता,144
समुद्री,144
बिड,34
उभरी,11
रुकवाकर,24
हौज,176
सेकंड,26
घेरेबंदी,25
दास्तान,65
कबूला,53
बौखलाहट,7
मुर्दा,69
पकी,17
नवविवाहित,197
समझाना,24
नाविक,144
ओवरसीज,151
प्रज्वलन,43
पट्टीदारों,197
मूरत,88
बिगड़ने,14
वार्तालाप,53
पक्षकार,53
फेलोशिप,151
जाऊंगा,24
फोड़े,7
बछड़ा,41
उदयन,45
रुतबा,154
बल्लियों,17
तनिष्क,42
कंडाघाट,42
अतरी,42
हमराही,67
सूती,29
सहमंत्री,43
पंगु,18
नवसाक्षर,18
अर्थशास्त्री,43
हांलाकि,24
घड़ा,17
अंगुलियों,44
कथाकार,105
सुननी,65
वितरकों,118
बनावट,43
लिपट,7
दर्शायी,0
डेयरियों,166
बनिहाल,42
आकाओं,43
महायोजना,43
उतरता,24
ऊंच,39
उछलकर,7
जिलावासियों,42
प्रमाणीकरण,43
संघर्षो,18
पट्टीदार,197
विशेषताओं,0
कच्छा,29
गमले,17
गजानन,42
मचाए,53
मूंद,44
फाड़कर,7
बोलो,178
परोसी,17
बजबजाती,7
वात्सल्य,39
झुके,44
नौकरीपेशा,105
सुहानी,36
हस्तगत,43
प्रतिघंटा,157
प्रयोगशालाओं,24
छज्जे,40
मेहनतकश,18
विनाशकारी,6
वजीफे,43
दूरबीन,90
मोटरें,40
अमान्य,53
तैल,13
नर्सों,63
मोर्चो,18
पुतलों,36
जेहाद,25
शोधित,12
पूछना,24
छत्ता,17
अटे,17
निरोधी,0
आयेदिन,53
ऑटोमोबाइल,122
लेखनी,80
अत्यन्त,24
झांक,24
धानक,42
गीली,17
धनसार,42
खच्चर,41
भिक्षुओं,42
दुबकने,7
भूली,19
फरमाते,154
विचारक,105
उपमहानिरीक्षक,43
इंगित,0
कोपा,31
आइकार्ड,43
निहंग,154
क्षीण,18
हवालाती,53
जीवनदान,74
उठवा,24
गर्भाशय,197
राक्षसों,74
थलग,0
कट्टरपंथी,18
सामग्रियां,22
मुख्याध्यापिका,43
आतिथ्य,188
प्रदेशवासियों,42
कमाऊ,166
तरणताल,144
प्रश्नचिन्ह,53
सुसंगत,0
अरुणेश,42
आंकड़े,169
निपटाएं,14
परदेश,154
छूते,44
बोझा,7
पत्नियों,197
सिमकार्ड,151
जाग्रति,0
बढ़ीं,157
बस्तियां,40
मामलें,53
गिरोहों,53
राष्ट्रभाषा,37
लोट,7
बढ़ेंगी,157
छुआछूत,18
ममेरे,197
बेवकूफ,39
मंडराते,19
भराने,24
बिजौली,42
हिंदुस्तानी,37
महालेखाकार,43
इतिहासकार,105
सहायतार्थ,43
बरसाए,36
खोमचे,166
मुरीद,19
मूसलधार,36
कसेगा,7
ग्रामोदय,43
शक्तिमान,18
हंगामेदार,53
दस्तों,25
ब्याही,197
ऑर्गेनाइजेशन,151
रसोईयों,188
कचरों,40
महाशय,1
बढ़ई,156
ठाकुरजी,42
जिलापाल,43
बिखेरे,36
चमड़ी,44
पोटली,40
मंत्रीमंडल,43
प्रेरणादायक,0
बहुसंख्यक,18
राजमार्गो,37
प्यासा,154
खोलेगा,24
महाकाल,42
झंडों,29
बारदाने,166
परामर्शी,98
सिरका,17
संस्मरण,34
जीओ,178
चीखपुकार,170
गैरमौजूदगी,196
कलाकृतियां,88
उड़ते,7
उर्सला,63
सूर्यवंशी,42
धुरी,91
खींचते,24
सायंकालीन,26
मड़हे,23
अलमारियों,40
पाचवें,103
प्रवेशपत्र,34
झुकना,44
पहुंचाती,24
गोते,144
दरिंदों,53
जानो,178
इंकलाबी,18
छुड़ाओ,7
लपटे,36
किस्में,22
मंगली,197
खेतिहर,166
फायदों,0
दूंगी,24
उसरी,42
दोस्ताना,71
विद्यार्थियो,43
दरोगाओं,43
जलवे,36
गिट्टियां,40
अंबे,42
झोपड़ी,40
वीवीआईपी,37
उद्गम,106
छत्तीस,77
समूहगान,170
कार्यशालाओं,43
तुष्टीकरण,18
भगाना,7
उपदेशों,42
तरबतर,17
सासंद,43
छला,53
मनचाहे,24
खाएंगे,24
बटोरीं,24
जयहिंद,18
घृणा,14
जयन्ती,42
विस्तारित,0
पांडवों,45
आईबी,186
सांभर,41
डांटा,53
शिक्षकगण,43
पंछी,41
उपेक्षापूर्ण,53
पिछवाड़े,7
कुप्रभाव,0
निरक्षरता,18
बैरी,38
शालीनता,39
जानकारिया,186
सीलन,17
सदस्याओं,43
बदलेंगे,14
ठहाके,65
मूलमंत्र,178
अंगदान,43
कंबलों,29
कृतियों,34
जियो,178
घूमे,67
उत्कृष्टता,30
आत्मबल,18
यात्राओं,37
सुहागिन,42
गजलों,154
जयकिशोर,42
यूपीएसआइडीसी,151
अड़चनों,14
भटकता,24
विशेषाधिकार,43
पिछड़ने,18
बीजी,155
हस्तकला,166
मास्टरों,151
पाताल,74
धराये,23
शुदा,197
धर्मों,18
समीकरणों,145
कस्सी,7
वसूलना,166
नेत्रों,44
छपे,34
बायोटेक,151
ईडब्ल्यूएस,40
नाकामियों,14
तीर्थकर,42
सशंकित,19
उपजा,11
पदस्थ,43
इजाफे,157
सिंधू,144
प्रतिमूर्ति,88
धर्मकांटा,40
रीचार्ज,40
मामी,197
उपनगरी,176
दिनदहाड़े,53
मिर्ची,17
अंधा,93
सौंपना,21
अग्निशामक,25
अनुक्रमांक,34
शहरीकरण,18
निभाए,21
गड्ढ़े,40
पुड़िया,40
समस्यायें,14
रजिस्ट्रीकरण,34
पिंडी,29
अनिश्चितता,186
भरभरा,7
अपराहन,26
लोटपोट,65
इंवर्टर,40
कप्तानी,31
कार्डों,43
इर्दगिर्द,67
गुमान,154
खड़क,42
तौलिया,17
भतीजों,197
सामाग्री,22
झुकने,44
गिटार,170
वैष्णों,42
पीता,17
कछुए,41
जोतने,17
देवों,42
कारतूसों,25
ताज्जुब,19
सचखंड,42
पुकारा,24
प्रशंसक,19
मंदा,166
असुर,74
सहपाठियों,71
संक्राति,42
सुरक्षात्मक,53
दाताओं,43
होजरी,29
फसाद,53
धावकों,41
गुप्तचर,186
निशी,42
कीचड़,40
पट्टिका,88
उगा,17
आरोपपत्र,53
कावेरी,144
बौना,110
कायदों,43
टपकता,17
किशोरावस्था,197
एकरूपता,0
सप्ताहभर,26
मदनपाल,42
घृणित,53
स्तरोन्नत,43
देशवासी,37
कोपभाजन,43
हैलीपैड,37
सशर्त,21
सोसायटियों,151
समीति,43
फासला,11
फहराकर,29
अनुष्ठानों,42
युगों,0
खड़ंजे,23
पर्यवेक्षिकाओं,43
रखवाने,24
हृदयगति,63
वीरगंज,42
निराकार,74
लेखिका,105
पथावरोध,64
नवरात्रा,42
रबड़,7
चाबुक,7
रोशनदान,40
टेढ़ा,7
नकलविहीन,18
राबिया,154
चक्रधर,59
मुल्कों,37
सहना,53
श्रद्धाभाव,42
सुधारक,105
फैलाए,11
गीला,17
झगडे़,14
खलिहानों,17
लोटा,17
दृष्टिहीन,18
स्वरूपानंद,42
टेक्निशियन,63
धुत्त,13
बचेंगे,24
ढली,14
हैजा,63
पसारने,11
किस्से,65
तांगे,40
आबोहवा,36
खुमारी,154
अहित,39
प्राणघातक,53
अतिकुपोषित,197
कर्णधार,18
कीटाणु,17
रूपक,97
श्राप,74
सुंघाकर,17
नातिन,197
शाहपुरकंडी,42
चौंका,19
पटकथा,182
बड़की,197
नृत्यों,105
अंकतालिका,34
मोहरा,68
दरक,7
गृहरक्षक,43
महारत,24
सुगमता,0
मतपेटिका,43
डलवाई,24
सजाओ,36
परामर्शदाता,98
दोना,17
बेजुबान,41
हिमायती,18
बुलाते,24
जानेंगे,24
छुप,24
कमेंट्री,151
गिन,24
मुल्तानी,17
धुल,7
तर्कसंगत,0
संयत्र,12
पाचन,63
खौफनाक,53
डाक्यूमेंट्री,182
रिजवाना,154
चुनेंगे,24
एंकर,34
प्रोटोकाल,193
गिरवर,42
मनोचिकित्सक,98
जनहानि,14
कुंवरपुर,42
पकाया,17
समान्य,0
नोटरी,34
सदगुरु,42
जोड़े,0
सुर्खियां,34
संजीवन,74
शिवमय,42
समझदार,39
कफन,69
कलुआ,197
सुबूतों,53
टहनी,17
खरोंच,17
जन्मों,39
जिन्दा,69
कावड़,23
छिड़,55
सर्वमान्य,53
चादरें,29
केन्द्रित,0
शंखधार,42
छठव्रतियों,42
पहुँची,24
तमाचा,7
वफादार,39
स्वजल,40
छात्रनेताओं,43
वधु,197
फिरता,67
इश्तेहार,34
अपराजिता,27
निर्मलता,144
शीशों,29
छात्रहित,43
सम्बन्धी,43
उड़कर,7
कांगड़ा,42
पीटे,7
भिड़ा,55
रेंगी,17
गड़बड़ी,24
ओरियंटल,49
परित्याग,39
लटकाए,7
मसानी,154
बहुमंजिली,40
कमाना,166
दानवीर,43
सहकर्मी,71
अर्धसैनिक,25
स्वीकारोक्ति,53
ऑल्टो,122
विकृत,18
छात्राओ,43
आड़े,7
बेमिसाल,99
फलाहार,41
रतजगा,19
पहरेदारी,21
सर्वसमाज,18
ओली,42
गुरदर्शन,42
सुपुत्र,197
निपटना,14
खड्डों,40
पडा,24
पर्वतारोहण,10
जोताई,17
लौटाई,24
देशद्रोही,18
चोखा,17
पंजे,44
रहस्यमयी,93
अनुपूरक,0
आयुक्तों,43
मुखलिसपुर,42
रिवाजों,18
संख्याधिकारी,43
अंदरखाने,18
शरणार्थी,40
जन्मी,177
ठुमके,170
ग्रामपंचायत,43
गृहों,22
अर्दली,43
सदस्यगण,43
पिंडदान,42
संपुष्टि,43
थाल,40
तगादा,53
दाहिनी,44
फिदा,154
झपकी,19
जुटती,53
जेवरों,29
रेललाइन,40
तुमने,178
नन्हा,197
उठवाने,24
भंगहा,42
गदर,2
मिलवाया,99
रहनुमा,154
अलंकृत,30
जागते,19
अफवाहें,53
दिलवाए,24
कतारे,40
झपटकर,7
परमाध्यक्ष,43
ओढ़,29
जुगलबंदी,170
लेटा,7
जाओगे,178
भवसागर,144
दंडनीय,53
पढ़ाएंगे,24
पकवानों,17
राजवंश,177
बजती,170
माडलिंग,29
बस्तीवासियों,42
एसआइबी,42
अनुकरण,39
कटार,7
थपथपा,7
लगवाये,24
इन्दु,42
मुहैय्या,24
चढ़ना,29
ऋषियों,42
झोंका,36
मुखबिरों,53
मिटाकर,11
सांपों,41
उतरीं,24
दर्शनीय,37
उपकुलपति,43
तुड़वा,7
वास्तु,98
अम्बा,42
जलस्रोत,40
ढीला,7
शिरोमणी,42
वादिनी,42
गैरहाजिरी,196
अनन्त,42
इतवार,26
खेतासराय,42
मक्खियों,17
जयमाला,40
दमनकारी,53
झाला,42
पिछड़े,18
समंवयक,43
दानों,17
संघर्षपूर्ण,18
हारा,19
गतिमान,0
लिखवाने,34
परमपिता,74
दीप्ती,42
मूर्तरूप,43
स्टेडियमों,40
साढ़ू,197
बेडों,40
पिचकारियों,17
प्राधिकृत,53
सीम,58
सीखेंगे,24
कार्याधिकारी,43
त्रिलोकपुरी,42
भाषणों,43
खोलेगी,24
सारंग,42
छोड़ी,24
धमाचौकड़ी,53
जगे,19
निकालेगी,24
प्रान्तीय,37
कोठा,53
लिखवाया,34
दर्शनशास्त्र,98
गोधन,23
फिटर,23
संतो,42
तैराक,144
मतदानकर्मी,43
कमाते,166
चूने,12
निकुंज,42
धमकियों,53
घुटना,44
रस्में,21
कुरीतियां,39
कुचक्र,53
डरी,24
कांजी,52
सटोरियों,53
प्रचुर,189
सिनेमाघरों,112
गगनभेदी,170
लोकसेवा,43
रेहड़ी,166
जयंति,42
सामरिक,6
अभिसूचना,43
सोचें,24
पहचानते,24
कुशाग्र,39
गिनाया,24
प्रतिनियोजित,0
अध्यनरत,43
पात्रो,182
कब्जाया,166
विंध्य,37
बैर,14
घुमंतू,156
महासमिति,42
क्षेत्राधिकार,43
चेतक,41
क्षेत्राधिकारियों,43
हुस्न,154
हीमोग्लोबिन,63
दबाना,44
गुंडई,53
लम्बा,28
मोटापे,63
रिक्तियां,195
झगड़े,14
चौकीदारी,43
रूस्तम,42
सहिष्णुता,18
टकराते,7
निबटाने,14
अंगवस्त्र,29
ओवरलोडेड,40
सजाएं,53
अक्षुण्ण,0
झिझक,24
बावड़ी,40
करनेवाली,24
मिलाई,71
वाचस्पति,42
भ्रमणशील,47
टूटना,7
निन्दा,53
सिखाएंगे,24
जाऐंगे,24
समूल,6
असावधानी,53
मसालों,17
फैलाव,0
नत्थी,61
ऋषिकुल,42
असंख्य,77
लालायित,19
सरलीकरण,136
तनदेही,108
करोगे,178
रचनाकार,105
बलपूर्वक,53
बैठेगी,7
पाटनी,42
फूटे,7
चिपकाया,7
झोंपड़ी,40
उदयशंकर,42
देगें,24
वाट्सएप,151
पहुंचायी,24
छत्र,42
ईनामी,166
तत्क्षण,19
उपराष्ट्रपति,43
बनायें,24
व्यायामशाला,189
परदेसी,154
गुजारे,19
भटकती,24
सौन्दर्यीकरण,43
विधानसभावार,43
उगे,17
बिखराव,7
ढूंढना,24
धुरंधर,105
प्रबुद्धजनों,105
शिविरार्थियों,43
मैथ्स,151
सिक्ख,42
कलापों,0
इल्जाम,53
कांपते,7
कताई,29
चिर,0
सुभावती,42
जमीला,154
पलड़ा,55
दोहपर,23
बायीं,44
ग्लैमर,36
घपलेबाजी,53
मुक्तिधाम,42
चटनी,17
शरणार्थियों,40
शाकाहार,41
व्याकरण,97
बड़ौली,141
लतिका,9
गुंबद,40
औषधियों,63
सिरफिरे,93
नौवां,103
रक्तदानियों,43
कबाड़ियों,40
सीखते,24
यजमानों,42
अखण्ड,0
वर्णनीय,0
तोपखाना,40
नवग्रह,130
क्रेता,166
जुड़ेगा,24
आविष्कार,0
बीमारों,18
अलाप,170
भर्तियों,195
खिलाड़ियों,31
संतोषप्रद,43
बहाई,162
उपमंडलाधिकारी,43
जनजातियों,156
हिन्दु,18
गाइडों,43
रोटावेटर,40
संपादकीय,34
विच्छेद,78
अधिष्ठापन,88
काफूर,19
इस्तकबाल,99
वर्तिका,42
खूनदान,43
बीतता,26
हिंदुत्व,18
फरमा,154
मिलीग्राम,40
अजीबोगरीब,65
दौरों,63
दुधारु,41
अतिक्रमणमुक्त,166
माहिरों,98
स्नानार्थियों,42
सामुहिक,18
हैडपंप,40
आजमाया,24
इंसानी,0
कुंडे,15
कोटेशन,34
बहुआयामी,105
मेंं,18
उठापटक,18
बरगलाने,53
दाद,99
दूजे,71
ट्राइसाइकिल,40
छिड़कने,17
तर्को,0
आलेख,0
बेदम,7
जाग्रत,0
भक्तिरस,42
वचनों,39
बुराइयां,39
ताता,42
रामदुलारी,42
कुटाई,17
साहूकारों,166
प्रशिक्षिका,43
छुटटी,196
सिनेमाघर,112
छोले,17
झुमका,29
लंगूर,41
गुनी,157
कराएंगी,24
आयें,24
कोमा,69
कमाकर,166
आनेवाली,24
नाबालिगा,53
आयेाजन,43
पायेगी,24
गुजरेगी,24
हड़बड़ी,7
रंगी,36
उतारेगी,24
श्वान,41
रोकेंगे,24
सुनामी,14
सत्यभान,42
गोसदन,23
गाढ़ा,36
हड़काया,24
कार्यसाधक,43
पत्तन,37
स्वास्थय,43
हाशिए,11
नशापान,13
नीलमणि,42
पचा,17
सराही,99
खिड़की,40
माड़ी,23
भस्म,36
तेरहवें,103
रणजोध,42
खंती,23
खयानत,53
आर्दश,39
कंप्यूटरों,151
कांटों,17
वसूलता,166
बैटरियां,153
वनमंत्री,43
महानदी,42
लांघ,11
उड़ाया,7
फूलो,36
कूदा,7
वर्गीकरण,0
भूभाग,166
उलझने,14
पुष्पक,45
तैरता,144
पेशकर,99
उद्घोषणा,34
गिरजाघर,18
सहेज,24
मुंडेरा,42
अनुशंसित,43
पारितोष,30
प्रतिष्ठापित,43
उम्रदराज,197
माडलों,29
सरगम,44
करिए,24
विधाता,18
रहस्यों,93
लपेटे,7
झलकती,11
बदइंतजामी,53
अथाह,39
बिगाड़ा,14
यात्राएं,37
दागदार,36
किशोरियां,197
झगड़,55
अंदरुनी,28
सर्वानंद,42
ललकार,7
जगाना,19
पड़ेगी,24
नगरायुक्त,43
सौपेंगे,21
पछाड़,55
अविस्मरणीय,99
दालें,17
टोकने,53
मौजे,42
परिपथ,163
भूमाफियाओं,53
ढोंग,53
बुलंदी,99
नोटीफिकेशन,151
मुख्याध्यापकों,43
नाचन,42
गणमान्यों,43
फंसना,7
औंधे,7
साझे,71
बच्चेदानी,197
फूलबाग,42
अमृतवाणी,42
जलस्रोतों,40
केंद्राध्यक्ष,43
जीतते,55
बहाते,17
काउंटिंग,43
जनसमर्थन,18
अग्निपीड़ित,42
उत्तरपुस्तिका,34
काण्ड,53
तड़का,17
चमकने,36
निष्ठापूर्वक,39
दौड़ाते,7
स्वायत्त,43
मैली,46
हथौड़ी,7
सृजनात्मक,105
प्यासी,154
बंदिश,53
छिनने,53
फिरते,53
फंडा,178
फाल्गुनी,42
प्राथमिकताएं,43
साड़ियों,40
उपसमिति,43
बरई,42
मर्म,0
पुरुषोतम,42
चमकाया,36
बुलानी,24
बूंदों,17
तलवारबाजी,31
तामझाम,53
झाड़ू,40
खिंचवाने,24
तीर्थयात्री,37
योजनान्तर्गत,43
शिक्षार्थियों,43
टैंपों,40
नुकसानदेह,0
बेमतलब,53
त्रिदिवसीय,43
चमके,36
प्रवर्तक,106
गत्ता,40
सौंपेगा,21
समझनी,24
तलाशना,24
प्रशासकीय,43
जख्मियों,69
दिग्भ्रमित,53
बदलावों,14
देशभक्तों,18
द्वापर,45
सिखाते,24
बंदरगाह,37
विनम्रता,39
तर्कशील,39
स्पंज,4
सेंकने,17
अपंगता,18
भिड़े,7
कटेहरी,42
झाकियां,40
पेटिका,43
उपमंडलाधीश,43
सूनसान,19
स्त्रियों,197
स्कैनर,151
बर्बर,53
बहानेबाजी,53
कास्मेटिक,13
सेवाभाव,39
सलाना,169
बछड़ों,41
मौजी,170
मांगती,53
गुफ्तगू,19
निर्वाहन,21
लज्जा,53
खोजना,24
रिक्शों,40
गमलों,17
काबिलियत,105
गमन,70
सर्वस्व,18
जनसंचार,43
उपकृषि,43
नीलगायों,41
कंपन,12
रहनुमाई,154
बरसती,36
खीरों,40
दीर्घ,22
ईरा,154
उड़ेल,17
जुड़ने,71
निशानेबाज,31
रजिस्टरों,34
दार्शनिक,105
लौटेगी,24
आइवीआरआइ,17
बधनी,23
संविदाकर्मी,43
व्यंग,65
चिह्नीकरण,0
हाजियों,37
अज्ञान,14
तुष्टिकरण,18
बलिहार,46
ब्रह्मांड,74
सुधारना,14
मानसूनी,36
बंकर,25
बखेड़ा,42
खस्ताहालत,14
निबटा,14
रेलयात्री,37
वज्र,42
टेलीकाम,151
अनेकता,43
थिरक,170
छीनाझपटी,53
मनोरथ,0
टिकाऊ,166
सहदेई,42
भूलने,19
डलवाकर,24
पर्वतारोही,10
मसर्रत,154
पीड़िता,53
फिजूलखर्ची,166
कालरात्रि,42
खटाल,23
गतिविधिया,0
थरूर,42
कोसने,53
ताई,197
सैंया,170
लौंग,66
आगलगी,23
गमछे,29
पूजनीय,42
रेडिमेड,29
लादे,7
संप्रदायों,18
संवर,36
कमानी,91
डेरों,40
यशस्वी,0
भिखारियों,18
मखाना,17
चतुर,39
छत्रछाया,180
प्रश्नचिह्न,53
लिपटे,7
सुविधायें,43
रॉयल्टी,115
विरोधाभास,0
शाबाशी,99
पढ़ाती,24
मुलतानी,17
गुदगुदाया,65
चन्द्रमा,130
खैनी,13
भोट,87
इन्ही,24
वेंटिलेटर,63
जिलेदार,43
मोरनी,41
जनशिकायत,53
गाती,170
बजाना,170
नारंगी,36
पिछडे़,18
भागता,7
अकुशल,105
मिलाजुला,71
होम्योपैथ,63
फ्लॉप,112
जोड़ो,44
यातना,53
प्रतिकार,53
लैंगिक,18
सनम,154
लक्ष्मणझूला,7
धर्मजीत,42
द्रोण,45
घुसपैठियों,25
मटके,17
जलवाने,24
धर्मसभा,18
उतरती,24
कांवड़,40
किरणजीत,42
बरगला,53
कार्यकलापों,0
छकाया,53
असहमति,53
ग्रहों,130
गुटबंदी,18
दायक,0
स्कैनिंग,151
कुरीति,39
फिक्रमंद,19
उभरने,11
सामान्यत,24
अमूल,13
कटती,17
जंघई,42
झोक,7
लड़का,197
अपमानजनक,65
तोड़ता,40
पेचीदा,14
भेजती,24
संजोने,24
टोना,93
दौड़ना,41
नवां,26
मुरझा,36
चेरीटेबल,151
महिलाए,197
घूमना,67
सजन,170
दिलाएगी,24
अनुशासनिक,39
छुरी,7
आंतकी,25
पिराई,166
हतोत्साहित,24
स्मृतिचिह्न,29
क्लासिक,182
जनसुविधा,43
ओलों,36
मुसलिम,18
लोहियां,40
मुल्जिम,53
आगंतुक,105
द्रव्य,12
धर्मस्थल,42
प्रारुप,34
बैठें,24
बरता,53
खुमार,154
जाफरपुर,42
गरजा,36
अंध,39
झूमर,29
रेलमंडल,42
बायें,44
पड़ावों,67
अनायास,19
दिखाएगी,24
स्टीमर,144
पुरुषार्थ,39
कालांतर,60
गुमनाम,48
वोटें,40
निर्देशिका,151
आरामदायक,189
दुष्कर्मियों,53
दोहराने,65
प्रथमदृष्टया,186
ओढा,29
हैण्डपम्प,40
होनहारों,105
फलफूल,17
हौसलों,18
आफरीन,154
सूफियाना,154
मंगलाचरण,42
मंहगे,166
दक्षिणांचल,37
टिकटें,43
वरियाम,42
नवजीत,42
चाहेगा,24
बांटेंगे,71
रूकवा,24
तानकर,7
उपखनिज,40
खाट,7
रंगरोगन,29
सेहतमंद,189
खिदमत,154
ज्ञानदीप,43
तंद्रा,19
घुमा,67
उपादान,22
कहार,40
अंकुरित,17
मध्यमवर्गीय,18
नक्शों,169
नौकरशाह,53
उपनिरीक्षकों,43
ठहरी,67
घूंसों,7
स्वयंसेविकाओं,43
आकड़ा,77
पितृपक्ष,42
घड़ियां,64
उत्सर्जन,12
ढहाया,40
अपशब्दों,65
मुहुर्त,130
भगौड़ा,53
सहकर्मियों,71
अनुपालना,43
आपूर्तिकर्ता,34
धीमे,157
जुड़ें,24
बैंडबाजे,40
कव्वालों,154
आगणन,43
झपटने,7
अबला,197
रक्तस्राव,63
चीकू,17
बेईमानी,53
ढिंढोरा,7
विदुषी,42
खरीदता,166
जेवरातों,29
निर्दोषों,53
परिजनो,197
गुल्लक,40
पडे़गी,24
पौधशाला,43
होशियारी,39
वजहों,77
कार्यदिवस,26
शक्कर,17
जीतेगी,55
अनुत्तीर्ण,43
लेटी,7
संयमित,39
नागपंचमी,42
संयोजकों,43
खानदान,177
हीरोइन,105
लुटा,53
सिखाना,24
इच्छानुसार,139
सबर,46
रूद्राभिषेक,42
घुड़सवारी,41
मथाना,42
सरोवरों,42
भारतवर्ष,77
आत्माओं,74
उतरवाया,29
परिसंपत्तियों,166
गृहविज्ञान,98
शयनयान,40
बिमारियों,63
गुर्दा,63
गोमुख,42
बहुउद्देश्यीय,43
दयावती,42
तरवारा,42
जयपुरिया,42
मोटाई,28
मार्कण्डेय,42
हंसाया,65
अफगान,25
बालकनी,40
मोरों,41
छोड़नी,24
रुद्राक्ष,185
राष्ट्रभक्ति,18
झंखाड़,7
चुंगल,7
देवोत्थान,42
त्यागकर,39
तापीय,12
खोट,85
जुटें,53
बुना,7
बेलन,17
भर्तियां,195
क्लेरिकल,151
बिखेरने,36
कर्तव्यनिष्ठा,39
परिव्यय,43
उजड़ने,40
डूबता,144
छक्कों,31
अंकन,88
निराली,99
तालों,170
कवयित्री,105
कुतुबखाना,40
लखपति,166
तुड़वाया,24
जांचें,24
नागिन,41
अशुद्ध,12
प्रयोगों,98
दोहा,33
मर्यादाओं,39
यमन,33
मानवी,0
नायकों,182
पंजीरी,17
गरमाने,53
सहभोज,197
योगीराज,55
चढ़ती,29
संकायाध्यक्ष,43
रुलाया,154
तड़पने,7
कारिंदों,40
तड़पती,7
मनेगी,42
समझाए,24
जीतेगा,55
भाऊ,42
उपप्राचार्य,43
कृतसंकल्प,24
कुलियों,7
कालोनीवासी,40
रोकड़,166
बरसते,36
विनम्र,39
मंत्रालयों,37
तिलेश्वर,42
हथकंडा,24
बांधना,7
कोठियों,40
संविदाकर्मियों,43
वीरानी,19
ताउम्र,19
विपदा,14
प्रबन्धन,43
लाठ,42
अमीना,154
परतें,28
संभलकर,7
भेड़ों,41
बैरल,40
पूछता,24
घूंसे,7
पिलाते,17
हत्याभियुक्त,53
संस्कृतियों,18
उलटी,63
कलंदर,154
कटोरी,17
अग्र,28
मृत्युदर,197
राजबाग,42
कचड़ा,40
गिरेबान,24
जमींदारी,166
कालेधन,40
एचसीए,151
लहुलुहान,69
पुनरुद्धार,43
ठेल,7
मानदंड,43
फिजूल,166
रोषपूर्ण,53
भौंरा,36
निरर्थक,53
जमना,46
बेवफाई,154
ब्रजनंदन,42
श्वांस,44
पूंछ,44
राष्ट्रविरोधी,18
मंजी,80
सम्भावना,14
निखर,36
साहूकार,166
दिव्यानंद,42
कॉज,89
खिलाफत,2
अंधता,63
वरिंद्र,42
इत्तेफाक,53
ध्यानाकर्षण,0
तिकोना,28
समझेंगे,24
जोड़कर,71
नजरिये,0
पैगम्बर,74
असामान्य,0
हॉकरों,40
खटास,17
बिताना,19
लोभियों,197
उड़ाने,7
बुद्धू,39
बिहारियों,37
खपाने,24
अमीरी,18
कत्तई,53
पलटे,7
न्यायसंगत,53
बढ़ाएगा,157
जांचों,24
दिलाती,24
टीशर्ट,29
छुड़वा,7
खेमों,71
पारम्परिक,18
शावकों,41
पेंशनधारी,43
कांगड़ी,42
बेबाक,154
वाशिंदे,40
संतानों,197
सिखाएगी,24
बहुएं,197
दयालु,39
पढ़ाएं,24
पड़ें,24
भरनी,24
महामृत्युंजय,42
निपटाकर,14
बाजना,42
विधायिका,43
फालतू,53
पिंक,58
डाकखाने,40
परिवारजनों,197
अध्यापिकाएं,43
सत्संगी,42
आदमखोर,41
अविरलता,144
गुरुनगरी,37
बुलवाकर,24
साढू,197
सखा,61
मुड़ने,7
गुंडे,53
निद्रा,19
चौड़ीकरण,43
योग्यताधारी,43
खोजे,0
रेलगाड़ियां,40
बंदरबाट,53
बछरायूं,74
जमाखोरी,53
पुत्तन,42
आत्मनिर्भरता,18
संवेदनाओं,0
पीड़ा,0
उत्तरीय,37
विभिन्नता,18
प्रेरणास्त्रोत,0
क्षरण,6
क्रियात्मक,0
बंधाते,39
शायरा,154
कुलानुशासक,43
अप्रेल,26
दुलीचंद,42
बॉक्साइट,185
अभि,112
कूदी,7
सर्वकर्मचारी,43
मध्यस्थ,53
शालिग्राम,29
खेलो,31
पायजामा,29
पिलायी,17
घड़ी,64
तरकीब,24
आंतक,25
पकौड़े,17
लेखाजोखा,34
लोभी,53
ढोकर,7
रफादफा,53
छमाही,103
छात्रो,43
मुझको,154
सुलझी,14
सोफा,7
चौपाई,42
बिकते,166
प्रसिद्धि,99
लेमन,58
प्रसादी,29
टुकड़ियों,25
उपचारित,12
प्रतियोगता,31
पीटता,7
कटते,17
चरखा,29
अल्कोहल,13
इमारती,17
झीलों,144
सुधरेगा,14
उड़ाए,7
नर्सरियों,197
बैंको,166
घूमा,67
निपटे,14
टायफाइड,63
भोगता,39
शिल्पकारों,166
सुचेता,42
स्ववित्तपोषित,43
रिएक्शन,66
नर्क,74
संचिकाओं,151
हकमारी,18
चिपकाने,7
प्रतीक्षारत,19
ओजस्वी,0
खुशाल,42
निभाएगा,21
उतारु,53
दूरदर्शी,105
ताड़,17
टिक्का,17
रघुपति,42
चिपकाए,7
पंहुचे,24
खुलवाना,24
इंटर्नशिप,43
अक्षमता,43
गंधर्व,74
मेलजोल,71
लड़ती,24
मिठाईयों,17
कलेजे,44
खूबियों,14
वर्षभर,26
कुलपतियों,43
लाहा,42
मिस्त्रियों,166
पूर्णरूप,0
करदाताओं,166
अभिनन्दन,99
रिकार्डिंग,151
चूहा,41
उपवन,36
निगाहों,24
प्ररेणा,24
निशक्त,18
मापने,47
मानेंगे,24
रामचरितमानस,42
धुंए,12
खोखो,31
ट्रॉलियों,40
चौंकी,19
विश्वंभर,42
अचरज,19
परिसंघ,31
मजबूरीवश,53
क्रोधित,19
सुघर,42
आयेाजित,43
फागुन,170
सहोदर,61
ग्रेनो,40
दिव्यांशी,42
इंकलाब,18
एलीमेंटरी,151
लाभांश,166
महाअभियान,43
सर्वसम्मत,43
तपोभूमि,37
बढ़ाएगी,157
मिन्टू,42
डब्बा,40
बंजारी,156
श्रेष्ठता,39
थरथरी,7
साड़ी,29
आइडियल,151
बेबाकी,154
दिल्लीवासियों,37
मुचलका,53
उत्प्रेरण,0
जीतेंगे,55
धनबल,53
समोसा,17
गुमटियों,166
उबले,17
स्वास्तिक,42
ऑक्सफोर्ड,49
कुहासे,36
सज्जनों,42
उदार,39
कार्यकुशलता,43
विदारक,14
चमड़ा,7
युगेश्वर,42
बेनामी,35
अटरिया,42
दण्ड,53
कार्यपरिषद,43
किरकिरा,67
बेहिसाब,53
पंचतत्व,5
उलंघन,43
बचाता,24
विखंडन,0
घुड़सवार,41
रुपरेखा,34
अतुलनीय,99
चारदिवारी,40
कलशों,29
नजदीकियां,11
औद्यानिक,43
हिस्सेदार,166
जनसभाएं,53
अस्थिर,0
थैलियों,40
रेडियोलाजिस्ट,63
सकतीं,24
सुमधुर,170
कल्पवास,42
सुरक्षाबल,25
गाववासियों,42
घोंपकर,7
दिलाएगा,24
छिपने,24
रेलयात्रियों,37
रंगने,36
ज्योतिषी,130
उज्ज्वला,16
पहनावे,29
डोरे,7
उबल,17
उखाड़ा,7
कटवाकर,17
जातियां,156
कुन्तल,166
समझाई,24
चंडिका,42
चबाने,17
धौला,40
जुम्मा,26
पारो,84
धोएं,17
सफेदा,36
हराभरा,17
हिंदूवादी,18
परलोक,74
पुनर्वासित,40
कृपानंद,42
लिखाया,34
याचिकाएं,53
वृज,23
सेनाध्यक्ष,25
जनक्रांति,18
शीतकाल,26
आशंकाओं,14
स्फूर्ति,19
श्यामसुन्दर,42
लहलहाती,17
प्रेमदास,42
लंढौरा,42
कटेगी,24
पंचामृत,29
ककड़ी,17
बमों,25
कृत्यों,53
भाईजान,112
उदारता,39
निकलवाए,24
सरांय,42
किलकारी,197
आडे़,7
घिनौना,53
कामनाएं,99
झोलाछापों,53
निर्बल,189
पनपता,11
तोड़फोड़,53
कराहते,7
अधिभार,107
गुझिया,17
इशिका,42
तूने,154
हस्ती,105
छोड़ता,24
मिन्नत,7
छलने,53
दीयों,36
मंसूबा,53
कार्यमंत्री,43
होड़,24
समावेशन,18
विरुद्घ,53
दृढ़ता,14
ट्रेने,40
भुक्तभोगियों,53
जिन्न,74
सामयिक,0
हरियाणवीं,42
देखनी,24
दौड़ता,7
नाद,170
जनाजा,69
चाकूबाजी,53
त्रिलोकीनाथ,42
कराओ,24
पाठों,42
गरबा,105
दस्ताने,29
मारती,7
दौड़ेगी,24
बाबूजी,197
इंचौली,42
सप्तक्रांति,42
अन्तरराष्ट्रीय,37
घुमने,67
दांपत्य,197
बिताई,19
वनरक्षी,43
कर्मयोगी,39
छठीं,103
जन्मस्थान,37
उपहारों,29
रचनात्मकता,105
करतूतों,53
फलदायी,0
टोटियां,40
महाशक्ति,18
धर्मावलंबी,18
छारा,46
बीआरसीसी,43
अव्यवहारिक,0
गंवाए,19
बंबे,23
तलाशे,24
अभिरुचि,19
प्रेरणादायी,0
हटाएं,7
इच्छाओं,14
तगड़ी,7
अभियात्रिकी,42
ओढ़ा,29
बचायी,19
सुगंधा,36
अर्थदण्ड,53
बीड़ी,13
पांडियन,42
मापक,47
संघचालक,43
बनिया,156
उपजी,11
गड़ाए,7
मजलूमों,18
मत्स्यजीवी,144
रोकता,24
संस्तुतियों,43
लगवाते,24
निरन्तर,0
जासूस,186
फासले,11
तात्पर्य,97
भैयादूज,42
अड़चनें,14
कस्बावासी,40
धर्मनिरपेक्षता,18
देखीं,24
पर्यावरणविद,98
पत्तल,17
प्रगाढ़,71
जमाई,11
गर्भधारण,197
भूलवश,14
बंटेगा,24
पूर्णता,0
चक्रवात,36
कसता,7
तैरते,144
शख्सियतों,105
यौवन,36
विभव,12
चिन्हीकरण,0
शोधकर्ताओं,98
सौंधी,17
कौड़ियों,40
जिंदगियां,19
बैठाई,7
सींग,44
सरक,7
तेजवंत,42
ईंटें,40
सुकांत,42
संबंधितों,53
काना,42
गाउन,29
सजेगा,36
निशि,42
योजनांतर्गत,43
इनमे,24
तापते,7
सन्यासी,42
बहाए,17
पुश्ता,177
भीगते,17
पत्रिकाओं,34
साढ़,197
रणक्षेत्र,18
भिन्नता,18
प्रवेशद्वार,40
परिलक्षित,11
तुरहा,42
छाते,29
उपासक,42
हुलास,46
आमदा,53
शीरा,17
कप्तानों,31
घुट,7
कुर्ते,29
सदाबहार,36
गूंगी,93
सांध्यकालीन,42
टहनियों,17
सुरीली,170
उपमंत्री,43
बचाओं,16
अधिष्ठान,88
खटखटाएंगे,24
हिन्दुस्तानी,37
गंभीरतापूर्वक,0
चढ़ाना,29
कम्यूनिस्ट,18
कार्यबहिष्कार,42
गुप्तांग,44
तारिणी,42
नियमानुकूल,43
नाटककार,105
होतीं,24
निवारक,0
बूंदी,42
ऊंटों,41
धर्मांतरण,18
नूपुर,42
नेतागण,18
मोबाइलों,151
इमामबाड़े,154
वंचितों,18
अंतर्राज्यीय,37
छिपकली,41
उड़ता,7
कमलापति,42
यत्न,24
लिखापढ़ी,34
हंसने,65
पदमश्री,30
मण्डलायुक्त,43
पैरोकार,18
उगने,17
राममंदिर,37
लौटीं,24
पियक्कड़ों,13
पटकनी,55
हांफ,7
अकूत,53
रखो,24
इंचार्जो,43
पचपन,77
गामी,37
बिग्रेडियर,25
पिंजरा,41
जादुई,93
अलंकार,97
अप्रवासी,37
जताकर,53
चेष्टा,24
संपन्नता,0
सूदखोरों,166
शाकिब,154
भगदड़,53
चिंताएं,14
शेषमणि,42
बट्टा,42
दुष्परिणामों,0
दिखाएगा,24
मुद्रिका,44
भाइचारे,43
बधाईयां,99
सवैया,34
तारामंडल,110
खोलें,24
फलीभूत,5
पलटकर,7
क्लर्को,43
उलझकर,14
पूंजीपति,166
प्रदर्शक,118
झिलमिल,36
लिटा,7
बोलचाल,37
तिरछी,44
अर्धनग्न,24
बिछने,7
जूझता,14
जगराज,42
हमार,75
दरियादिली,39
फुगाना,42
झुमाया,99
अवैधानिक,53
उड़ानें,37
बैठीं,7
भरावन,17
वाल्मीकी,42
क्षेत्रान्तर्गत,43
भरपेट,188
डिलिवरी,66
कारे,40
अंगवस्त्रम,29
छापेमार,25
प्रारम्भिक,26
कमाए,166
संधारित,34
डाकिया,40
उलटफेर,55
कठिनाइयां,14
खारे,17
कोकिला,46
बीसीसी,151
औरतें,197
भटका,24
भूसी,17
संगमरमर,40
हिरणों,41
लंगड़ा,93
लहरें,144
खमियाजा,53
बेजोड़,99
खोये,19
खुलीं,44
आवेदिका,88
गिरजाघरों,18
मनगढ़ंत,53
टंगा,7
विषमता,18
चटकी,23
नोंच,7
भिड़ने,55
बिरहा,170
कसकर,7
लिपटी,7
लुढ़का,7
राकेट,90
निरीह,41
योनि,44
समाया,11
मुंडारी,42
अजान,154
गैसों,12
कल्याणार्थ,43
ऐश्वर्य,39
मुर्गियों,41
समाजसेविका,43
छटपटा,7
छतें,40
मुदगिल,42
वंदेमातरम,18
संघीय,43
पकड़ाए,24
युक्ति,47
फर्राटे,40
जुटनी,53
तनावमुक्त,43
बक्श,154
टाफी,17
अनादि,0
कनिष्क,187
दौड़ा,7
समोसे,17
पंजोखरा,42
संदर्भित,0
बाढ़ग्रस्त,14
क्षमताओं,43
पगडंडियों,67
चौबिया,42
जनमुक्ति,18
गुमनामी,48
शोधपत्र,98
लखेड़ा,42
बोगियां,40
उतरवाने,29
नवाया,44
बेशुमार,53
औजारों,40
सूखते,17
तेलो,13
ओहदे,154
शालीन,39
दुर्घटनास्थल,25
चुस्ती,19
टेरी,149
मूल्याकंन,43
कृपया,24
मिन्नतें,7
डिब्बी,17
कढ़ी,17
हर्षदेव,42
हरिकीर्तन,42
उत्पाती,53
जुगुल,42
परदे,36
पुष्पगुच्छ,29
सत्कर्म,39
जरुरतमंद,18
मुआयने,24
नंगी,24
भगाओ,178
तोप,25
लाजवाब,99
रूहानी,154
चिंतनीय,14
कारो,115
निहायत,65
टंगे,7
तमगा,7
हाशिये,11
विजिटर,151
चेकबुक,166
बेचनी,166
खंडस्तरीय,42
इंजनों,40
पहुंचेगे,24
केदारघाटी,42
तैरने,144
उठवाया,24
देवशरण,42
महात्म्य,42
पककर,17
रगड़,7
सम्बोधन,43
मनचाहा,24
नगाड़ा,170
प्रेमवीर,42
आंकडे़,169
सुखों,39
घनघोर,14
शरणम,46
अनुशरण,39
करेंगें,24
देवालय,42
रॉकेट,90
कसमें,7
झपटा,7
तलवारें,7
कारज,46
पेटेंट,0
भूचाल,53
कार्यकलाप,0
हमसफर,67
इत्तफाकिया,53
लड़ता,55
अपवाद,0
दुनी,157
विजयश्री,42
असलहाधारी,25
जंजीरों,7
कोण,28
भौचक,19
असाधारण,99
फैंक,7
अवांछित,14
कुचलते,7
वैसाखी,42
अम्पायर,31
कुपवाड़ा,42
कलयुगी,45
रहनेवाली,24
वारे,39
लेप,17
सुशिक्षित,18
जर्जरता,14
दहाई,77
गड़बड़ी,14
गीले,17
कटवाया,17
लहुलूहान,69
भिड़,7
असंतोषजनक,43
देखेगी,24
मुखौटा,65
भईया,197
कलेंडर,34
घिरता,19
थमे,24
अंगिका,37
देवियों,42
जगने,19
स्वरूपा,42
शुभचिंतकों,71
कुकृत्य,53
चप्पलें,29
आपदाग्रस्त,43
अनियोजित,0
त्रेता,45
पुस्तकालयों,34
सरायतरीन,40
जैनेंद्र,92
आइआइए,42
कंपकंपी,36
मजनू,154
मानदंडों,43
सफदरगंज,42
बहाकर,17
झगड़ने,55
गोधाम,42
सतनारायण,42
बढे़गी,157
मालगाड़ियों,40
प्रदर्श,88
दीवानों,154
धवल,36
खरीखोटी,65
शामलात,166
अंगूठियां,44
छिपाया,24
अमोनिया,17
ग्रामीणांचल,42
चप्पलों,29
विभू,42
निहारते,24
उड़नदस्तों,25
खुलेंगी,24
युवको,197
संवेदनाएं,0
गुजरेगा,24
इजाद,24
जन्में,177
किस्सा,65
जुड़वाने,24
सहते,53
सीबीसीएस,151
वसूलकर,166
राज्यस्तर,42
ठिठुरने,36
फॉर्मूले,145
तीर्थराज,42
दिलेरी,18
बुझी,36
बहरी,93
सदस्यो,43
बिगड़ी,14
कुंवरगांव,42
उलटे,7
किलों,40
रिश्तेदारियों,197
द्वितीया,42
गुनहगार,53
सताती,53
प्रपंच,81
आदम,74
बंदों,154
ब्योरे,34
शासकों,177
नापने,7
सुनती,65
लेटकर,7
बेकरार,19
मानवरहित,90
खुरपका,63
अबूझ,93
पेड़ा,17
गत्ते,40
बेहिचक,154
सलाहाकार,98
प्रशान्त,84
झरने,144
पातीं,24
खलनायक,182
फिनाले,112
पांडु,45
पाईं,24
विवाहोत्सव,197
गिरेगा,7
रक्तरंजित,53
शौहर,154
तंदरुस्त,189
खटखटा,24
जगदम्बिका,42
भीगे,17
सरियों,7
मरना,24
कौटिल्य,33
मिलावटखोरी,53
रसीदें,166
गुने,157
कर्मियो,43
जन्मजात,63
यज्ञोपवीत,42
फूटने,7
दीवानगी,154
बालूघाट,42
जिहाद,25
संरचनाओं,43
साइफन,40
अंधापन,63
रखवाए,24
समेटकर,24
स्थिती,14
राजसी,177
भटकाव,24
सावरकर,42
विर्मश,0
घटाव,157
ठण्ड,36
खार,17
मीन,130
अपराह्नं,42
उभरती,11
शिवम्,198
पकड़ती,7
चौड़ा,28
मुफलिसी,154
भ्रांतियां,14
सेवाकर,22
सेनाओं,25
बताईं,24
मर्द,197
पॉलिथीन,40
सूदखोर,166
चटका,31
सजधज,36
गुब्बारों,7
स्वयंभू,18
अशुभ,0
दागने,25
एकबारगी,19
कार्यक्षमता,43
क्षेत्रो,37
वर्तन,17
प्रतियों,34
निरपेक्ष,18
उपचालक,42
जमावड़ा,53
विश्रामागार,43
चाव,198
आवेदनकर्ताओं,34
ग्वाला,42
पितामह,1
समाजसेवक,105
देशप्रेम,18
पहुंचाएगी,24
बीतते,26
बिल्डिंगों,40
दादू,154
मंत्रिपरिषद,43
गेहूँ,17
सजना,170
पढ़ाकर,24
सदाकत,154
राजतिलक,43
तदोपरांत,139
जहान,154
पायलटों,37
डॉक्यूमेंट्री,182
समाए,11
बटों,7
प्रयोजन,43
चिल्लाना,7
प्रियव्रत,197
कड़वा,17
आकांक्षाओं,14
मुवक्किल,53
नृपेंद्र,42
सफेदपोशों,53
पाँच,77
कुप्रथा,39
सीरत,14
देवस्थान,42
केंद्राधीक्षकों,43
कत्लेआम,53
मोतीचूर,42
मिटाया,11
सर्जनों,63
छन्ना,40
अतंर्गत,43
मालियों,40
सटकर,40
थोपने,53
बताएगी,24
कंपा,44
संबन्धित,43
मुंडू,42
तृप्त,24
रूबीना,154
स्वीकार्य,53
गिनी,24
योद्धाओं,18
सबंधित,43
ज्ञानवर्धक,0
भाईचारगी,43
मंडराता,19
शयन,7
दिशानिर्देशों,43
रंगबिरंगी,36
उमड़ता,53
वित्तरहित,43
चिन्हांकन,0
सतयुग,45
वेतनवृद्धि,43
संवदेनशील,0
थोपे,53
जमानतीय,53
पूंजीवादी,18
घुटन,7
उतराता,144
फतवा,154
गढ्ढे,40
तोरणद्वार,40
नबाव,177
मंडियां,166
अल्पावास,42
शोषितों,18
मनुहार,39
फेरों,146
बिसाही,41
पेठा,17
दखलंदाजी,53
निकहत,154
मणिभूषण,42
धकेलने,7
देवालयों,42
व्यवसायीकरण,18
गणेशोत्सव,42
़जमीन,42
चुस्की,17
योगगुरु,42
बांधते,7
डिप्स,189
छंटने,53
ताजे,17
टैक्सियां,40
अनसुलझे,14
रामायणी,42
दासी,82
थानाप्रभारी,42
विद्युतकर्मी,43
लौटेगा,24
थके,19
टहनियां,17
साजिशकर्ता,53
कितनों,24
सेबी,2
टकराए,7
बला,50
पट्टियां,88
फलां,148
छटनी,195
जरुरतमंदों,18
मिलाए,71
प्रहरियों,21
रचते,81
वफादारी,39
ढेला,17
हलवाइयों,17
झाड़,17
करायेगा,24
बंधों,125
फाड़े,7
रचयिता,106
पंहुच,24
सरिये,7
आत्मप्रकाश,42
खाताधारी,166
अधिगृहित,166
विभूषित,30
अंगीठी,17
भूगर्भीय,98
झाड़ते,7
गिनाने,24
खलती,24
ऋणों,166
डालेगा,24
तलाकशुदा,197
प्रत्यूष,42
देनेवाले,24
त्यागराजन,42
ताव,7
लटकाकर,7
नीतिया,43
कछुओं,41
विकृति,63
स्थानातरण,43
आदमियों,25
विशुद्ध,18
पूर्वाहन,26
घेरेंगे,24
गन्दगी,40
भ्रांतियों,14
बूढ़ों,197
पिछड़ता,18
डायलॉग,112
घूरा,197
जिज्ञासु,19
प्रभुनारायण,42
वजनी,189
भण्डारे,42
दादागिरी,53
विजयदशमी,42
जनाजे,69
स्मृतियों,19
पल्लेदारों,166
दुरंतो,40
पदचिन्हों,183
पहाड़ों,10
संवासिनियों,42
अधीक्षिका,43
टरबाइन,40
खूबियां,14
दुर्भावना,53
रक्षामंत्री,43
पुलिसवालों,43
सुधारे,14
बाबूओं,43
भारोत्तोलन,31
यूनाईटेड,164
छेड़छाड़,53
सूअरों,41
मॉड्यूल,0
बिखरने,7
चिन्मया,42
बागची,42
एथलीटों,31
संकरे,28
महानता,39
गटक,13
पोत,144
वैशाख,42
सिद्धिदात्री,42
वामदलों,18
पोस्टआफिस,40
अंताक्षरी,170
खामिया,14
फैलाएं,11
दिलवाना,24
थैलों,40
शांतिमय,43
कड़ाके,36
वाचनालय,34
निखरती,36
फॉर्मूला,145
जुलूसों,53
रंगकर्मियों,105
मकबरे,40
उन्नतशील,0
ठूंसकर,7
बेदखली,166
हटेगी,24
अम्बाला,42
विधिविधान,42
न्यारे,39
बैठाना,7
स्वाध्याय,42
फरमाइश,170
जनपथ,29
नेत्रहीनों,18
आध्यात्मिकता,18
सतीष,42
वर्षापात,26
शहजादी,177
गोष्ठियां,43
गजक,17
विध्वंस,6
अराजकतत्व,53
सेवापुरी,42
सरजमीं,17
पुर्ननिर्माण,43
मछुआरे,144
यथोचित,21
राजकोट,51
अगुवा,18
जलभरी,40
शंकाओं,14
धोया,17
मनू,42
भद्दा,65
मूत्रालय,40
थोपा,53
कृपालु,39
भाजी,17
मैत्रेय,42
सेवायत,166
उदारवादी,18
दिशाहीन,18
खोलता,24
फली,17
इंद्रियों,39
घूमी,67
ददरी,37
कब्ज,63
धब्बा,36
उतारें,24
सजती,36
कारीगरी,166
भैरवी,42
जोरी,7
पनपते,11
एकलौता,177
गौरवमयी,0
बदलवाया,24
मसरूर,177
डरकर,7
चूर्ण,17
बिछड़े,154
गुंजा,29
बटवारे,71
लम्बाई,28
महंतों,42
अनन्य,0
जिंदगियों,19
बिजनेसमैन,112
संजो,24
असेंबली,37
झूलती,7
भरोसेमंद,39
पदमुक्त,43
सचित्र,34
गेस्टहाउस,188
पापी,39
माताजी,42
आत्मानंद,42
तने,17
केन्द्राधीक्षकों,43
विश्रामालय,43
आरोपियो,53
गुजारते,19
छुड़ाने,7
बेझिझक,154
उबालकर,17
शब्दावली,97
कम्प्यूटरीकृत,151
हड़तालियों,43
निर्वाध,0
जेबकतरे,53
किफायती,166
धुंधली,36
हुड़दंगियों,53
मान्यवर,99
पशुपतिनाथ,42
सुधरेंगे,14
अरसा,26
अभिलाषी,19
पराक्रम,18
सांडों,2
निरजन,42
अयोजन,43
मूंछ,44
युनुस,154
रंगशाला,105
मरम्मतीकरण,43
क्षेत्रांतर्गत,43
ढोते,7
नोबल,98
घटाया,157
दुल्हा,40
पोलियोरोधी,63
संवाहक,181
छूटते,24
परचा,34
बैठाते,7
अधिष्ठात्री,88
पहुचेंगे,24
नजमुल,154
वृत,28
पदचिह्नों,183
नहलाने,17
सहतवार,42
ठूस,7
इकाईयां,107
पीपे,40
धुआंधार,53
झाड़ने,7
देवाल,42
बढ़वा,157
उमड़ते,53
प्लाई,40
अचूक,24
कड़क,7
सेंक,17
तौला,7
मनचाही,24
पंडिता,105
सूर्योपासना,42
राहे,67
जमावड़े,53
जताए,53
टोपियां,29
प्रतिभागिता,31
नेताओ,18
पीया,17
बसाई,40
मंगलकामना,99
जटिया,42
महीन,17
जहन,44
बाड़ा,40
न्यारा,39
बेईमान,53
महापरिनिर्वाण,42
नुपूर,42
पढ़ो,178
रूची,19
रुपाली,42
पर्चो,34
उपनियंत्रक,42
सुमति,46
प्रचारिणी,42
स्थापन,43
बटाई,17
चारित्रिक,39
टकसाल,185
भटकाने,24
उजाड़ा,40
खिलाते,17
विरंची,42
कुंद,7
मदारी,41
बेंचों,7
गुणी,39
गुलदस्ते,36
रेलनगरी,37
समन्वित,43
तसर,23
प्रेमानंद,42
खिंच,24
कशमकश,14
निर्जन,19
आमलोग,18
आदिनाथ,42
शत्रुधन,42
छिन्न,0
त्रिमूर्ति,42
प्रक्रियाएं,43
चक्रपाणि,86
झटक,17
निभाएगी,21
पिघल,17
नवाचार,105
उड़िया,37
कर्मठता,18
ट्राफिक,67
दर्शनी,42
सुझाया,24
कड़ाही,17
कुक्कुट,41
फुफेरे,197
कहिए,24
उठो,178
पीताम्बर,42
खाये,17
लगायें,24
चुनते,24
कुवंर,42
सुधरा,14
मंजिले,40
आहुत,42
कहो,178
लिखावट,80
याचिकाकर्ताओं,53
विषैला,12
पढ़ाता,24
कंजूसी,39
जन्तु,98
ताती,46
फीसों,23
बुद्धिराम,42
किलोलीटर,77
जड़कर,31
रुबरु,99
विडम्बना,14
कानी,44
देवयानी,110
उंगलियों,44
आवरण,28
चरवाहों,41
कानन,82
कृतज्ञता,39
अधिगम,43
सट्टेबाजों,53
अद्वैत,150
हालंाकि,190
हरख,42
चीरा,17
जताना,53
जीर्णशीर्ण,14
पादुका,29
उड़ाये,7
तेइस,77
जेबों,40
झूलने,7
गुरुपर्व,42
खिलाना,17
आवेदनपत्र,34
झंकार,170
टालते,14
मनाती,42
देखिये,24
जनसंघर्ष,18
उद्घोषित,34
डिजाइनों,29
सोसाईटी,151
मोहल्लावासी,40
पुर्नगठन,43
फुल्की,65
बगलामुखी,42
टलने,24
दखलअंदाजी,53
हरगिज,53
खोखली,11
लौहनगरी,37
रहंी,23
डलिया,17
बेरहम,53
बंधने,7
उखड़े,7
झलकी,11
भूलें,19
मीठापुर,42
दायीं,44
खेमराज,42
कयासों,53
कपट,53
अपनायी,24
बढे़गा,157
मंधना,43
किवाड़,24
तत्कालिक,43
दिवाना,154
सीलबंद,40
बुलाये,24
विजयगढ़,42
मस्तक,44
निराले,99
भोगना,39
मनाता,42
चादरों,29
नाको,171
निर्वासित,40
नर्तकी,105
बारूदी,25
प्रौद्योगिक,43
पुष्पों,29
निरंतरता,0
जड़ा,31
दुग्धाभिषेक,42
खूंटा,29
वर्ण,36
सन्यास,70
छेड़छाड़,53
पुनर्मूल्यांकन,43
शोधकर्ता,98
कसनी,7
तीर्थस्थल,42
कराहती,7
धोबीघाट,156
अफेयर,112
गिरनी,7
विश्वरंजन,105
बिलखती,7
नोकझोक,53
परदा,36
अफगानी,25
चोरीशुदा,53
अफ्तार,40
बकायादारों,166
घसीटकर,7
आतिफ,154
गुमसुम,19
सिवाए,24
पीरजादा,154
वफा,154
खिलाडिय़ों,31
नायिका,182
विकासखंडों,43
तांत्रिकों,42
बुत,20
शर्तें,43
हिमस्खलन,10
किरदारों,182
विघटन,0
नसों,44
सोयी,19
महलदार,42
बनवाते,24
चक्रों,130
मिस्ड,35
उत्सवों,43
भेट,29
पैना,7
सगा,197
भतेरी,197
कमलाकर,42
चयनमुक्त,43
भौंचक,19
पूर्णानंद,42
तार्किक,0
कुल्फी,17
चहक,65
खिलाए,17
कठायत,42
रजिस्ट्रियां,34
घेरते,7
अजंता,40
वशीभूत,39
पुस्तैनी,177
पूर्णचंद्र,42
हाकिमों,25
पावती,166
अखरोट,17
मारो,178
खच्चरों,41
टेपों,151
उपप्रधानाचार्य,43
फूलमालाएं,29
गिराना,7
छिपाए,24
आलोचक,105
दुखदायी,14
फलाफल,130
प्रतिद्वंद्वियों,55
हड़पे,53
डेरवा,42
दोषपूर्ण,14
चुकाया,166
नागार्जुन,92
ब्रह्मालीन,42
डैनी,38
सोचती,24
उदारीकरण,166
बाजारवासियों,42
धामों,42
झाडि़यों,40
आमीन,154
वीकेंड,26
मृग,41
संयोगवश,131
समाचारों,34
पुकारते,24
जहांआरा,154
तकादा,53
मारूफ,154
स्थगनादेश,26
छापर,42
लूटते,53
पटका,7
तानाबाना,7
जनतांत्रिक,18
डाककर्मी,43
अवैतनिक,43
सिखाये,24
धनौली,42
घराती,40
मकरंद,17
सारंगी,170
फहराएंगे,29
निरकारी,166
सरे,75
स्टूल,7
सजदा,154
रुकेंगे,24
चाहेगी,24
राजमा,17
विद्वेष,14
रूपेण,0
चौमुहां,42
कव्वालियों,154
कसक,7
ओढ़े,29
नुस्खे,24
योजनायें,43
एकाग्र,198
सरीखा,81
परीचौक,67
इश्तेयाक,34
झांककर,24
सुराही,17
पादुकोण,112
घनत्व,169
वारा,137
राजलक्ष्मी,42
बीजा,155
यांत्रिकीकरण,43
दिनदहाडे़,53
पाखंड,42
खेलेगी,31
हस्ताक्षरों,53
पके,17
पौष,42
पद्धतियों,43
आक्सफोर्ड,49
अगम,39
देवो,42
बिरयानी,17
पहनते,29
प्रोमोशन,151
बायपास,67
सिद्धपुर,42
जनसुविधाओं,43
अलंकरण,30
मंजूषा,32
छिटक,7
सुयोग्य,0
नानकी,154
वृतांत,34
यौगिक,12
अलताफ,154
निहत्थे,7
परंपराएं,18
आधारहीन,53
गलने,17
बिठाए,7
परखचे,7
सर्वथा,0
जताएंगे,53
आटोरिक्शा,40
डोले,170
मुहल्लेवासी,40
हस्तलिखित,34
इहलीला,69
गिनने,24
गरुड़,74
पिछड़ापन,18
अधिकरियों,43
झेला,53
महारथी,45
कटुता,14
गुड़,17
घमंड,39
कैलाशी,42
रिफलिंग,40
उखाड़े,7
उगलने,36
सुनाएंगे,65
तारीखें,34
जानेमाने,105
आयो,46
बौने,110
जांचकर्ता,186
संबंधन,43
अपनाये,24
गौण,160
शोरी,154
वनभूमि,166
बालियों,40
ईजाद,24
त्रयोदशी,42
हेलिकॉप्टर,37
निपटाना,14
बढ़ाव,157
कुम्हारों,156
हैलीकाप्टर,37
मुददे,53
झोंककर,7
गर्माया,53
पछतावा,24
छात्रायें,43
व्यसन,13
दिहाड़ीदार,166
अहम्,21
दिली,39
अहंकारी,39
सबंधी,43
कुर्बानियां,18
मंजिलों,40
करायेगी,24
रामभक्त,42
कंडे,17
मावे,17
बतादें,190
सर्वाइकल,63
तुमको,178
जनभावनाओं,0
प्राधिकरणों,43
प्रणामी,42
सिद्धी,42
पृच्छा,193
अप्राप्त,24
गड़ा,7
नाहक,53
चिह्नों,0
सांसों,44
शुरूकर,43
सहर्ष,53
केसाथ,11
फुर्ती,19
मानविकी,98
बंधुत्व,43
सुनीति,42
प्रबंधकारिणी,43
गौरक्षा,41
दुत्कार,53
अलकायदा,25
काटती,17
ज्ञानमती,42
स्ववित्त,43
चुटकुले,65
आगबबूला,7
अगामी,26
तना,17
लहराए,29
आयातित,37
जीतो,178
घोलकर,17
शीतलहरी,36
दिलेर,18
कैलोरी,189
गौड़ा,42
पिरोने,7
खरीदेंगे,166
सत्याग्रहियों,18
घोंपा,7
धनवान,166
जलार्पण,29
मरता,69
कड़कड़ाती,36
सूपड़ा,7
टिप्पणियां,53
संगर,42
अगाध,39
पहचानना,24
अपरिचित,0
धकेला,7
मेडलिस्ट,42
इष्ट,42
दूकान,166
कड़वी,17
उछला,7
बेचें,166
जोशियाड़ा,49
आंवले,17
समुंद्र,144
अपनाएंगे,24
देही,39
गहराती,19
सहस्रधारा,42
लूंगी,24
बूचड़खाने,41
आद्रता,12
पक्षपातपूर्ण,53
बजता,170
रामध्यान,42
तूती,65
लीलाएं,42
दनादन,7
तख्तियों,40
मतभेदों,14
बिखेरेंगे,36
दमनात्मक,53
गुमानी,154
बारातघर,40
पिलानी,42
नैसर्गिक,0
उदभेदन,10
मुजरिम,53
सरंक्षक,21
पुनर्गठित,43
मूर्छित,69
रूठे,154
चलचित्र,182
श्लोकों,42
गफलत,53
अवेहलना,53
बैरियरों,40
जयललिता,42
जलना,36
घिनौने,53
बिजी,151
मनबोध,42
जलाये,36
एसआरपी,151
सुखाकर,17
शाहिदा,154
चमड़े,7
सक्रांति,42
नामांतरण,166
आंखमिचौली,68
प्रोडक्ट्स,122
अभयानंद,42
अलोकतांत्रिक,53
शुभांरभ,43
लेड,151
मोहल्लेवासी,40
दम्पति,197
स्लेट,80
केमिकल्स,13
भट्टों,40
अड़े,53
चलवाया,24
शहजादे,177
रुकवाई,24
निराई,17
सैम्फिल,42
तुड़वाने,24
सताए,53
आरडब्लूए,151
ढहाए,40
गिरीराज,42
देवगण,42
अनुसंधानक,98
जलवाए,24
नत्थूलाल,42
रुकता,67
पदार्पण,106
पोलीथिन,40
ढाकी,42
रगों,44
चट्टानी,40
कतर,33
खूबी,0
विलोपित,43
नमस्ते,99
निहारने,24
खातेदार,166
बसते,11
चेकें,166
टमटम,41
कसूरवार,53
इलायची,17
नंदादेवी,42
छिलका,17
स्वरचित,34
जूझती,14
सूरमा,18
डिग्रियों,43
अंडमान,144
रहूंगी,24
बैंकिग,166
आवश्यक्ता,24
पिटे,68
मातृसदन,0
ढाया,53
भराया,24
जलालत,53
हैें,190
उपमण्डल,43
भूखों,69
औकात,154
पुरुस्कार,30
क्यारी,17
चिट्ठा,34
बदनीयती,53
हुलिए,14
कुंडों,42
इनदिनों,24
निकालेगा,24
शिकवा,154
विधिपूर्वक,42
भांपकर,19
बेलघाट,42
संकुचित,11
शिवांग,42
वनरक्षक,43
मैथिल,156
रिहायसी,40
पहरेदार,21
प्रदर्शनियों,88
विप्र,156
गाँधी,18
चेला,42
अंडों,41
छलका,17
पाकड़,17
सेवाभावी,39
भंडारित,22
आबंटित,43
मुक्केबाजों,31
वृष्टि,36
खुदवा,40
समझाबुझाकर,53
सुफल,0
घबराई,24
प्रोद्योगिकी,43
पुनर्मतगणना,43
संजोया,24
बोलेंगे,65
हौजखास,53
निर्ममता,53
तबकों,18
राहें,67
अमादा,53
चुटैल,23
इतवारी,26
पुर्जा,40
डिजायन,29
ढाले,7
खिलाडी,31
जड़ने,31
हिली,7
बैलट,34
अब्दुस,154
चुन्नु,42
वेश्यावृत्ति,53
गागर,154
मिलाना,71
लड़ियों,40
आरे,17
बनायेंगे,24
सिंघाड़ा,17
गोवंशों,41
कुल्हाड़ी,7
अछूती,19
बंधनमुक्त,43
मुकरने,53
पाटीदार,51
अनुजा,42
देखेगा,24
जीवात्मा,74
घिरने,19
मुनकाद,43
अवांछनीय,14
नत्थूराम,42
घराना,177
जेबकतरों,53
जिज्ञासाओं,19
भाबर,42
हांडी,17
ध्वनिमत,43
घटनायें,14
पहलु,0
मंाग,53
पनबिजली,40
कमलों,29
बौआ,23
चरवाहे,41
मेढ़,17
थामी,7
आर्थोपेडिक,63
संताप,39
समभाव,43
चित्कार,7
मद्यपान,13
लहराकर,29
शेडों,40
मल्टीमीडिया,151
पहुंचाएगा,24
गंगेश्वरी,42
सडकों,67
मालन,42
पारकर,11
झाकियों,40
उन्ही,24
बेइज्जत,53
पर्सनेलिटी,151
गिनाए,24
चिन्मयानंद,42
स्वान,9
नवजातों,197
सींच,17
अन्नदाताओं,166
जिलावार,43
भेदभावपूर्ण,18
झूमा,170
भीगा,17
रूधौली,42
निर्मोही,92
गुजरेंगे,24
ताकते,65
मामू,197
कूल्हे,44
पालते,69
गड़बड़झाला,14
स्वायत्तता,43
लपेटकर,7
उड़ाई,7
किसलय,27
मतपेटियां,43
मल्हन,42
प्रार्थियों,43
सिसक,7
पुनर्जीवन,6
बहसबाजी,53
ढालने,14
सिखाएं,24
मर्यादित,39
त्रियुगी,42
शरणस्थली,25
छठें,103
पुष्टी,53
सुरा,17
निचला,28
गाड़कर,7
श्रीराधा,42
धमकाना,53
बिताते,19
सस्वर,42
गर्जना,36
उठवाकर,24
विवेकाधीन,43
पुरखों,177
साक्षरों,18
चिरंजीवी,42
रोकनी,24
भांबरी,31
परिसंपत्ति,166
कुर्ती,29
मांसपेशियों,44
हलुआ,17
सिमेंट,40
महानगरी,37
समझौतों,53
बाल्टियों,40
कूड़ेदानों,40
महाभिषेक,42
गंवारा,24
पिचकारियां,17
खिल्ली,7
दुधिया,36
अजेय,27
दुर्गोत्सव,42
नौकायन,144
मालिश,189
जुगाड़,26
ओलम्पिक,31
ललकारने,7
त्रि,42
सुधारें,14
देहदान,43
शूर,46
उमड़े,53
रचनाकारों,105
शीतलता,36
ढांक,7
तीरंदाज,31
मिथ्या,0
ठिठक,7
रूकावट,14
स्याह,36
सपाटे,67
तल्लीन,198
बीजोपचार,17
द्रवित,39
ठहराए,53
यकीनन,24
फूलगोभी,17
चूड़ियों,40
उड़ानों,37
ब्रह्मचारिणी,42
मांसाहारी,41
कटना,17
फिजीकल,151
लेबिल,43
कामेश,42
धोते,17
वहशी,53
कैथा,17
सदमें,69
मोटरसायकिल,40
अपनानी,24
क्रमबद्ध,34
पहचानें,24
चिकनगुनिया,63
छपवाने,34
बालगृह,197
समझाएं,24
ज्वालागंज,42
निकालता,24
पछाड़ते,55
सीसीडीसी,151
सलीके,154
युगलों,105
प्रस्वीकृति,43
खरबूजा,17
तपेदिक,63
कयामत,74
हटवाना,24
घोटकर,7
नापजोख,7
प्रतिस्पर्धाओं,31
रथों,41
लाडोवाली,42
तिरछा,7
अतएव,60
जोड़ेंगे,24
सनबीम,151
पुस्तकालयाध्यक्ष,43
मेवे,17
स्पर्धाएं,31
ताबड़तोड़,53
लोकलाज,53
जगराता,42
सेंकते,17
लंबू,42
झलकियां,24
भौतिकवादी,18
उफनाई,40
आशंकाएं,14
कब्जेदार,166
बौछारें,17
कृतसंकल्पित,24
जनाधिकार,43
शौचमुक्त,24
जनआंदोलन,18
गदा,42
दौड़ाए,7
निपटाते,14
हत्याकाण्ड,53
टांगे,7
खोलती,24
जेआरएफ,195
बंधनों,7
तनावग्रस्त,14
खाओ,178
मेड़बंदी,25
जनोपयोगी,0
सोचनीय,14
आधारकार्ड,43
मटमैला,36
डेसीबल,107
क्रीड़ाश्री,42
श्रद्धांजली,42
ठुमरी,170
पूर्णरूपेण,0
खैराती,154
खोते,19
खातिरदारी,188
बुझे,36
इंद्रभूषण,42
महापुरूषों,105
बिपाशा,112
घग्घर,42
दिलवाले,112
खिलाएं,17
मुद्राओं,185
क्लियरेंस,151
दर्शनार्थ,42
बरातघर,40
पैदाइश,177
जोडे़,40
कांपने,7
महीप,46
छुड़ाए,7
ताजगी,36
दुआओं,53
गीतांजली,42
अग्निपरीक्षा,26
कामनवेल्थ,31
बगाहे,59
गुड़ाई,17
निभाकर,21
तैरती,144
चलिए,24
अठखेलियां,197
मंत्रोचारण,42
जेएसपीएल,151
उछाला,7
गुरुमुख,42
शिकन,65
सैन्यकर्मी,43
क्वायल,40
कवियत्री,105
इमानदार,53
बुझाना,36
विशम्भर,42
फेकने,7
हेर,79
बाटकर,71
सजेगी,36
खटपट,14
शेरकोट,42
थकावट,19
फंसती,7
पैंतालीस,77
पिटता,7
साधकर,24
कैमिकल,13
झाड़फूंक,42
अदाकारी,105
समस्याओ,14
म्याऊं,41
उठेंगे,24
जाएंगें,24
संशोधनों,43
कबाब,17
अप्राथमिकी,43
आरएमएल,63
इत्मीनान,19
निपटेगी,14
तैराकों,144
नौलखा,185
अधिनियमों,43
कर्तव्यनिष्ठ,39
ठाठ,168
टूटेगा,24
ह्रदय,0
इन्तजार,19
अनसुलझी,14
गणितज्ञ,98
कृपाण,42
सराहते,99
मूल्यवान,185
धर्मगुरुओं,42
दरिंदे,53
बफर,73
डालडा,17
अणु,12
रमानी,42
पहुँचा,24
ठहरते,67
ब्राह्मणी,156
रेगिस्तान,10
बतलाया,24
बंदूकें,25
खरगोश,41
सीखकर,24
सफेदी,36
भवनहीन,18
सुतली,29
अधिवक्तागण,53
शून्यकाल,43
मुलाकातियों,19
अष्ट,42
तिरस्कार,53
प्रतिशतता,169
मुख्यमन्त्री,43
झूलकर,7
छत्रधारी,42
पंजों,44
दवायें,63
हजाम,156
अखर,24
जन्मदाता,106
उखाड़,7
महंतो,42
भूतत्व,40
रपटा,40
बिगाड़ी,14
बिछड़,154
व्यवसायों,166
डांटने,53
शहतूत,17
चश्में,29
दुल्हे,40
परिंदों,41
चीखते,7
भागमभाग,19
गवारा,24
छापी,34
खंगालना,24
प्राचीनतम,0
बमबारी,25
महामंडल,43
गोभक्तों,41
स्वजातीय,18
भाऊपुर,42
ओहदा,154
बिलखने,7
खाताधारियों,166
रिपुदमन,42
नुपुर,42
ईगल,38
केंचुआ,17
पिछड़ी,18
उतरवाकर,29
नाथी,42
जीवनलीला,69
पत्रलेख,34
मांझे,7
होंठ,7
विजिटिंग,151
प्रतिष्ठापना,43
राजेसुल्तानपुर,37
काठी,41
सुरुचि,29
इंतजामात,53
मार्गाें,37
रेंगती,17
उबला,17
परामर्शदात्री,98
लौटता,24
चीखें,7
अंतर्कलह,18
निवाले,17
अमुक,148
न्यायवादी,53
किंगफिशर,37
नेतागिरी,53
फोड़,7
सत्ते,177
देशविरोधी,18
गृहमंत्रालय,43
थमाकर,24
जोट,42
स्वर्णलता,42
पीड़िताओं,53
उजियारा,36
फलाहारी,41
मेंबरशिप,31
सुहाने,36
शिक्षाशास्त्र,98
पिटायी,53
वसा,189
नवचेतना,0
श्रद्घालु,42
दुगनी,157
पैंसठ,77
टोटियों,40
फटाफट,192
विश्वबंधु,42
हैण्डपंप,40
जकड़ा,7
कौआ,41
जटा,41
मुखालफत,18
दरिद्र,18
ज्योतिसर,45
चरमराने,14
दरख्वास्त,53
नौरंग,42
प्रस्तावकों,43
कहानीकार,105
कमाही,103
फुहारें,17
करदाता,166
अटपटा,65
तारो,36
इसलाम,154
फुलवारीशरीफ,42
कुंठित,53
निकटस्थ,37
उड़ी,7
लॉरेंस,49
घुमाते,67
जनसेवकों,43
सौभाग्यशाली,56
आंखमिचौनी,68
किश्तें,166
सहोदय,151
लाइसेंसधारी,34
भेंटें,29
जनेऊ,42
गंवाई,19
ज्योंही,19
पसरे,19
झोंकों,36
मरीजो,63
पूस,19
पैमाईश,7
चुक,7
लाडला,197
बाबाजी,42
चावलों,17
उखड़कर,7
मुद्रित,34
सबद,113
स्वर्गवास,69
पड़नी,24
शांतिप्रिय,105
हरदम,24
खेसर,42
पढे़,34
पाणीग्राही,42
आतिश,36
ग्रामसभाओं,43
राजनयिक,33
निर्माणी,43
उकसाया,53
संवेदन,39
बरसाकर,36
तेजस,27
गुजरकर,67
खींचना,24
लड़ें,55
आंतकवाद,25
फुरसत,19
बत्तीस,77
मालगुजारी,166
थानो,43
भज्जी,31
छाले,17
पिटने,7
सरकारीकरण,43
रोड़ा,14
वनवे,67
बरबादी,53
नाड़ी,44
जीवनकाल,0
बसाए,40
बहुद्देश्यीय,43
लेगें,24
रिस,17
बेइज्जती,53
उलझता,14
मूकबधिर,18
मस्तानी,154
विनिमय,43
लंबरदार,42
गोरखाओं,42
जत्थेदारों,42
अग्रदूत,106
गूंगा,93
बसती,11
कटु,17
लौटाना,24
दरारों,7
ईमाम,154
आंदोलनात्मक,18
नावें,144
एबीएम,118
कलरव,184
जगतगुरु,42
संगति,42
चखने,17
जीवनभर,19
जयते,2
गूढ़,93
रचे,81
तड़तड़ाहट,170
द्वारचार,40
बर्फीले,10
कुरियर,40
भागती,24
गूजर,156
भण्डार,22
तीर्थो,42
तुमसे,24
वानर,41
जातपात,18
विवाहिताओं,197
शेषनाग,41
खेलप्रेमी,105
काव्यपाठ,43
फूंकते,36
विष्णुपद,42
बोए,17
व्यस्क,180
अक्षम्य,14
तौलने,7
पेंशनधारक,43
बसंतोत्सव,42
तोड़ी,40
जिलेवार,43
विनियोग,22
नटखट,65
लूटना,53
दुबारी,42
झलकता,11
झूलाघाट,42
गुरुजन,42
घुमाकर,67
लालिमा,36
सासदों,87
पोस्टर्माटम,34
अनुवादक,34
तबदीली,14
कायनात,154
नाजनीन,154
फेकू,42
खानाबदोश,156
स्नातकों,43
मंदर,42
टीकों,63
जगदंबिका,42
अपव्यय,43
स्नानागार,42
जाऊंगी,24
धर्माचार्य,42
दंगाइयों,53
पूजे,42
धूलिया,42
नहला,17
राजनीतिशास्त्र,98
शम्भु,42
देहातों,37
बटोरे,24
मैग्जीन,34
दुहराया,65
उलझते,14
जनहितकारी,43
आइएपी,42
पहनाए,29
व्यापम,53
खानों,40
मातृशक्ति,0
सुन्न,44
अदूरदर्शिता,53
वसीर,154
कसीदे,34
मापा,169
बेचेंगे,166
गौशालाओं,41
डाकू,53
भाड़ा,166
खोजकर,24
मति,46
संक्षेप,97
वर्दीधारियों,29
प्रतिद्वंद्विता,55
जर्दा,13
प्रविष्ट,24
मुरब्बा,17
अग्निकांडों,14
भाषाई,18
नमित,42
उल्लेखित,0
इंटीरियर,29
पंट्टे,42
चमकी,36
फेरने,7
प्रश्नोत्तर,43
कुंभकार,42
फोटोग्राफरों,151
दंडवत,44
आपलोग,24
छायाकार,151
सजातीय,156
भड़कने,53
सन्त,94
फूली,17
हड़बड़ा,7
घोंटने,7
फारुखी,154
सेमिनारों,43
उपमंडलीय,43
ठूंठ,17
अंतिमा,42
सिरदर्दी,63
फटते,7
नवमीं,42
लहंगा,29
सरंपच,42
इन्सान,0
परिपाटी,18
जुलुस,53
वायुयान,47
अपूर्णीय,0
पकाई,17
कबूतरों,41
घोड़ा,41
सुपरस्टार,112
गोधना,42
करनेवाला,24
वरमाला,40
प्रतिनिध,43
कालचक्र,30
हैपेटाइटिस,63
जोड़ों,44
भरवाई,24
जिद्द,53
सरहदों,11
प्राणप्रतिष्ठा,43
सहा,53
आपलोगों,24
भूड़ा,23
चौमुखी,42
व्यस्तम,19
घोटालेबाजों,53
पूछो,24
लौटती,24
छोड़ती,24
क्षेत्रपाल,42
तीर्थयात्रा,37
मोड़कर,7
रस्मों,21
अधजला,69
झण्डी,36
उद्भव,106
नगरपर्षद,43
संचिता,42
शनिचर,26
आखरी,26
तपोस्थली,37
झड़पें,53
कसेगी,7
ममेरा,197
सहानुभूतिपूर्वक,39
कोकीन,13
भेदी,25
बचित्तर,42
अलगाव,7
मुरझाए,36
घूसखोरी,53
वृद्घ,197
प्रत्यारोपित,33
गठरी,40
करमापा,42
पितांबर,42
विश्लेषक,160
टांगों,7
जगमेल,42
खराबा,53
दिवार,40
रटाया,65
विफलताओं,14
अक्स,24
निवर्हन,21
मनवर,42
वृद्धजनों,197
भण्डारण,22
कथाएं,182
दयानिधि,42
कार्डियोलॉजी,151
साधी,44
उपाए,24
अर्धशतक,31
पूंजीवाद,18
शर्मिदा,53
कुट्टी,152
जुआं,53
शरदोत्सव,42
भिजवाए,24
उमड़ा,53
मरवा,7
उखाड़ी,7
आचमन,42
एंजल्स,8
बेचारा,69
रामराज्य,45
पेशगी,53
कड़ाई,53
कड़वाहट,17
निशानेबाजों,31
बंगलों,40
अभ्यार्थी,43
सुखदेवनगर,42
धड़ों,71
मंसा,82
वत्सल,42
अन्यायपूर्ण,53
फूटकर,7
रिसने,17
फसले,17
कतराती,24
छपवाकर,34
ऊर्जामंत्री,43
टटोली,24
कब्जाधारी,166
घुन,17
बनावटी,12
सूजी,17
उफना,40
खलेगी,24
मांसाहार,41
उभय,83
उपप्रबंधक,43
तलवारों,7
कुश्तियां,31
नवसंवत्सर,34
संस्कारी,42
जंगले,40
विशेषताएं,0
प्रतिभूति,166
गुदा,44
सरसा,42
चतुराई,39
खोता,19
भण्डारा,42
जायगा,76
बढ़ाओ,178
मंगाना,24
उत्तेजना,12
कौस्तुभ,42
कट्टर,18
ऑक्साइड,12
चबूतरों,40
लगाएंगी,24
मसाज,189
रोहिन,42
तुल्य,0
मायकेवालों,197
निर्माणधीन,43
बजेगा,170
वितरणी,42
सुलझाते,14
सूचनानुसार,43
पैकेटों,24
यौनाचार,39
विशेषज्ञता,43
महफिले,154
सौंपनी,21
बिछायी,7
उपनिर्वाचन,43
श्रद्धालुओ,42
गरमपानी,42
ढही,7
महाप्रबन्धक,43
बिंदिया,29
आक्रोशितों,53
थें,190
पंचगछिया,42
लुढ़कने,7
कलाकारी,88
छीनना,53
क्षणिक,39
तैलीय,17
माहवार,166
सुनिधि,42
हकीमों,63
बितानी,19
साप्रदायिक,18
पसीजा,7
हड़पना,53
व्रतधारियों,42
आजमाए,24
चमचमाती,36
शासनादेशों,43
तटीकरण,43
बिन्दुवार,28
हिमोत्कर्ष,5
घबराना,24
सालो,26
विधियां,43
इण्टरमीडिएट,43
विडियोग्राफी,151
काष्ठ,17
सत्तो,42
लड़ाया,55
वामपंथियों,18
परिपत्र,43
कराऊंगा,24
नस्लों,156
जुल्फेकार,154
जागना,19
दुर्जन,1
टैक्सटाइल,151
हाड़ी,46
वासना,39
रौंदने,7
हुड़दंग,53
कार्याे,43
कंप्रेशर,40
अहर्ता,43
आस्तिक,39
संभलने,7
झाड़ा,7
अंशकालीन,43
घुंघरू,29
मंहत,42
आशान्वित,19
खगोलीय,98
पीरों,154
उगले,36
तराइ,42
अदभुत,99
चौकड़ी,154
किलोभार,77
असीमित,39
जनमेजय,45
सभ्रांत,18
पंगा,53
गप्पे,7
ठसाठस,167
घोलने,17
जिताया,55
बादशाही,177
प्रदूषणमुक्त,12
जिताकर,55
दहलाने,53
मदमस्त,170
यतींद्र,42
जनसामान्य,18
रसूखदारों,53
एलोपैथी,63
वांछितों,53
सारांश,0
नुकीले,7
दिलवाकर,24
सुलझाए,14
थप्पड़,7
माइलेज,122
पूर्वाग्रह,53
संजोये,24
जलसंरक्षण,43
नागराज,41
प्रोस्पेक्टस,151
उत्साहजनक,0
हड़बड़ाहट,7
ननकऊ,42
उच्चायुक्त,33
विस्फोटकों,25
अंधेर,67
श्रद्धालुगण,42
ब्रह्मस्थान,42
एनईपी,43
नाशपाती,17
नेत्रालय,40
मुख्त्यार,42
शीशियां,40
राष्ट्रीयकरण,43
रामलीलाओं,42
रुचिकर,0
गेरुआ,29
दबाते,44
संवददाता,34
गुरुरानी,42
मनभावन,36
दूरदर्शिता,53
कार्यशालाएं,43
समधन,197
पिलाए,17
वृत्ति,53
वैर,14
आंवटन,43
सहप्रभारी,43
पकड़ो,178
कंटीले,17
पोलिटेक्निक,43
कथाव्यास,42
आइये,24
मोक्षदायिनी,42
एकाधिकार,11
राष्टीय,37
उतावले,19
कब्जाई,166
अमृतवर्षा,36
लायें,24
बंटाधार,71
शोरशराबा,53
सारिक,42
पीत,36
सप्त,42
पूछिए,24
खोना,19
सहसा,19
महाबल,42
प्रस्तावना,34
शरीयत,18
सपेरा,41
शिक्षाप्रद,0
टॉपरों,151
चमकते,36
हथौड़े,7
सयंत्र,12
लेागों,40
गुनगुनी,36
प्राणि,98
एमडीबी,151
होठों,7
तिनका,41
पाठयक्रमों,43
जिस्मफरोशी,53
खूंटे,29
नजदीकियों,11
सत्यमेव,2
कालिदास,92
अस्थियों,138
उत्तरा,45
न्यूक्लियर,12
ध्यानपूर्वक,0
सहूलियतों,43
चित्रकारों,88
बहुद्देशीय,43
पैंशन,43
चलवाकर,24
नुमाइंदगी,154
तेजरफ्तार,40
परिपक्वता,180
महत्वाकांक्षा,14
परिसेवा,43
सुनेगा,24
निर्धनों,18
भोगने,39
तालीमी,154
डिग्रीधारी,43
घोड़े,41
तंदुरुस्त,189
फैलेगी,11
छिलके,17
असुरों,74
सबस्टेशनों,40
रंगरेलियां,197
लोकगायक,105
टकरायी,7
दायें,44
भटकी,24
स्कीइंग,144
झुमके,29
उपनयन,42
बैंडबाजा,40
खोपड़ी,7
फिल्मकार,105
समझाबुझा,53
बढावा,24
थमाए,24
उपहास,65
ठनी,50
धरौली,42
परिंदा,41
रामजन्मभूमि,37
ध्रुवीकरण,18
श्रममंत्री,43
शुभेन्दु,42
छोड़ेगी,24
न्यायाधिकरण,53
धिक्कार,53
धोखेबाज,53
शतकीय,31
विश्वविख्यात,105
कनिष्का,44
टंगी,7
भेड़िया,41
वसूलती,166
शुद्धीकरण,43
धरपकड़,53
सुलझाना,14
नखरे,154
जबड़े,7
एस्कॉर्ट,116
पण्डित,105
कायदा,25
फटकने,41
बृहस्पति,130
माफियों,53
हिमाकत,53
राजस्वकर्मी,43
उपश्रमायुक्त,43
प्रस्तुतिया,99
गलियारा,37
आदतें,19
सखियों,197
पड़वा,42
परम्पराओं,18
दुर्गविजय,42
डसने,41
पुखराज,185
संग्रहीत,22
धड़कने,44
बरतेंगे,53
वादियां,36
बंधवाने,24
नशेबाज,13
राष्ट्रद्रोह,18
शिल्पग्राम,166
शत्रुजीत,42
हितकर,0
सुनारों,156
स्तम्भ,40
प्राचार्यों,43
चट्टानों,40
लिखवाकर,24
छोड़ेगा,24
निसंदेह,99
अणुव्रत,42
प्रकारेण,81
भट्टियां,40
बोधि,42
जगदगुरु,42
कैटवॉक,112
उजड़े,40
पंचनामे,69
अंगहीन,18
साफा,29
कालचीनी,17
चालानों,166
खम्भे,40
बिजलीकर्मी,43
आशीर्वचन,99
दारु,13
पदयात्रियों,37
जज्बात,154
जटिलता,14
गुर्गों,53
जमाते,11
हिचकते,24
हफ्तेभर,26
थर्रा,7
बैशाख,42
आऊंगा,24
निकालनी,24
संर्घष,158
अस्पष्ट,0
सम्बंधी,43
मजूदरों,166
चयनकर्ता,31
झुलसाने,36
अजीबो,65
कुंओं,40
पंक्तिबद्ध,40
बिछावन,7
टपका,17
शिल्पियों,166
जुटाते,24
एक्साईज,151
सहचालक,40
मिलावटखोर,53
साझीदार,166
दर्शनार्थी,42
चालाक,39
कौंध,44
बाँध,40
सुयश,86
बगले,24
तकलीफों,14
जमाये,11
पियुष,42
विनिवेश,166
चौपाइयों,42
औलिया,154
गौरवपूर्ण,0
लचीला,189
कचौड़ी,17
सारगर्भित,0
सोल्यूशन,151
कूचों,67
भील,42
विचलन,169
सहायिकाएं,43
बैरहना,42
सैंकड़ों,77
गूंजायमान,170
विश्वासी,39
लगातर,77
संगीनों,154
चयनकर्ताओं,31
गिनाईं,24
डरता,24
वातारण,14
समसामयिक,0
काबलियत,105
वचनबद्धता,24
संगीतज्ञ,105
रजनीगंधा,36
मृदुभाषी,39
टेनरी,166
भंडाफोड़,53
डिगा,39
सम्पदा,22
शान्त,53
गूंजेगा,170
गिरवा,40
संभवतया,60
भरेगी,167
तितली,41
लड़ेंगे,55
रोमांस,182
पतले,189
अवसरवादी,53
पित्त,63
पछुवा,36
इन्टर,151
वैरागी,198
पड़ोसन,197
तोड़फोड़,53
ढूंढकर,24
मंडलियां,105
दमक,36
तिलकोत्सव,42
शिंकजा,7
टेढ़े,7
अविकसित,0
रुहानी,154
हड़पने,53
भींग,17
इसबीच,190
दिनोदिन,157
पलाश,3
राज्यरानी,40
मचाती,53
पधारी,43
बिछे,7
नसें,44
राजनीतिकरण,18
पोजिशन,151
रोकती,24
तैरना,144
फरसे,7
इफ्तिखार,154
सुरही,42
इतकाल,43
होनेवाला,24
भटककर,24
भाषाएं,37
संकल्पों,24
सौतन,197
उपकेन्द्रों,40
क्षत्रियों,156
उत्तरपुस्तिकाएं,34
नबाब,177
ठोंकी,7
अनादर,53
पटककर,7
सजकर,36
धातुओं,185
उन्मुक्त,184
कब्रों,40
असलाहों,40
उग्रतारा,42
दोषारोपण,53
चम्पत,42
बनाएंगी,24
पहनावा,29
परिचारक,21
डायरेक्टरी,151
समाई,11
बढोत्तरी,157
बुन,7
प्रणायाम,189
गौवंशीय,41
विकेटकीपर,31
नकाबपोशों,53
कोनों,40
सुन्दरीकरण,43
रस्से,7
टिप्पणियों,53
ढोया,7
महाभियान,16
अलबेला,42
लेटेस्ट,122
बतायें,24
पंचदेव,42
उमसभरी,36
बहरा,93
प्रमाणिकता,0
सुलझे,14
जिम्मेवारियों,21
प्रवासियों,37
उद्घाटित,0
पिलाएंगे,17
बताइए,24
समाजशास्त्री,98
मनोवांछित,24
बिछाना,7
ढोना,7
गड़े,7
जातिवादी,18
विजयोत्सव,42
जलज,46
आसुरी,39
प्राधानाचार्य,43
मृतप्राय,6
जनसमस्या,53
जनमंच,42
हैवान,53
जलघरों,40
व्यापारीकरण,43
मिथक,182
मुर्दे,69
समन्यवक,43
दर्शी,42
उपलब्धिया,99
चर्मरोग,63
आर्ट्स,151
रिक्टर,169
अंतरजिला,43
मझोले,77
तैय्यब,154
गुच्छा,7
प्रक्षेत्रीय,37
आत्मीय,39
वीरांगनाओं,18
वीडियों,151
प्रवचनकर्ता,42
चिह्नांकन,0
जगदंबे,42
दुर्बल,189
दूरवर्ती,37
पड़ेंगी,24
योनियों,39
सेमिनरी,151
खरीदती,166
छिना,53
स्वर्णाभूषण,29
फलस्वरुप,24
लिखता,34
गिला,154
त्रिकोण,28
झोल,7
वनमाली,46
माननी,24
भूलन,19
डालेगी,24
बाउंसरों,40
समयबद्धता,43
मध्यावधि,26
जोशीला,105
लालफीताशाही,53
निवृत्ति,43
उत्तरोत्तर,22
प्रदोष,42
शिक्षार्थी,43
समतुल्य,0
चाहूंगा,24
रामेश्वरम,37
तुड़वाकर,24
मंथरा,45
डसीला,42
दुश्वारी,14
जलाएंगे,36
कणों,12
हस्तशिल्पियों,166
रंगरूटों,25
आतंरिक,28
अतिआवश्यक,0
वृहस्पतिवार,26
कोशिकाओं,44
गायिकी,170
अमावस,42
दौड़ाएं,7
तमाशे,154
पदास्थापित,43
मंडपों,40
घटेगी,157
जुटकर,18
प्रशस्तिपत्र,29
झेली,53
अल्पाहार,188
इमरती,17
पचम्बा,42
निरोध,0
बेचती,166
नासमझी,39
हमराह,67
सड़न,7
उत्पीड़ित,53
डगमगा,7
गठजोड़,18
पंचायतो,43
सोख्ता,40
गोमूत्र,13
बंदिशों,53
दुर्गन्ध,17
उड़े,7
समुंदर,144
ललकारते,7
समेटा,24
कर्मों,39
ब्रांडों,13
प्राप्तियों,22
आईटीसी,151
इक्के,68
ओवरहैड,25
पदोन्नतियां,43
परिचयपत्र,34
ब्रॉडगेज,40
थमाई,24
चमकदार,36
भिक्षा,42
सुपरहिट,112
खिचड़ी,17
बंदगी,154
प्लेटिना,40
अडे़,53
नवरत्न,30
दवात,80
चौड़ाई,28
बिखेरते,36
बाइकर,20
इति,198
हिन्दुत्व,18
संवरने,36
रात्री,26
कार्बनिक,12
सिंहों,41
पूछेंगे,24
जलयात्रा,37
धोए,17
भाषियों,37
चूजे,41
चित्रलेखा,182
नरकंकाल,138
लड़ी,55
दमकलकर्मियों,25
पोषाक,29
गरमाहट,36
उपलों,17
बोतलबंद,13
बृजवासी,170
विश्वशांति,43
जुल,71
पंचायतनामा,53
दूनी,157
किधर,24
मसालेदार,17
खातेदारों,166
भूकम्प,14
वंशगोपाल,42
फेंकू,7
मधेश्वर,42
अपनापन,39
परंपरानुसार,139
रखवाले,21
जगाते,19
मतपेटिकाओं,43
बारंबार,65
पनपे,11
घुसना,7
ब्रह्माचारिणी,42
ढाढ़स,39
रुदायन,42
झण्डा,29
इंडियंस,31
खुलवाएं,24
तेंदुओं,41
पगड़ी,29
खड़का,42
अनुमंडलों,43
पहुंचनी,24
दरबदर,154
जिता,55
घपलों,53
रस्सियों,7
उन्मुख,0
बचाएंगे,24
रूपपुर,42
बेकारी,18
विक्रमाजीत,42
कठोरता,24
ढंकने,7
भीगी,17
अतिशय,22
अंगीकार,0
प्रजातांत्रिक,18
ढकी,7
कृषिमंत्री,43
सेवायें,43
अख्तरी,154
उपमंडलों,43
जनरेटरों,40
आश्वास्त,43
पद्मभूषण,30
परिक्षण,24
थकते,53
घेरी,109
अध्यापकगण,43
उपार्जित,22
पहचानो,178
संजोकर,24
खडी,7
प्रश्नावली,43
हंगामें,53
दत्तक,197
घटेगा,157
गुम्मा,42
पंडितजी,105
लेनेवाले,24
मनोदशा,14
बिरौली,42
पारिजात,42
चतुर्दिक,11
फिल्माए,112
सुपूर्द,53
कार्यपालिका,43
बवंडर,36
निर्धनता,18
लिपिका,80
कल्प,45
सबमें,24
गोश्त,41
हलाल,154
पेशकारी,99
कूदते,7
गजलें,154
स्वरों,170
ढोंगी,42
आधुनिकतम,0
त्रिपाल,42
कीकर,17
मानुष,137
एकपक्षीय,53
शमशानघाट,69
दिक्कते,14
शर्मिदगी,53
परोपकारी,39
परिवर्तनकारी,99
संवादददाता,34
बालाओं,82
कटवाए,17
देशद्रोहियों,18
बुझेगी,36
कार्यशील,43
भागवताचार्य,42
प्रीतिभोज,188
बाबु,42
प्रक्षेपण,90
सताया,53
तेजतर्रार,65
आवारागर्दी,67
सूपा,42
निर्गुण,74
बेजुबानों,41
दौड़े,7
गृहक्लेश,14
मुड़ा,7
नशाबंदी,43
समाओ,23
बाजीगरी,93
राजगद्दी,177
अग्रसारण,34
रक्षासूत्र,7
तोहमत,53
हेडलाइट,40
यज्ञस्थल,42
धूर,23
बरतेगा,53
अटैचमेंट,151
पालित,21
पैराशूट,29
बंदूकों,25
छटपटाने,7
कटता,17
गोतस्करों,53
इच्छाएं,14
तराश,24
प्रामाणिक,0
याददाश्त,93
छपवाए,34
दीर्घकालीन,22
कोर्सों,43
एनेस्थीसिया,63
बूढे़,197
संभालकर,21
अंगुठी,44
हरस्वरूप,42
नहाए,17
नियमितिकरण,43
खेलमंत्री,43
दोगे,24
कुपित,19
ज्ञाता,105
बुझती,36
सांध्य,42
द्वारे,40
लाभपात्रियों,43
लहराएगा,29
विश्वदाय,0
निगलकर,17
बगावती,154
खैरियत,154
गिद्दे,170
सुनाएगी,65
रिहाइशी,40
फोड़ते,7
एरोबिक्स,189
शिवबचन,42
वास्तुकला,18
गुरवचन,42
पखवाड़े,26
निर्माणकर्ता,98
आपदाएं,14
गृहणियां,188
भोगियों,43
शुभचिंतक,71
लिटाकर,7
चूड़िया,40
कुड़वा,7
मुलाकाती,19
हट्टी,42
पिसाई,17
निशानों,17
जाऐगा,76
बुद्धिमान,39
संस्थापिका,43
दम्पती,197
आवर्ती,0
सतगुरू,42
घनमीटर,77
खिंचने,24
बागीचे,40
शेरनी,41
उपेक्षात्मक,53
नहाना,17
गोसाईं,42
अंगारों,36
लम्हों,19
चिरौंजी,17
कचड़े,40
अल्पमत,43
अमिय,42
स्थानो,77
पारियों,31
पैथोलॉजिस्ट,63
आहिस्ता,7
क्रान्ति,18
छेना,17
अभिषद,22
माफीनामा,53
मृत्युदंड,53
जकड़े,7
पूछती,24
लंबोदर,42
जागती,24
घुमावदार,28
सौन्दर्य,0
कंसलटेंसी,151
बीएमडब्ल्यू,122
भंवरा,170
गहराते,19
सरपंची,43
बुनने,7
आत्मीयता,39
इंसुलिन,63
छोडे़,24
इकठ्ठा,24
चराया,41
काक,42
बहिन,197
डलवाए,24
उपप्रधानमंत्री,43
पल्टन,25
रखूंगा,24
जीतीं,55
रसोइये,188
अपरंपार,42
बाल्टियां,40
भारतवासी,37
लपेटा,7
फुलझड़ी,23
डाककर्मियों,43
उतरेंगी,24
भंगड़े,23
नवरंग,42
जलस्त्रोतों,40
गेंहूं,17
दबाई,44
डाकबंगले,188
समयसारिणी,34
कूटा,17
पुनरावृति,65
लहरियों,170
कूड़ेदान,40
डकारने,17
ठोकी,7
सिरा,40
यांत्रिकरण,43
हंसिया,42
उगला,36
चित्रकूटधाम,37
केबाद,23
कमरतोड़,157
बल्लियां,40
दुर्वेश,42
लालची,53
हवालातियों,53
चिल्लाई,7
वेटलिफ्टिंग,31
तपसी,46
श्रद्धेय,42
करतबों,93
उनमे,24
सुरूर,154
मस्जिदें,154
साम्प्रदायिकता,18
दरारे,7
अस्वस्थता,189
गुण्डा,53
नम्बरों,35
स्वराज्य,18
मेष,130
सकून,19
ब्यौरे,34
पंहुचा,24
रोकटोक,53
कमाता,166
सुलगती,36
छापों,53
मांगेगी,53
पदाधिकारियो,43
तानी,7
हानियों,0
लंगरों,42
दुराचारी,39
दवाखाना,63
झड़पों,53
बेचारी,69
सूर्यमुखी,42
मुफसिल,42
भ्रांति,14
रोमांटिक,182
झुकी,44
गरमाई,53
लुभावन,36
रुबरू,99
टेकते,44
पुलिसवाले,43
उजाड़े,40
थमाने,24
रसगुल्ला,17
नवरतन,30
आदतन,39
अलगाववाद,25
चमरा,42
बुझानी,36
सत्तन,42
मित्रवत,71
हत्याकर,53
इश्तहार,34
चंद्रग्रहण,42
लुटे,53
दुक्के,68
मुर्गियां,41
छुपकर,24
कार्रंवाई,42
नेतृत्वकर्ता,105
लिखवाई,34
सलोचना,42
सुरमुख,36
कव्वालियां,154
शैवाल,17
पट्टाधारकों,40
रिफाकत,154
धतौड़ी,23
विरूद्व,53
जाड़ा,36
फकीरे,154
कारकों,160
येाजना,43
निविदाओं,34
कुंभी,40
सिरकी,17
लंगड़ी,93
अपंजीकृत,35
दुष्टों,39
पापियों,39
पांडुलिपियों,34
आजमाएंगे,24
दलदली,40
गवर्नेंस,43
अतुल्य,99
आशातीत,24
घूसे,7
एवम,43
रहमोकरम,154
धंसे,40
झांका,24
जीवनरक्षक,43
डेयरियां,166
रीत,18
लिपटकर,7
निर्जल,42
ब्रह्मापुत्र,42
सजायी,36
बतायाकि,24
घबराएं,24
बचाये,19
रिकी,38
अनियमिता,53
शीशमहल,40
बेगुनाहों,53
व्रतधारी,42
धरनाकारियों,40
रणनीतिकार,43
गणितीय,98
राष्ट्रकवि,92
पंचकल्याणक,42
खिसका,7
पछाड़ा,55
उठेगी,24
उत्तरायण,42
मंत्रीजी,1
संभालेगी,21
रीपर,38
साकारात्मक,0
महीनें,26
ठोकने,7
घीया,17
टका,77
ढूढ़ने,24
पाक्षिक,34
नज़र,24
चर्चे,65
मग्घर,42
डुगडुगी,170
रखवाकर,24
निपुणता,43
शकीना,154
किश्ती,144
वनस्पतियों,98
बरामदों,40
अनुनय,39
लूटेरे,53
आयोजनकर्ता,43
पोशाकों,29
इलाकावासियों,42
आदिकाल,0
वीभत्स,53
कुच्छल,42
रोकेगा,24
दुकानदारो,166
मोरध्वज,45
मुकदमेबाजी,53
मूंदकर,44
पहलवानी,31
कुख्यातों,53
समाजहित,43
जिलाबदर,43
आलस्य,19
थमता,24
बंटवाने,24
किचकिच,14
तीली,17
वनीता,42
फरेब,53
ऐतिहासिकता,0
संकटों,14
पिघलने,17
तकाजा,154
तुफानी,53
मिटाओ,178
सजनी,170
चीना,152
देवमई,42
चिंताओं,14
विविधिकरण,43
गैरजमानती,53
थूक,40
फिल्माया,112
बसता,11
बालो,17
निखारना,36
मठों,42
जाको,46
वीडियोग्राफर,151
सूर्यनगर,42
लडऩे,55
बसहिया,42
नवपदस्थापित,43
भूलता,19
नचाया,170
गंतव्यों,37
सुनवायी,53
चौड़ी,40
दगाबाजी,53
घटाएं,157
दौड़ेंगी,24
सचिवालयों,40
विधानपरिषद,43
रियासतों,166
बेसहारों,18
नगरपालिकाओं,37
रूकते,67
किन्ही,77
खदानें,40
संप्रभुता,43
राडार,186
सूईया,23
भरतनाट्यम,105
नवागंतुक,9
बढ़वार,157
मंगवाना,24
गढ़े,7
विभूषण,30
मकसूदन,42
जना,137
जुड़ता,71
सर्वजातीय,18
उगलते,36
केद्र,43
भूखहड़ताल,43
खपा,24
तसदीक,53
इन्द्रमणि,42
मिलनेवाली,24
गनई,154
चुलबुल,152
राशियों,166
जन्मा,177
वंशजों,177
बिकाऊ,166
खैरात,154
प्रतिक्रियाएं,53
गूंगे,93
जफीर,154
मुखौटे,65
नौकरिया,195
क्लासरूम,151
फोटोकॉपी,34
तबेला,41
बांटता,71
सुनाये,65
घंटियां,170
सहस्त्र,42
खुदवाकर,40
छेड़ेगी,24
क्लिनिकों,63
दिखाएंगी,24
कस्बेवासियों,42
टिकिया,13
कुटुंब,61
आत्महत्याएं,69
सिकुड़ती,7
जीरे,17
दरबान,40
तकनीशियनों,105
मनुज,46
उरद,17
यूनिटें,40
दिखाओ,24
छिपाई,24
रोमांचकारी,182
भौतिकता,18
पहचानता,24
ससम्मान,53
शिक्षाएं,42
उत्सर्ग,18
दूल्हों,40
पिछड़ों,18
निश्शक्तता,18
भूमिपूजन,43
फुस्स,25
दीर्घकालिक,22
असाक्षर,18
पन्नीवाला,42
मलिकपुरा,42
सूत्रपात,11
परसों,26
बिलबिलाते,7
चलाऊ,26
अम्मी,154
प्रधानता,119
खिंचे,24
बिजलीकर्मियों,43
कम्पाउंडर,63
अंकपत्रों,34
वसंतोत्सव,42
नवप्रभात,42
करूण,39
दुर्भाग्यवश,56
भिजवाकर,24
घावों,17
झाडू़,40
अनुभागों,34
क्यूरेटर,88
तारीक,154
रोए,7
भैय्या,197
चश्मों,29
प्रशिक्षार्थियों,43
अनुतोष,53
डीडीआर,151
वधशाला,43
फारिग,67
मुंडी,42
अभिव्यक्त,0
फैलाता,11
खण्डपीठ,2
धुरंधरों,105
गौमाता,41
समलैंगिक,18
संतरे,17
गणतांत्रिक,18
कैशबुक,151
पुननिर्माण,43
जिनमे,24
तिलमिला,7
जगराते,42
देशसेवा,39
खपाया,24
दरमियान,154
एचएएस,151
छबीला,170
महाअष्टमी,42
सहयोगात्मक,0
आनंदमय,0
पुलाव,17
सोचेंगे,24
समागमों,42
शरिया,18
हायतौबा,53
मातरम्,18
प्रकटोत्सव,42
ससुरालजनों,197
खुर,44
चितवन,36
मतदाताओ,43
भद्रक,42
लगायेंगे,24
ननकाना,42
जैनुद्दीन,154
बाबाओं,42
अरिंदम,42
मद्यनिषेध,13
वंशवाद,18
सभाधिपति,103
गालियों,53
बेताबी,19
राजनिवास,43
अस्प्ताल,63
शामियाना,40
जयजय,46
मलसियां,40
प्रयोगशालाएं,24
कुंठा,53
नईबस्ती,42
खेतो,17
वालीं,24
मुख्यतिथि,42
संगठनकर्ता,105
जोकर,182
गिद्धों,41
दवे,1
पलभर,19
कामायनी,106
कंगाली,166
पदाधिकारीगण,43
गणराज्य,18
फड़ों,42
रियायतें,166
सब्बल,7
गडढों,17
अनल,46
लडकी,197
कीटनाशी,17
चिपकाकर,7
चुगली,14
माइक्रोसॉफ्ट,151
गौरक्षणी,41
बनवाएंगे,24
सुदर्शना,42
अधजली,69
चित्रित,88
प्रखंडो,43
यूए,89
मंगलकोट,42
शीलधर,42
देनेवालों,24
बारिकी,0
बहरे,93
आलौकिक,0
मधुरिमा,36
चमकता,48
पूर्णाहूति,42
बसही,42
बेजान,17
आहूतियां,42
रहेगें,24
भूस्वामी,166
मछुआरा,144
न्यायायिक,53
जबड़ा,7
पादप,98
कमांडों,25
टुकड़ियां,25
सिद्धातों,0
खोदना,40
पतंगें,7
मजलूम,154
भाद्रपद,42
गोलों,25
बनवायी,24
वैमनस्यता,14
चलाओ,178
अज्ञातवास,70
स्कार्फ,29
सुजित,42
तोते,41
नागदेव,42
जलवाहकों,40
मनचला,53
लागी,46
गुरुशरण,42
खालों,29
रंगीलाल,42
शिवसैनिक,18
ठोंकने,7
कहूंगा,24
बैण्ड,170
जुमले,65
तोड़े,40
गूंजेगी,170
श्राद्धकर्म,42
काश्तकारी,166
पसारना,11
प्रचार्या,42
उत्कृष्ठ,0
हटवाई,24
निधार्रित,34
आत्मज्ञान,42
तौले,7
पठारी,10
मेडिकोज,63
पदोन्नतियों,43
मोतियों,185
झंडियां,40
बोझिल,14
कंजड़,23
सूचकांक,169
फाँसी,53
खुदवाने,40
अपहरणकांड,53
कतरे,17
छोड़ना,24
पांवधोई,144
दिलबर,154
संकल्पना,0
अगाह,23
भारतीयता,18
जुटेगी,24
बक्शे,154
पहनाना,29
अपीलों,53
उतरवाई,29
मेलार्थियों,40
छुटपुट,77
करुंगी,24
कीचड़युक्त,42
मांगीं,53
बलिहारी,46
मौजमस्ती,67
उभरेगी,24
औषधियां,63
सजाते,36
पारस्परिक,71
बढती,157
बुलाएंगे,24
धुंधला,36
बरतता,53
अंतरा,170
क्यारियों,17
पोलिथीन,40
परिंदे,41
खरबूजे,17
जमाखोरों,53
असंसदीय,43
सजाना,36
वर्गफीट,77
महावत,41
समरस,43
स्कैंडल,53
चोकर,17
चरवाहा,41
खेडी,42
आवश्यकताएं,14
स्वच्छकार,42
पुतली,44
पश्चात्,139
जुटता,18
उदगार,0
आशुलिपिक,43
चमत्कारी,24
फंसाना,7
मुख्यवक्ता,43
अरिजीत,42
रसातल,40
जोगीवाला,42
भुना,24
ज्ञानोदय,86
तापने,17
एचएयू,23
जोड़ेगा,24
अभिप्रमाणित,34
चरनी,46
बरा,46
विह्वल,19
स्मरणीय,99
पैरोकारी,18
पर्यन्त,0
मुर्गो,41
भूअर्जन,166
गोठलवाल,43
शुभकामनाओं,99
दैत्य,74
लोटे,17
उपभोक्ताओ,166
ग्राउण्ड,151
जुराबें,29
बौरी,42
अनाजों,17
सुलहनामा,53
उलझाने,14
गजा,23
नारंगपुर,42
शक्तिपीठों,42
मोटरयान,43
छेड़ेंगे,24
सातो,77
बैठकी,43
छुपाया,24
उकेरे,24
स्वाधीन,18
अमृतपान,74
छुटे,24
आरयूबी,40
पहुचेगी,24
म्युनिसिपल,151
नगरपंचायत,43
दागियों,154
रेजगारी,40
टपकती,17
स्वागताध्यक्ष,43
हितार्थ,43
खुशनसीब,56
बंदिशें,53
कौओं,41
प्रभास,45
चिड़ियों,41
रसगुल्ले,17
दिलवाएं,24
गद्दारी,18
निकटता,71
मारक,25
लिखाकर,34
पशुचारा,43
चलाईं,24
पकड़ेगा,7
खाद्यान्नों,17
जोड़ना,71
नाभि,44
दुष्ट,39
खदेड़ा,7
आनंदमयी,0
घोंटा,7
सतही,144
डीईआइ,133
संसारिक,39
दमदम,176
झड़ने,17
आत्मसम्मान,18
कराईं,24
अर्धनिर्मित,47
सूखता,17
खदेड़,7
घसीटने,7
रहमतों,154
वीरगति,18
हाइड्रोजन,12
मोड़ी,23
खरीदेगी,166
नरभक्षी,41
वारी,46
कोफ्ता,17
पुनर्निरीक्षण,43
उतरें,24
अभियुक्तगण,53
दमकलकर्मी,25
पौष्टिकता,189
नवें,103
तैंतीस,77
दुल्हनों,40
बदकिस्मती,56
रंगदारों,53
तंदूर,17
होठ,7
खट्टी,17
वसूलेगा,166
बाल्यकाल,180
सम्मोहित,93
आचार्यों,42
विशेषतौर,99
वैश्यों,156
विक्षुब्ध,18
छबीलें,40
चिकनपॉक्स,63
आमों,17
हिलाने,7
सुकृति,42
घबराते,24
एसएएस,151
पाषाण,40
बॉयो,13
हजयात्रियों,37
बेदा,39
लोंगो,40
पट्टेदारों,166
नपे,23
बरसाते,36
गंजा,20
कहेगा,24
विग्रहों,42
बैसाख,42
विवेचनाएं,0
धनउगाही,24
इत्तफाक,53
निरूपमा,42
धानिक,42
फजले,154
उमड़ेगी,24
आंटी,197
चेले,42
सत्यार्थ,156
ऐहतियात,53
जलायी,36
तनूजा,42
अधजले,69
ऑडीटोरियम,40
कब्रगाह,40
सतपथी,42
कहतें,148
कान्फ्रेंसिंग,151
रुखसत,154
पहलूओं,0
कैफियत,14
चुकाए,166
ओढ़कर,29
छोडऩे,24
बाईं,44
नौहाख्वानी,42
चक्रवती,42
खुरपी,7
दोहे,34
चढ़ेगा,29
बहलाकर,53
जगमगाने,36
सवर्णो,18
पापड़ी,17
ओढ़ने,29
मुड़ते,7
वर्षगाठ,42
प्रेमजाल,105
सींचने,17
नंदीशाला,43
एजे,38
फुलकारी,36
निहितार्थ,0
अदाओं,154
उछलने,7
सूखती,17
लौकिक,0
आगन्तुकों,105
नशेबाजी,53
मूंगा,185
कैलकुलेटर,132
महासागर,12
राजगुरू,42
सयुंक्त,37
करवाएंगी,24
रक्तस्त्राव,63
गाड़ीवान,40
नाट्यशाला,105
विधवाएं,18
खुशबु,36
दद्दा,197
मुस्कुराहट,65
डाइवर्जन,40
बैचेन,7
योगाश्रम,42
बग्घी,40
भैसों,41
बतानी,24
निर्माणकार्य,43
कामचलाऊ,26
परिवर्तनों,14
जोशीले,105
लीडिंग,151
स्वीकारने,24
अवतारों,42
प्रज्ञान,198
साकेतिक,42
सोफे,7
बटुकों,42
सूड़ी,23
एकदूसरे,71
गेंदे,31
देवकाली,42
भगतों,42
पालता,69
कम्प्यूटराइज्ड,151
ऑलराउंडर,31
परिणीति,112
बुद्धिस्ट,42
थैलियां,40
बेलने,17
लड़खड़ाई,7
चंद्रलोक,42
नश्वर,39
दुगुना,157
गुणे,23
जिन्होने,24
नामंकन,43
छिपाते,24
मोहरे,68
तशरीफ,24
मिलवाने,99
कर्मचरियों,43
उपभोक्तओं,166
चौकन्नी,19
दिखेंगी,24
गेरूआ,29
निराश्रितों,18
उपाध्यक्षा,43
आदिशक्ति,42
उपासकों,42
बोलेगा,65
दोषों,39
अदाकारा,105
कलियुगी,45
सुनाना,65
छुड़ा,7
कटेंगे,24
गैसें,12
रणभेरी,170
माहिल,42
तैलचित्र,88
कटघरा,7
महालेखा,43
वंशावली,42
ललई,55
खुदवाया,40
राष्ट्रभक्त,18
जपने,42
मण्डलीय,43
ठाणे,176
बनके,24
छिड़कर,17
संबंधि,43
श्रेणियां,0
सौंदर्यकरण,43
टीएमटी,151
भूषा,29
एलोपैथ,63
महानवमी,42
गोभक्त,41
छिड़का,17
बिगड़ती,14
करौंदा,42
फीसें,23
विराटनगर,42
अंतरप्रांतीय,37
कूडे़दान,17
मूलवासियों,156
गांधीगिरी,53
भैरवा,42
थानेदारी,43
इरसाद,154
झलका,11
वालिद,154
गड्ढ़ा,40
गोठ,46
धनिक,1
महाजनों,166
बादशाहत,177
पट्टिकाएं,88
तृष्णा,27
बेगार,166
कार्याध्यक्ष,43
रिझाया,170
ठहरना,67
मदहोश,170
मुरादाबादी,154
चायपत्ती,17
बहुतों,24
गोंदा,170
दिलखुश,40
निधान,46
संकल्पबद्ध,24
क्यो,24
अफसरान,43
सिमटे,7
दहशतगर्दी,25
मोमबत्तियों,36
बकवास,20
अंपायरिंग,31
होमियोपैथी,63
एल्यूमिनियम,185
जुल्मों,53
रौंदकर,7
श्वसन,44
कार्यबल,43
रामभक्तों,42
अकुंश,7
सुधरवाने,24
खटखटाना,24
रणनीतिकारों,43
घटाए,157
आशियानों,40
गोटियां,40
प्रशिक्षणों,43
स्थायित्व,14
हरने,46
बुने,7
निरपेक्षता,18
उपसंभागीय,43
गर्मियां,36
रामशिरोमणि,42
भूखी,69
उन्हाेंने,24
श्रोतों,22
नादान,39
विचारणीय,14
उतरवाए,29
पंडोगा,42
पिट्ठू,18
महन्त,42
बंदीरक्षक,43
मनौतियां,53
मसूदी,154
बोना,17
झूमकर,170
ऑटोमैटिक,40
चमकेगा,36
दरखास्त,53
तराने,170
उगाकर,17
रचाया,197
राशनकार्डो,43
श्रीमान,1
औड़ी,64
रहवासियों,40
वाद्ययंत्रों,170
अर्जियां,34
आइने,24
रंगदार,53
कांगड़,42
दस्तकारों,166
खोलो,24
सून,75
आशिकी,154
धनलक्ष्मी,42
उपग्रह,90
उपस्थितजनों,43
निपटाई,14
बचानी,19
निर्णयानुसार,43
निगमकर्मी,43
परछाई,19
बघौरा,42
दण्डित,53
छठवां,103
बन्दी,53
संवारे,36
हत्याभियुक्तों,53
उच्चायोग,33
अजूबा,0
युवावस्था,180
धुम्रपान,13
अनुयाइयों,18
जीताने,55
जेसीटी,40
उपधारा,43
टूटेगी,24
उठायेंगे,24
टुर्नामेंट,31
गिरीं,7
मन्दिरों,42
ढेरियों,40
शांतिधारा,43
झूली,7
उर्वरता,17
सोचिए,24
हर्जाने,166
कोकिल,46
कड़वे,17
जनशिकायतों,53
निर्माणदायी,43
विधेयकों,43
बावलियों,40
मागते,53
मुरझाने,36
गैरइरादतन,53
पखवाडे़,26
प्याला,17
पनपा,11
वनस्थली,37
लड्डुओं,17
ईसाइयों,18
ठेंगे,53
तजुर्बा,154
रौतारा,42
अधबने,40
सद्गुणों,39
उजड़ा,40
पुलक,19
संरक्षिका,43
शाक,17
पिए,17
कटोरे,17
टरकाया,24
मोड़े,7
ऋग्वेद,42
आराध्या,112
रोबोटिक्स,90
पाऊंगा,24
छूना,44
न्यून,22
पुष्पाजलि,29
देतीं,24
शर्मशार,53
पल्ले,166
अधिकरण,53
तरण,42
बोलें,65
बचाती,24
जिलें,37
मढ़ैया,42
अमंगल,42
राजकोष,166
पेचकस,7
मुन्हें,197
निकलनी,24
पालनहार,74
माइक्रोवेव,192
तरंगों,12
कवायदों,24
तला,17
लेनादेना,24
ओलम्पियाड,31
सीजीएचएस,63
चिल्लाती,7
विकेंद्रीकरण,43
मूर्तिकारों,88
अट्ठारह,77
औैर,23
पुनर्जागरण,106
दरिद्रता,18
उपर्युक्त,0
शौकिया,105
समझिए,24
बुकी,53
अम्बुज,42
पैंतरा,24
एफडीआर,151
पद्मावत,92
मांगेगा,53
विश्वासियों,18
ब्रह्मज्ञान,42
दांवपेंच,24
मकरध्वज,45
आलआउट,31
समीक्षक,105
बोलियां,37
टैम्पों,40
गर्माने,53
साझेदार,166
अंगड़ाई,7
अौर,190
छाल,17
नहाया,17
मरीं,23
ज्योंहि,19
हाथोंहाथ,24
छानने,36
सजीं,23
प्रभावकारी,0
सुप्रभात,42
रहूं,24
मधुकांत,42
बदसुलूकी,53
अनाचार,39
समाजवादियों,18
दावतों,188
चक्षु,44
उभरता,11
सल्तनत,177
गाँवों,37
अकस्मात,19
दुधमुंहे,197
उपन्यासकार,105
वटवृक्ष,17
रेस्टोरेंटों,188
मिष्ठान्न,17
आत्मशांति,18
लौटाकर,24
महीनेभर,26
उद्वेलित,0
मिलाएं,71
रूकसाना,42
मु़कदमा,43
इश्तिहार,34
लंबीकूद,42
मचाता,53
खबरदार,53
दोसड़का,128
खाले,29
न्यूरोलॉजी,151
पॉलिश,91
छाछ,17
राष्ट्रध्वज,29
मिसरी,17
खुखरी,7
पौरुष,63
बदसूरत,65
बुझायी,36
लिखेगा,24
हटवाएं,24
मार्केटों,166
कोमलप्रीत,42
सुखदा,0
धमकाता,53
खंगालते,24
भड़की,53
पचहत्तर,77
फुटबॉलर,31
एनिमेशन,182
तफतीश,53
निभाएंगी,21
तपस्थली,37
खायी,7
सीसा,185
खिलाडिय़ों,31
उठाएंगी,24
गधे,41
छिटककर,7
निपटेगा,14
विरोधाभासी,0
अल्सर,63
नयाबाजार,42
पॉकेटमार,53
श्रृद्धालुओं,42
भिजवाएं,24
निकलेंगी,24
लाईनों,40
कमजोरियों,14
वंशीय,41
सर्फ,144
खडा,7
खंजर,7
किस्तें,166
सरेबाजार,42
देगे,24
राजघराने,177
ब्रजवासियों,42
वासगीत,42
राजकीयकरण,43
विकेटों,31
ग्लोब,96
रियात,42
सिमटता,7
गदाधर,42
तीरंदाजों,31
जयघोषों,170
जूठे,17
उत्प्रेरित,24
उगाया,17
दूधिये,36
वर्णमाला,136
टाफियां,40
बुढ़ा,197
डण्डों,7
कम्युनिष्ट,18
स्वकेंद्र,43
तोड़ो,178
फिनाइल,13
ससुरालवाले,197
मुनाफाखोरी,53
पकाते,17
माल्यापर्ण,29
ढंककर,7
इटक,128
घटाई,157
सघनता,119
भयवश,53
प्राकृति,0
घटाना,157
मैक्सिको,8
भूमिकाओं,182
गुणवंत,42
थर्माकोल,15
प्रत्याशा,169
ग्रीष्मोत्सव,42
स्वाभिमानी,18
टाईप,151
वृष,130
उमड़ेगा,24
निवार्चन,43
रहस्मय,93
हंसमुख,39
प्रबंधनों,43
मैत्रीपूर्ण,71
हटता,7
शुक्रगुजार,99
हेवी,57
गोदी,17
सत्ताइस,130
अतिविशिष्ट,0
महासाध्वी,42
गपशप,14
पढ़ाओं,16
स्मॉल,151
पपीते,17
श्रृष्टि,74
बरकतों,154
इम्तहान,154
जनहितैषी,43
सदस्याएं,43
दौैरान,53
लॉट,66
घोटालेबाज,53
भंगी,18
जनसमुदाय,18
टांगने,7
लाईटें,40
उपनेता,43
कांवरियां,40
कजली,170
लिखती,34
आस्ट्रेलियाई,37
कहलाती,180
बवासीर,63
वनक्षेत्र,37
भुजबल,1
सपाटा,67
शिवमंदिरों,42
सोंच,24
कंपकपी,36
जानिब,154
हलवे,17
सुविधायुक्त,43
गरजी,23
भगौड़े,53
धर्मी,42
सम्मानपूर्वक,53
अधिवास,43
खिंची,24
घनघनाने,170
ख्यात,105
मानववाद,18
ब्रह्मर्षि,42
निकम्मी,53
पंचेश्वर,42
आईए,24
मैल,85
भरवाना,24
उधेड़बुन,7
चमत्कारिक,24
जरीब,7
शंाति,100
प्रश्नमंच,43
गुरुघर,42
जांबाजों,18
शीतगृहों,22
घसीटता,7
पचासों,77
मठाधीश,42
छिद्र,28
बताशे,17
जाला,17
रक्षण,21
सांची,42
दीपइंद्र,42
होमगार्डों,43
छटाई,17
रूपांतरण,182
खलवाड़ा,42
बलिकरन,42
जनसहभागिता,43
सर्मथकों,18
उत्तरों,53
ढाचा,40
पकड़ेगी,7
ऊंचाइयां,99
पीडितों,53
हरिपद,42
षष्टम,103
गतिशीलता,14
नवज्योति,42
बोतले,40
राजबाड़ी,42
विरह,83
कहलाए,148
निशाद,42
वार्ताकारों,43
उलझाया,14
एमआइजी,151
गड्डों,40
जनजागृति,16
गृहकलह,14
कलाएं,18
डिग्रीधारकों,43
ग्रन्थ,42
रसोइए,188
सुपुर्दे,53
सप्ताहिक,34
दसों,77
जिम्नेजियम,189
मिर्चा,17
फुलका,65
युवाध्यक्ष,43
कांटेदार,17
आदोलनकारियों,40
वत्सला,42
बागुन,42
हैे,190
जालियां,40
बलिदानी,18
अभेद्य,40
मातारानी,42
ब्राम्हण,156
खुटिया,42
रणभूमि,18
हौसलाअफजाई,18
रोकेगी,24
दिखलाई,24
कूटनीति,33
पटके,7
राजयोगिनी,42
कुरेदने,17
आकृतियां,28
खीरे,17
बूचड़खाना,41
कराहने,7
डूबती,144
बर्बरतापूर्ण,53
कबीरपंथी,18
जांएगे,24
टांगा,7
अक्रूर,42
अतिथिगृह,43
बलदाऊ,42
छैल,170
प्रतिघंटे,157
निश्छल,144
भेड़,41
अरोड़वंश,42
वाद्ययंत्र,170
झुकाकर,44
अपनाता,24
सराहे,99
एनसीसीएफ,151
निपटाये,14
जेनरेटरों,40
कुलदेवी,42
शान्तिपूर्ण,43
गंधक,12
बलात्कारियों,53
घड़ों,17
दुलारा,39
पराया,154
ठहाकों,65
ऊबकर,24
सॉस,13
लदाई,7
ध्यानाकृष्ट,0
वणई,23
खुलवाई,24
कृतार्थ,19
टटोला,24
लिखीं,24
कब्जेदारी,166
चलवाई,24
खद्दर,29
चीथड़े,7
ब्लाउज,29
जनभावना,0
वर्षवार,43
कथामृत,74
गन्तव्य,37
रक्तदानी,43
बेचेगा,166
सीखता,24
बिगड़ैल,14
शोहदा,154
लकड़बग्घा,41
उतराया,144
बहुलता,119
फकरुद्दीन,154
मोजा,29
कायरता,18
घिरते,19
चिंगारियां,36
फिनायल,13
सुहागिनें,42
पखेरू,7
महाभोग,42
भूलेख,43
रूखी,17
पचना,63
चौदहवें,103
मालुम,24
छपते,34
पैतीस,77
दीपकों,36
अबाध,0
ज्योतिषियों,130
बचाएगा,24
झाझर,42
तगा,42
नबंर,35
अविष्कार,0
हूँ,24
बेंत,17
प्रशासकों,105
भेदने,7
पीटती,7
सहेलियां,197
झगड़ते,55
मल्लाहों,144
रंगरूट,25
संवादहीनता,53
वालें,24
डांटकर,53
डूबो,144
नकारने,24
गड़बड़ाने,14
गर्वित,0
घनिष्ठ,71
शरदकालीन,26
लड़ेगी,55
पनशाला,43
मजनुओं,53
खूर्द,42
जेनरेट,151
यांत्रिकी,43
मुड़े,7
आइफोन,151
जलेगा,36
उल्फत,154
ठप्पा,7
रूला,154
भूलती,19
उदर,63
धधकती,36
चढे़,23
जनसुविधाएं,43
सिला,46
उन्नतिशील,0
सहमें,7
गुनगुना,170
आरटी,151
विधिसम्मत,53
फुलवा,42
पौना,26
वर्धक,189
मोलभाव,166
जीतता,55
घुड़की,7
मध्यांचल,37
साम्राज्यवाद,18
जामनगर,51
घाटियों,10
थमते,24
अखाड़े,31
दिखवाया,24
नादानी,39
जिलाअध्यक्ष,43
पकंज,42
प्रान्त,37
कथानक,182
चटकाकर,31
आपमें,24
विश्वयुद्ध,6
बनायेगी,24
कल्पनाओं,0
अभिनेताओं,105
तथ्यहीन,53
दुखिया,18
ग्यारहवें,103
दाम्पत्य,197
रेसलर,112
प्रतिरूप,0
फड़,29
राष्ट्रप्रेम,18
शपथग्रहण,43
प्रविष्टियां,34
मुख्यरूप,43
तालुकदार,51
गुलिस्ता,154
मुद्रक,34
टहला,67
हाथापायी,53
घण्टों,26
नैवेद्य,29
संभालती,21
पर्यवेक्षणीय,43
रेडियोग्राफर,151
कुरमी,42
ताइक्वाडो,31
रेंगकर,17
फूलना,17
महानगरनिगम,42
विर्सजन,43
कमांडरों,25
शांतिपुरी,42
अडडा,176
बजाती,170
मंगाये,24
जुड़ती,71
संलिप्ता,53
उद्यमों,166
स्पंदन,44
निखरने,36
बीटीपीएस,151
राउंडर,31
दुष्कर,24
वेष,29
पीठों,42
मणिकर्णिका,112
जयहिन्द,18
गोकर्णनाथ,42
आयोडिन,63
निहारा,24
मुल्जिमों,53
विलायत,1
फोटोकापी,34
चौरंगी,67
सांयकाल,26
उल्लिखित,26
निर्विवाद,53
भिड़ीं,23
अभिवंचित,43
बारहवें,103
हालाँकि,24
सतत्,105
ब्लॉग,34
बनवाला,42
रजिस्ट्रियों,34
अराध्य,42
बालयोगी,42
क्षयरोग,63
सींचपाल,17
गिराते,7
विमुक्ति,43
जाइये,24
विनाशक,6
किलकारियां,197
उगाला,42
धुलने,17
गैरजिम्मेदाराना,53
आवाजों,170
यदाकदा,59
बहुविकल्पीय,0
काऊ,89
पीढी,177
बेड़ियों,7
खण्डों,34
बेंचे,166
हर्ज,62
दलबदल,2
बौछारों,17
वनीकरण,43
कामराज,42
वर्गगज,77
खदेड़ना,7
वर्गाें,42
ख्यातिलब्ध,105
कड़कती,36
सहगामी,0
रोधक,0
उगलती,36
कनीज,154
महापड़ाव,42
लाभपात्र,43
ऐलीमेंट्री,151
सेवइयां,17
आर्कषण,37
जिम्मेवारियां,21
सकपका,19
हंबड़ा,42
निकालती,24
मनकी,52
अग्निदेव,42
मिलीजुली,71
सृजना,105
आडंबर,53
फिरंगी,18
अहं,39
छाव,36
कायापलट,43
फौजिया,154
कईं,76
ऩजर,23
व्याधि,63
बरसानी,36
समानों,40
मृत्युजंय,42
मूर्तिकला,88
साफतौर,190
चिल्लाकर,7
अवकाशप्राप्त,43
गोंठा,23
बाड़ी,43
ठठेरा,17
सहायतित,43
मददगारों,154
जमाकर्ताओं,166
पूछें,24
चपाती,17
सूफिया,154
सुल्तानी,177
पर्वों,42
बैटरियों,153
जटिलताओं,14
श्रीफल,29
अत्याचारी,53
नारियां,197
वनविभाग,41
दिखें,24
अनीमिया,63
वस्त्रालय,40
टिक्की,17
उभरेगा,24
बुलाता,24
विलासिता,39
उगाए,17
गर्जन,36
शरणागत,42
खासमखास,154
अमरुद,17
उठायें,24
उपकर,107
प्राचीनकाल,0
ज्ञानपीठ,30
स्थानातंरण,43
लाडलों,197
आंतों,63
पधारने,43
चलनेवाली,24
बालिक,197
रोहेड़ा,42
बुर्जुगों,40
पुरूषोतम,42
कटवाना,17
लुहार,156
एसएसजे,42
महलों,40
मनमोहा,170
चिकित्साकर्मियों,43
संवर्गो,43
विधानसभाध्यक्ष,43
बिछुड़,154
छिंदरपाल,42
तैरकर,144
संभालेगा,21
अतिश्योक्ति,60
ताबीज,29
भयाक्रांत,53
रुकेंगी,24
लगवाएंगे,24
पतझड़,36
भक्षक,21
गैंडा,41
सम्बद्धता,43
शैंपू,13
साहिबजादे,42
हांफते,7
सूंघ,17
निर्देशकों,118
लहराएगी,29
सिमटने,7
बुधिराम,42
खेलेगा,31
गुरूद्वारे,42
जगाती,19
घोंसले,41
फटका,7
टांगें,7
कलाइयों,44
पकड़वाया,7
खों,23
मलाईदार,17
उड़ायी,7
कबाड़ा,40
संवाददात,34
नास्ता,188
नगालैंड,37
सोहा,112
समितिया,43
बसाना,40
संवारना,36
सत्याग्रही,18
लांघा,11
राजस्वकर्मियों,43
लड़ियां,40
दधीचि,138
पेशबंदी,53
पाओगे,178
रिकॉर्डिंग,151
कड़ियां,40
महत्वकांक्षी,105
चमकती,36
बबाल,53
बेपरवाही,19
कंपाने,44
साजिशों,53
छुड़ाया,7
संभालनी,21
मुंशियों,40
कबाड़,40
जकड़न,7
निलम्बन,43
मनगढंत,53
पाणि,42
मिटेगा,11
राजमिस्त्रियों,166
दैविक,0
कबूतरबाजी,41
कर्जदारों,166
भारतवर्षीय,77
आसपड़ोस,125
खोजों,0
गद्दार,18
क्रमानुसार,34
गुनाहगार,53
दौड़ेंगे,24
फेकन,7
किशमिश,17
रेस्त्रां,188
पैथोलोजी,151
खौलता,17
ज्ञानस्थली,37
पहाड़िन,42
कीचड़मय,42
माणक,42
नीरस,14
जूझे,24
भक्तिपूर्ण,42
फरिश्ते,74
चापड़,23
गोरक्षपीठाधीश्वर,42
काटो,17
छोला,17
प्रणालियों,43
लेखों,0
शातिराना,53
जलाओ,36
हरना,46
कैशमेमो,34
मकोड़े,17
निगमकर्मियों,43
लिटाया,7
जरुरतों,43
मंगाली,42
सत्यकाम,42
तलाशती,24
सेवार्थ,43
फिसला,7
नवाजिश,154
चील,41
ऑडी,122
परिचारिका,21
कष्टदायक,14
खड़ग,29
छुपाए,24
छटपटाहट,7
जलवाया,24
चिड़चिड़ापन,53
अभावों,22
समाग्री,22
डिजिटाइजेशन,151
तहलका,53
मंगाते,24
गोंद,17
बाजारवासी,42
गोदना,17
जनजन,100
कार्यावधि,26
आत्मकथा,31
प्रमंडलों,43
मानेगी,24
काकी,197
फेशियल,17
सेंसेटिव,151
सुरंगों,25
सचित,34
शिवकुंड,42
गड़बडी,23
बाये,44
धुनें,170
अभ्युदय,106
युवाशक्ति,105
किश्तवाड़,42
अवधराज,42
कष्टकारी,14
डरती,24
घंटेभर,23
बावड़ियों,40
उपाधियां,30
अभिरूचि,19
बिगाड़ने,14
देवर्षि,42
श्रद्वालुओं,42
फर्जीवाड़े,53
बंधना,7
विच्छेदित,78
फिरना,67
जलधर,46
घटो,23
खटिया,7
एचआरपीजी,151
परिचालित,0
रामवतार,42
विदायगी,21
बसस्टैंड,67
उड़ाना,7
कैरोसिन,40
प्रतिरोधी,0
तिथिवार,34
चराते,41
बहका,53
सन्देश,181
व्याख्याताओं,43
हींग,17
बतायेगा,24
थमेगा,24
सर्वनाश,6
कांस्यकार,42
जोड़ेगी,24
नुकीली,7
रसीला,17
बैठककर,43
टपरी,67
फ्लैगमार्च,196
डायलेसिस,63
कहतीं,24
सत्तारुढ़,18
हीनता,53
अमनचैन,154
साइकलिंग,144
पाद,114
चूम,7
छूटना,24
सभावाला,42
नज्म,154
धनुषधारी,42
इन्द्रधनुष,36
उफनती,40
अभिशप्त,74
अम्बर,36
कसें,7
दुकानो,166
अलमारियां,40
गालिया,53
जलीं,23
विश्वबैंक,43
जुड़कर,71
एशोसिएशन,151
मिरगी,63
रेंगने,17
प्रार्थनापत्रों,53
तेरहवां,103
युगुल,42
दूरंतो,40
टैक्ट्रर,40
उद्धारक,74
तेईस,77
क्रीडा,42
बाइकसवार,40
उपदान,43
सपाट,7
छोटों,39
ताबिश,154
शूल,17
फुटबालर,31
मैन्यूफैक्चरिंग,151
हृदयरोग,63
पुर्नजीवित,43
चौमुखा,42
शकरकंद,17
संभाषण,43
बिकेगा,166
घबराया,7
ट्रॉलियां,40
राइफलें,25
कुश्तियों,31
कुल्ला,17
खंबों,40
कुरानख्वानी,42
चौधरियां,40
योगासनों,189
विशिष्टता,0
गुस्ताखी,53
सगुन,46
शिक्षाकर्मियों,43
उठक,43
बिछाये,7
ट्रस्टियों,151
फौव्वारा,40
गोशालाएं,41
सौभाग्यवती,42
पखवाड़ा,26
जूडिशियल,151
सहभाग,43
थानातर्गत,42
पुकारने,24
लम्हा,19
चढ़ाये,29
वीरानगी,19
अभिश्रव,42
प्रवरण,43
प्रचालन,43
विखंडित,0
तगड़े,7
एकाकी,19
छल्ले,7
ओवन,192
करधनी,29
समदर्शी,42
बुथ,43
जुर्रत,53
रागों,170
औद्योगिकीकरण,18
जलप्रपात,144
चबा,17
महाकाव्य,42
दस्तकारी,166
कुरबान,18
बरपाने,53
टेकन,151
दूरियों,11
सिफारिशी,43
टाईब्रेकर,31
नूनू,23
अभयारण्य,41
अर्जुनदेव,42
घुलने,17
ज्ञानवर्धन,0
दाब,12
जूती,29
यूकेडी,55
मत्स्यपालन,144
विकृतियों,63
खुदे,88
शूरू,26
डंडी,91
कामनाओं,99
अभावग्रस्त,18
पहाड़ियां,10
बदलवाए,24
विराजे,42
रती,137
तख्तों,40
हृदयघात,63
बिलबिलाए,7
घुड़दौड़,7
जलेगी,36
रामनिरंजन,42
आनंदविहार,40
मानिए,24
दिवाला,166
अड़ाकर,7
गुनहगारों,53
परिदर्शन,42
परिवारो,40
अविभाजित,177
दानदाता,43
प्लेटफार्मों,40
सीखो,24
ठुकराया,53
बावला,46
मचना,53
मासूमियत,39
शोधों,98
आंकने,24
अनुसेवकों,43
कास्तकारों,166
बंटेंगे,24
साधनसेवियों,42
उपनिषद,42
कानाफूसी,14
कर्मस्थली,37
भाईजी,198
पिलाएंगी,17
झोपड़पट्टी,42
हंसता,65
दहाडे़,7
एकजूट,18
एलोवेरा,17
बहिष्कृत,6
सफा,46
नापा,7
सदनीय,43
प्रभातफेरियों,42
हिलोरें,144
छड़ी,93
वंदिता,42
मधुरता,36
बिगाड़,14
बेवफा,154
श्रेयस्कर,43
धागों,7
अजातशत्रु,45
प्रांशु,42
मुख्यसचिव,43
रौड़ी,45
उफन,40
वयस्कों,180
फिल्मांकन,112
अनुकृति,88
बदलो,178
कहलाते,148
बनमाली,46
घुली,17
उलझती,14
कंपकंपाती,36
गांठें,7
बेमौत,69
राजद्रोह,18
एकत्रीकरण,22
चिकना,17
गोपियां,42
पोशी,154
लूटमार,53
यारी,71
दर्शाना,0
चरखे,29
चकरी,7
निरोज,0
मिटता,11
बत्तियों,40
अभिप्राय,97
कालिक,22
फैलना,11
खींचातानी,53
त्यागना,39
पड़ेंगे,24
चिढ़ाते,65
मिटी,11
गुरुमंत्र,178
उपार्जन,22
बांधती,7
हटाएंगे,7
रखिए,24
जड़ी,63
गमला,17
तबेले,41
महामानव,105
छुए,44
झांकिया,40
कर्ताधर्ता,18
छिड़ा,55
उभारा,24
बीजे,38
राज्यकर्मियों,43
गिट्टियों,40
गोंडवाना,0
मद्रासी,37
रोपकर,17
दादीजी,197
रोलनंबर,34
तेलुगू,37
टापर्स,151
रुद्रप्रताप,42
उजला,36
मुर्दो,69
श्लोकोच्चारण,42
बसना,176
सरदर्द,63
आरएसी,151
खता,154
बीजने,17
अंको,34
द्वारपूजा,40
मान्यताएं,0
रूपन,46
वायलिन,170
फाइनेंसरों,40
जीवांश,17
द्वादशी,42
ठंडाई,17
बेतुके,65
यूएमवी,151
टोटका,24
प्रतिवादियों,53
रामदर्शन,42
चौपले,23
मलकियत,166
कड़ियों,40
हिजरी,103
थूकने,40
अनापूर्ति,43
पावडर,13
अंगीकृत,0
मुंहमांगी,53
कमलनयन,42
निर्दलीयों,43
छलके,17
चट्टा,42
खगौल,42
गाथाओं,182
प्रदर्शनियां,88
बूटों,17
जनजागरुकता,16
पहनाते,29
सजाये,36
नामचर्चा,43
पिछड़,31
पृष्ठों,34
बुलाएं,24
चिमनियों,12
गैंगस्टरों,40
हुल्लड़बाजी,53
घड़ियालों,64
चीरते,7
ग्रामीणांचलों,42
गाइडलाइंस,43
विनियमन,43
मार्गदर्शिका,43
कल्पवृक्ष,42
ट्राम,40
वैद्यों,63
उगली,36
कुण्डल,29
रखाना,40
गोकशों,23
भांपने,19
हार्टिकल्चर,151
जूलूस,53
खेतीबाड़ी,43
रूकवाने,24
उत्पीडऩ,53
खर्ची,166
भ्राता,61
लगुन,46
बोवाई,17
शागिर्द,154
दर्जनाधिक,95
क्षतविक्षत,69
सूखकर,17
करू,24
भूखड़ी,23
योगिनी,42
उतारेंगे,24
पहनाएं,29
पोंछने,17
तजुर्बे,154
फीके,36
घोला,17
सुखाया,17
गिराये,7
विलायती,1
आचार्यश्री,42
पदाधिकरी,43
साईबर,120
पंचमंदिर,42
पक्षाघात,63
ऑटोरिक्शा,40
बजेगी,170
उखड़,7
फलने,17
छबीले,170
निगाहे,24
खिजरी,103
मटकों,17
देवलोक,74
महिने,26
आत्ममंथन,0
आतीं,24
टालना,14
सुलक्षणा,42
आंकड़ें,169
गाठ,23
मौैके,42
दमकलों,25
पम्पों,40
अंतरंग,71
कांपी,7
घायलो,69
दुखहरण,42
अपनत्व,39
बरना,42
धूलकण,17
पिंडारी,42
सुरक्षागार्ड,43
नाटिकाओं,42
उछालने,7
साध्य,22
नमस्तस्यै,198
गंगातट,42
प्रतिनिधिमण्डल,43
दुधमुंही,197
मझधार,144
बनवासी,156
बगौली,42
स्वर्णजयंती,42
सम्मनित,30
छुड़ाना,7
रोगमुक्त,43
झकझोरा,0
सप्रू,42
रोगग्रस्त,180
कैबिन,25
विरुद्व,53
अंगारे,36
गोलगप्पे,17
धर्मस्थलों,42
रंगो,36
रोडि़यां,40
टोपरा,42
हस्तकरघा,166
पत्रिकाएं,34
पीलापन,36
सर्वसहमति,43
स्वायत्तशासी,43
बस्तों,7
दाहसंस्कार,69
चूल्हों,17
आस्थावान,39
पराठा,17
सुन्दरी,82
प्रतिद्वंदियों,55
सुधांशू,42
आतिशबाज,25
मध्यवर्गीय,18
उतराई,7
कीड़े,17
कालीपूजा,42
पेजयल,40
फूलदार,29
धनप्रीत,42
अखाडे़,31
कौतुहल,19
पुनर्नियुक्ति,43
पदच्युत,43
रूककर,67
थपथपाने,7
पर्चों,34
हांफने,7
लुभावनी,36
वजहें,77
प्रभुत्व,11
शक्तिधर,42
मचायी,53
जुड़ीं,71
बदनुमा,36
पप्पल,42
शिवमुनि,42
पथरीली,67
पट्टेदार,166
थलसेना,25
संतरो,17
बांज,36
पत्तेदार,17
छटपटाते,7
महगे,29
पलकों,44
संभालेंगी,21
जलमार्ग,37
प्रशैक्षणिक,43
मशीनीकरण,18
पिटा,7
तोड़ाई,40
ग्लेशियरों,10
गृहिणियों,188
रफू,53
छत्ते,17
उगता,17
महारूद्र,42
भक्तो,42
स्की,144
खेलप्रेमियों,105
मृदंग,170
प्रतिरक्षित,63
कौवों,41
पिटना,7
चौगुनी,157
दुखती,17
पदमाकर,42
मलते,7
मुस्कराते,65
भड़ास,85
राज्यवासियों,42
दीपराज,42
जगती,27
लालपानी,42
गुलवीर,42
खोरों,53
आढ़तों,166
रसास्वादन,36
बायकॉट,18
लड़ेंगी,55
मनरेगाकर्मी,42
पुरवों,40
डिग्रीधारक,43
सलीका,154
बैंकें,166
झंकृत,7
दोगुणा,157
आड़ा,7
अन्त्येष्टि,69
भराकर,7
पिस्ता,17
समर्थको,18
खानदानी,177
नन्दा,42
व्यसनों,13
मौसेरा,197
भारतवासियों,37
अवशिष्ट,0
पुनस्र्थापन,43
खेलेंगी,31
रीच,89
जानकरी,186
टपाने,24
मिलिए,72
लपके,7
मट्ठा,17
मुहाना,40
तड़ियाल,42
रघुकुल,46
असंवेदनशील,0
पोले,17
पोर्टिको,40
मंगवाते,24
जुटानी,24
सफाए,6
रचाओ,36
भाता,170
मौसेरी,197
चिल्लाता,7
छिन्नमस्तिका,42
चेताने,19
शिवगोपाल,42
विनियम,43
पहाडि़यों,10
उच्चके,53
मोड़ना,7
दलन,46
संध्याकालीन,42
ताजियादारों,154
कर्मयोग,39
खिलते,36
तेजप्रकाश,42
तपते,36
गुणवक्ता,43
उपाध्यक्षों,43
दहाड़े,7
कुंवारे,197
नार,137
चुंबर,42
आइवीएफ,17
मार्गशीर्ष,42
बन्धु,61
पनिहार,42
राष्ट्रों,37
गुणकारी,189
नेत्रियों,18
उपयोजना,43
अनचाहे,14
इसीलिये,24
आयटम,75
स्वालंबी,43
बाल्यावस्था,180
अपरहण,53
स्त्रियां,197
जांचेंगे,24
बिठाना,7
पुकारे,24
समाचारीय,34
क्रिकेटर्स,31
जबिक,190
पयर्टन,37
कंप्यूटराइजेशन,151
तरफदारी,18
पालिथीन,40
छाना,36
बहत्तर,77
श्रीरामनवमी,42
चटकने,24
पीरखाना,40
जगाओ,178
सुसंस्कृत,42
उतारेगा,24
हाईअलर्ट,53
निष्प्रभावी,18
पोतों,144
सराह,99
साभार,42
नापसंद,24
शिल्पकला,18
झोकों,36
देवत्व,39
मालगाड़ियां,40
लाइफलाइन,40
रफ्ता,154
फोड़ा,7
संसोधन,43
नाइस,79
पशुचिकित्सा,43
अपनाती,24
खदेड़े,7
महाप्रबंधकों,43
बौखलाई,7
ऐंठे,53
सर्वविदित,60
मचती,53
अनछुए,0
गिरफ्तारियों,53
जड़ित,29
सबेर,67
बनवास,45
विवरणिका,34
घटकों,0
मजाकिया,65
काटेंगे,24
जनकवि,92
तीतर,41
चूमेगी,24
खोदते,40
उफनाने,40
पिस्तोल,25
डिहाइड्रेशन,63
जगनिवास,43
पढ़ीं,24
भाती,170
बुद्धराम,42
नईबाजार,42
गगनचुंबी,40
स्वामिनी,188
हुजूरी,154
अर्थात्,127
रौंदी,7
दिहाड़ी,166
शनै,6
बंधबहाल,43
पद्वति,43
सपेरे,41
उपकोषाध्यक्ष,43
असंगत,0
दयामय,46
अभिहीत,43
फारूखी,154
डेसिबल,170
ललाट,44
ब्रह्मचर्य,42
फीचर्स,122
सांचे,14
कराहता,7
सिन्धु,144
खरीदीं,166
राफ्ट,144
रेफ्रिजरेटर,192
छुड़ाई,7
पकड़ीं,7
बेतुका,65
सन्मार्ग,34
लेटने,7
वासुकी,41
मती,46
भराए,23
चुभन,17
मंझला,197
दोराहे,67
अनियमिताएं,53
सोसाइटियों,151
फेफड़ा,44
धज्जिया,53
प्रतिपादित,0
मौलानाओं,154
मिलो,48
चट्टे,42
महरुम,154
फैलेगा,11
चेतन्य,42
कर्तव्यहीनता,18
कठिनाईयां,14
ऋतंभरा,42
गलाने,17
वनदेवी,42
जमुनापार,42
लांघकर,11
संस्कारयुक्त,42
भेंजे,24
मध्यकालीन,0
पूर्णियां,42
कमाएं,166
आलोकित,27
सिनेमाहाल,112
जिए,19
बोधी,117
डोसा,17
मतवाला,170
गड़ासा,36
मुबारकवाद,99
रीठा,17
पैडल,144
एकसूत्र,7
देवजीत,42
योगमाया,42
जिलेवासी,42
गृहस्वामिनी,188
स्वशासन,43
दौडे़,23
पदो,195
मतपेटिकाएं,43
मार्गीय,37
तदनुसार,139
बुजुर्गाें,42
बेनाम,35
गांधीगीरी,53
नवदंपती,197
शरमा,19
जुड़वां,197
कमंडल,41
भिगो,17
पछताना,24
दिवालिया,166
इकाइया,107
दौड़ाकर,7
अटकाने,14
ढंके,7
फिजाओं,36
पायरिया,17
बाईस,77
फैलाएंगे,11
चेकडैमों,40
गुजिया,17
एकाग्रचित,198
परजीवी,17
पंहुची,24
महाशा,1
उच्चत्तर,43
अभिजात,18
जगमगाएगा,36
कम्पनियां,166
संवादों,53
छेड़,55
क्षत्रीय,156
प्रतिपालक,21
छोरों,40
न्यूनीकरण,136
ताम्र,42
फूलमनी,42
मेंढक,41
बड़कू,23
यमदूत,74
सुनेगी,24
धनवंती,42
दुर्दशाग्रस्त,43
ईंटे,40
दैहिक,0
सुनाएं,65
बढ़ो,178
सोचो,178
घासफूस,17
आतिशी,36
अंतर्जनपदीय,42
आशीश,42
अखाड़ों,31
मुददों,53
भगोड़ा,53
हिंदपीढ़ी,42
शिवकली,42
शिक्षाकर्मी,43
कुलेश्वर,42
छोडकर,24
बेंचकर,166
रुतबे,154
टयूबवेलों,40
उतम,0
रील,89
स्वंयसेवी,18
त्रिवार्षिक,34
कचहरियों,53
स्मृतियां,19
ब्रह्माज्ञान,42
पाजामा,29
लोकों,74
आयोगों,43
सौगंध,7
सत्यनरायन,42
विषयवस्तु,0
सिनौली,42
जुएं,29
समष्टि,5
बंधकों,53
गैरों,154
आधीन,43
बर्ष,77
घिसटती,7
सुपुत्री,197
भाड़ावास,42
कालीमंदिर,42
चिन्तित,19
गुणानंद,42
शिववचन,42
कालीनों,29
गमों,154
सीमापार,25
परिस्थतियों,14
साइडों,40
मंगायी,24
अपरोक्ष,53
जगाएंगे,19
लड़ाकू,25
तहसीलें,37
चूस,7
रूपयों,77
विरक्त,39
परिणामस्वरुप,24
सछ्वाव,51
बिकेगी,166
संतानें,197
उजले,68
अनुज्ञप्तिधारियों,34
स्मृतिचिन्ह,29
लुटाने,53
बिट्टी,42
जलशोधन,12
छिपते,24
बिलखता,7
तोड़ते,40
अखण्डता,43
ढूंढ़ते,24
मनसुख,42
देशभगत,42
सेकने,17
गुरुवचन,42
अंगरक्षकों,21
सैकेंड,26
बवालियों,53
अधाधुंध,157
डरना,24
निपटेंगे,14
प्रियतम,83
धूलभरी,36
सुन्दरता,0
एंजियोप्लास्टी,63
यारों,71
भंजन,83
एकलाख,154
नोड्यूज,166
चाऊमीन,17
अवयस्क,180
शीर्षस्थ,105
बुर्जुग,40
धमनियों,44
भरवाये,24
आकृतियों,28
लकड़िया,17
चरित्रों,182
तेलों,13
हबीबुल्ला,154
तत्समय,43
बैठके,43
रांझा,154
बंटेगी,24
निकालीं,24
साड़,23
झुलाया,7
नजला,63
पीडिता,53
जुटीं,53
बुलाती,24
चश्मदीदों,53
प्रबुद्धजन,105
होंगें,37
धाराशायी,40
डराना,24
सौदों,53
याशिका,42
एटलस,49
स्थापत्य,18
वामदल,18
वहिष्कार,18
भूंकप,14
निंद्रा,19
नक्षत्रों,130
झुकाया,44
मजाल,53
छूता,44
दिलवाएंगे,24
दोहरायी,65
निखरी,36
दिवानी,154
गद्दों,7
सौंफ,17
अछूत,18
सींचा,17
ऐवज,53
इंस्टाग्राम,112
दानदाताओं,43
चमाचम,29
उगलवा,53
मृदु,36
बेतुकी,65
चीखती,7
उत्सर्जित,12
कलाबाजी,93
करोड़ी,166
आक्रोशपूर्ण,53
चकबन्दी,166
पायजेब,29
काउण्टर,151
मूल्यांकित,43
खाईं,7
कबूतरी,41
फक्कड़,39
बंदीरक्षकों,43
रखनेवाले,24
अनाड़ी,68
अच्छाइयों,39
जानेवाला,24
खिंचवाई,24
छेदक,91
उड़ेलकर,17
देखादेखी,24
अभिलेखीय,34
घिसटता,7
जहाजों,144
बोलियों,37
रिश्वतखोर,53
वॉट,163
विश्वव्यापी,43
कांटेक्ट,151
दशानन,45
थोड़े,24
घेरना,7
गुणवतापूर्ण,43
महाष्टमी,42
उच्चशिक्षा,43
खोलनी,24
बहुप्रतिक्षित,26
चीरती,7
लुटिया,144
रोई,7
निचोड़,17
स्लॉटर,164
श्रेष्ठतम,0
सत्संगियों,42
पतंगे,7
अराजनैतिक,18
पंचायतवासियों,43
ज्येष्ठता,39
टोटके,24
प्रलयंकारी,14
तनीषा,42
बांटें,71
फूंकेंगे,36
कार्यरूप,0
बेदर्दी,53
कसबे,42
संस्थाध्यक्ष,43
भाईचारक,43
निरुत्तर,53
सहकार,43
चांटा,7
जुगनी,154
उद्घाटनकर्ता,43
अनुचर,21
खंडीय,40
डीएमडब्ल्यू,122
पंचायतघर,43
युद्धों,6
लोकमित्र,42
क्षेत्रीयजनों,37
बहनजी,55
बिकीं,166
रखवाला,21
भूमिकाएं,182
जमानतदार,53
नैनीडांडा,42
दूतों,33
वित्तायोग,43
पाकेटमारी,53
कद्रदान,105
मूलधन,166
बतायेंगे,24
रंगीली,170
पुर्जो,40
उद्योगमंत्री,43
दरबारों,177
लिखवाए,34
आनलाईन,151
मंजिलें,40
कलपुर्जे,40
पहुँचने,24
स्वतन्त्रता,18
थोपना,53
मुसलाधार,36
भीतरघात,18
दातून,17
विद्रोहियों,18
गृहस्वामियों,166
दशमलव,136
तन्हा,19
मसूड़ों,17
नशेड़ी,13
ज्ञानार्जन,22
समुखिया,43
गाएं,41
रूपवती,82
सम्पत,42
नजारों,36
लाइसेंसधारियों,34
खिंचवा,24
नियुक्तिपत्र,43
झासे,23
हममें,24
खर्राटे,40
उत्तेजक,12
चाहतीं,24
कंकर,17
जगरानी,42
सोएं,67
पलने,69
आशावादी,0
फिल्मोत्सव,42
तटस्थ,179
व्यवस्थायें,43
बरतन,17
झलकने,24
छोटो,39
दुराचारियों,53
बेलदारों,40
मनोभाव,0
तिल्ली,63
जन्मांतर,39
हंसाने,65
मोर्चाबंदी,18
गर्द,7
मसान,41
कृतज्ञ,39
गबरू,170
शामचौरासी,77
शरणानंद,42
ड्रैस,29
डोलियों,40
नौकाओं,144
हमलावार,25
पांवों,44
तुक,62
दीए,36
रिक्शाचालक,40
ऑटोग्राफ,19
पतों,35
फलदायक,0
जामों,40
पूजते,42
सहनशील,18
हैण्डपम्पों,40
लीबिया,33
व्याधियों,63
कोरियन,37
मायानगरी,37
महाचंद्र,42
छिन्नमस्तिके,42
फुंकी,40
संघर्षों,18
स्प्रीट,13
पशुबलि,41
प्रतिबिंब,0
पेंशनों,43
उक्ति,97
लेखाकारों,43
यतीम,40
कत्था,17
घुलनशील,12
दुर्दात,53
रौंदता,7
प्रत्यायन,43
डिजायनर,29
विज्ञापित,43
फव्वारों,40
विराजित,42
गीदड़,41
टुकडे़,17
टकराती,7
बिकना,166
टंकण,80
मृतिका,69
रीछ,41
चुटकुलों,65
कृष्णांजलि,42
अंतर्मन,0
थामकर,7
पछता,24
पकड़ाने,24
नकछेद,42
हृदयविदारक,14
आईएमटी,151
तिलांजलि,18
अंतरात्मा,0
मुख्यमंत्रित्व,43
भिक्षुक,42
मधुशाला,116
व्यापरियों,166
टरकाने,24
उपला,17
श्रोतागण,105
इष्टदेव,42
केज,89
लुढ़की,7
अपराधीकरण,18
बंधकर,7
अरुणेंद्र,42
महामन्त्री,43
जुदाई,83
कबाड़ी,40
अस्ताचल,42
चंकी,152
लकवाग्रस्त,63
कालाबाजार,53
तिकड़म,53
शैलारानी,42
न्यायमित्र,53
गुलबहार,154
कविगुरु,92
नरसेना,42
शय्या,7
घुमड़ते,53
मसोस,24
लहराता,29
कूड़ाघाट,42
मलहम,17
हिटलरशाही,53
सैन्यकर्मियों,43
औघड़नाथ,129
नर्तकियों,105
सांड़,41
वकालतखाना,42
संशो,43
राजाज्ञा,39
न्यारी,39
मुगलकाल,37
समयाभाव,19
साध्वियों,42
मंझे,68
नवाबी,177
सिमटती,7
लम्हे,19
गिरिजाघरों,18
उखड़वा,23
बेंदी,29
मंचीय,105
वरिष्ठों,105
उदाहरणों,0
भौतिकवाद,18
ट्यूबेल,40
डांटते,53
उगाते,17
बुलन्द,18
कम्प्यूटरीकरण,151
वामपंथ,18
कुतिया,41
चरते,41
अन्त्यपरीक्षण,43
वीरभूमि,42
खींचता,24
उड़ता,7
समझाएंगे,24
ट्रैकों,40
उपनाम,30
वास्तुकार,98
बखिया,7
व्यवस्थागत,43
रीडरों,40
छोरी,170
गिरफतारी,53
किशोरवय,197
स्फूर्त,19
सरकंडा,42
धन्वंतरि,43
सांकृत्यायन,37
ब्रहमचारी,42
मर्दानी,197
ब्याना,42
सम्भावित,0
बीबीवाला,42
रेलों,40
तोड़ेंगे,40
हाथीखाना,40
अप्रतिम,99
प्रविष्टियों,34
सहकर,53
चोंटे,69
अंकुल,42
लुढ़ककर,7
सुलगने,36
सोहारी,42
पंड्या,42
भौजाई,197
सेवायोजना,166
लिखनी,34
अड़चने,14
आत्मजीत,42
माधवन,112
प्रोविजन,151
बीतीरात,23
रक्षार्थ,21
खगोल,98
मैंस,89
आयोजना,43
उलझाकर,14
निवेदित,99
अज्ञानी,42
खड़ंजा,40
साथा,46
दानवों,74
पूज्यनीय,42
सिरों,40
पिरोकर,7
धर्मरक्षिणी,43
मध्यक्रम,31
कनुप्रिया,42
चट्टानें,40
पैंतालिस,77
हरजी,42
नियोगी,42
असहयोगात्मक,0
उवर्रक,17
निर्वाही,43
फतवे,154
वृश्चिक,130
रामविशाल,42
भांज,7
धर्मशालाएं,188
भौचक्के,19
लड़कियो,197
इमारते,40
विश्वनाथन,42
ओढ़नी,29
प्रतीक्षित,19
पवनप्रीत,42
भगाते,7
खेतीबारी,43
पनघट,154
शस्य,17
शांतिभूषण,42
सड़ता,7
मुवक्किलों,53
बुर्का,29
झल्ला,7
दरियाओं,144
रंगबिरंगे,36
बाड़ों,17
विभेद,18
डसा,41
बांछे,36
तराशा,24
सुधारात्मक,43
तुझको,154
गयो,46
घुड़सवारों,41
सिंघाड़े,17
उदघोष,170
पशुबाड़े,41
डरें,24
नर्तक,105
भड़काऊ,12
भिडे़,23
एम्पायर,8
जुड़ेगी,24
हक्के,19
जहन्नुम,74
अत्यावश्यक,0
खुल्ला,24
मारेंगे,7
पटाखें,25
लड़ते,55
संदेहजनक,186
उसूलों,154
नाकारा,53
बांटती,71
वकालतनामा,53
हुकुमत,18
फेका,7
रेलपथ,40
डिबिया,17
मुस्कुरा,65
मचेगी,53
सत्यवादी,45
बट्टे,42
गरजने,36
फूहड़,65
भीगकर,17
पलता,69
तारण,42
चाइल्डलाइन,151
अधोहस्ताक्षरी,34
वृद्धाओं,197
डली,17
बन्दूक,25
महिलाकर्मी,43
धर्मग्रंथ,42
डण्डे,7
हुरियारे,42
उपनगरों,176
बांझ,197
फेरियां,42
सार्वदेशिक,43
घड़ियाली,64
उत्तरवाहिनी,42
रखवाई,24
धांधलियों,53
निपनिया,42
अवकाशों,26
संवादादाता,34
आक्रमक,53
पकौड़ा,17
मजारों,154
ओहदेदारों,154
बुद्धवार,26
कृष्णमय,42
अपराधकर्मियों,43
सुनाईं,24
मोबाइल्स,122
प्रास्पेक्टस,151
तुच्छ,53
मैती,16
झालरें,36
जन्मशती,42
बुद्धिमता,39
थोडी,24
छूटती,24
सटोरिये,53
संवरेगा,24
उपजातियों,156
पतवाड़ी,42
मानवतावादी,18
चिकित्साकर्मी,43
घड़ियों,64
कंठस्थ,42
दीवारे,40
क्रीड़ांगन,42
अकेलेपन,19
मातवर,42
नवरात्रे,42
जीतोड़,178
अकलियत,154
रजऊ,23
ठोकरों,7
रचाकर,197
जीवनसाथी,197
फरमानों,154
सम्पादित,34
कलाकरों,105
भौंकने,41
चाहो,178
दफनाए,69
आपराधियों,40
पहचानकर,24
स्टंप,31
दौड़ते,7
मंगलकारी,0
सप्ताहव्यापी,43
पराई,154
छींटा,17
प्रत्यर्पण,33
निष्फल,0
बननेवाले,24
नाचती,170
संभालता,21
विजयवीर,42
वाइपीएस,151
अतिक्रमणों,166
भये,46
नुस्खा,24
महंता,42
चॉक,80
तख्ता,7
सुब्हानी,42
अधरंग,63
दबंगता,53
बाहुबलियों,53
आंतकियों,25
अरुणोदय,42
खर्चीला,166
छप्परों,40
भाड़े,166
पाठशालाएं,43
हटाएगा,24
मलमूत्र,40
नेस्तनाबूद,40
लड़खड़ाती,7
लड़ना,55
अड़चन,14
सर्वहारा,18
ठहरता,67
निशानियों,11
घरेलु,107
थका,19
सड़कर,7
फरमाने,154
नाखुशी,53
वर्दियों,29
पंजाबियत,42
सरोबार,36
रंगेहाथों,7
दौड़ाना,7
सत्यनारायन,42
जगता,19
बेगाने,154
भाजे,40
कठोरतम,53
छानती,36
डराकर,53
गर्भवतियों,197
धर्माचार्यो,42
कीडे़,17
बिगड़ना,14
बगलें,24
प्रबंधिका,43
पंसदीदा,24
कहेगी,24
उड़ने,7
विद्याओं,43
अश्रु,17
बारहसिंघा,41
बजाता,170
चिकनाई,17
घोट,7
बिछड़ने,154
मानवीयता,0
चहेता,154
सुलभता,22
दरगाहों,154
परायणता,39
चंद्रोदय,42
पहचानी,24
तीर्थंकर,42
नहाकर,17
संदर्भो,0
ज्योतिर्लिग,42
ताशे,170
बुझकर,19
कौवे,41
जगतनारायण,42
लीडरों,40
लेके,75
तोलने,7
जवाबों,53
गदंगी,40
रसीदों,166
सोलहवीं,103
घुसता,7
दरबाजा,24
अंकतालिकाएं,34
जोड़ाई,54
पारिस्थितिकी,98
अजैविक,17
इनामों,166
बिछुआ,172
सूक्ष्मता,0
मुश्तैद,43
फैलायी,11
घोडे़,41
सीवरलाइन,40
तिनके,41
खौलते,17
सहजन,17
पिताम्बर,42
दिखनी,24
काउंटी,8
भेड़ें,41
बिरले,119
ऐनक,29
अभिभावकगण,43
आवर्धन,90
न्यायपीठ,53
विद्वता,39
फंसाते,7
चूमती,24
बलिदानों,18
रूढि़वादी,18
प्रतिस्पर्धी,55
टुकड़ों,17
बरसता,36
सूझा,24
स्नानघर,42
धनकुंड,42
अनुसचिव,43
बेगाना,154
भिड़ते,55
अनुभवहीन,105
हिचकिचाहट,24
बरगलाकर,53
कॉलोनीवासी,40
गोरैया,41
प्रत्यय,97
विश्वगुरु,18
आइंदा,53
भाषणबाजी,53
विघटनकारी,0
मजनूं,154
उड़ाते,7
स़फाई,23
सांड़ों,23
नकदीकरण,43
पल्लवित,11
संकीर्णता,11
कंपकंपा,36
मायाजाल,7
परिवर्तनशील,0
षष्ठम,103
वनाधिकारियों,41
बॉस्केटबाल,31
दौड़ेगा,24
मुर्गीपालन,41
साहिबानों,42
निर्भीकता,18
जगतवीर,45
लगाईं,24
अरबपति,166
कुलदेव,42
प्रतिद्वंदिता,55
रातोरात,154
सीटीपीएस,151
हैरतंगेज,93
द्रव्यों,12
लोकापर्ण,43
छात्रसंख्या,43
आक्षेप,53
पंचक,42
पछाड़कर,55
सुलाने,7
तथ्यात्मक,0
फर्जीवाडे़,53
मेहमाननवाजी,188
अभिज्ञान,42
कांस्टेबिलों,43
ड्यूटियों,25
बजीं,170
उत्तराधिकारियों,177
राजप्रीत,42
नौबहार,154
उत्पीड़नात्मक,53
श्रृंखलाबद्ध,34
गरमागरम,53
पार्टटाइम,151
चिल्लाया,7
अठन्नी,40
दूधिए,36
अकड़,7
रिसाइकिल,40
चक्रधारी,42
कुटुम्ब,61
मगरमच्छों,41
टोयोटा,122
गाता,170
सर्दियां,36
सदाफल,23
मंजन,17
गिरिजाघर,18
दादाजी,197
खास्ता,154
जिंदगानी,19
पढें,24
मरवाने,7
ब्रह्मस्वरूप,42
परिस्थति,14
विषैली,12
हैडपंपों,40
पुनर्परीक्षा,43
निषादों,42
कटाया,24
सुस्ता,7
उपदेशक,42
जिताना,55
ट्राफियां,31
श्यामवती,42
टेड़ी,44
तरना,42
सिखाकर,24
अभयदान,53
वृद्घा,197
संबद्धीकरण,43
सनशाइन,8
क्षैतिज,28
बुदबुद,17
सिक्खों,42
दूब,17
रहनुमाओं,154
फिसली,7
रस्मी,21
बांयी,44
घमंडी,39
सिकुड़ने,7
पूजने,42
बाउण्ड्री,151
सिलने,29
उपजाने,17
सूतक,26
अल्पकालीन,22
रेजर,17
उठाओ,178
कूंचा,42
गुफाओं,40
प्रेमभाव,39
छानकर,36
बुराईयां,39
टिकने,67
रीतियों,18
अंशदायी,43
जिनेंद्र,42
सदाचारी,39
लकड़बग्घे,41
बाइ,127
मलीन,18
बुरादा,17
करुणानिधि,42
राजवर्धन,42
सुजल,42
सेकेण्ड्री,151
राजशाही,18
आगंनबाड़ी,197
टेलीस्कोप,153
प्रखण्डों,43
प्रिंयका,42
पहचानती,24
लड़खड़ाने,7
बंधियों,40
अर्जियों,34
कार्यस्थगन,26
पिछड़ते,18
आंगनवाड़ी,197
उपखण्ड,43
रुकावटें,14
लपक,7
कूचे,67
जियोलॉजी,151
फिटकरी,17
झूमी,23
भ्रुण,197
शनिधाम,42
जुड़ाव,71
टांका,17
झंडू,42
मनीषियों,42
ट्रांसमीशन,40
विरासतों,0
महाकौशल,0
सिसकियां,7
महुआटांड़,42
तरकश,25
अपनाओ,178
नाड़ा,29
पोस्टरबाजी,34
हाटों,40
उपली,42
रुकीं,67
नीलगिरी,10
वृत्तचित्र,182
रसायनशास्त्र,98
फकीरों,154
पनडुब्बी,144
पीपों,40
नाट्योत्सव,42
जिल्लत,53
सत्यबीर,42
सर्वव्यापी,74
इंस्पेक्टरी,43
अस्सिटेंट,43
यातनाओं,53
बिगाड़ना,14
मंगलगीत,42
जूबाए,42
रबड़ी,17
जिन्दाबाद,18
मोड़ते,7
चालों,68
ठहराना,53
खुराफात,93
संबन्ध,71
पीसने,17
अकादमियों,37
झटकने,24
शिवधन,42
बम्बा,42
पटाने,53
टेलीग्राम,40
बंजारों,156
सपंर्क,23
गिरगिट,17
कटीले,17
कालेवाल,42
हथियाना,166
लेखानुदान,43
थानाक्षेत्रों,42
तिब्बतियन,37
टेके,44
हस्तशिल्पी,166
झमेला,55
गद्य,34
कीर्ती,42
संसारी,39
धर्ममय,39
सन्दर्भ,0
ट्रंासफार्मर,40
अपनाएगी,24
अनोखेलाल,42
सुलझाई,14
बंबई,176
सरिए,23
नटवार,42
तलक,11
निजता,186
उपचुनावों,43
तम्बू,40
सुहागन,42
प्रक्षेप,0
लड़े,55
बैनामों,166
फंसाये,7
पाखंडी,42
सर्कुलेशन,13
सहती,53
सुनाती,65
विकृतियां,63
स्नेहिल,39
राजपरिवार,177
महापुरूष,105
धन्नो,197
अभ्यस्त,19
टालता,14
भण्डारी,42
शत्रुओं,25
भेंटवार्ता,43
कमीशनबाजी,53
सति,82
जीवाश्म,98
पुरातत्वविद,98
चौड़,23
ढकोसला,53
मारुफ,154
नोटो,40
भटूरे,17
हिरनों,41
सीरियलों,182
परिहवन,140
उमडे़,23
सहेजकर,24
बहकाने,53
छुटभैया,18
व्यूह,45
झुकाने,44
फास्टफूड,13
खीझ,53
गिड़गिड़ाने,7
मसजिद,154
कूचकर,7
माइक्रोस्कोप,90
संवत्,103
ईमानदारीपूर्वक,39
पसली,44
बढ़ावे,24
सैकड़ा,77
इसीक्रम,53
दावते,188
अनुमानत,60
मुंहतोड़,53
भक्तगणों,42
छूटता,24
लहलहाते,17
ख्यातिप्राप्त,105
सेंटीग्रेड,12
शर्करा,63
विकासखण्ड,43
पीहर,197
सुरीले,170
गुलपोशी,154
मौते,14
हंसना,65
दिलाओ,24
दंबगों,53
पूर्णागिरी,42
स्पीकरों,170
अरण्य,41
टांसफार्मर,40
अलापने,170
उलझाए,14
निर्दयता,53
बेगानी,154
बंधपत्र,166
प्रखंड़,43
पशुवधशाला,43
छेड़ते,55
मान्यताप्राप्त,43
खदेड़ने,7
पण्डाल,42
छिनी,53
दबंगो,53
खंगालेगी,24
उच्चधिकारियों,43
रुलाने,154
थानाधिकारी,42
सम्पत्तियों,166
मजबूरियों,53
राष्ट्रगीत,18
चलायें,24
नर्सरियां,197
लौहपुरुष,105
सर्वदा,24
अनिष्ट,14
जामकर्ताओं,40
संक्रान्ति,42
वर्षाे,26
पाबंदियों,53
बोझे,7
मौहल्ले,40
स्वरांजलि,42
तपने,36
शुलभ,42
वेटरिनरी,151
इज्तमा,133
जैतून,17
फटकारते,53
भूस्वामियों,166
उभार,11
नपुंसक,63
ग्रामप्रधानों,43
पिंजड़े,41
प्राचीनता,0
थानगांव,42
छींक,63
उतराते,144
महका,36
खिसकते,7
विश्वस्तर,0
बेरंग,36
पगला,24
करवायें,24
देवकुंड,42
सावरिया,42
मण्डप,40
कार्यपूर्ति,43
बंटना,71
कट्टरपंथियों,18
खिंचाव,44
स्निग्धा,42
विकासकारी,43
ढूंढ़ना,24
गुनगुनाते,170
ख्वाबों,154
अकड़न,63
ढलती,42
सत्यनिष्ठा,39
समानान्तर,28
तौहीन,53
चक्रानुक्रम,0
भक्तिगीत,42
भारतमाता,0
रजाइयों,40
चटकीं,23
खुशामद,53
भंिट्टयां,42
अदंर,7
चुकें,24
पियें,17
बताशा,17
जगाए,19
हृदयपुर,42
पकड़ेंगे,7
चलाएंगी,24
परदादा,197
रीतिरिवाज,18
कालापानी,53
चौंकिए,24
खंडवार,43
प्रशसनीय,42
हिमखंड,144
केन्द्रो,43
सेल्समैनों,43
सुलगते,36
विश्वरूप,42
ट्यूबलाइट,143
धारावाहिकों,182
चिन्ताजनक,14
नामांकनों,43
त्रुटिरहित,14
दुर्घटनावश,131
सिरी,154
लॉलीपॉप,24
टायफायड,63
धूना,29
फेरते,7
खटोला,7
दुखभंजन,83
नर्म,36
प्रणीत,45
लड़खड़ाते,7
आक्रामकता,53
उपकुलसचिव,43
बारुद,25
नागवंशी,42
मुझमें,24
कूड़ादान,40
अंगना,46
फैनी,38
गैंद,23
निमेश,42
हरिदर्शन,42
लांघने,11
मंझली,197
आवासी,40
बंदगोभी,17
पाठागार,42
वॉकी,151
छूत,18
दस्तकार,166
फूलबदन,42
भूदेवी,42
एमओआइसी,42
विवेकशील,39
हड़प,53
चींटी,41
कालीमाटी,42
घेरेगी,24
सामाजिकता,18
तिगड़ी,23
मुंडेर,42
बताएंगी,24
ब्रजबिहारी,42
साहिर,42
तमाशबीनों,154
पहनेंगे,29
खुराफातियों,93
गौसेवा,43
अतिथिशाला,43
तीरे,46
फिरती,24
धोखेबाजी,53
जीवंतता,0
एरोन,38
माँगी,53
झेलता,53
चिड़ी,23
विवेचन,0
बहक,24
किलेबंदी,25
बिछानी,7
पढ़ेगा,24
डालियों,17
इंद्रधनुषी,36
जुराब,29
झुण्ड,41
बंधेगा,7
सेगमेंट,122
श्रीचरण,42
भूमंडलीकरण,18
दहकते,36
तरसता,154
पूर्णेदु,42
लोंग,66
झुककर,44
शैशव,180
ठिठुरे,36
चुस्कियों,17
बिछाते,7
संप्रेक्षक,105
कंघी,17
खर्चों,166
खिसकता,7
छानते,36
भट्टियों,40
सांढ़,41
जायेगें,24
थिरकीं,170
खुश्क,17
मारेगा,7
बटवारा,71
अविभावकों,43
अध्यक्ष्ता,43
तात्कालीन,43
बॉयफ्रेंड,112
खिलाती,17
आसना,42
पागलपन,93
सांवला,36
कन्नड़,37
रेलबाजार,42
तकलीफें,14
बैठेंगी,7
मंडराया,19
तवे,17
गुब्बार,7
नियंत्रकों,0
सूरतेहाल,14
रुदन,7
मरघट,69
चतुर्वेद,42
नेग,46
सेवइयों,17
जीवाणुओं,17
निरुपम,42
व्यवसाईयों,166
व्यापकता,0
ढूंढती,24
पधारो,43
विस्फोटों,25
त्रिगुणायत,42
अनुपलब्ध,22
व्याघ्र,41
मनवांछित,24
मनवाते,85
झाड़िया,17
राउंडअप,164
काडों,125
व्योम,36
शॉक,163
बनाईं,24
सच्चितानंद,42
परखेंगे,24
मंझले,197
आईसक्रीम,17
जिताएं,55
चमकीला,110
गन्दा,40
चिताओं,69
दौड़ी,7
दर्शाये,0
प्याली,17
भालुओं,41
चलायेगी,24
गद्दारों,18
तिरूपति,42
हादसाग्रस्त,43
अनानास,17
लेटलतीफ,53
निषिद्ध,53
घुड़चढ़ी,42
जागेगा,19
जगहें,77
रंज,154
मापन,107
इमला,65
खेदजनक,14
अमृतधारी,74
कोरमा,17
बादामी,36
प्रकांड,105
गॉव,76
पुनि,46
रोचकता,182
गारा,40
विरल,119
जलेंगे,36
नौंवा,103
भड़का,53
मकड़ी,17
कीटाणुओं,17
नौरंगी,42
आईने,24
एडमिनिस्ट्रेटिव,151
तलाशनी,24
भुगतेंगे,53
पुनरोद्धार,43
पदवी,30
आस्तीन,29
गंवाया,19
अपवित्र,39
नवम्,103
धर्मग्रंथों,42
अदाकार,105
लहसून,17
मायना,0
अमिषा,42
बचीं,24
सरप्रस्त,43
भुलाने,154
जनशिक्षा,43
सेखुई,42
पाकशाला,43
अग्रज,42
रसधारा,36
बायोपिक,112
अरुचि,19
तरसा,154
सडकें,67
साम्राज्यवादी,18
डराते,53
गुनगुने,17
छोड़ों,178
सफलताओं,14
पढ़नी,24
चमेला,42
एयूआर,42
कश्ती,144
छेड़कर,154
भुजंगासन,189
घरौंदे,40
गैंडे,41
दोतरफा,53
बरसना,36
कर्णधारों,18
भेंटे,29
शराबखोरी,13
हटती,7
आजमाई,24
रामआधार,42
संर्पक,158
मिठुन,42
तिलमिलाए,7
धुकधुकी,63
किनौनी,95
क्रेनों,40
सभाध्यक्ष,43
लाओगे,178
हुक्के,13
औद्योगीकरण,18
उगलना,36
विध्वंसक,6
सूंघने,17
नवान्न,42
सीलकर,69
चिढ़ाने,65
अतिमहत्वपूर्ण,0
पर्वतों,10
आनेवाला,24
मनस्वी,105
स्थनीय,43
नपाई,40
बिछवा,7
तानों,7
चुंबकीय,12
असक्षम,24
लुप्तप्राय,6
सावधानीपूर्वक,0
मझले,197
नापतौल,7
खुदवाए,40
प्रकाशमान,27
खालें,29
छल्ला,7
अभिनेत्रियों,105
महोगनी,58
आरोहण,10
गोकुला,42
लाभान्वितों,43
सगंठन,18
खिलायी,17
युक्तिकरण,43
पंचगव्य,13
मचाये,53
महगांव,42
सेतू,37
सार्जेंट,38
जनभागीदारी,43
जुटाएंगे,24
नामुराद,154
कॅालेज,43
अंत्याक्षरी,170
जताता,53
मुख्यध्यापक,42
पंचायतवासी,43
हस्तनिर्मित,166
घिसट,7
जनप्रिय,105
गर्मागर्म,53
ग्रीष्मकाल,26
रामसिंगार,42
संपदाओं,22
जैनियों,42
सार्वभौमिक,43
तास,68
पदाभिहित,43
ब्रम्हा,42
अश्वगंधा,17
ताल्लुकात,71
भुजा,44
आयत,154
फहराए,29
जन्तुओं,98
कुल्हड़,17
चढ़ाएं,29
छत्तीसगढ़ी,170
लिखायी,34
सड़,17
बेदर्द,53
सफलताएं,99
प्रपात,144
सलहा,23
प्रत्याशिता,43
सौतेलापन,53
उत्तरदायित्वों,21
जगमगाते,36
जाचा,23
मिलनेवाले,24
किताबे,34
पचाने,2
पिटते,7
ठिलिया,42
शासनस्तर,43
ढक्कनों,40
परिचारी,21
अनुश्री,42
वृद्धजन,197
टांगकर,7
अपीलकर्ता,53
प्रसिद्घ,105
दिखावटी,53
परीक्षायें,43
घोड़ी,41
संध्याओं,42
कालाबजारी,53
मसलक,154
सलटाने,24
सताएगी,24
हृदयस्थली,37
जोड़ियों,40
लड़को,197
तरु,36
पखरौली,42
अनुवांशिक,63
वास्तुविद,98
अनुसेवी,42
आयुसीमा,43
किरायों,166
हिलते,7
अतिव्यस्त,19
उजाड़कर,40
फफूंदी,17
नवकिरण,42
तरसती,154
केएमपीएम,43
चिह्निकरण,0
सुहावने,36
शूरवीरों,18
जाएंगीं,24
पूराकलंदर,42
निहरी,42
पदयात्री,37
नहींं,53
सुखमणी,189
दिव्यता,0
विषमताओं,18
फैलाती,11
मखमली,58
कौरवों,45
श्रेयांस,42
रंगकर्म,105
प्रादुर्भाव,106
उमड़ना,7
जीतें,55
नेमप्लेट,88
नागों,41
लूडो,31
रामायन,42
रेडियोलोजिस्ट,63
महाराजाओं,166
उर्वर,17
दुघर्टनाएं,14
पंक्षी,41
कलमा,34
करामात,93
बांछें,36
तोहफों,29
मनमिंदर,42
ज्योर्तिमय,42
तख्ते,40
अधिनस्थ,43
बरसाया,36
चुकाई,166
भेजो,24
अनुज्ञा,34
चूरन,17
चमकीले,36
नाखूनों,17
आग्नेय,77
अपराधमुक्त,43
जनमोर्चा,18
सा़फ,7
गोलपहाड़ी,42
विरान,19
धोबिया,156
प्रेमस्वरूप,42
झांकना,24
जोड़वाने,24
वेदाचार्य,42
नौंवे,103
रंगोत्सव,42
चूड़ी,29
भरवाएं,24
बटालियनों,25
सराए,23
कुंआरी,197
दानपेटी,42
रंगबाजी,53
ऑटोमेशन,151
लेपटाप,151
बाक्साइट,40
अर्क,13
मिशनरियों,18
खुशदिल,39
मनमुताबिक,53
पढ़नेवाले,24
प्राविधानों,43
गृहरक्षा,43
केंद्राध्यक्षों,43
पलकें,44
वेतनभोगियों,43
वाणिच्य,42
रखवालों,21
भगाए,24
मंगलयान,90
ज्यादतियों,53
बिकेंगे,166
भाग्यवती,42
रामां,42
फरमाता,154
दमादम,154
देखूंगा,24
उपाधीक्षकों,43
ढवारसी,42
केतु,130
बैठाये,7
संपूर्णता,0
तनय,42
रचेगी,24
टहलना,67
परिवारजन,197
दोहराना,24
शाखाध्यक्ष,43
चिथड़े,7
मत्थे,53
ढाए,53
सत्ताधारियों,18
अहिरावण,42
निकलवाना,24
जमावाड़ा,53
निदंनीय,53
ढांचों,43
दौड़ने,41
स्वर्गवासी,69
दुघर्टनाग्रस्त,14
मूर्ती,88
आयुर्वेदाचार्य,42
कट्ठे,77
लखेरा,42
कुल्ले,17
पुनर्विकास,43
कावा,104
भूतबंगला,37
टीलों,40
इच्छित,24
अवामी,37
डिलक्स,29
वितर्क,0
सौंपें,21
अपराधकर्मी,43
तालुका,51
खलवा,23
अरुन,42
पोछने,17
गुच्छे,7
तहेदिल,99
असहमत,53
पकाकर,17
गड्ढायुक्त,42
नगाड़ों,170
पहनती,29
नित्यक्रिया,189
चिलम,13
चितिंत,23
मिलवाकर,24
मेें,24
तानने,24
वैद्यता,43
जलसंसाधन,40
पोतियों,197
आयेंगी,24
वेतनादि,43
निर्वाचकों,43
नलके,17
हिंदोस्तान,37
कुन्ती,45
तर्कों,0
गांववाले,40
भड़काने,53
ठहाका,65
हरिभजन,46
प्रियजनों,71
राष्ट्रस्तरीय,42
लिस्टें,40
डंसने,41
घंटें,26
खूशबू,36
पत्थरी,63
महानुभावों,105
गरीबो,18
गल्लामंडी,166
बीसवां,103
गैलरियों,88
फिरंगियों,18
चुभने,17
बरसेंगे,24
धर्मात्मा,39
जगदम्बे,42
मुनीश्वर,42
उकेरने,24
टिकाए,24
मानेगा,24
गट्टे,17
बैलगाड़ियों,40
जस्ट,151
प्रतिरक्षा,63
खर्चने,166
लहलहाने,17
गड़बड़ाई,14
दबाएं,44
समझेगा,24
चुकंदर,17
गुणांक,163
फागुनी,170
अभिंयता,43
सहजनी,17
घूमेगा,67
मुद्राएं,185
अंतहीन,0
नित्यानन्द,42
ऐड़ी,10
मनुष्यता,0
पोश,94
खौल,17
बिछवाने,24
गोलाई,28
लोमहर्षक,14
अधियाचना,99
नादिया,154
पारखी,105
लावणी,170
घनघनाते,170
अफसोसजनक,14
चीखकर,7
जंगलिया,42
लोढ़ी,42
लहराई,29
व्यावसायी,166
प्रखंडकर्मी,43
बंजारावाला,42
नारो,18
भाडे़,23
आंक,24
जाचने,184
डिपों,40
ताकना,65
सौगातें,29
आसक्ति,39
सांख्यिकीय,98
सर्वभूतेषु,198
खपड़ा,23
पशुगणना,169
प्रसाशन,43
झाड़ी,17
न्यायायुक्त,42
अमरवीर,42
कपरवान,42
समाजों,156
दुगुनी,157
भारतरत्न,30
पुनर्जन्म,39
छिपाना,24
भ्रष्टाचारमुक्त,43
मनोरोगी,98
मेवों,17
प्रार्चाय,43
फहराते,29
अघोर,42
चाँदी,185
झांके,24
पर्दानशीं,36
अपनेपन,39
क्यारियां,17
मुजरिमों,53
नामौजूदगी,196
पार्टीजन,43
बेड़ियां,7
साजिशें,53
पूर्वतट,42
बाहों,7
गुलिस्तां,154
झारखंडियों,42
समन्वयन,43
इमामे,154
लोगे,178
पुनर्वासन,40
लिखेगी,24
फेंकें,7
रहोगे,178
हुड़दंगी,53
बंग्ला,37
अपनाएगा,24
सरीफ,197
जंगलमहल,42
बंटवाए,24
धुंआधार,53
फनकार,105
सदाओं,154
हैै,190
शरणालय,43
कसाइयों,40
कायरतापूर्ण,18
श्रीकृष्णनगर,42
भुनाया,24
कूटने,17
ब्रम्ह,42
कौए,41
चौहरमल,42
पैरालंपिक,31
विवेचकों,0
महासचिवों,43
कृष्णेंदु,42
नयापन,0
सुविधाए,43
धसने,23
मत्सय,144
बिंदास,154
झण्डे,29
दुर्गाष्टमी,42
धौड़,191
चुनती,24
खरोच,17
नीलमणी,42
आड़ी,44
देयक,166
परिसंवाद,43
व्यंग्यकार,105
निपटते,14
बांये,44
भड़कीं,53
उपमहासचिव,43
एनडीपी,151
हटायी,7
मतो,43
नकारे,53
बिमारी,63
प्रतिलीटर,77
तदाद,23
खनका,42
छेड़ेगा,24
रोषस्वरूप,42
आर्थिकता,18
ज्ञानभूषण,42
जिलान्तर्गत,43
चहलपहल,23
दूकानों,166
खलने,24
हिलाया,7
विनिर्माण,166
उच्चपदस्थ,43
रिटेलर्स,40
दंपत्तियों,197
बसुंधरा,42
झेलती,53
प्रलाप,53
रेंगता,17
पर्यावरणविदों,98
उपयोगकर्ता,151
चढ़वाने,24
परिवारवाले,197
घबराये,7
छर्री,42
सम्मानीय,39
हैंं,190
परखे,24
जनाना,197
एंबेस्डर,13
भोंपू,170
सलौनी,46
मनायेंगे,42
शिवलोचन,42
शुभी,42
कतरन,7
एंकरिंग,34
सिल्की,29
आसरों,40
उपाधियों,30
फिरकी,31
कूल्हा,44
फलमंडी,166
परमपूज्य,42
चूजों,41
बेइंतहा,154
सैंतीस,77
दक्षिणपुरी,42
प्रदीप्त,27
लोकनृत्यों,105
आरएंडबी,40
झल्लाए,7
सिचांई,40
प्रावैधिकी,43
ऋणधारकों,40
खाड़ी,37
कुप्रभावों,0
चिताएं,69
कार्यवृत्त,43
अपूर्णनीय,0
थपथपाते,7
वंदेमातरम्,18
चूसने,7
लुटी,53
हटवाते,24
ढूंढता,24
निर्मलीकरण,144
पीड़ितों,53
विश्लेषकों,160
भड़काया,53
पेड़ो,17
बेंची,166
श्रमशक्ति,166
सृजनशीलता,105
दुहराई,65
पराठे,17
जमानतदारों,53
आंसूगैस,7
शाब्दिक,97
समेटते,24
कर्मचारीगण,43
मिटती,11
मनोवृत्ति,53
महानतम,105
निधियों,166
वधुओं,197
साक्षियों,53
सुनेंगी,24
केंद्रीयकृत,166
पपड़ी,7
तारतम्य,14
पूंछा,24
हैदराबादी,154
छेड़ने,55
सेंट्रलाइज्ड,151
मरती,69
सवांददाता,34
आनंदमार्ग,37
मंडलवार,43
उच्चकोटि,0
मंड़ी,23
काफ्रेंसिंग,151
जीआइपी,37
किसलिए,24
तड़पकर,7
भ्रष्ट्राचार,53
बंदूकधारी,25
विरूद्घ,53
भंगिमा,65
ऋतुओं,36
टील,58
सोनोग्राफी,63
एलोकेशन,151
खनिजों,40
मनपंसद,24
व्यवस्थापन,43
बिखरते,7
ओहदेदार,154
जगहो,77
निबटाए,14
दुस्साहसी,18
सुविख्यात,42
प्रतिनिधिदल,43
परात,17
प्रर्याप्त,24
हड़पा,53
उडे़,7
चरणप्रीत,42
कमकर,23
फरिश्ता,74
वहम,154
बलशाली,189
छुड़ाते,7
छेड़ना,55
फेरियों,42
चुकाते,166
मटमैले,36
अहिंसक,53
जीपें,23
डयोढ़ी,42
प्रशस्ती,29
भंयकर,14
जर्रा,154
जगमगाया,36
निरूपम,42
लोहित,42
आलोचकों,53
मुक्के,7
बूचड़खानों,41
सहारन,84
नजराने,53
रोड़ी,42
बारों,53
आपेक्षित,43
प्रतिस्पर्धात्मक,55
दागते,25
विशेषांक,34
छुड़वाकर,24
मेनलाइन,40
दुगने,157
बैगनी,36
धुसवा,42
चौबारा,42
नवरूप,9
उकसावे,53
विघटित,0
राजकोषीय,43
बिछेगी,7
बिदक,24
लगनेवाले,24
सुलझाएं,14
जयश्रीराम,42
भ्रमर,36
गाड़ियों,40
वेश्यावृति,53
गलघोटू,63
पिटारे,24
निर्दिष्ट,34
गश्तीदल,25
यज्ञों,42
अडंगा,7
दादागीरी,53
चिट्ठियां,40
संस्मरणों,34
राजीनामे,53
एमएमसी,151
एश्वर्य,39
हटाओं,18
प्रार्थनाएं,53
ओहदों,154
स्वीकार्यता,53
रणगांव,42
शीशियों,40
प्रत्यारोपों,53
चढ़ीं,29
योग्यताओं,43
बैठाएं,7
रहतीं,24
आंगनबाड़ियों,197
नियन्त्रण,21
कावंरियों,42
रंगरलियां,197
खराश,63
उतराने,144
महासप्तमी,42
कायर,18
नवबंर,26
हंगामी,53
मलयालम,37
बड़नपुर,42
सीरियस,151
सर्मथन,18
प्रधानमन्त्री,43
विपत्तियों,14
दूषण,45
ढ़लते,36
डाकुओं,53
खोलीं,44
नौंवीं,103
गैजेट्स,122
सप्तऋषि,42
पहुँचकर,24
पसन्द,24
असलहाधारियों,25
पेंशनभोगियों,43
सौकत,23
अनाथों,18
देवस्थल,42
हमउम्र,197
साबुत,17
झूमाया,99
कृपानाथ,42
मुस्कराहट,65
माशूक,154
धूसरित,7
अगवाकर,24
पागलों,93
बुन्देलखंड,37
कार्डियो,189
डांसरों,40
पथराई,44
द्रविड़,156
शिकायतीपत्र,53
सरगर्मियों,53
सिले,29
भूमिधर,166
महाविद्या,42
जकड़ी,7
चढ़ेगी,29
डग्गेमारी,40
भुजिया,17
अंगार,36
मचाएंगे,53
भुलाना,24
बीपीसी,151
मिटाते,11
निकोटिन,13
रिसता,17
रासेश्वरी,42
पर्त,28
परीक्षणों,24
सीखीं,24
कीर्तनों,42
लोकलुभावन,36
फिजियोलॉजी,151
दायित्वधारी,21
औषध,63
आनुवांशिक,63
दिहाड़ीदारों,40
अमोघ,24
तरसेंगे,24
प्रतिक्षालय,40
बटाईदारों,166
सदय,46
असंतुष्टों,53
दुपहरी,36
अव्यावहारिक,0
गृहवधू,42
घुसपैठिए,25
गुरुपूर्णिमा,42
दृष्टांत,182
खरपतवारों,17
रामबोध,42
फोड़ी,7
ग्लोबलाइजेशन,18
निमिषा,42
गेंदो,31
लाइनमेन,25
लॉयर्स,151
प्रभंजन,83
काटेगा,24
सजता,36
मनसूबों,53
ममेरी,197
आधिकारियों,43
विश्वप्रसिद्ध,105
बिहोली,42
अवगुण,39
नाउम्मीद,14
मधुमक्खियां,17
अपराधियो,53
झुनझुन,170
सुनाता,65
कुशहा,120
करमहिया,42
उजाड़ना,40
पहुचता,24
प्रतिबंधों,53
भरवाते,24
बंटाता,71
गुजरीं,24
निबटाया,14
बतायीं,24
रटने,65
रसायनयुक्त,42
भूखण्ड,166
अवगुणों,39
साईनाथ,3
मिठ्ठू,197
बाउंड्रीवॉल,151
पूरजोर,18
खेतीखान,42
लिपाई,29
तामीर,154
बिखेरती,36
हिचकिचा,24
हड़काने,24
पर्वतारोहियों,10
महाद्वीप,37
पीसकर,17
अंगवस्त्रम्,29
वेणी,29
माहेश्वर,42
तापक्रम,12
स्वास्थ्यमंत्री,43
बिताकर,19
अनुकम्पा,99
हत्था,7
कारनामें,93
जुटाएगी,24
जीवकोपार्जन,22
विवेचनाधिकारी,43
मिटे,11
देवजी,42
विपक्षीगण,18
गुणवत्ताहीन,43
टपकी,17
धार्मिकता,18
फुफेरा,197
विपन्नता,0
पिशाच,93
फरमाना,154
आवासहीन,40
दगाबाज,53
धधकने,36
सुधरती,14
पालकर,69
चौंतीस,77
शास्त्रीजी,1
भक्तिगीतों,42
मर्दो,197
मध्यदेशीय,37
सरवाइकल,63
गुरिल्लों,25
युद्धाभ्यास,6
राजद्वारा,42
आैर,190
उर्जावान,0
स्वागतयोग्य,99
गुत्थमगुत्था,14
टके,77
ढाली,7
खांसते,63
मेघों,36
साठगाठ,53
इन्सां,154
मालवाहकों,40
बंदीगृह,53
चौगुना,157
निर्झर,36
धर्मप्रांत,42
समाते,11
पुदीना,17
पुरवाई,170
रणनीतियों,43
चीरहरण,53
कलेक्ट्री,40
पनपी,11
मौकापरस्त,154
कनस्तर,192
आरामगाह,40
अपूर्ति,43
पुनर्विवाह,18
राष्ट्रीयस्तर,42
तंदरुस्ती,189
ऋद्धि,42
बढऩे,23
चोथे,1
प्रतीकों,0
कल्पतरु,42
अर्द्धकुंभ,37
वन्यप्राणी,41
सीप,185
मोक्षधाम,42
निकालो,24
डुबोकर,144
चूकने,24
शिगारा,42
चहके,23
झंडियों,42
भगवाना,42
डफली,170
रुक्मणि,42
निवृति,43
साहबी,154
परफार्म,112
गन्दे,40
झड़ी,7
छीनते,53
प्रशिक्षणरत,43
बवानी,42
अवज्ञा,2
अनाथाश्रम,18
पुस्त,43
नथूनी,23
कमरें,40
पछाड़ने,55
पूजापाठ,42
छुपाई,24
सनकी,93
वेदिका,88
जुडो,31
व्यापारियो,166
मेजों,7
शिक्षानगरी,37
सिमटते,7
सहेंगे,24
किसमें,2
अभियोजकों,53
अनुसंधानकर्ताओं,98
स्तंभों,40
डगमगाने,7
स्नेहदीप,39
झपटे,7
कुचली,7
वर्गीज,42
क्रॉकरी,29
मनसूबे,53
रूठों,154
बिगड़ते,14
अतिथिगण,43
इलाकावासी,42
माहभर,40
पर्यटनस्थल,42
सुनिये,24
ओढ़ी,29
भविष्यनिधि,43
सैंकड़ो,77
धार्मिकस्थल,42
नवाचारी,105
संरचनात्मक,43
भिड़ी,7
हकदारों,43
पोखरियों,42
हराते,55
परियों,182
ठिठुरती,36
ठहरती,67
कनेर,36
आरक्षक,43
मुठ्ठी,7
पोशाकें,29
नोंकझोक,53
बधवाना,24
होया,46
नहरपार,42
जल्दीबाजी,14
संगठनो,18
पशुओ,41
छूआछूत,18
वसुदेव,45
मंगलहाट,42
देवीधन,42
उजाड़ने,40
सेवला,42
रत्नावली,43
संन्यासियों,42
खिरकिया,42
पंचा,43
बेकरारी,19
ईकाइयों,107
मंझा,42
पैसठ,77
देनेवाली,24
विभिषण,42
मारग्रेट,82
धुले,17
सुरीला,170
अदूरदर्शी,53
बांटेगा,71
पांती,46
बिछेगा,7
प्रतिमास,166
सौपने,21
सादर,99
कुचलता,7
नुनू,23
चलायेगा,24
बहलाने,53
नवाबों,177
हिमोग्लोबिन,63
विशद,0
स्केनिंग,40
बटा,71
कटाकर,17
चौसठ,77
हटेंगी,24
पूर्णाक,136
जगाएं,19
खोजती,24
लोहापट्टी,42
सिकुड़ते,7
गुनाहगारों,53
भींगने,17
दरियां,40
थालियां,40
पहाड़े,65
प्रायोजन,31
चटकाया,31
टिप,121
जगना,19
आतंकरोधी,25
बनाओं,178
उन्हेांने,24
अपदस्थ,43
स्वनिर्भर,18
कंपयूटर,151
निश्चयों,145
पतंजली,42
दौड़ीं,23
सोभा,29
संदेशा,181
सहफसली,17
तपस,42
विरूपण,0
कॉमिक्स,182
भेला,142
संभालें,21
विंबलडन,8
भंगिमाओं,65
नोचा,7
अल्पकालिक,22
मेघश्याम,42
अभिवावकों,43
बीमारियो,63
रुपय,77
हवादार,40
प्रिंटर्स,151
चारण,1
इएमयू,67
छूरा,7
पुरख,42
पिटी,7
पढ़ाएगा,24
दावें,24
मुक्ताकाश,40
टपकते,17
जगमगाती,36
उड़ना,7
पकौड़ों,17
रुकसार,42
चीरकर,7
देवसदन,42
बहुखंडी,42
स्वच्छकारों,42
निभाओ,21
बरतेगी,53
सुंदरवाला,42
तालु,44
आन्दोलनकारियों,18
बिक्रीकर,43
क्रियाशीलता,0
मिंया,197
जीतती,55
फेंकवा,7
असुविधाएं,14
एकटक,24
संक्रमणीय,147
अवतारी,42
तड़पा,154
नहलाया,17
शास्वत,0
सुपरिंटेंडेट,43
घूमेंगे,67
मन्नन,42
खरखड़ा,7
मझला,197
लगवायी,24
गोलीमार,53
हराना,24
बद्तर,14
अटकने,24
लगवानी,24
अल्पायु,69
छज्जों,40
टुकड़ी,25
लड़ाना,24
गुलदाउदी,36
बिकवाली,157
सुखजीवन,42
नचना,170
सत्यानाश,71
रजाइयां,40
सुधारेंगे,14
याचियों,195
थ्रिलर,182
संपद,22
बरौंधा,42
अंधेरों,36
करानेवाले,24
आत्महत्याओं,69
संभले,7
बटाने,24
शायराना,154
छोरे,170
करोडों,77
विधार्थियों,43
ऊपरगामी,37
पंखुड़ी,36
उद्यमशीलता,105
कुरकुरे,17
त्रेतायुग,45
शैतानी,74
महफिलें,154
ढ़ोने,7
कुलराज,42
प्राजेक्ट,151
कर्मशील,39
श्रृंगारी,36
जिलापंचायत,43
कोसता,53
बारबार,65
प्रवृत्तियों,53
जनसंदेश,34
सुनानी,65
वार्डब्वाय,43
संझा,46
राज्यकर्मी,43
परिवादों,40
नवीनता,0
कसेंगे,24
लगनशील,39
हार्निया,63
बिगड़ेगा,14
गौमांस,41
बिकवाने,24
गणेश्वर,42
कर्मराज,42
संकेतकों,0
पकड़ाया,24
खिलखिला,65
रक्तकोष,63
खिंचवाए,24
फेंकता,7
हिचकिचाते,24
चाटी,7
लेाग,53
रेनकोट,29
ऋणियों,40
फलहारी,42
आइस्क्रीम,17
भंडारगृह,22
मनिहार,42
फैलकर,7
तड़प,7
अनारी,42
पाबंदियां,53
निर्दयी,53
अनुषंगी,160
इक्यावन,77
उलझनों,14
संघोल,23
लंकापति,45
स्टिल,151
निगली,17
चिपककर,7
मोड़ा,65
राइफलों,25
मेरू,42
संभ्रात,18
बंगलादेशी,37
कास्तकार,166
बदलवाकर,24
हारजीत,31
चयनितों,43
जि़ला,42
उपशाखा,107
बीजारोपण,11
बांया,44
कराइए,24
तोडफ़ोड़,53
चिंताहरण,42
छोड़ते,24
दीपांजलि,42
धर्मसंघ,18
गरजेंगे,24
कलेश,14
प्रभागों,34
अभेद,18
पुरातत्वविद्,98
संप्रदायिक,18
आज्ञाकारी,39
भुजाएं,44
चोखे,17
बदहवासी,7
चेलों,42
बिगड़े,14
चलायेंगे,24
तसला,17
बीससूत्री,43
दिखला,24
ऑर्गेनिक,57
पालतु,41
गधा,41
क्षेत्राधीन,43
अनावृष्टि,36
उपनिषदों,42
तन्हाई,19
जिलाउपाध्यक्ष,43
जयजयकार,170
दानियों,166
कल्पित,0
पिल्ले,41
बख्स,154
फ्राक,29
भंडारो,22
देनदारियों,166
निमंत्रित,24
सुन्दरम,198
भिड़ेंगे,31
छुटकारे,43
सौहार्द्र,43
किबाड़,8
वित्ताीय,43
बख्शने,154
उपचारार्थ,63
यजुर्वेद,42
उड़नखटोला,7
शर्मीला,92
पुष्पाजंलि,29
सांडा,42
सुर्ख,36
मटसैना,42
गिरवाने,40
बयानी,53
भीड़भाड़,67
बजना,170
एकतरफ,53
तिलिस्म,74
वर्षाकाल,26
बेल्टों,40
अनुपयुक्त,43
गुणवत्ताविहीन,18
उठाऊंगा,24
पकड़ाये,24
तिरासी,77
ब्रह्माचर्य,42
गुत्थम,14
सहे,53
तीजोत्सव,42
हथगोला,25
जताती,53
आदरणीय,99
रूकवाया,24
घण्टा,26
बदनसीब,154
अवयव,0
एनफील्ड,122
छुपने,24
निशक्तों,18
परफॉर्म,112
वाटरप्रूफ,29
खम्भों,40
झेलकर,53
वाष्प,12
जिलाधीशों,40
रगड़ने,7
सौंपेगे,21
जीवविज्ञान,98
पाढ़ा,41
घटाओं,36
लादना,53
बकायों,40
पवनसुत,42
बहेगा,17
लंगूरों,41
बौखलाकर,7
प्रतिनिधी,43
बोये,17
जेबकतरा,53
आंकडों,169
स्वयंसहायता,43
चौंकाया,19
गोपनियता,186
डुबकियां,144
गोदभराई,197
बरछी,7
लवनीश,42
वियोगी,83
गांठे,7
जोतकर,17
गेड़िया,40
उलझना,14
अवैज्ञानिक,0
गोलाकार,28
दास्ता,65
निरंकुशता,18
झीलें,144
खुशकिस्मत,56
देवदूत,74
एडवांसमेंट,151
फहमी,14
अंचलकर्मी,43
बिनु,46
विहिन,21
सूचनाधिकारी,43
मौलिकता,0
खंबा,40
लांछन,53
आरोपीगण,53
सृजनात्मकता,105
दोहों,34
करवटें,14
अवसादग्रस्त,0
सुधारते,14
विचारधाराओं,0
सहेजे,24
तीतरों,41
गुंज,170
परिनियम,43
भींगते,17
बुलंदियां,99
उखाड़ने,7
प्रवेशार्थियों,43
शख्सियतें,105
चिन्तन,0
कोविंद,42
बिताएंगे,19
सामवेद,42
झूमें,170
झमन,23
घोड़ों,41
सिकरौना,42
सूर्यग्रहण,42
बतख,41
मोंगरी,42
दृष्टिहीनों,18
बाकियों,24
दहशतगर्दो,25
चर्या,19
उच्चपर्वतीय,37
स्थानिक,193
फिंकवा,24
लाइसेंसधारक,34
डाउनलोडिंग,40
चमत्कारों,24
चौदहवीं,103
झोंपड़ियों,40
छाड़,55
विद्युतिकरण,40
हटाता,7
स्नानार्थी,42
गांठों,7
उधमसिंहनगर,42
सतानंद,42
जोड़ते,71
पिटवाया,7
तोड़वाने,24
मनायें,42
प्रतियोगिताओ,31
कैफों,120
रंक,166
तख्तिया,40
नेत्रदानी,43
कार्रवाईयों,53
राजभोग,29
पहुचाएं,24
जगाता,19
गुजरेंगी,24
असंवेदनशीलता,0
असफलताओं,14
दोंनों,77
उठें,24
उद्यानों,40
फगुनी,197
कुकुरमुत्ते,17
गण्यमान,43
भ्रातृ,61
अध्यायों,34
टॉफियां,40
सूत्रो,145
पीनी,17
थर्राया,7
कछियाना,42
गुमशुम,53
तमगे,7
लफ्जों,154
प्रजापित,42
धुमरी,42
विकासोन्मुखी,43
नशेबाजों,53
आनंदपाल,53
शून्यता,167
बचाएगी,24
गढ्ढों,40
फटना,7
श्वेतपत्र,34
उखाड़ना,7
शिवाधार,42
रागनियों,170
बहरापन,63
मेमोग्राफी,63
ठहराकर,53
विद्याथिर्यों,43
दिखायेंगे,24
केतली,17
संगीतकारों,105
छपका,42
वर्गफुट,77
कुंवारा,197
जाउंगा,24
फनकारों,105
मशगुल,24
रेशा,17
मानेटरिंग,43
पर्यंत,0
सिंगा,42
हटाती,7
नाड़ियों,44
वजनदार,189
सम्पादक,34
दांतो,17
हवलदारों,43
अष्टभुजी,42
पोछते,17
हारता,55
अंगहीनों,18
मुख्यायुक्त,42
देवमूर्ति,88
दुर्गावाहिनी,42
मौैजूद,42
सर्वेंद्र,42
झूमती,170
संतोषानंद,42
चनण,23
उगलवाने,53
राष्ट्रवंदना,42
सुदंर,36
शिक्षिक,43
हिंसात्मक,53
भरेंगी,167
जोड़ियां,40
जलभंडार,22
भगोड़ों,7
दहशतगर्द,25
रहनेवालों,24
सैंकडों,77
आविष्कारों,0
स्थानीयवासी,42
पायें,24
महजबी,154
महामूर्ख,39
विश्वपाल,42
खम्भा,40
डोलियां,40
रंगभूमि,42
फूक,36
प्रांरभ,123
इकोनॉमिक,151
शरणागति,42
सूदखोरी,166
डोलने,7
वसूलेगी,166
मंडलायुक्तों,43
लानत,53
इच्छामृत्यु,53
खपतकारों,40
पठानी,29
लौटें,24
बर्फखाना,40
पूर्णवासी,42
दीपन,13
चिड़ाना,24
पत्थरबाजों,25
प्रत्याहरण,136
नियोक्ताओं,166
लिखो,178
चूडि़यां,40
भेटों,125
अंजनि,42
अनुषांगिक,18
तव्वजो,53
झुंडों,41
अवधकिशोर,42
खंडहरनुमा,40
अशक्तों,18
चुल्हे,17
देंखे,24
दुर्गुणों,39
निर्दलियों,43
आलोचनाओं,53
लुटाया,53
मेढक,41
अन्वेषक,0
निभायेंगे,21
विधाएं,34
कामाक्षी,42
मयूराक्षी,42
वंदनीय,42
प्रखंडस्तर,43
रंगबहादुर,42
बासठ,77
भांडा,7
नवोन्मेष,105
प्राप्ती,24
बहाये,17
खबरे,34
तरौली,42
पांडुलिपियां,34
मने,75
फेको,178
चूमने,7
पूजक,42
अंजाने,19
आवेदनपत्रों,34
टकराहट,7
पड़ेगे,24
ग्रूप,149
श्रृद्धालु,42
जमाकर्ता,166
उबालने,17
स्वच्छंद,184
पटकने,24
स्थाईकरण,43
अवरोधों,14
देववाणी,97
कुम्भ,37
जड़े,11
पराए,154
अनामांकित,43
मालदार,42
जरदारी,154
समझायी,24
सुंदरकाड,42
लोरी,65
जनतक,23
गौहत्या,41
साजोसामान,40
सहयात्री,37
चीखना,7
बाजारू,166
केवड़ा,17
तलाबों,40
उछालकर,7
जहाजरानी,37
सर्वोपरी,43
विदायी,26
नाकामयाबी,14
पेशियों,44
आंतकवादी,25
ढोए,7
श्रद्घा,42
निखरेगी,36
सिद्धबाबा,42
कष्टहरणी,29
चाबियों,24
पीछाकर,7
सुपरिटेडेंट,43
बेगारी,166
वाचिका,42
दासता,18
बहाती,17
डिटरजेंट,13
निडरता,18
हरजाई,154
हॉलों,112
छूटेगी,24
पुर्नमतदान,43
व्यवहारिकता,21
विश्वविद्यालयीय,43
ससंघ,23
हिलता,7
जलप्रलय,14
सर्वाेच्च,43
तरंगें,12
किफायत,166
हस्तानांतरण,43
सींक,7
विभेष,42
मंझौली,42
बगाही,24
केंद्रपोषित,43
अपहृतों,53
तत्पश्चात्,139
मरीन,38
कुमिते,42
आयूषी,42
गुरुगोविंद,42
गहराइयों,144
उपनियम,43
मूर्छा,69
तपस्वियों,42
कोशिकाएं,44
सर्वश्री,42
बदलीं,14
मच्छरजनित,42
वालेश्वर,42
मेहीलाल,42
गुरूजनों,42
बरसेगा,36
खूंट,17
बिचौलियागिरी,53
बगुला,41
छेदन,17
करोड़पति,166
कैंचियां,40
अंशी,113
विषधर,41
छिड़े,55
जुखाम,63
समझाती,24
पहुंचवाया,24
योजनाए,43
स्वंतत्रता,2
हृास,6
चिमटा,7
भोज्य,12
वनगमन,45
बिठाते,7
चाकरी,53
छुरियों,40
एस्केप,89
हेकड़ी,7
प्राचीर,40
ज्योतिर्मय,27
धु्रवीकरण,18
ग्याहरवीं,103
मनोकामनाओं,53
रूकेगी,24
पकाए,17
भरम,154
तौलकर,7
नवजन्मी,177
अंधेपन,63
संदर्भदाता,0
गिनाकर,24
सुधरते,14
डलवाना,24
शर्ताें,43
मायावी,74
शर्मिंदा,53
रुपक,83
ध्वाजारोहण,29
आजमाना,24
बढ़ायें,157
पायीं,24
महुअर,42
रोजदारों,40
अनुतीर्ण,43
पंचकुंडीय,42
नंदोई,197
अपुष्ट,53
पकाना,17
अनुशासनहीन,39
रिझा,170
कार्रवाइयों,53
संस्थाओ,18
विविधताओं,18
लूटता,53
भूमिदाता,42
धरदबोचा,7
फोटों,24
खंडाइत,42
मुक्तिकरण,43
खुराफाती,93
बॉयोमीट्रिक,151
फुंसी,7
जगमगाएंगे,36
चालानी,166
कन्याश्री,197
अर्घ,42
ठोकिया,53
सकेगें,24
गुरूरानी,42
भेड़ा,23
तेजाबी,53
लापरवाहों,53
बिनाह,53
बैलगाड़ी,40
छपवाया,34
डिस्ट्रीब्यूटरों,40
पच्चास,77
संभली,7
कुप्रथाओं,39
प्रसुन,42
उपस्करों,40
बाहुल,18
पधारेंगे,43
मुरादे,53
प्रायोजकों,31
होलिकोत्सव,42
कांकर,42
संयोजित,0
प्रखंडकर्मियों,43
पीये,17
मंडला,43
बजाएंगे,170
पिछैती,23
झकझोरने,0
चुटीले,65
शीघ्रातिशीघ्र,26
विचारकों,105
ग्वालों,42
प्रशासिका,42
संजोग,53
बुल्लावाला,42
बाजुओं,44
छांटने,24
मैनें,24
अनशनस्थल,42
पानेवाले,24
ज्ञानसागर,42
शैलियों,18
कटियामारी,40
चोले,29
मनोहरी,36
अनार्य,156
कूटकर,17
निश्चेतक,63
तड़क,53
सम्पूर्णानंद,42
सीनियरों,105
विश्वेश,42
चहेती,154
विश्वभारती,43
चिंतकों,105
सुत्रों,145
जमानतें,53
दक्षिणमुखी,42
मुखबीर,53
सड़के,67
कनैली,42
थर्मामीटर,15
ममतामयी,39
सर्वज्ञ,74
आह्लादित,19
पादर्शिता,53
मरेंगे,24
हैंडपम्पों,40
खटखटाते,24
फूंकना,36
निवेदक,99
बारुदी,25
चाहेंगी,24
तरसने,154
पद्मनाभ,42
छावनियों,25
भिगोकर,17
बेगुनाही,53
वाक्यों,65
शैलेन,42
सखियां,40
हास्टलों,40
पाकिस्तानियों,37
उछाले,7
वारकर,7
चिढ़ाती,65
प्रधानमंत्रियों,43
धनवर्षा,36
महाशिवरात्री,42
विन्दु,28
जबाबदेही,43
गईल,75
देवचंद्र,42
समस्याग्रस्त,180
हठी,39
भाड़,67
रामाश्रम,42
ठेलियां,40
तरफदार,18
ग्वाड़,42
गढ़ैया,42
अंधियारा,36
यतीमखाना,40
कवायदें,24
विकलांगजनों,18
तनमय,42
रहस्योद्घाटन,7
आपूर्तिकर्ताओं,34
पौखाल,23
नियोजकों,43
मंगानी,24
कलात्मकता,0
संरक्षकों,21
मजीरे,170
चुभती,17
चक्रवार,43
छंटा,36
पिलाती,17
परिश्रमी,39
तेरही,197
जनपदवासी,42
प्रदेशस्तर,42
पहंची,95
फलता,17
शिवलिंगों,42
थमती,24
जेहादी,25
खंगालकर,24
प्रक्रियाधीन,43
तरन,42
सप्ताहांत,26
सुर्दशन,42
अनर्थ,39
जनपदवार,43
प्रतिवेदनों,34
हीरों,185
जुडीशियल,151
फूलता,17
सूइया,46
सिद्धा,42
काउंसिलर,151
वेक्सीन,63
चोंच,44
कीमोथेरेपी,63
बजाएं,170
राज्यमन्त्री,43
चखना,17
पटने,24
चतुर्थश्रेणी,43
बेपर्दा,36
चढ़ाएंगे,29
बढ़ाएंगी,157
बनायेगा,24
महानगरीय,37
उतारती,29
पूर्ती,24
नवयुवती,197
झुकते,44
बच्छराज,42
राज्यवित्त,42
फैलानी,11
अहिरान,42
अंहकार,39
बुढ़ी,197
कृमिनाशक,17
आनेजाने,24
अम्ल,12
सीटीपी,151
सब्ज,40
ब्यानों,42
जीवनोपयोगी,0
भुतही,29
बनवानी,24
मझौला,42
एड़ी,10
सशरीर,19
स्टूडियों,151
कस्बें,37
जौंक,23
रामभरोसी,42
पुष्पित,11
अलहाज,154
नीलामहल,166
थिनर,13
समुदायिक,43
नजायज,53
पारसमणि,42
जुही,112
अनुषा,42
चुराये,24
उम्मीदवारो,43
दुखदाई,14
ऑप्रेशन,63
केबलों,40
उपविजेताओं,31
उत्कलमणि,42
मवाद,17
ब्रह्मकुंड,42
इक्कीसवीं,103
सनेह,46
उपचारात्मक,63
पाकीजा,154
प्रबोधन,42
आक्सीटोसिन,12
दिखलाया,24
धाविका,42
धर्मशास्त्र,42
छकाते,7
हारते,55
हड़का,7
कट्टरता,18
दुहराते,65
लहराएंगे,29
वृक्षासन,189
बैद्य,63
फफोले,17
समृद्धशाली,0
झगड़कर,55
जानेवालों,24
लादते,7
खिंचाने,24
पराये,154
सहायताप्राप्त,43
झुठे,53
दाईं,44
उबरे,69
परिस्थितयों,14
सीखाने,24
सप्तसती,42
बालरूप,42
खुशबूदार,36
लोट्स,151
बनूंगा,24
असंतुष्टि,53
कुंजन,42
तोडे़,40
शिवसहाय,42
बेफिक्री,19
बागीचों,40
लेजाने,24
ढूंढ़े,24
गतिविधियो,0
दृष्टिगोचर,11
गिल्ली,31
उछले,7
गूंजेंगे,170
झोपड़,40
अनिक,152
सुपाच्य,63
वाकयुद्ध,53
वर्गीकृत,0
कौवा,41
व्यंग्यात्मक,65
फीते,7
अयोध्यावासी,42
बेशर्मी,53
कुदृष्टि,53
खुलासों,53
आनंदा,42
पेंडिग,14
कथावाचन,42
पेड़े,17
नौसड़,77
मुझपर,24
मौण,23
रीले,151
विश्वदेव,42
हावभाव,65
आंखो,44
अड़ंगे,7
उच्चस्तर,0
मुँह,65
ऊफान,40
कबाड़े,40
लाउडस्पीकरों,170
राज्यहित,43
अंगौछा,29
लालकुंआ,42
कयादत,154
अवधेशानंद,42
इबादतों,154
डिप्थीरिया,63
इन्होने,24
परखना,24
उपजने,11
डराता,53
बालपन,180
ऐजेंसी,186
बहुरंगी,105
वस्त्रोद्योग,166
छौंक,17
तकिये,7
भुलवाना,24
कबूतरबाज,41
गाओ,170
शहरीकृत,37
संभलते,7
भंगड़ा,170
अमानवीयता,0
लोमड़ी,41
जल्लाद,17
रंजिता,42
खरीदगी,166
शक्तिनाथ,42
पैथालाजिस्ट,63
वाइफाइ,151
लंगोट,29
एनपीसीसी,151
जज्बातों,154
हिले,7
नुक्कड़ों,67
मधुकम,42
संकटग्रस्त,6
साधो,178
फूकेंगे,24
राजमाह,17
नशाखुरानों,42
गर्माता,53
परिवीक्षा,43
लाड़,39
साहबों,154
फैलाये,11
न्यायपूर्ण,53
लकिन,76
संवरेगी,24
बतौड़,128
कष्टदायी,14
छटे,103
घटनाक्रमों,14
मजबूरियां,53
संस्तुतियां,43
कर्रवाई,53
खुलें,24
पीती,17
इमोशनल,0
भाद्र,42
जपते,42
पतिव्रता,82
वर्तनी,97
पेशवा,42
जवानो,25
घर्षण,91
खींचती,24
तंदरूस्त,189
निकोटीन,13
काव,23
कार्यपद्धति,43
टोकते,53
डबडबा,44
दहेजलोभी,197
अजमाने,24
कोसती,53
लहंगे,29
गाएंगे,24
बगा,23
उदघोषक,182
मियादी,166
कदंब,17
विखंडीकरण,0
अमृतधारा,74
प्रारूपों,34
चौराह,67
अनुवादित,34
मजीरा,170
नालायकी,53
गुनगुनाने,170
सुलझाकर,14
अज्ञानतावश,14
लघुनाटिका,42
द्वारपाल,40
जीर्णोंद्धार,43
बॉस्केटबॉल,31
माँगे,53
कमलराज,42
चबुतरा,40
ठुकराते,53
दण्डात्मक,53
हुड़दंगबाजी,53
संविदाकार,43
रुको,178
कर्जमाफी,43
चिंगारियों,36
ढालना,14
सचेतन,0
करकरा,7
रामशिला,42
रहमो,154
सकुन,154
प्रत्याशियो,43
बसाऊ,23
सहराई,48
आमला,42
ज्ञानो,42
दिनप्रतिदिन,189
बिचौला,53
खदेड़ते,7
व्रतों,42
बुजूर्ग,40
सर्ट,29
जनअदालत,42
ठिठुरा,36
चुस्कियां,17
गोढ़ना,42
शीर्षासन,189
नामीगिरामी,105
रस्साकस्सी,7
यज्ञोपवित,42
मम्मियों,197
पीड़ादायक,14
घूंसा,7
शब्दकोष,97
जातक,130
चौंके,19
सहालगों,23
अंगौछे,29
बांहों,7
योग्यतानुसार,139
समलैंगिकता,18
बगाों,23
ठुकराने,53
खांसने,63
उखड़ना,7
छेडछाड़,0
तंदुरुस्ती,189
देनेवाला,24
पेठे,17
सटोरिए,53
गोलगप्पा,17
भुजंग,41
लिंकन,8
मजबूतीकरण,43
गरिमामय,39
कुमुदनी,36
काफल,36
बरसाईं,36
कंपकंपाते,36
निहारती,24
फूंकेगी,36
रूकेगा,24
भिड़ेंगी,31
देनदारों,166
जनमुद्दों,40
जुटाये,24
बैंचों,7
महातीर्थ,42
संघटक,160
कलालघाटी,42
सुक्ष्म,77
बागबान,40
छोड़िये,24
लडकियों,197
जुलाहा,156
साईंस,151
बारवा,42
सिखाएगा,24
कंपकपाती,36
मुलाकातों,19
सुलाया,7
भगाएं,24
सत्यप्रिय,39
चमकेगी,36
गुप,65
जगकर,19
तरानों,170
पेंशनभोगी,43
नोटबुक,79
गिड़गिड़ाते,7
मंडराती,19
अमलतास,36
धनौंदा,42
एफएल,151
जगेगी,19
पूर्वस्थली,37
विश्वासपात्र,39
झीनक,23
कुशन,7
प्रयत्नों,24
धरोहरें,0
थिरकती,170
डरावनी,93
रवांई,42
स्वविवेक,43
हरिसभा,42
आग्नेयास्त्रों,25
हजयात्री,37
दीजिये,24
खननकारियों,40
बोल्टेज,40
परिमाण,169
खतों,40
घुमाई,67
तपस्यारत,42
सर्वशक्तिमान,74
गुरुनाम,42
कूदना,7
मोहरें,68
जांचना,24
बारिशों,36
धरतीपुत्र,40
बेड़ा,144
अमिया,36
हजयात्रा,37
मनमानियों,53
खपरा,42
देवीचरण,42
मद्धिम,157
वज्रासन,189
जुआड़ी,23
पौराणिकता,182
ढे़र,17
दबता,7
फेफड़ों,44
पुनर्मिलन,83
उच्जवल,0
यात्राकाल,37
दबते,7
नवेंदु,42
राज्यवर्धन,42
व्यासमुनि,42
नजरबंदी,53
मंदिरो,42
टोंका,53
चापलूसी,53
सुरागों,53
ग्रामोत्थान,43
स्टेपलाइजर,40
आउटपुट,163
चूकना,24
मुख्यध्यापिका,42
फणीन्द्र,42
सनक,93
हिरण्य,42
प्रीतिका,42
ऑटोमोबाइल्स,122
चड़ी,7
गुरुबचन,42
योजनावार,43
घुसपैठिये,25
दोऊ,46
राज्यलक्ष्मी,42
काजीटोला,42
कुंबले,31
हथकंडों,24
पथसभा,42
उमड़ने,53
हारना,24
व्यस्तताओं,19
छीटें,17
चंचलता,36
मंगलपड़ाव,42
दोहराए,65
कार्यस्थलों,166
पांडालों,42
कांपा,7
निमार्णाधीन,43
बचनी,82
सुशांति,105
ग्रामपंचायतों,43
परिवेदना,43
कछवा,42
सलाहउद्दीन,154
मैले,68
डाकिये,40
जायेगे,24
लौटानी,24
अड़ी,53
चरमरायी,14
ताबड़तोड़,53
सहिष्णु,18
शुक्लपक्ष,42
भुनी,17
हसिया,42
मंजीरा,170
रायता,17
महालया,42
शिक्षिकों,43
बधिरों,18
महारथियों,105
शिविरार्थी,43
पंहुचकर,24
रेगुलराइजेशन,151
चिपकी,7
सेवानिवृत्ता,43
वित्तवर्ष,43
जोरदारी,53
बिछवाई,7
विनोदिता,42
आनंदमूर्ति,42
परसौली,42
घूसखोर,53
ईंख,23
धराशाही,40
मसक्कत,26
दात्री,42
प्रतिद्वन्दी,55
चिड़ियां,41
हेडफोन,170
शुद्व,17
बदहवाश,7
रियायतों,166
अकेलापन,19
संवरा,36
पशुचारे,43
सत्रीय,26
उपनगरीय,176
धमार्थ,43
चटाने,7
नयका,37
सकारात्मकता,0
स्मृद्धि,0
अशुद्धि,12
चिढ़ाता,65
मानित,43
कर्णदीप,42
प्रतिबन्ध,53
महारुद्राभिषेक,42
शीतलपेय,17
संग्राहक,22
वीरागना,42
रूकती,67
हिलाते,7
आईबीएम,118
एमआरटी,151
संपादकों,34
रुखी,17
टुकड़ा,17
फलपट्टी,42
पीएंगे,17
स्वावलम्बी,18
शुल्कों,166
इच्छापूर्ण,43
मूंछों,44
वेतनमानों,43
लड़ाकर,7
झरनों,144
चतुर्भुजी,42
दूरदृष्टि,105
साजिशकर्ताओं,53
पुष्पदंत,42
खंदावली,42
दोगी,24
मिटाई,11
जनअधिकार,43
जगतपति,46
बांटेगी,71
किलोवॉट,163
गरी,17
नगों,29
कोश,97
कोषागारों,166
बलात्कारी,53
जनसंगठनों,18
हंसाते,65
अंर्तराष्ट्रीय,37
बिखरेगी,24
स्वंयसेवकों,18
पुष्पांजली,29
होम्यो,63
सामंतवादी,166
अवशोषित,12
रक्षात्मक,53
शत्रुता,14
हदों,11
बजह,76
मटरगश्ती,67
मिलाता,71
काबिलेतारीफ,99
सुरमयी,36
डॉक्टरो,63
कशमीरी,74
कालों,0
श्रेणीवार,43
सुझाई,24
राजराजेश्वरी,42
अन्तराल,26
सेंकी,17
रुकें,67
आत्मरक्षार्थ,43
झुंझनू,42
मयखाने,154
गृहस्थियों,42
प्रवृष्टि,36
विशांत,42
पिघला,17
प्रमंडलस्तरीय,42
उड़ती,7
हरदुआ,42
घासमंडी,166
ठीकेदार,166
खिलेगा,36
जुड़ेंगे,24
डिजनीलैंड,182
अधिकरी,43
बेंचते,166
प्रशिक्षार्थी,43
रुष्ट,19
रुकावटों,14
ढोई,23
धब्बों,36
पैरोकारों,18
अड़,53
रस्सों,7
उपादेयता,0
विघ्नहर्ता,42
हड़प्पा,40
चकली,17
पसारा,11
प्रसाधनों,22
खटाणा,42
खायें,17
रमणीय,36
अंगोछा,29
मुरब्बे,17
डंके,69
अंजाना,19
सूचनायें,186
पाणिनी,97
जुड़वा,197
नाशी,17
थकती,53
चूड़ा,29
स्वार्थवश,43
पदार्थाें,12
पैट्रोलियम,40
झंझावतों,36
देवऋषि,42
चमकीली,36
अंशुमाली,42
क्षारीय,12
भाविका,42
बहाएं,17
जीवनस्तर,18
चीते,41
देशज,37
ठंडई,17
करवाओ,24
कछुवा,41
कड़कने,36
मुरीदों,19
कहाँ,2
रात्रिभोज,188
पंगत,42
पढ़ेगी,24
बंधुवा,166
पत्नि,197
चबाना,17
संचालको,43
अनेकानेक,77
सर्वोतम,0
रक्खा,24
डरेंगे,24
कपालभाती,189
चतुर्मास,42
लाइसेन्स,34
छोड़ो,178
स्टैच्यू,8
हसरतें,154
उत्साहवर्धक,99
भड़काकर,53
त्रिवर्षीय,77
घुलमिल,71
उस्तादों,154
सिहांचवर,42
खुलवाये,24
निरीक्षणों,24
किस्सों,65
प्रज्जावलित,43
एक्युप्रेशर,63
झुरमुट,17
किवदंती,60
ऊंचीकूद,42
उपपुलिस,43
कद्रदानों,105
आसामी,37
स्मैकियों,42
कार्यारंभ,43
थोडे़,24
बिहारवासियों,37
चराकर,41
स्वाबलंबी,43
मोली,42
क्षमावाणी,42
चौवन,77
ऑक्सीटोसिन,12
डुबोने,144
कुतर,7
प्रर्दशनी,43
झुलसाती,36
सद्कर्म,39
प्रतिवर्ग,169
बालावास,42
संबंद्धता,43
उपप्रभागीय,43
लगवाता,24
संघर्षमय,18
उड़ाती,7
हड़काते,7
बीसवीं,103
अहातों,40
टिकेश्वर,42
तोड़ेगा,40
लचीलापन,189
लच्छेदार,17
धसक,23
परफॉर्मेंस,112
बैंडमिंटन,31
सटने,7
लगायेगा,24
अनुसंशा,43
छनकर,17
बैंगनी,36
छुड़ानी,7
श्रीखंड,42
नामिनी,43
अप्रासंगिक,0
पोंछते,17
मुनाफाखोर,53
प्रतिमान,43
तकनीकियों,43
जगमगाता,36
तुम्हीं,178
नासमझ,39
इमर्जेसी,63
भवनीत,42
भोंसले,42
लयबद्ध,43
आडंबरों,53
प्रर्वतन,24
तिरपालों,40
भष्ट्राचार,53
मढ़ने,53
कटावरोधी,0
मन्नतों,53
फिल्टरेशन,13
मिटते,11
बदमाशी,65
घसीटती,7
लहराना,29
वंशानुगत,63
कुण्डी,24
मंडलाधिकारी,43
झटपट,192
सुधारगृह,53
श्वेतांक,42
बासगांव,42
पीयें,17
हिंदूवादियों,18
गरीबन,42
गड़बड़ाया,14
नोटिसें,151
सवांद,53
छुपाते,24
कमाती,166
घासों,17
तोड़नी,24
हिलती,7
उभारना,24
खटका,24
छींकते,63
कटेश्वर,42
लच्छे,17
बोलेरों,40
लौटेंगी,24
नवटोली,42
स्वास्थ्यवर्धक,189
रौंदे,7
स्वरोजगारी,166
रोजों,154
करेले,17
गगनजोत,23
महत्वहीन,53
बांधता,7
पंरपरा,18
शिवेंदु,42
कसेर,42
चैम्पियनशीप,31
कसूरी,154
पॉलीग्राफ,69
सर्वोत्कृष्ट,0
सत्तु,17
छपवाई,34
मालिन,82
भुने,17
चटकाने,31
खलियान,17
अश्वमेध,45
गर्भनिरोधक,0
लिखवाना,34
उगाना,17
दावपेंच,24
झोपड़िया,40
कजरारे,170
डींगरा,42
चालें,68
रंगमंडल,105
अनुसंधानों,98
बटोही,67
उत्तीर्णता,43
श्यामलता,42
दरवार,177
भागम,19
परिक्षार्थियों,43
आत्मचिंतन,0
मिटेगी,11
वेषभूषा,29
हत्याकांडों,53
कतर्निया,63
पटरे,7
योगदानों,30
जटाधारी,42
होगीं,24
सुमत,46
दानवीरों,43
नवाने,24
कहलाएगा,148
राजपुरोहित,1
धवस्त,40
मूंदी,44
बिगड़ा,14
आज्ञापाल,39
सिरफिरा,93
मोहरों,68
स्वायत्ता,43
नवप्राथमिक,43
स्वयंबर,45
दीनबंधू,42
केंद्रवार,43
शर्मिंदगी,53
उन्हों,24
संगणक,151
थककर,7
बंधेंगे,7
पर्वेक्षक,169
खोटे,1
पेचीदगी,14
ठगते,53
बेकसूरों,53
भावुकता,0
राष्ट्रमाता,42
खड्ग,42
उड़ेला,17
वैल्फेयर,151
जगमगाहट,36
पांत,46
केशवनाथ,42
संचिकाएं,151
हवेलियों,40
शस्त्रधारकों,42
महाभारतकालीन,0
सौगातों,29
जुटेगा,24
सनोली,42
नीलाम्बर,42
र्इंट,40
लागा,46
सिलवाने,29
बाहें,7
उड़ीं,7
राज्यमार्ग,37
जहंा,190
पिछलग्गू,18
अंकगणित,98
दोने,17
बालकुमार,42
बदलवाना,24
सालोंभर,26
हवेलिया,40
मातृशोक,0
समाचारपत्रों,34
प्राकृत,97
टूना,144
बनाइए,24
बनवाएगा,24
सिलेन्डर,40
बीनकर,40
तानते,7
बर्फवारी,10
शिवस्वरूप,42
प्रमाणों,53
बल्लों,31
कूहलों,40
कामधेनू,41
मौजों,154
सलों,40
सिद्धान्त,0
दिशाएं,77
पहुँचाने,24
पनाहगाह,25
पकता,17
मढ़ाई,7
लब्ध,105
उत्प्रेरकों,0
टूटन,7
फ्लाईओवरों,40
मारें,7
सुरई,42
ज्योतियों,36
लघुसचिवालय,40
घोसले,41
माईक्रो,151
खिड़कियों,40
निर्वेश,42
भिनभिनाती,17
हठयोगी,42
प्रधानध्यापक,43
ग्रामिणों,43
चुंबक,12
भोलेभाले,39
फजीहतों,53
विश्वविजय,18
सतकार,168
पराक्रमी,39
प्रद्युत,42
मिट्टीकरण,42
बहुभाषी,37
करतें,24
अर्धसैनिकबलों,25
संदेशवाहक,181
अनंग,46
जलपुरुष,105
सकूंगा,24
पहुंचाएंगी,24
छिड़ी,55
हौले,7
मौैत,23
नियमो,43
राष्ट्रसेवा,43
सम्भागीय,43
लाक्षागृह,45
सरसरी,34
रानियों,197
एजेन्ट,166
बहरेपन,63
कंपाती,44
हवाईअड्डे,37
खाएगा,24
संध्याकाल,42
परिहास,65
धुला,17
भादंवि,53
आजमाते,24
दीवालें,40
योजनानुसार,139
फट्टे,7
पड़ना,24
बननेवाली,24
इकतरफा,53
सभ्यताओं,18
खिलाएंगे,17
मालधन,23
प्रतिस्थापित,43
कहिये,24
जनसरोकार,18
गोलम्बर,42
अन्तर्राज्यीय,37
सुझाये,24
निम्नलिखित,0
निर्जीव,0
ऑउट,151
स्वंयसेवक,18
शिवभक्ति,42
फेंकनी,7
उतावला,19
पंखें,40
भद्दे,65
बिखेरता,36
संस्थापकों,43
पढ़ाये,24
जियोग्राफी,151
लठिया,42
कमेरे,166
समीपस्थ,37
अनियन्त्रित,21
हौसलाफजाई,18
अर्धरात्रि,26
तोपों,25
काफिलों,67
बिछुड़ने,154
टंकक,23
दानेवाला,42
तबर्रुक,154
नाशवान,39
अशुद्धियों,12
दिलायेंगे,24
बंटाया,71
शहनशाह,177
ताम्रपत्र,42
बसुधा,36
दोहराव,65
तारीफों,93
आवृत्ति,12
चेकर,68
शक्तिखंड,42
चरकी,23
बाइकिंग,144
मंगवानी,24
जांबाजी,18
नईमुल,154
अक्षांश,12
डूबना,144
कांपे,7
गरिमापूर्ण,39
विनियमितिकरण,43
सीखनी,24
प्राणवायु,12
अपमार्जन,22
वीर्य,197
बरफी,17
कब्रें,40
अंतर्यामी,42
षड़यंत्र,53
निर्ममतापूर्वक,53
कुढ़,24
मयखाना,154
राजमार्गों,37
परिशोधन,12
तील,23
सर्वसुलभ,22
मुंड,42
तंत्रिका,44
परिष्कृत,0
ताकने,24
संगीताचार्य,42
बहुमंजिले,40
निपटें,14
गाड़ियां,40
कीलें,7
वासनाओं,39
सूखना,17
स्मारित,43
आर्शिवाद,99
बत्तखों,41
आवेदित,34
जादूगरी,93
बनानेवाले,24
अड़ंगेबाजी,53
मलने,7
पैंतरे,24
दबदबे,11
गर्भीय,98
तगादे,53
मुंतजिर,154
दिशांत,42
नौकाएं,144
पुष्पमाला,29
राजतंत्र,18
जनऔषधि,63
लायेंगे,24
दुधैला,42
तोड़ेगी,24
धर्मसमाज,18
मनाएंगी,42
नपुंसकता,63
सार्वजानिक,166
टिंडा,17
भुगता,53
धारणाओं,0
टरकाते,7
कुटुंबकम,61
चखकर,17
आरोपमुक्त,53
दुर्भर,43
उड़ाकर,7
सफरनामा,67
मरहबा,154
दस्ताना,29
परचे,34
गांरटी,16
उपप्रधानों,43
डाइविंग,144
गाथाएं,182
ऐंठन,44
प्रवेशार्थी,43
गोलाफेंक,42
खोजता,24
ऐंठते,53
पकड़वाकर,7
हटानी,24
पकड़ें,7
गुत्था,14
घोसला,41
तटरक्षक,144
पहरावर,42
माड़ा,23
बजायी,170
चहचहाहट,41
माँगा,53
अनैतिकता,39
बारातों,40
टोके,24
बदनसीबी,154
विचरते,184
सुबोल,42
इत्मिनान,19
चुराना,24
मातमपुर्सी,69
तलाशेंगे,24
जलजला,53
झुलसते,36
नोचने,7
डाकियों,40
फुफेरी,197
सीखेंगी,24
भटकेंगे,24
सतावर,17
सूरजदेव,42
सेवानिवृत्तों,43
श्राविकाओं,42
लोकसंपर्क,43
गौरवमय,0
संभागों,37
दरवान,42
कार्यालयाध्यक्षों,43
ताकी,76
धड़धड़ाते,7
अनसुलझा,14
हांकने,7
अर्धवार्षिक,34
विस्मृत,19
प्रेमप्रसंग,105
जूसर,17
मणिका,42
बेराजगारी,166
फंासी,53
दूधवा,42
छिड़क,17
श्वेताम्बर,42
गजन,23
दहलान,53
मोतियाबिन्द,63
सर्वहित,43
सतनामी,18
पतिराज,42
द्धितीय,103
क्रुद्ध,19
मिटाए,11
लडे़,55
कंधार,25
तलबा,154
बुझाए,36
फूटते,7
जालियों,40
बहाता,17
लेहरा,42
जड़ता,6
स्वीकृतियां,43
व्यवस्थ,43
यती,94
इसकेबाद,23
भूलेंगे,19
भिक्षावृत्ति,42
बलजोत,42
लड़ूंगा,24
चूकेंगे,24
छिनकर,7
ठाकुरों,42
कारिदों,40
डालिए,24
सिकुड़े,7
सीएनसी,40
डिस्पोजेबल,13
बावरी,170
सेवायोजक,166
यथाशक्ति,42
पुकारता,24
कब्जाए,166
ड्रामेबाजी,53
मर्यादाएं,39
निशीकांत,42
अभिमानी,39
पिंजड़ा,41
सूत्रधर,42
धुली,17
गजरा,29
नवजागरण,106
रतौंधी,2
महापरिवार,42
वंजारा,53
आवण्टन,43
लोकसेवक,43
त्रैवार्षिक,34
मुख्यारोपी,42
सरकी,40
प्राणायामों,189
प्रज्जवल,43
दुधारी,7
नरपति,46
नवासा,154
लीजिये,24
जब्बर,154
देवालिका,42
रमता,46
अंगुठियां,44
जीवंती,42
उड़नदस्ते,25
शरबती,17
हुल्लड़,53
आर्गेनाईजेशन,151
अंगुठा,44
मर्दिनी,42
माशूका,154
कंफेक्शनरी,13
संग्रामी,18
द्वंद,14
अंकतालिकाओं,34
चुकाकर,166
झंझटों,14
लिखाए,34
विपद,14
ब्रह्मास्त्र,25
जांचते,24
ऋचाओं,42
इंद्रियां,39
अक्ल,39
कार्यक्रमो,43
खुलवाते,24
भींगे,17
एनलाइजर,40
बरसेगी,36
प्रेमनंदन,42
संवेदीकरण,63
उछलते,7
जुमेरात,154
अजमाइश,24
उगना,17
चखनी,23
मुखे,198
भूतों,93
मालूमात,14
हर्षाेल्लास,42
प्रतिपादन,0
रूठी,154
कमजोरों,18
गुणवान,39
जिगरी,71
वानप्रस्थ,42
अध्यात्मिकता,18
मुचलकों,53
सामूहिकता,18
खेमें,18
रसना,36
चूजा,41
स्वारथ,46
भाइचारा,43
खड़ंजों,125
हरिद्वारी,42
जानदार,99
तीव्रगति,157
फोड़ना,7
खिंचवाकर,24
उपेक्षाओं,53
वैभवशाली,0
पैत्रिक,177
कुलवन्त,42
लापरवाहियों,53
तलाशें,24
सुनारी,156
निमिष,42
भुजाओं,44
उपमहाद्वीप,37
विद्याज्ञान,43
छात्रवृत्तियां,43
ढकेलने,7
गुलेल,7
जीवित्पुत्रिका,42
भौजी,197
किलाबंदी,25
पूजित,42
त्रिशुल,42
उपजाति,156
देनदारियां,166
आबादियों,156
दोहराएं,65
त्यागा,39
पुजारिन,42
मूर्धन्य,105
गहराए,19
फेसिंग,151
उछलकूद,53
संवर्गीय,43
औंकार,42
लहराती,29
इसकारण,24
स्थूल,77
कोऑर्डीनेटर,43
ब्रह्मचारियों,42
बीहड़ों,67
मुखारविंद,44
अस्तबल,41
दमतोड़,23
ड्यूटीरत,25
पीड़ितो,53
हानियां,0
चीखी,7
भारीपन,63
सांवले,36
ढ़ुलाई,196
गृहनगर,177
भोंदू,1
पूजास्थल,40
टिकटघर,43
स्वीटस,151
माधुर्य,36
आडू,17
खोपड़े,7
अघोरी,42
पत्थरगढ़,40
व्रज,42
जलजीरा,17
रूकना,67
गुलाबों,36
गालों,7
धर्मगुरू,42
मुखियाजी,43
चिढ़,65
उसमानी,154
हर्षप्रीत,42
भागदौड़,19
कॉर्निया,63
वनमंडल,43
किराएदारी,40
सासें,197
बढ़वाया,157
व्यापारमंडल,42
अभिवृद्धि,43
मंडलस्तरीय,42
कुरबानी,18
बैठो,178
महादंगल,31
भरीं,24
रफतार,157
नामवापसी,26
रुझानों,19
तल्लीनता,198
त्रिगुण,42
करनें,24
जगायी,19
कायस्थों,156
आंमत्रित,24
रसीले,17
तमाचे,7
परोसते,17
नियत्रंण,0
कातर,39
भगायी,24
बाणों,25
टाईल्स,17
स्वजलधारा,144
विक्री,166
विभागध्यक्ष,42
निस्संदेह,99
सद्विचार,39
नहरे,40
कटवाते,17
तंदूरी,17
फर्जीबाड़ा,53
छीलने,24
शिरोधार्य,39
अनंतदेव,45
अग्रलेख,34
प्रतिस्पर्धाएं,31
भंडारकर,112
कयाल,42
गीतकारों,105
ब्रम्हचारी,42
लंगड़े,93
हिसाबी,169
गर्दिश,36
पुरानों,0
ढहाकर,17
नदीं,40
सदस्सीय,43
लफंगों,53
कंघा,17
डिजाइनर्स,29
पोंगल,42
वार्षिकी,34
निकलो,178
विशालता,0
सोचेगा,24
दस्युओं,53
दिपावली,42
पूर्वोतर,37
सुखदेई,42
फटकारकर,53
पुस्तकालयाध्यक्षों,43
मेधावृत्ति,43
उमंगों,19
चटकाये,31
शोभायमान,42
अर्थाभाव,22
निखारें,36
महिनों,26
फिसलते,7
लुटाए,53
असभ्य,39
हेलीकाप्टरों,37
महोत्सवों,43
अत्याचारियों,53
मंजे,68
अंशों,113
स्पष्टता,0
आयकरदाता,166
प्रंबधन,43
सीमान्त,37
चिमटे,7
वैकुंठ,42
देवदर्शन,42
उपन्यासों,182
बंशराज,42
झुकेंगे,24
धरातलीय,28
खड़ामुख,23
नौवी,103
विराग,198
तालिकाएं,34
अनुदेशिका,43
हर्षोउल्लास,42
बकायादार,166
तैसी,24
भूलाकर,19
कांधे,44
तराशी,24
संरचनाएं,43
भिगोया,17
तस्करा,53
लोथड़े,7
छठां,103
हिंदूओं,18
बिछड़ी,154
सर्वेसर्वा,18
अनचाही,14
प्रतिष्ठापूर्ण,43
दूजा,46
नामदार,154
अयोजित,43
इंजेक्शनों,13
ज्ञानवान,42
करिये,24
मुनाफाखोरों,53
सूंघा,17
ड्रॉफ्ट,151
किनके,2
टोड़ी,23
सुंदरियों,82
धैर्यवान,39
शताक्षी,42
बर्बरतापूर्वक,53
संगठनमंत्री,43
व्याकुलता,19
बन्दोबस्ती,166
जलाता,36
सरगनाओं,53
निलबिंत,23
डण्डा,7
शोधक,13
अग्निकाण्ड,14
डाकपालों,40
नाभिकीय,12
पहुंचायें,24
निपटाएंगे,14
दिखायें,24
टोपे,194
ठहरेगी,24
राजगृही,42
भिड़ेगी,31
दौड़कर,7
गोपालाचार्य,42
सुभाषिणी,42
पिसी,17
असेवित,21
बख्शो,154
रिसकर,17
मोहल्लेवालों,40
अवधारणाओं,0
तीर्थस्थलों,42
पितृत्व,197
नलकों,40
बेताल,93
एचआरडीएफ,151
दौड़भाग,23
तलाशता,24
बहुपयोगी,0
लडकों,197
द्रव,12
जलसों,53
सेामवार,196
भैसा,41
काढ़ा,17
भौंरी,42
गदरा,170
हेल्पलाईन,53
बकायदारों,40
अबैध,23
दरकी,23
बारहसिंगा,41
गुदगुदी,65
कोकी,152
पंचयात,42
ढाह,40
बीएएलएलबी,43
चमचमाते,36
वनस्पतियां,98
महुए,36
पंचो,43
इन्स्टीट्यूट,151
प्रत्यंचा,25
लेतीं,24
महाजनसंपर्क,42
छूटेगा,24
बहुल्य,18
आन्तरिक,28
सीध,40
दैनिकी,189
द्विवर्षीय,77
गुदगुदाने,65
उस्तरा,17
इन्साफ,53
लतपथ,17
शक्तिपुंज,42
दुबली,44
खुबसूरत,36
बढ़ाने,157
कूची,80
योजनओं,43
यकृत,63
सूचनापट्ट,43
पहचानों,18
कीजिये,24
सुंदरवन,41
झुलसीं,36
छलावे,53
प्राध्यापिकाओं,43
रहेंगें,24
ढले,14
रंगोलियां,40
चुराता,24
नवासी,77
पुर्नविचार,43
कार्टूनों,182
कटवानी,17
सीनाजोरी,53
रामजनक,42
तहले,105
तवज्जों,53
विद्वतजनों,43
नापकर,7
रोगियो,63
सम्मोहन,93
प्रकाशमय,27
लुभावना,36
आत्माएं,74
जीवधारा,42
पडे़ंगे,24
कहलाएंगे,148
रामभद्र,42
प्रदशर्न,24
जन्मशताब्दी,42
प्रतिनिधिमंडलों,43
चौंतरा,42
चुनेगी,24
सबलोक,42
झरझरा,17
थामेंगे,24
सविनय,2
मौलवियों,154
मण्डियों,166
खर्चीली,166
नापतोल,121
स्वचलित,47
तकिए,7
दक्षिणटोला,42
सुखवासी,42
हिमगिरि,42
चौद्वार,40
दम्पत्ति,197
आर्किड,17
एसएफएल,151
तोतली,65
रोडवेजकर्मी,40
वाल्ब,40
जलाती,36
धंसता,40
ब्रह्मानन्द,42
पकड़ता,7
गिरवाया,40
आशापूर्णी,42
अड़तीस,77
चिपको,16
बहुसंख्यकों,18
आवगमन,23
मचेगा,53
रूपे,166
कुशलतापूर्वक,0
माहताब,154
बर्चस्व,11
डायनासोर,98
विचारोपरांत,43
पनवारी,42
शास्त्रार्थ,105
नस्लीय,18
मरेगा,69
पहुंचायेंगे,24
बांधेंगे,7
सैंडल,29
शान्तनु,45
शोभायात्राएं,40
दिलोदिमाग,44
महत्वता,0
जायके,17
सुविधाओ,43
गोलरहित,31
बख्शीस,154
लटकाना,7
कष्टप्रद,14
घण्टाघर,42
उग्रह,42
पीपर,17
राजधानीवासियों,37
विलुप्ति,6
रंगरेज,80
पथरीले,67
त्रिकाल,42
लडे़गी,55
बाइज्जत,53
जगेगा,19
मौखिकी,43
फरमाई,154
करवायेंगे,24
छींकने,63
ऐलिवेटिड,151
छोड़ेंगे,24
न्यूमोनिया,63
मुढ़ी,42
ऐहतियातन,53
आरामदेह,189
जन्मजय,42
घुमाव,28
गौमुख,42
डरावना,93
हैंडराइटिंग,80
प्रतिनिधियो,43
लांघते,11
निखरकर,36
अश्रुधारा,17
अंतगर्त,43
उपनिदेशकों,43
ऑर्थोपेडिक,63
पिलवाने,24
जीवनदायी,74
चरित्रहीन,39
सर्वोदयी,18
धर्मलाभ,42
मठाधीशों,42
टशन,75
पितृशोक,42
खिसकना,7
हितलाभ,43
लूला,93
महानिबंधक,43
परहित,39
विद्यालंकार,42
जिसकारण,24
साबूदाना,17
खिसकती,7
हाईटैक,151
शोरशराबे,53
मार्गाे,37
गाडि़या,40
खोजें,0
हेैं,190
करारे,65
शिल्पोत्सव,42
खलासियों,40
जुटाएं,24
छप्परदार,40
बाटों,7
प्रयागघाट,37
पथभ्रष्ट,53
आयेाग,195
प्रत्युत्तर,53
वानखेड़े,42
राजाभइया,42
आयकरदाताओं,166
मिलादुन्नवी,154
शवाब,154
नमोनारायण,42
प्रबोधिनी,42
पूर्वानुमति,43
विवाहों,197
दुर्बलता,63
लावण्य,36
करायीं,24
दहक,36
लॉलीपाप,24
अंदाजे,154
मजलिसे,154
विसंगतिया,18
सहजप्रीत,42
कांसे,185
भरमाने,53
बागबानों,40
अवयवों,0
जुटायी,24
ज्योर्तिलिंग,42
उम्मीदे,14
घटनाओ,14
उमदा,99
बालाएं,82
पीपीए,31
शौंचालय,42
कब्जाधारक,166
धनवती,42
सुनाएगा,65
ढोलकिया,42
चुकाएंगे,166
शिवकृष्ण,42
नियमविरुद्ध,43
बम्बे,42
पेशेवरों,105
न्यायपंचायत,43
अपाहिजों,18
वेशधारी,42
खटकने,24
गैजेट,122
लिपी,80
भ्याण,140
गैराजों,40
तोड़ना,40
आधुनिकरण,18
पुराई,42
पधारीं,43
झंडेवाला,42
जीयो,178
इन्स्पेक्टर,43
सामन्त,1
गृहसचिव,43
गवाएं,24
उगम,167
एकत्व,43
क्रोधी,39
अनिश्चतकालीन,0
तिली,17
निभायें,21
सहृदयता,39
ठोंकते,7
अर्थहीन,53
जशन,42
पैरामिलेट्री,25
तुझसे,154
भरणपोषण,21
देहला,53
सरदारों,156
झुग्गीवासियों,40
नोंचकर,7
खिसकी,7
प्रसिद्धी,99
फहराना,29
छेड़ी,55
मुस्तकीन,154
झोंकते,7
शोलों,154
रिपुंजय,46
मंझना,42
टेलीफिल्म,182
रामनंद,42
पूछेगा,24
मकरसंक्रांति,42
सुंदरम्,198
पछियारी,42
अर्ज,154
विवेकपूर्ण,0
बलिदानियों,18
भेली,17
बुद्धजीवियों,105
मुख्यतया,24
दुर्गामंडप,42
मालिका,34
शीशमझाड़ी,42
परागण,17
दिगभ्रमित,53
सुवर्ण,45
उजड़,40
नक्शेकदम,183
उजड़ी,40
कोणों,28
फंसेगा,7
कार्यनिर्वाही,43
जातीयता,18
अधिष्ठापित,88
आहृवान,100
बिखरेंगे,24
स्वागतम,99
चटाकर,7
अर्थों,97
चौसर,68
चढ़वा,23
स्वर्णिमा,42
सबकों,145
सामाग्रियों,22
खुंटिया,42
निरामया,198
नर्सें,63
पुर्णिमा,42
उजड़ते,40
प्रज्ञानंद,42
सुचान,42
अंपायरों,31
एक्सीलेटर,40
रंगीले,170
पोषकों,12
रिद्धी,42
लटकाये,7
थालियों,40
मूसल,17
सुधारकर,14
शस्त्रधारियों,42
दातुन,17
पानीटंकी,40
पुस्कालय,34
कंटीन,151
सिली,58
लक्षिता,9
धमरें,40
खुदवाई,40
हस्ताक्षेप,53
अनियमिताओं,53
चीखों,7
जखेड़ा,42
जाऐगी,76
नाचना,170
रिपू,23
लगायेगी,24
गरिमामयी,39
रतवार,42
हौंसलों,18
भक्ती,42
तंत्रों,43
विभूतियां,105
धधकी,36
छकाने,24
आंकना,24
समग्रता,0
इन्त़जार,19
छातों,40
सीमेन्ट,40
कथावाचिका,42
यास्मिन,154
जूड़ो,23
आद्य,0
कलाकारो,115
सुहासिनी,42
गुटके,13
मनभेद,14
अस्मित,42
यदुपति,42
अपराजित,27
पुरवइया,170
सामायिक,14
संकूल,117
मुर्हरम,41
डीवीवीएनएल,151
पाटीदारों,51
पर्यवेक्षिकाएं,43
कर्फ्यू,14
बायोटेक्नोलाजी,151
गाडी़,40
थानाघ्यक्ष,42
गद्गद्,19
इंटरवल,112
बंटाई,71
उजाड़ी,40
मंजीरे,170
निबन्ध,34
अविचल,39
जानेगी,24
बसवारी,42
राष्ट्रनिर्माण,43
बंटवाई,24
छलकने,24
छुपाना,24
भूकटाव,40
अटपटी,65
कानूनविदों,105
लकडि़यों,40
विकासकर्ता,151
थारी,46
इतालवी,37
संर्कीतन,158
इयरफोन,170
घोटा,7
नश्तर,17
नयनों,154
पसीजे,7
आओगे,178
चिपकाये,7
लाएंगी,24
भेजीं,24
जिलापदाधिकारी,43
सुधारनी,24
पॉकेटमारों,53
भाऊवाला,42
क्रीड़ोत्सव,42
लाइसेंसियों,34
सापों,41
उपमहानिदेशक,43
सर्वेक्षणों,169
जोड़ता,71
बरदाश्त,53
चीखता,7
शुभकामनायें,99
युगांतर,6
गिलहरी,41
पुनर्निमाण,6
टिंका,38
सोम्या,42
लोकजन,18
क्रेताओं,166
तड़ीपार,23
मरोड़कर,40
चिपकाना,7
पदाधिकारीयों,43
पुरुषार्थी,39
नशेडि़यों,40
घंटियों,170
दैत्यों,74
सीढी,88
कार्यालयी,43
मालिकी,166
एकाकार,198
अन्नदान,166
पश्चिमोत्तर,37
उपविधि,43
शंखधर,42
प्रखंडवासी,43
भक्ता,42
लौटाएं,24
बांधें,7
गटकने,24
पत्रवाहक,181
प्रंबधक,43
ठण्डे,17
पेशाबघर,40
खंगालनी,24
सकतें,24
लड़ाते,7
होर,20
गोरक्षकों,41
छटांक,7
भांगड़ा,170
नायलान,29
अभीष्ट,24
कर्मकांडी,42
गुरुधामों,42
विचारार्थ,63
हड़काकर,53
हमनें,24
सत्कर्मो,39
कर्माध्यक्ष,43
हथकड़ी,7
पायजामे,29
बेशर्म,53
प्रसूताएं,197
संग्रहालयों,88
दरिंदा,53
बहकाकर,53
बरतकर,53
सुबाहु,45
हाड़ा,46
पडताल,24
भाषायी,18
त्रिनेत्र,42
उधेड़ी,7
सवेतन,43
लीलो,23
भुवी,31
जिल्द,34
चिड़ैया,23
नास्तिक,39
मोरचा,18
सकरे,17
खटखटाएगी,24
बड़ाई,39
छायाकारों,151
रायफलों,25
अजनवी,154
गौसाई,23
धंसती,40
वार्ताकार,43
संभावितों,53
चाहूंगी,24
खरबों,77
लाडलियों,197
दुल्हेड़ी,40
पिछड़ती,18
निर्विकार,198
आंतकवादियों,25
दिलवाते,24
नन्दनी,42
फेरीवाले,166
जलाराम,42
फाक,75
अनुबंधकर्मियों,42
अॅाटो,58
तारू,46
झींगा,144
रसमयी,36
कुटिल,39
जमती,24
उल्लासपूर्वक,42
धारों,40
निर्माणकर्ताओं,98
स्वस्थता,189
ढ़ाबों,166
कब्बाली,42
दुगुने,157
अविवादित,105
लड़ेगा,55
खुंखार,53
नचाने,170
टाले,24
अपनायें,24
पंचायतस्तरीय,43
बचाइए,24
पवनपुत्र,42
लुढ़कते,7
एकछत्र,177
सुलगा,36
मटक,7
नकलें,34
सोखने,17
प्रियदर्शन,42
ग्रंथि,44
शंकाएं,14
कैरमबोर्ड,80
रस्सियां,7
मध्यस्ता,53
आशिर्वाद,99
सहनशक्ति,19
लड़कर,55
सुझाने,24
मेहनतकशों,18
अनीति,53
देनदार,166
नीलामपत्र,166
लगावें,24
दोंगो,42
वर्षाजल,26
कालबद्ध,43
अनुमानों,169
खराबियों,14
निखरता,36
बीमाधारक,166
कार्यानुभव,105
पसलियां,44
तलवा,7
प्रचुरता,119
अहिंसात्मक,53
खस्ताहाली,14
जुझारु,18
सादगीपूर्ण,39
आयतें,154
चमकेंगे,36
त्रेहान,42
कोल्हुओं,166
मांसपेशियां,44
लांगुरिया,170
लगवाएगा,24
ट्रासफारमर,40
स्लॉट,164
जलसंचय,40
गुरूर,39
तितलियों,41
अब्बासिया,42
सतासी,77
पुतना,46
ऊबी,24
टहलता,7
गुच्छी,7
डीपीएन,42
फलियों,17
कैम्पों,40
छिड़ककर,17
नग्नावस्था,24
घनचक्कर,93
लाईनें,40
उच्चविद्यालय,43
मालिको,166
सिरकटी,69
लौहार,156
ज्योत्स्ना,42
तिगुना,157
सफलतम,99
पदाधिकारियोंने,43
खोखाधारकों,40
धर्मप्रेमी,105
तिहरी,147
जनसंगठन,18
कैमिस्टों,43
परमार्थी,43
सूबों,37
नवविवाहिताओं,197
लेनेवालों,24
सेल्यूट,25
शामियाने,40
इंदुमती,82
अमृतमयी,74
इलजाम,53
दुर्दिन,53
कुचलना,7
आनाजाना,176
सत्,198
भोगों,39
तमतमा,7
लुभाई,170
दियों,36
सुपुदर्गी,151
चहरदीवारी,40
अंधड़,36
कटाना,17
केशरिया,29
राज्यपालों,43
ऐनकें,23
भंगिया,170
जिर्णोद्धार,43
मजरूल,154
श्रृखंला,34
जलमीनारों,40
पालिस,166
गर्ई,23
मोहिता,42
औषधालयों,63
सहोदरी,61
अनमने,24
परिचारिकाओं,21
हांका,7
फेरो,146
गुरूओं,42
मानवों,0
ट्रांजिस्टर,163
डिप्लोमाधारी,43
ग्रंथियों,44
नागदेवता,42
सुलझाएंगे,14
उपसमितियों,43
बुंदिया,42
सरणी,73
शिवाशीष,42
रूठने,154
डाक्टरेट,43
संश्लेषण,12
पश्मीना,29
मिटाएं,11
होलिकादहन,42
चूडियां,40
नेस्तनाबूत,40
उधेड़,7
कूपनों,166
छटने,53
अंतरसदनीय,43
लिखाते,34
पशुचिकित्साधिकारी,43
उत्पादनों,166
राजधर्म,45
अड़ा,53
मुख्यपथ,42
तीर्थों,42
पुतान,42
पद्मविभूषण,30
प्रोगाम,151
इश्योरेंस,151
तिरस्कृत,53
खप्पर,29
खतौनियों,42
देवेश्वर,42
सरकने,7
अपसंस्कृति,18
सेवईं,17
अतिपिछड़ी,18
फैंका,7
त्राही,14
उद्येश्य,43
फूलदान,29
उठाईं,24
चढ़ायी,29
धूपबत्ती,17
पैथालॉजिस्ट,63
बाजारें,166
लोकगायिका,105
भुलाए,19
निशानियां,11
चूँकि,24
घूमर,170
खंडहरों,40
टनों,40
लदने,23
दबाये,44
सिसकती,7
बरकात,154
द्रोह,18
बंधवाई,24
किडनैप,53
हिस्सेदारों,166
अनुकूलता,14
उच्चपथ,37
कुमारों,197
चलवाए,24
गरजते,36
उल्लासपूर्ण,42
अविद्या,14
भगौने,17
चक्करों,93
जलजले,53
पालती,69
बतियाते,19
परतों,28
सुकोमल,36
रियासती,166
ग्लानि,53
जिंदादिली,39
छांटकर,24
छली,39
तस्वीरे,24
राजदार,71
फटकर,17
प्रतिस्थानी,43
वादकों,170
गुजारेंगे,19
जेंटलमैन,151
उतरूंगा,24
ठाट,168
जिम्मदारी,21
बॉलीबाल,31
वादविवाद,53
रूढ़ीवादी,18
भगौना,17
रूदन,7
बिताएं,19
चुरायी,24
जलवाये,24
परित्यक्ता,18
चस्का,53
रेशे,17
सुखाना,17
सर्वसम्मिति,43
धर्मावलम्बियों,18
ठुकराई,53
दिल्लीवासी,37
उगरा,23
नुस्खों,24
धर्मपरायण,39
किसमती,2
बंकरों,25
भाए,46
हार्डडिस्क,151
चाहरवाला,42
सलोना,170
विराजी,42
चिपकने,7
हाड़,44
सर्वण,18
चुटकले,65
चरणामृत,29
दीवाला,166
परियोजनाधिकारी,43
तथापि,24
सदाकांत,42
मुस्कुराने,65
काटेगी,24
मकरासन,189
जातकों,130
षष्टी,42
भूतकाल,0
उड़नखटोले,7
श्रीपद,42
याराना,71
नवदंपति,197
कड़की,36
उगलता,36
कबीले,156
पंड़रीकृपाल,42
झुलसाया,36
सिद्धियां,42
नकारात्मकता,0
मानचित्रों,169
झुकता,44
लावण्या,42
जीवनवृत्त,34
लकीरे,44
लदवाकर,24
विशिष्टजनों,0
प्याले,17
ब्रह्माश्रम,42
आश्रिता,43
बंबू,17
नवजवानों,105
रिक्शाओं,40
पिछड़ेपन,18
भक्तियाना,42
फ्रांसिस्को,8
सेवाकालीन,43
आकस्मिकता,14
चूमा,7
छापकर,34
श्रृंखलाओं,34
जगनायक,42
अनूसूचित,43
प्राधानाध्यापक,43
सम्पादन,34
मासूक,197
नवजन्मे,177
तामकोट,42
हंसती,65
अभियन्ताओं,43
घूप,36
वैद्यनाथन,42
गायी,170
उड़नदस्ता,25
आत्मसर्मपण,7
कुचलों,7
अन्नप्राशन,42
अनुजाति,42
रुही,42
कायार्लय,43
निशक्तजनों,18
हीटरों,40
ग्लोरियस,8
सींगों,44
बहिनों,197
ज्ञापनों,43
कृष्णपक्ष,42
चढ़नी,29
कूंचकर,7
केंटीन,151
सुलगी,36
हांफती,7
सेवायोजकों,166
नेत्ररोग,44
रिलांयस,151
समांतर,28
पंचायात,43
पिचों,31
ढपली,170
आमलेट,17
आचारसंहिता,43
पोंछा,17
बोधिसत्व,42
केंन्द्र,43
कन्याधन,197
इकरारनामे,53
़फरवरी,196
बदनियती,53
झोके,36
छुड़वाने,7
सर्वकल्याणकारी,43
अपीलें,53
छात्राओंको,43
उठवाई,24
सभाराज,42
अनापशनाप,53
मंत्रिमंडलीय,43
टपकना,17
रौंदती,7
सप्तर्षि,42
चुकती,24
बोलेगी,65
कॉलगर्ल,197
सुधारानी,42
बीसवें,103
रगड़ते,7
रुपहले,36
बिगडे़,14
अंगोछे,29
अखरती,24
विधानाचार्य,42
डिगंबर,42
पड़नेवाले,24
वाईपास,40
गोरक्षक,41
हैजे,63
इजीनियरिंग,151
प्रेमिकाओं,105
असमिया,37
उगाएं,17
निशक्तता,18
बेचनेवाले,24
योगियों,42
बहाएंगे,17
लांसनायक,42
पदावनति,43
गगरी,17
मस्जिदे,154
बुझाता,36
विपश्यना,42
अयोध्यापुरी,42
पंगोली,42
घरवाली,197
लट्ठे,17
समानुपातिक,169
मुकुंदी,42
प्रेमपूर्वक,42
हवाहवाई,53
कार्ययोजनाओं,43
चुटकियों,24
ब्रह्माोत्सव,42
महामंत्रियों,43
भिड़ाने,55
तबज्जो,53
तोड़ियां,40
दिव्येंदु,42
थपेड़ों,36
मुहरें,40
छपकर,34
बालविकास,43
भोलेबाबा,39
प्रज्ज्वल,43
बन्धक,61
ताजियेदारों,154
पूर्वाेत्तर,37
फार्मसिस्ट,43
कर्मक्षेत्र,45
फरमाएं,154
रोजगारों,166
योग्यताएं,43
प्रदेशवासी,42
पशुक्रूरता,82
शिकायते,53
कुशलवीर,42
ब्लॅाक,20
धानों,40
बचायें,24
टटोलते,24
सांयकालीन,26
समुद्रतल,10
विध्यांचल,37
रोड़ियां,40
भेदन,7
टंकिया,40
बापूजी,42
लक्ष्मीपति,42
अड़तालीस,77
अनुदेश,43
सौतेलेपन,53
बजर,170
आंगणन,43
वसूलेंगे,166
प्रस्फुटित,11
झुकाते,44
नवस्थापित,43
ग्रंथालय,34
थिरकन,170
छटपटाती,7
पथिकों,67
क्षमतानुसार,139
परमदेव,42
हथियाई,166
प्रबधंक,43
कानूनगों,43
सविस्तार,0
अरुंधती,110
लांघी,11
साबूत,17
ब्रिटिशकालीन,18
पीठाधीश,42
बिठवाना,24
राइफलमैन,25
वनरोपण,43
कूड़ाघरों,40
लट्ठमार,42
जुड़ना,71
वीणापाणि,42
फसी,75
बंजारे,156
आलसी,19
उड़ानों,37
कीड़ों,17
बघौड़ा,42
जीन्स,29
ठंडापानी,42
पुर्नस्थापना,43
मोच,44
देवीमय,42
पदमिनी,42
स्तरोन्नयन,43
बचो,178
छौंकर,17
छड़,7
टूटेंगे,24
गुनगुनाया,170
खरास,63
पाईपों,40
दबाएंगे,44
सुरूचि,0
आत्मन,74
कुसंग,39
भेजेंगी,24
़जहर,42
चक्कियों,17
रणबांकुरे,18
टूटीं,7
बौखलाये,7
कलियां,36
लिपिबद्ध,22
बछड़े,41
आन्दोलनकारी,18
चुल्लू,144
गाडिय़ां,40
भष्टाचार,53
आत्मदेव,42
आशानंद,42
उफनाती,40
कार्यसूची,43
गन्नों,166
वानरों,41
बिगडऩे,14
बक्शीश,154
गंगाघाटों,42
गाढ़े,36
हथेलियों,44
जटाओं,41
उद्घोषों,170
ठिठके,7
जूझा,42
इंस्टीट्यूशनल,151
विभागाध्यक्षा,43
टिमटिमाते,36
बनवाता,24
लुभाते,170
छुड़ाकर,7
धर्माधिकारी,18
अधीशासी,43
बंटते,71
वाहिनियों,42
अर्धसरकारी,166
सहृदय,39
स्नेहाशीष,39
बरुण,42
पगली,154
घुमाता,67
नम्र,39
मानावाली,42
गरजीं,23
रिवर्ट,151
कार्डियोलाजिस्ट,63
गोपीकृष्ण,42
रुग्ण,18
भिट्ठी,54
बेपनाह,154
समालोचक,105
उपजिलाधीश,43
नौसैनिक,144
लदकर,23
तसवीर,24
खुतबे,34
चुहिया,41
बागड़ी,42
वृन्दा,42
राष्ट्रधर्म,39
चकरघट्टा,42
पोसी,52
मेजें,7
संवारते,36
पतंगबाजों,7
आयातकों,166
सेंटाक्लाज,173
बकायदे,24
विवादस्पद,53
मही,46
यहूदी,18
इंफॉरमेशन,151
धड़कनों,44
बारिकियों,0
ऐलोपैथिक,63
हरिप्रिया,42
समस्यायों,14
सिलिकॉन,57
संट्टेबाजी,53
आव्हान,18
जटिलताएं,14
मझली,197
भगीना,42
संख्याओं,136
ऑब्जेक्टिव,151
भारतवंशी,37
पर्यायवाची,97
फितूर,93
बदी,154
हेै,190
लडे़ंगे,55
लगाइए,24
संधाली,42
कहंा,23
धड़ाका,53
धनावंटन,43
बाडे़,23
अविभावक,43
अदरख,17
अविराम,0
चिल्लाए,7
अर्वाचीन,0
कूड़ादानों,40
कर्मदेव,42
लाइए,24
परस्थितियों,14
छुट्टंी,26
गण्यमान्यों,43
हवायें,36
प्रामाणिकता,0
संस्तुत,43
चिकित्साधीन,63
करुणामय,39
संग्रहकर्ता,22
बांसों,17
जलाधिवास,42
भौंरों,36
सहूलतें,43
मण्डली,105
रामझूला,7
सुताना,42
वेदियों,88
ठोकते,7
संपर्को,43
हृदयनाथ,42
डलवाते,24
पन्नियों,40
चॉबी,23
एंडोस्कोपी,63
असरफी,154
उपनियंत्रकों,42
चिन्हि्त,0
बताइये,24
बनगाव,60
नवमनोनीत,43
दागीं,25
मारीं,7
कैंथा,42
खिलाता,17
भारतभारी,42
सरंचना,43
गुरुदक्षिणा,42
तौलिए,17
अवरोधकों,2
रामज्ञान,42
टहलकर,67
बकाएदारी,166
परिसंपत्तियां,166
मनोचिकित्सा,98
गलाकर,17
चंट्टोपाध्याय,42
बिगाड़े,14
शांतिदूत,43
त्यागराज,42
हल्लाबोल,53
शत्,100
दक्षिणायन,42
पुश्तों,177
पेटिकाओं,43
बंदूकधारियों,25
लोडकर,42
मुहल्लेवालों,40
शिविका,42
फाड़ने,7
पेंचीदा,14
चासनी,17
समर्था,198
पुड़ी,17
हारेगा,55
सुफिया,154
चौपाइयां,42
कमाओ,178
धर्मान्तरण,18
क्रांतिवीर,18
ध्वजाधारी,29
उच्चाधिकार,43
गलकर,17
पहनता,29
धधकते,36
बिखरती,7
इमरजेन्सी,63
खरंजे,42
बांटो,71
भोलों,40
विजयदीप,42
लोगाें,40
हटीं,23
रखेगें,24
बढ़ायेंगे,157
बनवाएगी,24
सोखता,17
मिट्टू,42
टकराता,7
एल्युमिनाई,42
चक्रवृद्धि,166
मुंगफली,17
याचक,18
नवधन,42
भिंडा,42
पाऊडर,13
इलाइची,17
बालभवन,23
वाहनें,40
वज्रवाहन,42
बुगी,23
सीया,170
ढूंढी,24
तलों,28
श्रद्वालु,42
माँगों,43
मिठाईया,17
गुरने,38
संचेतना,0
प्रतिपक्षी,18
ख़ुशी,19
तलबगार,154
महीनो,26
स्वनिर्मित,18
लाभदायी,0
यशवन्त,42
ननदों,197
संस्थानो,43
अलापते,170
इकोनॉमी,151
बटने,71
पंतद्वीप,37
लतीफशाह,42
थमेगी,24
उखड़ती,7
तुलवाने,24
निर्गमन,43
छात्रोपस्थिति,42
विवेकी,39
बंटाती,71
सर्पो,41
कुमाता,74
मध्यावकाश,42
दुलर्भ,0
मुड़ना,7
सिक्योर,151
व्यावसायीकरण,18
कंप्युटर,151
पोंछे,17
पूछेगी,24
मालखेड़ी,42
इकतीस,77
मसरूफ,154
जीवनवाला,42
बहायी,144
हमसब,100
जीवनदायनी,74
फौव्वारे,40
सोनबाद,37
कान्ति,27
गडबड़ी,4
पेजों,34
लालीपॉप,24
कार्यक्रमानुसार,34
कुशलपुर,42
महापरिषद,43
उत्कंठा,19
कबाड़खाना,40
कुलचे,17
बरदास्त,53
गाछ,17
लुभाती,170
ठिठुरना,36
विवरणों,34
धकेलना,7
व्रजपात,42
तुड़ी,7
डाकिए,40
भभक,36
करहा,7
जगनी,23
लेंगें,24
गुणवत्तापूर्वक,43
सजेंगे,24
पदाधिकरियों,43
उम्रसीमा,43
महात्मय,42
अप्रसन्नता,53
चपकी,23
सूचनाधिकार,43
हथनी,46
सेवईयां,17
स्मॉग,36
डाक्टरो,63
फेकेंगे,7
पातालपुरी,74
बाललीला,42
खास्ताहाल,14
बुधानी,42
रविवारीय,34
अक्षयपात्र,43
लुटरों,40
सिद्धान्तों,0
टालती,14
कहारों,40
सिन्दूर,29
राष्ट्रद्रोही,18
दिशासूचक,0
उवाच,198
रिहाइश,40
लदवा,23
सुविधादाता,43
छूमंतर,24
लफ्ज,154
केंचुए,17
ईंटा,23
गड़बड़,14
जोड़िया,40
सुलगता,36
ज्ञानसरोवर,43
दारी,154
रसों,83
सोलहवें,103
आहुतियों,42
भोलेशंकर,42
प्रत्यावेदनों,43
इक्ट्ठे,24
पूलों,144
वैबसाइट,151
पथनी,42
संयोजनों,0
कहेंगी,24
किसमिस,17
तारघर,176
अनुशंसाओं,43
बनोगे,178
महासिचव,42
कनफेडरेशन,2
प्रतिनिधिगण,43
सार्इं,42
शस्त्रधारी,42
उठायेगी,24
फरिश्तों,74
बिन्दी,29
वस्त्रम,29
बढेगा,157
पिलाएगी,17
खासबात,190
जिलाविद्यालय,43
महाजुलूस,42
सयाना,39
कतरने,7
होनेवालों,24
धसकने,7
सेबों,17
फांसने,7
डिंगा,42
ताबड़तोड़,53
सड़़क,42
शार्गिद,154
वृद्वि,157
अनिर्वाण,42
अमरत्व,74
कसती,7
जीतनी,24
दीजिएगा,24
कृष्णाष्टमी,42
सुखाते,17
अनसूचित,43
गलतबयानी,53
बिस्मिल्ला,170
लालकुआ,42
दुखदर्द,53
जीवनरेखा,144
गवाई,19
जलप्रवाह,14
गिनते,24
अधिगृहण,166
डायटीशियन,63
जोशियान,49
जागेगी,19
एवम्,43
बरातों,40
हटों,58
वैधानिकता,53
बचकाना,65
बैट्रा,40
अलावां,108
मोहमाया,39
समाजोत्थान,43
पावे,46
हरिचैतन्य,42
सराफों,166
रखूंगी,24
मशरूर,17
त्रिकोणासन,28
अंत्येष्टी,69
बोनसाई,17
हालमार्क,151
चोटीवाला,42
भुईंया,23
ट्रांसफॉर्मरों,40
पेजर,151
सकरिया,42
कुम्भकार,37
कंजर,156
फोड़कर,7
मर्दाना,197
मुलजिम,53
लालों,166
सचेतना,0
लवणीय,144
सेवामुक्ति,43
सुमंगल,42
मराठे,42
जीवटता,18
लिखवाएं,34
बटोरते,24
डायरियां,34
बुद्धजीवी,105
भापते,7
मुड़,24
शास्त्रियों,98
खटखटाए,24
विभिषिका,14
स्नानादि,42
गंगास्नान,42
फांकने,7
क्रियान्यवन,43
बंजारन,156
कियागया,24
पंचवीर,42
बतलाते,24
कैमीकल,13
बुलवाई,24
बढि़यां,29
पायस,172
नुकसानों,0
गिलासों,17
नृप,46
धरकर,7
मांगेगे,53
अनुदानों,43
मजूदरी,166
गुर्दो,63
दिल्लीवालों,37
कॉरपोरेटर,166
उड़द,17
आगन्तुक,105
मंत्रीगण,43
ब्वॉयलर,40
रामधार,92
धमनियां,44
बरसो,26
फूटता,7
चंद्री,42
दिलवायी,24
सामंतों,166
भागीं,7
छूरी,7
आदिबदरी,42
मारपिटाई,53
सम्पुष्टि,43
बृद्धि,157
परखें,24
पिंजरों,41
चौपालें,43
जर्बदस्त,53
मदिरापान,13
वृत्तियों,53
पद्मासन,189
सौम्यता,39
रिपेार्ट,43
समानताएं,18
कम्पोनेंट,0
गुठलियों,17
कोड़े,7
घुलकर,17
संट्टेबाजों,53
टोकना,24
प्लाजमा,13
विस्वा,51
कराटेकार,31
सुनाली,42
उजाड़,40
लोकसेवकों,43
आजमाईश,24
विधार्थी,43
प्रेमालाप,105
प्रवाल,42
फासफोरस,12
अल्पावधि,22
जालिमों,154
जलगाह,42
कमांडेन्ट,25
अक्रांत,42
मखाने,17
जोशो,154
बूथो,43
यज्ञकर्ता,42
भयहरण,42
निकालेंगी,24
जुगनु,154
रेडियंट,90
कुमुदिनी,36
प्रचंडता,27
मैकाले,18
नृत्यांगनाओं,105
तेहरवीं,103
पद्य,34
मैनहोलों,42
सम्प्रेषण,181
मशीनगन,25
नाटिकाएं,42
भजनोपदेश,42
यत्नशील,24
ठण्डा,17
अनेको,77
मलमल,29
जीएं,19
अर्थिंग,40
पहननी,29
चतुरानन,46
ढ़ाबा,67
परफार्मेंस,112
दुखड़ा,7
कथास्थल,40
सम्माननीय,39
प्रश्रनेत्तरी,42
लटकना,7
ऊभा,23
आँखों,44
असहिष्णु,18
साइटें,151
व्याख्यानों,43
जलक्रीड़ा,42
जूझकर,14
कलाकंद,17
फोरन,75
तसव्वुर,154
एनबीटी,34
चपटा,28
अष्टांग,42
मांफी,53
बढ़ा,157
हटाएगी,24
वेशकीमती,185
ब्रह्मभोज,42
खोंटा,42
वार्ताओं,43
कतरों,17
सम्प्रदायों,18
परिक्रमार्थी,43
दहेजलोभियों,197
केबीच,11
उखड़नी,7
न्यायामूर्ति,53
दुर्गुण,39
रोजगारोन्मुख,166
रामानुग्रह,42
प्रधानमंत्रित्व,43
ज्ञानस्वरूप,42
डब्बों,40
पछताने,24
हीनभावना,53
चटखारे,17
पीरपैती,42
महानिर्वाणी,42
आतिशबाजों,25
सुखदायी,0
आर्मरी,25
बैडमिन्टन,31
दौड़ाने,7
नगाड़े,170
पिलवाएं,24
शेखों,154
बजेंगे,24
शोभायात्राओं,40
सामंतो,166
प्राणिउद्यान,98
पेचिस,63
धुलवाए,17
घुमाना,67
भवर,40
हालतों,14
टिंडे,17
लताफत,154
राजयोगी,42
अधिपत्य,11
खड़ीं,23
रस्ता,67
म्यान,7
पशुलोक,144
प्रतापी,39
हवाईयां,40
प्रेक्षण,105
जजमान,42
धमकने,7
प्रांजलि,42
आत्मसुरक्षा,43
अर्षदीप,42
उदगम,106
असीमानंद,53
यूएसबी,151
लीजधारियों,42
रूमाली,17
गंडासे,7
दुखनिवारण,43
लीले,41
वृक्षारोपन,17
कार्यवृत्ति,43
अग्रेंजी,49
घिसाई,91
अधिनियिम,43
चिडि़या,41
निवेशों,166
रूढि़यों,18
इप्लाइज,151
जनवासे,40
दशावतार,42
गृहक्षेत्र,37
उपप्राचार्या,43
लड़ाने,55
अजूबे,0
बधाईयों,99
बजरिए,24
झाझ,23
लुहानी,42
हरिकथा,42
जांचेगी,24
अराध्या,112
धर्मप्रेमियों,105
धकेलकर,17
बिटौरा,40
तीर्थकरों,42
पौधशालाओं,43
उड़ाये,7
सवाली,154
लिखूंगा,34
चटपटे,17
जिलाध्यक्षा,43
दिक्षा,42
गांधीवाद,18
नीलों,42
जलपथ,144
नाशकों,17
पिसे,17
युगपुरुष,105
तकरीरें,53
कुषाण,187
अंतरविद्यालयी,43
अनिर्णय,14
तगड़ा,53
जलसार,42
मजलिसें,154
कांडो,53
सहिंता,43
मानधाता,42
मूर्खता,39
मध्यवर्ती,0
डिग्रीधारियों,43
गुठली,17
खिलखिलाते,65
बुलाओ,178
नेवला,41
नबालिग,53
बघारी,7
जेलकर्मियों,43
बुड्ढे,197
पजामा,29
रोपना,17
आस्थाओं,39
मनोरोगियों,98
पगबाधा,31
हमशक्ल,112
एच्छिक,43
ऊंगली,44
नाईट्रोजन,12
झुठलाने,53
झगड़ों,14
चुटकुला,65
योगिक,12
घूरेलाल,42
परिचयात्मक,34
फलो,17
टयूमर,63
पदचिह्न,183
पल्सपोलियो,63
मंगलमूर्ति,42
किरायेदारी,40
आयतों,154
स्वार्थों,43
माँगने,53
पहरेदारों,21
बनाऊंगा,24
हिचकेंगे,24
पदधारकों,40
दिलायें,24
लगनशीलता,39
डुबा,144
तोड़ें,40
हटवाएंगे,24
सर्वानुमति,43
घूमेगी,67
लड़ाकों,25
बीमाधारकों,166
रुंधे,7
टोकाटाकी,53
प्रतिबिंबित,0
तलाशेगी,24
अनारदाना,42
कटीली,17
अपच,63
दवाखाने,63
मनुस्मृति,45
सदमार्ग,37
सताते,53
रविकरण,42
फटकारने,53
सप्तकोसीय,42
प्रस्तर,40
पकड़ाए,24
भेदते,7
झुलाने,7
गारण्टी,16
सिरहाने,7
हाे,190
ऋषिमुनि,42
तदोपरान्त,139
सचेतनता,0
मंदहाली,42
चलानेवाले,24
नवकिशोर,42
गाड़,29
पोंछ,17
दिलबागी,42
तिकोनी,28
जिठानी,197
कुटे,17
प्राप्तांकों,34
बहिर्गमन,43
टिकता,67
समहर्ता,43
तालेबंदी,25
आलेखन,0
घोंघा,17
सूचीकरण,0
जागेंगे,19
नसीहतें,53
जनप्रतिनिधित्व,43
विलेख,166
खड़क,42
सत्यनगर,42
चिंह्नित,43
दानेदार,17
मांगटीका,43
मिलूंगा,24
छटाक,7
कहलाना,148
सूझी,24
दिव्यांगता,18
मेहराब,40
निदेशालयों,43
अखरने,24
व्यपारियों,166
हाहाकर,53
जॉच,24
गुंदियाना,42
पढ़ेंगी,24
बिखेरेंगी,36
महकता,36
तमंचाधारी,25
पूरित,39
सेकेण्ड,26
विश्रामघाट,43
कुकृत्यों,53
सूरते,14
सुखनाथ,42
सुस्ताने,7
पौबारह,23
मध्याह्नं,42
अभ्रदता,53
जानीमानी,105
मुद्रास्फीति,157
हवनयज्ञ,43
कृपापात्र,43
गडवासू,42
कथनानुसार,139
लोकअदालत,42
मुखबरी,53
धनसारी,42
पृष्टि,0
बर्षीय,77
महिलाओें,43
इक्टठा,24
आर्शीवचन,99
विकलांगजन,18
बगड़,23
खजानची,22
अंहिसा,39
दीयां,40
दुनियादारी,42
क्रियान्वन,43
पंखुड़ियों,36
बंटाना,71
घटयात्रा,37
तश्तरी,7
उफनाए,40
यज्ञमंडप,42
व्यग्र,19
ठोके,7
शिक्षादान,43
गुनिया,42
अल्पता,63
यतीमों,40
पकड़ाई,24
स्कुल,151
गायिकाओं,105
जनश्रुति,60
धर्माध्यक्ष,43
हंसली,109
तर्जनी,44
मजहबे,18
पढ़ाई,24
प्रगाढ़ता,71
जयमंगला,42
लोकपर्व,42
टकराना,7
विश्वदीपक,42
नेपथ्य,11
दड़बा,23
वीरगाथा,182
सेवाकार्य,43
बुद्धिमानी,39
स्काउटस,42
कथावाचकों,42
प्रक्षेत्रों,37
विभास,42
बालीवॉल,42
पीढि़,177
पेन्शन,16
संचालनकर्ता,43
घिसटने,7
बन्दोबस्त,166
टेकना,44
गुलामों,18
बछडे़,41
गृहयुद्ध,6
संतृप्तीकरण,43
भगोड़े,53
सपड़ी,111
लुटते,53
स्वतन्त्र,18
चुलबुली,152
उद्यानीकरण,43
रुलाती,24
बरसातों,36
निम्नतम,0
आकांक्षी,105
लड़वाने,24
बुद्धराज,42
तोड़फोड,53
बैराजों,40
चिपकाई,7
हैवानों,53
दमकलें,25
सैकड़ो,77
अंधियारे,36
दहाड़ें,7
उतारता,29
हटें,7
सुलाकर,7
पैथोलॉजिकल,151
सम्पन्नता,0
नक्काशीदार,40
सहसमन्वयक,43
घनिष्ठता,71
अभ्यावेदन,43
अन्नाधिवास,42
छुएं,44
परोसना,17
आरक्षकों,43
बटेंगे,24
हवाईअड्डा,37
चमगादड़,41
सितबंर,26
कुल्हा,7
उद्यानिकी,43
पहुचीं,24
कैलेण्डर,34
अलि,154
डिपोधारकों,40
विरानी,19
कबूलते,53
प्रभावहीन,18
नाइटराइडर्स,31
अजमानतीय,53
जलधारी,144
पुकारती,24
बाध्यकारी,53
मशरूफ,154
घुमंतु,156
प्रतिभागियो,31
लुटेरी,53
सिकुड़ा,7
खुशमिजाज,39
आवाक,19
पट्टिकाओं,88
धकेलते,7
सर्पगंधा,17
सामारोह,42
ओजपूर्ण,0
गजराजों,41
चक्कों,40
सरकड़ी,135
सेनाएं,25
उर्वेश,42
भगवाध्वज,29
ठोकेंगे,24
महारो,42
तदुपरान्त,139
मरुस्थल,10
आलाप,170
भभूत,29
पश्चिमपुरी,42
पचवान,23
भड़कती,53
वाहनी,42
सर्वदीप,42
चरित्रहीनता,39
जरुरतें,43
निर्वाचनों,43
कामचोर,53
सहस्त्रधारा,42
सूतफेनी,17
डालेंगी,24
वंदनवार,36
कोठों,53
नृत्यकला,105
अम्लीय,12
एेसे,190
वॉर्डन,151
हबीबा,154
कर्तव्यबोध,18
जनातियों,197
जिएं,19
व्यक्तिकी,42
बहदुरी,30
ठुकराए,53
तारामणि,110
नेत्रजन,42
कुरमुरी,17
कलपुर्जो,40
संकेतांक,0
अश्रुपूर्ण,17
खोलेंगी,24
मानको,43
नवकांत,42
दुर्घटनायें,14
प्यासों,154
बालकरूपी,74
भगवंती,42
चमकाना,36
प्रकाशनों,34
करिश्मे,93
पतंगबाज,7
खायेंगे,24
जनसंहार,53
बोलोरो,42
बुलवाने,24
तसले,17
गहरायी,144
चढ़ेंगे,29
रुलाएगी,24
सिमों,38
ग्राहको,122
पर्दो,36
भरथल,23
बुनना,7
बुलबुले,17
स्लाइडें,40
यायावर,34
भरवाएंगे,24
सर्वेक्षित,169
धराई,46
महाव्रत,42
चारापत्ती,42
प्रतिकूलता,14
सेवासदन,42
पर्वतमाला,10
धड़कता,44
स्वास्ति,42
मृत्युलोक,74
लिखाना,34
सुसज्जिात,181
विद्यार्थीगण,43
आदर्शवादी,18
पकड़ना,7
अनुस्मारक,34
सिटकनी,24
ताजातरीन,53
़खुशी,42
खोदवाकर,24
प्रंसग,43
कीर्तिवर्धन,42
अंजला,42
सर्वराज,42
अस्वच्छ,40
राहगीरो,40
आनेवालों,24
द्वेषपूर्ण,53
मानवेल,42
रंगमंचीय,105
थोथा,145
लकीरों,44
आत्मग्लानि,53
छात्राध्यापकों,43
मदिरालय,13
चर्खी,7
घिरती,19
तिलकूट,17
बजानी,170
तोहरे,75
सबली,23
आऊंगी,24
मोटरबाइक,40
पद्मलोचन,42
पत्तो,17
उपलब्धी,99
अग्निपथ,112
मुक्ताकाशीय,40
उमड़ेंगे,24
चिपचिपी,17
व्यवस्तता,19
निरीक्षिका,43
बनवाओ,24
आविर्भाव,106
लहलहाएगी,17
पूछीं,24
इन्द्रियों,39
वाचकों,42
फूलती,17
धर्मयुद्ध,18
अवन्तिका,45
हथौड़ा,7
नंबरदारी,42
खिंचता,24
जायकेदार,17
करमुक्त,166
गढ़ाए,24
उखड़ने,7
कांवडियों,40
बेहताशा,157
फब्तिया,53
सदगुणों,39
छत्रधर,42
चुम्मन,42
युविका,42
कायत,137
आषाढ़ी,42
करूणाकर,42
काशीनरेश,42
तरासने,23
चपरासियों,43
परखकर,24
काग,46
सुनाओ,178
सर्वप्रिय,105
शूद्र,156
मकसुद,40
छिपाये,24
जनप्रतिनिधयों,43
महादानी,43
पलटना,7
मिनार,40
अंचलवार,43
परदेशियों,154
कहुआ,42
पनपना,11
माईनिंग,151
अनुप्रयोग,151
प्रदुषण,12
यूनिकोड,151
संवर्धित,0
जलधार,144
अभागे,69
चौड़े,28
डांटना,53
हंसमुखी,39
श्रीभागवत,42
जेलें,53
मोरमुकुट,42
महफिलों,154
भृकुटी,44
निरिक्षक,43
बेंचना,166
धड़कन,44
चरमसीमा,5
छुड़वाया,7
गणतन्त्र,18
चौराहो,67
उतरेगे,24
बेचेगी,166
प्रसंघ,43
असमायिक,14
पुरुषोत्तमाचार्य,42
पेटीकोट,29
इतराने,24
कांउसिलिंग,43
सिकुड़न,7
अकुल,42
उसूल,154
कटिबद्धता,24
सरौता,7
छापामारा,25
गिरिन्द्र,42
सुकीर्ति,42
रसिका,42
बजनी,170
विदूषी,42
युनानी,187
ककरहिया,42
जासूसों,186
बिगाड़कर,14
सताना,24
साहूजी,42
प्रतिबन्धित,53
लिखेंगी,24
डेरियों,166
परस्ती,154
रेगूलेटर,40
शोषक,18
चिमनियां,12
खिलता,36
कारागारों,53
नस्ली,18
गतिविधयों,0
जनी,46
संदिग्धता,186
मनेजर,43
बोलिए,65
पेट्रेाल,40
बामन,42
कठौती,46
किच्छाना,42
निष्कर्षो,98
दौड़ती,24
घेराबन्दी,25
दयानिधान,46
पंचकोसीय,42
सिंहस्थ,37
क्षत्रप,177
संसाधानों,22
शिरक्त,43
दक्षिणपंथी,18
फरियादें,53
परमादित्य,45
मुड़कर,24
रिक्शाचालकों,40
ब्रह्माण्ड,74
पालीटेक्निकों,43
युवावर्ग,105
अलमस्त,39
लाटूश,67
लुटेरो,53
छंटनीग्रस्त,43
जड़धारी,42
धर्मवाद,18
पंगूड़े,23
लटकाई,7
धुलवाने,24
गुण्डागर्दी,53
खंगालती,24
संवदेना,0
बालवाड़ी,197
अंगुठे,44
फेरीवालों,166
तथ्यपरक,0
झुकाना,44
बिताये,19
डाकसेवकों,43
दयावान,39
तजुर्बेकार,154
भौं,44
टलता,24
वासियो,40
मनोचिकित्सकों,98
बन्धुओं,61
झुकाए,44
मुण्डन,42
रंगना,36
विमानपत्तन,37
अगस्त्य,42
कैंपसों,40
दीपम,42
संभला,7
सिकुड़कर,7
पारियां,31
अग्निसुरक्षा,43
जानेगा,24
ढक्की,40
यदुवंशियों,42
एनेस्थिसिया,63
मर्करी,15
समाहर्ताओं,43
शत्रुहन,42
मरकर,69
मनोवैज्ञानिकों,98
सुधारेगी,14
एजेसियों,186
ऊष्मा,12
निभाऊंगा,21
प्रस्वीकृत,43
सुव्यवस्था,0
पुरावशेष,40
सलटाया,24
लडूंगा,24
देववंश,42
दुल्हनिया,112
रेखाओं,44
च्यवनप्राश,17
उपपरियोजना,43
फोटोग्राफर्स,151
सकला,23
नेत्रदाता,43
सर्वव्यापक,74
मोटरे,40
ममत्व,39
आकांक्षाएं,14
जमापूंजी,166
दूतावासों,33
ज्योतिषाचार्यो,130
बाधों,40
जुड़ेंगी,24
विज्ञानदेव,161
वनक्षेत्राधिकारी,43
खुशकिस्मती,56
रायफल्स,25
रधुवीर,42
उस्तरे,17
नौसिखिया,105
उधड़,7
जौं,46
चिरागों,36
अधिवक्तओं,53
अस्वस्थ्य,189
उल्लंधन,43
अनुज्ञापन,34
लोकजात,42
रिन्युअल,34
लायेगी,24
जनहितों,43
सम्वत,103
मुहानों,40
कैथलिक,18
गिनकर,7
बिगड़ता,14
ब्रांडबैंड,151
अजीविका,22
बोलूंगा,24
घोटू,63
बनूंगी,24
सुधारेगा,14
अनुबंधकर्मी,42
दरकती,7
बुर्के,29
जुटाता,24
धधका,36
संझली,23
झुठलाया,53
देंवेंद्र,42
प्लेइंग,151
मुद्दत,26
शरारतीतत्वों,53
चीरने,7
पुर्नरीक्षण,43
खोखरी,42
डले,7
चर्चों,18
देवपूजन,42
घड़वाल,42
सीटियां,170
लोकबंधु,42
रेलयात्रा,37
मतदताओं,40
रबि,46
दीपावाली,42
खंजाची,131
फिजियोथैरेपिस्ट,63
जमीरुल,154
समाती,11
मोलवी,154
सर्मिपत,198
सुदृढ़ता,14
गिरेंगे,7
नंगलामल,42
नाकारात्मक,0
योनी,44
गुमती,82
अभिप्रेरणा,43
मशीनिस्ट,40
बढ़ोई,42
शुतुरमुर्ग,98
मंगवाता,24
मण्डलों,43
विकरालता,14
अस्पतालकर्मियों,43
पूर्णशशि,42
आरियां,40
जड़ें,11
घोड़ियों,40
गोटिया,40
आमन्त्रित,24
सैनानियों,18
प्रबन्धकों,43
भक्षण,39
मुस्लमानों,18
नेकियां,154
तामेश्वर,42
पालों,40
त्योरियां,40
शांतमय,43
भड़कते,53
निर्दाेष,53
न्यायधीशों,53
प्रदुम्मन,42
बिखरता,7
पुष्पेन्दु,42
क्रान्तिकारी,18
रिपु,46
सम्मानों,30
लदाना,42
दायी,0
सत्यम्,86
अनपढ़ों,18
स्थानातंरित,43
गृहराज्य,43
पुस्तकीय,42
फलसफे,154
उपबंधों,43
केसरीनाथ,42
प्रणति,42
खरदूषण,45
गुजरनेवाली,24
लगानेवाले,24
कंपनियो,166
दोशी,42
अतिसार,63
सजाएंगे,53
उन्होंंने,24
प्रतिलिपी,34
क्रियाकर्म,42
तमाशों,154
लाभर्थियों,40
कहत,46
छंटे,68
धर्मशास्त्रों,42
मुकुटधारी,42
नगमे,170
छोड़ेंगी,24
दिलाएंगी,24
सौंदर्यबोध,198
उबलते,17
इंचार्जों,43
संपूरक,0
वर्णी,36
पंचायतस्तर,43
द्वतीय,103
उद्धेश्य,43
अड़तालिस,77
प्रदूषणकारी,12
क्रीड़ाधिकारी,42
दुनाली,25
खोमचों,166
चीजे,22
सुखाए,17
चतुष्कोणीय,28
एक्जक्यूटिव,151
बांई,44
मिलनेवाला,24
भूनने,17
उपमंडलस्तरीय,42
टाईअप,151
बैंडों,170
धांधलेबाजी,53
लानेवाले,24
छेड़ता,55
पालिसियों,166
बिरवा,36
मोटरमार्गो,37
ब्रह्माजीत,42
मायाधर,74
प्रभावना,42
चिरायु,32
लेटना,7
राजधानियों,37
बूढ़ेनाथ,42
बुड़िया,40
बीसों,77
रुकवाना,24
पिटवा,7
नामांकनपत्र,43
महापंडित,105
न्यायप्रिय,39
हुयीं,24
ठूंसे,7
विधिवत्,42
कलियों,36
आशानुरूप,43
दविशें,53
कन्याभोज,197
जलमूल्य,43
स्फटिक,138
हिजाब,29
ओणम,42
कलाइयां,40
ईष्या,14
भेड़पालकों,40
प्रत्युषा,112
मत्स्यपालकों,40
सेशनल,151
दरिद्रनारायण,18
बनवायें,24
नाउम्मीदी,14
निसहाय,18
नाटियों,42
सयानी,39
विरोधिया,42
पिसाने,17
एक्सपेंशन,151
उन्मादी,93
बायोमैट्रिक्स,151
अफ्सर,154
ब्लूप्रिंट,8
कुरेदा,17
कंदर्प,46
बाज़ार,166
बीजक,113
छुड़वाए,7
बंदरगाहों,37
चाँद,36
जुटाएगा,24
जनेश,55
धनोपार्जन,22
आँख,44
मालपुआ,17
मनेाज,23
कठवाड़,42
यौनशोषण,53
बुलट,122
बड़कोट,42
छड़ों,7
ईस्वी,103
पिनकोड,35
टेढी,44
पीसा,17
फहराएगी,29
खिलेगी,36
लौगांय,42
स्वयंसेविका,43
वास्तिवक,24
अनुकूलन,43
नोमिनेशन,151
उग्रता,53
भूधर,46
तिजारत,154
कुंडलिनी,44
तेजबल,23
अध्ययनों,98
अंतरर्राष्ट्रीय,37
इत्तेफाकिया,53
आलोचनात्मक,53
साहबजादे,154
मिश्रीवाला,42
पशुवध,41
धारणाएं,0
उतारनी,29
जलकुंड,42
खानसामा,188
चलवाना,24
मनौना,42
आंकते,24
नाचकर,170
लपेटने,7
विलोचन,42
ढाकन,23
तालुक,51
दुआख्वानी,42
भेड़पालक,21
बंसीधर,42
शम्मा,154
वाष्पीकरण,12
चित्रपट,182
सिंदूरी,29
दूने,157
हॉस्पिटेलिटी,151
भाईदूज,42
हड़बड़ाए,7
मरदाना,42
दिनदिहाड़े,53
भल्ले,17
शनियारो,42
हड़पे,53
प्रेमीयुगल,105
दौड़ेगी,24
मामाजी,197
द्वारपालों,40
परिहारी,42
लपकों,23
वरदानी,74
साधनहीन,18
चकराने,44
तराशे,24
शरीरदान,43
चाकूओं,7
बुढाना,42
सठिया,197
अभ्यर्थियो,43
पिलाये,17
संधान,42
़खराब,43
बिकाउ,166
छविगृह,23
सिन्नी,42
नोचकर,7
करोबारियों,166
जिंदादिल,39
लिंगभेद,18
अंगेश,42
उपस्थापन,43
पतीला,17
रुकवाते,24
अर्थपूर्ण,0
रक्शा,43
रंगीलो,170
सुधरता,14
मिलाती,71
मिन्नतों,7
प्रतिष्ठाता,43
सेंकेंड,26
मांओं,197
बावर्ची,188
नालो,40
जड़ों,11
अतिथिगणों,43
सुदेव,45
मधूसूदन,42
विराजते,42
धोखेबाजों,53
सुइयों,64
अतंरराष्ट्रीय,37
छिलकों,17
शिक्षारत,43
शांतिलता,43
मध्यकाल,0
प्रतिक्रियाओं,53
विपदाओं,14
पिसने,17
गड़ाये,7
पारिस्थितिक,98
सम्मिश्रण,71
लाभावित,43
त्रिशरण,42
इदगाह,40
अवैद्य,63
अकालतख्त,42
इण्डस्ट्रीज,151
बख्शेंगे,154
दर्शिका,43
गठबंधनों,18
डलवाएं,24
खोपा,23
फेफड़े,44
नन्दु,42
रक्षावाहिनी,42
डोंगा,42
अर्थनीति,18
कालभैरव,42
परामर्शदाताओं,98
खरीदो,178
सड़ांध,17
लौटाएंगे,24
नियती,53
बहुपक्षीय,53
निम्नस्तरीय,42
करोबारी,166
जगपति,42
चिन्नौर,42
आरोह,42
गढ्डामुक्त,43
तहसीलकर्मी,43
दरकते,6
सहयेाग,23
भूविज्ञान,98
विकासवादी,43
औद्योगिकरण,18
गोपिकाओं,42
ब्यूटीपार्लर,151
सुविचार,39
निकलवाते,24
विवाहिताएं,197
वेदान्त,42
खलता,24
वनबंधु,42
करुं,24
कर्कश,170
खेलत,31
चंद्ररेखा,42
चबाकर,17
मुहीम,16
जोड़नेवाली,24
लोलुपता,53
मुहार,40
छुड़ाए,7
चहकते,65
खूनखराबा,53
लायसेंस,34
नासिका,44
डुबोया,144
हैंडपाइप,40
सर्वगुण,0
मणिक,42
छुएगा,44
अंजीर,17
लालसर,41
पहनायी,29
सेवाशर्त,43
सुवर्णा,42
राज्यादेश,43
रमी,152
बंधती,7
नवाजने,30
गल्तियों,14
जेलकर्मी,43
पादरियों,18
संवारें,36
महात्यागी,42
फैलनी,11
सिद्धेश,42
विचाराधारा,0
अणू,53
धोबिन,156
शुभ्र,36
धड़कने,44
साहुकारों,166
कैथेड्रल,151
जिज्ञासाएं,19
परमसुख,42
गैंडों,41
गंदगियों,40
घूमें,67
किंवदंती,60
अरोपियों,53
विस्तारण,0
कुलप्रकाश,42
मुल्यांकन,43
लुहान,69
लेप्रोस्कोपी,63
धोये,17
जनार्धन,42
अस्वच्छता,40
सिद्धियों,42
सवरण,23
कौशलों,43
जरूरतमंदो,18
गडढ़े,17
कांप्लैक्स,40
सेवाधाम,42
पंछियों,41
इबादतगाहों,154
ऐंठा,53
अनुक्रम,65
खोदवाया,24
शारिब,154
फौजों,25
अच्छों,0
न्यायमित्रों,53
रेजीडेट,25
युवामोर्चा,18
पर्दानशी,36
मीनारों,40
स्वप्रमाणित,34
हसते,65
देवनगरी,37
प्रेरणास्पद,0
सौंपता,21
लकवे,63
रेलवेकर्मी,43
राजनयिकों,33
क्लिन,151
मुखौटों,65
गनपति,46
सहकोषाध्यक्ष,43
गौवध,41
भठ्ठी,40
जेराल्ड,8
करनीबाग,42
जन्मीं,177
राइजोबियम,17
साजसज्जा,29
दोषसिद्ध,53
जगते,19
पुण्यकाल,39
नौसिखिए,105
हरदौल,46
वसूलों,42
पाऊंगी,24
निस्तार,43
गोलाबाड़ी,25
आत्मशुद्धि,18
मंसूब,53
सरपंचो,43
फरमाए,154
कर्मकारों,166
रहीे,95
मुंहबोली,197
हिलोर,144
अटकाया,14
मनुवादी,18
पकड़ाकर,24
प्रीतिलता,42
मतवाले,170
जमाखोर,53
फोड़ने,7
राजपत,42
मनोभावों,0
फांसकर,7
नस्लें,156
आखत,23
कश्मकश,14
अशवनी,42
सौदापुर,42
समझेगी,24
रहावन,42
बलमा,170
उड़ानें,37
शब्दकोश,97
पुरुषोत्ताम,42
चित्रकुट,37
अज्ञातों,42
कैमिकल्स,13
शौचक्रिया,0
कुलाबा,176
श्रीयंत्र,47
वहीें,23
नैस्ले,151
भंगाली,42
पंचकठिया,42
क्रयकेंद्र,166
घुसपैठिया,25
बहुउपयोगी,0
नेकनाम,154
खड़ाऊ,29
सुप्तावस्था,180
हलासन,189
शिवधारा,42
डंठलों,17
जिवाई,42
चिकने,17
फिरकापरस्ती,154
धर्मशिला,42
विहारों,42
आंदोलकारियों,40
बैकुंठनाथ,42
देवदीप,42
राजगृह,42
ऊंचीकरण,42
इबादतगाह,154
दोहराएंगे,65
धतुरा,29
चित्रहार,182
चुंबन,7
अवधबिहारी,42
धैर्यपूर्वक,39
सुलहनामे,53
हस्तान्तरित,43
शीतयुद्ध,6
शालाओं,43
इंडियामार्का,151
अस्पृश्यता,18
गुलदस्तों,36
बिनने,40
पक्षपाती,53
कर्तव्यपरायणता,39
वर्दमान,42
ब्रजभूमि,42
़जरूरत,24
वैज्ञानिकता,0
इसकेअलावा,24
ब्रह्मास्वरूप,42
सड़ा,17
मेहरदीन,42
झेलेंगे,24
क्षमताएं,43
आपूर्ती,166
गुरबत,154
अक्ष,28
छंटते,36
मैक्सिकन,8
अल्पकाल,22
कार्याकाल,43
यथास्थान,139
लालमणी,42
सर्वेयरों,169
सिखायी,24
दगने,23
निहालखेड़ा,42
तानेबाने,18
भावविह्वल,19
धमकते,7
हड़कम्प,53
सौंपती,21
अवलोकनार्थ,24
अवसंरचना,43
नुमाईश,154
दुर्गधयुक्त,42
दुरपयोग,43
श्रीक्षेत्र,42
कूटरचना,53
झप्पी,93
पोलियोमुक्त,63
अनुसांगिक,18
दुर्भाग्यजनक,14
तीरों,25
बटे,71
पदवार,43
विश्वराज,42
सताएगा,24
नीचली,28
अनिच्छा,53
अंगुल,44
पेटिकाएं,43
स्वर्गधाम,74
सांवरी,170
आदर्शाें,39
अभ्यथियों,43
संस्कारिक,42
खडं़जे,42
चिपचिपाहट,17
चौली,42
छटपटाता,7
घिसे,68
शुभलता,42
धानक्रय,43
अनुवादकों,34
अजमाया,24
फेंकेगी,7
सिखायेगी,24
नागमणी,46
ताम्रकार,42
खण्डहर,40
हिरणी,41
खड़हरा,42
जटाधर,46
प्राध्यापकगण,43
सुलझेगी,14
़खत्म,43
कचड़ों,24
डूबेगा,144
निषेद्य,42
बजाओ,170
बिरंगा,36
शीर,46
प्रचण्ड,27
शकरी,23
एकलपीठ,195
व्यख्यान,43
लौटायी,24
प्रवेशित,43
घोली,17
सुस्पष्ट,0
राजपुताना,42
सफाये,6
ढलता,42
परवाने,154
बैला,7
लड़ीं,55
भयग्रस्त,14
तड़पे,23
झल्ली,152
चक्रीय,0
प्रलोभनों,53
मंगलदीप,42
समीक्षकों,53
ट्रांजक्शन,151
छुड़ाओं,7
पूंछने,24
पीढ़ा,41
चहरे,65
नगाडे़,170
रणनीतियां,43
बंधते,7
प्लान्ट,13
नछत्र,42
गवांकर,19
प्रखडों,43
किलकारियों,197
चखाने,17
निर्धारक,160
झुठलाते,53
तराशकर,24
जलभर,40
पाठ्यपुस्तक,34
पढ़ायेंगे,24
दृष्टिहीनता,18
केकई,46
एजेण्ट,166
उफनते,40
लॉजों,23
पसलियों,44
चिड़ाव,42
उखाड़कर,7
ईसवी,103
अग्निरोधी,0
प्रान्तों,37
ठहरकर,67
सजते,36
इंजिनियर,105
रुख्सत,154
टिकटे,43
पेंशनें,43
कोठ,42
आयुर्वैदिक,63
उछालो,7
चौराहें,67
दंपत्ती,197
चौथियाना,42
इंटरलाक,151
इमामिया,154
तत्संबंधी,145
पढि़ए,24
आंकडा,169
देवसंस्कृति,42
बटोरना,24
महायोग,42
डिजाईन,29
चर्चायें,53
छिपता,24
नामंाकन,43
नरबलि,41
पौरूष,63
उपग्रहों,90
ऐलीवेटेड,151
हाइक,151
पोठा,23
कुरूप,18
प्रच्च्वलित,43
चढ़ाती,29
सीताहरण,45
बसाकर,40
सियासतदानों,154
नौलक्खा,40
चटकारे,17
आईजीएमसी,63
टटिया,42
दवी,7
करेंगीं,24
खड़ाऊं,29
भूधारी,42
भांजते,7
पकती,17
जीवनचर्या,19
कार्यवाहियों,124
हांकते,7
पावदान,87
अभयवीर,42
क्षमतावान,43
भैंसिया,41
झिलमिला,36
त्रिभवन,42
स्ववित्तपोषी,43
ठेकदारों,40
गरजेगा,36
जलराशि,144
तड़का,17
धड़,44
भींगकर,17
सांख्य,98
कांवड़ियां,40
क्रुरता,53
बताऊंगा,24
ब्रह्मावर्त,42
भाग्योदय,0
सुसंस्कार,42
फांकते,7
झुमते,170
नॉडल,23
जलपरी,182
टैक्सि,40
सरोगेट,197
जोड़ें,71
खिलती,36
बॉयकाट,18
मालों,166
जाएंगा,24
देवप्रिय,105
भागें,7
उठावें,24
पहुँचाया,24
साधवी,42
नायकी,42
गुणसागर,42
भर्री,42
माइनॉरिटी,151
केबिनमैन,25
उकसाकर,53
कंजूस,39
ओखली,17
कमाएंगे,166
कानक्लेव,40
वीटो,43
उषारानी,42
पटती,24
तरू,46
इच्छाधारी,41
ऐनवक्त,24
रखवाये,24
बीरण,23
तालिकाओं,34
भरपायी,24
हरिजनों,18
गणक,132
गड़ाई,7
तौली,7
नईसड़क,126
कुसंगति,39
वृत्तांत,34
जलचर,98
प्रदूषक,12
छिड़ने,55
टरकाऊ,53
बिसार,19
मर्मस्पर्शी,0
बताऊं,24
बड़प्पन,39
विमोचित,43
जयंत्री,43
टहलाया,24
खिड़कियां,40
सेवित,21
मनवाकर,85
बिखेरकर,36
परिवारियों,40
अन्तराष्ट्रीय,37
मुकरे,53
मचते,53
जम्मूवासियों,42
हत्यारी,53
सरहाल,12
जनबल,100
गंधा,36
बिगड़ेगी,14
पताके,40
सूर्यांश,42
एेसा,190
स्थानांतरणाधीन,43
सिंहराज,42
हुनरमंदों,105
ब्राहमणों,156
प्रलयकारी,14
जोड़ो,44
सज्जित,181
हेड़ी,42
सूक्ष्मजीव,17
सर्वसाधारण,18
रक्तबीज,74
बंटती,71
फुलझरी,23
सेवको,43
विभुति,105
महाविलय,18
सिखाएंगी,24
अतिपिछड़ा,18
तहत्,169
र्निविरोध,43
चौपाटी,176
उत्साहपूर्ण,0
कार्यक्रमाधिकारी,42
शैक्षिणक,43
प्रत्यनशील,42
मेजबानों,31
रईसजादों,13
मंज,154
बांधेगी,7
गिलाफ,7
रूढ़ी,18
दिखाईं,24
हारती,55
पालनी,10
वसीयतनामा,177
जिनकों,145
धज्जिायां,53
कहूंगी,24
भगोने,17
एक्सिडेंट,14
सकरात्मक,0
पनाहगार,25
संास,19
रोटियों,17
नयावास,42
जूठा,17
चाशनी,17
बिन्दुधाम,28
उतावली,19
भिड़कर,55
शवासन,189
छलकते,17
घिरकर,19
तहखाना,40
छींटाकसी,17
प्रवृतियों,53
विषयगत,22
महकती,36
पंचस्थानीय,37
स्थानाभाव,22
टोंटियों,40
थानातंर्गत,42
चुंकि,148
दुरुस्ती,14
इस्तकार,166
मीनारें,40
हलवाईयों,17
योगनगरी,37
बहुभाषीय,37
न्यायखंड,53
जलचरों,98
विषहर,13
गुड्डे,197
अनाथालयों,18
टेकेंगे,24
चिट्ठियों,40
पुष्पहार,29
लोकतन्त्र,18
मोमबत्तिया,36
सिपहसालारों,43
धंसते,40
उजड़ने,40
अपरिग्रह,39
उफनाकर,40
अधर्मी,39
भुगतते,53
बरसाये,36
त्रिफला,13
ब्रह्मशंकर,42
निखारते,36
चाभियां,40
सूता,23
कतरनी,7
चिलमिल,42
सरायवाला,40
डुप्लेक्स,40
श्राविकाएं,42
बजाईं,170
ग्रैंडस्लैम,31
गृहस्थियां,42
बेवश,23
ठुमका,170
तोड़ीं,40
बोलों,170
रंगकर,36
अर्धविक्षिप्त,18
चक्कियां,17
निजावत,42
बहादुरों,18
थकने,19
वामतट,23
महकी,36
शोकसंतप्त,69
क्रातिकारियों,40
आपरेशनों,118
डरपोक,18
कार्यदक्षता,43
मिटाएंगे,11
ढलानों,10
दबावों,14
पठनीय,22
चारकोल,96
अलाभकारी,166
पिछडे़पन,18
खोजो,178
मोहपाश,7
जयप्रताप,42
हस्तानांतरित,43
ब्रहमदत्त,42
दुबला,189
रचेगा,24
छठपूजा,42
पुलपर,42
जिराफ,98
चारागाहों,43
सताई,24
पांडवकालीन,45
रचाना,197
उपथित,23
सिनेमाहॉल,112
हासिये,11
बॉलीबॉल,31
फिरोजी,36
विक्षुब्धों,18
कबूतरबाजों,41
समरकैंप,43
दिवाने,154
तुरई,17
गुजारें,19
नुकीला,7
मित्रानंद,42
पदाधिकार,43
जुड़ते,71
समझाये,24
कुयें,17
विसात,68
ग्रन्थों,42
मॉलों,166
पुर्नस्थापित,43
खड़न्जा,42
सपुर्द,53
नोचे,7
दिलवाये,24
छोडऩे,24
झुर्रियां,17
भीगता,17
इनवेस्टर,151
सड़ने,17
अनिवासी,37
चुनता,24
संवारती,36
जोड़ीदार,31
हितैशी,39
लाभार्थीपरक,43
नलका,23
उठापठक,18
कांपियों,7
ध्वनियों,170
छायाचित्रों,88
चरना,41
अरोग्य,43
मेलमिलाप,43
बेचनेवालों,24
प्रधानाध्याक,43
खिसके,7
जानशीन,154
सीढ़ीनुमा,88
मिचलाना,63
स्टाफों,43
सतप्रीत,42
भक्तिधाम,42
साफियाबाद,42
भोगते,39
पतंगा,154
थेरेपिस्ट,63
हल्फनामा,53
आराेप,23
रेलसेवा,40
अनुदेशिकाओं,43
रोजमर्रे,19
भिण्डी,17
सनोखर,42
त्रिपिटक,42
घूसकर,7
पंहुचाया,24
राज्यकर्मचारी,43
यात्रीगण,37
उपप्रधानाचार्या,43
जिलाशासक,43
कुलों,156
झोंकना,7
लड़खड़ाकर,7
मतवालों,170
बिल्डिंगें,40
उगानी,17
वनवारी,42
रूचिकर,0
केन्द्राध्यक्ष,43
गुडा,42
भैसें,41
नहलाते,17
घटन,14
बैसाखियों,40
पथप्रकाश,42
चराई,43
अध्यापित,43
श्रीसनातन,42
परवानों,154
बंदियो,53
मनमानेपन,53
रेणूका,42
ब्राउजर,151
टिकते,67
चाटने,7
झूलना,7
रुठे,154
झंड,75
संकटमोचक,42
मंझधार,144
अर्थशास्त्रियों,43
शिवांशी,42
चर्तुभुज,42
वेश्या,53
हकदारी,43
संयत्रों,12
पूरबा,42
बिहान,46
करोगी,178
चिराई,166
जन्मदर,197
आरोग्यम,43
बिछड़ा,154
फना,154
मेहमानी,188
नीेचे,7
रामदासिया,42
मल्टीस्पेशलिटी,151
सलट,23
सद्व्यवहार,39
सुरंगें,25
तापों,12
पुण्यलाभ,39
पंद्रहवें,103
जूड़े,29
अभागी,69
प्रतियोगितायें,31
पैंतरेबाजी,24
प्रशोतम,42
तवज्जाो,53
कैसेटों,151
झुंझलाहट,53
लुभाना,170
रातदिन,69
मध्यस्थों,53
ब्रह्मज्ञानी,42
देहव्यापार,53
कुलदीपक,42
गूंजीं,170
प्रचारिका,42
चकजोगीवाला,42
पॉलीमर,12
अतिप्राचीन,0
दूसरो,24
न्यूरोलाजी,151
रामजन्मोत्सव,42
गहराना,24
महत्वों,0
गिऱफ्तारी,42
तीर्थपुरोहितों,42
जमीनदाता,42
शीट्स,34
छबिला,42
गत्तों,40
अंततोगत्वा,6
विश्वासघाती,53
रंगभरी,42
भूतहा,93
प्रकटीकरण,0
जिये,19
दौड़ें,7
छतिग्रस्त,69
जीवनधारा,144
अंधानुकरण,18
बीतती,24
सिसकियों,7
भर्तिया,195
जन्मसिद्ध,43
दुर्घटनाजनित,42
सुहागिनी,42
उबरना,69
बदलवाये,24
श्रद्धालुजनों,42
सादरी,42
गुरमुखी,42
सहजना,17
अभागा,69
दैनिकभोगी,34
शरियत,18
कलर्क,43
खांकरा,42
झल्लियां,40
ग्वाले,42
वृद्धियां,42
पत्तागोभी,17
टिकती,67
नृत्यालय,105
जवाहरात,185
संवरे,36
देशवीर,42
कुईयां,40
रूढि़वादिता,18
बालीबॉल,31
जलसंचयन,40
खुलवाएंगे,24
भृकुटि,44
करताल,170
नीरद,42
रूठा,154
लुक्स,122
खरीदवाने,24
संख्यकों,18
अचंभे,19
अकल्पनीय,14
जड़िया,40
नन्हों,197
फूलझड़ी,23
बुझाती,36
वरिष्ठजनों,105
बेमन,24
हाथपांव,7
उफनने,40
फटता,7
जीवन्त,0
जोता,17
अधिराज,42
साजों,170
श्यामचरण,42
मुखियापति,43
हांफता,7
मरम्म्त,43
तल्हा,154
नातों,71
स्वपनिल,42
गधेरों,40
प्रच्जवलित,43
बसेड़ा,42
कक्षायें,43
चेतावनियों,53
कहलवाने,24
दिवालियापन,166
दर्शनम,42
चढ़ाता,29
पॉलीटेक्निकल,43
खर्चकर,166
वक्तव्यों,53
विषाणुओं,17
चेतवानी,53
संवारेंगे,36
युद्धपोत,144
संच,43
कुहरे,36
डालूंगा,24
मंजरों,154
बदहजमी,63
चिड़चिड़ा,53
कृपाली,42
विकेन्द्रीकरण,43
मोटरसाईकल,40
टोप,7
गोमास,42
साढ़े,77
इंडोस्कोपी,63
परपंरा,18
न्यालय,53
तामशाबाद,42
खूफिया,186
गौशालाएं,41
परखते,24
वानस्पतिक,98
दुल्हनें,40
छपती,34
जीकर,19
नुमाइदों,154
उठवाए,24
आधीरात,23
बंधवाकर,24
दुबका,7
फंसीं,7
गड़गड़ाहट,170
रोगाणु,17
शरारतें,65
फंफूद,17
गोर,75
आनुषांगिक,18
बंट्टा,42
बौखलाया,7
एकरुपता,18
वाहनचालकों,40
सुक्कड़,42
जनतादल,18
अलूपुरा,42
संयुक्तरूप,43
प्रभादेवी,42
लड़ाए,23
यंत्रीकरण,22
प्रताड़ित,53
नगमों,170
उड़ेगा,24
भूंजा,17
अर्थव,198
सवैंया,42
तेन्दुआ,41
ससंदीय,43
फांकती,7
सर्वार्थ,42
शोधपत्रों,98
पौरी,46
पार्सलों,40
सुप्त,180
कहेगे,24
सुलखा,42
रेवड़ी,17
रतूड़ा,42
बंगभाषी,37
पोहा,17
परिया,42
दिखवाएंगे,24
टोकरियां,17
कुलसचिवों,43
सुर्खाब,36
हवाईपट्टी,37
संबंघ,43
बांसवा,42
प्रवाही,144
संकायाध्यक्षों,43
छहों,77
बजबजाने,7
मंगतू,42
रिश्वतखोरों,53
संवरता,36
वेदवान,42
उछली,7
गोटे,29
जन्मस्थल,37
महकने,24
विक्रताओं,40
उकसाते,53
तामसिक,39
बढाई,157
सत्रावसान,26
डरावने,93
सुधरना,14
प्रौद्यौगिकी,43
फलित,130
रुचियों,19
समाधन,43
हमदम,154
हिंदीभाषी,37
तबलावादक,105
गोदने,17
झझवा,23
प्रतिद्वन्द्वी,55
गवई,23
जगतगुरू,42
मृगांक,42
शहराध्यक्ष,43
महेंदी,29
स्वहित,43
सिकुड़,7
हरितक्रांति,43
दलबदलू,2
लोकपति,42
पुनर्निर्धारण,43
राष्ट्रसंघ,43
कबाड़िया,40
पुरोहिताभिषेक,42
लोकभाषा,37
आपपास,17
बुरादे,17
क्षेत्रपंचायत,43
समाता,11
हाेने,190
नवविवाहितों,197
तफरा,42
सृष्टिधर,74
एचओए,23
आरोग्यशाला,43
कहलाया,148
महिलाकर्मियों,43
सखाओं,42
लज्जित,53
प्रजापालन,42
मरनेवालों,69
हरमोनियम,170
पाण्डाल,42
गेदों,31
टेंपुओं,40
वीणावादिनी,42
राज्यमंत्रियों,43
भिगोने,17
लगाकार,29
धौस,23
बिगाड़ा,14
महाऋषि,42
ध्वंस,6
जवाबतलब,53
चरणो,29
नफासत,154
नांद,42
परखीं,24
खिलाये,17
चलवाते,24
पशमीना,29
आगुंतकों,105
संगीतज्ञों,105
कट्टरवाद,18
महाभोज,42
नहाएं,17
अस्पतालकर्मी,43
बिछौना,46
हर्षद,42
आधारों,43
राजदरबार,177
अधिपत्र,43
बंधवाया,24
मोर्चों,18
मक्खनी,17
पतीसा,42
भग्नावशेष,40
मोर्चेबंदी,25
सत्रारंभ,26
हैरानगी,19
माफीनामे,53
बिगाडऩे,14
मेहरवान,42
इनकाउंटर,25
अवनति,0
देररात्रि,26
सम्भावनाएं,14
धोबियों,156
आसामियों,40
लचीले,189
पकड़ते,7
रोजनामचे,34
टरकाता,24
गौमूत्र,13
तौलिये,17
एबीपी,34
गोसेवकों,43
संवादताता,34
मोमीना,154
त्रिसदस्यीय,43
झंडात्तोलन,31
धड़क,44
दोस्तियां,40
मायापति,74
महानुभाव,105
पेकिंग,102
बिठाएं,7
विराजेंगे,42
एसाइनमेंट,166
केबलें,40
घुप्प,36
भेड़िए,41
स्वर्गद्वार,74
शार्दुल,42
सुदृढीकरण,43
छूटेंगे,24
चीड़,41
थामना,7
नागरिको,40
सर्वोच्चता,43
रेलगाडि़यों,40
हाड़कंपाऊ,23
डांटे,53
गेंदें,31
जलनिकास,40
बोड़ी,23
मुड़वा,7
लेखवार,42
पौत्रों,197
त्रिकोणात्मक,28
रेस्तराओं,188
शहीदो,18
सुधरें,14
गौतमी,45
त्रियोगी,42
मखनी,17
नियमितता,43
आर्यो,156
पद्मेश,42
समाये,11
व्यायामशालाएं,189
फाईलों,151
गर्मागर्मी,53
सक्षमता,43
सुलक्खण,42
सामान्यता,18
मध्यान्तर,42
राजनीतिकों,18
विचारधीन,53
अंतर्निहित,0
चखाया,17
सिद्धहस्त,24
विकासकर्ताओं,151
चितविश्राम,43
स्मारकी,40
कनेडी,176
गुदड़ी,29
डासिंग,112
आर्दशों,39
तुड़वाई,7
डोंगी,144
मंडलाधीश,43
साधेंगे,24
नामपर,87
कविशर,42
जनचौपाल,43
झड़ना,17
बढ़ने,157
गदियाड़ा,23
लुटाई,53
चुटकलों,65
खालीपन,167
सुडौल,189
व्यंगात्मक,65
विषयवाद,43
गिड़गिड़ा,7
वरिष्ठं,105
पूड़ी,17
रहमती,154
मकौड़ा,17
धुंधले,36
ख्वातीन,154
संघर्षी,136
क्षार,12
मन्त्रालय,43
टपराना,24
करोड़ो,77
कंपकपा,36
लोटते,7
विधानपूर्वक,42
गिरानी,7
बुलाएगी,24
बारहवां,103
महार्षि,42
स्वांस,44
क्षुद्र,77
जबदस्ती,53
कुल्हाड़ियों,7
ठोंके,7
महानगरवासियों,42
मिलाये,71
मागेंगे,24
धरकार,156
सुखाई,17
गंडासा,7
उलझनें,14
मख्खन,17
संवदेक,0
हवनकुंड,42
उपसंचालक,43
किस्मती,56
प्राप्तकर्ता,181
दौड़ाता,7
कलाप्रेमी,105
डीपीएलआर,42
विशेषरूप,101
अवस्थाओं,180
लपकने,7
आदेशो,43
ग्रामस्तर,43
हैंडपंपो,40
मुहावरे,97
भ्रष्टतंत्र,53
सीखचों,7
टुकडि़यों,40
विकेंद्रीकृत,43
छांटे,24
ठकुराल,42
समलैंगिकों,18
जनशिकायतें,53
डाके,53
अधिसूचनाओं,34
साब्जियां,40
हीरोइनों,105
जंगबंदी,25
मिथला,42
रचायी,197
बैठूंगा,24
चखेंगे,17
शिशुभवन,42
जूझेंगे,24
आरूढ़,2
जैवविविधता,18
जगमति,42
कच्छी,29
राजकाज,45
दृढ़संकल्प,24
फिंकवाया,7
बौद्घ,42
शाबाश,99
पंडितवाड़ी,42
पदासीन,43
मुखड़ा,170
ब्याहता,197
दशम्,103
टिकीं,24
अनावासीय,40
अनियमिततायें,53
सरायों,40
माइड,173
धरतीपुत्रों,40
जमीदोज,40
भगोना,17
पापड़,17
चहुओर,23
चूकता,24
निभाये,21
जगतानंद,42
शहनाइयां,170
अक्षुण्य,0
मनोस्थिति,14
पिंडियों,42
सीमाद्वार,40
भुगतानों,166
गिरफ्तारिया,53
रखवाना,24
राजमंत्री,43
घिसने,91
छोड़ें,24
पर्वतराज,10
मोहतरमा,154
लफड़े,7
शतकों,31
उसपार,17
अवाज,170
स्वयंसेवको,18
पैंसिल,80
छींट,17
डकैतियों,53
धवाना,24
मनरूप,46
रौनकता,36
पोष्टिक,189
भूलेगा,19
मध्यमवर्ग,18
चनप्रीत,42
पंडे,42
बाथरूमों,40
वर्षी,77
स्वायतता,43
कामो,166
दीदीयों,197
फूटेगा,24
कब्जायी,166
लुक्का,68
मुद्दाविहीन,18
शीलता,39
सूझता,24
स्वागतगान,99
मनायेगा,42
मानवतावाद,18
सड़ी,67
दुतरफा,53
नेह,154
परवरदिगार,154
क्रियानुष्ठान,42
तरणी,144
खोटा,85
लड़ाकों,25
बुबाई,17
निष्कलंक,39
जमीदार,166
छात्राओें,43
देवस्थानम,42
आऊं,24
लाठीधारी,7
सोलहों,105
ठूसकर,7
मनहास,154
लगाऊंगा,24
ज्योतिर्मयी,27
भूमी,70
सोखना,17
ढैला,42
डाकखानों,40
विभत्स,53
सलाखें,7
तितलियां,41
उजली,36
ध्वजवाहक,18
बंगालियों,37
पार्षदो,43
गैरेजों,40
ब्रजभाषा,42
गलाघोटू,63
सहजयोग,42
बन्दर,41
नीमड़ी,23
पहूंचे,24
जमानतियों,53
गुप्तांगों,44
सुसंस्कारित,42
डिगने,7
छलकी,17
इंद्राणियों,40
निखरेगा,36
मतदाओं,43
पुकारी,24
पदाधिकारियोंको,43
बहलाना,24
बसाये,40
उभरना,11
शोधकार्य,98
सौभाग्यवश,56
अनुंसधान,102
मारनी,7
दुखेड़ी,42
संमेलन,43
सिकुड़ी,7
झींगुर,17
अवरोही,136
शतदल,46
लफड़ा,7
वाहकों,181
प्राउड,151
बर्फीला,10
बांटों,71
नापते,7
आईलैंड,144
सहायों,42
भौतिकतावादी,18
हिसंक,14
वसूलें,166
मशविरे,53
तैयारियाँ,53
अजवाइन,17
मुहावरा,97
रूलाया,154
थक्के,44
नहलाना,17
उथली,144
साधिकाओं,42
संस्कृतिकर्मी,105
भारवाहक,181
धर्मक्षेत्र,45
ख्वाहिशों,154
नगरनिकाय,37
राममगन,38
फूलचट्टी,42
बनाऐ,21
मसूड़े,17
डूबीं,144
टरबाइनों,40
परमात्मानंद,42
मायकेवाले,197
क्षेत्ररक्षक,31
पछाड़ा,55
दण्डनीय,53
मोड़ने,65
पिलाता,17
घुसेड़,7
छिड़,55
झल्लाहट,53
तरावट,36
करवाऊंगा,24
बहुती,150
मतगणनास्थल,43
धनुर्धर,45
गिरीशपति,42
चैकों,166
अंगरेज,18
स्वालंबन,43
संट्टेबाज,53
गुलाबधर,42
पर्यटकीय,37
सूचनात्मक,0
आंसूओं,17
रेड़ी,23
विरानगी,19
उथला,144
अध्यात्मवाद,18
अंधियारी,36
निकटम,37
निर्दोश,53
प्राथिमकी,42
द्विज,156
दोसा,17
दुव्यर्वहार,53
खजानों,22
नमीं,17
श्रीविग्रह,42
मुख्यातिथियों,43
स्वर्णाक्षरों,0
कोहरी,42
प्रतिभावानों,105
कब्जाना,166
निष्काषित,43
जमीदारों,166
धारित,166
अल्पवृष्टि,36
कादम्बरी,92
भूजलस्तर,40
लौटाये,24
जांचकर्ताओं,186
विरुद्ध्,53
बसाओ,178
पर्यटनस्थलों,42
तारामती,110
भंगा,46
शिलाओं,40
मांगेंगी,53
यत्नों,24
हरता,46
अविवेकपूर्ण,0
पहनाएंगे,29
नशें,23
लड़ाइयां,55
धतूर,29
अपकार,39
कलुषित,18
मिटाता,11
जिज्ञासुओं,19
बिगड़नी,14
धड़कनें,44
संख्यात्मक,136
फिसले,7
फहरेगा,29
चहकने,24
योगमय,100
भुलते,19
तेजपत्ता,17
परखेगी,24
पातालगंगा,74
आरण्य,42
हरिवाटिका,42
कावंरिया,42
कोशा,44
टैपों,7
लक्ष्मणाचार्य,42
पहंचे,23
डीआरटी,151
घटें,14
कार्यकर्तागण,43
महानन्द,42
अग्रहण,43
हमसभी,100
प्रतिकुल,14
अनाधिकार,53
ज्योतिषीय,130
संबंधो,71
सिद्धदाता,42
सैद्धान्तिक,0
पैथोलोजिस्ट,63
खपाते,24
घन्टे,26
खटकती,24
झिड़क,7
ऊंचाईयां,99
कुम्हारन,156
सन्देह,14
प्रेममूर्ति,42
वनराज,1
पंथियों,18
व्यायामशालाओं,189
बोधनी,42
फैलाएगा,11
नीमखेड़ा,42
थामते,7
मध्यस्तता,53
ज्वैलरों,40
ग्यारहवां,103
घेंघा,63
इन्द्रप्रस्थ,43
वायुमंडलीय,12
भेड़ियों,41
काड़ा,23
चुगने,41
इश्तकार,166
खड़गवंशी,42
मकड़ानी,42
बहाला,43
अन्तरराज्यीय,37
गुणवंती,42
फलन,136
हुड़दंगियों,53
सरलतम,136
छुड़ाओ,7
अदन,33
राष्ट्रभक्तों,18
त्यागें,39
घासें,17
सापेक्षिक,169
स्मरणिका,34
हसमुख,42
कार्यालयाध्यक्ष,43
अधमरी,7
ख्यालों,154
आकड़ों,169
टिमटिमाती,36
उत्पीडन,53
मिलेगें,24
चतुदर्शी,42
जोगनी,170
मंत्रो,42
भूगर्भशास्त्र,98
मनाईं,42
आँधी,36
अनादिकाल,0
प्रसवों,197
तपे,36
जीवत,154
जग्तेश्वर,42
बिपुल,42
बचेंगी,24
इटको,42
उखड़वाकर,24
धमकाए,53
उपनियमों,43
दुर्नीति,53
शैयद,23
शिखरों,10
विजयन,42
कलाप्रेमियों,105
आत्मशक्ति,42
आतुरता,19
फाड़ते,7
षड्यंत्रकारी,53
आढ़तिए,166
इंतियाज,154
खंडे,29
जैसों,18
ज्योतिप्रिय,105
पतीले,17
सिकाई,17
लेनेवाला,24
नौहाखानी,42
रिपूदमन,43
झाड़कर,7
इफ्तकार,166
क्षमायाचना,99
खातें,166
छंदों,34
कसबों,40
रौंगटे,7
दसवा,103
पगडंडियां,67
दोहने,22
तीर्थनाथ,42
गतिरोधक,14
साम्यवादी,18
बुलाएगा,24
सम्राज्य,177
निगाहबानी,24
पढा़ई,53
गोरखालीग,42
अस्त्रों,25
हीमोग्लोबीन,63
चीरघर,69
ब्राण्ड,13
सुस्ताते,7
रचाते,197
तनों,17
थैलेसिमिया,63
अधिवक्ताओ,53
नथनी,29
उजियारे,36
कोमलता,36
गुफाएं,40
घेरेगा,24
पत्थरबाज,25
भोजपूरी,37
हसना,154
उच्चन्यायालय,53
मुस्कराने,65
सुपुर्देखाक,53
घबराता,24
ढूंढ़कर,24
आशियानें,40
कंपकपाते,36
गोरियों,42
निसंकोच,24
इंफो,151
आदेशक,43
कठघरा,7
मारेगी,7
बुढापा,197
निर्वासन,40
दानपात्रों,42
चपलता,19
अग्रगामी,37
पंचक्रांति,42
छतरियां,40
कॉफ्रेंस,151
भिजवाते,24
खात,7
पालिकाएं,37
रोड़े,14
पाउंगा,24
रामपरीक्षण,43
कार्या,43
बहकी,170
गधों,41
तोंद,44
विद्यादान,43
छुई,44
निर्जलीकरण,63
अल्पसंख्य,18
घुलता,17
चालीसवें,103
छड़ें,7
नीजि,76
मेहबूब,154
श्रमिको,166
इम्तेहान,154
दालचीनी,17
बिखेरेगा,36
तुम्ही,178
खटकता,24
जुवान,69
तपाया,36
गिनवाई,24
वर्धित,0
सड़ाना,24
पिलायें,17
लहरायेगा,29
पलटती,7
झारखंडवासियों,42
स्वर्णपदक,42
मामुली,75
सीटियों,170
चित्रांशों,42
ढ़ाल,14
प्रेमादेवी,42
बहुता,150
राजकला,42
संस्थायें,43
सांठगाठ,53
चरमोत्कर्ष,5
तनमन,46
ध्यानाकर्षित,0
उपस्थितों,43
दिंसबर,26
तिजोरियां,40
मुकाबलें,31
एसोसिऐशन,151
आत्मसंतुष्टि,18
उखाड़ते,7
जाड़ों,36
पलड़ा,55
सुप्रिय,105
हरिपदो,42
अनुशीलन,22
श्यामभक्त,42
एजेंसियो,186
पाचक,63
प्रध्यापक,43
ब्रह्माी,42
वनरक्षकों,43
निकम्मेपन,53
घुटकर,7
जेबतराश,173
ताण्डव,53
भेटें,29
ऑपरेशनों,118
तीतरी,41
अण्डे,41
रेजिडेट,25
लड़नी,55
लड़ो,55
रूपकुंड,42
मुंहासे,17
़कानून,42
नंगलाताशी,42
ऩकद,23
प्रसूती,197
बर्षा,36
भेजिए,24
ख्वाहिशमंद,154
स्वधर्म,39
सूर्यमणी,42
रिजेक्शन,151
रईसों,177
भूनी,17
पिसवाने,17
चीरफाड़,23
उपशास्त्रीय,170
लिखत,34
रुसवाई,154
रुपन,42
मड़ना,154
पावक,46
दूधला,42
गुम्मट,42
अथाई,23
जुड़ेगा,24
जोगन,170
वनमहोत्सव,42
उठायेगा,24
पुत्रबधू,197
चाहिंए,24
सामंतवाद,166
सभाकुंवर,42
प्रतिष्ठापन,43
भरवाईं,42
रत्ति,7
राजपत्र,43
ससंद,43
तड़पते,7
पैमाइस,7
मुर्दाघर,69
अलविदाई,26
अर्थोपार्जन,22
लक्कड़,166
अभियोगों,53
चाटुकारिता,53
अनुभवहीनता,105
जुझारूपन,18
सिलेण्डरों,40
ब्यानबाजी,53
बहुकोणीय,28
खननकारी,42
आरोग्यता,43
गर्भित,97
शुक्राणु,197
सूर्यमोहन,42
अर्धकुंभ,37
चौहत्तर,77
जुटाती,24
दिव्याशी,42
धूंध,36
सर्वेक्षक,169
सेंकना,17
खिसककर,7
पिद्दी,93
सताइस,130
सेवईयों,17
बाटेंगे,71
मिनाज,38
समाओं,42
सहाय्य,43
अष्टकोणीय,28
व्यवस्थापिका,43
अहितकर,0
टटोलना,24
भागीदारों,166
अखबारी,34
हेडकास्टेबल,43
जंगा,42
कारर्वाई,53
छुटा,7
पंचपाल,42
प्रतीक्षालयों,40
गौधन,23
उपमहामंत्री,43
वहशीपन,53
खीचने,24
व्यक्तियो,40
बैखौफ,23
दिखवाता,24
आनंदस्वरूप,42
ब्रजरानी,42
बैलपड़ाव,42
समरूपता,18
हसरतों,154
निस्तरण,43
सम्बन्धों,71
पूंजीनिवेश,166
पिचक,17
कपंनियों,166
रुमाली,17
डालों,17
छांटा,24
गुहारे,53
अल्ट्रासोनोग्राफी,63
दपंती,23
सहभागियों,43
शफाकत,154
स्वयंशासित,43
विभूती,105
लोकजनशक्ति,18
राजदूतों,33
नाचेगी,170
छात्रवृत्तियों,43
एकलगान,166
अकुलाहट,7
टमाटरों,17
अपार्टमेंट्स,40
रस्मअदायगी,21
मार्र्गो,40
विविधा,34
महकेगा,36
जयमाता,42
थकी,24
पहुंचो,24
पीड़,23
पेरशानी,14
सुकुमारी,42
समन्यवयक,43
फावड़े,7
छबीलों,42
पल्टा,42
खिलाएगी,17
समुन्नत,0
प्रदर्शकों,118
पर्दाफास,53
टोलकर्मी,43
मानूपुर,42
तुड़वाया,24
कंकालों,138
बिसरात,19
निबटेगी,14
छठव्रत,42
सिय,46
धृति,198
झूमेंगे,24
असहजता,19
कन्याभ्रूण,197
अतिपिछड़े,18
सन्तुलन,14
ठगकर,53
भाग्यवान,56
तारपीन,13
लाचारों,18
अंसतोष,53
छुड़वा,7
गृहस्थों,42
दस्तरख्वान,188
घुड़सवारी,31
देवबन,42
वॉलेंटियर्स,151
ठोंककर,7
रूपांतरित,182
टलती,24
आलमवाला,42
तरंगे,12
सुरक्षाधिकारी,43
जपना,42
रसमय,36
ब्याजमुक्त,166
हूर,74
वेदमित्र,42
वीरबाला,42
नूराकुश्ती,53
सतारूढ़,55
आत्मबोध,198
रक्तसंग्रह,63
विफरे,23
रसगुल्लों,17
आर्यमन,42
कमाडिंग,151
खौला,17
तर्कशास्त्र,98
पलास्टर,17
पायेंगी,24
सुझाते,24
मनोनुकूल,14
अखियां,40
सरेसर,40
वोटरो,43
दुग्धशाला,43
चमचमा,36
परमपुरवा,42
अफरीन,154
मतविभाजन,43
संरपच,42
राजनन्दन,42
नियाबत,154
आतक,23
कमांडोज,25
रुकवाए,24
दीक्षान्त,43
नहलाएं,17
टुन्न,13
पाथे,115
मरवाया,7
बाशिन्दों,40
ब्रह्मोत्सव,42
आक्रोष,53
आवै,46
छिड़कें,17
द्वारपहरी,40
नौकायान,144
पूती,23
मकौड़े,17
शकलदेव,42
राहू,130
गोलाबारूद,25
डॉक,192
निबटना,14
ऐंठी,7
झडों,105
पोछे,17
बुद्धो,42
जुटेंगी,24
कटाए,17
खिंचवाया,24
निरापद,0
पकड़वाने,24
भटकाना,24
बहकाया,53
मगजमारी,24
धांसू,122
विषेशज्ञ,98
कबूलने,53
छींटें,17
अटपटे,65
कैरियरों,40
खंभो,40
छत्तों,17
बुनते,7
रिझाते,170
शरारतों,65
सरनी,23
हुकमनामा,53
मंत्रीपद,43
मुशायरों,154
इन्सानियत,0
गुरुकुलों,42
टोकरियों,17
सीखती,24
होंठों,7
बदलवाई,24
चूहन,42
डरो,178
पिएंगे,17
शिकोह,177
मुक्कों,7
चंदनवन,29
इंग्लिस,49
लोकगाथा,182
अनुयाई,18
मेहरौली,42
सिखायेंगे,24
देवज्योति,42
सहेगा,24
हठयोग,42
सजेंगी,24
संदेहात्मक,186
भराना,24
ठेकाकर्मी,43
बूझा,46
ब्रोंकाइटिस,63
अल्हड़,170
पक्षियां,41
स़फर,23
देखों,178
टोलकर्मियों,43
बंदरो,41
कामचोरी,53
चढाया,29
सभागृह,40
जडे़,29
स्नानगृह,42
हस्तान्तरण,43
सरनेम,30
अपयश,39
लोकआस्था,39
मेहसाणा,51
जिताएंगे,55
खोजेंगे,24
निनाद,170
ट्राय,192
छुटकी,152
दिवारों,40
सिधेश्वर,42
गेंडा,41
सेठों,166
भगवानों,42
फेकना,7
नर्तकों,105
आसक्त,39
संस्करणों,34
बड़ीबाग,42
धातुकर्म,185
चौदहवां,103
खडंजे,17
प्रभावपूर्ण,0
रियलटी,182
पिचौलिया,42
पशुचर,23
धनपती,42
उत्तराचंल,42
अफलातून,187
सताये,53
पार्ककर्मियों,43
चुनावकर्मी,43
सिसकते,7
अंगूठों,44
अधिकमास,42
संतरों,17
संयंत्रकर्मी,42
प्रमियों,105
तपोनिष्ठ,105
जांचनी,24
विरला,119
खिदमात,154
उतराती,144
समल,42
लोकजीत,161
सहेजते,24
पवनदेव,42
राहदारी,171
शान्तिपूर्वक,43
पार्षदगण,43
तलवे,44
टहलें,67
जलरक्षकों,43
रोड़ेबाजी,53
रोडे़,40
रहिये,24
ललायित,19
मापदण्ड,43
जनप्रतिनिधियो,43
संघर्षात्मक,18
मुखियागण,43
तोडफोड़,23
कांकड़,42
क्षीरसागर,42
दधिचि,23
चहका,23
करारनामा,53
रिस्तेदार,197
लडकियां,197
सर्वाग,43
याज्ञनिक,42
बाक,109
प्रवृत्तियां,53
तटीयकरण,43
गैंस,12
अग्निसार,42
तांगों,40
आलाअधिकारियों,43
बचाओगे,178
एटॉमिक,12
सदोष,39
कॉम्पलैक्स,40
अयोग्यता,43
रुचिर,27
परिचारकों,21
निबटे,14
सूमों,122
साझेदारों,166
पिसते,17
जनशिक्षण,43
गड़बड़िया,14
कृषिकरण,43
आवेग,0
प्यूरिफायर,40
रागिनियों,170
निवार्चित,43
अंतराज्यीय,37
ठुकराकर,53
अगाथा,82
क्रीड़ाध्यक्ष,42
चमकाते,36
तड़पना,7
तहसीलकर्मियों,43
पगड़ियां,40
संबोंधित,43
झुलसती,36
खटखटाकर,24
पुण्यों,39
सम्भवत,60
धौलिया,42
मदीहा,154
लक्षमी,42
रास्तें,67
बैंती,42
नुक्स,24
प्लेग,63
ध्वजों,29
निबंधों,34
स्वायत,43
क्रांतिवीरों,18
मनवाना,85
आफीसरों,40
आयोजनकर्ताओं,43
जनस्वास्थ,43
तड़पता,7
थोपते,53
रूमानी,182
वास्तुशास्त्र,98
उपमण्डलाधीश,43
भक्तियोग,42
जांचीं,24
हड़तालों,43
दलपतियों,42
निकम्मा,53
पहुचाएंगे,24
उपभोक्तावादी,18
रूखैयार,43
सायरी,40
पतलू,152
रुपों,22
वायदाखिलाफी,53
अंचलकर्मियों,43
शतवार्षिकी,34
कॉकरोच,41
अकालग्रस्त,43
रूहानियत,154
ज्योतिर्लिगों,42
खटकाना,24
ब्रह्मशक्ति,42
वाइब्रेशन,12
तिथी,34
ठसक,154
अनुपाल,43
कानोंकान,17
झांकती,24
जायदादों,166
नाचा,170
तूफानों,36
यादकर,154
मैमो,63
धांधलियां,53
क्षमादान,53
तेजोमयानंद,42
दुग,42
पंचतंत्र,182
पि्रंटर,42
बहुस्तरीय,193
महकेगी,36
सोहरत,99
ब्लॉकस्तरीय,42
महाकुम्भ,37
दृष्टिदोष,2
बारहवी,103
रजवाड़ों,166
स्वर्णदीप,42
चेकपोस्टों,34
कूड़ों,40
सूचिका,42
जाऐ,76
बख्तरबंद,37
निगलते,36
रगड़कर,7
बेलों,17
महातिम,42
चेली,42
फोटोशूट,112
कूढ़े,40
अदाएं,154
सम्प्रेक्षण,105
पुर्नमतगणना,43
रेलखंडों,40
बैरेकेटिंग,151
मिता,42
दोहराता,65
नगदीकरण,43
महारत्न,30
आयेजन,43
खांडसारी,166
नातियों,197
एमएलएम,151
करुणामूलक,42
शोभनीय,65
ऐंठता,53
छींटदार,17
हुक्मनामा,53
तुड़वा,24
अधवार,42
अपवंचित,43
चंद्रचूड,42
कराउंगा,24
फ्लोराइडयुक्त,12
फंसें,7
आर्यमान,42
फाड़े,7
महाप्रलय,14
समाजकल्याण,43
हिस्सो,71
सन्यासियों,42
पीलरों,40
बिछुए,29
स्विफट,122
डाईऑक्साइड,12
ईश्वरचन्द्र,42
रहेंगा,24
चिंकारा,41
सद्भावपूर्ण,43
गलता,176
कार्यविधि,43
कॉस्मेटिक्स,13
तिरपालें,40
पिण्डी,42
रोड़ों,7
संवारेगा,36
मध्यस्था,53
गुदे,17
महासंघों,31
गुस्साकर,53
बिताता,19
ढालकर,14
अंधेरिया,42
अतिमहत्वाकांक्षी,105
मड़हों,42
छुटने,7
आनंदलोक,42
उर्वरकता,17
खम्बे,40
पार्काें,40
सशुल्क,43
फब्तियों,53
सैनिको,25
बैण्डबाजों,170
ग्रामांचलों,37
जमादारों,43
जिह्वा,44
बदलेंगी,14
भुमिका,21
भेंड़,41
मांजा,17
दुल्हनियां,112
सद्ज्ञान,42
ऋणधारक,166
ऐलिवेटेड,151
खिलाएगा,17
डूबेगी,144
प्रियता,0
अजगरों,41
चुनावकर्मियों,43
मुजरा,53
योजनास्थल,42
होरियारों,42
उठवाना,24
एकाकीपन,19
रुहेलखण्ड,37
सुप्रीति,42
डलवाये,24
साम्रगी,22
मुंहबोले,197
अजन्मा,177
लालबत्तियों,40
अमृतानंद,42
उर्वराशक्ति,17
कपालभांति,189
कवक,17
क्षेत्रीयता,18
हंगामों,53
इहलोक,74
विकर,89
बकने,53
जकड़,7
सुविधाविहीन,18
फहराये,29
कष्टमय,39
क्षतिगस्त,196
धातुएं,185
फैंके,7
अतिसंवदेनशील,0
पुरवारी,42
गड़वाने,24
चलूंगा,24
फेंकेंगे,7
बेरों,40
अण्डा,41
गैरशिक्षक,42
पूजनोपरांत,43
ढ़ांचा,43
खंडविकास,43
लोकसंस्कृति,18
कलाबाजियां,93
ज्ञानकुंज,43
गुप्तचरों,33
उदबोधन,43
हास्यापद,65
अहिरन,42
मुक्तों,43
फिसलती,7
पकड़वाए,7
अल्टीमेट,151
़िजन्दगी,42
अच्छाईयों,39
पछाड़,55
ठण्डी,36
ठोककर,7
व्लाक,43
रामसेतु,37
ध्वाल,42
लगवायें,24
सिंचन,17
बाइलॉज,23
पद्घति,43
पारंपारिक,18
टटोलेंगे,24
व्हाट्सऐप,151
अयोध्यावासियों,42
एकलौती,177
सूचनार्थ,24
नैपकीन,13
मुर्ग,41
किडनैपिंग,53
उनतीस,77
वाक्ये,65
प्रतिव्यक्ति,169
जुनूनी,19
परिरक्षण,22
अनमोलदीप,42
हिंदुस्तानियों,37
खुलाया,24
नहाई,17
दर्मियान,154
पिरोना,7
जूतियां,29
साम्राज्ञी,82
प्रेसों,151
बदाम,17
कुंभकारों,42
सिंवई,17
फले,11
मडै़या,37
पुस्तकाध्यक्ष,43
संयमी,39
येाजनाओं,40
बाड़,40
मंत्रित्व,43
निर्वाणोत्सव,42
देखूं,24
धुलियान,40
छिने,154
खुलनेवाली,24
कोड़ियों,40
हुअा,190
भट्टोवाला,42
बुझते,36
पौधें,17
बड़बोले,18
खड़ापत्थर,40
महाप्राण,136
मजहबों,18
निष्ठुर,53
फन्दे,7
तैसा,81
तमीज,154
रूठकर,197
चमकेंगी,24
झुलसता,36
खुबसूरती,0
मुद्रणालय,43
लहराये,29
रखवाएं,24
ईसामसीह,74
अधिनायक,18
हेपेटाइटस,63
वारों,130
भम्रण,70
बेसब्र,19
पेचीदगियों,14
छींटों,17
रूपांतर,182
तपता,36
खंडो,34
विकासोन्मुख,43
रुढि़वादी,18
फेफडे़,44
पंरपरागत,18
तीर्थोद्धार,42
असमां,154
बख्शेगी,154
दृश्यम,112
घुड़साल,41
गढ़ों,40
रनधीर,46
जुता,17
कृतिवास,42
ब्लैडर,63
भूविसर्जन,43
धोई,17
बैठायी,7
विधायको,43
पिण्डदान,42
कुमति,46
खननकर्ताओं,40
चाटुकारों,53
कटवाये,17
घिग्घी,7
थिरकना,170
ख्वाहिशें,154
आंधियों,36
लड़ाइयों,55
मानवजाति,0
तराशना,24
खाइए,17
महानगरपालिका,37
मुख्यतार,24
अतिवादी,18
कनिष्ट,105
मछलीपालन,43
एमटैक,23
अटैचियां,40
नावघाट,154
सरकती,7
शंखध्वनि,170
कार्याशाला,43
पारलौकिक,0
मचाएगा,53
भेड़ों,41
नेति,198
रेडियस,90
दन्त,17
महिमामंडित,42
सुमंगलम,42
संदूकों,40
मुलाकातें,19
भटकाया,24
नवदंपतियों,197
गत्,26
सूचारू,21
सानु,42
मुस्तकबिल,154
मछुवारों,144
उदयमान,105
आडम्बर,53
ताजिएदारों,154
चमत्कृत,19
हथियारो,25
आलेखों,0
ब्रजयात्रा,37
पूर्णरुपेण,0
मैन्यूफैक्चर्स,151
भुपेश,42
ताईक्वांडों,31
आनुपातिक,169
खपाए,53
मतवाली,170
मोजूद,76
मंगवायी,24
पारिस्थितिकीय,98
किरायानामा,53
आत्मविभोर,19
प्रत्यर्पित,33
गुरुत्वाकर्षण,12
प्लेनेटोरियम,40
नहाता,17
परिक्षेत्रीय,37
जिप्सियों,40
जमाती,11
छिल,7
नितियों,43
लम्बोदर,42
प्रशसकों,42
निरूपण,0
जोड़ती,71
काऊंटर,43
शब्दबाण,7
बलाय,46
पिघलाकर,17
पूर्वसंध्या,42
पुलिसवाला,43
ठिठका,7
झटककर,7
प्लाटर,151
विकाउ,24
भावानंद,42
गुदर,42
कम्यूनिष्ट,18
बनिए,156
बीतेगा,19
कणकण,74
खटोली,42
ढोकला,17
नवोन्मेषी,105
मट्ठी,17
भूकंपीय,14
पताकों,40
चाटा,7
कांग्रसियों,18
बिखेरेगी,36
छोड़ूंगा,24
महोदया,1
अथर्ववेद,42
लोकशिक्षा,43
अशिष्ट,65
असफर,23
उघोग,23
झरोखा,40
उच्चाधिकारियो,43
गोधूलि,42
फफूंडा,42
चौडे़,28
इशानी,42
संस्थापन,43
बहानों,53
सूंघकर,17
सात्विकता,39
आशक्ति,42
सड़ते,7
मुकरते,53
पिटवाने,7
निर्धारकों,160
घपलेबाजों,53
असंबद्ध,0
साक्षत्कार,151
श्रमाधीक्षक,43
शियाओं,154
शटलरों,40
रिक्तता,167
मुरझाये,36
मकाम,99
बछड़ों,41
प्रियजन,71
सर्वदमन,42
धड़ाम,7
अंतरविद्यालय,43
चिह्नीत,0
बुलवाए,24
भांजों,197
थमीं,24
सिद्देश्वर,42
इंतकालों,69
तीखापन,65
कीजिएगा,24
नेवले,41
प्रतिभानंद,42
दण्डाधिकारियों,43
झरझरी,17
प्रत्याहार,136
जनप्रतिनिधिगण,43
उदंडता,53
जेर,46
बंदरिया,41
दुबरा,23
महजबीं,154
लालवास,42
दायित्वबोध,18
प्रथमदृष्ट्या,186
अग्निरोधक,0
दुल्हैंडी,40
पन्त,42
बामनिया,42
बिदाई,26
जनसंर्पक,158
सामूदायिक,43
गौरान्वित,0
आशावान,0
गतिसीमा,40
वक्र,91
राष्ट्राध्यक्ष,43
करायेंगी,24
डूबेंगे,144
हरते,46
सींचकर,17
सुधारो,43
बहलाया,53
फूलते,17
देखनेवाला,24
जोशीली,105
पद्धतियां,43
भिनभिना,17
जोई,38
वेंटिलेशन,63
विरोधाभाषी,0
आशिकों,154
निकलनेवाले,24
विलुप्तप्राय,6
नाचता,170
हौसलाआफजाई,18
झाऊ,17
खिंचवाते,24
डलवायी,24
कुर्बानिया,18
पुतलियों,44
वद्धि,157
राष्ट्राध्यक्षों,43
मनभरी,42
बिखेरना,36
ट्यूबवैलों,40
ऐथलेटिक्स,31
महिना,26
छाला,17
भूमियों,166
प्रवीणता,43
चंद्रकेतु,42
खिलेंगे,36
टोपा,29
अमीष,42
भटकें,24
विक्षिप्तों,18
माध्याह्न,42
टपके,17
औधे,7
मुल्जिमानों,53
इसाइयों,18
पुरुषार्था,39
झाड़ना,7
सीका,94
रूमाना,154
अट्ठाइस,77
अठखेलियों,197
गवाहियां,53
भुनाना,24
पीठाध्यक्ष,43
चकल्लस,59
जनन,197
पूर्णेन्द्र,42
दंबगई,53
खभों,23
सम्पोषित,43
मृदभांड,40
तन्त्र,43
जुल्मी,53
पट्टेधारकों,40
भौचक्क,19
ग्रामसेवक,43
वसुन्धरा,42
उन्नतीस,0
गलेगी,24
हर्षधर,42
शलभासन,189
फूलबंगला,37
विहर्ष,42
युति,130
सतकर्म,39
गल्तियां,14
विशिष्टजन,0
आनंदम,72
दर्खास्त,43
संस्कृतियां,18
कुबूली,53
गुण्डों,53
किनकी,2
पारख,42
भेदिया,186
विष्ठ,42
आर्कषक,36
चटपटी,17
श्यामपट,80
नोंचा,7
शरणदाताओं,40
स्टैण्डों,188
प्रतिद्धंदी,55
बनानेवाली,24
नवशक्ति,42
हिंदुजा,164
स्नानों,42
बन्धन,7
अर्धशतकीय,31
कर्मदीप,42
बदमिजाजी,65
भांगड़े,42
कतराई,24
खोयी,24
भभूती,29
परावर्तन,28
स्वीकृतियों,43
शलजम,17
रुद्रनगर,42
रचेंगे,24
भुट्टे,17
कमाख्या,42
उबरकर,69
आंगबाड़ी,42
गुलगुले,17
जिस्पा,42
नवपत्रिका,42
लुंजपुंज,27
परिवादियों,40
सहशिक्षा,197
परिजात,42
लचका,24
बरातें,40
रटे,65
संगोष्ठि,43
कुंदो,7
कथाचार्य,42
लकड़हारे,156
फरियादों,53
गुस्सैल,39
गवाए,170
काँग्रेस,18
महिम,198
उछालते,7
बातिल,154
लोटने,7
अचंभा,19
धर्मरक्षा,43
लगवाएगी,24
किशलय,23
घड़िया,64
जगाएगा,19
महामहोत्सव,42
रेखांकन,88
दबिशों,53
स्नानघाटों,42
संभावनायें,14
सूजल,23
चौकता,23
अजीर,23
दर्प,39
अनदाना,42
धटना,14
भगवद्गीता,42
लोकोत्सव,42
रेंगे,17
सुविधाशुल्क,43
गाढ़,29
पुर्नमूल्यांकन,43
दहाड़,7
जटायू,45
क्रिक्रेट,31
कार्रवाइयां,53
अमृतमय,74
टकराये,7
दूग्ध,13
प्रज्ञापुराण,42
नक्सा,35
लक्ष्यपूर्ति,43
भेलपुरी,17
बाउड़ी,23
मुकद्दमों,53
पितृों,42
प्रेतों,93
राखाल,42
मृत्युभोज,197
उठेंगी,24
उखड़ी,7
उन्हीें,24
उफनकर,7
संयोजिकाओं,42
पंचायते,43
बखेड़ा,55
भोगवादी,18
बुद्धप्रिय,42
गुणनिधि,42
पुनर्बहाली,43
लचीली,189
अतिथी,43
खिचवाने,24
कार्ययोजनाएं,43
जादूगरों,93
अधिकारो,43
पकोड़े,17
स्तंभकार,105
सेवता,42
बंजारेवाला,42
सोंठ,17
बिल्लियों,41
पकाएं,17
लकड़हारों,156
अड्डें,37
प्रदेशी,42
ऱफ्तार,40
शताब्दियों,0
सिंघु,42
हरियाचक,42
सोचनी,24
निर्भयता,18
दानकर्ता,43
वाकपटुता,39
कड़वाहट,17
मचाएगी,53
वृहत्तर,18
फरेबी,53
भूतप्रेत,93
रंगभेद,18
सुहागरात,197
छेने,17
झड़पें,53
फकत,154
प्रदक्षिणा,42
भ्रमों,14
लुढ़कता,7
अलबेली,42
मुस्कुराए,65
जनपक्षीय,18
एकडला,42
जीजू,197
जिजीविषा,18
निम्नवर्गीय,18
साहूकारी,166
उपजाउ,17
नूडल,13
बारातें,40
पढ़वाया,34
अनुभूतियों,0
परिग्रह,39
अड्डेबाजी,37
अतिक,154
सेहतमंत्री,43
चाहूं,24
बिठाये,7
प्रकाशपर्व,42
माड़,17
युवानीति,105
मिट्ठु,42
कक्षपालों,40
चतुर्भूज,42
ध्यानाभ्यास,0
रंजो,154
कड़बी,23
दरबा,40
दीनता,39
मशालें,36
कंप्यूटराइजड,151
सूक्ष्मजीवों,17
चिन्गारी,36
समरूप,18
स्वर्गलोक,74
खोएं,19
समाशोधन,43
पाणिग्रहण,42
मतदातओं,43
शयनकक्ष,40
कलाईयों,44
अपभ्रंश,97
कुरकुरा,17
ढोलकी,170
इनायती,154
फुलों,36
फिरदौश,117
जेबकटी,53
शिक्षितों,18
वनफल,42
दिलायेगी,24
शुरूकिया,43
कूड़ाघर,40
साड़िया,40
बदचलन,93
पुर्णिया,42
मलयाली,37
छक्कड़,42
हर्जा,166
आकाशगंगा,110
झाकने,24
अटैचियों,40
सहयात्रियों,37
लातों,7
आदर्शदीप,39
तिलंगा,42
पिटती,7
बंधता,7
प्रत्युश,112
तोडऩे,40
तरुवर,36
ट्रांसर्फामर,40
सीएससीए,151
बुद्घ,42
यज्ञदेव,42
बरताव,53
दिखलाने,24
चिल्लाहट,170
झांकें,24
कनिष्ठा,44
खुशाली,42
गारी,197
चुनिन्दा,77
स्वछंद,184
रक्षापंक्ति,14
प्रतिष्ठापरक,43
नहरिया,42
दोलन,12
टेगौर,92
सांढ,41
धनात्मक,0
छलकता,17
हिताधिकारियों,40
मुर्ख,39
यंत्री,43
दुत्कारा,53
हाईजीन,13
बेमकसद,154
चुनीं,24
जोरू,197
बुद्धिजीवि,105
शबदों,42
मधुमंगल,42
पटरानी,82
हरिप्रताप,42
अर्हताएं,43
झोलियां,40
संबधों,71
खिदमतगार,154
पुस्ताकलय,43
नियंत्रणाधीन,43
कांफ्रेंसिग,151
वेल्डन,40
नियमसंगत,43
लोकसंगीत,170
हिमखंडों,144
राष्ट्रदीप,42
वेदांताचार्य,42
लश्करे,154
प्रखरता,27
अंकेक्षकों,40
मुकदमो,53
वॉलीवाल,42
दीपाकर,42
दहकती,36
मृत्युन्जय,42
चट्टों,40
कपकपी,63
उबाऊ,14
अभिजय,42
ढूढ़े,24
विस्मय,19
इत्यादी,43
जैकेट्स,29
स्वघोषणा,43
समयसारणी,34
सबे,75
प्रभुजी,42
प्रकारों,22
मित्रमंडल,42
भगाएंगे,24
चोटिलों,42
खुराकी,13
छेड़छाड,53
अभियांत्रिक,43
केशों,17
परिपालन,43
संविवि,42
अजन्मी,177
गुजारता,19
संगमरमरी,40
दामो,166
सप्तरंग,42
व्यावहारिकता,21
मढ़कर,53
बांधनी,7
दिलाऊंगा,24
पिछड़ना,18
फौलाद,17
दावतें,188
निखारती,36
बायोटेक्नालॉजी,151
सर्राफे,166
देवगुण,42
नमांकन,43
रिसौरा,42
स्वेच्छाचारिता,18
नकारना,24
बद्धता,18
ब्रह्मऋषि,42
जाहीर,24
दहाड़ने,7
समानातर,134
फोड़े,7
लुटाते,53
टेड़ा,7
लेनेवाली,24
दीप्तिमान,27
चापा,46
लेखापालों,40
बादर,46
ओद्योगिक,166
घुंघट,29
शिवालक,42
भैंरो,42
सर्वाेपरि,43
जफरयाब,154
दानपत्र,34
प्रंबध,43
सुलक्षण,42
रिक्शेवाले,40
मूलाधार,44
वरिय,23
अनुपातिक,169
भाग्यविधाता,18
आखिरकर,55
गैसे,12
पतजंलि,23
ट्रासपोर्टिग,40
महापालिका,37
पुडि़या,40
गृहिणियां,188
आसुओं,17
महाअधिवेशन,43
दर्दभरी,65
अभयनंदन,42
अव्यक्त,180
ठगना,53
थ्रैशर,40
विद्याभवन,43
समावेशित,0
बिछुड़ी,154
जुड़ें,72
सिंघारा,17
सृजनशील,105
चारपाइयां,40
संसोधित,43
दफ्तार,40
नजरअंदाजी,43
बोलवाला,42
ग्रामींणों,43
कमलेंदु,42
पीतवस्त्रधारी,42
गुंजाईश,14
मेलाध्यक्ष,43
रेंगना,17
भयजदा,42
कर्यालय,40
राजावास,42
अप्रशिक्षितों,18
रंजीश,154
शिक्षालय,40
जीवनदर्शन,18
हर्षवंती,42
जलसमाधि,37
नमाजों,154
दमनवीर,42
वन्दे,18
फूं,36
टेंक,25
जनसुरक्षा,43
परिपेक्ष,0
परम्परानुसार,139
चुपकी,24
कटानी,17
आनंददायी,0
उर्दु,37
रसदार,17
दंगलों,31
चित्ररेखा,42
कलाधाम,23
बॉयोमैट्रिक,151
सुधराना,24
निभायेगा,21
जाइएगा,24
लड़ाएगी,24
क्रैशर,40
जोते,17
मुशर्रत,154
पंक्तिया,34
त्रिभुज,28
मूछों,44
रामव्रत,42
सन्तुष्ट,24
झंडिया,42
हमवतन,31
होटलकर्मी,43
हालही,53
विशेषज्ञा,98
उम्रभर,19
पंद्रहवीं,103
चुड़िया,40
खुराकें,13
सुपरमैन,182
सिंघासन,177
रामथली,42
घुसेगा,7
बरहाल,190
परीक्षाकेंद्र,43
राजमंदिर,42
सरहदें,11
अस्वीकृति,43
आनंददायक,0
शिष्याओं,42
बैंके,166
बिंब,0
मचानी,53
घुमड़ने,53
छापना,34
ग्रामसमाज,43
अनन्तराम,42
परांठे,17
नायलॉन,29
पुरूषार्थ,39
योगध्यान,42
शांतमयी,43
नगीने,185
जालियांवाला,42
विल्व,17
मृत्य,69
दिखवाने,24
उठाइए,24
सदृश्य,42
बहुफसली,17
अंबेडकरवादी,18
ज्ञानवीर,42
गरजती,36
खौलती,17
अनुसंधानकों,98
मौसमों,36
नवकुमार,42
पसारती,11
राजारानी,42
दुहराने,65
जागीरदार,166
संदर्भों,0
मुनीमों,42
रामगया,42
रुकनी,67
परम्पराएं,18
पुत्रवती,42
तोड़मरोड़,53
जाओं,178
गुण्डाराज,53
जलप्लावन,14
रेजिमेंटल,25
न्यायापालिका,43
खुशमन,152
निखारता,36
गोपूजन,42
सुनिश्चितता,43
याशमीन,195
भुरभुरी,17
अमरता,74
निखारकर,36
गुरूगोष्ठी,42
ढकेलों,42
उखड़ा,7
बायोलाजिकल,151
संप्रदायिकता,18
मुट्ठीभर,7
बदजुबानी,65
दानसहाय,42
गुरुमुखी,42
कलिका,42
अड़चनों,14
समृद्धिशाली,0
तकादे,53
हॉर्टीकल्चर,151
चिह्निंत,0
बिलबिलाने,7
खरोचें,17
दौड़ों,41
आमवाला,42
घुटता,7
मुनीराज,42
स्वार्थपूर्ति,43
भिड़ा,7
कपड़ो,29
वेदपाठ,42
उपजाया,17
दमाद,197
तहरीरें,53
सप्तसरोवर,42
आसामाजिक,0
जमाएंगे,24
सृंजय,45
सुविधादाताओं,43
फार्मूलों,145
मनिष,42
अद्यतीकरण,43
सियाड़ी,178
लीलने,7
लाइसेंसशुदा,34
बेहाली,14
हताहतों,14
प्रेरणात्मक,0
आईकॉन,151
स्लैबों,40
रिश्तेदारियां,197
महायोगी,42
पंचरत्न,30
दुखाना,24
सांईं,42
मनगढ़त,53
फंसेगी,7
बहुधा,24
फेकनी,7
भावनामृत,43
करकी,173
पैमानों,169
पादपों,98
अधिस्थापन,43
फूंकेगा,36
महके,36
परिणित,5
जंजीरें,7
संगतें,42
प्रवाहमान,144
ब्राम्हणों,156
पाण्डुलिपि,34
परनायक,42
दोस्तो,71
रिलीवर,13
राजपाठ,45
संग्राहलय,88
हंसवाहिनी,42
उखाड़ा,7
कीलों,7
सुता,46
निहारता,24
अष्ठमी,42
सुनेहरा,42
कमीं,157
जयजीत,42
मवींकला,23
स्वल्पाहार,188
ग्रामसभाएं,43
हादसें,14
उपमडंल,42
पराभव,158
कैंचियों,40
दुबले,189
अखंडपाठ,0
समाधियों,37
एनजेएसी,195
राजकिरण,42
दोहराएगी,65
लूटीं,53
साड़े,23
खडिया,42
उबलने,17
गढ्डायुक्त,42
पतौड़ा,154
चापलूस,53
झुंझुनू,42
विद्याकर,43
कपूत,74
शराबों,166
आंगनों,40
लड़वाया,24
मैनहॉल,42
प्रविधि,43
गणनायक,42
खरीदेंगी,166
अंतर्विरोध,18
पाठ्यपुस्तकों,34
पुरातत्वविदों,98
श्रदालुओं,42
रौणकी,23
लड़ाके,25
पूर्णचन्द्र,42
सुननेवाला,24
दलो,87
तदन्तर,139
कृष्णपद,42
घड़ा,17
पैत्रक,177
मौद्रिक,185
तिकोने,28
जलबेड़ा,144
गुजरनेवाले,24
उपसंस्थान,43
सेमीफाईनल,31
बहुरूपिया,105
ज्ञानियों,42
धूपवाला,42
नीलगिरि,10
वायसराय,2
जिस्मानी,154
अधिवर्षता,43
भेदकर,7
षडयंत्रकारी,53
शकी,23
झलके,11
हटूंगा,24
बड़का,197
विद्यादायिनी,42
भेड़िये,41
नियमपूर्वक,42
कुसैला,42
उपक्षेत्रीय,37
एकाग्रचित्त,198
गार्डरों,43
सुरक्षागार्डो,43
सूचनापट,43
आकाक्षाओं,14
अनजानी,19
सासों,197
संभवता,60
भवनेश,42
पेंटल,42
दियाली,24
छोडि़ए,24
कास्टेबलों,43
आनुवंशिक,63
मैपल,58
ग्र्रामीण,37
गैलनों,40
कम्पीटिशन,151
बचके,67
पिलर्स,151
कारणो,77
भीं,24
अजन्मे,177
संगीतबद्ध,170
खुदने,7
अंधों,93
विपक्षीगणों,18
लड़ाएंगे,24
छात्राए,43
एआइएफएफ,38
उगलेगी,24
होनें,24
समधिन,197
फिरकर,67
जंची,24
कुंवरजी,42
दिलसुख,53
झेंप,7
झनकार,170
अशिक्षितों,18
हाईलाइट,151
घुड़सवार,31
स्त्रीरोग,98
लिफ्टों,40
छाएगी,24
कालीपट्टी,42
उड़ेल,17
चिंत,42
जारगण,23
तड़ातड़,7
निर्बलों,18
पसारता,11
पदक्षेप,53
सनुज,199
सोनपापड़ी,42
आलुओं,7
चढऩे,29
सिगार,13
गैरजमानतीय,53
बढ़वाए,157
साडि़यां,40
सहायत,43
फिरेंगे,24
तर्कशक्ति,39
मुस्तकिल,154
़कानूनी,53
इंद्रिय,39
भापकर,7
बेवकूफी,39
परियोजनाकर्मी,43
परपंरागत,18
जगमगाए,36
रंगोलियों,40
मनोविज्ञानी,98
अटकलबाजी,53
अरूणाय,42
अधिष्ठानों,88
गड्डियों,40
टायलट,151
निकम्मे,53
कलशधारी,42
महासंगम,42
नैनन,46
विश्लेषणात्मक,0
पशुबाड़ा,41
बड़की,197
सांगीतिक,170
छियासी,77
कबाड़खाने,40
विभाजनकारी,18
आर्कीटेक्ट,40
भौंरो,36
ठहराती,53
अधिमास,42
गिराता,7
सहता,53
सन्तान,197
क्षणभंगुर,39
मोनाली,42
पिटवाकर,7
झोंको,36
लगतीं,24
दस्तानों,29
बहनो,197
कागा,46
सड़ना,17
निकौनी,23
अंतरराज्जीय,37
सुर्यदेव,42
अंर्तजनपदीय,42
ढलाव,17
रूपसा,42
लोकाचार,18
शिकारगाह,40
भिक्षुणी,42
खुर्दी,42
नवविवाहिताएं,197
पिण्ड,42
फेंको,7
भड़वाल,46
वात्स्यायन,45
छपना,34
निस्तेज,18
उड़ते,7
इतंजाम,53
करुणामयी,39
अकाट्य,0
हिचकती,24
पोषणीय,22
रासना,42
पूर्वाह्व,42
चूकती,24
बच्चादानी,197
पहचानकर्ता,0
रसोईये,188
भुलैया,93
दूधमुंहे,197
छिटकने,7
तंत्रमंत्र,42
टाटपट्टी,42
घबराती,24
घूरने,24
झाक,23
दलदला,40
पनपेगा,11
लोकधारा,42
संक्रमक,63
सौपेंगी,21
महरूफ,154
लेनदारों,166
उमड़ती,53
चेंकिंग,151
कटि,44
तारने,74
मोगे,42
सुलझाएगी,14
हज़ार,77
वित्तपोषण,43
काव्यांजलि,42
चूंकी,190
वीरचक्र,30
सर्वमंगल,42
थपथपाकर,7
अड़चनें,14
गवाना,24
पकड़ाये,24
बतियाने,19
मानकविहीन,18
बैंड्स,170
विस्मित,19
सत्ताईस,130
गिनायी,24
खदेड़कर,7
छुट्टे,26
नागाबाबा,42
पैकेज्ड,13
रामअधीन,42
लौटाएगा,24
सरकंडों,17
डीओपीटी,195
दिलायेगा,24
दूधमुंही,197
पिताओं,197
पिलाओ,17
कावरियां,40
कुप,23
गोष्ठि,43
जनप्रतिधियों,43
टीकाकारण,9
नहाये,17
निंबू,17
ओेर,23
कुकुरमुत्तों,17
प्रार्थिनी,43
लेटते,7
रंगते,36
वाशिन्दों,40
झिलमिलाती,36
संबन्धी,43
लक्षकार,53
टोटकों,24
गद्दियों,7
चिरकाल,0
क्रूरतापूर्वक,53
धिकारी,43
यमलोक,74
रामबरण,42
कात्यायिनी,42
बीतेगी,19
वसायुक्त,17
शागिर्दो,154
पढ़ायी,24
भुगतें,53
द्रविड,156
पर्यवेक्षकीय,43
पूँछ,44
कूलों,40
ढूढ़ते,24
प्रकाशमणि,27
संवरती,36
सडे़,7
स्पाइसजेट,37
मतगणनाकर्मियों,43
खिलानी,17
जानिये,24
छिंदो,42
अनसुईया,42
सूफियों,154
छुहारा,17
कामरूप,37
अगूंठी,29
जाओगी,24
सदंर्भ,43
अंचलवासियों,42
स्वस्तिक,42
क्रोएशिया,33
अनुबंधों,53
अन्दाजा,53
आश्वान,43
चुनो,178
दबोचना,7
पकौड़ी,17
फुव्वारा,40
़फ़र्जी,42
तड़पती,7
अंतरकलह,18
छात्रहितों,43
नसीबा,56
बर्षो,77
सलवाड़ा,42
कूदता,7
गर्भकाल,197
यतिंद्र,42
माहर,42
माध्यामिक,43
नक्षत्रपाल,42
घुमाएं,67
उखड़वाने,24
विशेषण,97
अमूक,23
गुनगुनाए,170
महाश्य,1
निर्भिकता,18
पढ़ें,24
कराऊंगी,24
करमाकर,42
मुहतोड़,53
छप्पड़,40
निखरा,36
खंडाधार,42
काव्यात्मक,0
ऊबड़खाबड़,67
घुलती,17
प्रोन्नतियों,43
अनुबन्ध,53
संदर्भन,0
पोटलिया,42
अभिरंजन,43
कुआंवाला,42
छिटका,7
बुंदी,42
मिष्टान,17
बहारों,154
अनुसमर्थन,53
हमलोगो,24
जर्जरावस्था,14
घूमाने,67
अतिसंवेदन,0
अंतरमहाविद्यालयी,43
यादगारे,19
सकेंगें,24
मरी़जों,78
प्रांजुल,42
पूंछताछ,24
घडि़याल,2
क्रंाति,43
कंधो,44
प्रधानाध्यपकों,43
अव्यस्क,180
आढ़तियो,166
हर्षाली,42
सतीत्व,82
लताड़ा,53
लघुउत्तरीय,37
मनोरंजनकर,182
चौखड़िया,40
कालिमा,36
कटवाएं,17
अाज,190
जलाईं,36
बांधेंगी,7
शैलानी,37
लोकोक्ति,97
लताओं,17
सुगमतापूर्वक,0
परिसम्पत्तियों,166
सन्तों,42
ढूंढे़,24
लाड़ला,42
धनवेश,161
व्यायामों,189
सुशिष्या,42
चलवाता,24
शहनाइयों,170
फाड़ना,7
प्रयोजनों,43
पानेवालों,24
काननूगो,82
असपताल,63
उजड़ता,6
हस्तरेखा,130
सिसकने,7
सहप्रमुख,0
शुभकानाएं,99
रंगारग,99
गिनना,24
खिलखिलाती,65
शुकून,19
भंगडा,42
बिगाड़ते,14
फरोशों,154
नौै,23
नामात्र,0
दामादों,197
चिड़ा,23
देशप्रेमी,18
बढ़ावा,24
भड़कता,53
पटकी,7
लडे़गा,55
पिछड़ने,31
भाते,170
मागदर्शन,43
मंत्रिमण्डल,43
गरदन,44
बरगलाते,53
समरेखण,17
धर्माें,18
फँस,7
जननेता,18
चिन्हिकरण,0
चूकें,24
सर्वकालिक,105
रमते,46
पाइए,72
तालाबो,40
निजाकत,42
टप्पे,17
गुबंद,40
खटकी,24
कानूनविद,105
शिष्टता,39
महापूजा,42
विश्वकांत,42
संभालो,178
बहारा,154
पदधारक,166
आंचलों,37
जीवनदाता,74
मुरझाई,36
परीक्षाफार्म,43
खर्राटा,40
अध्याशी,42
कस्बाइयों,40
कोटशिला,42
भेजूंगा,24
मर्रोली,42
रिति,18
संचारक,43
औधोगिक,166
गलाया,24
चमड़ी,44
छायावाद,92
प्रबोधनी,42
असमान्य,0
तरकारी,17
नगरध्यक्ष,43
मुख्या,0
हजामत,29
अपशिष्टों,12
उपने,149
कॉप,89
गणितज्ञों,98
चखते,17
छिनकी,197
जांघिया,29
गुत्थियां,14
घोलते,17
फूटबाल,31
वेतनक्रम,43
जद्दोजेहद,24
प्रतिरूपण,0
प्रक्षेपित,90
चटाते,7
डराती,53
परिमार्जन,22
बीकर,15
मंगलावार,42
उपचारधीन,63
जबानी,65
ठुमकों,170
झगड़ना,55
अस्वीकार्य,53
सुलझते,14
परियोजनाकर्मियों,43
शार्गिदों,154
कानूनविद्,105
बिगाड़ी,14
ब्राचों,42
उपक्रीड़ाधिकारी,42
ऑफरों,122
चुंदरी,82
भाभियों,197
भौचक्का,19
रूखे,17
व्याधियां,63
किश्तियों,40
ज्वालादेवी,42
दुष्प्रेरण,0
व्यव्स्था,43
व्हाटसअप,151
झड़पों,53
पक्तियां,34
गुजारकर,19
हादसो,14
छोड़नी,24
इच्छुकों,24
किन्हें,2
लुभाता,170
सुधारवादी,18
फुलझड़ियों,40
तिगुनी,157
कॉपिया,34
असम्भव,24
गवांने,19
गुरुसेवक,42
डगमगाई,7
हंड़ताल,43
बेस्वाद,17
ऊर्जीकरण,43
आयुद्ध,6
उपकार्यालय,40
सुपरस्पेशियलिटी,151
घंटाभर,26
मकड़जाल,7
हठवादिता,53
रीढ,44
बादशाहों,177
न्यायहित,53
टरबाइनें,40
रंगवा,29
जोंक,17
पिस्टलें,25
मेरु,42
बलधर,156
परिणिता,5
देवग्राम,42
त्रिशक्ति,42
सदाव्रत,42
लघुकथा,34
रुकमनी,42
गिराएं,7
ठहराये,53
तकलीफदेह,14
जलपोत,144
भौड़े,151
परिचर्या,63
पहुंचेगें,24
चिकुनगुनिया,63
बसेगा,24
शोधपरक,0
स्टोप,151
संलेख,43
एकताबद्ध,18
क्लाइमेक्स,112
जीवनवृत,34
समस्याए,14
पकाये,17
कार्यक्षेत्रों,166
जलेंगी,24
छाएगा,24
दों,137
पहुॅचे,24
पृष्टभूमि,0
सौवें,77
प्रथमिकी,43
मनाइए,42
सूर्यकला,42
हटवाएगा,24
स्वावलम्बन,18
झिलमिलाते,36
भौंहे,44
लहरावन,42
महारूद्राभिषेक,42
बाढ़,14
मंडराना,19
हड़काना,24
सींचते,17
मानभत्ता,42
भूलों,14
खुशियाल,42
महँगाई,157
सौमेंद्र,42
प्लावित,36
प्रशिक्षणोपरांत,43
समालोचना,53
अंजानी,19
ज्यादतर,11
अच्छाइयां,39
सुकर्म,39
शांतिवन,43
लेबी,151
बगुले,41
टंकार,170
कंपास,28
दंगाईयों,53
गुस्सायी,53
नाट्यकला,105
श्रीराधे,42
शांतिपाठ,43
निरूपित,0
खादें,17
बेईमानों,53
फुलगोभी,17
पर्यटननगरी,37
तिरपन,77
ज्यामिति,98
जलेबियों,17
जजबा,23
धर्मपरिवर्तन,18
स्तरहीन,53
महासर,42
फूहड़पन,65
त्रिदीप,42
घेरती,7
उजड़ना,40
चहचहाट,41
तानाशाहीपूर्ण,18
अधिपति,103
प्रचवन,43
सुधरेंगी,14
मुट्ठियां,7
बीआई,151
अपंगों,18
फसाने,53
खिलकर,36
खिताबों,31
भावार्थ,46
सजाओं,53
रुलाना,24
दरख्तों,17
ठेलेवालों,166
खटखटाएगा,24
हाथोहाथ,24
नफरतों,154
होम्योपेथिक,63
छुआछुत,18
सदगुण,39
सींखचों,7
सम्भालने,21
लठमार,42
बसंतकालीन,0
रमणीयता,36
बैरीकेड्स,25
बांधो,40
गेहूंं,42
घड़े,17
जनश्रुतियों,60
महाभंडारा,42
दीने,154
गुजरातियों,51
बासमति,17
परिवर्तक,47
उद्घाटनों,43
पैतरे,24
सड़े,7
हाजमा,63
फहराएगा,29
ठूठ,17
त्रुटिवश,14
गद्दीस्थल,177
मनवाएंगे,24
बरखास्त,43
कुर्तियां,40
गीते,42
हिमांक,12
मध्यवर्ग,18
चिकित्सों,63
घूमंतू,156
संवर्गों,43
पैदावर,17
जनस्वाभिमान,43
छुड़वाना,24
फांदने,7
प्रार्थनाओं,53
जबड़ों,7
दरका,7
संतजनों,42
देवासुर,74
उत्तराखंडियों,42
उच्चारित,136
भिड़ने,7
प्रबंधको,43
देहान्त,69
कृपासिंधु,46
मंगाता,24
इमर्जेंसी,63
शस्त्रधारक,42
दौड़ाई,7
फिल्हाल,24
स्मगलर,53
नांमाकन,71
चलतीं,24
झाड़ों,17
धाराप्रवाह,37
पालकियों,40
यहूदियों,18
अमृति,42
आवंटनों,43
गडबडी,14
गाड़े,29
चुराती,24
प्राप्तकर,24
भैंसो,41
मुआशरा,154
लौहगढ़,42
भट्ठेदारों,42
नोटिफाई,151
तटवासी,42
नामिक,98
कुल्चे,17
सहयेागी,23
फटिक,42
दिखाऊंगा,24
सुन्दरकांड,42
चढ़ानी,29
रुखसती,154
आक्रमणकारियों,53
पाबन्दी,53
आकारों,28
कबसे,24
बदनीयत,53
हृदयस्पर्शी,0
महामस्तकाभिषेक,42
हेडकांस्टेबिल,43
ईष्टदेव,42
अबे,197
गरमागरमी,53
जनान्दोलन,18
झनझनाहट,63
बलिष्ठ,189
अपेक्षानुरूप,43
आत्मविश्वासी,18
उथले,144
नित्यप्रति,189
उदयाचल,42
ठेकेदारो,166
भष्म,36
पिछड़ावर्ग,18
वाकीटाकी,53
थायरॉयड,63
जगाएगी,19
गाड़ने,29
बेराजगार,166
बाछें,36
बनवाती,24
विशोक,42
दुबकी,7
निठल्ले,53
संग्राहकों,22
शक्तिवर्धक,189
राजस्मिता,42
समयांतराल,26
लड़ीवार,42
डींगे,7
छड़ियों,40
ढोता,7
नापना,7
सड़ाध,23
नव्य,106
कुरूतियों,39
हबीव,154
बैठक्,43
जलमहल,40
आख्यानों,182
हिमराज,42
खाद्यानों,17
शिक्षाप्रेरकों,0
छाएंगे,24
सुचारिता,21
प्राधिकारण,43
बिखरेगा,24
शिवेन्दु,42
तीर्थस्थली,42
जकड़ने,7
निश्चयी,24
नवचेतन,0
अमूर्त,0
बघेरी,42
अन्जान,19
कर्मकांडों,42
गोटें,40
स्वयंसेविकाएं,43
चिपचिपा,17
गतदिवस,42
विजयप्रताप,42
मुखड़े,170
संचालिकाओं,43
वाणियों,40
हर्गिज,53
कार्यनीति,43
स्वीकारना,24
लैक्चरार,151
सुलझती,14
अफसोसनाक,14
नेफ्रोलॉजिस्ट,63
स्वाब,43
मोडा,42
नवविकसित,47
उत्सुकतावश,19
दफ्ती,40
झाडियों,17
प्रथाओं,18
सोभ,23
जनवाणी,34
नाचो,170
फ्लोरिकल्चर,151
उपजाए,17
कान्स्टेबल,43
बन्दरों,41
वासुकि,41
थिरका,170
चुकाएं,166
अर्कवंशी,42
परीक्षार्थियो,43
एकात्मता,43
लेखांकन,43
आशुभाषण,43
इसकों,145
छिटकी,7
फलदाई,0
घुमाती,67
उपेक्षितों,18
उपभोक्तावाद,18
अभिक,42
टिककर,7
जोखिमपूर्ण,0
भगाता,7
डायटिशियन,63
विजातीय,156
यतिन्द्र,42
तरकस,25
बोटी,44
शीतावकाश,43
वक्ष,44
होर्डिंगों,34
कार्याकर्ताओं,40
चुकते,24
औषधिया,63
झोपड़े,40
पकेगा,24
शायं,26
शेयरधारकों,118
सुंघाया,17
कालापन,36
गूढ़ा,93
घटेंगे,24
चलनेवाला,24
वकालतन,42
कपटी,39
असमायोजित,43
शिवबारात,40
उड़ेलने,17
फांदते,7
मुक्तिदाता,74
शैलकुमारी,42
सिमन,38
जमाएं,11
ढकेला,7
प्राधिकारियों,43
आख्यान,182
फूलवरिया,42
अन्तर्जनपदीय,42
काढ़े,17
झंडेवाली,42
ग्राउन्ड,151
प्रत्यक्षीकरण,43
समार्हता,42
लूटो,178
लकड़कट्टों,40
स्वर्णनगरी,37
सुयोग,0
सीपीवीएफ,151
विश्वजित,42
चिंतामुक्त,43
गिनाना,24
कस्तूरीरंगन,42
छुपते,24
संग्रहकर्ताओं,22
नटवरलालों,166
जनविश्वास,43
वहशियाना,53
विसंक्रमित,12
समाधिस्थल,37
साक्षात्,42
रहट,17
बढ़वाई,157
परांठा,17
छिड़कने,17
बनोगी,178
दिलवाएगी,24
पिय,46
टेडीबियर,42
अग्नेयास्त्र,25
किसानसभा,43
गड़बड़ा,14
जगतजननी,42
नौसैनिकों,144
आजीव,198
नृपति,46
उदारतापूर्वक,39
कार्यालयीन,43
पुनर्रीक्षण,43
सौमिक,42
विदेशमंत्री,43
खटखट,24
दिलवाएगा,24
अष्टजाम,42
कर्षण,91
माइक्रोबायोलोजी,151
गुंजता,170
जूठी,17
नवगीत,92
बघाट,42
छेड़े,55
खिसकाने,7
गड़गड़ाहट,170
घडे़,17
संलेखना,39
मचाएं,53
बुजूर्गो,40
लेनदार,166
खग्रास,42
सटाते,7
तैयारियो,53
अगुवायी,18
मरोड़,40
पंसा,52
काश्यप,45
घुंघरुओं,29
आनंदकर,36
टहलती,7
तर्कहीन,0
दुष्कृत्य,53
गंवाये,19
मंजा,42
विरुध,53
कश्मीरियत,25
महकते,36
तंदुरूस्त,189
झगड़,14
दर्शकदीर्घा,105
पछतावे,24
महत्तवपूर्ण,21
लगानेवालों,24
क्षेत्रीयजन,37
मखना,23
रूपयें,77
सलोने,170
भक्तिमयी,42
नवजागृति,106
पढ़ाएगी,24
उबड़,67
बिच्छु,41
उन्मुखी,0
सूर्याेदय,42
सरंक्षित,21
संर्वधन,158
गोपुत्र,42
पुर्ननिरीक्षण,43
पड़कर,24
खदेड़ती,7
कार्मस,151
करछम,23
संध्याएं,42
महरून,29
संचारित,181
लोहरी,42
धनुषपूजा,42
झपटते,7
झुर्रियों,17
नगौला,42
बजबजाता,7
धंसकर,40
बड़हर,23
खुशनूर,42
खानाबदोशों,156
पूंछतांछ,24
चौमुखापुल,42
चुम्बकीय,12
चंगे,63
गवार,152
परखनली,15
अभिमंत्रित,42
कपडों,29
छीटे,17
दशरथी,42
पोछ,17
वस्त्रदान,43
शिलान्यासों,43
अन्जाम,53
खद्यान्न,17
संर्कीण,158
सूंघते,17
हलाहल,41
स्थागित,53
मूत्रालयों,40
बढ़ती,157
आरामशीनों,40
कनकभवन,23
घोंघी,17
जि़लाधिकारी,43
उनसठ,77
भावभिनी,42
खुदायी,40
सियारों,41
व्यवसासियों,166
मुताविक,169
महन्थ,42
विधायकजी,43
महासत्संग,42
मानकार,18
रुचिपूर्ण,0
गिनाएं,24
उत्पन,11
खारीज,53
दोगड़ी,42
सिस्टमेटिक,40
चिड़ियाघरों,41
दुर्दांत,53
फरमाइशी,170
मदहोशी,170
निणार्यक,61
शिक्षकविहीन,43
संकेतिक,0
घुमाए,67
रजिस्ट्रारों,34
छूटीं,24
आचलिक,37
खंभें,40
गृहराज्यमंत्री,43
अशुद्धता,12
अमलादही,42
झंझावत,36
सभापतियों,43
श्रेणीबद्ध,0
विरोधों,14
धर्मकांटों,40
दुर्भावनापूर्ण,53
चयनिका,42
बिहारवासी,37
पढ़ायें,24
आपुर्ति,166
अग्निहोत्र,42
एकतारा,170
अध्येता,98
यादाश्त,93
मंगवाये,24
बतला,24
पढ़त,34
ढोये,7
खिलजी,177
कू्ररता,14
किशोरिया,197
अटकल,53
अपहृताओं,53
महानिर्वाण,42
पैखाना,40
जलपात्र,42
कठिया,42
शिष्यता,42
मुडेरा,42
महादीप,37
सद्विचारों,39
अफसरो,43
पुरुषवादी,18
शिकायतो,53
विषाद,83
ठिठुरता,36
गिड़गिड़ाती,7
हृदयस्थल,37
भभूति,29
चमकाई,36
सटते,7
व्यपारी,166
भूवैज्ञानिक,98
ब्रजप्रांत,42
दंतेवाड़ा,25
अपराह्व,42
जाउंगी,24
अभिप्रेरित,43
सयाने,39
उपाध्याक्ष,42
कबीलों,156
संगोष्ठियां,43
भुनाते,24
छोड़ता,24
उन्तीस,77
कर्मचारीपुत्रों,40
घुमक्कड़,34
टिमटिमा,36
बहुसंख्य,18
अबाधित,0
करकमलों,29
टहलाते,17
ट्यूबबेल,40
रूपहले,36
लाचारगी,53
विशिष्टताओं,0
बढ़ार,54
जागें,19
जताएं,53
टाइटेनियम,185
करतूतें,53
शाकम्भरी,42
शराबमुक्त,43
चिंतामन,42
टनाटन,40
राजधानीवासी,37
दुर्लभतम,22
दिव्यकांत,42
नितान्त,0
जनदबाव,53
बरसाता,36
दुहने,41
पिघले,17
डला,7
अरून,23
क्षमतावृद्धि,43
सेकेंडों,26
कुतंल,23
स्वेच्छिक,43
बुजर्गो,40
फ्लाईट,37
न्यूतनम,42
झिझकते,24
प्रावैधिक,43
निरामय,198
विद्यापरिषद,43
मैंनेजर,43
उपप्रेक्षक,105
उपडाकघरों,40
उतावलापन,19
स्वशासी,43
अम्बवानी,42
अफवाहे,53
सुमेरु,42
सभायें,53
संवेदनशून्य,53
बलप्रयोग,53
फुहारे,17
फरोशी,53
गिरायी,7
जितवाने,55
प्रदर्शनकारियो,43
मधुरम,36
सुशान्त,42
हाँ,24
घरौंदों,40
चौरहा,23
पंचांगों,34
पकोड़ी,17
प्रेममय,39
फसलोत्पादन,17
फूलपत्ती,42
विकटों,31
साँस,44
उपजाते,17
भूमिदान,53
विश्वविधालय,43
सलहज,197
सुनवाया,170
जोतते,17
पतांजलि,42
कीटपालन,43
पिल्ला,41
उपस्थिती,196
औपचारिकतायें,21
पुर्नस्थापन,43
सुखाग्रस्त,43
फलते,17
कथकली,105
खलियानों,17
कराटा,31
कान्ही,42
रुपैया,77
भिक्षुकों,42
पिने,17
चढ़ें,29
गुरुभक्ति,42
पकते,17
डटने,7
नर्तकियां,105
ओढ़ना,29
रेशेदार,17
बनाऊंगी,24
पोह,23
पिंजौरा,41
पदग्रहण,43
कोर्रो,151
पुरखे,177
सजीवता,0
तुलादान,43
पीकदान,7
पण्डालों,42
विभाज्य,136
सौहार्दपूर्वक,43
हड़बड़ाकर,7
सिरत,42
दम्पतियों,197
सहस,46
सिधारे,74
घिरीं,7
एमडीएफ,151
जोतना,17
हटो,178
राशनकार्डों,43
प्रियानंद,42
निखारे,36
नातेदार,197
थानास्तर,42
गिनाएंगे,24
दालमोठ,17
धारियां,28
पूछिये,24
नामांकरण,30
तमाशाई,154
चिन्ह्,0
मिष्ठी,42
पुनर्भरण,22
मिलाओ,71
रोपणी,17
नासपाती,17
नबंरदार,42
नौवे,103
सैंकड़ा,77
तुर,23
ओवरसियर,25
सुवासित,36
जमाता,11
शुरूहोने,43
पैराग्राफ,34
सुसमाचार,42
घोंसलों,41
भोगनी,24
संभ्रान्त,18
साम्यवाद,18
सृष्टिकर्ता,74
उपअधीक्षक,43
रिझाना,170
वारदातस्थल,42
स्वजन,71
क्रिकेटप्रेमियों,105
नहलाकर,17
तरक्कियां,40
तीक्षण,27
कर्मचार,43
इसदिन,42
श्यामप्रकाश,42
बेजोड़,99
प्रतिस्थापन,43
पाठ्यचर्या,34
गढ़कर,7
खाऊंगा,24
आह्नान,18
बीमाकृत,166
नवग्रहों,130
सींची,17
सन्मुख,7
श्रेयश,42
अश्मित,42
बुझाएंगे,36
बुधबार,23
बाहुबलि,53
छेडे़,18
चर्तुदशी,42
किवंटल,77
सेवांए,43
कार्यकुशल,43
सांतवें,103
प्रतिलिपियां,34
पूर्णी,42
फाड़कर,7
प्राध्यापिकाएं,43
स्वेच्छासेवी,43
भाविक,83
चूसकर,7
सफाइकर्मी,43
बहुरानी,197
मूल्यपरक,43
निपटाती,14
तड़पाया,154
गृहकार्य,166
झाड़ता,7
रगड़ी,7
मासाहार,41
संजोना,24
तरसाया,154
पूड़ियां,40
ढहाये,40
सड़ती,7
उचट,24
मुटियारें,42
मनती,42
पतलून,29
निम्र,154
नवागांव,42
तनावों,14
तीर्थपुरोहित,42
सत्तावन,77
भूलभुलैया,93
प्रवचनकर्ताओं,42
पठार,10
नगरीपार,42
थोपें,53
ठगता,53
जनविकास,43
गूंजेंगी,170
वर्गाकार,28
विरंजन,17
दबती,7
साहित्यों,42
चंदसर,42
बल्लेवाजी,42
प्रोटीनयुक्त,189
प्राविधानित,43
गप्पें,7
इच्छापूर्ति,43
घुमती,67
गुच्छन,7
परिशिष्ट,34
पायदानों,34
सुरताल,170
छीनीं,7
हदतक,24
अमंगलकारी,0
व्यक्तिवाद,18
छप्पनभोग,29
झगड़ता,55
पिछवाड़े,7
मैदे,17
रेडियोएक्टिव,12
बालिकायें,197
स्वरलहरियों,170
सीखाए,24
समाधानों,0
विशेषातिथि,43
सभाषद,42
धुलाने,24
गोसंरक्षण,43
खर्चीले,166
कार्यबंद,42
अधपकी,17
भरायी,54
घिसी,7
नपना,46
पिलायेंगे,17
ब्रह्माचारियों,42
छोडूंगा,24
समविकास,43
जटवारी,42
फरमाएंगे,154
चित्रवंशी,42
काग्रेंस,18
पूजना,42
न्याययिक,53
तोलकर,7
बाँट,71
बिछवाया,24
आकुल,19
आइपीडीएस,151
मेंड़,17
फलोत्पादन,17
दुर्बीन,42
पित्ताशय,63
चकोरी,170
घोसलों,41
उपस्थति,196
ईकाइयां,107
आन्दोलनरत,18
सेतुओं,37
पिंजर,41
निकाहनामा,154
उपजाई,17
उबकर,23
गिनाये,24
चिक्की,17
व्यवहारों,53
हीरेवाला,42
चुनेगा,24
चैत्य,40
झपट्टामार,7
ढाकवाला,42
तकनिकी,43
पाण्डुलिपियों,34
प्रबंधकी,43
मार्कशीटों,34
विश्वकवि,92
सिकोड़ने,24
श्रेणीकरण,0
सदाचरण,39
लिखों,34
अधिसूचनाएं,34
त्यागो,39
अभियुक्तो,53
जीवक,45
जलायें,36
सांख्यकी,98
जलेबियां,17
फेरीवाला,166
परची,43
रूकेंगे,24
खोका,53
पर्यवेक्षीय,43
बांटेंगी,71
रथी,45
भूलनी,19
बनायीं,24
फिकवा,24
अमरज्योति,42
प्रसांगिक,18
लहरे,144
लड़ती,55
डुबाने,144
नोचते,7
पश्चिमबंग,42
आवामी,37
क्षिप्रा,144
दुबकना,7
पिघलते,17
पंखुड़ियां,36
ऐंठकर,53
उजाड़ा,40
क्षुधा,27
पुर्णाहुति,42
पैंशनर्स,43
बसीं,24
कर्मजोत,42
गुरुपदो,42
झंझावात,36
झगड़ने,14
तकरारबाजी,53
दयमंती,95
दहले,68
ध्वजारोहरण,29
पकना,17
पटकते,7
नोंचने,7
असरकारक,0
गुरूमुख,42
खींचनी,24
अच्छत,29
एंटीबॉयोटिक,63
वादो,53
सरकते,7
पशुचिकित्सक,43
नेत्रहीनता,18
दबोची,7
जलावनी,17
टालनी,24
गिरवाकर,24
वृत्तों,28
भींगी,17
जिलापरिषद,43
ब्लाकस्तरीय,42
हुबहू,24
सुगत,42
नवयौवन,36
झांकता,24
जालों,7
परीक्षाकेंद्रों,43
भूलो,178
पासबुकों,166
सगठनों,18
खड़ंजे,40
पचने,63
कंपाऊ,44
आजमाएं,24
हरजाना,166
अंतरदेशीय,37
सिलाने,24
जंचने,24
आहर्ता,43
तीर्थधाम,42
सैकेण्डरी,151
मधुमास,36
नराज,1
तपिस,36
जुड़वां,197
गाडे़,23
़जरूरी,43
धर्मस्थान,42
लड़खड़ाया,7
बैरागीवाला,42
नगाड़ा,170
त्रिमल,42
घिमाणा,42
आरेाप,53
तुड़वाए,7
रूपो,83
देवशर्मा,42
झगड़ालू,39
आनन्दित,19
विकासकार्य,43
उत्पादनरत,166
तापकर,12
जयकारें,170
क्यार,17
ऊँची,10
जन्मकुंडली,130
रगड़ती,7
आलिंगन,7
हड़पकर,53
उपविषय,98
लड़ेगे,55
पढे़ं,55
प्रोजेक्शन,0
बण्डल,40
पटवारखानों,42
खटमल,17
कार्यवाहिका,124
एआईवाईएफ,42
संवारेगी,36
दस्तरखान,188
शैक्षिणिक,43
चंहुमुखी,105
एकांतवास,70
वर्जिश,189
घुसों,42
दर्शित,0
जनकदुलारी,42
घनघनाती,170
खरपतवारनाशक,17
लिखोगे,178
ओढ़ाई,29
कार्डियोलोजी,151
आमआदमी,18
उनतक,24
खंगालेंगे,24
भवंता,23
आरोग्या,43
लिपिस्टिक,13
साघर,42
मत्तेवाड़ा,42
लविशा,42
वॉलमार्ट,151
बुझाएगा,36
पिसना,17
क्षतिपूरक,166
रामवली,42
लड़ें,55
अभ्यारण,41
अतिदोहित,34
बहुप्रचारित,18
प्रांतो,37
दृश्यकला,105
गड़गड़ाहट,170
गैरजिम्मेदारी,53
वर्गकक्ष,40
पक्कीसराय,108
कारागृह,53
अभया,42
मण्डलाध्यक्ष,43
धुलकर,17
वर्णाली,42
लगनेवाली,24
धनराशी,166
तिमिर,36
अवैरी,42
घनौला,42
तत्वधान,43
भरेगे,167
गडरी,42
जताएगी,24
अंगारा,36
पराधीनता,18
डगमगाया,7
छुड़वाई,7
विकासभवन,43
गड़बडि़यों,40
थप्पड़ों,7
चूडि़यों,40
संप्रेषित,181
शक्की,39
शुभागमन,99
रीडर्स,151
विशालतम,0
दिलवानी,24
खटोले,7
मुस्कराकर,65
झरोखों,40
पैथालोजिस्ट,63
बेलाहार,41
मगंलवार,43
लालचवश,53
बेबुनियादी,53
नमाजें,154
रोपेंगे,17
सुखदास,0
मुनष्य,52
भदौला,42
फेंकवाया,7
पंथों,18
चंादी,29
गिनायीं,24
लफंगे,53
बल्वों,36
बकासुर,42
चुड़ियां,40
खेलीं,31
खंडर,40
कुण्डों,42
इफ्तिकार,154
जनगीत,170
लहान,42
पंचायतन,43
कमाये,166
अवश्यंभावी,14
फर्नीचरों,40
समाजियों,156
सप्तरंगी,42
पिपासा,27
दरियों,40
भूने,17
शैतानों,74
विगुल,170
प्रभुता,43
पैंक्रियाज,63
अजनबियों,19
मद्धम,157
दबेगा,36
ट्रेक्टरों,43
मश्क्कत,26
सिद्धपीठों,42
संतुति,43
वशीकरण,93
धन्नासेठों,166
चूमते,7
खूनखराबे,53
प्रतिध्वनि,170
चमड़ा,29
घाटीवासियों,42
इंतेहा,19
गौभक्त,41
अभिभवकों,42
संजिदा,23
राजधन,37
हिलना,7
सुखड़ा,7
विद्यर्थियों,40
मेहरुन,42
मुहंतोड़,53
बिल्वपत्र,29
धोखाधडी,53
लोककलाओं,18
शहादतों,18
यादगारों,19
बोता,17
बिताती,19
नकारापन,53
जाडे़,23
मरें,69
अनुसूचि,34
मनायेगी,42
पुष्पाधिवास,42
भौंकते,41
सोचिये,24
संवासनियों,42
लूटती,53
भोलेपन,39
सर्वकल्याण,43
गरमायी,53
कुर्री,42
इकाईया,107
अंशदाताओं,43
समाजोपयोगी,0
त्यौरियां,40
अभियोगी,53
तोतों,41
लिखूं,34
आन्दोलित,0
संघर्षविराम,53
मानववादी,18
फरमाती,154
नियमावलियों,43
उगाता,17
अगरबती,17
बीवियों,197
मेहमानवाजी,188
मोनिशा,42
कवी,1
ग्रीवा,44
डूंगरा,42
पुर्जी,40
बतखों,41
मूर्खाधिराज,42
मकरंडा,17
साइकोलॉजिस्ट,63
झझर,23
असरकारी,0
उछलता,7
अधम,39
गुरूजन,42
धर्मसंकट,18
नलनी,42
पंजिकाओं,34
भुरभुरा,17
विशिष्टि,0
सहचालकों,40
घूसा,7
ढ़ाबे,67
तारनहार,74
रत्तीभर,7
विभागध्यक्षों,42
अचिंत्य,198
दुधमुंहा,197
मचलने,24
धर्मविश्वासियों,18
चूसते,7
ढुकड़ा,17
दीर्घजीवी,189
दीपमालाओं,36
जनमाष्टमी,42
आवासहीनों,40
सांकृतिक,37
मरंमत,23
निपटीं,14
उपस्वास्थ,43
दुखना,63
मेढ़ो,42
पाऊं,24
तपके,76
गरमाए,53
कंदला,42
अघाते,53
केचुए,17
अन्जुमन,154
सुनायेंगे,65
गुदरिया,42
भतीजियों,197
पहनेंगी,29
परदेसियों,154
डीवीएम,151
इकहरी,147
अल्पसूचित,43
अंतरमहाविद्यालय,43
शिवकेश,42
बीजोत्पादन,17
बितायी,19
पेशवाई,42
मटिहाना,154
पदचाप,170
चालिसा,42
गृहप्रवेश,130
खुंडे,15
कुलीन,18
उपाधिधारकों,43
इतंजार,19
बंदूके,25
विद्यानिकेतन,43
बावजुद,76
पिघलाने,17
जूल,163
कुंतलों,166
पलना,46
अंतर्देशीय,37
शिकारा,40
सधन,17
भगवन्त,42
बैसाखियां,40
प्रेषक,181
पोतियां,197
चतुर्मुखी,42
नुकसानदेय,0
पीेछे,23
सेमसन,42
सदगति,39
लेखाकर,43
राष्ट्रस्तर,42
गोसंवर्धन,43
पचड़ों,24
विनम्रतापूर्वक,39
पशुचिकित्सालय,43
तीर्थपाल,42
तगमा,7
जाममुक्त,43
उलटियां,40
कास्तकारी,166
छीटों,17
ब्रह्ममुहूर्त,42
हलचलों,53
पशुमित्रों,42
परमहंसाश्रम,42
कसौटियों,85
एकरूप,0
सीमाक्षेत्र,37
वताया,54
फेकें,7
नागिरकों,40
तोपें,25
चिंदी,7
आकर्षणी,37
मिसाइलें,25
सुदय,23
भेलपूरी,17
प्राथमिकि,42
निबंधकों,43
चूल्हापानी,42
बुझाएं,36
रोपें,17
खुदवाये,40
मुस्कुराकर,65
रोएं,17
लड़ता,55
लाईं,24
अक्टुबर,26
किश्तियां,40
बख्शिश,154
नशाखोरों,53
अग्रवन,42
इंतकाम,69
उदे्श्य,100
फोड़ो,7
भूमाफियों,53
महीनेदारी,42
सराहने,99
केलों,17
राशियां,166
विलम्बित,26
संगृहीत,153
कालोनियो,40
इस्पेक्टरों,43
तैय्यबा,154
नत्थे,42
प्रतिहस्ताक्षरित,53
पहनेगा,29
जगताप,42
अहिवरण,43
ह़जारों,42
ग्र्रामीणों,40
केन्द्रीयकृत,166
प्रासांगिक,18
फुसलाने,53
चिमटी,7
नचिकेतन,43
प्रमण्डलीय,43
वानप्रस्थी,42
हिमवीरों,42
रोडे़बाजी,42
इक्कतीस,77
उपाघ्यक्ष,43
कुवांरी,197
कूदेंगे,24
घुसिया,42
घोलू,24
जहॉ,76
दूकानदार,166
रसोईगैस,188
राज्यवार,51
बिघा,42
राष्ट्रगौरव,0
पूंछे,24
प्रतिष्ठानें,42
विचारे,24
सत्रहवीं,103
हमजोली,154
तिरसठ,77
बीबियों,197
रस्मे,21
मांजने,17
जोखिमभरा,0
नवयुवतियों,197
फेंकती,7
लाेगों,23
गृहण,39
त्रिमासिक,34
नसीहतों,53
पढ़नेवाली,24
पुचकार,39
भभकने,23
सुलतानी,177
हिदुस्तानी,37
ऐशगाह,40
अनुप्राणित,0
आंग्ल,37
तुड़वाना,24
दिगंत,83
पचांयत,43
भौंहें,44
यथार्थवादी,18
छिड़कते,17
सशक्ति,42
व्यापारकर,11
हंालांकि,159
गिड़गिड़ाता,7
उधेड़ने,7
अतार्किक,0
विषमताएं,18
शपथपत्रों,53
पड़ो,178
युक्तीकरण,43
लावारिसों,69
विकलांगो,18
सबरस,23
अवसरवादिता,53
सिद्धदात्री,42
मागती,24
जवारों,40
मिटान,11
ऊपरवाले,154
जिलासचिव,43
भीड़भाड़,67
एनस्थीसिया,63
झाड़ती,7
जिएंगे,24
एकेडमियों,42
उदंड,53
आस्तीनें,29
अंधविश्वासी,42
उलटने,7
त्रयोदशाह,42
इन्द्रबीर,42
दायरों,11
समूहो,18
सेवाओ,43
महाद्वीपों,37
ठहराता,53
दिलवाता,24
हाड़कंपा,44
द्वीपों,144
सिंहनी,41
रेलगाड़िया,40
फुर्तीला,19
परोसकर,17
छिड़की,17
नयाब,154
अकांवाली,42
मनमोहित,170
ब्रह्मामुहूर्त,42
पटोली,42
निर्माणस्थल,43
तनहा,19
गुरुघरों,42
अखाड़ेदारों,42
हांसिल,99
सबलता,63
विवाहितों,197
भड़काना,53
फुलाने,24
ठेकाकर्मियों,43
करानेवालों,24
आयताकार,28
गलाई,42
रगड़ा,7
हप्ते,26
रुसवा,154
महाघोटाले,53
मंड़ई,23
मंगलगान,42
नक्सलग्रस्त,43
तिकोनियां,28
टहलाने,24
गढदीवाला,42
अंतरगत,43
सामांतर,28
कास्ट्यूम,29
सेक्युरिटी,151
शरफराज,154
मनोविकास,43
स्पष्टवादी,39
सजाती,36
महत्वाकांक्षाओं,14
बिंदुओ,28
देहि,198
रखोगे,24
कहलाई,50
जन्मपत्री,130
संपत्ती,166
शुभकारी,0
जगमगाएगी,36
दुधमुही,197
स्नेक्स,13
दिखवाकर,24
जुडे़गा,71
ट्रौला,42
बिनो,38
भिखारिन,18
वैठक,23
शकरकंदी,17
सकूंगी,24
सगोत्रीय,156
चुनावचिह्न,43
नाचेंगे,24
कीक,38
चन्द्रग्रहण,42
उपचारों,63
खैरहनी,42
पलके,44
वासुदेवाचार्य,42
अठोली,42
भाड़ेदार,42
सेवायोजित,166
पलटियां,40
दरिदों,40
बौद्धिकता,0
मड़इया,23
सोरण,23
बुग्गियां,40
पटाका,75
पिरोए,7
गत्ती,42
रेखाचित्र,88
टेडरों,40
चुभते,17
उपखंडीय,43
शेखी,7
बाइसाइकिल,40
सच्चरित्र,39
संधावली,42
वषों,77
बौद्घिक,0
पुष्पवाटिका,42
दौड़ाये,7
जयगुरु,42
ऋणात्मक,0
इंद्रदेवता,42
आदिब,23
सीमांतवासियों,42
दिवंगतों,42
छिपाएं,24
संभलता,7
लिखवाते,34
दण्डी,0
एकमंच,100
उड़कर,7
शाखायें,107
इन्त़जाम,19
शरणगाह,25
लक्षन,63
महासमाधि,37
भौरों,36
परिस्थियों,14
नियुक्ती,43
धकेले,7
जमातों,154
खैंची,152
थोथे,53
बाटें,71
मणीभूषण,42
संघवाल,42
कुव्यवस्थाओं,43
बिगड़ेंगे,14
देवभाषा,97
दुहरायी,65
एलबमों,99
कृपानारायण,42
तिगुने,157
हृदयरोगी,63
प्रवाचक,42
़गरीबों,42
अभिसरण,136
घंटिया,170
दहकने,36
घेरो,178
थानांर्तगत,42
छात्रगण,43
चौंकने,19
रहमतें,154
कोपलें,17
तिलमिलाई,7
कल्पनाएं,0
ज़मीन,17
गुनगुनाती,170
म्यूनिसपल,151
सांख्यकीय,98
रेशों,17
मजरुल,154
नाड़ियां,40
उपदंडाधिकारी,43
हेल्थी,189
घोले,17
सत्तरह,77
हिन्दूवादियों,18
पेट्रोमेक्स,40
ऊंघते,7
काकटेल,13
क्रूरतम,53
गोशाले,41
भक्तराज,42
जलक्षेत्र,37
ढलना,14
प्लैटिनम,185
श्रोतिय,42
लाईनमैनों,42
धुलावट,17
चढ़वाना,24
सोचेगी,24
धन्धा,53
सद्कर्मो,39
तर्कपूर्ण,0
जिंदगीभर,19
लचक,7
पुर्णेदु,42
दौड़ायी,7
चेरिटेबिल,151
रेलइंजन,40
श्रद्धानुसार,42
मासाहारी,41
मंडराए,19
बिमारियां,63
पैदाईश,177
नृतक,105
असम्मान,53
कंजड़ों,11
चका,36
लीजिएगा,24
सागरों,144
संस्कृतिकर्मियों,105
अनजाना,19
पढ़ोगे,178
बिलौझा,42
भाषावाद,18
महर्षियों,42
संक्रमितों,63
गिऱफ्तार,40
अर्घ्य,42
खंडी,40
भावनृत्य,42
लम्हें,19
चांटे,7
टिकाना,24
दिखाइए,24
नालायक,53
सीखिए,24
घनघनाए,170
चलवाएं,24
सिरफिरों,93
अनिच्छुक,53
आपातस्थिति,63
ईश्वरानंद,42
उत्पीडऩ,53
उबाला,17
कुशपाल,42
मतावलंबियों,18
छिनता,69
उगाहने,24
उत्कीर्ण,88
सुखदुख,0
विकासीय,43
वशीमूल,133
रोशनाई,80
रामवाटिका,42
महानायकों,105
डकॅ,42
जलविहीन,18
घटाते,157
हारें,55
रीती,18
फिल्माने,112
शैले,42
टखने,44
़िजम्मेदारी,42
कर्मफल,39
ओवरब्रिजों,40
आयोजिका,43
कटौतियों,166
कायकर्ताओं,40
गणतंत्रता,18
फैलानेवालों,24
नवाचारों,105
नालियो,40
पंडालो,42
मित्रो,71
बुरका,29
मौनव्रत,42
तख्तापलट,18
गृहजनपद,37
इस्तयाक,154
मोटरवाहन,40
बालोद्यान,197
द्विभाषी,37
लालसराय,42
लंगड़ा,93
मंागों,40
मधुसूदनन,43
बरातशाला,40
चबुतरे,40
दोमुंहा,17
उधड़ने,7
विधानों,42
पौधारोपन,42
पहुँचेगी,24
महेता,42
महाभियोग,16
टाईफाइड,63
छल्ली,17
गर्भाश्य,197
संसर्ग,71
माखनचोर,42
मलबों,40
बारहदरी,40
फिराकर,67
प्यादे,68
नीमहकीम,63
चौखटों,40
घुसती,7
कीमा,17
कार्यप्रगति,43
कष्टकर,14
कंचे,31
भागेगा,24
लाटों,40
फांसा,7
कूल्हों,44
दोगला,53
बंजरबाग,42
बिछड़ों,154
वेदार्थी,42
लड़खड़ा,7
तपोबल,42
ताकता,65
नीरसता,14
झोंकनी,7
गुस्साया,53
स्क्रीनों,112
रक्ताल्पता,2
विचारो,0
खापें,156
बढाएं,157
उखडे़,23
दोमंजिले,40
वफादारों,39
आतिशबाजियों,25
मचलते,197
फन्दा,7
गिरवीं,40
सूंड़,7
संस्थापित,43
महानाल,105
प्रतिनिधत्व,43
दाेनों,53
जिप्सियां,40
जलत्याग,39
भगंदर,63
स्वेत,36
चैनत,23
दीपालय,42
अमानती,53
उपनिबंधन,43
दातिए,142
पालेंगे,24
बटाईदारी,166
भृगुनंदन,42
सज्जनता,39
कुहरा,36
गंभीररूप,69
गुलधर,23
यशलोक,23
लूल्हा,154
आर्येश,42
खब्बू,31
कुंडियां,40
निराशावादी,0
परमसंत,23
पौधरोपित,17
मुंबइया,37
संगीतालय,42
पशुतस्करों,53
एएचपीएस,151
शांतिशरण,43
रुद्रांश,42
ह़जरत,42
अवलोकित,184
दुष्कर्मो,39
परीक्षाफलों,43
चुटकियां,24
रूंधे,7
पुलिसकर्मियो,43
कौमों,154
खिलना,36
देवीभक्त,42
रमायण,45
रूढ़,18
जनंसपर्क,43
नेस्तानाबूद,40
गठबन्धन,18
वाशिदों,40
मोड़ों,67
ज्ञापनदाताओं,40
आशांवित,99
चालबाज,53
पासबुकें,166
प्रमुखजनों,42
सुमंगला,42
स्वस्तिका,42
सुविधापूर्वक,0
अंखियां,40
उन्नीसवीं,103
उपनिवेश,18
गारंटेड,43
तोड़ती,40
दरबारियों,177
पुरोधाओं,105
बलंवत,23
मोटरसाइकलों,40
यज्ञसेनी,42
रामदूत,42
सप्ताहों,26
स्नानकर,42
चलों,178
गलीचा,7
केन्द्रवार,43
आलु,17
वास्तुविदों,98
मिलाएंगे,24
पलटता,7
तोलिया,29
छोडे़ंगे,24
घूरना,24
मेहतरानी,42
मतगणनाकर्मी,43
भंट्ठों,40
लाऊंगा,24
रामशोभा,42
जड़थल,42
बैरकें,25
अभिजोत,42
ज्ञानशाला,43
बसाते,40
भिजवाये,24
मुहावरों,97
राब्ता,143
भूतिया,93
ईकबाल,42
कम्बलों,29
टालकर,14
डेरियां,166
देवीभक्तों,42
प्रतिभावन,105
बूदें,7
भोक्ताओं,40
परतंत्र,18
दर्जियों,34
तटवर्तीय,144
घोड़ियां,40
गुर्रा,41
उमीदवारों,43
अराजकीय,43
अभ्यर्थना,42
नक्सलवादी,25
बैठाएंगे,24
बलवाड़ी,42
पेंमेंट,151
पुनरूद्धार,43
पिण्डारी,42
झोंपड़ी,40
छात्रशक्ति,43
सरमाया,154
बालकांड,42
छींके,63
खरोंचे,17
समयमान,43
लटकाते,7
निवासियो,40
दशाई,23
तेजस्व,27
नालें,40
छिपाता,24
पारपंरिक,18
सेंकेंडरी,151
नेकदिल,39
घटनास्थलों,25
समंवय,43
मुख्यता,24
बिच्छुओं,41
बदकिस्मत,56
प्रशंसापत्र,34
झौंक,7
कुनबों,154
अकार्बनिक,12
औद्योगिकी,18
व्यक्गित,43
शांतिपूवर्क,43
बाबूगिरी,53
पहाड़वासियों,42
चापलूसों,53
कसाईयों,40
अर्थव्यस्था,43
अभिष्ट,22
आक्समिक,136
साक्षात्कारों,53
बेइमानों,53
प्रेमसुख,42
तेजस्वरूप,27
गोड़हिया,42
कचोटता,24
आत्मकल्याण,43
अलापना,170
अंतपुर,42
वहशियों,53
पावों,44
संग्रहक,22
शिवस्थान,42
हंसाकर,65
स्मित,65
भौंसले,42
प्राचार्याें,43
नवउदारवादी,18
धुव्रीकरण,18
देवतुल्य,0
टिन्नू,42
झल्लाते,7
जिलामुख्यालय,40
कोनो,40
अकुलाए,7
संभलना,7
रोपते,17
मुस्कुराती,65
फूलवारी,42
धाराशाही,40
ढकें,17
चासी,77
गतिरोधों,14
कंठों,46
उपखंडों,43
छुड़ाएं,7
व्हट्सएप,151
व्यवधानों,14
मुर्गों,41
भवंतु,198
प्राथामिक,42
जमगाई,42
घसीटना,7
गोड़ाई,23
आयामी,0
फटकारीं,53
डमरु,170
रुकतीं,67
मरयम,154
बढे़ंगे,157
प्रथमिक,186
पांचाली,45
देवीकुंड,42
ज्येष्ठा,42
चरणपादुका,29
गुरुपूजा,42
अफीमकोठी,42
नामान्तरण,166
पशुवधशालाओं,43
टेनरियां,166
विश्वबंधुत्व,43
वनमाफिया,42
लुभाएगा,24
मुठेर,42
पुनर्निधारण,43
तालाबन्दी,43
ओलावृष्टिं,36
दीपाक्षी,42
तरनी,46
जगतारण,42
चिकनाहट,17
रंगेली,42
पदत्याग,39
निशाकर,45
सुदुरवर्ती,42
सुलट,53
ऐशोआराम,19
क्रांतिदल,18
गड़बड़,14
परमोधर्म,39
बेराजगारों,166
शंकुल,40
पारदर्शितापूर्ण,43
कटियाबाज,40
सीमेण्ट,40
पदचिन्ह,183
सटीकता,53
सिंहासिनी,42
इठलाती,24
ठिठकी,7
पैकर्स,151
कार्यकर्ताओें,43
घरबार,40
सातवे,103
फंसाती,7
सौंदर्यता,0
विकल्पीय,0
संवादी,150
लिटाए,7
सिसकता,7
तड़तड़ाई,170
हुस्ने,154
ऐलोवेरा,17
कहावतों,97
चंडीपाठ,0
परदादी,197
पैतरा,24
फैलेंगी,24
विधानंद,42
हमपर,24
खींचेंगे,24
अजमते,42
छालों,17
टेक्नॉलॉजी,151
टेड़ा,42
निर्मलानंद,42
रुंध,7
वनारक्षियों,43
हुर्इं,24
फिल्मफेयर,30
जंघा,44
जुड़वाने,24
पुनरोत्थान,43
भोजनालयों,188
यशोमति,23
रखियो,46
रूचिता,42
विश्वमोहिनी,74
सोएगा,19
हड़पी,53
केशरानी,42
खत्तों,40
चीखे,7
जगमगाएंगी,36
द्वारकाधीश,42
ठूंसने,7
उतरवाना,29
प्रशासनों,43
भीषणता,14
उछाली,7
जांचेगा,24
तहरीरों,53
औपनिवेशिक,18
थूकना,40
श्रद्वांजलि,42
जगभूषण,42
थकता,19
जतानी,53
स्वंयसेवियों,18
मकैनिकल,40
महापूजन,42
मंगलमयी,99
म़जदूरी,43
मादकता,170
शुक्राणुओं,197
सरगुण,42
बेआबरू,53
जांचघर,24
मानूंगा,24
भीड़भाड़,67
बाकीदारों,40
बांग्लाभाषी,37
पौत्रियों,197
पडी़,24
नज्मी,154
ठहरेगा,24
घिरनी,91
औचित्यपूर्ण,53
आइएगा,24
विनष्ट,6
मुख्,137
बड़ेरी,23
धसनिया,42
सलौनिया,42
पैतालिस,77
सरकारः,43
गुदगुदाते,65
साहुकार,166
सामाजिकी,18
फिजूलखर्च,166
समाजसेवकों,43
चादरे,29
भुगताना,166
श्रीकंठ,42
पशुशालाओं,43
शास्त्रोक्त,42
अध्यादेशों,43
जनविरोध,43
तयकर,23
दस्तावे़ज,42
पुंसवन,42
राज्यभिषेक,43
कांफ्रेंसों,151
ओझाओं,42
अप्रियकर,14
सहयोगिनी,42
लोकमत,158
महासम्पर्क,43
प्रसासन,43
पॉयलट,151
नीलेश्वर,42
दाड़ी,44
ज्योतिषि,130
जूलुस,53
चंद्रकुंवर,42
उद्घघाटन,43
मुरझाया,36
वंचना,53
आकर्षणों,37
चमचमाता,36
अतिप्रिय,105
आपत्तिकर्ता,34
चिन्हिृत,0
करप्ट,151
पहुंचनेवाले,24
झाँसा,53
मृतको,69
एकसार,17
पूजाएं,42
हांकी,7
थानध्यक्ष,43
गढ़खेड़ा,42
रामउचित,42
घुलते,17
अभ्यर्थिता,43
चढा,29
छलकाने,17
महाध्यक्ष,43
अपवंचना,53
मिकाइल,38
दंडवती,44
उतारो,29
लवानी,42
पहनो,29
दीर्घकाल,22
गिरेवान,24
कांटो,17
रेहू,23
अंगड़ाई,7
फीजियोथेरेपिस्ट,63
बंधीकरण,43
मझीन,42
संजोते,24
उपलब्घ,24
अंतर्मुखी,198
सर्वशक्ति,74
कम्प्यूटर्स,151
स्टंटमैन,112
डिटर्जेंट,13
गृहलक्ष्मी,42
कबुतरी,23
हितचिंतक,18
विचौलिए,53
लगाय,24
लापरवाई,53
मल्टीस्पेशियलिटी,151
सोहार्द,43
गोपालधाम,42
गोताखोरी,144
आवेदनकारी,34
धुंधलापन,36
संवितरण,43
छट्ठी,54
मंगलदल,42
समायोजक,43
घायलवस्था,69
अर्हताओं,43
किंकर्तव्यविमूढ़,69
ढकवाने,24
निर्देंश,43
प्रापर,151
चमचा,53
चालीसवां,103
विश्वासों,0
सैकड़े,77
आंतें,44
