word,cluster
में,19
लिए,19
किया,19
गया,19
हैं,19
नहीं,19
सिंह,48
पुलिस,41
दिया,19
करने,19
कहा,19
रहे,19
बाद,19
करें,89
साथ,19
रहा,19
रही,19
बताया,19
हुए,19
लोगों,19
उन्होंने,19
होने,19
गांव,103
लेकर,19
जिला,39
इसके,19
एवं,19
क्षेत्र,73
द्वारा,19
हुई,19
लेकिन,19
लिया,19
सरकार,125
अपने,19
विभाग,125
मोबाइल,75
वाले,19
दौरान,19
आदि,19
सभी,19
मौके,151
फोटो,195
देखने,126
जागरण,113
जाने,19
दिन,172
नगर,184
तथा,19
जाएं,89
निवासी,152
लोग,53
बैठक,30
शुरू,19
कोई,19
हुआ,19
ताजा,63
करते,19
खबरें,113
समय,19
जाएगा,77
तीन,64
मामले,111
रुपये,157
कारण,19
पहले,19
थाना,145
पूर्व,73
विकास,107
संवाददाता,113
अन्य,19
जानकारी,63
कुछ,19
दर्ज,63
शर्मा,187
जांच,63
अध्यक्ष,35
स्कूल,192
यहां,19
अधिकारी,39
किसी,19
उनके,19
कार्य,19
पास,19
स्थित,19
कार्यक्रम,30
अस्पताल,159
वहीं,133
पंचायत,103
बात,19
पानी,24
किए,19
मांग,179
बच्चों,102
खिलाफ,139
बार,19
रूप,19
बजे,148
काम,19
उन्हें,19
कार्रवाई,0
तरह,19
देने,19
प्रदेश,73
महिला,102
उसे,19
वर्ष,172
मौजूद,19
अपनी,19
उसके,19
शहर,73
चुनाव,62
हजार,64
सूचना,107
दोनों,19
केंद्र,125
निर्माण,19
सहित,19
टीम,114
देवी,173
घटना,84
सड़क,175
विद्यालय,192
मुख्य,19
शिक्षा,192
चार,64
बीच,19
प्रशासन,125
बिजली,109
रात,148
शामिल,19
जिले,145
होगा,77
कार्यालय,125
संवाद,122
इससे,19
मौत,84
उपस्थित,30
करीब,64
लाख,64
सुबह,148
दिए,19
नाम,19
पांच,64
अधिकारियों,39
कराया,134
जाएगी,77
आयोजित,30
राम,12
कहना,90
जारी,19
इसी,19
निर्देश,76
काफी,19
करना,90
प्रधान,35
जाता,19
प्रखंड,103
जबकि,19
व्यवस्था,107
आने,19
प्रसाद,187
घायल,84
आरोप,54
किसानों,91
योजना,33
तहत,0
लगा,19
आयोजन,30
वाली,19
अवसर,151
सोमवार,172
संख्या,118
अधिक,19
शिकायत,179
ग्रामीणों,110
उनकी,19
बंद,19
इसमें,19
राज्य,73
समिति,125
परीक्षा,147
अलावा,19
अभियान,33
मामला,54
ऐसे,19
अनुसार,19
चाहिए,90
युवक,41
मंदिर,43
पहुंचे,61
सचिव,35
ग्राम,103
रोड,184
पत्र,195
पुत्र,176
मंगलवार,172
उसकी,19
जहां,19
होगी,77
शनिवार,172
मिल,19
कराने,134
पूरी,19
बुधवार,172
शुक्रवार,172
छात्र,147
पार्टी,13
विभिन्न,19
रविवार,172
फिर,19
मंत्री,35
शाम,148
साल,172
अभी,133
आरोपी,170
गयी,19
जाए,19
स्वास्थ्य,159
जिसमें,19
वहां,19
गिरफ्तार,170
स्थानीय,73
निगम,125
विधायक,35
प्रभारी,39
समेत,73
बनाने,19
माह,172
लाल,101
श्री,187
परिवार,176
दिनों,172
प्रदर्शन,57
इसकी,19
प्रयास,126
सरकारी,125
सामने,19
ग्रामीण,73
जिससे,19
सदस्य,35
बैंक,58
समाज,167
सुरक्षा,124
वाहन,78
समस्या,74
किसान,91
पूरा,19
देश,73
बारे,19
चलते,19
लगाया,129
हत्या,170
रहने,19
मिलने,19
बाहर,19
बाजार,95
सहयोगी,85
स्थिति,14
दूसरे,19
लगे,19
पदाधिकारी,35
चोरी,54
शिक्षक,192
प्रतियोगिता,114
भाग,19
मार्ग,175
मुख्यमंत्री,35
स्थान,19
प्रतिनिधि,35
सफाई,45
सकता,19
छात्रों,147
मंडल,35
मिली,61
होती,19
कर्मचारियों,138
आदेश,0
पहुंच,19
पिछले,172
लेने,19
होता,19
विरोध,139
नेता,13
प्राप्त,19
जगह,19
तैयार,19
सेवा,107
उनका,19
परिजनों,181
अपना,19
देर,148
जनता,13
चालक,78
प्रति,118
मिला,129
गंभीर,189
संबंध,57
संघ,125
अलग,19
जमीन,91
भवन,128
अध्यक्षता,30
जाती,19
वालों,19
उक्त,76
कर्मचारी,138
जल्द,133
प्रकाश,112
राष्ट्रीय,73
गुरुवार,172
बना,19
जाम,175
करेंगे,104
विशेष,19
स्तर,19
स्टेशन,7
व्यक्ति,19
लगी,19
महिलाओं,102
थाने,41
होकर,19
कमेटी,35
गये,19
राय,12
उसने,19
परिसर,128
देते,53
देकर,121
संबंधित,57
तरफ,26
पूरे,19
समारोह,30
उपलब्ध,134
प्रथम,197
सात,64
शिविर,30
शिक्षकों,147
भारत,73
सभा,125
बच्चे,102
लगभग,19
इसका,19
आगे,119
विजय,12
राशि,58
भर्ती,138
अशोक,12
दूर,19
वर्ग,167
परिषद,125
दिवस,151
मां,176
लाइन,175
होते,19
मारपीट,41
घंटे,148
पंजाब,92
प्रमुख,19
पिता,176
रखा,19
छात्राओं,147
पहुंची,61
आया,19
उसका,19
अवैध,143
इसे,19
दुकान,95
अगर,133
पता,19
इलाज,159
जमा,58
जिस,19
कोतवाली,184
आधार,57
विद्यार्थियों,147
जेल,170
नजर,26
मतदान,62
ज्यादा,19
लगाने,19
जिलाधिकारी,39
खेल,114
यदि,133
कर्मियों,110
दोपहर,148
सबसे,19
बोर्ड,125
चौक,184
भाई,176
प्रशिक्षण,192
शराब,186
ट्रक,78
सवार,78
बावजूद,19
पूजा,115
सदर,72
जाते,19
डीएम,39
करोड़,157
हालत,14
गांवों,103
निरीक्षण,63
आरोपियों,170
हालांकि,19
युवा,85
चुकी,19
सदस्यों,125
वाहनों,78
सके,19
कार,78
बरामद,41
विद्युत,109
पड़ा,90
भारी,19
भेज,81
अनिल,12
बड़ी,160
चुके,19
जिसके,19
जीवन,1
नेतृत्व,13
चला,19
सहयोग,1
मनोज,12
भारतीय,73
वापस,19
बनाया,129
मार्च,172
वितरण,107
कुमारी,99
परेशानी,74
करके,19
कंपनी,9
प्राथमिक,192
प्रकार,19
कार्यकर्ताओं,13
कही,37
कराई,134
वजह,19
कृषि,107
पति,181
ध्यान,57
कोर्ट,111
संगठन,125
होना,90
जाएंगे,104
दूसरी,19
संबोधित,30
आपूर्ति,109
ताकि,133
लाभ,25
माध्यम,57
निर्णय,179
हाथ,56
बढ़,119
मुताबिक,63
बारिश,153
मिले,49
होंगे,104
सामान,95
विवाद,185
पाया,19
ऐसा,19
वाला,19
राज,6
सकते,19
संचालन,107
बिना,19
अजय,12
आंदोलन,13
जाना,19
वरिष्ठ,35
विधानसभा,62
देख,26
कुल,118
हाल,133
आवेदन,76
बने,19
भेजा,129
देखते,53
रखने,19
मंडी,184
तेज,196
चुका,19
मुकदमा,170
धरना,13
जिलाध्यक्ष,35
भूमि,91
ठाकुर,12
अदालत,111
पत्नी,176
इसलिए,133
बनी,160
रैली,30
जैसे,19
प्रतिशत,118
कहीं,133
भीड़,22
सूत्र,57
फरार,41
क्या,198
सूची,76
परेशान,20
तैनात,177
साफ,45
तहसील,145
बनाए,19
अंदर,19
शासन,125
सुविधा,107
गाव,72
भगवान,173
दर्जन,64
बाबा,92
लगातार,19
उधर,26
पक्ष,57
समस्याओं,120
अतिथि,30
क्षेत्रों,73
अभियंता,39
मुख्यालय,125
फसल,60
मुखिया,35
करता,4
यात्रा,7
निदेशक,35
आवास,33
चर्चा,185
शादी,181
सहायक,138
थानाध्यक्ष,39
उपाध्यक्ष,35
वर्षीय,152
सांसद,35
निजी,57
आसपास,19
सकती,19
दास,12
जान,84
प्रत्याशी,62
तैयारी,126
ब्लाक,103
बाल,101
सिविल,9
भुगतान,58
पीड़ित,166
पहचान,57
खराब,14
सेक्टर,9
पूछताछ,63
सम्मानित,30
जनवरी,172
अधीक्षक,39
ज्ञापन,179
प्रवेश,11
स्थल,43
प्रबंधक,35
प्रक्रिया,107
विचार,57
उच्च,19
कभी,133
बड़े,73
पीछे,100
लगाए,49
कमी,74
इलाके,184
जाकर,19
जमकर,23
आश्वासन,179
वेतन,138
जून,172
सप्ताह,172
तहरीर,41
यही,19
रेल,7
हासिल,142
बताते,53
विश्वविद्यालय,192
यूनियन,9
केवल,19
मदद,126
उत्तर,73
मैदान,114
खंड,169
मौसम,108
मरीजों,159
मगर,133
स्वागत,98
मकान,128
रोक,179
निर्धारित,76
खुद,19
बेहतर,25
नदी,161
पुल,175
अंतिम,197
ठीक,19
पेश,179
लगाई,61
खर्च,157
सड़कों,175
सिर्फ,133
लूट,54
बहुत,19
जरूरत,2
कार्यकर्ता,13
प्रभावित,19
बेटी,176
कर्मी,138
राजीव,12
द्वितीय,197
गाड़ी,78
दें,89
नेताओं,29
घरों,66
उपचार,159
महतो,149
केन्द्र,125
समीप,184
सही,25
उपायुक्त,39
मार,127
जनपद,72
तौर,19
योजनाओं,33
हादसे,84
उर्फ,149
विद्यालयों,192
लगाकर,121
यात्रियों,7
अंतर्गत,33
फरवरी,172
संयुक्त,73
चेयरमैन,35
हड़ताल,13
पार्षद,35
लगने,19
संस्था,125
गेहूं,60
मृतक,176
देखा,129
दीपक,12
रहता,4
उद्घाटन,30
कल्याण,1
राहत,84
संतोष,12
प्रदीप,12
घोषित,76
प्रस्ताव,179
सफल,25
नामांकन,62
पाल,12
आयोग,125
लोक,125
पेयजल,109
मीटर,118
जुलाई,172
पहली,19
प्रबंधन,107
कक्षा,192
न्यायालय,111
प्रदान,19
रहते,53
बदमाशों,41
गंगा,161
धान,60
सीमा,73
करवाया,134
सामना,90
दिसंबर,172
इधर,26
मांगों,179
महासचिव,35
अतिक्रमण,11
जीत,142
स्थानों,73
पदाधिकारियों,35
तलाश,126
टक्कर,84
नुकसान,84
माता,173
अज्ञात,189
लागू,0
जरूरी,90
मंच,30
राजकीय,192
बीडीओ,39
युवकों,41
दिशा,57
अतिरिक्त,19
शीघ्र,11
दिवसीय,30
उसी,19
पार्क,184
प्रेम,98
रास्ते,175
चलने,126
प्रत्येक,57
ऐसी,160
संस्थान,192
विरुद्ध,139
घोषणा,179
पड़े,2
सुभाष,12
प्राथमिकी,170
बल्कि,133
चौकी,184
चंद,12
चंद्र,12
कब्जे,124
मनाया,151
केंद्रीय,125
तभी,133
कहते,53
रखे,49
गोली,127
बयान,63
जवाब,198
प्रयोग,19
युवाओं,36
गर्मी,108
पड़ी,2
रखी,61
सामाजिक,1
आनंद,98
चयन,76
लक्ष्य,57
किशोर,12
नीचे,131
आते,53
सरपंच,103
गुरु,92
केंद्रों,36
महीने,172
प्राचार्य,87
लापरवाही,21
कोशिश,126
तीनों,133
बजट,58
पड़ता,90
क्योंकि,19
प्रधानमंत्री,35
किनारे,161
चोरों,41
पेंशन,138
युवती,102
समाधान,15
पहुंचने,126
समाप्त,19
पालिका,125
श्रद्धालुओं,22
तमाम,19
प्रस्तुत,57
कदम,180
बनने,19
संजीव,12
सवाल,198
खरीद,95
वोट,62
चिकित्सक,159
शाखा,73
गैस,18
अचानक,196
करती,135
इनमें,133
जिसे,19
चले,19
पवन,12
नवंबर,172
जागरूक,1
करवाने,134
व्यक्त,179
छोटे,19
हिस्सा,19
मतदाता,62
देना,90
सुधार,107
विभागीय,39
विषय,169
संघर्ष,13
दुर्घटना,84
चेतावनी,179
मध्य,73
रहती,135
बता,198
अगस्त,172
सम्मेलन,30
आयुक्त,39
गिरफ्तारी,170
संपन्न,25
मेला,86
अक्टूबर,172
किये,19
दुकानों,95
थीं,61
हजारों,64
यातायात,175
प्रताप,12
छोड़,100
साइकिल,78
काबू,124
तालाब,24
खाली,155
खेत,60
समीक्षा,169
लिये,19
संबंधी,19
मेले,22
मोटरसाइकिल,78
सैकड़ों,64
शांति,1
पूर्ण,57
कड़ी,160
गायब,40
हंगामा,116
समक्ष,179
मात्र,57
आकर,26
उससे,19
अधिकार,0
परिजन,181
आलम,42
स्वामी,51
हमला,124
दिखाई,19
बड़ा,19
कब्जा,124
कानून,0
लेते,53
दर्जनों,41
चिकित्सा,159
दवा,159
चलाया,129
बनाकर,121
संपर्क,57
बीते,172
गठन,125
चपेट,84
रोजगार,107
महाविद्यालय,192
सौंपा,129
माध्यमिक,192
भविष्य,165
विज्ञान,107
तत्काल,11
सम्मान,98
सत्र,30
दुष्कर्म,59
चरण,197
हेतु,76
निरीक्षक,39
जिन,133
क्रम,57
फैसला,179
समर्थन,179
आर्थिक,107
रुपए,157
परियोजना,107
अवगत,63
साढ़े,64
पुरस्कार,30
चिकित्सकों,159
लाखों,157
बैठे,26
डेढ़,64
एक्सप्रेस,7
रोकने,126
बस्ती,184
सामान्य,57
भूमिका,57
पंकज,12
सैनी,48
मजदूर,91
खड़े,26
वर्षो,172
स्थापित,19
पाई,61
राजकुमार,12
दर्शन,130
निज,34
शुभारंभ,30
राजस्व,58
निकाली,61
मिलकर,121
माहौल,185
दूसरा,19
बेटे,176
वर्तमान,57
योग,96
उम्मीद,179
स्थापना,19
साहिब,92
फीसद,118
बनाई,61
पढ़ाई,192
डिग्री,192
विश्व,73
एसडीओ,39
जिम्मेदारी,21
रहेगा,77
सफलता,141
आवश्यक,25
करेगी,77
सितंबर,172
परिणाम,57
भगत,12
सहायता,107
पहुंचकर,41
गंदगी,45
मजदूरों,91
स्वयं,19
धर्म,52
मनरेगा,33
पर्व,86
संत,3
रवाना,7
इंतजार,163
राशन,195
आधा,118
रोष,74
तरीके,19
सुनवाई,111
बातचीत,179
गलत,21
झारखंड,72
खिलाड़ियों,114
मालिक,95
मामलों,111
हमारे,133
घायलों,84
प्रमाण,195
लाने,126
बिल,58
जख्मी,84
चोर,41
प्रशासनिक,125
धमकी,179
ट्रैक्टर,78
महिलाएं,102
क्षेत्रीय,73
क्रिकेट,114
फिलहाल,133
गरीब,123
खत्म,19
प्रधानाचार्य,87
लौट,163
पंचायतों,103
अधिवक्ता,111
उपभोक्ताओं,143
यात्री,7
दुकानदारों,143
इनके,133
तोड़,46
पटना,72
दैनिक,113
निकट,73
पहल,107
मरम्मत,109
जायेगा,77
मोर्चा,13
अरुण,12
उसमें,133
विद्यार्थी,192
होली,151
हमें,133
आगामी,172
रवि,12
पक्षों,185
तार,180
इलाहाबाद,72
दाखिल,195
मिलेगा,77
जाति,167
डाला,129
भ्रष्टाचार,29
प्रचार,57
बचाने,126
मिलते,53
निकाला,129
करनी,2
साबित,21
पाए,19
पकड़,100
तृतीय,197
उठाया,129
पुत्री,176
ऊपर,131
हिरासत,170
स्तरीय,73
सजा,170
मरीज,159
जुड़े,57
वक्त,163
कमरे,128
पशु,79
असर,21
पर्यावरण,107
व्यापारियों,143
नया,19
दौड़,100
नियुक्ति,138
अंजाम,126
घाट,72
रंग,101
खबर,113
इतना,19
ताला,128
पहला,19
चली,61
व्यापारी,95
तहसीलदार,39
जागरूकता,141
पाने,126
अभाव,74
उनसे,198
विभागों,125
संचालित,11
देखकर,20
परंतु,133
निर्वाचन,62
खेती,60
देंगे,104
कस्बे,184
सूत्रों,63
अंक,113
शुल्क,58
जयंती,151
उठा,121
ज्ञान,130
आह्वान,1
टिकट,7
पटेल,12
पैसे,157
नारेबाजी,13
पेड़,94
वसूली,132
लगाते,53
चलाने,126
पार,161
रात्रि,148
नौकरी,138
शहीद,70
कराए,134
जुलूस,22
निकल,19
नहर,24
दिलाने,126
करे,89
रानी,99
चालकों,78
बढ़ाने,119
मुक्त,57
संयोजक,35
तिथि,76
शौचालय,45
अगले,172
सांस्कृतिक,165
भोजन,106
संभव,90
राजनीतिक,13
खाद्य,18
कला,190
जिसकी,19
कैसे,198
संरक्षण,107
पंडित,12
बीमारी,166
खड़ा,26
वार्ता,113
नियमित,25
फर्जी,54
उद्देश्य,57
खड़ी,26
करेगा,77
आगरा,72
बदमाश,41
बरसात,153
खुशी,151
मशीन,75
दुकानदार,95
शिकार,59
दिये,49
महत्वपूर्ण,25
जोर,136
मैं,80
ठंड,108
तीसरे,197
कीमत,95
वितरित,11
कथा,169
मतदाताओं,62
तुरंत,19
खास,27
पालन,0
रहेगी,77
मुश्किल,90
जिसका,19
मिनट,148
धारा,0
शुरुआत,19
किलो,118
पैसा,157
बूथ,62
पैदा,19
सिंचाई,60
विजेता,114
जन्म,137
दावा,179
लड़की,102
जिलों,73
मजबूर,126
छापेमारी,54
आशा,98
करवा,134
प्रत्याशियों,62
इलाकों,73
खेतों,60
मौका,126
बढ़ा,119
मिट्टी,190
विशाल,73
हटाने,126
अरविंद,12
मानव,57
रहीं,135
भरा,40
रांची,72
संदेश,1
बालिका,102
निकाल,121
बचाव,124
लोकसभा,62
बधाई,151
नाथ,12
विस्तार,57
पुरानी,160
सिर,56
ठेकेदार,91
आर्य,140
उपाध्याय,12
उचित,25
बसों,7
होटल,128
बातें,37
वैसे,133
क्यों,198
व्यापार,107
कटौती,58
सेना,177
दबाव,74
नशे,186
परिवहन,107
मार्केट,95
जब्त,195
अफसरों,39
आशंका,74
उत्पादन,107
अपराध,59
पाठक,169
पुराने,73
समापन,30
मान,179
उद्योग,107
हालात,14
संकट,84
जताया,179
योगदान,57
पीने,186
सुशील,12
नियमों,0
प्रबंध,107
मारने,82
दहेज,181
उनको,133
बिक्री,95
बाढ़,84
परिवारों,123
रोडवेज,7
सख्त,0
महामंत्री,35
लागत,118
संदिग्ध,189
गली,184
अध्यापक,192
बहादुर,12
लाया,129
पकड़े,100
सामग्री,169
विधान,125
रहेंगे,104
अधिकांश,19
रोग,166
जताई,179
अर्चना,115
तापमान,108
प्रतिदिन,148
संभावना,74
अपहरण,170
स्वच्छता,45
महाराज,88
आरक्षण,167
करवाई,134
विनय,12
मुआवजा,58
शहरी,73
संकल्प,1
निकले,49
पूजन,115
स्पष्ट,57
इस्तेमाल,19
खाते,106
मोहल्ला,184
लिखा,129
मुहैया,134
गीत,67
कार्यरत,138
खनन,107
बहन,176
खाद,60
गंभीरता,63
मांगी,179
हमेशा,133
न्याय,111
मोड़,180
जूनियर,114
गौरव,165
माल,95
मिलेगी,77
गठित,125
किशोरी,102
गणेश,173
माना,19
सुरक्षित,25
तत्वावधान,30
ज्योति,99
शरीर,183
नीरज,12
शांत,20
किलोमीटर,175
मनीष,12
अपराधियों,170
पिटाई,41
धार्मिक,52
आदर्श,1
रास्ता,175
मुकाबले,142
बाबू,149
नवीन,57
उमेश,12
याद,37
अभिभावकों,102
बढ़ने,119
मजबूत,25
सिपाही,177
छानबीन,63
मजिस्ट्रेट,39
मीडिया,113
कश्मीर,178
सौंप,121
महेंद्र,12
निस्तारण,11
चारों,128
घटनाओं,120
आबादी,167
कक्ष,128
दोषी,170
कन्या,102
ब्यूरो,125
होनी,2
चक्कर,82
महोत्सव,30
अच्छी,160
गुहार,179
ग्रहण,11
प्रतिमा,190
ढंग,19
सोनी,12
पदों,138
भक्तों,22
जवानों,177
दौरा,73
लंबी,160
आये,53
उम्मीदवार,62
सोने,105
कमल,12
शक्ति,141
सुविधाएं,17
नृत्य,122
अहम,27
राजनीति,13
जायजा,63
नीति,107
गति,118
अनेक,19
मास्टर,171
सुमन,99
जंगल,31
शोर,116
पैदल,175
खाने,106
फाइनल,114
गीता,99
दूरी,118
सुनिश्चित,25
गरीबों,123
बीज,60
लंबे,163
कार्यशाला,30
लेना,90
हूं,80
उपभोक्ता,95
संस्कृति,165
मोटर,78
गृह,125
प्रवीण,12
भीतर,19
खूब,23
अनुमति,179
खुले,49
अखिलेश,12
दीप,112
आती,135
चौराहे,184
सब्जी,144
चालू,11
दूध,144
बादल,153
नियुक्त,138
वीरवार,48
नियंत्रण,107
कार्यकारिणी,35
अनुमंडल,72
सक्रिय,25
जवान,177
प्रवक्ता,35
ओमप्रकाश,149
आता,4
लिखित,169
काट,121
जर्जर,189
अध्यापकों,147
अफसर,177
नकदी,58
वार्षिक,30
संचालक,35
अजीत,12
आदमी,93
मिलता,4
विवाह,181
विश्वास,179
वृद्धि,119
नाले,24
विरोधी,139
डाल,121
यज्ञ,115
निकासी,24
निकला,129
इन्हें,133
कार्यक्रमों,30
चालान,195
सुविधाओं,107
सभागार,30
बच्ची,102
किस,137
शेष,133
शपथ,179
राजा,6
बीस,64
आक्रोश,74
इकाई,57
गैर,73
लाइसेंस,0
डाक्टर,159
पुरुष,102
दरबार,6
धनराशि,58
दोबारा,126
न्यायिक,111
खिलाड़ी,114
इनकी,160
पाठ,169
तैनाती,138
बताई,37
गन्ना,60
बालक,102
तकनीकी,107
उपस्थिति,57
वही,133
लक्ष्मी,173
जुर्माना,132
उपयोग,19
संगठनों,36
कमिश्नर,39
वित्तीय,58
जुट,126
निकलने,126
जैसी,160
धरने,13
उम्र,102
साथी,85
प्रतिभा,141
जगहों,73
समूह,57
आवश्यकता,2
रक्षा,124
बतौर,85
वित्त,58
भरने,82
श्रद्धालु,22
डालने,82
प्रदूषण,18
पौधे,94
दौर,163
सर्वे,63
कंप्यूटर,75
टूट,46
घटनास्थल,41
चाहते,90
बकाया,58
हवा,5
महत्व,57
अभिषेक,12
भजन,67
सुधीर,12
गुप्त,165
आजाद,70
प्रेरित,126
लुधियाना,92
दिखा,129
अनशन,13
बाधित,11
पकड़ा,129
बजाय,19
लगता,19
सामुदायिक,107
छोड़कर,100
सीधे,57
अलीगढ़,72
जाच,63
हमले,178
रफ्तार,78
आना,90
तेल,18
विधि,57
स्वच्छ,45
बदल,19
दुकानें,95
पशुओं,79
पहुंचाने,126
पेट्रोल,44
उठाने,82
इसको,133
वंचित,123
अंत,19
अधिनियम,0
बुरी,160
एकड़,91
भेजी,61
आशीष,12
पूर्वी,73
प्रधानाध्यापक,87
खाना,106
पाकर,20
गौरतलब,19
चुनावी,62
विकेट,114
आश्रम,43
उत्साह,141
बेहद,19
कहां,198
रोशन,112
पंप,109
क्षतिग्रस्त,84
मूल्य,95
संस्कार,115
महज,64
चिकित्सालय,159
मृत,189
ट्रेनों,7
रोज,148
छोटी,160
साथियों,36
लंबित,111
बेचने,95
वक्ताओं,30
बढ़ती,119
आपदा,84
कारोबार,95
हिमाचल,72
बाकी,133
प्रारंभ,19
हिसाब,118
नजदीक,72
कराकर,134
प्रार्थना,98
कुलपति,35
पुतला,44
दिक्कत,74
मुलाकात,163
धूप,108
इंचार्ज,39
भेजने,126
सोसायटी,9
लड़कियों,102
मतगणना,62
देता,4
जिम्मेदार,21
इतनी,19
मेहता,12
नियम,0
सार्वजनिक,57
सर्जन,159
जायेगी,77
कांड,54
कोषाध्यक्ष,35
स्कूली,192
पुष्टि,63
पड़ेगा,90
अखिल,140
अच्छा,25
अनाज,60
धर्मशाला,184
बीमा,58
कानूनी,0
मात्रा,118
वीरेंद्र,149
समस्याएं,17
विहार,43
आवागमन,175
खतरा,84
प्रतिनिधियों,36
रखते,53
मांगा,179
भरे,49
लें,89
विद्या,192
फुटपाथ,128
मजदूरी,91
श्रेणी,76
कौन,137
यमुना,161
खोलने,126
सुंदर,101
चीनी,140
मारकर,127
भ्रमण,163
आत्महत्या,84
पोल,180
नागरिक,73
अंचल,72
जिनमें,133
चयनित,76
लेंगे,104
ससुराल,181
सामूहिक,57
रक्तदान,159
जुटे,126
निकालने,126
पदक,114
मिलती,135
महंगाई,118
चिंता,74
क्षमता,141
निर्मल,12
समर्थकों,13
गोदाम,143
आक्रोशित,20
मुंह,193
भाव,141
फायदा,21
कौशल,107
पत्रकारों,36
अमर,12
मुद्दे,15
अंकित,195
पीड़िता,170
अच्छे,25
प्रदर्शनी,30
बृहस्पतिवार,172
टूर्नामेंट,114
फसलों,60
काली,101
निगरानी,107
न्यायाधीश,111
स्वरूप,57
कार्यवाही,0
याचिका,111
भरोसा,179
भेंट,98
भेजे,49
समुदाय,167
अनुसूचित,167
घंटों,148
पहुंचाया,129
हाथों,56
गुणवत्ता,25
बांध,46
करायी,134
कस्बा,72
एडवोकेट,35
ढाई,64
नाटक,122
धीरे,50
दुरुस्त,21
रुपया,157
फूल,158
हमारी,160
मानदेय,138
सकेंगे,104
गुरुद्वारा,92
उनमें,133
सागर,161
ममता,99
बदलाव,57
गिरने,196
व्यवसायी,85
मेहनत,27
सेवक,6
बुलाया,129
संध्या,148
कूड़ा,45
अभ्यर्थियों,147
परीक्षण,63
काटने,82
इंतजाम,126
हरी,101
फैसले,111
मना,179
हथियार,177
दफ्तर,163
पर्यटन,107
धूमधाम,151
पर्याप्त,25
घेराव,11
पुरस्कृत,11
सौंपी,129
स्वर्ण,190
मेरे,198
स्व,57
ऑटो,78
टाटा,9
फीस,132
शाह,42
सदन,125
प्राथमिकता,25
पूनम,99
भव्य,128
मोहल्ले,184
कैलाश,12
कलाकारों,36
सत्ता,13
आरती,173
संगीत,67
पश्चिम,73
टीमों,114
प्रभाव,57
अस्पतालों,159
संसाधन,107
त्यागी,12
भारद्वाज,12
लड़ाई,162
बेटा,176
विशेषज्ञ,85
तत्कालीन,73
नामक,19
लापता,84
बोल,136
निकली,61
दीवार,128
खाता,106
शुरु,19
पत्थर,190
राजमार्ग,175
शिक्षण,192
राजधानी,73
उपरांत,11
राज्यों,73
देखरेख,107
जोड़ने,126
डाक्टरों,159
रेखा,180
साहब,42
अवकाश,163
रुप,57
बच्चा,102
सड़क,175
भरी,160
व्याप्त,74
आपसी,185
अगुवाई,13
चावल,144
भले,133
संपत्ति,58
औद्योगिक,107
बढ़ी,119
पश्चिमी,73
दर्द,166
रोजाना,148
रखकर,121
जिन्हें,133
आभार,98
वरीय,11
सारी,160
बताए,49
चलता,4
इनका,133
कायम,165
एकता,1
सुनाई,37
दलों,13
हादसा,84
पूछा,198
हवाले,63
डॉक्टरों,159
राख,191
मुस्लिम,52
नाराजगी,74
मंत्रालय,125
सलाह,179
अनुदान,58
निधन,84
रणनीति,107
सूरज,112
गोष्ठी,30
मुझे,198
नये,57
छूट,58
श्रद्धांजलि,98
बहाल,11
जुटी,126
बीमार,159
स्वीकृति,179
कंपनियों,36
मंदिरों,43
लीटर,118
तीसरा,197
कपड़े,146
भागने,126
भक्ति,130
प्रेस,113
इतिहास,165
दिलाया,129
समझ,19
गड़बड़ी,74
विकसित,57
हित,1
पड़ताल,63
अमन,12
बढ़ावा,107
शोक,151
सहमति,179
फीसदी,118
बिहारी,12
मुहल्ला,184
सूबे,72
सकें,89
समान,57
शोभायात्रा,22
वातावरण,18
जाएंगी,32
दुनिया,73
अपराधी,170
प्रेमी,85
लाठी,127
जानी,2
कीर्तन,92
अंग्रेजी,140
खरीदने,95
परिवर्तन,57
तोड़कर,46
स्वीकृत,76
उत्पन्न,19
भावना,141
उतर,26
माने,85
राज्यपाल,35
अभिभावक,102
आरंभ,19
नागरिकों,73
घुस,121
नाला,24
अधिकतर,133
बदले,132
चोट,84
बदलने,126
छुट्टी,163
बैठा,26
कार्यपालक,35
अक्सर,133
विगत,172
हों,89
खून,183
आचार्य,88
पीड़ितों,123
सत्यापन,76
समन्वयक,87
व्यवहार,57
लिखे,49
सुनने,126
जाया,129
मूल,57
अवधेश,149
मुहिम,13
बीएसए,39
मूल्यांकन,107
हड़कंप,116
गुजर,163
दायर,111
पढ़ने,37
निलंबित,11
हत्याकांड,170
बीमारियों,166
पोलियो,166
न्यूनतम,118
क्रय,95
वर्षा,153
बुजुर्ग,102
पैर,56
कराना,134
तैयारियां,17
भूषण,12
नीतियों,120
करवाए,134
बंसल,12
सचिन,12
अथवा,57
आवासीय,73
मांगे,179
मानें,63
करोड़ों,157
सफर,7
भाषा,140
प्रस्तुति,169
रहना,90
आयु,118
गतिविधियों,120
दीक्षित,12
चौराहा,184
दर्जा,57
ऑनलाइन,75
जलकर,191
दीपावली,151
हस्ताक्षर,195
नाराज,20
खोल,121
तलाशी,41
फांसी,170
दाम,95
समाचार,113
दिखाया,129
बनकर,19
अंतरराष्ट्रीय,73
शिरकत,30
निशान,180
तनाव,74
बाग,171
सुनकर,20
विवाहिता,181
सदस्यता,11
मैनपुरी,72
तैयारियों,30
फैल,50
आवंटन,58
चंदन,12
डीजल,78
नशा,186
कविता,169
दरअसल,133
देरी,74
ऊर्जा,18
कोतवाल,39
बसें,7
मान्यता,57
जोरदार,23
देहात,72
सालों,172
अदा,132
प्रावधान,0
महाप्रबंधक,35
संस्थाओं,125
कपूर,12
प्रगति,107
पंजीकरण,76
छापामारी,124
सोच,21
मालूम,198
सीटों,62
पदार्थ,18
दलित,167
गले,105
पचास,64
रोका,129
उत्सव,151
विश्वकर्मा,12
बाजारों,95
बैठ,26
बदायूं,72
बाहरी,73
प्रस्तावित,11
डेंगू,166
परीक्षार्थी,147
कारणों,120
स्वीकार,179
ललित,12
केन्द्रों,36
कागजात,195
मूर्ति,190
राष्ट्रपति,35
मनमानी,21
सेवानिवृत्त,138
दहशत,84
समाजसेवी,85
कार्यकारी,35
महसूस,20
चलाई,61
चाय,186
थानों,41
खरीदारी,95
अर्पित,98
सारे,19
उम्मीदवारों,62
मस्जिद,128
महानगर,73
सेवाएं,107
बगैर,49
खेलों,114
शिकायतों,120
विदेशी,73
मानसिक,189
अनुपस्थित,189
पड़ने,2
चुना,129
करार,21
लिहाजा,133
आखिर,198
घरेलू,73
मुजफ्फरपुर,72
हिदायत,179
डाक,195
धाम,43
एकत्र,11
पीटा,41
पारा,118
सेहत,14
शिकायतें,17
ट्रैक,175
आसमान,112
योजनाएं,17
सिलसिला,185
देती,135
राहगीरों,41
वकील,111
पुराना,137
कार्यकाल,125
लक्ष्मण,12
पेपर,195
गिरी,196
मनाने,151
बचने,126
निवास,43
सहारा,126
आवंटित,11
मांगने,82
शरण,124
आयी,61
एकत्रित,11
पड़ोसी,73
श्रम,107
सेमिनार,30
बंगाल,72
प्रणाली,107
व्यक्तियों,36
गलियों,66
विमर्श,169
सूर्य,112
मचा,116
आग्रह,179
मनोहर,12
अधिकतम,118
पंजाबी,140
काला,101
सौरभ,12
बंदी,124
उल्लेखनीय,57
चुनौती,179
प्रांगण,128
हार,142
पाते,53
इंकार,179
दिल,156
जिंदगी,163
प्रसार,107
परमजीत,48
किरण,112
परिचय,169
खोला,129
पानीपत,72
जवाहर,137
श्रमिकों,91
अवतार,130
वृद्ध,123
पंजीकृत,76
त्योहार,151
आधारित,57
वैज्ञानिक,85
अनदेखी,21
तले,131
स्वतंत्रता,70
सारा,133
गाड़ियों,78
कहने,126
थोड़ी,160
ठोस,180
चलेगा,77
ग्राहकों,36
शिशु,102
मुफ्त,75
पकड़ने,82
नाबालिग,102
मृतका,176
परीक्षार्थियों,147
बीती,37
फेंक,121
अंतर,57
पाली,72
मृत्यु,84
द्वार,128
विकलांग,123
साजिश,54
स्मृति,165
कलश,190
भीषण,84
सर्विस,75
काउंटर,75
अवधि,11
मंजू,99
तीस,64
समस्त,57
टीमें,114
बालू,161
स्नान,115
राष्ट्र,73
कुरुक्षेत्र,72
डाली,61
बचा,129
संगत,92
भक्त,22
प्रकट,57
बारह,64
आंखों,193
चेहरे,193
स्थायी,11
शिनाख्त,63
तारीख,172
बनवाने,81
भोला,171
सुझाव,179
चलाए,49
बर्बाद,21
सचिवालय,125
संज्ञान,63
बहिष्कार,11
मारी,127
प्रेरणा,1
बांका,171
शारीरिक,57
व्यापक,57
पड़ती,2
हमारा,198
कामना,98
उत्पीड़न,59
समाजवादी,13
सहकारी,107
मुक्ति,130
प्रतिभागियों,36
कैद,170
समझा,129
विदेश,73
नकल,23
सायं,148
जिनके,133
हमीरपुर,72
तत्वों,18
अनियमितता,74
पंच,171
सख्ती,0
बुरा,21
चांदी,105
चन्द्र,12
स्टोर,95
वीर,70
बीत,163
हवन,115
निधि,58
नगरपालिका,125
मौलाना,42
लघु,169
नायक,122
छेड़छाड़,59
हादसों,84
पंचायती,103
देखी,61
गार्ड,177
सराहना,27
शुरूआत,19
गश्त,124
अनिवार्य,0
संग,65
रिक्त,138
वेलफेयर,9
चुनावों,62
पटरी,175
खुला,40
कैमरे,75
मौजूदा,57
पारित,11
मंगल,96
विजयी,142
मौजूदगी,63
समझौता,179
रखना,90
पार्षदों,62
नरेन्द्र,12
बैठने,26
शानदार,27
सुरजीत,48
बर्दाश्त,21
होंगी,32
रोशनी,112
इतने,19
आसानी,133
देवघर,72
लगते,53
चेन,105
संसदीय,125
अभियुक्त,170
सरदार,6
दान,115
डालकर,121
कार्यालयों,36
सैनिक,177
खुली,160
जबरन,121
नोट,195
रिक्शा,78
शोभा,99
दक्षिण,73
तलब,63
पट्टी,180
ग्रेटर,73
स्थलों,31
गाय,79
आपस,185
चाहती,90
सीडीओ,39
कमजोर,189
भाषण,30
बराबर,118
परेशानियों,74
निरस्त,11
मायके,181
हिंदू,52
रखें,89
तस्करी,54
पलट,196
अनियंत्रित,189
टेंपो,78
पहुंचते,53
ऐतिहासिक,165
वंदना,99
पेट,183
विशिष्ट,57
रेट,118
बागपत,72
मेरी,160
दरवाजे,128
खारिज,179
छोटा,19
हैंडपंप,109
बुखार,166
ढेर,45
उसको,133
नाली,24
राह,156
कवायद,126
रहें,89
छावनी,177
नष्ट,11
कप्तान,114
पौधरोपण,33
मशक्कत,126
पश्चात,19
आजादी,70
शिक्षिका,87
शशि,12
आस्था,52
मनाई,151
गाजीपुर,72
कचहरी,184
बनाना,117
बढ़ता,119
घटनाएं,17
हटा,129
ज्यादातर,133
पत्रों,113
खेला,114
दिखाकर,121
आधुनिक,57
उदय,12
प्रभात,12
प्रतिनिधिमंडल,35
उल्लंघन,0
यहीं,163
उठाए,49
प्रकाशित,113
हिंदी,140
मुकाबला,142
एकजुट,13
गईं,61
अमल,0
सहारे,131
उठे,20
सेंट्रल,9
खेलकूद,114
आधे,118
मोहित,12
शहरों,73
हुये,53
कबड्डी,114
संस्थानों,36
बोले,198
अगली,160
अधिग्रहण,11
सास,176
छापा,113
कैंसर,166
मुहल्ले,184
गिरा,196
दिखे,53
लेखपाल,39
खतरे,84
सलाहकार,35
आलू,144
लकड़ी,44
कोयला,44
सड़कें,175
छात्रवृत्ति,192
पोस्टर,122
प्रजापति,12
कुशीनगर,72
अनुरूप,57
भाइयों,176
काटकर,121
संहिता,0
छीन,121
भूख,74
हटाया,129
क्षति,84
पीछा,126
सेल्सियस,118
सूचित,179
उपकरण,107
चित्र,190
रंजिश,185
स्वस्थ,25
अतिथियों,30
सांस,183
नींद,188
सभासद,62
उपजिलाधिकारी,39
अल्पसंख्यक,167
गाली,136
लूटपाट,41
सत्संग,3
बंधक,124
क्विंटल,118
तकरीबन,64
रूपये,157
चाहे,133
हिस्से,73
ठेका,95
प्रांतीय,125
निकालकर,121
निश्चित,57
बदला,129
बचाओ,83
दौरे,73
शांतिपूर्ण,25
बिलासपुर,72
प्रकोष्ठ,125
शोषण,59
नमाज,148
गर्म,108
बुलंदशहर,72
साइंस,9
दबोच,41
मानक,57
जीता,142
गौर,63
नायब,6
नकद,58
कवि,85
महीनों,172
मित्र,85
बढ़ते,119
सर्व,130
महादेव,173
बढ़ोतरी,119
सर्दी,108
वासियों,73
उपलक्ष्य,151
चलें,89
दूबे,12
विवश,126
पंद्रह,64
प्रसिद्ध,19
दशा,14
मासूम,102
मार्गो,175
दाखिला,192
संरक्षक,35
डेरा,171
सेवन,186
सर्वाधिक,137
फाटक,184
मारा,129
नारे,70
गोल,180
नवरात्र,86
पात्र,122
रोगियों,159
करंट,75
उठाई,61
चुने,49
दर्शकों,122
अभय,12
किराया,7
विस्तृत,57
गावों,103
शैक्षणिक,192
नलकूप,109
संस्कृत,140
झुलस,191
तकनीक,107
जेवर,105
मांगें,179
समर्थक,13
पूछे,198
अनुरोध,179
सुख,130
प्रशांत,12
दरभंगा,72
रहकर,163
उठाकर,121
पहलवान,114
सवा,64
निशाना,124
अवस्था,57
समर्पित,1
देगी,77
विदाई,98
वार्डो,62
जनप्रतिनिधियों,110
सर्वसम्मति,179
अति,25
निकाय,125
चलाकर,121
लाकर,121
बारी,160
गणित,192
नतीजा,21
नालियों,24
विषयों,169
व्यस्त,163
आकाश,112
जिन्होंने,133
बनाये,49
महात्मा,88
संदर्भ,169
प्रतियोगिताओं,114
दोस्त,176
दशक,19
गर्भवती,102
चाकू,127
मालिकों,36
स्थगित,11
लाश,131
हाजी,42
इटावा,72
बढ़ाया,119
टोल,175
घुसकर,41
खुल,50
पत्रकार,85
प्लान,75
तालाबों,24
जेब,157
फूंका,129
अवश्य,89
आचार,0
संचालकों,36
परिस्थितियों,120
दबिश,41
कितने,133
टूटी,160
संगीता,99
बैठकर,26
कुंवर,12
जहर,186
पुलिसकर्मियों,41
पुलिया,175
विष्णु,173
बीएलओ,62
टीकाकरण,166
कार्यों,120
वेबसाइट,113
फंसे,15
चलती,135
गन्ने,60
वापसी,11
मैन,75
झंडी,175
फिरोजपुर,72
सिख,92
प्रसव,183
गंदा,45
खाद्यान्न,60
उत्पाद,95
सराहनीय,25
जल्दी,133
दिखाने,126
सूरत,156
गुजरने,175
आएगी,77
जगत,130
यानी,133
हराया,142
मुद्दों,120
संवेदनशील,189
बगल,26
भेजकर,81
रिश्तेदार,176
फीट,118
वैन,78
शिलान्यास,11
दायित्व,0
कैंट,72
जुड़ी,160
पर्चा,195
तस्वीर,37
जाट,171
परिचालन,107
फीडर,109
कराते,134
हेक्टेयर,60
अनुज,12
जताते,179
गला,183
खातून,42
लुटेरों,41
डाले,49
कामकाज,125
सुनी,37
मानना,90
अभ्यर्थी,147
किल्लत,109
मिलाकर,118
आबकारी,39
दंडाधिकारी,39
शोध,63
मारे,84
खुलने,126
देगा,77
मुकदमे,111
ससुर,176
सील,75
घंटा,148
निंदा,59
लगेगा,77
मिलन,98
ध्वस्त,11
उच्चाधिकारियों,39
पथराव,41
तीसरी,197
रेवाड़ी,72
आतंकी,178
निदान,166
सत्य,130
आत्मा,130
लेन,175
विरूद्ध,139
मनोरंजन,122
हकीकत,27
प्रखंडों,103
महासंघ,35
आपराधिक,54
कलाकार,85
लड़के,102
वेद,130
ओझा,12
आला,171
घोटाले,54
निपटने,126
खेलने,114
भागवत,88
सीता,55
साधन,25
पिछड़ा,167
विमल,12
कैबिनेट,125
बवाल,116
नितिन,12
साहित्य,140
मामूली,189
अकादमी,192
चाहता,90
बेच,95
लाई,61
पसंद,90
रजिस्ट्रेशन,75
स्नातक,192
बसंत,12
राज्यमंत्री,35
हवाई,7
जाये,133
गठबंधन,13
गणमान्य,30
विधायकों,62
जानने,126
कहकर,179
रामचंद्र,12
चौथे,197
इंटरनेशनल,9
हर्ष,98
सदस्यीय,125
चार्ज,75
शाही,6
भागीदारी,107
जानलेवा,84
कराएं,134
माफिया,54
आगमन,98
आएंगे,104
मंजूर,179
मंचन,122
पुस्तक,169
पूर्ति,11
श्रद्धा,98
कंबल,146
लिपिक,138
छोड़ने,82
विक्रेता,95
लंगर,92
ताले,128
उतार,121
देखे,49
मिठाई,106
कटान,24
गोस्वामी,12
जलापूर्ति,109
लगाना,117
कारोबारी,95
दिनभर,148
दसवीं,197
जैसा,133
महासभा,35
जलभराव,24
दिलाई,129
ग्यारह,64
तिलक,171
खासकर,133
परंपरा,165
मेरा,198
माल्यार्पण,30
मानते,53
बीबी,171
उपमंडल,72
खुर्द,145
चाचा,176
तब्दील,50
आधी,160
मासिक,113
इंस्टीट्यूट,9
जीटी,184
ऊधमपुर,72
स्पष्टीकरण,57
कोहराम,116
फटकार,136
लोगो,133
प्यार,98
कामयाब,126
कमला,99
पुलिसकर्मी,41
बाला,99
देशों,73
रजिस्टर,195
कूड़े,45
तोड़फोड़,41
दक्षिणी,73
आसान,90
दमकल,41
भूकंप,84
बुलाकर,81
व्यवसाय,107
बाधा,74
आपत्ति,179
होश,40
ग्राहक,95
विधिक,111
जागरुकता,141
अनुराग,12
काटा,129
मजबूती,141
बताने,126
प्रदर्शनकारियों,13
दुख,74
हरकत,59
पहाड़ी,31
प्रतिबंध,0
लिखकर,195
संविदा,138
गुलाब,158
बेटियों,102
प्रमाणपत्र,195
गुजरात,73
दोषियों,170
सटे,72
अधीन,0
वाद,57
वकीलों,111
तोड़ने,46
जेवरात,105
संसद,125
आशीर्वाद,98
पौधों,94
कोहरे,153
जलस्तर,24
शुद्ध,25
चैंपियनशिप,114
रक्त,183
बचे,49
भीम,55
सरिता,99
वादा,179
चलना,90
निभाई,57
प्रतीक,57
धोखाधड़ी,54
ठगी,54
उत्तम,25
बजाए,126
उजागर,63
सवारी,78
पाठशाला,192
लौटने,163
सुबोध,12
उत्तरी,73
सेवाओं,107
दूषित,45
काले,101
अविलंब,11
हमने,133
ऊना,72
बेरोजगार,138
आदिवासी,167
कर्ज,58
बेहोश,154
लाभार्थियों,33
विकल्प,25
बीए,192
जोड़ा,129
वार,127
रसोई,106
बातों,120
गुस्सा,136
बनता,4
लड़ने,162
शहीदों,70
समस्तीपुर,72
संशोधन,0
जरिये,57
गीतों,67
अंधेरे,112
करेंगी,32
पक्का,179
योग्य,25
समुचित,25
चौकीदार,171
पंडाल,22
सराय,184
पुष्पा,99
टैंकर,109
शारदा,99
इन्कार,179
विपरीत,57
धीरज,12
सैनिकों,177
निर्वाचित,35
विलंब,11
कमर,56
ज्ञात,57
सूत्री,33
पेड़ों,94
गिरकर,196
एजेंसियों,36
मकसद,126
नकली,54
दावे,63
तर्ज,73
रोटी,10
प्राकृतिक,18
निष्पादन,107
चिन्हित,11
करोड़,157
अनुसंधान,107
टंकी,109
वासी,152
खोले,49
खुश,20
घनश्याम,12
जिनका,133
सहनी,2
शौच,45
कहानी,37
अड्डा,7
धरती,165
हाजिर,195
लगती,135
उपेक्षा,69
कूद,100
मलेरिया,166
आपको,198
बुझाने,191
पवित्र,130
कचरा,45
सेविका,87
जनहित,1
कुर्सी,131
बनेगा,77
आकर्षक,25
सकारात्मक,25
आकर्षण,57
नालों,24
घूम,26
नारी,102
निष्पक्ष,25
श्रीमती,99
लटका,131
जिनकी,19
बोतल,155
नोडल,39
शिक्षित,93
पोषण,107
धाराओं,120
प्रवचन,3
बुलंद,27
प्रधानों,103
मेजर,177
सीडीपीओ,39
अनुमान,63
रंगारंग,30
रुक,163
प्रकोप,166
निषाद,149
कितना,19
छाया,112
दरोगा,41
कुश्ती,114
प्रभावी,25
लोकतंत्र,13
समितियों,125
अव्वल,27
गंदे,45
विश्वनाथ,12
बांटे,49
नगदी,157
गुरूवार,172
प्रीति,99
बोझ,74
मुख्यातिथि,30
उपाय,96
पराजित,142
भरपूर,25
भार,118
टूटने,46
पूर्वक,141
प्रशिक्षक,114
सर्किट,75
बल्लेबाजी,114
निर्मित,57
धर्मपाल,12
प्रोग्राम,75
बरकरार,27
भेदभाव,139
जनसंपर्क,113
हाथी,79
भरकर,121
काटे,49
कपड़ा,146
अन्यथा,133
पान,186
त्वरित,25
भवनों,128
रुचि,141
इत्यादि,57
फुटबाल,114
व्यय,58
बनाते,53
प्वाइंट,75
झगड़ा,185
पदोन्नति,138
डकैती,54
लगाये,49
समझाने,126
पहिया,78
फेडरेशन,9
हमलावरों,41
लालू,171
सोना,105
लौटा,132
पीढ़ी,165
रेस,114
पूछने,198
बीघा,91
पुख्ता,63
दवाओं,159
आंधी,153
अपेक्षा,25
सुधारने,14
अध्ययन,57
अन्तर्गत,199
जंग,162
सिरे,180
धक्का,196
पड़ोस,176
चिकित्साधिकारी,39
व्रत,115
चतुर्थ,197
लड़कों,102
कच्ची,160
निदेशालय,125
उपलब्धि,25
संविधान,0
गढ़वा,72
इंद्रजीत,48
केन्द्रीय,125
झंडा,70
लहर,161
मंशा,179
प्राप्ति,57
क्षेत्राधिकारी,39
पुजारी,171
उद्यान,31
स्टेशनों,7
तंग,189
चढ़कर,121
आरक्षित,11
खिताब,142
अधिकारों,0
नगरी,43
किलोग्राम,118
धूल,45
छोड़ा,129
अक्षय,12
पीठ,56
जलाकर,191
रंगदारी,54
संस्थापक,85
बहाने,126
स्थानांतरण,11
दबोचा,41
कतार,26
देशी,140
चोटें,84
किंतु,133
वर्षों,172
गलती,21
दिक्कतों,74
डोर,46
सीधा,57
दुमका,72
इन्होंने,133
तारों,112
घाटों,161
परीक्षाओं,147
कर्नल,177
बढ़कर,118
हॉल,128
कहासुनी,185
निर्माणाधीन,175
उग्र,139
ठेके,91
कड़े,0
मौन,98
विधवा,102
जनप्रतिनिधि,35
तबादला,138
दंपती,181
पैमाने,73
रजनीश,12
बुलाई,61
बिगड़,14
आदेशों,0
भंडारी,12
आमंत्रित,30
सुचारू,25
निवासियों,73
मैंने,198
पाक,177
अलाव,191
आरएस,48
मानी,160
गायक,85
उपकेंद्र,109
कारतूस,177
सीटें,62
दबंगों,41
बढ़ाकर,119
कराये,134
आवाजाही,175
हल्की,160
गणतंत्र,70
सुन,20
हृदय,183
आभूषण,105
निरंजन,12
लौटे,163
शेर,79
किराए,7
मंजिल,128
पिछली,160
वसूल,132
इस्लाम,52
संदेह,74
पाती,135
सेवकों,36
कमरों,128
निर्देशों,0
दहन,44
हीरा,171
पकड़कर,100
निशा,99
पर्स,155
ट्रकों,78
उन्हीं,133
तस्करों,41
खोज,63
दाल,10
अनुभव,57
महान,85
मुआयना,63
टकरा,196
चांद,112
संबोधन,30
एड्स,166
गाड़ियां,78
कटाई,60
उतरने,126
आफिस,75
निर्देशित,11
बीईओ,39
मेल,75
पारिवारिक,57
जला,191
कमान,177
गोद,102
महायज्ञ,115
निरंतर,25
परन्तु,133
मतों,62
ताकत,141
अमेरिका,73
गहरा,40
पार्टियों,13
आरोपों,54
भूल,90
चिह्नित,11
शैक्षिक,192
नेत्र,193
स्मारक,190
गरीबी,123
कागज,195
विसर्जन,11
माला,105
इजाफा,119
मकानों,128
भगवती,173
संपूर्ण,57
चुरा,121
निर्धारण,76
इच्छा,179
मजबूरी,74
लाए,49
प्रारंभिक,57
बदहाल,123
ऋषि,55
चूंकि,133
प्रीतम,12
ठेकेदारों,36
अमृत,55
उतरे,49
इंसान,93
खुदाई,190
तमंचा,127
आएगा,77
सकेगी,77
जिम्मा,126
पर्यवेक्षक,35
कितनी,160
बृजेश,12
काशी,43
नम्बर,75
हलका,101
निकाले,49
चौराहों,66
पढ़ें,89
टूटा,46
घेर,121
विशेषज्ञों,36
एलान,179
हितों,120
जिम्मेवारी,21
दुर्घटनाओं,84
हस्तक्षेप,11
उठाना,117
अस्तित्व,165
दृष्टि,57
गुलाम,6
भंडारे,22
उड़ा,168
विपक्ष,13
मचाया,116
बेहाल,154
रसीद,195
सिपाहियों,177
हवाला,179
निशुल्क,123
गौड़,149
मुआवजे,58
कैदियों,170
डीडीसी,9
डाकघर,72
बाध्य,179
कांस्टेबल,41
भंग,11
फौजी,177
मुलायम,101
बाजी,142
अभ्यास,57
पुष्प,158
बहाली,11
भांति,57
सोलर,75
बहस,185
कथित,54
जीतने,142
रजनी,99
अपराह्न,148
मैट्रिक,192
मधु,99
रमजान,151
फैली,50
पुरुषों,102
उदासीनता,74
पर्ची,195
बहनों,176
संचार,107
धारण,57
व्यवसायियों,36
इन्हीं,133
पकड़ी,100
चिन्ह,180
संगोष्ठी,30
निराकरण,11
जुटा,126
पर्यटकों,31
खराबी,74
घटिया,189
दोनो,133
संभाल,121
इंटरनेट,75
मछली,79
आयकर,58
प्रयासों,120
निर्देशन,122
रोगी,159
उठाते,53
आपके,198
भैंस,79
अगवा,41
आखिरी,197
हमलावर,178
चापाकल,24
उठानी,2
पोशाक,146
पहाड़,31
परीक्षाएं,147
शिकायतकर्ता,111
बर्तन,155
धर्मेन्द्र,12
संसाधनों,107
तुलना,118
इमारत,128
सीमित,57
राखी,46
बढ़े,119
उत्थान,1
यूं,27
सेठ,12
मानसून,153
प्रवीन,12
सफेद,101
बनती,135
दवाएं,159
एयरपोर्ट,7
दिवाकर,12
जोड़,46
भोग,69
निर्गत,76
उमड़,5
तीर्थ,43
जीव,130
प्रताड़ित,59
दायरे,0
प्रोत्साहन,107
साक्षात्कार,113
सावन,153
कहर,84
शर्त,179
फरमान,0
कड़ा,0
छिड़काव,150
मचाने,116
ब्याज,58
क्रांति,107
जलाने,191
नवजात,102
निर्णायक,142
लोहे,155
अंदाजा,63
कल्पना,57
बचत,58
गिरावट,118
आतंक,178
बढ़ाई,119
पूर्णिमा,86
प्रोत्साहित,126
जिक्र,63
नक्सली,178
मुसीबत,84
प्रभार,125
कारोबारियों,143
रोगों,166
निर्मला,99
सुना,37
माले,171
विधिवत,76
साधना,130
पीडब्ल्यूडी,175
जिंदा,27
तिराहे,184
सापेक्ष,118
हिन्दी,140
कहती,135
जनजाति,167
कारावास,170
तफरी,116
फैला,50
संकेत,57
बड़ी,19
सघन,180
युवतियों,102
फूलों,158
विवरण,169
हथियारों,177
हिस्सों,73
सम्भल,72
नजारा,31
जनसंख्या,118
अभियुक्तों,170
घटे,119
नक्सलियों,178
बुजुर्गो,102
वृद्धा,123
मिलेंगे,104
प्रिया,99
प्रमंडल,72
उत्तीर्ण,147
बैठी,26
कमाई,157
युद्ध,177
अधूरा,40
वृक्ष,94
केशव,12
इमाम,42
टूटे,46
हलके,101
डंडे,127
कक्षाओं,192
जोकि,133
खामियाजा,21
लावारिस,79
बिल्कुल,133
परेड,177
फैलने,50
नर्सरी,192
जुड़ा,40
नियमानुसार,0
जनसभा,30
शाहिद,42
लूटने,82
सबको,198
कैदी,170
उत्क्रमित,192
निवारण,166
घाटी,31
देखभाल,107
उतरी,61
नदियों,161
छात्रावास,192
निर्भर,57
कीमती,190
चलेगी,77
संभावित,57
मेहमान,106
ट्यूबवेल,109
कोठी,184
उदाहरण,57
सोलन,72
ईमानदारी,141
चलकर,133
झेल,84
गुस्साए,41
अकेले,163
महकमे,39
बीआरसी,87
फैलाने,126
दाखिले,147
प्रकृति,57
कांफ्रेंस,30
प्राचार्या,87
खाक,191
गायन,67
युग,165
किराये,7
बाप,176
प्लास्टिक,155
परिषदीय,192
हरा,142
एजेंट,75
जिसको,133
खतरनाक,189
धीमी,189
कोचिंग,192
रखरखाव,107
वारदातों,41
जश्न,151
अनुपालन,0
समझौते,0
विदित,63
जीतकर,142
आठवीं,197
गोलियां,127
भड़क,136
सन्नाटा,40
कर्म,130
दलाल,95
प्रशंसा,141
डेयरी,137
शिकंजा,54
कुंदन,12
बताकर,121
ट्रेनें,7
दिसम्बर,172
बोली,140
मिलीभगत,54
भ्रूण,183
बारात,181
तुलसी,171
सुनाया,37
सच्चाई,63
अखंड,165
उपेंद्र,149
रखेंगे,104
व्यक्तिगत,57
उर्मिला,99
परिक्रमा,137
अनुशासन,141
कार्यप्रणाली,120
चेतना,1
कपड़ों,146
आगाज,30
अधिसूचना,76
गोला,180
बहू,176
भगा,121
झील,31
ठोकर,196
कर्तव्य,1
चौपाल,103
खाई,106
अश्विनी,12
वजन,118
कुएं,24
सवालों,120
रजा,42
धूम,116
परमात्मा,130
भरोसे,21
नाकाम,126
प्रतिबंधित,0
रवैया,21
गहरी,160
तारा,173
देखना,90
पाएगा,77
करवाकर,134
धनंजय,12
रवैये,21
अर्जी,111
टैक्सी,78
सम्पन्न,25
धारकों,58
टोली,171
बेहतरीन,27
कोट,146
जाल,180
मूलभूत,107
बिक,95
पायी,61
रोकथाम,166
लिखी,37
गूंज,67
शकील,42
डूब,161
जीते,142
रचना,169
वसूला,132
कालोनियों,143
कंचन,99
वैश्य,167
सिद्ध,25
गिरि,12
परिचालक,138
तंत्र,107
निपटारा,15
शातिर,54
विफल,126
बेंच,111
जरूरतमंद,123
कुलवंत,48
स्थानांतरित,11
चालीस,64
साक्ष्य,63
ऐलान,179
मोह,69
पाये,49
सेमीफाइनल,114
रोटरी,9
हिम्मत,27
लगायी,61
इकट्ठा,121
बेरोजगारों,138
हरियाली,31
बनना,90
सावित्री,99
पड़ते,53
चलाते,53
जन्मदिन,151
पुरुषोत्तम,12
रेत,161
हराकर,142
ख्याल,27
कालाबाजारी,143
महकमा,39
वर्दी,146
चहल,171
प्रतिवेदन,76
नौजवान,93
विद्युतीकरण,33
बांटा,129
जायेंगे,104
देसी,140
वैदिक,165
शवों,44
आयोजक,30
गवाह,63
नाजुक,189
शब्द,140
इस्तीफा,179
निशानदेही,41
पदार्थो,18
गुलशन,12
पुस्तकालय,192
दोस्तों,176
सतर्कता,141
खेलते,114
विक्रेताओं,143
हॉकी,114
कन्नौज,72
धांधली,54
समन्वय,107
खेले,114
अंधेरा,112
कीचड़,45
अंदाज,23
शिकायती,195
तमंचे,127
कार्यभार,11
दून,72
आखिरकार,133
जबरदस्त,27
वीरभद्र,12
सौंपने,179
प्रदेशाध्यक्ष,35
निकलना,117
कर्ण,55
कठिन,90
मवेशी,79
मेधावी,93
कृपा,98
रिकॉर्ड,75
दामों,95
जितनी,160
विश्राम,163
वर्करों,110
जंगली,79
दूसरों,69
सर्वेश,149
क्लीनिक,159
चरित्र,122
बीडीसी,103
सीमेंट,190
अबतक,133
मंत्रियों,125
एकमात्र,19
खरीदा,95
स्थाई,73
अश्लील,23
भुगतना,21
हाजिरी,195
खोजबीन,63
मरने,84
बुला,121
पांव,56
नवम्बर,172
मणि,12
करेगे,104
गुणगान,98
सीख,90
नगद,157
सूत्रीय,33
सक्षम,25
नसीब,156
पर्यटक,31
लगवाने,81
छेड़खानी,59
दिखाते,53
बहरहाल,133
संगम,161
शिक्षामित्रों,138
भंडारा,22
बेगम,42
प्रपत्र,76
रिश्वत,54
सब्जियों,144
पार्वती,173
करवाना,134
विभागाध्यक्ष,87
हाट,95
लैस,75
छात्रसंघ,147
सतर्क,189
शासनादेश,76
वरुण,12
व्यास,12
शीतल,99
सुध,21
खंभे,128
रौनक,65
वार्षिकोत्सव,30
चीख,154
भनक,41
उमस,108
युक्त,25
गुमराह,21
भजनों,67
माया,69
वाहिनी,177
सहकारिता,1
मिस्त्री,171
जीने,126
सूखे,153
मीट,106
समीर,12
धंधा,95
क्रियान्वयन,107
प्रसंग,169
बचाया,129
डयूटी,138
मनीषा,99
खिड़की,26
पलायन,11
अनिश्चितकालीन,11
निहाल,92
लंबा,180
तत्व,18
मंथन,55
वेतनमान,138
पुण्य,130
दिखाए,49
उत्कृष्ट,25
निर्वाची,62
नुक्कड़,122
सरसों,144
मानने,126
डालते,53
आराम,163
हरिओम,149
कान,193
संसार,130
मंडियों,143
पड़,2
निराश,20
थोड़ा,133
बाइपास,175
लेनी,2
प्रतिष्ठा,141
पाना,90
रिश्तेदारों,176
राजनैतिक,13
गिरफ्त,170
पुनीत,12
शरीफ,42
रिहा,170
विजेताओं,36
शौचालयों,45
मोहाली,72
रजिस्ट्रार,39
पढ़ाने,192
बुनियादी,107
माफी,179
जानवरों,79
नमूने,190
वोल्टेज,109
हीं,133
लूटी,61
लिख,37
मतलब,133
विवेचना,63
दीवान,6
समर,171
महंगा,90
दुआ,156
जिसने,133
पड़ाव,163
लायक,126
पीटकर,127
झोपड़ी,128
बंदियों,36
उत्साहित,20
बालिकाओं,102
दहिया,12
बांटने,126
सुधा,99
उतारने,82
कागजों,195
महिमा,130
मंडलायुक्त,39
लैपटॉप,75
कोटेदार,103
दबंग,122
जलने,191
टैंक,177
लाना,117
उतारा,129
चढ़ा,121
किताब,37
पुरवा,145
बेदी,12
सैयद,42
अर्थ,57
महर्षि,88
गौरी,171
अस्थायी,11
झगड़े,185
जाली,195
अभद्रता,59
पैदावार,60
वस्तु,57
शून्य,180
सुपुर्द,11
हत्यारों,178
मुंशी,171
वैकल्पिक,57
व्यक्तित्व,57
बीतने,163
आतिशबाजी,44
तरक्की,27
विज्ञापन,113
सेनानी,85
परियोजनाओं,107
बूंद,150
आवेदकों,147
राजाराम,149
जोश,27
गोशाला,43
निर्विरोध,137
कहे,49
शब्दों,169
अंचलाधिकारी,39
चक्का,78
कगार,84
संग्रह,169
अनुबंध,11
रूबरू,27
आमजन,1
हां,198
साधु,3
तड़के,148
हिन्दू,52
अधीक्षण,39
महादलित,167
विनीत,12
बुद्ध,130
नियोजित,11
कदर,27
त्याग,69
प्रशिक्षु,138
ब्योरा,63
नहरों,24
किस्म,189
निकलते,53
ऊंची,160
सुदर्शन,55
नेताजी,70
संकाय,192
प्रभारियों,39
घास,94
पंत,12
बटालियन,177
खातों,58
हफ्ते,172
शस्त्र,55
सार्थक,25
साहिल,12
लुटेरे,41
मार्गदर्शन,25
इसीलिए,133
तादाद,118
आमरण,13
दिक्कतें,17
रुकने,163
तरुण,12
बनेगी,77
प्रेषित,76
कामयाबी,27
चरणों,180
प्राण,130
वादों,120
गिनती,118
घटी,84
सूख,150
उठने,188
योग्यता,141
सनातन,52
शहरवासियों,110
कठोर,189
अंप्र,34
शुभ,96
मनप्रीत,48
पारदर्शिता,141
गंगवार,149
अधूरे,49
पाबंदी,0
सिनेमा,122
दरगाह,22
महुआ,171
उद्योगों,107
सनसनी,189
हवाओं,153
लेती,135
बचपन,102
बावत,76
दशहरा,86
रुपयों,157
हवलदार,177
ऊषा,99
शरद,12
जानकारियां,17
उपरोक्त,57
टिप्पणी,169
निभा,57
उपचुनाव,62
महोबा,72
निबंधन,76
संबद्ध,57
जितना,133
एकल,57
कुसुम,99
अरविन्द,12
जहरीला,18
कराएंगे,134
स्टाल,95
शिवानी,99
सक्रियता,141
खुलासे,54
आशय,57
थानेदार,39
प्रहार,127
मिलों,143
जागृति,1
जगजीत,67
खुलेआम,59
करण,12
जोरों,185
पाएंगे,104
पासपोर्ट,195
हिंसा,139
खाकर,106
झूठे,54
संतुलन,14
कच्चे,144
अभियंताओं,39
बदतर,14
प्रकाशन,113
राजभर,149
असली,57
त्रिवेदी,12
नारा,70
देन,165
विपक्षी,13
चमन,158
प्याज,144
जीना,90
समझाया,129
मसले,15
पृथ्वी,137
कोमल,101
पठन,169
महीना,172
सिलसिले,163
लदे,155
हेलमेट,146
व्यवसायिक,107
दस्तक,156
सर्वश्रेष्ठ,25
पाठन,169
टेलीफोन,75
डूबने,161
बढ़ोत्तरी,119
अपनाने,126
सशक्त,25
झटका,84
मानवाधिकार,0
सिद्धार्थ,12
सर्राफ,12
उद्यमियों,36
काजल,99
वैज्ञानिकों,36
गणना,118
आतंकियों,178
सबक,21
बची,160
पुनर्वास,33
केसरी,12
यानि,133
वादी,31
भटक,40
सिमडेगा,72
अग्रिम,11
बिगड़ने,14
उमड़ी,22
हटाकर,121
तंबाकू,186
मास,86
यंत्र,96
अंग,183
नियंत्रित,25
आवारा,171
भतीजे,176
नींव,165
तर्क,57
प्रतिभागी,114
आतंकवाद,178
अनंत,130
बेकार,189
भट्ठा,91
देवता,130
घुसे,41
कांग्रेसियों,13
पाउडर,150
लक्षण,166
पड़ेगी,2
वादे,179
मुलाजिमों,110
गुटों,185
उल्लेख,57
उपहार,98
भागे,100
देवर,176
इनसे,133
साप्ताहिक,113
पुकार,154
शिक्षामित्र,138
आंकड़ों,63
रोजा,171
परिस्थिति,74
शहादत,70
मोती,171
सिलाई,146
उपलब्धता,107
जानवर,79
पंखे,109
प्रबंधकों,36
लटक,131
हड़ताल,11
उपलब्धियों,120
भौतिक,57
अत्याचार,59
खैर,198
कांस्य,190
बाराबंकी,72
आकर्षित,57
गहन,57
मसीह,130
सपने,188
कुत्तों,79
पाठ्यक्रम,192
कुंतल,118
आंसू,193
गबन,54
मामा,176
निर्दलीय,62
जलाभिषेक,22
गुलाल,65
समाप्ति,11
पलटने,126
आंखें,193
पक्की,160
अभिनंदन,98
सुचारु,25
सीधी,160
ओंकार,12
बरात,181
सामानों,95
मानकों,120
स्वरोजगार,107
निर्देशानुसार,76
दर्शक,122
पीकर,186
भिड़ंत,185
प्रतिमाह,138
क्रिसमस,151
तेवर,27
पौधा,94
सबके,133
पारी,114
लोहा,190
डिमांड,75
स्वतंत्र,57
साध्वी,88
शिरोमणि,55
वस्त्र,146
खरीदी,95
बदली,160
ठहराव,7
धरातल,180
प्रमुखता,57
ताज,6
भोले,93
न्यायमूर्ति,111
जुर्माने,132
पेशी,183
मुकाबलों,114
दराज,73
गश्ती,177
भलाई,1
कृषक,91
सर्वेक्षण,63
शुभकामनाएं,151
कसर,21
जनगणना,137
बोलने,140
चादर,131
इजहार,179
दवाई,159
प्रतिभाग,30
नियंत्रक,107
नाव,161
चारा,79
तोड़ा,46
नीलामी,95
संस्तुति,76
जानते,53
घोर,69
अंकों,118
कारागार,170
उपकरणों,107
निलंबन,11
लगाम,21
साकार,1
बनाएं,89
मच्छरों,79
राज्यसभा,125
बिंदुओं,180
प्यास,191
विकलांगों,123
वस्तुओं,120
लिहाज,27
लूटा,129
तालाबंदी,143
किला,72
कक्षाएं,192
कार्यशैली,141
वक्ता,85
बौद्ध,52
उठी,20
असामाजिक,59
सदैव,25
मुहर,195
चिह्न,180
रोककर,121
पटवारी,91
रास्तों,175
अभिलेख,195
चुप्पी,21
श्वेता,99
जितने,133
नजदीकी,73
भाईचारे,1
बारहवीं,197
पढ़ा,37
स्नातकोत्तर,192
हंगामे,185
प्रज्ज्वलित,191
आजसू,13
संकीर्तन,22
किरन,99
निकेतन,192
कसने,82
आवेदक,76
बर्बादी,21
प्रदर्शित,57
मानवता,1
चंदा,157
बीमारियां,166
बीएसएफ,177
चाह,90
हटाए,49
कल्याणकारी,1
विरेंद्र,48
गुरू,92
कोटे,138
गड्ढों,24
खोलकर,121
सिफारिश,179
साक्षी,165
कोष,58
अहसास,27
कचरे,45
बर्फबारी,153
चक्रवर्ती,12
मित्रों,36
धंधे,54
उपनिरीक्षक,39
आयुष,159
घेराबंदी,124
बांट,121
कार्ययोजना,33
सितम्बर,172
किताबें,37
पढ़,37
बुलाने,179
मवेशियों,79
संतों,3
कांप्लेक्स,9
आंकड़े,63
मुक्तसर,92
बनते,53
कैमरा,75
दंगल,122
नाक,193
जनपदों,73
पूर्वाह्न,148
कुलसचिव,39
पटाखे,44
घूमने,163
धोखा,54
अभियोजन,111
लड़कियां,102
बदहाली,123
अटल,165
अधिवेशन,30
फेंकने,82
खुशबू,158
इजाजत,179
अध्यक्षों,35
मृतकों,84
ईदगाह,184
प्रतियोगिताएं,114
नीयत,21
पावन,98
क्षुब्ध,20
सीडी,75
पीड़ा,74
कापी,195
अवलोकन,63
ऊंचा,180
बैडमिंटन,114
शकुंतला,99
घोटाला,54
ओलावृष्टि,153
मत्स्य,107
आकलन,63
गुजरना,90
अव्यवस्था,74
विचारों,120
बदौलत,27
हौसला,27
दुरुपयोग,11
किन्तु,133
अपहृत,170
फंसा,121
साक्षर,93
तालमेल,107
साठ,64
इच्छुक,126
भंडार,190
पड़ोसियों,176
रंगों,101
स्वर्णकार,12
संकुल,107
नक्शा,180
पात्रों,122
लता,99
दादा,176
आवासों,128
घाघरा,161
खुराक,18
बंदरों,79
गिरे,196
प्रोन्नति,138
माजरा,198
गारंटी,179
रोजी,123
मोहल्लों,184
व्यावसायिक,107
ठंडे,108
प्रतिनिधित्व,57
गहरे,101
लगन,141
दलितों,167
समग्र,57
फेंका,121
विस्फोट,84
सेवानिवृत,138
नववर्ष,151
सजग,189
आराधना,115
प्रदूषित,18
पालिकाध्यक्ष,35
दिखने,126
भोर,148
नैतिक,1
झाविमो,13
शिक्षिकाओं,87
मोटी,160
निर्वहन,11
रद्द,11
सुनते,53
अनमोल,98
जूझना,90
बोरी,155
बर्खास्त,138
नौजवानों,70
दृश्य,122
बैठकों,30
बोरा,171
लैपटाप,75
चिंतित,20
पद्धति,57
कराटे,114
ताल,180
भिड़,162
लेगी,77
कुत्ते,79
चेहरा,193
घटनाक्रम,63
चीज,160
जागरुक,1
पांचों,133
विहीन,189
मंडलीय,39
दिनदहाड़े,41
नवनिर्वाचित,35
हल्का,101
नियत,11
ईंट,190
इनको,133
लाभार्थी,58
आढ़तियों,143
प्रधानाचार्या,87
समृद्धि,141
बिरादरी,167
निखिल,12
आंकड़ा,118
नालियां,24
कुशल,93
सहन,74
सेशन,75
लिखने,126
प्रथा,0
डिप्लोमा,192
गायों,79
लौटना,90
रश्मि,99
बड़े,19
फसलें,60
पिछड़े,167
पैरवी,111
लेखन,169
उठाव,118
मनोनीत,35
निकलकर,26
जरुरत,2
चक्र,180
बोला,198
सिकंदर,6
जोड़ी,122
संभालने,126
अफरातफरी,116
पीस,75
तरस,106
पुण्यतिथि,151
पारंपरिक,57
पिलाने,186
विमान,7
गुना,118
भाजपाइयों,13
संतुष्ट,20
रस्म,181
निराशा,74
चरम,180
कमांडर,177
सशस्त्र,177
नमी,18
ब्राह्मण,167
साधारण,25
पहुंचना,90
जंगलों,31
मताधिकार,11
प्रयासरत,1
जुड़,46
अस्थाई,11
कालीन,190
पसीना,183
प्रतिष्ठान,107
हत्यारोपी,170
वास्तविक,57
चलाना,117
आढ़ती,143
इंसाफ,156
महत्ता,141
फलों,144
मलबा,24
फूट,50
लालच,69
डटे,53
बदबू,45
मांस,106
बतायी,37
गुजरते,53
मंत्रमुग्ध,20
तूफान,84
टाल,179
मुफ्ती,42
प्रेमिका,181
रहित,25
ग्रंथ,169
मुस्कान,193
प्रयोगशाला,107
चौदह,64
गहने,105
कारखाना,190
डंडा,127
दस्ते,177
बंदूक,127
उपनिदेशक,39
जरा,198
मच्छर,79
खुफिया,178
गगन,112
जनार्दन,12
कूलर,109
कोने,26
सूबेदार,6
अघोषित,58
शिष्टमंडल,35
रामनवमी,86
तत्वाधान,30
इसपर,133
अन्याय,59
चौथी,197
खींच,121
क्रीड़ा,55
रामनाथ,12
जुआ,171
संग्राम,70
अनुशंसा,76
आत्म,130
रंगोली,190
उपाधीक्षक,39
भीड़,22
पहुंचेगी,77
खण्ड,169
प्रांत,73
खदान,190
कुख्यात,54
मौर्या,149
नियमावली,0
बदलते,53
भला,198
प्रतिक्रिया,57
किस्त,58
शताब्दी,19
दंड,0
पसरा,40
असफल,126
ऊंचाई,118
ठहराया,129
माफ,132
अभिलेखों,195
अर्जित,11
पदस्थापित,138
संभाला,129
नेपाली,140
अनुष्ठान,115
सचिवों,125
नवनियुक्त,35
शैली,169
सौहार्द,1
इंजेक्शन,183
लोकार्पण,30
जोखिम,74
वसूलने,132
रामायण,169
पक्षी,79
राजकिशोर,149
मधुबन,72
छठी,197
प्रतिवर्ष,118
मंत्र,96
टीईटी,147
नवोदय,192
बिजलीघर,109
सहभागिता,1
आर्मी,177
ध्वजारोहण,30
फेरी,171
लड़का,102
प्रतीत,57
धारक,58
चैंपियन,114
किन,137
संवेदक,180
आसार,185
खुलवाने,81
सावधानी,25
वन्य,31
लगेगी,77
भाग्य,96
आहत,20
प्राधिकार,0
विवादित,189
दूरभाष,76
कहाकि,13
जले,191
घातक,189
सिम,75
महाविद्यालयों,192
रिहायशी,128
बांधकर,46
सालाना,118
गवाही,63
मस्ती,65
उल्टी,183
विमोचन,30
खरीददारी,95
घेरे,180
चौटाला,12
पर्दाफाश,54
माथा,56
अत्यंत,19
आश्वस्त,20
स्कूटर,78
झटके,196
धड़ल्ले,95
संयंत्र,18
दुर्घटनाग्रस्त,84
देवताओं,130
सांप्रदायिक,139
धार,161
सर्राफा,184
अधिशाषी,39
तत्पर,1
पंचनामा,195
कमाल,27
दामाद,176
परामर्श,11
उज्ज्वल,101
बनेंगे,104
रखता,4
लूटे,157
धारदार,127
खबरों,113
संतोषजनक,25
आगजनी,41
निभाने,126
सांप,79
फीता,146
हाथियों,79
एकजुटता,141
निर्दोष,170
सेक्शन,75
नशीला,186
दीक्षा,88
नामित,11
जनजीवन,165
मुनि,88
लौटते,163
बागवानी,107
अल्लाह,156
सगे,176
गढ़,124
चूना,190
तलवार,127
भाईचारा,1
हड्डी,183
थोक,95
लौटी,163
प्रहलाद,12
पहुंचेंगे,104
डंडों,127
देशभर,73
मिजाज,27
बीएन,12
नमूना,190
संक्रामक,166
बुझाकर,121
भड़के,136
खुलकर,179
छापे,113
पहलुओं,120
तबादले,138
बर्फ,31
सौदा,95
तथ्य,63
निबंध,169
लगेंगे,104
लदा,155
रामानंद,88
अध्यापिका,87
मशीनें,17
बांस,94
भास्कर,12
मालगाड़ी,7
तबाही,84
खरीदे,95
सबूत,63
दुराचार,59
आयुर्वेदिक,159
शरारती,93
आरक्षी,138
दादी,176
बहुमत,62
अर्थदंड,58
ब्रज,140
एथलेटिक्स,114
संलिप्त,54
सरयू,161
बढ़ेगी,119
मंगला,12
तत्पश्चात,11
कंपनियां,17
सहायिका,87
गुमशुदगी,63
दुखी,20
कतई,21
कटाव,24
कब्रिस्तान,184
परहेज,126
क्रेडिट,58
बढ़ाए,119
जोड़कर,46
सांत्वना,98
सहज,25
अभिनव,107
आजीवन,165
रौशन,112
पुस्तकें,169
प्रतिनियुक्त,138
सरकारों,125
पक्षियों,79
बिछाने,175
माली,171
आमदनी,157
परंपरागत,57
बेटियां,102
झूठा,54
जैविक,18
अनुपात,118
सुलझाने,15
कार्यदायी,33
सर्वोच्च,125
स्वर,67
कार्मिक,138
समायोजन,11
होड़,82
जनस्वास्थ्य,33
फिल्मों,122
अकेला,40
त्रिस्तरीय,103
समझते,53
छोड़ी,61
ठंडा,108
प्रशासक,35
रस्सी,131
मुश्किलें,74
बंधन,46
कमलजीत,48
नसीहत,21
सबका,133
धुनाई,41
नशीले,186
कोहरा,153
रिश्ते,46
खरीफ,60
फाइलों,195
झांसी,72
तबीयत,14
लापरवाह,93
झड़प,185
छाए,153
ढोल,28
सराहा,129
ब्यौरा,63
बच्चियों,102
उपविजेता,114
नाकाबंदी,124
चढ़ने,196
नमन,98
खोली,61
निशाने,124
लगाएं,89
पांचवें,197
कीटनाशक,18
हाथापाई,41
पढ़ाओ,83
पार्को,66
राजी,179
समर्पण,141
चौपट,14
छठे,197
निष्ठा,141
छुटकारा,15
लगना,117
दीन,171
डीलरों,143
दलालों,29
दिला,129
विस्थापित,11
झाड़,168
अग्नि,55
चांदनी,112
राज्यस्तरीय,30
नवीनीकरण,11
भक्तिमय,22
अनारक्षित,72
इकाइयों,107
टॉप,75
बहने,161
सातवें,197
टीका,169
दस्तावेजों,195
पसीने,150
मातम,151
उर्स,22
गरिमा,141
अखाड़ा,3
मौलिक,57
अदायगी,58
बलिदान,70
प्रताड़ना,59
भैया,176
सौंपकर,121
प्री,75
उपज,60
टेक,75
क्लर्क,138
अमीर,93
जायज,21
मशहूर,85
श्रेष्ठ,25
मुहल्लों,184
प्राध्यापक,87
परमार,12
पेटी,155
घेरा,124
अंबार,45
खामियां,17
बड़ा,19
बडे़,73
निर्माता,85
दिव्य,130
वें,197
खत्री,12
आपकी,160
विचाराधीन,111
झलक,141
खलबली,116
बेचा,95
प्रेरक,25
साझा,57
महंगी,160
पंडा,171
अंतर्राष्ट्रीय,73
घड़ी,148
खौफ,40
खफा,21
स्वयंसेवी,1
तरीका,57
कार्यवाहक,35
घुसने,124
आंदोलनकारियों,13
असुविधा,74
सचेत,189
बहाना,126
त्रस्त,189
मयंक,12
आटा,10
स्वाभिमान,70
भावनाओं,120
पैसों,157
गौशाला,43
भाभी,176
खपत,118
लहूलुहान,154
मंडली,122
अधिकृत,76
जमावड़ा,22
पॉलीथिन,45
गंतव्य,7
बीडी,186
टेम्पो,78
कुपोषण,166
चढ़ाने,82
बिलों,58
रूपरेखा,107
सरल,25
चरस,186
दौड़ा,100
अंजली,99
प्रौद्योगिकी,107
शिविरों,36
मॉल,95
छीनने,82
ताबड़तोड़,127
हर्षोल्लास,151
निस्तारित,111
सरगना,54
पुरूष,102
सबकुछ,133
बनायी,61
दुल्हन,181
कुचल,121
विदेशों,73
सभासदों,62
परिचित,57
बेटों,176
मलबे,24
सैन्य,177
रक्षक,124
तिराहा,184
खातिर,156
चीजों,120
ज्ञानी,93
गोलीबारी,177
उपयोगिता,141
अवशेष,190
व्यवस्थाओं,120
आवेदनों,76
चौकसी,124
जगतार,48
कागजी,195
फंदा,131
खुदकुशी,84
मजबूरन,90
रैन,171
बयां,27
अधूरी,160
पर्चे,195
बंदर,79
शख्स,27
इनकार,179
अफवाह,185
नयी,160
चूक,21
रहेंगी,32
सेतु,175
मंडप,128
कीमतों,118
जता,179
शिक्षाधिकारी,39
रूपए,157
बदलकर,121
नाग,55
रोपाई,60
नौबत,185
बढ़ेगा,119
अविश्वास,179
नामों,120
जोड़े,49
नाते,85
चुप,136
प्रज्वलित,191
गुरदेव,48
श्रोताओं,67
चकबंदी,91
धुन,67
शान,27
परमानंद,12
विधेयक,0
बेहोशी,183
त्रिवेणी,72
पीडि़त,123
दुग्ध,18
इरशाद,42
तौल,155
वैभव,165
बेला,171
खोकर,142
शीतला,173
स्कार्पियो,78
विविध,57
गर्व,165
छत्तीसगढ़,72
संगठित,11
गाड़ी,78
उठता,4
तटबंध,24
सवारियों,78
पुस्तकों,169
सूखा,153
जयंत,12
यौन,59
सदा,130
आहूत,30
छप्पर,128
सड़कों,175
पैतृक,176
बत्ती,44
बादलों,153
अग्रणी,85
बस्तियों,71
साकेत,12
भगदड़,116
शाखाओं,36
उत्पादों,95
पहने,146
सकुशल,124
कुआं,171
गतिविधि,57
हटवाने,81
अनुमोदन,76
जनरेटर,109
चेतन,12
चरखी,155
जमाने,6
चेताया,179
अपराधों,59
मुश्किलों,74
विद्यापीठ,192
सद्भावना,1
कनिष्ठ,138
धरोहर,165
वीणा,28
दावेदार,142
नेट,75
शीर्ष,180
बंगला,140
कठिनाई,74
लुत्फ,163
आड़े,21
साहित्यकार,85
बैंकिंग,58
मुकाम,27
मिसाल,27
क्षेत्रवासियों,110
अग्निकांड,84
प्रतिकूल,189
ओलंपिक,114
चंचल,93
गुस्से,136
जिलास्तरीय,103
चेकअप,159
बाई,171
टूटकर,196
चिंगारी,191
मुकम्मल,156
पोषाहार,33
संशोधित,11
स्त्री,102
पिलाई,186
खुशियां,151
नवनिर्मित,11
हंस,171
जन्मोत्सव,86
शीशे,155
स्वर्गीय,85
बापू,88
मृत्युंजय,12
साड़ी,146
किताबों,37
हंसराज,12
चित्रकला,190
रत्न,55
कामों,120
सृजन,11
पक्के,93
बरी,170
उद्यमी,85
सेक्टरों,143
झंडे,70
असिस्टेंट,75
विशेषकर,133
दिलचस्पी,141
पहलवानों,114
जुगाड़,157
पढ़े,37
दीनानाथ,12
रोहिणी,99
कूपन,195
पुस्तिका,169
कॉपी,195
साढे़,64
प्रयुक्त,57
मात,142
जुटाने,126
भूमिगत,31
पैरों,56
लादकर,78
खस्ताहाल,175
अपमान,59
प्रतिनियुक्ति,138
पीर,171
सरपंचों,103
इशारे,26
खेली,114
आलोचना,169
कत्ल,170
पढ़ाया,192
सुमित्रा,99
मकर,96
ध्वज,70
सस्ते,95
चर्चित,85
मनमाने,0
चाल,180
जन्माष्टमी,86
पढ़ी,37
जननी,130
मुकुल,12
हटाओ,137
समझने,126
झोंक,121
दीवाली,151
रसायन,18
नतीजतन,133
नन्हें,102
रोड़,184
खानापूर्ति,21
पटाखों,44
मानकर,21
सोलह,64
निविदा,76
गतिविधियां,17
जलजमाव,24
सेविकाओं,87
पल्ला,21
आहार,106
कमेटियों,125
भोजपुरी,140
पायल,105
सचल,180
हौसले,27
बजकर,148
फैले,50
तत्परता,141
एहसास,27
वृक्षारोपण,11
जगी,188
उज्जवल,165
नगीना,171
लाईन,175
सुलभ,25
दुर्घटनाएं,84
मूल्यों,120
आयोजकों,30
विरासत,165
उन्मूलन,11
उतरकर,26
सरिया,127
मुठभेड़,178
देशभक्ति,70
वैद्य,159
उदासीन,189
ताक,26
प्रेक्षक,180
भरमार,21
लाइनें,17
घोसी,72
फरियाद,156
रामा,171
मुसलमानों,52
बकरी,79
उर्वरक,18
दफ्तरों,143
प्रेमियों,36
हैदराबाद,72
प्रधानाध्यापिका,87
सर्वप्रथम,137
थमने,185
केरोसिन,44
ग्रामसभा,103
उत्पात,116
कॉलोनियों,143
महाशिवरात्रि,86
कच्चा,144
नौवीं,197
अमीन,42
खस्ता,14
ध्वनि,67
अलमारी,155
संवेदना,141
आंगन,128
बोलते,53
बिरसा,171
पाएगी,77
तबाह,71
व्यवस्थापक,76
वैध,0
शशिकांत,12
आपात,84
लकड़ा,16
विस्थापितों,91
पीटने,82
दस्ता,177
सैकड़ों,64
अखबार,113
समूहों,36
मिलनी,2
बोगी,7
सूचनाएं,63
खादी,146
पौधारोपण,33
प्रधानाध्यापकों,87
अनहोनी,84
परमेश्वर,130
प्रश्नपत्र,147
सलामी,177
पहनाकर,146
बेवजह,21
मिलावट,18
बलराज,12
व्यवस्थाएं,17
सरेआम,59
ग्रस्त,166
प्रभा,99
सभाओं,125
जरूरतमंदों,123
फरियादियों,110
गर्भ,183
सिमट,50
अभद्र,59
अत्याधुनिक,107
इशारा,26
मक्का,171
सुलह,185
गुरुकुल,192
परम,130
अवरुद्ध,11
बनवाया,129
करवाएं,134
लिफ्ट,75
साधा,129
खिलाडि़यों,114
फंदे,131
गुरनाम,48
बुआई,60
बचाई,84
बूंदाबांदी,153
नतीजे,63
प्रतिभाओं,36
आकस्मिक,84
दबाकर,121
विकराल,84
मारवाड़ी,140
बांधा,46
पात्रता,76
विज्ञप्ति,113
बलवान,93
कानूनगो,39
श्रृंगार,98
चाबी,155
घटित,84
टमाटर,144
गर्दन,56
शास्त्र,169
गाकर,67
बहाव,161
अंग्रेजों,70
चुंगी,184
फौज,177
अवहेलना,0
बिंदु,180
मांगपत्र,33
बंदोबस्त,11
अस्त,148
कन्याओं,102
आनी,2
वांछित,25
चलाता,4
बयानों,120
दोस्ती,27
निपटाने,15
अकेली,135
भल्ला,12
दुर्दशा,123
लेगा,77
रेडियो,113
परचम,70
जतायी,179
कड़ाके,108
मोर,171
कुर्बानी,70
प्रदेशों,73
चौड़ीकरण,175
पैनी,160
धक्के,196
नशीली,186
अलका,99
गुलदार,79
चाहा,90
मिटाने,126
जबाव,198
आयुर्वेद,159
अभिनय,122
गाने,67
अर्बन,9
पदयात्रा,1
मिलीं,61
दोष,69
दांव,142
निचले,180
चोटिल,114
सच्चे,93
किश्त,58
उड़ान,7
तारीफ,27
जबरदस्ती,121
नहाने,150
काटी,61
थानाध्यक्षों,39
लीक,63
दामोदर,12
भयभीत,20
वायु,18
मुकदमों,111
कीट,18
विवादों,185
गुणा,118
गांजा,186
गहराई,141
लड्डू,10
एम्बुलेंस,159
तैसे,163
दया,98
बंधे,46
क्षेत्रफल,118
उतना,133
हैरान,20
अभिमन्यु,12
अत्यधिक,19
तुम,83
सहयोगियों,36
रेस्टोरेंट,106
हरसंभव,126
सीखने,126
किस्मत,156
लेखपालों,39
परिवेश,57
सहूलियत,126
संभावनाएं,17
कुरीतियों,52
सेब,144
वरदान,130
महापंचायत,103
चारदीवारी,128
असहाय,123
हावी,50
मध्यम,180
उच्चतर,192
छोर,180
जुड़ने,126
तेरह,64
काव्य,169
अंदेशा,84
बनाम,171
बेखौफ,41
चौथा,197
मशाल,44
पदभार,35
मायूस,20
रोकना,117
फटने,84
अकाल,84
पड़ता,90
पौड़ी,72
शिखा,99
निशांत,12
पड़ी,2
फिरौती,157
लोकपाल,125
दबा,121
बदनाम,54
हुनर,27
पांचवीं,197
दोपहिया,78
उठकर,26
जानकारों,36
लेनदेन,58
मनोबल,141
बुराइयों,120
औसत,118
पुत्रों,176
लेखक,85
गृहस्थी,181
सभापति,35
वरना,133
वापिस,163
नवाब,6
बेरी,171
आंतरिक,57
पासबुक,195
अंगूठी,105
पार्टियां,13
दंपति,181
कैशियर,41
उपवास,115
सियासत,29
भगाने,126
उपमुख्यमंत्री,35
अतिक्रमणकारियों,143
स्वार्थ,69
खुलवाया,81
सपनों,188
खाकी,146
क्रमिक,11
लगीं,61
रोकर,154
चचेरे,176
एंव,107
वास्तव,133
दस्त,166
रिकवरी,75
मायने,27
तहसीलों,103
दावों,120
थमा,121
रुके,163
मुरली,12
बताये,49
सम्पर्क,57
प्रत्यक्षदर्शियों,41
आरोपित,170
वर्णन,57
बताती,135
मेहमानों,181
नवदीप,48
हल्के,101
शासकीय,192
जलाया,191
चलो,83
सरोवर,43
आपका,198
कोषागार,138
जमाया,129
बढ़त,142
सौजन्य,113
खरा,21
प्रारूप,76
नाका,184
राना,12
दोहरे,180
सोम,12
अलीगंज,184
प्रसन्न,20
धुआं,44
नलकूपों,109
दर्शाया,129
महागठबंधन,13
चार्जशीट,170
अनुपस्थिति,74
संक्रमण,166
पौध,60
औषधि,18
जीवित,165
दूभर,90
परवाह,179
प्रतिष्ठित,85
नमक,144
अंतराल,180
रौंद,142
रुका,163
चिराग,112
डूबे,161
महंगे,95
सौंदर्यीकरण,33
परिवारीजनों,181
आध्यात्मिक,130
वर्षीया,102
त्यौहार,151
कड़ी,160
हैरत,20
मूर्तियों,190
गिरते,196
प्रतीक्षा,98
भटकना,90
मातृ,98
देशराज,149
हाहाकार,116
फुल,75
दूरदराज,31
बेशक,133
सम्बोधित,30
फिराक,126
उन्नति,107
आनन्द,98
बिखरा,40
एकाएक,20
रुकी,61
मजाक,23
बहा,161
चौड़ा,168
जीती,142
मस्जिदों,52
रिहाई,170
तफ्तीश,63
अस्सी,64
चकिया,72
सर्विलांस,75
सैलाब,161
अता,156
पावरकॉम,109
इस्पात,190
उपयोगी,25
काका,171
प्रशिक्षुओं,138
वसूले,132
खालिद,42
भरपाई,132
चूल्हे,44
छात्रवृति,192
महापर्व,86
महल,128
चास,38
दिवंगत,85
मैराथन,114
गेंद,114
गुरचरण,48
गोपी,171
शिवाजी,6
प्रज्जवलित,191
शांतिपूर्वक,25
दरिया,161
मानसी,99
प्रभातफेरी,22
मर्जी,179
दिव्या,99
सीटी,28
हटवाया,81
रंगे,101
समाजिक,1
उखाड़,168
मजार,42
सीने,56
निकायों,125
घूमते,53
हरेन्द्र,149
गुड़िया,182
सौर,107
प्रतिष्ठानों,36
अभिनेता,85
तेजाब,44
हॉस्पिटल,159
वृक्षों,94
आत्मनिर्भर,1
दौड़े,100
पहुंचीं,61
खाया,106
बाघ,79
संक्रांति,86
विपणन,107
पटाखा,44
केमिकल,18
ठिकाने,124
जमे,49
दबाने,82
परीक्षक,138
जन्मदिवस,151
हत्यारे,178
हास्य,23
आदत,74
असल,133
बरसाती,153
गणपति,173
सावधान,89
उसपर,133
गेंहू,60
बहल,12
लोहड़ी,151
निर्देशक,85
पूंजी,58
नैन,171
प्रतिमाओं,190
पहलू,57
कमाने,157
मक्खन,10
बैल,79
सच्चिदानंद,88
बेकाबू,20
शुरुआती,57
बस्ते,155
रोते,154
सस्ती,160
गर्मियों,108
असुरक्षित,189
नन्हे,102
झुलसी,191
अग्रहरि,149
आपातकालीन,84
खरीदकर,95
खासे,49
ठंडी,108
धीर,12
मुबारक,151
सजावट,190
पुरोहित,12
टीके,166
रक्षाबंधन,86
छोड़,19
सैर,163
सोचा,198
छोड़े,49
लगवा,81
लाइनमैन,138
वीडियोग्राफी,63
गिट्टी,24
आश्रितों,138
कीर्ति,12
छिपे,49
प्रदर्शनकारी,41
नाके,41
हरिश्चंद्र,12
अप्रिय,189
कारी,171
गयीं,61
शिवरात्रि,86
दीवारों,128
रेशम,137
स्वराज,70
आकार,180
कैमरों,75
उम्मीदें,17
दिलवाने,82
प्रजाति,79
बिस्तर,131
पैमाइश,91
गुम,40
भ्रष्ट,29
कोयले,44
समर्थित,57
आश्रित,57
काफिला,78
मेहंदी,105
सबकी,160
उलझ,15
कतारें,17
औपचारिकता,179
धज्जियां,21
आंशिक,11
दीवानी,171
सीरीज,114
यादगार,165
दावेदारी,179
तिरंगा,70
असंतोष,74
सेंध,124
सृष्टि,130
तेंदुए,79
एक्सरे,183
रिफर,159
शिष्य,3
उधार,58
बंगाली,140
जरुरी,90
कदाचार,69
गुजारा,163
गलियां,17
चप्पे,124
किराना,95
खामियों,120
निष्कासित,11
सुल्तान,6
उनपर,133
ठहरने,163
विश्वविद्यालयों,192
खुशहाली,1
जौहर,122
सच्ची,160
जादू,122
भोज,55
झुग्गी,123
तथ्यों,63
लूटकर,121
सीढ़ी,180
प्रणव,12
अड़े,162
सुंदरीकरण,33
सती,55
पर्दा,180
नेत्री,99
आजकल,133
छलांग,161
होलिका,44
तराई,72
गवाहों,111
प्रखण्ड,72
दिनांक,76
चाहिये,90
मंत्रिमंडल,125
कुंज,171
छतों,128
टकराई,196
सोनम,99
पर्वतीय,31
जमीनों,91
आईटीआई,192
अचेत,189
एसबीआइ,9
सजी,65
ट्रेनर,177
नीम,94
सभ्यता,165
दुरूस्त,21
सलाम,27
गोपनीय,63
पेंच,180
कुष्ठ,166
नजरअंदाज,21
संतान,176
उपप्रमुख,35
अदालतों,111
वायदा,179
जिम्मेवार,21
करीबी,176
प्रश्नों,120
रोके,49
गोलियों,127
आंकलन,63
कंधे,56
समूचे,73
जेठ,176
असमर्थ,126
सिगरेट,186
विदा,98
नोकझोंक,185
राजभवन,72
झूम,65
बसेरा,79
हैरानी,20
काजी,42
महबूब,42
खंडों,169
परिवर्तित,11
हमलोग,133
औसतन,118
मौखिक,140
जत्थे,22
निकलता,4
गैरहाजिर,138
उदघाटन,30
साहस,141
प्रसारण,113
दंश,69
स्रोत,57
लदी,155
बागान,31
बुद्धि,69
कलम,127
तहकीकात,63
सातवीं,197
जुड़े,57
बैठाकर,121
झूठी,54
दशकों,172
मोर्चे,13
शशांक,12
पालकी,171
अलबत्ता,133
तख्त,92
तालियां,28
चना,144
लंबाई,118
दवाइयों,159
रिश्ता,46
कहता,4
सांगवान,48
प्रीत,99
अगुआई,13
माथे,56
नसबंदी,183
ग्रामों,103
पडे़,2
ठेला,78
जलाशय,24
शनि,96
खिलाड़ी,114
दिमाग,183
फर्श,128
नंबरों,75
शीशा,155
नाजायज,59
राजकुमारी,99
बैराज,175
विकासखंड,103
गोदामों,143
अपनाया,129
उगाही,157
बैठकें,30
पट्टा,91
भूरा,101
प्रमंडलीय,39
झेलना,90
डायरी,195
विनीता,99
प्रशस्ति,98
बलात्कार,59
जानकार,85
सस्ता,25
संरक्षित,165
घने,31
संयोजन,57
आईं,61
पहुंचती,135
बंधी,46
सेकेंड,118
निराला,12
दरकिनार,21
लाठियां,127
बुराई,69
रूपी,130
संबधित,57
आत्मदाह,59
सर्द,108
वारंटी,75
उम्मीदों,120
फोड़,168
नगरीय,73
उद्योगपति,85
स्पर्धा,114
रथयात्रा,22
बताएं,198
उपयुक्त,25
डग्गामार,78
निमंत्रण,179
इमारतों,128
कस्बों,73
रखती,135
सम्राट,6
जाहिद,42
राजमहल,6
श्मशान,55
मधुमेह,166
ठिकाना,163
स्वस्थ्य,25
कबूल,179
रूचि,141
बारीकी,63
सृजित,11
अभियोग,170
धैर्य,141
गल्ला,95
दीक्षांत,30
चाक,190
व्यायाम,183
असीम,98
दिनचर्या,148
सम्मिलित,57
स्वयंसेवक,13
उतनी,160
जागृत,188
पुस्तिकाओं,147
आदिवासियों,167
निरंकारी,92
चक्की,171
गेंदबाजी,114
नाबार्ड,33
छीनकर,121
रुझान,57
प्यारे,171
गान,70
मेधा,141
अफीम,186
मनमोहक,65
विभोर,20
व्याख्यान,169
शिथिलता,74
त्रिलोक,12
शर्ट,146
पंडालों,22
चकमा,124
दंगा,139
बेची,95
गिराने,82
मर्यादा,69
दांतों,183
फायदे,144
बंधु,85
चढ़े,196
पोषक,18
छीना,129
बिचौलियों,95
चलाये,49
निरीक्षकों,39
अगला,197
जिनसे,133
तंगी,74
आकृष्ट,11
शिवलिंग,43
पढ़कर,37
चीजें,17
ज्यों,171
पंचायतें,103
झूठ,54
पहुंचाना,117
बैरंग,195
टैगोर,137
प्रचारक,85
कारों,78
सेवानिवृत्ति,138
झूमने,65
करारी,142
तोहफा,151
डकैतों,41
झुंड,79
पड़े,2
खंडेलवाल,12
बताओ,198
पंचमी,86
चहारदीवारी,128
जुबान,27
न्यास,125
सुनीं,37
कृषकों,91
ऊपरी,180
गढ्डे,24
मुनाफा,95
घाटे,58
गोबर,44
अनुकूल,25
संयोग,57
प्रवर्तन,0
दबदबा,142
नक्शे,180
उनलोगों,133
रेलखंड,175
भट्टी,44
संलिप्तता,54
देखें,89
बुंदेलखंड,72
हानि,74
उतरा,40
बेरहमी,59
चकराता,72
इंजीनियरों,36
भूस्खलन,84
हमलोगों,133
अध्यक्षा,35
मिलावटी,95
फंसी,15
ग्रसित,166
बढ़ाना,119
ठिकानों,124
बनवारी,149
मशीनरी,107
रहस्यमय,189
ग्राम्य,140
वाणी,130
नारियल,144
तबियत,14
मंजर,156
धरपकड़,41
अंकिता,99
तीज,86
रशीद,42
मुख्यालयों,125
बखूबी,27
दखल,21
प्रबल,57
उपेक्षित,189
खेप,95
बेचकर,95
निपटा,15
दफा,37
साध,49
छापामार,124
पशुपालकों,110
पेंशनरों,138
सच्चा,130
कष्ट,74
माननीय,35
भरना,117
रिश्तेदारी,176
पंखा,109
निजीकरण,107
प्रधानाचार्यो,87
लड़की,102
बहुजन,167
हरिजन,167
पीपल,94
प्रेरकों,33
दर्दनाक,84
खिसक,196
कटकर,196
जिलाधीश,39
झूमे,65
पाप,69
मिर्च,144
उल्लास,151
बताना,90
हटने,126
करूंगा,80
सीमांत,73
व्यापारिक,107
आयोजनों,30
गृहस्वामी,181
पूर्वोत्तर,73
दावत,106
सुनाकर,37
पते,195
जाग,188
कासिम,42
पढ़ते,53
ब्रांड,95
भागों,73
व्यवस्थित,25
तलाशने,126
ट्रॉली,78
रोकी,61
त्योहारों,151
खर्चा,157
रामलखन,149
अग्रसर,11
ब्रह्मा,55
कांता,99
देहाती,140
सीसे,155
क्रिया,57
वाटिका,158
नौकर,171
कुंभ,86
साधे,49
सफाईकर्मी,138
तबके,167
आपत्तिजनक,59
साले,176
अपनों,156
खटीमा,72
अभिजीत,12
जिम्मेदारों,21
खिलाकर,106
संबंधों,120
सरना,171
मटर,144
फाड़,168
संपदा,165
असमंजस,74
बढ़ाते,119
हेराफेरी,54
अनावश्यक,189
बहनोई,176
परीक्षाफल,147
अंग्रेज,6
वाहवाही,23
भयंकर,84
पीलिया,166
सौगात,27
फेरबदल,11
डालें,89
त्रिभुवन,12
राई,171
अन्दर,133
गड्ढा,24
आफत,84
पिछड़ी,167
आन्दोलन,13
चुनी,61
अर्थात,133
सूखने,150
मेहर,171
मुसलमान,52
बमुश्किल,118
चौड़ी,160
सुस्त,189
परेशानियां,74
प्रस्तावों,120
अनेकों,165
खरे,12
पोखरे,24
जयकारे,22
बकरीद,151
बरामदे,128
निराधार,189
जवाबदेही,21
चिंताजनक,189
वायदे,179
सता,40
तीखी,23
कटा,40
कलह,185
लखविंदर,48
पहुंचता,4
बीजद,13
अंश,169
सांसदों,125
लाएं,89
महानिरीक्षक,39
यापन,123
आशु,12
लोकायुक्त,125
मण्डल,125
ट्रॉफी,114
सैंकड़ों,64
कब्जों,143
राही,171
भागा,100
अन्यत्र,133
मोहर,195
दाग,101
अजीज,42
बौद्धिक,57
प्राय,133
प्रगतिशील,85
डिब्बे,155
पंचम,197
मनाए,151
अराजकता,139
साईं,171
जिसपर,133
दुश्मन,124
अपेक्षित,25
खसरा,166
लटके,131
दिग्गज,85
आचरण,69
पेय,186
दयाराम,149
शराबी,186
कारखाने,190
झुलसे,191
घुसा,121
प्रतिपक्ष,13
करवाते,134
आगनबाड़ी,9
हलचल,116
हेलीकॉप्टर,177
झाड़ियों,94
मुकदमें,111
चौकीदारों,110
पहुंचाई,61
लगानी,2
ग्राफ,118
गोकुल,55
सुगम,25
समाधि,130
वारदातें,41
परवान,27
घाटशिला,72
प्रेसवार्ता,30
सर्वजीत,48
प्राणी,130
कुपोषित,102
जताने,179
उन्नत,25
भतीजा,176
रोचक,169
दंगे,139
धमाके,84
आश्चर्य,20
सचान,149
दायित्वों,120
सज्जन,93
दुबारा,133
नवमी,86
सर्वागीण,1
अनजान,189
जुडे़,57
कटे,49
रोने,154
शिक्षिकाएं,87
फतेह,92
ईमानदार,93
बल्लेबाज,114
अराजक,189
तोड़,46
हरेक,133
बंटवारे,185
आत्मसमर्पण,179
हेमराज,12
बयानबाजी,185
हुजूम,22
मजा,23
जातियों,167
कवियों,36
ऊंचे,31
माओवादी,178
कड़ाई,0
पत्रिका,113
गोवंश,79
छिपा,40
आसन,96
अर्चन,115
शोकसभा,30
निरोधक,18
खंभों,128
सिखों,92
बिकने,95
भट्टाचार्य,12
आनाकानी,179
क्षतिपूर्ति,58
चमक,112
हरिहर,12
भाईयों,176
जसप्रीत,48
बिगड़ी,14
मार्गों,175
गुटखा,186
आधिकारिक,57
दिनहाटा,174
मानसिकता,59
सर्वशिक्षा,33
श्रमदान,1
परिश्रम,25
झाड़ू,45
अरोरा,99
खूंटी,131
कार्यकत्री,87
भूजल,24
माधुरी,99
मानो,133
बैनामा,91
उम्रकैद,170
यकीन,27
ब्लू,75
कटी,160
अवस्थित,137
जलकल,109
बनाएंगे,104
रुकवा,81
कहें,89
छूटे,49
इरादे,126
गुणवत्तापूर्ण,25
मनाते,151
युवराज,6
छाप,195
पल्सर,75
अंशकालिक,138
अध्ययनरत,192
फर्जीवाड़ा,54
दीदार,156
पत्रक,195
एतराज,179
फरीद,42
रास,171
गनीमत,133
फुसलाकर,121
बुझा,191
अनुश्रवण,76
टिकी,26
सुन्दर,98
बिन,49
तरीकों,120
इंच,118
जलवा,27
खेतीबाड़ी,91
भागकर,26
विरोधियों,139
गरम,108
चार्ट,75
पेड़,94
लिंग,183
बल्ब,44
जनों,3
कसा,23
विराट,55
आत्मविश्वास,141
बेचे,95
चेहरों,193
बाजपुर,145
पेशे,85
प्रस्थान,11
गुड़,144
छिपी,160
प्रतिस्पर्धा,107
बेचते,95
शासनकाल,6
मिलें,89
खलिहान,60
दामन,156
भयावह,84
नाट्य,122
बाट,171
जिनको,133
गोमती,72
होनहार,93
खुशहाल,93
पुरजोर,179
अपार,98
वरीयता,76
सुर,67
मैचों,114
दंत,183
वकालत,179
सट्टा,157
टकराव,185
भेजना,117
लपटें,191
हरित,107
अभिकर्ता,76
सिक्के,190
पिलाकर,186
ढुलाई,7
आदेशानुसार,0
युवतियां,102
सुलझा,15
बेसहारा,123
मानवीय,57
महत्वाकांक्षी,93
विस्फोटक,18
आशियाना,71
बोध,141
बराबरी,142
दुपहिया,78
रविकांत,12
खीर,10
शक्ल,156
रसोइया,171
आकांक्षा,141
दबे,49
कर्मजीत,48
दरार,50
फौरन,179
संप्रदाय,52
श्रृंखला,57
ढूंढने,126
प्रसन्नता,98
खोजने,126
बॉलीवुड,122
खजाना,190
रूटों,7
उपासना,130
संग्रहालय,190
श्रद्धासुमन,98
मादक,186
प्रत्यक्ष,57
पारदर्शी,25
राहों,156
रखाव,107
दोहन,107
निषेध,0
रिटायर,138
जीजा,176
मुक्की,185
निर्यात,107
आजीविका,107
मनायी,151
जली,191
बिछाई,175
पच्चीस,64
शिवराज,12
निकटवर्ती,73
दृष्टिकोण,57
दांत,183
कृत्रिम,18
मूर्तियां,190
बेघर,123
लोडिंग,75
लाद,121
भटकते,53
गहनता,141
चिकित्सीय,159
पदम,12
कानों,193
रियाज,42
यंत्रों,190
पटरियों,175
विराम,11
फैंसी,146
शाहगंज,72
पलटी,196
चौड़ाई,118
रईस,6
मरे,84
जीविका,107
दंडित,170
एग्रो,9
विचारधारा,52
अख्तियार,21
पहाड़ों,31
जुर्म,170
वीआइपी,7
मंडलों,125
सशक्तिकरण,107
पुनर्गठन,11
मोड़,180
शीर्षक,169
खंगाला,63
बचाना,117
हितैषी,85
उपलब्धियां,17
गुरुद्वारे,92
समृद्ध,165
किशोरियों,102
पोखरा,72
रूख,21
जुटने,22
वृद्धावस्था,123
भागते,100
डूबा,40
चारपाई,131
परीक्षकों,147
स्नेह,98
ननद,176
आदर्शो,1
खासतौर,133
उपाधि,6
झूला,171
राजगीर,72
विराजमान,173
आंदोलनकारी,13
सिलेंडरों,109
अल्पसंख्यकों,167
कूदकर,100
काफिले,78
मंजिला,128
पाला,129
समझकर,121
नामी,85
माताओं,102
चिकित्सकीय,159
लोकतांत्रिक,13
जोहड़,24
जूते,146
बोधगया,72
टोपी,146
बनवाए,49
चढ़ाया,129
शिकस्त,142
सरकारें,125
थानांतर्गत,174
संतुलित,25
जहमत,21
सहमे,154
मुद्रा,58
स्वाति,99
उपमुखिया,68
संभवत,133
रीति,57
गुत्थी,15
दिलशाद,42
प्रवासी,73
घरवालों,181
रिसाव,18
तपिश,108
सैलानियों,31
सिखाया,90
पुतले,44
लड़ी,162
आजिज,136
नामांकित,76
बलि,55
घाटा,58
बढ़चढ़,30
बदसलूकी,59
चुस्त,93
भरते,53
फेंके,49
विकलांगता,74
पुर,171
नूतन,99
पापा,176
स्मरण,98
प्रक्षेत्र,107
शिखर,31
होशियार,93
अफसोस,21
मायूसी,74
खूनी,178
खडे़,26
मेंहदी,105
यूनियनों,36
श्रुति,99
जख्म,183
फीडिंग,75
कराएगा,134
तीव्र,189
जीवनी,169
शौक,27
कुंडल,105
जलमग्न,161
किसने,137
समझी,160
मोक्ष,130
पट्टे,91
बचाकर,121
खानपान,106
इनामी,157
फहराया,129
खुदरा,95
शेरपुर,145
निर्भय,93
बजाने,28
सुनसान,31
बेबुनियाद,54
वहन,11
हवालात,170
क्षत्रिय,167
किरदार,122
डोडा,72
अभिकरण,125
पत्थरों,190
पुलों,175
धरा,165
महापात्र,12
खिल,158
जगाने,188
झूले,65
आमसभा,30
प्रशिक्षकों,36
भिजवा,81
बनें,89
जनमानस,165
लगवाए,81
स्वाद,106
अंत्योदय,33
खड़े,26
केला,144
तारिक,42
प्यारा,98
चारो,180
पहरा,124
निगमों,36
परे,57
विद्वान,85
जनसेवा,1
जोड़ों,183
रीढ़,183
उठाएं,89
लाते,53
व्यर्थ,69
दरकार,126
उतारकर,121
महक,158
गजल,67
गाजे,22
गृहमंत्री,35
लोकप्रिय,25
कमियों,120
सेनानियों,70
गाए,67
कुल्हाड़ी,127
कारीगर,190
अनियमित,189
द्वारिका,55
आहुति,115
शास्त्रीय,57
इंटरसिटी,7
ढाका,72
समाजसेवा,1
प्रबंधों,120
बजरी,24
पटल,180
ठेले,95
नजीर,42
गुंजन,12
जाप,96
पखवाड़े,172
सटीक,25
निकाह,181
परगना,72
बादशाह,6
संस्थागत,107
स्वामियों,36
घात,180
अनुमंडलीय,39
स्थलीय,180
पत्रावली,195
शतरंज,114
मौसमी,180
अंशु,99
चुन,49
सुनाते,37
दुर्गापूजा,86
पहुंचेगा,77
कूड़ेदान,45
पौराणिक,165
दबकर,196
दिखता,4
पीले,101
कायरें,1
मृदा,18
हत्यारोपियों,170
योगा,96
दौलत,156
मन्दिर,43
फर्ज,21
कुचलकर,121
व्यतीत,163
मांगते,53
गुण,57
बेल,171
अटूट,165
सूफी,52
ऋतु,153
ताजिया,184
पूछ,198
प्रमाणित,63
संस्कारों,120
प्रतिद्वंद्वी,142
संशय,74
सेवादार,92
जच्चा,102
धनखड़,16
फिसल,196
खूबसूरत,31
बैठेंगे,104
रूपया,157
भुखमरी,84
सभाकक्ष,30
कागजातों,195
नहरी,24
सिखाने,126
माहिर,126
सेल्समैन,95
कंटेनर,155
विक्रांत,12
जिम,75
धरे,49
अधीनस्थ,138
चप्पल,146
सीआइएसएफ,41
बनीं,61
अंधाधुंध,21
मोहर्रम,151
एजेंसियां,17
गंडक,161
हजारी,171
मीर,42
उमंग,141
पीला,101
प्रवाहित,161
आदी,186
शहरवासी,22
चिंतन,130
बांटकर,121
जलेसर,72
कबाड़,45
पर्वत,31
करनेवाले,57
भाड़ा,157
सदमे,84
बांधने,46
आधारभूत,107
थाली,106
उतारू,136
खांसी,166
नोटों,195
महंती,149
खिचड़ी,10
धोने,150
सहायकों,138
मुनीष,48
फरियादी,170
दबंगई,29
दोहरी,180
प्रतियोगी,114
बच्चन,12
जोगेंद्रनगर,72
वर्चस्व,167
महापुरुषों,70
कट्टा,127
जनविरोधी,13
हुंकार,70
मोमबत्ती,44
जीवों,18
संगीन,54
शुमार,27
समायोजित,11
हालातों,120
खजाने,157
झमाझम,153
मीठा,106
आंगनबाड़ी,33
डांट,136
नेक,93
सवालिया,21
संरचना,57
प्रभावितों,33
शफीक,42
चरमरा,50
अलविदा,163
सद्भाव,1
खरीदना,95
निचली,180
हेमा,99
नील,171
डुबकी,161
घटा,119
दुष्यंत,12
अन्न,60
खड़ा,26
घुटने,56
एजेंटों,36
मारामारी,185
डालना,117
मैक्स,75
भूखे,123
प्रभाग,107
लाभकारी,25
प्रवृत्ति,141
पधारे,30
तेंदुआ,79
अपराधिक,59
दौड़,114
दही,144
दंग,20
चारे,60
उड़ाने,82
असंतुलित,189
दिलाए,49
पीना,186
सत्यवान,55
खरी,160
घूमकर,163
भ्रम,74
बकाए,58
चिल्लाने,136
कूच,124
कायाकल्प,11
खुशियों,151
संवैधानिक,125
बोलकर,121
मनोरमा,99
बहनें,176
उपद्रव,139
उपराज्यपाल,35
चुनने,126
टकराने,196
आमतौर,133
माओवादियों,178
ससमय,76
आपने,198
सज्जा,190
बैसाखी,86
बीड़ी,186
सिद्धांत,57
गांववासियों,110
क्रांतिकारी,70
प्रख्यात,85
खातुन,42
प्रश्नोत्तरी,169
लगाएंगे,104
सब्जियां,144
उदयवीर,149
कर्तव्यों,137
लपटों,191
बाधक,69
निकालना,117
छाई,5
डोली,171
काटते,53
चूल्हा,44
अर्से,163
स्कीमों,58
कान्वेंट,192
वत्स,12
राग,67
भूगोल,73
बजरंगी,171
लेफ्टिनेंट,177
अंचलों,73
किसके,137
लौटाने,132
सूचक,57
तपन,12
प्राक्कलन,76
जेलों,170
प्रभावशाली,25
शराबबंदी,0
दलील,111
स्त्रोत,57
बुरे,69
गिर्द,137
पहन,146
परिचर्चा,30
आभा,112
जाखड़,16
ज्वाला,191
रची,37
मंत्रोच्चारण,115
घोटालों,54
चरणबद्ध,11
उखड़,168
दूल्हे,181
सांख्यिकी,107
दक्षता,141
वित्तविहीन,192
अरसे,163
झुलसा,191
निकालते,53
तालीम,192
बकायेदारों,143
मूंग,144
देवा,12
आगाह,179
अष्टमी,86
नेत्रदान,1
लौह,18
गजेन्द्र,12
लेंगी,32
दायरा,119
खुलेगा,77
घटने,119
परिधि,180
उपचाराधीन,159
सुशासन,1
प्रीती,99
सिखाए,49
श्रोता,85
उमड़े,22
प्रबुद्ध,93
जौहरी,12
हड़पने,157
कानूनों,0
पत्राचार,169
पीली,101
चुनौतियों,120
खदेड़,71
अतरौली,145
उत्पादक,107
सत्तर,64
बेचैनी,74
उद्योगपतियों,36
सूक्ष्म,18
शायर,85
लथपथ,154
व्यवधान,74
भुइयां,182
पुरातत्व,190
नाटिका,122
अनावरण,11
अनुचित,189
अभियंत्रण,107
चाहत,27
कटवा,121
अंजान,171
प्रिय,98
इबादत,156
नकाबपोश,41
संभाली,61
झरिया,72
जानबूझकर,133
घिरे,49
दुर्भाग्यपूर्ण,189
मूक,122
संवारने,126
औपचारिकताएं,17
भुवन,12
बजते,28
प्रवास,73
रूक,163
एजेंडा,13
बोलबाला,29
जानना,90
दवाब,74
लिखाई,37
ऋषभ,12
बकाएदारों,143
बैरक,177
गंगाजल,55
चैत्र,86
लेखाधिकारी,39
फंसाया,129
अधिप्राप्ति,107
बरसे,153
रिश्तों,46
पंडितों,3
तमन्ना,27
प्राध्यापकों,147
बोतलें,155
अपितु,133
राधाकृष्ण,12
कयास,185
पिलर,175
खड़ी,26
बढ़ना,90
हवेली,171
रहस्य,165
त्वचा,183
शुभारम्भ,30
हिस्सेदारी,118
असलहे,41
प्रेमनगर,145
साधू,3
पलटा,196
सत्ताधारी,13
पन्द्रह,64
पीरो,42
उल्टा,180
संयम,141
रोड़ा,21
सूरी,12
स्क्रीन,75
ठेकेदारी,91
तेरे,156
कांटे,180
फंसने,15
जद्दोजहद,126
व्रतियों,115
शिल्पी,190
फुटपाथों,66
सिरदर्द,166
प्रस्तुतियों,122
पंचों,103
मुनासिब,90
परसा,145
अमावस्या,86
स्थिर,25
बैट्री,109
निखारने,164
खींचने,82
बिगुल,28
निर्धन,123
समझना,90
पात,180
परिणामों,120
आपबीती,37
दरम्यान,180
पिकनिक,31
आहवान,1
खंभा,128
मंहगाई,118
पगड़ी,146
मेजबान,114
गुटबाजी,185
बरसी,151
त्रासदी,84
वालीबॉल,114
अद्यतन,76
संवर्ग,138
पालना,0
लौटकर,163
कुत्ता,79
सानिध्य,98
प्रावधानों,0
वस्तुएं,17
औपचारिक,57
करवाएंगे,134
घोषणाएं,17
दबोचे,41
लटकी,131
कैसा,198
सर्वोदय,1
सांय,148
कक्कड़,12
सशक्तीकरण,1
बेतरतीब,189
उफान,161
रंगीन,101
मुश्ताक,42
आशाओं,120
बनाओ,83
जागीर,6
सोते,188
तुषार,12
नीतियां,17
गुजरती,135
गर्भपात,183
दाह,115
पहनने,146
दूरसंचार,107
सुंदरता,141
छिपाने,126
पकड़,121
संक्षिप्त,169
कांडों,54
समझाकर,121
चर्चाएं,185
देंगी,32
मान्य,57
रैकेट,54
भिड़े,162
शाल,146
फजीहत,21
तांत्रिक,96
विभूति,12
पकड़ा,129
बरतें,89
सजाने,126
सुरक्षाकर्मी,177
बड़ों,102
जोखा,63
उठाएंगे,104
निकटतम,73
अरमान,156
गतिरोध,185
सरोकार,141
टुकड़े,155
छुड़ाने,82
जवाबी,124
अथारिटी,9
पूर्णत,57
धनी,93
बिगड़ती,14
बसर,163
सुस्ती,74
जयकारों,22
एचआइवी,166
तलाक,181
सजे,65
फाइलें,17
परचून,95
प्रवाह,161
दिलों,156
दुर्लभ,189
मोटे,180
पिकेट,41
रोमांचक,122
बुद्धिजीवियों,36
त्रुटि,74
ट्रासफार्मर,109
रासायनिक,18
कोटेदारों,143
उड़ाया,23
आतंकवादी,178
जीवंत,165
देह,130
स्वाभाविक,189
खामी,74
श्रीमद्,88
काज,171
फरोख्त,95
आधारशिला,165
स्टाप,75
नारों,70
भराव,24
भूसा,155
खनिज,18
बासमती,144
निगाहें,26
गलन,108
सदुपयोग,25
रातभर,188
पत्रकारिता,113
खागा,72
सताने,126
रचा,129
चौंकाने,63
ढाणी,171
प्रारम्भ,11
जातीय,167
दिखाना,117
नवाज,42
सुपरिंटेंडेंट,39
लहराया,129
तोड़े,46
ढांचे,107
केंद्रित,57
रोना,154
अथक,1
मनोकामना,173
गेंदबाज,114
गजराज,12
नकलची,171
चन्द,12
उपनगर,73
तपस्या,130
कराता,134
पालीथिन,45
उच्चस्तरीय,25
दुर्गम,31
पीतल,155
सैकड़ा,64
धमाल,116
फैक्ट्रियों,143
जिलांतर्गत,103
बदन,56
शंभु,12
बनाता,4
अर्जन,11
जल्दबाजी,21
बुवाई,60
कुंडी,128
समाना,90
सहमत,179
सूट,146
प्रायोगिक,107
जानता,4
समानता,141
भुक्तभोगी,41
नगरवासियों,110
विख्यात,85
संभल,196
छाता,171
बैठते,53
कमा,157
उस्मान,42
हनन,0
भिन्न,57
पहनकर,146
एहतियात,124
लाचार,123
पीते,186
घोड़े,79
सुपारी,171
बैठाने,82
छुट्टियों,163
बंधा,46
रोजमर्रा,120
परिक्षेत्र,72
मसलन,133
सूखी,160
प्रोफेशनल,9
अध्यादेश,0
आहट,5
गद्दी,6
उतारी,61
बहता,40
प्रयोगात्मक,57
अनाथ,123
मतभेद,185
छापने,113
किसे,137
खर्चे,157
विकट,189
गुरुजी,88
दहाड़े,41
सोचने,126
सतवीर,48
कपास,60
शाहबाद,145
ब्लास्ट,75
लगवाया,81
अखाड़े,3
चौसा,72
हिंदुस्तान,70
सुर्खियों,185
जहरीले,18
खिलाने,106
भुगतने,21
इंसपेक्टर,39
ढांचा,107
घनी,160
चिलचिलाती,108
पालकों,79
दर्शनों,169
किनारों,161
शीतलहर,108
नाश्ता,106
चुराने,82
सूचियों,76
नान,10
बाथरूम,128
ठेस,21
निकलती,135
वैवाहिक,181
दिलचस्प,27
कृत्य,59
सनसनीखेज,54
बुलाए,49
मूलरूप,72
बकायदा,195
अबकी,198
जाओ,83
थानान्तर्गत,145
अमलीजामा,146
फलदार,94
हिमालय,31
नाना,171
भूतपूर्व,85
गम्भीर,189
दाने,144
पतंग,171
वैली,75
पुत्रगण,149
फलस्वरूप,19
खोखे,155
सुकून,163
रखनी,2
गायिका,67
जगजीवन,12
संदिग्धों,41
बांसी,145
राजभाषा,140
सोचना,90
दलदल,24
तिल,144
भिखारी,123
ड्रामा,122
खुलते,49
गमगीन,154
कामगार,91
ठहराते,53
पहुचने,126
दिलाना,90
लम्बी,160
दिखायी,2
कुरान,52
बैठना,117
थैला,155
कहावत,171
सांकेतिक,57
गुफा,31
दूंगा,80
वनों,31
नाच,65
पंपों,109
दार्जिलिंग,72
घोड़ा,79
शशी,99
कामगारों,36
जुल्म,59
बेहतरी,1
बखान,27
ज्ञापित,30
भेद,69
बिस्कुट,155
तरजीह,21
याचिकाकर्ता,111
बैद्यनाथ,43
मयूर,55
मुल्क,156
चर्चाओं,185
प्रलोभन,69
गाते,53
सत्याग्रह,70
खेमे,13
रोहन,12
नीलकंठ,55
छोड़ना,90
शिवालयों,43
सादा,93
बेमियादी,143
अनामिका,99
बुआ,176
सौतेला,176
विंध्याचल,72
तकरार,185
धर्मराज,55
आंवला,144
लात,127
महफूज,42
वंश,6
सुजाता,99
दफन,190
विलास,12
हानिकारक,189
अनिवार्यता,0
रहमत,156
प्रकाशोत्सव,22
चुनार,72
बीर,171
मिष्ठान,10
दिवाली,151
हटवा,81
मातहतों,39
निगल,121
सामग्रियों,190
इतर,57
गुरुदेव,88
पहर,148
जनवितरण,33
संजीवनी,55
लड़ाई,162
वृहद,107
समरसता,1
घुसपैठ,178
धमकियां,139
विक्षिप्त,189
गोपनीयता,141
पाठ्य,169
मेहरबान,156
रैंप,75
सेवायोजन,138
कराएगी,134
पहना,146
समीकरण,180
पालियों,147
सरैया,72
प्रदेशभर,33
दुखद,84
आठवें,197
अखंडता,141
पॉलीटेक्निक,192
फिल्में,122
घबरा,20
संचालिका,87
देय,58
टकराकर,196
धमका,136
लगाव,141
नित्य,130
आपत्तियां,17
मैदानी,31
कर्मवीर,12
बिछा,131
उल्टे,49
रखेगी,77
त्राहि,116
पौष्टिक,106
शौकीन,106
दरें,118
सिक्का,155
भौगोलिक,73
समझे,49
एकादशी,86
विनायक,12
उछाल,196
निभाते,53
करतब,122
रेफरी,114
निर्वाचक,62
रामवृक्ष,149
बीआरपी,39
बक्से,155
धमकाने,82
अनुमानित,118
ढ़ाई,64
ग्रामोद्योग,33
पलक,193
बली,55
मुख्याध्यापक,87
सर्दियों,108
अनाधिकृत,0
विषम,189
जानबूझ,133
विद्यासागर,12
हटाना,117
मुस्लिमों,52
मस्त,65
शगुन,181
ढोने,82
प्रांतों,73
कार्डधारकों,58
धूरी,180
काल्पनिक,57
गुजरा,163
अनवरत,165
सौभाग्य,98
बांधे,46
जानमाल,84
कुंडली,96
देखेंगे,104
ईनाम,157
कम्युनिटी,9
मुस्तैदी,124
गल्ले,95
अन्नपूर्णा,173
त्रिलोचन,12
गालियां,136
घंटी,28
दूरस्थ,73
सोए,188
गुजरे,163
मारते,53
रसोइयों,106
मोबाईल,75
कीड़े,79
नैतिकता,141
कार्यान्वयन,107
औचित्य,57
बेमौसम,153
अपनाई,57
अभिनेत्री,122
नकारात्मक,189
उतरते,53
इंजीनियर्स,9
ससुरालीजनों,181
मंदी,107
फर्जीवाड़े,54
गिराया,129
झूमते,65
बदलना,117
कुलभूषण,12
रिक्शे,78
लटकता,131
खट्टर,12
कैफे,75
शाखाएं,17
देवाशीष,12
केवट,171
उबाल,150
हकदार,179
किले,128
करवट,188
साधनों,120
अहमियत,27
टोनी,12
मसला,15
बचना,90
छूटने,126
ताऊ,198
वचन,130
अनुबंधित,11
धोखे,54
अंगुली,56
नलों,109
ढूंढ,121
ज्वालामुखी,31
आदान,11
चुराकर,121
परिचालकों,138
मनमर्जी,21
निभाया,129
भट्ठों,143
वार्डेन,87
सुखद,25
आपत्तियों,120
कर्बला,184
बुद्धिजीवी,85
उठती,135
आएंगी,32
रिचार्ज,75
खोखा,155
तान,127
बिन्दुओं,180
वाजिब,21
भंडाफोड़,54
लगाता,4
केसर,144
अभिरक्षा,170
अर्थव्यवस्था,107
गुलाबी,101
अंधकार,112
जीरा,144
जलती,191
तेरा,156
दोगुना,118
श्रेया,99
गिरता,196
बिगाड़ने,14
दैवीय,130
सूचनाओं,63
बीएसएल,9
हुड़दंग,116
ढलते,112
बीघे,91
रेलमंत्री,35
चौकियों,177
वर्षगांठ,151
तानाशाही,13
हिंसक,139
परत,180
गुणों,120
महफिल,67
घोल,150
निवेशकों,36
वित्तमंत्री,35
ढक्कन,155
खटखटाया,26
मौज,163
अवमानना,111
बनाएगी,77
मंत्रोच्चार,115
टेकने,82
दूल्हा,181
ज्योतिष,96
बानगी,27
मेघा,99
अमूमन,133
कढ़ाई,190
शॉल,146
सोया,188
पर्दे,122
उद्भेदन,180
मिलेंगी,32
पीटना,117
महारानी,6
लड़कियों,102
थानेदारों,39
स्तुति,98
कक्षों,128
समितियां,125
अनियमितताओं,120
व्यथा,74
सम्बन्धित,137
टांग,131
लोकप्रियता,141
जबर्दस्त,27
नाकेबंदी,124
ठगा,40
बुजुर्गों,102
विस्तारपूर्वक,169
बजा,28
शराबियों,186
बंजर,60
छटा,65
प्रण,1
कसी,160
गाया,67
हैसियत,27
खुदा,156
गोताखोरों,161
सुअर,79
इकलौता,73
निबंधक,39
मौतों,84
क्रमांक,76
रामराज,12
जुटाई,61
नयन,193
जस्सी,99
फूंकने,82
स्वर्णकारों,8
आकाशीय,180
सकेंगी,32
आयाम,180
जलवायु,107
पक्षपात,69
गुंडा,29
राष्ट्रपिता,70
खामोश,26
ख्वाजा,42
आक्सीजन,18
बरते,21
घटती,119
प्रसारित,113
लाटरी,157
दमखम,27
प्रायोजित,57
हिंदुओं,52
कथावाचक,85
जांचने,63
अतिसंवेदनशील,189
जोड़ना,117
घंटो,148
मदरसे,192
क्षण,163
अक्षर,180
खुलेंगे,77
कुछेक,133
प्रतिद्वंदी,142
एकादश,197
खिला,106
डायन,171
सलाखों,180
मिठाइयां,106
मोहलत,179
चोरियों,54
छाती,56
दीर्घायु,96
बटन,75
ब्रह्म,130
तेरी,156
नीली,101
बरस,64
तकलीफ,74
उड़ाए,168
आमंत्रण,179
बिगाड़,14
पशुपालक,91
नाकाफी,21
पहनाने,146
नाबाद,114
सबों,133
सन्,19
जटिल,25
नुमाइश,156
तीर,180
मुखातिब,20
कर्मकार,138
कतरा,40
लड़ा,162
दिनकर,12
शौर्य,70
लेख,169
सुखी,93
सब्र,156
असमर्थता,74
मसाला,106
त्रिलोकी,12
उड़ाई,168
साख,58
अनिश्चित,189
प्रचंड,55
तांडव,55
गिरिराज,12
कोटि,25
चढ़ाकर,121
सरासर,21
संलग्न,11
खोया,40
गवर्नर,35
गोलमाल,54
फौजदारी,111
हर्षित,20
नौकरियों,137
घोषणाओं,120
काटना,117
प्रैक्टिस,114
एयरफोर्स,177
भागी,100
मजीठिया,92
संपादक,113
घेरने,126
भावभीनी,98
तनावपूर्ण,189
वजूद,40
रखवाली,124
स्वावलंबी,1
खींचतान,185
हल्दी,144
थप्पड़,136
मालाओं,66
मोटरसाइकिलों,78
कार्पोरेशन,9
उड़े,168
अतिशीघ्र,11
मिलाप,113
नमो,34
संभावनाओं,120
साहित्यिक,140
टेढ़ी,160
हथियारबंद,124
सीढि़यों,137
नस्ल,79
पाइपलाइन,175
मुकुट,105
दुर्भाग्य,133
सुरक्षाकर्मियों,177
सुरंग,175
शीत,108
डलहौजी,137
इज्जत,21
दर्शाता,57
एकतरफा,21
रिवाज,181
गुंडागर्दी,139
मैया,173
ट्रालियों,78
मापदंड,76
नाथनगर,145
पंथ,52
सफाईकर्मियों,138
मिलाने,82
जगपाल,48
जानें,89
कटाक्ष,23
भीख,123
तकनीकि,107
दौड़ते,100
अनुदेशकों,138
परिवारीजन,181
स्वयंसेवियों,36
हिलसा,72
दीदी,99
मिलाया,129
दंगों,139
चढ़ाई,31
हाकिम,6
कुलश्रेष्ठ,12
पुनर्निर्माण,11
मोटा,101
प्रार्थनापत्र,195
उच्चाधिकारी,39
जया,99
समझें,89
हलवाई,10
साबुन,150
फकीर,171
नजरें,26
खेलना,117
स्वदेशी,70
भयमुक्त,1
हीलाहवाली,21
भाषाओं,140
उच्चतम,57
जनजातीय,137
बंदरबांट,157
संग्रामपुर,145
आत्मसात,165
सांई,92
अनुदानित,192
बाहुल्य,167
भतीजी,176
सटा,40
आतंकवादियों,178
विक्रय,95
धुएं,44
पकड़े,41
झोला,155
चैतन्य,130
पर्यवेक्षिका,87
तल्ख,23
गहमागहमी,185
झूल,131
सौंदर्य,141
बही,161
थोड़े,133
रानीखेत,72
शिशुओं,102
दक्ष,25
मस्तिष्क,183
खंडहर,128
अव्यवस्थाओं,120
धनघटा,174
पार्लर,75
सम्पूर्ण,57
कसबा,174
पालक,144
धराए,41
नाटकों,122
झांसे,54
चलाएं,89
मुसाफिर,171
प्रसूता,183
पड़ेंगे,104
अपनाना,90
धमाका,84
पैंट,146
उपायों,120
मानचित्र,73
पायदान,197
गांठ,46
अहंकार,69
कनेक्शनों,143
दौड़ने,100
जलाई,191
मनचलों,41
वास्तविकता,57
निवासीगण,174
दिखती,135
उपद्रवियों,41
क्रिकेटर,114
जनजागरण,1
कट्टे,127
पर्यवेक्षण,107
आगोश,5
हेलीपैड,31
कम्युनिस्ट,13
शुभकामना,151
धनुष,55
प्रतिपूर्ति,58
प्रजातियों,79
जहाज,7
पखवारा,172
बेबस,154
भेजें,89
पत्ते,94
शिवपूजन,149
आंध्र,72
अपनाकर,89
उपजाऊ,60
बैठाया,129
किशोरों,102
कांति,99
नकार,179
लाभदायक,25
पाटिल,12
शूटर,114
बनाती,135
वैसा,133
जूता,146
रेप,59
उद्देश्यों,120
अकेडमी,9
समता,1
उठते,53
ठगने,54
खलील,42
चाट,106
चुकाने,132
प्रशस्त,11
बेचना,95
हड़ताली,138
झेलने,126
पालिसी,58
इचार्ज,199
कांफ्रेंसिंग,75
अपनाए,49
रेलकर्मी,41
दबी,160
रचनात्मक,25
इकट्ठे,49
राजस्थानी,140
कदमों,120
इस्तीफे,179
हालचाल,198
चौंक,20
पूर्वजों,165
चलेंगी,32
सामंजस्य,25
गुंजायमान,67
मासूमों,178
रिमझिम,153
किनारा,161
उमड़ा,22
बूढ़े,102
गंवा,142
पारिश्रमिक,58
इसरार,42
विडंबना,21
जागो,83
महाआरती,22
जनाधार,13
रेडीमेड,146
शिवानंद,51
बंगले,128
दारू,186
आदर,98
विभाजन,11
धमकाया,136
मलिन,69
बुनकरों,36
मंडरा,50
जलाए,191
मैकेनिकल,9
लश्कर,178
पत्रांक,76
मन्नत,22
माइक,75
तदर्थ,11
अद्भुत,165
सुखराम,12
सभाएं,17
सीखा,90
अदद,156
थैले,155
महामाया,173
दिव्यांग,123
असलहों,41
ज्ञातव्य,57
अनापत्ति,76
कॉरपोरेशन,9
गाना,67
उत्खनन,190
रेलगाड़ी,7
नाता,46
पोर्टल,113
मुर्गी,79
नाश,69
कंधों,56
बटोरी,61
कमजोरी,74
अक्षम,189
सिफारिशों,0
कराह,154
होम्योपैथिक,159
भंडरा,174
कांटा,155
उपकेन्द्र,109
टूरिज्म,9
बोरियो,182
कविताओं,169
घटक,18
साक्ष्यों,63
आखों,193
तालियों,28
कुर्सियां,17
विषयक,169
हराम,156
कठिनाइयों,74
व्यंजन,106
बेमानी,21
अपमानित,59
निकास,11
देखिए,198
चलेंगे,104
बताता,4
बनवाकर,81
खींचकर,121
त्यों,137
भीड़भाड़,163
मानिक,12
सीमाओं,120
वरिष्ठता,138
आत्मरक्षा,124
मानती,135
चलन,57
माप,118
अटैची,155
तिहाई,118
कतिपय,57
अनभिज्ञता,74
आंगनवाड़ी,33
ठगे,157
पिछड़,167
अनुदेशक,138
सांझा,11
नीले,101
असंभव,90
कारीगरों,190
चौथ,86
बन्द,11
भावुक,20
सुरभि,99
कबाड़ी,95
बढ़नी,119
एकड़,91
जेईई,147
दलबल,41
लगवाई,61
कोशिशों,126
संपति,58
मार्कशीट,147
कराती,134
बॉल,114
ढीली,160
उपदेश,130
ढेरों,160
प्रशिक्षणार्थियों,147
जालसाजी,54
दिमागी,189
भूमिहीन,91
छूने,82
इंसानियत,156
छेड़ा,162
शर्मनाक,59
चाही,2
हिल,31
सोमा,99
खोद,24
आजतक,133
श्रावणी,86
सौंपते,179
जुकाम,166
क्षमा,98
चपरासी,138
रंगमंच,122
पम्प,109
पिला,186
लेखाकार,138
रचनाओं,169
व्यवहारिक,57
सुधरने,14
ऊंट,79
मेवा,10
टीसी,138
आश्रय,130
जूझते,84
लोकगीत,67
वाचक,85
समेट,121
हरकतों,120
महादलितों,167
पुष्टाहार,33
स्वभाव,93
चित्रों,190
स्वेटर,146
औषधीय,18
तृतीया,86
छोड़कर,19
पाठ्यक्रमों,192
बोरियों,155
कुचला,129
जनसमस्याओं,33
फायदेमंद,144
परिणामस्वरूप,19
बीवी,176
भाड़े,157
यथा,11
कीमतें,118
प्रतिरक्षण,107
निगमायुक्त,39
वर्गीय,167
नवयुवक,93
ननिहाल,176
पागल,171
बच्चू,149
प्रियदर्शी,12
बालकों,102
सम्बन्ध,57
अनुमोदित,11
शीट,75
प्रविष्टि,169
कैरो,171
विवेचक,170
गजब,27
गदगद,20
तवज्जो,21
भराई,155
मनाना,151
परियोजनाएं,17
रौंदा,142
शिशिर,12
कंधा,56
रंगा,101
एथलीट,114
हबीब,42
तापस,34
मुगल,6
जिसमे,133
नीलाम,95
पूर्णाहुति,115
उन्नयन,107
भागीरथी,161
जोड़ने,126
सिद्धांतों,120
हार्दिक,98
भयानक,84
करोड़ों,157
कुम्हार,171
बनानी,2
मीठे,106
बुनकर,190
सुबूत,63
संभाले,49
पखवाड़ा,172
कौम,156
सेवादल,13
प्रस्तुतियां,17
यथावत,11
उतारे,49
कोरी,171
प्रदेशीय,73
संगीतमय,67
भरवाने,81
सजाई,65
राजनेता,85
झोली,155
वास,130
घेरकर,121
सहेली,99
राजनेताओं,29
चोक,184
मदरसों,192
मतपत्र,62
घिर,84
डरा,40
बेचैन,20
राशनकार्ड,195
हंसी,23
बुझाई,191
उन्होनें,133
अपनाते,53
घूस,157
दोहरा,180
सभ्रवाल,48
लोकदल,13
रामानुज,88
विटामिन,18
थाम,56
बाड़ी,38
नाज,27
हरकतें,23
ख्याति,141
बिसौली,145
अतीत,165
रंगाई,190
शिवालय,43
धोबी,171
पूंजीपतियों,29
उलट,21
सवेरे,148
पिलाया,129
वारिस,6
पीडि़ता,170
मूकदर्शक,41
बचें,89
मौसी,176
ढाबों,106
राष्ट्रवादी,13
घटकर,118
चौरासी,64
हटकर,133
जिम्मेदारियों,120
विवाहित,181
लगनी,2
खरीदारों,95
असंगठित,167
कर्ता,130
अराजपत्रित,138
भेजते,53
अवरोध,180
निंदनीय,59
लुटेरा,171
पत्ता,94
रखीं,61
प्रादेशिक,125
माघ,86
गूंजा,67
समतल,180
दलहन,60
बजाकर,28
अजब,156
विषाक्त,18
व्रती,115
कव्वाली,67
शिशुपाल,55
जिन्हे,133
जैव,18
हकीम,42
पदोन्नत,138
आत्मिक,130
भूत,171
दोहराया,129
सेमीनार,30
चलीं,61
अटका,40
अध्यात्म,130
छुट्टियां,163
मदनलाल,12
साधकों,3
सुनाए,37
सैल,75
महाभारत,55
ठगों,54
कुरावली,145
बाड़ा,168
छठा,197
उत्साहवर्धन,98
निश्चय,179
गेंदों,114
आशाराम,149
वाह,198
व्यस्तता,74
साया,40
मुर्गा,79
भ्रूणहत्या,59
विसर्जित,11
खरीदते,95
महासम्मेलन,30
शीतकालीन,73
उपसमाहर्ता,39
काश्तकारों,91
आभूषणों,105
पर्यवेक्षकों,36
सिवाय,133
शीश,55
अभियोजक,111
बच्चो,102
लिंगानुपात,118
श्यामसुंदर,149
बंटवारा,11
उच्चारण,140
छिन,49
निष्क्रिय,189
नवविवाहिता,181
मुनीम,171
चोटी,31
मधुकर,12
क्षय,183
प्रगट,130
नानी,176
अंधविश्वास,52
लाठियों,127
तस्वीरें,17
समीपवर्ती,73
जुड़ी,160
डाकघरों,58
फैक्स,195
साधते,53
चढ़ी,61
उतरेंगे,104
इसने,133
प्रचलन,57
परमाणु,18
लीवर,183
टिकटों,7
पत्ती,94
इलेक्ट्रॉनिक,75
अल्प,25
बिजेन्द्र,48
चने,144
जुड़कर,1
स्वर्ग,130
अनुपमा,99
विनाश,11
बनवाई,61
संचयन,169
अभिशाप,69
असलियत,63
पढ़ती,135
ईटों,128
भूना,127
बेअसर,21
गायकों,67
पार्थिव,180
कार्यवाई,0
कार्टून,113
उद्धार,130
शीशम,94
खदानों,190
विशेषता,57
पुताई,128
अनुसरण,57
स्टेशनरी,195
होनेवाले,57
आंदोलित,20
विद्यानंद,51
अंतरिम,11
विद्वानों,36
आंखे,193
करायें,134
निर्मली,72
गोरा,101
घटतौली,143
धूम्रपान,186
बागवानों,143
डेरे,92
तबतक,133
शिक्षामंत्री,35
पंक्ति,169
साहित्यकारों,36
झपट,121
ताकतों,13
अपात्र,76
प्रेषण,11
संकल्पित,1
किसानी,91
कटवाने,82
ठंडक,108
फुटकर,95
सदी,19
लुभाने,126
चश्मा,146
भांजे,176
पैगाम,156
जमानती,170
गानों,67
बारादरी,184
लाडली,99
सुई,180
पड़ोसी,73
हर्षवर्धन,12
दिहाड़ी,91
चंपत,41
करुणा,98
किसकी,137
प्रणाम,98
समुद्र,161
निर्बाध,25
अमूल्य,165
सुश्री,99
खानी,2
मांझा,155
नदियां,161
ढुल,48
तैराकी,114
कैसी,160
संक्रमित,166
स्वेच्छा,11
सीआइडी,41
नियुक्तियां,138
सतगुरु,92
मुकर,179
मचाते,116
करतूत,54
राजेश्वरी,99
भीमसेन,12
गहलोत,12
इक्का,171
समुदायों,167
गरमा,185
खिलौने,155
रासलीला,122
लाये,49
उठाये,49
ठेकों,143
सपरिवार,163
दौड़ाकर,100
फूस,44
म्यूनिसिपल,9
ढिलाई,21
कटोच,12
जायें,89
निपटारे,137
योगाभ्यास,96
चुपचाप,26
बेतहाशा,118
निवासिनी,173
संतोषी,173
छेड़,162
शक्तियों,120
यथाशीघ्र,11
भट्ठी,44
व्यवसाई,95
टालमटोल,179
पढ़ता,4
आमलोगों,13
किन्नर,55
रखेगा,77
पहाड़ी,31
धुंआ,44
प्रतिबद्ध,25
हड़प,157
परमहंस,88
बर्तनों,155
मुहूर्त,96
सहसचिव,35
स्रोतों,120
बदलवाने,81
शंका,74
मोहताज,27
लीची,144
निर्वाह,57
निभाएंगे,77
पढ़ना,90
उत्सुकता,141
नाममात्र,6
सदियों,165
शक्तिपीठ,173
कूड़ा,45
मानों,180
कलाई,56
कसरत,183
सत्यापित,76
मालिकाना,91
भूगर्भ,31
हमलों,178
तनख्वाह,157
फिसलने,196
हाय,171
कविताएं,37
साधक,130
तोले,105
उपमुख्य,35
वृद्धों,123
चालीसा,96
कारखानों,143
जगरूप,48
जानकर,20
बीजों,60
बिखर,50
घमासान,185
चहेतों,29
कनपटी,127
भूरे,101
अधिकाधिक,25
लीलाओं,130
अपूर्ण,189
सर्वोत्तम,25
मरा,40
मुझसे,198
मिट,50
वैसी,160
जलनिगम,109
बिलकुल,133
मूंगफली,144
साम्राज्य,6
एथलेटिक,114
जलनिकासी,24
बरातियों,181
श्रमायुक्त,39
हुकूमत,6
मेज,155
डकैत,41
खचाखच,22
हस्तशिल्प,190
जैकेट,146
पिछला,180
अनार,144
तीमारदार,159
सेंधमारी,54
हारे,142
निरुद्ध,170
दिखते,53
मनाएं,151
शासक,6
सबमर्सिबल,109
दुश्मनी,185
चढ़ाव,180
खरीदार,95
पांचाल,12
उतरना,117
सातों,197
रियासत,6
मरहम,150
कुदरत,156
बिखरे,49
मोहब्बत,156
ढांढस,154
जरुर,89
चौके,128
चूड़ी,105
हिमपात,153
थाप,28
सुनियोजित,25
फेंककर,121
मछलियों,79
फुसला,121
स्थानान्तरण,11
पहिए,78
पूर्णतया,57
टेंशन,75
वतन,70
जमाए,49
तोड़ी,46
कौमी,70
अंत्येष्टि,115
तिथियों,76
रचने,126
सड़के,175
न्यायालयों,111
गुरुओं,3
अधिकारिक,57
सत्रह,64
अलवर,72
याची,111
व्यंजनों,106
बूढ़ी,102
मत्था,22
शुक्र,96
बॉर्डर,177
उपभोग,11
उतने,133
प्रतिभावान,93
धूमिल,189
अशांति,74
लहरा,70
दरारें,50
मनीराम,149
इंद्री,152
लड़ेंगे,162
अंर्तगत,76
सर्वोपरि,1
पंजिका,195
दबोचने,41
रोपड़,174
साईकिल,78
अड्डों,7
मम्मी,176
मंद,189
भारतीयों,73
चाची,176
स्पर्श,98
पड़ेगा,90
नक्षत्र,96
बसाने,71
करारा,23
इरादा,179
दिशानिर्देश,0
असमाजिक,59
लालबत्ती,78
वल्लभ,12
पांचवे,197
सुंदरी,55
दिलाते,53
जापानी,140
हल्दिया,72
नमस्कार,98
नाचते,65
लिपिकों,138
निवेदन,179
सहम,20
हर्रैया,145
रातों,112
साला,171
मनचले,41
जंजीर,46
ठहरा,21
गोभी,144
भेजेंगे,104
जुनून,27
फर्राटा,78
प्यासे,49
मण्डी,72
वादन,28
श्रीधर,12
अखबारों,113
रीतेश,12
सुने,49
संगठनात्मक,107
तोड़ते,46
मनिहारी,72
लड़ते,162
पिछड़ों,167
मानता,4
मक्खी,79
भरो,83
ऑक्सीजन,18
स्वैच्छिक,11
रहेगे,53
खड़ंजा,47
हड़कंप,116
विधवाओं,123
फूले,171
अनियमितताएं,17
अहिंसा,1
जुटाए,49
हताहत,84
बजने,28
निजाम,6
आयात,95
क्षेत्रवासी,110
पहुचा,129
जामिया,42
प्यारी,160
दमन,59
बुनियाद,165
सटी,160
अर्पण,98
बाशिंदों,71
वनस्पति,18
संकरी,175
विसंगति,74
नाई,171
पालम,72
फव्वारा,128
पडे़गा,90
डाका,157
शीशपाल,48
परवरिश,102
डिस्चार्ज,75
कृष्णानंद,51
निखार,164
कार्बन,18
समयावधि,76
जेठानी,176
चराने,79
अभिव्यक्ति,141
मंत्रों,115
पिपरी,145
सत्तारूढ़,13
क्रियान्वित,11
लोहार,171
हस्तांतरित,11
बहार,158
निष्पादित,11
पालने,82
उपकेंद्रों,109
सुनेंगे,104
मशरूम,144
फिक्र,21
बिके,95
फूटा,40
लायी,61
बैलों,79
अनुशासित,25
माटी,171
आंकी,118
कलेर,16
वक्तव्य,179
घिरा,40
अनुमंडलाधिकारी,39
विस्थापन,11
भट्टा,91
तीखे,23
परिसदन,33
तुरन्त,11
बाजू,56
बिरंगे,101
उत्तेजित,20
दिनोंदिन,50
साजन,171
कुश,55
रामकथा,169
कृति,169
प्रमुखों,125
शादीशुदा,181
सहायिकाओं,87
कमांडो,177
उग्रवाद,178
पहनाया,146
दर्जे,189
मोतियाबिंद,166
मिनटों,148
इकाइयां,17
विसंगतियों,120
कामिनी,99
प्रत्यारोप,185
विक्षोभ,180
कार्याें,33
मचाना,116
दिलाकर,121
बेरुखी,74
घाव,183
दीवारें,128
जूट,155
स्थली,43
कृतित्व,169
विस्तारीकरण,175
मशगूल,185
मदों,58
महरूम,156
खिली,158
भुगत,21
खुलवा,81
अनुभूति,141
वाममोर्चा,13
दिखेगा,77
बड़सर,47
जामुन,144
मुख्यधारा,167
बेसब्री,98
बगीचा,128
चरितार्थ,1
जगदंबा,173
मौरंग,24
मैनेजिंग,9
चरमराई,14
दीजिए,89
मनोविज्ञान,57
जिताने,142
रेलकर्मियों,110
अपरान्ह,148
रैलियों,30
धराशायी,196
छुड़ा,121
बेसुध,154
सिराज,42
दिलवाया,129
प्रबंधकीय,107
लूटकांड,41
प्रत्यारोपण,183
कोंच,72
खिले,158
हिना,42
तिपहिया,78
पंख,180
निकलेगी,77
पैठ,50
परमवीर,177
स्वाहा,115
डूबी,161
आनेवाले,133
प्रभागीय,39
नींबू,144
ज्येष्ठ,176
बहाया,129
अनुयायियों,52
बंसी,28
एकमुश्त,58
रघुराज,12
सायंकाल,148
शमन,69
कोस,64
अजीब,23
किलोवाट,118
फैसलों,120
हिदायतें,17
सदस्या,35
भूरी,101
अमरूद,144
अधीनस्थों,39
पांचवी,197
ललक,141
आधुनिकता,165
बताएंगे,104
पूज्य,88
भागदौड़,163
सफलतापूर्वक,11
कटों,109
कारणवश,133
घुसी,100
सुदीप,12
विलुप्त,165
जलसे,30
महामारी,166
चरखारी,72
उड़ने,82
विविधता,141
फैलता,50
तौबा,156
दागी,29
गृहकर,58
छीनी,61
अपेक्षाकृत,25
इनवर्टर,109
सम्मति,179
स्टेंड,184
सुरक्षाबलों,178
अनुग्रह,98
सुखचैन,48
कार्यकत्र्ता,13
फैलती,50
युद्धस्तर,33
ऑपरेटरों,36
त्यागपत्र,179
संरक्षा,107
पोखरों,24
दुबके,26
आभास,57
कैप्सूल,18
सर्प,55
अड़चन,74
गुपचुप,6
दुष्प्रभाव,74
गंगानगर,72
धारी,180
ट्रांसफारमर,109
मनमाना,21
हाशमी,42
कोसा,129
आरपार,180
खोखला,40
पाएं,89
कालिंदी,72
शुद्धता,141
विभाजित,11
सूचीबद्ध,76
हैंडबाल,114
सुनायी,37
तारें,112
ग्यारहवीं,197
संग्रहण,11
बहु,180
तकिया,131
दोगुनी,118
नवसृजित,76
सिलिंडर,180
रैयतों,91
फार्मो,143
पकवान,106
नतीजों,63
अनुभवी,85
शिवभक्तों,22
भड़ास,113
नौका,161
नमूनों,190
बहेड़ी,174
कुर्बान,70
बेनकाब,54
हुकुम,171
जसवाल,48
भांग,186
कतराते,53
पशुधन,79
पटवारियों,39
गोताखोर,161
प्राचार्यो,87
यद्यपि,133
सांझ,148
चबूतरे,128
रंजिशन,41
सैलानी,31
नशेड़ी,186
जंतु,18
जनकल्याण,1
टिक,26
निर्मम,59
पनपने,50
इकलौते,85
जुताई,60
नाकामी,21
बिंदू,180
गिरिजा,99
उत्पीड़न,59
मन्नू,12
बौछार,153
निकलवाने,82
शर्मसार,59
नेत्रहीन,123
व्याख्या,57
असंतुष्ट,189
संयोजिका,99
स्टालों,66
बकाये,58
जुआरियों,41
मिलीमीटर,118
अनुभाग,76
परंपराओं,120
बारातियों,181
रक्तचाप,166
बदस्तूर,21
स्तंभ,190
वानिकी,107
वाहिद,42
बचते,53
सुनाने,37
एलडीएम,39
काहलों,48
दर्शना,99
मंगाया,81
बुढ़ापा,166
पहुंचाएं,89
राष्ट्रव्यापी,73
कुंआ,24
खिलाया,106
दिग्गजों,36
मोहिनी,99
आपदाओं,84
रोपित,60
रचित,169
स्टैण्ड,184
पद्मश्री,85
दिलायी,129
पाबंद,0
कपाट,180
प्रधानी,103
बांग्ला,140
उपरान्त,11
प्रतिरोध,11
गढ्डों,66
हमसे,198
सुसज्जित,25
मोचन,55
मूसलाधार,153
मर्ज,166
विभागाध्यक्षों,87
चैम्पियनशिप,114
कुकर्म,59
उत्पादकों,36
एलबम,122
सबने,133
हिरण,79
युद्धवीर,12
कर्णप्रयाग,72
दाता,130
बगीचे,128
पनीर,10
उचक्कों,41
फांदकर,41
जर्नादन,149
जादूगर,85
प्रतिवाद,13
जोरशोर,21
पेशकश,179
निबटने,15
टहलने,163
ऊधम,116
भंगड़ा,65
बरसाना,55
छुपाने,126
रजाई,108
करबला,184
तनातनी,185
सूझबूझ,141
लगाती,135
भैंसों,79
हताश,20
टीएन,12
सादगी,141
यादें,37
जिंदाबाद,70
बेचता,95
फिजिकल,9
इलेक्ट्रानिक्स,9
महबूबा,156
अध्यापन,192
तड़प,154
समन्वयकों,138
समझाते,53
वाकई,198
अनुकंपा,138
आबाद,71
आंदोलनरत,13
मसलों,15
अनशनकारियों,110
टंकियों,109
मंडराने,50
शर्म,59
कोड़ा,168
समाहित,57
चेकडैम,24
नौनिहाल,102
नियुक्तियों,138
चपत,157
मैगी,106
परिभ्रमण,180
चौखट,128
कुटीर,190
सुझावों,120
सकीं,61
महंथ,3
बकरियों,79
बिटिया,99
लिफाफे,195
राजरानी,99
सफाया,124
घायलावस्था,41
शुरूआती,57
लीं,61
मिठाइयों,106
कमोवेश,133
कोशिशें,126
साधने,126
रियायत,179
शाहदेव,171
आवंटियों,143
पेशा,96
मुसाफिरों,7
टावरों,128
पहाड़ियों,31
मन्नतें,22
पोते,176
आकृति,190
डालेंगे,104
दिखावा,69
मालगोदाम,184
अनुज्ञप्ति,76
शील,69
दिखाएंगे,104
ध्यानी,12
भाड़,168
लड़े,162
चुनरी,105
जघन्य,59
धुनों,67
भौतिकी,57
आधुनिकीकरण,107
बहती,161
कारगुजारी,54
निकलेगा,77
प्रज्ज्वलन,30
पैटर्न,180
छिटपुट,185
श्रद्धापूर्वक,115
अधिग्रहीत,11
प्रवृति,141
समाजसेवियों,36
कुटिया,55
वनाधिकारी,39
भइया,198
बर्दास्त,21
रुकावट,74
किरायेदार,91
सलामत,156
अंदरूनी,180
मनसा,173
आपातकाल,11
किराएदार,181
बहादुरी,141
अहीर,171
तीक्ष्ण,189
सीएसआर,107
ठान,179
अदालती,111
ख्वाब,156
लहराते,53
चढ़ते,196
चाहें,89
परम्परा,165
चबूतरा,128
हटे,49
देखता,4
गाल,56
मेलों,36
ट्रैक्टरों,78
जानती,135
तबदील,50
आनंदी,99
संतुष्टि,141
बास्केटबॉल,114
प्लेटफॉर्म,75
भेड़,79
ठहरे,163
तपती,108
बुझाया,191
फेरे,181
कुमकुम,99
खदेड़ा,71
पिच,180
शमा,191
तकदीर,156
वामपंथी,13
शारदीय,86
भेंटकर,30
निष्कर्ष,63
तख्तियां,17
जूं,166
फोटोयुक्त,195
खूबसूरती,27
निबंधित,76
जड़ा,168
वाणिज्यकर,39
ब्रह्मानंद,51
नफरत,139
अनुरक्षण,11
सीखे,49
परी,171
शिवाला,184
तेजा,12
सजाए,49
निष्क्रियता,74
अमरपाल,48
उमड़ने,5
निवाला,106
चौकों,128
जानकारियों,63
गुणात्मक,107
इमारतें,128
प्रोफाइल,75
यहाँ,133
दुहाई,21
वेश,55
मछलियां,79
महाकुंभ,3
पीए,186
ईलाज,166
झाडू,45
हेपेटाइटिस,166
भुला,21
सोई,188
बहकावे,21
कारवां,156
डांडिया,65
लीन,130
लाभांवित,33
क्रोध,69
शर्बत,144
गठजोड़,29
जगमग,112
संभालेंगे,77
फिजीशियन,159
सहानुभूति,141
जांचोपरांत,76
नामकरण,57
पूर्ववर्ती,57
आशियाने,71
उर्वरा,60
उत्कर्ष,165
वातानुकूलित,7
मजे,23
जमीर,156
गैरकानूनी,0
गुजारिश,179
छेड़छाड़,59
पाइपों,109
हस्तांतरण,11
बकरा,79
पुरातन,165
महानगरों,73
दौड़कर,100
प्रदत्त,11
डूबकर,161
एनएचएआइ,175
बगावत,13
बनवाना,117
संज्ञा,137
बंधुओं,36
गड़बड़,21
बचाए,49
मजहब,52
नामचीन,85
बीता,163
रुद्र,55
गौरवान्वित,165
आमजनों,36
पूछते,198
संकलन,169
पतन,69
अनुभवों,120
पेयजलापूर्ति,109
चहेते,29
प्रार्थी,76
पसंदीदा,122
भाला,127
शिल्प,190
बिगड़ते,14
डिब्बा,155
सोची,126
कुलाधिपति,35
खाल,79
सीनेट,125
अनुशासनहीनता,59
शर्ते,0
घटों,148
बिठा,121
खोदकर,24
चुनौतियां,17
दूज,86
बाराहाट,145
क्रूरता,59
पुस्तिकाएं,17
सांठगांठ,54
राजदीप,12
चुनिंदा,36
जिज्ञासा,141
कहेंगे,198
निर्दल,62
संस्कारशाला,194
शैल,180
भ्रमित,189
हकों,162
कुओं,24
सौहार्दपूर्ण,25
बदहवास,154
वेशभूषा,146
बराती,181
प्रसूति,183
परिधान,146
आमादा,21
जांची,63
पृष्ठभूमि,57
पाठकों,113
सतह,180
गांववासी,103
पूर्वानुमान,107
कब्र,190
शिक्षाविद्,85
ड्राइंग,75
भुलाया,129
संभालते,53
तेजवीर,48
तोड़कर,46
खोलते,53
कारें,78
प्रवचनों,3
बिछाया,131
नशाखोरी,59
कलंक,69
मैगजीन,113
बाएं,56
अनुरुप,1
नीरा,99
यमुनोत्री,72
इसलिये,133
अपनाएं,89
हामी,179
बालिकाएं,102
स्तनपान,183
मसीहा,156
अजगर,79
चेयरमेन,35
राजनारायण,149
तुम्हारे,83
टकराया,196
रचनाएं,37
साइकिलों,78
पवित्रता,141
बास,171
बनाएगा,77
आउटसोर्सिग,9
इतिश्री,21
ठेंगा,21
समूचा,165
लिखना,90
प्रकरणों,76
उदयराज,149
प्रचलित,57
निहित,57
संवर्धन,107
बधिर,123
बोरियां,155
पांचवां,197
कंकाल,190
मलाल,27
पीडि़तों,123
गुजरता,4
खंगालने,63
जहरखुरानों,41
लालटेन,44
मिलजुल,1
गंदी,45
शादियों,181
बब्बन,149
बुध,96
बागडोर,6
मनाएंगे,151
कोसते,53
घटाकर,118
उड़ी,5
फूटी,193
तीरंदाजी,114
इन्हे,133
आकाशवाणी,113
बेदखल,71
चलाएगी,77
छपी,113
इकाईयों,107
कांच,155
खासियत,27
खोलना,117
सरहद,124
कनक,12
बर्खास्तगी,138
कोयल,171
बहुचर्चित,122
न्यौता,179
काबिल,27
कायस्थ,167
सांगठनिक,13
फार्मासिस्टों,159
अंगों,183
पांडव,55
बांधी,46
बालियां,105
स्टीकर,195
सलोनी,99
लाज,38
खुशनुमा,163
जगा,188
अफवाहों,185
वर्गों,167
कोसों,40
बिन्दु,180
सजगता,141
चकाचक,75
संचय,11
नतमस्तक,20
संवेदनशीलता,141
आगंतुकों,36
हिदायतों,0
मौतें,84
शिक्षाविद,85
नीलगाय,79
बंटा,40
कंठ,67
धंसने,196
सिंतबर,172
नशों,186
मनन,130
चहुंमुखी,1
दानी,93
जत्थों,92
उलझा,15
मोहसिन,42
बुझ,191
पर्याय,57
निकलवाया,81
आसरा,156
उधम,116
पूर्वांचल,72
लगाएगा,77
एहसान,156
पिहानी,72
देशवासियों,70
यूएस,75
मिश्रित,57
झाड़ी,168
पादरी,3
गहराया,40
वर्जित,0
दुआएं,156
मद्य,186
मचाई,116
लीजिए,89
परिकल्पना,57
कायदे,0
अटकी,61
तिजोरी,155
रक्षकों,124
सौंपेंगे,104
पकड़ने,126
जमाना,198
छूटा,40
संबधी,57
फफूंद,18
विद्युतापूर्ति,109
शतप्रतिशत,76
प्रवक्ताओं,36
शोहरतगढ़,145
आयीं,61
आवाम,13
संगतों,92
मातृत्व,98
बंधाया,46
शस्त्रों,177
बेखबर,20
प्रमाणिक,169
फॉगिंग,109
गुजारने,163
उंगली,56
रुककर,163
बीचों,128
दिलवाई,129
टहल,26
अफसरशाही,29
पहुंचाते,53
बुराईयों,120
वधू,181
सत्कार,98
मैत्री,1
हटाई,61
दीये,44
व्यापी,107
स्थितियों,120
डिब्बों,155
कैंपों,177
जलसा,30
हलफनामा,111
धमक,5
भूखंडों,143
अरबों,157
उपखंड,39
छर्रा,127
प्रतिभाएं,17
कंक्रीट,175
अंडा,79
उस्मानी,42
पेशाब,183
पौत्र,176
पोषित,11
इसमे,133
ठहर,163
उग्रवादियों,178
मरी,160
मध्यस्थता,11
गवां,142
बेअदबी,156
नाती,176
अध्याय,169
जमात,29
कुलवीर,48
नंगे,56
पहुंचाए,49
बवाना,184
साम्प्रदायिक,139
हार्डवेयर,75
घोंटकर,121
दुखों,69
नकारा,21
असमय,84
रैलियां,17
उग्रवादी,178
बाते,37
मुकामी,41
किन्हीं,57
अनदेखा,21
ब्लेड,127
पारितोषिक,98
गुज्जर,171
मौनी,171
डरे,49
जूही,99
साइकिलें,78
छिड़क,150
नसीर,42
उकलाना,48
रोजे,156
चलाएंगे,104
रंगेहाथ,41
बरसा,153
अक्षत,115
खेद,179
जन्मे,85
गिलास,155
भरसक,126
मणिपुर,72
अप्रत्याशित,189
खुदकशी,71
भांजी,176
जमादार,171
श्राद्ध,115
पढ़ाते,192
निरोधात्मक,18
तिरंगे,70
सुमंत,12
प्रतिबद्धता,141
छुपा,40
फेंकी,61
रवानगी,7
धोना,117
लीपापोती,21
हटेंगे,104
बाराती,181
सभ्याचारक,92
चित्रांकन,190
वचनबद्ध,1
आलाधिकारियों,39
बारीकियों,120
निष्पक्षता,141
बिखेर,164
जातिवाद,139
अनुयायी,52
कालोनियां,17
हरिनाम,34
चूड़ियां,105
बिलखते,154
परीक्षित,55
तबादलों,138
छक्के,114
नवी,171
ओले,153
कीर्तिमान,165
गोसाई,34
दुलारी,99
देररात,174
नवीनतम,75
देरशाम,174
दशम,197
ग्रामवासियों,103
बाबुओं,29
नियमितीकरण,138
नजाकत,27
नजरों,26
समयबद्ध,25
निकलवा,81
योजनाबद्ध,11
यादों,156
खाए,106
उपकार,130
भुवनेश,12
लाहौर,92
टला,84
बाध्यता,0
साली,176
अभिकर्ताओं,36
गाँव,152
चारधाम,7
नाप,180
साहसिक,25
मुनी,88
एलआईसी,58
संवाददाताओं,113
उद्घोष,70
करिश्मा,99
बकरियां,79
सीमांकन,137
ओढ़ाकर,105
मंगलसूत्र,105
अभियन्ता,85
बंदा,171
शुद्धि,115
दमा,166
निभाएं,1
कपड़े,146
खामोशी,156
भालू,79
डलवाने,81
उस्ताद,171
भोलू,136
चाभी,155
पकडे़,41
वादाखिलाफी,21
पंचायतीराज,103
अविवाहित,181
जलते,191
डेरापुर,145
खजूर,144
शिवनंदन,149
जनकल्याणकारी,1
रोको,83
कठिनाईयों,120
चादरपोशी,22
मेधावियों,147
भटकने,126
गुनाह,156
चौतरफा,124
फतह,6
देखो,83
परास्नातक,192
खोने,126
संदेहास्पद,189
कुर्ता,146
सांड,79
लोभ,69
बंध,46
श्रीमति,99
कसना,117
धागा,46
शातिरों,41
प्रबन्धक,35
व्यंग्य,23
लुप्त,165
बल्ला,127
दसवें,197
आर्शीवाद,98
समर्थ,25
रुपेश,12
चिड़ियाघर,79
फुर्सत,163
पूरक,57
लगाएगी,77
अछूता,40
भागीदार,107
जलपान,106
हुक्म,6
शंखनाद,70
कांप,154
रहन,137
रिझाने,65
कलशयात्रा,22
सार,169
निर्माणों,128
पदस्थापन,138
खोदने,24
कृत,34
शाप,55
संबद्धता,141
सिद्धि,130
रुकते,163
पथरी,183
मोल,95
थोड़ी,160
खोटी,136
कमोबेश,133
कुटी,55
सायरन,28
घटाने,119
पटक,121
दुधारू,79
आक्रामक,189
शोरगुल,116
तोता,79
उत्पादकता,107
छिप,26
प्रमाणपत्रों,195
वीरता,141
बोई,60
गिने,49
जायदाद,91
सितारा,112
हजम,106
अविरल,161
कुमुद,12
चर्म,166
झडी,5
सुधरी,14
अजायब,171
सामंत,6
सांसें,5
निरोग,96
पुत्रियों,176
जलाशयों,24
बिठाकर,121
ग्रामवासी,103
जेहन,27
आहुतियां,115
महकमों,29
प्रभावती,99
नौकरानी,171
ब्रजमोहन,187
तनिक,21
द्वेष,69
आज्ञा,179
होनेवाली,160
दूरदर्शन,122
सुहेल,42
तटवर्ती,73
दौड़ाया,100
किस्मों,18
मिठास,141
ससुरालीजन,181
बरतते,21
दूत,55
स्वदेश,70
जिलामंत्री,68
मुंडन,115
केले,144
ढील,0
अनूठी,165
गुरुजनों,3
तमाशा,122
तीरथ,34
शिक्षणेत्तर,138
शोधन,18
साग,144
बिका,95
चौका,171
प्रासंगिक,57
लड़ेगी,162
फैलाई,139
भंवर,161
सुपरवाइजरों,138
छिपाकर,121
पड़ताल,63
छत्रपति,6
रूझान,119
अध्यक्षीय,35
आतुर,20
गहनों,105
लोकनिर्माण,125
पुनरावृत्ति,11
अनपढ़,93
समावेश,57
अशिक्षा,123
सुभद्रा,99
सेव,75
जंगलराज,139
राष्ट्रीयकृत,58
लड़ना,162
संघर्षरत,165
रुकवाने,81
करवाचौथ,151
तरंग,180
ग्लास,155
गैलन,118
उर्वरकों,60
अनिमेष,12
अभिन्न,57
नवरात्रों,86
गण्यमान्य,30
महारैली,30
कनेक्टिविटी,75
शमशान,44
बिरजू,137
लावारिश,154
धीमा,189
भूसे,155
पुनर्विचार,179
शवगृह,155
धरनास्थल,41
आंनद,12
जांचा,63
पोलिथिन,155
संघों,36
ग्रह,96
वयोवृद्ध,85
चिकित्सालयों,159
पराग,18
कौड़ी,157
छलावा,54
झोपड़ियों,66
दूतावास,73
विशेश्वर,187
झुग्गियों,71
अधिग्रहित,11
निलेश,12
प्रतीक्षालय,7
नौंवी,197
पड़ना,90
रघु,12
भूतल,180
किसानो,91
फांक,155
सुहाना,153
प्राविधिक,192
असहायों,123
लोचन,34
प्रशंसनीय,25
बिगड़े,14
उत्पादित,11
खुलता,4
पहचानने,126
कसते,23
बगिया,158
अंडे,79
उद्यम,107
उलझी,15
बिचौलिए,95
विधा,169
मलय,140
खानापूरी,21
रोकते,53
निकालेंगे,104
चौपारण,194
उजाला,112
फिसड्डी,21
नीला,101
षडयंत्र,54
कांधला,72
प्रखर,85
हाजरी,22
भावनाएं,17
बिचौलिया,95
गायकी,67
दुनियां,156
पिया,186
गोलीकांड,170
जायरीन,22
स्ट्रोक,183
कुव्यवस्था,59
मंसूबे,124
फिजा,156
वारिसों,91
दवाईयां,159
लोकनृत्य,137
शतक,114
पछुआ,108
बिताने,163
इंस्पेक्टरों,39
फांस,46
मुजाहिद,42
नागवार,21
समीक्षात्मक,169
विचरण,180
सम्मुख,98
सालभर,163
सूने,128
मनवाया,129
पदार्थों,18
श्मशानघाट,184
मुर्दाबाद,70
बदलेगी,77
क्षत,183
इस्लामिक,52
शांतिभंग,170
बढ़ाएं,119
वायुसेना,177
भात,10
पढ़ाना,192
बीचोबीच,128
बिखरी,160
धरी,61
तरबूज,144
ढलाई,190
वगैरह,133
हारने,142
निपट,15
बाकि,133
भक्तजनों,22
कमाया,157
प्रतिभाशाली,93
उलझे,15
दुकाने,95
खंडित,189
वरन,133
जवाबदेह,125
फ्रेंचाइजी,36
पर्चियां,195
चौपहिया,78
ऑडिशन,122
बरतनी,2
बीन,171
घपले,54
गलतियों,120
नैनो,75
दलीय,13
राखियां,105
आयेंगे,104
पुरूषों,102
नम्रता,141
शिकारियों,79
खिड़कियों,128
सभ्य,93
अंपायर,114
पसार,50
पालतू,79
लकड़ी,190
बच्चियां,102
आयेगी,77
चीखने,154
नवगठित,11
अमानवीय,59
लहजे,23
खुलेगी,77
नमाजियों,66
सुलझ,15
बहुमूल्य,165
महामहिम,35
आवश्यकतानुसार,11
गिरती,196
अंतरराज्यीय,73
उपसचिव,35
टेबिल,155
खात्मे,124
दौराला,184
दर्जकर,170
अनसुना,179
भक्तजन,22
अधिकारिता,137
गौरवशाली,165
बहुओं,102
भरवाया,81
खेलकर,114
उड़ाते,53
कार्यमुक्त,138
ग्रीष्मकालीन,73
धन्य,98
चहुंओर,5
छतरी,128
पड़ने,2
तथाकथित,133
शास्त्रों,96
टुकड़ों,155
प्रियांशु,99
मुख्यअतिथि,30
मंत्रणा,125
भीग,150
पंचर,78
तेजस्वी,93
नौवें,197
परिदृश्य,107
कैंब्रिज,192
बताएगा,77
दाहिने,56
विक्रमादित्य,55
वस्तुस्थिति,63
दगा,156
देवगम,88
बंटे,49
काठगढ़,43
गिराकर,121
नगराधीश,48
व्यवस्थापकों,36
झुलसने,191
पुंज,180
संवेदकों,36
घटते,118
लेजर,180
नथुनी,105
किश्तों,58
खेमका,12
शिकारी,79
सरपरस्त,29
विक्षत,154
आसीन,35
हवस,156
भगाया,129
एप्लीकेशन,75
ताल्लुक,27
ट्रेक,175
दीपों,112
मालवाहक,7
शायरी,156
रसोईया,106
किसका,137
बारूद,44
म्यूजियम,190
उठायी,61
दंडाधिकारियों,39
परख,63
मनोहारी,31
सारिणी,76
खोदे,24
पहिये,78
पोती,176
अपशब्द,136
अंशिका,99
वनवासी,167
तरैया,145
रैबीज,166
माखन,171
सजने,65
प्रतियोगियों,36
प्रस्तावक,76
गुरुद्वारों,92
मुख,55
शिष्यों,3
दमदार,27
ढीले,49
डिफाल्टर,58
बोतलों,155
विपक्षियों,13
विश्लेषण,63
अनुशासनात्मक,0
हड्डियों,183
दशमी,86
मुखाग्नि,176
माँग,179
चित्रा,99
रेलमार्ग,175
निषेधाज्ञा,0
हंसते,23
दीनबंधु,12
एकलव्य,55
बचकर,124
खोजी,63
खीरा,144
बकरे,79
बहकर,161
श्वेत,101
मेहरबानी,156
गालीगलौज,136
गोले,180
धुलाई,150
अमानत,156
शराफत,156
ताड़ी,186
गंाव,174
अराजकतत्वों,41
वाद्य,28
मंदबुद्धि,171
हतप्रभ,20
वीरान,71
पड़ीं,61
थामा,56
बिछाकर,131
नमकीन,10
जाँच,63
सिंथेटिक,18
विज्ञानी,85
खजांची,171
लकड़ियों,66
बेपटरी,7
फटा,40
ईश्वरी,173
नवनिर्माण,11
तोला,105
विफलता,74
कूड़ादान,45
गिनाई,61
हिफाजत,124
अयोग्य,189
माध्यमों,36
छलक,193
ढहने,84
वितरक,95
वास्ता,156
कुनाल,12
समाजशास्त्र,107
छप्पन,64
अभिवादन,98
गरज,153
गुजराती,140
बोगियों,7
सबूतों,63
बजाते,28
नहाते,150
पिचकारी,127
लग्न,96
प्रकल्प,1
मांगलिक,96
भूदेव,12
रणजी,114
सिंधु,161
पाश्चात्य,52
छेड़ने,162
गर्मजोशी,98
मैदानों,31
फीका,101
मकबूल,42
प्राणों,70
विलीन,165
लगकर,131
कुर्क,58
गीतकार,85
थान,171
क्वार्सी,184
प्रतिलिपि,76
मटका,155
लाइनमैनों,110
अप्रशिक्षित,138
योजनाकार,85
दौड़ी,100
जुड़ाव,141
जहाँ,133
मुहाने,161
मल्लाह,171
सटाकर,131
मुमकिन,90
चिमनी,44
नहरें,24
नरक,69
गोलबंद,13
खड्डा,145
ताप,18
ढुलमुल,21
एकीकृत,107
मालाकार,187
कसे,131
पोस्टरों,122
अन्नदाता,123
पीटीआई,113
रेलपार,97
भागना,117
धकेल,121
अभिलाषा,98
खुशखबरी,75
बेकसूर,170
दीया,44
कोषाधिकारी,39
इच्छाशक्ति,141
छुड़ाया,121
अभूतपूर्व,165
मादा,79
टेप,75
असुरक्षा,74
बेशकीमती,190
सेनानायक,6
जलेबी,10
सेटेलाइट,75
सिवा,126
लहसुन,144
दर्रे,31
उपजे,74
दुकानदारी,95
सीना,180
मंदाकिनी,161
थिरके,65
इमामबाड़ा,42
खाबड़,168
शर्मिला,99
छीने,71
परास्त,142
तपा,191
चटकाए,114
जिलास्तर,103
रूकने,163
सत्यता,63
कूदने,126
बचेगा,77
शक्तिशाली,93
कोख,102
पटाक्षेप,185
सेनापति,6
जलता,191
वाहक,180
बीचोंबीच,128
सर्कस,122
लांग,75
झपटमार,41
अपहरणकर्ताओं,41
कशिश,156
सलामती,98
सातवां,197
खिलाई,106
अपहर्ताओं,170
पकाने,106
पस्त,142
कछुआ,79
आयशा,42
नियति,69
बैनीवाल,48
मरणासन्न,189
मुंहतोड़,21
तहस,71
खाती,135
युवजन,13
मनाही,0
चिल्ला,136
हुर्रियत,178
सारथी,55
इंद्रधनुष,101
बटेश्वर,72
बोलना,90
स्वप्न,188
जुए,157
ग्रंथों,169
मधुमक्खी,79
बोरों,155
पीतांबर,12
रुदौली,145
सट्टे,157
शहद,144
कथनी,21
जुबानी,37
झपटमारी,41
करनेवालों,21
अध्यात्मिक,130
थकान,74
मंगवाई,81
पक्षधर,13
शूट,122
सरंक्षण,107
छायादार,94
कालिका,173
सुलेख,190
वस्त्रों,146
लगेंगी,32
बाइस,64
लगान,91
जालसाज,54
रेस्तरां,106
संबंधियों,176
दलीलें,111
रहनेवाले,73
जोड़ते,53
खादों,60
मारना,117
अंकपत्र,147
हस्तियों,36
मुशायरे,30
सीवेज,45
मध्यान्ह,148
निकलें,89
कार्यस्थल,107
अनूठा,165
झकझोर,188
झड़ी,5
दिव्यांगों,123
न्यायधीश,111
मनवाने,179
किरकिरी,193
हिला,121
चुटकी,23
ओलंपियाड,114
यामीन,42
लहरी,12
ताश,171
उड़ती,5
सरस,98
छात्रनेता,147
मरम्मती,109
गेटमैन,41
तबला,28
संपादित,11
गड़गड़ाहट,5
चैनलों,113
उगी,94
पूछी,198
अप्रत्यक्ष,57
बक्शा,41
कुशलता,141
आयुवर्ग,102
अंत्यपरीक्षण,199
डब्ल्यू,137
कर्मो,130
बेपरवाह,189
कास्य,114
हसीन,156
चमकाने,82
उजड़,71
अत्याधिक,189
कर्मठ,93
झोपड़ियां,17
डाट,75
कटघरे,21
चलाएगा,77
प्रजनन,183
साठगांठ,54
लेखकों,36
आइना,27
निपटाया,15
दबने,196
धारणा,57
अस्वस्थ,189
चुनकर,121
मंगाकर,81
मारूति,78
परखने,126
सकरा,174
धरोहरों,165
सुखा,150
होम्योपैथी,159
नरम,101
लल्ला,171
रंगकर्मी,85
गृहणी,99
बदलती,135
रुकवाया,81
छोड़ते,53
कुचलने,126
अनबन,185
पुत्रियां,176
बंसीलाल,12
कोयलांचल,72
सोचते,53
जागे,188
हत्याओं,59
लेंटर,24
नन्हीं,102
अखाड़ों,3
रक्तदाताओं,159
उठाता,4
चेत,34
वाचन,169
वायदों,120
स्वास्थ्यकर्मी,159
निभानी,2
जननायक,70
जुबां,156
प्रतियां,195
परमार्थ,130
बारीकियां,37
माचिस,44
काजू,144
सर्वदलीय,13
भोली,160
शहनाई,28
पनकी,72
कांटी,182
अवसरों,120
सिक्कों,190
त्रुटियों,120
भूले,49
तम्बाकू,186
सम्बंधित,57
शासित,125
नायाब,27
वशिष्ट,187
ब्रह्मचारी,88
पड़ती,2
कामधेनु,55
फार्मेसिस्ट,159
कातिल,156
शीशी,155
गुब्बारे,155
छंटनी,138
टयूबवेल,109
नीर,161
नाचने,65
खाएं,89
सप्तमी,86
तारे,112
तीव्रता,118
गहराने,50
पोस्टमास्टर,138
निरक्षर,93
जिन्दगी,156
मच्छरदानी,105
लटकते,131
लौटाया,132
घपला,54
दालों,144
परिधानों,146
खरपतवार,60
मुनाफे,58
धोती,146
मुग्ध,20
मालामाल,157
बुलावा,179
जुटेंगे,104
पीक,75
अनौपचारिक,137
बदलता,4
अकादमिक,192
कतारबद्ध,26
कैंची,127
इंतकाल,42
नजरिया,27
मुख्तयार,48
कपडे़,146
चमेली,171
ठप्प,11
झपटी,127
दामिनी,99
नोंक,127
टोका,136
वन्यजीव,31
महती,1
छोड़ने,126
प्रागंण,43
मुकीम,42
छेद,155
सुंडी,144
गोरक्षा,139
शंख,28
राष्ट्रगान,70
कस्तूरी,171
बमबम,16
ढर्रे,21
औरत,102
झरना,31
रौब,136
कार्यक्षेत्र,107
वेल,75
जायेंगी,32
पुश्तैनी,91
अलगाववादी,178
अधीक्षकों,39
निर्णयों,120
फोटोग्राफर,85
कसम,171
फेहरिस्त,27
थिरकते,65
अधमरा,121
चेस,137
वली,42
अल्का,99
कम्यूनिकेशन,9
कछला,174
लगवाकर,81
कीजिए,89
पटवार,39
दरवाजों,128
संकोच,179
पैंतीस,64
जनेश्वर,149
मृदुला,99
फहराने,70
आइए,89
काश्तकार,91
चलंत,75
बजरिया,184
रुद्राभिषेक,115
वेदांत,88
खोदी,24
ऐतराज,179
रहूंगा,80
भावपूर्ण,98
शान्ति,130
स्टाम्प,195
निराशाजनक,189
स्मारिका,113
हिरन,79
रिफंड,58
प्राणियों,130
पत्थरबाजी,178
अधिकता,74
आटे,10
मंडलाध्यक्ष,68
चुराई,61
बाड़े,79
अनभिज्ञ,189
हजारा,137
मिश्री,144
सुनहरा,101
ब्रह्मदेव,187
बरकत,156
भड़की,139
अकीदतमंदों,22
मसाले,106
सोचकर,198
सत्यार्थी,12
तुम्हें,83
उत्सुक,20
उजाड़,71
दुश्मनों,124
सुबेदार,12
जनसमूह,22
दिलावर,42
सगाई,181
आरम्भ,19
ठूंस,121
गाजर,144
ताजपोशी,6
टिन,155
ढाल,180
गुलामी,70
उचक्के,41
हथकंडे,29
खोखले,180
जागा,188
फैलते,50
जिमखाना,184
तुलाराम,12
बनेंगी,32
प्रसंस्करण,107
क्रियाओं,120
हटाये,49
लालसा,69
पीढि़यों,165
टैबलेट,75
नेटवर्किंग,107
कसौटी,141
अधिसूचित,76
लकड़ा,149
अपहरणकर्ता,41
राजमिस्त्री,171
सुंदरकांड,115
बैलगाड़ी,78
आदिम,165
छूटी,61
अढ़ाई,64
सूजन,166
भांजा,176
चश्मे,101
सूनी,112
रसायनिक,18
करवाता,134
छपने,113
स्वर्णिम,165
दर्पण,180
बचाते,53
बर्ताव,59
ईसा,137
वर्धन,12
बल्लेबाजों,114
पेंशनधारियों,138
पिलाना,186
गरजे,153
देशद्रोह,139
बाजा,28
टकटकी,26
देवरानी,176
तलहटी,31
फरमाया,198
लड़ने,162
रूपों,120
चहलकदमी,26
अशोका,122
सीढि़यां,128
रिजेक्ट,179
खुलती,135
कातिलाना,41
काबीना,35
सर्वधर्म,1
जनसेवक,29
टेक्नोलाजी,9
विद्यापति,55
परिप्रेक्ष्य,57
यांत्रिक,107
चित्रण,57
कॉरपोरेट,9
वेदों,130
वाम,13
सर्वांगीण,1
टीजीटी,147
शुष्क,18
निर्यातकों,143
सेहरा,105
सैद्धांतिक,57
चिंहित,33
निर्यातक,95
देखती,135
चिता,44
कसाना,48
पंचमुखी,173
कारनामे,54
अपर्णा,99
गरुड़,55
ताकीद,21
पतली,160
मेहनताना,157
उम्मीदवारी,62
मंगाने,81
खात्मा,124
आलिया,99
परोपकार,1
टुकड़ा,155
सजाकर,121
लड़के,102
खड़िया,182
सोमेश्वर,72
मित्रता,141
बिल्ली,79
तीर्थनगरी,43
टोलों,66
मेघनाथ,12
सत्रों,36
भद्रकाली,173
व्यावहारिक,25
जनाब,198
बाशिंदे,71
मिहिर,12
किन्नरों,55
ज्वार,161
बिखेरा,164
नागा,3
छज्जा,128
टिका,40
ठोक,127
भांप,20
निपटाए,15
सलाहकारों,36
निष्कासन,11
टुकड़ी,177
पत्तों,94
वाणिज्यिक,107
आवश्यकताओं,120
कैंथ,48
लक्खा,48
फूंककर,121
संचिका,180
होर्डिंग,75
इनलोगों,133
जर्सी,137
अपहर्ता,170
दोहराई,37
भावविभोर,20
संवत,194
विश्वासघात,69
यूनानी,140
सकल,118
फिरनी,10
भैंसा,79
संपादन,113
साये,156
निर्जला,115
बशर्ते,133
दौड़ती,100
फूलचंद्र,149
विधाओं,169
डराने,82
फैन,75
लाएंगे,104
दिवसों,148
पापों,69
रवी,12
पथरा,193
अपूर्व,141
ब्रजपाल,149
अध्यापिकाओं,87
मेघ,153
अनुकरणीय,1
कलई,155
सलिल,12
काठगोदाम,7
सिखलाई,37
प्रपत्रों,76
झंझट,15
संजीदगी,27
बादाम,144
ब्याह,181
जुदा,156
क्रियाकलापों,120
बचता,4
कूट,180
सत्तापक्ष,13
चौथाई,118
हरिश्चन्द्र,12
बचाएं,89
प्रसाधन,18
टीला,171
रोजेदार,156
ताजमहल,190
जख्मों,156
केश,101
लुढ़क,196
ठिठुरते,108
छड़ी,127
योगासन,96
बननी,2
गूंजे,67
शक्त,130
निवेशक,58
दर्शाने,57
गृहिणी,93
हारी,142
बीहड़,71
डाकबंगला,184
पितृ,115
घूमता,4
पेशेवर,85
महापुरुष,130
गंगे,161
पीटते,136
पॉजिटिव,75
उखाड़ने,82
सुपुर्दगी,11
उगल,121
जानेवाली,160
जोगिया,171
झांकने,126
बख्श,42
ठोकरें,106
छोड़ा,129
तलाशा,129
बच्चें,102
करायेंगे,134
डरने,126
मिटा,49
देवभूमि,72
नगराध्यक्ष,35
रफीगंज,145
नगाड़ों,28
मृदुल,12
करियाना,182
चिड़िया,79
छिनैती,41
शोषित,167
कथक,122
ग्वार,144
खेलें,114
मोहंती,12
भिक्षु,3
धोखाधड़ी,54
कार्यकताओं,13
काटनी,2
नाकों,124
अग्निपीड़ितों,8
बिछी,131
अवधारणा,57
सुधारा,129
अंतरिक्ष,73
हड़कम्प,116
निदेशिका,87
फसली,60
राजाजी,171
हलक,150
हरण,69
मेजबानी,114
बहुतकनीकी,192
तोड़ने,46
पूर्वाभ्यास,11
मतपेटी,62
अस्थि,183
नगण्य,189
चलाती,135
फंसाकर,121
दरी,131
प्रतिरोधक,18
बदनामी,69
दंडात्मक,0
दुर्ग,72
वृन्दावन,55
दलाली,54
इंगलिश,140
दस्यु,55
जमाबंदी,91
अतिपिछड़ा,167
तिमाही,197
किस्तों,58
कपिला,99
मंगाए,81
अधिष्ठाता,130
खिलाफी,179
प्रवर,88
चंबल,72
पीपा,171
पंसद,27
गड़बड़ियों,143
रेहड़ियों,66
सुजान,171
बुर्ज,128
यादगारी,92
स्वामित्व,57
अतिक्रमणकारी,124
उच्चीकरण,33
नारियों,102
स्त्रोतों,18
स्तरों,120
खजूरी,184
परिभाषा,57
जाले,131
खैहरा,48
दागकर,127
पाहन,34
अन्तिम,197
इस्टीमेट,33
जोड़ा,129
कठपुतली,122
लोकनायक,70
डिमरी,12
नारायणी,173
बिकी,95
पोस्त,144
शिकायतकर्ताओं,110
हसरत,156
जुड़ा,57
परस्पर,57
रासुका,170
निष्काम,130
गोरखधंधे,54
मुशायरा,30
गहलौत,149
लकीरें,193
तुर्की,140
कलाओं,190
चाहरदीवारी,128
वैष्णव,88
प्रगणक,138
मुठभेड़,178
वनवास,55
नासूर,166
उड़ाकर,168
कार्यवाह,35
तहसीलदारों,39
छूटकर,121
टोरंट,9
जगाई,188
बायोमीट्रिक,75
खेमा,13
रितू,16
असाध्य,166
जनसम्पर्क,33
चूर,196
कलियुग,55
सोय,34
निपुण,25
रहो,83
सार्थकता,141
सगी,176
डटकर,124
तांगा,78
हत्याएं,59
मापदंडों,120
कोचों,7
भुगतनी,2
मनोयोग,141
संतरा,144
तूफानी,153
नशामुक्ति,1
गिरना,117
कन्यादान,181
उछल,196
अस्त्र,55
क्षोभ,74
गूंजता,67
पसरी,5
सोये,188
पकड़ता,100
गोमांस,106
चचेरा,176
बंधुआ,91
टैंकों,177
मालाएं,105
उच्चीकृत,33
परिपूर्ण,25
मंगवा,81
निर्भीक,93
तरल,18
लिखते,53
भरेंगे,104
गोरखधंधा,54
दाव,142
तीखा,23
भली,160
मुट्ठी,155
चम्मच,144
जोड़ी,180
करौं,34
हजूरी,92
थानेसर,72
नशेड़ियों,66
फटे,146
शायरों,36
गड़बड़ी,74
परिचितों,36
नाश्ते,106
करेगें,104
वसूलते,132
टोकरी,155
कीटों,18
सम्बद्ध,57
बालों,101
नगरवासी,22
ट्रांसफॉर्मर,109
भुलाकर,1
लार्वा,18
अच्छाई,141
बढ़चढ़कर,30
प्रधानपति,149
कुर्सियों,128
चाहर,149
सिंदूर,105
अवाक,20
इस्लामी,52
बसने,71
निशंक,12
गुलदस्ता,158
तिथियां,76
आढ़त,143
थपेड़ों,5
घुसते,26
राशी,58
घिरी,135
लौकी,144
कारनामा,114
धंधेबाज,29
ट्यूबवेलों,109
आदित्यनाथ,35
कठघरे,21
मिश्रण,18
ढोरी,16
अनुवाद,169
अलकनंदा,161
कीपर,171
दुस्साहस,59
रंगीला,171
सुनना,90
प्यारों,92
समानांतर,180
नगरपाल,35
डूबते,161
खाय,38
महिलायें,102
तृप्ति,130
आरोग्य,96
जन्नत,156
उकसाने,139
सूना,40
कद्र,27
तकनीशियन,138
टापू,31
आराध्य,130
टायरों,78
वादक,28
बौखला,136
शिक्षाधिकारियों,39
चोटों,84
पिछड़ा,167
आडिटोरियम,30
जीआर,12
स्वास्थ्यकर्मियों,159
परिस्थितियां,17
अलौकिक,130
हीरे,190
अज्ञानता,69
इश्क,156
सूखाग्रस्त,72
मनमुटाव,185
श्रीमद,88
खरीदनी,2
मांगता,4
जलन,166
खतरों,120
कॉपियों,195
रक्षपाल,149
सजीव,165
गुरुचरण,48
रखवाया,81
परोसा,106
प्रतिज्ञा,179
मैंथा,174
दफना,121
रुस्तम,171
सुपरिटेंडेंट,39
पन्नों,169
स्याही,101
धातु,18
नशामुक्त,1
नवीकरण,11
काश,133
मोटापा,166
असंवैधानिक,0
विशिष्ठ,57
दिगम्बर,88
सहेजने,126
मगरमच्छ,79
मीनार,128
अगरबत्ती,44
लुभाया,65
रोमांच,122
गाढ़ी,160
यार,198
समकालीन,85
जयकार,70
न्यायपालिका,125
पृथक,11
कट्ठा,91
एक्सिस,75
पहुंचाकर,121
करूंगी,80
भूपाल,12
शबाब,156
बांसुरी,28
कर्कट,166
दूधिया,101
निहार,26
चुकता,132
नगमा,99
रुमाल,146
चाकुओं,127
एकाध,133
भव्यता,141
बागड़ी,16
समतलीकरण,24
दुघर्टना,84
पुरोहितों,3
प्रीतपाल,48
सुधरेगी,14
टालने,126
आसरे,13
अड़ंगा,168
चौड़े,168
वनकर्मियों,110
खलीफा,6
रूमाल,146
भावनात्मक,141
बहुमंजिला,128
जागी,188
अंगूठा,56
इंडिगो,7
योद्धा,93
अश्लीलता,59
कंगन,105
दीवाना,156
अनिकेत,12
बढ़ेंगे,104
महाराजपुर,145
मंसूबों,124
जगाया,188
भरवाए,81
होगे,49
तुम्हारी,83
छुपी,160
पड़ोस,73
उपक्रम,107
पनाह,156
उखाड़कर,168
हत्यारा,178
ट्रालियां,78
नपेंगे,104
कलसी,48
चीता,79
स्थगन,11
बिफर,136
समारोहों,30
जसमेर,48
साक्षात,130
नब्ज,56
तबका,167
आयेगा,77
बोने,60
नाटकीय,189
निदेशकों,36
हथियाने,82
बाजरे,60
समझता,4
ओला,171
हौंसले,27
अहसान,42
मुंसिफ,111
पहनी,146
ऊनी,146
रिव्यू,75
ताना,23
दाउदपुर,145
सदभावना,1
व्यस्ततम,73
ठीकठाक,75
जलाते,191
मछुआरों,161
मेड़,168
भीमताल,31
ग्राट,9
बर्फीली,31
हर्जाना,132
परखा,129
फिरने,126
महाधिवक्ता,111
मोटरसाइकिलें,78
दुविधा,74
चन्दन,171
उपतहसील,103
टोक,179
रफूचक्कर,41
पहुंचाएंगे,104
दबाया,129
अंतराष्ट्रीय,73
फफक,154
सूर्योदय,148
साइट्स,75
भ्रष्टाचारियों,29
नित,34
शिवभक्त,22
उपद्रवी,189
फरक्का,72
उठना,117
लकड़ियां,17
विचारण,111
अरमानों,156
मदिरा,186
मंगवाया,81
विद्यमान,57
सखी,171
भरता,40
सांसे,5
विद्रोही,93
काई,180
जलाल,42
बरगद,94
चूरा,10
वैधता,0
ढलने,148
केंद्राधीक्षक,68
सैकड़ो,64
भेल,137
गूंजते,67
मेमो,195
चुकाना,132
हैरतअंगेज,27
बूझकर,121
करों,58
हथेली,56
सिखाई,37
भड़का,139
बगान,72
बेर,144
सीमाएं,17
रेखांकित,57
जंजाल,15
पकड़ना,117
टाई,146
शक्तियां,17
सम्मानजनक,25
ढिबरी,44
घोड़ों,79
पहुचाने,126
कीड़ा,168
जनसभाओं,62
नाइंसाफी,59
शिद्दत,27
भिजवाने,81
बछड़े,79
दशहरे,86
पोता,176
चढ़ाए,49
उतरवा,146
नहाय,38
तोड़ना,117
झूलते,131
कंपोस्ट,60
ईपीएफ,58
चॉकलेट,106
सादी,160
शातिपूर्ण,199
खाद्यान,60
ठोंक,127
नशाखुरानी,97
छायाप्रति,195
ब्राह्मणों,3
चाहकर,133
अनशनकारी,13
घबराए,20
परिसरों,36
चाहने,126
कसूर,156
दीमक,50
कीटनाशकों,18
अनैतिक,59
गुरबाणी,92
सूबा,6
पहेली,169
ब्रजभूषण,149
जगन,12
संजोए,165
वर्णित,57
जातिसूचक,140
तालिका,76
हुजूर,198
बंपर,75
वैधानिक,0
गहराता,40
मेहनती,93
लोकमान्य,137
बिट्टा,48
बदलेगा,77
सांप्रदायिकता,139
इण्डिया,137
सड़कें,175
बूट,75
सेवाकाल,138
दोहरीकरण,175
चुराया,129
तुम्हारा,83
सेवारत,138
मुसाफिरखाना,72
सरीखे,49
पुरस्कारों,36
दिखावे,69
दिखीं,61
महापुराण,88
सत्तासीन,13
आपाधापी,163
सहेलियों,102
इकरार,156
रक्षित,11
जनशक्ति,107
कद्दू,144
रवैए,21
पेड़ों,94
बाधाओं,120
चन्द्रा,12
बारदाना,143
दिलाएंगे,104
बंदकर,121
सदनों,125
निकलेंगे,104
बाघिन,79
लक्षणों,120
सहभागी,1
टोलियां,17
चकनाचूर,196
खंगाले,63
जीर्ण,189
स्वीकारी,179
चिपका,131
महाप्रभु,88
बांटते,53
जमींदार,91
ओतप्रोत,165
ढका,40
नामावली,76
संचित,11
मिसाइल,177
पत्रावलियों,195
बैंककर्मी,41
केन्द्राधीक्षक,68
नृशंस,59
सुदृढ़ीकरण,107
लीलाधर,12
पायेगा,77
केवटी,145
उगाने,60
जयकारा,22
बिछ,131
इमली,144
कोना,40
कन्नी,21
सुचना,76
फब्तियां,23
हाता,171
बतातें,53
नरमी,21
पाठयक्रम,192
डालर,157
जवानी,102
मुख्यमार्ग,175
झालरों,66
जनसंघ,13
पाइपें,109
कुठाराघात,21
भटके,49
चाहेंगे,90
रेंगते,196
मोची,171
वर्गमीटर,118
उपस्वास्थ्य,33
चेचक,166
तस्वीरों,63
उद्यमिता,107
स्तब्ध,20
पन्ने,113
ग्रामीणो,103
आसमानी,101
अपहृता,170
पतंगबाजी,114
क्षितिज,112
घराने,6
विवशता,74
बुढ़ापे,102
अर्ध,180
बुलायी,61
जीविकोपार्जन,1
संकलित,169
गमछा,146
दास्तां,37
डंपरों,78
फरारी,170
मांगो,179
गोलचक्कर,184
नगरनिगम,125
सुनहरे,101
स्वरूपों,120
चित्रकार,85
फेंकना,117
ज्ञानेश्वर,88
सांझी,165
जनसूचना,76
इनायत,156
अनोखी,160
अनाजमंडी,152
स्थायीकरण,11
झटकों,84
पोलो,137
सुगंध,158
सुअरों,79
चकाचौंध,112
टॉयलेट,45
गेंदा,158
असहज,20
भिंडी,144
उत्तराधिकारी,6
वाट,118
इंतजामों,143
सेवादारों,110
दुखड़ा,154
विद्यालयी,192
परखच्चे,196
क्रांतिकारियों,70
गड़बड़ा,14
दुलार,98
नाल,180
मोरी,171
पलटवार,136
अंशदान,58
नगरों,73
नावों,161
शुक्रिया,27
सुनार,171
फावड़ा,168
भिड़ंत,185
मनपसंद,106
अभियांत्रिकी,107
तोड़ा,46
खुलवाकर,81
स्वाधीनता,70
बहते,161
कजरा,38
हटाते,53
खाताधारक,58
बकायेदार,143
प्रतिकर,58
धर्मपत्नी,99
कोठरी,128
गूंजने,67
दागे,49
वेंटीलेटर,159
जुआरी,171
भूमिहीनों,91
वॉलीबॉल,114
धुना,41
फीकी,160
पंजा,56
कबूतर,79
चमत्कार,96
उतरेगी,77
किसको,198
चोरियां,17
मलकीयत,48
बरपाया,129
निवृत्त,11
रोमांचित,20
दहलीज,26
अनजाने,133
जुगनू,112
धक्कामुक्की,41
कारनामों,54
प्रतिपदा,86
थैली,155
कदाचारमुक्त,33
इत्र,171
दुर्गंध,45
प्रांजल,12
मातहत,6
थमी,5
बजाया,28
ग्रामप्रधान,103
आदतों,120
सभ्याचार,92
कैंसिल,75
डरते,53
शिला,190
चूके,21
दर्शाते,57
फोड़ा,168
मिनिस्ट्रीयल,9
बुलवाया,81
सूअर,79
विकार,166
खंगाली,63
चकित,20
फांद,100
डगर,156
मुसीबतों,74
बलबूते,27
बिगड़ता,14
मायनों,165
नवरात्रि,86
बसाया,129
सुनंदा,99
पाटने,126
असफलता,74
अचार,144
लाइलाज,166
त्रुटियां,17
तेनुघाट,174
आहरण,58
ठनका,196
पहुंचें,89
छोड़ो,83
पुर्नवास,33
लौटेंगे,104
उड़नदस्ता,33
औरतों,102
विलंबित,189
परिचायक,141
कर्मचंद,48
मैला,45
निकलीं,61
दिलाएं,89
धाराएं,17
माकूल,21
उजाले,112
पनवाड़ी,182
व्याकुल,20
असरदार,25
सुनहरी,101
जाइए,89
मांगकर,81
अनोखा,165
सम्मन,111
कुंअर,38
जबसे,133
आंचलिक,140
बिछाए,131
किससे,137
हठधर्मिता,69
मूंदे,193
विस्तारक,11
लील,71
साझेदारी,107
चश्मदीद,63
चुपके,121
ध्येय,1
पूर्ववत,11
मार्फत,75
बुलंदियों,27
खपरैल,128
उखड़ा,168
वृद्धाश्रम,123
चिढ़ा,136
विचित्र,189
शरबत,186
बाले,49
निश्शक्तों,8
गायें,79
बिंदा,149
निर्वाण,130
प्रोटीन,18
जानेवाले,49
टाऊन,184
पुलकित,20
फटी,160
शाला,192
राजपत्रित,138
सूटकेस,155
भोगी,69
सुलझाया,15
अतिवृष्टि,153
हिन्द,70
अवरूद्ध,11
नामोनिशान,40
चित्तरंजन,12
गिराए,49
वर्दियां,17
नफे,21
चुकानी,2
उखड़ने,168
घुटनों,56
लौटाए,132
शादियां,181
तरसना,117
हलवा,10
फैलाकर,121
हेक्टेअर,60
तंज,23
अफसाना,156
रेलगाड़ियों,7
पेटियां,17
चढ़ता,40
नागरिकता,0
सहजता,141
पुनर्जीवित,11
जमीनें,91
दिखाता,4
सर्जिकल,159
सीएनटी,13
हिन्दुओं,52
बरबाद,71
उतारना,117
जोड़ता,4
मालबाजार,145
गैराज,78
जन्मतिथि,195
भागेदारी,13
चूड़ा,10
तहजीब,27
लिखाने,126
व्याख्याता,85
बनबसा,174
आवाजें,67
गांवो,103
असामयिक,84
मार्गदर्शक,85
सिगनल,75
बूंदें,150
सुप्रसिद्ध,85
पुष्पवर्षा,22
मांगना,117
मनाकर,151
बाण,55
कुचले,49
फैक्टर,75
सेवानिवृति,137
फिसलन,196
आजमाइश,142
शवदाह,44
अनाथालय,123
कानूनन,0
मीडियाकर्मियों,36
चतुर्थी,86
कारक,57
सजायाफ्ता,170
बिगड़ा,14
दलहनी,60
लजीज,106
भ्रामक,189
जन्मभूमि,165
डंका,28
छठवें,197
मुखियों,103
शिकंजे,46
लगाओ,83
झूलों,65
ब्राडबैंड,75
रहनी,2
हटवाकर,81
प्रत्यावेदन,147
सुशोभित,98
किराने,95
वादियों,31
व्यथित,20
तपोवन,43
बैठता,4
दलीलों,111
उमड़ी,22
भट्ठियों,44
सुनता,4
महादान,115
धड़कन,5
कथन,57
इशारों,23
समकक्ष,57
घुमाने,82
अभिभूत,20
नौटंकी,122
पटी,5
देशभक्त,70
तबस्सुम,42
कुदरती,18
खोजा,129
करवाएगा,134
चिश्ती,42
चाकलेट,155
कुंवारी,102
दौड़ाने,100
वार्डबंदी,62
उड़ा,121
झुक,56
पंचवटी,43
अनुसंधानकर्ता,85
अनसुनी,37
बंशी,28
फूंके,191
पंचवर्षीय,137
छिड़ककर,150
पहचाना,129
इद्रजीत,48
गहना,105
मुस्करा,20
झोले,155
गोलिया,127
एहतियातन,41
धर्मातरण,139
अंधकारमय,112
बिखेरी,164
आठवां,197
बैठती,135
मागें,179
तंबू,131
छात्रावासों,192
सड़ने,168
थाईलैंड,73
बरसाने,82
प्रचारित,57
दहला,84
पलों,163
मालकिन,171
हिम,31
अवरोधक,137
सोंधी,5
मुझ,198
योगाचार्य,88
ईटें,155
उठाती,135
अकारण,189
कायल,27
भगाकर,121
छेड़खानी,59
बावन,64
उत्तरदायित्व,1
जीतना,142
चिरैया,38
घण्टे,148
गौड,12
चित,34
राष्ट्रहित,1
घबराने,126
पूरामुफ्ती,152
बाजों,28
एकबार,133
भावों,120
स्टैंडर्ड,75
सौंपेगी,125
जंतुओं,18
क्रियाशील,25
शल्य,183
नौकरियां,17
गोविंदपुरी,184
धमाकों,178
लम्बित,76
पूजनोत्सव,86
तरफा,180
खदेड़ने,71
चालित,180
उपन्यास,169
घरवाले,181
घूमती,135
गरमी,108
खटारा,78
उठेगा,77
बाधाएं,17
कड़ा,0
किताबी,192
एक्टिंग,122
सूत्रधार,85
पिताजी,176
सिंहासन,6
फौजदार,6
लिखेंगे,104
दोगुने,118
ऊंज,174
बाल्मिकी,187
समाजवाद,13
शिथिल,189
अशिक्षित,93
मानहानि,111
दूरगामी,107
प्रयत्न,126
क्लीनिकों,159
रजामंदी,179
राष्ट्रमंडल,73
तिलहन,60
व्यवसाइयों,143
दिखानी,2
सूचि,76
सदमा,84
छोड़ेंगे,104
राखियों,105
तमंचों,41
रुकना,90
सुकन्या,99
ढांचागत,107
महापरीक्षा,147
धुपगुड़ी,72
करीना,99
कर्जदार,91
हेतू,76
तोहफे,151
सिंचित,60
चट्टान,31
कुशासन,13
गड़बड़ियां,17
रेती,161
निबटारा,15
विचलित,20
हटवाए,81
ठहराने,126
मंडावली,145
कम्बल,146
बर्बरता,59
दस्तखत,195
हत्याकाड,54
अन्यों,36
सर्तकता,124
सुखमय,96
मनोरंजक,25
बुलाना,117
प्रजापत,149
बुखारी,42
कार्डधारी,58
अंगरक्षक,177
हश्र,21
पलीता,21
चचेरी,176
प्रदर्शनों,36
झेलते,53
परनीत,48
ताने,23
नाखुश,20
प्रसून,12
वंदे,70
शिक्षाओं,52
कदापि,69
घाटो,38
हरिश,149
मर्माहत,20
मैना,79
हसीना,171
स्थानान्तरित,11
दुश्वारियां,17
भड़काने,139
इन्वर्टर,109
विशालकाय,180
प्रजेंटेशन,9
अवशेषों,190
जनधन,58
उपसरपंच,103
भूखा,106
सवर्ण,167
बेलसंड,174
पंजाबियों,92
लपेट,131
जुड़ना,90
गोलक,180
कुरूक्षेत्र,72
इकलौती,160
लड़कों,102
बेनतीजा,185
मीठी,160
दुष्परिणाम,189
लानी,2
सितम,156
खिलने,158
हारकर,142
पंचशील,180
जागता,188
प्रत्यक्षदर्शी,84
सोचे,49
बरकट्ठा,199
मातृभाषा,140
स्पर्धाओं,114
कंडा,174
झगड़ों,185
पहचानपत्र,195
गुस्साई,41
एलर्ट,75
खाताधारकों,58
शरत,12
मार्मिक,169
लघुशंका,26
उन्नीस,64
बचती,135
पका,10
लाखो,157
मोदक,10
हालिया,63
बैंडबाजों,22
बेड़ा,161
झाड़ियां,17
बरसों,64
दीघा,175
बहेड़ा,174
कोठे,38
चढ़ावा,22
रूका,163
इबारत,37
आक्रमण,124
लक्कड़,182
सुनें,89
फूला,40
संदेशों,120
छान,150
प्राध्यापिका,87
बोलती,135
गुमशुदा,156
शिष्टाचार,141
छपाई,195
धड़कनें,5
ढोलक,28
असंतुलन,74
क्लासेज,192
वेल्डिंग,109
नसरीन,42
बाबुल,171
कुदाल,127
दुरूपयोग,69
पेंसिल,155
भूलते,90
विषपान,55
कोढ़,166
किरणों,112
गलतियां,17
जिलापूर्ति,39
टंकियां,109
नगाड़े,28
कतारों,66
पगडंडी,175
लाईसेंस,0
प्रसूताओं,159
डकार,157
मुक्केबाजी,114
असुविधाओं,74
चौकियां,177
खटाई,10
दुष्प्रचार,139
क्षणों,163
घोषणापत्र,57
बिठाया,129
छाये,153
नरसंहार,139
स्वचालित,11
तीर्थयात्रियों,22
भरती,138
कोऑर्डिनेटर,9
पंखों,79
संवारा,164
खोदा,24
अखाड़ा,3
नीचा,180
रूपाली,99
दर्शनार्थियों,22
लोकमंच,13
उड़नदस्ते,39
लहराने,82
पपीता,144
हस्त,190
राज्यभर,143
ढ़ेर,45
जीवनशैली,189
वर्मन,12
कपड़ा,146
इसबार,133
धारियों,180
शीर्ण,50
भूलकर,89
सपूत,70
गलियारों,128
अशासकीय,192
इलाही,42
गूंजी,67
रुकती,135
महांती,34
बिचौलिये,95
गौरीकुंड,43
मिठाईयां,10
पंडौल,72
पत्तियों,94
आईना,27
मंगवाकर,81
खींची,61
बैरागी,12
गड्डी,155
मियाद,58
शत्रु,124
समेटे,165
एकांकी,169
असैनिक,177
मनोवैज्ञानिक,57
झपट्टा,127
गुरूद्वारा,92
दोराहा,184
उंची,160
अपंग,123
बदतमीजी,136
विलाप,154
आतंकित,20
ऐच्छिक,11
संकेतक,180
परमेश्वरी,173
झुलसकर,191
कोरे,155
निगलने,183
सम्बंध,57
रवींद्रनाथ,12
मेहताब,42
लगवाना,117
प्रबोध,137
नगेंद्र,149
मुड़,100
निभाना,90
उजाड़ने,71
दुलारे,12
उल्लघंन,0
क्षेत्री,12
खिड़कियां,128
लटकाया,129
कातिलों,178
घुमाया,129
पकने,144
नाड़,168
थ्रेसर,78
कष्टों,120
कड़े,0
पताका,70
संस्करण,169
बदबूदार,45
कुंए,24
गेंदबाजों,114
आंदोलनों,13
बहुउद्देशीय,137
धर्मावलंबियों,52
सब्जबाग,21
बेचू,149
लटकती,131
हैंडबॉल,114
झगड़ा,185
मेहरमा,174
बागानों,31
करवाएगी,134
फाड़ी,168
स्वीकारा,179
केलिए,126
प्रद्युम्न,12
रनियां,182
कुली,171
परोसने,106
भाले,127
विधियों,120
पहचाने,49
गारमेंट,9
हथकड़ी,168
जूझने,126
अनगिनत,165
पूर्वान्ह,148
नवीं,197
बढ़ाये,119
गुणवता,25
गंभीरावस्था,159
अपरिहार्य,189
बाटी,10
दिखेगी,77
आघात,84
बहुतायत,133
कलक्टर,39
सचेतक,35
लिफाफा,195
जोड़ती,46
ध्वजा,70
रसिया,171
सिने,122
लक्ष्यों,120
निभायी,57
तनुज,99
जुटाकर,121
चिकित्साधीक्षक,39
खाड़ी,73
बाजीगर,171
मूत्र,183
विधानमंडल,125
एनीमिया,166
बरसने,153
आत्मघाती,178
जनादेश,13
प्रौढ़,189
वैशाखी,86
स्मारकों,190
घोड़ी,38
चड़वाल,72
हमलाकर,41
मूली,144
अर्हता,76
शिष्या,88
अविलम्ब,11
नाइट्रोजन,18
रस्साकशी,185
मधुमक्खियों,79
उमड़ती,5
हटेगा,77
मुसीबतें,17
शाश्वत,130
करवाये,134
सड़े,168
एकाग्रता,141
कॉलम,113
झपकते,193
आनंदित,20
सुविधाजनक,25
तैर,161
लकीर,180
चारागाह,91
जानिए,96
कॉपियां,195
येलो,75
एकदिवसीय,114
सबल,1
रोती,154
कहानियों,169
पुनरीक्षित,76
समूची,160
बदलनी,2
रसूख,29
बुलावे,179
गर्भावस्था,183
सिफारिशें,0
पापड़,10
गुरुग्रंथ,92
हितकारी,25
नकारते,53
लाती,135
दर्शाए,49
दुबक,26
खरीददार,95
निरक्षरों,123
पहाड़,31
क्रियाएं,17
छर्रे,127
धमकाकर,121
संकीर्ण,189
सारणी,76
बेमौसमी,153
हिलाकर,121
आपसे,198
बिठाने,126
उड़द,144
रामरूप,149
टोलियों,66
प्रसंगों,169
दिलदार,171
प्राथमिकताओं,120
कलाकृतियों,190
उड़ान,7
बैकुंठ,43
नामुमकिन,90
सूझ,198
कहानियां,37
स्वादिष्ट,106
खिन्न,20
दफनाने,126
अड़ियल,21
जड़ों,94
फाड़ने,82
भंडारों,143
हटते,49
आहूति,115
कब्जाने,91
पंक्तियां,37
डायलिसिस,183
बेड़े,7
वरण,130
संवेदनहीनता,59
सेविकाएं,17
टूटते,46
झासा,38
रहनेवाला,4
ऐश्वर्या,99
हुलिया,63
तरसते,49
लगवाएं,81
वृद्धापेंशन,123
सुरों,67
पायेंगे,104
रिपोर्टिग,113
नजराना,156
रिश्वतखोरी,54
बिता,163
मोहक,65
रोया,154
रियायती,58
नापाक,178
लस्सी,10
मंहगा,95
कमीज,146
प्रजातियां,17
अष्टम,197
चढ़ाते,53
आजमाने,126
भड़के,136
सितारे,112
ध्वस्तीकरण,33
मक्के,60
पिछड़ेपन,167
लाएगी,77
डॉक्टरी,159
आइपी,75
सर्वजन,1
जनसैलाब,22
मालिनी,99
सलाद,144
गिनाते,53
वनकर्मी,41
मध्यरात्रि,148
किरणें,112
समझदारी,141
छायी,5
बिताए,163
नुकसानदायक,189
अस्वाभाविक,189
स्वर्णरेखा,161
प्रासंगिकता,141
घोंट,121
प्रणय,98
मटकी,38
बढ़ें,89
हथौड़ा,127
धागे,46
नापी,118
आलाधिकारी,39
निमित्त,130
अन्त,11
घनौली,145
नोंकझोंक,185
मंदार,55
निर्वतमान,35
मनवा,38
जागने,188
महुआडांड़,145
पूड़ी,10
लहरों,161
उपायुक्तों,39
कवच,180
नन्ही,102
वीरों,70
चिंतक,85
दहल,20
उलझन,74
अग्रसारित,76
गार्डर,175
खुशगवार,163
प्रशंसकों,36
बंटने,82
जुटाया,129
थिरकने,65
दाएं,56
स्वंय,133
उपमहाप्रबंधक,39
क्षेत्रिय,73
रामावतार,12
नुमाइंदों,29
दर्जी,171
आरोही,137
जलसंकट,84
ढूंढते,53
सरोकारों,120
बुनाई,190
छुपे,49
लोकवाणी,33
क्षम्य,69
नाबालिगों,102
विलम्ब,11
महोदय,35
तटीय,73
बटोर,121
टीले,31
गंवानी,2
त्रिपुरा,72
पतियों,102
चुराए,49
हमको,198
सचमुच,198
रामपुकार,97
शिवाय,122
हदें,59
विमुख,69
पराजय,142
हाड़,168
करूं,80
चाहिएं,49
करंसी,157
सेवई,10
तलाशते,53
सोनार,171
लिबास,146
जुगियाल,48
आचार्यो,3
अत्याचारों,59
परिर्वतन,76
फूलमाला,105
गुनाहों,156
पाएंगी,32
आदेशित,76
शिक्षको,147
कव्वाल,67
बोलीं,198
लाओ,83
अटकलों,185
योगिता,99
रंगत,101
अनुसूची,137
सजावटी,190
ख्वाहिश,27
बहना,161
पगार,157
बलगम,183
जयकृष्ण,12
महाबली,55
नरेगा,33
स्वावलंबन,1
मराठा,6
कब्जाधारियों,143
अवतरण,55
गोहत्या,139
खरीदें,95
बेलदार,149
रुकेगी,77
बिताया,163
खोजते,53
कुंजी,180
भांगड़ा,65
षष्ठी,86
चौकन्ना,124
अलार्म,75
बाघा,171
नुक्सान,84
भीतरी,180
विकासात्मक,107
आननफानन,41
स्नेही,98
राज्यव्यापी,13
सांसारिक,130
देशहित,13
रसायनों,18
आलीशान,128
सत्तू,10
रामभजन,149
बैंगन,144
हंडिया,72
बिस्तरों,128
तोड़फोड़,41
मतपत्रों,62
विद्याधन,33
न्यायोचित,25
अड़ी,162
प्रकोष्ठों,33
हुक्का,186
अंगूर,144
कैसेट,75
मानवाधिकारों,0
समझती,135
दिखाती,135
राजपथ,175
अलगाववादियों,178
धंधेबाजों,29
दर्शाई,61
औपचारिकताओं,120
सौतेले,176
नीच,69
नंबरदारों,110
विमानों,7
अनर्गल,23
अनोखे,165
जनसुनवाई,33
कुसुमलता,149
हैैं,133
लाउड,67
विकल्पों,120
पथिक,171
दादर,72
कुनबे,29
रहम,156
विश्वस्तरीय,107
दवाईयों,159
काया,130
मनमीत,99
करमाटांड़,152
आश्चर्यजनक,189
वायरिंग,109
कान्फ्रेंस,30
ऊहापोह,74
दबिशें,41
गढ़ा,40
रबर,155
सुहावना,108
रामनंदन,149
सुपरवाईजर,39
ताली,28
निर्भरता,107
सीखी,37
मिटटी,190
गौड़,12
बीचबचाव,41
जड़े,168
निराश्रित,123
चिकित्साधिकारियों,39
सेक्रेड,9
गैप,75
प्रजातंत्र,13
न्यौछावर,70
चिप,75
चकेरी,72
कूडे़,45
गुदड़ी,168
करीबियों,110
नदिया,161
विश्वकप,114
द्वीप,31
तुझे,156
बसेरों,66
भिड़ी,174
संयंत्रों,109
सराज,48
ट्यूमर,183
मंडलियों,36
अवतरित,130
बागों,137
कुर्मी,167
ओजोन,18
इसाई,52
दाढ़ी,101
रसोईघर,128
बालश्रम,0
चलानी,2
पूछकर,198
ढककर,150
आकड़ों,63
जागकर,188
मूर्तिकार,190
एड़ी,56
मतपेटियों,62
फूफा,176
अबोध,102
लड़,162
आशाएं,17
कॉमेडी,122
कुन्दन,12
दूरियां,17
विज्ञापनों,122
सड़ा,168
ऐंठ,157
माननीयों,29
जाड़े,108
चिंतामणि,12
फैलाते,53
करुंगा,80
फोड़कर,168
निर्भया,59
चिन्ता,74
करवाती,134
फैलाया,129
बैरकों,177
बेसन,10
खिलौना,171
मिलीलीटर,118
वेतनभोगी,138
सहनशीलता,141
चरवा,174
बाघों,79
राजकीयकृत,192
अव्यवस्थित,189
आध्यात्म,130
करवायी,134
कार्यकत्रियां,87
खर्चो,58
बिगड़,14
हराने,142
सुधारीकरण,33
मंगवाने,81
पर्वो,86
दर्शाती,57
टोह,124
इस्लामियां,87
गुरुवाणी,92
अनुच्छेद,137
टाला,21
कैल्शियम,18
सन्नाटे,5
मौसा,176
नाशक,137
तब्दीली,160
सोयाबीन,144
बरसाई,61
असहिष्णुता,139
उठीं,61
फरसा,127
कम्पनियों,36
निर्माताओं,36
सिंध,72
मुहल्लेवासियों,110
मिशाल,27
अष्टधातु,190
दिखाये,49
पत्रकारवार्ता,30
मोंटी,12
मैनेज,75
लटकने,131
साधुवाद,98
द्विवार्षिक,30
एशियाई,73
सूत,171
मुर्गे,79
मरते,53
बर्फी,171
ऑडियो,75
स्वयंवर,55
खोरी,186
कहलाने,6
मोड़ने,82
मजेदार,23
बान,171
कईयों,133
जत्थेबंदी,13
दुपट्टे,146
लखपत,171
घटता,119
हीन,69
तस्लीम,42
तटबंधों,24
संप्रेक्षण,192
शाकाहारी,106
रूके,163
ज्योतिषाचार्य,96
पहुंचाता,4
परिवारवालों,181
डालता,4
बिलख,154
दिखेंगे,104
रचाने,181
विष,18
हफ्तों,172
आंकड़ों,63
लुभा,65
आशंकित,20
वंशज,6
विवेचनाओं,63
असमानता,74
अपशिष्ट,18
मुड़कर,100
सुधरे,14
तुला,96
असहयोग,11
तरकुलवा,145
अड़ा,168
लतीफी,21
रिफाइंड,144
महापात्रा,187
परम्परागत,57
रक्तदाता,159
पृष्ठ,113
अपाहिज,123
पुष्पराज,12
गुस्साये,41
दुष्कर्मी,170
निकलवाकर,81
जनसमस्याएं,17
पथों,175
ताजिये,184
बासा,171
यज्ञशाला,43
दबाए,131
निष्ठावान,93
नजरिए,120
बढ़वाने,82
धड़ाधड़,168
आभारी,98
रसपान,98
डंक,127
सिधारी,145
मुख्यद्वार,128
समावेशी,107
हस्ताक्षरित,195
रोबोट,75
त्यौहारों,151
उत्पल,12
ईमान,156
रेशमी,101
जड़ें,50
बटोरने,82
दबोचकर,41
मगन,65
बहे,161
बंजारा,171
प्राधिकारी,125
असत्य,69
माताएं,102
जलाना,191
हारमोनियम,28
हिमांशी,99
यथासंभव,25
पीएं,186
बनवाएं,89
शोकाकुल,20
चलवाने,82
बिजलीघरों,109
स्थितियां,17
सुनो,83
लाशों,178
मेजरगंज,145
तांबे,190
एमकॉम,147
तिरछे,180
चमका,112
एलटीसी,138
तांबा,190
तमाशबीन,41
खोलेंगे,104
कंगना,122
जिदंगी,156
छुड़वाने,82
चंद्रमणि,187
तोल,155
भुनाने,126
मुण्डा,171
कृष्णनंदन,187
पांचवा,197
हौंसला,27
कतराने,126
फ्रेम,180
सुनिए,67
गंध,158
अमलेश,149
सुधारी,14
नग्न,59
परोक्ष,57
हनुमत,173
मिश्रीलाल,149
ईदगाहों,66
मजहबी,52
नजारे,31
मोहल्लेवासियों,110
विसंगतियां,17
फेंकते,53
साधुओं,3
ओछी,21
सहालग,143
खिसकने,196
रामचरित्र,88
अशोभनीय,59
दुनियाभर,73
आरक्षियों,138
आएदिन,41
अभियानों,107
खटखटाने,26
बैठाए,121
हीर,171
लाभों,120
वनभोज,38
पहुँच,19
गिले,38
महकमें,29
संकायों,192
मंतव्य,57
बुझाते,191
उन्होंनें,133
सैकडों,64
भाषी,140
अभिलेखागार,76
जांघ,56
पितरों,115
संगिनी,99
राजनीतिज्ञ,85
फोड़ने,82
मुहब्बत,156
बक्सों,155
चुनौतीपूर्ण,25
जुड़वा,176
ईंधन,18
ग्लेशियर,31
अदरक,144
गलियारे,128
कॉफी,186
दरबारी,6
घबराहट,74
अंधेरी,112
बढ़ाएंगे,104
श्वास,183
धब्बे,101
गृहणियों,102
शवयात्रा,55
विज्ञानियों,36
पकड़ी,61
शिकवे,156
पूर,38
घबराकर,20
समेटने,126
अपेक्षाओं,120
कटहल,144
दहशतजदा,41
मोटरसाईकिल,78
महाधिवेशन,30
गुटखे,186
चंदे,157
विद्रोह,139
बांह,56
उदास,20
धौंस,136
दुपट्टा,146
कलंकित,59
खंडन,179
धर्मार्थ,123
गृहरक्षकों,110
स्तूप,190
उधारी,58
धड़ाम,196
अमीरों,123
मंजरी,99
महासंपर्क,33
जलावन,44
वज्रगृह,194
जनचेतना,1
भागो,180
औषधालय,159
मरणोपरांत,165
फलक,180
माणिक,12
कुलपहाड़,72
एमएमएस,75
अधर्म,69
कूदे,100
ज्योत,191
कली,158
बहुराष्ट्रीय,73
रुई,150
वहाँ,133
कलात्मक,190
फेक,75
सीखना,90
नगरपरिषद,33
जुलकर,1
दलिया,144
सुनिश्चत,1
संस्कारित,1
पहनना,146
अनुपयोगी,189
फुहार,153
विघ्न,69
फौजियों,177
लिपि,140
मीता,99
धारावाहिक,122
विनती,179
जोड़,46
मकड़जाल,15
जनलोकपाल,13
तबले,28
रत्ती,21
छेड़े,162
मनाये,151
ग्रीष्मावकाश,192
चेता,21
शख्सियत,27
कृष्णन,12
बांझपन,166
बधाइयां,151
हमदर्द,156
संगीतकार,85
मंडरो,50
हस्तियां,17
करोड़ो,157
बेलसर,174
अनुरागी,12
इरादों,120
स्वार्थी,93
फूलने,50
विश्रामगृह,43
भत्तों,138
लालमणि,149
चिपक,131
नुमाइंदे,29
अंतरजनपदीय,192
करी,38
मध्यांतर,122
लाडले,176
प्रोग्रेसिव,9
कालाधन,157
निवृत,138
रुकेगा,77
त्रिपक्षीय,107
गूंजती,67
इक्कीस,64
संगठक,85
सिखाता,4
प्रतीकात्मक,57
समयानुसार,148
गैरसरकारी,125
बजाई,28
पलंग,131
बढ़ाता,119
घूसों,127
प्रेरणास्रोत,1
सुव्यवस्थित,25
मनोरम,31
पोलियों,166
चिपके,131
ईंटों,190
दागा,127
महात्माओं,3
प्रबंधतंत्र,87
त्रिशूल,55
फंसते,15
गोलाबारी,177
कलेजा,154
क्रीड़ा,114
प्रक्रियाओं,120
वीरांगना,70
बेफिक्र,163
भेजता,4
पर्यावरणीय,107
कर्ताओं,36
उठाएगा,77
करोड़पति,157
भड़क,136
भिक्षाटन,115
भादो,86
ससुरालवालों,181
जठलाना,152
स्वभाविक,141
सोता,188
फेफड़े,183
वादकारी,111
कील,127
सत्यवती,99
विलोम,180
घोंप,127
पदनाम,138
फेफड़ों,183
पशुशाला,128
संग्रहित,11
पटरियां,175
राजनीतिज्ञों,29
स्टेयरिंग,78
अनिश्चितकाल,11
शीतगृह,174
इलावा,133
हिचकोले,196
ताकतें,13
संदूक,155
गर्त,180
निस्वार्थ,1
धमकाते,136
गृहस्थ,3
फूंकी,61
वनाधिकार,0
वर्षाें,172
बीनने,45
चखा,106
फैलाना,117
लड़खड़ा,100
मौकों,27
खींचे,49
आकाशदीप,12
अर्की,72
भरें,89
बरामदा,128
मल्हार,171
खुटहन,174
प्रतिवादी,111
आयुर्विज्ञान,159
पुनर्मतदान,62
भेंटों,115
लेटे,26
टूटती,46
हमदर्दी,27
दोषमुक्त,170
झड़प,185
धंधों,107
गुंडों,29
पुलियों,175
सुलग,191
रवीना,99
विशु,86
प्रचारकों,3
पैमाना,118
लॉग,75
संभालना,90
झुग्गियां,17
यान,180
नेकी,156
जगमगा,112
घड़ियाल,79
खेर,12
धनिया,144
लिखें,89
गांधीवादी,85
अक्षरों,180
पट्टों,91
यज्ञाचार्य,88
चतुर्थवर्गीय,194
कब्रिस्तानों,66
प्रफुल्लित,98
सुखाने,150
सिकन्दर,6
गिना,129
खुजली,166
सहपाठी,85
लाचारी,74
बिल्डर्स,9
डाकखाना,184
हलफनामे,111
उगाई,60
बढ़ानी,119
उत्पत्ति,57
ढलान,31
छुड़वाया,129
जियारत,42
धावक,114
अभिमान,69
माथापच्ची,185
राक्षस,55
पिलाएं,186
लगें,89
प्रतिकिलो,118
मधू,99
कूड़े,45
संतोषगढ़,145
कुनबा,29
अरूप,34
सुहास,12
जगद्गुरु,88
रोड़े,168
रूई,150
नकलचियों,66
दिलाता,4
गिरेगी,77
दीपशिखा,99
बेंचने,95
शीघ्रता,25
उदीयमान,85
साड़ियां,146
छोड़ें,89
मातृभूमि,70
कजरी,67
न्यायाधीशों,111
मनुष्यों,130
तिलकुट,10
मनमोह,65
विनियमित,0
बनियान,146
सौम्य,93
पतला,101
चूहे,79
फिसलकर,196
मढ़,21
बाह्य,57
फेरा,56
श्रंगार,98
झुकाव,141
सप्तशती,173
सपूतों,70
झोंके,5
दुर्गति,69
सलवार,146
कात्यायनी,173
सर्टीफिकेट,195
चौकाने,63
पकड़ते,100
सुरजन,12
ठोका,127
विषयवार,76
एकमत,13
औरों,69
लाभप्रद,25
नामाकंन,76
थोड़ा,19
भक्तगण,22
जमाकर,121
अकालियों,92
जकड़,168
पकौड़ी,10
बीओपी,75
सांझे,180
अंगूठे,56
इंसानों,79
केंद्रो,33
फाटकों,128
नुक्कड़,122
गोत्र,55
ठेलों,66
शोधार्थियों,36
अस्मत,59
तीनपहाड़,97
ललकारा,124
मिटने,70
वनपाल,12
पंक्तियों,169
कुकर,10
असहनीय,189
कोक,186
मंगवाए,81
होगें,133
अंगूरी,99
तड़पते,154
बिकता,95
फाल्गुन,86
बायकाट,13
प्रहर,148
गिरफतार,170
चक्के,78
रसिक,93
सोती,188
गजाधर,149
हलांकि,133
राजीनामा,170
समपार,175
उड़,196
चीर,121
भविष्यवाणी,57
आखें,193
कापरी,171
कूड़ाघर,45
संदिग्धावस्था,194
पुजारियों,3
सम्भव,25
यातनाएं,59
नितांत,189
पथरगामा,72
बढ़ाती,119
मूल्याकन,107
बागियों,124
अप्राकृतिक,189
मिर्गी,166
गोपियों,55
सात्विक,130
याचना,98
बैनामे,195
दीपमाला,112
सौतेली,176
ग्वाल,171
टैक्सियों,78
भक्तिभाव,98
यत्र,55
ताकतवर,93
मनमाफिक,21
मुख्तियार,152
मारवाड़ी,140
रुखसाना,42
आइटीओ,184
टेंपों,78
कंछल,149
स्वांग,122
लड़कर,162
रौद्र,55
वेग,180
संवेदनहीन,189
सितारों,112
पाशा,42
प्रेक्षकों,36
मसौदा,0
चतुर्भुज,180
चुनना,90
क्रियाकलाप,107
कार्यान्वित,11
हलधर,34
दुश्वारियों,120
सड़ी,168
विमुक्त,11
उगते,94
उखड़ी,5
बांधों,24
आबरू,156
पिटारा,169
गाये,67
पक्षकारों,111
रेडिएशन,18
हटना,90
चीत्कार,154
हटी,61
तरसे,65
सहने,126
उपसभापति,35
दफ्तरी,138
दीपोत्सव,151
कंपाउंडर,159
पटे,155
निविदाएं,76
छींटे,150
तेवरों,13
उतारते,53
दुष्प्रभावों,120
जाएगें,104
बांटना,117
एमएसएमई,9
विदेशियों,73
फव्वारे,128
मोहल्लावासियों,110
जुड़ेंगे,104
सूर्यास्त,148
परोसे,106
मारपीटकर,41
हंी,47
गंवाकर,142
हैक्टेयर,60
चौपालों,66
याचिकाओं,111
विद्याभूषण,187
शहरियों,143
निगहबानी,124
बनवाये,49
शिल्पकार,190
बामुश्किल,64
अगवाई,41
रोड़ेबाजी,21
भद्दी,23
बेबसी,154
प्रेजेंटेशन,137
श्रमजीवी,167
हताशा,74
तन्मयता,141
विधानसभाओं,62
कालीबाड़ी,182
ज्वलनशील,18
खाज,166
स्थिरता,141
झुमकी,105
फैक्ट्रियां,17
बंसत,34
अग्रहरी,149
राजहंस,171
दानव,55
चटक,101
मार्चपास्ट,30
रिक्तियों,138
कुमाऊंनी,140
नंगा,59
अभिभाषण,30
डालनी,2
धनाभाव,74
संपोषित,107
पोस्टों,169
ऋणी,165
कर्मशाला,33
षड़यंत्र,54
पड़ोसियों,176
टपक,193
काठ,155
सूचियां,137
हिंदु,52
डिवीजनों,177
थमाया,81
प्रतिशोध,139
रातें,112
पलटते,53
अन्तर्राष्ट्रीय,73
वाक्य,169
यूनिवर्सल,75
विकल,20
मुखबिरी,54
भगोड़े,170
छात्रसभा,35
सर्वपक्षीय,194
अस्तव्यस्त,189
लड़कियां,102
ढहाने,128
क्रीड़ाधिकारी,68
बूंदे,150
वसीयत,195
हडकंप,116
चोटियों,31
धोकर,150
कैच,75
आश्चर्यचकित,20
भेजेगा,77
उत्साहपूर्वक,30
एकांत,163
पूर्णकालिक,138
दोहराते,53
हैवानियत,59
स्वीकारते,53
भदानी,12
बिछिया,105
अछूते,49
महामंत्र,130
भेजेगी,77
रस्सा,155
बाजारी,95
सेवामुक्त,138
झाकी,38
सेन्टर,9
भूला,40
कॉन्वेंट,192
उपले,44
पहरे,124
दाखिलों,147
झाग,150
पांडाल,22
अभ्यार्थियों,147
शावक,79
ढूंढ़ने,126
मैक्लोडगंज,31
मंझौल,174
उभरकर,57
घूंघट,105
सुमेधा,99
निशानेबाजी,114
टांक,131
मूल्यवृद्धि,58
महाप्रसाद,173
खेलेंगे,104
चतुर्दशी,86
उल्लू,79
अटकलें,17
सभाजीत,149
रखेंगी,32
डिस्ट्रीब्यूटर,9
लोकगीतों,67
आश्रमों,3
बिकती,95
नहीें,21
खुन्नस,185
तन्मय,99
गोंड़,174
नक्सलवाद,178
टली,61
किरायेदारों,91
निरंकार,92
मुख्यमंत्रियों,125
जनमत,13
रौंदते,196
स्तन,183
अनुपलब्धता,74
मईया,38
मनोकामनाएं,115
सरलता,141
जांबाज,177
कोऑपरेटिव,9
चित्रकारी,190
धन्ना,171
उतरेगा,77
ताजिए,184
बबूल,94
खटकड़,16
अचंभित,20
नमामि,173
तेरहवीं,197
उभरे,50
ढैंचा,60
जूतों,146
उसमान,42
रूकी,61
अटी,5
पताही,38
लड़ेगा,162
पुष्ट,25
कृमि,166
प्रधानाचार्यों,87
जकात,156
घसीटते,100
भाली,38
ऊबड़,168
प्राक्टर,9
भंडरिया,145
कालकाजी,184
रतनी,38
चलित,180
रोटियां,10
एकीकरण,107
दारागंज,184
चित्रांश,12
बेलपत्र,144
दुस्साहसिक,59
दीवारी,128
दहाड़,154
जलाएं,191
यथार्थ,57
मचाकर,116
बौखलाए,136
कदमताल,180
दिशाओं,180
अंधड़,5
विश्वसनीयता,141
बदरंग,101
सितार,28
ओलंपियन,114
बूढ़ा,171
जिम्मेदाराना,59
गद्दे,131
लटककर,131
लुभावने,65
सरगर्मियां,185
आवेदनकर्ता,76
चुटिया,182
पड़ाव,163
करेला,144
मेदांता,159
गाड़ा,10
परवल,144
करतीं,135
रात्रिकालीन,148
नजरबंद,170
हफ्ता,172
द्विपक्षीय,180
खिंचाई,23
पुर्जे,78
झुका,56
क्षेत्रवाद,139
गोष्ठियों,30
खटक,21
पढ़ाए,192
उबरने,126
युधिष्ठिर,55
सौदागरों,95
आसनों,96
शर्तों,0
टॉकीज,122
अंधे,123
अक्षित,194
उल्टियां,166
ब्रहम,130
शराबे,116
महावर,12
लड़ाने,162
राजयोग,96
कत्थक,122
अचेतावस्था,183
मनाएगी,151
झंडारोहण,30
यथास्थिति,189
अधिकारीगण,125
अनुलोम,96
खूंखार,178
चालाकी,69
अशक्त,189
नवयुवकों,36
कैथोलिक,52
छिड़ी,185
अन्वेषण,107
जलकुंभी,24
भैंसे,79
प्रकाशक,113
जनतंत्र,13
अपेक्षाएं,17
निकलवाई,81
तात्कालिक,57
पेंशनधारकों,138
पोटाश,18
वैराग्य,69
चक्रमण,39
पुराणों,55
निशानी,165
दानपात्र,105
वाशिंगटन,73
परिषदों,125
प्रश्नपत्रों,147
वेदना,74
गनमैन,41
एन्क्लेव,184
पतित,69
रमणीक,31
मिलनसार,93
सुप्रीमकोर्ट,111
दीपदान,115
विभक्त,11
उहापोह,74
नरबीर,48
गुढ़ा,174
छिड़काव,18
सहमी,135
बाबजूद,133
चित्त,130
चक्रव्यूह,55
कर्मा,171
जासूसी,54
शमिल,11
मीलों,161
छुरा,127
संभ्रांत,93
तसल्ली,156
जलूस,22
मेन्यू,106
बेगुनाह,170
त्रुटिपूर्ण,189
एसवी,12
पपरोला,174
चूका,133
खरीददारों,95
पकड़कर,121
ओझल,26
पांडा,12
मुदित,12
सरपट,100
सहमा,40
आवाहन,115
सप्तम,197
दातों,183
अद्वितीय,165
दाहिना,56
कटाने,82
महासमर,55
पूर्वज,165
भलीभांति,57
कटेगा,77
लूंगा,80
जाबिर,42
बोलता,4
छूकर,56
फुटा,38
कुबूल,156
छानी,38
खोए,49
नीतिगत,107
छक्का,127
भ्रष्टाचारी,29
जनसाधारण,140
रामदुलारे,149
नोच,121
संहार,55
फावड़े,168
मराठी,140
जलीय,18
दसवां,197
निर्णायकों,36
क्यूं,198
निभाता,4
भिडंत,185
लाट,171
प्रतिफल,11
वृत्त,180
दड़ा,47
अष्टभुजा,173
कपड़ों,146
रोपने,60
बबुआ,38
प्रेत,96
बैठेगा,77
पहुँचे,53
पकड़वाने,82
उपजिलाधिकारियों,39
आलिम,42
अफ्रीकी,73
चालन,180
सीखें,89
अस्वीकृत,11
पूर्णमासी,86
गद्दीनशीन,92
लपट,191
आठों,55
कर्मचारियो,138
पंसारी,182
गाड़ने,82
विश्वस्त,93
जनांदोलन,13
विभीषिका,84
हस्ताक्षरयुक्त,195
कलाकृति,190
पहियों,78
वायुमंडल,18
उद्घोषक,85
सुला,188
लटकाने,82
गुणवत्तायुक्त,25
मेवाती,171
रोकें,89
दण्डाधिकारी,39
बाड़,168
चलनी,155
शेरों,79
शरारत,23
सदल,149
भैंसें,79
जुड़ते,49
हमराहियों,41
लड़नी,162
कांफ्रेसिंग,9
जाबकार्ड,195
रोता,154
सताता,40
शहीदे,70
उसमे,133
परिनिर्वाण,88
ट्रासपोर्ट,9
उबारने,126
आषाढ़,86
जमीं,156
साहसी,93
पर्चियों,195
निलम्बित,11
चटाई,131
उन्माद,139
टपकने,150
छुड़ाकर,100
आहरित,58
चुकीं,61
रूह,156
पक्षीय,180
छोड़िए,198
सतरंगी,101
संचरण,183
नाचे,65
वर्दीधारी,177
पारंगत,25
हरीपर्वत,184
पाचवीं,197
वाशिंदों,110
मिचौनी,193
नवसाक्षरों,192
दृश्यता,180
ऋतुराज,12
भेजनी,2
जनसंवाद,30
सर्वेयर,9
उपक्रमों,107
गम्भीरता,141
धधक,191
बैशाखी,86
विषैले,18
पतवार,161
कश्मीरियों,178
मांगेंगे,104
शोधार्थी,85
पलटन,177
कोरा,40
बायां,56
बौर,158
टैक्टर,78
कोला,186
घुल,150
लकवा,166
मूर्ख,93
दिलाये,49
पंचांग,96
बढ़ायी,119
विलक्षण,165
दबाब,74
ऐंठने,82
जनसहयोग,33
न्योछावर,70
लाएगा,77
सहुलियत,58
नौसेना,177
शिक्षाविदों,36
डलवाया,81
बिसंडा,174
दिखना,90
बूझ,21
गौवंश,79
गोवध,139
पर्यावरणविद्,85
कार्यकर्ताओ,13
यक्ष,55
कन्याएं,17
मिलाते,53
करूणा,98
परवाना,156
बारीक,160
राष्ट्रवाद,52
टेंपू,78
नवयुग,55
मढ़ा,40
तपस्वी,3
गुब्बारा,155
सौदे,95
बगीचों,94
जिलेवासियों,110
भूलना,90
सकने,126
इकलाख,42
कलमबद्ध,37
सियार,79
कर्जे,58
जलसंस्थान,109
जबर्दस्ती,121
उभरते,85
सदाचार,69
गरमाया,185
पत्तियां,94
बढे़,119
ढोलना,38
बेचारे,198
त्रैमासिक,113
फूलन,171
क्लेश,69
उदासी,74
संघर्षशील,93
अव्यवस्थाएं,17
हिमायत,13
पालिकाओं,125
जांचे,63
मौला,156
विहंगम,31
लूटेरों,41
कीड़ों,168
तिलकधारी,149
नृत्यांगना,85
मिशनरी,52
यमराज,55
बैरीकेडिंग,128
अस्वीकार,179
मारता,4
अनुसेवक,138
क्रूर,59
टिफिन,106
बिंदी,105
रडार,180
भूकंपरोधी,128
सर्वहितकारी,1
विश्वसनीय,25
स्पर्शाघात,183
मध्यमा,96
उकेरा,190
डटी,61
निमित,98
तौहीद,42
फुलवारी,158
पटवाई,145
एलोपैथिक,159
तलाब,24
जमुनिया,145
हनुमंत,12
तोरण,128
गर्भाधान,183
बूंदाबादी,153
साइटों,36
कराके,134
तराशने,190
बमबाजी,41
समंदर,161
फंसता,40
छिपकर,26
छुपाकर,121
स्मार्टफोन,75
पकड़ाया,81
पढ़ेंगे,104
श्रोत,57
अंबुज,12
प्रकाशकों,36
किराएदारों,110
प्रयत्नशील,1
स्वामीजी,88
टहलते,26
स्पार्किंग,109
कहलाता,137
जीए,49
त्यागने,126
रोपा,60
रस्साकसी,185
समझो,83
मान्यताओं,120
खुलना,72
सहमती,179
विसरा,183
शूरवीर,6
विकासशील,73
रामनरायन,149
धमाकेदार,122
कूपों,24
भड़काऊ,139
ताबूत,44
अजनबी,171
सानी,27
शिकागो,73
भीगने,150
वामन,55
पट्ट,180
सवेरा,112
अन्तर,57
पहनें,146
उलटा,180
समयसीमा,0
विवादास्पद,189
कंसल्टेंट,9
प्राप्तांक,147
दिलासा,179
जीभ,183
मोहभंग,13
आक्रांत,189
जगतपाल,149
बुझने,191
पक्कीकरण,33
पाठशालाओं,192
स्थानक,43
रातोंरात,171
जिलाध्यक्षों,68
सूरजमुखी,144
पतरघट,47
जिधर,26
कुंभकर्णी,188
संबल,1
उन्मुखीकरण,107
हेडकांस्टेबल,41
बरतना,21
लादने,82
सुगंधित,101
बेधड़क,136
सोचता,4
भोजराज,12
वन्दना,98
मर्मज्ञ,85
कटोरा,155
अपर्याप्त,189
खोई,160
मोमबत्तियां,44
अशांत,189
मिटाना,117
ग्रीष्म,55
गतिशील,25
पड़कर,168
आदर्शों,120
सम्यक,1
प्रत्यक्षण,57
बस्ता,155
नियमत,76
मिलावटखोरों,143
दृश्यों,122
बिसात,180
लिफाफों,195
निर्वस्त्र,59
बंदे,156
परायण,130
भोजनालय,106
अदब,156
हुनरमंद,27
बैकलॉग,138
जड़,94
प्रश्नकाल,125
गुणवत्तापरक,25
कूड़ों,168
राहगीरी,184
रामगंज,145
क्षेत्रवार,76
न्यायलय,111
हजूर,198
चुनचुन,16
प्रखंडस्तरीय,103
निकालें,89
कॉम्प्लेक्स,9
जुटाना,117
पल्लेदार,91
अदालतें,111
नम्बरदार,48
कूलरों,109
विभूतियों,165
बैंककर्मियों,110
आडिशन,122
जुटते,22
गठिया,166
चन्द्रमोहन,187
नीबू,144
एक्सल,75
टूटता,40
अटके,49
मुरादें,22
त्रिकोणीय,180
समधी,176
उत्तरदायी,57
बाटने,126
तारी,156
हिचक,179
अस्थिरता,74
सब्जीमंडी,184
भूतेश्वर,43
आंसुओं,193
कांग्रेसजनों,13
बछिया,79
कडे़,41
टप्पेबाज,41
मतदानकर्मियों,110
उत्तराधिकार,6
प्रलय,84
राज्याभिषेक,6
द्वारों,128
निरस्तीकरण,11
ठोंका,127
सौदेबाजी,54
मकबरा,137
चिनाब,161
ज्योतिबा,88
परिभाषित,57
घसीट,121
लाशें,61
दरिंदगी,59
बसंतराय,187
गस्त,41
पोस्टकार्ड,195
तड़के,148
वीरा,171
नवोदित,85
पिंजरे,79
कोप,137
पंचायतराज,103
निभाती,135
ध्यानार्थ,76
क्षेत्ररक्षण,114
वयस्क,102
कंगाल,157
भाग्यशाली,93
दिनरात,34
मुक्केबाज,114
शैतान,171
अवनीत,48
डराया,129
थपथपाई,56
राजपति,149
लावा,180
चिल्लाते,136
ढूंढे,49
खिलवाड़,21
सोकर,188
बहुप्रतीक्षित,11
हेल्मेट,146
महाकवि,85
जगनारायण,149
चिकनी,101
मोरम,174
प्रस्तुती,27
अधिसंख्य,133
मंचों,36
तोड़ती,46
डोरी,46
मैट,75
यदा,137
सम्मलेन,30
कौतूहल,20
तुलनात्मक,169
गोवंशीय,79
जुटना,90
क्रंदन,154
जलधारा,161
सम्प्रदाय,52
बालीबाल,114
पल्लव,55
कथाओं,169
औलाद,156
फटकारा,136
कुंद्रा,12
नौकरशाही,29
पड़ते,53
मिलजुलकर,1
उपमा,55
खिलौनों,155
उंचाई,31
थोप,21
चिन्हों,180
जातीं,135
भुवनेश्वरी,173
बकरों,79
सिकुड़,50
महानायक,122
कालिख,44
प्रताड़ना,59
गऊशाला,184
कुमोद,16
बोया,60
विपत्ति,84
प्रायोजक,57
शहंशाह,6
जीवाणु,18
पेटियों,155
डालती,135
अमर्यादित,59
उभारने,126
ब्रह्मलीन,88
सिखाती,135
चूहों,79
शौकीनों,36
पंथक,16
महासंग्राम,55
खंबे,128
घड़े,155
सुलझने,15
चढ़ावे,22
स्वर्णजीत,48
सुधारों,120
मंगलमय,98
सभास्थल,184
फूलमालाओं,22
उत्साही,93
आयामों,120
निर्विघ्न,130
खेलता,4
सोपान,180
उलाहना,136
जुझारू,93
आंकड़ा,118
सट्टेबाजी,54
धराशाई,196
सिकरी,145
उभरा,50
सेवाश्रम,88
तराजू,155
मूलवासी,167
बूटियों,18
दीवाने,65
फुहारों,153
लाभपात्रों,33
तटों,161
लक्षित,11
नौकरों,6
दंपतियों,181
सबला,137
डग्गामारी,143
बहेगी,161
जोड़ें,89
इम्तिहान,156
राजाओं,6
खदेड़कर,71
जुड़,49
लिपटा,40
वसुधा,99
शिष्ट,93
पदकों,114
तीनो,133
घिनौनी,59
तयशुदा,0
झेलम,72
पीडीएफ,75
जोहड़ों,47
नौकरशाहों,29
रचाई,181
सीआइआइ,137
कदा,137
सम्मेलनों,30
नकाब,146
स्थानीयता,141
सावधानियों,120
राष्ट्रीयता,70
आदमकद,128
कुर्बानियों,70
खुलवाए,81
आरंभिक,57
जिनपर,133
ठिठुर,108
लुटने,71
धड़ल्ले,95
तानाशाह,6
पुट,23
चुनें,89
अन्त्य,11
नवजीवन,1
मौसेरे,176
पतंगों,79
हिमगिरी,34
स्वर्णा,99
टांके,183
झोंकने,82
निडर,93
जौड़ा,137
हिलने,50
सदभाव,1
जनपदवासियों,110
विग्रह,173
थामने,82
ज्ञानेश,149
गुलमोहर,158
बहुमुखी,25
सड़ांध,45
बेदाग,93
मनीषी,85
निगला,121
नाखून,183
अशरफी,42
अनूठे,165
सेनीटेशन,9
जनशताब्दी,7
गिरफ्तारियां,170
संगीतमयी,67
धर्मनिरपेक्ष,52
कपाल,183
कारिंदे,29
विच्छेदन,137
प्रभावों,120
हृदयाघात,84
चोरो,41
सर्वत्र,130
सहूलियतें,17
पाश,46
काटता,4
आवेश,180
हलकी,160
सिमटी,135
पूर्वमंत्री,68
दुखियों,123
मंहगी,95
शैय्या,55
गिद्ध,79
प्रबन्ध,107
वन्यजीवों,31
नाकामयाब,126
जीवनदायिनी,165
मैदा,10
बदलें,89
अंगुलियां,56
उनकों,133
प्रतिवेदित,11
किक्रेट,114
खट्टा,137
दुधारा,145
बचेगी,77
कार्यवश,148
वियोग,98
गोसेवा,1
भाल,34
त्रेहन,12
प्रस्तुतीकरण,169
हेमन्त,12
नाविकों,161
मफलर,146
विन्देश्वरी,187
तड़पता,154
गोचर,96
गिराई,61
घसीटा,121
मस्ताना,171
मनाएगा,151
पहुंचेंगी,32
निरोगी,96
मालगाड़ी,7
प्रशिक्षितों,138
दौड़ाई,100
पालिटेक्निक,192
परिणय,181
चन्देश्वर,187
प्रदेशस्तरीय,199
चूकते,21
प्रस्तुतिकरण,169
संकटमोचन,173
डीग,72
दफनाया,129
अधीर,20
भरेगा,77
लहलहा,60
दमयंती,55
सहसंयोजक,35
पीड़ित,166
ज्वर,166
मोटरों,109
निरंकुश,6
अरोप,170
अनगड़ा,47
गांजे,186
उमड़,22
प्रजा,6
ओटीएस,138
कर्मभूमि,165
विकारों,166
पश्चिमशरीरा,145
धानी,171
धर्मशालाओं,66
उत्तरपुस्तिकाओं,147
बेघरों,123
कालागढ़,145
जीर्णोद्वार,43
अंधी,160
रूसी,140
चुराते,53
गोता,161
समुद्री,73
बिड,75
उभरी,160
रुकवाकर,81
हौज,128
सेकंड,118
घेरेबंदी,124
दास्तान,37
कबूला,170
बौखलाहट,74
मुर्दा,156
पकी,160
नवविवाहित,181
समझाना,90
नाविक,161
ओवरसीज,9
प्रज्वलन,180
पट्टीदारों,91
मूरत,190
बिगड़ने,14
वार्तालाप,169
पक्षकार,111
फेलोशिप,192
जाऊंगा,80
फोड़े,168
बछड़ा,168
उदयन,12
रुतबा,27
बल्लियों,66
तनिष्क,99
कंडाघाट,145
अतरी,145
हमराही,156
सूती,146
सहमंत्री,35
पंगु,189
नवसाक्षर,192
अर्थशास्त्री,85
हांलाकि,133
घड़ा,168
अंगुलियों,56
कथाकार,85
सुननी,2
वितरकों,36
बनावट,190
लिपट,154
दर्शायी,76
डेयरियों,143
बनिहाल,72
आकाओं,29
महायोजना,33
उतरता,40
ऊंच,137
उछलकर,196
जिलावासियों,110
प्रमाणीकरण,76
संघर्षो,120
पट्टीदार,91
विशेषताओं,120
कच्छा,146
गमले,94
गजानन,12
मचाए,116
मूंद,193
फाड़कर,168
बोलो,83
परोसी,106
बजबजाती,45
वात्सल्य,98
झुके,56
नौकरीपेशा,93
सुहानी,65
हस्तगत,11
प्रतिघंटा,118
प्रयोगशालाओं,36
छज्जे,128
मेहनतकश,167
विनाशकारी,84
वजीफे,192
दूरबीन,180
मोटरें,109
अमान्य,11
तैल,18
नर्सों,159
मोर्चो,13
पुतलों,44
जेहाद,178
शोधित,18
पूछना,198
छत्ता,79
अटे,168
निरोधी,18
आयेदिन,136
ऑटोमोबाइल,78
लेखनी,27
अत्यन्त,25
झांक,26
धानक,16
गीली,160
धनसार,174
खच्चर,79
भिक्षुओं,3
दुबकने,26
भूली,160
फरमाते,156
विचारक,85
उपमहानिरीक्षक,39
इंगित,57
कोपा,114
आइकार्ड,195
निहंग,92
क्षीण,189
हवालाती,170
जीवनदान,55
उठवा,81
गर्भाशय,183
राक्षसों,55
थलग,189
कट्टरपंथी,52
सामग्रियां,17
मुख्याध्यापिका,87
आतिथ्य,107
प्रदेशवासियों,110
कमाऊ,93
तरणताल,128
प्रश्नचिन्ह,21
सुसंगत,25
अरुणेश,149
आंकड़े,63
निपटाएं,15
परदेश,171
छूते,56
बोझा,155
पत्नियों,181
सिमकार्ड,75
जाग्रति,1
बढ़ीं,61
बस्तियां,17
मामलें,54
गिरोहों,178
राष्ट्रभाषा,140
लोट,121
बढ़ेंगी,32
छुआछूत,139
ममेरे,176
बेवकूफ,93
मंडराते,50
भराने,81
बिजौली,145
हिंदुस्तानी,140
महालेखाकार,125
इतिहासकार,85
सहायतार्थ,11
बरसाए,127
खोमचे,78
मुरीद,27
मूसलधार,153
कसेगा,21
ग्रामोदय,33
शक्तिमान,93
हंगामेदार,185
दस्तों,177
ब्याही,181
ऑर्गेनाइजेशन,9
रसोईयों,66
कचरों,45
महाशय,85
बढ़ई,171
ठाकुरजी,173
जिलापाल,152
बिखेरे,164
चमड़ी,168
पोटली,155
मंत्रीमंडल,125
प्रेरणादायक,93
बहुसंख्यक,167
राजमार्गो,175
प्यासा,40
खोलेगा,77
महाकाल,173
झंडों,70
बारदाने,143
परामर्शी,107
सिरका,144
संस्मरण,169
जीओ,83
चीखपुकार,116
गैरमौजूदगी,21
कलाकृतियां,190
उड़ते,100
उर्सला,159
सूर्यवंशी,12
धुरी,137
खींचते,53
सायंकालीन,148
मड़हे,47
अलमारियों,155
पाचवें,197
प्रवेशपत्र,147
झुकना,90
पहुंचाती,135
गोते,161
दरिंदों,59
जानो,83
इंकलाबी,70
छुड़ाओ,121
लपटे,191
किस्में,17
मंगली,96
खेतिहर,91
फायदों,120
दूंगी,80
उसरी,174
दोस्ताना,93
विद्यार्थियो,147
दरोगाओं,39
जलवे,65
गिट्टियां,17
अंबे,173
झोपड़ी,128
वीवीआईपी,7
उद्गम,57
छत्तीस,64
समूहगान,67
कार्यशालाओं,30
तुष्टीकरण,139
भगाना,117
उपदेशों,3
तरबतर,5
सासंद,35
छला,40
मनचाहे,180
खाएंगे,104
बटोरीं,61
जयहिंद,70
घृणा,139
जयन्ती,151
विस्तारित,11
पांडवों,55
आईबी,178
सांभर,106
डांटा,136
शिक्षकगण,192
पंछी,79
उपेक्षापूर्ण,189
पिछवाड़े,168
कुप्रभाव,189
निरक्षरता,123
बैरी,171
शालीनता,141
जानकारिया,63
सीलन,45
सदस्याओं,30
बदलेंगे,104
ठहाके,23
मूलमंत्र,1
अंगदान,1
कंबलों,66
कृतियों,169
जियो,75
घूमे,163
उत्कृष्टता,141
आत्मबल,141
यात्राओं,7
सुहागिन,181
गजलों,67
जयकिशोर,149
यूपीएसआइडीसी,9
अड़चनों,120
भटकता,40
विशेषाधिकार,0
पिछड़ने,142
बीजी,75
हस्तकला,190
मास्टरों,192
पाताल,55
धराये,41
शुदा,181
धर्मों,52
समीकरणों,120
कस्सी,182
वसूलना,132
नेत्रों,193
छपे,113
बायोटेक,9
ईडब्ल्यूएस,9
नाकामियों,120
तीर्थकर,88
सशंकित,20
उपजा,40
पदस्थ,138
इजाफे,119
सिंधू,142
प्रतिमूर्ति,98
धर्मकांटा,184
रीचार्ज,75
मामी,176
उपनगरी,43
दिनदहाड़े,41
मिर्ची,144
अंधा,171
सौंपना,90
अग्निशामक,44
अनुक्रमांक,76
शहरीकरण,107
निभाए,49
गड्ढ़े,24
पुड़िया,155
समस्यायें,17
रजिस्ट्रीकरण,76
पिंडी,173
अनिश्चितता,74
भरभरा,196
अपराहन,148
लोटपोट,23
इंवर्टर,109
कप्तानी,114
कार्डों,195
इर्दगिर्द,180
गुमान,156
खड़क,16
तौलिया,146
भतीजों,176
सामाग्री,169
झुकने,82
गिटार,28
वैष्णों,173
पीता,186
कछुए,79
जोतने,91
देवों,130
कारतूसों,177
ताज्जुब,20
सचखंड,92
पुकारा,129
प्रशंसक,85
मंदा,38
असुर,55
सहपाठियों,192
संक्राति,86
सुरक्षात्मक,18
दाताओं,36
होजरी,146
फसाद,139
धावकों,114
गुप्तचर,124
निशी,99
कीचड़,45
पट्टिका,190
उगा,60
आरोपपत्र,111
कावेरी,161
बौना,101
कायदों,0
टपकता,40
किशोरावस्था,102
एकरूपता,141
सप्ताहभर,172
मदनपाल,149
घृणित,59
स्तरोन्नत,33
देशवासी,70
कोपभाजन,6
हैलीपैड,128
सशर्त,179
सोसायटियों,143
समीति,35
फासला,118
फहराकर,70
अनुष्ठानों,115
युगों,165
खड़ंजे,47
पर्यवेक्षिकाओं,87
रखवाने,81
हृदयगति,183
वीरगंज,72
निराकार,130
लेखिका,85
पथावरोध,84
नवरात्रा,86
रबड़,168
चाबुक,127
रोशनदान,128
टेढ़ा,40
नकलविहीन,33
राबिया,42
चक्रधर,12
मुल्कों,73
सहना,90
श्रद्धाभाव,22
सुधारक,85
फैलाए,49
गीला,150
झगडे़,185
खलिहानों,60
लोटा,155
दृष्टिहीन,123
स्वरूपानंद,51
टेक्निशियन,159
धुत्त,186
बचेंगे,104
ढली,5
हैजा,166
पसारने,50
किस्से,37
तांगे,78
आबोहवा,31
खुमारी,186
अहित,69
प्राणघातक,189
अतिकुपोषित,33
कर्णधार,85
कीटाणु,18
रूपक,180
श्राप,55
सुंघाकर,186
नातिन,176
शाहपुरकंडी,48
चौंका,20
पटकथा,122
बड़की,38
नृत्यों,122
अंकतालिका,147
मोहरा,171
दरक,50
गृहरक्षक,68
महारत,27
सुगमता,25
मतपेटिका,62
डलवाई,81
सजाओ,83
परामर्शदाता,85
दोना,155
बेजुबान,156
हिमायती,1
बुलाते,53
जानेंगे,104
छुप,26
कमेंट्री,122
गिन,157
मुल्तानी,171
धुल,150
तर्कसंगत,25
संयत्र,18
पाचन,183
खौफनाक,59
डाक्यूमेंट्री,122
रिजवाना,42
चुनेंगे,104
एंकर,85
प्रोटोकाल,0
गिरवर,149
मनोचिकित्सक,159
जनहानि,84
कुंवरपुर,145
पकाया,106
समान्य,189
नोटरी,195
सदगुरु,88
जोड़े,49
सुर्खियां,113
संजीवन,187
शिवमय,173
समझदार,93
कफन,131
कलुआ,41
सुबूतों,63
टहनी,94
खरोंच,180
जन्मों,130
जिन्दा,165
कावड़,22
छिड़,185
सर्वमान्य,57
चादरें,155
केन्द्रित,57
शंखधार,149
छठव्रतियों,66
पहुँची,61
तमाचा,136
वफादार,93
स्वजल,33
छात्रनेताओं,147
वधु,181
फिरता,4
इश्तेहार,113
अपराजिता,99
निर्मलता,141
शीशों,128
छात्रहित,147
सम्बन्धी,57
उड़कर,5
कांगड़ा,72
पीटे,136
भिड़ा,168
रेंगी,61
गड़बड़ी,199
ओरियंटल,9
परित्याग,69
लटकाए,131
मसानी,171
बहुमंजिली,128
कमाना,117
दानवीर,93
सहकर्मी,85
अर्धसैनिक,177
स्वीकारोक्ति,179
ऑल्टो,75
विकृत,189
छात्राओ,147
आड़े,21
बेमिसाल,27
फलाहार,106
रतजगा,5
पहरेदारी,124
सर्वसमाज,1
ओली,12
गुरदर्शन,48
सुपुत्र,176
निपटना,15
खड्डों,24
पडा,90
पर्वतारोहण,31
जोताई,60
लौटाई,132
देशद्रोही,178
चोखा,10
पंजे,56
रहस्यमयी,31
अनुपूरक,18
आयुक्तों,125
मुखलिसपुर,145
रिवाजों,120
संख्याधिकारी,39
अंदरखाने,185
शरणार्थी,73
जन्मी,102
ठुमके,65
ग्रामपंचायत,103
गृहों,11
अर्दली,184
सदस्यगण,76
पिंडदान,115
संपुष्टि,76
थाल,105
तगादा,157
दाहिनी,56
फिदा,27
झपकी,188
जुटती,22
जेवरों,105
रेललाइन,175
तुमने,83
नन्हा,171
उठवाने,82
भंगहा,47
गदर,137
मिलवाया,129
रहनुमा,156
अलंकृत,190
जागते,188
अफवाहें,185
दिलवाए,132
कतारे,17
झपटकर,100
परमाध्यक्ष,68
ओढ़,146
जुगलबंदी,67
लेटा,131
जाओगे,83
भवसागर,161
दंडनीय,0
पढ़ाएंगे,104
पकवानों,106
राजवंश,6
बजती,28
माडलिंग,122
बस्तीवासियों,110
एसआइबी,97
अनुकरण,57
कटार,127
थपथपा,56
लगवाये,81
इन्दु,12
मुहैय्या,134
चढ़ना,117
ऋषियों,55
झोंका,40
मुखबिरों,41
मिटाकर,69
सांपों,79
उतरीं,61
दर्शनीय,31
उपकुलपति,35
तुड़वा,168
वास्तु,96
अम्बा,173
जलस्रोत,24
ढीला,180
शिरोमणी,92
वादिनी,173
गैरहाजिरी,138
अनन्त,130
इतवार,148
खेतासराय,145
मक्खियों,79
जयमाला,67
दमनकारी,59
झाला,171
पिछड़े,167
समंवयक,16
दानों,144
संघर्षपूर्ण,165
हारा,142
गतिमान,180
लिखवाने,195
परमपिता,130
दीप्ती,99
मूर्तरूप,1
स्टेडियमों,114
साढ़ू,176
बेडों,66
पिचकारियों,66
प्राधिकृत,76
सीम,180
सीखेंगे,104
कार्याधिकारी,35
त्रिलोकपुरी,152
भाषणों,169
खोलेगी,77
सारंग,12
छोड़ी,61
धमाचौकड़ी,116
जगे,188
निकालेगी,77
प्रान्तीय,125
कोठा,128
लिखवाया,129
दर्शनशास्त्र,52
गोधन,38
फिटर,138
संतो,3
तैराक,114
मतदानकर्मी,68
कमाते,157
चूने,190
निकुंज,12
धमकियों,178
घुटना,56
रस्में,181
कुरीतियां,17
कुचक्र,69
डरी,135
कांजी,171
सटोरियों,143
प्रचुर,25
सिनेमाघरों,122
गगनभेदी,70
लोकसेवा,125
रेहड़ी,78
जयंति,151
सामरिक,107
अभिसूचना,39
सोचें,89
पहचानते,53
कुशाग्र,93
गिनाया,129
प्रतिनियोजित,199
अध्यनरत,192
पात्रो,122
कब्जाया,199
विंध्य,31
बैर,69
घुमंतू,167
महासमिति,30
क्षेत्राधिकार,111
चेतक,171
क्षेत्राधिकारियों,39
हुस्न,156
हीमोग्लोबिन,137
दबाना,117
गुंडई,29
लम्बा,180
मोटापे,166
रिक्तियां,138
झगड़े,185
चौकीदारी,124
रूस्तम,12
सहिष्णुता,141
टकराते,196
निबटाने,15
अंगवस्त्र,105
ओवरलोडेड,78
सजाएं,89
अक्षुण्ण,165
झिझक,74
बावड़ी,24
करनेवाली,160
मिलाई,61
वाचस्पति,12
भ्रमणशील,93
टूटना,46
निन्दा,69
सिखाएंगे,104
जाऐंगे,49
समूल,69
असावधानी,74
मसालों,144
फैलाव,50
नत्थी,195
ऋषिकुल,43
असंख्य,165
लालायित,20
सरलीकरण,11
तनदेही,38
करोगे,83
रचनाकार,85
बलपूर्वक,11
बैठेगी,77
पाटनी,99
फूटे,49
चिपकाया,129
झोंपड़ी,128
उदयशंकर,12
देगें,104
वाट्सएप,75
पहुंचायी,61
छत्र,6
ईनामी,157
तत्क्षण,55
उपराष्ट्रपति,35
बनायें,89
व्यायामशाला,128
परदेसी,171
गुजारे,163
भटकती,135
सौन्दर्यीकरण,33
विधानसभावार,62
उगे,94
बिखराव,50
ढूंढना,90
धुरंधर,85
प्रबुद्धजनों,30
शिविरार्थियों,30
मैथ्स,75
सिक्ख,92
कलापों,120
इल्जाम,54
कांपते,56
कताई,180
चिर,165
सुभावती,149
जमीला,42
पलड़ा,162
दोहपर,174
बायीं,56
ग्लैमर,122
घपलेबाजी,54
मुक्तिधाम,43
चटनी,10
शरणार्थियों,73
शाकाहार,52
व्याकरण,140
बड़ौली,105
लतिका,99
गुंबद,128
औषधियों,18
सिरफिरे,178
नौवां,197
रक्तदानियों,8
कबाड़ियों,66
सीखते,53
यजमानों,115
अखण्ड,165
वर्णनीय,57
तोपखाना,177
नवग्रह,96
क्रेता,95
जुड़ेगा,77
आविष्कार,57
बीमारों,123
अलाप,67
भर्तियों,138
खिलाड़ियों,114
संतोषप्रद,25
बहाई,52
उपमंडलाधिकारी,39
जनजातियों,167
हिन्दु,52
गाइडों,36
रोटावेटर,109
संपादकीय,113
विच्छेद,11
अधिष्ठापन,107
काफूर,20
इस्तकबाल,27
वर्तिका,99
खूनदान,33
बीतता,163
हिंदुत्व,52
फरमा,156
मिलीग्राम,118
अजीबोगरीब,23
दौरों,120
दुधारु,79
अतिक्रमणमुक्त,199
माहिरों,159
स्नानार्थियों,22
सामुहिक,1
हैडपंप,109
आजमाया,129
इंसानी,156
कुंडे,131
कोटेशन,76
बहुआयामी,25
मेंं,73
उठापटक,185
बरगलाने,82
दाद,27
दूजे,156
ट्राइसाइकिल,78
छिड़कने,150
तर्को,111
आलेख,169
बेदम,154
जाग्रत,188
भक्तिरस,67
वचनों,3
बुराइयां,17
ताता,38
रामदुलारी,99
कुटाई,127
साहूकारों,91
प्रशिक्षिका,87
छुटटी,163
सिनेमाघर,122
छोले,10
झुमका,105
लंगूर,79
गुनी,118
कराएंगी,32
आयें,89
कोमा,183
कमाकर,157
आनेवाली,160
नाबालिगा,170
आयेाजन,30
पायेगी,77
गुजरेगी,77
हड़बड़ी,21
रंगी,101
उतारेगी,77
श्वान,79
रोकेंगे,104
सुनामी,84
सत्यभान,149
गोसदन,174
गाढ़ा,101
हड़काया,136
कार्यसाधक,76
पत्तन,137
स्वास्थय,107
हाशिए,167
नशापान,186
नीलमणि,12
पचा,121
सराही,122
खिड़की,26
माड़ी,47
भस्म,55
तेरहवें,197
रणजोध,48
खंती,24
खयानत,170
आर्दश,1
कंप्यूटरों,75
कांटों,180
वसूलता,132
बैटरियां,17
वनमंत्री,35
महानदी,161
लांघ,46
उड़ाया,129
फूलो,158
कूदा,100
वर्गीकरण,57
भूभाग,31
उलझने,15
पुष्पक,55
तैरता,161
पेशकर,67
उद्घोषणा,137
गिरजाघर,128
सहेज,165
मुंडेरा,145
अनुशंसित,76
पारितोष,12
प्रतिष्ठापित,11
उम्रदराज,93
माडलों,75
सरगम,67
करिए,89
विधाता,130
रहस्यों,120
लपेटे,131
झलकती,141
बदइंतजामी,84
अथाह,161
बिगाड़ा,14
यात्राएं,17
दागदार,29
किशोरियां,102
झगड़,162
अंदरुनी,180
सर्वानंद,51
ललकार,70
जगाना,188
पड़ेगी,2
नगरायुक्त,39
सौपेंगे,104
पछाड़,142
अविस्मरणीय,165
दालें,144
टोकने,136
मौजे,38
परिपथ,180
भूमाफियाओं,143
ढोंग,69
बुलंदी,27
नोटीफिकेशन,9
मुख्याध्यापकों,87
नाचन,16
गणमान्यों,30
फंसना,117
औंधे,196
साझे,107
बच्चेदानी,183
फूलबाग,184
अमृतवाणी,88
जलस्रोतों,24
केंद्राध्यक्ष,68
जीतते,142
बहाते,53
काउंटिंग,62
जनसमर्थन,13
अग्निपीड़ित,97
उत्तरपुस्तिका,147
काण्ड,54
तड़का,10
चमकने,112
निष्ठापूर्वक,1
दौड़ाते,100
स्वायत्त,125
मैली,160
हथौड़ी,127
सृजनात्मक,25
प्यासी,161
बंदिश,67
छिनने,82
फिरते,53
फंडा,21
फाल्गुनी,171
प्राथमिकताएं,17
साड़ियों,146
उपसमिति,125
बरई,174
मर्म,169
पुरुषोतम,187
चमकाया,129
बुलानी,2
बूंदों,153
तलवारबाजी,114
तामझाम,21
झाड़ू,45
खिंचवाने,82
तीर्थयात्री,22
योजनान्तर्गत,33
शिक्षार्थियों,192
टैंपों,78
नुकसानदेह,189
बेमतलब,21
त्रिदिवसीय,30
चमके,112
प्रवर्तक,85
गत्ता,155
सौंपेगा,77
समझनी,2
तलाशना,90
प्रशासकीय,125
जख्मियों,110
दिग्भ्रमित,189
बदलावों,120
देशभक्तों,70
द्वापर,55
सिखाते,53
बंदरगाह,73
विनम्रता,141
तर्कशील,93
स्पंज,18
सेंकने,82
अपंगता,74
भिड़े,185
कटेहरी,145
झाकियां,17
पेटिका,155
उपमंडलाधीश,39
सूनसान,184
स्त्रियों,102
स्कैनर,75
बर्बर,59
बहानेबाजी,21
कास्मेटिक,9
सेवाभाव,1
सलाना,157
बछड़ों,79
मौजी,171
मांगती,135
गुफ्तगू,156
निर्वाहन,1
लज्जा,69
खोजना,90
रिक्शों,78
गमलों,94
काबिलियत,27
गमन,180
सर्वस्व,130
जनसंचार,107
उपकृषि,39
नीलगायों,79
कंपन,180
रहनुमाई,156
बरसती,153
खीरों,66
दीर्घ,11
ईरा,99
उड़ेल,168
जुड़ने,126
निशानेबाज,114
रजिस्टरों,195
दार्शनिक,85
लौटेगी,77
आइवीआरआइ,9
बधनी,47
संविदाकर्मी,68
व्यंग,23
चिह्नीकरण,33
हाजियों,7
अज्ञान,69
तुष्टिकरण,139
बलिहार,34
ब्रह्मांड,130
सुधारना,90
मानसूनी,153
बंकर,177
बखेड़ा,168
खस्ताहालत,175
निबटा,15
रेलयात्री,7
वज्र,55
टेलीकाम,9
अनेकता,165
थिरक,65
छीनाझपटी,41
मनोरथ,34
टिकाऊ,25
सहदेई,174
भूलने,126
डलवाकर,81
पर्वतारोही,31
मसर्रत,156
पीड़िता,170
फिजूलखर्ची,21
कालरात्रि,173
खटाल,174
गतिविधिया,107
थरूर,12
कोसने,82
ताई,171
सैंया,38
लौंग,144
आगलगी,174
गमछे,146
पूजनीय,130
रेडिमेड,95
लादे,131
संप्रदायों,52
संवर,156
कमानी,180
डेरों,66
यशस्वी,85
भिखारियों,123
मखाना,144
चतुर,93
छत्रछाया,6
प्रश्नचिह्न,21
लिपटे,131
सुविधायें,107
रॉयल्टी,58
विरोधाभास,141
शाबाशी,27
पढ़ाती,192
मुलतानी,171
गुदगुदाया,23
चन्द्रमा,96
खैनी,186
भोट,38
इन्ही,133
वेंटिलेटर,159
जिलेदार,39
मोरनी,171
जनशिकायत,33
गाती,67
बजाना,28
नारंगी,101
पिछडे़,167
भागता,4
अकुशल,189
मिलाजुला,140
होम्योपैथ,159
फ्लॉप,122
जोड़ो,183
यातना,59
प्रतिकार,139
लैंगिक,57
सनम,156
लक्ष्मणझूला,145
धर्मजीत,48
द्रोण,55
घुसपैठियों,178
मटके,155
जलवाने,82
धर्मसभा,3
उतरती,135
कांवड़,22
किरणजीत,48
बरगला,29
कार्यकलापों,120
छकाया,129
असहमति,179
ग्रहों,96
गुटबंदी,185
दायक,25
स्कैनिंग,75
कुरीति,59
फिक्रमंद,21
उभरने,50
सामान्यत,57
अमूल,171
कटती,5
जंघई,174
झोक,127
लड़का,102
अपमानजनक,189
तोड़ता,46
पेचीदा,15
भेजती,135
संजोने,126
टोना,96
दौड़ना,100
नवां,197
मुरझा,158
चेरीटेबल,9
महिलाए,102
घूमना,90
सजन,38
दिलाएगी,77
अनुशासनिक,0
छुरी,127
आंतकी,178
पिराई,60
हतोत्साहित,189
स्मृतिचिह्न,195
क्लासिक,122
जनसुविधा,33
ओलों,153
मुसलिम,52
लोहियां,17
मुल्जिम,170
आगंतुक,11
द्रव्य,18
धर्मस्थल,52
प्रारुप,76
बैठें,89
बरता,21
खुमार,186
जाफरपुर,145
गरजा,127
अंध,69
झूमर,105
रेलमंडल,194
बायें,56
पड़ावों,66
अनायास,20
दिखाएगी,77
स्टीमर,161
पुरुषार्थ,130
कालांतर,133
गुमनाम,137
वोटें,61
निर्देशिका,76
आरामदायक,25
दुष्कर्मियों,59
दोहराने,126
प्रथमदृष्टया,63
ओढा,168
हैण्डपम्प,109
होनहारों,147
फलफूल,50
हौसलों,27
आफरीन,42
सूफियाना,27
मंगलाचरण,30
मंहगे,95
दक्षिणांचल,72
टिकटें,7
वरियाम,48
नवजीत,48
चाहेगा,90
बांटेंगे,104
रूकवा,81
तानकर,131
उपखनिज,143
खाट,131
रंगरोगन,128
सेहतमंद,106
खिदमत,156
ज्ञानदीप,88
तंद्रा,74
घुमा,121
उपादान,57
कहार,171
अंकुरित,60
मध्यमवर्गीय,167
नक्शों,180
नौकरशाह,29
उपनिरीक्षकों,39
ठहरी,160
घूंसों,127
स्वयंसेविकाओं,87
आकड़ा,157
पितृपक्ष,86
घड़ियां,17
उत्सर्जन,18
ढहाया,71
अपशब्दों,59
मुहुर्त,96
भगौड़ा,170
सहकर्मियों,36
अनुपालना,0
आपूर्तिकर्ता,137
धीमे,189
जुड़ें,89
बैंडबाजे,22
कव्वालों,67
आगणन,76
झपटने,82
अबला,171
रक्तस्राव,183
चीकू,144
बेईमानी,29
ढिंढोरा,136
विदुषी,99
खरीदता,95
जेवरातों,105
निर्दोषों,170
परिजनो,176
गुल्लक,155
पडे़गी,2
पौधशाला,60
होशियारी,141
वजहों,120
कार्यदिवस,148
शक्कर,144
जीतेगी,142
अनुत्तीर्ण,147
लेटी,26
संयमित,25
नागपंचमी,86
संयोजकों,30
खानदान,6
हीरोइन,122
लुटा,157
सिखाना,117
इच्छानुसार,11
सबर,38
रूद्राभिषेक,115
घुड़सवारी,177
मथाना,145
सरोवरों,161
भारतवर्ष,165
आत्माओं,130
उतरवाया,81
परिसंपत्तियों,58
गृहविज्ञान,192
शयनयान,7
बिमारियों,166
गुर्दा,183
गोमुख,161
बहुउद्देश्यीय,33
दयावती,99
तरवारा,145
जयपुरिया,149
मोटाई,118
मार्कण्डेय,55
हंसाया,129
अफगान,177
बालकनी,26
मोरों,79
छोड़नी,2
रुद्राक्ष,96
राष्ट्रभक्ति,70
झंखाड़,168
चुंगल,170
देवोत्थान,86
त्यागकर,69
तापीय,18
खोट,21
जुटें,1
बुना,131
बेलन,180
भर्तियां,138
क्लेरिकल,9
बिखेरने,164
कर्तव्यनिष्ठा,141
परिव्यय,33
उजड़ने,71
डूबता,40
छक्कों,114
अंकन,190
निराली,27
तालों,66
कवयित्री,85
कुतुबखाना,184
लखपति,157
तुड़वाया,81
जांचें,63
नागिन,171
अशुद्ध,189
प्रयोगों,120
दोहा,169
मर्यादाओं,120
यमन,73
मानवी,130
नायकों,36
पंजीरी,10
गरमाने,185
सहभोज,115
योगीराज,88
चढ़ती,135
संकायाध्यक्ष,68
रुलाया,129
तड़पने,154
कारिंदों,29
तड़पती,154
मनेगी,151
समझाए,49
जीतेगा,142
भाऊ,12
उपप्राचार्य,87
कृतसंकल्प,1
कुलियों,66
कालोनीवासी,152
रोकड़,157
बरसते,153
विनम्र,93
मंत्रालयों,125
तिलेश्वर,187
हथकंडा,21
बांधना,117
कोठियों,66
संविदाकर्मियों,110
वीरानी,112
ताउम्र,156
विपदा,84
प्रबन्धन,107
लाठ,16
अमीना,42
परतें,17
संभलकर,196
भेड़ों,79
बैरल,118
पूछता,198
घूंसे,127
पिलाते,186
हत्याभियुक्त,170
संस्कृतियों,165
उलटी,180
कलंदर,42
कटोरी,10
अग्र,180
मृत्युदर,118
राजबाग,184
कचड़ा,45
गिरेबान,26
जमींदारी,91
कालेधन,157
एचसीए,9
लहुलुहान,154
पुनरुद्धार,11
ठेल,121
मानदंड,57
फिजूल,21
रोषपूर्ण,59
भौंरा,158
निरर्थक,189
जमना,171
बेवफाई,156
ब्रजनंदन,149
श्वांस,183
पूंछ,79
राष्ट्रविरोधी,139
मंजी,38
सम्भावना,74
निखर,164
साहूकार,171
दिव्यानंद,51
कॉज,75
खिलाफत,137
अंधता,166
वरिंद्र,48
इत्तेफाक,27
ध्यानाकर्षण,11
तिकोना,180
समझेंगे,104
जोड़कर,121
नजरिये,27
पैगम्बर,52
असामान्य,189
हॉकरों,143
खटास,185
बिताना,163
लोभियों,59
उड़ाने,7
बुद्धू,93
बिहारियों,167
खपाने,82
अमीरी,156
कत्तई,21
पलटे,49
न्यायसंगत,25
बढ़ाएगा,119
जांचों,63
दिलाती,135
टीशर्ट,146
छुड़वा,121
खेमों,185
पारम्परिक,140
शावकों,79
पेंशनधारी,138
कांगड़ी,192
बेबाक,27
वाशिंदे,71
संतानों,176
सिखाएगी,77
बहुएं,102
दयालु,93
पढ़ाएं,192
पड़ें,2
भरनी,2
महामृत्युंजय,96
निपटाकर,15
बाजना,174
विधायिका,125
फालतू,23
पिंक,75
डाकखाने,195
परिवारजनों,36
अध्यापिकाएं,87
सत्संगी,3
आदमखोर,79
अविरलता,161
गुरुनगरी,194
बुलवाकर,81
साढू,176
सखा,34
मुड़ने,100
गुंडे,29
निद्रा,188
चौड़ीकरण,175
योग्यताधारी,138
खोजे,49
रेलगाड़ियां,7
बंदरबाट,157
बछरायूं,145
जमाखोरी,143
पुत्तन,149
आत्मनिर्भरता,1
संवेदनाओं,141
पीड़ा,74
उत्तरीय,73
विभिन्नता,141
प्रेरणास्त्रोत,1
क्षरण,18
क्रियात्मक,57
बंधाते,46
शायरा,42
कुलानुशासक,87
अप्रेल,172
दुलीचंद,48
बॉक्साइट,137
अभि,99
कूदी,100
सर्वकर्मचारी,68
मध्यस्थ,11
शालिग्राम,173
खेलो,114
पायजामा,146
पिलायी,186
घड़ी,180
तरकीब,126
आंतक,178
पकौड़े,10
लेखाजोखा,63
लोभी,69
ढोकर,121
रफादफा,170
छमाही,197
छात्रो,147
मुझको,156
सुलझी,15
सोफा,131
चौपाई,169
बिकते,95
प्रसिद्धि,141
लेमन,75
प्रसादी,22
टुकड़ियों,177
उपचारित,11
प्रतियोगता,114
पीटता,136
कटते,71
चरखा,171
अल्कोहल,186
इमारती,190
झीलों,31
सुधरेगा,14
उड़ाए,121
नर्सरियों,66
बैंको,58
घूमा,163
निपटे,15
टायफाइड,166
भोगता,40
शिल्पकारों,190
सुचेता,99
स्ववित्तपोषित,192
रिएक्शन,75
नर्क,55
संचिकाओं,75
हकमारी,71
चिपकाने,82
प्रतीक्षारत,11
ओजस्वी,93
खुशाल,149
निभाएगा,77
उतारु,162
दूरदर्शी,85
ताड़,168
टिक्का,10
रघुपति,34
चिपकाए,131
पंहुचे,61
खुलवाना,81
इंटर्नशिप,192
अक्षमता,74
गंधर्व,55
मेलजोल,141
लड़ती,162
मिठाईयों,106
कलेजे,154
खूबियों,120
वर्षभर,148
कुलपतियों,125
लाहा,16
मिस्त्रियों,110
पूर्णरूप,57
करदाताओं,58
अभिनन्दन,98
रिकार्डिंग,75
चूहा,79
उपवन,158
निगाहों,26
प्ररेणा,1
निशक्त,123
मापने,118
मानेंगे,104
रामचरितमानस,169
धुंए,44
खोखो,16
ट्रॉलियों,78
चौंकी,20
विश्वंभर,187
अचरज,20
परिसंघ,73
मजबूरीवश,21
क्रोधित,20
सुघर,34
आयेाजित,30
फागुन,65
सहोदर,176
ग्रेनो,9
दिव्यांशी,99
इंकलाब,70
एलीमेंटरी,9
लाभांश,58
महाअभियान,33
सर्वसम्मत,11
तपोभूमि,43
बढ़ाएगी,119
मिन्टू,149
डब्बा,155
बंजारी,152
श्रेष्ठता,141
थरथरी,5
साड़ी,146
आइडियल,75
बेबाकी,27
दिल्लीवासियों,110
मुचलका,170
उत्प्रेरण,18
जीतेंगे,104
धनबल,29
समोसा,10
गुमटियों,66
उबले,10
स्वास्तिक,96
ऑक्सफोर्ड,75
कुहासे,5
सज्जनों,3
उदार,93
कार्यकुशलता,141
विदारक,84
चमड़ा,168
युगेश्वर,187
बेनामी,54
अटरिया,184
दण्ड,0
कार्यपरिषद,125
किरकिरा,23
बेहिसाब,157
पंचतत्व,130
उलंघन,0
बचाता,4
विखंडन,11
घुड़सवार,177
रुपरेखा,107
अतुलनीय,165
चारदिवारी,128
कलशों,115
नजदीकियां,119
औद्यानिक,33
हिस्सेदार,95
जनसभाएं,62
अस्थिर,189
थैलियों,155
रेडियोलाजिस्ट,159
सकतीं,135
सुमधुर,67
कल्पवास,115
सुरक्षाबल,178
गाववासियों,110
घोंपकर,127
दिलाएगा,77
छिपने,124
रेलयात्रियों,7
रंगने,101
ज्योतिषी,96
उज्ज्वला,99
पहनावे,146
डोरे,131
उबल,40
उखाड़ा,168
कटवाकर,81
जातियां,167
कुन्तल,55
समझाई,37
चंडिका,173
चबाने,82
धौला,137
जुम्मा,171
पारो,171
धोएं,150
सफेदा,144
हराभरा,94
हिंदूवादी,52
परलोक,130
पुनर्वासित,123
कृपानंद,51
लिखाया,129
याचिकाएं,111
वृज,16
सेनाध्यक्ष,177
जनक्रांति,13
शीतकाल,31
आशंकाओं,120
स्फूर्ति,141
श्यामसुन्दर,12
लहलहाती,60
प्रेमदास,149
लंढौरा,174
कटेगी,77
पंचामृत,115
ककड़ी,144
बमों,177
कृत्यों,120
भाईजान,42
उदारता,141
निकलवाए,81
सरांय,174
किलकारी,154
आडे़,168
घिनौना,59
कामनाएं,151
झोलाछापों,143
निर्बल,69
पनपता,40
तोड़फोड़,199
कराहते,154
अधिभार,58
गुझिया,10
इशिका,99
तूने,198
हस्ती,85
छोड़ता,4
मिन्नत,179
छलने,82
दीयों,44
मंसूबा,124
कार्यमंत्री,35
होड़,185
समावेशन,107
विरुद्घ,139
दृढ़ता,141
ट्रेने,7
भुक्तभोगियों,110
जिन्न,171
सामयिक,169
हरियाणवीं,140
देखनी,2
दौड़ता,100
नाद,67
जनाजा,156
चाकूबाजी,41
त्रिलोकीनाथ,187
कराओ,83
पाठों,169
गरबा,137
दस्ताने,146
मारती,135
दौड़ेगी,175
बाबूजी,176
इंचौली,145
सप्तक्रांति,194
अन्तरराष्ट्रीय,73
घुमने,163
दांपत्य,181
बिताई,163
वनरक्षी,39
कर्मयोगी,88
छठीं,197
जन्मस्थान,165
उपहारों,98
रचनात्मकता,141
करतूतों,29
फलदायी,25
टोटियां,17
महाशक्ति,55
धर्मावलंबी,52
छारा,16
बीआरसीसी,87
अव्यवहारिक,189
गंवाए,142
बंबे,174
तलाशे,49
अभिरुचि,141
प्रेरणादायी,1
हटाएं,89
इच्छाओं,120
तगड़ी,168
अभियात्रिकी,194
ओढ़ा,146
बचायी,61
सुगंधा,99
अर्थदण्ड,58
बीड़ी,186
पांडियन,152
मापक,180
संघचालक,35
बनिया,171
उपजी,74
गड़ाए,26
मजलूमों,123
मत्स्यजीवी,194
रोकता,4
संस्तुतियों,137
लगवाते,53
निरन्तर,165
जासूस,171
फासले,118
तात्पर्य,57
भैयादूज,86
अड़चनें,74
कस्बावासी,152
धर्मनिरपेक्षता,52
देखीं,61
पर्यावरणविद,85
पत्तल,10
प्रगाढ़,141
जमाई,171
गर्भधारण,102
भूलवश,133
बंटेगा,77
पूर्णता,141
चक्रवात,180
कसता,40
तैरते,161
शख्सियतों,36
यौवन,69
विभव,180
चिन्हीकरण,33
शोधकर्ताओं,36
सौंधी,158
कौड़ियों,95
जिंदगियां,17
बैठाई,61
सींग,79
सरक,196
तेजवंत,48
ईंटें,190
सुकांत,187
संबंधितों,33
काना,171
गाउन,146
सजेगा,77
निशि,99
योजनांतर्गत,33
इनमे,133
तापते,191
सन्यासी,3
बहाए,49
पुश्ता,175
भीगते,153
पत्रिकाओं,113
साढ़,174
रणक्षेत्र,124
भिन्नता,141
प्रवेशद्वार,128
परिलक्षित,57
तुरहा,149
छाते,131
उपासक,130
हुलास,34
आमदा,168
शीरा,10
कप्तानों,114
घुट,154
कुर्ते,146
सदाबहार,122
गूंगी,135
सांध्यकालीन,148
टहनियों,94
सुरीली,67
उपमंत्री,35
बचाओं,137
अधिष्ठान,130
खटखटाएंगे,81
हिन्दुस्तानी,140
गंभीरतापूर्वक,179
चढ़ाना,117
कम्यूनिस्ट,13
कार्यबहिष्कार,199
गुप्तांग,183
तारिणी,173
नियमानुकूल,25
नाटककार,85
होतीं,135
निवारक,18
बूंदी,10
ऊंटों,79
धर्मांतरण,52
नूपुर,99
नेतागण,29
मोबाइलों,75
इमामबाड़े,128
वंचितों,123
अंतर्राज्यीय,73
छिपकली,79
उड़ता,40
कमलापति,187
यत्न,126
लिखापढ़ी,195
हंसने,23
पदमश्री,85
मण्डलायुक्त,39
पैरोकार,13
उगने,94
राममंदिर,13
लौटीं,61
पियक्कड़ों,186
पटकनी,142
हांफ,100
अकूत,157
रखो,83
इंचार्जो,68
पचपन,64
गामी,180
बिग्रेडियर,177
पिंजरा,79
जादुई,18
अलंकार,169
अप्रवासी,73
जताकर,179
चेष्टा,126
संपन्नता,141
सूदखोरों,91
शाकिब,42
भगदड़,116
चिंताएं,74
शेषमणि,149
बट्टा,95
दुष्परिणामों,120
दिखाएगा,77
मुद्रिका,180
भाइचारे,1
बधाईयां,151
सवैया,171
तारामंडल,137
खोलें,89
फलीभूत,11
पलटकर,26
क्लर्को,138
उलझकर,15
पूंजीपति,29
प्रदर्शक,180
झिलमिल,112
लिटा,131
बोलचाल,140
तिरछी,193
अर्धनग्न,59
बिछने,175
जूझता,40
जगराज,149
हमार,38
दरियादिली,27
फुगाना,145
झुमाया,129
अवैधानिक,0
उड़ानें,7
बैठीं,61
भरावन,10
वाल्मीकी,194
क्षेत्रान्तर्गत,103
भरपेट,106
डिलिवरी,75
कारे,78
अंगवस्त्रम,105
छापेमार,124
प्रारम्भिक,57
कमाए,157
संधारित,76
डाकिया,171
उलटफेर,142
कठिनाइयां,74
खारे,161
कोकिला,171
बीसीसी,9
औरतें,102
भटका,40
भूसी,144
संगमरमर,190
हिरणों,79
लंगड़ा,136
लहरें,161
खमियाजा,21
बेजोड़,27
खोये,49
खुलीं,61
आवेदिका,76
गिरजाघरों,36
मनगढ़ंत,54
टंगा,131
विषमता,74
चटकी,5
नोंच,168
भिड़ने,162
बिरहा,67
कसकर,46
लिपटी,131
लुढ़का,196
राकेट,177
निरीह,123
योनि,183
समाया,40
मुंडारी,140
अजान,67
गैसों,18
कल्याणार्थ,130
ऐश्वर्य,130
मुर्गियों,79
समाजसेविका,99
छटपटा,154
छतें,128
मुदगिल,149
वंदेमातरम,70
संघीय,125
पकड़ाए,81
युक्ति,57
फर्राटे,78
जुटनी,22
तनावमुक्त,25
बक्श,42
टाफी,10
अनादि,130
कनिष्क,137
दौड़ा,100
समोसे,10
पंजोखरा,48
संदर्भित,57
बाढ़ग्रस्त,31
क्षमताओं,120
पगडंडियों,175
चौबिया,145
जनमुक्ति,13
गुमनामी,165
शोधपत्र,169
लखेड़ा,16
बोगियां,7
उतरवाने,81
नवाया,56
बेशुमार,156
औजारों,190
सूखते,94
तेलो,150
ओहदे,29
शालीन,93
दुर्घटनास्थल,84
चुस्ती,141
टेरी,171
मूल्याकंन,76
कृपया,89
मिन्नतें,136
डिब्बी,155
कढ़ी,10
हर्षदेव,12
हरिकीर्तन,115
उत्पाती,59
जुगुल,149
परदे,122
पुष्पगुच्छ,158
सत्कर्म,130
जरुरतमंद,123
मुआयने,41
नंगी,160
भगाओ,83
तोप,177
लाजवाब,27
रूहानी,130
चिंतनीय,189
कारो,38
निहायत,21
टंगे,131
तमगा,29
हाशिये,167
विजिटर,75
चेकबुक,195
बेचनी,2
खंडस्तरीय,199
इंजनों,78
पहुंचेगे,104
केदारघाटी,43
तैरने,161
उठवाया,81
देवशरण,149
महात्म्य,115
पककर,60
रगड़,168
सम्बोधन,30
मनचाहा,96
नगाड़ा,28
प्रेमवीर,149
आंकडे़,63
सुखों,130
घनघोर,153
शरणम,34
अनुशरण,130
करेंगें,104
देवालय,43
रॉकेट,177
कसमें,106
झपटा,100
तलवारें,127
कारज,34
पेटेंट,75
भूचाल,50
कार्यकलाप,107
हमसफर,156
इत्तफाकिया,152
लड़ता,162
अपवाद,133
दुनी,38
विजयश्री,142
असलहाधारी,41
जंजीरों,46
कोण,180
भौचक,20
असाधारण,25
फैंक,121
अवांछित,189
कुचलते,53
वैसाखी,86
अम्पायर,114
कुपवाड़ा,72
कलयुगी,55
रहनेवाली,135
वारे,171
लेप,150
सुशिक्षित,93
जर्जरता,50
दहाई,118
गड़बड़ी,16
गीले,150
कटवाया,81
लहुलूहान,154
भिड़,185
असंतोषजनक,189
देखेगी,77
मुखौटा,101
भईया,198
कलेंडर,75
घिरता,40
थमे,5
अंगिका,140
देवियों,173
जगने,188
स्वरूपा,173
शुभचिंतकों,36
कुकृत्य,59
चप्पलें,146
आपदाग्रस्त,84
अनियोजित,189
त्रेता,55
पुस्तकालयों,36
सरायतरीन,152
जैनेंद्र,12
आइआइए,9
कंपकंपी,108
मजनू,171
मानदंडों,120
सफदरगंज,145
बहाकर,161
झगड़ने,162
गोधाम,43
सतनारायण,187
बढे़गी,119
मालगाड़ियों,7
प्रदर्श,63
दीवानों,70
धवल,101
खरीखोटी,136
शामलात,91
अंगूठियां,105
छिपाया,129
अमोनिया,18
ग्रामीणांचल,110
चप्पलों,146
विभू,149
निहारते,26
उड़नदस्तों,8
खुलेंगी,32
युवको,102
संवेदनाएं,98
गुजरेगा,77
इजाद,126
जन्में,85
किस्सा,37
जुड़वाने,81
सहते,154
सीबीसीएस,9
वसूलकर,132
राज्यस्तर,125
ठिठुरने,108
फॉर्मूले,75
तीर्थराज,43
दिलेरी,27
बुझी,191
बहरी,171
सदस्यो,76
बिगड़ी,14
कुंवरगांव,145
उलटे,49
किलों,66
रिश्तेदारियों,181
द्वितीया,86
गुनहगार,170
सताती,135
प्रपंच,69
आदम,171
बंदों,156
ब्योरे,63
शासकों,6
नापने,118
सुनती,135
लेटकर,131
बेकरार,156
मानवरहित,7
खुरपका,166
अबूझ,189
पेड़ा,10
गत्ते,155
बेहिचक,179
सलाहाकार,35
प्रशान्त,12
झरने,31
पातीं,135
खलनायक,122
फिनाले,75
पांडु,55
पाईं,61
विवाहोत्सव,86
गिरेगा,77
रक्तरंजित,70
शौहर,42
तंदरुस्त,93
खटखटा,26
जगदम्बिका,187
भीगे,150
सरियों,66
मरना,90
कौटिल्य,55
मिलावटखोरी,143
रसीदें,195
गुने,118
कर्मियो,138
जन्मजात,189
यज्ञोपवीत,115
फूटने,82
दीवानगी,27
बालूघाट,152
जिहाद,178
संरचनाओं,120
साइफन,24
अंधापन,166
रखवाए,81
समेटकर,121
स्थिती,74
राजसी,6
भटकाव,74
सावरकर,70
विर्मश,76
घटाव,118
ठण्ड,108
खार,38
मीन,96
अपराह्नं,97
उभरती,160
शिवम्,12
पकड़ती,100
चौड़ा,180
मुफलिसी,156
भ्रांतियां,17
सेवाकर,58
सेनाओं,177
बताईं,37
मर्द,102
पॉलिथीन,45
सूदखोर,91
चटका,75
सजधज,65
गुब्बारों,155
स्वयंभू,85
अशुभ,96
दागने,127
एकबारगी,20
कार्यक्षमता,141
क्षेत्रो,73
वर्तन,180
प्रतियों,195
निरपेक्ष,52
उपचालक,97
जमावड़ा,22
विश्रामागार,199
चाव,106
आवेदनकर्ताओं,110
ग्वाला,171
पितामह,55
समाजसेवक,85
देशप्रेम,70
पहुंचाएगी,77
बीतते,163
बिल्डिंगों,128
दादू,171
मंत्रिपरिषद,125
गेहूँ,60
सजना,38
पढ़ाकर,192
सदाकत,42
राजतिलक,6
तदोपरांत,11
जहान,156
पायलटों,36
डॉक्यूमेंट्री,122
समाए,49
बटों,127
प्रयोजन,57
चिल्लाना,117
प्रियव्रत,55
कड़वा,40
आकांक्षाओं,120
मुवक्किल,111
नृपेंद्र,149
सफेदपोशों,29
पाँच,64
कुप्रथा,59
सीरत,156
देवस्थान,43
केंद्राधीक्षकों,68
कत्लेआम,139
मोतीचूर,72
मिटाया,129
सर्जनों,159
छन्ना,45
अतंर्गत,33
मालियों,66
सटकर,26
थोपने,21
बताएगी,77
कंपा,108
संबन्धित,57
मुंडू,182
तृप्त,130
रूबीना,42
स्वीकार्य,57
गिनी,137
योद्धाओं,36
सबंधित,11
ज्ञानवर्धक,169
भाईचारगी,1
मंडराता,40
शयन,55
दिशानिर्देशों,0
रंगबिरंगी,101
उमड़ता,5
वित्तरहित,192
चिन्हांकन,33
सतयुग,55
वेतनवृद्धि,138
संवदेनशील,189
थोपे,21
जमानतीय,170
पूंजीवादी,167
घुटन,74
उतराता,40
फतवा,139
गढ्ढे,24
तोरणद्वार,128
नबाव,42
मंडियां,17
अल्पावास,33
शोषितों,123
मनुहार,98
फेरों,181
बिसाही,152
पेठा,144
दखलंदाजी,21
निकहत,42
मणिभूषण,187
धकेलने,82
देवालयों,43
व्यवसायीकरण,107
गणेशोत्सव,86
़जमीन,97
चुस्की,186
योगगुरु,88
बांधते,46
डिप्स,9
छंटने,5
ताजे,144
टैक्सियां,78
अनसुलझे,15
रामायणी,88
दासी,6
थानाप्रभारी,39
विद्युतकर्मी,68
लौटेगा,77
थके,49
टहनियां,94
साजिशकर्ता,170
कितनों,198
सेबी,137
टकराए,196
बला,156
पट्टियां,17
फलां,198
छटनी,138
जरुरतमंदों,123
मिलाए,49
प्रहरियों,124
रचते,53
वफादारी,141
ढेला,127
हलवाइयों,66
झाड़,94
करायेगा,134
बंधों,180
फाड़े,168
रचयिता,137
पंहुच,49
सरिये,127
आत्मप्रकाश,187
खाताधारी,58
अधिगृहित,11
विभूषित,11
अंगीठी,44
भूगर्भीय,18
झाड़ते,168
गिनाने,21
खलती,27
ऋणों,58
डालेगा,77
तलाकशुदा,181
प्रत्यूष,12
देनेवाले,49
त्यागराजन,187
ताव,136
लटकाकर,131
नीतिया,29
कछुओं,79
विकृति,74
स्थानातरण,11
आदमियों,6
विशुद्ध,57
पूर्वाहन,148
घेरेंगे,104
गन्दगी,45
भ्रांतियों,120
बूढ़ों,102
पिछड़ता,167
डायलॉग,122
घूरा,136
जिज्ञासु,93
प्रभुनारायण,187
वजनी,118
भण्डारे,22
दादागिरी,21
विजयदशमी,86
जनाजे,156
स्मृतियों,165
पल्लेदारों,110
दुरंतो,7
पदचिन्हों,165
पहाड़ों,31
संवासिनियों,8
अधीक्षिका,87
टरबाइन,109
खूबियां,17
दुर्भावना,139
रक्षामंत्री,35
पुलिसवालों,41
सुधारे,49
बाबूओं,29
भारोत्तोलन,114
यूनाईटेड,137
छेड़छाड़,23
सूअरों,79
मॉड्यूल,75
बिखरने,50
चिन्मया,88
बागची,12
एथलीटों,114
संकरे,180
महानता,141
गटक,186
पोत,180
वैशाख,86
सिद्धिदात्री,173
वामदलों,13
पोस्टआफिस,195
अंताक्षरी,67
खामिया,21
फैलाएं,89
दिलवाना,117
थैलों,155
शांतिमय,1
कड़ाके,108
वाचनालय,192
निखरती,164
फॉर्मूला,75
जुलूसों,22
रंगकर्मियों,36
मकबरे,128
उन्नतशील,107
ठूंसकर,121
बेदखली,71
हटेगी,77
अम्बाला,72
विधिविधान,115
न्यारे,130
बैठाना,117
स्वाध्याय,88
फरमाइश,67
जनपथ,180
नेत्रहीनों,123
आध्यात्मिकता,52
सतीष,16
वर्षापात,153
शहजादी,156
गोष्ठियां,30
गजक,10
विध्वंस,11
अराजकतत्व,41
सेवापुरी,145
सरजमीं,70
पुर्ननिर्माण,11
मछुआरे,171
यथोचित,25
राजकोट,72
अगुवा,13
जलभरी,5
शंकाओं,120
धोया,150
मनू,16
भद्दा,23
मूत्रालय,45
थोपा,21
कृपालु,88
भाजी,144
मैत्रेय,55
सेवायत,43
उदारवादी,52
दिशाहीन,189
खोलता,4
फली,144
इंद्रियों,130
घूमी,61
ददरी,174
कब्ज,166
धब्बा,101
उतारें,89
सजती,65
कारीगरी,190
भैरवी,173
जोरी,38
पनपते,50
एकलौता,176
गौरवमयी,165
बदलवाया,81
मसरूर,42
डरकर,121
चूर्ण,150
बिछड़े,154
गुंजा,171
बटवारे,137
लम्बाई,118
महंतों,3
अनन्य,98
जिंदगियों,84
बिजनेसमैन,85
संजो,165
असेंबली,75
झूलती,131
भरोसेमंद,93
पदमुक्त,35
सचित्र,169
गेस्टहाउस,184
पापी,69
माताजी,176
आत्मानंद,51
तने,94
केन्द्राधीक्षकों,68
विश्रामालय,43
आरोपियो,170
गुजारते,163
छुड़ाने,82
बेझिझक,198
उबालकर,150
शब्दावली,140
कम्प्यूटरीकृत,107
हड़तालियों,8
निर्वाध,107
जेबकतरे,41
किफायती,25
धुंधली,160
हुड़दंगियों,66
मान्यवर,98
पशुपतिनाथ,43
सुधरेंगे,14
अरसा,163
अभिलाषी,98
पराक्रम,141
सांडों,137
निरजन,152
अयोजन,30
मूंछ,193
युनुस,42
रंगशाला,122
मरम्मतीकरण,199
क्षेत्रांतर्गत,103
ढोते,53
नोबल,18
घटाया,119
दुल्हा,181
पोलियोरोधी,194
संवाहक,165
छूटते,100
परचा,195
बैठाते,53
अधिष्ठात्री,173
पहुचेंगे,104
नजमुल,42
वृत,180
पदचिह्नों,120
नहलाने,150
सहतवार,145
ठूस,168
इकाईयां,17
पीपे,155
धुआंधार,122
झाड़ने,82
देवाल,182
बढ़वा,119
उमड़ते,5
प्लाई,75
अचूक,96
कड़क,168
सेंक,150
तौला,155
मनचाही,160
पंडिता,88
सूर्योपासना,115
राहे,156
जमावड़े,13
जताए,179
टोपियां,146
प्रतिभागिता,30
नेताओ,29
पीया,186
बसाई,71
मंगलकामना,98
जटिया,149
महीन,101
जहन,27
बाड़ा,184
न्यारा,130
बेईमान,29
महापरिनिर्वाण,88
नुपूर,99
पढ़ो,83
रूची,141
रुपाली,99
पर्चो,195
उपनियंत्रक,194
सुमति,34
प्रचारिणी,88
स्थापन,11
बटाई,91
चारित्रिक,69
टकसाल,6
भटकाने,126
उजाड़ा,71
खिलाते,106
विरंची,34
कुंद,127
मदारी,171
बेंचों,66
गुणी,93
गुलदस्ते,158
रेलनगरी,43
समन्वित,107
तसर,38
प्रेमानंद,51
खिंच,131
कशमकश,74
निर्जन,31
आमलोग,13
आदिनाथ,88
शत्रुधन,187
छिन्न,50
त्रिमूर्ति,55
प्रक्रियाएं,17
चक्रपाणि,187
झटक,121
निभाएगी,77
पिघल,108
नवाचार,107
उड़िया,140
कर्मठता,141
ट्राफिक,75
दर्शनी,194
सुझाया,179
कड़ाही,10
कुक्कुट,79
फुफेरे,176
कहिए,198
उठो,83
पीताम्बर,55
खाये,106
लगायें,89
चुनते,53
कुवंर,149
सुधरा,14
मंजिले,128
आहुत,115
कहो,83
लिखावट,195
याचिकाकर्ताओं,111
विषैला,18
पढ़ाता,4
कंजूसी,21
जन्तु,79
ताती,38
फीसों,143
बुद्धिराम,149
किलोलीटर,118
जड़कर,127
रुबरु,27
विडम्बना,69
कानी,38
देवयानी,99
उंगलियों,56
आवरण,180
चरवाहों,79
कानन,34
कृतज्ञता,98
अधिगम,107
सट्टेबाजों,36
अद्वैत,88
हालंाकि,21
हरख,16
चीरा,183
जताना,90
जीर्णशीर्ण,189
पादुका,55
उड़ाये,168
तेइस,64
जेबों,155
झूलने,131
गुरुपर्व,86
खिलाना,117
आवेदनपत्र,76
झंकार,67
टालते,53
मनाती,151
देखिये,198
जनसंघर्ष,13
उद्घोषित,76
डिजाइनों,190
सोसाईटी,9
मोहल्लावासी,184
पुर्नगठन,125
फुल्की,23
बगलामुखी,173
टलने,185
दखलअंदाजी,21
हरगिज,21
खोखली,160
लौहनगरी,43
रहंी,47
डलिया,182
बेरहम,156
बंधने,46
उखड़े,168
झलकी,37
भूलें,89
मीठापुर,72
दायीं,56
खेमराज,149
कयासों,185
कपट,69
अपनायी,11
बढे़गा,119
मंधना,72
किवाड़,26
तत्कालिक,57
दिवाना,156
सीलबंद,155
बुलाये,49
विजयगढ़,152
मस्तक,56
निराले,27
भोगना,90
मनाता,151
चादरों,66
नाको,72
निर्वासित,11
नर्तकी,122
बारूदी,178
प्रौद्योगिक,107
पुष्पों,158
निरंतरता,141
जड़ा,127
दुग्धाभिषेक,115
खूंटा,127
वर्ण,101
सन्यास,130
छेड़छाड़,59
पुनर्मूल्यांकन,11
शोधकर्ता,85
कसनी,168
तीर्थस्थल,43
कराहती,154
धोबीघाट,184
अफेयर,75
गिरनी,196
विश्वरंजन,12
बिलखती,154
नोकझोक,185
परदा,131
अफगानी,177
चोरीशुदा,41
अफ्तार,42
बकायादारों,143
घसीटकर,121
आतिफ,42
गुमसुम,26
सिवाए,133
पीरजादा,42
वफा,156
खिलाडिय़ों,114
नायिका,122
विकासखंडों,103
तांत्रिकों,3
बुत,156
शर्तें,0
हिमस्खलन,84
किरदारों,122
विघटन,11
नसों,183
सोयी,188
महलदार,152
बनवाते,53
चक्रों,96
मिस्ड,75
उत्सवों,151
भेट,98
पैना,127
सगा,176
भतेरी,38
कमलाकर,187
चयनमुक्त,199
भौंचक,20
पूर्णानंद,51
तार्किक,57
कुल्फी,10
चहक,5
खिलाए,106
कठायत,48
रजिस्ट्रियां,143
घेरते,49
अजंता,190
वशीभूत,69
पुस्तैनी,91
पूर्णचंद्र,187
हाकिमों,6
पावती,195
अखरोट,144
मारो,83
खच्चरों,78
टेपों,63
उपप्रधानाचार्य,87
फूलमालाएं,105
गिराना,117
छिपाए,49
आलोचक,85
दुखदायी,189
फलाफल,96
प्रतिद्वंद्वियों,142
हड़पे,157
डेरवा,174
दोषपूर्ण,189
चुकाया,132
नागार्जुन,55
ब्रह्मालीन,194
डैनी,171
सोचती,135
उदारीकरण,107
बाजारवासियों,110
धामों,43
झाडि़यों,94
आमीन,156
वीकेंड,122
मृग,79
संयोगवश,133
समाचारों,113
पुकारते,53
जहांआरा,42
तकादा,157
मारूफ,42
स्थगनादेश,111
छापर,174
लूटते,53
पटका,131
तानाबाना,165
जनतांत्रिक,13
डाककर्मी,110
अवैतनिक,138
सिखाये,49
धनौली,145
घराती,181
मकरंद,12
सारंगी,28
फहराएंगे,104
निरकारी,199
सरे,171
स्टूल,155
सजदा,156
रुकेंगे,104
चाहेगी,90
राजमा,144
विद्वेष,139
रूपेण,11
चौमुहां,174
कव्वालियों,67
कसक,154
ओढ़े,146
नुस्खे,96
योजनायें,17
एकाग्र,130
सरीखा,40
परीचौक,184
इश्तेयाक,42
झांककर,26
सुराही,155
पादुकोण,137
घनत्व,118
वारा,171
राजलक्ष्मी,99
बीजा,171
यांत्रिकीकरण,107
दिनदहाडे़,41
पाखंड,69
खेलेगी,114
हस्ताक्षरों,195
पके,144
पौष,86
पद्धतियों,120
आक्सफोर्ड,192
अगम,34
देवो,55
बिरयानी,106
पहनते,146
प्रोमोशन,75
बायपास,175
सिद्धपुर,43
जनसुविधाओं,33
अलंकरण,190
मंजूषा,98
छिटक,196
सुयोग्य,93
नानकी,92
वृतांत,169
यौगिक,18
अलताफ,42
निहत्थे,124
परंपराएं,17
आधारहीन,189
गलने,150
बिठाए,26
परखचे,196
सर्वथा,189
जताएंगे,104
आटोरिक्शा,78
डोले,65
मुहल्लेवासी,184
हस्तलिखित,195
इहलीला,55
गिनने,82
गरुड़,55
पिछड़ापन,167
अधिकरियों,8
झेला,84
महारथी,85
कटुता,185
गुड़,144
घमंड,69
कैलाशी,187
रिफलिंग,109
उखाड़े,168
उगलने,191
सुनाएंगे,104
तारीखें,17
जानेमाने,85
आयो,171
बौने,101
जांचकर्ता,63
संबंधन,76
अपनाये,49
गौण,189
शोरी,149
वनभूमि,91
बालियों,105
ईजाद,126
त्रयोदशी,86
हेलिकॉप्टर,177
निपटाना,15
बढ़ाव,119
कुम्हारों,167
हैलीकाप्टर,7
मुददे,13
झोंककर,121
गर्माया,185
पछतावा,69
छात्रायें,147
व्यसन,69
दिहाड़ीदार,91
अहम्,69
दिली,27
अहंकारी,93
सबंधी,76
कुर्बानियां,70
मंजिलों,128
करायेगी,134
रामभक्त,88
कंडे,44
मावे,10
बतादें,21
सर्वाइकल,166
तुमको,83
जनभावनाओं,13
प्राधिकरणों,125
प्रणामी,88
सिद्धी,96
पृच्छा,76
अप्राप्त,76
गड़ा,168
नाहक,136
चिह्नों,180
सांसों,183
शुरूकर,2
सहर्ष,179
केसाथ,163
फुर्ती,100
मानविकी,192
बंधुत्व,1
सुनीति,12
प्रबंधकारिणी,35
गौरक्षा,139
दुत्कार,136
अलकायदा,178
काटती,135
ज्ञानमती,88
स्ववित्त,192
चुटकुले,23
आगबबूला,136
अगामी,33
तना,94
लहराए,70
आयातित,95
जीतो,83
घोलकर,150
शीतलहरी,108
दिलेर,93
कैलोरी,118
गौड़ा,16
पिरोने,46
खरीदेंगे,104
सत्याग्रहियों,70
घोंपा,127
धनवान,93
जलार्पण,115
मरता,4
कड़कड़ाती,108
सूपड़ा,168
टिप्पणियां,17
संगर,34
अगाध,98
पहचानना,90
अपरिचित,189
धकेला,129
मेडलिस्ट,114
इष्ट,130
दूकान,95
कड़वी,160
उछला,196
बेचें,95
जोशियाड़ा,137
आंवले,144
समुंद्र,161
अपनाएंगे,104
देही,38
गहराती,50
सहस्रधारा,43
लूंगी,80
बूचड़खाने,143
आद्रता,108
पक्षपातपूर्ण,189
बजता,28
रामध्यान,187
तूती,171
लीलाएं,17
दनादन,127
तख्तियों,66
मतभेदों,120
बिखेरेंगे,164
दमनात्मक,139
गुमानी,12
बारातघर,184
पिलानी,192
नैसर्गिक,141
उदभेदन,137
मुजरिम,170
सरंक्षक,35
पुनर्गठित,11
मूर्छित,55
रूठे,151
चलचित्र,122
श्लोकों,169
गफलत,21
अवेहलना,0
बैरियरों,175
जयललिता,171
जलना,191
घिनौने,59
बिजी,163
मनबोध,149
जलाये,191
एसआरपी,9
सुखाकर,150
शाहिदा,42
चमड़े,168
सक्रांति,86
नामांतरण,76
आंखमिचौली,153
प्रोडक्ट्स,75
अभयानंद,51
अलोकतांत्रिक,13
शुभांरभ,30
लेड,75
मोहल्लेवासी,110
दम्पति,181
स्लेट,190
केमिकल्स,18
भट्टों,66
अड़े,179
चलवाया,81
शहजादे,6
रुकवाई,81
निराई,60
सैम्फिल,97
तुड़वाने,82
सताए,71
आरडब्लूए,9
ढहाए,71
गिरीराज,187
देवगण,55
अनुसंधानक,137
जलवाए,81
नत्थूलाल,149
रुकता,4
पदार्पण,165
पोलीथिन,45
ढाकी,174
रगों,70
चट्टानी,31
कतर,171
खूबी,27
विलोपित,11
नमस्ते,98
निहारने,26
खातेदार,91
बसते,49
चेकें,33
टमटम,38
कसूरवार,21
इलायची,144
नंदादेवी,31
छिलका,144
स्वरचित,169
जूझती,135
सूरमा,171
डिग्रियों,192
अंडमान,31
रहूंगी,80
बैंकिग,58
आवश्यक्ता,11
पिटे,136
मातृसदन,88
ढाया,129
भराया,81
जलालत,156
हैें,133
उपमण्डल,39
भूखों,123
औकात,29
पुरुस्कार,30
क्यारी,158
चिट्ठा,169
बदनीयती,21
हुलिए,41
कुंडों,66
इनदिनों,133
निकालेगा,77
शिकवा,156
विधिपूर्वक,115
भांपकर,21
बेलघाट,145
संकुचित,189
शिवांग,187
वनरक्षक,39
मैथिल,140
रिहायसी,128
पहरेदार,124
प्रदर्शनियों,36
विप्र,34
गाँधी,137
चेला,92
अंडों,79
छलका,193
पाकड़,94
सेवाभावी,93
भंडारित,11
आबंटित,11
मुक्केबाजों,114
वृष्टि,153
खुदवा,24
समझाबुझाकर,41
सुफल,34
घबराई,20
प्रोद्योगिकी,107
पुनर्मतगणना,62
संजोया,165
बोलेंगे,104
हौजखास,184
निर्ममता,59
तबकों,167
राहें,17
अमादा,21
चुटैल,174
इतवारी,184
पुर्जा,190
डिजायन,190
ढाले,49
खिलाडी,114
जड़ने,168
हिली,196
बैलट,62
अब्दुस,42
चुन्नु,182
वेश्यावृत्ति,59
गागर,161
मिलाना,117
लड़ियों,66
आरे,171
बनायेंगे,104
सिंघाड़ा,144
गोवंशों,8
कुल्हाड़ी,127
अछूती,160
बंधनमुक्त,130
मुकरने,179
पाटीदार,12
अनुजा,99
देखेगा,77
जीवात्मा,130
घिरने,5
मुनकाद,42
अवांछनीय,189
नत्थूराम,149
घराना,6
जेबकतरों,41
जिज्ञासाओं,120
भाबर,72
हांडी,10
ध्वनिमत,62
घटनायें,84
पहलु,57
मंाग,33
पनबिजली,107
कमलों,98
बौआ,16
चरवाहे,79
मेढ़,60
थामी,56
आर्थोपेडिक,159
संताप,69
समभाव,1
चित्कार,154
मद्यपान,186
लहराकर,121
शेडों,175
मल्टीमीडिया,75
पहुंचाएगा,77
गंगेश्वरी,145
सडकों,175
मालन,174
पारकर,121
झाकियों,66
उन्ही,133
बेइज्जत,136
पर्सनेलिटी,9
गिनाए,49
चिन्मयानंद,51
स्वान,171
नवजातों,102
सींच,60
अन्नदाताओं,123
जिलावार,76
भेदभावपूर्ण,59
झूमा,65
भीगा,150
रूधौली,145
निर्मोही,171
गुजरेंगे,104
ताकते,26
मामू,42
कूल्हे,56
पालते,53
गड़बड़झाला,21
स्वायत्तता,125
लपेटकर,131
उड़ाई,61
किसलय,12
मतपेटियां,62
मल्हन,149
प्रार्थियों,147
सिसक,154
पुनर्जीवन,11
बहसबाजी,185
ढालने,126
सिखाएं,89
मर्यादित,25
त्रियुगी,187
शरणस्थली,124
छठें,197
पुष्टी,63
सुरा,186
निचला,180
गाड़कर,168
श्रीराधा,173
धमकाना,117
बिताते,163
सस्वर,67
गर्जना,153
उठवाकर,81
विवेकाधीन,58
पुरखों,165
साक्षरों,192
चिरंजीवी,55
रोकनी,2
भांबरी,114
परिसंपत्ति,58
कुर्ती,146
मांसपेशियों,183
हलुआ,10
सिमेंट,9
महानगरी,43
समझौतों,120
बाल्टियों,66
कूड़ेदानों,66
महाभिषेक,115
गंवारा,90
पिचकारियां,17
खिल्ली,23
दुधिया,101
अजेय,142
दुर्गोत्सव,86
नौकायन,161
मालिश,183
जुगाड़,126
ओलम्पिक,114
ललकारने,82
त्रि,180
सुधारें,89
देहदान,1
शूर,34
उमड़े,22
रचनाकारों,36
शीतलता,98
ढांक,131
तीरंदाज,114
मिथ्या,69
ठिठक,26
रूकावट,74
स्याह,101
सपाटे,163
तल्लीन,163
बीजोपचार,60
द्रवित,20
ठहराए,49
यकीनन,27
फूलगोभी,144
चूड़ियों,105
उड़ानों,7
ब्रह्मचारिणी,173
मांसाहारी,106
कटना,117
फिजीकल,9
लेबिल,195
कामेश,149
धोते,150
वहशी,59
कैथा,174
सदमें,84
मोटरसायकिल,78
अपनानी,2
क्रमबद्ध,169
पहचानें,89
चिकनगुनिया,166
छपवाने,113
बालगृह,192
समझाएं,89
ज्वालागंज,145
निकालता,4
पछाड़ते,142
सीसीडीसी,9
सलीके,27
युगलों,181
प्रस्वीकृति,199
खरबूजा,144
तपेदिक,166
कयामत,156
हटवाना,117
घोटकर,150
नापजोख,91
प्रतिस्पर्धाओं,114
रथों,78
लाडोवाली,152
तिरछा,180
अतएव,133
जोड़ेंगे,104
सनबीम,9
पुस्तकालयाध्यक्ष,87
मेवे,144
स्पर्धाएं,114
ताबड़तोड़,127
लोकलाज,69
जगराता,22
सेंकते,53
लंबू,16
झलकियां,122
भौतिकवादी,52
उफनाई,24
आशंकाएं,17
कब्जेदार,143
बौछारें,153
कृतसंकल्पित,1
जनाधिकार,13
शौचमुक्त,33
जनआंदोलन,13
गदा,127
दौड़ाए,100
निपटाते,15
हत्याकाण्ड,170
टांगे,56
खोलती,135
जेआरएफ,138
बंधनों,46
तनावग्रस्त,189
खाओ,83
मेड़बंदी,199
जनोपयोगी,25
सोचनीय,189
आधारकार्ड,195
मटमैला,101
डेसीबल,137
क्रीड़ाश्री,114
श्रद्धांजली,98
ठुमरी,67
पूर्णरूपेण,57
खैराती,184
खोते,53
खातिरदारी,27
बुझे,191
इंद्रभूषण,187
महापुरूषों,3
बिपाशा,99
घग्घर,161
दिलवाले,122
खिलाएं,89
मुद्राओं,190
क्लियरेंस,9
दर्शनार्थ,22
बरातघर,97
पैदाइश,156
जोडे़,49
कांपने,56
महीप,12
छुड़ाए,168
ताजगी,141
दुआओं,156
गीतांजली,99
अग्निपरीक्षा,55
कामनवेल्थ,114
बगाहे,21
गुड़ाई,60
निभाकर,122
तैरती,161
चलिए,198
अठखेलियां,65
मंत्रोचारण,115
जेएसपीएल,9
उछाला,129
गुरुमुख,92
शिकन,193
सैन्यकर्मी,177
क्वायल,75
कवियत्री,85
इमानदार,93
बुझाना,191
विशम्भर,149
फेकने,82
हेर,38
बाटकर,121
सजेगी,65
खटपट,185
शेरकोट,145
थकावट,74
फंसती,15
पैंतालीस,64
पिटता,136
साधकर,13
कैमिकल,18
झाड़फूंक,82
अदाकारी,122
समस्याओ,120
म्याऊं,79
उठेंगे,104
जाएंगें,104
संशोधनों,0
कबाब,10
अप्राथमिकी,194
आरएमएल,159
इत्मीनान,163
निपटेगी,77
तैराकों,114
नौलखा,171
अधिनियमों,0
कर्तव्यनिष्ठ,93
ठाठ,6
टूटेगा,77
ह्रदय,98
इन्तजार,163
अनसुलझी,15
गणितज्ञ,85
कृपाण,92
सराहते,53
मूल्यवान,25
धर्मगुरुओं,3
दरिंदे,59
बफर,75
डालडा,10
अणु,18
रमानी,12
पहुँचा,129
ठहरते,163
ब्राह्मणी,55
रेगिस्तान,31
बतलाया,129
बंदूकें,177
खरगोश,79
सीखकर,96
सफेदी,101
भवनहीन,137
सुतली,155
अधिवक्तागण,39
शून्यकाल,125
मुलाकातियों,66
अष्ट,137
तिरस्कार,69
प्रतिशतता,118
मुख्यमन्त्री,35
झूलकर,131
छत्रधारी,187
पंजों,56
दवायें,166
हजाम,38
अखर,21
जन्मदाता,137
उखाड़,121
महंतो,3
भूतत्व,18
रपटा,24
बिगाड़ी,14
बिछड़,154
व्यवसायों,36
डांटने,136
शहतूत,94
चश्में,137
दुल्हे,181
परिंदों,79
चीखते,154
भागमभाग,163
गवारा,90
छापी,113
खंगालना,117
प्राचीनतम,137
बमबारी,124
महामंडल,1
गोभक्तों,110
स्वजातीय,167
भाऊपुर,174
ओहदा,6
बिलखने,154
खाताधारियों,58
रिपुदमन,48
नुपुर,99
ईगल,75
केंचुआ,79
पिछड़ी,167
उतरवाकर,81
नाथी,16
जीवनलीला,55
पत्रलेख,194
मांझे,155
होंठ,193
विजिटिंग,9
प्रतिष्ठापना,1
राजेसुल्तानपुर,72
काठी,171
सुरुचि,141
इंतजामात,124
मार्गाें,175
रेंगती,135
उबला,106
परामर्शदात्री,125
लौटता,4
चीखें,154
अंतर्कलह,185
निवाले,106
अमुक,198
न्यायवादी,111
किंगफिशर,79
नेतागिरी,29
फोड़,121
सत्ते,171
देशविरोधी,139
गृहमंत्रालय,125
थमाकर,121
जोट,16
स्वर्णलता,99
पीड़िताओं,170
उजियारा,112
फलाहारी,106
मेंबरशिप,75
सुहाने,65
शिक्षाशास्त्र,192
पिटायी,136
वसा,18
नवचेतना,1
श्रद्घालु,22
दुगनी,118
पैंसठ,64
टोटियों,66
फटाफट,75
विश्वबंधु,187
हैण्डपंप,109
जकड़ा,46
कौआ,79
जटा,55
मुखालफत,13
दरिद्र,123
ज्योतिसर,43
चरमराने,50
दरख्वास्त,179
नौरंग,149
प्रस्तावकों,36
कहानीकार,85
कमाही,152
फुहारें,153
करदाता,58
अटपटा,23
तारो,112
इसलाम,52
फुलवारीशरीफ,145
कुंठित,189
निकटस्थ,72
उड़ी,171
लॉरेंस,171
घुमाते,53
जनसेवकों,29
सौभाग्यशाली,98
आंखमिचौनी,153
किश्तें,58
सहोदय,9
लाइसेंसधारी,36
भेंटें,17
जनेऊ,105
गंवाई,84
ज्योंही,55
पसरे,5
झोंकों,5
मरीजो,159
पूस,38
पैमाईश,91
चुक,49
लाडला,176
बाबाजी,3
चावलों,10
उखड़कर,168
मुद्रित,195
सबद,34
स्वर्गवास,176
पड़नी,2
शांतिप्रिय,93
हरदम,40
खेसर,16
पढे़,37
पाणीग्राही,194
आतिश,156
ग्रामसभाओं,103
राजनयिक,73
निर्माणी,76
उकसाया,129
संवेदन,141
बरसाकर,121
तेजस,7
गुजरकर,175
खींचना,117
लड़ें,162
आंतकवाद,178
फुरसत,163
बत्तीस,64
मालगुजारी,91
थानो,39
भज्जी,136
छाले,166
पिटने,82
सरकारीकरण,33
रोड़ा,175
वनवे,175
बरबादी,21
नाड़ी,183
जीवनकाल,165
बसाए,71
बहुद्देश्यीय,199
लेगें,104
रिस,150
बेइज्जती,136
उलझता,15
मूकबधिर,102
मस्तानी,171
विनिमय,58
लंबरदार,152
गोरखाओं,6
जत्थेदारों,110
अग्रदूत,137
गूंगा,171
बसती,160
कटु,189
लौटाना,132
दरारों,50
ईमाम,42
आंदोलनात्मक,13
नावें,161
एबीएम,177
कलरव,79
जगतगुरु,88
संगति,141
चखने,106
जीवनभर,1
जयते,137
गूढ़,169
रचे,49
तड़तड़ाहट,5
द्वारचार,181
बर्फीले,31
कुरियर,75
भागती,135
गूजर,171
भण्डार,190
तीर्थो,43
तुमसे,83
वानर,55
जातपात,139
विवाहिताओं,181
शेषनाग,55
खेलप्रेमी,114
काव्यपाठ,30
फूंकते,53
विष्णुपद,43
बोए,60
व्यस्क,102
अक्षम्य,59
तौलने,82
पेंशनधारक,138
बसंतोत्सव,86
तोड़ी,46
जिलेवार,76
विनियोग,11
नटखट,93
लूटना,117
दुबारी,145
झलकता,141
झूलाघाट,145
गुरुजन,88
घुमाकर,121
लालिमा,101
सासदों,13
पोस्टर्माटम,199
अनुवादक,85
तबदीली,156
कायनात,156
नाजनीन,42
फेकू,38
खानाबदोश,171
स्नातकों,192
मंदर,34
टीकों,166
जगदंबिका,149
अपव्यय,69
स्नानागार,137
जाऊंगी,80
धर्माचार्य,3
दंगाइयों,178
पूजे,49
धूलिया,12
नहला,150
राजनीतिशास्त्र,192
शम्भु,12
देहातों,123
बटोरे,142
मैग्जीन,113
दुहराया,129
उलझते,15
जनहितकारी,1
आइएपी,137
पहनाए,146
व्यापम,54
खानों,137
मातृशक्ति,1
सुन्न,183
अदूरदर्शिता,29
वसीर,16
कसीदे,37
मापा,118
बेचेंगे,95
गौशालाओं,143
डाकू,171
भाड़ा,7
खोजकर,121
मति,34
संक्षेप,169
वर्दीधारियों,41
प्रतिद्वंद्विता,185
जर्दा,186
प्रविष्ट,11
मुरब्बा,144
अग्निकांडों,84
भाषाई,140
नमित,12
उल्लेखित,57
इंटीरियर,75
पंट्टे,199
चमकी,112
फेरने,82
प्रश्नोत्तर,169
कुंभकार,190
फोटोग्राफरों,36
दंडवत,26
आपलोग,198
छायाकार,85
सजातीय,18
भड़कने,139
सन्त,137
फूली,160
हड़बड़ा,100
घोंटने,82
फारुखी,42
सेमिनारों,30
उपमंडलीय,39
ठूंठ,94
अंतिमा,99
सिरदर्दी,199
फटते,5
नवमीं,86
लहंगा,146
सरंपच,16
इन्सान,156
परिपाटी,165
जुलुस,22
वायुयान,7
अपूर्णीय,165
पकाई,10
कबूतरों,79
घोड़ा,171
सुपरस्टार,122
गोधना,174
करनेवाला,4
वरमाला,105
प्रतिनिध,35
कालचक्र,96
हैपेटाइटिस,166
जोड़ों,183
भरवाई,81
जिद्द,179
सरहदों,124
प्राणप्रतिष्ठा,115
सहा,129
आपलोगों,198
भूड़ा,47
चौमुखी,43
व्यस्तम,175
घोटालेबाजों,29
पूछो,198
लौटती,135
छोड़ती,135
क्षेत्रपाल,43
तीर्थयात्रा,43
मोड़कर,56
रस्मों,181
अधजला,44
झण्डी,182
उद्भव,57
नगरपर्षद,97
संचिता,99
शनिचर,148
आखरी,197
तपोस्थली,43
झड़पें,71
कसेगी,21
ममेरा,176
सहानुभूतिपूर्वक,179
कोकीन,186
भेदी,180
बचित्तर,152
अलगाव,74
मुरझाए,158
घूसखोरी,29
वृद्घ,123
प्रत्यारोपित,183
गठरी,155
करमापा,137
पितांबर,149
विश्लेषक,85
टांगों,56
जगमेल,48
खराबा,139
दिवार,128
रटाया,37
विफलताओं,120
अक्स,156
निवर्हन,199
मनवर,174
वृद्धजनों,123
भण्डारण,107
कथाएं,37
दयानिधि,12
कार्डियोलॉजी,159
साधी,160
उपाए,96
अर्धशतक,114
पूंजीवाद,107
शर्मिदा,21
कुट्टी,171
जुआं,95
शरदोत्सव,30
भिजवाए,81
उमड़ा,22
मरवा,121
उखाड़ी,168
आचमन,115
एंजल्स,75
बेचारा,198
रामराज्य,55
पेशगी,157
कड़ाई,0
कड़वाहट,74
निशानेबाजों,114
बंगलों,66
अभ्यार्थी,147
सुखदेवनगर,152
धड़ों,13
मंसा,92
वत्सल,99
अन्यायपूर्ण,59
फूटकर,154
रिसने,50
फसले,60
कतराती,135
छपवाकर,195
ऊर्जामंत्री,68
टटोली,61
कब्जाधारी,199
घुन,60
बनावटी,23
सूजी,10
उफना,24
खलेगी,77
मांसाहार,106
उभय,57
उपप्रबंधक,68
तलवारों,127
कुश्तियां,114
नवसंवत्सर,86
संस्कारी,93
जंगले,128
विशेषताएं,17
प्रतिभूति,58
गुदा,183
सरसा,92
चतुराई,141
खोता,40
भण्डारा,22
जायगा,133
बढ़ाओ,83
मंगाना,81
उत्तेजना,74
कौस्तुभ,12
कट्टर,52
ऑक्साइड,18
चबूतरों,66
लगाएंगी,32
मसाज,183
रोहिन,149
तुल्य,180
मायकेवालों,181
निर्माणधीन,175
बजेगा,28
वितरणी,97
सुलझाते,15
सूचनानुसार,76
पैकेटों,155
यौनाचार,59
विशेषज्ञता,107
महफिले,67
सौंपनी,2
बिछायी,131
उपनिर्वाचन,62
श्रद्धालुओ,22
गरमपानी,182
ढही,128
महाप्रबन्धक,35
बिंदिया,105
आक्रोशितों,110
थें,133
पंचगछिया,145
लुढ़कने,196
कलाकारी,190
छीनना,117
क्षणिक,189
तैलीय,18
माहवार,58
सुनिधि,99
हकीमों,159
बितानी,163
साप्रदायिक,139
पसीजा,154
हड़पना,71
व्रतधारियों,115
आजमाए,49
चमचमाती,112
शासनादेशों,76
तटीकरण,33
बिन्दुवार,63
हिमोत्कर्ष,33
घबराना,90
सालो,172
विधियां,17
इण्टरमीडिएट,192
विडियोग्राफी,63
काष्ठ,190
सत्तो,182
लड़ाया,162
वामपंथियों,13
परिपत्र,76
कराऊंगा,80
नस्लों,79
जुल्फेकार,42
जागना,188
दुर्जन,55
टैक्सटाइल,9
हाड़ी,182
वासना,69
रौंदने,71
हुड़दंग,116
कार्याे,33
कंप्रेशर,109
अहर्ता,76
आस्तिक,52
संभलने,196
झाड़ा,168
अंशकालीन,138
घुंघरू,105
मंहत,88
आशान्वित,20
खगोलीय,180
पीरों,3
उगले,38
तराइ,72
अदभुत,165
चौकड़ी,168
किलोभार,152
असीमित,25
जनमेजय,55
सभ्रांत,167
पंगा,198
गप्पे,23
ठसाठस,78
घोलने,150
जिताया,142
बादशाही,6
प्रदूषणमुक्त,33
जिताकर,62
दहलाने,84
मदमस्त,65
यतींद्र,12
जनसामान्य,57
रसूखदारों,29
एलोपैथी,159
वांछितों,110
सारांश,169
नुकीले,180
दिलवाकर,81
सुलझाए,15
थप्पड़,136
माइलेज,118
पूर्वाग्रह,69
संजोये,165
जलसंरक्षण,33
नागराज,55
प्रोस्पेक्टस,9
उत्साहजनक,189
हड़बड़ाहट,100
ननकऊ,145
उच्चायुक्त,35
विस्फोटकों,18
अंधेर,112
श्रद्धालुगण,22
ब्रह्मस्थान,43
एनईपी,107
नाशपाती,144
नेत्रालय,159
मुख्त्यार,42
शीशियां,17
राष्ट्रीयकरण,137
रामलीलाओं,194
रुचिकर,25
गेरुआ,146
दबाते,53
संवददाता,113
गुरुरानी,187
मनभावन,65
दूरदर्शिता,141
कार्यशालाएं,30
समधन,38
पिलाए,186
वृत्ति,69
वैर,69
आंवटन,33
सहप्रभारी,68
पकड़ो,83
कंटीले,94
पोलिटेक्निक,192
कथाव्यास,88
आइये,89
मोक्षदायिनी,173
एकाधिकार,0
राष्टीय,13
उतावले,20
कब्जाई,91
अमृतवर्षा,115
लायें,89
बंटाधार,29
शोरशराबा,116
सारिक,42
पीत,101
सप्त,55
पूछिए,198
खोना,90
सहसा,20
महाबल,55
प्रस्तावना,169
शरीयत,0
सपेरा,171
शिक्षाप्रद,169
टॉपरों,147
चमकते,112
हथौड़े,127
सयंत्र,109
लेागों,143
गुनगुनी,108
प्राणि,130
एमडीबी,9
होठों,193
तिनका,40
पाठयक्रमों,192
जिस्मफरोशी,54
खूंटे,46
नजदीकियों,185
सत्यमेव,137
कालिदास,55
अस्थियों,183
उत्तरा,55
न्यूक्लियर,9
ध्यानपूर्वक,169
सहूलियतों,120
चित्रकारों,36
बहुद्देशीय,107
पैंशन,58
चलवाकर,81
नुमाइंदगी,13
तेजरफ्तार,78
परिपक्वता,141
महत्वाकांक्षा,69
परिसेवा,107
सुनेगा,77
निर्धनों,123
भोगने,126
तालीमी,42
डिग्रीधारी,192
घोड़े,79
तंदुरुस्त,93
फैलेगी,77
छिलके,144
असुरों,55
सबस्टेशनों,109
रंगरेलियां,151
लोकगायक,85
टकरायी,196
दायें,56
भटकी,160
स्कीइंग,31
झुमके,105
उपनयन,115
बैंडबाजा,28
खोपड़ी,168
फिल्मकार,85
समझाबुझा,41
बढावा,107
थमाए,157
उपहास,23
ठनी,185
धरौली,145
परिंदा,156
रामजन्मभूमि,13
ध्रुवीकरण,139
श्रममंत्री,35
शुभेन्दु,187
छोड़ेगी,77
न्यायाधिकरण,111
धिक्कार,69
धोखेबाज,54
शतकीय,114
विश्वविख्यात,85
कनिष्का,99
टंगी,131
भेड़िया,79
वसूलती,132
शुद्धीकरण,18
धरपकड़,41
सुलझाना,15
नखरे,136
जबड़े,168
एस्कॉर्ट,75
पण्डित,88
कायदा,178
फटकने,121
बृहस्पति,96
माफियों,143
हिमाकत,21
राजस्वकर्मी,110
उपश्रमायुक्त,39
प्रस्तुतिया,30
गलियारा,128
आदतें,17
सखियों,65
पड़वा,86
परम्पराओं,52
दुर्गविजय,187
डसने,82
पुखराज,105
संग्रहीत,11
धड़कने,5
बरतेंगे,104
वादियां,31
बंधवाने,82
नशेबाज,41
राष्ट्रद्रोह,139
शिल्पग्राम,190
शत्रुजीत,187
हितकर,25
सुनारों,66
स्तम्भ,190
प्राचार्यों,87
चट्टानों,31
लिखवाकर,81
छोड़ेगा,77
निसंदेह,133
अणुव्रत,1
प्रकारेण,21
भट्टियां,17
बोधि,130
जगदगुरु,88
कैटवॉक,65
उजड़े,71
पंचनामे,195
अंगहीन,183
साफा,146
कालचीनी,72
चालानों,195
खम्भे,128
बिजलीकर्मी,110
आशीर्वचन,98
दारु,186
पदयात्रियों,110
जज्बात,27
जटिलता,74
गुर्गों,29
जमाते,53
हिचकते,53
हफ्तेभर,172
थर्रा,20
बैशाख,86
आऊंगा,80
निकालनी,2
संर्घष,1
अस्पष्ट,189
सम्बंधी,57
मजूदरों,91
चयनकर्ता,114
झुलसाने,191
अजीबो,23
कुंओं,24
पंक्तिबद्ध,180
बिछावन,131
टपका,193
शिल्पियों,190
जुटाते,53
एक्साईज,9
सहचालक,68
मिलावटखोर,143
साझीदार,57
दर्शनार्थी,22
चालाक,93
कौंध,20
बाँध,46
सुयश,98
बगले,26
तकलीफों,74
जमाये,49
पियुष,12
विनिवेश,58
चौपाइयों,169
औलिया,42
गौरवपूर्ण,165
लचीला,25
कचौड़ी,10
सारगर्भित,169
सोल्यूशन,9
कूचों,45
भील,137
विचलन,180
सहायिकाएं,87
बैरहना,184
सैंकड़ों,64
गूंजायमान,67
विश्वासी,93
लगातर,118
संगीनों,66
चयनकर्ताओं,114
गिनाईं,61
डरता,4
वातारण,18
समसामयिक,169
काबलियत,27
वचनबद्धता,141
संगीतज्ञ,85
रजनीगंधा,158
मृदुभाषी,93
टेनरी,9
भंडाफोड़,54
डिगा,142
सम्पदा,165
शान्त,137
गूंजेगा,67
गिरवा,121
संभवतया,133
भरेगी,77
तितली,79
लड़ेंगे,162
रोमांस,122
पतले,101
अवसरवादी,13
पित्त,183
पछुवा,5
इन्टर,9
वैरागी,3
पड़ोसन,176
तोड़फोड़,41
ढूंढकर,121
मंडलियां,17
दमक,112
तिलकोत्सव,86
शिंकजा,168
टेढ़े,180
अविकसित,189
रुहानी,42
हड़पने,54
भींग,5
इसबीच,133
दिनोदिन,119
पलाश,94
राज्यरानी,7
मचाती,116
पधारी,30
बिछे,131
नसें,193
राजनीतिकरण,139
पोजिशन,75
रोकती,135
तैरना,161
फरसे,127
इफ्तिखार,42
सुरही,174
इतकाल,194
होनेवाला,57
भटककर,121
भाषाएं,140
संकल्पों,120
सौतन,38
उपकेन्द्रों,109
क्षत्रियों,167
उत्तरपुस्तिकाएं,147
नबाब,42
ठोंकी,127
अनादर,69
पटककर,121
सजकर,65
धातुओं,18
उन्मुक्त,98
कब्रों,128
असलाहों,66
उग्रतारा,173
दोषारोपण,21
चम्पत,12
बनाएंगी,32
पहनावा,146
परिचारक,138
डायरेक्टरी,75
समाई,160
बढोत्तरी,118
बुन,131
प्रणायाम,96
गौवंशीय,79
विकेटकीपर,114
नकाबपोशों,41
कोनों,180
सुन्दरीकरण,33
रस्से,131
टिप्पणियों,169
ढोया,78
महाभियान,30
अलबेला,171
लेटेस्ट,75
बतायें,89
पंचदेव,173
उमसभरी,108
बहरा,171
प्रमाणिकता,63
सुलझे,15
जिम्मेवारियों,120
प्रवासियों,73
उद्घाटित,11
पिलाएंगे,104
बताइए,198
समाजशास्त्री,85
मनोवांछित,25
बिछाना,117
ढोना,117
गड़े,168
जातिवादी,167
विजयोत्सव,86
जलज,34
आसुरी,69
प्राधानाचार्य,87
मृतप्राय,189
जनसमस्या,33
जनमंच,16
हैवान,156
जलघरों,66
व्यापारीकरण,107
मिथक,165
मुर्दे,44
समन्यवक,39
दर्शी,130
उपलब्धिया,27
चर्मरोग,166
आर्ट्स,9
रिक्टर,137
अंतरजिला,194
मझोले,143
तैय्यब,42
गुच्छा,180
प्रक्षेत्रीय,194
आत्मीय,98
वीरांगनाओं,70
वीडियों,75
प्रवचनकर्ता,3
चिह्नांकन,76
जगदंबे,173
दुर्बल,189
दूरवर्ती,73
पड़ेंगी,2
योनियों,130
सेमिनरी,192
खरीदती,95
छिना,71
स्वर्णाभूषण,105
फलस्वरुप,133
लिखता,4
गिला,156
त्रिकोण,180
झोल,38
वनमाली,55
माननी,2
भूलन,149
डालेगी,77
बाउंसरों,41
समयबद्धता,141
मध्यावधि,11
जोशीला,93
लालफीताशाही,29
निवृत्ति,11
उत्तरोत्तर,25
प्रदोष,96
शिक्षार्थी,192
समतुल्य,180
चाहूंगा,90
रामेश्वरम,43
तुड़वाकर,81
मंथरा,55
डसीला,48
दुश्वारी,156
जलाएंगे,104
कणों,18
हस्तशिल्पियों,36
रंगरूटों,177
आतंरिक,57
अतिआवश्यक,25
वृहस्पतिवार,148
कोशिकाओं,183
गायिकी,67
अमावस,112
दौड़ाएं,100
तमाशे,23
पदास्थापित,199
मंडपों,128
घटेगी,119
जुटकर,1
प्रशस्तिपत्र,30
झेली,84
अल्पाहार,106
इमरती,10
पचम्बा,72
निरोध,69
बेचती,95
नासमझी,21
हमराह,156
सड़न,168
उत्पीड़ित,59
डगमगा,196
गठजोड़,54
पंचायतो,103
सोख्ता,155
गोमूत्र,18
बंदिशों,46
दुर्गन्ध,45
उड़े,49
समुंदर,161
ललकारते,53
समेटा,129
कर्मों,130
ब्रांडों,36
प्राप्तियों,137
आईटीसी,9
इक्के,78
ओवरहैड,75
पदोन्नतियां,138
परिचयपत्र,195
ब्रॉडगेज,175
थमाई,61
चमकदार,101
भिक्षा,123
सुपरहिट,122
खिचड़ी,10
बंदगी,156
प्लेटिना,9
अडे़,41
नवरत्न,137
दवात,155
चौड़ाई,180
बिखेरते,164
बाइकर,171
इति,34
हिन्दुत्व,52
संवरने,164
रात्री,148
कार्बनिक,18
सिंहों,79
पूछेंगे,198
जलयात्रा,161
धोए,150
भाषियों,140
चूजे,79
चित्रलेखा,99
नरकंकाल,190
लड़ी,162
दमकलकर्मियों,110
पोषाक,146
गरमाहट,108
उपलों,44
बोतलबंद,186
बृजवासी,12
विश्वशांति,1
जुल,1
पंचायतनामा,103
दूनी,118
किधर,198
मसालेदार,106
खातेदारों,91
भूकम्प,84
वंशगोपाल,187
फेंकू,136
मधेश्वर,43
अपनापन,40
परंपरानुसार,6
रखवाले,124
जगाते,188
मतपेटिकाओं,62
बारंबार,180
पनपे,50
घुसना,117
ब्रह्माचारिणी,173
ढाढ़स,34
रुदायन,174
झण्डा,70
इंडियंस,114
खुलवाएं,81
तेंदुओं,79
पगड़ी,146
खड़का,16
अनुमंडलों,125
पहुंचनी,2
दरबदर,71
जिता,142
घपलों,54
रस्सियों,131
उन्मुख,57
बचाएंगे,104
रूपपुर,145
बेकारी,123
विक्रमाजीत,187
कठोरता,141
ढंकने,82
भीगी,5
अतिशय,189
अंगीकार,11
प्रजातांत्रिक,13
ढकी,160
कृषिमंत्री,35
सेवायें,107
अख्तरी,42
उपमंडलों,8
जनरेटरों,109
आश्वास्त,199
पद्मभूषण,85
परिक्षण,11
थकते,53
घेरी,174
अध्यापकगण,87
उपार्जित,11
पहचानो,83
संजोकर,165
खडी,26
प्रश्नावली,63
हंगामें,185
दत्तक,6
घटेगा,119
गुम्मा,182
पंडितजी,88
लेनेवाले,49
मनोदशा,74
बिरौली,145
पारिजात,55
चतुर्दिक,55
फिल्माए,122
सुपूर्द,156
कार्यपालिका,125
बवंडर,180
निर्धनता,123
लिपिका,99
कल्प,55
सबमें,133
गोश्त,106
हलाल,106
पेशकारी,122
कूदते,100
गजलें,37
स्वरों,67
ढोंगी,3
आधुनिकतम,107
त्रिपाल,187
कीकर,94
मानुष,171
एकपक्षीय,189
शमशानघाट,184
दिक्कते,74
शर्मिदगी,21
परोपकारी,93
परिवर्तनकारी,25
संवादददाता,194
बालाओं,65
कटवाए,81
देशद्रोहियों,178
बुझेगी,191
कार्यशील,25
भागवताचार्य,88
प्रीतिभोज,181
बाबु,12
प्रक्षेपण,57
सताया,129
तेजतर्रार,93
आवारागर्दी,163
सूपा,174
निर्गुण,130
बेजुबानों,156
दौड़े,100
गृहक्लेश,96
मुड़ा,100
नशाबंदी,1
समाओ,16
बाजीगरी,27
राजगद्दी,6
अग्रसारण,76
रक्षासूत्र,115
तोहमत,21
हेडलाइट,78
यज्ञस्थल,115
धूर,168
बरतेगा,21
अटैचमेंट,75
पालित,55
पैराशूट,177
बंदूकों,177
छटपटाने,154
कटता,40
गोतस्करों,41
इच्छाएं,17
तराश,190
प्रामाणिक,169
याददाश्त,183
छपवाए,195
दीर्घकालीन,107
कोर्सों,192
एनेस्थीसिया,183
बूढे़,102
संभालकर,121
अंगुठी,105
हरस्वरूप,16
नहाए,150
नियमितिकरण,33
खेलमंत्री,35
दोगे,83
कुपित,20
ज्ञाता,85
बुझती,191
सांध्य,148
द्वारे,38
लाभपात्रियों,8
लहराएगा,77
विश्वदाय,43
निगलकर,121
बगावती,13
खैरियत,198
गिद्दे,65
सुनाएगी,77
रिहाइशी,128
फोड़ते,168
एरोबिक्स,75
शिवबचन,149
वास्तुकला,190
गुरवचन,48
पखवाड़े,172
निर्माणकर्ता,190
आपदाएं,84
गृहणियां,17
भोगियों,138
शुभचिंतक,85
लिटाकर,131
चूड़िया,105
कुड़वा,16
मुलाकाती,17
हट्टी,182
पिसाई,150
निशानों,180
जाऐगा,133
बुद्धिमान,93
संस्थापिका,87
दम्पती,181
आवर्ती,180
सतगुरू,92
घनमीटर,118
खिंचने,82
बागीचे,94
शेरनी,79
उपेक्षात्मक,189
नहाना,150
गोसाईं,12
अंगारों,191
लम्हों,163
चिरौंजी,144
कचड़े,45
अल्पमत,13
अमिय,34
स्थानो,31
पारियों,114
पैथोलॉजिस्ट,159
आहिस्ता,131
क्रान्ति,70
छेना,10
अभिषद,16
माफीनामा,195
मृत्युदंड,170
जकड़े,168
पूछती,198
लंबोदर,173
जागती,188
घुमावदार,180
सौन्दर्य,141
कंसलटेंसी,9
बीएमडब्ल्यू,78
भंवरा,65
गहराते,50
सरपंची,103
बुनने,131
आत्मीयता,141
इंसुलिन,183
छोडे़,49
इकठ्ठा,121
चराया,79
काक,12
बहिन,176
डलवाए,81
उपप्रधानमंत्री,35
पल्टन,171
रखूंगा,80
जीतीं,142
रसोइये,106
अपरंपार,130
बाल्टियां,17
भारतवासी,70
लपेटा,131
फुलझड़ी,44
डाककर्मियों,110
उतरेंगी,32
भंगड़े,16
नवरंग,171
जलस्त्रोतों,24
गेंहूं,60
दबाई,61
डाकबंगले,184
समयसारिणी,76
कूटा,182
पुनरावृति,11
लहरियों,67
कूड़ेदान,45
डकारने,157
ठोकी,127
सिरा,180
यांत्रिकरण,107
हंसिया,127
उगला,40
चित्रकूटधाम,33
केबाद,41
कमरतोड़,168
बल्लियां,17
दुर्वेश,149
लालची,93
हवालातियों,170
चिल्लाई,154
वेटलिफ्टिंग,114
तपसी,16
श्रद्धेय,88
करतबों,122
उनमे,133
सुरूर,186
मस्जिदें,128
साम्प्रदायिकता,139
दरारे,50
अस्वस्थता,74
गुण्डा,29
नम्बरों,75
स्वराज्य,70
मेष,96
सकून,40
ब्यौरे,63
पंहुचा,129
रोकटोक,21
कमाता,157
सुलगती,191
छापों,120
मांगेगी,77
पदाधिकारियो,68
तानी,38
हानियों,120
लंगरों,66
दुराचारी,59
दवाखाना,159
झड़पों,178
बेचारी,135
सूर्यमुखी,158
मुफसिल,174
भ्रांति,74
रोमांटिक,122
झुकी,56
गरमाई,185
लुभावन,65
रुबरू,27
टेकते,56
पुलिसवाले,41
उजाड़े,71
थमाने,82
रसगुल्ला,10
नवरतन,149
आदतन,133
अलगाववाद,139
चमरा,16
बुझानी,191
सत्तन,149
मित्रवत,93
हत्याकर,41
इश्तहार,113
चंद्रग्रहण,86
लुटे,71
दुक्के,137
मुर्गियां,79
छुपकर,26
कार्रंवाई,97
नेतृत्वकर्ता,85
लिखवाई,37
सलोचना,48
सुरमुख,152
कव्वालियां,67
शैवाल,18
पट्टाधारकों,110
रिफाकत,42
धतौड़ी,16
विरूद्व,0
जाड़ा,108
फकीरे,182
कारकों,120
येाजना,33
निविदाओं,76
कुंभी,182
सिरकी,182
लंगड़ी,168
अपंजीकृत,76
दुष्टों,69
पापियों,69
पांडुलिपियों,169
आजमाएंगे,104
दलदली,31
गवर्नेंस,9
अतुल्य,165
आशातीत,25
घूसे,127
एवम,11
रहमोकरम,71
धंसे,131
झांका,26
जीवनरक्षक,159
डेयरियां,17
रीत,38
लिपटकर,154
निर्जल,150
ब्रह्मापुत्र,194
सजायी,65
बतायाकि,198
घबराएं,89
बचाये,49
रिकी,171
अनियमिता,8
शीशमहल,128
बेगुनाहों,170
व्रतधारी,115
धरनाकारियों,110
रणनीतिकार,85
गणितीय,57
राष्ट्रकवि,70
पंचकल्याणक,115
खिसका,196
पछाड़ा,142
उठेगी,77
उत्तरायण,86
मंत्रीजी,35
संभालेगी,77
रीपर,75
साकारात्मक,1
महीनें,172
ठोकने,82
घीया,144
टका,157
ढूढ़ने,126
पाक्षिक,113
नज़र,26
चर्चे,27
मग्घर,48
डुगडुगी,28
रखवाकर,81
निपुणता,141
शकीना,42
किश्ती,161
वनस्पतियों,18
बरामदों,128
अनुनय,69
लूटेरे,41
आयोजनकर्ता,30
पोशाकों,146
इलाकावासियों,110
आदिकाल,165
वीभत्स,59
कुच्छल,137
रोकेगा,77
दुकानदारो,95
मोरध्वज,55
मुकदमेबाजी,111
मूंदकर,193
पहलवानी,114
कुख्यातों,137
समाजहित,1
जिलाबदर,170
आलस्य,69
थमता,40
बंटवाने,81
किचकिच,185
तीली,44
वनीता,99
फरेब,156
ऐतिहासिकता,165
संकटों,120
पिघलने,108
तकाजा,21
तुफानी,153
मिटाओ,83
सजनी,38
चीना,171
देवमई,174
चिंताओं,120
विविधिकरण,33
गैरजमानती,170
थूक,45
फिल्माया,122
बसता,40
बालो,101
निखारना,164
मठों,3
जाको,34
वीडियोग्राफर,9
सूर्यनगर,152
लडऩे,162
बसहिया,145
नवपदस्थापित,199
भूलता,4
नचाया,65
गंतव्यों,7
सुनवायी,111
चौड़ी,160
दगाबाजी,29
घटाएं,119
दौड़ेंगी,32
सचिवालयों,125
विधानपरिषद,125
रियासतों,6
बेसहारों,123
नगरपालिकाओं,125
रूकते,163
किन्ही,133
खदानें,17
संप्रभुता,6
राडार,75
सूईया,47
भरतनाट्यम,122
नवागंतुक,171
बढ़वार,60
मंगवाना,81
गढ़े,49
विभूषण,12
मकसूदन,149
जना,171
जुड़ता,40
सर्वजातीय,194
उगलते,191
केद्र,125
भूखहड़ताल,13
खपा,157
तसदीक,63
इन्द्रमणि,187
मिलनेवाली,160
गनई,16
चुलबुल,171
राशियों,96
जन्मा,40
वंशजों,6
बिकाऊ,95
खैरात,156
प्रतिक्रियाएं,17
गूंगे,171
जफीर,47
मुखौटे,190
नौकरिया,75
क्लासरूम,192
फोटोकॉपी,195
तबेला,79
बांटता,4
सुनाये,37
घंटियां,28
सहस्त्र,55
खुदवाकर,24
छेड़ेगी,77
क्लिनिकों,159
दिखाएंगी,32
कस्बेवासियों,110
टिकिया,155
कुटुंब,176
आत्महत्याएं,17
सिकुड़ती,50
जीरे,144
दरबान,171
तकनीशियनों,36
मनुज,34
उरद,10
यूनिटें,109
दिखाओ,83
छिपाई,61
रोमांचकारी,31
भौतिकता,69
पहचानता,4
ससम्मान,98
शिक्षाएं,52
उत्सर्ग,130
दूल्हों,181
पिछड़ों,167
निश्शक्तता,194
भूमिपूजन,33
फुस्स,196
दीर्घकालिक,107
असाक्षर,192
पन्नीवाला,152
मलिकपुरा,145
सूत्रपात,57
परसों,148
बिलबिलाते,154
चलाऊ,133
अम्मी,42
प्रधानता,141
खिंचे,49
बिजलीकर्मियों,110
कम्पाउंडर,159
अंकपत्रों,147
वसंतोत्सव,86
नवप्रभात,187
करूण,98
दुर्भाग्यवश,133
भिजवाकर,81
घावों,183
झाडू़,45
अनुभागों,76
क्यूरेटर,85
तारीक,156
रोए,154
भैय्या,198
चश्मों,180
प्रशिक्षार्थियों,147
अनुतोष,111
डीडीआर,9
वधशाला,33
फारिग,150
मुंडी,182
अभिव्यक्त,57
फैलाता,4
खण्डपीठ,137
धुरंधरों,36
गौमाता,139
समलैंगिक,102
संतरे,144
गणतांत्रिक,6
कैशबुक,75
पुननिर्माण,11
जिनमे,133
तिलमिला,136
जगराते,22
देशसेवा,1
खपाया,129
दरमियान,156
एचएएस,138
छबीला,38
महाअष्टमी,86
सहयोगात्मक,107
आनंदमय,130
पुलाव,10
सोचेंगे,104
समागमों,30
शरिया,0
हायतौबा,116
मातरम्,70
प्रकटोत्सव,86
ससुरालजनों,8
खुर,79
चितवन,171
मतदाताओ,62
भद्रक,55
लगायेंगे,104
ननकाना,92
जैनुद्दीन,42
बाबाओं,3
अरिंदम,12
मद्यनिषेध,0
वंशवाद,29
सभाधिपति,194
गालियों,23
बेताबी,27
राजनिवास,125
अस्प्ताल,159
शामियाना,128
जयजय,16
मलसियां,17
प्रयोगशालाएं,17
कुंठा,74
नईबस्ती,145
खेतो,60
वालीं,61
मुख्यतिथि,199
संगठनकर्ता,85
जोकर,122
गिद्धों,79
दवे,12
पलभर,154
कामायनी,137
कंगाली,69
पदाधिकारीगण,68
गणराज्य,73
फड़ों,97
रियायतें,58
सब्बल,127
गडढों,24
अनल,34
लडकी,102
कीटनाशी,18
चिपकाकर,131
चुगली,136
माइक्रोसॉफ्ट,75
गौरक्षणी,139
बनवाएंगे,104
सुदर्शना,99
अधजली,44
चित्रित,57
प्रखंडो,103
यूए,16
मंगलकोट,97
शीलधर,16
देनेवालों,21
बारिकी,63
बहरे,171
आलौकिक,130
मधुरिमा,99
चमकता,112
पूर्णाहूति,115
बसही,174
बेजान,189
आहूतियां,115
रहेगें,104
भूस्वामी,91
मछुआरा,171
न्यायायिक,111
जबड़ा,168
पादप,18
कमांडों,177
टुकड़ियां,17
सिद्धातों,120
खोदना,117
पतंगें,65
मजलूम,156
भाद्रपद,86
गोलों,180
बनवायी,61
वैमनस्यता,139
चलाओ,83
अज्ञातवास,55
स्कार्फ,146
सुजित,16
तोते,79
नागदेव,12
जलवाहकों,138
मनचला,41
लागी,38
गुरुशरण,48
खालों,79
रंगीलाल,149
शिवसैनिक,13
ठोंकने,82
कहूंगा,80
बैण्ड,75
जुमले,23
तोड़े,46
गूंजेगी,67
श्राद्धकर्म,115
काश्तकारी,91
पसारना,117
प्रचार्या,87
उत्कृष्ठ,25
हटवाई,81
निधार्रित,76
आत्मज्ञान,130
तौले,155
पठारी,31
मेडिकोज,159
पदोन्नतियों,138
मोतियों,105
झंडियां,17
बोझिल,189
कंजड़,47
सूचकांक,118
फाँसी,170
खुदवाने,24
अपहरणकांड,170
कतरे,5
छोड़ना,90
पांवधोई,161
दिलबर,156
संकल्पना,57
अगाह,21
भारतीयता,165
जुटेगी,77
बक्शे,155
पहनाना,117
अपीलों,111
उतरवाई,146
मेलार्थियों,22
छुटपुट,185
करुंगी,198
कीचड़युक्त,199
मांगीं,61
बलिहारी,34
मौजमस्ती,163
उभरेगी,77
औषधियां,17
सजाते,53
पारस्परिक,57
बढती,119
बुलाएंगे,104
धुंधला,101
बरतता,21
अंतरा,171
क्यारियों,158
पोलिथीन,45
परिंदे,79
खरबूजे,144
जमाखोरों,143
असंसदीय,21
सजाना,117
वर्गफीट,128
महावत,171
समरस,1
स्कैंडल,54
चोकर,144
चरवाहा,171
खेडी,174
आवश्यकताएं,17
स्वच्छकार,33
पुतली,193
पश्चात्,11
जुटता,22
उदगार,98
आशुलिपिक,138
चमत्कारी,96
फंसाना,117
मुख्यवक्ता,30
अरिजीत,67
रसातल,196
जोगीवाला,152
भुना,10
ज्ञानोदय,113
तापने,191
एचएयू,16
जोड़ेगा,77
अभिप्रमाणित,76
चरनी,171
बरा,38
विह्वल,20
स्मरणीय,165
पैरोकारी,13
पर्यन्त,165
मुर्गो,79
भूअर्जन,91
गोठलवाल,39
शुभकामनाओं,151
दैत्य,55
लोटे,155
उपभोक्ताओ,110
ग्राउण्ड,137
जुराबें,146
बौरी,174
अनाजों,18
सुलहनामा,199
उलझाने,15
गजा,174
नारंगपुर,152
शक्तिपीठों,173
मोटरयान,138
छेड़ेंगे,104
सातो,38
बैठकी,30
छुपाया,129
उकेरे,49
स्वाधीन,70
अमृतपान,130
छुटे,38
आरयूबी,175
पहुचेगी,77
म्युनिसिपल,9
नगरपंचायत,103
दागियों,29
रेजगारी,157
टपकती,5
स्वागताध्यक्ष,35
हितार्थ,1
खुशनसीब,27
बंदिशें,17
कौओं,79
प्रभास,55
चिड़ियों,79
रसगुल्ले,10
दिलवाएं,81
गद्दारी,70
निकटता,141
मारक,141
लिखाकर,195
पशुचारा,60
चलाईं,61
पकड़ेगा,77
खाद्यान्नों,137
जोड़ना,117
नाभि,183
दुष्ट,93
खदेड़ा,41
आनंदमयी,98
घोंटा,121
सतही,180
डीईआइ,137
संसारिक,130
दमदम,72
झड़ने,150
आत्मसम्मान,141
कराईं,61
अर्धनिर्मित,180
सूखता,40
खदेड़,121
घसीटने,82
रहमतों,156
वीरगति,70
हाइड्रोजन,18
मोड़ी,168
खरीदेगी,95
नरभक्षी,79
वारी,38
कोफ्ता,10
पुनर्निरीक्षण,76
उतरें,89
अभियुक्तगण,170
दमकलकर्मी,41
पौष्टिकता,106
नवें,197
तैंतीस,64
दुल्हनों,181
बदकिस्मती,27
रंगदारों,110
तंदूर,44
होठ,193
खट्टी,144
वसूलेगा,132
बाल्यकाल,55
सम्मोहित,20
आचार्यों,3
विशेषतौर,57
वैश्यों,167
विक्षुब्ध,189
छबीलें,17
चिकनपॉक्स,166
आमों,144
हिलाने,82
सुकृति,99
घबराते,53
एसएएस,9
पाषाण,190
बॉयो,9
हजयात्रियों,7
बेदा,34
लोंगो,36
पट्टेदारों,110
नपे,21
बरसाते,153
गंजा,171
कहेगा,198
विग्रहों,173
बैसाख,86
विवेचनाएं,17
धनउगाही,41
इत्तफाक,27
निरूपमा,12
धानिक,48
फजले,42
उमड़ेगी,77
आंटी,99
चेले,3
सत्यार्थ,169
ऐहतियात,124
जलायी,191
तनूजा,99
अधजले,44
ऑडीटोरियम,9
कब्रगाह,190
सतपथी,12
कहतें,53
कान्फ्रेंसिंग,9
रुखसत,156
पहलूओं,120
कैफियत,156
चुकाए,132
ओढ़कर,146
छोडऩे,82
बाईं,56
नौहाख्वानी,42
चक्रवती,12
खुरपी,127
दोहे,169
चढ़ेगा,77
बहलाकर,121
जगमगाने,112
सवर्णो,167
पापड़ी,10
ओढ़ने,146
मुड़ते,100
वर्षगाठ,151
प्रेमजाल,181
सींचने,60
नंदीशाला,43
एजे,16
फुलकारी,146
निहितार्थ,57
अदाओं,65
उछलने,82
सूखती,50
लौकिक,130
आगन्तुकों,30
नशेबाजी,186
मूंगा,105
कैलकुलेटर,75
महासागर,161
राजगुरू,137
सयुंक्त,73
करवाएंगी,32
रक्तस्त्राव,183
गाड़ीवान,78
नाट्यशाला,128
विधवाएं,123
खुशबु,158
दद्दा,12
मुस्कुराहट,193
डाइवर्जन,109
बैचेन,20
योगाश्रम,88
बग्घी,78
भैसों,79
बतानी,2
निर्माणकार्य,11
कामचलाऊ,189
परिवर्तनों,120
जोशीले,93
लीडिंग,9
स्वीकारने,179
अवतारों,130
प्रज्ञान,88
साकेतिक,97
सोफे,131
बटुकों,3
सूड़ी,47
एकदूसरे,185
गेंदे,158
देवकाली,173
भगतों,92
पालता,4
कम्प्यूटराइज्ड,75
ऑलराउंडर,114
परिणीति,122
बुद्धिस्ट,9
थैलियां,17
बेलने,10
लड़खड़ाई,100
चंद्रलोक,187
नश्वर,130
दुगुना,118
गुणे,118
जिन्होने,133
नामंकन,137
छिपाते,53
मोहरे,180
तशरीफ,156
मिलवाने,126
कर्मचरियों,138
उपभोक्तओं,58
चौकन्नी,26
दिखेंगी,32
गेरूआ,146
निराश्रितों,123
उपाध्यक्षा,35
आदिशक्ति,173
उपासकों,3
बोलेगा,77
दोषों,120
अदाकारा,122
कलियुगी,55
सुनाना,37
छुड़ा,121
कटेंगे,104
गैसें,18
रणभेरी,28
माहिल,171
तैलचित्र,190
कटघरा,128
महालेखा,137
वंशावली,165
ललई,149
खुदवाया,24
राष्ट्रभक्त,70
जपने,96
मण्डलीय,125
ठाणे,72
बनके,156
छिड़कर,150
संबंधि,76
श्रेणियां,17
सौंदर्यकरण,33
टीएमटी,9
भूषा,146
एलोपैथ,159
महानवमी,86
गोभक्त,3
छिड़का,150
बिगड़ती,14
करौंदा,144
फीसें,157
विराटनगर,72
अंतरप्रांतीय,125
कूडे़दान,45
मूलवासियों,167
गांधीगिरी,21
भैरवा,43
थानेदारी,39
इरसाद,42
झलका,193
वालिद,42
गड्ढ़ा,24
गोठ,38
धनिक,6
महाजनों,91
बादशाहत,6
पट्टिकाएं,17
तृष्णा,69
बेगार,91
कार्याध्यक्ष,35
रिझाया,65
ठहरना,163
मदहोश,65
मुरादाबादी,42
चायपत्ती,144
बहुतों,133
गोंदा,38
दिलखुश,42
निधान,34
संकल्पबद्ध,1
क्यो,198
अफसरान,29
सिमटे,50
दहशतगर्दी,178
मोमबत्तियों,44
बकवास,23
अंपायरिंग,114
होमियोपैथी,159
एल्यूमिनियम,18
जुल्मों,59
रौंदकर,142
श्वसन,183
कार्यबल,107
रामभक्तों,3
अकुंश,139
सुधरवाने,81
खटखटाना,117
रणनीतिकारों,13
घटाए,119
आशियानों,71
गोटियां,17
प्रशिक्षणों,192
स्थायित्व,141
हरने,34
बुने,131
निरपेक्षता,52
उपसंभागीय,39
गर्मियां,108
रामशिरोमणि,187
भूखी,160
उन्हाेंने,133
श्रोतों,36
नादान,93
विचारणीय,57
उतरवाए,146
पंडोगा,174
पिट्ठू,29
महन्त,88
बंदीरक्षक,41
मनौतियां,22
मसूदी,42
बोना,60
झूमकर,65
ऑटोमैटिक,75
चमकेगा,77
दरखास्त,179
तराने,67
उगाकर,60
रचाया,181
राशनकार्डो,8
श्रीमान,12
औड़ी,137
रहवासियों,110
वाद्ययंत्रों,67
अर्जियां,17
आइने,26
रंगदार,101
कांगड़,97
दस्तकारों,91
खोलो,83
सून,38
आशिकी,156
धनलक्ष्मी,173
उपग्रह,73
उपस्थितजनों,30
निपटाई,15
बचानी,2
निर्णयानुसार,76
निगमकर्मी,68
परछाई,112
बघौरा,174
दण्डित,11
छठवां,197
बन्दी,124
संवारे,164
हत्याभियुक्तों,170
उच्चायोग,73
अजूबा,27
युवावस्था,102
धुम्रपान,186
अनुयाइयों,52
जीताने,142
जेसीटी,9
उपधारा,0
टूटेगी,77
उठायेंगे,104
टुर्नामेंट,114
गिरीं,61
मन्दिरों,43
ढेरियों,66
शांतिधारा,194
झूली,168
उर्वरता,60
सोचिए,198
हर्जाने,132
कोकिल,34
कड़वे,21
जनशिकायतों,33
निर्माणदायी,33
विधेयकों,125
बावलियों,66
मागते,53
मुरझाने,158
गैरइरादतन,170
पखवाडे़,172
प्याला,186
पनपा,50
वनस्थली,192
लड्डुओं,10
ईसाइयों,52
ठेंगे,21
तजुर्बा,27
रौतारा,152
अधबने,128
सद्गुणों,130
उजड़ा,71
पुलक,34
संरक्षिका,87
शाक,144
पिए,186
कटोरे,155
टरकाया,81
मोड़े,56
ऋग्वेद,55
आराध्या,173
रोबोटिक्स,75
पाऊंगा,80
छूना,117
न्यून,189
पुष्पाजलि,97
देतीं,135
शर्मशार,59
पल्ले,2
अधिकरण,125
तरण,171
बोलें,89
बचाती,135
जिलें,72
मढ़ैया,174
अमंगल,69
राजकोष,58
पेचकस,127
मुन्हें,65
निकलनी,2
पालनहार,130
माइक्रोवेव,75
तरंगों,180
कवायदों,120
तला,10
लेनादेना,21
ओलम्पियाड,114
सीजीएचएस,159
चिल्लाती,135
विकेंद्रीकरण,107
मूर्तिकारों,190
अट्ठारह,64
औैर,41
पुनर्जागरण,165
दरिद्रता,69
उपर्युक्त,57
शौकिया,85
समझिए,89
बुकी,157
अम्बुज,12
पैंतरा,21
एफडीआर,58
पद्मावत,169
मांगेगा,77
विश्वासियों,52
ब्रह्मज्ञान,130
दांवपेंच,29
मकरध्वज,55
आलआउट,142
समीक्षक,85
बोलियां,17
टैम्पों,8
गर्माने,185
साझेदार,36
अंगड़ाई,5
अौर,133
छाल,94
नहाया,150
मरीं,154
ज्योंहि,55
हाथोंहाथ,121
छानने,150
सजीं,65
प्रभावकारी,25
सुप्रभात,98
रहूं,80
मधुकांत,187
बदसुलूकी,41
अनाचार,59
समाजवादियों,13
दावतों,106
चक्षु,130
उभरता,40
सल्तनत,6
गाँवों,73
अकस्मात,84
दुधमुंहे,102
उपन्यासकार,85
वटवृक्ष,94
रेस्टोरेंटों,66
मिष्ठान्न,106
आत्मशांति,130
लौटाकर,132
महीनेभर,172
उद्वेलित,20
मिलाएं,89
रूकसाना,152
मु़कदमा,199
इश्तिहार,195
लंबीकूद,149
मचाता,116
खबरदार,198
दोसड़का,16
खाले,10
न्यूरोलॉजी,159
पॉलिश,190
छाछ,144
राष्ट्रध्वज,70
मिसरी,38
खुखरी,127
पौरुष,141
बदसूरत,189
बुझायी,191
लिखेगा,77
हटवाएं,81
मार्केटों,143
कोमलप्रीत,48
सुखदा,99
धमकाता,4
खंगालते,53
भड़की,191
पचहत्तर,64
फुटबॉलर,114
एनिमेशन,122
तफतीश,170
निभाएंगी,32
तपस्थली,43
खायी,106
सीसा,18
खिलाडिय़ों,114
उठाएंगी,32
गधे,79
छिटककर,196
निपटेगा,77
विरोधाभासी,189
अल्सर,166
नयाबाजार,145
पॉकेटमार,41
श्रृद्धालुओं,22
भिजवाएं,81
निकलेंगी,32
लाईनों,175
कमजोरियों,120
वंशीय,6
सर्फ,75
खडा,26
खंजर,127
किस्तें,58
सरेबाजार,41
देगे,77
राजघराने,6
ब्रजवासियों,55
वासगीत,152
राजकीयकरण,199
विकेटों,114
ग्लोब,180
रियात,152
सिमटता,50
गदाधर,12
तीरंदाजों,114
जयघोषों,22
जूठे,155
उत्प्रेरित,11
उगाया,60
दूधिये,155
वर्णमाला,140
टाफियां,17
बुढ़ा,102
डण्डों,66
कम्युनिष्ट,13
स्वकेंद्र,147
तोड़ो,83
फिनाइल,150
ससुरालवाले,181
मुनाफाखोरी,143
पकाते,106
माल्यापर्ण,30
ढंककर,150
इटक,47
घटाई,119
सघनता,141
भयवश,168
प्राकृति,31
घटाना,117
मैक्सिको,73
भूमिकाओं,122
गुणवंत,149
थर्माकोल,155
प्रत्याशा,118
ग्रीष्मोत्सव,86
स्वाभिमानी,93
टाईप,75
वृष,96
उमड़ेगा,77
निवार्चन,62
रहस्मय,31
हंसमुख,93
प्रबंधनों,36
मैत्रीपूर्ण,25
हटता,40
शुक्रगुजार,27
हेवी,75
गोदी,171
सत्ताइस,64
अतिविशिष्ट,125
महासाध्वी,88
गपशप,23
पढ़ाओं,1
स्मॉल,9
पपीते,144
श्रृष्टि,130
बरकतों,156
इम्तहान,156
जनहितैषी,1
सदस्याएं,17
दौैरान,41
लॉट,38
घोटालेबाज,29
भंगी,171
जनसमुदाय,1
टांगने,131
लाईटें,109
उपनेता,35
कांवरियां,22
कजली,67
लिखती,135
आस्ट्रेलियाई,73
कहलाती,137
बवासीर,166
वनक्षेत्र,31
भुजबल,12
सपाटा,137
शिवमंदिरों,43
सोंच,133
कंपकपी,108
जानिब,156
हलवे,10
सुविधायुक्त,33
गरजी,127
भगौड़े,170
धर्मी,52
सम्मानपूर्वक,98
अधिवास,107
खिंची,61
घनघनाने,82
ख्यात,85
मानववाद,52
ब्रह्मर्षि,88
निकम्मी,29
पंचेश्वर,43
आईए,89
मैल,150
भरवाना,81
उधेड़बुन,163
चमत्कारिक,96
जरीब,155
शंाति,34
प्रश्नमंच,30
गुरुघर,92
जांबाजों,177
शीतगृहों,143
घसीटता,100
पचासों,64
मठाधीश,3
छिद्र,180
बताशे,10
जाला,38
रक्षण,165
सांची,99
दीपइंद्र,68
होमगार्डों,110
छटाई,60
रूपांतरण,11
खलवाड़ा,72
बलिकरन,149
जनसहभागिता,33
सर्मथकों,13
उत्तरों,169
ढाचा,71
पकड़ेगी,100
ऊंचाइयां,17
पीडितों,123
हरिपद,34
षष्टम,197
गतिशीलता,141
नवज्योति,113
बोतले,155
राजबाड़ी,97
विरह,98
कहलाए,49
निशाद,12
वार्ताकारों,36
उलझाया,15
एमआइजी,9
गड्डों,24
जनजागृति,1
गृहकलह,185
कलाएं,190
डिग्रीधारकों,147
ग्रन्थ,169
रसोइए,106
सुपुर्दे,156
सप्ताहिक,113
दसों,55
जिम्नेजियम,114
मिर्चा,144
फुलका,10
युवाध्यक्ष,68
कांटेदार,94
आदोलनकारियों,110
वत्सला,99
बागुन,16
हैे,21
जालियां,128
बलिदानी,70
अभेद्य,124
मातारानी,173
ब्राम्हण,167
खुटिया,145
रणभूमि,55
हौसलाअफजाई,27
रोकेगी,77
दिखलाई,2
कूटनीति,124
पटके,131
राजयोगिनी,173
कुरेदने,82
आकृतियां,17
खीरे,144
बूचड़खाना,143
कराहने,154
डूबती,161
बर्बरतापूर्ण,59
कबीरपंथी,3
जांएगे,49
टांगा,131
अक्रूर,55
अतिथिगृह,43
बलदाऊ,149
छैल,38
प्रतिघंटे,118
निश्छल,98
भेड़,79
अरोड़वंश,16
वाद्ययंत्र,137
झुकाकर,56
अपनाता,4
सराहे,27
एनसीसीएफ,9
निपटाये,15
जेनरेटरों,109
कुलदेवी,173
शान्तिपूर्ण,25
गंधक,18
बलात्कारियों,59
घड़ों,168
दुलारा,176
पराया,156
ठहाकों,23
ऊबकर,71
सॉस,10
लदाई,78
ध्यानाकृष्ट,199
वणई,47
खुलवाई,81
कृतार्थ,98
टटोला,131
लिखीं,61
कब्जेदारी,199
चलवाई,61
खद्दर,146
चीथड़े,168
ब्लाउज,146
जनभावना,13
वर्षवार,76
कथामृत,88
गन्तव्य,7
रक्तदानी,194
बेचेगा,95
सीखता,4
बिगड़ैल,14
शोहदा,42
लकड़बग्घा,79
उतराया,129
बहुलता,141
फकरुद्दीन,42
मोजा,146
कायरता,69
घिरते,112
चिंगारियां,191
फिनायल,45
सुहागिनें,181
पखेरू,5
महाभोग,115
भूलेख,76
रूखी,160
पचना,166
चौदहवें,197
मालुम,198
छपते,113
पैतीस,64
दीपकों,44
अबाध,165
ज्योतिषियों,96
बचाएगा,77
झाझर,174
तगा,16
नबंर,75
अविष्कार,57
हूँ,80
बेंत,127
प्रशासकों,36
भेदने,126
पीटती,136
सहेलियां,181
झगड़ते,162
मल्लाहों,161
रंगरूट,177
संवादहीनता,74
वालें,126
डांटकर,136
डूबो,161
नकारने,126
गड़बड़ाने,14
गर्वित,93
घनिष्ठ,57
शरदकालीन,30
लड़ेगी,77
पनशाला,33
मजनुओं,41
खूर्द,174
जेनरेट,75
यांत्रिकी,107
मुड़े,100
आइफोन,75
जलेगा,191
उल्फत,156
ठप्पा,21
रूला,154
भूलती,135
उदर,183
धधकती,191
चढे़,174
जनसुविधाएं,17
सिला,156
उन्नतिशील,107
सहमें,154
गुनगुना,67
आरटी,9
विधिसम्मत,0
फुलवा,38
पौना,38
वर्धक,25
मोलभाव,95
जीतता,142
घुड़की,136
मध्यांचल,43
साम्राज्यवाद,52
जामनगर,72
घाटियों,31
थमते,5
अखाड़े,3
दिखवाया,81
नादानी,21
जिलाअध्यक्ष,68
पकंज,16
प्रान्त,73
कथानक,169
चटकाकर,121
आपमें,141
विश्वयुद्ध,177
बनायेगी,77
कल्पनाओं,120
अभिनेताओं,122
तथ्यहीन,189
दुखिया,123
ग्यारहवें,197
दाम्पत्य,181
रेसलर,114
प्रतिरूप,57
फड़,38
राष्ट्रप्रेम,70
शपथग्रहण,30
प्रविष्टियां,76
मुख्यरूप,72
तालुकदार,149
गुलिस्ता,156
मुद्रक,195
टहला,100
हाथापायी,41
घण्टों,148
नैवेद्य,115
संभालती,135
पर्यवेक्षणीय,76
रेडियोग्राफर,159
कुरमी,38
ताइक्वाडो,137
रेंगकर,131
फूलना,117
महानगरनिगम,97
विर्सजन,115
कमांडरों,177
शांतिपुरी,152
अडडा,7
बजाती,28
मंगाये,81
जुड़ती,135
संलिप्ता,54
उद्यमों,107
स्पंदन,180
निखरने,164
बीटीपीएस,9
राउंडर,114
दुष्कर,90
वेष,55
पीठों,173
मणिकर्णिका,55
जयहिन्द,70
गोकर्णनाथ,43
आयोडिन,18
निहारा,26
मुल्जिमों,170
विलायत,42
फोटोकापी,195
चौरंगी,184
सांयकाल,148
उल्लिखित,57
निर्विवाद,25
भिड़ीं,47
अभिवंचित,199
बारहवें,197
हालाँकि,133
सतत्,1
ब्लॉग,113
बनवाला,152
रजिस्ट्रियों,143
अराध्य,173
बालयोगी,88
क्षयरोग,166
सींचपाल,60
गिराते,53
विमुक्ति,130
जाइये,89
विनाशक,55
किलकारियां,154
उगाला,174
धुलने,150
गैरजिम्मेदाराना,59
आवाजों,67
यदाकदा,133
बहुविकल्पीय,76
काऊ,38
पीढी,165
बेड़ियों,46
खण्डों,169
बेंचे,95
हर्ज,198
दलबदल,137
बौछारों,153
वनीकरण,107
कामराज,171
वर्गगज,91
खदेड़ना,71
वर्गाें,8
ख्यातिलब्ध,85
कड़कती,5
सहगामी,57
रोधक,18
उगलती,191
कनीज,42
महापड़ाव,30
लाभपात्र,33
ऐलीमेंट्री,9
सेवइयां,10
आर्कषण,190
जिम्मेवारियां,17
सकपका,20
हंबड़ा,16
निकालती,135
मनकी,38
अग्निदेव,55
मिलीजुली,160
सृजना,1
आडंबर,69
फिरंगी,6
अहं,69
छाव,5
कायापलट,107
फौजिया,42
कईं,133
ऩजर,47
व्याधि,166
बरसानी,61
समानों,8
मृत्युजंय,187
मूर्तिकला,190
साफतौर,21
चिल्लाकर,136
अवकाशप्राप्त,138
गोंठा,47
बाड़ी,171
ठठेरा,38
सहायतित,33
मददगारों,110
जमाकर्ताओं,58
पूछें,198
चपाती,10
सूफिया,42
सुल्तानी,42
पर्वों,86
बैटरियों,137
जटिलताओं,120
श्रीफल,105
अत्याचारी,59
नारियां,102
वनविभाग,33
दिखें,89
अनीमिया,166
वस्त्रालय,152
टिक्की,10
उभरेगा,77
बुलाता,4
विलासिता,69
उगाए,60
गर्जन,153
शरणागत,55
खासमखास,29
अमरुद,144
उठायें,89
उपकर,58
प्राचीनकाल,165
ज्ञानपीठ,137
स्थानातंरण,33
लाडलों,102
आंतों,183
पधारने,30
चलनेवाली,160
बालिक,152
रोहेड़ा,152
बुर्जुगों,8
पुरूषोतम,187
कटवाना,117
लुहार,171
एसएसजे,9
महलों,128
मनमोहा,65
चिकित्साकर्मियों,159
संवर्गो,138
विधानसभाध्यक्ष,68
बिछुड़,154
छिंदरपाल,48
तैरकर,161
संभालेगा,77
अतिश्योक्ति,165
ताबीज,105
भयाक्रांत,189
रुकेंगी,32
लगवाएंगे,104
पतझड़,158
भक्षक,124
गैंडा,79
सम्बद्धता,57
शैंपू,150
साहिबजादे,92
हांफते,100
सूंघ,121
निर्देशकों,36
लहराएगी,77
सिमटने,50
बुधिराम,149
खेलेगा,77
गुरूद्वारे,92
जगाती,188
घोंसले,79
फटका,127
टांगें,56
कलाइयों,56
पकड़वाया,129
खों,168
मलाईदार,101
उड़ायी,21
कबाड़ा,45
संवाददात,113
नास्ता,106
नगालैंड,73
सोहा,99
समितिया,125
बसाना,117
संवारना,117
सत्याग्रही,70
लांघा,46
राजस्वकर्मियों,110
लड़ियां,17
दधीचि,55
पेशबंदी,170
पाओगे,83
रिकॉर्डिंग,75
कड़ियां,17
महत्वकांक्षी,93
चमकती,112
बबाल,116
बेपरवाही,21
कंपाने,108
साजिशों,54
छुड़ाया,129
संभालनी,2
मुंशियों,110
कबाड़,155
जकड़न,168
निलम्बन,11
मनगढंत,54
पाणि,34
मिटेगा,77
राजमिस्त्रियों,110
दैविक,130
कबूतरबाजी,54
कर्जदारों,58
भारतवर्षीय,88
आसपड़ोस,38
खोजों,63
गद्दार,70
क्रमानुसार,180
गुनाहगार,170
दौड़ेंगे,104
फेकन,16
किशमिश,144
रेस्त्रां,106
पैथोलोजी,159
खौलता,150
ज्ञानस्थली,43
पहाड़िन,97
कीचड़मय,97
माणक,38
नीरस,189
जूझे,71
भक्तिपूर्ण,98
फरिश्ते,156
चापड़,47
गोरक्षपीठाधीश्वर,88
काटो,83
छोला,10
प्रणालियों,107
लेखों,169
शातिराना,29
जलाओ,191
हरना,34
कैशमेमो,143
मकोड़े,168
निगमकर्मियों,110
लिटाया,131
जरुरतों,120
मंगाली,81
सत्यकाम,88
तलाशती,135
सेवार्थ,1
फिसला,196
नवाजिश,42
चील,79
ऑडी,78
परिचारिका,137
कष्टदायक,189
खड़ग,168
छुपाए,49
छटपटाहट,74
जलवाया,129
चिड़चिड़ापन,74
अभावों,120
समाग्री,106
डिजिटाइजेशन,107
तहलका,116
मंगाते,81
गोंद,101
बाजारवासी,194
गोदना,183
जनजन,1
कार्यावधि,11
आत्मकथा,169
प्रमंडलों,125
मानेगी,77
काकी,38
फेशियल,75
सेंसेटिव,75
सुरंगों,175
सचित,34
शिवकुंड,97
गड़बडी,47
बाये,56
धुनें,67
अभ्युदय,165
युवाशक्ति,1
किश्तवाड़,72
अवधराज,149
कष्टकारी,189
डरती,135
घंटेभर,148
बावड़ियों,66
उपाधियां,17
अभिरूचि,141
बिगाड़ने,14
देवर्षि,88
श्रद्वालुओं,22
फर्जीवाड़े,54
बंधना,46
विच्छेदित,11
फिरना,117
जलधर,34
घटो,16
खटिया,131
एचआरपीजी,147
परिचालित,57
रामवतार,149
विदायगी,199
बसस्टैंड,184
उड़ाना,117
कैरोसिन,44
प्रतिरोधी,18
तिथिवार,76
चराते,79
बहका,156
सन्देश,98
व्याख्याताओं,87
हींग,144
बतायेगा,77
थमेगा,21
सर्वनाश,69
कांस्यकार,194
जोड़ेगी,77
नुकीली,127
रसीला,65
बैठककर,30
टपरी,7
फ्लैगमार्च,199
डायलेसिस,183
कहतीं,135
सत्तारुढ़,13
हीनता,69
अमनचैन,71
साइकलिंग,114
पाद,180
चूम,56
छूटना,117
सभावाला,152
नज्म,37
धनुषधारी,55
इन्द्रधनुष,101
उफनती,161
अभिशप्त,189
अम्बर,112
कसें,56
दुकानो,95
अलमारियां,17
गालिया,136
जलीं,61
विश्वबैंक,107
जुड़कर,1
एशोसिएशन,9
मिरगी,166
रेंगने,79
प्रार्थनापत्रों,195
तेरहवां,197
युगुल,149
दूरंतो,7
टैक्ट्रर,78
उद्धारक,130
तेईस,64
क्रीडा,55
बाइकसवार,41
उपदान,58
सपाट,180
छोटों,102
ताबिश,42
शूल,180
फुटबालर,114
मैन्यूफैक्चरिंग,9
हृदयरोग,166
पुर्नजीवित,1
चौमुखा,43
शकरकंद,144
संभाषण,169
बिकेगा,95
घबराया,20
ट्रॉलियां,78
राइफलें,177
कुश्तियों,114
कुल्ला,150
खंबों,128
कुरानख्वानी,152
चौधरियां,17
योगासनों,96
विशिष्टता,141
गुस्ताखी,156
सगुन,34
शिक्षाकर्मियों,138
उठक,136
बिछाये,131
ट्रस्टियों,8
फौव्वारा,128
गोशालाएं,17
सौभाग्यवती,173
पखवाड़ा,172
जूडिशियल,9
सहभाग,1
थानातर्गत,103
पुकारने,82
लम्हा,156
चढ़ाये,49
वीरानगी,5
अभिश्रव,194
प्रवरण,76
प्रचालन,107
विखंडित,189
तगड़े,168
एकाकी,189
छल्ले,180
ओवन,75
करधनी,105
समदर्शी,130
बुथ,174
जुर्रत,21
रागों,67
औद्योगिकीकरण,107
जलप्रपात,31
चबा,121
महाकाव्य,169
दस्तकारी,190
कुरबान,156
बरपाने,82
टेकन,9
दूरियों,180
सिफारिशी,195
टाईब्रेकर,142
नूनू,16
अभयारण्य,31
अर्जुनदेव,92
घुलने,18
ज्ञानवर्धन,169
दाब,18
जूती,146
यूकेडी,13
मत्स्यपालन,107
विकृतियों,120
खुदे,49
शूरू,137
डंडी,155
कामनाओं,130
अभावग्रस्त,123
पहाड़ियां,31
बदलवाए,81
विराजे,173
रती,38
तख्तों,66
हृदयघात,166
बिलबिलाए,154
घुड़दौड़,168
जलेगी,77
रामनिरंजन,149
आनंदविहार,7
मानिए,198
दिवाला,58
अड़ाकर,168
गुनहगारों,170
परिदर्शन,125
परिवारो,123
अविभाजित,165
दानदाता,123
प्लेटफार्मों,7
सीखो,83
ठुकराया,179
बावला,171
मचना,116
मासूमियत,27
शोधों,63
आंकने,21
अनुसेवकों,138
कास्तकारों,91
बंटेंगे,104
साधनसेवियों,8
उपनिषद,88
कानाफूसी,185
कर्मस्थली,43
भाईजी,12
पिलाएंगी,32
झोपड़पट्टी,182
हंसता,4
दहाडे़,41
एकजूट,13
एलोवेरा,144
बहिष्कृत,11
सफा,42
नापा,129
सदनीय,125
प्रभातफेरियों,8
हिलोरें,161
छड़ी,127
वंदिता,99
मधुरता,141
बिगाड़,14
बेवफा,156
श्रेयस्कर,90
धागों,46
अजातशत्रु,55
प्रांशु,187
मुख्यसचिव,68
रौड़ी,55
उफन,5
वयस्कों,102
फिल्मांकन,122
अनुकृति,190
बदलो,83
कहलाते,53
बनमाली,149
घुली,5
उलझती,15
कंपकंपाती,108
गांठें,46
बेमौत,71
राजद्रोह,170
एकत्रीकरण,11
चिकना,101
गोपियां,17
पोशी,156
लूटमार,59
यारी,156
दर्शाना,90
चरखे,131
चकरी,155
निरोज,187
मिटता,40
बत्तियों,44
अभिप्राय,57
कालिक,11
फैलना,50
खींचातानी,185
त्यागना,90
पड़ेंगे,104
चिढ़ाते,53
मिटी,160
गुरुमंत्र,96
उपार्जन,107
बांधती,46
हटाएंगे,104
रखिए,89
जड़ी,190
गमला,94
तबेले,79
महामानव,130
छुए,56
झांकिया,22
कर्ताधर्ता,13
छिड़ा,162
उभारा,27
बीजे,9
राज्यकर्मियों,110
गिट्टियों,24
गोंडवाना,72
मद्रासी,140
रोपकर,60
दादीजी,176
रोलनंबर,147
तेलुगू,140
टापर्स,147
रुद्रप्रताप,187
उजला,101
मुर्दो,156
श्लोकोच्चारण,30
बसना,90
सरदर्द,166
आरएसी,138
खता,156
बीजने,60
अंको,118
द्वारपूजा,181
मान्यताएं,17
रूपन,16
वायलिन,28
फाइनेंसरों,58
जीवांश,60
द्वादशी,86
ठंडाई,10
बेतुके,23
यूएमवी,97
टोटका,96
प्रतिवादियों,111
रामदर्शन,187
चौपले,174
मलकियत,91
कड़ियों,169
हिजरी,42
थूकने,45
अनापूर्ति,199
पावडर,150
अंगीकृत,11
मुंहमांगी,157
कमलनयन,34
निर्दलीयों,62
छलके,193
चट्टा,182
खगौल,174
गाथाओं,169
प्रदर्शनियां,17
बूटों,66
जनजागरुकता,33
पहनाते,146
सजाये,49
नामचर्चा,30
पिछड़,142
पृष्ठों,169
बुलाएं,89
चिमनियों,44
गैंगस्टरों,54
हुल्लड़बाजी,23
घड़ियालों,66
चीरते,100
ग्रामीणांचलों,110
गाइडलाइंस,0
विनियमन,0
मार्गदर्शिका,76
कल्पवृक्ष,55
ट्राम,7
वैद्यों,159
उगली,191
कुण्डल,105
रखाना,117
गोकशों,174
भांपने,126
हार्टिकल्चर,9
जूलूस,184
खेतीबाड़ी,91
रूकवाने,81
उत्पीडऩ,59
खर्ची,157
भ्राता,176
लगुन,38
बोवाई,60
शागिर्द,42
दर्जनाधिक,199
क्षतविक्षत,84
सूखकर,50
करू,198
भूखड़ी,137
योगिनी,173
उतारेंगे,104
पहनाएं,146
पोंछने,150
तजुर्बे,27
फीके,101
घोला,150
सुखाया,150
गिराये,49
विलायती,171
आचार्यश्री,88
पदाधिकरी,68
साईबर,54
पंचमंदिर,194
पक्षाघात,166
ऑटोरिक्शा,78
बजेगी,28
उखड़,196
फलने,94
छबीले,38
निगाहे,156
खिजरी,174
मटकों,66
देवलोक,55
महिने,172
आत्ममंथन,21
आतीं,135
टालना,90
सुलक्षणा,99
आंकड़ें,63
गाठ,168
मौैके,174
दमकलों,41
पम्पों,109
अंतरंग,98
कांपी,5
घायलो,159
दुखहरण,173
अपनत्व,141
बरना,171
धूलकण,5
पिंडारी,31
सुरक्षागार्ड,41
नाटिकाओं,122
उछालने,82
साध्य,25
नमस्तस्यै,173
गंगातट,43
प्रतिनिधिमण्डल,35
दुधमुंही,102
मझधार,161
बनवासी,55
बगौली,149
स्वर्णजयंती,30
सम्मनित,98
छुड़ाना,117
रोगमुक्त,159
झकझोरा,129
सप्रू,12
रोगग्रस्त,183
कैबिन,75
विरुद्व,139
अंगारे,191
गोलगप्पे,10
धर्मस्थलों,52
रंगो,101
रोडि़यां,17
टोपरा,174
हस्तकरघा,107
पत्रिकाएं,113
पीलापन,101
सर्वसहमति,125
स्वायत्तशासी,125
बस्तों,66
दाहसंस्कार,115
चूल्हों,44
आस्थावान,52
पराठा,10
सुन्दरी,55
प्रतिद्वंदियों,142
सुधांशू,187
आतिशबाज,44
मध्यवर्गीय,167
उतराई,161
कीड़े,18
कालीपूजा,86
पेजयल,109
फूलदार,94
धनप्रीत,48
अखाडे़,184
कौतुहल,20
पुनर्नियुक्ति,138
पदच्युत,6
रूककर,163
थपथपाने,82
पर्चों,195
हांफने,100
लुभावनी,65
वजहें,17
प्रभुत्व,137
शक्तिधर,130
मचायी,116
जुड़ीं,160
बदनुमा,156
पप्पल,152
शिवमुनि,187
पथरीली,31
पट्टेदार,91
थलसेना,177
संतरो,171
बांज,94
पत्तेदार,144
छटपटाते,154
महगे,75
पलकों,193
संभालेंगी,32
जलमार्ग,175
प्रशैक्षणिक,199
मशीनीकरण,107
पिटा,136
तोड़ाई,168
ग्लेशियरों,31
गृहिणियों,102
रफू,38
छत्ते,79
उगता,94
महारूद्र,187
भक्तो,22
स्की,31
खेलप्रेमियों,114
मृदंग,28
प्रतिरक्षित,189
कौवों,79
पिटना,136
चौगुनी,118
दुखती,193
पदमाकर,187
मलते,193
मुस्कराते,53
भड़ास,113
राज्यवासियों,8
दीपराज,48
जगती,188
लालपानी,145
गुलवीर,48
खोरों,143
आढ़तों,143
रसास्वादन,169
बायकॉट,21
लड़ेंगी,32
मनरेगाकर्मी,8
पुरवों,66
डिग्रीधारक,138
सलीका,27
बैंकें,58
झंकृत,67
दोगुणा,118
आड़ा,168
अन्त्येष्टि,115
भराकर,196
पिस्ता,144
समर्थको,13
खानदानी,29
नन्दा,12
व्यसनों,69
मौसेरा,176
भारतवासियों,70
अवशिष्ट,11
पुनस्र्थापन,11
खेलेंगी,32
रीच,75
जानकरी,63
टपाने,199
मिलिए,137
लपके,100
मट्ठा,144
मुहाना,161
तड़ियाल,152
रघुकुल,55
असंवेदनशील,59
पोले,94
पोर्टिको,128
मंगवाते,81
जुटानी,2
सफाए,178
रचाओ,38
भाता,90
मौसेरी,176
चिल्लाता,4
छिन्नमस्तिका,173
चेताने,21
शिवगोपाल,12
विनियम,0
पहाडि़यों,31
उच्चके,41
मोड़ना,117
दलन,34
संध्याकालीन,148
ताजियादारों,110
कर्मयोग,130
खिलते,158
तेजप्रकाश,187
तपते,108
गुणवक्ता,107
उपाध्यक्षों,68
दहाड़े,41
कुंवारे,181
नार,38
चुंबर,194
आइवीएफ,9
मार्गशीर्ष,86
बन्धु,85
पनिहार,145
राष्ट्रों,73
गुणकारी,144
नेत्रियों,8
उपयोजना,33
अनचाहे,189
इसीलिये,133
आयटम,122
स्वालंबी,199
बाल्यावस्था,102
अपरहण,170
स्त्रियां,102
जांचेंगे,104
बिठाना,117
पुकारे,49
समाचारीय,113
क्रिकेटर्स,114
जबिक,21
पयर्टन,43
कंप्यूटराइजेशन,9
तरफदारी,21
पालिथीन,45
छाना,150
बहत्तर,64
श्रीरामनवमी,86
चटकने,50
पीरखाना,184
जगाओ,83
सुसंस्कृत,93
उतारेगा,77
हाईअलर्ट,41
निष्प्रभावी,189
पोतों,161
सराह,27
साभार,113
नापसंद,189
शिल्पकला,190
झोकों,5
देवत्व,130
मालगाड़ियां,7
लाइफलाइन,9
रफ्ता,156
फोड़ा,166
संसोधन,0
नाइस,75
पशुचिकित्सा,159
अपनाती,135
खदेड़े,71
महाप्रबंधकों,68
बौखलाई,136
ऐंठे,131
सर्वविदित,133
मचती,116
अनछुए,169
गिरफ्तारियों,170
जड़ित,105
सबेर,21
बनवास,55
विवरणिका,76
घटकों,120
मजाकिया,23
काटेंगे,104
जनकवि,85
तीतर,79
चूमेगी,89
खोदते,24
उफनाने,24
पिस्तोल,127
डिहाइड्रेशन,166
जगनिवास,43
पढ़ीं,37
भाती,135
बुद्धराम,187
नईबाजार,145
गगनचुंबी,128
स्वामिनी,173
हुजूरी,29
अर्थात्,57
रौंदी,71
दिहाड़ी,91
शनै,50
बंधबहाल,199
पद्वति,96
सपेरे,171
उपकोषाध्यक्ष,68
असंगत,189
दयामय,34
अभिहीत,33
फारूखी,42
डेसिबल,118
ललाट,193
ब्रह्मचर्य,130
फीचर्स,75
सांचे,190
कराहता,154
सिन्धु,55
खरीदीं,61
राफ्ट,161
रेफ्रिजरेटर,155
छुड़ाई,121
पकड़ीं,61
बेतुका,23
सन्मार्ग,130
लेटने,56
वासुकी,55
मती,38
भराए,147
चुभन,193
मंझला,176
दोराहे,26
अनियमिताएं,8
सोसाइटियों,143
फेफड़ा,183
धज्जिया,21
प्रतिपादित,57
मौलानाओं,42
मिलो,137
चट्टे,155
महरुम,71
फैलेगा,77
चेतन्य,187
कर्तव्यहीनता,59
कठिनाईयां,74
ऋतंभरा,88
गलाने,82
वनदेवी,173
जमुनापार,145
लांघकर,46
संस्कारयुक्त,1
भेंजे,195
मध्यकालीन,165
पूर्णियां,72
कमाएं,157
आलोकित,112
सिनेमाहाल,122
जिए,49
बोधी,171
डोसा,10
मतवाला,171
गड़ासा,168
मुबारकवाद,151
रीठा,144
पैडल,78
एकसूत्र,46
देवजीत,149
योगमाया,173
जिलेवासी,68
गृहस्वामिनी,181
स्वशासन,137
दौडे़,41
पदो,138
मतपेटिकाएं,62
मार्गीय,175
तदनुसार,11
बुजुर्गाें,110
बेनाम,171
गांधीगीरी,29
नवदंपती,181
शरमा,198
जुड़वां,102
कमंडल,55
भिगो,150
पछताना,90
दिवालिया,189
इकाइया,137
दौड़ाकर,41
अटकाने,82
ढंके,131
फिजाओं,5
पायरिया,166
बाईस,64
फैलाएंगे,104
चेकडैमों,24
गुजिया,10
एकाग्रचित,25
परजीवी,18
पंहुची,61
महाशा,55
उच्चत्तर,192
अभिजात,6
जगमगाएगा,112
कम्पनियां,17
संवादों,122
छेड़,185
क्षत्रीय,167
प्रतिपालक,130
छोरों,180
न्यूनीकरण,107
ताम्र,190
फूलमनी,16
मेंढक,79
बड़कू,47
यमदूत,55
सुनेगी,77
धनवंती,99
दुर्दशाग्रस्त,199
ईंटे,128
दैहिक,69
सुनाएं,37
बढ़ो,83
सोचो,83
घासफूस,94
आतिशी,44
अंतर्जनपदीय,192
आशीश,12
अखाड़ों,3
मुददों,13
भगोड़ा,171
हिंदपीढ़ी,97
शिवकली,149
शिक्षाकर्मी,138
कुलेश्वर,43
छोडकर,133
बेंचकर,95
रुतबे,29
टयूबवेलों,8
उतम,96
रील,75
स्वंयसेवी,13
त्रिवार्षिक,194
कचहरियों,111
स्मृतियां,165
ब्रह्माज्ञान,194
पाजामा,146
लोकों,130
आयोगों,125
सौगंध,55
सत्यनरायन,187
विषयवस्तु,169
सिनौली,145
जुएं,186
समष्टि,130
बंधकों,124
गैरों,156
आधीन,6
बर्ष,64
घिसटती,100
सुपुत्री,99
भाड़ावास,152
कालीमंदिर,43
चिन्तित,20
गुणानंद,51
शिववचन,16
कालीनों,190
गमों,156
सीमापार,178
परिस्थतियों,120
साइडों,131
मंगायी,81
अपरोक्ष,69
जगाएंगे,104
लड़ाकू,177
तहसीलें,17
चूस,121
रूपयों,157
विरक्त,69
परिणामस्वरुप,133
सछ्वाव,137
बिकेगी,95
संतानें,102
उजले,101
अनुज्ञप्तिधारियों,76
स्मृतिचिन्ह,190
लुटाने,82
बिट्टी,99
जलशोधन,109
छिपते,53
बिलखता,154
तोड़ते,46
अखण्डता,141
ढूंढ़ते,53
मनसुख,16
देशभगत,92
सेकने,10
गुरुवचन,92
अंगरक्षकों,177
सैकेंड,118
बवालियों,41
अधाधुंध,84
डरना,90
निपटेंगे,104
प्रियतम,98
धूलभरी,108
सुन्दरता,141
एंजियोप्लास्टी,183
यारों,156
भंजन,34
एकलाख,42
नोड्यूज,58
चाऊमीन,10
अवयस्क,102
शीर्षस्थ,85
बुर्जुग,102
धमनियों,183
भरवाये,81
आकृतियों,190
लकड़िया,182
चरित्रों,120
तेलों,18
हबीबुल्ला,42
तत्समय,0
बैठके,30
रांझा,171
बंटेगी,77
निकालीं,61
साड़,47
झुलाया,65
नजला,166
पीडिता,170
जुटीं,61
बुलाती,135
चश्मदीदों,41
प्रबुद्धजन,30
होंगें,137
धाराशायी,50
डराना,117
सौदों,58
याशिका,99
एटलस,75
स्थापत्य,190
वामदल,13
वहिष्कार,13
भूंकप,84
निंद्रा,188
नक्षत्रों,96
झुकाया,129
मजाल,198
छूता,40
दिलवाएंगे,104
दोहरायी,37
निखरी,164
दिवानी,156
गद्दों,131
सौंफ,144
अछूत,167
सींचा,60
ऐवज,157
इंस्टाग्राम,75
दानदाताओं,36
चमाचम,5
उगलवा,121
मृदु,180
बेतुकी,23
चीखती,154
उत्सर्जित,18
कलाबाजी,122
करोड़ी,157
आक्रोशपूर्ण,59
चकबन्दी,33
पायजेब,105
काउण्टर,9
मूल्यांकित,11
खाईं,61
कबूतरी,79
फक्कड़,93
बंदीरक्षकों,41
रखनेवाले,49
अनाड़ी,93
अच्छाइयों,120
जानेवाला,133
खिंचवाई,61
छेदक,180
उड़ेलकर,121
देखादेखी,21
अभिलेखीय,76
घिसटता,100
जहाजों,177
बोलियों,140
रिश्वतखोर,29
वॉट,118
विश्वव्यापी,57
कांटेक्ट,75
दशानन,55
थोड़े,133
घेरना,117
गुणवतापूर्ण,25
महाष्टमी,86
उच्चशिक्षा,192
खोलनी,2
बहुप्रतिक्षित,122
चीरती,5
लुटिया,161
रोई,154
निचोड़,150
स्लॉटर,75
श्रेष्ठतम,25
सत्संगियों,3
पतंगे,79
अराजनैतिक,13
पंचायतवासियों,110
ज्येष्ठता,138
टोटके,96
प्रलयंकारी,84
तनीषा,99
बांटें,89
फूंकेंगे,104
कार्यरूप,11
बेदर्दी,156
कसबे,184
संस्थाध्यक्ष,68
भाईचारक,1
निरुत्तर,20
सहकार,1
चांटा,136
जुगनी,38
उद्घाटनकर्ता,68
अनुचर,6
खंडीय,39
डीएमडब्ल्यू,194
पंचायतघर,103
युद्धों,120
लोकमित्र,194
क्षेत्रीयजनों,8
बहनजी,136
बिकीं,61
रखवाला,124
भूमिकाएं,17
जमानतदार,170
नैनीडांडा,145
दूतों,55
वित्तायोग,33
पाकेटमारी,41
कद्रदान,27
मूलधन,58
बतायेंगे,104
रंगीली,65
पुर्जो,109
उद्योगमंत्री,68
दरबारों,66
लिखवाए,195
आनलाईन,113
मंजिलें,128
कलपुर्जे,78
पहुँचने,126
स्वतन्त्रता,70
थोपना,90
मुसलाधार,153
भीतरघात,13
दातून,144
विद्रोहियों,178
गृहस्वामियों,110
दशमलव,118
तन्हा,156
मसूड़ों,166
नशेड़ी,186
ज्ञानार्जन,192
समुखिया,68
गाएं,67
रूपवती,93
सम्पत,12
नजारों,31
लाइसेंसधारियों,36
खिंचवा,61
नियुक्तिपत्र,76
झासे,47
हममें,133
खर्राटे,183
उत्तेजक,189
चाहतीं,90
कंकर,155
जगरानी,99
सोएं,89
पलने,50
आशावादी,93
फिल्मोत्सव,30
तटस्थ,189
व्यवस्थायें,17
बरतन,155
झलकने,193
छोटो,38
दुराचारियों,59
बेलदारों,110
मनोभाव,98
तिल्ली,183
जन्मांतर,130
हंसाने,23
मोर्चाबंदी,124
गर्द,5
मसान,171
कृतज्ञ,98
गबरू,38
शामचौरासी,173
शरणानंद,51
ड्रैस,146
डोलियों,66
नौकाओं,161
हमलावार,41
पांवों,56
तुक,82
दीए,44
रिक्शाचालक,68
ऑटोग्राफ,195
पतों,180
फलदायक,25
जामों,66
पूजते,130
सहनशील,93
हैण्डपम्पों,109
लीबिया,73
व्याधियों,166
कोरियन,140
मायानगरी,122
महाचंद्र,187
छिन्नमस्तिके,173
फुंकी,109
संघर्षों,120
स्प्रीट,18
पशुबलि,139
प्रतिबिंब,180
पेंशनों,138
उक्ति,57
लेखाकारों,36
यतीम,156
कत्था,144
घुलनशील,18
दुर्दात,178
रौंदता,196
प्रत्यायन,76
डिजायनर,146
विज्ञापित,11
फव्वारों,128
विराजित,173
गीदड़,79
टुकडे़,155
टकराती,196
बिकना,95
टंकण,76
मृतिका,99
रीछ,79
चुटकुलों,23
कृष्णांजलि,187
अंतर्मन,98
थामकर,56
पछता,136
पकड़ाने,82
नकछेद,16
हृदयविदारक,84
आईएमटी,9
तिलांजलि,69
अंतरात्मा,130
मुख्यमंत्रित्व,125
भिक्षुक,3
मधुशाला,98
व्यापरियों,8
टरकाने,82
उपला,168
श्रोतागण,30
इष्टदेव,173
केज,75
लुढ़की,196
अपराधीकरण,29
बंधकर,46
अरुणेंद्र,187
महामन्त्री,35
जुदाई,156
कबाड़ी,95
अस्ताचल,112
चंकी,38
लकवाग्रस्त,183
कालाबाजार,143
तिकड़म,29
शैलारानी,187
न्यायमित्र,111
गुलबहार,42
कविगुरु,88
नरसेना,41
शय्या,55
घुमड़ते,5
मसोस,20
लहराता,40
कूड़ाघाट,43
मलहम,150
हिटलरशाही,29
सैन्यकर्मियों,177
औघड़नाथ,137
नर्तकियों,122
सांड़,79
वकालतखाना,97
संशो,76
राजाज्ञा,0
न्यारी,160
मुगलकाल,137
समयाभाव,133
साध्वियों,3
मंझे,27
नवाबी,6
सिमटती,50
लम्हे,163
गिरिजाघरों,52
उखड़वा,168
बेंदी,105
मंचीय,122
वरिष्ठों,36
उदाहरणों,169
भौतिकवाद,52
ट्यूबेल,109
डांटते,136
उगाते,60
बुलन्द,70
कम्प्यूटरीकरण,107
वामपंथ,13
कुतिया,79
चरते,79
अन्त्यपरीक्षण,199
वीरभूमि,72
खींचता,4
उड़ता,137
समझाएंगे,104
ट्रैकों,175
उपनाम,137
वास्तुकार,85
बखिया,21
व्यवस्थागत,21
रीडरों,75
छोरी,38
गिरफतारी,170
किशोरवय,102
स्फूर्त,141
सरकंडा,94
धन्वंतरि,55
सांकृत्यायन,137
ब्रहमचारी,88
मर्दानी,122
ब्याना,152
सम्भावित,74
बीबीवाला,152
रेलों,7
तोड़ेंगे,104
हाथीखाना,184
अप्रतिम,165
प्रविष्टियों,169
सहकर,154
चोंटे,84
अंकुल,149
लुढ़ककर,196
सुलगने,191
सोहारी,182
पंड्या,12
भौजाई,176
सेवायोजना,33
लिखनी,37
अड़चने,21
आत्मजीत,48
माधवन,12
प्रोविजन,9
बीतीरात,145
रक्षार्थ,124
खगोल,107
मैंस,38
आयोजना,33
उलझाकर,15
निवेदित,98
अज्ञानी,93
खड़ंजा,24
साथा,34
दानवों,55
पूज्यनीय,88
सिरों,180
पिरोकर,46
धर्मरक्षिणी,194
मध्यक्रम,114
कनुप्रिया,99
चट्टानें,31
पैंतालिस,64
हरजी,48
नियोगी,12
असहयोगात्मक,194
उवर्रक,60
निर्वाही,199
फतवे,139
वृश्चिक,96
रामविशाल,149
भांज,127
धर्मशालाएं,17
भौचक्के,20
लड़कियो,102
इमारते,128
विश्वनाथन,12
ओढ़नी,146
प्रतीक्षित,98
पवनप्रीत,48
भगाते,53
खेतीबारी,91
पनघट,65
शस्य,60
शांतिभूषण,187
सड़ता,168
मुवक्किलों,111
बुर्का,146
झल्ला,136
दरियाओं,161
रंगबिरंगे,101
बाड़ों,66
विभेद,11
डसा,168
बांछे,158
तराशा,190
सुधारात्मक,25
तुझको,156
गयो,38
घुड़सवारों,66
सिंघाड़े,144
उदघोष,70
पशुबाड़े,97
डरें,89
नर्तक,85
भड़काऊ,139
भिडे़,174
एम्पायर,75
जुड़ेगी,77
हक्के,20
जहन्नुम,156
अत्यावश्यक,25
खुल्ला,21
मारेंगे,104
पटाखें,44
लड़ते,162
संदेहजनक,189
उसूलों,156
नाकारा,21
बांटती,135
वकालतनामा,111
हुकुमत,6
फेका,121
रेलपथ,175
डिबिया,155
मुस्कुरा,20
मचेगी,116
सत्यवादी,93
बट्टे,155
गरजने,153
फूहड़,23
भीगकर,5
पलता,40
तारण,34
चाइल्डलाइन,9
अधोहस्ताक्षरी,76
वृद्धाओं,123
डली,155
बन्दूक,127
महिलाकर्मी,68
धर्मग्रंथ,52
डण्डे,127
हुरियारे,65
उपनगरों,73
बांझ,102
फेरियां,17
सार्वदेशिक,140
घड़ियाली,193
उत्तरवाहिनी,43
रखवाई,81
धांधलियों,143
निपनिया,145
अवकाशों,36
संवादादाता,194
आक्रमक,124
पकौड़ा,10
मजारों,66
ओहदेदारों,29
बुद्धवार,148
कृष्णमय,98
अपराधकर्मियों,110
सुनाईं,37
मोबाइल्स,75
प्रास्पेक्टस,9
तुच्छ,69
मैती,12
झालरें,105
जन्मशती,151
बुद्धिमता,141
थोडी,160
छूटती,137
सटोरिये,157
संवरेगा,77
उपजातियों,167
पतवाड़ी,97
मानवतावादी,52
चिकित्साकर्मी,159
घड़ियों,66
कंठस्थ,37
दीवारे,128
क्रीड़ांगन,194
अकेलेपन,74
मातवर,47
नवरात्रे,86
जीतोड़,142
अकलियत,156
रजऊ,38
ठोकरों,156
रचाकर,181
जीवनसाथी,181
फरमानों,66
सम्पादित,169
कलाकरों,122
भौंकने,136
चाहो,83
दफनाए,49
आपराधियों,8
पहचानकर,121
स्टंप,127
दौड़ते,100
मंगलकारी,130
सप्ताहव्यापी,199
पराई,160
छींटा,150
प्रत्यर्पण,111
निष्फल,189
बननेवाले,130
नाचती,65
संभालता,4
विजयवीर,149
वाइपीएस,194
अतिक्रमणों,143
भये,34
नुस्खा,96
महंता,149
चॉक,155
तख्ता,155
सुब्हानी,42
अधरंग,166
दबंगता,29
बाहुबलियों,29
आंतकियों,178
अरुणोदय,99
खर्चीला,25
छप्परों,66
भाड़े,78
पाठशालाएं,192
हटाएगा,77
मलमूत्र,45
नेस्तनाबूद,124
लड़खड़ाती,100
लड़ना,162
अड़चन,74
सर्वहारा,167
ठहरता,40
निशानियों,156
घरेलु,18
थका,40
सड़कर,168
फरमाने,156
नाखुशी,179
वर्दियों,177
पंजाबियत,92
सरोबार,65
रंगेहाथों,41
दौड़ाना,100
सत्यनारायन,187
जगता,188
बेगाने,156
भाजे,34
कठोरतम,59
छानती,135
डराकर,121
गर्भवतियों,8
धर्माचार्यो,3
कीडे़,45
बिगड़ना,14
बगलें,26
प्रबंधिका,87
पंसदीदा,122
कहेगी,77
उड़ने,126
विद्याओं,130
अश्रु,193
बारहसिंघा,79
बजाता,28
चिकनाई,18
घोट,168
बिछड़ने,154
मानवीयता,141
चहेता,27
सुलभता,141
दरगाहों,66
परायणता,141
चंद्रोदय,86
पहचानी,160
तीर्थंकर,137
नहाकर,150
संदर्भो,169
ज्योतिर्लिग,43
ताशे,28
बुझकर,21
कौवे,79
जगतनारायण,149
लीडरों,29
लेके,38
तोलने,82
जवाबों,23
गदंगी,45
रसीदों,195
सोलहवीं,197
घुसता,40
दरबाजा,128
अंकतालिकाएं,147
जोड़ाई,129
पारिस्थितिकी,107
अजैविक,18
इनामों,36
बिछुआ,105
सूक्ष्मता,141
मुश्तैद,199
फैलायी,50
घोडे़,78
सीवरलाइन,109
तिनके,131
खौलते,150
सहजन,144
पिताम्बर,187
दिखनी,2
काउंटी,137
भेड़ें,168
बिरले,27
ऐनक,193
अभिभावकगण,147
आवर्धन,118
न्यायपीठ,111
विद्वता,141
फंसाते,53
चूमती,135
बलिदानों,70
रूढि़वादी,52
प्रतिस्पर्धी,25
टुकड़ों,155
बरसता,153
सूझा,198
स्नानघर,128
धनकुंड,97
अनुसचिव,68
बेगाना,156
भिड़ते,162
अनुभवहीन,93
हिचकिचाहट,179
बरगलाकर,121
कॉलोनीवासी,152
गोरैया,79
प्रत्यय,180
विश्वगुरु,130
आइंदा,136
भाषणबाजी,23
विघटनकारी,139
मजनूं,171
उड़ाते,53
स़फाई,16
सांड़ों,47
नकदीकरण,58
पल्लवित,165
संकीर्णता,69
कंपकंपा,108
मायाजाल,69
परिवर्तनशील,189
षष्ठम,197
वनाधिकारियों,39
बॉस्केटबाल,114
दौड़ेगा,77
मुर्गीपालन,79
साहिबानों,92
निर्भीकता,141
जगतवीर,16
लगाईं,61
अरबपति,85
कुलदेव,173
प्रतिद्वंदिता,185
रातोरात,171
सीटीपीएस,9
हैरतंगेज,27
द्रव्यों,18
लोकापर्ण,30
छात्रसंख्या,147
आक्षेप,69
पंचक,96
पछाड़कर,142
सुलाने,188
तथ्यात्मक,169
फर्जीवाडे़,54
मेहमाननवाजी,27
अभिज्ञान,57
कांस्टेबिलों,110
ड्यूटियों,8
बजीं,28
उत्तराधिकारियों,6
राजप्रीत,194
नौबहार,42
उत्पीड़नात्मक,97
श्रृंखलाबद्ध,11
गरमागरम,10
पार्टटाइम,9
चिल्लाया,136
अठन्नी,157
दूधिए,174
अकड़,168
रिसाइकिल,45
चक्रधारी,55
कुटुम्ब,176
मगरमच्छों,79
टोयोटा,75
गाता,4
सर्दियां,108
सदाफल,34
मंजन,150
गिरिजाघर,6
दादाजी,176
खास्ता,156
जिंदगानी,156
पढें,89
मरवाने,82
ब्रह्मस्वरूप,88
परिस्थति,189
विषैली,18
हैडपंपों,109
पुनर्परीक्षा,147
निषादों,55
कटाया,129
सुस्ता,26
उपदेशक,3
जिताना,142
ट्राफियां,114
श्यामवती,99
टेड़ी,168
तरना,152
सिखाकर,129
अभयदान,55
वृद्घा,123
संबद्धीकरण,33
सनशाइन,75
क्षैतिज,180
बुदबुद,150
सिक्खों,92
दूब,94
रहनुमाओं,29
फिसली,196
रस्मी,23
बांयी,56
घमंडी,93
सिकुड़ने,50
पूजने,130
बाउण्ड्री,9
सिलने,146
उपजाने,60
सूतक,148
अल्पकालीन,107
रेजर,75
उठाओ,83
कूंचा,182
गुफाओं,31
प्रेमभाव,98
छानकर,150
बुराईयां,17
टिकने,126
रीतियों,120
अंशदायी,138
जिनेंद्र,187
सदाचारी,93
लकड़बग्घे,168
बाइ,137
मलीन,34
बुरादा,155
करुणानिधि,12
राजवर्धन,187
सुजल,34
सेकेण्ड्री,9
राजशाही,6
आगंनबाड़ी,33
टेलीस्कोप,137
प्रखण्डों,8
प्रिंयका,99
पहचानती,135
लड़खड़ाने,100
बंधियों,66
अर्जियों,195
कार्यस्थगन,125
पिछड़ते,167
आंगनवाड़ी,33
उपखण्ड,39
रुकावटें,17
लपक,100
कूचे,156
जियोलॉजी,9
फिटकरी,150
झूमी,5
भ्रुण,102
शनिधाम,43
जुड़ाव,57
टांका,155
झंडू,38
मनीषियों,165
ट्रांसमीशन,9
विरासतों,165
महाकौशल,72
सिसकियां,154
महुआटांड़,97
तरकश,180
अपनाओ,83
नाड़ा,168
पोस्टरबाजी,199
हाटों,66
उपली,174
रुकीं,61
नीलगिरी,94
वृत्तचित्र,122
रसायनशास्त्र,18
फकीरों,3
पनडुब्बी,177
पीपों,155
नाट्योत्सव,30
जिल्लत,156
सत्यबीर,187
सर्वव्यापी,130
इंस्पेक्टरी,9
अस्सिटेंट,9
यातनाओं,59
बिगाड़ना,14
मंगलगीत,65
जूबाए,97
रबड़ी,10
जिन्दाबाद,70
मोड़ते,100
चालों,120
ठहराना,117
खुराफात,23
संबन्ध,57
पीसने,150
अकादमियों,36
झटकने,82
शिवधन,16
बम्बा,182
पटाने,82
टेलीग्राम,75
बंजारों,71
सपंर्क,143
गिरगिट,79
कटीले,94
कालेवाल,152
हथियाना,117
लेखानुदान,58
थानाक्षेत्रों,145
तिब्बतियन,73
टेके,56
हस्तशिल्पी,190
झमेला,40
गद्य,169
कीर्ती,99
संसारी,130
धर्ममय,130
सन्दर्भ,169
ट्रंासफार्मर,109
अपनाएगी,77
अनोखेलाल,149
सुलझाई,15
बंबई,72
सरिए,168
नटवार,72
तलक,156
निजता,141
उपचुनावों,62
तम्बू,128
सुहागन,181
प्रक्षेप,180
लड़े,162
बैनामों,143
फंसाये,121
पाखंडी,3
सर्कुलेशन,113
सहती,135
सुनाती,37
विकृतियां,17
स्नेहिल,98
राजपरिवार,6
महापुरूष,130
धन्नो,38
अभ्यस्त,189
टालता,4
भण्डारी,12
शत्रुओं,124
भेंटवार्ता,113
कमीशनबाजी,143
सति,34
जीवाश्म,190
पुरातत्वविद,85
चौड़,47
ढकोसला,21
मारुफ,42
नोटो,157
भटूरे,10
हिरनों,79
सीरियलों,122
परिहवन,175
उमडे़,22
सहेजकर,165
बहकाने,82
छुटभैया,29
व्यूह,180
झुकाने,82
फास्टफूड,106
खीझ,136
गिड़गिड़ाने,82
मसजिद,184
कूचकर,127
माइक्रोस्कोप,75
संवत्,86
ईमानदारीपूर्वक,25
पसली,56
बढ़ावे,126
सैकड़ा,118
इसीक्रम,194
दावते,156
अनुमानत,118
मुंहतोड़,124
भक्तगणों,22
छूटता,40
लहलहाते,60
ख्यातिप्राप्त,85
सेंटीग्रेड,118
शर्करा,18
विकासखण्ड,103
पीहर,181
सुरीले,67
गुलपोशी,22
मौते,84
हंसना,117
दिलाओ,83
दंबगों,41
पूर्णागिरी,43
स्पीकरों,75
अरण्य,55
टांसफार्मर,109
अलापने,82
उलझाए,15
निर्दयता,59
बेगानी,156
बंधपत्र,58
प्रखंड़,103
पशुवधशाला,194
छेड़ते,136
मान्यताप्राप्त,76
खदेड़ने,124
पण्डाल,22
छिनी,71
दबंगो,41
खंगालेगी,77
उच्चधिकारियों,39
रुलाने,82
थानाधिकारी,39
सम्पत्तियों,58
मजबूरियों,120
राष्ट्रगीत,70
चलायें,89
नर्सरियां,17
लौहपुरुष,70
सर्वदा,130
अनिष्ट,69
जामकर्ताओं,8
संक्रान्ति,86
वर्षाे,172
पाबंदियों,0
बोझे,131
मौहल्ले,184
स्वरांजलि,67
तपने,191
शुलभ,174
वेटरिनरी,9
इज्तमा,194
जैतून,144
फटकारते,136
भूस्वामियों,91
उभार,180
नपुंसक,93
ग्रामप्रधानों,103
पिंजड़े,79
प्राचीनता,165
थानगांव,145
छींक,166
उतराते,161
महका,158
खिसकते,196
विश्वस्तर,165
बेरंग,101
पगला,198
करवायें,134
देवकुंड,43
सावरिया,38
मण्डप,128
कार्यपूर्ति,199
बंटना,117
कट्टरपंथियों,52
खिंचाव,180
स्निग्धा,99
विकासकारी,107
ढूंढ़ना,117
गुनगुनाते,67
ख्वाबों,156
अकड़न,56
ढलती,5
सत्यनिष्ठा,141
समानान्तर,180
तौहीन,21
चक्रानुक्रम,76
भक्तिगीत,67
भारतमाता,70
रजाइयों,66
चटकीं,127
खुशामद,136
भंिट्टयां,38
अदंर,121
चुकें,49
पियें,186
बताशा,10
जगाए,188
हृदयपुर,97
पकड़ेंगे,104
चलाएंगी,32
परदादा,176
रीतिरिवाज,140
कालापानी,72
चौंकिए,198
खंडवार,76
प्रशसनीय,199
हिमखंड,161
केन्द्रो,33
सेल्समैनों,41
सुलगते,191
विश्वरूप,55
ट्यूबलाइट,44
धारावाहिकों,122
चिन्ताजनक,189
नामांकनों,76
त्रुटिरहित,25
दुर्घटनावश,84
सिरी,171
लॉलीपॉप,75
टायफायड,166
धूना,43
फेरते,56
खटोला,38
दुखभंजन,34
नर्म,101
प्रणीत,88
लड़खड़ाते,100
आक्रामकता,141
उपकुलसचिव,68
बारुद,44
नागवंशी,6
मुझमें,141
कूड़ादान,45
अंगना,38
फैनी,171
गैंद,16
निमेश,12
हरिदर्शन,88
लांघने,46
मंझली,176
आवासी,73
बंदगोभी,144
पाठागार,194
वॉकी,75
छूत,166
दस्तकार,91
फूलबदन,149
भूदेवी,173
एमओआइसी,9
विवेकशील,93
हड़प,121
चींटी,79
कालीमाटी,182
घेरेगी,77
सामाजिकता,141
तिगड़ी,166
मुंडेर,128
बताएंगी,32
ब्रजबिहारी,187
साहिर,156
तमाशबीनों,41
पहनेंगे,104
खुराफातियों,8
गौसेवा,1
अतिथिशाला,43
तीरे,161
फिरती,135
धोखेबाजी,54
जीवंतता,141
एरोन,12
माँगी,179
झेलता,40
चिड़ी,168
विवेचन,169
बहक,5
किलेबंदी,124
बिछानी,131
पढ़ेगा,77
डालियों,94
इंद्रधनुषी,101
जुराब,146
झुण्ड,79
बंधेगा,46
सेगमेंट,75
श्रीचरण,187
भूमंडलीकरण,107
दहकते,191
तरसता,40
पूर्णेदु,199
लोंग,171
झुककर,56
शैशव,165
ठिठुरे,108
चुस्कियों,186
बिछाते,131
संप्रेक्षक,68
कंघी,101
खर्चों,58
खिसकता,196
छानते,53
भट्टियों,44
सांढ़,79
जायेगें,104
थिरकीं,65
खुश्क,108
मारेगा,77
बटवारा,91
अविभावकों,8
अध्यक्ष्ता,68
तात्कालीन,35
बॉयफ्रेंड,75
खिलाती,135
आसना,16
पागलपन,189
सांवला,101
कन्नड़,140
रेलबाजार,145
तकलीफें,74
बैठेंगी,32
मंडराया,84
तवे,10
गुब्बार,44
नियंत्रकों,36
सूरतेहाल,156
रुदन,154
मरघट,71
चतुर्वेद,88
नेग,38
सेवइयों,10
जीवाणुओं,18
निरुपम,12
व्यवसाईयों,8
व्यापकता,141
ढूंढती,135
पधारो,38
विस्फोटों,84
त्रिगुणायत,12
अनुपलब्ध,189
व्याघ्र,55
मनवांछित,25
मनवाते,53
झाड़िया,182
राउंडअप,75
काडों,168
व्योम,55
शॉक,75
बनाईं,61
सच्चितानंद,51
परखेंगे,104
मंझले,176
आईसक्रीम,10
जिताएं,62
चमकीला,137
गन्दा,45
चिताओं,191
दौड़ी,100
दर्शाये,49
प्याली,155
भालुओं,79
चलायेगी,77
गद्दारों,178
तिरूपति,43
हादसाग्रस्त,199
अनानास,144
लेटलतीफ,21
निषिद्ध,0
घुड़चढ़ी,97
जागेगा,188
जगहें,31
रंज,156
मापन,118
इमला,38
खेदजनक,189
अमृतधारी,92
कोरमा,10
बादामी,101
प्रकांड,85
गॉव,72
पुनि,34
रोचकता,141
गारा,171
विरल,189
जलेंगे,104
नौंवा,197
भड़का,139
मकड़ी,168
कीटाणुओं,18
नौरंगी,182
आईने,26
एडमिनिस्ट्रेटिव,9
तलाशनी,2
भुगतेंगे,104
पुनरोद्धार,11
पदवी,6
आस्तीन,146
गंवाया,142
अपवित्र,69
नवम्,197
धर्मग्रंथों,52
अदाकार,122
लहसून,144
मायना,27
अमिषा,16
बचीं,61
सरप्रस्त,199
भुलाने,126
जनशिक्षा,192
सेखुई,174
पाकशाला,106
अग्रज,85
रसधारा,65
बायोपिक,122
अरुचि,74
तरसा,71
सडकें,175
साम्राज्यवादी,52
डराते,53
गुनगुने,150
छोड़ों,70
सफलताओं,120
पढ़नी,2
चमेला,152
एयूआर,137
कश्ती,161
छेड़कर,162
भुजंगासन,96
घरौंदे,71
गैंडे,79
दोतरफा,180
बरसना,153
कर्णधारों,13
भेंटे,34
शराबखोरी,59
हटती,196
आजमाई,61
रामआधार,149
संर्पक,166
मिठुन,16
तिलमिलाए,136
धुकधुकी,5
किनौनी,174
क्रेनों,66
सभाध्यक्ष,35
लाओगे,83
हुक्के,186
औद्योगीकरण,107
उगलना,117
विध्वंसक,189
सूंघने,18
नवान्न,30
सीलकर,174
चिढ़ाने,23
अतिमहत्वपूर्ण,165
पर्वतों,31
आनेवाला,133
मनस्वी,93
स्थनीय,76
नपाई,24
बिछवा,168
तानों,67
चुंबकीय,180
असक्षम,25
लुप्तप्राय,165
सावधानीपूर्वक,25
मझले,176
नापतौल,143
खुदवाए,24
प्रकाशमान,112
खालें,155
छल्ला,180
अभिनेत्रियों,122
महोगनी,101
आरोहण,180
गोकुला,55
लाभान्वितों,33
सगंठन,13
खिलायी,106
युक्तिकरण,11
पंचगव्य,115
मचाये,116
महगांव,145
सेतू,175
सार्जेंट,177
जनभागीदारी,33
जुटाएंगे,104
नामुराद,156
कॅालेज,192
अंत्याक्षरी,114
जताता,179
मुख्यध्यापक,199
पंचायतवासी,103
हस्तनिर्मित,190
घिसट,100
जनप्रिय,85
गर्मागर्म,106
ग्रीष्मकाल,148
रामसिंगार,149
संपदाओं,107
जैनियों,52
सार्वभौमिक,57
तास,38
पदाभिहित,76
ब्रम्हा,173
अश्वगंधा,144
ताल्लुकात,27
भुजा,56
आयत,180
फहराए,70
जन्तुओं,18
कुल्हड़,10
चढ़ाएं,89
छत्तीसगढ़ी,140
लिखायी,37
सड़,45
बेदर्द,156
सफलताएं,17
प्रपात,31
सलहा,168
प्रत्याशिता,62
सौतेलापन,21
उत्तरदायित्वों,120
जगमगाते,112
जाचा,47
मिलनेवाले,133
किताबे,37
पचाने,137
पिटते,136
ठिलिया,182
शासनस्तर,199
ढक्कनों,155
परिचारी,138
अनुश्री,99
वृद्धजन,123
टांगकर,131
अपीलकर्ता,111
प्रसिद्घ,85
दिखावटी,69
परीक्षायें,147
घोड़ी,171
संध्याओं,115
कालाबजारी,143
मसलक,42
सलटाने,82
सताएगी,77
हृदयस्थली,43
जोड़ियों,66
लड़को,102
तरु,94
पखरौली,145
अनुवांशिक,18
वास्तुविद,85
अनुसेवी,199
आयुसीमा,76
किरायों,7
हिलते,196
अतिव्यस्त,199
उजाड़कर,71
फफूंदी,18
नवकिरण,99
तरसती,135
केएमपीएम,192
चिह्निकरण,199
सुहावने,65
शूरवीरों,70
जाएंगीं,32
पूराकलंदर,145
निहरी,145
पदयात्री,22
नहींं,133
सुखमणी,99
दिव्यता,130
विषमताओं,120
फैलाती,135
मखमली,101
कौरवों,55
श्रेयांस,12
रंगकर्म,122
प्रादुर्भाव,165
उमड़ना,168
जीतें,142
नेमप्लेट,155
नागों,55
लूडो,114
रामायन,12
रेडियोलोजिस्ट,159
महाराजाओं,6
उर्वर,60
दुघर्टनाएं,17
पंक्षी,79
कलमा,37
करामात,27
बांछें,158
तोहफों,151
मनमिंदर,48
ज्योर्तिमय,173
तख्ते,131
अधिनस्थ,125
बरसाया,153
चुकाई,132
भेजो,83
अनुज्ञा,76
चूरन,10
चमकीले,101
नाखूनों,183
आग्नेय,55
अपराधमुक्त,1
जनमोर्चा,113
सा़फ,21
गोलपहाड़ी,97
विरान,71
धोबिया,182
प्रेमस्वरूप,130
झांकना,117
जोड़वाने,82
वेदाचार्य,88
नौंवे,197
रंगोत्सव,151
चूड़ी,105
भरवाएं,81
बटालियनों,177
सराए,16
कुंआरी,102
दानपेटी,155
रंगबाजी,41
ऑटोमेशन,75
लेपटाप,75
बाक्साइट,18
अर्क,18
मिशनरियों,52
खुशदिल,38
मनमुताबिक,21
पढ़नेवाले,37
प्राविधानों,0
गृहरक्षा,199
केंद्राध्यक्षों,68
पलकें,193
वेतनभोगियों,138
वाणिच्य,97
रखवालों,124
भगाए,49
मंगलयान,180
ज्यादतियों,59
बिकेंगे,104
भाग्यवती,173
रामां,152
फरमाता,156
दमादम,65
देखूंगा,80
उपाधीक्षकों,39
ढवारसी,97
केतु,96
बैठाये,26
संपूर्णता,141
तनय,34
रचेगी,77
टहलना,163
परिवारजन,176
दोहराना,90
शाखाध्यक्ष,68
चिथड़े,168
मत्थे,21
ढाए,71
सत्ताधारियों,29
अहिरावण,55
निकलवाना,117
जमावाड़ा,199
निदंनीय,21
ढांचों,120
दौड़ने,100
स्वर्गवासी,176
दुघर्टनाग्रस्त,84
मूर्ती,190
आयुर्वेदाचार्य,88
कट्ठे,91
लखेरा,149
कुल्ले,150
पुनर्विकास,11
कावा,171
भूतबंगला,184
टीलों,31
इच्छित,25
अवामी,13
डिलक्स,75
वितर्क,69
सौंपें,129
अपराधकर्मी,68
तालुका,72
खलवा,47
अरुन,99
पोछने,150
गुच्छे,101
तहेदिल,27
असहमत,179
पकाकर,10
गड्ढायुक्त,194
नगाड़ों,28
पहनती,146
नित्यक्रिया,148
चिलम,186
चितिंत,21
मिलवाकर,81
मेें,143
तानने,82
वैद्यता,76
जलसंसाधन,33
पोतियों,176
आयेंगी,32
वेतनादि,58
निर्वाचकों,62
नलके,168
हिंदोस्तान,70
कुन्ती,55
तर्कों,120
गांववाले,171
भड़काने,139
ठहाका,23
हरिभजन,12
प्रियजनों,98
राष्ट्रस्तरीय,194
लिस्टें,17
डंसने,82
घंटें,148
खूशबू,158
पत्थरी,183
महानुभावों,36
गरीबो,123
गल्लामंडी,184
बीसवां,197
गैलरियों,66
फिरंगियों,70
चुभने,193
बरसेंगे,104
धर्मात्मा,93
जगदम्बे,173
मुनीश्वर,12
उकेरने,126
टिकाए,26
मानेगा,77
गट्टे,10
बैलगाड़ियों,78
जस्ट,75
प्रतिरक्षा,107
खर्चने,157
लहलहाने,60
गड़बड़ाई,14
दबाएं,89
समझेगा,77
चुकंदर,144
गुणांक,118
फागुनी,65
अभिंयता,39
सहजनी,145
घूमेगा,77
मुद्राएं,17
अंतहीन,180
नित्यानन्द,88
ऐड़ी,168
मनुष्यता,165
पोश,137
खौल,136
बिछवाने,81
गोलाई,180
लोमहर्षक,59
अधियाचना,76
नादिया,42
पारखी,85
लावणी,65
घनघनाते,53
अफसोसजनक,21
चीखकर,154
जंगलिया,182
लोढ़ी,145
लहराई,5
व्यावसायी,68
प्रखंडकर्मी,68
बंजारावाला,152
नारो,70
भाडे़,174
आंक,21
जाचने,63
डिपों,143
ताकना,117
सौगातें,17
आसक्ति,69
सांख्यिकीय,107
सर्वभूतेषु,173
खपड़ा,47
पशुगणना,76
प्रसाशन,125
झाड़ी,94
न्यायायुक्त,97
अमरवीर,48
कपरवान,152
समाजों,167
दुगुनी,118
भारतरत्न,70
पुनर्जन्म,130
छिपाना,117
भ्रष्टाचारमुक्त,1
मनोरोगी,93
मेवों,144
प्रार्चाय,187
फहराते,70
अघोर,173
चाँदी,105
झांके,26
पर्दानशीं,156
अपनेपन,141
क्यारियां,158
मुजरिमों,170
नामौजूदगी,21
पार्टीजन,13
बेड़ियां,46
साजिशें,17
पूर्वतट,194
बाहों,56
गुलिस्तां,156
झारखंडियों,8
समन्वयन,107
इमामे,42
लोगे,83
पुनर्वासन,33
लिखेगी,77
फेंकें,89
रहोगे,83
हुड़दंगी,116
बंग्ला,140
अपनाएगा,77
सरीफ,42
जंगलमहल,72
बंटवाए,81
धुंआधार,122
फनकार,67
सदाओं,156
हैै,133
शरणालय,33
कसाइयों,79
कायरतापूर्ण,59
श्रीकृष्णनगर,43
भुनाया,129
कूटने,82
ब्रम्ह,173
कौए,79
चौहरमल,174
पैरालंपिक,114
विवेचकों,63
महासचिवों,68
कृष्णेंदु,187
नयापन,122
सुविधाए,107
धसने,168
मत्सय,55
बिंदास,93
झण्डे,70
दुर्गाष्टमी,86
धौड़,137
चुनती,135
खरोच,168
नीलमणी,149
आड़ी,168
देयक,58
परिसंवाद,30
व्यंग्यकार,85
निपटते,15
बांये,56
भड़कीं,16
उपमहासचिव,35
एनडीपी,9
हटायी,61
मतो,142
नकारे,21
बिमारी,166
प्रतिलीटर,118
तदाद,168
खनका,16
छेड़ेगा,162
रोषस्वरूप,137
आर्थिकता,1
ज्ञानभूषण,187
जिलान्तर्गत,103
चहलपहल,184
दूकानों,66
खलने,126
हिलाया,129
विनिर्माण,107
उच्चपदस्थ,125
रिटेलर्स,95
दंपत्तियों,181
बसुंधरा,152
झेलती,135
प्रलाप,189
रेंगता,196
पर्यावरणविदों,36
उपयोगकर्ता,57
चढ़वाने,81
परिवारवाले,181
घबराये,20
छर्री,182
सम्मानीय,93
हैंं,133
परखे,49
जनाना,171
एंबेस्डर,9
भोंपू,28
सलौनी,16
मनायेंगे,151
शिवलोचन,187
शुभी,99
कतरन,113
एंकरिंग,122
सिल्की,101
आसरों,66
उपाधियों,6
फिरकी,127
कूल्हा,183
फलमंडी,184
परमपूज्य,88
चूजों,79
बेइंतहा,27
सैंतीस,64
दक्षिणपुरी,152
प्रदीप्त,112
लोकनृत्यों,67
आरएंडबी,75
झल्लाए,136
सिचांई,24
प्रावैधिकी,76
ऋणधारकों,110
खाड़ी,161
कुप्रभावों,120
चिताएं,191
कार्यवृत्त,76
अपूर्णनीय,194
थपथपाते,53
वंदेमातरम्,70
चूसने,82
लुटी,71
हटवाते,81
ढूंढता,4
निर्मलीकरण,33
पीड़ितों,123
विश्लेषकों,36
भड़काया,139
पेड़ो,94
बेंची,95
श्रमशक्ति,107
सृजनशीलता,141
दुहराई,37
पराठे,10
जमानतदारों,170
आंसूगैस,41
शाब्दिक,57
समेटते,53
कर्मचारीगण,138
मिटती,135
मनोवृत्ति,69
महानतम,165
निधियों,58
वधुओं,181
साक्षियों,76
सुनेंगी,32
केंद्रीयकृत,125
पपड़ी,168
तारतम्य,57
पूंछा,198
हैदराबादी,42
छेड़ने,126
सेंट्रलाइज्ड,9
मरती,135
सवांददाता,113
आनंदमार्ग,194
मंडलवार,33
उच्चकोटि,85
मंड़ी,47
काफ्रेंसिंग,9
जीआइपी,194
किसलिए,198
तड़पकर,154
भ्रष्ट्राचार,29
बंदूकधारी,41
विरूद्घ,139
भंगिमा,141
ऋतुओं,180
टील,38
सोनोग्राफी,183
एलोकेशन,75
खनिजों,18
मनपंसद,65
व्यवस्थापन,107
बिखरते,46
ओहदेदार,29
जगहो,31
निबटाए,15
दुस्साहसी,93
सुविख्यात,137
प्रतिनिधिदल,199
परात,10
प्रर्याप्त,25
हड़पा,71
उडे़,41
चरणप्रीत,48
कमकर,127
फरिश्ता,156
वहम,156
बलशाली,93
छुड़ाते,100
छेड़ना,162
फेरियों,66
चुकाते,132
मटमैले,101
अहिंसक,1
जीपें,78
डयोढ़ी,182
प्रशस्ती,199
भंयकर,84
जर्रा,156
जगमगाया,112
निरूपम,12
लोहित,55
आलोचकों,36
मुक्के,127
बूचड़खानों,143
सहारन,137
नजराने,156
रोड़ी,184
बारों,66
आपेक्षित,25
प्रतिस्पर्धात्मक,107
दागते,127
विशेषांक,113
छुड़वाकर,81
मेनलाइन,7
दुगने,118
बैगनी,101
धुसवा,174
चौबारा,182
नवरूप,34
उकसावे,139
विघटित,11
राजकोषीय,107
बिछेगी,175
बिदक,136
लगनेवाले,180
सुलझाएं,15
जयश्रीराम,187
भ्रमर,98
गाड़ियों,78
वेश्यावृति,59
गलघोटू,166
पिटारे,155
निर्दिष्ट,76
गश्तीदल,124
यज्ञों,115
अडंगा,21
दादागीरी,21
चिट्ठियां,195
संस्मरणों,169
राजीनामे,170
एमएमसी,9
एश्वर्य,173
हटाओं,70
प्रार्थनाएं,17
ओहदों,29
स्वीकार्यता,141
रणगांव,145
शीशियों,155
प्रत्यारोपों,185
चढ़ीं,61
योग्यताओं,120
बैठाएं,89
रहतीं,135
आंगनबाड़ियों,33
नियन्त्रण,137
कावंरियों,66
रंगरलियां,151
खराश,166
उतराने,161
महासप्तमी,86
कायर,93
नवबंर,172
हंगामी,185
मलयालम,140
बड़नपुर,145
सीरियस,23
सर्मथन,13
प्रधानमन्त्री,35
विपत्तियों,84
दूषण,69
ढ़लते,5
डाकुओं,124
खोलीं,61
नौंवीं,197
गैजेट्स,75
सप्तऋषि,55
पहुँचकर,72
पसन्द,90
असलहाधारियों,8
पेंशनभोगियों,138
सौकत,47
अनाथों,123
देवस्थल,43
हमउम्र,102
साबुत,144
झूमाया,65
कृपानाथ,187
मुस्कराहट,193
माशूक,156
धूसरित,5
अगवाकर,81
पागलों,79
बुन्देलखंड,72
कार्डियो,183
डांसरों,122
पथराई,193
द्रविड़,140
शिकायतीपत्र,195
सरगर्मियों,13
सिले,146
भूमिधर,91
महाविद्या,173
जकड़ी,46
चढ़ेगी,77
डग्गेमारी,41
भुजिया,10
अंगार,191
मचाएंगे,116
भुलाना,90
बीपीसी,9
मिटाते,53
निकोटिन,186
रिसता,40
रासेश्वरी,173
पर्त,101
परीक्षणों,120
सीखीं,37
कीर्तनों,22
लोकलुभावन,13
फिजियोलॉजी,9
दायित्वधारी,194
औषध,18
आनुवांशिक,18
दिहाड़ीदारों,8
अमोघ,55
तरसेंगे,104
प्रतिक्षालय,7
बटाईदारों,91
सदय,34
असंतुष्टों,13
दुपहरी,108
अव्यावहारिक,189
गृहवधू,16
घुसपैठिए,178
गुरुपूर्णिमा,86
दृष्टांत,169
खरपतवारों,60
रामबोध,149
फोड़ी,168
ग्लोबलाइजेशन,107
निमिषा,99
गेंदो,114
लाइनमेन,177
लॉयर्स,9
प्रभंजन,34
काटेगा,77
सजता,65
मनसूबों,124
ममेरी,176
आधिकारियों,110
विश्वप्रसिद्ध,85
बिहोली,152
अवगुण,69
नाउम्मीद,74
मधुमक्खियां,79
अपराधियो,170
झुनझुन,137
सुनाता,37
कुशहा,174
करमहिया,145
उजाड़ना,71
पहुचता,4
प्रतिबंधों,120
भरवाते,81
बंटाता,4
गुजरीं,61
निबटाया,15
बतायीं,37
रटने,126
रसायनयुक्त,18
भूखण्ड,91
अवगुणों,69
साईनाथ,113
मिठ्ठू,38
बाउंड्रीवॉल,128
पूरजोर,13
खेतीखान,182
लिपाई,44
तामीर,156
बिखेरती,164
हिचकिचा,179
हड़काने,82
पर्वतारोहियों,31
महाद्वीप,73
पीसकर,150
अंगवस्त्रम्,88
वेणी,105
माहेश्वर,12
तापक्रम,18
स्वास्थ्यमंत्री,68
बिताकर,163
अनुकम्पा,98
हत्था,127
कारनामें,54
जुटाएगी,77
जीवकोपार्जन,1
विवेचनाधिकारी,39
मिटे,69
देवजी,12
विपक्षीगण,13
गुणवत्ताहीन,25
टपकी,5
धार्मिकता,52
फुफेरा,176
विपन्नता,74
पिशाच,171
फरमाना,156
आवासहीन,33
दगाबाज,38
धधकने,191
सुधरती,14
पालकर,79
चौंतीस,64
शास्त्रीजी,88
भक्तिगीतों,67
मर्दो,102
मध्यदेशीय,140
सरवाइकल,166
गुरिल्लों,110
युद्धाभ्यास,177
राजद्वारा,152
आैर,133
उर्जावान,93
स्वागतयोग्य,25
गुत्थमगुत्था,185
टके,157
ढाली,160
खांसते,166
मेघों,153
साठगाठ,16
इन्सां,156
मालवाहकों,8
बंदीगृह,170
चौगुना,118
निर्झर,161
धर्मप्रांत,194
समाते,53
पुदीना,144
पुरवाई,161
रणनीतियों,120
चीरहरण,59
कलेक्ट्री,33
पनपी,50
मौकापरस्त,29
कनस्तर,155
आरामगाह,128
अपूर्ति,199
पुनर्विवाह,181
राष्ट्रीयस्तर,194
तंदरुस्ती,141
ऋद्धि,34
बढऩे,119
चोथे,38
प्रतीकों,120
कल्पतरु,55
अर्द्धकुंभ,125
वन्यप्राणी,31
सीप,155
मोक्षधाम,43
निकालो,83
डुबोकर,150
चूकने,126
शिगारा,97
चहके,65
झंडियों,66
भगवाना,187
डफली,28
रुक्मणि,173
निवृति,11
साहबी,29
परफार्म,122
गन्दे,45
झड़ी,153
छीनते,121
प्रशिक्षणरत,192
बवानी,152
अवज्ञा,137
अनाथाश्रम,123
पुस्त,76
नथूनी,47
कमरें,128
पछाड़ने,82
पूजापाठ,115
छुपाई,61
सनकी,93
वेदिका,190
जुडो,114
व्यापारियो,110
मेजों,66
शिक्षानगरी,199
सिमटते,50
सहेंगे,104
किसमें,137
अभियोजकों,111
अनुसंधानकर्ताओं,36
स्तंभों,128
डगमगाने,196
स्नेहदीप,98
झपटे,168
कुचली,160
वर्गीज,12
क्रॉकरी,155
मनसूबे,124
रूठों,151
बिगड़ते,14
अतिथिगण,30
इलाकावासी,152
माहभर,174
पर्यटनस्थल,97
सुनिये,67
ओढ़ी,5
भविष्यनिधि,58
सैंकड़ो,64
धार्मिकस्थल,199
नवाचारी,107
संरचनात्मक,107
भिड़ी,78
हकदारों,29
पोखरियों,8
हराते,142
परियों,171
ठिठुरती,108
ठहरती,135
कनेर,94
आरक्षक,138
मुठ्ठी,155
पोशाकें,146
नोंकझोक,185
बधवाना,152
होया,38
नहरपार,174
जल्दीबाजी,179
संगठनो,13
पशुओ,79
छूआछूत,139
वसुदेव,55
मंगलहाट,152
देवीधन,97
उजाड़ने,71
सेवला,174
रत्नावली,99
संन्यासियों,3
खिरकिया,145
पंचा,103
बेकरारी,156
ईकाइयों,107
मंझा,38
पैसठ,64
देनेवाली,160
विभिषण,55
मारग्रेट,99
धुले,150
सुरीला,67
अदूरदर्शी,29
बांटेगा,77
पांती,182
बिछेगा,175
प्रतिमास,115
सौपने,179
सादर,98
कुचलता,121
नुनू,47
चलायेगा,77
बहलाने,126
नवाबों,6
हिमोग्लोबिन,183
विशद,169
स्केनिंग,9
बटा,118
कटाकर,121
चौसठ,64
हटेंगी,32
पूर्णाक,180
जगाएं,89
खोजती,135
लोहापट्टी,182
सिकुड़ते,50
गुनाहगारों,170
भींगने,5
दरियां,17
थालियां,17
पहाड़े,37
प्रायोजन,57
चटकाया,129
टिप,75
जगना,188
आतंकरोधी,178
बनाओं,83
उन्हेांने,110
अपदस्थ,6
स्वनिर्भर,1
कंपयूटर,75
निश्चयों,120
पतंजली,88
दौड़ीं,100
सोभा,34
संदेशा,98
सहफसली,60
तपस,34
विरूपण,180
कॉमिक्स,122
भेला,34
संभालें,89
विंबलडन,137
भंगिमाओं,122
नोचा,168
अल्पकालिक,189
मेघश्याम,187
अभिवावकों,147
बीमारियो,166
रुपय,157
हवादार,128
प्रिंटर्स,75
चारण,55
इएमयू,9
छूरा,127
पुरख,92
पिटी,160
पढ़ाएगा,77
दावें,63
मुक्ताकाश,190
टपकते,5
जगमगाती,112
उड़ना,117
पकौड़ों,10
रुकसार,182
चीरकर,121
देवसदन,187
बहुखंडी,149
स्वच्छकारों,8
निभाओ,83
बरतेगी,21
सुंदरवाला,152
तालु,183
आन्दोलनकारियों,13
बिक्रीकर,58
क्रियाशीलता,141
मिंया,42
जीतती,142
फेंकवा,81
असुविधाएं,17
एकटक,26
संक्रमणीय,62
अवतारी,130
तड़पा,154
नहलाया,150
शास्वत,130
सुपरिंटेंडेट,9
घूमेंगे,104
मन्नन,12
खरखड़ा,55
मझला,38
लगवायी,81
गोलीमार,170
हराना,142
बद्तर,14
अटकने,82
लगवानी,2
अल्पायु,88
छज्जों,128
टुकड़ी,177
लड़ाना,162
गुलदाउदी,158
बिकवाली,118
सुखजीवन,97
नचना,38
सत्यानाश,69
रजाइयां,17
सुधारेंगे,104
याचियों,111
थ्रिलर,122
संपद,34
बरौंधा,174
अंधेरों,112
करानेवाले,134
आत्महत्याओं,84
संभले,196
बटाने,82
शायराना,156
छोरे,38
करोडों,157
विधार्थियों,147
ऊपरगामी,175
पंखुड़ी,158
उद्यमशीलता,107
कुरकुरे,10
त्रेतायुग,55
शैतानी,130
महफिलें,67
ढ़ोने,78
कुलराज,99
प्राजेक्ट,9
कर्मशील,93
श्रृंगारी,98
जिलापंचायत,103
कोसता,4
बारबार,180
प्रवृत्तियों,120
जनसंदेश,113
सुनानी,2
वार्डब्वाय,159
संझा,38
राज्यकर्मी,68
परिवादों,8
नवीनता,141
कसेंगे,104
लगनशील,93
हार्निया,183
बिगड़ेगा,14
गौमांस,139
बिकवाने,82
गणेश्वर,187
कर्मराज,187
संकेतकों,107
पकड़ाया,129
खिलखिला,20
रक्तकोष,183
खिंचवाए,61
फेंकता,4
हिचकिचाते,53
चाटी,168
लेाग,136
रेनकोट,146
ऋणियों,58
फलहारी,38
आइस्क्रीम,10
भंडारगृह,143
मनिहार,145
फैलकर,50
तड़प,154
अनारी,99
पाबंदियां,17
निर्दयी,93
अनुषंगी,107
इक्यावन,64
उलझनों,15
संघोल,72
लंकापति,55
स्टिल,75
निगली,121
चिपककर,131
मोड़ा,129
राइफलों,177
मेरू,55
संभ्रात,167
बंगलादेशी,140
कास्तकार,91
बदलवाकर,81
हारजीत,142
चयनितों,147
जि़ला,174
उपशाखा,137
बीजारोपण,60
बांया,56
कराइए,134
तोडफ़ोड़,41
चिंताहरण,43
छोड़ते,53
दीपांजलि,99
धर्मसंघ,3
गरजेंगे,104
कलेश,96
प्रभागों,125
अभेद,130
पुरातत्वविद्,85
संप्रदायिक,139
आज्ञाकारी,93
भुजाएं,56
चोखे,38
बदहवासी,154
चेलों,3
बिगड़े,14
चलायेंगे,104
तसला,155
बीससूत्री,194
दिखला,129
ऑर्गेनिक,137
पालतु,79
गधा,79
क्षेत्राधीन,199
अनावृष्टि,153
उपनिषदों,169
तन्हाई,156
जिलाउपाध्यक्ष,68
जयजयकार,70
दानियों,123
कल्पित,57
पिल्ले,79
बख्स,42
फ्राक,146
भंडारो,124
देनदारियों,58
निमंत्रित,30
सुन्दरम,12
भिड़ेंगे,104
छुटकारे,69
सौहार्द्र,1
किबाड़,137
वित्ताीय,58
बख्शने,21
उपचारार्थ,159
यजुर्वेद,55
उड़नखटोला,171
शर्मीला,93
पुष्पाजंलि,187
सांडा,182
सुर्ख,101
मटसैना,174
गिरवाने,81
बयानी,21
भीड़भाड़,189
बजना,28
एकतरफ,21
तिलिस्म,46
वर्षाकाल,153
बेल्टों,146
अनुपयुक्त,189
गुणवत्ताविहीन,199
उठाऊंगा,80
पकड़ाये,81
तिरासी,64
ब्रह्माचर्य,194
गुत्थम,185
सहे,49
तीजोत्सव,86
हथगोला,127
जताती,135
आदरणीय,98
रूकवाया,81
घण्टा,118
बदनसीब,156
अवयव,18
एनफील्ड,75
छुपने,126
निशक्तों,123
परफॉर्म,75
वाटरप्रूफ,75
खम्भों,128
झेलकर,84
वाष्प,18
जिलाधीशों,39
रगड़ने,56
सौंपेगे,77
जीवविज्ञान,107
पाढ़ा,79
घटाओं,153
लादना,117
बकायों,58
पवनसुत,34
बहेगा,161
लंगूरों,79
बौखलाकर,136
प्रतिनिधी,35
बोये,60
जेबकतरा,41
आंकडों,63
स्वयंसहायता,199
चौंकाया,129
गोपनियता,76
डुबकियां,161
गोदभराई,181
बरछी,127
लवनीश,149
वियोगी,12
गांठे,46
जोतकर,60
गेड़िया,182
उलझना,90
अवैज्ञानिक,189
गोलाकार,180
दास्ता,156
निरंकुशता,69
झीलें,31
खुशकिस्मत,27
देवदूत,130
एडवांसमेंट,9
फहमी,21
अंचलकर्मी,97
बिनु,34
विहिन,69
सूचनाधिकारी,39
मौलिकता,141
खंबा,113
लांछन,69
आरोपीगण,170
सृजनात्मकता,141
दोहों,169
करवटें,188
अवसादग्रस्त,189
सुधारते,53
विचारधाराओं,52
सहेजे,165
तीतरों,79
गुंज,28
परिनियम,0
भींगते,153
बुलंदियां,27
उखाड़ने,82
प्रवेशार्थियों,147
शख्सियतें,17
चिन्तन,130
कोविंद,35
बिताएंगे,104
सामवेद,55
झूमें,65
झमन,16
घोड़ों,79
सिकरौना,145
सूर्यग्रहण,55
बतख,79
मोंगरी,182
दृष्टिहीनों,123
बाकियों,133
दहशतगर्दो,178
चर्या,130
उच्चपर्वतीय,199
स्थानिक,107
फिंकवा,81
लाइसेंसधारक,76
डाउनलोडिंग,75
चमत्कारों,120
चौदहवीं,197
झोंपड़ियों,66
छाड़,162
विद्युतिकरण,33
हटाता,4
स्नानार्थी,43
गांठों,183
उधमसिंहनगर,72
सतानंद,51
जोड़ते,53
पिटवाया,81
तोड़वाने,82
मनायें,151
प्रतियोगिताओ,114
कैफों,174
रंक,171
तख्तिया,182
नेत्रदानी,194
कार्रवाईयों,124
राजभोग,106
पहुचाएं,89
जगाता,188
गुजरेंगी,32
असंवेदनशीलता,59
असफलताओं,120
दोंनों,180
उठें,89
उद्यानों,31
फगुनी,38
कुकुरमुत्ते,94
गण्यमान,30
भ्रातृ,176
अध्यायों,169
टॉफियां,17
सूत्रो,63
पीनी,186
थर्राया,84
कछियाना,145
गुमशुम,154
तमगे,29
लफ्जों,156
प्रजापित,194
धुमरी,145
विकासोन्मुखी,1
नशेबाजों,66
आनंदपाल,41
शून्यता,74
बचाएगी,77
गढ्ढों,24
फटना,84
श्वेतपत्र,76
उखाड़ना,168
शिवाधार,187
रागनियों,67
बहरापन,166
मेमोग्राफी,183
ठहराकर,170
विद्याथिर्यों,194
दिखायेंगे,104
केतली,155
संगीतकारों,36
छपका,174
वर्गफुट,128
कुंवारा,181
जाउंगा,80
फनकारों,67
मशगुल,136
रेशा,18
मानेटरिंग,199
पर्यंत,165
सिंगा,152
हटाती,135
नाड़ियों,183
वजनदार,93
सम्पादक,113
दांतो,183
हवलदारों,110
अष्टभुजी,173
पोछते,193
हारता,142
अंगहीनों,97
मुख्यायुक्त,199
देवमूर्ति,173
दुर्गावाहिनी,194
मौैजूद,174
सर्वेंद्र,149
झूमती,65
संतोषानंद,51
चनण,47
उगलवाने,82
राष्ट्रवंदना,194
सुदंर,101
शिक्षिक,192
हिंसात्मक,139
भरेंगी,32
जोड़ियां,17
जलभंडार,31
भगोड़ों,29
दहशतगर्द,178
रहनेवालों,123
सैंकडों,64
आविष्कारों,120
स्थानीयवासी,152
पायें,89
महजबी,171
महामूर्ख,93
विश्वपाल,187
खम्भा,128
डोलियां,17
रंगभूमि,55
फूक,168
प्रांरभ,11
इकोनॉमिक,9
शरणागति,130
सूदखोरी,91
डोलने,196
वसूलेगी,132
मंडलायुक्तों,39
लानत,21
इच्छामृत्यु,179
खपतकारों,110
पठानी,182
लौटें,89
बर्फखाना,97
पूर्णवासी,194
दीपन,34
चिड़ाना,117
पत्थरबाजों,178
प्रत्याहरण,76
नियोक्ताओं,36
लिखो,83
चूडि़यां,105
भेटों,66
अंजनि,187
अनुषांगिक,125
तव्वजो,21
झुंडों,79
अवधकिशोर,149
खंडहरनुमा,128
अशक्तों,123
चुल्हे,44
देंखे,89
दुर्गुणों,69
निर्दलियों,62
आलोचनाओं,120
लुटाया,129
मेढक,79
अन्वेषक,85
निभायेंगे,104
विधाएं,17
कामाक्षी,173
मयूराक्षी,43
वंदनीय,1
प्रखंडस्तर,97
रंगबहादुर,187
बासठ,64
भांडा,54
नवोन्मेष,107
प्राप्ती,130
बहाये,49
खबरे,113
तरौली,145
पांडुलिपियां,17
मने,38
फेको,38
चूमने,82
पूजक,130
अंजाने,133
आवेदनपत्रों,138
टकराहट,185
पड़ेगे,77
ग्रूप,75
श्रृद्धालु,22
जमाकर्ता,58
उबालने,150
स्वच्छंद,189
पटकने,82
स्थाईकरण,33
अवरोधों,120
देववाणी,88
कुम्भ,137
जड़े,180
पराए,49
अनामांकित,199
मालदार,29
जरदारी,21
समझायी,37
सुंदरकाड,194
लोरी,67
जनतक,16
गौहत्या,139
साजोसामान,66
सहयात्री,7
चीखना,117
बाजारू,95
केवड़ा,158
तलाबों,24
उछालकर,121
जहाजरानी,125
सर्वोपरी,1
विदायी,98
नाकामयाबी,21
पेशियों,183
आंतकवादी,178
ढोए,71
श्रद्घा,22
निखरेगी,164
सिद्धबाबा,43
कष्टहरणी,173
चाबियों,155
पीछाकर,41
सुपरिटेडेंट,39
बेगारी,91
वाचिका,113
दासता,69
बहाती,135
डिटरजेंट,18
निडरता,141
हरजाई,156
हॉलों,122
छूटेगी,77
पुर्नमतदान,199
व्यवहारिकता,141
विश्वविद्यालयीय,192
ससंघ,16
हिलता,40
जलप्रलय,84
सर्वाेच्च,137
तरंगें,137
किफायत,21
हस्तानांतरण,11
सींक,127
विभेष,97
मंझौली,174
बगाही,174
केंद्रपोषित,199
अपहृतों,170
तत्पश्चात्,11
मरीन,177
कुमिते,16
आयूषी,16
गुरुगोविंद,92
गहराइयों,161
उपनियम,0
मूर्छा,183
तपस्वियों,3
कोशिकाएं,183
सर्वश्री,149
बदलीं,61
मच्छरजनित,166
वालेश्वर,43
मेहीलाल,149
गुरूजनों,3
बरसेगा,153
खूंट,182
बिचौलियागिरी,194
बगुला,79
छेदन,183
करोड़पति,171
कैंचियां,17
अंशी,34
विषधर,55
छिड़े,162
जुखाम,166
समझाती,135
पहुंचवाया,81
योजनाए,33
स्वंतत्रता,137
हृास,50
चिमटा,155
भोज्य,106
वनगमन,55
बिठाते,53
चाकरी,6
छुरियों,66
एस्केप,75
हेकड़ी,136
प्राचीर,180
ज्योतिर्मय,112
धु्रवीकरण,139
ग्याहरवीं,197
मनोकामनाओं,115
रूकेगी,77
पकाए,10
भरम,156
तौलकर,155
नवजन्मी,199
अंधेपन,166
संदर्भदाता,68
गिनाकर,21
सुधरते,14
डलवाना,81
शर्ताें,33
मायावी,55
शर्मिंदा,59
रुपक,34
ध्वाजारोहण,30
आजमाना,117
बढ़ायें,89
पायीं,61
महुअर,174
रोजदारों,110
अनुतीर्ण,147
पंचकुंडीय,115
नंदोई,176
अपुष्ट,63
पकाना,117
अनुशासनहीन,93
रिझा,65
कार्रवाइयों,120
संस्थाओ,125
विविधताओं,120
लूटता,40
भूमिदाता,97
धरदबोचा,41
फोटों,195
खंडाइत,97
मुक्तिकरण,199
खुराफाती,23
बॉयोमीट्रिक,75
फुंसी,166
जगमगाएंगे,112
चालानी,41
कन्याश्री,194
अर्घ,115
ठोकिया,41
सकेगें,104
गुरूरानी,187
भेड़ा,47
तेजाबी,59
लापरवाहों,8
बिनाह,21
बैलगाड़ी,78
छपवाया,129
डिस्ट्रीब्यूटरों,143
पच्चास,64
संभली,196
कुप्रथाओं,59
प्रसुन,34
उपस्करों,107
बाहुल,152
पधारेंगे,30
मुरादे,22
प्रायोजकों,36
होलिकोत्सव,137
कांकर,182
संयोजित,11
प्रखंडकर्मियों,8
पीये,186
मंडला,72
बजाएंगे,28
पिछैती,47
झकझोरने,126
चुटीले,23
शीघ्रातिशीघ्र,11
विचारकों,36
ग्वालों,66
प्रशासिका,194
संजोग,171
बुल्लावाला,152
बाजुओं,56
छांटने,82
मैनें,133
अनशनस्थल,97
पानेवाले,137
ज्ञानसागर,88
शैलियों,120
कटियामारी,109
चोले,146
मनोहरी,152
अनार्य,167
कूटकर,150
निश्चेतक,183
तड़क,168
सम्पूर्णानंद,51
सीनियरों,36
विश्वेश,187
चहेती,160
विश्वभारती,88
चिंतकों,36
सुत्रों,8
जमानतें,170
दक्षिणमुखी,43
मुखबीर,41
सड़के,175
कनैली,174
थर्मामीटर,180
ममतामयी,98
सर्वज्ञ,130
आह्लादित,20
पादर्शिता,194
मरेंगे,104
हैंडपम्पों,109
खटखटाते,26
फूंकना,117
निवेदक,98
बारुदी,178
चाहेंगी,32
तरसने,5
पद्मनाभ,12
छावनियों,177
भिगोकर,150
बेगुनाही,170
वाक्यों,169
शैलेन,12
सखियां,17
हास्टलों,147
पाकिस्तानियों,178
उछाले,196
वारकर,127
चिढ़ाती,135
प्रधानमंत्रियों,125
धनवर्षा,153
महाशिवरात्री,86
विन्दु,180
जबाबदेही,21
गईल,38
देवचंद्र,88
समस्याग्रस्त,189
हठी,93
भाड़,171
रामाश्रम,88
ठेलियां,17
तरफदार,13
ग्वाड़,194
गढ़ैया,174
अंधियारा,112
यतीमखाना,184
कवायदें,17
विकलांगजनों,33
तनमय,16
रहस्योद्घाटन,63
आपूर्तिकर्ताओं,36
पौखाल,47
नियोजकों,36
मंगानी,2
कलात्मकता,141
संरक्षकों,36
मजीरे,28
चुभती,193
चक्रवार,194
छंटा,5
पिलाती,135
परिश्रमी,93
तेरही,38
जनपदवासी,103
प्रदेशस्तर,199
पहंची,137
फलता,40
शिवलिंगों,43
थमती,5
जेहादी,178
खंगालकर,121
प्रक्रियाधीन,76
तरन,34
सप्ताहांत,163
सुर्दशन,12
अनर्थ,69
जनपदवार,76
प्रतिवेदनों,76
हीरों,190
जुडीशियल,9
फूलता,40
सूइया,38
सिद्धा,173
काउंसिलर,9
वेक्सीन,9
चोंच,79
कीमोथेरेपी,183
बजाएं,28
राज्यमन्त्री,68
चखना,106
पटने,82
चतुर्थश्रेणी,138
बेपर्दा,21
चढ़ाएंगे,104
बढ़ाएंगी,32
बनायेगा,77
महानगरीय,73
उतारती,135
पूर्ती,11
नवयुवती,102
झुकते,56
बच्छराज,149
राज्यवित्त,194
फैलानी,2
अहिरान,145
अंहकार,69
बुढ़ी,102
कृमिनाशक,166
आनेजाने,82
अम्ल,18
सीटीपी,9
सब्ज,158
ब्यानों,8
जीवनोपयोगी,25
भुतही,38
बनवानी,2
मझौला,174
एड़ी,56
सशरीर,130
स्टूडियों,122
कस्बें,184
जौंक,168
रामभरोसी,149
पुष्पित,158
अलहाज,42
नीलामहल,199
थिनर,44
समुदायिक,33
नजायज,21
पारसमणि,12
जुही,99
अनुषा,99
चुराये,49
उम्मीदवारो,62
दुखदाई,84
ऑप्रेशन,75
केबलों,175
उपविजेताओं,114
उत्कलमणि,187
मवाद,183
ब्रह्मकुंड,43
इक्कीसवीं,197
सनेह,34
उपचारात्मक,18
पाकीजा,156
प्रबोधन,1
आक्सीटोसिन,183
दिखलाया,129
धाविका,114
धर्मशास्त्र,52
छकाते,53
हारते,142
हड़का,136
कट्टरता,52
दुहराते,53
लहराएंगे,104
वृक्षासन,96
बैद्य,12
फफोले,150
समृद्धशाली,165
झगड़कर,168
जानेवालों,66
लादते,168
खिंचाने,82
पराये,69
सहायताप्राप्त,76
झुठे,54
दाईं,56
उबरे,84
परिस्थितयों,120
सीखाने,126
सप्तसती,173
बालरूप,173
खुशबूदार,158
लोट्स,9
बनूंगा,80
असंतुष्टि,74
कुंजन,99
तोडे़,131
शिवसहाय,187
बेफिक्री,163
बागीचों,94
लेजाने,126
ढूंढ़े,89
गतिविधियो,107
दृष्टिगोचर,57
गिल्ली,127
उछले,196
गूंजेंगे,104
झोपड़,128
अनिक,38
सुपाच्य,106
वाकयुद्ध,185
वर्गीकृत,57
कौवा,79
व्यंग्यात्मक,23
फीते,131
अयोध्यावासी,55
बेशर्मी,59
कुदृष्टि,69
खुलासों,54
आनंदा,187
पेंडिग,75
कथावाचन,169
पेड़े,10
नौसड़,137
मुझपर,21
मौण,47
रीले,75
विश्वदेव,115
हावभाव,122
आंखो,193
अड़ंगे,168
उच्चस्तर,36
मुँह,56
ऊफान,5
कबाड़े,71
लाउडस्पीकरों,180
राज्यहित,13
अंगौछा,146
लालकुंआ,145
कयादत,42
अवधेशानंद,51
इबादतों,156
डिप्थीरिया,166
इन्होने,133
परखना,90
उपजने,74
डराता,4
बालपन,102
ऐजेंसी,9
बहुरंगी,101
वस्त्रोद्योग,107
छौंक,10
तकिये,131
भुलवाना,117
कबूतरबाज,41
गाओ,83
शहरीकृत,73
संभलते,196
भंगड़ा,65
अमानवीयता,59
लोमड़ी,79
जल्लाद,171
रंजिता,152
खरीदगी,95
शक्तिनाथ,43
पैथालाजिस्ट,159
वाइफाइ,75
लंगोट,146
एनपीसीसी,9
जज्बातों,27
हिले,196
नुक्कड़ों,66
मधुकम,187
संकटग्रस्त,189
साधो,83
फूकेंगे,104
राजमाह,144
नशाखुरानों,8
गर्माता,185
परिवीक्षा,138
लाड़,38
साहबों,29
फैलाये,50
न्यायपूर्ण,25
लकिन,133
संवरेगी,77
बतौड़,16
कष्टदायी,189
छटे,197
घटनाक्रमों,120
मजबूरियां,17
संस्तुतियां,76
कर्रवाई,170
खुलें,89
पीती,186
इमोशनल,23
भाद्र,86
जपते,34
पतिव्रता,55
वर्तनी,140
पेशवा,6
जवानो,177
घर्षण,180
खींचती,135
तंदरूस्त,183
निकोटीन,186
काव,12
कार्यपद्धति,107
टोकते,136
डबडबा,193
दहेजलोभी,181
अजमाने,82
कोसती,135
लहंगे,146
गाएंगे,104
बगा,47
उदघोषक,85
मियादी,58
कदंब,94
विखंडीकरण,199
अमृतधारा,194
प्रारूपों,36
चौराह,184
अनुवादित,169
मजीरा,28
नालायकी,29
गुनगुनाने,67
सुलझाकर,15
अज्ञानतावश,69
लघुनाटिका,194
द्वारपाल,55
जीर्णोंद्धार,33
बॉस्केटबॉल,114
माँगे,49
कमलराज,187
चबुतरा,128
ठुकराते,179
दण्डात्मक,0
हुड़दंगबाजी,194
संविदाकार,138
रुको,83
कर्जमाफी,58
चिंगारियों,191
ढालना,117
सचेतन,1
करकरा,152
रामशिला,43
रहमो,156
सकुन,38
प्रत्याशियो,62
बसाऊ,47
सहराई,42
आमला,72
ज्ञानो,130
दिनप्रतिदिन,133
बिचौला,174
खदेड़ते,71
व्रतों,115
बुजूर्ग,102
सर्ट,75
जनअदालत,194
ठिठुरा,108
चुस्कियां,186
गोढ़ना,199
शीर्षासन,96
नामीगिरामी,199
रस्साकस्सी,114
यज्ञोपवित,115
मम्मियों,102
पीड़ादायक,189
घूंसा,127
शब्दकोष,140
जातक,96
चौंके,20
सहालगों,143
अंगौछे,168
बांहों,56
योग्यतानुसार,138
समलैंगिकता,59
बगाों,16
ठुकराने,179
खांसने,183
उखड़ना,168
छेडछाड़,21
तंदुरुस्ती,183
देनेवाला,4
पेठे,10
सटोरिए,157
गोलगप्पा,10
भुजंग,34
लिंकन,171
मजबूतीकरण,199
गरिमामय,165
कुमुदनी,158
काफल,94
बरसाईं,61
कंपकंपाते,108
निहारती,26
फूंकेगी,77
रूकेगा,77
भिड़ेंगी,32
देनदारों,58
जनमुद्दों,8
जुटाये,49
बैंचों,66
महातीर्थ,43
संघटक,18
कलालघाटी,145
सुक्ष्म,180
बागबान,171
छोड़िये,198
लडकियों,102
जुलाहा,171
साईंस,9
बारवा,16
सिखाएगा,77
कंपकपाती,108
मुलाकातों,120
सुलाया,188
भगाएं,89
सत्यप्रिय,93
चमकेगी,77
गुप,38
जगकर,188
तरानों,67
पेंशनभोगी,138
नोटबुक,75
गिड़गिड़ाते,136
मंडराती,135
अमलतास,94
धनौंदा,174
एफएल,9
जगेगी,77
पूर्वस्थली,199
विश्वासपात्र,93
झीनक,47
कुशन,131
प्रयत्नों,120
धरोहरें,165
थिरकती,65
डरावनी,160
रवांई,72
स्वविवेक,0
हरिसभा,194
आग्नेयास्त्रों,177
हजयात्री,7
दीजिये,89
खननकारियों,8
बोल्टेज,8
परिमाण,118
खतों,195
घुमाई,26
तपस्यारत,55
सर्वशक्तिमान,130
गुरुनाम,92
कूदना,117
मोहरें,105
जांचना,117
बारिशों,153
धरतीपुत्र,29
बेड़ा,161
अमिया,182
हजयात्रा,7
मनमानियों,29
खपरा,174
देवीचरण,149
मद्धिम,112
वज्रासन,96
जुआड़ी,47
पौराणिकता,165
ढे़र,168
दबता,40
फेफड़ों,183
पुनर्मिलन,98
उच्जवल,199
यात्राकाल,194
दबते,196
नवेंदु,149
राज्यवर्धन,12
व्यासमुनि,187
नजरबंदी,170
मंदिरो,43
टोंका,136
चापलूसी,29
सुरागों,63
ग्रामोत्थान,33
स्टेपलाइजर,9
आउटपुट,75
चूकना,90
मुख्यध्यापिका,87
फणीन्द्र,12
सनक,69
हिरण्य,55
प्रीतिका,187
ऑटोमोबाइल्स,9
चड़ी,168
गुरुबचन,48
योजनावार,33
घुसपैठिये,178
दोऊ,34
राज्यलक्ष्मी,173
काजीटोला,145
कुंबले,114
हथकंडों,29
पथसभा,97
उमड़ने,22
हारना,142
व्यस्तताओं,120
छीटें,150
चंचलता,141
मंगलपड़ाव,97
दोहराए,49
कार्यस्थलों,36
पांडालों,22
कांपा,72
निमार्णाधीन,33
बचनी,38
सुशांति,97
ग्रामपंचायतों,103
परिवेदना,76
कछवा,174
सलाहउद्दीन,42
मैले,45
डाकिये,195
जायेगे,49
लौटानी,132
अड़ी,61
चरमरायी,50
ताबड़तोड़,97
सहिष्णु,52
शुक्लपक्ष,86
भुनी,10
हसिया,182
मंजीरा,28
रायता,10
महालया,86
शिक्षिकों,87
बधिरों,192
महारथियों,36
शिविरार्थी,194
पंहुचकर,61
रेगुलराइजेशन,9
चिपकी,131
सेवानिवृत्ता,199
वित्तवर्ष,58
जोरदारी,199
बिछवाई,174
विनोदिता,97
आनंदमूर्ति,88
परसौली,145
घूसखोर,29
ईंख,60
धराशाही,50
मसक्कत,21
दात्री,173
प्रतिद्वन्दी,142
चिड़ियां,17
हेडफोन,75
शुद्व,1
बदहवाश,154
रियायतों,58
अकेलापन,74
संवरा,164
पशुचारे,91
सत्रीय,192
उपनगरीय,73
धमार्थ,33
चटाने,82
नयका,38
सकारात्मकता,141
स्मृद्धि,1
अशुद्धि,69
चिढ़ाता,4
मानित,76
कर्णदीप,97
प्रतिबन्ध,0
महारुद्राभिषेक,115
शीतलपेय,186
संग्राहक,85
वीरागना,97
रूकती,135
हिलाते,53
आईबीएम,75
एमआरटी,9
संपादकों,36
रुखी,5
टुकड़ा,180
फलपट्टी,182
पीएंगे,104
स्वावलम्बी,1
शुल्कों,58
इच्छापूर्ण,25
मूंछों,193
वेतनमानों,138
लड़ाकर,162
झरनों,31
चतुर्भुजी,173
दूरदृष्टि,141
साजिशकर्ताओं,170
पुष्पदंत,88
खंदावली,152
दोगी,83
मिटाई,61
जनअधिकार,13
जगतपति,34
बांटेगी,77
किलोवॉट,118
गरी,38
नगों,105
कोश,140
कोषागारों,58
बलात्कारी,59
जनसंगठनों,13
हंसाते,23
अंर्तराष्ट्रीय,73
बिखरेगी,164
स्वंयसेवकों,13
पुष्पांजली,98
होम्यो,159
सामंतवादी,167
अवशोषित,18
रक्षात्मक,124
शत्रुता,69
हदों,46
बजह,21
मटरगश्ती,163
मिलाता,4
काबिलेतारीफ,27
सुरमयी,67
डॉक्टरो,159
कशमीरी,42
कालों,165
श्रेणीवार,76
सुझाई,61
राजराजेश्वरी,173
अन्तराल,180
सेंकी,10
रुकें,89
आत्मरक्षार्थ,194
झुंझनू,72
मयखाने,156
गृहस्थियों,115
प्रवृष्टि,76
विशांत,187
पिघला,40
प्रमंडलस्तरीय,97
उड़ती,135
हरदुआ,174
घासमंडी,184
ठीकेदार,91
खिलेगा,77
जुड़ेंगे,104
डिजनीलैंड,122
अधिकरी,39
बेंचते,95
प्रशिक्षार्थी,192
रुष्ट,20
रुकावटों,120
ढोई,168
धब्बों,101
पैरोकारों,13
अड़,136
रस्सों,66
उपादेयता,141
विघ्नहर्ता,173
हड़प्पा,190
चकली,10
पसारा,50
प्रसाधनों,18
खटाणा,16
खायें,89
रमणीय,31
अंगोछा,146
मुरब्बे,144
डंके,136
अंजाना,12
सूचनायें,76
पाणिनी,88
जुड़वा,102
नाशी,18
थकती,135
चूड़ा,105
स्वार्थवश,69
पदार्थाें,18
पैट्रोलियम,18
झंझावतों,120
देवऋषि,88
चमकीली,112
अंशुमाली,187
क्षारीय,18
भाविका,99
बहाएं,150
जीवनस्तर,1
चीते,79
देशज,140
ठंडई,10
करवाओ,134
कछुवा,79
कड़कने,5
मुरीदों,27
कहाँ,137
रात्रिभोज,30
पंगत,106
पढ़ेगी,77
बंधुवा,91
पत्नि,176
चबाना,117
संचालको,33
अनेकानेक,165
सर्वोतम,25
रक्खा,156
डरेंगे,104
कपालभाती,96
चतुर्मास,115
लाइसेन्स,0
छोड़ो,83
स्टैच्यू,75
हसरतें,156
उत्साहवर्धक,25
भड़काकर,139
त्रिवर्षीय,192
घुलमिल,140
उस्तादों,27
सिहांचवर,152
खुलवाये,81
निरीक्षणों,63
किस्सों,37
प्रज्जावलित,199
एक्युप्रेशर,183
झुरमुट,94
किवदंती,55
ऊंचीकूद,199
उपपुलिस,39
कद्रदानों,27
आसामी,140
स्मैकियों,8
कार्यारंभ,76
थोडे़,150
बिहारवासियों,110
चराकर,79
स्वाबलंबी,1
मोली,182
क्षमावाणी,151
चौवन,64
ऑक्सीटोसिन,183
डुबोने,161
कुतर,131
प्रर्दशनी,30
झुलसाती,108
सद्कर्म,130
प्रतिवर्ग,118
बालावास,152
संबंद्धता,76
उपप्रभागीय,39
लगवाता,81
संघर्षमय,165
उड़ाती,5
हड़काते,136
बीसवीं,165
अहातों,66
टिकेश्वर,43
तोड़ेगा,77
लचीलापन,141
लच्छेदार,23
धसक,168
परफॉर्मेंस,75
बैंडमिंटन,114
सटने,168
लगायेगा,77
अनुसंशा,76
छनकर,5
बैंगनी,101
छुड़ानी,121
श्रीखंड,10
नामिनी,76
अप्रासंगिक,189
पोंछते,193
मुनाफाखोर,29
प्रतिमान,57
तकनीकियों,107
जगमगाता,112
तुम्हीं,83
नासमझ,93
इमर्जेसी,75
भवनीत,99
भोंसले,12
लयबद्ध,67
आडंबरों,52
प्रर्वतन,1
तिरपालों,66
भष्ट्राचार,139
मढ़ने,82
कटावरोधी,199
मन्नतों,22
फिल्टरेशन,75
मिटते,49
बदमाशी,136
घसीटती,100
लहराना,117
वंशानुगत,6
कुण्डी,182
मंडलाधिकारी,39
झटपट,10
सुधारगृह,170
श्वेतांक,187
बासगांव,145
पीयें,186
हिंदूवादियों,8
गरीबन,152
गड़बड़ाया,14
नोटिसें,195
सवांद,113
छुपाते,53
कमाती,157
घासों,94
तोड़नी,2
हिलती,196
उभारना,117
खटका,40
छींकते,53
कटेश्वर,43
लच्छे,10
बोलेरों,78
लौटेंगी,32
नवटोली,145
स्वास्थ्यवर्धक,106
रौंदे,71
स्वरोजगारी,194
रोजों,156
करेले,144
गगनजोत,16
महत्वहीन,189
बांधता,46
पंरपरा,165
शिवेंदु,149
कसेर,174
चैम्पियनशीप,114
कसूरी,42
पॉलीग्राफ,63
सर्वोत्कृष्ट,25
सत्तु,10
छपवाई,113
मालिन,171
भुने,10
चटकाने,82
खलियान,60
अश्वमेध,55
गर्भनिरोधक,183
लिखवाना,117
उगाना,60
दावपेंच,29
झोपड़िया,182
कजरारे,65
डींगरा,152
चालें,180
रंगमंडल,122
अनुसंधानों,63
बटोही,34
उत्तीर्णता,147
श्यामलता,99
दरवार,6
भागम,163
परिक्षार्थियों,147
आत्मचिंतन,130
मिटेगी,77
वेषभूषा,146
हत्याकांडों,170
कतर्निया,72
पटरे,131
योगदानों,120
जटाधारी,55
होगीं,32
सुमत,34
दानवीरों,8
नवाने,82
कहलाएगा,77
राजपुरोहित,12
धवस्त,124
मूंदी,193
बिगड़ा,14
आज्ञापाल,194
सिरफिरा,93
मोहरों,155
स्वायत्ता,125
नवप्राथमिक,192
स्वयंबर,55
दीनबंधू,149
केंद्रवार,33
शर्मिंदगी,74
उन्हों,133
संगणक,107
थककर,188
बंधेंगे,104
पर्वेक्षक,68
खोटे,171
पेचीदगी,15
ठगते,53
बेकसूरों,178
भावुकता,141
राष्ट्रमाता,194
खड्ग,55
उड़ेला,150
वैल्फेयर,9
जगमगाहट,112
पांत,38
केशवनाथ,187
संचिकाएं,17
हवेलियों,128
शस्त्रधारकों,8
महाभारतकालीन,43
सौगातों,66
जुटेगा,77
सनोली,145
नीलाम्बर,101
र्इंट,128
लागा,38
सिलवाने,146
बाहें,56
उड़ीं,47
राज्यमार्ग,175
जहंा,174
पिछलग्गू,29
अंकगणित,180
दोने,155
बालकुमार,187
बदलवाना,117
सालोंभर,43
हवेलिया,182
मातृशोक,194
समाचारपत्रों,113
प्राकृत,140
टूना,18
बनाइए,89
बनवाएगा,77
सिलेन्डर,75
बीनकर,155
तानते,127
बर्फवारी,153
शिवस्वरूप,173
प्रमाणों,63
बल्लों,66
कूहलों,24
कामधेनू,79
मौजों,161
सलों,66
सिद्धान्त,57
दिशाएं,17
पहुँचाने,126
पनाहगाह,178
पकता,40
मढ़ाई,60
लब्ध,85
उत्प्रेरकों,18
टूटन,74
फ्लाईओवरों,175
मारें,127
सुरई,72
ज्योतियों,112
लघुसचिवालय,125
घोसले,79
माईक्रो,75
खिड़कियों,128
निर्वेश,149
भिनभिनाती,79
हठयोगी,3
प्रधानध्यापक,87
ग्रामिणों,103
चुंबक,180
भोलेभाले,93
फजीहतों,21
विश्वविजय,70
सतकार,38
पराक्रमी,93
प्रद्युत,199
मिट्टीकरण,97
बहुभाषी,140
करतें,53
अर्धसैनिकबलों,8
संदेशवाहक,55
अनंग,34
जलपुरुष,12
सकूंगा,80
पहुंचाएंगी,32
छिड़ी,185
हौले,5
मौैत,174
नियमो,0
राष्ट्रसेवा,1
सम्भागीय,39
लाक्षागृह,55
सरसरी,63
रानियों,6
एजेन्ट,137
बहरेपन,166
कंपाती,108
हवाईअड्डे,7
खाएगा,77
संध्याकाल,148
परिहास,23
धुला,150
भादंवि,16
आजमाते,53
दीवालें,128
योजनानुसार,11
फट्टे,131
पड़ना,90
बननेवाली,160
इकतरफा,21
सभ्यताओं,165
खिलाएंगे,104
मालधन,16
प्रतिस्थापित,11
कहिये,198
जनसरोकार,13
गोलम्बर,97
अन्तर्राज्यीय,73
सुझाये,49
निम्नलिखित,57
निर्जीव,189
ऑउट,38
स्वंयसेवक,13
शिवभक्ति,130
फेंकनी,2
उतावला,20
पंखें,109
भद्दे,23
बिखेरता,164
संस्थापकों,36
पढ़ाये,192
जियोग्राफी,9
लठिया,182
कमेरे,91
समीपस्थ,72
अनियन्त्रित,11
हौसलाफजाई,27
अर्धरात्रि,148
तोपों,177
काफिलों,66
बिछुड़ने,154
टंकक,138
दानेवाला,152
तबर्रुक,42
नाशवान,130
अशुद्धियों,120
दिलायेंगे,104
बंटाया,129
शहनशाह,42
ताम्रपत्र,190
बसुधा,34
दोहराव,189
तारीफों,27
आवृत्ति,118
चेकर,75
शक्तिखंड,152
चरकी,47
बाइकिंग,114
मंगवानी,81
जांबाजी,177
नईमुल,16
अक्षांश,137
डूबना,161
कांपे,154
गरिमापूर्ण,25
विनियमितिकरण,33
सीखनी,2
प्राणवायु,18
अपमार्जन,76
वीर्य,183
बरफी,10
कब्रें,190
अंतर्यामी,130
षड़यंत्र,54
निर्ममतापूर्वक,121
कुढ़,136
मयखाना,156
राजमार्गों,175
परिशोधन,11
तील,38
सर्वसुलभ,25
मुंड,55
तंत्रिका,183
परिष्कृत,25
ताकने,26
संगीताचार्य,88
बहुमंजिले,128
निपटें,15
गाड़ियां,78
कीलें,127
वासनाओं,69
सूखना,166
स्मारित,199
आर्शिवाद,98
बत्तखों,79
आवेदित,76
जादूगरी,27
बनानेवाले,53
अड़ंगेबाजी,21
मलने,150
पैंतरे,21
दबदबे,29
गर्भीय,107
तगादे,157
मुंतजिर,42
दिशांत,187
नौकाएं,161
पुष्पमाला,105
राजतंत्र,6
जनऔषधि,33
लायेंगे,104
दुधैला,145
तोड़ेगी,77
धर्मसमाज,3
मनाएंगी,32
नपुंसकता,166
सार्वजानिक,11
टिंडा,144
भुगता,21
धारणाओं,120
टरकाते,53
कुटुंबकम,1
चखकर,10
आरोपमुक्त,170
दुर्भर,199
उड़ाकर,121
सफरनामा,27
मरहबा,156
दस्ताना,146
परचे,195
गांरटी,58
उपप्रधानों,8
डाइविंग,75
गाथाएं,37
ऐंठन,183
प्रवेशार्थी,147
गोलाफेंक,152
खोजता,4
ऐंठते,157
पकड़वाकर,121
हटानी,2
पकड़ें,100
गुत्था,185
घोसला,79
तटरक्षक,177
पहरावर,97
माड़ा,47
बजायी,28
चहचहाहट,5
माँगा,179
अनैतिकता,69
बारातों,181
टोके,136
बदनसीबी,156
विचरते,31
सुबोल,187
इत्मिनान,163
चुराना,117
मातमपुर्सी,156
तलाशेंगे,104
जलजला,84
झुलसते,191
नोचने,82
डाकियों,66
फुफेरी,176
सीखेंगी,32
भटकेंगे,104
सतावर,144
सूरजदेव,187
सेवानिवृत्तों,199
श्राविकाओं,194
लोकसंपर्क,1
गौरवमय,165
संभागों,8
दरवान,152
कार्यालयाध्यक्षों,68
ताकी,133
धड़धड़ाते,100
अनसुलझा,15
हांकने,82
अर्धवार्षिक,192
विस्मृत,165
प्रेमप्रसंग,181
जूसर,10
मणिका,99
बेराजगारी,33
फंासी,170
दूधवा,16
छिड़क,150
श्वेताम्बर,88
गजन,16
दहलान,84
मोतियाबिन्द,166
सर्वहित,1
सतनामी,92
पतिराज,149
द्धितीय,76
क्रुद्ध,20
मिटाए,49
लडे़,162
कंधार,6
तलबा,42
बुझाए,191
फूटते,40
जालियों,66
बहाता,40
लेहरा,152
जड़ता,50
स्वीकृतियां,17
व्यवस्थ,199
यती,34
इसकेबाद,41
भूलेंगे,104
भिक्षावृत्ति,123
बलजोत,97
लड़ूंगा,80
चूकेंगे,104
छिनकर,121
ठाकुरों,167
कारिदों,110
डालिए,89
सिकुड़े,50
सीएनसी,75
डिस्पोजेबल,155
बावरी,38
सेवायोजक,68
यथाशक्ति,115
पुकारता,4
कब्जाए,124
ड्रामेबाजी,23
मर्यादाएं,46
निशीकांत,187
अभिमानी,93
पिंजड़ा,79
सूत्रधर,88
धुली,5
गजरा,105
नवजागरण,165
रतौंधी,137
महापरिवार,167
वंजारा,170
आवण्टन,125
लोकसेवक,125
त्रैवार्षिक,30
मुख्यारोपी,194
सरकी,56
प्राणायामों,194
प्रज्जवल,30
दुधारी,127
नरपति,34
नवासा,42
लीजिये,89
जब्बर,42
देवालिका,97
रमता,40
अंगुठियां,105
जीवंती,99
उड़नदस्ते,39
शरबती,38
हुल्लड़,116
आर्गेनाईजेशन,9
अंगुठा,56
मर्दिनी,173
माशूका,156
कंफेक्शनरी,9
संग्रामी,70
द्वंद,185
अंकतालिकाओं,147
चुकाकर,132
झंझटों,15
लिखाए,195
विपद,34
ब्रह्मास्त्र,55
जांचते,63
ऋचाओं,169
इंद्रियां,130
अक्ल,21
कार्यक्रमो,30
खुलवाते,53
भींगे,5
एनलाइजर,9
बरसेगी,153
प्रेमनंदन,187
संवेदीकरण,107
उछलते,53
जुमेरात,42
अजमाइश,142
उगना,94
चखनी,38
मुखे,34
भूतों,130
मालूमात,63
हर्षाेल्लास,98
प्रतिपादन,57
रूठी,38
कमजोरों,59
गुणवान,93
जिगरी,156
वानप्रस्थ,130
अध्यात्मिकता,130
मुचलकों,110
सामूहिकता,141
खेमें,13
रसना,34
चूजा,79
स्वारथ,34
भाइचारा,1
खड़ंजों,66
हरिद्वारी,152
जानदार,27
तीव्रगति,25
फोड़ना,117
खिंचवाकर,121
उपेक्षाओं,120
वैभवशाली,165
पैत्रिक,176
कुलवन्त,48
लापरवाहियों,21
तलाशें,89
सुनारी,182
निमिष,34
भुजाओं,56
उपमहाद्वीप,73
विद्याज्ञान,194
छात्रवृत्तियां,192
ढकेलने,82
गुलेल,127
जीवित्पुत्रिका,86
भौजी,38
किलाबंदी,124
पूजित,173
त्रिशुल,55
उपजाति,167
देनदारियां,58
आबादियों,73
दोहराएं,89
त्यागा,69
पुजारिन,173
मूर्धन्य,85
गहराए,50
फेसिंग,75
उछलकूद,116
संवर्गीय,138
औंकार,88
लहराती,5
इसकारण,21
स्थूल,130
कोऑर्डीनेटर,9
ब्रह्मचारियों,3
बीहड़ों,71
मुखारविंद,88
अस्तबल,128
दमतोड़,47
ड्यूटीरत,199
पीड़ितो,123
हानियां,17
चीखी,154
भारीपन,74
सांवले,101
ढ़ुलाई,61
गृहनगर,72
भोंदू,136
पूजास्थल,128
टिकटघर,7
स्वीटस,9
माधुर्य,141
आडू,144
खोपड़े,168
अघोरी,3
पत्थरगढ़,152
व्रज,55
जलजीरा,144
रूकना,90
गुलाबों,158
गालों,193
धर्मगुरू,3
मुखियाजी,12
चिढ़,136
उसमानी,6
हर्षप्रीत,48
भागदौड़,163
कॉर्निया,183
वनमंडल,194
किराएदारी,58
सासें,5
बढ़वाया,81
व्यापारमंडल,125
अभिवृद्धि,141
मंडलस्तरीय,199
कुरबानी,156
बैठो,83
महादंगल,194
भरीं,61
रफतार,100
नामवापसी,194
रुझानों,120
तल्लीनता,141
त्रिगुण,55
करनें,126
जगायी,188
कायस्थों,167
आंमत्रित,76
रसीले,144
तमाचे,136
परोसते,106
नियत्रंण,76
कातर,20
भगायी,61
बाणों,55
टाईल्स,128
स्वजलधारा,194
विक्री,95
विभागध्यक्ष,68
निस्संदेह,25
सद्विचार,1
नहरे,24
कटवाते,53
तंदूरी,10
फर्जीबाड़ा,199
छीलने,82
शिरोधार्य,179
अनंतदेव,187
अग्रलेख,113
प्रतिस्पर्धाएं,114
भंडारकर,122
कयाल,12
गीतकारों,36
ब्रम्हचारी,173
लंगड़े,168
हिसाबी,21
गर्दिश,156
पुरानों,36
ढहाकर,128
नदीं,161
सदस्सीय,125
लफंगों,29
कंघा,155
डिजाइनर्स,9
पोंगल,86
वार्षिकी,113
निकलो,83
विशालता,141
सोचेगा,77
दस्युओं,124
दिपावली,86
पूर्वोतर,73
सुखदेई,97
फटकारकर,136
पुस्तकालयाध्यक्षों,68
मेधावृत्ति,192
उमंगों,65
चटकाये,114
शोभायमान,98
अर्थाभाव,123
निखारें,164
महिनों,172
फिसलते,196
लुटाए,157
असभ्य,93
हेलीकाप्टरों,177
महोत्सवों,30
अत्याचारियों,59
मंजे,85
अंशों,169
स्पष्टता,141
आयकरदाता,58
प्रंबधन,107
सीमान्त,72
चिमटे,127
वैकुंठ,55
देवदर्शन,115
उपन्यासों,169
बंशराज,149
झुकेंगे,104
धरातलीय,31
खड़ामुख,34
नौवी,197
विराग,69
तालिकाएं,17
अनुदेशिका,194
हर्षोउल्लास,151
बकायादार,143
तैसी,21
भूलाकर,129
कांधे,56
तराशी,190
संरचनाएं,17
भिगोया,150
तस्करा,41
लोथड़े,168
छठां,197
हिंदूओं,52
बिछड़ी,154
सर्वेसर्वा,6
अनचाही,160
प्रतिष्ठापूर्ण,1
दूजा,38
नामदार,42
अयोजित,30
इंजेक्शनों,183
ज्ञानवान,93
करिये,89
मुनाफाखोरों,143
सूंघा,150
ड्रॉफ्ट,75
किनके,137
टोड़ी,47
सुंदरियों,122
धैर्यवान,93
शताक्षी,173
बर्बरतापूर्वक,59
संगठनमंत्री,68
व्याकुलता,74
बन्दोबस्ती,91
जलाता,191
सरगनाओं,54
निलबिंत,16
डण्डा,127
शोधक,18
अग्निकाण्ड,84
डाकपालों,143
नाभिकीय,18
पहुंचायें,89
निपटाएंगे,104
दिखायें,89
टोपे,38
ठहरेगी,77
राजगृही,43
भिड़ेगी,142
दौड़कर,100
गोपालाचार्य,88
सुभाषिणी,187
पिसी,10
असेवित,33
बख्शो,156
रिसकर,24
मोहल्लेवालों,110
अवधारणाओं,120
तीर्थस्थलों,43
पितृत्व,165
नलकों,66
बेताल,55
एचआरडीएफ,9
दौड़भाग,168
तलाशता,4
बहुपयोगी,25
लडकों,102
द्रव,18
जलसों,22
सेामवार,33
भैसा,79
काढ़ा,150
भौंरी,174
गदरा,5
हेल्पलाईन,33
बकायदारों,110
अबैध,174
दरकी,168
बारहसिंगा,79
गुदगुदी,23
कोकी,38
पंचयात,174
ढाह,168
बीएएलएलबी,9
चमचमाते,112
वनस्पतियां,31
महुए,94
पंचो,103
इन्स्टीट्यूट,9
प्रत्यंचा,55
लेतीं,135
महाजनसंपर्क,199
छूटेगा,77
बहुल्य,199
आन्तरिक,57
सीध,56
दैनिकी,169
द्विवर्षीय,192
गुदगुदाने,23
उस्तरा,127
इन्साफ,156
लतपथ,168
शक्तिपुंज,173
दुबली,101
खुबसूरत,27
बढ़ाने,119
कूची,101
योजनओं,33
यकृत,183
सूचनापट्ट,76
पहचानों,120
कीजिये,89
सुंदरवन,31
झुलसीं,191
छलावे,54
प्राध्यापिकाओं,87
रहेंगें,104
ढले,49
रंगोलियां,17
चुराता,4
नवासी,64
पुर्नविचार,11
कार्टूनों,23
कटवानी,2
सीनाजोरी,54
रामजनक,149
तहले,137
तवज्जों,21
विद्वतजनों,3
नापकर,121
रोगियो,159
सम्मोहन,96
प्रकाशमय,112
लुभावना,65
आत्माएं,130
जीवधारा,194
पडे़ंगे,81
कहलाएंगे,104
रामभद्र,187
प्रदशर्न,30
जन्मशताब्दी,30
प्रतिनिधिमंडलों,125
चौंतरा,171
चुनेगी,77
सबलोक,16
झरझरा,101
थामेंगे,104
सविनय,137
मौलवियों,3
मण्डियों,143
खर्चीली,189
नापतोल,75
स्वचलित,180
तकिए,131
दक्षिणटोला,145
सुखवासी,149
हिमगिरि,34
चौद्वार,128
दम्पत्ति,181
आर्किड,31
एसएफएल,9
तोतली,38
रोडवेजकर्मी,68
वाल्ब,109
जलाती,191
धंसता,40
ब्रह्मानन्द,51
पकड़ता,4
गिरवाया,129
आशापूर्णी,173
अड़तीस,64
चिपको,165
बहुसंख्यकों,52
आवगमन,38
मचेगा,116
रूपे,34
कुशलतापूर्वक,25
माहताब,156
बर्चस्व,13
डायनासोर,79
विचारोपरांत,199
पनवारी,145
शास्त्रार्थ,3
नस्लीय,139
मरेगा,77
पहुंचायेंगे,104
बांधेंगे,104
सैंडल,146
शान्तनु,55
शोभायात्राएं,17
दिलोदिमाग,27
महत्वता,141
जायके,106
सुविधाओ,107
गोलरहित,142
बख्शीस,152
लटकाना,117
कष्टप्रद,189
घण्टाघर,184
उग्रह,194
पीपर,38
राजधानीवासियों,110
विलुप्ति,84
रंगरेज,171
पथरीले,31
त्रिकाल,130
लडे़गी,162
बाइज्जत,170
जगेगा,77
मौखिकी,147
फरमाई,156
करवायेंगे,134
छींकने,166
ऐलिवेटिड,175
छोड़ेंगे,104
न्यूमोनिया,166
मुढ़ी,174
ऐहतियातन,41
आरामदेह,163
जन्मजय,199
घुमाव,180
गौमुख,31
डरावना,189
हैंडराइटिंग,75
प्रतिनिधियो,125
लांघते,46
निखरकर,164
अश्रुधारा,193
अंतगर्त,33
उपनिदेशकों,39
ऑर्थोपेडिक,159
पिलवाने,82
जीवनदायी,18
चरित्रहीन,59
सर्वोदयी,88
धर्मलाभ,3
मठाधीशों,29
टशन,38
पितृशोक,115
खिसकना,117
हितलाभ,58
लूला,171
महानिबंधक,68
परहित,130
विद्यालंकार,88
जिसकारण,19
साबूदाना,144
खिसकती,196
हाईटैक,75
शोरशराबे,185
मार्गाे,194
गाडि़या,78
खोजें,169
हेैं,137
करारे,23
शिल्पोत्सव,194
खलासियों,110
जुटाएं,89
छप्परदार,97
बाटों,155
प्रयागघाट,43
पथभ्रष्ट,69
आयेाग,76
प्रत्युत्तर,98
वानखेड़े,12
राजाभइया,149
आयकरदाताओं,8
मिलादुन्नवी,151
शवाब,5
नमोनारायण,187
प्रबोधिनी,88
पूर्वानुमति,76
विवाहों,181
दुर्बलता,74
लावण्य,98
करायीं,134
दहक,191
लॉलीपाप,157
अंदाजे,27
मजलिसे,42
विसंगतिया,17
सहजप्रीत,97
कांसे,190
भरमाने,82
बागबानों,66
अवयवों,18
जुटायी,61
ज्योर्तिलिंग,43
उम्मीदे,27
घटनाओ,84
उमदा,27
बालाएं,65
पीपीए,9
शौंचालय,33
कब्जाधारक,199
धनवती,16
सुनाएगा,77
ढोलकिया,12
चुकाएंगे,132
शिवकृष्ण,187
नियमविरुद्ध,199
बम्बे,38
पेशेवरों,36
न्यायपंचायत,103
अपाहिजों,123
वेशधारी,3
खटकने,82
गैजेट,75
लिपी,190
भ्याण,48
गैराजों,66
तोड़ना,117
आधुनिकरण,107
पुराई,182
पधारीं,30
झंडेवाला,43
जीयो,83
इन्स्पेक्टर,171
सामन्त,6
गृहसचिव,35
गवाएं,89
उगम,137
एकत्व,130
क्रोधी,93
अनिश्चतकालीन,199
तिली,38
निभायें,1
सहृदयता,141
ठोंकते,127
अर्थहीन,189
जशन,151
पैरामिलेट्री,177
तुझसे,156
भरणपोषण,58
देहला,38
सरदारों,6
झुग्गीवासियों,110
नोंचकर,168
खिसकी,196
प्रसिद्धी,27
फहराना,117
छेड़ी,37
मुस्तकीन,42
झोंकते,53
शोलों,191
रिपुंजय,187
मंझना,174
टेलीफिल्म,122
रामनंद,149
पूछेगा,198
मकरसंक्रांति,86
सुंदरम्,173
पछियारी,182
अर्ज,156
विवेकपूर्ण,25
बलिदानियों,70
भेली,10
बुद्धजीवियों,3
मुख्यतया,57
दुर्गामंडप,97
मालिका,190
शीशमझाड़ी,97
परागण,60
दिगभ्रमित,189
सुवर्ण,55
उजड़,71
नक्शेकदम,6
उजड़ी,71
कोणों,180
फंसेगा,77
कार्यनिर्वाही,199
जातीयता,52
अधिष्ठापित,76
आहृवान,16
बिखरेंगे,104
स्वागतम,98
चटाकर,121
अर्थों,57
चौसर,171
चढ़वा,105
स्वर्णिमा,194
सबकों,120
सामाग्रियों,36
खुंटिया,182
निरामया,1
नर्सें,159
पुर्णिमा,86
उजड़ते,71
प्रज्ञानंद,51
सुचान,174
अंपायरों,114
एक्सीलेटर,78
रंगीले,65
पोषकों,18
रिद्धी,173
लटकाये,131
थालियों,66
मूसल,127
सुधारकर,25
शस्त्रधारियों,194
दातुन,144
पानीटंकी,175
पुस्कालय,192
कंटीन,9
सिली,38
लक्षिता,99
धमरें,97
खुदवाई,24
हस्ताक्षेप,21
अनियमिताओं,8
चीखों,154
जखेड़ा,145
जाऐगी,38
नाचना,117
रिपू,47
लगायेगी,77
गरिमामयी,165
रतवार,97
हौंसलों,27
भक्ती,130
तंत्रों,107
विभूतियां,17
धधकी,191
छकाने,82
आंकना,90
समग्रता,141
इन्त़जार,199
छातों,66
सीमेन्ट,190
कथावाचिका,194
यास्मिन,99
जूड़ो,47
आद्य,180
कलाकारो,122
सुहासिनी,99
गुटके,155
मनभेद,185
अस्मित,99
यदुपति,187
अपराजित,142
पुरवइया,5
सामायिक,169
संकूल,16
मुर्हरम,6
डीवीवीएनएल,9
पाटीदारों,110
पर्यवेक्षिकाएं,87
कर्फ्यू,139
बायोटेक्नोलाजी,9
गाडी़,78
थानाघ्यक्ष,68
गद्गद्,20
इंटरवल,122
बंटाई,91
उजाड़ी,71
मंजीरे,28
निबन्ध,169
अविचल,34
जानेगी,77
बसवारी,182
राष्ट्रनिर्माण,1
बंटवाई,81
छलकने,5
छुपाना,117
भूकटाव,161
अटपटी,160
कानूनविदों,36
लकडि़यों,66
विकासकर्ता,107
थारी,38
इतालवी,140
संर्कीतन,137
इयरफोन,75
घोटा,82
नश्तर,156
नयनों,193
पसीजे,154
आओगे,83
चिपकाये,131
लाएंगी,32
भेजीं,61
जिलापदाधिकारी,68
सुधारनी,2
पॉकेटमारों,56
भाऊवाला,152
क्रीड़ोत्सव,194
लाइसेंसियों,143
सापों,79
उपमहानिदेशक,35
सर्वेक्षणों,63
जोड़ता,4
बरदाश्त,21
चीखता,154
शुभकामनायें,151
युगांतर,165
गिलहरी,79
पुनर्निमाण,11
टिंका,99
सोम्या,99
लोकजन,13
क्रेताओं,143
तड़ीपार,16
मरोड़कर,46
चिपकाना,117
पदाधिकारीयों,68
पुरुषार्थी,130
नशेडि़यों,66
घंटियों,28
दैत्यों,55
सीढी,131
कार्यालयी,76
मालिकी,91
एकाकार,130
अन्नदान,115
पश्चिमोत्तर,72
उपविधि,76
शंखधर,149
प्रखंडवासी,97
भक्ता,173
लौटाएं,132
बांधें,46
गटकने,82
पत्रवाहक,152
प्रंबधक,35
ठण्डे,108
पेशाबघर,45
खंगालनी,2
सकतें,89
लड़ाते,162
होर,38
गोरक्षकों,139
छटांक,38
भांगड़ा,65
नायलान,182
अभीष्ट,25
कर्मकांडी,3
गुरुधामों,8
विचारार्थ,76
हड़काकर,121
हमनें,133
सत्कर्मो,130
कर्माध्यक्ष,68
हथकड़ी,105
पायजामे,146
बेशर्म,59
प्रसूताएं,17
संग्रहालयों,190
दरिंदा,59
बहकाकर,121
बरतकर,21
सुबाहु,55
हाड़ा,16
पडताल,63
भाषायी,140
त्रिनेत्र,173
उधेड़ी,168
सवेतन,138
लीलो,47
भुवी,137
जिल्द,101
चिड़ैया,47
नास्तिक,52
मोरचा,13
सकरे,175
खटखटाएगी,77
बड़ाई,136
छायाकारों,36
रायफलों,177
अजनवी,154
गौसाई,16
धंसती,5
वार्ताकार,85
संभावितों,110
चाहूंगी,90
खरबों,157
लाडलियों,8
दुल्हेड़ी,194
पिछड़ती,167
निर्विकार,130
आंतकवादियों,178
दिलवाते,53
नन्दनी,173
फेरीवाले,95
जलाराम,88
फाक,38
अनुबंधकर्मियों,199
अॅाटो,16
तारू,92
झींगा,79
रसमयी,65
कुटिल,69
जमती,160
उल्लासपूर्वक,98
धारों,66
निर्माणकर्ताओं,36
स्वस्थता,141
ढ़ाबों,66
कब्बाली,67
दुगुने,118
अविवादित,189
लड़ेगा,162
खुंखार,178
नचाने,82
टाले,21
अपनायें,89
पंचायतस्तरीय,97
बचाइए,89
पवनपुत्र,173
लुढ़कते,196
एकछत्र,6
सुलगा,191
मटक,38
नकलें,195
सोखने,150
प्रियदर्शन,12
ग्रंथि,183
शंकाएं,74
कैरमबोर्ड,114
रस्सियां,131
मध्यस्ता,199
आशिर्वाद,98
सहनशक्ति,141
लड़कर,142
सुझाने,126
मेहनतकशों,167
अनीति,69
देनदार,58
नीलामपत्र,97
लगावें,150
दोंगो,97
वर्षाजल,24
कालबद्ध,199
अनुमानों,63
खराबियों,120
निखरता,164
बीमाधारक,58
कार्यानुभव,192
पसलियां,56
तलवा,56
प्रचुरता,137
अहिंसात्मक,1
खस्ताहाली,84
जुझारु,93
सादगीपूर्ण,25
आयतें,37
चमकेंगे,104
त्रेहान,12
कोल्हुओं,182
मांसपेशियां,183
लांगुरिया,171
लगवाएगा,77
ट्रासफारमर,109
स्लॉट,75
जलसंचय,24
गुरूर,156
तितलियों,79
अब्बासिया,42
सतासी,174
पुतना,38
ऊबी,5
टहलता,26
गुच्छी,144
डीपीएन,187
फलियों,94
कैम्पों,36
छिड़ककर,150
नग्नावस्था,55
घनचक्कर,122
लाईनें,37
उच्चविद्यालय,192
मालिको,95
सिरकटी,182
लौहार,171
ज्योत्स्ना,99
तिगुना,118
सफलतम,85
पदाधिकारियोंने,68
खोखाधारकों,110
धर्मप्रेमी,3
तिहरी,114
जनसंगठन,13
कैमिस्टों,143
परमार्थी,130
सूबों,29
नवविवाहिताओं,181
लेनेवालों,36
सेल्यूट,177
शामियाने,128
इंदुमती,99
अमृतमयी,173
इलजाम,21
दुर्दिन,55
कुचलना,117
आनाजाना,163
सत्,130
भोगों,69
तमतमा,136
लुभाई,12
दियों,44
सुपुदर्गी,137
चहरदीवारी,128
अंधड़,153
कटाना,117
केशरिया,182
राज्यपालों,125
ऐनकें,168
भंगिया,182
जिर्णोद्धार,43
मजरूल,42
श्रृखंला,180
जलमीनारों,66
पालिस,155
गर्ई,16
मोहिता,12
औषधालयों,159
सहोदरी,173
अनमने,20
परिचारिकाओं,137
हांका,127
फेरो,38
गुरूओं,3
मानवों,165
ट्रांजिस्टर,75
डिप्लोमाधारी,194
ग्रंथियों,183
नागदेवता,173
सुलझाएंगे,15
उपसमितियों,125
बुंदिया,182
सरणी,180
शिवाशीष,187
रूठने,151
डाक्टरेट,192
संश्लेषण,18
पश्मीना,146
मिटाएं,89
होलिकादहन,86
चूडियां,105
नेस्तनाबूत,124
उधेड़,168
कूपनों,195
छटने,5
अंतरसदनीय,194
लिखाते,53
पशुचिकित्साधिकारी,39
उत्पादनों,18
राजधर्म,52
अड़ा,21
मुख्यपथ,199
तीर्थों,43
पुतान,149
पद्मविभूषण,85
प्रोगाम,75
इश्योरेंस,9
तिरस्कृत,69
खप्पर,155
खतौनियों,8
देवेश्वर,187
सरकने,196
अपसंस्कृति,139
सेवईं,10
अतिपिछड़ी,167
फैंका,121
त्राही,153
उद्येश्य,57
फूलदान,155
उठाईं,61
चढ़ायी,61
धूपबत्ती,44
पैथालॉजिस्ट,159
बाजारें,8
लोकगायिका,67
भुलाए,49
निशानियां,17
चूँकि,133
घूमर,65
खंडहरों,190
टनों,155
लदने,21
दबाये,56
सिसकती,154
बरकात,42
द्रोह,139
बंधवाई,38
किडनैप,41
हिस्सेदारों,58
अनुकूलता,141
उच्चपथ,72
कुमारों,55
चलवाए,81
गरजते,153
उल्लासपूर्ण,98
अविद्या,69
भगौने,10
चक्करों,180
जलजले,84
पालती,135
बतियाते,53
परतों,180
सुकोमल,98
रियासती,6
ग्लानि,74
जिंदादिली,27
छांटकर,121
छली,38
तस्वीरे,37
राजदार,156
फटकर,50
प्रतिस्थानी,76
वादकों,28
गुजारेंगे,104
जेंटलमैन,171
उतरूंगा,80
ठाट,38
जिम्मदारी,1
बॉलीबाल,114
वादविवाद,185
रूढ़ीवादी,52
भगौना,10
रूदन,154
बिताएं,163
चुरायी,61
जलवाये,199
परित्यक्ता,102
चस्का,186
रेशे,18
सुखाना,150
सर्वसम्मिति,76
धर्मावलम्बियों,52
ठुकराई,179
दिल्लीवासी,21
उगरा,34
नुस्खों,96
धर्मपरायण,93
किसमती,152
बंकरों,177
भाए,38
हार्डडिस्क,75
चाहरवाला,152
सलोना,65
विराजी,173
चिपकने,101
हाड़,108
सर्वण,167
चुटकले,23
चरणामृत,115
दीवाला,95
परियोजनाधिकारी,68
तथापि,133
सदाकांत,39
मुस्कुराने,23
काटेगी,77
मकरासन,96
जातकों,96
षष्टी,86
भूतकाल,165
उड़नखटोले,7
श्रीपद,88
याराना,156
नवदंपति,181
कड़की,5
उगलता,191
कबीले,171
पंड़रीकृपाल,187
झुलसाया,191
सिद्धियां,130
नकारात्मकता,74
मानचित्रों,169
झुकता,40
लावण्या,98
जीवनवृत्त,169
लकीरे,193
लदवाकर,81
विशिष्टजनों,3
प्याले,155
ब्रह्माश्रम,194
आश्रिता,194
बंबू,168
नवजवानों,178
रिक्शाओं,78
पिछड़ेपन,167
भक्तियाना,194
फ्रांसिस्को,137
सेवाकालीन,138
आकस्मिकता,141
चूमा,56
छापकर,113
श्रृंखलाओं,31
जगनायक,187
अनूसूचित,76
प्राधानाध्यापक,87
सम्पादन,113
मासूक,42
नवजन्मे,199
तामकोट,174
हंसती,135
अभियन्ताओं,138
घूप,5
वैद्यनाथन,187
गायी,67
उड़नदस्ता,39
आत्मसर्मपण,124
कुचलों,71
अन्नप्राशन,115
अनुजाति,97
रुही,16
कायार्लय,125
निशक्तजनों,33
हीटरों,109
ग्लोरियस,9
सींगों,79
बहिनों,176
ज्ञापनों,33
कृष्णपक्ष,86
चढ़नी,2
कूंचकर,127
केंटीन,184
सुलगी,191
हांफती,100
सेवायोजकों,110
नेत्ररोग,166
रिलांयस,9
समांतर,180
पंचायात,103
पिचों,114
ढपली,28
आमलेट,10
आचारसंहिता,0
पोंछा,150
बोधिसत्व,55
केंन्द्र,125
कन्याधन,33
इकरारनामे,0
़फरवरी,199
बदनियती,170
झोके,5
छुड़वाने,82
सर्वकल्याणकारी,1
अपीलें,111
छात्राओंको,8
उठवाई,81
सभाराज,149
अनापशनाप,21
मंत्रिमंडलीय,125
टपकना,150
रौंदती,196
सप्तर्षि,194
चुकती,135
बोलेगी,77
कॉलगर्ल,54
सुधारानी,199
बीसवें,197
रगड़ते,168
रुपहले,101
बिगडे़,14
अंगोछे,146
अखरती,160
विधानाचार्य,194
डिगंबर,137
पड़नेवाले,199
वाईपास,175
गोरक्षक,139
हैजे,166
इजीनियरिंग,9
प्रेमिकाओं,181
असमिया,140
उगाएं,60
निशक्तता,33
बेचनेवाले,95
योगियों,3
बहाएंगे,104
लांसनायक,177
पदावनति,138
गगरी,168
मस्जिदे,128
बुझाता,191
विपश्यना,96
अयोध्यापुरी,43
पंगोली,182
घरवाली,176
लट्ठे,155
समानुपातिक,118
मुकुंदी,187
प्रेमपूर्वक,98
हवाहवाई,199
कार्ययोजनाओं,33
चुटकियों,15
ब्रह्माोत्सव,194
महामंत्रियों,68
भिड़ाने,82
तबज्जो,21
तोड़ियां,17
दिव्येंदु,12
थपेड़ों,84
मुहरें,190
छपकर,113
बालविकास,33
भोलेबाबा,173
प्रज्ज्वल,30
बन्धक,58
ताजियेदारों,110
पूर्वाेत्तर,125
फार्मसिस्ट,9
कर्मक्षेत्र,1
फरमाएं,156
रोजगारों,36
योग्यताएं,17
प्रदेशवासी,8
पशुक्रूरता,59
शिकायते,17
कुशलवीर,187
ब्लॅाक,174
धानों,60
बचायें,89
टटोलते,53
सांयकालीन,148
समुद्रतल,31
विध्यांचल,43
रोड़ियां,17
भेदन,180
टंकिया,109
बापूजी,88
लक्ष्मीपति,173
अड़तालीस,64
अनुदेश,76
सौतेलेपन,8
बजर,127
आंगणन,33
वसूलेंगे,132
प्रस्फुटित,98
झुकाते,53
नवस्थापित,11
ग्रंथालय,192
थिरकन,65
छटपटाती,135
पथिकों,66
क्षमतानुसार,25
परमदेव,187
हथियाई,124
प्रबधंक,33
कानूनगों,39
सविस्तार,63
अरुंधती,12
लांघी,46
साबूत,144
ब्रिटिशकालीन,72
पीठाधीश,88
बिठवाना,97
राइफलमैन,177
वनरोपण,60
कूड़ाघरों,8
लट्ठमार,137
जुड़ना,90
वीणापाणि,173
फसी,38
बंजारे,171
आलसी,93
उड़ानों,7
कीड़ों,18
बघौड़ा,97
जीन्स,146
ठंडापानी,97
पुर्नस्थापना,11
मोच,56
देवीमय,22
पदमिनी,99
स्तरोन्नयन,76
बचो,83
छौंकर,149
छड़,155
टूटेंगे,104
गुनगुनाया,67
खरास,166
पाईपों,24
दबाएंगे,104
सुरूचि,141
आत्मन,130
कुसंग,69
भेजेंगी,32
़जहर,137
चक्कियों,109
रणबांकुरे,70
टूटीं,61
बौखलाये,136
कलियां,158
लिपिबद्ध,169
बछड़े,79
आन्दोलनकारी,13
चुल्लू,161
गाडिय़ां,78
भष्टाचार,54
आत्मदेव,88
आशानंद,51
उफनाती,161
कार्यसूची,76
गन्नों,60
वानरों,55
बिगडऩे,14
बक्शीश,152
गंगाघाटों,8
गाढ़े,101
हथेलियों,56
जटाओं,55
उद्घोषों,70
ठिठके,26
जूझा,84
इंस्टीट्यूशनल,9
विभागाध्यक्षा,87
टिमटिमाते,112
बनवाता,4
लुभाते,65
छुड़ाकर,121
धर्माधिकारी,12
अधीशासी,125
बंटते,168
वाहिनियों,183
अर्धसरकारी,125
सहृदय,93
स्नेहाशीष,98
बरुण,16
पगली,38
घुमाता,4
नम्र,93
मानावाली,152
गरजीं,61
रिवर्ट,76
कार्डियोलाजिस्ट,159
गोपीकृष्ण,187
रुग्ण,189
भिट्ठी,182
बेपनाह,156
समालोचक,85
उपजिलाधीश,39
नौसैनिक,177
लदकर,78
तसवीर,37
खुतबे,42
चुहिया,79
बागड़ी,48
वृन्दा,173
राष्ट्रधर्म,1
चकरघट्टा,182
पोसी,38
मेजें,131
संवारते,164
पतंगबाजों,114
आयातकों,36
सेंटाक्लाज,137
बकायदे,195
विवादस्पद,189
मही,34
यहूदी,52
इंफॉरमेशन,9
धड़कनों,5
बारिकियों,27
ऐलोपैथिक,159
हरिप्रिया,187
समस्यायों,120
सिलिकॉन,18
संट्टेबाजी,194
आव्हान,1
जटिलताएं,74
मझली,38
भगीना,174
संख्याओं,120
ऑब्जेक्टिव,75
भारतवंशी,73
पर्यायवाची,140
फितूर,27
बदी,156
हेै,133
लडे़ंगे,162
लगाइए,89
संधाली,97
कहंा,47
धड़ाका,116
धनावंटन,33
बाडे़,174
अविभावक,181
अदरख,144
अविराम,165
चिल्लाए,136
अर्वाचीन,165
कूड़ादानों,8
कर्मदेव,187
लाइए,89
परस्थितियों,120
छुट्टंी,199
गण्यमान्यों,3
हवायें,153
प्रामाणिकता,141
संस्तुत,76
चिकित्साधीन,159
करुणामय,98
संग्रहकर्ता,85
बांसों,94
जलाधिवास,97
भौंरों,158
सहूलतें,17
मण्डली,3
रामझूला,43
सुताना,152
वेदियों,115
ठोकते,127
संपर्को,57
हृदयनाथ,187
डलवाते,53
पन्नियों,66
चॉबी,47
एंडोस्कोपी,183
असरफी,16
उपनियंत्रकों,8
चिन्हि्त,199
बताइये,198
बनगाव,55
नवमनोनीत,199
दागीं,61
मारीं,61
कैंथा,174
खिलाता,4
भारतभारी,152
सरंचना,180
गुरुदक्षिणा,115
तौलिए,150
अवरोधकों,175
रामज्ञान,187
टहलकर,26
बकाएदारी,143
परिसंपत्तियां,58
मनोचिकित्सा,159
गलाकर,150
चंट्टोपाध्याय,199
बिगाड़े,14
शांतिदूत,1
त्यागराज,88
हल्लाबोल,113
शत्,34
दक्षिणायन,55
पुश्तों,66
पेटिकाओं,66
बंदूकधारियों,41
लोडकर,194
मुहल्लेवालों,184
शिविका,99
फाड़ने,82
पेंचीदा,15
चासनी,10
समर्था,1
पुड़ी,10
हारेगा,142
सुफिया,42
चौपाइयां,17
कमाओ,83
धर्मान्तरण,52
क्रांतिवीर,70
ध्वजाधारी,194
उच्चाधिकार,125
गलकर,150
पहनता,146
धधकते,191
बिखरती,5
इमरजेन्सी,13
खरंजे,174
बांटो,83
भोलों,66
विजयदीप,187
लोगाें,110
हटीं,61
रखेगें,104
बढ़ायेंगे,104
बनवाएगी,77
सोखता,150
मिट्टू,152
टकराता,196
एल्युमिनाई,9
चक्रवृद्धि,58
मुंगफली,144
याचक,130
नवधन,174
भिंडा,152
पाऊडर,150
इलाइची,144
बालभवन,16
वाहनें,78
वज्रवाहन,194
बुगी,16
सीया,34
ढूंढी,61
तलों,128
श्रद्वालु,22
माँगों,120
मिठाईया,10
गुरने,137
संचेतना,141
प्रतिपक्षी,13
ख़ुशी,98
तलबगार,156
महीनो,172
स्वनिर्मित,25
लाभदायी,25
यशवन्त,12
ननदों,176
संस्थानो,192
अलापते,53
इकोनॉमी,75
बटने,168
पंतद्वीप,43
लतीफशाह,72
थमेगी,77
उखड़ती,5
तुलवाने,82
निर्गमन,11
छात्रोपस्थिति,97
विवेकी,93
बंटाती,135
सर्पो,55
कुमाता,173
मध्यावकाश,199
दुलर्भ,165
मुड़ना,100
सिक्योर,75
व्यावसायीकरण,11
कंप्युटर,75
पोंछे,150
पूछेगी,198
मालखेड़ी,174
इकतीस,64
मसरूफ,156
जीवनवाला,152
बहायी,161
हमसब,133
जीवनदायनी,161
फौव्वारे,128
सोनबाद,72
कान्ति,99
गडबड़ी,75
पेजों,75
लालीपॉप,21
कार्यक्रमानुसार,30
कुशलपुर,145
महापरिषद,125
उत्कंठा,141
कबाड़खाना,37
कुलचे,10
बरदास्त,21
गाछ,94
लुभाती,135
ठिठुरना,108
विवरणों,169
धकेलना,117
व्रजपात,174
तुड़ी,168
डाकिए,195
भभक,191
करहा,38
जगनी,60
लेंगें,104
गुणवत्तापूर्वक,25
सजेंगे,104
पदाधिकरियों,68
उम्रसीमा,181
महात्मय,86
अप्रसन्नता,74
चपकी,47
सूचनाधिकार,125
हथनी,38
सेवईयां,10
स्मॉग,18
डाक्टरो,159
फेकेंगे,104
पातालपुरी,43
बाललीला,55
खास्ताहाल,21
बुधानी,48
रविवारीय,113
अक्षयपात्र,33
लुटरों,41
सिद्धान्तों,120
टालती,135
कहारों,66
सिन्दूर,105
राष्ट्रद्रोही,178
दिशासूचक,180
उवाच,12
रिहाइश,91
लदवा,78
सुविधादाता,33
छूमंतर,166
लफ्ज,156
केंचुए,79
ईंटा,168
गड़बड़,75
जोड़िया,182
सुलगता,191
ज्ञानसरोवर,194
दारी,156
रसों,169
सोलहवें,197
आहुतियों,115
भोलेशंकर,187
प्रत्यावेदनों,8
इक्ट्ठे,81
पूलों,175
वैबसाइट,75
पथनी,16
संयोजनों,120
कहेंगी,32
किसमिस,10
तारघर,184
अनुशंसाओं,76
बनोगे,83
महासिचव,35
कनफेडरेशन,137
प्रतिनिधिगण,35
सार्इं,152
शस्त्रधारी,55
उठायेगी,77
फरिश्तों,156
बिन्दी,105
वस्त्रम,105
बढेगा,119
पिलाएगी,77
खासबात,21
जिलाविद्यालय,68
महाजुलूस,199
सयाना,93
कतरने,131
होनेवालों,137
धसकने,24
सेबों,144
फांसने,82
डिंगा,152
ताबड़तोड़,199
सड़़क,137
शार्गिद,42
वृद्वि,119
अनिर्वाण,88
अमरत्व,130
कसती,168
जीतनी,160
दीजिएगा,89
कृष्णाष्टमी,86
सुखाते,150
अनसूचित,167
गलतबयानी,21
बिस्मिल्ला,171
लालकुआ,145
दुखदर्द,199
जीवनरेखा,175
गवाई,84
जलप्रवाह,161
गिनते,53
अधिगृहण,91
डायटीशियन,159
जोशियान,152
जागेगी,188
एवम्,11
बरातों,66
हटों,66
वैधानिकता,0
बचकाना,23
बैट्रा,109
अलावां,137
मोहमाया,69
समाजोत्थान,1
पावे,34
हरिचैतन्य,187
सराफों,143
रखूंगी,80
मशरूर,72
त्रिकोणासन,96
अंत्येष्टी,115
बोनसाई,94
हालमार्क,9
चोटीवाला,152
भुईंया,16
ट्रांसफॉर्मरों,109
पेजर,75
सकरिया,182
कुम्भकार,55
कंजर,171
फोड़कर,121
मर्दाना,171
मुलजिम,170
लालों,29
सचेतना,1
लवणीय,137
सेवामुक्ति,138
सुमंगल,34
मराठे,6
जीवटता,141
लिखवाएं,195
बटोरते,53
डायरियां,17
बुद्धजीवी,167
भापते,53
मुड़,26
शास्त्रियों,36
खटखटाए,26
विभिषिका,84
स्नानादि,115
गंगास्नान,115
फांकने,82
क्रियान्यवन,107
बंजारन,171
कियागया,129
पंचवीर,174
बतलाते,53
कैमीकल,150
बुलवाई,81
बढि़यां,17
पायस,18
नुकसानों,120
गिलासों,155
नृप,34
धरकर,55
मांगेगे,77
अनुदानों,58
मजूदरी,91
गुर्दो,183
दिल्लीवालों,198
कॉरपोरेटर,9
उड़द,144
आगन्तुक,171
मंत्रीगण,35
ब्वॉयलर,9
रामधार,149
धमनियां,183
बरसो,156
फूटता,40
चंद्री,187
दिलवायी,81
सामंतों,6
भागीं,61
छूरी,127
आदिबदरी,174
मारपिटाई,41
सम्पुष्टि,199
बृद्धि,118
परखें,89
पिंजरों,79
चौपालें,66
जर्बदस्त,84
मदिरापान,186
वृत्तियों,120
पद्मासन,96
सौम्यता,141
रिपेार्ट,33
समानताएं,17
कम्पोनेंट,75
गुठलियों,144
कोड़े,168
घुलकर,150
संट्टेबाजों,8
टोकना,117
प्लाजमा,18
विस्वा,91
कराटेकार,97
सुनाली,152
उजाड़,71
लोकसेवकों,125
आजमाईश,142
विधार्थी,147
प्रेमालाप,98
प्रवाल,180
फासफोरस,18
अल्पावधि,11
जालिमों,156
जलगाह,137
कमांडेन्ट,9
अक्रांत,194
मखाने,144
जोशो,65
बूथो,62
यज्ञकर्ता,115
भयहरण,34
निकालेंगी,32
जुगनु,112
रेडियंट,9
कुमुदिनी,158
प्रचंडता,141
मैकाले,6
नृत्यांगनाओं,122
तेहरवीं,197
पद्य,169
मैनहोलों,8
सम्प्रेषण,141
मशीनगन,177
नाटिकाएं,17
भजनोपदेश,194
यत्नशील,1
ठण्डा,108
अनेको,133
मलमल,146
जीएं,89
अर्थिंग,109
पहननी,146
चतुरानन,34
ढ़ाबा,10
परफार्मेंस,75
दुखड़ा,154
कथास्थल,194
सम्माननीय,93
प्रश्रनेत्तरी,199
लटकना,131
ऊभा,47
आँखों,193
असहिष्णु,139
साइटें,17
व्याख्यानों,169
जलक्रीड़ा,161
जूझकर,162
कलाकंद,10
फोरन,38
तसव्वुर,156
एनबीटी,113
चपटा,180
अष्टांग,96
मांफी,179
बढ़ा,119
हटाएगी,77
वेशकीमती,199
ब्रह्मभोज,115
खोंटा,174
वार्ताओं,120
कतरों,5
सम्प्रदायों,52
परिक्रमार्थी,199
दहेजलोभियों,8
केबीच,185
उखड़नी,50
न्यायामूर्ति,111
दुर्गुण,69
रोजगारोन्मुख,192
रामानुग्रह,194
प्रधानमंत्रित्व,125
ज्ञानस्वरूप,88
डब्बों,155
पछताने,126
हीनभावना,74
चटखारे,106
पीरपैती,72
महानिर्वाणी,88
आतिशबाजों,66
सुखदायी,25
आर्मरी,9
बैडमिन्टन,114
दौड़ाने,82
नगाड़े,28
पिलवाएं,81
शेखों,6
बजेंगे,104
शोभायात्राओं,22
सामंतो,6
प्राणिउद्यान,194
पेचिस,166
धुलवाए,81
घुमाना,117
भवर,34
हालतों,21
टिंडे,144
लताफत,42
राजयोगी,88
अधिपत्य,6
खड़ीं,168
रस्ता,156
म्यान,180
पशुलोक,43
प्रतापी,55
हवाईयां,17
प्रेक्षण,57
जजमान,171
धमकने,5
प्रांजलि,187
आत्मसुरक्षा,199
अर्षदीप,137
उदगम,31
असीमानंद,170
यूएसबी,75
लीजधारियों,8
रूमाली,10
गंडासे,127
दुखनिवारण,199
लीले,34
वृक्षारोपन,194
कार्यवृत्ति,76
अग्रेंजी,140
घिसाई,190
अधिनियिम,0
चिडि़या,79
निवेशों,58
रूढि़यों,52
इप्लाइज,9
जनवासे,181
दशावतार,173
गृहक्षेत्र,72
उपप्राचार्या,87
लड़ाने,82
अजूबे,31
बधाईयों,151
बजरिए,137
झाझ,47
लुहानी,152
हरिकथा,173
जांचेगी,77
अराध्या,99
धर्मप्रेमियों,3
धकेलकर,121
बिटौरा,174
तीर्थकरों,88
पौधशालाओं,60
उड़ाये,121
सवाली,156
लिखूंगा,80
चटपटे,23
जिलाध्यक्षा,68
दिक्षा,88
गांधीवाद,52
नीलों,8
जलपथ,31
नाशकों,18
पिसे,150
युगपुरुष,88
तकरीरें,37
कुषाण,190
अंतरविद्यालयी,192
अनिर्णय,74
तगड़ा,23
जलसार,97
मजलिसें,42
कांडो,194
सहिंता,0
मानधाता,145
मूर्खता,69
मध्यवर्ती,180
डिग्रीधारियों,147
गुठली,144
खिलखिलाते,53
बुलाओ,83
नेवला,79
नबालिग,170
बघारी,168
जेलकर्मियों,110
बुड्ढे,102
पजामा,146
रोपना,60
आस्थाओं,52
मनोरोगियों,159
पगबाधा,114
हमशक्ल,171
एच्छिक,76
ऊंगली,56
नाईट्रोजन,18
झुठलाने,63
झगड़ों,185
चुटकुला,23
योगिक,18
घूरेलाल,149
परिचयात्मक,169
फलो,144
टयूमर,166
पदचिह्न,180
पल्सपोलियो,97
मंगलमूर्ति,173
किरायेदारी,91
आयतों,156
स्वार्थों,69
माँगने,82
पहरेदारों,124
बनाऊंगा,80
हिचकेंगे,104
पदधारकों,110
दिलायें,89
लगनशीलता,141
डुबा,161
तोड़ें,89
हटवाएंगे,104
सर्वानुमति,76
घूमेगी,77
लड़ाकों,178
बीमाधारकों,8
रुंधे,154
टोकाटाकी,136
प्रतिबिंबित,137
तलाशेगी,77
अनारदाना,144
कटीली,94
अपच,166
दवाखाने,159
मनुस्मृति,55
सदमार्ग,130
सताते,53
रविकरण,97
फटकारने,136
सप्तकोसीय,194
प्रस्तर,190
पकड़ाए,41
भेदते,131
झुलाने,82
गारण्टी,58
सिरहाने,188
हाे,21
ऋषिमुनि,88
तदोपरान्त,76
सचेतनता,141
मंदहाली,97
चलानेवाले,78
नवकिशोर,149
गाड़,121
पोंछ,150
दिलबागी,97
तिकोनी,155
जिठानी,176
कुटे,10
प्राप्तांकों,147
बहिर्गमन,11
टिकता,40
समहर्ता,194
तालेबंदी,124
आलेखन,169
घोंघा,79
सूचीकरण,76
जागेंगे,104
नसीहतें,37
जनप्रतिनिधित्व,0
विलेख,58
खड़क,48
सत्यनगर,194
चिंह्नित,199
दानेदार,18
मांगटीका,199
मिलूंगा,80
छटाक,38
कहलाना,90
सूझी,198
दिव्यांगता,123
मेहराब,128
निदेशालयों,125
अखरने,21
व्यपारियों,143
हाहाकर,116
जॉच,63
गुंदियाना,182
पढ़ेंगी,32
बिखेरेंगी,164
महकता,158
तमंचाधारी,194
पूरित,98
सेकेण्ड,118
विश्रामघाट,199
कुकृत्यों,59
सूरते,156
सुखनाथ,152
सुस्ताने,163
पौबारह,168
मध्याह्नं,194
अभ्रदता,41
जानीमानी,85
मुद्रास्फीति,118
हवनयज्ञ,115
कृपापात्र,6
गडवासू,16
कथनानुसार,137
लोकअदालत,68
मुखबरी,41
धनसारी,145
पृष्टि,63
बर्षीय,152
महिलाओें,110
इक्टठा,157
आर्शीवचन,98
विकलांगजन,33
बगड़,174
खजानची,152
अंहिसा,1
दीयां,17
दुनियादारी,156
क्रियान्वन,107
पंखुड़ियों,158
बंटाना,117
घटयात्रा,43
तश्तरी,155
उफनाए,24
यज्ञमंडप,115
व्यग्र,20
ठोके,127
शिक्षादान,194
गुनिया,182
अल्पता,166
यतीमों,156
पकड़ाई,81
स्कुल,192
गायिकाओं,67
जनश्रुति,55
धर्माध्यक्ष,3
हंसली,105
तर्जनी,56
मजहबे,52
पढ़ाई,192
प्रगाढ़ता,141
जयमंगला,173
लोकपर्व,86
टकराना,117
विश्वदीपक,187
नेपथ्य,122
दड़बा,168
वीरगाथा,165
सेवाकार्य,1
बुद्धिमानी,93
स्काउटस,194
कथावाचकों,3
प्रक्षेत्रों,107
विभास,12
बालीवॉल,137
पीढि़,165
पेन्शन,137
संचालनकर्ता,30
घिसटने,100
बन्दोबस्त,91
टेकना,56
गुलामों,6
बछडे़,79
गृहयुद्ध,139
संतृप्तीकरण,11
भगोड़े,170
सपड़ी,47
लुटते,71
स्वतन्त्र,57
चुलबुली,93
उद्यानीकरण,194
रुलाती,135
बरसातों,153
निम्नतम,118
आकांक्षी,93
लड़वाने,82
बुद्धराज,187
तोड़फोड,41
बैराजों,24
चिपकाई,131
हैवानों,59
दमकलें,41
सैकड़ो,64
अंधियारे,112
दहाड़ें,154
उतारता,4
हटें,26
सुलाकर,188
पैथोलॉजिकल,9
सम्पन्नता,141
नक्काशीदार,190
सहसमन्वयक,87
घनिष्ठता,141
अभ्यावेदन,76
अन्नाधिवास,97
छुएं,56
परोसना,117
आरक्षकों,138
बटेंगे,104
हवाईअड्डा,7
चमगादड़,79
सितबंर,172
कुल्हा,182
उद्यानिकी,107
पहुचीं,61
कैलेण्डर,75
अलि,42
डिपोधारकों,110
विरानी,152
कबूलते,170
प्रभावहीन,189
नाइटराइडर्स,114
अजमानतीय,170
जलधारी,43
पुकारती,135
बाध्यकारी,0
मशरूफ,156
घुमंतु,167
प्रतिभागियो,30
लुटेरी,29
सिकुड़ा,50
खुशमिजाज,93
आवाक,20
पट्टिकाओं,190
धकेलते,53
सर्पगंधा,18
सामारोह,30
ओजपूर्ण,169
गजराजों,66
चक्कों,78
सरकड़ी,137
सेनाएं,177
उर्वेश,149
भगवाध्वज,194
ठोकेंगे,104
महारो,167
तदुपरान्त,11
मरुस्थल,31
आलाप,67
भभूत,150
पश्चिमपुरी,152
पचवान,16
भड़कती,191
वाहनी,159
सर्वदीप,194
चरित्रहीनता,59
जरुरतें,17
निर्वाचनों,62
कामचोर,29
सहस्त्रधारा,43
सूतफेनी,10
डालेंगी,32
वंदनवार,158
कोठों,66
नृत्यकला,122
अम्लीय,18
एेसे,21
वॉर्डन,9
हबीबा,42
कर्तव्यबोध,1
जनातियों,110
जिएं,89
व्यक्तिकी,194
बहदुरी,177
ठुकराए,179
तारामणि,88
नेत्रजन,194
कुरमुरी,10
कलपुर्जो,78
संकेतांक,76
अश्रुपूर्ण,98
खोलेंगी,32
मानको,0
नवकांत,187
दुर्घटनायें,17
प्यासों,123
बालकरूपी,194
भगवंती,48
चमकाना,117
प्रकाशनों,36
करिश्मे,27
पतंगबाज,114
खायेंगे,104
जनसंहार,178
बोलोरो,137
बुलवाने,82
तसले,168
गहरायी,180
चढ़ेंगे,104
रुलाएगी,77
सिमों,137
ग्राहको,75
पर्दो,155
भरथल,47
बुनना,117
बुलबुले,180
स्लाइडें,109
यायावर,165
भरवाएंगे,104
सर्वेक्षित,76
धराई,16
महाव्रत,115
चारापत्ती,182
प्रतिकूलता,74
सेवासदन,171
पर्वतमाला,31
धड़कता,5
स्वास्ति,194
मृत्युलोक,130
लिखाना,117
सुसज्जिात,137
विद्यार्थीगण,192
आदर्शवादी,93
पकड़ना,117
अनुस्मारक,76
सिटकनी,131
ताजातरीन,122
़खुशी,199
खोदवाकर,81
प्रंसग,34
कीर्तिवर्धन,187
अंजला,99
सर्वराज,194
अस्वच्छ,45
राहगीरो,41
आनेवालों,36
द्वेषपूर्ण,59
मानवेल,194
रंगमंचीय,122
थोथा,137
लकीरों,193
आत्मग्लानि,74
छात्राध्यापकों,87
मदिरालय,186
चर्खी,127
घिरती,5
तिलकूट,10
बजानी,28
तोहरे,38
सबली,174
आऊंगी,80
मोटरबाइक,78
पद्मलोचन,187
पत्तो,94
उपलब्धी,25
अग्निपथ,122
मुक्ताकाशीय,194
उमड़ेंगे,104
चिपचिपी,101
व्यवस्तता,74
निरीक्षिका,87
बनवाओ,81
आविर्भाव,165
लहलहाएगी,60
पूछीं,61
इन्द्रियों,130
वाचकों,3
फूलती,50
धर्मयुद्ध,52
अवन्तिका,173
हथौड़ा,127
नंबरदारी,97
खिंचता,40
जायकेदार,106
करमुक्त,58
गढ़ाए,26
उखड़ने,50
कांवडियों,22
बेहताशा,118
फब्तिया,23
सदगुणों,130
छत्रधर,149
चुम्मन,152
युविका,99
कायत,16
आषाढ़ी,86
करूणाकर,12
काशीनरेश,88
तरासने,16
चपरासियों,110
परखकर,63
काग,171
सुनाओ,83
सर्वप्रिय,85
शूद्र,167
मकसुद,97
छिपाये,49
जनप्रतिनिधयों,8
महादानी,130
पलटना,117
मिनार,128
अंचलवार,8
परदेशियों,8
कहुआ,174
पनपना,50
माईनिंग,9
अनुप्रयोग,107
प्रदुषण,18
यूनिकोड,140
संवर्धित,11
जलधार,161
अभागे,123
चौड़े,180
डांटना,117
हंसमुखी,152
श्रीभागवत,88
जेलें,61
मोरमुकुट,105
महफिलों,67
भृकुटी,193
निरिक्षक,39
बेंचना,95
धड़कन,183
चरमसीमा,69
छुड़वाया,81
गणतन्त्र,70
चौराहो,184
उतरेगे,104
बेचेगी,95
प्रसंघ,194
असमायिक,84
पुरुषोत्तमाचार्य,88
पेटीकोट,146
इतराने,82
कांउसिलिंग,147
सिकुड़न,50
अकुल,34
उसूल,156
कटिबद्धता,141
सरौता,38
छापामारा,199
गिरिन्द्र,187
सुकीर्ति,187
रसिका,99
बजनी,28
विदूषी,99
युनानी,140
ककरहिया,145
जासूसों,54
बिगाड़कर,14
सताना,117
साहूजी,171
प्रतिबन्धित,0
लिखेंगी,32
डेरियों,66
परस्ती,156
रेगूलेटर,109
शोषक,167
चिमनियां,17
खिलता,158
कारागारों,143
नस्ली,139
गतिविधयों,120
जनी,38
संदिग्धता,74
मनेजर,9
बोलिए,198
पेट्रेाल,137
बामन,38
कठौती,38
किच्छाना,174
निष्कर्षो,63
दौड़ती,135
घेराबन्दी,124
दयानिधान,130
पंचकोसीय,43
सिंहस्थ,86
क्षत्रप,6
संसाधानों,107
शिरक्त,30
दक्षिणपंथी,13
फरियादें,17
परमादित्य,194
मुड़कर,26
रिक्शाचालकों,110
ब्रह्माण्ड,130
पालीटेक्निकों,8
युवावर्ग,167
अलमस्त,65
लाटूश,184
लुटेरो,41
छंटनीग्रस्त,199
जड़धारी,194
धर्मवाद,52
पंगूड़े,47
लटकाई,131
धुलवाने,81
गुण्डागर्दी,29
खंगालती,135
संवदेना,199
बालवाड़ी,192
अंगुठे,56
फेरीवालों,95
तथ्यपरक,63
झुकाना,117
बिताये,163
डाकसेवकों,110
दयावान,93
तजुर्बेकार,27
भौं,193
टलता,21
वासियो,73
मनोचिकित्सकों,159
बन्धुओं,137
झुकाए,26
मुण्डन,115
रंगना,101
विमानपत्तन,73
अगस्त्य,55
कैंपसों,147
दीपम,86
संभला,196
सिकुड़कर,50
पारियां,114
अग्निसुरक्षा,199
जानेगा,77
ढक्की,182
यदुवंशियों,55
एनेस्थिसिया,183
मर्करी,18
समाहर्ताओं,39
शत्रुहन,187
मरकर,121
मनोवैज्ञानिकों,36
सुधारेगी,77
एजेसियों,143
ऊष्मा,18
निभाऊंगा,80
प्रस्वीकृत,199
सुव्यवस्था,141
पुरावशेष,190
सलटाया,129
लडूंगा,80
देववंश,88
दुल्हनिया,122
रेखाओं,180
च्यवनप्राश,144
उपपरियोजना,199
फोटोग्राफर्स,75
सकला,34
नेत्रदाता,194
सर्वव्यापक,130
मोटरे,109
ममत्व,98
आकांक्षाएं,17
जमापूंजी,58
दूतावासों,36
ज्योतिषाचार्यो,194
बाधों,24
जुड़ेंगी,32
विज्ञानदेव,187
वनक्षेत्राधिकारी,39
खुशकिस्मती,27
रायफल्स,177
रधुवीर,149
उस्तरे,127
नौसिखिया,93
उधड़,168
जौं,34
चिरागों,112
अधिवक्तओं,111
अस्वस्थ्य,189
उल्लंधन,0
अनुज्ञापन,76
लोकजात,43
रिन्युअल,9
लायेगी,77
जनहितों,8
सम्वत,86
मुहानों,161
कैथलिक,52
गिनकर,137
बिगड़ता,14
ब्रांडबैंड,9
अजीविका,107
बोलूंगा,80
घोटू,38
बनूंगी,80
सुधारेगा,77
अनुबंधकर्मी,199
दरकती,50
बुर्के,146
जुटाता,4
धधका,191
संझली,47
झुठलाया,129
देंवेंद्र,48
प्लेइंग,75
मुद्दत,156
शरारतीतत्वों,8
चीरने,127
पुर्नरीक्षण,199
खोखरी,145
डले,155
चर्चों,52
देवपूजन,115
घड़वाल,16
सीटियां,28
लोकबंधु,149
रेलयात्रा,7
मतदताओं,8
रबि,34
दीपावाली,86
खंजाची,38
फिजियोथैरेपिस्ट,159
जमीरुल,42
समाती,5
मोलवी,42
सर्मिपत,34
सुदृढ़ता,141
गिरेंगे,104
नंगलामल,174
नाकारात्मक,189
योनी,183
गुमती,161
अभिप्रेरणा,25
मशीनिस्ट,9
बढ़ोई,97
शुतुरमुर्ग,79
मंगवाता,81
मण्डलों,125
विकरालता,84
अस्पतालकर्मियों,110
पूर्णशशि,97
आरियां,17
जड़ें,50
घोड़ियों,66
गोटिया,182
आमन्त्रित,30
सैनानियों,70
प्रबन्धकों,36
भक्षण,69
मुस्लमानों,52
नेकियां,156
तामेश्वर,187
पालों,66
त्योरियां,17
शांतमय,1
भड़कते,136
निर्दाेष,170
न्यायधीशों,111
प्रदुम्मन,97
बिखरता,40
पुष्पेन्दु,194
क्रान्तिकारी,70
रिपु,34
सम्मानों,36
लदाना,152
दायी,25
सत्यम्,137
अनपढ़ों,29
स्थानातंरित,76
गृहराज्य,35
पुस्तकीय,192
फलसफे,156
उपबंधों,0
केसरीनाथ,187
प्रणति,187
खरदूषण,55
गुजरनेवाली,175
लगानेवाले,53
कंपनियो,95
दोशी,12
अतिसार,166
सजाएंगे,104
उन्होंंने,133
प्रतिलिपी,76
क्रियाकर्म,115
तमाशों,66
लाभर्थियों,110
कहत,38
छंटे,49
धर्मशास्त्रों,52
मुकुटधारी,55
नगमे,67
छोड़ेंगी,32
दिलाएंगी,32
सौंदर्यबोध,141
उबलते,150
इंचार्जों,39
संपूरक,18
वर्णी,88
पंचायतस्तर,97
द्वतीय,197
उद्धेश्य,57
अड़तालिस,64
प्रदूषणकारी,18
क्रीड़ाधिकारी,39
दुनाली,127
खोमचों,10
चीजे,160
सुखाए,150
चतुष्कोणीय,180
एक्जक्यूटिव,9
बांई,56
मिलनेवाला,4
भूनने,10
उपमंडलस्तरीय,97
टाईअप,16
बैंडों,36
धांधलेबाजी,54
लानेवाले,53
छेड़ता,136
पालिसियों,58
बिरवा,94
मोटरमार्गो,8
ब्रह्माजीत,194
मायाधर,187
प्रभावना,1
चिरायु,98
लेटना,117
राजधानियों,73
बूढ़ेनाथ,97
बुड़िया,182
बीसों,64
रुकवाना,117
पिटवा,136
नामांकनपत्र,62
महापंडित,88
न्यायप्रिय,93
हुयीं,61
ठूंसे,121
विधिवत्,115
कलियों,158
आशानुरूप,25
दविशें,17
कन्याभोज,115
जलमूल्य,199
स्फटिक,190
हिजाब,146
ओणम,151
कलाइयां,56
ईष्या,69
भेड़पालकों,8
प्रत्युषा,99
मत्स्यपालकों,8
सेशनल,147
दरिद्रनारायण,123
बनवायें,81
नाउम्मीदी,74
निसहाय,123
नाटियों,66
सयानी,99
विरोधिया,97
पिसाने,182
एक्सपेंशन,9
उन्मादी,139
बायोमैट्रिक्स,75
अफ्सर,29
ब्लूप्रिंट,75
कुरेदा,40
कंदर्प,34
बाज़ार,95
बीजक,195
छुड़वाए,199
बंदरगाहों,73
चाँद,112
जुटाएगा,77
जनेश,149
धनोपार्जन,1
आँख,193
मालपुआ,10
मनेाज,47
कठवाड़,137
यौनशोषण,59
बुलट,78
बड़कोट,174
छड़ों,168
ईस्वी,137
पिनकोड,75
टेढी,160
पीसा,150
फहराएगी,77
खिलेगी,77
लौगांय,97
स्वयंसेविका,87
वास्तिवक,57
अनुकूलन,107
नोमिनेशन,62
उग्रता,141
भूधर,34
तिजारत,156
कुंडलिनी,96
तेजबल,16
अध्ययनों,63
अंतरर्राष्ट्रीय,73
इत्तेफाकिया,152
आलोचनात्मक,169
साहबजादे,42
मिश्रीवाला,152
पशुवध,139
धारणाएं,17
उतारनी,2
जलकुंड,24
खानसामा,171
चलवाना,117
मनौना,38
आंकते,53
नाचकर,65
लपेटने,82
विलोचन,187
ढाकन,47
तालुक,171
दुआख्वानी,152
भेड़पालक,137
बंसीधर,149
शम्मा,156
वाष्पीकरण,18
चित्रपट,122
सिंदूरी,101
दूने,118
हॉस्पिटेलिटी,9
भाईदूज,151
हड़बड़ाए,136
मरदाना,92
दिनदिहाड़े,41
भल्ले,10
शनियारो,152
हड़पे,157
प्रेमीयुगल,194
दौड़ेगी,77
मामाजी,176
द्वारपालों,55
परिहारी,187
लपकों,143
वरदानी,130
साधनहीन,123
चकराने,82
तराशे,190
शरीरदान,1
चाकूओं,127
बुढाना,72
सठिया,198
अभ्यर्थियो,147
पिलाये,186
संधान,55
़खराब,199
बिकाउ,95
छविगृह,128
सिन्नी,182
नोचकर,121
करोबारियों,110
जिंदादिल,93
लिंगभेद,59
अंगेश,187
उपस्थापन,76
पतीला,10
रुकवाते,81
अर्थपूर्ण,25
रक्शा,130
रंगीलो,65
सुधरता,14
मिलाती,135
मिन्नतों,156
प्रतिष्ठाता,88
सेंकेंड,118
मांओं,102
बावर्ची,171
नालो,24
जड़ों,94
अतिथिगणों,30
सुदेव,187
मधूसूदन,187
विराजते,173
धोखेबाजों,54
सुइयों,180
अतंरराष्ट्रीय,125
छिलकों,144
शिक्षारत,192
शांतिलता,97
मध्यकाल,165
प्रतिक्रियाओं,120
विपदाओं,84
पिसने,82
गड़ाये,168
पारिस्थितिक,107
सम्मिश्रण,57
लाभावित,199
त्रिशरण,88
इदगाह,184
अवैद्य,91
अकालतख्त,92
इण्डस्ट्रीज,9
बख्शेंगे,104
दर्शिका,76
गठबंधनों,13
डलवाएं,81
खोपा,38
फेफड़े,183
नन्दु,187
रक्षावाहिनी,194
डोंगा,182
अर्थनीति,107
कालभैरव,173
परामर्शदाताओं,36
खरीदो,83
सड़ांध,45
लौटाएंगे,104
नियती,90
बहुपक्षीय,107
निम्नस्तरीय,189
करोबारी,143
जगपति,149
चिन्नौर,152
आरोह,180
गढ्डामुक्त,199
तहसीलकर्मी,68
दरकते,46
सहयेाग,16
भूविज्ञान,107
विकासवादी,107
औद्योगिकरण,107
गोपिकाओं,55
ब्यूटीपार्लर,66
सुविचार,98
निकलवाते,53
विवाहिताएं,181
वेदान्त,88
खलता,40
वनबंधु,187
करुं,80
कर्कश,189
खेलत,38
चंद्ररेखा,187
चबाकर,150
मुहीम,13
जोड़नेवाली,199
लोलुपता,69
मुहार,128
छुड़ाए,121
चहकते,65
खूनखराबा,139
लायसेंस,0
नासिका,183
डुबोया,150
हैंडपाइप,109
सर्वगुण,130
मणिक,99
छुएगा,77
अंजीर,144
लालसर,79
पहनायी,146
सेवाशर्त,138
सुवर्णा,99
राज्यादेश,76
रमी,65
बंधती,46
नवाजने,82
गल्तियों,21
जेलकर्मी,68
पादरियों,3
संवारें,164
महात्यागी,187
फैलनी,50
सिद्धेश,12
विचाराधारा,52
अणू,168
धोबिन,38
शुभ्र,101
धड़कने,5
साहुकारों,66
कैथेड्रल,171
जिज्ञासाएं,17
परमसुख,34
गैंडों,79
गंदगियों,45
घूमें,89
किंवदंती,55
अरोपियों,170
विस्तारण,11
कुलप्रकाश,97
मुल्यांकन,57
लुहान,154
लेप्रोस्कोपी,183
धोये,150
जनार्धन,12
अस्वच्छता,45
सिद्धियों,130
सवरण,47
कौशलों,120
जरूरतमंदो,123
गडढ़े,24
कांप्लैक्स,9
सेवाधाम,43
पंछियों,79
इबादतगाहों,66
ऐंठा,168
अनुक्रम,180
खोदवाया,129
शारिब,42
फौजों,124
अच्छों,21
न्यायमित्रों,8
रेजीडेट,194
युवामोर्चा,68
पर्दानशी,54
मीनारों,128
स्वप्रमाणित,76
हसते,154
देवनगरी,43
प्रेरणास्पद,1
सौंपता,4
लकवे,166
रेलवेकर्मी,68
राजनयिकों,36
क्लिन,9
मुखौटों,190
गनपति,34
सहकोषाध्यक्ष,68
गौवध,139
भठ्ठी,186
जेराल्ड,137
करनीबाग,97
जन्मीं,85
राइजोबियम,60
साजसज्जा,190
दोषसिद्ध,170
जगते,188
पुण्यकाल,86
नौसिखिए,93
हरदौल,171
वसूलों,199
पाऊंगी,80
निस्तार,11
गोलाबाड़ी,97
आत्मशुद्धि,130
मंसूब,156
सरपंचो,103
फरमाए,156
कर्मकारों,36
रहीे,137
मुंहबोली,176
हिलोर,161
अटकाया,129
मनुवादी,167
पकड़ाकर,81
प्रीतिलता,12
मतवाले,65
जमाखोर,29
फोड़ने,82
राजपत,187
मनोभावों,120
फांसकर,121
नस्लें,79
आखत,47
कश्मकश,156
अशवनी,16
सौदापुर,145
समझेगी,77
रहावन,97
बलमा,38
उड़ानें,7
शब्दकोश,140
पुरुषोत्ताम,187
चित्रकुट,43
अज्ञातों,8
कैमिकल्स,18
शौचक्रिया,115
कुलाबा,184
श्रीयंत्र,173
वहीें,47
नैस्ले,9
भंगाली,152
पंचकठिया,97
क्रयकेंद्र,143
घुसपैठिया,178
बहुउपयोगी,18
नेकनाम,42
खड़ाऊ,168
सुप्तावस्था,188
हलासन,96
शिवधारा,97
डंठलों,94
जिवाई,174
चिकने,101
फिरकापरस्ती,29
धर्मशिला,43
विहारों,3
आंदोलकारियों,8
बैकुंठनाथ,187
देवदीप,97
राजगृह,72
ऊंचीकरण,199
इबादतगाह,156
दोहराएंगे,104
धतुरा,144
चित्रहार,122
चुंबन,98
अवधबिहारी,187
धैर्यपूर्वक,25
सुलहनामे,195
हस्तान्तरित,11
शीतयुद्ध,185
शालाओं,192
इंडियामार्का,9
अस्पृश्यता,139
गुलदस्तों,158
बिनने,45
पक्षपाती,189
कर्तव्यपरायणता,141
वर्दमान,72
ब्रजभूमि,43
़जरूरत,199
वैज्ञानिकता,141
इसकेअलावा,199
ब्रह्मास्वरूप,88
सड़ा,45
मेहरदीन,42
झेलेंगे,104
क्षमताएं,17
आपूर्ती,107
गुरबत,156
अक्ष,180
छंटते,5
मैक्सिकन,73
अल्पकाल,130
कार्याकाल,125
यथास्थान,169
लालमणी,149
सर्वेयरों,143
सिखायी,37
दगने,168
निहालखेड़ा,152
तानेबाने,46
भावविह्वल,20
धमकते,53
हड़कम्प,116
सौंपती,135
अवलोकनार्थ,169
अवसंरचना,107
नुमाईश,156
दुर्गधयुक्त,97
दुरपयोग,21
श्रीक्षेत्र,43
कूटरचना,195
झप्पी,65
पोलियोमुक्त,199
अनुसांगिक,199
दुर्भाग्यजनक,189
तीरों,180
बटे,118
पदवार,76
विश्वराज,194
सताएगा,77
नीचली,180
अनिच्छा,74
अंगुल,180
पेटिकाएं,17
स्वर्गधाम,43
सांवरी,171
आदर्शाें,1
अभ्यथियों,147
संस्कारिक,1
खडं़जे,38
चिपचिपाहट,18
चौली,174
छटपटाता,154
घिसे,23
शुभलता,97
धानक्रय,199
अनुवादकों,36
अजमाया,129
फेंकेगी,77
सिखायेगी,77
नागमणी,55
ताम्रकार,12
खण्डहर,128
हिरणी,79
खड़हरा,194
जटाधर,34
प्राध्यापकगण,87
सुलझेगी,15
़खत्म,199
कचड़ों,46
डूबेगा,77
निषेद्य,194
बजाओ,28
बिरंगा,101
शीर,38
प्रचण्ड,55
शकरी,47
एकलपीठ,111
व्यख्यान,169
लौटायी,132
प्रवेशित,76
घोली,38
सुस्पष्ट,25
राजपुताना,6
सफाये,124
ढलता,112
परवाने,156
बैला,38
लड़ीं,162
भयग्रस्त,189
तड़पे,168
झल्ली,136
चक्रीय,180
प्रलोभनों,69
मंगलदीप,187
समीक्षकों,36
ट्रांजक्शन,9
छुड़ाओं,199
पूंछने,198
पीढ़ा,34
चहरे,193
नगाडे़,28
रणनीतियां,17
बंधते,46
प्लान्ट,9
नछत्र,34
गवांकर,142
प्रखडों,97
किलकारियों,154
चखाने,106
निर्धारक,57
झुठलाते,53
तराशकर,190
जलभर,24
पाठ्यपुस्तक,169
पढ़ायेंगे,104
दृष्टिहीनता,74
केकई,34
एजेण्ट,85
उफनते,161
लॉजों,47
पसलियों,56
चिड़ाव,137
उखाड़कर,121
ईसवी,137
अग्निरोधी,18
प्रान्तों,73
ठहरकर,163
सजते,65
इंजिनियर,85
रुख्सत,156
टिकटे,7
पेंशनें,138
कोठ,47
आयुर्वैदिक,159
उछालो,196
चौराहें,17
दंपत्ती,181
चौथियाना,152
इंटरलाक,175
इमामिया,42
तत्संबंधी,11
पढि़ए,37
आंकडा,118
देवसंस्कृति,194
बटोरना,117
महायोग,115
डिजाईन,75
चर्चायें,17
छिपता,40
नामंाकन,62
नरबलि,55
पौरूष,69
उपग्रहों,107
ऐलीवेटेड,97
हाइक,75
पोठा,47
कुरूप,189
प्रच्च्वलित,199
चढ़ाती,135
सीताहरण,55
बसाकर,71
सियासतदानों,29
नौलक्खा,182
चटकारे,106
आईजीएमसी,159
टटिया,182
दवी,168
करेंगीं,32
खड़ाऊं,168
भूधारी,149
भांजते,127
पकती,10
जीवनचर्या,120
कार्यवाहियों,137
हांकते,53
पावदान,131
अभयवीर,48
क्षमतावान,25
भैंसिया,182
झिलमिला,112
त्रिभवन,88
स्ववित्तपोषी,194
ठेकदारों,110
गरजेगा,77
जलराशि,161
तड़का,23
धड़,56
भींगकर,5
सांख्य,130
कांवड़ियां,17
क्रुरता,59
बताऊंगा,80
ब्रह्मावर्त,43
भाग्योदय,96
सुसंस्कार,1
फांकते,53
झुमते,65
नॉडल,47
जलपरी,171
टैक्सि,194
सरोगेट,102
जोड़ें,89
खिलती,158
बॉयकाट,21
मालों,95
जाएंगा,77
देवप्रिय,12
भागें,89
उठावें,89
पहुँचाया,129
साधवी,3
नायकी,173
गुणसागर,187
भर्री,182
माइनॉरिटी,9
केबिनमैन,41
उकसाकर,121
कंजूस,93
ओखली,127
कमाएंगे,104
कानक्लेव,30
वीटो,179
उषारानी,99
पटती,176
तरू,34
इच्छाधारी,55
ऐनवक्त,41
रखवाये,81
बीरण,47
तालिकाओं,180
भरपायी,132
हरिजनों,167
गणक,180
गड़ाई,168
तौली,155
नईसड़क,137
कुसंगति,69
वृत्तांत,169
जलचर,79
प्रदूषक,137
छिड़ने,162
टरकाऊ,21
बिसार,34
मर्मस्पर्शी,169
बताऊं,198
बड़प्पन,27
विमोचित,11
जयंत्री,68
टहलाया,129
खिड़कियां,128
सेवित,55
मनवाकर,121
बिखेरकर,164
परिवारियों,8
अन्तराष्ट्रीय,73
मुकरे,21
मचते,116
जम्मूवासियों,8
हत्यारी,59
सरहाल,38
जनबल,13
गंधा,158
बिगड़ेगी,14
पताके,131
सूर्यांश,187
एेसा,133
स्थानांतरणाधीन,199
सिंहराज,152
हुनरमंदों,8
ब्राहमणों,3
प्रलयकारी,84
जोड़ो,183
सज्जित,11
हेड़ी,145
सूक्ष्मजीव,18
सर्वसाधारण,25
रक्तबीज,55
बंटती,50
फुलझरी,168
सेवको,138
विभुति,34
महाविलय,13
सिखाएंगी,32
अतिपिछड़ा,167
तहत्,137
र्निविरोध,199
चौपाटी,184
उत्साहपूर्ण,25
कार्यक्रमाधिकारी,68
शैक्षिणक,192
प्रत्यनशील,97
मेजबानों,114
रईसजादों,66
मंज,38
बांधेगी,46
गिलाफ,155
रूढ़ी,160
दिखाईं,61
हारती,142
पालनी,2
वसीयतनामा,195
जिनकों,133
धज्जिायां,199
कहूंगी,80
भगोने,10
एक्सिडेंट,84
सकरात्मक,25
पनाहगार,178
संास,16
रोटियों,10
नयावास,152
जूठा,106
चाशनी,10
बिन्दुधाम,194
उतावली,20
भिड़कर,168
शवासन,96
छलकते,193
घिरकर,50
तहखाना,128
छींटाकसी,23
प्रवृतियों,120
विषयगत,169
महकती,158
पंचस्थानीय,33
स्थानाभाव,169
टोंटियों,109
थानातंर्गत,103
चुंकि,133
दुरुस्ती,21
इस्तकार,91
मीनारें,128
हलवाईयों,8
योगनगरी,43
बहुभाषीय,140
न्यायखंड,111
जलचरों,79
विषहर,55
गुड्डे,155
अनाथालयों,123
टेकेंगे,104
चिट्ठियों,195
पुष्पहार,105
लोकतन्त्र,13
मोमबत्तिया,44
सिपहसालारों,29
धंसते,100
उजड़ने,71
अपरिग्रह,130
उफनाकर,24
अधर्मी,69
भुगतते,21
बरसाये,153
त्रिफला,18
ब्रह्मशंकर,187
निखारते,164
चाभियां,17
सूता,168
कतरनी,180
चिलमिल,182
सरायवाला,152
डुप्लेक्स,75
श्राविकाएं,194
बजाईं,28
ग्रैंडस्लैम,114
गृहस्थियां,17
बेवश,168
ठुमका,65
तोड़ीं,168
बोलों,67
रंगकर,101
अर्धविक्षिप्त,189
चक्कियां,17
निजावत,152
बहादुरों,177
थकने,100
वामतट,174
महकी,158
शोकसंतप्त,123
क्रातिकारियों,8
आपरेशनों,36
डरपोक,93
कार्यदक्षता,107
मिटाएंगे,104
ढलानों,31
दबावों,120
पठनीय,169
चारकोल,18
अलाभकारी,107
पिछडे़पन,167
खोजो,83
मोहपाश,46
जयप्रताप,149
हस्तानांतरित,199
ब्रहमदत्त,187
दुबला,93
रचेगा,77
छठपूजा,86
पुलपर,16
जिराफ,79
चारागाहों,31
सताई,71
पांडवकालीन,43
रचाना,117
उपथित,47
सिनेमाहॉल,122
हासिये,167
बॉलीबॉल,114
फिरोजी,101
विक्षुब्धों,8
कबूतरबाजों,66
समरकैंप,152
दिवाने,65
तुरई,144
गुजारें,163
नुकीला,180
मित्रानंद,51
पदाधिकार,76
जुड़ते,53
समझाये,198
कुयें,168
विसात,29
ग्रन्थों,169
मॉलों,95
पुर्नस्थापित,11
खड़न्जा,137
सपुर्द,124
नोचे,168
दिलवाये,49
छोडऩे,179
झुर्रियां,193
भीगता,5
इनवेस्टर,9
सड़ने,45
अनिवासी,73
चुनता,4
संवारती,164
जोड़ीदार,180
हितैशी,13
लाभार्थीपरक,33
नलका,38
उठापठक,185
कांपियों,8
ध्वनियों,67
छायाचित्रों,169
चरना,79
अरोग्य,96
मेलमिलाप,1
बेचनेवालों,95
प्रधानाध्याक,103
खिसके,196
जानशीन,42
सीढ़ीनुमा,180
मिचलाना,166
स्टाफों,36
सतप्रीत,48
भक्तिधाम,43
साफियाबाद,97
भोगते,69
पतंगा,171
थेरेपिस्ट,159
हल्फनामा,195
आराेप,16
रेलसेवा,7
अनुदेशिकाओं,8
रोजमर्रे,120
भिण्डी,144
सनोखर,16
त्रिपिटक,169
घूसकर,16
पंहुचाया,129
राज्यकर्मचारी,68
यात्रीगण,7
उपप्रधानाचार्या,87
जिलाशासक,68
कुलों,6
झोंकना,117
लड़खड़ाकर,100
मतवालों,70
बिल्डिंगें,128
उगानी,60
वनवारी,187
रूचिकर,25
केन्द्राध्यक्ष,68
गुडा,145
भैसें,79
नहलाते,150
घटन,84
बैसाखियों,131
पथप्रकाश,187
चराई,60
अध्यापित,87
श्रीसनातन,187
परवानों,156
बंदियो,110
मनमानेपन,21
रेणूका,16
ब्राउजर,75
टिकते,49
चाटने,82
झूलना,65
रुठे,38
झंड,38
संकटमोचक,173
मंझधार,161
अर्थशास्त्रियों,36
शिवांशी,187
चर्तुभुज,43
वेश्या,171
हकदारी,0
संयत्रों,109
पूरबा,38
बिहान,38
करोगी,83
चिराई,155
जन्मदर,118
आरोग्यम,96
बिछड़ा,154
फना,156
मेहमानी,181
नीेचे,168
रामदासिया,152
मल्टीस्पेशलिटी,9
सलट,16
सद्व्यवहार,1
सुरंगें,175
तापों,18
पुण्यलाभ,115
पंद्रहवें,197
जूड़े,168
अभागी,102
प्रतियोगितायें,114
पैंतरेबाजी,13
प्रशोतम,187
तवज्जाो,199
कैसेटों,66
झुंझलाहट,74
लुभाना,117
रातदिन,71
मध्यस्थों,36
ब्रह्मज्ञानी,88
देहव्यापार,54
कुलदीपक,187
गूंजीं,67
प्रचारिका,88
चकजोगीवाला,152
पॉलीमर,18
अतिप्राचीन,165
दूसरो,69
न्यूरोलाजी,159
रामजन्मोत्सव,194
गहराना,117
महत्वों,199
गिऱफ्तारी,97
तीर्थपुरोहितों,8
जमीनदाता,97
शीट्स,155
छबिला,97
गत्तों,155
अंततोगत्वा,11
विश्वासघाती,93
रंगभरी,65
भूतहा,128
प्रकटीकरण,57
जिये,49
दौड़ें,100
छतिग्रस्त,189
जीवनधारा,1
अंधानुकरण,69
बीतती,163
सिसकियों,154
भर्तिया,138
जन्मसिद्ध,70
दुर्घटनाजनित,199
सुहागिनी,194
उबरना,90
बदलवाये,81
श्रद्धालुजनों,8
सादरी,152
गुरमुखी,92
सहजना,144
अभागा,40
दैनिकभोगी,199
शरियत,0
कलर्क,138
खांकरा,174
झल्लियां,17
ग्वाले,79
वृद्धियां,17
पत्तागोभी,144
टिकती,135
नृत्यालय,194
जवाहरात,190
संवरे,65
देशवीर,149
कुईयां,17
रूढि़वादिता,52
बालीबॉल,114
जलसंचयन,24
खुलवाएंगे,104
भृकुटि,193
करताल,28
नीरद,12
रूठा,156
लुक्स,75
खरीदवाने,81
संख्यकों,139
अचंभे,20
अकल्पनीय,189
जड़िया,182
नन्हों,102
फूलझड़ी,168
बुझाती,191
वरिष्ठजनों,8
बेमन,136
हाथपांव,41
उफनने,150
फटता,40
जीवन्त,165
जोता,60
अधिराज,6
साजों,66
श्यामचरण,149
मुखियापति,68
हांफता,100
मरम्म्त,76
तल्हा,42
नातों,46
स्वपनिल,12
गधेरों,24
प्रच्जवलित,97
बसेड़ा,145
कक्षायें,192
चेतावनियों,120
कहलवाने,82
दिवालियापन,189
दर्शनम,88
चढ़ाता,4
पॉलीटेक्निकल,9
खर्चकर,157
वक्तव्यों,169
विषाणुओं,18
चेतवानी,179
संवारेंगे,104
युद्धपोत,177
संच,16
कुहरे,5
डालूंगा,80
मंजरों,66
बदहजमी,166
चिड़चिड़ा,93
कृपाली,97
विकेन्द्रीकरण,107
मोटरसाईकल,78
टोप,146
गोमास,194
साढ़े,64
इंडोस्कोपी,183
परपंरा,137
न्यालय,111
तामशाबाद,97
खूफिया,54
गौशालाएं,17
परखते,53
वानस्पतिक,18
दुल्हनें,181
छपती,113
जीकर,163
नुमाइदों,29
उठवाए,81
आधीरात,38
बंधवाकर,81
दुबका,26
फंसीं,61
गड़गड़ाहट,97
रोगाणु,18
शरारतें,23
फंफूद,166
गोर,171
आनुषांगिक,125
बंट्टा,97
बौखलाया,136
एकरुपता,141
वाहनचालकों,110
सुक्कड़,97
जनतादल,13
अलूपुरा,145
संयुक्तरूप,194
प्रभादेवी,187
लड़ाए,168
यंत्रीकरण,107
प्रताड़ित,59
नगमों,67
उड़ेगा,7
भूंजा,10
अर्थव,130
सवैंया,97
तेन्दुआ,79
ससंदीय,62
फांकती,5
सर्वार्थ,115
शोधपत्रों,169
पौरी,16
पार्सलों,143
सुप्त,188
कहेगे,198
सुलखा,97
रेवड़ी,10
रतूड़ा,97
बंगभाषी,140
पोहा,10
परिया,182
दिखवाएंगे,104
टोकरियां,155
कुलसचिवों,8
सुर्खाब,156
हवाईपट्टी,7
संबंघ,76
बांसवा,194
प्रवाही,161
संकायाध्यक्षों,68
छहों,34
बजबजाने,199
मंगतू,16
रिश्वतखोरों,29
संवरता,164
वेदवान,88
उछली,196
गोटे,146
जन्मस्थल,165
महकने,158
विक्रताओं,8
उकसाते,53
तामसिक,69
बढाई,119
सत्रावसान,11
डरावने,189
सुधरना,14
प्रौद्यौगिकी,107
फलित,11
रुचियों,120
समाधन,15
हमदम,156
हिंदीभाषी,140
तबलावादक,85
गोदने,127
झझवा,47
प्रतिद्वन्द्वी,142
गवई,16
जगतगुरू,88
मृगांक,99
शहराध्यक्ष,68
महेंदी,38
स्वहित,1
सिकुड़,50
हरितक्रांति,1
दलबदलू,29
लोकपति,34
पुनर्निर्धारण,76
राष्ट्रसंघ,125
कबाड़िया,182
पुरोहिताभिषेक,115
लोकभाषा,140
आपपास,168
बुरादे,155
क्षेत्रपंचायत,103
समाता,40
हाेने,41
नवविवाहितों,181
तफरा,184
सृष्टिधर,187
एचओए,16
आरोग्यशाला,194
कहलाया,129
महिलाकर्मियों,110
सखाओं,34
लज्जित,20
प्रजापालन,1
मरनेवालों,84
हरमोनियम,28
पाण्डाल,22
गेदों,114
टेंपुओं,78
वीणावादिनी,173
राज्यमंत्रियों,8
भिगोने,150
लगाकार,199
धौस,47
बिगाड़ा,14
महाऋषि,88
ध्वंस,11
जवाबतलब,21
चरणो,130
नफासत,27
नांद,182
परखीं,61
खिलाये,106
चलवाते,53
पशमीना,146
आगुंतकों,36
संगीतज्ञों,36
कट्टरवाद,52
महाभोज,55
नहाएं,150
अस्पतालकर्मी,68
बिछौना,131
हर्षद,12
आधारों,120
राजदरबार,6
अधिपत्र,195
बंधवाया,81
मोर्चों,177
मक्खनी,10
पतीसा,38
भग्नावशेष,190
मोर्चेबंदी,124
सत्रारंभ,11
हैरानगी,21
माफीनामे,195
बिगाडऩे,14
मेहरवान,42
इनकाउंटर,178
अवनति,69
देररात्रि,194
सम्भावनाएं,17
धोबियों,66
आसामियों,66
लचीले,180
पकड़ते,53
रोजनामचे,195
टरकाता,81
गौमूत्र,18
तौलिये,150
एबीपी,113
गोसेवकों,110
संवादताता,199
मोमीना,42
त्रिसदस्यीय,125
झंडात्तोलन,194
धड़क,5
दोस्तियां,17
मायापति,55
महानुभाव,85
पेकिंग,75
बिठाएं,89
विराजेंगे,104
एसाइनमेंट,75
केबलें,66
घुप्प,112
भेड़िए,79
स्वर्गद्वार,43
शार्दुल,12
सुदृढीकरण,107
छूटेंगे,104
चीड़,94
थामना,117
नागरिको,73
सर्वोच्चता,141
रेलगाडि़यों,7
हाड़कंपाऊ,47
डांटे,136
गेंदें,114
जलनिकास,24
बोड़ी,47
मुड़वा,168
लेखवार,149
पौत्रों,176
त्रिकोणात्मक,180
रेस्तराओं,106
शहीदो,70
सुधरें,14
गौतमी,99
त्रियोगी,187
मखनी,10
नियमितता,141
आर्यो,55
पद्मेश,12
समाये,49
व्यायामशालाएं,17
फाईलों,195
गर्मागर्मी,185
सक्षमता,141
सुलक्खण,97
सामान्यता,57
मध्यान्तर,148
राजनीतिकों,29
विचारधीन,111
अंतर्निहित,57
चखाया,106
सिद्धहस्त,85
विकासकर्ताओं,36
चितविश्राम,199
स्मारकी,43
कनेडी,137
गुदड़ी,146
डासिंग,75
आर्दशों,1
तुड़वाई,168
डोंगी,161
मंडलाधीश,39
साधेंगे,104
नामपर,139
कविशर,137
जनचौपाल,103
झड़ना,150
बढ़ने,119
गदियाड़ा,149
लुटाई,157
चुटकलों,23
खालीपन,40
सुडौल,93
व्यंगात्मक,23
विषयवाद,199
गिड़गिड़ा,136
वरिष्ठं,68
पूड़ी,10
रहमती,42
मकौड़ा,168
धुंधले,101
ख्वातीन,42
संघर्षी,180
क्षार,18
मन्त्रालय,125
टपराना,97
करोड़ो,157
कंपकपा,108
लोटते,168
विधानपूर्वक,115
गिरानी,2
बुलाएगी,77
बारहवां,197
महार्षि,88
स्वांस,183
क्षुद्र,69
जबदस्ती,136
कुल्हाड़ियों,66
ठोंके,127
महानगरवासियों,8
मिलाये,49
मागेंगे,104
धरकार,182
सुखाई,150
गंडासा,127
उलझनें,15
मख्खन,10
संवदेक,199
हवनकुंड,44
उपसंचालक,39
किस्मती,156
प्राप्तकर्ता,180
दौड़ाता,100
कलाप्रेमी,85
डीपीएलआर,194
विशेषरूप,57
अवस्थाओं,120
लपकने,82
आदेशो,0
ग्रामस्तर,103
हैंडपंपो,109
मुहावरे,140
भ्रष्टतंत्र,29
सीखचों,170
टुकडि़यों,66
विकेंद्रीकृत,107
छांटे,49
ठकुराल,149
समलैंगिकों,102
जनशिकायतें,17
डाके,54
अधिसूचनाओं,76
साब्जियां,17
हीरोइनों,122
जंगबंदी,124
मिथला,149
रचायी,65
बैठूंगा,80
चखेंगे,104
शिशुभवन,97
जूझेंगे,104
आरूढ़,137
जैवविविधता,107
जगमति,16
कच्छी,146
राजकाज,6
दृढ़संकल्प,1
फिंकवाया,81
बौद्घ,3
शाबाश,198
पंडितवाड़ी,97
पदासीन,6
मुखड़ा,67
ब्याहता,181
दशम्,197
टिकीं,61
अनावासीय,33
अनियमिततायें,8
सरायों,66
माइड,137
धरतीपुत्रों,8
जमीदोज,71
भगोना,10
पापड़,10
चहुओर,34
चूकता,21
निभाये,49
जगतानंद,51
शहनाइयां,17
अक्षुण्य,165
मनोस्थिति,74
पिंडियों,8
सीमाद्वार,194
भुगतानों,58
गिरफ्तारिया,170
रखवाना,117
राजमंत्री,187
घिसने,82
छोड़ें,89
पर्वतराज,31
मोहतरमा,198
लफड़े,168
शतकों,165
उसपार,175
अवाज,38
स्वयंसेवको,1
पैंसिल,155
छींट,146
डकैतियों,41
धवाना,97
मनरूप,34
रौनकता,97
पोष्टिक,106
भूलेगा,77
मध्यमवर्ग,167
चनप्रीत,48
पंडे,3
बाथरूमों,66
वर्षी,137
स्वायतता,125
कामो,133
दीदीयों,66
फूटेगा,77
कब्जायी,199
लुक्का,171
मुद्दाविहीन,13
शीलता,141
सूझता,198
स्वागतगान,30
मनायेगा,151
मानवतावाद,52
सड़ी,45
दुतरफा,21
नेह,98
परवरदिगार,156
क्रियानुष्ठान,115
तरणी,34
खोटा,38
लड़ाकों,178
बुबाई,60
निष्कलंक,130
जमीदार,91
छात्राओें,147
देवस्थानम,43
आऊं,80
लाठीधारी,194
सोलहों,69
ठूसकर,168
मनहास,16
लगाऊंगा,80
ज्योतिर्मयी,99
भूमी,31
सोखना,150
ढैला,16
डाकखानों,143
विभत्स,59
सलाखें,131
तितलियां,17
उजली,112
ध्वजवाहक,13
बंगालियों,140
पार्षदो,62
गैरेजों,109
ब्रजभाषा,140
गलाघोटू,166
सहजयोग,88
बन्दर,79
नीमड़ी,47
पहूंचे,41
जमानतियों,8
गुप्तांगों,183
सुसंस्कारित,1
डिगने,21
छलकी,5
इंद्राणियों,8
निखरेगा,164
मतदाओं,62
पुकारी,61
पदाधिकारियोंको,8
बहलाना,117
बसाये,71
उभरना,50
शोधकार्य,169
सौभाग्यवश,133
अनुंसधान,107
मारनी,2
दुखेड़ी,97
संमेलन,30
सिकुड़ी,50
झींगुर,79
अवरोही,137
शतदल,34
लफड़ा,168
वाहकों,11
प्राउड,9
बर्फीला,31
बांटों,199
नापते,53
आईलैंड,75
सहायों,97
भौतिकतावादी,52
हिसंक,139
वसूलें,132
मशविरे,21
तैयारियाँ,30
अजवाइन,144
मुहावरा,140
रूलाया,129
थक्के,183
नहलाना,117
उथली,161
साधिकाओं,3
संस्कृतिकर्मी,85
भारवाहक,78
धर्मक्षेत्र,88
ख्वाहिशों,156
नगरनिकाय,125
राममगन,149
फूलचट्टी,72
बनाऐ,49
मसूड़े,166
डूबीं,5
टरबाइनों,109
परमात्मानंद,51
मायकेवाले,181
क्षेत्ररक्षक,114
पछाड़ा,142
दण्डनीय,0
मोड़ने,82
पिलाता,4
घुसेड़,168
छिड़,185
झल्लाहट,74
तरावट,108
करवाऊंगा,80
बहुती,137
मतगणनास्थल,194
धनुर्धर,55
गिरीशपति,97
चैकों,58
अंगरेज,6
स्वालंबन,1
संट्टेबाज,194
गुलाबधर,152
पर्यटकीय,43
सूचनात्मक,169
आंसूओं,193
रेड़ी,47
विरानगी,199
उथला,161
अध्यात्मवाद,52
अंधियारी,112
निकटम,73
निर्दोश,170
प्राथिमकी,97
द्विज,171
दोसा,10
दुव्यर्वहार,59
खजानों,66
नमीं,5
श्रीविग्रह,173
मुख्यातिथियों,8
स्वर्णाक्षरों,165
कोहरी,152
प्रतिभावानों,8
कब्जाना,199
निष्काषित,11
जमीदारों,91
धारित,11
अल्पवृष्टि,194
कादम्बरी,99
भूजलस्तर,194
लौटाये,132
जांचकर्ताओं,63
विरुद्ध्,199
बसाओ,83
पर्यटनस्थलों,8
तारामती,55
भंगा,34
शिलाओं,190
मांगेंगी,32
यत्नों,120
हरता,34
अविवेकपूर्ण,189
पहनाएंगे,104
नशें,193
लड़ाइयां,162
धतूर,34
अपकार,69
कलुषित,69
मिटाता,4
जिज्ञासुओं,3
बिगड़नी,14
धड़कनें,5
संख्यात्मक,57
फिसले,196
फहरेगा,77
चहकने,5
योगमय,34
भुलते,49
तेजपत्ता,144
परखेगी,77
पातालगंगा,43
आरण्य,173
हरिवाटिका,97
कावंरिया,182
कोशा,183
टैपों,127
लक्ष्मणाचार्य,187
पहंचे,174
डीआरटी,9
घटें,84
कार्यकर्तागण,68
महानन्द,51
अग्रहण,199
हमसभी,34
प्रतिकुल,25
अनाधिकार,0
ज्योतिषीय,96
संबंधो,57
सिद्धदाता,88
सैद्धान्तिक,57
पैथोलोजिस्ट,159
खपाते,53
घन्टे,148
खटकती,135
झिड़क,136
ऊंचाईयां,27
कुम्हारन,182
सन्देह,69
प्रेममूर्ति,194
वनराज,12
पंथियों,52
व्यायामशालाओं,66
बोधनी,86
फैलाएगा,77
नीमखेड़ा,174
थामते,56
मध्यस्तता,11
ज्वैलरों,143
ग्यारहवां,197
घेंघा,166
इन्द्रप्रस्थ,55
वायुमंडलीय,18
भेड़ियों,79
काड़ा,47
चुगने,79
इश्तकार,152
खड़गवंशी,152
मकड़ानी,97
बहाला,199
अन्तरराज्यीय,73
गुणवंती,99
फलन,180
हुड़दंगियों,41
सरलतम,57
छुड़ाओ,121
अदन,171
राष्ट्रभक्तों,70
त्यागें,89
घासें,94
सापेक्षिक,137
स्मरणिका,194
हसमुख,12
कार्यालयाध्यक्ष,68
अधमरी,154
ख्यालों,156
आकड़ों,63
टिमटिमाती,112
उत्पीडन,59
मिलेगें,104
चतुदर्शी,86
जोगनी,182
मंत्रो,96
भूगर्भशास्त्र,31
मनाईं,151
आँधी,153
अनादिकाल,165
प्रसवों,183
तपे,34
जीवत,34
जग्तेश्वर,194
बिपुल,34
बचेंगी,32
इटको,97
उखड़वाकर,81
धमकाए,136
उपनियमों,0
दुर्नीति,139
शैयद,47
शिखरों,31
विजयन,12
कलाप्रेमियों,36
आत्मशक्ति,130
आतुरता,141
फाड़ते,168
षड्यंत्रकारी,178
आढ़तिए,143
इंतियाज,42
खंडे,92
जैसों,29
ज्योतिप्रिय,194
पतीले,10
सिकाई,150
लेनेवाला,4
नौहाखानी,152
रिपूदमन,16
झाड़कर,168
इफ्तकार,97
क्षमायाचना,98
खातें,106
छंदों,169
कसबों,143
रौंगटे,26
दसवा,197
पगडंडियां,17
दोहने,82
तीर्थनाथ,187
गतिरोधक,23
साम्यवादी,13
बुलाएगा,77
सम्राज्य,6
निगाहबानी,41
पढा़ई,192
गोरखालीग,194
अस्त्रों,124
हीमोग्लोबीन,166
चीरघर,184
ब्राण्ड,95
सुस्ताते,26
रचाते,53
तनों,94
थैलेसिमिया,166
अधिवक्ताओ,111
नथनी,105
उजियारे,112
कोमलता,141
गुफाएं,31
घेरेगा,77
पत्थरबाज,178
भोजपूरी,140
हसना,156
उच्चन्यायालय,111
मुस्कराने,23
सुपुर्देखाक,199
घबराता,4
ढूंढ़कर,121
आशियानें,71
कंपकपाते,108
गोरियों,66
निसंकोच,198
इंफो,9
आदेशक,199
कठघरा,131
मारेगी,77
बुढापा,166
निर्वासन,11
दानपात्रों,66
चपलता,141
अग्रगामी,107
पंचक्रांति,194
छतरियां,17
कॉफ्रेंस,9
भिजवाते,81
खात,38
पालिकाएं,125
रोड़े,175
पाउंगा,80
रामपरीक्षण,199
कार्या,33
बहकी,5
गधों,79
तोंद,193
विद्यादान,88
छुई,38
निर्जलीकरण,166
अल्पसंख्य,167
घुलता,40
चालीसवें,197
छड़ें,168
नीजि,58
मेहबूब,42
श्रमिको,91
इम्तेहान,156
दालचीनी,144
बिखेरेगा,164
तुम्ही,83
खटकता,40
जुवान,38
तपाया,191
गिनवाई,61
वर्धित,11
सड़ाना,168
पिलायें,150
लहरायेगा,77
पलटती,135
झारखंडवासियों,8
स्वर्णपदक,114
मामुली,38
सीटियों,28
चित्रांशों,194
ढ़ाल,180
प्रेमादेवी,187
बहुता,137
राजकला,194
संस्थायें,125
सांठगाठ,54
चरमोत्कर्ष,165
तनमन,34
ध्यानाकर्षित,11
उपस्थितों,30
दिंसबर,172
तिजोरियां,17
मुकाबलें,114
एसोसिऐशन,9
आत्मसंतुष्टि,141
उखाड़ते,168
जाड़ों,108
पलड़ा,142
सुप्रिय,12
हरिपदो,187
अनुशीलन,165
श्यामभक्त,187
एजेंसियो,125
पाचक,18
प्रध्यापक,87
ब्रह्माी,194
वनरक्षकों,110
निकम्मेपन,29
घुटकर,154
जेबतराश,41
ताण्डव,55
भेटें,43
ऑपरेशनों,124
तीतरी,152
अण्डे,79
रेजिडेट,194
लड़नी,2
लड़ो,162
रूपकुंड,31
मुंहासे,166
़कानून,199
नंगलाताशी,145
ऩकद,144
प्रसूती,183
बर्षा,153
भेजिए,89
ख्वाहिशमंद,27
स्वधर्म,130
सूर्यमणी,187
रिजेक्शन,75
रईसों,6
भूनी,10
पिसवाने,82
चीरफाड़,168
उपशास्त्रीय,67
लिखत,195
रुसवाई,156
रुपन,16
मड़ना,137
पावक,34
दूधला,174
गुम्मट,182
अथाई,47
जुड़ेगा,77
जोगन,38
वनमहोत्सव,30
उठायेगा,77
पुत्रबधू,176
चाहिंए,90
सामंतवाद,6
सभाकुंवर,187
प्रतिष्ठापन,107
भरवाईं,174
रत्ति,182
राजपत्र,76
ससंद,13
तड़पते,154
पैमाइस,91
मुर्दाघर,171
अलविदाई,137
अर्थोपार्जन,1
लक्कड़,182
अभियोगों,111
चाटुकारिता,29
अनुभवहीनता,74
जुझारूपन,141
सिलेण्डरों,143
ब्यानबाजी,199
बहुकोणीय,180
खननकारी,199
आरोग्यता,115
गर्भित,169
शुक्राणु,183
सूर्यमोहन,187
अर्धकुंभ,86
चौहत्तर,64
जुटाती,135
दिव्याशी,194
धूंध,5
सर्वेक्षक,85
सेंकना,117
खिसककर,196
पिद्दी,79
सताइस,34
सेवईयों,10
बाटेंगे,104
मिनाज,99
समाओं,8
सहाय्य,76
अष्टकोणीय,128
व्यवस्थापिका,125
अहितकर,189
टटोलना,117
भागीदारों,36
अखबारी,113
हेडकास्टेबल,9
जंगा,16
कारर्वाई,111
छुटा,168
पंचपाल,16
प्रतीक्षालयों,7
गौधन,174
उपमहामंत्री,68
वहशीपन,59
खीचने,82
व्यक्तियो,36
बैखौफ,168
दिखवाता,4
आनंदस्वरूप,130
ब्रजरानी,187
बैलपड़ाव,97
समरूपता,141
हसरतों,156
निस्तरण,199
सम्बन्धों,137
पूंजीनिवेश,58
पिचक,196
कपंनियों,143
रुमाली,10
डालों,94
छांटा,195
गुहारे,199
अल्ट्रासोनोग्राफी,183
दपंती,16
सहभागियों,36
शफाकत,42
स्वयंशासित,199
विभूती,88
लोकजनशक्ति,13
राजदूतों,36
नाचेगी,65
छात्रवृत्तियों,192
एकलगान,152
अकुलाहट,74
टमाटरों,144
अपार्टमेंट्स,128
रस्मअदायगी,199
मार्र्गो,97
विविधा,169
महकेगा,158
जयमाता,173
थकी,160
पहुंचो,77
पीड़,168
पेरशानी,199
सुकुमारी,99
समन्यवयक,33
फावड़े,127
छबीलों,8
पल्टा,182
खिलाएगी,77
समुन्नत,165
प्रदर्शकों,36
पर्दाफास,54
टोलकर्मी,41
मानूपुर,145
तुड़वाया,81
कंकालों,190
बिसरात,72
निबटेगी,77
छठव्रत,194
सिय,34
धृति,34
झूमेंगे,104
असहजता,74
कन्याभ्रूण,194
अतिपिछड़े,167
सन्तुलन,107
ठगकर,157
भाग्यवान,93
तारपीन,18
लाचारों,123
अंसतोष,139
छुड़वा,121
गृहस्थों,3
दस्तरख्वान,106
घुड़सवारी,114
देवबन,174
वॉलेंटियर्स,9
ठोंककर,127
रूपांतरित,11
टलती,21
आलमवाला,152
तरंगे,180
सुरक्षाधिकारी,39
जपना,83
रसमय,98
ब्याजमुक्त,58
हूर,156
वेदमित्र,88
वीरबाला,99
नूराकुश्ती,29
सतारूढ़,142
आत्मबोध,130
रक्तसंग्रह,194
विफरे,47
रसगुल्लों,10
आर्यमन,187
कमाडिंग,9
खौला,150
तर्कशास्त्र,169
पलास्टर,137
पायेंगी,32
सुझाते,53
मनोनुकूल,25
अखियां,17
सरेसर,109
वोटरो,62
दुग्धशाला,194
चमचमा,112
परमपुरवा,145
अफरीन,42
मतविभाजन,13
संरपच,16
राजनन्दन,187
नियाबत,42
आतक,47
कमांडोज,177
रुकवाए,81
दीक्षान्त,30
नहलाएं,150
टुन्न,186
पाथे,38
मरवाया,129
बाशिन्दों,71
ब्रह्मोत्सव,86
आक्रोष,139
आवै,38
छिड़कें,150
द्वारपहरी,97
नौकायान,114
पूती,168
मकौड़े,168
शकलदेव,97
राहू,96
गोलाबारूद,177
डॉक,75
निबटना,15
ऐंठी,5
झडों,137
पोछे,150
बुद्धो,88
जुटेंगी,32
कटाए,168
खिंचवाया,129
निरापद,25
पकड़वाने,82
भटकाना,117
बहकाया,129
मगजमारी,21
धांसू,23
विषेशज्ञ,159
कबूलने,170
छींटें,150
अटपटे,23
कैरियरों,36
खंभो,128
छत्तों,79
बुनते,131
रिझाते,65
शरारतों,23
सरनी,16
हुकमनामा,97
मंत्रीपद,35
मुशायरों,30
इन्सानियत,156
गुरुकुलों,192
टोकरियों,66
सीखती,135
होंठों,193
बदलवाई,81
चूहन,137
डरो,83
पिएंगे,186
शिकोह,6
मुक्कों,127
चंदनवन,149
इंग्लिस,9
लोकगाथा,140
अनुयाई,52
मेहरौली,145
सिखायेंगे,104
देवज्योति,12
सहेगा,77
हठयोग,96
सजेंगी,32
संदेहात्मक,189
भराना,152
ठेकाकर्मी,68
बूझा,38
ब्रोंकाइटिस,166
अल्हड़,65
पक्षियां,79
स़फर,47
देखों,198
टोलकर्मियों,110
बंदरो,79
कामचोरी,29
चढाया,129
सभागृह,30
जडे़,168
स्नानगृह,128
हस्तान्तरण,11
सरनेम,171
अपयश,69
लोकआस्था,199
मेहसाणा,72
जिताएंगे,104
खोजेंगे,104
निनाद,67
ट्राय,75
छुटकी,38
दिवारों,128
सिधेश्वर,187
गेंडा,79
सेठों,29
भगवानों,3
फेकना,117
नर्तकों,36
आसक्त,69
संस्करणों,169
बड़ीबाग,97
धातुकर्म,190
चौदहवां,197
खडंजे,24
प्रभावपूर्ण,25
रियलटी,122
पिचौलिया,152
पशुचर,174
धनपती,97
उत्तराचंल,72
अफलातून,12
सताये,71
पार्ककर्मियों,8
चुनावकर्मी,68
सिसकते,154
अंगूठों,56
अधिकमास,86
संतरों,144
संयंत्रकर्मी,68
प्रमियों,8
तपोनिष्ठ,88
जांचनी,63
विरला,25
खिदमात,156
उतराती,161
समल,16
लोकजीत,137
सहेजते,165
पवनदेव,55
राहदारी,161
शान्तिपूर्वक,25
पार्षदगण,68
तलवे,56
टहलें,89
जलरक्षकों,110
रोड़ेबाजी,41
रोडे़,71
रहिये,89
ललायित,20
मापदण्ड,0
जनप्रतिनिधियो,103
संघर्षात्मक,199
मुखियागण,68
तोडफोड़,47
कांकड़,38
क्षीरसागर,55
दधिचि,34
चहका,38
करारनामा,58
रिस्तेदार,176
लडकियां,102
सर्वाग,130
याज्ञनिक,12
बाक,38
प्रवृत्तियां,17
तटीयकरण,199
गैंस,44
अग्निसार,194
तांगों,78
आलाअधिकारियों,110
बचाओगे,83
एटॉमिक,9
सदोष,69
कॉम्पलैक्स,9
अयोग्यता,141
रुचिर,34
परिचारकों,36
निबटे,15
सूमों,78
साझेदारों,36
पिसते,71
जनशिक्षण,192
गड़बड़िया,199
कृषिकरण,60
आवेग,180
प्यूरिफायर,9
रागिनियों,67
निवार्चित,199
अंतराज्यीय,73
ठुकराकर,179
अगाथा,99
क्रीड़ाध्यक्ष,68
चमकाते,53
तड़पना,168
तहसीलकर्मियों,110
पगड़ियां,17
संबोंधित,30
झुलसती,191
खटखटाकर,26
पुण्यों,130
सम्भवत,133
धौलिया,152
मदीहा,42
लक्षमी,173
रास्तें,175
बैंती,145
नुक्स,21
प्लेग,166
ध्वजों,70
निबंधों,169
स्वायत,125
क्रांतिवीरों,70
मनवाना,117
आफीसरों,39
आयोजनकर्ताओं,30
जनस्वास्थ,33
तड़पता,154
थोपते,21
रूमानी,189
वास्तुशास्त्र,96
उपमण्डलाधीश,39
भक्तियोग,130
जांचीं,63
हड़तालों,143
दलपतियों,8
निकम्मा,93
पहुचाएंगे,104
उपभोक्तावादी,167
रूखैयार,199
सायरी,152
पतलू,38
रुपों,165
वायदाखिलाफी,179
अंचलकर्मियों,8
शतवार्षिकी,151
कॉकरोच,79
अकालग्रस्त,199
रूहानियत,156
ज्योतिर्लिगों,43
खटकाना,117
ब्रह्मशक्ति,173
वाइब्रेशन,75
तिथी,76
ठसक,27
अनुपाल,76
कानोंकान,136
झांकती,26
जायदादों,91
नाचा,65
तूफानों,161
यादकर,154
मैमो,75
धांधलियां,17
क्षमादान,179
तेजोमयानंद,51
दुग,174
पंचतंत्र,169
पि्रंटर,137
बहुस्तरीय,107
महकेगी,158
सोहरत,27
ब्लॉकस्तरीय,97
महाकुम्भ,137
दृष्टिदोष,137
बारहवी,197
रजवाड़ों,6
स्वर्णदीप,199
चेकपोस्टों,8
कूड़ों,66
सूचिका,194
जाऐ,133
बख्तरबंद,177
निगलते,106
रगड़कर,168
बेलों,94
महातिम,149
चेली,38
फोटोशूट,75
कूढ़े,45
अदाएं,65
सम्प्रेक्षण,194
पुर्नमतगणना,194
रेलखंडों,175
बैरेकेटिंग,9
मिता,99
दोहराता,4
नगदीकरण,138
महारत्न,137
आयेजन,30
खांडसारी,182
नातियों,176
एमएलएम,9
करुणामूलक,194
शोभनीय,25
ऐंठता,168
छींटदार,146
हुक्मनामा,92
तुड़वा,81
अधवार,97
अपवंचित,199
चंद्रचूड,187
कराउंगा,80
फ्लोराइडयुक्त,18
फंसें,15
आर्यमान,12
फाड़े,131
महाप्रलय,55
समाजकल्याण,1
हिस्सो,73
सन्यासियों,3
पीलरों,36
बिछुए,105
स्विफट,75
डाईऑक्साइड,18
ईश्वरचन्द्र,187
रहेंगा,89
चिंकारा,79
सद्भावपूर्ण,1
गलता,40
कार्यविधि,107
कॉस्मेटिक्स,18
तिरपालें,8
पिण्डी,43
रोड़ों,168
संवारेगा,77
मध्यस्था,125
गुदे,150
महासंघों,125
गुस्साकर,136
बिताता,163
ढालकर,155
अंधेरिया,152
अतिमहत्वाकांक्षी,93
मड़हों,137
छुटने,82
आनंदलोक,122
उर्वरकता,60
खम्बे,128
पार्काें,143
सशुल्क,75
फब्तियों,23
सैनिको,177
बैण्डबाजों,66
ग्रामांचलों,103
जमादारों,110
जिह्वा,180
बदलेंगी,32
भुमिका,122
भेंड़,168
मांजा,155
दुल्हनियां,122
सद्ज्ञान,130
ऋणधारक,58
ऐलिवेटेड,175
खिलाएगा,77
डूबेगी,77
प्रियता,141
अजगरों,79
चुनावकर्मियों,110
मुजरा,65
योजनास्थल,97
होरियारों,8
उठवाना,81
एकाकीपन,74
रुहेलखण्ड,72
सुप्रीति,187
डलवाये,81
साम्रगी,76
मुंहबोले,176
अजन्मा,130
लालबत्तियों,66
अमृतानंद,51
उर्वराशक्ति,60
कपालभांति,194
कवक,18
क्षेत्रीयता,52
हंगामों,185
इहलोक,130
विकर,75
बकने,136
जकड़,121
सुविधाविहीन,199
फहराये,70
कष्टमय,163
क्षतिगस्त,199
धातुएं,18
फैंके,121
अतिसंवदेनशील,194
पुरवारी,182
गड़वाने,82
चलूंगा,80
फेंकेंगे,104
बेरों,106
अण्डा,79
गैरशिक्षक,87
पूजनोपरांत,115
ढ़ांचा,107
खंडविकास,33
लोकसंस्कृति,165
कलाबाजियां,17
ज्ञानकुंज,88
गुप्तचरों,124
उदबोधन,30
हास्यापद,23
अहिरन,145
मुक्तों,92
फिसलती,196
पकड़वाए,137
अल्टीमेट,75
़िजन्दगी,97
अच्छाईयों,120
पछाड़,142
ठण्डी,108
ठोककर,127
व्लाक,103
रामसेतु,55
ध्वाल,152
लगवायें,81
सिंचन,60
बाइलॉज,16
पद्घति,1
पारंपारिक,140
टटोलेंगे,104
व्हाट्सऐप,75
अयोध्यावासियों,55
एकलौती,176
सूचनार्थ,76
नैपकीन,45
मुर्ग,79
किडनैपिंग,170
उनतीस,64
वाक्ये,23
प्रतिव्यक्ति,118
जुनूनी,93
परिरक्षण,18
अनमोलदीप,97
हिंदुस्तानियों,70
खुलाया,129
नहाई,5
दर्मियान,156
पिरोना,117
जूतियां,146
साम्राज्ञी,6
प्रेसों,113
बदाम,144
कुंभकारों,8
सिंवई,10
फले,94
मडै़या,152
पुस्तकाध्यक्ष,68
संयमी,93
येाजनाओं,33
बाड़,128
मंत्रित्व,125
निर्वाणोत्सव,86
देखूं,198
धुलियान,184
छिने,71
खुलनेवाली,199
कोड़ियों,66
हुअा,40
भट्टोवाला,152
बुझते,191
पौधें,94
बड़बोले,29
खड़ापत्थर,97
महाप्राण,140
मजहबों,52
निष्ठुर,93
फन्दे,131
तैसा,171
तमीज,136
रूठकर,38
चमकेंगी,32
झुलसता,191
खुबसूरती,27
मुद्रणालय,113
लहराये,70
रखवाएं,81
ईसामसीह,130
अधिनायक,70
हेपेटाइटस,137
वारों,96
भम्रण,34
बेसब्र,20
पेचीदगियों,15
छींटों,150
रूपांतर,169
तपता,108
खंडो,169
विकासोन्मुख,1
रुढि़वादी,52
फेफडे़,183
पंरपरागत,167
तीर्थोद्धार,194
असमां,42
बख्शेगी,21
दृश्यम,122
घुड़साल,168
गढ़ों,6
रनधीर,16
जुता,60
कृतिवास,194
ब्लैडर,183
भूविसर्जन,199
धोई,150
बैठायी,61
विधायको,62
पिण्डदान,115
कुमति,34
खननकर्ताओं,143
चाटुकारों,29
कटवाये,81
घिग्घी,46
थिरकना,65
ख्वाहिशें,156
आंधियों,153
लड़ाइयों,162
मानवजाति,130
तराशना,117
खाइए,144
महानगरपालिका,125
मुख्यतार,199
अतिवादी,52
कनिष्ट,138
मछलीपालन,107
एमटैक,16
अटैचियां,17
नावघाट,72
सरकती,5
शंखध्वनि,67
कार्याशाला,30
पारलौकिक,130
मचाएगा,116
भेड़ों,79
नेति,130
रेडियस,180
दन्त,183
महिमामंडित,59
सुमंगलम,12
संदूकों,155
मुलाकातें,17
भटकाया,129
नवदंपतियों,8
गत्,172
सूचारू,33
सानु,38
मुस्तकबिल,156
मछुवारों,161
उदयमान,34
आडम्बर,69
ताजिएदारों,110
चमत्कृत,20
हथियारो,177
आलेखों,169
ब्रजयात्रा,194
पूर्णरुपेण,1
मैन्यूफैक्चर्स,9
भुपेश,16
ताईक्वांडों,8
आनुपातिक,137
खपाए,157
मतवाली,65
मोजूद,137
मंगवायी,81
पारिस्थितिकीय,107
किरायानामा,195
आत्मविभोर,20
प्रत्यर्पित,111
गुरुत्वाकर्षण,180
प्लेनेटोरियम,9
नहाता,4
परिक्षेत्रीय,199
जिप्सियों,137
जमाती,135
छिल,168
नितियों,120
लम्बोदर,55
प्रशसकों,199
निरूपण,57
जोड़ती,135
काऊंटर,195
शब्दबाण,23
बलाय,38
पिघलाकर,121
पूर्वसंध्या,151
पुलिसवाला,41
ठिठका,26
झटककर,100
प्लाटर,75
विकाउ,199
भावानंद,51
गुदर,97
कम्यूनिष्ट,13
बनिए,171
बीतेगा,163
कणकण,137
खटोली,182
ढोकला,10
नवोन्मेषी,107
मट्ठी,10
भूकंपीय,107
पताकों,66
चाटा,168
कांग्रसियों,110
बिखेरेगी,164
छोड़ूंगा,80
महोदया,35
अथर्ववेद,55
लोकशिक्षा,1
अशिष्ट,59
असफर,16
उघोग,107
झरोखा,128
उच्चाधिकारियो,39
गोधूलि,112
फफूंडा,97
चौडे़,94
इशानी,99
संस्थापन,107
बहानों,120
सूंघकर,150
सात्विकता,141
आशक्ति,130
सड़ते,168
मुकरते,179
पिटवाने,82
निर्धारकों,36
घपलेबाजों,110
असंबद्ध,189
साक्षत्कार,30
श्रमाधीक्षक,68
शियाओं,52
शटलरों,114
रिक्तता,74
मुरझाये,158
मकाम,27
बछड़ों,79
प्रियजन,98
सर्वदमन,12
धड़ाम,196
अंतरविद्यालय,192
चिह्नीत,199
बुलवाए,81
भांजों,176
थमीं,5
सिद्देश्वर,187
इंतकालों,137
तीखापन,23
कीजिएगा,89
नेवले,79
प्रतिभानंद,51
दण्डाधिकारियों,39
झरझरी,168
प्रत्याहार,96
जनप्रतिनिधिगण,35
उदंडता,59
जेर,38
बंदरिया,171
दुबरा,38
महजबीं,42
लालवास,16
दायित्वबोध,1
प्रथमदृष्ट्या,54
अग्निरोधक,18
दुल्हैंडी,194
पन्त,12
बामनिया,152
बिदाई,181
जनसंर्पक,13
सामूदायिक,33
गौरान्वित,98
आशावान,93
गतिसीमा,118
वक्र,180
राष्ट्राध्यक्ष,35
करायेंगी,32
डूबेंगे,104
हरते,34
सींचकर,60
सुधारो,14
बहलाया,129
फूलते,94
देखनेवाला,4
जोशीली,27
पद्धतियां,17
भिनभिना,168
जोई,38
वेंटिलेशन,75
विरोधाभाषी,57
आशिकों,156
निकलनेवाले,101
विलुप्तप्राय,165
नाचता,65
हौसलाआफजाई,27
झाऊ,94
खिंचवाते,53
डलवायी,81
कुर्बानिया,70
पुतलियों,193
वद्धि,118
राष्ट्राध्यक्षों,125
मनभरी,16
बिखेरना,164
ट्यूबवैलों,109
ऐथलेटिक्स,114
महिना,172
छाला,193
भूमियों,91
प्रवीणता,141
चंद्रकेतु,187
खिलेंगे,158
टोपा,168
अमीष,12
भटकें,89
विक्षिप्तों,189
माध्याह्न,194
टपके,5
औधे,47
मुल्जिमानों,8
इसाइयों,52
पुरुषार्था,194
झाड़ना,168
सीका,38
रूमाना,42
अट्ठाइस,64
अठखेलियों,65
गवाहियां,17
भुनाना,117
पीठाध्यक्ष,68
चकल्लस,23
जनन,183
पूर्णेन्द्र,187
दंबगई,41
खभों,47
सम्पोषित,199
मृदभांड,190
तन्त्र,107
जुल्मी,156
पट्टेधारकों,8
भौचक्क,20
ग्रामसेवक,103
वसुन्धरा,98
उन्नतीस,140
गलेगी,77
हर्षधर,97
शलभासन,96
फूलबंगला,194
विहर्ष,34
युति,96
सतकर्म,130
गल्तियां,17
विशिष्टजन,199
आनंदम,1
दर्खास्त,179
संस्कृतियां,17
कुबूली,170
गुण्डों,29
किनकी,160
पारख,12
भेदिया,54
विष्ठ,187
आर्कषक,190
चटपटी,23
श्यामपट,101
नोंचा,168
शरणदाताओं,8
स्टैण्डों,8
प्रतिद्धंदी,9
बनानेवाली,160
नवशक्ति,173
हिंदुजा,73
स्नानों,8
बन्धन,46
अर्धशतकीय,114
कर्मदीप,187
बदमिजाजी,136
भांगड़े,97
कतराई,152
खोयी,160
भभूती,34
परावर्तन,57
स्वीकृतियों,76
शलजम,144
रुद्रनगर,194
रचेंगे,104
भुट्टे,144
कमाख्या,173
उबरकर,142
आंगबाड़ी,97
गुलगुले,10
जिस्पा,7
नवपत्रिका,115
लुंजपुंज,21
परिवादियों,110
सहशिक्षा,192
परिजात,55
लचका,61
बरातें,17
रटे,168
संगोष्ठि,30
कुंदो,182
कथाचार्य,88
लकड़हारे,55
फरियादों,66
गुस्सैल,93
गवाए,67
काँग्रेस,13
महिम,12
उछालते,53
बातिल,156
लोटने,82
अचंभा,20
धर्मरक्षा,52
लगवाएगी,77
किशलय,34
घड़िया,182
जगाएगा,77
महामहोत्सव,30
रेखांकन,169
दबिशों,143
स्नानघाटों,8
संभावनायें,17
सूजल,47
चौकता,47
अजीर,16
दर्प,69
अनदाना,97
धटना,84
भगवद्गीता,88
लोकोत्सव,86
रेंगे,104
सुविधाशुल्क,199
गाढ़,131
पुर्नमूल्यांकन,199
दहाड़,154
जटायू,55
क्रिक्रेट,114
कार्रवाइयां,17
अमृतमय,130
टकराये,196
दूग्ध,137
प्रज्ञापुराण,194
नक्सा,72
लक्ष्यपूर्ति,199
भेलपुरी,10
बाउड़ी,174
मुकद्दमों,111
पितृों,115
प्रेतों,130
राखाल,187
मृत्युभोज,181
उठेंगी,32
उखड़ी,61
उन्हीें,137
उफनकर,168
संयोजिकाओं,8
पंचायते,103
बखेड़ा,185
भोगवादी,69
बुद्धप्रिय,194
गुणनिधि,173
पुनर्बहाली,199
लचीली,160
अतिथी,30
खिचवाने,82
कार्ययोजनाएं,17
जादूगरों,36
अधिकारो,0
पकोड़े,10
स्तंभकार,85
सेवता,145
बंजारेवाला,152
सोंठ,144
बिल्लियों,79
पकाएं,10
लकड़हारों,66
अड्डें,7
प्रदेशी,152
ऱफ्तार,78
शताब्दियों,165
सिंघु,43
हरियाचक,97
सोचनी,2
निर्भयता,1
दानकर्ता,183
वाकपटुता,141
कड़वाहट,74
मचाएगी,116
वृहत्तर,165
फरेबी,156
भूतप्रेत,96
रंगभेद,139
सुहागरात,181
छेने,10
झड़पें,185
फकत,156
प्रदक्षिणा,115
भ्रमों,120
लुढ़कता,196
अलबेली,65
मुस्कुराए,20
जनपक्षीय,13
एकडला,137
जीजू,198
जिजीविषा,141
निम्नवर्गीय,167
साहूकारी,91
उपजाउ,60
नूडल,10
बारातें,17
पढ़वाया,37
अनुभूतियों,141
परिग्रह,130
अड्डेबाजी,199
अतिक,42
सेहतमंत्री,97
चाहूं,90
बिठाये,26
प्रकाशपर्व,86
माड़,168
युवानीति,194
मिट्ठु,99
कक्षपालों,8
चतुर्भूज,194
ध्यानाभ्यास,130
रंजो,156
कड़बी,47
दरबा,182
दीनता,69
मशालें,191
कंप्यूटराइजड,199
सूक्ष्मजीवों,18
चिन्गारी,191
समरूप,180
स्वर्गलोक,55
खोएं,89
समाशोधन,58
पाणिग्रहण,115
मतदातओं,62
शयनकक्ष,128
कलाईयों,56
अपभ्रंश,140
कुरकुरा,10
ढोलकी,28
इनायती,42
फुलों,158
फिरदौश,38
जेबकटी,41
शिक्षितों,123
वनफल,97
दिलायेगी,77
शुरूकिया,199
कूड़ाघर,45
साड़िया,146
बदचलन,93
पुर्णिया,72
मलयाली,140
छक्कड़,97
हर्जा,132
आकाशगंगा,137
झाकने,168
अटैचियों,66
सहयात्रियों,7
लातों,127
आदर्शदीप,152
तिलंगा,174
पिटती,136
बंधता,46
प्रत्युश,12
तोडऩे,21
तरुवर,34
ट्रांसर्फामर,9
सीएससीए,9
बुद्घ,55
यज्ञदेव,187
बरताव,21
दिखलाने,126
चिल्लाहट,74
झांकें,26
कनिष्ठा,56
खुशाली,12
गारी,38
चुनिन्दा,169
स्वछंद,189
रक्षापंक्ति,142
प्रतिष्ठापरक,1
नहरिया,145
दोलन,180
टेगौर,88
सांढ,79
धनात्मक,180
छलकता,40
हिताधिकारियों,110
मुर्ख,93
यंत्री,39
दुत्कारा,136
हाईजीन,45
बेमकसद,156
चुनीं,61
जोरू,38
बुद्धिजीवि,29
शबदों,140
मधुमंगल,187
पटरानी,55
हरिप्रताप,187
अर्हताएं,76
झोलियां,17
संबधों,57
खिदमतगार,156
पुस्ताकलय,43
नियंत्रणाधीन,125
कांफ्रेंसिग,75
वेल्डन,180
नियमसंगत,199
लोकसंगीत,67
हिमखंडों,161
राष्ट्रदीप,187
वेदांताचार्य,88
लश्करे,178
प्रखरता,141
अंकेक्षकों,8
मुकदमो,111
वॉलीवाल,152
दीपाकर,97
दहकती,191
मृत्युन्जय,187
चट्टों,66
कपकपी,5
उबाऊ,189
अभिजय,97
ढूढ़े,53
विस्मय,20
इत्यादी,107
जैकेट्स,146
स्वघोषणा,199
समयसारणी,76
सबे,38
प्रभुजी,34
प्रकारों,57
मित्रमंडल,194
भगाएंगे,104
चोटिलों,8
खुराकी,118
छेड़छाड,59
अभियांत्रिक,107
केशों,101
परिपालन,76
संविवि,8
अजन्मी,102
गुजारता,163
संगमरमरी,128
दामो,95
सप्तरंग,194
व्यावहारिकता,141
मढ़कर,21
बांधनी,2
दिलाऊंगा,80
पिछड़ना,167
फौलाद,180
दावतें,106
निखारती,164
बायोटेक्नालॉजी,9
सर्राफे,184
देवगुण,12
नमांकन,76
रिसौरा,174
स्वेच्छाचारिता,69
नकारना,90
बद्धता,141
ब्रह्मऋषि,88
जाहीर,38
दहाड़ने,82
समानातर,180
फोड़े,166
लुटाते,53
टेड़ा,168
लेनेवाली,160
दीप्तिमान,112
चापा,16
लेखापालों,8
बादर,34
ओद्योगिक,107
घुंघट,105
शिवालक,43
भैंरो,16
सर्वाेपरि,194
जफरयाब,42
दानपत्र,195
प्रंबध,107
सुलक्षण,99
रिक्शेवाले,78
मूलाधार,130
वरिय,16
अनुपातिक,118
भाग्यविधाता,130
आखिरकर,21
गैसे,44
पतजंलि,16
ट्रासपोर्टिग,9
महापालिका,125
पुडि़या,182
गृहिणियां,17
आसुओं,193
महाअधिवेशन,30
दर्दभरी,154
अभयनंदन,149
अव्यक्त,130
ठगना,117
थ्रैशर,9
विद्याभवन,88
समावेशित,57
बिछुड़ी,154
जुड़ें,89
सिंघारा,182
सृजनशील,85
चारपाइयां,17
संसोधित,76
दफ्तार,199
नजरअंदाजी,199
बोलवाला,152
ग्रामींणों,103
कमलेंदु,149
पीतवस्त्रधारी,55
गुंजाईश,21
मेलाध्यक्ष,68
रेंगना,79
भयजदा,97
कर्यालय,125
राजावास,97
अप्रशिक्षितों,8
रंजीश,42
शिक्षालय,192
जीवनदर्शन,1
हर्षवंती,187
जलसमाधि,161
नमाजों,156
दमनवीर,97
वन्दे,70
फूं,168
टेंक,109
जनसुरक्षा,0
परिपेक्ष,165
परम्परानुसार,6
चुपकी,48
कटानी,182
आनंददायी,25
उर्दु,140
रसदार,106
दंगलों,114
चित्ररेखा,194
कलाधाम,43
बॉयोमैट्रिक,199
सुधराना,97
निभायेगा,77
जाइएगा,89
लड़ाएगी,77
क्रैशर,9
जोते,60
मुशर्रत,42
पंक्तिया,37
त्रिभुज,180
मूछों,193
रामव्रत,97
सन्तुष्ट,20
झंडिया,182
हमवतन,142
होटलकर्मी,68
हालही,133
विशेषज्ञा,159
उम्रभर,156
पंद्रहवीं,197
चुड़िया,182
खुराकें,166
सुपरमैन,122
सिंघासन,6
रामथली,97
घुसेगा,77
बरहाल,133
परीक्षाकेंद्र,147
राजमंदिर,152
सरहदें,156
अस्वीकृति,179
आनंददायक,25
शिष्याओं,3
बैंके,58
बिंब,180
मचानी,116
घुमड़ने,5
छापना,113
ग्रामसमाज,103
अनन्तराम,187
परांठे,10
नायलॉन,155
पुरूषार्थ,130
योगध्यान,88
शांतमयी,1
नगीने,105
जालियांवाला,92
विल्व,55
मृत्य,84
दिखवाने,82
उठाइए,89
सदृश्य,180
बहुफसली,60
अंबेडकरवादी,13
ज्ञानवीर,187
गरजती,5
खौलती,5
अनुसंधानकों,199
मौसमों,180
नवकुमार,149
पसारती,50
राजारानी,173
दुहराने,126
जागीरदार,6
संदर्भों,169
मुनीमों,8
रामगया,182
रुकनी,90
परम्पराएं,17
पुत्रवती,173
तोड़मरोड़,21
जाओं,83
गुण्डाराज,29
जलप्लावन,84
रेजिमेंटल,177
न्यायापालिका,125
खुशमन,38
निखारता,164
गोपूजन,115
सुनिश्चितता,141
याशमीन,16
भुरभुरी,60
अमरता,130
निखारकर,164
गुरूगोष्ठी,97
ढकेलों,8
उखड़ा,40
बायोलाजिकल,9
संप्रदायिकता,139
मुट्ठीभर,133
बदजुबानी,136
दानसहाय,152
गुरुमुखी,92
कलिका,94
अड़चनों,120
समृद्धिशाली,25
तकादे,157
हॉर्टीकल्चर,9
चिह्निंत,199
बिलबिलाने,82
खरोचें,50
दौड़ों,168
आमवाला,152
घुटता,154
मुनीराज,187
स्वार्थपूर्ति,69
भिड़ा,121
कपड़ो,146
वेदपाठ,115
उपजाया,60
दमाद,38
तहरीरें,37
सप्तसरोवर,194
आसामाजिक,199
जमाएंगे,104
सृंजय,149
सुविधादाताओं,33
फार्मूलों,120
मनिष,12
अद्यतीकरण,199
सियाड़ी,38
लीलने,5
लाइसेंसशुदा,75
बेहाली,156
हताहतों,84
प्रेरणात्मक,137
आईकॉन,75
स्लैबों,109
रिश्तेदारियां,17
महायोगी,88
पंचरत्न,43
दुखाना,117
सांईं,22
मनगढ़त,54
फंसेगी,77
बहुधा,133
फेकनी,168
भावनामृत,194
करकी,38
पैमानों,180
पादपों,18
अधिस्थापन,76
फूंकेगा,77
महके,158
परिणित,11
जंजीरें,46
संगतें,92
प्रवाहमान,161
ब्राम्हणों,167
पाण्डुलिपि,169
परनायक,12
दोस्तो,198
रिलीवर,9
राजपाठ,6
संग्राहलय,190
हंसवाहिनी,173
उखाड़ा,121
कीलों,127
सुता,34
निहारता,26
अष्ठमी,86
सुनेहरा,152
कमीं,74
जयजीत,137
मवींकला,16
स्वल्पाहार,30
ग्रामसभाएं,103
हादसें,84
उपमडंल,97
पराभव,55
कैंचियों,66
दुबले,93
अखंडपाठ,22
समाधियों,190
एनजेएसी,111
राजकिरण,187
दोहराएगी,77
लूटीं,61
साड़े,16
खडिया,182
उबलने,150
गढ्डायुक्त,194
पतौड़ा,42
चापलूस,29
झुंझुनू,72
विद्याकर,88
कपूत,38
शराबों,186
आंगनों,128
लड़वाया,129
मैनहॉल,97
प्रविधि,107
गणनायक,173
खरीदेंगी,32
अंतर्विरोध,13
पाठ्यपुस्तकों,169
पुरातत्वविदों,190
श्रदालुओं,22
रौणकी,47
लड़ाके,178
पूर्णचन्द्र,187
सुननेवाला,4
दलो,13
तदन्तर,115
कृष्णपद,187
घड़ा,155
पैत्रक,176
मौद्रिक,58
तिकोने,180
जलबेड़ा,97
गुजरनेवाले,175
उपसंस्थान,33
सेमीफाईनल,114
बहुरूपिया,122
ज्ञानियों,3
धूपवाला,152
नीलगिरि,137
वायसराय,137
जिस्मानी,156
अधिवर्षता,199
भेदकर,121
षडयंत्रकारी,54
शकी,16
झलके,193
हटूंगा,80
बड़का,38
विद्यादायिनी,173
भेड़िये,79
नियमपूर्वक,115
कुसैला,145
उपक्षेत्रीय,73
एकाग्रचित्त,130
गार्डरों,8
सुरक्षागार्डो,8
सूचनापट,76
आकाक्षाओं,120
अनजानी,160
सासों,5
संभवता,133
भवनेश,16
पेंटल,12
दियाली,199
छोडि़ए,198
कास्टेबलों,8
आनुवंशिक,18
मैपल,94
ग्र्रामीण,33
गैलनों,18
कम्पीटिशन,75
बचके,83
पिलर्स,9
कारणो,133
भीं,38
अजन्मे,102
संगीतबद्ध,67
खुदने,24
अंधों,123
विपक्षीगणों,8
लड़ाएंगे,104
छात्राए,147
एआइएफएफ,9
उगलेगी,77
होनें,126
समधिन,38
फिरकर,26
जंची,136
कुंवरजी,12
दिलसुख,184
झेंप,136
झनकार,28
अशिक्षितों,123
हाईलाइट,75
घुड़सवार,177
स्त्रीरोग,159
लिफ्टों,66
छाएगी,77
कालीपट्टी,182
उड़ेल,121
चिंत,34
जारगण,47
तड़ातड़,168
निर्बलों,123
पसारता,50
पदक्षेप,11
सनुज,137
सोनपापड़ी,152
आलुओं,155
चढऩे,196
सिगार,186
गैरजमानतीय,170
बढ़वाए,119
साडि़यां,17
सहायत,76
फिरेंगे,104
तर्कशक्ति,141
मुस्तकिल,42
़कानूनी,199
इंद्रिय,130
भापकर,121
बेवकूफी,21
परियोजनाकर्मी,68
परपंरागत,137
जगमगाए,112
रंगोलियों,66
मनोविज्ञानी,85
अटकलबाजी,185
अरूणाय,187
अधिष्ठानों,8
गड्डियों,155
टायलट,45
निकम्मे,29
कलशधारी,55
महासंगम,30
नैनन,34
विश्लेषणात्मक,169
पशुबाड़ा,97
बड़की,38
सांगीतिक,67
छियासी,64
कबाड़खाने,37
विभाजनकारी,139
आर्कीटेक्ट,9
भौंरो,158
ठहराती,135
अधिमास,86
गिराता,4
सहता,40
सन्तान,102
क्षणभंगुर,189
मोनाली,99
पिटवाकर,81
झोंको,5
लगतीं,135
दस्तानों,101
बहनो,176
कागा,38
सड़ना,168
निकौनी,47
अंतरराज्जीय,175
सुर्यदेव,187
अंर्तजनपदीय,194
ढलाव,24
रूपसा,16
लोकाचार,141
शिकारगाह,6
भिक्षुणी,88
खुर्दी,152
नवविवाहिताएं,181
पिण्ड,180
फेंको,83
भड़वाल,34
वात्स्यायन,88
छपना,113
निस्तेज,189
उड़ते,53
इतंजाम,41
करुणामयी,98
अकाट्य,63
हिचकती,135
पोषणीय,107
रासना,182
पूर्वाह्व,97
चूकती,135
बच्चादानी,183
पहचानकर्ता,75
रसोईये,106
भुलैया,122
दूधमुंहे,102
छिटकने,50
तंत्रमंत्र,194
टाटपट्टी,182
घबराती,135
घूरने,26
झाक,16
दलदला,24
पनपेगा,50
लोकधारा,194
संक्रमक,166
सौपेंगी,32
महरूफ,42
लेनदारों,58
उमड़ती,22
चेंकिंग,9
कटि,56
तारने,130
मोगे,16
सुलझाएगी,15
हज़ार,64
वित्तपोषण,107
काव्यांजलि,99
चूंकी,133
वीरचक्र,55
सर्वमंगल,173
थपथपाकर,56
अड़चनें,17
गवाना,117
पकड़ाये,129
बतियाने,26
मानकविहीन,199
बैंड्स,75
विस्मित,20
सत्ताईस,64
गिनायी,199
खदेड़कर,121
छुट्टे,157
नागाबाबा,43
पैकेज्ड,9
रामअधीन,149
लौटाएगा,77
सरकंडों,66
डीओपीटी,138
दिलायेगा,77
दूधमुंही,102
पिताओं,102
पिलाओ,186
कावरियां,17
कुप,16
गोष्ठि,30
जनप्रतिधियों,8
टीकाकारण,137
नहाये,150
निंबू,144
ओेर,47
कुकुरमुत्तों,94
प्रार्थिनी,181
लेटते,131
रंगते,101
वाशिन्दों,66
झिलमिलाती,112
संबन्धी,57
लक्षकार,43
टोटकों,96
गद्दियों,66
चिरकाल,165
क्रूरतापूर्वक,59
धिकारी,68
यमलोक,55
रामबरण,149
कात्यायिनी,173
बीतेगी,77
वसायुक्त,106
शागिर्दो,8
पढ़ायी,192
भुगतें,21
द्रविड,140
पर्यवेक्षकीय,138
पूँछ,79
कूलों,5
ढूढ़ते,53
प्रकाशमणि,88
संवरती,164
सडे़,168
स्पाइसजेट,7
मतगणनाकर्मियों,110
खिलानी,2
जानिये,198
छिंदो,16
अनसुईया,137
सूफियों,3
छुहारा,144
कामरूप,72
अगूंठी,105
जाओगी,83
सदंर्भ,57
अंचलवासियों,110
स्वस्तिक,96
क्रोएशिया,73
अनुबंधों,58
अन्दाजा,63
आश्वान,199
चुनो,83
दबोचना,41
पकौड़ी,10
फुव्वारा,128
़फ़र्जी,97
तड़पती,154
अंतरकलह,185
छात्रहितों,147
नसीबा,156
बर्षो,64
सलवाड़ा,194
कूदता,196
गर्भकाल,183
यतिंद्र,48
माहर,16
माध्यामिक,192
नक्षत्रपाल,194
घुमाएं,89
उखड़वाने,82
विशेषण,180
अमूक,168
गुनगुनाए,67
महाश्य,55
निर्भिकता,199
पढ़ें,89
कराऊंगी,80
करमाकर,99
मुहतोड़,136
छप्पड़,128
निखरा,164
खंडाधार,97
काव्यात्मक,169
ऊबड़खाबड़,168
घुलती,5
प्रोन्नतियों,138
अनुबन्ध,0
संदर्भन,199
पोटलिया,182
अभिरंजन,12
कुआंवाला,97
छिटका,5
बुंदी,6
मिष्टान,10
बहारों,156
अनुसमर्थन,0
हमलोगो,133
जर्जरावस्था,199
घूमाने,82
अतिसंवेदन,194
अंतरमहाविद्यालयी,192
यादगारे,42
सकेंगें,104
मरी़जों,137
प्रांजुल,97
पूंछताछ,199
घडि़याल,137
क्रंाति,1
कंधो,56
प्रधानाध्यपकों,8
अव्यस्क,194
आढ़तियो,143
हर्षाली,99
सतीत्व,69
लताड़ा,136
लघुउत्तरीय,73
मनोरंजनकर,199
चौखड़िया,97
कालिमा,112
कटवाएं,81
अाज,38
जलाईं,61
बांधेंगी,32
शैलानी,31
लोकोक्ति,140
लताओं,94
सुगमतापूर्वक,25
परिसम्पत्तियों,58
सन्तों,3
ढूंढे़,199
लाड़ला,152
धनवेश,137
व्यायामों,120
सुशिष्या,88
चलवाता,127
शहनाइयों,66
फाड़ना,168
प्रयोजनों,57
पानेवालों,137
काननूगो,34
असपताल,184
उजड़ता,71
हस्तरेखा,96
सिसकने,154
सहप्रमुख,199
शुभकानाएं,151
रंगारग,30
गिनना,117
खिलखिलाती,135
शुकून,163
भंगडा,38
बिगाड़ते,14
फरोशों,156
नौै,47
नामात्र,199
दामादों,176
चिड़ा,168
देशप्रेमी,70
बढ़ावा,1
भड़कता,136
पटकी,127
लडे़गा,162
पिछड़ने,142
भाते,65
मागदर्शन,199
मंत्रिमण्डल,125
गरदन,56
बरगलाते,53
समरेखण,101
धर्माें,52
फँस,121
जननेता,13
चिन्हिकरण,199
चूकें,21
सर्वकालिक,85
रमते,34
पाइए,89
तालाबो,24
निजाकत,42
टप्पे,67
गुबंद,128
खटकी,37
कानूनविद,85
शिष्टता,141
महापूजा,86
विश्वकांत,187
संभालो,83
बहारा,156
पदधारक,35
आंचलों,73
जीवनदाता,130
मुरझाई,158
परीक्षाफार्म,147
खर्राटा,183
अध्याशी,68
कस्बाइयों,8
कोटशिला,182
भेजूंगा,80
मर्रोली,145
रिति,140
संचारक,85
औधोगिक,107
गलाया,129
चमड़ी,101
छायावाद,169
प्रबोधनी,86
असमान्य,189
तरकारी,10
नगरध्यक्ष,68
मुख्या,57
हजामत,137
अपशिष्टों,18
उपने,137
कॉप,75
गणितज्ञों,36
चखते,106
छिनकी,38
जांघिया,146
गुत्थियां,15
घोलते,150
फूटबाल,114
वेतनक्रम,138
जद्दोजेहद,126
प्रतिरूपण,107
प्रक्षेपित,11
चटाते,53
डराती,135
परिमार्जन,169
बीकर,155
मंगलावार,152
उपचारधीन,159
जबानी,37
ठुमकों,65
झगड़ना,162
अस्वीकार्य,189
सुलझते,15
परियोजनाकर्मियों,110
शार्गिदों,3
कानूनविद्,85
बिगाड़ी,14
ब्राचों,8
उपक्रीड़ाधिकारी,68
ऑफरों,75
चुंदरी,38
भाभियों,176
भौचक्का,20
रूखे,101
व्याधियां,166
किश्तियों,66
ज्वालादेवी,173
दुष्प्रेरण,59
व्यव्स्था,107
व्हाटसअप,75
झड़पों,185
पक्तियां,37
गुजारकर,163
हादसो,84
छोड़नी,2
इच्छुकों,199
किन्हें,133
लुभाता,65
सुधारवादी,52
फुलझड़ियों,66
तिगुनी,118
कॉपिया,195
असम्भव,90
गवांने,142
गुरुसेवक,187
डगमगाई,196
हंड़ताल,199
बेस्वाद,106
ऊर्जीकरण,199
आयुद्ध,137
उपकार्यालय,199
सुपरस्पेशियलिटी,159
घंटाभर,184
मकड़जाल,15
हठवादिता,69
रीढ,56
बादशाहों,6
न्यायहित,111
टरबाइनें,109
रंगवा,101
जोंक,79
पिस्टलें,194
मेरु,55
बलधर,137
परिणिता,122
देवग्राम,194
त्रिशक्ति,173
सदाव्रत,115
लघुकथा,169
रुकमनी,38
गिराएं,89
ठहराये,49
तकलीफदेह,189
जलपोत,190
भौड़े,75
परिचर्या,159
पहुंचेगें,104
चिकुनगुनिया,166
बसेगा,77
शोधपरक,169
स्टोप,75
संलेख,76
एकताबद्ध,13
क्लाइमेक्स,122
जीवनवृत,169
समस्याए,74
पकाये,10
कार्यक्षेत्रों,107
जलेंगी,32
छाएगा,77
दों,38
पहुॅचे,72
पृष्टभूमि,122
सौवें,197
प्रथमिकी,194
मनाइए,151
सूर्यकला,194
हटवाएगा,77
स्वावलम्बन,1
झिलमिलाते,112
भौंहे,193
लहरावन,97
महारूद्राभिषेक,115
बाढ़,84
मंडराना,50
हड़काना,117
सींचते,60
मानभत्ता,97
भूलों,120
खुशियाल,152
महँगाई,118
सौमेंद्र,149
प्लावित,161
प्रशिक्षणोपरांत,199
समालोचना,169
अंजानी,156
ज्यादतर,133
अच्छाइयां,17
सुकर्म,130
शांतिवन,43
लेबी,9
बगुले,79
टंकार,67
कंपास,75
दंगाईयों,178
गुस्सायी,41
नाट्यकला,122
श्रीराधे,173
शांतिपाठ,115
निरूपित,57
खादें,60
बेईमानों,29
फुलगोभी,144
पर्यटननगरी,97
तिरपन,64
ज्यामिति,180
जलेबियों,10
जजबा,38
धर्मपरिवर्तन,139
स्तरहीन,189
महासर,173
फूहड़पन,23
त्रिदीप,187
घेरती,135
उजड़ना,71
चहचहाट,5
तानाशाहीपूर्ण,59
अधिपति,6
प्रचवन,97
सुधरेंगी,32
मुट्ठियां,17
बीआई,9
अपंगों,123
फसाने,54
खिलकर,158
खिताबों,114
भावार्थ,55
सजाओं,170
रुलाना,117
दरख्तों,94
ठेलेवालों,66
खटखटाएगा,77
हाथोहाथ,195
नफरतों,156
होम्योपेथिक,159
छुआछुत,139
सदगुण,130
सींखचों,170
सम्भालने,126
लठमार,65
बसंतकालीन,199
रमणीयता,141
बैरीकेड्स,66
बांधो,46
गेहूंं,97
घड़े,155
जनश्रुतियों,55
महाभंडारा,97
दीने,156
गुजरातियों,140
बासमति,144
परिवर्तक,180
उद्घाटनों,199
पैतरे,162
सड़े,45
हाजमा,14
फहराएगा,77
ठूठ,94
त्रुटिवश,76
गद्दीस्थल,43
मनवाएंगे,104
बरखास्त,179
कुर्तियां,17
गीते,12
हिमांक,18
मध्यवर्ग,167
चिकित्सों,159
घूमंतू,79
संवर्गों,138
पैदावर,60
जनस्वाभिमान,1
छुड़वाना,117
फांदने,100
प्रार्थनाओं,130
जबड़ों,168
दरका,168
संतजनों,3
देवासुर,55
उत्तराखंडियों,97
उच्चारित,140
भिड़ने,185
प्रबंधको,36
देहान्त,176
कृपासिंधु,34
मंगाता,81
इमर्जेंसी,75
शस्त्रधारक,194
दौड़ाई,26
फिल्हाल,133
स्मगलर,54
नांमाकन,21
चलतीं,135
झाड़ों,168
धाराप्रवाह,140
पालकियों,66
यहूदियों,52
अमृति,187
आवंटनों,143
गडबडी,74
गाड़े,49
चुराती,135
प्राप्तकर,130
भैंसो,79
मुआशरा,156
लौहगढ़,48
भट्ठेदारों,8
नोटिफाई,76
तटवासी,152
नामिक,76
कुल्चे,10
सहयेागी,16
फटिक,16
दिखाऊंगा,80
सुन्दरकांड,115
चढ़ानी,2
रुखसती,156
आक्रमणकारियों,124
पाबन्दी,0
आकारों,180
कबसे,198
बदनीयत,21
हृदयस्पर्शी,98
महामस्तकाभिषेक,115
हेडकांस्टेबिल,41
ईष्टदेव,173
अबे,198
गरमागरमी,97
जनान्दोलन,13
झनझनाहट,193
बलिष्ठ,93
अपेक्षानुरूप,199
आत्मविश्वासी,93
उथले,161
नित्यप्रति,115
उदयाचल,34
ठेकेदारो,91
भष्म,34
पिछड़ावर्ग,167
वाकीटाकी,97
थायरॉयड,183
जगाएगी,77
गाड़ने,82
बेराजगार,91
बाछें,158
बनवाती,135
विशोक,86
दुबकी,26
निठल्ले,29
संग्राहकों,36
शक्तिवर्धक,18
राजस्मिता,97
समयांतराल,180
लड़ीवार,97
डींगे,136
छड़ियों,66
ढोता,40
नापना,117
सड़ाध,168
नव्य,140
कुरूतियों,52
हबीव,47
बैठक्,199
जलमहल,128
आख्यानों,169
हिमराज,187
खाद्यानों,60
शिक्षाप्रेरकों,8
छाएंगे,104
सुचारिता,199
प्राधिकारण,125
बिखरेगा,77
शिवेन्दु,187
तीर्थस्थली,43
जकड़ने,82
निश्चयी,93
नवचेतन,194
अमूर्त,57
बघेरी,174
अन्जान,156
कर्मकांडों,52
गोटें,182
स्वयंसेविकाएं,17
चिपचिपा,101
गतदिवस,151
विजयप्रताप,187
मुखड़े,67
संचालिकाओं,87
वाणियों,3
हर्गिज,21
कार्यनीति,107
स्वीकारना,90
लैक्चरार,9
सुलझती,15
अफसोसनाक,21
नेफ्रोलॉजिस्ट,159
स्वाब,199
मोडा,38
नवविकसित,33
उत्सुकतावश,20
दफ्ती,155
झाडियों,94
प्रथाओं,120
सोभ,47
जनवाणी,113
नाचो,65
फ्लोरिकल्चर,9
उपजाए,60
कान्स्टेबल,9
बन्दरों,79
वासुकि,55
थिरका,65
चुकाएं,132
अर्कवंशी,55
परीक्षार्थियो,147
एकात्मता,1
लेखांकन,107
आशुभाषण,30
इसकों,133
छिटकी,5
फलदाई,96
घुमाती,135
उपेक्षितों,123
उपभोक्तावाद,69
अभिक,12
टिककर,26
जोखिमपूर्ण,25
भगाता,4
डायटिशियन,9
विजातीय,18
यतिन्द्र,187
तरकस,55
बोटी,127
शीतावकाश,148
वक्ष,56
होर्डिंगों,66
कार्याकर्ताओं,8
चुकते,21
औषधिया,18
झोपड़े,128
पकेगा,77
शायं,148
शेयरधारकों,36
सुंघाया,150
कालापन,101
गूढ़ा,152
घटेंगे,104
चलनेवाला,180
वकालतन,199
कपटी,69
असमायोजित,76
शिवबारात,194
उड़ेलने,82
फांदते,100
मुक्तिदाता,130
शैलकुमारी,99
सिमन,16
जमाएं,58
ढकेला,121
प्राधिकारियों,125
आख्यान,169
फूलवरिया,145
अन्तर्जनपदीय,194
काढ़े,150
झंडेवाली,173
ग्राउन्ड,9
प्रत्यक्षीकरण,11
समार्हता,97
लूटो,83
लकड़कट्टों,66
स्वर्णनगरी,43
सुयोग,98
सीपीवीएफ,9
विश्वजित,187
चिंतामुक्त,25
गिनाना,90
कस्तूरीरंगन,12
छुपते,26
संग्रहकर्ताओं,36
नटवरलालों,8
जनविश्वास,1
वहशियाना,59
विसंक्रमित,150
समाधिस्थल,43
साक्षात्,130
रहट,24
बढ़वाई,119
परांठा,10
छिड़कने,150
बनोगी,83
दिलवाएगी,77
पिय,34
टेडीबियर,97
अग्नेयास्त्र,18
किसानसभा,68
गड़बड़ा,14
जगतजननी,173
नौसैनिकों,177
आजीव,34
नृपति,34
उदारतापूर्वक,179
कार्यालयीन,76
पुनर्रीक्षण,199
सौमिक,12
विदेशमंत्री,35
खटखट,26
दिलवाएगा,77
अष्टजाम,194
कर्षण,180
माइक्रोबायोलोजी,9
गुंजता,67
जूठी,10
नवगीत,169
बघाट,16
छेड़े,49
खिसकाने,82
गड़गड़ाहट,5
घडे़,38
संलेखना,115
मचाएं,116
बुजूर्गो,102
लेनदार,58
खग्रास,55
सटाते,56
तैयारियो,30
अगुवायी,199
मरोड़,46
पंसा,137
काश्यप,12
घुंघरुओं,67
आनंदकर,34
टहलती,5
तर्कहीन,189
दुष्कृत्य,59
गंवाये,142
मंजा,38
विरुध,139
कश्मीरियत,178
महकते,158
तंदुरूस्त,183
झगड़,185
दर्शकदीर्घा,122
पछतावे,74
महत्तवपूर्ण,25
लगानेवालों,21
क्षेत्रीयजन,199
मखना,38
रूपयें,157
सलोने,65
भक्तिमयी,173
नवजागृति,1
पढ़ाएगी,77
उबड़,24
बिच्छु,79
उन्मुखी,107
सूर्याेदय,115
सरंक्षित,165
संर्वधन,107
गोपुत्र,194
पुर्ननिरीक्षण,199
पड़कर,69
खदेड़ती,71
कार्मस,9
करछम,174
संध्याएं,17
महरून,168
संचारित,11
लोहरी,151
धनुषपूजा,97
झपटते,100
झुर्रियों,193
नगौला,174
बजबजाता,45
धंसकर,196
बड़हर,47
खुशनूर,42
खानाबदोशों,66
पूंछतांछ,41
चौमुखापुल,184
चुम्बकीय,180
चंगे,49
गवार,136
परखनली,183
अभिमंत्रित,115
कपडों,146
छीटे,150
दशरथी,187
पोछ,168
वस्त्रदान,115
शिलान्यासों,199
अन्जाम,156
खद्यान्न,194
संर्कीण,168
सूंघते,53
हलाहल,186
स्थागित,11
मूत्रालयों,8
बढ़ती,119
आरामशीनों,8
कनकभवन,16
घोंघी,42
जि़लाधिकारी,39
उनसठ,64
भावभिनी,98
खुदायी,190
सियारों,79
व्यवसासियों,8
मुताविक,63
महन्थ,34
विधायकजी,68
महासत्संग,194
मानकार,85
रुचिपूर्ण,25
गिनाएं,37
उत्पन,74
खारीज,111
दोगड़ी,97
सिस्टमेटिक,9
चिड़ियाघरों,79
दुर्दांत,178
फरमाइशी,67
मदहोशी,65
निणार्यक,139
शिक्षकविहीन,192
संकेतिक,57
घुमाए,131
रजिस्ट्रारों,8
छूटीं,61
आचलिक,73
खंभें,128
गृहराज्यमंत्री,35
अशुद्धता,18
अमलादही,97
झंझावत,84
सभापतियों,68
श्रेणीबद्ध,76
विरोधों,120
धर्मकांटों,8
दुर्भावनापूर्ण,189
चयनिका,99
बिहारवासी,73
पढ़ायें,89
आपुर्ति,18
अग्निहोत्र,115
एकतारा,28
अध्येता,85
यादाश्त,74
मंगवाये,81
बतला,198
पढ़त,37
ढोये,168
खिलजी,6
कू्ररता,59
किशोरिया,102
अटकल,63
अपहृताओं,8
महानिर्वाण,88
पैखाना,168
जलपात्र,115
कठिया,91
शिष्यता,88
मुडेरा,145
महादीप,73
सद्विचारों,1
अफसरो,29
पुरुषवादी,59
शिकायतो,111
विषाद,74
ठिठुरता,108
गिड़गिड़ाती,154
हृदयस्थल,31
भभूति,173
चमकाई,131
सटते,168
व्यपारी,95
भूवैज्ञानिक,107
ब्रजप्रांत,8
दंतेवाड़ा,178
अपराह्व,97
जाउंगी,80
अभिप्रेरित,25
सयाने,93
उपाध्याक्ष,194
कबीलों,167
संगोष्ठियां,30
भुनाते,53
छोड़ता,4
उन्तीस,64
कर्मचारीपुत्रों,8
घुमक्कड़,93
टिमटिमा,112
बहुसंख्य,167
अबाधित,25
करकमलों,98
टहलाते,53
ट्यूबबेल,109
रूपहले,101
लाचारगी,74
विशिष्टताओं,120
बढ़ार,119
जागें,188
जताएं,179
टाइटेनियम,18
करतूतें,29
शाकम्भरी,173
शराबमुक्त,199
चिंतामन,173
टनाटन,38
राजधानीवासी,199
दुर्लभतम,189
दिव्यकांत,187
नितान्त,189
जनदबाव,21
बरसाता,153
दुहने,180
पिघले,161
डला,155
अरून,47
क्षमतावृद्धि,199
सेकेंडों,75
कुतंल,47
स्वेच्छिक,138
बुजर्गो,102
फ्लाईट,7
न्यूतनम,199
झिझकते,20
प्रावैधिक,76
निरामय,1
विद्यापरिषद,194
मैंनेजर,9
उपप्रेक्षक,68
उपडाकघरों,8
उतावलापन,21
स्वशासी,125
अम्बवानी,187
अफवाहे,185
सुमेरु,55
सभायें,30
संवेदनशून्य,199
बलप्रयोग,139
फुहारे,150
फरोशी,156
गिरायी,61
जितवाने,142
प्रदर्शनकारियो,110
मधुरम,34
सुशान्त,187
हाँ,198
घरौंदों,66
चौरहा,47
पंचांगों,96
पकोड़ी,10
प्रेममय,98
फसलोत्पादन,60
फूलपत्ती,182
विकटों,142
साँस,183
उपजाते,60
भूमिदान,91
विश्वविधालय,192
सलहज,176
सुनवाया,67
जोतते,60
पतांजलि,137
कीटपालन,199
पिल्ला,79
उपस्थिती,57
औपचारिकतायें,76
पुर्नस्थापन,11
सुखाग्रस्त,199
फलते,94
कथकली,137
खलियानों,60
कराटा,114
कान्ही,182
रुपैया,157
भिक्षुकों,3
पिने,186
चढ़ें,89
गुरुभक्ति,88
पकते,10
डटने,56
नर्तकियां,122
ओढ़ना,117
रेशेदार,18
बनाऊंगी,80
पोह,168
पिंजौरा,97
पदग्रहण,179
कोर्रो,152
पुरखे,165
सजीवता,141
तुलादान,115
पीकदान,168
पण्डालों,66
विभाज्य,180
सौहार्दपूर्वक,1
हड़बड़ाकर,100
सिरत,16
दम्पतियों,181
सहस,34
सिधारे,34
घिरीं,61
एमडीएफ,9
जोतना,60
हटो,83
राशनकार्डों,143
प्रियानंद,51
निखारे,164
नातेदार,176
थानास्तर,103
गिनाएंगे,104
दालमोठ,10
धारियां,101
पूछिये,198
नामांकरण,55
तमाशाई,156
चिन्ह्,76
मिष्ठी,99
पुनर्भरण,107
मिलाओ,83
रोपणी,60
नासपाती,144
नबंरदार,152
नौवे,197
सैंकड़ा,64
तुर,34
ओवरसियर,171
सुवासित,158
जमाता,4
शुरूहोने,199
पैराग्राफ,169
सुसमाचार,169
घोंसलों,79
भोगनी,2
संभ्रान्त,167
साम्यवाद,52
सृष्टिकर्ता,130
उपअधीक्षक,68
रिझाना,117
वारदातस्थल,97
स्वजन,176
क्रिकेटप्रेमियों,114
नहलाकर,150
तरक्कियां,17
तीक्षण,25
कर्मचार,138
इसदिन,86
श्यामप्रकाश,149
बेजोड़,27
प्रतिस्थापन,11
पाठ्यचर्या,192
गढ़कर,121
खाऊंगा,80
आह्नान,13
बीमाकृत,58
नवग्रहों,96
सींची,60
सन्मुख,34
श्रेयश,137
अश्मित,99
बुझाएंगे,104
बुधबार,174
बाहुबलि,29
छेडे़,13
चर्तुदशी,86
किवंटल,60
सेवांए,33
कार्यकुशल,25
सांतवें,197
प्रतिलिपियां,17
पूर्णी,173
फाड़कर,121
प्राध्यापिकाएं,87
स्वेच्छासेवी,194
भाविक,34
चूसकर,150
सफाइकर्मी,68
बहुरानी,99
मूल्यपरक,1
निपटाती,15
तड़पाया,129
गृहकार्य,192
झाड़ता,168
रगड़ी,168
मासाहार,106
संजोना,165
तरसाया,129
पूड़ियां,17
ढहाये,71
सड़ती,168
उचट,188
मुटियारें,194
मनती,151
पतलून,146
निम्र,137
नवागांव,145
तनावों,120
तीर्थपुरोहित,43
सत्तावन,64
भूलभुलैया,180
प्रवचनकर्ताओं,3
पठार,31
नगरीपार,145
थोपें,21
ठगता,71
जनविकास,33
गूंजेंगी,32
वर्गाकार,180
विरंजन,101
दबती,5
साहित्यों,140
चंदसर,137
बल्लेवाजी,97
प्रोटीनयुक्त,18
प्राविधानित,76
गप्पें,23
इच्छापूर्ति,130
घुमती,135
गुच्छन,137
परिशिष्ट,169
पायदानों,66
सुरताल,67
छीनीं,41
हदतक,21
अमंगलकारी,69
व्यक्तिवाद,141
छप्पनभोग,10
झगड़ता,168
पिछवाड़े,128
मैदे,10
रेडियोएक्टिव,18
बालिकायें,102
स्वरलहरियों,67
सीखाए,129
समाधानों,120
विशेषातिथि,194
सभाषद,137
धुलाने,82
गोसंरक्षण,199
खर्चीले,25
कार्यबंद,8
अधपकी,10
भरायी,61
घिसी,160
नपना,168
पिलायेंगे,104
ब्रह्माचारियों,8
छोडूंगा,80
समविकास,199
जटवारी,152
फरमाएंगे,104
चित्रवंशी,194
काग्रेंस,13
पूजना,130
न्याययिक,111
तोलकर,155
बाँट,121
बिछवाया,81
आकुल,34
आइपीडीएस,8
मेंड़,168
फलोत्पादन,60
दुर्बीन,97
पित्ताशय,183
चकोरी,65
घोसलों,79
उपस्थति,57
ईकाइयां,17
आन्दोलनरत,13
सेतुओं,175
पिंजर,171
निकाहनामा,0
उपजाई,60
उबकर,168
गिनाये,49
चिक्की,10
व्यवहारों,120
हीरेवाला,152
चुनेगा,77
चैत्य,190
झपट्टामार,124
ढाकवाला,152
तकनिकी,107
पाण्डुलिपियों,169
प्रबंधकी,68
मार्कशीटों,147
विश्वकवि,88
सिकोड़ने,82
श्रेणीकरण,76
सदाचरण,1
लिखों,37
अधिसूचनाएं,76
त्यागो,83
अभियुक्तो,170
जीवक,55
जलायें,191
सांख्यकी,107
जलेबियां,10
फेरीवाला,171
परची,195
रूकेंगे,104
खोका,136
पर्यवेक्षीय,107
बांटेंगी,32
रथी,34
भूलनी,2
बनायीं,61
फिकवा,121
अमरज्योति,12
प्रसांगिक,199
लहरे,161
लड़ती,135
डुबाने,161
नोचते,168
पश्चिमबंग,152
आवामी,13
क्षिप्रा,161
दुबकना,26
पिघलते,108
पंखुड़ियां,158
ऐंठकर,131
उजाड़ा,71
क्षुधा,69
पुर्णाहुति,115
पैंशनर्स,138
बसीं,176
कर्मजोत,97
गुरुपदो,194
झंझावात,161
झगड़ने,185
तकरारबाजी,185
दयमंती,16
दहले,38
ध्वजारोहरण,30
पकना,150
पटकते,127
नोंचने,82
असरकारक,25
गुरूमुख,88
खींचनी,2
अच्छत,34
एंटीबॉयोटिक,166
वादो,21
सरकते,26
पशुचिकित्सक,159
नेत्रहीनता,74
दबोची,41
जलावनी,182
टालनी,2
गिरवाकर,81
वृत्तों,180
भींगी,5
जिलापरिषद,68
ब्लाकस्तरीय,103
हुबहू,37
सुगत,34
नवयौवन,158
झांकता,40
जालों,131
परीक्षाकेंद्रों,147
भूलो,83
पासबुकों,195
सगठनों,13
खड़ंजे,24
पचने,106
कंपाऊ,183
आजमाएं,89
हरजाना,132
अंतरदेशीय,73
सिलाने,82
जंचने,82
आहर्ता,58
तीर्थधाम,43
सैकेण्डरी,192
मधुमास,158
नराज,12
तपिस,5
जुड़वां,102
गाडे़,168
़जरूरी,199
धर्मस्थान,43
लड़खड़ाया,100
बैरागीवाला,152
नगाड़ा,28
त्रिमल,187
घिमाणा,174
आरेाप,16
तुड़वाए,199
रूपो,130
देवशर्मा,187
झगड़ालू,136
आनन्दित,20
विकासकार्य,33
उत्पादनरत,199
तापकर,150
जयकारें,22
क्यार,182
ऊँची,160
जन्मकुंडली,96
रगड़ती,168
आलिंगन,98
हड़पकर,16
उपविषय,76
लड़ेगे,162
पढे़ं,72
प्रोजेक्शन,75
बण्डल,155
पटवारखानों,8
खटमल,79
कार्यवाहिका,194
एआईवाईएफ,97
संवारेगी,77
दस्तरखान,106
शैक्षिणिक,192
चंहुमुखी,199
एकांतवास,163
वर्जिश,163
घुसों,137
दर्शित,57
जनकदुलारी,173
घनघनाती,135
खरपतवारनाशक,18
लिखोगे,83
ओढ़ाई,105
कार्डियोलोजी,159
आमआदमी,13
उनतक,61
खंगालेंगे,104
भवंता,34
आरोग्या,194
लिपिस्टिक,101
साघर,145
मत्तेवाड़ा,152
लविशा,16
वॉलमार्ट,95
बुझाएगा,77
पिसना,117
क्षतिपूरक,58
रामवली,149
लड़ें,162
अभ्यारण,31
अतिदोहित,76
बहुप्रचारित,57
प्रांतो,73
दृश्यकला,122
गड़गड़ाहट,97
गैरजिम्मेदारी,21
वर्गकक्ष,199
पक्कीसराय,97
कारागृह,170
अभया,99
मण्डलाध्यक्ष,68
धुलकर,150
वर्णाली,97
लगनेवाली,160
धनराशी,58
तिमिर,112
अवैरी,97
घनौला,97
तत्वधान,30
भरेगे,77
गडरी,47
जताएगी,77
अंगारा,171
पराधीनता,69
डगमगाया,196
छुड़वाई,168
विकासभवन,199
गड़बडि़यों,143
थप्पड़ों,136
चूडि़यों,66
संप्रेषित,57
शक्की,93
शुभागमन,98
रीडर्स,75
विशालतम,137
दिलवानी,2
खटोले,38
मुस्कराकर,20
झरोखों,128
पैथालोजिस्ट,159
बेलाहार,194
मगंलवार,152
लालचवश,29
बेबुनियादी,59
नमाजें,156
रोपेंगे,104
सुखदास,88
मुनष्य,130
भदौला,145
फेंकवाया,81
पंथों,52
चंादी,47
गिनायीं,199
लफंगे,136
बल्वों,66
बकासुर,55
चुड़ियां,17
खेलीं,114
खंडर,71
कुण्डों,43
इफ्तिकार,42
जनगीत,67
लहान,16
पंचायतन,43
कमाये,157
अवश्यंभावी,189
फर्नीचरों,8
समाजियों,52
सप्तरंगी,101
पिपासा,69
दरियों,66
भूने,10
शैतानों,178
विगुल,28
प्रभुता,141
पैंक्रियाज,183
अजनबियों,36
मद्धम,112
दबेगा,168
ट्रेक्टरों,143
मश्क्कत,160
सिद्धपीठों,173
संतुति,125
वशीकरण,96
धन्नासेठों,29
चूमते,56
खूनखराबे,139
प्रतिध्वनि,67
चमड़ा,18
घाटीवासियों,8
इंतेहा,156
गौभक्त,3
अभिभवकों,8
संजिदा,16
राजधन,137
हिलना,117
सुखड़ा,97
विद्यर्थियों,147
मेहरुन,42
मुहंतोड़,136
बिल्वपत्र,115
धोखाधडी,54
लोककलाओं,122
शहादतों,70
यादगारों,66
बोता,60
बिताती,163
नकारापन,21
जाडे़,108
मरें,71
अनुसूचि,76
मनायेगी,77
पुष्पाधिवास,97
भौंकते,53
सोचिये,198
संवासनियों,97
लूटती,135
भोलेपन,23
सर्वकल्याण,1
गरमायी,185
कुर्री,182
इकाईया,76
अंशदाताओं,58
समाजोपयोगी,1
त्यौरियां,17
अभियोगी,111
तोतों,79
लिखूं,198
आन्दोलित,13
संघर्षविराम,0
मानववादी,52
फरमाती,156
नियमावलियों,0
उगाता,60
अगरबती,44
बीवियों,102
मेहमानवाजी,27
मोनिशा,99
कवी,85
ग्रीवा,183
डूंगरा,145
पुर्जी,97
बतखों,79
मूर्खाधिराज,194
मकरंडा,97
साइकोलॉजिस्ट,9
झझर,16
असरकारी,25
उछलता,40
अधम,69
गुरूजन,88
धर्मसंकट,84
नलनी,16
पंजिकाओं,76
भुरभुरा,150
विशिष्टि,76
सहचालकों,8
घूसा,168
ढ़ाबे,10
तारनहार,130
रत्तीभर,21
विभागध्यक्षों,68
अचिंत्य,34
दुधमुंहा,102
मचलने,5
धर्मविश्वासियों,8
चूसते,53
ढुकड़ा,199
दीर्घजीवी,25
दीपमालाओं,66
जनमाष्टमी,86
आवासहीनों,33
सांकृतिक,165
मरंमत,16
निपटीं,15
उपस्वास्थ,194
दुखना,193
मेढ़ो,97
पाऊं,80
तपके,168
गरमाए,185
कंदला,174
अघाते,53
केचुए,79
अन्जुमन,42
सुनायेंगे,104
गुदरिया,182
भतीजियों,176
पहनेंगी,32
परदेसियों,156
डीवीएम,9
इकहरी,160
अल्पसूचित,76
अंतरमहाविद्यालय,192
शिवकेश,187
बीजोत्पादन,60
बितायी,163
पेशवाई,6
मटिहाना,152
पदचाप,5
चालिसा,173
गृहप्रवेश,115
खुंडे,194
कुलीन,6
उपाधिधारकों,138
इतंजार,163
बंदूके,127
विद्यानिकेतन,88
बावजुद,133
पिघलाने,190
जूल,118
कुंतलों,66
पलना,38
अंतर्देशीय,73
शिकारा,31
सधन,38
भगवन्त,187
बैसाखियां,17
प्रेषक,12
पोतियां,176
चतुर्मुखी,43
नुकसानदेय,199
पीेछे,16
सेमसन,16
सदगति,130
लेखाकर,76
राष्ट्रस्तर,194
गोसंवर्धन,1
पचड़ों,168
विनम्रतापूर्वक,179
पशुचिकित्सालय,159
तीर्थपाल,194
तगमा,168
जाममुक्त,199
उलटियां,17
कास्तकारी,97
छीटों,5
ब्रह्ममुहूर्त,115
हलचलों,120
पशुमित्रों,110
परमहंसाश्रम,194
कसौटियों,120
एकरूप,165
सीमाक्षेत्र,73
वताया,38
फेकें,45
नागिरकों,36
तोपें,177
चिंदी,155
आकर्षणी,199
मिसाइलें,177
सुदय,47
भेलपूरी,10
प्राथमिकि,199
निबंधकों,8
चूल्हापानी,97
बुझाएं,191
रोपें,94
खुदवाये,24
मुस्कुराकर,20
रोएं,193
लड़ता,4
लाईं,61
अक्टुबर,172
किश्तियां,17
बख्शिश,156
नशाखोरों,143
अग्रवन,55
इंतकाम,156
उदे्श्य,1
फोड़ो,168
भूमाफियों,143
महीनेदारी,97
सराहने,126
केलों,144
राशियां,17
विलम्बित,189
संगृहीत,137
कालोनियो,143
इस्पेक्टरों,8
तैय्यबा,42
नत्थे,152
प्रतिहस्ताक्षरित,76
पहनेगा,77
जगताप,16
अहिवरण,97
ह़जारों,8
ग्र्रामीणों,110
केन्द्रीयकृत,125
प्रासांगिक,194
फुसलाने,82
चिमटी,155
नचिकेतन,194
प्रमण्डलीय,194
वानप्रस्थी,130
हिमवीरों,8
रोडे़बाजी,97
इक्कतीस,64
उपाघ्यक्ष,68
कुवांरी,102
कूदेंगे,104
घुसिया,145
घोलू,38
जहॉ,133
दूकानदार,95
रसोईगैस,44
राज्यवार,137
बिघा,38
राष्ट्रगौरव,70
पूंछे,198
प्रतिष्ठानें,97
विचारे,49
सत्रहवीं,197
हमजोली,171
तिरसठ,64
बीबियों,102
रस्मे,181
मांजने,82
जोखिमभरा,21
नवयुवतियों,137
फेंकती,135
लाेगों,41
गृहण,130
त्रिमासिक,194
नसीहतों,21
पढ़नेवाली,160
पुचकार,136
भभकने,191
सुलतानी,152
हिदुस्तानी,140
ऐशगाह,71
अनुप्राणित,165
आंग्ल,140
तुड़वाना,117
दिगंत,112
पचांयत,103
भौंहें,193
यथार्थवादी,57
छिड़कते,150
सशक्ति,1
व्यापारकर,199
हंालांकि,137
गिड़गिड़ाता,154
उधेड़ने,168
अतार्किक,189
विषमताएं,17
शपथपत्रों,195
पड़ो,83
युक्तीकरण,199
लावारिसों,199
विकलांगो,123
सबरस,38
अवसरवादिता,29
सिद्धदात्री,194
मागती,135
जवारों,66
मिटान,199
ऊपरवाले,156
जिलासचिव,68
भीड़भाड़,199
एनस्थीसिया,183
झाड़ती,168
जिएंगे,104
एकेडमियों,8
उदंड,136
आस्तीनें,17
अंधविश्वासी,52
उलटने,126
त्रयोदशाह,194
इन्द्रबीर,187
दायरों,120
समूहो,167
सेवाओ,107
महाद्वीपों,73
ठहराता,4
दिलवाता,137
हाड़कंपा,199
द्वीपों,31
सिंहनी,79
रेलगाड़िया,7
फुर्तीला,93
परोसकर,106
छिड़की,150
नयाब,42
अकांवाली,152
मनमोहित,65
ब्रह्मामुहूर्त,194
पटोली,182
निर्माणस्थल,199
तनहा,156
गुरुघरों,97
अखाड़ेदारों,8
हांसिल,27
सबलता,141
विवाहितों,181
भड़काना,139
फुलाने,82
ठेकाकर्मियों,110
करानेवालों,19
आयताकार,180
गलाई,38
रगड़ा,168
हप्ते,148
रुसवा,156
महाघोटाले,54
मंड़ई,47
मंगलगान,67
नक्सलग्रस्त,194
तिकोनियां,17
टहलाने,82
गढदीवाला,152
अंतरगत,107
सामांतर,161
कास्ट्यूम,122
सेक्युरिटी,75
शरफराज,42
मनोविकास,1
स्पष्टवादी,93
सजाती,135
महत्वाकांक्षाओं,120
बिंदुओ,8
देहि,34
रखोगे,83
कहलाई,137
जन्मपत्री,96
संपत्ती,58
शुभकारी,96
जगमगाएगी,112
दुधमुही,102
स्नेक्स,106
दिखवाकर,81
जुडे़गा,199
ट्रौला,97
बिनो,38
भिखारिन,123
वैठक,16
शकरकंदी,144
सकूंगी,80
सगोत्रीय,181
चुनावचिह्न,62
नाचेंगे,104
कीक,137
चन्द्रग्रहण,86
उपचारों,120
खैरहनी,174
पलके,193
वासुदेवाचार्य,88
अठोली,97
भाड़ेदार,97
सेवायोजित,199
पलटियां,17
दरिदों,59
बौद्धिकता,141
मड़इया,47
सोरण,47
बुग्गियां,17
पटाका,38
पिरोए,46
गत्ती,182
रेखाचित्र,190
टेडरों,110
चुभते,193
उपखंडीय,39
शेखी,136
बाइसाइकिल,78
सच्चरित्र,93
संधावली,145
वषों,64
बौद्घिक,1
पुष्पवाटिका,158
दौड़ाये,100
जयगुरु,88
ऋणात्मक,180
इंद्रदेवता,194
आदिब,16
सीमांतवासियों,8
दिवंगतों,194
छिपाएं,89
संभलता,196
लिखवाते,53
दण्डी,55
एकमंच,113
उड़कर,196
शाखायें,17
इन्त़जाम,199
शरणगाह,71
लक्षन,166
महासमाधि,88
भौरों,158
परिस्थियों,120
नियुक्ती,138
धकेले,100
जमातों,29
खैंची,137
थोथे,168
बाटें,89
मणीभूषण,97
संघवाल,97
कुव्यवस्थाओं,8
बिगड़ेंगे,104
देवभाषा,140
दुहरायी,37
एलबमों,122
कृपानारायण,187
तिगुने,118
हृदयरोगी,159
प्रवाचक,194
़गरीबों,8
अभिसरण,107
घंटिया,28
दहकने,191
घेरो,168
थानांर्तगत,174
छात्रगण,147
चौंकने,198
रहमतें,156
कोपलें,94
तिलमिलाई,136
कल्पनाएं,17
ज़मीन,91
गुनगुनाती,67
म्यूनिसपल,9
सांख्यकीय,76
रेशों,18
मजरुल,42
नाड़ियां,17
उपदंडाधिकारी,68
हेल्थी,106
घोले,150
सत्तरह,64
हिन्दूवादियों,52
पेट्रोमेक्स,44
ऊंघते,26
काकटेल,186
क्रूरतम,59
गोशाले,79
भक्तराज,173
जलक्षेत्र,31
ढलना,90
प्लैटिनम,18
श्रोतिय,187
लाईनमैनों,97
धुलावट,199
चढ़वाना,117
सोचेगी,77
धन्धा,157
सद्कर्मो,130
तर्कपूर्ण,25
जिंदगीभर,163
लचक,56
पुर्णेदु,194
दौड़ायी,100
चेरिटेबिल,194
रेलइंजन,78
श्रद्धानुसार,115
मासाहारी,106
मंडराए,50
बिमारियां,166
पैदाईश,156
नृतक,122
असम्मान,21
कंजड़ों,97
चका,38
लीजिएगा,89
सागरों,137
संस्कृतिकर्मियों,36
अनजाना,40
पढ़ोगे,83
बिलौझा,174
भाषावाद,52
महर्षियों,88
संक्रमितों,8
गिऱफ्तार,199
अर्घ्य,115
खंडी,174
भावनृत्य,97
लम्हें,163
चांटे,136
टिकाना,117
दिखाइए,89
नालायक,93
सीखिए,89
घनघनाए,75
चलवाएं,81
सिरफिरों,178
अनिच्छुक,179
आपातस्थिति,76
ईश्वरानंद,51
उत्पीडऩ,59
उबाला,150
कुशपाल,97
मतावलंबियों,52
छिनता,71
उगाहने,157
उत्कीर्ण,190
सुखदुख,98
विकासीय,107
वशीमूल,137
रोशनाई,101
रामवाटिका,194
महानायकों,70
डकॅ,137
जलविहीन,31
घटाते,119
हारें,142
रीती,38
फिल्माने,122
शैले,137
टखने,56
़िजम्मेदारी,199
कर्मफल,130
ओवरब्रिजों,175
आयोजिका,30
कटौतियों,58
कायकर्ताओं,110
गणतंत्रता,70
फैलानेवालों,139
नवाचारों,107
नालियो,24
पंडालो,22
मित्रो,198
बुरका,146
मौनव्रत,55
तख्तापलट,13
गृहजनपद,145
इस्तयाक,42
मोटरवाहन,78
बालोद्यान,192
द्विभाषी,140
लालसराय,145
लंगड़ा,171
मंागों,8
मधुसूदनन,12
बरातशाला,97
चबुतरे,128
दोमुंहा,101
उधड़ने,47
विधानों,0
पौधारोपन,97
पहुँचेगी,77
महेता,12
महाभियोग,137
टाईफाइड,166
छल्ली,101
गर्भाश्य,183
संसर्ग,69
माखनचोर,55
मलबों,161
बारहदरी,128
फिराकर,121
प्यादे,6
नीमहकीम,189
चौखटों,128
घुसती,135
कीमा,10
कार्यप्रगति,107
कष्टकर,189
कंचे,155
भागेगा,77
लाटों,66
फांसा,54
कूल्हों,56
दोगला,29
बंजरबाग,97
बिछड़ों,154
वेदार्थी,194
लड़खड़ा,196
तपोबल,55
ताकता,26
नीरसता,74
झोंकनी,2
गुस्साया,41
स्क्रीनों,66
रक्ताल्पता,166
विचारो,120
खापें,61
बढाएं,119
उखडे़,168
दोमंजिले,128
वफादारों,29
आतिशबाजियों,44
मचलते,5
फन्दा,131
गिरवीं,95
सूंड़,168
संस्थापित,11
महानाल,194
प्रतिनिधत्व,57
दाेनों,110
जिप्सियां,17
जलत्याग,115
भगंदर,166
स्वेत,101
चैनत,47
दीपालय,99
अमानती,199
उपनिबंधन,76
दातिए,38
पालेंगे,104
बटाईदारी,91
भृगुनंदन,187
सज्जनता,141
कुहरा,153
गंभीररूप,199
गुलधर,16
यशलोक,16
लूल्हा,152
आर्येश,194
खब्बू,114
कुंडियां,17
निराशावादी,189
परमसंत,34
पौधरोपित,199
मुंबइया,122
संगीतालय,192
पशुतस्करों,8
एएचपीएस,97
शांतिशरण,194
रुद्रांश,55
ह़जरत,97
अवलोकित,57
दुष्कर्मो,194
परीक्षाफलों,8
चुटकियां,23
रूंधे,154
पुलिसकर्मियो,41
कौमों,156
खिलना,158
देवीभक्त,97
रमायण,34
रूढ़,189
जनंसपर्क,199
नेस्तानाबूद,124
गठबन्धन,13
वाशिदों,110
मोड़ों,175
ज्ञापनदाताओं,8
आशांवित,1
चालबाज,29
पासबुकें,195
प्रमुखजनों,97
सुमंगला,99
स्वस्तिका,99
सुविधापूर्वक,25
अंखियां,65
उन्नीसवीं,197
उपनिवेश,73
गारंटेड,199
तोड़ती,46
दरबारियों,6
पुरोधाओं,13
बलंवत,47
मोटरसाइकलों,78
यज्ञसेनी,194
रामदूत,187
सप्ताहों,172
स्नानकर,115
चलों,38
गलीचा,131
केन्द्रवार,33
आलु,10
वास्तुविदों,190
मिलाएंगे,104
पलटता,40
तोलिया,182
छोडे़ंगे,21
घूरना,26
मेहतरानी,182
मतगणनाकर्मी,68
भंट्ठों,8
लाऊंगा,80
रामशोभा,97
जड़थल,97
बैरकें,177
अभिजोत,187
ज्ञानशाला,194
बसाते,71
भिजवाये,81
मुहावरों,140
राब्ता,137
भूतिया,31
ईकबाल,42
कम्बलों,66
टालकर,121
डेरियां,17
देवीभक्तों,97
प्रतिभावन,199
बूदें,5
भोक्ताओं,8
परतंत्र,70
दर्जियों,146
तटवर्तीय,73
घोड़ियां,17
गुर्रा,79
उमीदवारों,62
अराजकीय,199
अभ्यर्थना,115
नक्सलवादी,178
बैठाएंगे,104
बलवाड़ी,97
पेंमेंट,9
पुनरूद्धार,11
पिण्डारी,43
झोंपड़ी,128
छात्रशक्ति,147
सरमाया,156
बालकांड,88
छींके,131
खरोंचे,193
समयमान,138
लटकाते,53
निवासियो,103
दशाई,16
तेजस्व,55
नालें,66
छिपाता,4
पारपंरिक,137
सेंकेंडरी,9
नेकदिल,93
घटनास्थलों,8
समंवय,76
मुख्यता,57
बिच्छुओं,79
बदकिस्मत,27
प्रशंसापत्र,195
झौंक,168
कुनबों,29
अकार्बनिक,18
औद्योगिकी,107
व्यक्गित,1
शांतिपूवर्क,194
बाबूगिरी,171
पहाड़वासियों,8
चापलूसों,29
कसाईयों,110
अर्थव्यस्था,107
अभिष्ट,115
आक्समिक,137
साक्षात्कारों,120
बेइमानों,29
प्रेमसुख,187
तेजस्वरूप,130
गोड़हिया,97
कचोटता,40
आत्मकल्याण,130
अलापना,21
अंतपुर,72
वहशियों,59
पावों,56
संग्रहक,76
शिवस्थान,43
हंसाकर,23
स्मित,98
भौंसले,99
प्राचार्याें,87
नवउदारवादी,13
धुव्रीकरण,13
देवतुल्य,130
टिन्नू,149
झल्लाते,136
जिलामुख्यालय,33
कोनो,133
अकुलाए,5
संभलना,90
रोपते,94
मुस्कुराती,135
फूलवारी,182
धाराशाही,13
ढकें,150
चासी,64
गतिरोधों,120
कंठों,67
उपखंडों,125
छुड़ाएं,121
व्हट्सएप,75
व्यवधानों,120
मुर्गों,79
भवंतु,34
प्राथामिक,199
जमगाई,137
घसीटना,117
गोड़ाई,47
आयामी,180
फटकारीं,136
डमरु,28
रुकतीं,135
मरयम,42
बढे़ंगे,119
प्रथमिक,192
पांचाली,55
देवीकुंड,43
ज्येष्ठा,173
चरणपादुका,173
गुरुपूजा,115
अफीमकोठी,97
नामान्तरण,76
पशुवधशालाओं,143
टेनरियां,17
विश्वबंधुत्व,1
वनमाफिया,97
लुभाएगा,77
मुठेर,137
पुनर्निधारण,76
तालाबन्दी,143
ओलावृष्टिं,153
दीपाक्षी,97
तरनी,34
जगतारण,152
चिकनाहट,150
रंगेली,72
पदत्याग,11
निशाकर,55
सुदुरवर्ती,97
सुलट,168
ऐशोआराम,163
क्रांतिदल,13
गड़बड़,16
परमोधर्म,130
बेराजगारों,110
शंकुल,94
पारदर्शितापूर्ण,199
कटियाबाज,149
सीमेण्ट,44
पदचिन्ह,180
सटीकता,141
सिंहासिनी,173
इठलाती,135
ठिठकी,26
पैकर्स,9
कार्यकर्ताओें,68
घरबार,71
सातवे,197
फंसाती,121
सौंदर्यता,199
विकल्पीय,76
संवादी,137
लिटाए,131
सिसकता,154
तड़तड़ाई,97
हुस्ने,156
ऐलोवेरा,144
कहावतों,169
चंडीपाठ,173
परदादी,176
पैतरा,127
फैलेंगी,32
विधानंद,51
हमपर,21
खींचेंगे,104
अजमते,97
छालों,166
टेक्नॉलॉजी,9
टेड़ा,182
निर्मलानंद,51
रुंध,154
वनारक्षियों,8
हुर्इं,61
फिल्मफेयर,122
जंघा,56
जुड़वाने,81
पुनरोत्थान,165
भोजनालयों,106
यशोमति,34
रखियो,38
रूचिता,99
विश्वमोहिनी,173
सोएगा,188
हड़पी,91
केशरानी,97
खत्तों,66
चीखे,154
जगमगाएंगी,32
द्वारकाधीश,43
ठूंसने,82
उतरवाना,81
प्रशासनों,125
भीषणता,84
उछाली,196
जांचेगा,77
तहरीरों,156
औपनिवेशिक,73
थूकना,117
श्रद्वांजलि,30
जगभूषण,187
थकता,4
जतानी,2
स्वंयसेवियों,8
मकैनिकल,9
महापूजन,115
मंगलमयी,98
म़जदूरी,199
मादकता,186
शुक्राणुओं,183
सरगुण,16
बेआबरू,156
जांचघर,199
मानूंगा,80
भीड़भाड़,199
बाकीदारों,110
बांग्लाभाषी,140
पौत्रियों,176
पडी़,2
नज्मी,67
ठहरेगा,77
घिरनी,180
औचित्यपूर्ण,25
आइएगा,89
विनष्ट,11
मुख्,137
बड़ेरी,47
धसनिया,97
सलौनिया,97
पैतालिस,64
सरकारः,125
गुदगुदाते,23
साहुकार,171
सामाजिकी,199
फिजूलखर्च,21
समाजसेवकों,110
चादरे,155
भुगताना,199
श्रीकंठ,173
पशुशालाओं,66
शास्त्रोक्त,115
अध्यादेशों,0
जनविरोध,13
तयकर,47
दस्तावे़ज,97
पुंसवन,115
राज्यभिषेक,115
कांफ्रेंसों,30
ओझाओं,3
अप्रियकर,194
सहयोगिनी,173
लोकमत,113
महासम्पर्क,199
प्रसासन,33
पॉयलट,9
नीलेश्वर,187
दाड़ी,146
ज्योतिषि,96
जूलुस,16
चंद्रकुंवर,187
उद्घघाटन,30
मुरझाया,158
वंचना,69
आकर्षणों,31
चमचमाता,112
अतिप्रिय,173
आपत्तिकर्ता,76
चिन्हिृत,199
करप्ट,29
पहुंचनेवाले,199
झाँसा,121
मृतको,84
एकसार,150
पूजाएं,115
हांकी,136
थानध्यक्ष,68
गढ़खेड़ा,145
रामउचित,97
घुलते,53
अभ्यर्थिता,147
चढा,131
छलकाने,82
महाध्यक्ष,68
अपवंचना,58
मिकाइल,42
दंडवती,26
उतारो,83
लवानी,152
पहनो,146
दीर्घकाल,165
गिरेवान,26
कांटो,180
रेहू,16
अंगड़ाई,5
फीजियोथेरेपिस्ट,159
बंधीकरण,199
मझीन,97
संजोते,165
उपलब्घ,76
अंतर्मुखी,93
सर्वशक्ति,130
कम्प्यूटर्स,75
स्टंटमैन,122
डिटर्जेंट,18
गृहलक्ष्मी,173
कबुतरी,16
हितचिंतक,1
विचौलिए,8
लगाय,38
लापरवाई,21
मल्टीस्पेशियलिटी,9
सोहार्द,152
गोपालधाम,187
गोताखोरी,161
आवेदनकारी,199
धुंधलापन,193
संवितरण,58
छट्ठी,38
मंगलदल,173
समायोजक,199
घायलवस्था,41
अर्हताओं,76
किंकर्तव्यविमूढ़,20
ढकवाने,82
निर्देंश,76
प्रापर,9
चमचा,171
चालीसवां,197
विश्वासों,52
सैकड़े,64
आंतें,183
