word,cluster
में,181
लिए,154
किया,154
गया,93
हैं,39
नहीं,39
सिंह,32
पुलिस,70
दिया,93
करने,154
कहा,39
रहे,39
बाद,198
करें,147
साथ,181
रहा,39
रही,87
बताया,93
हुए,171
लोगों,192
उन्होंने,39
होने,154
गांव,17
लेकर,181
जिला,17
इसके,181
एवं,21
क्षेत्र,100
द्वारा,154
हुई,182
लेकिन,39
लिया,93
सरकार,125
अपने,181
विभाग,52
मोबाइल,2
वाले,181
दौरान,198
आदि,21
सभी,181
मौके,193
फोटो,117
देखने,180
जागरण,58
जाने,180
दिन,198
नगर,17
तथा,21
जाएं,147
निवासी,17
लोग,181
बैठक,136
शुरू,154
कोई,181
हुआ,93
ताजा,123
करते,39
खबरें,4
समय,181
जाएगा,140
तीन,89
मामले,186
रुपये,89
कारण,31
पहले,198
थाना,17
पूर्व,198
विकास,100
संवाददाता,95
अन्य,21
जानकारी,37
कुछ,181
दर्ज,186
शर्मा,27
जांच,186
अध्यक्ष,42
स्कूल,183
यहां,181
अधिकारी,42
किसी,181
उनके,181
कार्य,154
पास,181
स्थित,17
कार्यक्रम,95
अस्पताल,90
वहीं,181
पंचायत,17
बात,39
पानी,122
किए,154
मांग,153
बच्चों,183
खिलाफ,70
बार,105
रूप,154
बजे,198
काम,154
उन्हें,181
कार्रवाई,186
तरह,181
देने,180
प्रदेश,125
महिला,55
उसे,39
वर्ष,198
मौजूद,181
अपनी,181
उसके,181
शहर,174
चुनाव,43
हजार,89
सूचना,100
दोनों,181
केंद्र,125
निर्माण,100
सहित,21
टीम,110
देवी,38
घटना,70
सड़क,76
विद्यालय,183
मुख्य,100
शिक्षा,183
चार,89
बीच,181
प्रशासन,125
बिजली,122
रात,198
शामिल,154
जिले,17
होगा,140
कार्यालय,42
संवाद,58
इससे,39
मौत,65
उपस्थित,95
करीब,89
लाख,89
सुबह,198
दिए,50
नाम,181
पांच,89
अधिकारियों,139
कराया,93
जाएगी,51
आयोजित,95
राम,36
कहना,39
जारी,154
इसी,181
निर्देश,154
काफी,181
करना,98
प्रधान,42
जाता,93
प्रखंड,17
जबकि,39
व्यवस्था,100
आने,180
प्रसाद,36
घायल,126
आरोप,84
किसानों,30
योजना,100
तहत,135
लगा,93
आयोजन,95
वाली,87
अवसर,193
सोमवार,198
संख्या,89
अधिक,181
शिकायत,186
ग्रामीणों,139
उनकी,181
बंद,154
इसमें,181
राज्य,125
समिति,42
परीक्षा,6
अलावा,181
अभियान,58
मामला,186
ऐसे,181
अनुसार,198
चाहिए,98
युवक,164
मंदिर,38
पहुंचे,28
सचिव,42
ग्राम,17
रोड,17
पत्र,60
पुत्र,1
मंगलवार,198
उसकी,1
जहां,181
होगी,51
शनिवार,198
मिल,93
कराने,154
पूरी,39
बुधवार,198
शुक्रवार,198
छात्र,6
पार्टी,43
विभिन्न,21
रविवार,198
फिर,105
मंत्री,125
शाम,198
साल,89
अभी,39
आरोपी,70
गयी,182
जाए,39
स्वास्थ्य,90
जिसमें,181
वहां,181
गिरफ्तार,70
स्थानीय,21
निगम,125
विधायक,42
प्रभारी,42
समेत,192
बनाने,180
माह,198
लाल,32
श्री,36
परिवार,1
दिनों,198
प्रदर्शन,154
इसकी,37
प्रयास,154
सरकारी,7
सामने,181
ग्रामीण,75
जिससे,39
सदस्य,42
बैंक,166
समाज,75
सुरक्षा,100
वाहन,124
समस्या,31
किसान,75
पूरा,154
देश,132
बारे,39
चलते,171
लगाया,93
हत्या,70
रहने,181
मिलने,180
बाहर,181
बाजार,19
सहयोगी,55
स्थिति,31
दूसरे,181
लगे,180
पदाधिकारी,42
चोरी,164
शिक्षक,6
प्रतियोगिता,44
भाग,181
मार्ग,76
मुख्यमंत्री,125
स्थान,174
प्रतिनिधि,125
सफाई,68
सकता,39
छात्रों,6
मंडल,42
मिली,182
होती,87
कर्मचारियों,52
आदेश,186
पहुंच,28
पिछले,198
लेने,180
होता,39
विरोध,136
नेता,55
प्राप्त,154
जगह,181
तैयार,154
सेवा,108
उनका,181
परिजनों,1
अपना,181
देर,177
जनता,132
चालक,124
प्रति,58
मिला,93
गंभीर,31
संबंध,37
संघ,125
अलग,181
जमीन,9
भवन,174
अध्यक्षता,95
जाती,182
वालों,180
उक्त,186
कर्मचारी,139
जल्द,154
प्रकाश,13
राष्ट्रीय,125
गुरुवार,198
बना,93
जाम,177
करेंगे,140
विशेष,21
स्तर,100
स्टेशन,17
व्यक्ति,55
लगी,182
महिलाओं,192
थाने,164
होकर,181
कमेटी,42
गये,181
राय,27
उसने,39
परिसर,174
देते,129
देकर,50
संबंधित,100
तरफ,181
पूरे,181
समारोह,95
उपलब्ध,108
प्रथम,149
सात,89
शिविर,95
शिक्षकों,6
भारत,125
सभा,125
बच्चे,183
लगभग,89
इसका,39
आगे,181
विजय,27
राशि,166
भर्ती,90
अशोक,27
दूर,181
वर्ग,75
परिषद,125
दिवस,193
मां,1
लाइन,2
होते,181
मारपीट,164
घंटे,89
पंजाब,125
प्रमुख,21
पिता,1
रखा,93
छात्राओं,6
पहुंची,28
आया,93
उसका,181
अवैध,74
इसे,39
दुकान,19
अगर,39
पता,39
इलाज,90
जमा,166
जिस,181
कोतवाली,17
आधार,37
विद्यार्थियों,6
जेल,70
नजर,83
मतदान,136
ज्यादा,181
लगाने,180
जिलाधिकारी,42
खेल,110
यदि,39
कर्मियों,139
दोपहर,198
सबसे,181
बोर्ड,2
चौक,17
भाई,1
प्रशिक्षण,100
शराब,103
ट्रक,124
सवार,124
बावजूद,39
पूजा,34
सदर,17
जाते,181
डीएम,42
करोड़,89
हालत,172
गांवों,75
निरीक्षण,154
आरोपियों,70
हालांकि,39
युवा,55
चुकी,182
सदस्यों,192
वाहनों,124
सके,39
कार,124
बरामद,50
विद्युत,100
पड़ा,98
भारी,31
भेज,161
अनिल,27
बड़ी,172
चुके,39
जिसके,181
जीवन,91
नेतृत्व,58
चला,93
सहयोग,58
मनोज,27
भारतीय,21
वापस,154
बनाया,93
मार्च,198
वितरण,100
कुमारी,143
परेशानी,31
करके,154
कंपनी,2
प्राथमिक,100
प्रकार,21
कार्यकर्ताओं,192
कही,182
कराई,182
वजह,31
कृषि,30
पति,1
ध्यान,37
कोर्ट,186
संगठन,100
होना,98
जाएंगे,140
दूसरी,181
संबोधित,95
आपूर्ति,122
ताकि,39
लाभ,100
माध्यम,154
निर्णय,154
हाथ,112
बढ़,5
मुताबिक,39
बारिश,188
मिले,39
होंगे,140
सामान,19
विवाद,191
पाया,93
ऐसा,39
वाला,180
राज,15
सकते,39
संचालन,95
बिना,181
अजय,27
आंदोलन,132
जाना,98
वरिष्ठ,55
विधानसभा,125
देख,39
कुल,89
हाल,39
आवेदन,117
बने,181
भेजा,161
देखते,171
रखने,180
मंडी,19
तेज,31
चुका,39
मुकदमा,186
धरना,136
जिलाध्यक्ष,42
भूमि,30
ठाकुर,32
अदालत,186
पत्नी,1
इसलिए,39
बनी,182
रैली,95
जैसे,181
प्रतिशत,89
कहीं,181
भीड़,177
सूत्र,37
फरार,164
क्या,59
सूची,117
परेशान,177
तैनात,126
साफ,68
तहसील,17
बनाए,154
अंदर,181
शासन,125
सुविधा,108
गाव,75
भगवान,38
दर्जन,89
बाबा,36
लगातार,105
उधर,171
पक्ष,186
समस्याओं,88
अतिथि,95
क्षेत्रों,21
अभियंता,42
मुख्यालय,95
फसल,30
मुखिया,125
करता,154
यात्रा,76
निदेशक,42
आवास,41
चर्चा,136
शादी,1
सहायक,100
थानाध्यक्ष,139
उपाध्यक्ष,42
वर्षीय,1
सांसद,125
निजी,100
आसपास,181
सकती,182
दास,36
जान,71
प्रत्याशी,43
तैयारी,154
ब्लाक,17
बाल,100
सिविल,125
भुगतान,166
पीड़ित,26
पहचान,37
खराब,172
सेक्टर,2
पूछताछ,70
सम्मानित,154
जनवरी,198
अधीक्षक,42
ज्ञापन,136
प्रवेश,154
स्थल,174
प्रबंधक,42
प्रक्रिया,100
विचार,154
उच्च,100
कभी,181
बड़े,181
पीछे,171
लगाए,50
कमी,31
इलाके,17
जाकर,181
जमकर,177
आश्वासन,136
वेतन,166
जून,198
सप्ताह,198
तहरीर,164
यही,39
रेल,76
हासिल,154
बताते,39
विश्वविद्यालय,6
यूनियन,2
केवल,181
मदद,153
उत्तर,149
मैदान,110
खंड,100
मौसम,23
मरीजों,90
मगर,39
स्वागत,154
मकान,174
रोक,154
निर्धारित,154
खुद,39
बेहतर,37
नदी,76
पुल,76
अंतिम,198
ठीक,39
पेश,154
लगाई,182
खर्च,11
सड़कों,76
सिर्फ,181
लूट,164
बहुत,181
जरूरत,39
कार्यकर्ता,42
प्रभावित,31
बेटी,1
कर्मी,139
राजीव,27
द्वितीय,149
गाड़ी,124
दें,147
नेताओं,7
घरों,92
उपचार,90
महतो,32
केन्द्र,100
समीप,17
सही,39
उपायुक्त,42
मार,35
जनपद,17
तौर,100
योजनाओं,52
हादसे,70
उर्फ,32
विद्यालयों,6
लगाकर,50
यात्रियों,192
अंतर्गत,52
फरवरी,198
संयुक्त,125
चेयरमैन,42
हड़ताल,136
पार्षद,42
लगने,180
संस्था,125
गेहूं,30
मृतक,1
देखा,93
दीपक,27
रहता,181
उद्घाटन,95
कल्याण,58
राहत,31
संतोष,27
प्रदीप,27
घोषित,154
प्रस्ताव,154
सफल,58
नामांकन,96
पाल,32
आयोग,125
लोक,21
पेयजल,122
मीटर,89
जुलाई,198
पहली,105
प्रबंधन,100
कक्षा,183
न्यायालय,125
प्रदान,154
रहते,181
बदमाशों,164
गंगा,29
धान,30
सीमा,76
करवाया,93
सामना,154
दिसंबर,198
इधर,171
मांगों,136
महासचिव,42
अतिक्रमण,135
जीत,43
स्थानों,92
पदाधिकारियों,42
तलाश,154
टक्कर,124
नुकसान,31
माता,1
अज्ञात,70
लागू,154
जरूरी,98
मंच,95
राजकीय,125
बीडीओ,42
युवकों,164
दिशा,58
अतिरिक्त,100
शीघ्र,154
दिवसीय,95
उसी,181
पार्क,174
प्रेम,119
रास्ते,76
चलने,180
प्रत्येक,198
ऐसी,4
संस्थान,100
विरुद्ध,135
घोषणा,154
पड़े,171
सुभाष,27
प्राथमिकी,186
बल्कि,39
चौकी,17
चंद,32
चंद्र,27
कब्जे,35
मनाया,193
केंद्रीय,125
तभी,39
कहते,39
रखे,50
गोली,104
बयान,186
जवाब,59
प्रयोग,154
युवाओं,192
गर्मी,23
पड़ी,182
रखी,182
सामाजिक,21
आनंद,27
चयन,154
लक्ष्य,58
किशोर,27
नीचे,24
आते,181
सरपंच,32
गुरु,162
केंद्रों,52
महीने,198
प्राचार्य,42
लापरवाही,66
कोशिश,180
तीनों,181
बजट,166
पड़ता,98
क्योंकि,39
प्रधानमंत्री,125
किनारे,76
चोरों,164
पेंशन,166
युवती,1
समाधान,154
पहुंचने,28
समाप्त,154
पालिका,125
श्रद्धालुओं,38
तमाम,88
प्रस्तुत,154
कदम,58
बनने,180
संजीव,27
सवाल,59
खरीद,19
वोट,43
चिकित्सक,90
शाखा,42
गैस,72
अचानक,24
करती,87
इनमें,181
जिसे,39
चले,181
पवन,27
नवंबर,198
जागरूक,58
करवाने,180
व्यक्त,154
छोटे,181
हिस्सा,181
मतदाता,117
देना,98
सुधार,154
विभागीय,52
विषय,37
संघर्ष,58
दुर्घटना,31
चेतावनी,136
मध्य,149
रहती,87
बता,39
अगस्त,198
सम्मेलन,95
आयुक्त,42
गिरफ्तारी,70
संपन्न,95
मेला,95
अक्टूबर,198
किये,154
दुकानों,19
थीं,87
हजारों,192
यातायात,100
प्रताप,27
छोड़,172
साइकिल,124
काबू,35
तालाब,122
खाली,103
खेत,9
समीक्षा,60
लिये,154
संबंधी,100
मेले,95
मोटरसाइकिल,124
सैकड़ों,192
शांति,91
पूर्ण,37
कड़ी,105
गायब,171
हंगामा,136
समक्ष,186
मात्र,89
आकर,181
उससे,181
अधिकार,135
परिजन,1
आलम,54
स्वामी,36
हमला,126
दिखाई,182
बड़ा,172
कब्जा,35
कानून,135
लेते,171
दर्जनों,192
चिकित्सा,90
दवा,90
चलाया,93
बनाकर,50
संपर्क,154
बीते,198
गठन,154
चपेट,158
रोजगार,75
महाविद्यालय,6
सौंपा,93
माध्यमिक,6
भविष्य,88
विज्ञान,100
तत्काल,154
सम्मान,58
सत्र,198
दुष्कर्म,70
चरण,198
हेतु,154
निरीक्षक,42
जिन,181
क्रम,105
फैसला,154
समर्थन,154
आर्थिक,100
रुपए,89
परियोजना,100
अवगत,154
साढ़े,89
पुरस्कार,95
चिकित्सकों,90
लाखों,11
बैठे,171
डेढ़,89
एक्सप्रेस,2
रोकने,180
बस्ती,75
सामान्य,100
भूमिका,128
पंकज,27
सैनी,32
मजदूर,25
खड़े,171
वर्षो,89
स्थापित,154
पाई,182
राजकुमार,27
दर्शन,94
निज,91
शुभारंभ,95
राजस्व,166
निकाली,182
मिलकर,58
माहौल,177
दूसरा,181
बेटे,1
वर्तमान,21
योग,162
उम्मीद,39
स्थापना,95
साहिब,54
फीसद,89
बनाई,182
पढ़ाई,183
डिग्री,6
विश्व,21
एसडीओ,32
जिम्मेदारी,128
रहेगा,140
सफलता,58
आवश्यक,154
करेगी,51
सितंबर,198
परिणाम,31
भगत,22
सहायता,154
पहुंचकर,28
गंदगी,68
मजदूरों,25
स्वयं,91
धर्म,94
मनरेगा,122
पर्व,193
संत,162
रवाना,28
इंतजार,154
राशन,117
आधा,89
रोष,66
तरीके,37
सुनवाई,186
बातचीत,136
गलत,66
झारखंड,125
खिलाड़ियों,110
मालिक,19
मामलों,186
हमारे,181
घायलों,126
प्रमाण,117
लाने,180
बिल,166
जख्मी,164
चोर,164
प्रशासनिक,125
धमकी,71
ट्रैक्टर,124
महिलाएं,116
क्षेत्रीय,21
क्रिकेट,110
फिलहाल,39
गरीब,75
खत्म,154
प्रधानाचार्य,42
लौट,93
पंचायतों,52
अधिवक्ता,42
उपभोक्ताओं,166
यात्री,124
दुकानदारों,19
इनके,181
तोड़,35
पटना,17
दैनिक,21
निकट,174
पहल,58
मरम्मत,122
जायेगा,140
मोर्चा,132
अरुण,27
उसमें,181
विद्यार्थी,6
होली,193
हमें,39
आगामी,198
रवि,27
पक्षों,88
तार,112
इलाहाबाद,149
दाखिल,186
मिलेगा,140
जाति,75
डाला,93
भ्रष्टाचार,74
प्रचार,58
बचाने,180
मिलते,181
निकाला,93
करनी,182
साबित,39
पाए,181
पकड़,35
तृतीय,149
उठाया,93
पुत्री,1
ऊपर,112
हिरासत,70
स्तरीय,100
सजा,71
मरीज,90
जुड़े,58
वक्त,181
कमरे,41
पशु,30
असर,31
पर्यावरण,100
व्यापारियों,74
नया,111
दौड़,69
नियुक्ति,96
अंजाम,70
घाट,17
रंग,62
खबर,177
इतना,39
ताला,50
पहला,149
चली,87
व्यापारी,19
तहसीलदार,42
जागरूकता,58
पाने,180
अभाव,31
उनसे,59
विभागों,52
संचालित,146
देखकर,39
परंतु,39
निर्वाचन,125
खेती,30
देंगे,140
कस्बे,17
सूत्रों,115
अंक,60
शुल्क,166
जयंती,193
उठा,171
ज्ञान,91
आह्वान,58
टिकट,117
पटेल,27
पैसे,11
नारेबाजी,136
पेड़,189
वसूली,166
लगाते,171
चलाने,180
पार,76
रात्रि,34
नौकरी,7
शहीद,22
कराए,154
जुलूस,136
निकल,171
नहर,122
दिलाने,180
करे,147
रानी,143
चालकों,124
बढ़ाने,180
मुक्त,154
संयोजक,42
तिथि,198
शौचालय,68
अगले,198
सांस्कृतिक,21
भोजन,173
संभव,154
राजनीतिक,132
खाद्य,100
कला,21
जिसकी,39
कैसे,147
संरक्षण,100
पंडित,36
बीमारी,72
खड़ा,171
वार्ता,136
नियमित,154
फर्जी,117
उद्देश्य,58
खड़ी,87
करेगा,140
आगरा,17
बदमाश,164
बरसात,188
खुशी,193
मशीन,2
दुकानदार,19
शिकार,66
दिये,50
महत्वपूर्ण,21
जोर,69
मैं,39
ठंड,23
तीसरे,198
कीमत,166
वितरित,154
कथा,149
मतदाताओं,192
तुरंत,154
खास,111
पालन,135
रहेगी,51
मुश्किल,98
जिसका,39
मिनट,89
धारा,135
शुरुआत,198
किलो,89
पैसा,11
बूथ,2
पैदा,31
सिंचाई,122
विजेता,110
जन्म,149
दावा,154
लड़की,1
जिलों,52
मजबूर,154
छापेमारी,70
आशा,58
करवा,50
प्रत्याशियों,43
इलाकों,192
खेतों,30
मौका,107
बढ़ा,93
मिट्टी,30
विशाल,174
हटाने,180
अरविंद,27
मानव,156
रहीं,87
भरा,93
रांची,149
संदेश,58
बालिका,143
निकाल,50
बचाव,154
लोकसभा,125
बधाई,193
नाथ,36
विस्तार,37
पुरानी,105
सिर,112
ठेकेदार,74
आर्य,149
उपाध्याय,27
उचित,154
बसों,124
होटल,41
बातें,4
वैसे,39
क्यों,59
व्यापार,100
कटौती,166
सेना,126
दबाव,31
नशे,31
परिवहन,100
मार्केट,19
जब्त,50
अफसरों,7
आशंका,31
उत्पादन,30
अपराध,70
पाठक,60
पुराने,181
समापन,95
मान,39
उद्योग,100
हालात,172
संकट,31
जताया,93
योगदान,58
पीने,123
सुशील,27
नियमों,135
प्रबंध,100
मारने,180
दहेज,1
उनको,181
बिक्री,19
बाढ़,122
परिवारों,75
रोडवेज,124
सख्त,135
महामंत्री,42
लागत,166
संदिग्ध,70
गली,76
अध्यापक,6
बहादुर,22
लाया,93
पकड़े,171
सामग्री,60
विधान,125
रहेंगे,140
अधिकांश,181
रोग,72
जताई,182
अर्चना,38
तापमान,72
प्रतिदिन,123
संभावना,31
अपहरण,70
स्वच्छता,68
महाराज,36
आरक्षण,96
करवाई,182
विनय,27
मुआवजा,166
शहरी,75
संकल्प,58
निकले,181
पूजन,34
स्पष्ट,37
इस्तेमाल,154
खाते,166
मोहल्ला,17
लिखा,60
मुहैया,108
गीत,63
कार्यरत,100
खनन,74
बहन,1
खाद,30
गंभीरता,37
मांगी,153
हमेशा,181
न्याय,125
मोड़,76
जूनियर,110
गौरव,27
माल,19
मिलेगी,51
गठित,154
किशोरी,1
गणेश,38
माना,93
सुरक्षित,154
तत्वावधान,95
ज्योति,143
शरीर,72
नीरज,27
शांत,177
किलोमीटर,76
मनीष,27
अपराधियों,70
पिटाई,164
धार्मिक,94
आदर्श,37
रास्ता,76
मुकाबले,43
बाबू,27
नवीन,21
उमेश,27
याद,105
अभिभावकों,6
बढ़ने,180
मजबूत,58
सिपाही,164
छानबीन,70
मजिस्ट्रेट,42
मीडिया,111
कश्मीर,126
सौंप,93
महेंद्र,32
निस्तारण,186
चारों,181
घटनाओं,88
आबादी,75
कक्ष,41
दोषी,71
कन्या,1
ब्यूरो,125
होनी,182
चक्कर,180
महोत्सव,95
अच्छी,37
गुहार,153
ग्रहण,154
प्रतिमा,38
ढंग,37
सोनी,27
पदों,52
भक्तों,38
जवानों,126
दौरा,136
लंबी,76
आये,181
उम्मीदवार,96
सोने,62
कमल,27
शक्ति,91
सुविधाएं,108
नृत्य,21
अहम,128
राजनीति,132
जायजा,41
नीति,135
गति,31
अनेक,21
मास्टर,2
सुमन,143
जंगल,9
शोर,177
पैदल,76
खाने,173
फाइनल,110
गीता,143
दूरी,76
सुनिश्चित,154
गरीबों,75
बीज,30
लंबे,181
कार्यशाला,95
लेना,98
हूं,39
उपभोक्ता,100
संस्कृति,156
मोटर,124
गृह,125
प्रवीण,27
भीतर,181
खूब,177
अनुमति,154
खुले,181
अखिलेश,27
दीप,13
आती,87
चौराहे,17
सब्जी,173
चालू,105
दूध,123
बादल,188
नियुक्त,154
वीरवार,198
नियंत्रण,100
कार्यकारिणी,42
अनुमंडल,17
सक्रिय,58
जवान,126
प्रवक्ता,42
ओमप्रकाश,32
आता,39
लिखित,60
काट,50
जर्जर,122
अध्यापकों,6
अफसर,7
नकदी,166
वार्षिक,95
संचालक,42
अजीत,27
आदमी,7
मिलता,39
विवाह,1
विश्वास,58
वृद्धि,31
नाले,122
विरोधी,132
डाल,50
यज्ञ,34
निकासी,122
निकला,93
इन्हें,39
कार्यक्रमों,95
चालान,117
सुविधाओं,108
सभागार,95
बच्ची,1
किस,149
शेष,181
शपथ,136
राजा,15
बीस,89
आक्रोश,66
इकाई,100
गैर,21
लाइसेंस,117
डाक्टर,90
पुरुष,55
दरबार,15
धनराशि,166
दोबारा,105
न्यायिक,125
खिलाड़ी,110
इनकी,181
पाठ,60
तैनाती,126
बताई,182
गन्ना,30
बालक,29
तकनीकी,100
उपस्थिति,37
वही,181
लक्ष्मी,38
जुर्माना,166
उपयोग,154
संगठनों,192
कमिश्नर,42
वित्तीय,100
जुट,180
निकलने,180
जैसी,182
धरने,136
उम्र,89
साथी,55
प्रतिभा,37
जगहों,92
समूह,100
आवश्यकता,154
रक्षा,100
बतौर,111
वित्त,125
भरने,180
श्रद्धालु,38
डालने,180
प्रदूषण,31
पौधे,189
दौर,198
सर्वे,2
कंप्यूटर,100
टूट,24
घटनास्थल,70
चाहते,98
बकाया,166
हवा,188
महत्व,37
अभिषेक,27
भजन,63
सुधीर,27
गुप्त,149
आजाद,22
प्रेरित,154
लुधियाना,17
दिखा,93
अनशन,136
बाधित,154
पकड़ा,93
बजाय,180
लगता,39
सामुदायिक,100
छोड़कर,172
सीधे,181
अलीगढ़,17
जाच,186
हमले,126
रफ्तार,124
आना,98
तेल,123
विधि,100
स्वच्छ,68
बदल,93
दुकानें,116
पशुओं,30
पहुंचाने,28
पेट्रोल,124
उठाने,180
इसको,39
वंचित,75
अंत,198
अधिनियम,135
बुरी,31
एकड़,89
भेजी,161
आशीष,27
पूर्वी,21
प्रधानाध्यापक,179
खाना,173
पाकर,91
गौरतलब,39
चुनावी,43
विकेट,110
आश्रम,41
उत्साह,58
बेहद,181
कहां,59
रोशन,13
पंप,122
क्षतिग्रस्त,122
मूल्य,166
संस्कार,94
महज,89
चिकित्सालय,90
मृत,29
ट्रेनों,124
रोज,123
छोटी,1
साथियों,192
लंबित,186
बेचने,19
वक्ताओं,95
बढ़ती,5
आपदा,100
कारोबार,74
हिमाचल,149
बाकी,181
प्रारंभ,154
हिसाब,134
नजदीक,181
कराकर,50
प्रार्थना,153
कुलपति,42
पुतला,84
दिक्कत,39
मुलाकात,136
धूप,23
इंचार्ज,42
भेजने,161
सोसायटी,2
लड़कियों,192
मतगणना,79
देता,129
जिम्मेदार,31
इतनी,181
मेहता,27
नियम,135
सार्वजनिक,100
सर्जन,90
जायेगी,51
कांड,70
कोषाध्यक्ष,42
स्कूली,183
पुष्टि,154
पड़ेगा,98
अखिल,149
अच्छा,39
अनाज,30
धर्मशाला,41
बीमा,166
कानूनी,135
मात्रा,72
वीरेंद्र,32
समस्याएं,4
विहार,174
आवागमन,76
खतरा,31
प्रतिनिधियों,125
रखते,171
मांगा,153
भरे,171
लें,147
विद्या,162
फुटपाथ,76
मजदूरी,75
श्रेणी,100
कौन,59
यमुना,29
खोलने,180
सुंदर,133
चीनी,21
मारकर,35
भ्रमण,95
आत्महत्या,70
पोल,84
नागरिक,125
अंचल,21
जिनमें,181
चयनित,154
लेंगे,140
ससुराल,1
सामूहिक,58
रक्तदान,58
जुटे,180
निकालने,180
पदक,110
मिलती,87
महंगाई,74
चिंता,31
क्षमता,37
निर्मल,27
समर्थकों,192
गोदाम,19
आक्रोशित,136
मुंह,112
भाव,91
फायदा,39
कौशल,100
पत्रकारों,192
अमर,22
मुद्दे,136
अंकित,60
पीड़िता,1
अच्छे,181
प्रदर्शनी,95
बृहस्पतिवार,198
टूर्नामेंट,110
फसलों,30
काली,38
निगरानी,100
न्यायाधीश,125
स्वरूप,37
कार्यवाही,186
याचिका,186
भरोसा,39
भेंट,153
भेजे,161
समुदाय,75
अनुसूचित,75
घंटों,198
पहुंचाया,28
हाथों,112
गुणवत्ता,37
बांध,122
करायी,182
कस्बा,17
एडवोकेट,32
ढाई,89
नाटक,111
धीरे,181
दुरुस्त,154
रुपया,11
फूल,189
हमारी,181
मानदेय,52
सकेंगे,140
गुरुद्वारा,41
उनमें,181
सागर,29
ममता,143
बदलाव,31
गिरने,24
व्यवसायी,55
मेहनत,11
सेवक,55
बुलाया,93
संध्या,34
कूड़ा,68
अभ्यर्थियों,6
परीक्षण,100
काटने,180
इंतजाम,41
हरी,189
फैसले,186
मना,153
हथियार,104
दफ्तर,7
पर्यटन,100
धूमधाम,193
पर्याप्त,37
घेराव,136
पुरस्कृत,154
सौंपी,182
स्वर्ण,29
मेरे,181
स्व,91
ऑटो,124
टाटा,2
फीस,166
शाह,54
सदन,125
प्राथमिकता,37
पूनम,143
भव्य,174
मोहल्ले,17
कैलाश,36
कलाकारों,192
सत्ता,132
आरती,38
संगीत,21
पश्चिम,149
टीमों,110
प्रभाव,31
अस्पतालों,90
संसाधन,100
त्यागी,27
भारद्वाज,27
लड़ाई,43
बेटा,1
विशेषज्ञ,90
तत्कालीन,125
नामक,149
लापता,145
बोल,59
निकली,87
दीवार,174
खाता,166
शुरु,98
पत्थर,174
राजमार्ग,76
शिक्षण,6
राजधानी,125
उपरांत,105
राज्यों,125
देखरेख,41
जोड़ने,180
डाक्टरों,90
रेखा,143
साहब,54
अवकाश,198
रुप,37
बच्चा,144
सड़क,76
भरी,57
व्याप्त,31
आपसी,88
अगुवाई,136
चावल,173
भले,39
संपत्ति,166
औद्योगिक,100
बढ़ी,5
पश्चिमी,21
दर्द,26
रोजाना,123
रखकर,50
जिन्हें,181
आभार,58
वरीय,42
सारी,4
बताए,39
चलता,39
इनका,181
कायम,58
एकता,58
सुनाई,182
दलों,43
हादसा,145
पूछा,59
हवाले,35
डॉक्टरों,90
राख,8
मुस्लिम,102
नाराजगी,177
मंत्रालय,125
सलाह,153
अनुदान,166
निधन,149
रणनीति,43
सूरज,13
गोष्ठी,95
मुझे,39
नये,21
छूट,166
श्रद्धांजलि,22
बहाल,154
जुटी,87
बीमार,90
स्वीकृति,154
कंपनियों,74
मंदिरों,174
लीटर,103
तीसरा,198
कपड़े,62
भागने,180
भक्ति,94
प्रेस,60
इतिहास,21
दिलाया,93
समझ,39
गड़बड़ी,172
विकसित,154
हित,58
पड़ताल,37
अमन,27
बढ़ावा,58
शोक,26
सहमति,154
फीसदी,89
बिहारी,36
मुहल्ला,17
सूबे,125
सकें,147
समान,37
शोभायात्रा,41
वातावरण,37
जाएंगी,51
दुनिया,156
अपराधी,70
प्रेमी,55
लाठी,104
जानी,182
कीर्तन,63
अंग्रेजी,60
खरीदने,19
परिवर्तन,31
तोड़कर,50
स्वीकृत,154
उत्पन्न,31
भावना,58
उतर,18
माने,55
राज्यपाल,125
अभिभावक,183
आरंभ,154
नागरिकों,192
घुस,35
नाला,122
अधिकतर,181
बदले,153
चोट,112
बदलने,180
छुट्टी,198
बैठा,171
कार्यपालक,42
अक्सर,181
विगत,198
हों,147
खून,72
आचार्य,162
पीड़ितों,70
सत्यापन,117
समन्वयक,42
व्यवहार,37
लिखे,60
सुनने,180
जाया,93
मूल,21
अवधेश,27
मुहिम,58
बीएसए,42
मूल्यांकन,37
हड़कंप,177
गुजर,171
दायर,186
पढ़ने,183
निलंबित,136
हत्याकांड,70
बीमारियों,72
पोलियो,158
न्यूनतम,96
क्रय,166
वर्षा,188
बुजुर्ग,1
पैर,112
कराना,98
तैयारियां,4
भूषण,27
नीतियों,88
करवाए,154
बंसल,27
सचिन,27
अथवा,100
आवासीय,100
मांगे,153
मानें,39
करोड़ों,11
सफर,76
भाषा,21
प्रस्तुति,95
रहना,98
आयु,89
गतिविधियों,88
दीक्षित,27
चौराहा,17
दर्जा,154
ऑनलाइन,117
जलकर,8
दीपावली,193
हस्ताक्षर,117
नाराज,136
खोल,50
तलाशी,164
फांसी,71
दाम,19
समाचार,60
दिखाया,93
बनकर,171
अंतरराष्ट्रीय,100
शिरकत,95
निशान,112
तनाव,31
बाग,189
सुनकर,39
विवाहिता,1
सदस्यता,96
मैनपुरी,17
तैयारियों,88
फैल,158
आवंटन,166
चंदन,27
डीजल,124
नशा,119
कविता,60
दरअसल,39
देरी,31
ऊर्जा,100
कोतवाल,164
बसें,124
मान्यता,37
जोरदार,111
देहात,17
सालों,89
अदा,128
प्रावधान,135
महाप्रबंधक,42
संस्थाओं,192
कपूर,143
प्रगति,58
पंजीकरण,117
छापामारी,70
सोच,39
मालूम,39
सीटों,43
पदार्थ,72
दलित,75
गले,112
पचास,89
रोका,93
उत्सव,193
विश्वकर्मा,36
बाजारों,19
बैठ,171
बदायूं,17
बाहरी,21
प्रस्तावित,154
डेंगू,158
परीक्षार्थी,6
कारणों,88
स्वीकार,154
ललित,27
केन्द्रों,52
कागजात,117
मूर्ति,38
राष्ट्रपति,125
मनमानी,74
सेवानिवृत्त,55
दहशत,65
समाजसेवी,55
कार्यकारी,42
महसूस,39
चलाई,182
चाय,103
थानों,70
खरीदारी,19
अर्पित,91
सारे,181
उम्मीदवारों,96
मस्जिद,184
महानगर,174
सेवाएं,108
बगैर,39
खेलों,110
शिकायतों,88
विदेशी,21
मानसिक,31
अनुपस्थित,136
पड़ने,180
चुना,93
करार,84
लिहाजा,39
आखिर,59
घरेलू,100
मुजफ्फरपुर,17
हिदायत,153
डाक,117
धाम,38
एकत्र,154
पीटा,35
पारा,103
सेहत,123
शिकायतें,4
ट्रैक,124
आसमान,188
योजनाएं,4
सिलसिला,177
देती,129
राहगीरों,164
वकील,55
पुराना,149
कार्यकाल,125
लक्ष्मण,36
पेपर,117
गिरी,24
मनाने,193
बचने,180
निवास,41
सहारा,180
आवंटित,166
मांगने,153
शरण,36
आयी,87
एकत्रित,154
पड़ोसी,172
श्रम,100
सेमिनार,95
बंगाल,149
प्रणाली,100
व्यक्तियों,192
गलियों,92
विमर्श,37
सूर्य,29
मचा,177
आग्रह,154
मनोहर,27
अधिकतम,100
पंजाबी,21
काला,29
सौरभ,27
बंदी,70
उल्लेखनीय,37
चुनौती,37
प्रांगण,41
हार,43
पाते,39
इंकार,154
दिल,185
जिंदगी,185
प्रसार,58
परमजीत,32
किरण,143
परिचय,37
खोला,93
पानीपत,149
जवाहर,149
श्रमिकों,25
अवतार,29
वृद्ध,1
पंजीकृत,117
त्योहार,193
आधारित,37
वैज्ञानिक,55
अनदेखी,66
तले,171
स्वतंत्रता,132
सारा,181
गाड़ियों,124
कहने,180
थोड़ी,172
ठोस,37
चलेगा,140
ग्राहकों,166
शिशु,144
मुफ्त,108
पकड़ने,180
नाबालिग,1
मृतका,1
परीक्षार्थियों,6
बीती,177
फेंक,50
अंतर,37
पाली,17
मृत्यु,26
द्वार,174
विकलांग,75
साजिश,70
स्मृति,91
कलश,29
भीषण,31
सर्विस,2
काउंटर,117
अवधि,198
मंजू,143
तीस,89
समस्त,21
टीमें,110
बालू,103
स्नान,34
राष्ट्र,125
कुरुक्षेत्र,149
डाली,182
बचा,93
संगत,37
भक्त,38
प्रकट,154
बारह,89
आंखों,99
चेहरे,133
स्थायी,100
शिनाख्त,70
तारीख,198
बनवाने,180
भोला,36
सुझाव,154
चलाए,58
बर्बाद,11
सचिवालय,125
संज्ञान,186
बहिष्कार,136
मारी,69
प्रेरणा,58
बांका,17
शारीरिक,31
व्यापक,37
पड़ती,182
हमारा,181
कामना,91
उत्पीड़न,66
समाजवादी,132
सहकारी,100
मुक्ति,91
प्रतिभागियों,44
कैद,35
समझा,39
विदेश,125
नकल,84
सायं,198
जिनके,181
हमीरपुर,17
तत्वों,88
अनियमितता,31
पंच,187
सख्ती,135
बुरा,31
चांदी,62
चन्द्र,36
स्टोर,19
वीर,22
बीत,198
हवन,34
निधि,100
नगरपालिका,125
मौलाना,54
लघु,100
नायक,55
छेड़छाड़,66
हादसों,70
पंचायती,125
देखी,182
गार्ड,2
सराहना,58
शुरूआत,154
गश्त,126
अनिवार्य,154
संग,133
रिक्त,52
वेलफेयर,2
चुनावों,43
पटरी,124
खुला,93
कैमरे,111
मौजूदा,100
पारित,154
मंगल,29
विजयी,43
मौजूदगी,88
समझौता,136
रखना,98
पार्षदों,42
नरेन्द्र,27
बैठने,180
शानदार,111
सुरजीत,32
बर्दाश्त,66
होंगी,51
रोशनी,13
इतने,181
आसानी,181
देवघर,38
लगते,171
चेन,2
संसदीय,125
अभियुक्त,186
सरदार,32
दान,11
डालकर,50
कार्यालयों,52
सैनिक,126
खुली,182
जबरन,35
नोट,117
रिक्शा,124
शोभा,143
दक्षिण,149
तलब,186
पट्टी,112
ग्रेटर,2
स्थलों,174
गाय,9
आपस,181
चाहती,98
सीडीओ,42
कमजोर,31
भाषण,95
बराबर,134
परेशानियों,88
निरस्त,154
मायके,1
हिंदू,94
रखें,147
तस्करी,70
पलट,171
अनियंत्रित,31
टेंपो,124
पहुंचते,28
ऐतिहासिक,21
वंदना,143
पेट,123
विशिष्ट,21
रेट,166
बागपत,17
मेरी,1
दरवाजे,174
खारिज,154
छोटा,181
हैंडपंप,122
बुखार,72
ढेर,68
उसको,39
नाली,122
राह,76
कवायद,180
रहें,147
छावनी,17
नष्ट,154
कप्तान,110
पौधरोपण,30
मशक्कत,177
पश्चात,105
आजादी,22
शिक्षिका,179
शशि,27
आस्था,94
मनाई,193
गाजीपुर,17
कचहरी,17
बनाना,98
बढ़ता,93
घटनाएं,4
हटा,93
ज्यादातर,181
पत्रों,60
खेला,110
दिखाकर,84
आधुनिक,21
उदय,149
प्रभात,27
प्रतिनिधिमंडल,136
उल्लंघन,135
यहीं,181
उठाए,171
प्रकाशित,60
हिंदी,21
मुकाबला,43
एकजुट,58
गईं,182
अमल,154
सहारे,171
उठे,171
सेंट्रल,2
खेलकूद,44
आधे,89
मोहित,133
शहरों,192
हुये,171
कबड्डी,110
संस्थानों,6
बोले,59
अगली,105
अधिग्रहण,166
सास,1
छापा,60
कैंसर,72
मुहल्ले,17
गिरा,24
दिखे,171
लेखपाल,139
खतरे,31
सलाहकार,125
आलू,173
लकड़ी,9
कोयला,100
सड़कें,76
छात्रवृत्ति,6
पोस्टर,111
प्रजापति,36
कुशीनगर,17
अनुरूप,37
भाइयों,1
काटकर,50
संहिता,135
छीन,35
भूख,26
हटाया,93
क्षति,31
पीछा,35
सेल्सियस,23
सूचित,154
उपकरण,100
चित्र,60
रंजिश,70
स्वस्थ,72
अतिथियों,95
सांस,72
नींद,177
सभासद,42
उपजिलाधिकारी,42
अल्पसंख्यक,75
गाली,66
लूटपाट,164
सत्संग,162
बंधक,164
क्विंटल,89
तकरीबन,89
रूपये,89
चाहे,39
हिस्से,181
ठेका,74
प्रांतीय,125
निकालकर,50
निश्चित,37
बदला,93
बचाओ,58
दौरे,136
शांतिपूर्ण,132
बिलासपुर,17
प्रकोष्ठ,42
शोषण,66
नमाज,184
गर्म,123
बुलंदशहर,17
साइंस,2
दबोच,164
मानक,100
जीता,93
गौर,39
नायब,54
नकद,166
कवि,55
महीनों,198
मित्र,55
बढ़ते,171
सर्व,91
महादेव,38
बढ़ोतरी,166
सर्दी,23
वासियों,192
उपलक्ष्य,193
चलें,147
दूबे,27
विवश,154
पंद्रह,89
प्रसिद्ध,21
दशा,31
मासूम,65
मार्गो,76
दाखिला,183
संरक्षक,42
डेरा,17
सेवन,123
सर्वाधिक,21
फाटक,174
मारा,35
नारे,132
गोल,110
नवरात्र,34
पात्र,55
रोगियों,90
करंट,24
उठाई,182
चुने,125
दर्शकों,111
अभय,27
किराया,166
विस्तृत,37
गावों,75
शैक्षणिक,6
नलकूप,122
संस्कृत,21
झुलस,8
तकनीक,100
जेवर,62
मांगें,153
समर्थक,132
पूछे,59
अनुरोध,154
सुख,91
प्रशांत,27
दरभंगा,149
रहकर,181
उठाकर,171
पहलवान,110
सवा,89
निशाना,126
अवस्था,31
समर्पित,58
देगी,51
विदाई,193
वार्डो,52
जनप्रतिनिधियों,139
सर्वसम्मति,136
अति,37
निकाय,125
चलाकर,50
लाकर,50
बारी,105
गणित,183
नतीजा,39
नालियों,122
विषयों,88
व्यस्त,181
आकाश,29
जिन्होंने,39
बनाये,154
महात्मा,162
संदर्भ,37
प्रतियोगिताओं,44
दोस्त,1
दशक,198
गर्भवती,144
चाकू,104
मालिकों,74
स्थगित,136
लाश,65
हाजी,54
इटावा,17
बढ़ाया,93
टोल,166
घुसकर,35
खुल,39
पत्रकार,55
प्लान,2
तालाबों,122
जेब,11
फूंका,53
अवश्य,39
आचार,94
संचालकों,74
परिस्थितियों,88
दबिश,164
कितने,181
टूटी,24
संगीता,143
बैठकर,171
कुंवर,32
जहर,103
पुलिसकर्मियों,139
पुलिया,122
विष्णु,36
बीएलओ,52
टीकाकरण,144
कार्यों,88
वेबसाइट,60
फंसे,171
चलती,87
गन्ने,30
वापसी,154
मैन,2
झंडी,182
फिरोजपुर,17
सिख,94
प्रसव,144
गंदा,68
खाद्यान्न,30
उत्पाद,100
सराहनीय,58
जल्दी,181
दिखाने,180
सूरत,185
गुजरने,76
आएगी,51
जगत,91
यानी,198
हराया,43
मुद्दों,88
संवेदनशील,55
बगल,112
भेजकर,161
रिश्तेदार,1
फीट,89
वैन,124
शिलान्यास,95
दायित्व,58
कैंट,17
जुड़ी,4
पर्चा,117
तस्वीर,111
जाट,32
परिचालन,100
फीडर,122
कराते,154
हेक्टेयर,30
अनुज,27
जताते,39
गला,112
खातून,54
लुटेरों,164
डाले,50
कामकाज,125
सुनी,182
मानना,39
अभ्यर्थी,6
किल्लत,122
मिलाकर,123
आबकारी,74
दंडाधिकारी,42
शोध,100
मारे,126
खुलने,180
देगा,140
मुकदमे,186
ससुर,1
सील,117
घंटा,89
निंदा,66
लगेगा,140
मिलन,91
ध्वस्त,35
उच्चाधिकारियों,139
पथराव,35
तीसरी,105
रेवाड़ी,17
आतंकी,126
निदान,144
सत्य,91
आत्मा,91
लेन,2
विरूद्ध,135
मनोरंजन,111
हकीकत,39
प्रखंडों,52
महासंघ,42
आपराधिक,70
कलाकार,55
लड़के,1
वेद,162
ओझा,27
आला,7
घोटाले,74
निपटने,31
खेलने,110
भागवत,36
सीता,143
साधन,100
पिछड़ा,75
विमल,27
कैबिनेट,125
बवाल,177
नितिन,27
साहित्य,21
मामूली,31
अकादमी,95
चाहता,98
बेच,19
लाई,182
पसंद,98
रजिस्ट्रेशन,117
स्नातक,6
बसंत,133
राज्यमंत्री,125
हवाई,145
जाये,39
गठबंधन,43
गणमान्य,192
विधायकों,125
जानने,180
कहकर,39
रामचंद्र,36
चौथे,198
इंटरनेशनल,2
हर्ष,27
सदस्यीय,125
चार्ज,166
शाही,15
भागीदारी,58
जानलेवा,70
कराएं,147
माफिया,74
आगमन,193
आएंगे,140
मंजूर,153
मंचन,95
पुस्तक,60
पूर्ति,154
श्रद्धा,94
कंबल,62
लिपिक,42
छोड़ने,180
विक्रेता,19
लंगर,41
ताले,92
उतार,18
देखे,39
मिठाई,173
कटान,122
गोस्वामी,36
जलापूर्ति,122
लगाना,98
कारोबारी,74
दिनभर,177
दसवीं,183
जैसा,39
महासभा,125
जलभराव,122
दिलाई,182
ग्यारह,89
तिलक,149
खासकर,39
परंपरा,94
मेरा,39
माल्यार्पण,95
मानते,39
बीबी,1
उपमंडल,17
खुर्द,17
चाचा,1
तब्दील,35
आधी,89
मासिक,60
इंस्टीट्यूट,2
जीटी,124
ऊधमपुर,17
स्पष्टीकरण,154
कोहराम,177
फटकार,69
लोगो,192
प्यार,185
कामयाब,58
कमला,143
पुलिसकर्मी,164
बाला,143
देशों,192
रजिस्टर,117
कूड़े,68
तोड़फोड़,35
दक्षिणी,21
आसान,98
दमकल,158
भूकंप,158
बुलाकर,50
व्यवसाय,100
बाधा,31
आपत्ति,186
होश,69
ग्राहक,166
विधिक,186
जागरुकता,58
अनुराग,27
काटा,78
मजबूती,58
बताने,39
प्रदर्शनकारियों,136
दुख,26
हरकत,66
पहाड़ी,76
प्रतिबंध,135
लिखकर,60
संविदा,52
गुलाब,189
बेटियों,1
प्रमाणपत्र,117
गुजरात,125
दोषियों,70
सटे,17
अधीन,135
वाद,186
वकीलों,186
तोड़ने,180
जेवरात,164
संसद,125
आशीर्वाद,91
पौधों,189
कोहरे,23
जलस्तर,122
शुद्ध,37
चैंपियनशिप,110
रक्त,72
बचे,181
भीम,29
सरिता,143
वादा,153
चलना,98
निभाई,128
प्रतीक,37
धोखाधड़ी,74
ठगी,164
उत्तम,91
बजाए,180
उजागर,84
सवारी,124
पाठशाला,183
लौटने,180
सुबोध,27
उत्तरी,149
सेवाओं,108
दूषित,68
काले,29
अविलंब,136
हमने,39
ऊना,17
बेरोजगार,75
आदिवासी,75
कर्ज,166
बेहोश,69
लाभार्थियों,52
विकल्प,154
बीए,183
जोड़ा,93
वार,104
रसोई,173
बातों,88
गुस्सा,69
बनता,39
लड़ने,43
शहीदों,22
समस्तीपुर,17
संशोधन,135
जरिये,154
गीतों,21
अंधेरे,13
करेंगी,51
पक्का,39
योग्य,154
समुचित,37
चौकीदार,164
पंडाल,41
सराय,17
पुष्पा,143
टैंकर,145
शारदा,143
इन्कार,154
विपरीत,31
धीरज,27
सैनिकों,126
निर्वाचित,125
विलंब,31
कमर,112
ज्ञात,154
सूत्री,136
पेड़ों,189
गिरकर,24
एजेंसियों,74
मकसद,84
नकली,84
दावे,84
तर्ज,111
रोटी,173
प्राकृतिक,100
निष्पादन,100
चिन्हित,154
करोड़,89
अनुसंधान,100
टंकी,122
वासी,75
खोले,50
खुश,153
घनश्याम,32
जिनका,181
सहनी,182
शौच,68
कहानी,111
अड्डा,145
धरती,156
हाजिर,186
लगती,87
उपेक्षा,66
कूद,24
मलेरिया,72
आपको,39
बुझाने,8
पवित्र,94
कचरा,68
सेविका,143
जनहित,58
कुर्सी,7
बनेगा,140
आकर्षक,133
सकारात्मक,58
आकर्षण,133
नालों,122
घूम,171
नारी,119
निष्पक्ष,37
श्रीमती,143
लटका,50
जिनकी,181
बोतल,103
नोडल,42
शिक्षित,75
पोषण,100
धाराओं,88
प्रवचन,162
बुलंद,58
प्रधानों,52
मेजर,27
सीडीपीओ,42
अनुमान,39
रंगारंग,95
रुक,171
प्रकोप,158
निषाद,32
कितना,39
छाया,13
दरोगा,164
कुश्ती,110
प्रभावी,37
लोकतंत्र,132
समितियों,52
अव्वल,183
गंदे,68
विश्वनाथ,36
बांटे,50
नगदी,164
गुरूवार,198
प्रीति,143
बोझ,26
मुख्यातिथि,42
उपाय,147
पराजित,43
भरपूर,58
भार,134
टूटने,24
पूर्वक,37
प्रशिक्षक,110
सर्किट,2
बल्लेबाजी,110
निर्मित,174
धर्मपाल,32
प्रोग्राम,2
बरकरार,37
भेदभाव,66
जनसंपर्क,42
हाथी,29
भरकर,103
काटे,50
कपड़ा,62
अन्यथा,39
पान,123
त्वरित,100
भवनों,174
रुचि,37
इत्यादि,100
फुटबाल,110
व्यय,166
बनाते,171
प्वाइंट,2
झगड़ा,172
पदोन्नति,96
डकैती,164
लगाये,171
समझाने,180
पहिया,124
फेडरेशन,110
हमलावरों,126
लालू,43
सोना,11
लौटा,93
पीढ़ी,192
रेस,110
पूछने,59
बीघा,89
पुख्ता,37
दवाओं,90
आंधी,188
अपेक्षा,37
सुधारने,172
अध्ययन,100
अन्तर्गत,100
जंग,43
सिरे,112
धक्का,24
पड़ोस,1
चिकित्साधिकारी,90
व्रत,34
चतुर्थ,149
लड़कों,183
कच्ची,103
निदेशालय,52
उपलब्धि,58
संविधान,125
गढ़वा,17
इंद्रजीत,32
केन्द्रीय,125
झंडा,22
लहर,188
मंशा,84
प्राप्ति,91
क्षेत्राधिकारी,42
पुजारी,38
उद्यान,174
स्टेशनों,92
तंग,66
चढ़कर,18
आरक्षित,96
खिताब,110
अधिकारों,135
नगरी,174
किलोग्राम,89
धूल,188
छोड़ा,93
अक्षय,27
पीठ,112
जलाकर,8
रंगदारी,164
संस्थापक,55
बहाने,180
स्थानांतरण,100
दबोचा,164
कतार,92
देशी,21
चोटें,4
किंतु,39
वर्षों,89
गलती,71
दिक्कतों,88
डोर,112
सीधा,181
दुमका,17
इन्होंने,149
तारों,13
घाटों,92
परीक्षाओं,6
कर्नल,32
बढ़कर,89
हॉल,174
कहासुनी,164
निर्माणाधीन,174
उग्र,66
ठेके,74
कड़े,135
मौन,91
विधवा,1
जनप्रतिनिधि,125
तबादला,136
दंपती,1
पैमाने,100
रजनीश,27
बुलाई,136
बिगड़,172
आदेशों,135
भंडारी,32
आमंत्रित,154
सुचारू,58
निवासियों,192
मैंने,39
पाक,126
अलाव,8
आरएस,32
मानी,182
गायक,55
उपकेंद्र,122
कारतूस,104
सीटें,43
दबंगों,164
बढ़ाकर,89
कराये,154
आवाजाही,177
हल्की,188
गणतंत्र,125
सुन,39
हृदय,91
आभूषण,62
निरंजन,36
लौटे,93
शेर,54
किराए,166
मंजिल,76
पिछली,105
वसूल,166
इस्लाम,184
संदेह,39
पाती,87
सेवकों,52
कमरों,92
निर्देशों,135
दहन,8
हीरा,32
पकड़कर,112
निशा,143
पर्स,62
ट्रकों,124
उन्हीं,181
तस्करों,70
खोज,37
दाल,173
अनुभव,37
महान,55
मुआयना,93
टकरा,127
चांद,185
संबोधन,95
एड्स,72
गाड़ियां,124
कटाई,30
उतरने,18
आफिस,2
निर्देशित,154
बीईओ,113
मेल,117
पारिवारिक,21
जला,8
कमान,126
गोद,1
महायज्ञ,34
निरंतर,58
परन्तु,39
मतों,43
ताकत,43
अमेरिका,125
गहरा,31
पार्टियों,43
आरोपों,88
भूल,39
चिह्नित,154
शैक्षिक,6
नेत्र,90
स्मारक,174
गरीबी,75
कागज,117
विसर्जन,34
माला,62
इजाफा,31
मकानों,92
भगवती,38
संपूर्ण,37
चुरा,50
निर्धारण,154
इच्छा,91
मजबूरी,98
लाए,93
प्रारंभिक,100
बदहाल,75
ऋषि,162
चूंकि,39
प्रीतम,32
ठेकेदारों,74
अमृत,187
उतरे,18
इंसान,156
खुदाई,174
तमंचा,104
आएगा,140
सकेगी,51
जिम्मा,180
पर्यवेक्षक,42
कितनी,39
बृजेश,27
काशी,149
नम्बर,117
हलका,112
निकाले,50
चौराहों,92
पढ़ें,147
टूटा,24
घेर,35
विशेषज्ञों,192
एलान,136
हितों,88
जिम्मेवारी,58
दुर्घटनाओं,31
हस्तक्षेप,154
उठाना,98
अस्तित्व,156
दृष्टि,37
गुलाम,54
भंडारे,41
उड़ा,47
विपक्ष,43
मचाया,35
बेहाल,65
रसीद,117
सिपाहियों,126
हवाला,84
निशुल्क,108
गौड़,27
मुआवजे,166
कैदियों,192
डीडीसी,42
डाकघर,17
बाध्य,154
कांस्टेबल,164
भंग,136
फौजी,126
मुलायम,43
बाजी,43
अभ्यास,154
पुष्प,189
बहाली,136
भांति,29
सोलर,2
बहस,136
कथित,66
जीतने,43
रजनी,143
अपराह्न,198
मैट्रिक,183
मधु,143
रमजान,184
फैली,87
पुरुषों,192
उदासीनता,31
पर्ची,117
बहनों,1
संचार,100
धारण,154
व्यवसायियों,74
इन्हीं,88
पकड़ी,182
चिन्ह,29
संगोष्ठी,95
निराकरण,154
जुटा,180
पर्यटकों,192
खराबी,31
घटिया,66
दोनो,181
संभाल,93
इंटरनेट,111
मछली,145
आयकर,166
प्रयासों,58
निर्देशन,111
रोगी,90
उठाते,171
आपके,181
भैंस,9
अगवा,164
आखिरी,198
हमलावर,126
चापाकल,122
उठानी,182
पोशाक,62
पहाड़,76
परीक्षाएं,6
शिकायतकर्ता,186
बर्तन,103
धर्मेन्द्र,27
संसाधनों,100
तुलना,37
इमारत,174
सीमित,37
राखी,143
बढ़े,171
उत्थान,58
यूं,185
सेठ,27
मानसून,198
प्रवीन,27
सफेद,62
बनती,87
दवाएं,90
एयरपोर्ट,145
दिवाकर,27
जोड़,172
भोग,119
निर्गत,52
उमड़,188
तीर्थ,162
जीव,119
प्रताड़ित,66
दायरे,135
प्रोत्साहन,58
साक्षात्कार,154
सावन,188
कहर,65
शर्त,153
फरमान,135
कड़ा,135
छिड़काव,30
मचाने,35
ब्याज,166
क्रांति,132
जलाने,8
नवजात,144
निर्णायक,43
लोहे,104
अंदाजा,39
कल्पना,37
बचत,166
गिरावट,31
आतंक,70
बढ़ाई,182
पूर्णिमा,34
प्रोत्साहित,154
जिक्र,39
नक्सली,126
मुसीबत,177
प्रभार,125
कारोबारियों,74
रोगों,72
निर्मला,143
सुना,93
माले,174
विधिवत,154
साधना,91
पीडब्ल्यूडी,122
जिंदा,65
तिराहे,17
सापेक्ष,37
हिन्दी,21
कहती,87
जनजाति,75
कारावास,70
तफरी,177
फैला,93
संकेत,154
बड़ी,181
सघन,37
युवतियों,192
फूलों,189
विवरण,60
हथियारों,126
हिस्सों,192
सम्भल,171
नजारा,111
जनसंख्या,75
अभियुक्तों,70
घटे,89
नक्सलियों,126
बुजुर्गो,192
वृद्धा,1
मिलेंगे,140
प्रिया,143
प्रमंडल,125
उत्तीर्ण,183
बैठी,87
कमाई,11
युद्ध,126
अधूरा,39
वृक्ष,189
केशव,36
इमाम,184
टूटे,24
हलके,112
डंडे,104
कक्षाओं,6
जोकि,181
खामियाजा,66
लावारिस,164
बिल्कुल,39
परेड,95
फैलने,158
नर्सरी,183
जुड़ा,172
नियमानुसार,135
जनसभा,95
शाहिद,54
लूटने,164
सबको,39
कैदी,70
उत्क्रमित,146
निवारण,31
घाटी,76
देखभाल,144
उतरी,18
नदियों,76
छात्रावास,41
निर्भर,154
कीमती,11
चलेगी,51
संभावित,31
मेहमान,111
ट्यूबवेल,122
कोठी,17
उदाहरण,39
सोलन,2
ईमानदारी,58
चलकर,181
झेल,26
गुस्साए,164
अकेले,181
महकमे,7
बीआरसी,6
फैलाने,180
दाखिले,6
प्रकृति,156
कांफ्रेंस,2
प्राचार्या,42
खाक,8
गायन,63
युग,156
किराये,166
बाप,1
प्लास्टिक,103
परिषदीय,6
हरा,43
एजेंट,2
जिसको,39
खतरनाक,31
धीमी,31
कोचिंग,183
रखरखाव,100
वारदातों,70
जश्न,193
अनुपालन,135
समझौते,136
विदित,39
जीतकर,43
आठवीं,183
गोलियां,104
भड़क,69
सन्नाटा,177
कर्म,119
दलाल,74
प्रशंसा,37
डेयरी,2
शिकंजा,74
कुंदन,27
बताकर,84
ट्रेनें,116
दिसम्बर,198
बोली,59
मिलीभगत,74
भ्रूण,144
बारात,1
तुलसी,36
सुनाया,93
सच्चाई,84
अखंड,91
उपेंद्र,27
रखेंगे,140
व्यक्तिगत,37
उर्मिला,143
परिक्रमा,34
अनुशासन,135
कार्यप्रणाली,88
चेतना,91
कपड़ों,62
आगाज,95
अधिसूचना,52
गोला,104
बहू,1
भगा,35
झील,29
ठोकर,24
कर्तव्य,94
चौपाल,95
खाई,182
अश्विनी,27
वजन,134
कुएं,122
सवालों,88
रजा,54
धूम,111
परमात्मा,91
भरोसे,84
नाकाम,180
प्रतिबंधित,135
रवैया,66
गहरी,37
तारा,143
देखना,98
पाएगा,140
करवाकर,50
धनंजय,27
रवैये,66
अर्जी,186
टैक्सी,124
सम्पन्न,95
धारकों,166
टोली,192
बेहतरीन,111
कोट,62
जाल,84
मूलभूत,100
बिक,19
पायी,182
रोकथाम,72
लिखी,182
गूंज,63
शकील,54
डूब,145
जीते,43
रचना,37
वसूला,166
कालोनियों,92
कंचन,143
वैश्य,36
सिद्ध,91
गिरि,36
परिचालक,139
तंत्र,100
निपटारा,186
शातिर,164
विफल,154
बेंच,2
जरूरतमंद,108
कुलवंत,32
स्थानांतरित,154
चालीस,89
साक्ष्य,186
ऐलान,136
मोह,119
पाये,181
सेमीफाइनल,110
रोटरी,2
हिम्मत,71
लगायी,182
इकट्ठा,154
बेरोजगारों,75
हरियाली,189
बनना,98
सावित्री,143
पड़ते,171
चलाते,171
जन्मदिन,193
पुरुषोत्तम,36
रेत,188
हराकर,43
ख्याल,39
कालाबाजारी,74
महकमा,7
वर्दी,62
चहल,177
प्रतिवेदन,186
नौजवान,55
विद्युतीकरण,122
बांटा,93
जायेंगे,140
देसी,21
वैदिक,94
शवों,92
आयोजक,95
गवाह,71
नाजुक,133
शब्द,149
इस्तीफा,136
निशानदेही,70
पदार्थो,72
गुलशन,27
पुस्तकालय,41
दोस्तों,181
सतर्कता,31
खेलते,110
विक्रेताओं,19
हॉकी,110
कन्नौज,17
धांधली,74
समन्वय,58
खेले,110
अंधेरा,13
कीचड़,68
अंदाज,111
शिकायती,186
तमंचे,104
कार्यभार,136
दून,2
आखिरकार,39
जबरदस्त,111
वीरभद्र,36
सौंपने,180
प्रदेशाध्यक्ष,42
निकलना,98
कर्ण,29
कठिन,98
मवेशी,9
मेधावी,55
कृपा,91
रिकॉर्ड,117
दामों,19
जितनी,181
विश्राम,41
वर्करों,139
जंगली,189
दूसरों,119
सर्वेश,27
क्लीनिक,90
चरित्र,163
बीडीसी,32
सीमेंट,103
अबतक,39
मंत्रियों,125
एकमात्र,181
खरीदा,19
स्थाई,100
अश्लील,66
भुगतना,98
हाजिरी,117
खोजबीन,70
मरने,65
बुला,93
पांव,112
नवम्बर,198
मणि,29
करेगे,140
गुणगान,91
सीख,98
नगद,166
सूत्रीय,136
सक्षम,154
नसीब,185
पर्यटक,174
लगवाने,180
छेड़खानी,70
दिखाते,171
बहरहाल,39
संगम,95
शिक्षामित्रों,6
भंडारा,41
बेगम,54
प्रपत्र,117
रिश्वत,74
सब्जियों,30
पार्वती,38
करवाना,98
विभागाध्यक्ष,42
हाट,19
लैस,126
छात्रसंघ,6
सतर्क,31
शासनादेश,52
वरुण,27
व्यास,36
शीतल,143
सुध,177
खंभे,92
रौनक,177
वार्षिकोत्सव,95
चीख,69
भनक,177
उमस,23
युक्त,37
गुमराह,84
भजनों,63
माया,119
वाहिनी,29
सहकारिता,58
मिस्त्री,32
जीने,91
सूखे,188
मीट,173
समीर,27
धंधा,74
क्रियान्वयन,100
प्रसंग,37
बचाया,93
डयूटी,2
मनीषा,143
खिड़की,112
पलायन,75
अनिश्चितकालीन,136
निहाल,32
लंबा,76
तत्व,37
मंथन,58
वेतनमान,52
पुण्य,91
दिखाए,111
उत्कृष्ट,37
निर्वाची,42
नुक्कड़,95
सरसों,30
मानने,180
डालते,171
आराम,123
हरिओम,27
कान,112
संसार,156
मंडियों,19
पड़,98
निराश,154
थोड़ा,172
बाइपास,76
लेनी,182
प्रतिष्ठा,37
पाना,98
रिश्तेदारों,1
राजनैतिक,132
गिरफ्त,70
पुनीत,27
शरीफ,54
रिहा,71
विजेताओं,44
शौचालयों,122
मोहाली,110
रजिस्ट्रार,42
पढ़ाने,183
बुनियादी,100
माफी,153
जानवरों,192
नमूने,117
वोल्टेज,122
हीं,39
लूटी,164
लिख,60
मतलब,39
विवेचना,37
दीवान,54
समर,149
महंगा,98
दुआ,153
जिसने,39
पड़ाव,76
लायक,39
पीटकर,104
झोपड़ी,9
बंदियों,192
उत्साहित,58
बालिकाओं,75
दहिया,32
बांटने,180
सुधा,143
उतारने,18
कागजों,117
महिमा,91
मंडलायुक्त,42
लैपटॉप,2
कोटेदार,139
दबंग,164
जलने,8
टैंक,145
लाना,98
उतारा,18
चढ़ा,18
किताब,60
पुरवा,17
बेदी,143
सैयद,54
अर्थ,37
महर्षि,162
गौरी,143
अस्थायी,31
झगड़े,172
जाली,117
अभद्रता,66
पैदावार,30
वस्तु,37
शून्य,31
सुपुर्द,154
हत्यारों,70
मुंशी,32
वैकल्पिक,100
व्यक्तित्व,37
बीतने,198
आतिशबाजी,158
तरक्की,58
विज्ञापन,60
सेनानी,55
परियोजनाओं,100
बूंद,188
आवेदकों,96
राजाराम,32
जोश,177
गोशाला,41
निर्विरोध,125
कहे,39
शब्दों,88
अंचलाधिकारी,42
चक्का,124
कगार,31
संग्रह,60
अनुबंध,166
रूबरू,111
आमजन,58
हां,39
साधु,61
तड़के,198
हिन्दू,94
अधीक्षण,42
महादलित,75
विनीत,27
बुद्ध,162
नियोजित,100
कदर,185
त्याग,119
प्रशिक्षु,6
ब्योरा,117
नहरों,122
किस्म,21
निकलते,171
ऊंची,174
सुदर्शन,36
नेताजी,22
संकाय,6
प्रभारियों,52
घास,189
पंत,27
बटालियन,126
खातों,166
हफ्ते,198
शस्त्र,104
सार्थक,58
साहिल,27
लुटेरे,164
मार्गदर्शन,58
इसीलिए,39
तादाद,192
आमरण,136
दिक्कतें,4
रुकने,180
तरुण,27
बनेगी,51
प्रेषित,154
कामयाबी,58
चरणों,88
प्राण,91
वादों,88
गिनती,105
घटी,31
सूख,188
उठने,180
योग्यता,96
सनातन,94
शहरवासियों,122
कठोर,66
अंप्र,187
शुभ,34
मनप्रीत,32
पारदर्शिता,37
गंगवार,27
अधूरे,60
पाबंदी,135
सिनेमा,111
दरगाह,184
महुआ,189
उद्योगों,100
सनसनी,111
हवाओं,188
लेती,129
बचपन,183
बावत,186
दशहरा,193
रुपयों,11
हवलदार,32
ऊषा,143
शरद,27
जानकारियां,4
उपरोक्त,100
टिप्पणी,60
निभा,128
उपचुनाव,43
महोबा,17
निबंधन,52
संबद्ध,100
जितना,39
एकल,100
कुसुम,143
अरविन्द,27
जहरीला,72
कराएंगे,49
स्टाल,19
शिवानी,143
सक्रियता,58
खुलासे,70
आशय,154
थानेदार,164
प्रहार,104
मिलों,74
जागृति,58
जगजीत,32
खुलेआम,84
करण,27
जोरों,177
पाएंगे,140
पासपोर्ट,117
हिंसा,66
खाकर,173
झूठे,84
संतुलन,37
कच्चे,123
अभियंताओं,139
बदतर,31
प्रकाशन,60
राजभर,32
असली,84
त्रिवेदी,27
नारा,132
देन,37
विपक्षी,43
चमन,185
प्याज,173
जीना,98
समझाया,93
मसले,191
पृथ्वी,29
कोमल,133
पठन,60
महीना,198
सिलसिले,198
लदे,171
हेलमेट,62
व्यवसायिक,100
दस्तक,177
सर्वश्रेष्ठ,21
पाठन,183
टेलीफोन,2
डूबने,145
बढ़ोत्तरी,31
अपनाने,180
सशक्त,58
झटका,24
मानवाधिकार,125
सिद्धार्थ,27
सर्राफ,32
उद्यमियों,192
काजल,143
वैज्ञानिकों,192
गणना,100
आतंकियों,126
सबक,71
बची,87
पुनर्वास,100
केसरी,32
यानि,198
वादी,186
भटक,171
सिमडेगा,17
अग्रिम,166
बिगड़ने,172
उमड़ी,177
हटाकर,50
तंबाकू,103
मास,198
यंत्र,100
अंग,100
नियंत्रित,154
आवारा,185
भतीजे,1
नींव,174
तर्क,37
प्रतिभागी,44
आतंकवाद,132
अनंत,91
बेकार,11
भट्ठा,74
देवता,29
घुसे,35
कांग्रेसियों,192
पाउडर,103
लक्षण,72
पड़ेगी,51
वादे,84
मुलाजिमों,139
गुटों,70
उल्लेख,154
उपहार,133
भागे,35
देवर,1
इनसे,181
साप्ताहिक,60
पुकार,65
शिक्षामित्र,6
आंकड़ों,88
रोजा,184
परिस्थिति,31
शहादत,22
मोती,62
सिलाई,62
उपलब्धता,108
जानवर,9
पंखे,112
प्रबंधकों,52
लटक,24
हड़ताल,136
उपलब्धियों,88
भौतिक,100
अत्याचार,66
खैर,39
कांस्य,110
बाराबंकी,17
आकर्षित,154
गहन,37
मसीह,94
सपने,185
कुत्तों,192
पाठ्यक्रम,6
कुंतल,89
आंसू,188
गबन,84
मामा,1
निर्दलीय,43
जलाभिषेक,34
गुलाल,133
समाप्ति,105
पलटने,180
आंखें,99
पक्की,182
अभिनंदन,95
सुचारु,122
सीधी,76
ओंकार,36
बरात,63
सामानों,19
मानकों,135
स्वरोजगार,75
निर्देशानुसार,52
दर्शक,111
पीकर,103
भिड़ंत,43
प्रतिमाह,166
क्रिसमस,193
तेवर,111
पौधा,189
सबके,181
पारी,110
लोहा,104
डिमांड,2
स्वतंत्र,125
साध्वी,162
शिरोमणि,149
वस्त्र,62
खरीदी,19
बदली,182
ठहराव,31
धरातल,37
प्रमुखता,60
ताज,174
भोले,133
न्यायमूर्ति,125
जुर्माने,166
पेशी,186
मुकाबलों,110
दराज,192
गश्ती,145
भलाई,58
कृषक,75
सर्वेक्षण,100
शुभकामनाएं,193
कसर,84
जनगणना,149
बोलने,180
चादर,62
इजहार,177
दवाई,90
प्रतिभाग,44
नियंत्रक,100
नाव,145
चारा,9
तोड़ा,172
नीलामी,19
संस्तुति,154
जानते,39
घोर,66
अंकों,60
कारागार,41
उपकरणों,100
निलंबन,136
लगाम,84
साकार,58
बनाएं,147
मच्छरों,158
राज्यसभा,125
बिंदुओं,88
प्यास,8
विकलांगों,108
वस्तुओं,92
लिहाज,37
लूटा,35
तालाबंदी,136
किला,174
कक्षाएं,6
कार्यशैली,37
वक्ता,55
बौद्ध,94
उठी,87
असामाजिक,66
सदैव,91
मुहर,117
चिह्न,100
रोककर,35
पटवारी,32
रास्तों,76
अभिलेख,117
चुप्पी,177
श्वेता,143
जितने,181
नजदीकी,181
भाईचारे,58
बारहवीं,183
पढ़ा,93
स्नातकोत्तर,6
हंगामे,136
प्रज्ज्वलित,64
आजसू,113
संकीर्तन,38
किरन,143
निकेतन,95
कसने,180
आवेदक,96
बर्बादी,11
प्रदर्शित,154
मानवता,156
चंदा,11
बीमारियां,4
बीएसएफ,126
चाह,98
हटाए,136
कल्याणकारी,91
विरेंद्र,32
गुरू,162
कोटे,96
गड्ढों,122
खोलकर,50
सिफारिश,154
साक्षी,91
कोष,100
अहसास,185
कचरे,68
बर्फबारी,23
चक्रवर्ती,27
मित्रों,192
धंधे,74
उपनिरीक्षक,42
आयुष,90
घेराबंदी,126
बांट,93
कार्ययोजना,52
सितम्बर,198
किताबें,60
पढ़,183
बुलाने,180
मवेशियों,9
संतों,192
कांप्लेक्स,2
आंकड़े,117
मुक्तसर,32
बनते,171
कैमरा,2
दंगल,111
नाक,112
जनपदों,52
पूर्वाह्न,198
कुलसचिव,42
पटाखे,158
घूमने,181
धोखा,84
अभियोजन,186
लड़कियां,116
बदहाली,75
अटल,91
अधिवेशन,95
फेंकने,180
खुशबू,133
इजाजत,153
अध्यक्षों,42
मृतकों,192
ईदगाह,41
प्रतियोगिताएं,44
नीयत,84
पावन,193
क्षुब्ध,66
सीडी,117
पीड़ा,26
कापी,117
अवलोकन,37
ऊंचा,174
बैडमिंटन,110
शकुंतला,143
घोटाला,74
ओलावृष्टि,30
मत्स्य,29
आकलन,100
गुजरना,98
अव्यवस्था,31
विचारों,88
बदौलत,58
हौसला,58
दुरुपयोग,135
किन्तु,39
अपहृत,164
फंसा,84
साक्षर,75
तालमेल,58
साठ,89
इच्छुक,154
भंडार,100
पड़ोसियों,1
रंगों,133
स्वर्णकार,32
संकुल,100
नक्शा,174
पात्रों,88
लता,143
दादा,1
आवासों,174
घाघरा,17
खुराक,72
बंदरों,192
गिरे,24
प्रोन्नति,96
माजरा,59
गारंटी,166
रोजी,75
मोहल्लों,92
व्यावसायिक,100
ठंडे,188
प्रतिनिधित्व,154
गहरे,181
लगन,58
दलितों,75
समग्र,37
फेंका,50
विस्फोट,158
सेवानिवृत,55
नववर्ष,193
सजग,58
आराधना,38
प्रदूषित,68
पालिकाध्यक्ष,42
दिखने,180
भोर,13
नैतिक,37
झाविमो,136
शिक्षिकाओं,179
मोटी,112
निर्वहन,128
रद्द,154
सुनते,39
अनमोल,133
जूझना,98
बोरी,103
बर्खास्त,136
नौजवानों,192
दृश्य,111
बैठकों,136
बोरा,103
लैपटाप,117
चिंतित,31
पद्धति,100
कराटे,110
ताल,63
भिड़,69
लेगी,51
कुत्ते,69
चेहरा,133
घटनाक्रम,88
चीज,39
जागरुक,58
पांचों,192
विहीन,91
मंडलीय,42
दिनदहाड़े,164
नवनिर्वाचित,125
हल्का,123
नियत,154
ईंट,174
इनको,39
लाभार्थी,166
आढ़तियों,74
प्रधानाचार्या,179
समृद्धि,58
बिरादरी,192
निखिल,27
आंकड़ा,89
नालियां,122
कुशल,55
सहन,26
सेशन,2
लिखने,60
प्रथा,109
डिप्लोमा,6
गायों,9
लौटना,98
रश्मि,143
बड़े,181
फसलें,30
पिछड़े,75
पैरवी,186
लेखन,60
उठाव,166
मनोनीत,125
निकलकर,181
जरुरत,39
चक्र,29
बोला,59
सिकंदर,54
जोड़ी,111
संभालने,180
अफरातफरी,177
पीस,2
तरस,69
पुण्यतिथि,22
पारंपरिक,21
पिलाने,180
विमान,145
गुना,89
भाजपाइयों,136
संतुष्ट,154
रस्म,184
निराशा,26
चरम,31
कमांडर,126
सशस्त्र,126
नमी,188
ब्राह्मण,61
साधारण,55
पहुंचना,28
जंगलों,92
मताधिकार,132
प्रयासरत,58
जुड़,172
अस्थाई,100
कालीन,21
पसीना,188
प्रतिष्ठान,95
हत्यारोपी,70
वास्तविक,37
चलाना,98
आढ़ती,19
इंसाफ,71
महत्ता,37
फलों,189
मलबा,122
फूट,24
लालच,11
डटे,43
बदबू,68
मांस,173
बतायी,182
गुजरते,171
मंत्रमुग्ध,133
तूफान,145
टाल,39
मुफ्ती,54
प्रेमिका,1
रहित,119
ग्रंथ,60
मुस्कान,133
प्रयोगशाला,100
चौदह,89
गहने,62
कारखाना,174
डंडा,104
दस्ते,126
बंदूक,104
उपनिदेशक,42
जरा,39
मच्छर,72
खुफिया,70
गगन,13
जनार्दन,36
कूलर,103
कोने,181
सूबेदार,32
अघोषित,166
शिष्टमंडल,136
रामनवमी,193
तत्वाधान,95
इसपर,39
अन्याय,66
चौथी,105
खींच,171
क्रीड़ा,95
रामनाथ,36
जुआ,110
संग्राम,22
अनुशंसा,154
आत्म,91
रंगोली,133
उपाधीक्षक,139
भीड़,177
पहुंचेगी,28
खण्ड,149
प्रांत,125
खदान,9
कुख्यात,70
मौर्या,27
नियमावली,135
बदलते,171
भला,59
प्रतिक्रिया,31
किस्त,166
शताब्दी,198
दंड,135
पसरा,177
असफल,154
ऊंचाई,76
ठहराया,93
माफ,71
अभिलेखों,117
अर्जित,154
पदस्थापित,146
संभाला,93
नेपाली,149
अनुष्ठान,34
सचिवों,52
नवनियुक्त,42
शैली,21
सौहार्द,58
इंजेक्शन,144
लोकार्पण,95
जोखिम,31
वसूलने,166
रामायण,149
पक्षी,29
राजकिशोर,27
मधुबन,17
छठी,183
प्रतिवर्ष,89
मंत्र,162
टीईटी,6
नवोदय,6
बिजलीघर,122
सहभागिता,58
आर्मी,126
ध्वजारोहण,95
फेरी,124
लड़का,1
प्रतीत,37
धारक,166
चैंपियन,110
किन,88
संवेदक,100
आसार,31
खुलवाने,180
सावधानी,37
वन्य,100
लगेगी,51
भाग्य,91
आहत,66
प्राधिकार,135
विवादित,125
दूरभाष,100
कहाकि,39
जले,8
घातक,31
सिम,117
महाविद्यालयों,6
रिहायशी,174
बांधकर,50
सालाना,166
गवाही,71
मस्ती,133
उल्टी,72
विमोचन,95
खरीददारी,19
घेरे,171
चौटाला,32
पर्दाफाश,84
माथा,112
अत्यंत,37
आश्वस्त,154
स्कूटर,124
झटके,24
धड़ल्ले,74
संयंत्र,100
दुर्घटनाग्रस्त,145
देवताओं,192
सांप्रदायिक,132
धार,104
सर्राफा,19
अधिशाषी,42
तत्पर,58
पंचनामा,111
कमाल,111
दामाद,1
परामर्श,100
उज्ज्वल,13
बनेंगे,140
रखता,39
लूटे,164
धारदार,104
खबरों,88
संतोषजनक,37
आगजनी,70
निभाने,128
सांप,29
फीता,62
हाथियों,192
एकजुटता,58
निर्दोष,71
सेक्शन,2
नशीला,103
दीक्षा,162
नामित,154
जनजीवन,21
मुनि,162
लौटते,171
बागवानी,30
अल्लाह,184
सगे,1
गढ़,174
चूना,103
तलवार,104
भाईचारा,58
हड्डी,112
थोक,19
लौटी,87
प्रहलाद,32
पहुंचेंगे,28
डंडों,104
देशभर,192
मिजाज,111
बीएन,27
नमूना,37
संक्रामक,72
बुझाकर,93
भड़के,69
खुलकर,39
छापे,60
पहलुओं,88
तबादले,136
बर्फ,188
सौदा,19
तथ्य,37
निबंध,60
लगेंगे,140
लदा,103
रामानंद,36
अध्यापिका,179
मशीनें,116
बांस,9
भास्कर,27
मालगाड़ी,124
तबाही,177
खरीदे,19
सबूत,84
दुराचार,70
आयुर्वेदिक,90
शरारती,133
आरक्षी,139
दादी,1
बहुमत,125
अर्थदंड,166
ब्रज,149
एथलेटिक्स,110
संलिप्त,70
सरयू,29
बढ़ेगी,49
मंगला,38
तत्पश्चात,105
कंपनियां,4
सहायिका,143
गुमशुदगी,70
दुखी,26
कतई,39
कटाव,122
कब्रिस्तान,174
परहेज,180
क्रेडिट,166
बढ़ाए,147
जोड़कर,172
सांत्वना,26
सहज,37
अभिनव,58
आजीवन,91
रौशन,13
पुस्तकें,60
प्रतिनियुक्त,52
सरकारों,125
पक्षियों,192
बिछाने,101
माली,189
आमदनी,11
परंपरागत,21
बेटियां,1
झूठा,84
जैविक,30
अनुपात,31
सुलझाने,191
कार्यदायी,122
सर्वोच्च,125
स्वर,63
कार्मिक,52
समायोजन,100
होड़,177
जनस्वास्थ्य,122
फिल्मों,111
अकेला,181
त्रिस्तरीय,125
समझते,39
छोड़ी,182
ठंडा,123
प्रशासक,55
रस्सी,112
मुश्किलें,4
बंधन,119
कमलजीत,32
नसीहत,71
सबका,91
धुनाई,164
नशीले,72
कोहरा,23
रिश्ते,1
खरीफ,30
फाइलों,117
झांसी,17
तबीयत,177
लापरवाह,66
झड़प,126
छाए,177
ढोल,63
सराहा,93
ब्यौरा,117
बच्चियों,1
उपविजेता,110
नाकाबंदी,126
चढ़ने,18
नमन,22
खोली,182
निशाने,84
लगाएं,147
पांचवें,198
कीटनाशक,30
हाथापाई,164
पढ़ाओ,183
पार्को,174
राजी,153
समर्पण,58
चौपट,172
छठे,198
निष्ठा,58
छुटकारा,123
लगना,98
दीन,184
डीलरों,74
दलालों,74
दिला,93
विस्थापित,75
झाड़,190
अग्नि,8
चांदनी,13
राज्यस्तरीय,95
नवीनीकरण,100
भक्तिमय,38
अनारक्षित,96
इकाइयों,100
टॉप,2
बहने,188
सातवें,198
टीका,60
दस्तावेजों,117
पसीने,188
मातम,193
उर्स,184
गरिमा,37
अखाड़ा,43
मौलिक,37
अदायगी,166
बलिदान,22
प्रताड़ना,66
भैया,27
सौंपकर,93
प्री,2
उपज,30
टेक,2
क्लर्क,2
अमीर,11
जायज,66
मशहूर,111
श्रेष्ठ,91
मुहल्लों,92
प्राध्यापक,6
परमार,32
पेटी,103
घेरा,35
अंबार,68
खामियां,4
बड़ा,181
बडे़,181
निर्माता,55
दिव्य,91
वें,198
खत्री,32
आपकी,39
विचाराधीन,186
झलक,133
खलबली,177
बेचा,19
प्रेरक,58
साझा,154
महंगी,19
पंडा,36
अंतर्राष्ट्रीय,100
घड़ी,26
खौफ,65
खफा,177
स्वयंसेवी,58
तरीका,39
कार्यवाहक,42
घुसने,35
आंदोलनकारियों,132
असुविधा,31
सचेत,31
बहाना,98
त्रस्त,26
मयंक,27
आटा,173
स्वाभिमान,22
भावनाओं,88
पैसों,11
गौशाला,41
भाभी,1
खपत,31
लहूलुहान,65
मंडली,192
अधिकृत,154
जमावड़ा,177
पॉलीथिन,103
गंतव्य,76
बीडी,32
टेम्पो,124
कुपोषण,72
चढ़ाने,18
बिलों,166
रूपरेखा,37
सरल,37
चरस,103
दौड़ा,83
अंजली,143
प्रौद्योगिकी,100
शिविरों,192
मॉल,174
छीनने,180
ताबड़तोड़,126
हर्षोल्लास,193
निस्तारित,186
सरगना,70
पुरूष,55
सबकुछ,39
बनायी,182
दुल्हन,1
कुचल,35
विदेशों,192
सभासदों,136
परिचित,37
बेटों,1
मलबे,68
सैन्य,126
रक्षक,29
तिराहा,17
खातिर,153
चीजों,88
ज्ञानी,55
गोलीबारी,126
उपयोगिता,37
अवशेष,174
व्यवस्थाओं,88
आवेदनों,52
चौकसी,126
जगतार,32
कागजी,117
फंदा,112
खुदकुशी,71
मजबूरन,98
रैन,138
बयां,185
अधूरी,185
पर्चे,117
बंदर,29
शख्स,71
इनकार,154
अफवाह,84
नयी,21
चूक,105
रहेंगी,51
सेतु,29
मंडप,174
कीमतों,166
जता,39
शिक्षाधिकारी,42
रूपए,89
बदलकर,93
नाग,29
रोपाई,30
नौबत,177
बढ़ेगा,49
अविश्वास,31
नामों,192
जोड़े,171
नाते,55
चुप,59
प्रज्वलित,8
गुरदेव,32
श्रोताओं,192
चकबंदी,186
धुन,63
शान,185
परमानंद,36
विधेयक,125
बेहोशी,31
त्रिवेणी,95
पीडि़त,26
दुग्ध,30
इरशाद,54
तौल,134
वैभव,91
बेला,143
खोकर,133
शीतला,38
स्कार्पियो,124
विविध,21
गर्व,22
छत्तीसगढ़,125
संगठित,58
गाड़ी,124
उठता,59
तटबंध,122
सवारियों,124
पुस्तकों,60
सूखा,188
जयंत,27
यौन,66
सदा,91
आहूत,136
छप्पर,9
सड़कों,76
पैतृक,1
बत्ती,13
बादलों,188
अग्रणी,55
बस्तियों,75
साकेत,149
भगदड़,177
शाखाओं,52
उत्पादों,100
पहने,62
सकुशल,145
कुआं,174
गतिविधि,100
हटवाने,180
अनुमोदन,154
जनरेटर,122
चेतन,27
चरखी,9
जमाने,111
चेताया,136
अपराधों,70
मुश्किलों,88
विद्यापीठ,95
सद्भावना,58
कनिष्ठ,55
धरोहर,174
वीणा,63
दावेदार,43
नेट,2
शीर्ष,100
बंगला,149
कठिनाई,176
लुत्फ,177
आड़े,172
साहित्यकार,55
बैंकिंग,100
मुकाम,185
मिसाल,58
क्षेत्रवासियों,139
अग्निकांड,158
प्रतिकूल,31
ओलंपिक,110
चंचल,133
गुस्से,69
जिलास्तरीय,42
चेकअप,90
बाई,143
टूटकर,24
चिंगारी,8
मुकम्मल,185
पोषाहार,108
संशोधित,154
स्त्री,119
पिलाई,182
खुशियां,193
नवनिर्मित,174
हंस,29
जन्मोत्सव,193
शीशे,103
स्वर्गीय,36
बापू,22
मृत्युंजय,36
साड़ी,62
किताबों,60
हंसराज,32
चित्रकला,21
रत्न,149
कामों,88
सृजन,58
पक्के,181
बरी,71
उद्यमी,55
सेक्टरों,92
झंडे,62
असिस्टेंट,2
विशेषकर,21
दिलचस्पी,37
पहलवानों,110
जुगाड़,11
पढ़े,183
दीनानाथ,36
रोहिणी,143
कूपन,117
पुस्तिका,60
कॉपी,117
साढे़,89
प्रयुक्त,154
मात,43
जुटाने,180
भूमिगत,122
पैरों,112
लादकर,124
खस्ताहाल,122
अपमान,66
प्रतिनियुक्ति,52
पीर,54
सरपंचों,139
इशारे,84
खेली,110
आलोचना,66
कत्ल,71
पढ़ाया,183
सुमित्रा,143
मकर,29
ध्वज,125
सस्ते,19
चर्चित,55
मनमाने,74
चाल,31
जन्माष्टमी,34
पढ़ी,182
जननी,91
मुकुल,27
हटाओ,0
समझने,180
झोंक,8
दीवाली,193
रसायन,72
नतीजतन,39
नन्हें,133
रोड़,76
खानापूर्ति,84
पटाखों,158
मानकर,39
सोलह,89
निविदा,52
गतिविधियां,4
जलजमाव,122
सेविकाओं,52
पल्ला,84
आहार,72
कमेटियों,42
भोजपुरी,21
पायल,143
सचल,41
हौसले,185
बजकर,198
फैले,171
तत्परता,58
एहसास,185
वृक्षारोपण,30
जगी,177
उज्जवल,133
नगीना,17
लाईन,2
सुलभ,108
दुर्घटनाएं,4
मूल्यों,94
आयोजकों,95
विरासत,21
उन्मूलन,58
उतरकर,18
सरिया,104
मुठभेड़,70
देशभक्ति,22
वैद्य,90
उदासीन,66
ताक,84
प्रेक्षक,42
भरमार,177
लाइनें,116
घोसी,17
फरियाद,153
रामा,138
मुसलमानों,184
बकरी,9
उर्वरक,30
दफ्तरों,7
प्रेमियों,192
हैदराबाद,149
प्रधानाध्यापिका,179
सर्वप्रथम,149
थमने,177
केरोसिन,103
ग्रामसभा,17
उत्पात,66
कॉलोनियों,92
महाशिवरात्रि,34
कच्चा,123
नौवीं,183
अमीन,54
खस्ता,173
ध्वनि,63
अलमारी,62
संवेदना,37
आंगन,174
बोलते,39
बिरसा,22
पाएगी,51
तबाह,35
व्यवस्थापक,42
वैध,135
शशिकांत,27
आपात,100
लकड़ा,113
विस्थापितों,75
पीटने,180
दस्ता,126
सैकड़ों,192
अखबार,60
समूहों,192
मिलनी,182
बोगी,124
सूचनाएं,4
खादी,62
पौधारोपण,30
प्रधानाध्यापकों,139
अनहोनी,31
परमेश्वर,91
प्रश्नपत्र,6
सलामी,22
पहनाकर,62
बेवजह,177
मिलावट,74
बलराज,32
व्यवस्थाएं,4
सरेआम,164
ग्रस्त,31
प्रभा,143
सभाओं,192
जरूरतमंदों,108
फरियादियों,139
गर्भ,144
सिमट,171
अभद्र,66
अत्याधुनिक,100
इशारा,39
मक्का,184
सुलह,136
गुरुकुल,183
परम,91
अवरुद्ध,154
बनवाया,93
करवाएं,147
लिफ्ट,145
साधा,93
खिलाडि़यों,110
फंदे,112
गुरनाम,32
बुआई,30
बचाई,35
बूंदाबांदी,23
नतीजे,43
प्रतिभाओं,192
आकस्मिक,31
दबाकर,112
विकराल,158
मारवाड़ी,75
बांधा,93
पात्रता,96
विज्ञप्ति,60
बलवान,119
कानूनगो,32
श्रृंगार,133
चाबी,117
घटित,31
टमाटर,123
गर्दन,112
शास्त्र,94
गाकर,63
बहाव,188
अंग्रेजों,15
चुंगी,166
फौज,126
अवहेलना,135
बिंदु,37
मांगपत्र,136
बंदोबस्त,136
अस्त,31
कन्याओं,1
आनी,182
वांछित,154
चलाता,93
बयानों,88
दोस्ती,185
निपटाने,180
अकेली,87
भल्ला,27
दुर्दशा,26
लेगा,140
रेडियो,111
परचम,159
जतायी,182
कड़ाके,23
मोर,29
कुर्बानी,22
प्रदेशों,192
चौड़ीकरण,76
पैनी,37
धक्के,24
नशीली,31
अलका,143
गुलदार,9
चाहा,98
मिटाने,180
जबाव,59
आयुर्वेद,90
अभिनय,111
गाने,63
अर्बन,2
पदयात्रा,76
मिलीं,182
दोष,119
दांव,43
निचले,112
चोटिल,110
सच्चे,55
किश्त,166
उड़ान,145
तारीफ,111
जबरदस्ती,35
नहाने,123
काटी,182
थानाध्यक्षों,139
लीक,84
दामोदर,36
भयभीत,31
वायु,145
मुकदमों,186
कीट,30
विवादों,88
गुणा,89
गांजा,103
गहराई,37
लड्डू,173
एम्बुलेंस,90
तैसे,69
दया,119
बंधे,171
क्षेत्रफल,30
उतना,181
हैरान,59
अभिमन्यु,27
अत्यधिक,31
तुम,0
सहयोगियों,192
रेस्टोरेंट,41
हरसंभव,58
सीखने,183
किस्मत,185
लेखपालों,139
परिवेश,21
सहूलियत,108
संभावनाएं,4
कुरीतियों,94
सेब,189
वरदान,91
महापंचायत,136
चारदीवारी,174
असहाय,26
हावी,31
मध्यम,75
उच्चतर,100
छोर,76
जुड़ने,58
तेरह,89
काव्य,21
अंदेशा,39
बनाम,149
बेखौफ,164
चौथा,198
मशाल,13
पदभार,136
मायूस,177
रोकना,98
फटने,24
अकाल,26
पड़ता,98
पौड़ी,76
शिखा,143
निशांत,27
पड़ी,182
फिरौती,164
लोकपाल,125
दबा,35
बदनाम,84
हुनर,185
पांचवीं,183
दोपहिया,124
उठकर,171
जानकारों,39
लेनदेन,166
मनोबल,58
बुराइयों,119
औसत,89
पुत्रों,1
लेखक,55
गृहस्थी,1
सभापति,42
वरना,140
वापिस,93
नवाब,54
बेरी,189
आंतरिक,100
पासबुक,117
अंगूठी,62
पार्टियां,4
दंपति,1
कैशियर,164
उपवास,34
सियासत,43
भगाने,35
उपमुख्यमंत्री,125
अतिक्रमणकारियों,139
स्वार्थ,119
खुलवाया,93
सपनों,185
खाकी,62
क्रमिक,37
लगीं,87
रोकर,69
चचेरे,1
एंव,100
वास्तव,39
दस्त,72
रिकवरी,166
मायने,37
तहसीलों,52
दावों,88
थमा,50
रुके,171
मुरली,27
बताये,39
सम्पर्क,58
प्रत्यक्षदर्शियों,70
आरोपित,154
वर्णन,154
बताती,87
मेहमानों,192
नवदीप,32
हल्के,112
शासकीय,52
जलाया,8
चलो,0
सरोवर,29
आपका,39
कोषागार,52
जमाया,93
बढ़त,43
सौजन्य,95
खरा,18
प्रारूप,100
नाका,17
राना,32
दोहरे,100
सोम,149
अलीगंज,17
प्रसन्न,91
धुआं,8
नलकूपों,122
दर्शाया,93
महागठबंधन,43
चार्जशीट,186
अनुपस्थिति,31
संक्रमण,72
पौध,30
औषधि,72
जीवित,91
दूभर,98
परवाह,39
प्रतिष्ठित,55
नमक,123
अंतराल,105
रौंद,35
रुका,93
चिराग,13
डूबे,171
महंगे,19
सौंदर्यीकरण,122
परिवारीजनों,1
आध्यात्मिक,94
वर्षीया,1
त्यौहार,193
कड़ी,105
हैरत,39
मूर्तियों,174
गिरते,24
प्रतीक्षा,154
भटकना,98
मातृ,144
देशराज,32
हाहाकार,177
फुल,2
दूरदराज,76
बेशक,39
सम्बोधित,95
फिराक,180
उन्नति,58
आनन्द,91
बिखरा,133
एकाएक,24
रुकी,87
मजाक,47
बहा,188
चौड़ा,112
जीती,87
मस्जिदों,184
रिहाई,136
तफ्तीश,70
अस्सी,89
चकिया,17
सर्विलांस,2
सैलाब,188
अता,184
पावरकॉम,2
इस्पात,100
उपयोगी,100
काका,138
प्रशिक्षुओं,6
वसूले,166
खालिद,54
भरपाई,166
चूल्हे,8
छात्रवृति,6
महापर्व,193
महल,174
चास,113
दिवंगत,55
मैराथन,110
गेंद,110
गुरचरण,32
गोपी,138
शिवाजी,149
प्रज्जवलित,64
शांतिपूर्वक,136
दरिया,185
मानसी,143
प्रभातफेरी,95
मर्जी,153
दिव्या,143
सीटी,63
हटवाया,50
रंगे,62
समाजिक,75
उखाड़,9
मजार,184
सीने,112
निकायों,52
घूमते,171
हरेन्द्र,27
गुड़िया,62
सौर,100
प्रतिष्ठानों,192
अभिनेता,55
तेजाब,103
हॉस्पिटल,90
वृक्षों,189
आत्मनिर्भर,75
दौड़े,69
पहुंचीं,28
खाया,93
बाघ,29
संक्रांति,34
विपणन,100
पटाखा,158
केमिकल,72
ठिकाने,126
जमे,171
दबाने,180
परीक्षक,6
जन्मदिवस,193
हत्यारे,70
हास्य,111
आदत,31
असल,39
बरसाती,188
गणपति,38
सावधान,147
उसपर,39
गेंहू,30
बहल,27
लोहड़ी,193
निर्देशक,55
पूंजी,166
नैन,138
प्रतिमाओं,174
पहलू,37
कमाने,11
मक्खन,173
बैल,9
सच्चिदानंद,36
बेकाबू,69
शुरुआती,198
बस्ते,112
रोते,69
सस्ती,19
गर्मियों,23
असुरक्षित,66
नन्हे,133
झुलसी,8
अग्रहरि,27
आपातकालीन,100
खरीदकर,19
खासे,55
ठंडी,23
धीर,27
मुबारक,193
सजावट,174
पुरोहित,36
टीके,72
रक्षाबंधन,193
छोड़,93
सैर,76
सोचा,39
छोड़े,172
लगवा,50
लाइनमैन,139
वीडियोग्राफी,117
गिट्टी,122
आश्रितों,52
कीर्ति,143
छिपे,171
प्रदर्शनकारी,136
नाके,124
हरिश्चंद्र,36
अप्रिय,31
कारी,54
गयीं,182
शिवरात्रि,34
दीवारों,92
रेशम,62
स्वराज,125
आकार,112
कैमरों,111
उम्मीदें,4
दिलवाने,180
प्रजाति,30
बिस्तर,112
पैमाइश,122
गुम,185
भ्रष्ट,7
कोयले,103
समर्थित,100
आश्रित,75
काफिला,76
मेहंदी,54
सबकी,192
उलझ,191
कतारें,116
औपचारिकता,37
धज्जियां,47
आंशिक,31
दीवानी,186
सीरीज,110
यादगार,111
दावेदारी,43
तिरंगा,22
असंतोष,31
सेंध,84
सृष्टि,156
तेंदुए,29
एक्सरे,144
रिफर,90
शिष्य,162
उधार,166
बंगाली,149
जरुरी,98
कदाचार,135
गुजारा,93
गलियां,116
चप्पे,126
किराना,19
खामियों,88
निष्कासित,136
सुल्तान,54
उनपर,84
ठहरने,157
विश्वविद्यालयों,6
खुशहाली,58
जौहर,111
सच्ची,91
जादू,111
भोज,41
झुग्गी,75
तथ्यों,88
लूटकर,35
सीढ़ी,18
प्रणव,27
अड़े,136
सुंदरीकरण,122
सती,38
पर्दा,84
नेत्री,143
आजकल,181
छलांग,24
होलिका,34
तराई,17
गवाहों,186
प्रखण्ड,17
दिनांक,198
चाहिये,98
मंत्रिमंडल,125
कुंज,29
छतों,92
टकराई,127
सोनम,143
पर्वतीय,76
जमीनों,74
आईटीआई,6
अचेत,69
एसबीआइ,2
सजी,133
ट्रेनर,2
नीम,189
सभ्यता,156
दुरूस्त,172
सलाम,22
गोपनीय,117
पेंच,84
कुष्ठ,90
नजरअंदाज,39
संतान,1
उपप्रमुख,42
अदालतों,125
वायदा,136
जिम्मेवार,31
करीबी,181
प्रश्नों,88
रोके,35
गोलियों,126
आंकलन,154
कंधे,112
समूचे,21
जेठ,1
असमर्थ,154
सिगरेट,103
विदा,153
नोकझोंक,177
राजभवन,125
झूम,63
बसेरा,185
हैरानी,39
काजी,54
महबूब,54
खंडों,60
परिवर्तित,154
हमलोग,181
औसतन,89
मौखिक,100
जत्थे,126
निकलता,181
गैरहाजिर,186
उदघाटन,95
साहस,58
प्रसारण,100
दंश,26
स्रोत,100
लदी,103
बागान,189
बुद्धि,119
कलम,104
तहकीकात,70
सातवीं,183
जुड़े,181
बैठाकर,50
झूठी,84
दशकों,105
मोर्चे,43
शशांक,27
पालकी,41
अलबत्ता,39
तख्त,174
तालियां,63
चना,173
लंबाई,112
दवाइयों,90
रिश्ता,185
कहता,39
सांगवान,32
प्रीत,143
अगुआई,58
माथे,112
नसबंदी,144
ग्रामों,75
पडे़,98
ठेला,19
जलाशय,122
शनि,29
खिलाड़ी,110
दिमाग,181
फर्श,112
नंबरों,117
शीशा,103
नाजायज,66
राजकुमारी,143
बैराज,122
विकासखंड,17
गोदामों,19
अपनाया,93
उगाही,74
बैठकें,136
पट्टा,62
भूरा,112
प्रमंडलीय,42
झेलना,26
डायरी,60
विनीता,143
प्रशस्ति,149
बलात्कार,70
जानकार,39
सस्ता,19
संरक्षित,154
घने,76
संयोजन,37
आईं,87
पहुंचती,28
बंधी,87
सेकेंड,89
निराला,149
दरकिनार,154
लाठियां,104
बुराई,66
रूपी,29
संबधित,100
आत्मदाह,136
सर्द,23
वारंटी,166
उम्मीदों,185
फोड़,35
नगरीय,100
उद्योगपति,55
स्पर्धा,44
रथयात्रा,193
बताएं,59
उपयुक्त,37
डग्गामार,124
निमंत्रण,154
इमारतों,174
कस्बों,192
रखती,87
सम्राट,149
जाहिद,54
राजमहल,174
श्मशान,41
मधुमेह,72
ठिकाना,185
स्वस्थ्य,58
कबूल,71
रूचि,37
बारीकी,37
सृजित,154
अभियोग,186
धैर्य,91
गल्ला,19
दीक्षांत,95
चाक,112
व्यायाम,123
असीम,91
दिनचर्या,31
सम्मिलित,154
स्वयंसेवक,125
उतनी,181
जागृत,58
पुस्तिकाओं,60
आदिवासियों,75
निरंकारी,36
चक्की,104
गेंदबाजी,110
नाबार्ड,52
छीनकर,35
रुझान,31
प्यारे,133
गान,63
मेधा,91
अफीम,103
मनमोहक,133
विभोर,133
व्याख्यान,95
शिथिलता,31
त्रिलोक,36
शर्ट,62
पंडालों,38
चकमा,35
दंगा,158
बेची,19
गिराने,180
मर्यादा,119
दांतों,72
फायदे,123
बंधु,55
चढ़े,18
पोषक,72
छीना,35
बिचौलियों,74
चलाये,58
निरीक्षकों,139
अगला,198
जिनसे,181
तंगी,26
आकृष्ट,154
शिवलिंग,38
पढ़कर,60
चीजें,4
ज्यों,29
पंचायतें,4
झूठ,84
पहुंचाना,28
बैरंग,117
टैगोर,149
प्रचारक,55
कारों,124
सेवानिवृत्ति,166
झूमने,63
करारी,43
तोहफा,193
डकैतों,164
झुंड,9
पड़े,171
खंडेलवाल,27
बताओ,0
पंचमी,34
चहारदीवारी,174
जुबान,185
न्यास,95
सुनीं,182
कृषकों,30
ऊपरी,112
गढ्डे,9
मुनाफा,11
घाटे,166
गोबर,9
अनुकूल,37
संयोग,31
प्रवर्तन,135
दबदबा,43
नक्शे,174
उनलोगों,181
रेलखंड,17
भट्टी,8
संलिप्तता,70
देखें,147
बुंदेलखंड,149
हानि,31
उतरा,18
बेरहमी,35
चकराता,17
इंजीनियरों,192
भूस्खलन,76
हमलोगों,181
अध्यक्षा,42
मिलावटी,19
फंसी,87
ग्रसित,31
बढ़ाना,98
ठिकानों,126
बनवारी,32
मशीनरी,100
रहस्यमय,31
ग्राम्य,21
वाणी,91
नारियल,123
तबियत,177
मंजर,185
धरपकड़,70
अंकिता,143
तीज,193
रशीद,54
मुख्यालयों,52
बखूबी,111
दखल,84
प्रबल,31
उपेक्षित,75
खेप,19
बेचकर,11
निपटा,93
दफा,105
साध,84
छापामार,126
पशुपालकों,30
पेंशनरों,52
सच्चा,91
कष्ट,26
माननीय,125
भरना,98
रिश्तेदारी,1
पंखा,103
निजीकरण,74
प्रधानाचार्यो,42
लड़की,1
बहुजन,132
हरिजन,75
पीपल,189
प्रेरकों,52
दर्दनाक,26
खिसक,24
कटकर,24
जिलाधीश,42
झूमे,63
पाप,119
मिर्च,123
उल्लास,193
बताना,98
हटने,180
करूंगा,140
सीमांत,75
व्यापारिक,21
आयोजनों,95
गृहस्वामी,1
पूर्वोत्तर,125
दावत,184
सुनाकर,93
पते,117
जाग,69
कासिम,54
पढ़ते,183
ब्रांड,2
भागों,192
व्यवस्थित,37
तलाशने,180
ट्रॉली,124
रोकी,182
त्योहारों,193
खर्चा,11
रामलखन,32
अग्रसर,58
ब्रह्मा,162
कांता,143
देहाती,75
सीसे,103
क्रिया,37
वाटिका,41
नौकर,7
कुंभ,34
साधे,171
सफाईकर्मी,139
तबके,75
आपत्तिजनक,66
साले,1
अपनों,65
खटीमा,17
अभिजीत,27
जिम्मेदारों,52
खिलाकर,50
संबंधों,88
सरना,32
मटर,173
फाड़,69
संपदा,100
असमंजस,177
बढ़ाते,171
हेराफेरी,74
अनावश्यक,31
बहनोई,1
परीक्षाफल,6
अंग्रेज,15
वाहवाही,111
भयंकर,31
पीलिया,72
सौगात,185
फेरबदल,136
डालें,147
त्रिभुवन,36
राई,123
अन्दर,181
गड्ढा,9
आफत,177
पिछड़ी,75
आन्दोलन,132
चुनी,182
अर्थात,91
सूखने,188
मेहर,54
मुसलमान,102
बमुश्किल,89
चौड़ी,76
सुस्त,31
परेशानियां,4
प्रस्तावों,88
अनेकों,21
खरे,27
पोखरे,17
जयकारे,63
बकरीद,193
बरामदे,41
निराधार,84
जवाबदेही,135
चिंताजनक,31
वायदे,84
सता,43
तीखी,66
कटा,112
कलह,26
लखविंदर,32
पहुंचता,28
बीजद,43
अंश,60
सांसदों,125
लाएं,147
महानिरीक्षक,42
यापन,75
आशु,27
लोकायुक्त,125
मण्डल,125
ट्रॉफी,110
सैंकड़ों,192
कब्जों,92
राही,54
भागा,69
अन्यत्र,181
मोहर,117
दाग,84
अजीज,54
बौद्धिक,37
प्राय,149
प्रगतिशील,132
डिब्बे,103
पंचम,149
मनाए,193
अराजकता,132
साईं,38
जिसपर,39
दुश्मन,126
अपेक्षित,37
खसरा,72
लटके,171
दिग्गज,55
आचरण,94
पेय,100
दयाराम,32
शराबी,1
कारखाने,174
झुलसे,8
घुसा,35
प्रतिपक्ष,125
करवाते,39
आगनबाड़ी,2
हलचल,177
हेलीकॉप्टर,145
झाड़ियों,9
मुकदमें,186
चौकीदारों,139
पहुंचाई,28
लगानी,182
ग्राफ,31
गोकुल,36
सुगम,37
समाधि,162
वारदातें,70
परवान,18
घाटशिला,17
प्रेसवार्ता,95
सर्वजीत,32
प्राणी,119
कुपोषित,75
जताने,180
उन्नत,100
भतीजा,1
रोचक,37
दंगे,158
धमाके,126
आश्चर्य,39
सचान,27
दायित्वों,88
सज्जन,55
दुबारा,105
नवमी,34
सर्वागीण,58
अनजान,181
जुडे़,21
कटे,171
रोने,69
शिक्षिकाएं,179
फतेह,54
ईमानदार,55
बल्लेबाज,110
अराजक,132
तोड़,50
हरेक,181
बंटवारे,88
आत्मसमर्पण,154
हेमराज,32
बयानबाजी,66
हुजूम,177
मजा,111
जातियों,192
कवियों,192
ऊंचे,181
माओवादी,132
कड़ाई,135
पत्रिका,60
गोवंश,30
छिपा,84
आसन,29
अर्चन,34
शोकसभा,95
निरोधक,144
खंभों,92
सिखों,192
बिकने,19
भट्टाचार्य,27
आनाकानी,153
क्षतिपूर्ति,166
चमक,13
हरिहर,36
भाईयों,1
जसप्रीत,32
बिगड़ी,172
मार्गों,76
गुटखा,103
आधिकारिक,125
दिनहाटा,113
मानसिकता,66
सर्वशिक्षा,6
श्रमदान,58
परिश्रम,91
झाड़ू,68
अरोरा,27
खूंटी,112
कार्यकत्री,42
भूजल,122
माधुरी,143
मानो,39
बैनामा,117
उम्रकैद,70
यकीन,39
ब्लू,2
कटी,112
अवस्थित,149
जलकल,122
बनाएंगे,49
रुकवा,50
कहें,39
छूटे,171
इरादे,84
गुणवत्तापूर्ण,108
मनाते,193
युवराज,110
छाप,60
पल्सर,124
अंशकालिक,6
अध्ययनरत,6
फर्जीवाड़ा,74
दीदार,185
पत्रक,117
एतराज,39
फरीद,54
रास,177
गनीमत,39
फुसलाकर,164
बुझा,8
अनुश्रवण,52
टिकी,87
सुन्दर,133
बिन,54
तरीकों,88
इंच,89
जलवा,111
खेतीबाड़ी,30
भागकर,35
विरोधियों,43
गरम,103
चार्ट,117
पेड़,189
लिंग,29
बल्ब,13
जनों,192
कसा,112
विराट,29
आत्मविश्वास,58
बेचे,19
चेहरों,192
बाजपुर,17
पेशे,55
प्रस्थान,154
गुड़,173
छिपी,87
प्रतिस्पर्धा,44
बेचते,19
शासनकाल,149
मिलें,147
खलिहान,9
दामन,185
भयावह,31
नाट्य,21
बाट,134
जिनको,181
गोमती,17
होनहार,55
खुशहाल,75
पुरजोर,136
अपार,91
वरीयता,96
सुर,63
मैचों,110
दंत,72
वकालत,154
सट्टा,74
टकराव,88
भेजना,161
लपटें,8
हरित,30
अभिकर्ता,42
सिक्के,103
पिलाकर,103
ढुलाई,122
आदेशानुसार,186
युवतियां,116
सुलझा,191
बेसहारा,65
मानवीय,156
महत्वाकांक्षी,55
विस्फोटक,126
आशियाना,185
बोध,37
बराबरी,58
दुपहिया,124
रविकांत,27
खीर,173
शक्ल,185
रसोइया,173
आकांक्षा,91
दबे,171
कर्मजीत,32
दरार,24
फौरन,69
संप्रदाय,94
श्रृंखला,100
ढूंढने,180
प्रसन्नता,91
खोजने,180
बॉलीवुड,111
खजाना,11
रूटों,92
उपासना,94
संग्रहालय,174
श्रद्धासुमन,22
मादक,133
प्रत्यक्ष,100
पारदर्शी,37
राहों,185
रखाव,100
दोहन,100
निषेध,135
रिटायर,7
जीजा,1
मुक्की,177
निर्यात,100
आजीविका,75
मनायी,193
जली,8
बिछाई,101
पच्चीस,89
शिवराज,36
निकटवर्ती,17
दृष्टिकोण,37
दांत,112
कृत्रिम,100
मूर्तियां,116
बेघर,75
लोडिंग,2
लाद,50
भटकते,171
गहनता,37
चिकित्सीय,90
पदम,32
कानों,112
रियाज,54
यंत्रों,92
पटरियों,92
विराम,136
फैंसी,62
शाहगंज,17
पलटी,69
चौड़ाई,112
रईस,54
मरे,65
जीविका,75
दंडित,71
एग्रो,2
विचारधारा,132
अख्तियार,71
पहाड़ों,76
जुर्म,71
वीआइपी,2
मंडलों,52
सशक्तिकरण,58
पुनर्गठन,100
मोड़,76
शीर्षक,60
खंगाला,93
बचाना,98
हितैषी,55
उपलब्धियां,4
गुरुद्वारे,41
समृद्ध,21
किशोरियों,75
पोखरा,17
रूख,84
जुटने,180
वृद्धावस्था,31
भागते,171
डूबा,188
चारपाई,112
परीक्षकों,6
स्नेह,91
ननद,1
आदर्शो,94
खासतौर,39
उपाधि,149
झूला,29
राजगीर,41
विराजमान,38
आंदोलनकारी,132
सिलेंडरों,92
अल्पसंख्यकों,75
कूदकर,24
काफिले,124
मंजिला,174
पाला,93
समझकर,39
नामी,55
माताओं,192
चिकित्सकीय,90
लोकतांत्रिक,132
जोहड़,9
जूते,62
बोधगया,174
टोपी,62
बनवाए,174
चढ़ाया,18
शिकस्त,43
सरकारें,132
थानांतर्गत,113
संतुलित,37
जहमत,180
सहमे,171
मुद्रा,100
स्वाति,143
उपमुखिया,42
संभवत,39
रीति,94
गुत्थी,191
दिलशाद,54
प्रवासी,192
घरवालों,1
रिसाव,72
तपिश,23
सैलानियों,192
सिखाया,98
पुतले,111
लड़ी,43
आजिज,177
नामांकित,154
बलि,29
घाटा,166
बढ़चढ़,58
बदसलूकी,66
चुस्त,55
भरते,171
फेंके,50
विकलांगता,31
पुर,138
नूतन,143
पापा,1
स्मरण,91
प्रक्षेत्र,100
शिखर,29
होशियार,55
अफसोस,39
मायूसी,177
खूनी,70
खडे़,171
मेंहदी,54
यूनियनों,192
श्रुति,143
जख्म,65
फीडिंग,117
कराएगा,49
तीव्र,31
जीवनी,60
शौक,111
कुंडल,62
जलमग्न,122
किसने,149
समझी,182
मोक्ष,91
पट्टे,166
बचाकर,35
खानपान,21
इनामी,110
फहराया,159
खुदरा,19
शेरपुर,17
निर्भय,91
बजाने,63
सुनसान,76
बेबुनियाद,84
वहन,154
हवालात,164
क्षत्रिय,15
किरदार,111
डोडा,17
अभिकरण,100
पत्थरों,92
पुलों,92
धरा,29
महापात्र,27
खिल,133
जगाने,58
झूले,133
आमसभा,95
प्रशिक्षकों,6
भिजवा,161
बनें,147
जनमानस,94
लगवाए,50
स्वाद,173
अंत्योदय,75
खड़े,171
केला,123
तारिक,54
प्यारा,133
चारो,181
पहरा,35
निगमों,74
परे,37
विद्वान,55
जनसेवा,58
जोड़ों,123
रीढ़,112
उठाएं,147
लाते,171
व्यर्थ,119
दरकार,153
उतारकर,18
महक,133
गजल,185
गाजे,63
गृहमंत्री,125
लोकप्रिय,21
कमियों,88
सेनानियों,22
गाए,63
कुल्हाड़ी,104
कारीगर,55
अनियमित,31
द्वारिका,36
आहुति,22
शास्त्रीय,21
इंटरसिटी,124
ढाका,149
समाजसेवा,58
प्रबंधों,88
बजरी,122
पटल,60
ठेले,19
नजीर,54
गुंजन,143
जाप,187
पखवाड़े,198
सटीक,37
निकाह,184
परगना,17
बादशाह,15
संस्थागत,100
स्वामियों,192
घात,126
अनुमंडलीय,90
स्थलीय,100
पत्रावली,186
शतरंज,110
मौसमी,31
अंशु,27
चुन,154
सुनाते,39
दुर्गापूजा,193
पहुंचेगा,28
कूड़ेदान,68
पौराणिक,21
दबकर,24
दिखता,39
पीले,62
कायरें,58
मृदा,30
हत्यारोपियों,70
योगा,183
दौलत,11
मन्दिर,38
फर्ज,128
कुचलकर,35
व्यतीत,154
मांगते,153
गुण,119
बेल,189
अटूट,58
सूफी,184
ऋतु,143
ताजिया,184
पूछ,59
प्रमाणित,154
संस्कारों,94
प्रतिद्वंद्वी,110
संशय,31
सेवादार,41
जच्चा,144
धनखड़,113
फिसल,24
खूबसूरत,133
बैठेंगे,140
रूपया,11
भुखमरी,26
सभाकक्ष,95
कागजातों,117
नहरी,122
सिखाने,180
माहिर,55
सेल्समैन,19
कंटेनर,145
विक्रांत,27
जिम,2
धरे,171
अधीनस्थ,125
चप्पल,62
सीआइएसएफ,126
बनीं,87
अंधाधुंध,66
मोहर्रम,184
एजेंसियां,4
गंडक,76
हजारी,149
मीर,54
उमंग,133
पीला,62
प्रवाहित,91
आदी,31
शहरवासी,177
चिंतन,37
बांटकर,93
जलेसर,17
कबाड़,19
पर्वत,29
करनेवाले,154
भाड़ा,19
सदमे,26
बांधने,180
आधारभूत,100
थाली,173
उतारू,180
खांसी,123
नोटों,117
महंती,36
खिचड़ी,173
धोने,68
सहायकों,52
मुनीष,32
फरियादी,186
दबंगई,164
दोहरी,100
प्रतियोगी,44
बच्चन,27
जोगेंद्रनगर,17
वर्चस्व,43
महापुरुषों,94
कट्टा,104
जनविरोधी,132
हुंकार,22
मोमबत्ती,13
जीवों,156
संगीन,70
शुमार,192
समायोजित,154
हालातों,88
खजाने,11
झमाझम,188
मीठा,173
आंगनबाड़ी,52
डांट,69
नेक,55
सवालिया,84
संरचना,100
प्रभावितों,122
शफीक,54
चरमरा,24
अलविदा,111
सद्भाव,58
खरीदना,19
निचली,75
हेमा,143
नील,29
डुबकी,145
घटा,31
दुष्यंत,27
अन्न,30
खड़ा,93
घुटने,112
एजेंटों,74
मारामारी,177
डालना,98
मैक्स,2
भूखे,65
प्रभाग,100
लाभकारी,123
प्रवृत्ति,37
पधारे,95
तेंदुआ,29
अपराधिक,70
दौड़,44
दही,173
दंग,133
चारे,30
उड़ाने,47
असंतुलित,31
दिलाए,93
पीना,98
सत्यवान,32
खरी,18
घूमकर,171
भ्रम,84
बकाए,166
चिल्लाने,69
कूच,136
कायाकल्प,58
खुशियों,185
संवैधानिक,125
बोलकर,69
मनोरमा,143
बहनें,1
उपद्रव,158
उपराज्यपाल,125
चुनने,180
टकराने,127
आमतौर,181
माओवादियों,126
ससमय,154
आपने,39
सज्जा,174
बैसाखी,193
बीड़ी,103
सिद्धांत,37
गांववासियों,139
क्रांतिकारी,132
प्रख्यात,55
खातुन,54
प्रश्नोत्तरी,21
लगाएंगे,49
सब्जियां,173
उदयवीर,32
कर्तव्यों,100
लपटों,8
बाधक,31
निकालना,98
छाई,177
डोली,63
काटते,171
चूल्हा,8
अर्से,177
स्कीमों,52
कान्वेंट,183
वत्स,27
राग,149
भूगोल,21
बजरंगी,36
लेफ्टिनेंट,126
अंचलों,21
किसके,149
लौटाने,180
सूचक,31
तपन,27
प्राक्कलन,52
जेलों,192
प्रभावशाली,55
शराबबंदी,135
दलील,71
स्त्रोत,100
बुरे,119
गिर्द,171
पहन,62
परिचर्चा,95
आभा,13
जाखड़,113
ज्वाला,8
रची,182
मंत्रोच्चारण,34
घोटालों,74
चरणबद्ध,100
उखड़,190
दूल्हे,1
सांख्यिकी,100
दक्षता,37
वित्तविहीन,6
अरसे,177
झुलसा,8
निकालते,171
तालीम,184
बकायेदारों,139
मूंग,173
देवा,138
आगाह,154
अष्टमी,34
नेत्रदान,58
लौह,72
गजेन्द्र,27
लेंगी,51
दायरा,37
खुलेगा,140
घटने,31
परिधि,37
उपचाराधीन,90
सुशासन,132
प्रीती,143
सिखाए,183
श्रोता,55
उमड़े,190
प्रबुद्ध,178
जौहरी,27
हड़पने,74
कानूनों,135
पत्राचार,60
पीली,62
चुनौतियों,88
खदेड़,35
अतरौली,17
उत्पादक,100
सत्तर,89
बेचैनी,177
उद्योगपतियों,74
सूक्ष्म,37
शायर,55
लथपथ,69
व्यवधान,31
भुइयां,138
पुरातत्व,174
नाटिका,63
अनावरण,95
अनुचित,66
अभियंत्रण,100
चाहत,185
कटवा,50
अंजान,185
प्रिय,91
इबादत,184
नकाबपोश,164
संभाली,182
झरिया,17
जानबूझकर,84
घिरे,171
दुर्भाग्यपूर्ण,66
मूक,111
संवारने,180
औपचारिकताएं,4
भुवन,27
बजते,63
प्रवास,21
रूक,24
एजेंडा,132
बोलबाला,84
जानना,98
दवाब,31
लिखाई,183
ऋषभ,27
बकाएदारों,166
बैरक,126
गंगाजल,103
चैत्र,34
लेखाधिकारी,42
फंसाया,84
अधिप्राप्ति,100
बरसे,188
रिश्तों,88
पंडितों,192
तमन्ना,185
प्राध्यापकों,6
बोतलें,103
अपितु,37
राधाकृष्ण,36
कयास,83
पिलर,122
खड़ी,87
बढ़ना,98
हवेली,174
रहस्य,191
त्वचा,72
शुभारम्भ,95
हिस्सेदारी,166
असलहे,164
प्रेमनगर,17
साधू,61
पलटा,69
सत्ताधारी,132
पन्द्रह,89
पीरो,54
उल्टा,84
संयम,119
रोड़ा,172
सूरी,27
स्क्रीन,111
ठेकेदारी,74
तेरे,185
कांटे,189
फंसने,84
जद्दोजहद,177
व्रतियों,34
शिल्पी,55
फुटपाथों,92
सिरदर्द,31
प्रस्तुतियों,111
पंचों,192
मुनासिब,98
परसा,17
अमावस्या,34
स्थिर,37
बैट्री,2
निखारने,180
खींचने,180
बिगुल,63
निर्धन,75
समझना,98
पात,189
परिणामों,88
आपबीती,70
दरम्यान,185
पिकनिक,111
आहवान,58
खंभा,24
मंहगाई,11
पगड़ी,62
मेजबान,110
गुटबाजी,43
बरसी,193
त्रासदी,26
वालीबॉल,110
अद्यतन,100
संवर्ग,52
पालना,98
लौटकर,181
कुत्ता,69
सानिध्य,91
प्रावधानों,135
वस्तुएं,116
औपचारिक,100
करवाएंगे,49
घोषणाएं,4
दबोचे,164
लटकी,87
कैसा,39
सर्वोदय,149
सांय,198
कक्कड़,27
सशक्तीकरण,58
बेतरतीब,92
उफान,188
रंगीन,62
मुश्ताक,54
आशाओं,88
बनाओ,0
जागीर,15
सोते,171
तुषार,27
नीतियां,4
गुजरती,87
गर्भपात,144
दाह,187
पहनने,62
दूरसंचार,100
सुंदरता,133
छिपाने,180
पकड़,35
संक्षिप्त,37
कांडों,70
समझाकर,93
चर्चाएं,4
देंगी,51
मान्य,154
रैकेट,74
भिड़े,69
शाल,62
फजीहत,43
तांत्रिक,162
विभूति,91
पकड़ा,93
बरतें,147
सजाने,180
सुरक्षाकर्मी,126
बड़ों,1
जोखा,60
उठाएंगे,49
निकटतम,149
अरमान,185
गतिरोध,136
सरोकार,58
टुकड़े,112
छुड़ाने,180
जवाबी,126
अथारिटी,2
पूर्णत,37
धनी,55
बिगड़ती,172
बसर,11
सुस्ती,31
जयकारों,38
एचआइवी,72
तलाक,1
सजे,62
फाइलें,117
परचून,19
प्रवाह,37
दिलों,185
दुर्लभ,91
मोटे,181
पिकेट,164
रोमांचक,111
बुद्धिजीवियों,192
त्रुटि,31
ट्रासफार्मर,122
रासायनिक,100
कोटेदारों,139
उड़ाया,47
आतंकवादी,126
जीवंत,37
देह,119
स्वाभाविक,37
खामी,31
श्रीमद्,162
काज,7
फरोख्त,74
आधारशिला,174
स्टाप,124
नारों,88
भराव,122
भूसा,9
खनिज,100
बासमती,30
निगाहें,87
गलन,23
सदुपयोग,91
रातभर,177
पत्रकारिता,132
खागा,17
सताने,180
रचा,93
चौंकाने,111
ढाणी,113
प्रारम्भ,154
जातीय,21
दिखाना,98
नवाज,54
सुपरिंटेंडेंट,2
लहराया,159
तोड़े,50
ढांचे,100
केंद्रित,154
रोना,98
अथक,58
मनोकामना,38
गेंदबाज,110
गजराज,36
नकलची,84
चन्द,32
उपनगर,174
तपस्या,91
कराता,93
पालीथिन,68
उच्चस्तरीय,100
दुर्गम,76
पीतल,103
सैकड़ा,89
धमाल,111
फैक्ट्रियों,92
जिलांतर्गत,17
बदन,112
शंभु,36
बनाता,93
अर्जन,91
जल्दबाजी,39
बुवाई,30
कुंडी,103
समाना,98
सहमत,154
सूट,62
प्रायोगिक,100
जानता,39
समानता,37
भुक्तभोगी,66
नगरवासियों,192
विख्यात,55
संभल,171
छाता,62
बैठते,171
कमा,11
उस्मान,54
हनन,135
भिन्न,37
पहनकर,62
एहतियात,184
लाचार,65
पीते,171
घोड़े,9
सुपारी,189
बैठाने,180
छुट्टियों,183
बंधा,171
रोजमर्रा,88
परिक्षेत्र,52
मसलन,39
सूखी,188
प्रोफेशनल,2
अध्यादेश,135
आहट,177
गद्दी,15
उतारी,18
बहता,188
प्रयोगात्मक,100
अनाथ,61
मतभेद,88
छापने,60
किसे,39
खर्चे,11
विकट,26
गुरुजी,162
दहाड़े,69
सोचने,180
सतवीर,32
कपास,30
शाहबाद,17
ब्लास्ट,126
लगवाया,93
अखाड़े,43
चौसा,17
हिंदुस्तान,22
सुर्खियों,111
जहरीले,72
खिलाने,180
भुगतने,71
इंसपेक्टर,2
ढांचा,100
घनी,188
चिलचिलाती,23
पालकों,6
दर्शनों,94
किनारों,92
शीतलहर,23
नाश्ता,173
चुराने,180
सूचियों,117
नान,173
बाथरूम,68
ठेस,28
निकलती,87
वैवाहिक,1
दिलचस्प,111
कृत्य,66
सनसनीखेज,70
बुलाए,136
मूलरूप,149
बकायदा,117
अबकी,105
जाओ,0
थानान्तर्गत,17
अमलीजामा,62
फलदार,189
हिमालय,29
नाना,1
भूतपूर्व,125
गम्भीर,31
दाने,123
पतंग,47
वैली,2
पुत्रगण,32
फलस्वरूप,31
खोखे,103
सुकून,185
रखनी,182
गायिका,143
जगजीवन,32
संदिग्धों,70
बांसी,17
राजभाषा,125
सोचना,98
दलदल,151
तिल,123
भिखारी,61
ड्रामा,111
खुलते,171
गमगीन,177
कामगार,75
ठहराते,71
पहुचने,28
दिलाना,98
लम्बी,76
दिखायी,182
कुरान,184
बैठना,98
थैला,103
कहावत,39
सांकेतिक,37
गुफा,29
दूंगा,140
वनों,30
नाच,63
पंपों,122
दार्जिलिंग,149
घोड़ा,9
शशी,143
कामगारों,25
जुल्म,65
बेहतरी,58
बखान,39
ज्ञापित,154
भेद,119
बिस्कुट,173
तरजीह,39
याचिकाकर्ता,186
बैद्यनाथ,36
मयूर,29
मुल्क,184
चर्चाओं,88
प्रलोभन,119
गाते,63
सत्याग्रह,85
खेमे,43
रोहन,27
नीलकंठ,29
छोड़ना,98
शिवालयों,38
सादा,133
बेमियादी,136
अनामिका,143
बुआ,1
सौतेला,1
विंध्याचल,38
तकरार,177
धर्मराज,36
आंवला,123
लात,69
महफूज,54
वंश,15
सुजाता,143
दफन,9
विलास,119
हानिकारक,31
अनिवार्यता,37
रहमत,54
प्रकाशोत्सव,193
चुनार,17
बीर,138
मिष्ठान,173
दिवाली,193
हटवा,50
मातहतों,7
निगल,35
सामग्रियों,100
इतर,21
गुरुदेव,162
पहर,198
जनवितरण,74
संजीवनी,29
लड़ाई,43
वृहद,100
समरसता,58
घुसपैठ,126
धमकियां,70
विक्षिप्त,66
गोपनीयता,135
पाठ्य,60
मेहरबान,185
रैंप,18
सेवायोजन,52
कराएगी,51
पहना,62
समीकरण,37
पालियों,92
सरैया,17
प्रदेशभर,52
दुखद,26
आठवें,198
अखंडता,58
पॉलीटेक्निक,6
फिल्में,111
घबरा,69
संचालिका,143
देय,166
टकराकर,127
धमका,164
लगाव,37
नित्य,91
आपत्तियां,4
मैदानी,76
कर्मवीर,36
बिछा,101
उल्टे,84
रखेगी,51
त्राहि,26
पौष्टिक,123
शौकीन,111
दरें,166
सिक्का,103
भौगोलिक,21
समझे,39
एकादशी,34
विनायक,36
उछाल,24
निभाते,128
करतब,111
रेफरी,110
निर्वाचक,125
रामवृक्ष,36
बीआरपी,42
बक्से,103
धमकाने,180
अनुमानित,100
ढ़ाई,89
ग्रामोद्योग,52
पलक,112
बली,29
मुख्याध्यापक,6
सर्दियों,23
अनाधिकृत,74
विषम,31
जानबूझ,84
विद्यासागर,36
हटाना,98
मुस्लिमों,102
मस्त,133
शगुन,143
ढोने,180
प्रांतों,192
कार्डधारकों,166
धूरी,43
काल्पनिक,37
गुजरा,93
अनवरत,58
सौभाग्य,91
बांधे,171
जानमाल,70
कुंडली,149
देखेंगे,140
ईनाम,11
कम्युनिटी,2
मुस्तैदी,126
गल्ले,19
अन्नपूर्णा,38
त्रिलोचन,36
गालियां,69
घंटी,63
दूरस्थ,100
सोए,171
गुजरे,171
मारते,171
रसोइयों,52
मोबाईल,2
कीड़े,9
नैतिकता,94
कार्यान्वयन,100
औचित्य,37
बेमौसम,23
अपनाई,182
अभिनेत्री,143
नकारात्मक,31
उतरते,18
इंजीनियर्स,2
ससुरालीजनों,1
मंदी,31
फर्जीवाड़े,74
गिराया,93
झूमते,63
बदलना,98
कुलभूषण,71
रिक्शे,124
लटकता,24
खट्टर,136
कैफे,2
शाखाएं,116
देवाशीष,27
केवट,138
उबाल,123
हकदार,154
किले,174
करवट,185
साधनों,88
अहमियत,39
टोनी,27
मसला,191
बचना,98
छूटने,180
ताऊ,1
वचन,119
अनुबंधित,154
धोखे,84
अंगुली,112
नलों,122
ढूंढ,93
ज्वालामुखी,29
आदान,100
चुराकर,50
परिचालकों,139
मनमर्जी,7
निभाया,128
भट्ठों,122
वार्डेन,183
सुखद,133
आपत्तियों,88
कर्बला,184
बुद्धिजीवी,55
उठती,87
आएंगी,51
रिचार्ज,166
खोखा,103
तान,63
बिन्दुओं,88
वाजिब,66
भंडाफोड़,84
लगाता,93
केसर,123
अभिरक्षा,186
अर्थव्यवस्था,132
गुलाबी,62
अंधकार,13
जीरा,123
जलती,8
तेरा,185
दोगुना,166
श्रेया,143
गिरता,24
बिगाड़ने,172
दैवीय,91
सूचनाओं,88
बीएसएल,139
हुड़दंग,177
ढलते,185
बीघे,89
रेलमंत्री,125
चौकियों,126
वर्षगांठ,193
तानाशाही,132
हिंसक,66
परत,112
गुणों,88
महफिल,185
घोल,103
निवेशकों,166
वित्तमंत्री,125
ढक्कन,103
खटखटाया,93
मौज,11
अवमानना,135
बनाएगी,51
मंत्रोच्चार,34
टेकने,180
दूल्हा,1
ज्योतिष,149
बानगी,111
मेघा,143
अमूमन,181
कढ़ाई,62
शॉल,62
सोया,93
पर्दे,111
उद्भेदन,198
मिलेंगी,51
पीटना,98
महारानी,15
लड़कियों,183
थानेदारों,139
स्तुति,91
कक्षों,92
समितियां,52
अनियमितताओं,74
व्यथा,26
सम्बन्धित,100
टांग,112
लोकप्रियता,37
जबर्दस्त,111
नाकेबंदी,70
ठगा,84
बुजुर्गों,192
विस्तारपूर्वक,37
बजा,63
शराबियों,192
बंजर,30
छटा,133
प्रण,58
कसी,182
गाया,63
हैसियत,7
खुदा,184
गोताखोरों,145
सुअर,9
इकलौता,1
निबंधक,42
मौतों,31
क्रमांक,117
रामराज,36
जुटाई,182
नयन,133
जस्सी,143
फूंकने,180
स्वर्णकारों,139
आकाशीय,29
सकेंगी,51
आयाम,37
जलवायु,100
पक्षपात,66
गुंडा,164
राष्ट्रपिता,22
खामोश,177
ख्वाजा,54
आक्सीजन,72
बरते,135
घटती,5
प्रसारित,154
लाटरी,74
दमखम,43
प्रायोजित,154
हिंदुओं,94
कथावाचक,55
जांचने,180
अतिसंवेदनशील,31
जोड़ना,98
घंटो,177
मदरसे,184
क्षण,91
अक्षर,60
खुलेंगे,140
कुछेक,181
प्रतिद्वंदी,43
एकादश,110
खिला,133
डायन,69
सलाखों,112
मिठाइयां,173
मोहलत,153
चोरियों,70
छाती,112
दीर्घायु,91
बटन,112
ब्रह्म,162
तेरी,185
नीली,13
बरस,89
तकलीफ,26
उड़ाए,47
आमंत्रण,154
बिगाड़,172
पशुपालक,75
नाकाफी,39
पहनाने,180
नाबाद,110
सबों,192
सन्,149
जटिल,191
नुमाइश,185
तीर,104
मुखातिब,59
कर्मकार,75
कतरा,185
लड़ा,43
दिनकर,27
शौर्य,22
लेख,60
सुखी,91
सब्र,177
असमर्थता,31
मसाला,173
त्रिलोकी,36
उड़ाई,47
साख,166
अनिश्चित,31
प्रचंड,29
तांडव,29
गिरिराज,36
कोटि,91
चढ़ाकर,50
सरासर,66
संलग्न,154
खोया,93
गवर्नर,125
गोलमाल,74
फौजदारी,186
हर्षित,133
नौकरियों,192
घोषणाओं,88
काटना,98
प्रैक्टिस,2
एयरफोर्स,126
भागी,69
मजीठिया,7
संपादक,55
घेरने,180
भावभीनी,22
तनावपूर्ण,31
वजूद,185
रखवाली,9
स्वावलंबी,75
खींचतान,177
हल्दी,123
थप्पड़,69
मालाओं,92
मोटरसाइकिलों,124
कार्पोरेशन,2
उड़े,47
अतिशीघ्र,154
मिलाप,58
नमो,187
संभावनाओं,88
साहित्यिक,21
टेढ़ी,112
हथियारबंद,126
सीढि़यों,24
नस्ल,192
पाइपलाइन,122
मुकुट,62
दुर्भाग्य,39
सुरक्षाकर्मियों,126
सुरंग,76
शीत,23
डलहौजी,149
इज्जत,71
दर्शाता,37
एकतरफा,66
रिवाज,94
गुंडागर्दी,70
मैया,38
ट्रालियों,124
मापदंड,37
नाथनगर,17
पंथ,94
सफाईकर्मियों,139
मिलाने,180
जगपाल,32
जानें,147
कटाक्ष,66
भीख,153
तकनीकि,100
दौड़ते,171
अनुदेशकों,6
परिवारीजन,1
स्वयंसेवियों,192
हिलसा,17
दीदी,143
मिलाया,93
दंगों,70
चढ़ाई,76
हाकिम,54
कुलश्रेष्ठ,27
पुनर्निर्माण,100
मोटा,112
प्रार्थनापत्र,186
उच्चाधिकारी,42
जया,143
समझें,147
हलवाई,173
साबुन,103
फकीर,61
नजरें,87
खेलना,98
स्वदेशी,21
भयमुक्त,146
हीलाहवाली,186
भाषाओं,21
उच्चतम,125
जनजातीय,75
बंदरबांट,74
संग्रामपुर,17
आत्मसात,37
सांई,38
अनुदानित,6
बाहुल्य,75
भतीजी,1
सटा,112
आतंकवादियों,126
विक्रय,19
धुएं,8
पकड़े,164
झोला,103
चैतन्य,91
पर्यवेक्षिका,42
तल्ख,66
गहमागहमी,177
झूल,24
सौंदर्य,133
बही,188
थोड़े,172
रानीखेत,17
शिशुओं,144
दक्ष,55
मस्तिष्क,72
खंडहर,174
अव्यवस्थाओं,88
धनघटा,113
पार्लर,2
सम्पूर्ण,91
कसबा,17
पालक,123
धराए,164
नाटकों,21
झांसे,84
चलाएं,147
मुसाफिर,185
प्रसूता,144
पड़ेंगे,140
अपनाना,98
धमाका,158
पैंट,62
उपायों,88
मानचित्र,100
पायदान,18
गांठ,112
अहंकार,119
कनेक्शनों,122
दौड़ने,180
जलाई,8
मनचलों,164
वास्तविकता,37
निवासीगण,113
दिखती,87
उपद्रवियों,70
क्रिकेटर,110
जनजागरण,58
कट्टे,104
पर्यवेक्षण,100
आगोश,185
हेलीपैड,41
कम्युनिस्ट,132
शुभकामना,193
धनुष,29
प्रतिपूर्ति,166
प्रजातियों,30
जहाज,145
पखवारा,198
बेबस,65
भेजें,161
पत्ते,189
शिवपूजन,36
आंध्र,149
अपनाकर,147
उपजाऊ,30
बैठाया,93
किशोरों,192
कांति,143
नकार,39
लाभदायक,123
पाटिल,143
शूटर,110
बनाती,87
वैसा,39
जूता,62
रेप,70
उद्देश्यों,88
अकेडमी,2
समता,91
उठते,171
ठगने,84
खलील,54
चाट,173
चुकाने,166
प्रशस्त,154
बेचना,19
हड़ताली,136
झेलने,26
पालिसी,166
इचार्ज,146
कांफ्रेंसिंग,42
अपनाए,147
रेलकर्मी,139
दबी,87
रचनात्मक,58
इकट्ठे,181
राजस्थानी,21
कदमों,88
इस्तीफे,136
हालचाल,59
चौंक,59
पूर्वजों,192
चलेंगी,51
सामंजस्य,37
गुंजायमान,63
मासूमों,65
रिमझिम,188
किनारा,76
उमड़ा,177
बूढ़े,1
गंवा,11
पारिश्रमिक,166
इसरार,54
विडंबना,66
जागो,0
महाआरती,38
जनाधार,43
रेडीमेड,62
शिवानंद,36
बंगले,174
दारू,103
आदर,94
विभाजन,100
धमकाया,93
मलिन,119
बुनकरों,75
मंडरा,171
जलाए,8
मैकेनिकल,2
लश्कर,126
पत्रांक,52
मन्नत,153
माइक,2
तदर्थ,52
अद्भुत,133
सुखराम,32
सभाएं,116
सीखा,98
अदद,185
थैले,103
महामाया,38
दिव्यांग,75
असलहों,164
ज्ञातव्य,149
अनापत्ति,186
कॉरपोरेशन,2
गाना,63
उत्खनन,100
रेलगाड़ी,124
नाता,58
पोर्टल,100
मुर्गी,149
नाश,119
कंधों,112
बटोरी,182
कमजोरी,31
अक्षम,31
सिफारिशों,52
कराह,65
होम्योपैथिक,90
भंडरा,17
कांटा,104
उपकेन्द्र,122
टूरिज्म,2
बोरियो,103
कविताओं,60
घटक,100
साक्ष्यों,186
आखों,99
तालियों,63
कुर्सियां,116
विषयक,100
हराम,184
कठिनाइयों,88
व्यंजन,173
बेमानी,39
अपमानित,66
निकास,122
देखिए,39
चलेंगे,140
बताता,39
बनवाकर,50
खींचकर,112
त्यों,171
भीड़भाड़,76
मानिक,27
सीमाओं,88
वरिष्ठता,96
आत्मरक्षा,126
मानती,39
चलन,172
माप,134
अटैची,103
तिहाई,89
कतिपय,21
अनभिज्ञता,66
आंगनवाड़ी,52
ठगे,164
पिछड़,172
अनुदेशक,6
सांझा,58
नीले,62
असंभव,98
कारीगरों,192
चौथ,34
बन्द,98
भावुक,133
सुरभि,143
कबाड़ी,19
बढ़नी,182
एकड़,89
जेईई,6
दलबल,113
लगवाई,182
कोशिशों,88
संपति,11
मार्कशीट,117
कराती,87
बॉल,110
ढीली,112
उपदेश,94
ढेरों,181
प्रशिक्षणार्थियों,6
जालसाजी,74
दिमागी,31
भूमिहीन,75
छूने,180
इंसानियत,156
छेड़ा,69
शर्मनाक,66
चाही,182
हिल,2
सोमा,143
खोद,9
आजतक,39
श्रावणी,34
सौंपते,154
जुकाम,123
क्षमा,153
चपरासी,7
रंगमंच,21
पम्प,122
पिला,103
लेखाकार,42
रचनाओं,60
व्यवहारिक,37
सुधरने,172
ऊंट,9
मेवा,173
टीसी,2
आश्रय,91
जूझते,26
लोकगीत,21
वाचक,55
समेट,171
हरकतों,66
महादलितों,75
पुष्टाहार,52
स्वभाव,119
चित्रों,60
स्वेटर,62
औषधीय,30
तृतीया,34
छोड़कर,181
पाठ्यक्रमों,6
बोरियों,92
कुचला,35
जनसमस्याओं,88
फायदेमंद,123
परिणामस्वरूप,31
बीवी,1
भाड़े,19
यथा,187
कीमतें,166
प्रतिरक्षण,72
निगमायुक्त,42
वर्गीय,75
नवयुवक,55
ननिहाल,1
पागल,69
बच्चू,32
प्रियदर्शी,27
बालकों,192
सम्बन्ध,100
अनुमोदित,154
शीट,117
प्रविष्टि,60
कैरो,32
विवेचक,186
गजब,111
गदगद,133
तवज्जो,39
भराई,103
मनाना,193
परियोजनाएं,4
रौंदा,35
शिशिर,27
कंधा,112
रंगा,62
एथलीट,110
हबीब,54
तापस,27
मुगल,15
जिसमे,181
नीलाम,19
पूर्णाहुति,34
उन्नयन,100
भागीरथी,38
जोड़ने,180
सिद्धांतों,88
हार्दिक,193
भयानक,31
करोड़ों,11
कुम्हार,75
बनानी,182
मीठे,173
बुनकर,75
सुबूत,71
संभाले,171
पखवाड़ा,193
कौम,184
सेवादल,42
प्रस्तुतियां,116
यथावत,154
उतारे,18
कोरी,149
प्रदेशीय,125
संगीतमय,63
भरवाने,50
सजाई,182
राजनेता,55
झोली,11
वास,91
घेरकर,35
सहेली,143
राजनेताओं,7
चोक,122
मदरसों,184
मतपत्र,117
घिर,177
डरा,69
बेचैन,177
राशनकार्ड,117
हंसी,177
बुझाई,8
उन्होनें,39
अपनाते,39
घूस,7
दोहरा,105
सभ्रवाल,32
लोकदल,43
रामानुज,36
विटामिन,72
थाम,171
बाड़ी,9
नाज,54
हरकतें,66
ख्याति,149
बिसौली,17
अतीत,88
रंगाई,62
शिवालय,38
धोबी,138
पूंजीपतियों,74
उलट,39
सवेरे,198
पिलाया,93
वारिस,1
पीडि़ता,70
मूकदर्शक,164
बचें,147
मौसी,1
ढाबों,92
राष्ट्रवादी,132
घटकर,89
चौरासी,89
हटकर,181
जिम्मेदारियों,88
विवाहित,1
लगनी,182
खरीदारों,19
असंगठित,75
कर्ता,91
अराजपत्रित,52
भेजते,161
अवरोध,31
निंदनीय,66
लुटेरा,164
पत्ता,189
रखीं,182
प्रादेशिक,125
माघ,34
गूंजा,63
समतल,76
दलहन,30
बजाकर,63
अजब,185
विषाक्त,72
व्रती,34
कव्वाली,63
शिशुपाल,36
जिन्हे,181
जैव,100
हकीम,54
पदोन्नत,154
आत्मिक,91
भूत,111
दोहराया,105
सेमीनार,95
चलीं,87
अटका,171
अध्यात्म,94
छुट्टियां,193
मदनलाल,32
साधकों,162
सुनाए,63
सैल,2
महाभारत,149
ठगों,164
कुरावली,17
बाड़ा,9
छठा,198
उत्साहवर्धन,58
निश्चय,154
गेंदों,110
आशाराम,32
वाह,133
व्यस्तता,177
साया,185
मुर्गा,29
भ्रूणहत्या,144
विसर्जित,154
खरीदते,19
महासम्मेलन,95
शीतकालीन,198
उपसमाहर्ता,42
काश्तकारों,30
आभूषणों,62
पर्यवेक्षकों,52
सिवाय,39
शीश,187
अभियोजक,186
बच्चो,183
लिंगानुपात,75
श्यामसुंदर,36
बंटवारा,11
उच्चारण,37
छिन,11
निष्क्रिय,31
नवविवाहिता,1
मुनीम,164
चोटी,29
मधुकर,36
क्षय,72
प्रगट,91
नानी,1
अंधविश्वास,94
लाठियों,104
तस्वीरें,111
समीपवर्ती,17
जुड़ी,4
डाकघरों,52
फैक्स,117
साधते,171
चढ़ी,18
उतरेंगे,140
इसने,39
प्रचलन,31
परमाणु,100
लीवर,72
टिकटों,117
पत्ती,189
इलेक्ट्रॉनिक,100
अल्प,31
बिजेन्द्र,32
चने,173
जुड़कर,58
स्वर्ग,29
अनुपमा,143
विनाश,156
बनवाई,182
संचयन,100
अभिशाप,26
असलियत,84
पढ़ती,183
ईटों,174
भूना,173
बेअसर,84
गायकों,192
पार्थिव,149
कार्यवाई,186
कार्टून,111
उद्धार,91
शीशम,189
खदानों,92
विशेषता,37
पुताई,174
अनुसरण,154
स्टेशनरी,117
होनेवाले,31
आंदोलित,136
विद्यानंद,36
अंतरिम,125
विद्वानों,192
आंखे,99
करायें,147
निर्मली,17
गोरा,133
घटतौली,74
धूम्रपान,72
बागवानों,30
डेरे,9
तबतक,39
शिक्षामंत्री,42
पंक्ति,105
साहित्यकारों,192
झपट,69
ताकतों,132
अपात्र,96
प्रेषण,100
संकल्पित,58
किसानी,75
कटवाने,180
ठंडक,23
फुटकर,19
सदी,198
लुभाने,180
चश्मा,62
भांजे,1
पैगाम,185
जमानती,186
गानों,111
बारादरी,174
लाडली,1
सुई,112
पड़ोसी,1
हर्षवर्धन,27
दिहाड़ी,40
चंपत,164
करुणा,91
किसकी,185
प्रणाम,91
समुद्र,145
निर्बाध,37
अमूल्य,58
सुश्री,143
खानी,182
मांझा,104
नदियां,116
ढुल,32
तैराकी,110
कैसी,59
संक्रमित,72
स्वेच्छा,119
सीआइडी,70
नियुक्तियां,52
सतगुरु,162
मुकर,84
मचाते,177
करतूत,70
राजेश्वरी,143
भीमसेन,36
गहलोत,32
इक्का,110
समुदायों,192
गरमा,173
खिलौने,19
रासलीला,111
लाये,93
उठाये,171
ठेकों,74
सपरिवार,193
दौड़ाकर,83
फूस,9
म्यूनिसिपल,2
ढिलाई,135
कटोच,27
जायें,147
निपटारे,186
योगाभ्यास,162
चुपचाप,171
बेतहाशा,11
निवासिनी,38
संतोषी,38
छेड़,69
शक्तियों,88
यथाशीघ्र,154
भट्ठी,103
व्यवसाई,19
टालमटोल,186
पढ़ता,183
आमलोगों,192
किन्नर,29
रखेगा,140
पहाड़ी,76
धुंआ,8
प्रतिबद्ध,58
हड़प,11
परमहंस,162
बर्तनों,92
मुहूर्त,34
सहसचिव,42
स्रोतों,100
बदलवाने,141
शंका,31
मोहताज,11
लीची,189
निर्वाह,37
निभाएंगे,128
पढ़ना,98
उत्सुकता,177
नाममात्र,166
सदियों,105
शक्तिपीठ,38
कूड़ा,68
मानों,133
कलाई,112
कसरत,123
सत्यापित,117
मालिकाना,166
भूगर्भ,122
हमलों,126
तनख्वाह,11
फिसलने,24
हाय,69
कविताएं,60
साधक,162
तोले,134
उपमुख्य,146
वृद्धों,75
चालीसा,38
कारखानों,92
जगरूप,113
जानकर,39
बीजों,30
बिखर,24
घमासान,43
चहेतों,7
कनपटी,104
भूरे,62
अधिकाधिक,37
लीलाओं,133
अपूर्ण,37
सर्वोत्तम,37
मरा,69
मुझसे,59
मिट,26
वैसी,182
जलनिगम,122
बिलकुल,39
मूंगफली,173
साम्राज्य,15
एथलेटिक,110
जलनिकासी,122
बरातियों,1
श्रमायुक्त,42
हुकूमत,15
मेज,103
डकैत,164
खचाखच,177
हस्तशिल्प,21
जैकेट,62
पिछला,198
अनार,189
तीमारदार,90
सेंधमारी,70
हारे,43
निरुद्ध,186
दिखते,171
मनाएं,193
शासक,15
सबमर्सिबल,122
दुश्मनी,71
चढ़ाव,31
खरीदार,19
पांचाल,27
उतरना,18
सातों,198
रियासत,15
मरहम,185
कुदरत,185
बिखरे,171
मोहब्बत,185
ढांढस,69
जरुर,39
चौके,92
चूड़ी,62
हिमपात,188
थाप,63
सुनियोजित,37
फेंककर,50
मछलियों,192
फुसला,35
स्थानान्तरण,100
पहिए,124
पूर्णतया,37
टेंशन,177
वतन,22
जमाए,171
तोड़ी,190
कौमी,184
अंत्येष्टि,34
तिथियों,198
रचने,180
सड़के,76
न्यायालयों,186
गुरुओं,162
अधिकारिक,100
सत्रह,89
अलवर,149
याची,186
व्यंजनों,21
बूढ़ी,1
मत्था,112
शुक्र,119
बॉर्डर,126
उपभोग,100
उतने,181
प्रतिभावान,55
धूमिल,133
अशांति,31
लहरा,159
दरारें,4
मनीराम,32
इंद्री,32
लड़ेंगे,140
अंर्तगत,135
सर्वोपरि,37
पंजिका,117
दबोचने,164
रोपड़,113
साईकिल,124
अड्डों,92
मम्मी,1
मंद,31
भारतीयों,192
चाची,1
स्पर्श,91
पड़ेगा,98
नक्षत्र,34
बसाने,180
करारा,84
इरादा,154
दिशानिर्देश,135
असमाजिक,66
लालबत्ती,124
वल्लभ,36
पांचवे,198
सुंदरी,143
दिलाते,39
जापानी,21
हल्दिया,17
नमस्कार,91
नाचते,171
लिपिकों,52
निवेदन,154
सहम,69
हर्रैया,17
रातों,185
साला,69
मनचले,164
जंजीर,112
ठहरा,71
गोभी,189
भेजेंगे,161
जुनून,185
फर्राटा,124
प्यासे,65
मण्डी,19
वादन,63
श्रीधर,27
अखबारों,60
रीतेश,27
सुने,39
संगठनात्मक,100
तोड़ते,171
मनिहारी,17
लड़ते,43
पिछड़ों,75
मानता,39
मक्खी,158
भरो,0
ऑक्सीजन,72
स्वैच्छिक,100
रहेगे,140
खड़ंजा,16
हड़कंप,177
विधवाओं,75
फूले,189
अनियमितताएं,4
अहिंसा,82
जुटाए,11
हताहत,126
बजने,63
निजाम,15
आयात,166
क्षेत्रवासी,139
पहुचा,28
जामिया,184
प्यारी,133
दमन,132
बुनियाद,84
सटी,87
अर्पण,187
बाशिंदों,192
वनस्पति,30
संकरी,76
विसंगति,37
नाई,138
पालम,17
फव्वारा,174
पडे़गा,98
डाका,164
शीशपाल,32
परवरिश,1
डिस्चार्ज,144
कृष्णानंद,36
निखार,133
कार्बन,2
समयावधि,166
जेठानी,1
चराने,9
अभिव्यक्ति,37
मंत्रों,94
पिपरी,17
सत्तारूढ़,132
क्रियान्वित,154
लोहार,104
हस्तांतरित,154
बहार,185
निष्पादित,154
पालने,180
उपकेंद्रों,122
सुनेंगे,140
मशरूम,30
फिक्र,177
बिके,19
फूटा,69
लायी,182
बैलों,9
अनुशासित,55
माटी,149
आंकी,89
कलेर,113
वक्तव्य,60
घिरा,171
अनुमंडलाधिकारी,42
विस्थापन,31
भट्टा,17
तीखे,66
परिसदन,17
तुरन्त,154
बाजू,112
बिरंगे,133
उत्तेजित,31
दिनोंदिन,31
साजन,138
कुश,29
रामकथा,149
कृति,149
प्रमुखों,125
शादीशुदा,1
सहायिकाओं,52
कमांडो,126
उग्रवाद,132
पहनाया,62
दर्जे,7
मोतियाबिंद,144
मिनटों,89
इकाइयां,116
विसंगतियों,88
कामिनी,143
प्रत्यारोप,84
विक्षोभ,31
कार्याें,52
मचाना,98
दिलाकर,93
बेरुखी,177
घाव,72
दीवारें,116
जूट,30
स्थली,91
कृतित्व,37
विस्तारीकरण,122
मशगूल,177
मदों,166
महरूम,65
खिली,188
भुगत,71
खुलवा,50
अनुभूति,37
वाममोर्चा,132
दिखेगा,140
बड़सर,16
जामुन,189
मुख्यधारा,132
बेसब्री,177
बगीचा,189
चरितार्थ,58
जगदंबा,38
मौरंग,122
मैनेजिंग,2
चरमराई,177
दीजिए,140
मनोविज्ञान,100
जिताने,43
रेलकर्मियों,139
अपरान्ह,198
रैलियों,192
धराशायी,24
छुड़ा,35
बेसुध,69
सिराज,54
दिलवाया,93
प्रबंधकीय,100
लूटकांड,164
प्रत्यारोपण,144
कोंच,17
खिले,189
हिना,54
तिपहिया,124
पंख,112
निकलेगी,51
पैठ,37
परमवीर,22
स्वाहा,8
डूबी,87
आनेवाले,181
प्रभागीय,42
नींबू,123
ज्येष्ठ,34
बहाया,11
अनुयायियों,94
बंसी,63
एकमुश्त,166
रघुराज,27
सायंकाल,34
शमन,187
कोस,89
अजीब,177
किलोवाट,89
फैसलों,88
हिदायतें,4
सदस्या,42
भूरी,62
अमरूद,189
अधीनस्थों,52
पांचवी,183
ललक,177
आधुनिकता,156
बताएंगे,49
पूज्य,162
भागदौड़,177
सफलतापूर्वक,154
कटों,122
कारणवश,31
घुसी,87
सुदीप,27
विलुप्त,31
जलसे,184
महामारी,158
चरखारी,17
उड़ने,47
विविधता,37
फैलता,72
तौबा,71
दागी,7
गृहकर,166
छीनी,35
अपेक्षाकृत,31
इनवर्टर,122
सम्मति,91
स्टेंड,2
सुरक्षाबलों,126
अनुग्रह,91
सुखचैन,32
कार्यकत्र्ता,42
फैलती,87
युद्धस्तर,122
ऑपरेटरों,74
त्यागपत्र,136
संरक्षा,100
पोखरों,92
दुबके,171
आभास,37
कैप्सूल,72
सर्प,29
अड़चन,172
गुपचुप,84
दुष्प्रभाव,31
गंगानगर,17
धारी,29
ट्रांसफारमर,122
मनमाना,66
हाशमी,54
कोसा,84
आरपार,112
खोखला,84
पाएं,147
कालिंदी,143
शुद्धता,37
विभाजित,154
सूचीबद्ध,154
हैंडबाल,110
सुनायी,182
तारें,13
ग्यारहवीं,149
संग्रहण,100
बहु,100
तकिया,112
दोगुनी,89
नवसृजित,52
सिलिंडर,124
रैयतों,166
फार्मो,52
पकवान,173
नतीजों,88
अनुभवी,55
शिवभक्तों,38
भड़ास,84
नौका,145
नमूनों,92
बहेड़ी,113
कुर्बान,22
बेनकाब,84
हुकुम,54
जसवाल,32
भांग,103
कतराते,39
पशुधन,30
पटवारियों,139
गोताखोर,145
प्राचार्यो,6
यद्यपि,39
सांझ,13
चबूतरे,174
रंजिशन,164
सैलानी,192
नशेड़ी,164
जंतु,29
जनकल्याण,58
टिक,171
निर्मम,66
पनपने,180
इकलौते,55
जुताई,30
नाकामी,84
बिंदू,143
गिरिजा,38
उत्पीड़न,66
मन्नू,143
बौछार,188
निकलवाने,180
शर्मसार,71
नेत्रहीन,183
व्याख्या,37
असंतुष्ट,31
संयोजिका,143
स्टालों,92
बकाये,166
जुआरियों,164
मिलीमीटर,89
अनुभाग,100
परंपराओं,94
बारातियों,41
रक्तचाप,72
बदस्तूर,177
स्तंभ,174
वानिकी,30
वाहिद,54
बचते,171
सुनाने,180
एलडीएम,42
काहलों,32
दर्शना,143
मंगाया,161
बुढ़ापा,72
पहुंचाएं,28
राष्ट्रव्यापी,100
कुंआ,9
खिलाया,93
दिग्गजों,192
मोहिनी,143
आपदाओं,88
रोपित,30
रचित,149
स्टैण्ड,124
पद्मश्री,149
दिलायी,182
पाबंद,135
कपाट,38
प्रधानी,43
बांग्ला,149
उपरान्त,105
प्रतिरोध,31
गढ्डों,92
हमसे,59
सुसज्जित,174
मोचन,38
मूसलाधार,188
मर्ज,90
विभागाध्यक्षों,52
चैम्पियनशिप,110
कुकर्म,71
उत्पादकों,74
एलबम,111
सबने,39
हिरण,29
युद्धवीर,32
कर्णप्रयाग,17
दाता,91
बगीचे,189
पनीर,173
उचक्कों,164
फांदकर,50
जर्नादन,27
जादूगर,55
प्रतिवाद,66
जोरशोर,136
पेशकश,153
निबटने,180
टहलने,123
ऊधम,69
भंगड़ा,63
बरसाना,38
छुपाने,180
रजाई,23
करबला,184
तनातनी,177
सूझबूझ,37
लगाती,87
भैंसों,9
हताश,26
टीएन,27
सादगी,148
यादें,185
जिंदाबाद,22
बेचता,19
फिजिकल,2
इलेक्ट्रानिक्स,2
महबूबा,185
अध्यापन,6
तड़प,65
समन्वयकों,52
समझाते,39
वाकई,39
अनुकंपा,91
आबाद,185
आंदोलनरत,136
मसलों,88
अनशनकारियों,139
टंकियों,122
मंडराने,180
शर्म,71
कोड़ा,69
समाहित,37
चेकडैम,122
नौनिहाल,183
नियुक्तियों,52
चपत,69
मैगी,173
परिभ्रमण,91
चौखट,112
कुटीर,75
सुझावों,88
सकीं,87
महंथ,36
बकरियों,9
बिटिया,1
लिफाफे,117
राजरानी,143
सफाया,35
घायलावस्था,164
शुरूआती,198
लीं,182
मिठाइयों,173
कमोवेश,39
कोशिशें,4
साधने,180
रियायत,166
शाहदेव,32
आवंटियों,166
पेशा,75
मुसाफिरों,92
टावरों,92
पहाड़ियों,76
मन्नतें,153
पोते,1
आकृति,29
डालेंगे,140
दिखावा,84
मालगोदाम,17
अनुज्ञप्ति,100
शील,119
दिखाएंगे,140
ध्यानी,162
भाड़,190
लड़े,43
चुनरी,62
जघन्य,70
धुनों,63
भौतिकी,100
आधुनिकीकरण,100
बहती,188
कारगुजारी,70
निकलेगा,140
प्रज्ज्वलन,64
पैटर्न,37
छिटपुट,158
श्रद्धापूर्वक,34
अधिग्रहीत,166
प्रवृति,31
समाजसेवियों,192
कुटिया,61
वनाधिकारी,42
भइया,27
बर्दास्त,66
रुकावट,31
किरायेदार,1
सलामत,185
अंदरूनी,88
मनसा,38
आपातकाल,132
किराएदार,1
बहादुरी,22
अहीर,15
तीक्ष्ण,31
सीएसआर,2
ठान,35
अदालती,186
ख्वाब,185
लहराते,171
चढ़ते,18
चाहें,147
परम्परा,94
चबूतरा,174
हटे,171
देखता,171
गाल,112
मेलों,192
ट्रैक्टरों,124
जानती,87
तबदील,35
आनंदी,143
संतुष्टि,37
बास्केटबॉल,110
प्लेटफॉर्म,2
भेड़,9
ठहरे,171
तपती,23
बुझाया,8
फेरे,1
कुमकुम,143
खदेड़ा,35
पिच,110
शमा,8
तकदीर,185
वामपंथी,132
शारदीय,34
भेंटकर,50
निष्कर्ष,37
तख्तियां,116
जूं,112
फोटोयुक्त,117
खूबसूरती,133
निबंधित,146
जड़ा,190
वाणिज्यकर,52
ब्रह्मानंद,36
नफरत,66
अनुरक्षण,100
सीखे,98
परी,133
शिवाला,17
तेजा,32
सजाए,62
निष्क्रियता,31
अमरपाल,32
उमड़ने,177
निवाला,65
चौकों,92
जानकारियों,88
गुणात्मक,37
इमारतें,174
प्रोफाइल,2
यहाँ,181
दुहाई,84
वेश,61
मछलियां,116
महाकुंभ,95
पीए,103
ईलाज,90
झाडू,68
हेपेटाइटिस,72
भुला,39
सोई,87
बहकावे,84
कारवां,76
डांडिया,63
लीन,91
लाभांवित,58
क्रोध,119
शर्बत,123
गठजोड़,43
जगमग,13
संभालेंगे,49
फिजीशियन,90
सहानुभूति,66
जांचोपरांत,186
नामकरण,149
पूर्ववर्ती,149
आशियाने,185
उर्वरा,30
उत्कर्ष,91
वातानुकूलित,41
मजे,69
जमीर,54
गैरकानूनी,135
गुजारिश,153
छेड़छाड़,70
पाइपों,122
हस्तांतरण,100
बकरा,9
पुरातन,21
महानगरों,75
दौड़कर,69
प्रदत्त,100
डूबकर,188
एनएचएआइ,169
बगावत,43
बनवाना,98
संज्ञा,149
बंधुओं,192
गड़बड़,172
बचाए,11
मजहब,184
नामचीन,55
बीता,198
रुद्र,38
गौरवान्वित,58
आमजनों,192
पूछते,59
संकलन,60
पतन,31
अनुभवों,88
पेयजलापूर्ति,122
चहेते,7
प्रार्थी,186
पसंदीदा,111
भाला,104
शिल्प,21
बिगड़ते,172
डिब्बा,103
सोची,182
कुलाधिपति,42
खाल,112
सीनेट,125
अनुशासनहीनता,66
शर्ते,135
घटों,89
बिठा,93
खोदकर,9
चुनौतियां,4
दूज,193
बाराहाट,17
क्रूरता,66
पुस्तिकाएं,117
सांठगांठ,74
राजदीप,27
चुनिंदा,192
जिज्ञासा,37
कहेंगे,140
निर्दल,43
संस्कारशाला,41
शैल,29
भ्रमित,84
हकों,75
कुओं,122
सौहार्दपूर्ण,58
बदहवास,65
वेशभूषा,62
बराती,1
प्रसूति,144
परिधान,62
आमादा,180
जांची,117
पृष्ठभूमि,37
पाठकों,60
सतह,112
गांववासी,139
पूर्वानुमान,31
कब्र,174
शिक्षाविद्,55
ड्राइंग,183
भुलाया,93
संभालते,171
तेजवीर,32
तोड़कर,50
खोलते,171
कारें,124
प्रवचनों,162
बिछाया,101
नशाखोरी,66
कलंक,66
मैगजीन,60
बाएं,112
अनुरुप,37
नीरा,143
यमुनोत्री,76
इसलिये,39
अपनाएं,147
हामी,153
बालिकाएं,116
स्तनपान,144
मसीहा,71
अजगर,29
चेयरमेन,42
राजनारायण,36
तुम्हारे,0
टकराया,127
रचनाएं,116
साइकिलों,124
पवित्रता,94
बास,138
बनाएगा,140
आउटसोर्सिग,52
इतिश्री,84
ठेंगा,84
समूचा,149
लिखना,98
प्रकरणों,186
उदयराज,32
प्रचलित,21
निहित,37
संवर्धन,100
बधिर,183
बोरियां,116
पांचवां,198
कंकाल,29
मलाल,39
पीडि़तों,70
गुजरता,76
खंगालने,180
जहरखुरानों,164
लालटेन,13
मिलजुल,58
गंदी,68
शादियों,192
बब्बन,32
बुध,29
बागडोर,125
मनाएंगे,193
कोसते,171
घटाकर,166
उड़ी,47
फूटी,99
तीरंदाजी,110
इन्हे,39
आकाशवाणी,95
बेदखल,35
चलाएगी,51
छपी,60
इकाईयों,52
कांच,103
खासियत,111
खोलना,98
सरहद,126
कनक,143
बर्खास्तगी,136
कोयल,29
बहुचर्चित,111
न्यौता,136
काबिल,7
कायस्थ,149
सांगठनिक,132
फार्मासिस्टों,52
अंगों,72
पांडव,29
बांधी,182
बालियां,116
स्टीकर,117
सलोनी,143
लाज,138
खुशनुमा,133
जगा,177
अफवाहों,88
वर्गों,75
कोसों,177
बिन्दु,100
सजगता,37
चकाचक,111
संचय,100
नतमस्तक,91
संवेदनशीलता,37
आगंतुकों,41
हिदायतों,88
मौतें,4
शिक्षाविद,55
नीलगाय,9
बंटा,93
कंठ,63
धंसने,24
सिंतबर,198
नशों,72
मनन,91
चहुंमुखी,58
दानी,55
जत्थों,192
उलझा,191
मोहसिन,54
बुझ,8
पर्याय,37
निकलवाया,50
आसरा,185
उधम,22
पूर्वांचल,149
लगाएगा,140
एहसान,54
पिहानी,17
देशवासियों,22
यूएस,2
मिश्रित,21
झाड़ी,9
पादरी,55
गहराया,93
वर्जित,135
दुआएं,153
मद्य,187
मचाई,177
लीजिए,39
परिकल्पना,37
कायदे,135
अटकी,87
तिजोरी,11
रक्षकों,126
सौंपेंगे,49
पकड़ने,180
जमाना,98
छूटा,93
संबधी,100
फफूंद,72
विद्युतापूर्ति,122
शतप्रतिशत,166
प्रवक्ताओं,6
शोहरतगढ़,17
आयीं,87
आवाम,132
संगतों,192
मातृत्व,144
बंधाया,93
शस्त्रों,104
बेखबर,177
प्रमाणिक,37
फॉगिंग,122
गुजारने,177
उंगली,112
रुककर,171
बीचों,174
दिलवाई,182
टहल,171
अफसरशाही,7
पहुंचाते,28
बुराईयों,94
वधू,1
सत्कार,91
मैत्री,58
हटाई,182
दीये,13
व्यापी,58
स्थितियों,88
डिब्बों,92
कैंपों,126
जलसा,193
हलफनामा,186
धमक,177
भूखंडों,92
अरबों,11
उपखंड,42
छर्रा,17
प्रतिभाएं,4
कंक्रीट,174
अंडा,173
उस्मानी,54
पेशाब,72
पौत्र,36
पोषित,58
इसमे,39
ठहर,171
उग्रवादियों,126
मरी,87
मध्यस्थता,136
गवां,11
बेअदबी,71
नाती,1
अध्याय,198
जमात,184
कुलवीर,32
नंगे,171
पहुंचाए,28
बवाना,17
साम्प्रदायिक,132
हार्डवेयर,100
घोंटकर,50
दुखों,26
नकारा,39
असमय,26
रैलियां,116
उग्रवादी,126
बाते,4
मुकामी,184
किन्हीं,88
अनदेखा,39
ब्लेड,104
पारितोषिक,11
गुज्जर,32
मौनी,138
डरे,69
जूही,143
साइकिलें,124
छिड़क,103
नसीर,54
उकलाना,155
रोजे,184
चलाएंगे,49
रंगेहाथ,164
बरसा,188
अक्षत,91
खेद,39
जन्मे,55
गिलास,103
भरसक,180
मणिपुर,125
अप्रत्याशित,31
खुदकशी,71
भांजी,1
जमादार,32
श्राद्ध,34
पढ़ाते,183
निरोधात्मक,31
तिरंगे,22
सुमंत,27
प्रतिबद्धता,58
छुपा,84
फेंकी,182
रवानगी,177
धोना,98
लीपापोती,84
हटेंगे,49
बाराती,1
सभ्याचारक,95
चित्रांकन,37
वचनबद्ध,58
आलाधिकारियों,139
बारीकियों,88
निष्पक्षता,37
बिखेर,133
जातिवाद,66
अनुयायी,94
कालोनियां,116
हरिनाम,187
चूड़ियां,116
बिलखते,65
परीक्षित,100
तबादलों,52
छक्के,110
नवी,54
ओले,188
कीर्तिमान,58
गोसाई,138
दुलारी,143
देररात,113
नवीनतम,100
देरशाम,113
दशम,149
ग्रामवासियों,139
बाबुओं,7
नियमितीकरण,52
नजाकत,177
नजरों,71
समयबद्ध,100
निकलवा,50
योजनाबद्ध,100
यादों,185
खाए,173
उपकार,91
भुवनेश,27
लाहौर,149
टला,69
बाध्यता,135
साली,1
अभिकर्ताओं,52
गाँव,17
चारधाम,76
नाप,134
साहसिक,58
मुनी,36
एलआईसी,166
संवाददाताओं,136
उद्घोष,58
करिश्मा,143
बकरियां,116
सीमांकन,100
ओढ़ाकर,62
मंगलसूत्र,62
अभियन्ता,42
बंदा,71
शुद्धि,187
दमा,72
निभाएं,128
कपड़े,62
खामोशी,185
भालू,29
डलवाने,50
उस्ताद,54
भोलू,69
चाभी,112
पकडे़,164
वादाखिलाफी,136
पंचायतीराज,42
अविवाहित,1
जलते,8
डेरापुर,17
खजूर,189
शिवनंदन,36
जनकल्याणकारी,58
रोको,0
कठिनाईयों,88
चादरपोशी,184
मेधावियों,6
भटकने,180
गुनाह,71
चौतरफा,88
फतह,43
देखो,0
परास्नातक,6
खोने,180
संदेहास्पद,31
कुर्ता,62
सांड,69
लोभ,119
बंध,119
श्रीमति,143
कसना,98
धागा,62
शातिरों,164
प्रबन्धक,42
व्यंग्य,60
लुप्त,31
बल्ला,104
दसवें,198
आर्शीवाद,91
समर्थ,91
रुपेश,27
चिड़ियाघर,111
फुर्सत,177
पूरक,100
लगाएगी,51
अछूता,31
भागीदार,58
जलपान,41
हुक्म,71
शंखनाद,58
कांप,69
रहन,75
रिझाने,180
कलशयात्रा,34
सार,37
निर्माणों,174
पदस्थापन,52
खोदने,9
कृत,149
शाप,119
संबद्धता,37
सिद्धि,91
रुकते,171
पथरी,72
मोल,134
थोड़ी,181
खोटी,69
कमोबेश,181
कुटी,41
सायरन,63
घटाने,180
पटक,69
दुधारू,30
आक्रामक,66
शोरगुल,177
तोता,29
उत्पादकता,30
छिप,171
प्रमाणपत्रों,117
वीरता,22
बोई,30
गिने,181
जायदाद,11
सितारा,13
हजम,11
अविरल,91
कुमुद,143
चर्म,72
झडी,177
सुधरी,172
अजायब,32
सामंत,15
सांसें,185
निरोग,91
पुत्रियों,1
जलाशयों,122
बिठाकर,93
ग्रामवासी,75
जेहन,185
आहुतियां,116
महकमों,7
प्रभावती,143
नौकरानी,1
ब्रजमोहन,36
तनिक,119
द्वेष,119
आज्ञा,153
होनेवाली,31
दूरदर्शन,111
सुहेल,54
तटवर्ती,145
दौड़ाया,83
किस्मों,30
मिठास,133
ससुरालीजन,1
बरतते,171
दूत,29
स्वदेश,149
जिलामंत्री,42
मुंडन,34
केले,189
ढील,135
अनूठी,37
गुरुजनों,162
तमाशा,111
तीरथ,138
शिक्षणेत्तर,6
शोधन,100
साग,173
बिका,19
चौका,103
प्रासंगिक,37
लड़ेगी,43
फैलाई,182
भंवर,188
सुपरवाइजरों,139
छिपाकर,50
पड़ताल,37
छत्रपति,36
रूझान,31
अध्यक्षीय,125
आतुर,180
गहनों,62
लोकनिर्माण,125
पुनरावृत्ति,105
अनपढ़,75
समावेश,37
अशिक्षा,75
सुभद्रा,143
सेव,2
जंगलराज,132
राष्ट्रीयकृत,166
लड़ना,98
संघर्षरत,58
रुकवाने,180
करवाचौथ,193
तरंग,29
ग्लास,103
गैलन,103
उर्वरकों,30
अनिमेष,27
अभिन्न,21
नवरात्रों,34
गण्यमान्य,192
महारैली,95
कनेक्टिविटी,2
शमशान,81
बिरजू,149
लावारिश,65
धीमा,31
भूसे,9
पुनर्विचार,154
शवगृह,41
धरनास्थल,136
आंनद,133
जांचा,93
पोलिथिन,103
संघों,192
ग्रह,119
वयोवृद्ध,55
चिकित्सालयों,90
पराग,189
कौड़ी,11
छलावा,84
झोपड़ियों,92
दूतावास,125
विशेश्वर,36
झुग्गियों,68
अधिग्रहित,166
निलेश,27
प्रतीक्षालय,41
नौंवी,183
पड़ना,98
रघु,27
भूतल,29
किसानो,75
फांक,112
सुहाना,133
प्राविधिक,100
असहायों,75
लोचन,36
प्रशंसनीय,58
बिगड़े,172
उत्पादित,154
खुलता,171
पहचानने,180
कसते,171
बगिया,189
अंडे,123
उद्यम,100
उलझी,191
बिचौलिए,74
विधा,21
मलय,149
खानापूरी,117
रोकते,171
निकालेंगे,140
चौपारण,169
उजाला,13
फिसड्डी,110
नीला,29
षडयंत्र,84
कांधला,17
प्रखर,55
हाजरी,41
भावनाएं,4
बिचौलिया,74
गायकी,63
दुनियां,156
पिया,103
गोलीकांड,70
जायरीन,184
स्ट्रोक,110
कुव्यवस्था,199
मंसूबे,84
फिजा,185
वारिसों,15
दवाईयां,90
लोकनृत्य,21
शतक,110
पछुआ,23
बिताने,181
इंस्पेक्टरों,139
फांस,84
मुजाहिद,54
नागवार,177
समीक्षात्मक,37
विचरण,29
सम्मुख,91
सालभर,198
सूने,188
मनवाया,93
पदार्थों,72
श्मशानघाट,81
मुर्दाबाद,132
बदलेगी,51
क्षत,26
इस्लामिक,184
शांतिभंग,70
बढ़ाएं,147
वायुसेना,145
भात,173
पढ़ाना,183
बीचोबीच,174
बिखरी,87
धरी,182
तरबूज,123
ढलाई,122
वगैरह,50
हारने,43
निपट,39
बाकि,181
भक्तजनों,38
कमाया,11
प्रतिभाशाली,55
उलझे,191
दुकाने,19
खंडित,37
वरन,39
जवाबदेह,125
फ्रेंचाइजी,110
पर्चियां,117
चौपहिया,124
ऑडिशन,111
बरतनी,182
बीन,63
घपले,74
गलतियों,88
नैनो,2
दलीय,132
राखियां,116
आयेंगे,140
पुरूषों,192
नम्रता,143
शिकारियों,192
खिड़कियों,92
सभ्य,156
अंपायर,110
पसार,171
पालतू,29
लकड़ी,9
बच्चियां,116
आयेगी,51
चीखने,69
नवगठित,125
अमानवीय,66
लहजे,66
खुलेगी,51
नमाजियों,184
सुलझ,191
बहुमूल्य,21
महामहिम,125
आवश्यकतानुसार,100
गिरती,87
अंतरराज्यीय,76
उपसचिव,42
टेबिल,103
खात्मे,132
दौराला,17
दर्जकर,186
अनसुना,39
भक्तजन,38
अधिकारिता,125
गौरवशाली,22
बहुओं,1
भरवाया,50
खेलकर,110
उड़ाते,47
कार्यमुक्त,136
ग्रीष्मकालीन,198
धन्य,91
चहुंओर,177
छतरी,62
पड़ने,180
तथाकथित,132
शास्त्रों,94
टुकड़ों,92
प्रियांशु,27
मुख्यअतिथि,95
मंत्रणा,136
भीग,188
पंचर,124
तेजस्वी,55
नौवें,198
परिदृश्य,37
कैंब्रिज,183
बताएगा,140
दाहिने,112
विक्रमादित्य,149
वस्तुस्थिति,37
दगा,84
देवगम,36
बंटे,43
काठगढ़,17
गिराकर,35
नगराधीश,32
व्यवस्थापकों,52
झुलसने,8
पुंज,13
संवेदकों,92
घटते,31
लेजर,2
नथुनी,138
किश्तों,166
खेमका,27
शिकारी,29
सरपरस्त,7
विक्षत,65
आसीन,7
हवस,65
भगाया,35
एप्लीकेशन,2
ताल्लुक,55
ट्रेक,76
दीपों,13
मालवाहक,145
शायरी,185
रसोईया,173
किसका,39
बारूद,126
म्यूजियम,174
उठायी,182
दंडाधिकारियों,139
परख,37
मनोहारी,133
सारिणी,100
खोदे,9
पहिये,124
पोती,1
अपशब्द,66
अंशिका,143
वनवासी,75
तरैया,17
रैबीज,72
माखन,138
सजने,177
प्रतियोगियों,44
प्रस्तावक,100
गुरुद्वारों,41
मुख,29
शिष्यों,162
दमदार,111
ढीले,112
डिफाल्टर,166
बोतलों,103
विपक्षियों,43
विश्लेषण,37
अनुशासनात्मक,135
हड्डियों,72
दशमी,34
मुखाग्नि,1
माँग,153
चित्रा,143
रेलमार्ग,76
निषेधाज्ञा,135
हंसते,171
दीनबंधु,36
एकलव्य,149
बचकर,35
खोजी,55
खीरा,123
बकरे,9
बहकर,188
श्वेत,29
मेहरबानी,153
गालीगलौज,164
गोले,104
धुलाई,68
अमानत,54
शराफत,54
ताड़ी,103
गंाव,113
अराजकतत्वों,139
वाद्य,63
मंदबुद्धि,1
हतप्रभ,133
वीरान,76
पड़ीं,87
थामा,43
बिछाकर,101
नमकीन,173
जाँच,186
सिंथेटिक,72
विज्ञानी,55
खजांची,54
लकड़ियों,9
बेपटरी,24
फटा,112
ईश्वरी,38
नवनिर्माण,58
तोला,134
विफलता,31
कूड़ादान,68
गिनाई,182
हिफाजत,71
अयोग्य,96
माध्यमों,88
छलक,188
ढहने,24
वितरक,19
वास्ता,84
कुनाल,27
समाजशास्त्र,100
छप्पन,89
अभिवादन,58
गरज,188
गुजराती,21
बोगियों,124
सबूतों,186
बजाते,63
नहाते,171
पिचकारी,103
लग्न,34
प्रकल्प,58
मांगलिक,34
भूदेव,27
रणजी,110
सिंधु,29
पाश्चात्य,21
छेड़ने,180
गर्मजोशी,177
मैदानों,110
फीका,133
मकबूल,54
प्राणों,22
विलीन,91
लगकर,24
कुर्क,166
गीतकार,55
थान,62
क्वार्सी,17
प्रतिलिपि,60
मटका,103
लाइनमैनों,139
अप्रशिक्षित,6
योजनाकार,55
दौड़ी,69
जुड़ाव,58
जहाँ,181
मुहाने,76
मल्लाह,145
सटाकर,112
मुमकिन,98
चिमनी,174
नहरें,122
नरक,119
गोलबंद,43
खड्डा,17
ताप,72
ढुलमुल,66
एकीकृत,100
मालाकार,36
कसे,112
पोस्टरों,92
अन्नदाता,75
पीटीआई,2
रेलपार,12
भागना,98
धकेल,35
अभिलाषा,91
खुशखबरी,177
बेकसूर,71
दीया,13
कोषाधिकारी,42
इच्छाशक्ति,58
छुड़ाया,35
अभूतपूर्व,58
मादा,29
टेप,117
असुरक्षा,31
बेशकीमती,11
सेनानायक,55
जलेबी,173
सेटेलाइट,2
सिवा,180
लहसुन,123
दर्रे,76
उपजे,88
दुकानदारी,19
सीना,112
मंदाकिनी,29
थिरके,63
इमामबाड़ा,184
खाबड़,76
शर्मिला,143
छीने,35
परास्त,43
तपा,8
चटकाए,110
जिलास्तर,52
रूकने,180
सत्यता,37
कूदने,180
बचेगा,140
शक्तिशाली,55
कोख,144
पटाक्षेप,136
सेनापति,55
जलता,8
वाहक,145
बीचोंबीच,174
सर्कस,111
लांग,2
झपटमार,164
अपहरणकर्ताओं,70
कशिश,185
सलामती,153
सातवां,198
खिलाई,173
अपहर्ताओं,70
पकाने,173
पस्त,43
कछुआ,29
आयशा,54
नियति,26
बैनीवाल,32
मरणासन्न,69
मुंहतोड़,126
तहस,35
खाती,87
युवजन,43
मनाही,135
चिल्ला,69
हुर्रियत,126
सारथी,29
इंद्रधनुष,29
बटेश्वर,38
बोलना,98
स्वप्न,91
जुए,11
ग्रंथों,94
मधुमक्खी,30
बोरों,103
पीतांबर,36
रुदौली,17
सट्टे,74
शहद,123
कथनी,94
जुबानी,185
झपटमारी,164
करनेवालों,154
अध्यात्मिक,94
थकान,31
मंगवाई,161
पक्षधर,132
शूट,111
सरंक्षण,58
छायादार,189
कालिका,38
सुलेख,183
वस्त्रों,62
लगेंगी,51
बाइस,89
लगान,166
जालसाज,164
रेस्तरां,41
संबंधियों,192
दलीलें,4
रहनेवाले,181
जोड़ते,172
खादों,30
मारना,98
अंकपत्र,6
हस्तियों,192
मुशायरे,95
सीवेज,122
मध्यान्ह,41
निकलें,147
कार्यस्थल,100
अनूठा,133
झकझोर,35
झड़ी,177
दिव्यांगों,108
न्यायधीश,125
मनवाने,180
किरकिरी,177
हिला,24
चुटकी,123
ओलंपियाड,110
यामीन,54
लहरी,63
ताश,110
उड़ती,47
सरस,133
छात्रनेता,42
मरम्मती,122
गेटमैन,139
तबला,63
संपादित,60
गड़गड़ाहट,63
चैनलों,111
उगी,189
पूछी,59
अप्रत्यक्ष,100
बक्शा,164
कुशलता,37
आयुवर्ग,183
अंत्यपरीक्षण,45
डब्ल्यू,2
कर्मो,119
बेपरवाह,177
कास्य,110
हसीन,185
चमकाने,180
उजड़,65
अत्याधिक,31
कर्मठ,55
झोपड़ियां,116
डाट,2
कटघरे,84
चलाएगा,140
प्रजनन,144
साठगांठ,74
लेखकों,192
आइना,185
निपटाया,93
दबने,24
धारणा,37
अस्वस्थ,31
चुनकर,181
मंगाकर,161
मारूति,124
परखने,180
सकरा,17
धरोहरों,174
सुखा,103
होम्योपैथी,90
नरम,112
लल्ला,36
रंगकर्मी,55
गृहणी,143
बदलती,87
रुकवाया,50
छोड़ते,171
कुचलने,180
अनबन,177
पुत्रियां,1
बंसीलाल,32
कोयलांचल,17
सोचते,39
जागे,147
हत्याओं,70
लेंटर,122
नन्हीं,143
अखाड़ों,92
रक्तदाताओं,90
उठाता,171
चेत,138
वाचन,95
वायदों,88
स्वास्थ्यकर्मी,139
निभानी,194
जननायक,22
जुबां,185
प्रतियां,117
परमार्थ,91
बारीकियां,4
माचिस,103
काजू,173
सर्वदलीय,136
भोली,133
शहनाई,63
पनकी,17
कांटी,17
अवसरों,88
सिक्कों,92
त्रुटियों,88
भूले,98
तम्बाकू,72
सम्बंधित,100
शासित,125
नायाब,111
वशिष्ट,36
ब्रह्मचारी,162
पड़ती,182
कामधेनु,29
फार्मेसिस्ट,90
कातिल,71
शीशी,103
गुब्बारे,158
छंटनी,166
टयूबवेल,122
नीर,188
नाचने,63
खाएं,123
सप्तमी,34
तारे,13
तीव्रता,31
गहराने,177
पोस्टमास्टर,42
निरक्षर,75
जिन्दगी,185
मच्छरदानी,62
लटकते,171
लौटाया,93
घपला,84
दालों,30
परिधानों,62
खरपतवार,30
मुनाफे,166
धोती,62
मुग्ध,133
मालामाल,11
बुलावा,161
जुटेंगे,49
पीक,2
अनौपचारिक,100
बदलता,39
अकादमिक,6
कतारबद्ध,171
कैंची,104
इंतकाल,54
नजरिया,37
मुख्तयार,32
कपडे़,62
चमेली,189
ठप्प,136
झपटी,35
दामिनी,143
नोंक,104
टोका,69
वन्यजीव,29
महती,58
छोड़ने,180
प्रागंण,174
मुकीम,54
छेद,112
सुंडी,189
गोरक्षा,58
शंख,29
राष्ट्रगान,63
कस्तूरी,29
बमबम,113
ढर्रे,111
औरत,1
झरना,29
रौब,7
कार्यक्षेत्र,100
वेल,2
जायेंगी,51
पुश्तैनी,1
अलगाववादी,132
अधीक्षकों,139
निर्णयों,88
फोटोग्राफर,55
कसम,71
फेहरिस्त,88
थिरकते,63
अधमरा,69
चेस,2
वली,54
अल्का,143
कम्यूनिकेशन,2
कछला,113
लगवाकर,50
कीजिए,147
पटवार,52
दरवाजों,92
संकोच,119
पैंतीस,89
जनेश्वर,36
मृदुला,143
फहराने,159
आइए,147
काश्तकार,30
चलंत,2
बजरिया,113
रुद्राभिषेक,34
वेदांत,162
खोदी,9
ऐतराज,39
रहूंगा,140
भावपूर्ण,133
शान्ति,91
स्टाम्प,117
निराशाजनक,31
स्मारिका,95
हिरन,29
रिफंड,166
प्राणियों,156
पत्थरबाजी,126
अधिकता,31
आटे,173
मंडलाध्यक्ष,42
चुराई,182
बाड़े,9
अनभिज्ञ,39
हजारा,149
मिश्री,123
सुनहरा,185
ब्रह्मदेव,36
बरकत,184
भड़की,8
अकीदतमंदों,184
मसाले,173
सोचकर,39
सत्यार्थी,149
तुम्हें,0
उत्सुक,55
उजाड़,9
दुश्मनों,126
सुबेदार,32
जनसमूह,192
दिलावर,54
सगाई,1
आरम्भ,154
ठूंस,50
गाजर,123
ताजपोशी,43
टिन,103
ढाल,104
गुलामी,132
उचक्के,164
हथकंडे,84
खोखले,84
जागा,177
फैलते,158
जिमखाना,110
तुलाराम,32
बनेंगी,51
प्रसंस्करण,100
क्रियाओं,88
हटाये,136
लालसा,91
पीढि़यों,192
टैबलेट,2
नेटवर्किंग,100
कसौटी,37
अधिसूचित,154
लकड़ा,32
अपहरणकर्ता,164
राजमिस्त्री,75
सुंदरकांड,34
बैलगाड़ी,124
आदिम,156
छूटी,87
अढ़ाई,89
सूजन,72
भांजा,1
चश्मे,62
सूनी,13
रसायनिक,100
करवाता,93
छपने,60
स्वर्णिम,91
दर्पण,149
बचाते,171
बर्ताव,66
ईसा,149
वर्धन,27
बल्लेबाजों,110
पेंशनधारियों,52
पिलाना,98
गरजे,69
देशद्रोह,71
बाजा,63
टकटकी,171
देवरानी,143
तलहटी,76
फरमाया,39
लड़ने,43
रूपों,88
चहलकदमी,177
अशोका,2
सीढि़यां,18
रिजेक्ट,117
खुलती,87
कातिलाना,70
काबीना,125
सर्वधर्म,94
जनसेवक,7
टेक्नोलाजी,2
विद्यापति,149
परिप्रेक्ष्य,37
यांत्रिक,100
चित्रण,37
कॉरपोरेट,74
वेदों,94
वाम,132
सर्वांगीण,58
टीजीटी,6
शुष्क,30
निर्यातकों,166
सेहरा,185
सैद्धांतिक,37
चिंहित,122
निर्यातक,19
देखती,87
चिता,8
कसाना,32
पंचमुखी,38
कारनामे,84
अपर्णा,143
गरुड़,29
ताकीद,153
पतली,112
मेहनताना,166
उम्मीदवारी,96
मंगाने,161
खात्मा,132
आलिया,143
परोपकार,58
टुकड़ा,103
सजाकर,133
लड़के,1
खड़िया,103
सोमेश्वर,29
मित्रता,58
बिल्ली,29
तीर्थनगरी,41
टोलों,92
मेघनाथ,36
सत्रों,198
भद्रकाली,38
व्यावहारिक,37
जनाब,54
बाशिंदे,75
मिहिर,27
किन्नरों,192
ज्वार,188
बिखेरा,133
नागा,29
छज्जा,174
टिका,171
ठोक,50
भांप,39
निपटाए,186
सलाहकारों,192
निष्कासन,136
टुकड़ी,126
पत्तों,189
वाणिज्यिक,100
आवश्यकताओं,88
कैंथ,113
लक्खा,32
फूंककर,53
संचिका,100
होर्डिंग,111
इनलोगों,39
जर्सी,2
अपहर्ता,70
दोहराई,105
भावविभोर,133
संवत,149
विश्वासघात,66
यूनानी,21
सकल,91
फिरनी,173
भैंसा,9
संपादन,60
साये,185
निर्जला,34
बशर्ते,39
दौड़ती,87
फूलचंद्र,32
विधाओं,21
डराने,180
फैन,111
लाएंगे,140
दिवसों,52
पापों,119
रवी,27
पथरा,99
अपूर्व,91
ब्रजपाल,32
अध्यापिकाओं,179
मेघ,188
अनुकरणीय,58
कलई,84
सलिल,27
काठगोदाम,76
सिखलाई,183
प्रपत्रों,117
झंझट,177
संजीदगी,177
बादाम,123
ब्याह,1
जुदा,185
क्रियाकलापों,88
बचता,39
कूट,100
सत्तापक्ष,43
चौथाई,89
हरिश्चन्द्र,36
बचाएं,147
प्रसाधन,100
टीला,174
रोजेदार,184
ताजमहल,174
जख्मों,65
केश,62
लुढ़क,24
ठिठुरते,23
छड़ी,104
योगासन,123
बननी,182
गूंजे,63
शक्त,91
निवेशक,166
दर्शाने,37
गृहिणी,1
हारी,43
बीहड़,76
डाकबंगला,17
पितृ,34
घूमता,171
पेशेवर,55
महापुरुष,162
गंगे,38
पीटते,69
पॉजिटिव,2
उखाड़ने,180
सुपुर्दगी,186
उगल,8
जानेवाली,182
जोगिया,17
झांकने,180
बख्श,54
ठोकरें,65
छोड़ा,93
तलाशा,93
बच्चें,183
करायेंगे,49
डरने,180
मिटा,147
देवभूमि,29
नगराध्यक्ष,42
रफीगंज,17
नगाड़ों,63
मृदुल,27
करियाना,17
चिड़िया,9
छिनैती,164
शोषित,75
कथक,143
ग्वार,30
खेलें,110
मोहंती,27
भिक्षु,61
धोखाधड़ी,74
कार्यकताओं,42
काटनी,182
नाकों,92
अग्निपीड़ितों,169
बिछी,101
अवधारणा,37
सुधारा,93
अंतरिक्ष,100
हड़कम्प,177
निदेशिका,42
फसली,30
राजाजी,149
हलक,69
हरण,119
मेजबानी,95
बहुतकनीकी,6
तोड़ने,180
पूर्वाभ्यास,95
मतपेटी,117
अस्थि,72
नगण्य,31
चलाती,87
फंसाकर,84
दरी,62
प्रतिरोधक,72
बदनामी,66
दंडात्मक,135
दुर्ग,174
वृन्दावन,38
दलाली,74
इंगलिश,2
दस्यु,29
जमाबंदी,52
अतिपिछड़ा,75
तिमाही,198
किस्तों,166
कपिला,143
मंगाए,161
अधिष्ठाता,91
खिलाफी,136
प्रवर,125
चंबल,76
पीपा,103
पंसद,111
गड़बड़ियों,88
रेहड़ियों,92
सुजान,138
बुर्ज,174
यादगारी,22
स्वामित्व,100
अतिक्रमणकारी,74
उच्चीकरण,122
नारियों,192
स्त्रोतों,100
स्तरों,88
खजूरी,17
परिभाषा,37
जाले,112
खैहरा,113
दागकर,104
पाहन,138
अन्तिम,198
इस्टीमेट,122
जोड़ा,93
कठपुतली,149
लोकनायक,132
डिमरी,27
नारायणी,38
बिकी,19
पोस्त,103
शिकायतकर्ताओं,186
हसरत,185
जुड़ा,181
परस्पर,88
रासुका,70
निष्काम,91
गोरखधंधे,74
मुशायरा,95
गहलौत,32
लकीरें,185
तुर्की,149
कलाओं,21
चाहरदीवारी,174
वैष्णव,94
प्रगणक,52
मुठभेड़,70
वनवास,198
नासूर,65
उड़ाकर,47
कार्यवाह,42
तहसीलदारों,139
छूटकर,24
टोरंट,2
जगाई,182
बायोमीट्रिक,117
खेमा,43
रितू,143
असाध्य,31
जनसम्पर्क,95
चूर,69
कलियुग,29
सोय,138
निपुण,55
रहो,0
सार्थकता,37
सगी,1
डटकर,43
तांगा,124
हत्याएं,70
मापदंडों,88
कोचों,110
भुगतनी,71
मनोयोग,58
संतरा,123
तूफानी,145
नशामुक्ति,58
गिरना,98
कन्यादान,1
उछल,24
अस्त्र,104
क्षोभ,26
गूंजता,63
पसरी,87
सोये,171
पकड़ता,69
गोमांस,173
चचेरा,1
बंधुआ,75
टैंकों,126
मालाएं,116
उच्चीकृत,146
परिपूर्ण,37
मंगवा,161
निर्भीक,55
तरल,72
लिखते,60
भरेंगे,140
गोरखधंधा,74
दाव,43
तीखा,66
भली,37
मुट्ठी,112
चम्मच,123
जोड़ी,111
करौं,138
हजूरी,7
थानेसर,17
नशेड़ियों,92
फटे,62
शायरों,184
गड़बड़ी,31
परिचितों,192
नाश्ते,173
करेगें,140
वसूलते,166
टोकरी,9
कीटों,30
सम्बद्ध,100
बालों,123
नगरवासी,41
ट्रांसफॉर्मर,2
भुलाकर,58
लार्वा,72
अच्छाई,119
बढ़चढ़कर,95
प्रधानपति,32
कुर्सियों,92
चाहर,32
सिंदूर,103
अवाक,69
इस्लामी,184
बसने,75
निशंक,149
गुलदस्ता,133
तिथियां,198
आढ़त,19
थपेड़ों,188
घुसते,171
राशी,166
घिरी,87
लौकी,123
कारनामा,111
धंधेबाज,74
ट्यूबवेलों,122
आदित्यनाथ,125
कठघरे,84
मिश्रण,123
ढोरी,113
अनुवाद,60
अलकनंदा,29
कीपर,110
दुस्साहस,66
रंगीला,111
सुनना,98
प्यारों,185
समानांतर,100
नगरपाल,32
डूबते,145
खाय,138
महिलायें,116
तृप्ति,91
आरोग्य,91
जन्नत,184
उकसाने,180
सूना,177
कद्र,185
तकनीशियन,90
टापू,145
आराध्य,38
टायरों,124
वादक,63
बौखला,69
शिक्षाधिकारियों,52
चोटों,31
पिछड़ा,75
आडिटोरियम,95
जीआर,32
स्वास्थ्यकर्मियों,139
परिस्थितियां,4
अलौकिक,91
हीरे,62
अज्ञानता,150
इश्क,185
सूखाग्रस्त,75
मनमुटाव,31
श्रीमद,162
खरीदनी,19
मांगता,153
जलन,72
खतरों,88
कॉपियों,117
रक्षपाल,32
सजीव,133
गुरुचरण,32
रखवाया,50
परोसा,93
प्रतिज्ञा,91
मैंथा,113
दफना,9
रुस्तम,54
सुपरिटेंडेंट,42
पन्नों,60
स्याही,103
धातु,72
नशामुक्त,58
नवीकरण,100
काश,39
मोटापा,123
असंवैधानिक,135
विशिष्ठ,21
दिगम्बर,162
सहेजने,180
मगरमच्छ,29
मीनार,174
अगरबत्ती,103
लुभाया,133
रोमांच,111
गाढ़ी,11
यार,0
समकालीन,21
जयकार,63
न्यायपालिका,125
पृथक,154
कट्ठा,89
एक्सिस,2
पहुंचाकर,28
करूंगी,86
भूपाल,32
शबाब,185
बांसुरी,63
कर्कट,72
दूधिया,13
निहार,133
चुकता,166
नगमा,54
रुमाल,62
चाकुओं,104
एकाध,89
भव्यता,37
बागड़ी,113
समतलीकरण,122
दुघर्टना,31
पुरोहितों,15
प्रीतपाल,32
सुधरेगी,51
टालने,180
आसरे,43
अड़ंगा,84
चौड़े,112
वनकर्मियों,139
खलीफा,54
रूमाल,62
भावनात्मक,37
बहुमंजिला,174
जागी,177
अंगूठा,112
इंडिगो,2
योद्धा,55
अश्लीलता,66
कंगन,62
दीवाना,111
अनिकेत,27
बढ़ेंगे,49
महाराजपुर,17
मंसूबों,84
जगाया,93
भरवाए,117
होगे,140
तुम्हारी,0
छुपी,87
पड़ोस,1
उपक्रम,100
पनाह,71
उखाड़कर,9
हत्यारा,71
ट्रालियां,124
नपेंगे,49
कलसी,32
चीता,29
स्थगन,136
बिफर,69
समारोहों,95
जसमेर,113
साक्षात,38
नब्ज,112
तबका,75
आयेगा,140
बोने,30
नाटकीय,37
निदेशकों,52
हथियाने,180
बाजरे,173
समझता,39
ओला,2
हौंसले,185
अहसान,54
मुंसिफ,186
पहनी,62
ऊनी,62
रिव्यू,2
ताना,84
दाउदपुर,17
सदभावना,58
व्यस्ततम,198
ठीकठाक,172
जलाते,8
मछुआरों,145
मेड़,114
भीमताल,76
ग्राट,2
बर्फीली,188
हर्जाना,166
परखा,93
फिरने,180
महाधिवक्ता,42
मोटरसाइकिलें,124
दुविधा,26
चन्दन,27
उपतहसील,17
टोक,69
रफूचक्कर,164
पहुंचाएंगे,28
दबाया,93
अंतराष्ट्रीय,100
फफक,69
सूर्योदय,34
साइट्स,2
भ्रष्टाचारियों,74
नित,187
शिवभक्त,38
उपद्रवी,66
फरक्का,17
उठना,98
लकड़ियां,116
विचारण,186
अरमानों,185
मदिरा,103
मंगवाया,161
विद्यमान,91
सखी,138
भरता,93
सांसे,185
विद्रोही,55
काई,30
जलाल,54
बरगद,189
चूरा,103
वैधता,135
ढलने,177
केंद्राधीक्षक,42
सैकड़ो,89
भेल,149
गूंजते,63
मेमो,117
चुकाना,98
हैरतअंगेज,111
बूझकर,84
करों,166
हथेली,112
सिखाई,182
भड़का,35
बगान,189
बेर,189
सीमाएं,4
रेखांकित,154
जंजाल,191
पकड़ना,98
टाई,62
शक्तियां,4
सम्मानजनक,37
ढिबरी,8
घोड़ों,9
पहुचाने,28
कीड़ा,9
जनसभाओं,43
नाइंसाफी,71
शिद्दत,185
भिजवाने,161
बछड़े,9
दशहरे,193
पोता,1
चढ़ाए,50
उतरवा,50
नहाय,187
तोड़ना,98
झूलते,171
कंपोस्ट,30
ईपीएफ,166
चॉकलेट,103
सादी,54
शातिपूर्ण,66
खाद्यान,30
ठोंक,50
नशाखुरानी,169
छायाप्रति,117
ब्राह्मणों,15
चाहकर,39
अनशनकारी,136
घबराए,69
परिसरों,174
चाहने,180
कसूर,71
दीमक,9
कीटनाशकों,30
अनैतिक,66
गुरबाणी,162
सूबा,125
पहेली,191
ब्रजभूषण,36
जगन,27
संजोए,133
वर्णित,154
जातिसूचक,66
तालिका,100
हुजूर,54
बंपर,2
वैधानिक,135
गहराता,177
मेहनती,55
लोकमान्य,149
बिट्टा,32
बदलेगा,140
सांप्रदायिकता,132
इण्डिया,2
सड़कें,76
बूट,62
सेवाकाल,52
दोहरीकरण,122
चुराया,93
तुम्हारा,0
सेवारत,106
मुसाफिरखाना,17
सरीखे,55
पुरस्कारों,88
दिखावे,84
दिखीं,87
महापुराण,162
सत्तासीन,132
आपाधापी,177
सहेलियों,1
इकरार,54
रक्षित,154
जनशक्ति,100
कद्दू,173
रवैए,66
पेड़ों,189
बाधाओं,88
चन्द्रा,27
बारदाना,122
दिलाएंगे,49
बंदकर,50
सदनों,125
निकलेंगे,140
बाघिन,29
लक्षणों,88
सहभागी,58
टोलियां,116
चकनाचूर,24
खंगाले,117
जीर्ण,31
स्वीकारी,182
चिपका,112
महाप्रभु,36
बांटते,171
जमींदार,15
ओतप्रोत,91
ढका,112
नामावली,117
संचित,91
मिसाइल,145
पत्रावलियों,186
बैंककर्मी,139
केन्द्राधीक्षक,42
नृशंस,70
सुदृढ़ीकरण,100
लीलाधर,36
पायेगा,140
केवटी,17
उगाने,30
जयकारा,63
बिछ,101
इमली,189
कोना,174
कन्नी,112
सुचना,100
फब्तियां,116
हाता,17
बतातें,39
नरमी,177
पाठयक्रम,6
डालर,11
जवानी,185
मुख्यमार्ग,76
झालरों,13
जनसंघ,132
पाइपें,122
कुठाराघात,66
भटके,171
चाहेंगे,140
रेंगते,171
मोची,9
वर्गमीटर,89
उपस्वास्थ्य,108
चेचक,158
तस्वीरों,111
उद्यमिता,100
स्तब्ध,133
पन्ने,60
ग्रामीणो,139
आसमानी,185
अपहृता,164
पतंगबाजी,110
क्षितिज,13
घराने,15
विवशता,26
बुढ़ापे,31
अर्ध,100
बुलायी,182
जीविकोपार्जन,75
संकलित,60
गमछा,62
दास्तां,185
डंपरों,124
फरारी,164
मांगो,153
गोलचक्कर,76
नगरनिगम,125
सुनहरे,62
स्वरूपों,88
चित्रकार,55
फेंकना,98
ज्ञानेश्वर,36
सांझी,58
जनसूचना,186
इनायत,54
अनोखी,133
अनाजमंडी,17
स्थायीकरण,154
झटकों,24
पोलो,110
सुगंध,133
सुअरों,9
चकाचौंध,13
टॉयलेट,68
गेंदा,189
असहज,31
भिंडी,173
उत्तराधिकारी,125
वाट,89
इंतजामों,92
सेवादारों,139
दुखड़ा,69
विद्यालयी,6
परखच्चे,47
क्रांतिकारियों,22
गड़बड़ा,172
दुलार,133
नाल,112
मोरी,138
पलटवार,84
अंशदान,166
नगरों,192
नावों,145
शुक्रिया,153
सुनार,19
फावड़ा,104
भिड़ंत,124
मनपसंद,173
अभियांत्रिकी,100
तोड़ा,93
खुलवाकर,50
स्वाधीनता,22
बहते,188
कजरा,138
हटाते,171
खाताधारक,131
बकायेदार,166
प्रतिकर,166
धर्मपत्नी,1
कोठरी,174
गूंजने,63
दागे,126
वेंटीलेटर,90
जुआरी,164
भूमिहीनों,75
वॉलीबॉल,110
धुना,164
फीकी,13
पंजा,112
कबूतर,29
चमत्कार,91
उतरेगी,51
किसको,0
चोरियां,164
मलकीयत,32
बरपाया,35
निवृत्त,91
रोमांचित,133
दहलीज,185
अनजाने,181
जुगनू,13
धक्कामुक्की,164
कारनामों,84
प्रतिपदा,34
थैली,103
कदाचारमुक्त,146
इत्र,103
दुर्गंध,68
प्रांजल,27
मातहत,7
थमी,177
बजाया,63
ग्रामप्रधान,17
आदतों,88
सभ्याचार,21
कैंसिल,117
डरते,39
शिला,29
चूके,39
दर्शाते,39
फोड़ा,112
मिनिस्ट्रीयल,42
बुलवाया,93
सूअर,158
विकार,72
खंगाली,117
चकित,133
फांद,24
डगर,76
मुसीबतों,88
बलबूते,43
बिगड़ता,172
मायनों,37
नवरात्रि,34
बसाया,93
सुनंदा,143
पाटने,180
असफलता,31
अचार,173
लाइलाज,90
त्रुटियां,4
तेनुघाट,113
आहरण,166
ठनका,24
पहुंचें,28
छोड़ो,0
पुर्नवास,186
लौटेंगे,140
उड़नदस्ता,42
औरतों,192
विलंबित,31
परिचायक,37
कर्मचंद,32
मैला,68
निकलीं,87
दिलाएं,147
धाराएं,4
माकूल,126
उजाले,13
पनवाड़ी,17
व्याकुल,26
असरदार,123
सुनहरी,13
जाइए,147
मांगकर,153
अनोखा,133
सम्मन,186
कुंअर,138
जबसे,39
आंचलिक,21
बिछाए,101
किससे,59
हठधर्मिता,66
मूंदे,99
विस्तारक,100
लील,35
साझेदारी,58
चश्मदीद,70
चुपके,171
ध्येय,58
पूर्ववत,154
मार्फत,117
बुलंदियों,185
खपरैल,92
उखड़ा,190
वृद्धाश्रम,41
चिढ़ा,69
विचित्र,133
शरबत,173
बाले,180
निश्शक्तों,169
गायें,116
बिंदा,143
निर्वाण,91
प्रोटीन,72
जानेवाले,181
टाऊन,2
पुलकित,133
फटी,112
शाला,41
राजपत्रित,52
सूटकेस,62
भोगी,119
सुलझाया,191
अतिवृष्टि,122
हिन्द,149
अवरूद्ध,31
नामोनिशान,177
चित्तरंजन,36
गिराए,126
वर्दियां,116
नफे,134
चुकानी,71
उखड़ने,24
घुटनों,112
लौटाए,166
शादियां,1
तरसना,98
हलवा,173
फैलाकर,112
हेक्टेअर,30
तंज,84
अफसाना,54
रेलगाड़ियों,92
पेटियां,116
चढ़ता,18
नागरिकता,125
सहजता,37
पुनर्जीवित,154
जमीनें,74
दिखाता,39
सर्जिकल,144
सीएनटी,125
हिन्दुओं,94
बरबाद,11
उतारना,98
जोड़ता,172
मालबाजार,17
गैराज,124
जन्मतिथि,117
भागेदारी,58
चूड़ा,190
तहजीब,184
लिखाने,180
व्याख्याता,55
बनबसा,17
आवाजें,63
गांवो,75
असामयिक,31
मार्गदर्शक,55
सिगनल,2
बूंदें,188
सुप्रसिद्ध,55
पुष्पवर्षा,34
मांगना,153
मनाकर,193
बाण,29
कुचले,65
फैक्टर,2
सेवानिवृति,149
फिसलन,24
आजमाइश,43
शवदाह,122
अनाथालय,41
कानूनन,135
मीडियाकर्मियों,139
चतुर्थी,34
कारक,31
सजायाफ्ता,71
बिगड़ा,172
दलहनी,30
लजीज,173
भ्रामक,66
जन्मभूमि,149
डंका,63
छठवें,198
मुखियों,52
शिकंजे,84
लगाओ,0
झूलों,92
ब्राडबैंड,2
रहनी,182
हटवाकर,50
प्रत्यावेदन,186
सुशोभित,133
किराने,19
वादियों,185
व्यथित,26
तपोवन,29
बैठता,171
दलीलों,88
उमड़ी,177
भट्ठियों,92
सुनता,39
महादान,91
धड़कन,185
कथन,37
इशारों,84
समकक्ष,96
घुमाने,180
अभिभूत,133
नौटंकी,111
पटी,87
देशभक्त,22
तबस्सुम,54
कुदरती,30
खोजा,93
करवाएगा,49
चिश्ती,54
चाकलेट,173
कुंवारी,1
दौड़ाने,83
वार्डबंदी,136
उड़ा,47
झुक,171
पंचवटी,29
अनुसंधानकर्ता,55
अनसुनी,69
बंशी,138
फूंके,53
पंचवर्षीय,100
छिड़ककर,103
पहचाना,93
इद्रजीत,32
गहना,62
मुस्करा,59
झोले,103
गोलिया,104
एहतियातन,126
धर्मातरण,94
अंधकारमय,29
बिखेरी,133
आठवां,198
बैठती,87
मागें,153
तंबू,9
छात्रावासों,6
सड़ने,68
थाईलैंड,149
बरसाने,180
प्रचारित,154
दहला,65
पलों,185
मालकिन,1
हिम,29
अवरोधक,72
सोंधी,173
मुझ,0
योगाचार्य,162
ईटें,116
उठाती,87
अकारण,31
कायल,133
भगाकर,35
छेड़खानी,164
बावन,89
उत्तरदायित्व,58
जीतना,98
चिरैया,138
घण्टे,89
गौड,27
चित,187
राष्ट्रहित,132
घबराने,180
पूरामुफ्ती,169
बाजों,63
एकबार,105
भावों,88
स्टैंडर्ड,2
सौंपेगी,49
जंतुओं,29
क्रियाशील,91
शल्य,144
नौकरियां,4
गोविंदपुरी,17
धमाकों,70
लम्बित,186
पूजनोत्सव,34
तरफा,88
खदेड़ने,35
चालित,100
उपन्यास,60
घरवाले,1
घूमती,87
गरमी,23
खटारा,124
उठेगा,140
बाधाएं,4
कड़ा,135
किताबी,183
एक्टिंग,111
सूत्रधार,58
पिताजी,1
सिंहासन,15
फौजदार,32
लिखेंगे,140
दोगुने,89
ऊंज,113
बाल्मिकी,36
समाजवाद,132
शिथिल,31
अशिक्षित,75
मानहानि,186
दूरगामी,31
प्रयत्न,154
क्लीनिकों,90
रजामंदी,153
राष्ट्रमंडल,125
तिलहन,30
व्यवसाइयों,74
दिखानी,182
सूचि,117
सदमा,26
छोड़ेंगे,140
राखियों,62
तमंचों,104
रुकना,98
सुकन्या,143
ढांचागत,100
महापरीक्षा,95
धुपगुड़ी,17
करीना,143
कर्जदार,11
हेतू,154
तोहफे,153
सिंचित,30
चट्टान,76
कुशासन,132
गड़बड़ियां,4
रेती,76
निबटारा,186
विचलित,26
हटवाए,50
ठहराने,180
मंडावली,17
कम्बल,62
बर्बरता,66
दस्तखत,117
हत्याकाड,70
अन्यों,192
सर्तकता,31
सुखमय,91
मनोरंजक,111
बुलाना,98
प्रजापत,32
बुखारी,54
कार्डधारी,75
अंगरक्षक,126
हश्र,71
पलीता,84
चचेरी,1
प्रदर्शनों,88
झेलते,26
परनीत,32
ताने,69
नाखुश,136
प्रसून,27
वंदे,22
शिक्षाओं,94
कदापि,119
घाटो,138
हरिश,32
मर्माहत,26
मैना,29
हसीना,54
स्थानान्तरित,154
दुश्वारियां,4
भड़काने,66
इन्वर्टर,2
विशालकाय,29
प्रजेंटेशन,2
अवशेषों,174
जनधन,166
उपसरपंच,32
भूखा,65
सवर्ण,75
बेलसंड,113
पंजाबियों,192
लपेट,112
जुड़ना,98
गोलक,20
कुरूक्षेत्र,95
इकलौती,1
लड़कों,183
बेनतीजा,136
मीठी,173
दुष्परिणाम,31
लानी,182
सितम,65
खिलने,189
हारकर,43
पंचशील,94
जागता,91
प्रत्यक्षदर्शी,70
सोचे,39
बरकट्ठा,45
मातृभाषा,149
स्पर्धाओं,44
कंडा,9
झगड़ों,88
पहचानपत्र,117
गुस्साई,120
एलर्ट,70
खाताधारकों,131
शरत,27
मार्मिक,37
लघुशंका,69
उन्नीस,89
बचती,87
पका,173
लाखो,11
मोदक,173
हालिया,88
बैंडबाजों,63
बेड़ा,145
झाड़ियां,116
बरसों,185
दीघा,76
बहेड़ा,113
कोठे,19
चढ़ावा,11
रूका,93
इबारत,185
आक्रमण,126
लक्कड़,9
सुनें,147
फूला,112
संदेशों,88
छान,103
प्राध्यापिका,179
बोलती,87
गुमशुदा,185
शिष्टाचार,37
छपाई,60
धड़कनें,177
ढोलक,63
असंतुलन,31
क्लासेज,183
वेल्डिंग,2
नसरीन,54
बाबुल,149
कुदाल,104
दुरूपयोग,135
पेंसिल,112
भूलते,98
विषपान,187
कोढ़,72
किरणों,13
गलतियां,4
जिलापूर्ति,42
टंकियां,122
नगाड़े,63
कतारों,92
पगडंडी,76
लाईसेंस,135
प्रसूताओं,144
डकार,11
मुक्केबाजी,110
असुविधाओं,88
चौकियां,116
खटाई,173
दुष्प्रचार,84
क्षणों,26
घोषणापत्र,60
बिठाया,93
छाये,188
नरसंहार,70
स्वचालित,100
तीर्थयात्रियों,41
भरती,87
कोऑर्डिनेटर,42
पंखों,92
संवारा,93
खोदा,9
अखाड़ा,41
नीचा,66
रूपाली,143
दर्शनार्थियों,41
लोकमंच,95
उड़नदस्ते,52
लहराने,159
पपीता,123
हस्त,100
राज्यभर,52
ढ़ेर,68
जीवनशैली,31
वर्मन,27
कपड़ा,62
इसबार,43
धारियों,92
शीर्ण,174
भूलकर,147
सपूत,22
गलियारों,92
अशासकीय,6
इलाही,54
गूंजी,63
रुकती,87
महांती,27
बिचौलिये,74
गौरीकुंड,76
मिठाईयां,173
पंडौल,17
पत्तियों,189
आईना,185
मंगवाकर,161
खींची,182
बैरागी,36
गड्डी,103
मियाद,166
शत्रु,119
समेटे,133
एकांकी,149
असैनिक,125
मनोवैज्ञानिक,37
झपट्टा,69
गुरूद्वारा,41
दोराहा,17
उंची,112
अपंग,65
बदतमीजी,66
विलाप,26
आतंकित,35
ऐच्छिक,100
संकेतक,100
परमेश्वरी,38
झुलसकर,8
कोरे,84
निगलने,180
सम्बंध,37
रवींद्रनाथ,149
मेहताब,54
लगवाना,98
प्रबोध,149
नगेंद्र,27
मुड़,171
निभाना,128
उजाड़ने,35
दुलारे,36
उल्लघंन,135
क्षेत्री,27
खिड़कियां,116
लटकाया,93
कातिलों,70
घुमाया,93
पकने,189
नाड़,190
थ्रेसर,124
कष्टों,26
कड़े,135
पताका,29
संस्करण,60
बदबूदार,68
कुंए,9
गेंदबाजों,110
आंदोलनों,132
बहुउद्देशीय,100
धर्मावलंबियों,94
सब्जबाग,84
बेचू,113
लटकती,87
हैंडबॉल,110
झगड़ा,1
मेहरमा,113
बागानों,189
करवाएगी,51
फाड़ी,190
स्वीकारा,39
केलिए,180
प्रद्युम्न,36
रनियां,116
कुली,54
परोसने,180
भाले,104
विधियों,100
पहचाने,181
गारमेंट,2
हथकड़ी,104
जूझने,26
अनगिनत,192
पूर्वान्ह,198
नवीं,183
बढ़ाये,147
गुणवता,37
गंभीरावस्था,90
अपरिहार्य,31
बाटी,173
दिखेगी,51
आघात,26
बहुतायत,181
कलक्टर,42
सचेतक,42
लिफाफा,117
जोड़ती,87
ध्वजा,29
रसिया,138
सिने,111
लक्ष्यों,88
निभायी,128
तनुज,27
जुटाकर,50
चिकित्साधीक्षक,90
खाड़ी,145
बाजीगर,111
मूत्र,72
विधानमंडल,125
एनीमिया,72
बरसने,188
आत्मघाती,126
जनादेश,125
प्रौढ़,37
वैशाखी,193
स्मारकों,174
घोड़ी,69
चड़वाल,17
हमलाकर,35
मूली,123
अर्हता,96
शिष्या,162
अविलम्ब,154
नाइट्रोजन,30
रस्साकशी,43
मधुमक्खियों,30
उमड़ती,196
हटेगा,140
मुसीबतें,4
शाश्वत,91
करवाये,154
सड़े,190
एकाग्रता,37
कॉलम,60
झपकते,171
आनंदित,133
सुविधाजनक,37
तैर,188
लकीर,112
चारागाह,9
जानिए,147
कॉपियां,117
येलो,2
एकदिवसीय,110
सबल,58
रोती,87
कहानियों,60
पुनरीक्षित,52
समूची,156
बदलनी,182
रसूख,7
बुलावे,136
गर्भावस्था,144
सिफारिशें,4
पापड़,173
गुरुग्रंथ,162
हितकारी,91
नकारते,84
लाती,87
दर्शाए,171
दुबक,171
खरीददार,19
निरक्षरों,75
पहाड़,76
क्रियाएं,4
छर्रे,104
धमकाकर,164
संकीर्ण,66
सारणी,100
बेमौसमी,30
हिलाकर,171
आपसे,59
बिठाने,180
उड़द,173
रामरूप,36
टोलियों,192
प्रसंगों,88
दिलदार,54
प्राथमिकताओं,88
कलाकृतियों,174
उड़ान,145
बैकुंठ,38
नामुमकिन,98
सूझ,177
कहानियां,4
स्वादिष्ट,173
खिन्न,177
दफनाने,180
अड़ियल,7
जड़ों,189
फाड़ने,180
भंडारों,92
हटते,171
आहूति,22
कब्जाने,35
पंक्तियां,116
डायलिसिस,144
बेड़े,145
वरण,91
संवेदनहीनता,66
सेविकाएं,116
टूटते,171
झासा,190
रहनेवाला,149
ऐश्वर्या,143
हुलिया,164
तरसते,65
लगवाएं,50
वृद्धापेंशन,52
सुरों,63
पायेंगे,140
रिपोर्टिग,60
नजराना,153
रिश्वतखोरी,74
बिता,93
मोहक,133
रोया,69
रियायती,166
नापाक,84
लस्सी,173
मंहगा,19
कमीज,62
प्रजातियां,116
अष्टम,149
चढ़ाते,50
आजमाने,180
भड़के,136
सितारे,13
ध्वस्तीकरण,146
मक्के,30
पिछड़ेपन,75
लाएगी,51
डॉक्टरी,90
आइपी,2
सर्वजन,91
जनसैलाब,177
मालिनी,143
सलाद,173
गिनाते,39
वनकर्मी,139
मध्यरात्रि,198
किरणें,13
समझदारी,37
छायी,177
बिताए,198
नुकसानदायक,31
अस्वाभाविक,31
स्वर्णरेखा,76
प्रासंगिकता,37
घोंट,50
प्रणय,133
मटकी,103
बढ़ें,147
हथौड़ा,104
धागे,62
नापी,134
आलाधिकारी,139
निमित्त,91
अन्त,149
घनौली,17
नोंकझोंक,177
मंदार,29
निर्वतमान,42
मनवा,153
जागने,180
महुआडांड़,17
पूड़ी,173
लहरों,145
उपायुक्तों,139
कवच,29
नन्ही,1
वीरों,22
चिंतक,55
दहल,65
उलझन,191
अग्रसारित,146
गार्डर,2
खुशगवार,177
प्रशंसकों,192
बंटने,180
जुटाया,93
थिरकने,63
दाएं,112
स्वंय,91
उपमहाप्रबंधक,42
क्षेत्रिय,21
रामावतार,36
नुमाइंदों,7
दर्जी,62
आरोही,149
जलसंकट,122
ढूंढते,171
सरोकारों,88
बुनाई,62
छुपे,171
लोकवाणी,52
क्षम्य,66
नाबालिगों,70
विलम्ब,31
महोदय,39
तटीय,145
बटोर,11
टीले,174
गंवानी,182
त्रिपुरा,125
पतियों,1
चुराए,50
हमको,0
सचमुच,39
रामपुकार,169
शिवाय,111
हदें,4
विमुख,119
पराजय,43
हाड़,190
करूं,0
चाहिएं,147
करंसी,117
सेवई,173
तलाशते,171
सोनार,149
लिबास,62
जुगियाल,32
आचार्यो,162
अत्याचारों,66
परिर्वतन,94
फूलमाला,62
गुनाहों,71
पाएंगी,51
आदेशित,186
शिक्षको,6
कव्वाल,54
बोलीं,59
लाओ,0
अटकलों,88
योगिता,143
रंगत,185
अनुसूची,100
सजावटी,21
ख्वाहिश,185
बहना,188
पगार,11
बलगम,72
जयकृष्ण,27
महाबली,29
नरेगा,75
स्वावलंबन,58
मराठा,15
कब्जाधारियों,74
अवतरण,29
गोहत्या,70
खरीदें,19
बेलदार,32
रुकेगी,51
बिताया,93
खोजते,171
कुंजी,37
भांगड़ा,63
षष्ठी,34
चौकन्ना,177
अलार्म,2
बाघा,138
नुक्सान,31
भीतरी,174
विकासात्मक,100
आननफानन,50
स्नेही,55
राज्यव्यापी,125
सांसारिक,119
देशहित,58
रसायनों,72
आलीशान,174
सत्तू,173
रामभजन,32
बैंगन,173
हंडिया,17
बिस्तरों,92
तोड़फोड़,164
मतपत्रों,117
विद्याधन,52
न्यायोचित,66
अड़ी,190
प्रकोष्ठों,52
हुक्का,103
अंगूर,189
कैसेट,111
मानवाधिकारों,132
समझती,87
दिखाती,87
राजपथ,76
अलगाववादियों,126
धंधेबाजों,74
दर्शाई,182
औपचारिकताओं,88
सौतेले,1
नीच,119
नंबरदारों,139
विमानों,145
अनर्गल,66
अनोखे,111
जनसुनवाई,186
कुसुमलता,32
हैैं,39
लाउड,63
विकल्पों,88
पथिक,29
दादर,17
कुनबे,7
रहम,71
विश्वस्तरीय,100
दवाईयों,90
काया,91
मनमीत,143
करमाटांड़,169
आश्चर्यजनक,37
वायरिंग,2
कान्फ्रेंस,95
ऊहापोह,177
दबिशें,164
गढ़ा,93
रबर,103
सुहावना,23
रामनंदन,36
सुपरवाईजर,2
ताली,63
निर्भरता,31
सीखी,182
मिटटी,9
गौड़,27
बीचबचाव,164
जड़े,9
निराश्रित,75
चिकित्साधिकारियों,139
सेक्रेड,2
गैप,2
प्रजातंत्र,132
न्यौछावर,22
चिप,2
चकेरी,17
कूडे़,68
गुदड़ी,190
करीबियों,74
नदिया,76
विश्वकप,110
द्वीप,145
तुझे,0
बसेरों,92
भिड़ी,190
संयंत्रों,100
सराज,32
ट्यूमर,72
मंडलियों,192
अवतरित,91
बागों,189
कुर्मी,75
ओजोन,72
इसाई,94
दाढ़ी,62
रसोईघर,41
बालश्रम,135
चलानी,182
पूछकर,59
ढककर,112
आकड़ों,88
जागकर,13
मूर्तिकार,55
एड़ी,112
मतपेटियों,92
फूफा,1
अबोध,1
लड़,43
आशाएं,4
कॉमेडी,111
कुन्दन,27
दूरियां,4
विज्ञापनों,111
सड़ा,190
ऐंठ,69
माननीयों,7
जाड़े,23
चिंतामणि,36
फैलाते,171
करुंगा,140
फोड़कर,50
निर्भया,65
चिन्ता,26
करवाती,87
फैलाया,93
बैरकों,126
बेसन,173
खिलौना,133
मिलीलीटर,123
वेतनभोगी,75
सहनशीलता,37
चरवा,113
बाघों,192
राजकीयकृत,146
अव्यवस्थित,31
आध्यात्म,94
करवायी,182
कार्यकत्रियां,116
खर्चो,166
बिगड़,172
हराने,43
सुधारीकरण,122
मंगवाने,161
पर्वो,193
दर्शाती,37
टोह,171
इस्लामियां,184
गुरुवाणी,162
अनुच्छेद,135
टाला,39
कैल्शियम,72
सन्नाटे,177
मौसा,1
नाशक,72
तब्दीली,185
सोयाबीन,30
बरसाई,35
असहिष्णुता,66
उठीं,87
फरसा,104
कम्पनियों,74
निर्माताओं,192
सिंध,149
मुहल्लेवासियों,139
मिशाल,58
अष्टधातु,38
दिखाये,111
पत्रकारवार्ता,42
मोंटी,27
मैनेज,11
लटकने,180
साधुवाद,58
द्विवार्षिक,95
एशियाई,21
सूत,62
मुर्गे,29
मरते,65
बर्फी,173
ऑडियो,2
स्वयंवर,111
खोरी,74
कहलाने,55
मोड़ने,180
मजेदार,111
बान,138
कईयों,192
जत्थेबंदी,136
दुपट्टे,62
लखपत,32
घटता,31
हीन,119
तस्लीम,54
तटबंधों,122
संप्रेक्षण,100
शाकाहारी,55
रूके,171
ज्योतिषाचार्य,162
पहुंचाता,28
परिवारवालों,1
डालता,93
बिलख,65
दिखेंगे,140
रचाने,180
विष,72
हफ्तों,198
आंकड़ों,88
लुभा,133
आशंकित,31
वंशज,15
विवेचनाओं,88
असमानता,31
अपशिष्ट,68
मुड़कर,171
सुधरे,172
तुला,134
असहयोग,58
तरकुलवा,17
अड़ा,69
लतीफी,54
रिफाइंड,173
महापात्रा,27
परम्परागत,21
रक्तदाता,90
पृष्ठ,60
अपाहिज,65
पुष्पराज,27
गुस्साये,120
दुष्कर्मी,70
निकलवाकर,50
जनसमस्याएं,4
पथों,76
ताजिये,184
बासा,138
यज्ञशाला,41
दबाए,171
निष्ठावान,55
नजरिए,88
बढ़वाने,180
धड़ाधड़,190
आभारी,58
रसपान,133
डंक,112
सिधारी,17
मुख्यद्वार,174
समावेशी,58
हस्ताक्षरित,154
रोबोट,2
त्यौहारों,193
उत्पल,27
ईमान,184
रेशमी,62
जड़ें,189
बटोरने,180
दबोचकर,164
मगन,133
बहे,188
बंजारा,75
प्राधिकारी,125
असत्य,119
माताएं,144
जलाना,8
हारमोनियम,63
हिमांशी,143
यथासंभव,37
पीएं,123
बनवाएं,147
शोकाकुल,26
चलवाने,180
बिजलीघरों,122
स्थितियां,4
सुनो,0
लाशों,65
मेजरगंज,17
तांबे,103
एमकॉम,6
तिरछे,171
चमका,13
एलटीसी,2
तांबा,72
तमाशबीन,65
खोलेंगे,140
कंगना,143
जिदंगी,185
छुड़वाने,180
चंद्रमणि,36
तोल,134
भुनाने,180
मुण्डा,149
कृष्णनंदन,36
पांचवा,198
हौंसला,58
कतराने,180
फ्रेम,112
सुनिए,39
गंध,188
अमलेश,32
सुधारी,182
नग्न,29
परोक्ष,100
हनुमत,36
मिश्रीलाल,36
ईदगाहों,184
मजहबी,184
नजारे,111
मोहल्लेवासियों,139
विसंगतियां,4
फेंकते,171
साधुओं,61
ओछी,66
सहालग,177
खिसकने,24
रामचरित्र,36
अशोभनीय,66
दुनियाभर,192
आरक्षियों,139
आएदिन,164
अभियानों,58
खटखटाने,180
बैठाए,50
हीर,54
लाभों,88
वनभोज,113
पहुँच,28
गिले,185
महकमें,7
संकायों,6
मंतव्य,37
बुझाते,8
उन्होंनें,39
सैकडों,192
भाषी,21
अभिलेखागार,60
जांघ,112
पितरों,34
संगिनी,143
राजनीतिज्ञ,55
फोड़ने,180
मुहब्बत,185
बक्सों,92
चुनौतीपूर्ण,37
जुड़वा,1
ईंधन,100
ग्लेशियर,76
अदरक,123
गलियारे,76
कॉफी,103
दरबारी,15
घबराहट,177
अंधेरी,13
बढ़ाएंगे,49
श्वास,72
धब्बे,72
गृहणियों,75
शवयात्रा,22
विज्ञानियों,192
पकड़ी,182
शिकवे,185
पूर,187
घबराकर,69
समेटने,180
अपेक्षाओं,88
कटहल,189
दहशतजदा,65
मोटरसाईकिल,124
महाधिवेशन,95
गुटखे,103
चंदे,74
विद्रोह,132
बांह,112
उदास,133
धौंस,7
दुपट्टा,62
कलंकित,66
खंडन,154
धर्मार्थ,41
गृहरक्षकों,139
स्तूप,174
उधारी,166
धड़ाम,24
अमीरों,15
मंजरी,143
महासंपर्क,146
जलावन,9
वज्रगृह,17
जनचेतना,58
भागो,0
औषधालय,90
मरणोपरांत,22
फलक,185
माणिक,143
कुलपहाड़,17
एमएमएस,111
अधर्म,119
कूदे,24
ज्योत,13
कली,189
बहुराष्ट्रीय,100
रुई,103
वहाँ,181
कलात्मक,21
फेक,84
सीखना,98
नगरपरिषद,42
जुलकर,58
दलिया,173
सुनिश्चत,154
संस्कारित,94
पहनना,98
अनुपयोगी,100
फुहार,188
विघ्न,119
फौजियों,126
लिपि,60
मीता,143
धारावाहिक,111
विनती,153
जोड़,93
मकड़जाल,84
जनलोकपाल,125
तबले,63
रत्ती,134
छेड़े,69
मनाये,193
ग्रीष्मावकाश,6
चेता,39
शख्सियत,55
कृष्णन,27
बांझपन,144
बधाइयां,193
हमदर्द,71
संगीतकार,55
मंडरो,171
हस्तियां,4
करोड़ो,11
बेलसर,113
अनुरागी,36
इरादों,88
स्वार्थी,119
फूलने,189
विश्रामगृह,41
भत्तों,52
लालमणि,27
चिपक,112
नुमाइंदे,7
अंतरजनपदीय,6
करी,182
मध्यांतर,111
लाडले,1
प्रोग्रेसिव,2
कालाधन,74
निवृत,187
रुकेगा,140
त्रिपक्षीय,100
गूंजती,63
इक्कीस,89
संगठक,55
सिखाता,98
प्रतीकात्मक,37
समयानुसार,198
गैरसरकारी,125
बजाई,63
पलंग,112
बढ़ाता,31
घूसों,69
प्रेरणास्रोत,58
सुव्यवस्थित,37
मनोरम,133
पोलियों,144
चिपके,171
ईंटों,174
दागा,59
महात्माओं,162
प्रबंधतंत्र,6
त्रिशूल,29
फंसते,84
गोलाबारी,126
कलेजा,69
क्रीड़ा,110
प्रक्रियाओं,88
वीरांगना,22
बेफिक्र,177
भेजता,161
पर्यावरणीय,100
कर्ताओं,192
उठाएगा,140
करोड़पति,11
भड़क,69
भिक्षाटन,61
भादो,34
ससुरालवालों,1
जठलाना,155
स्वभाविक,31
सोता,69
फेफड़े,72
वादकारी,186
कील,112
सत्यवती,143
विलोम,31
घोंप,104
पदनाम,100
फेफड़ों,72
पशुशाला,41
संग्रहित,154
पटरियां,116
राजनीतिज्ञों,7
स्टेयरिंग,124
अनिश्चितकाल,136
शीतगृह,113
इलावा,181
हिचकोले,24
ताकतें,132
संदूक,103
गर्त,29
निस्वार्थ,58
धमकाते,164
गृहस्थ,61
फूंकी,182
वनाधिकार,135
वर्षाें,198
बीनने,9
चखा,173
फैलाना,98
लड़खड़ा,73
मौकों,88
खींचे,171
आकाशदीप,27
अर्की,32
भरें,147
बरामदा,174
मल्हार,149
खुटहन,113
प्रतिवादी,186
आयुर्विज्ञान,90
पुनर्मतदान,136
भेंटों,192
लेटे,171
टूटती,87
हमदर्दी,71
दोषमुक्त,186
झड़प,126
धंधों,74
गुंडों,164
पुलियों,122
सुलग,8
रवीना,143
विशु,193
प्रचारकों,192
पैमाना,134
लॉग,117
संभालना,98
झुग्गियां,116
यान,145
नेकी,184
जगमगा,13
घड़ियाल,29
खेर,27
धनिया,123
लिखें,147
गांधीवादी,132
अक्षरों,60
पट्टों,92
यज्ञाचार्य,162
चतुर्थवर्गीय,169
कब्रिस्तानों,184
प्रफुल्लित,133
सुखाने,180
सिकन्दर,149
गिना,93
खुजली,123
सहपाठी,183
लाचारी,26
बिल्डर्स,2
डाकखाना,17
हलफनामे,186
उगाई,30
बढ़ानी,182
उत्पत्ति,37
ढलान,76
छुड़वाया,93
जियारत,184
धावक,110
अभिमान,119
माथापच्ची,191
राक्षस,29
पिलाएं,123
लगें,147
प्रतिकिलो,89
मधू,143
कूड़े,68
संतोषगढ़,17
कुनबा,43
अरूप,27
सुहास,27
जगद्गुरु,162
रोड़े,190
रूई,112
नकलचियों,192
दिलाता,39
गिरेगी,140
दीपशिखा,143
बेंचने,19
शीघ्रता,31
उदीयमान,55
साड़ियां,116
छोड़ें,147
मातृभूमि,22
कजरी,63
न्यायाधीशों,125
मनुष्यों,156
तिलकुट,173
मनमोह,133
विनियमित,154
बनियान,62
सौम्य,133
पतला,112
चूहे,9
फिसलकर,24
मढ़,84
बाह्य,100
फेरा,112
श्रंगार,133
झुकाव,31
सप्तशती,38
सपूतों,22
झोंके,188
दुर्गति,119
सलवार,62
कात्यायनी,38
सर्टीफिकेट,117
चौकाने,39
पकड़ते,171
सुरजन,32
ठोका,69
विषयवार,6
एकमत,136
औरों,147
लाभप्रद,123
नामाकंन,96
थोड़ा,181
भक्तगण,38
जमाकर,103
अकालियों,192
जकड़,112
पकौड़ी,173
बीओपी,2
सांझे,100
अंगूठे,112
इंसानों,156
केंद्रो,52
फाटकों,92
नुक्कड़,95
गोत्र,29
ठेलों,92
शोधार्थियों,192
अस्मत,65
तीनपहाड़,169
ललकारा,35
मिटने,22
वनपाल,32
पंक्तियों,60
कुकर,173
असहनीय,26
कोक,103
मंगवाए,161
होगें,140
अंगूरी,143
तड़पते,65
बिकता,19
फाल्गुन,34
बायकाट,136
प्रहर,198
गिरफतार,70
चक्के,124
रसिक,133
सोती,87
गजाधर,36
हलांकि,39
राजीनामा,186
समपार,122
उड़,47
चीर,112
भविष्यवाणी,31
आखें,99
कापरी,32
कूड़ाघर,68
संदिग्धावस्था,70
पुजारियों,192
सम्भव,154
यातनाएं,4
नितांत,130
पथरगामा,17
बढ़ाती,87
मूल्याकन,100
बागियों,43
अप्राकृतिक,66
मिर्गी,72
गोपियों,133
सात्विक,119
याचना,153
बैनामे,117
दीपमाला,13
सौतेली,1
ग्वाल,36
टैक्सियों,124
भक्तिभाव,94
यत्र,29
ताकतवर,55
मनमाफिक,84
मुख्तियार,32
मारवाड़ी,75
रुखसाना,54
आइटीओ,2
टेंपों,124
कंछल,32
स्वांग,84
लड़कर,43
रौद्र,29
वेग,31
संवेदनहीन,66
सितारों,111
पाशा,54
प्रेक्षकों,192
मसौदा,136
चतुर्भुज,38
चुनना,98
क्रियाकलाप,100
कार्यान्वित,154
हलधर,138
दुश्वारियों,88
सड़ी,190
विमुक्त,91
उगते,189
उखड़ी,190
बांधों,122
आबरू,65
पिटारा,84
गाये,63
पक्षकारों,186
रेडिएशन,2
हटना,98
चीत्कार,26
हटी,87
तरसे,188
सहने,26
उपसभापति,42
दफ्तरी,7
दीपोत्सव,193
कंपाउंडर,90
पटे,9
निविदाएं,52
छींटे,188
तेवरों,88
उतारते,18
दुष्प्रभावों,88
जाएगें,140
बांटना,98
एमएसएमई,2
विदेशियों,192
फव्वारे,174
मोहल्लावासियों,139
जुड़ेंगे,49
सूर्यास्त,34
परोसे,173
मारपीटकर,164
हंी,16
गंवाकर,11
हैक्टेयर,30
चौपालों,92
याचिकाओं,186
विद्याभूषण,36
शहरियों,192
निगहबानी,177
बनवाये,174
शिल्पकार,55
बामुश्किल,89
अगवाई,70
रोड़ेबाजी,45
भद्दी,66
बेबसी,65
प्रेजेंटेशन,2
श्रमजीवी,75
हताशा,26
तन्मयता,133
विधानसभाओं,125
कालीबाड़ी,17
ज्वलनशील,8
खाज,69
स्थिरता,37
झुमकी,62
फैक्ट्रियां,116
बंसत,113
अग्रहरी,27
राजहंस,29
दानव,29
चटक,112
मार्चपास्ट,110
रिक्तियों,52
कुमाऊंनी,21
नंगा,84
अभिभाषण,136
डालनी,182
धनाभाव,31
संपोषित,146
पोस्टों,60
ऋणी,91
कर्मशाला,41
षड़यंत्र,84
पड़ोसियों,192
टपक,188
काठ,104
सूचियां,116
हिंदु,94
डिवीजनों,52
थमाया,50
प्रतिशोध,66
रातें,185
पलटते,171
अन्तर्राष्ट्रीय,100
वाक्य,60
यूनिवर्सल,2
विकल,26
मुखबिरी,70
भगोड़े,71
छात्रसभा,42
सर्वपक्षीय,169
अस्तव्यस्त,31
लड़कियां,183
ढहाने,174
क्रीड़ाधिकारी,42
बूंदे,188
वसीयत,117
हडकंप,177
चोटियों,76
धोकर,103
कैच,2
आश्चर्यचकित,133
भेजेगा,161
उत्साहपूर्वक,58
एकांत,91
पूर्णकालिक,96
दोहराते,105
हैवानियत,65
स्वीकारते,39
भदानी,27
बिछिया,17
अछूते,171
महामंत्र,162
भेजेगी,161
रस्सा,112
बाजारी,74
सेवामुक्त,146
झाकी,138
सेन्टर,2
भूला,93
कॉन्वेंट,183
उपले,9
पहरे,126
दाखिलों,6
झाग,103
पांडाल,41
अभ्यार्थियों,6
शावक,29
ढूंढ़ने,180
मैक्लोडगंज,76
मंझौल,113
उभरकर,37
घूंघट,62
सुमेधा,143
निशानेबाजी,110
टांक,62
मूल्यवृद्धि,166
महाप्रसाद,38
खेलेंगे,140
चतुर्दशी,34
उल्लू,84
अटकलें,4
सभाजीत,113
रखेंगी,51
डिस्ट्रीब्यूटर,2
लोकगीतों,21
आश्रमों,94
बिकती,19
नहीें,39
खुन्नस,84
तन्मय,143
गोंड़,113
नक्सलवाद,132
टली,182
किरायेदारों,139
निरंकार,36
मुख्यमंत्रियों,125
जनमत,132
रौंदते,35
स्तन,144
अनुपलब्धता,100
मईया,138
मनोकामनाएं,34
सरलता,37
जांबाज,22
कोऑपरेटिव,2
चित्रकारी,21
धन्ना,32
उतरेगा,18
ताजिए,184
बबूल,189
खटकड़,16
अचंभित,133
नमामि,38
तेरहवीं,149
उभरे,171
ढैंचा,30
जूतों,62
उसमान,54
रूकी,87
अटी,190
पताही,138
लड़ेगा,43
पुष्ट,37
कृमि,72
प्रधानाचार्यों,6
जकात,184
घसीटते,35
भाली,138
ऊबड़,190
प्राक्टर,42
भंडरिया,17
कालकाजी,17
रतनी,113
चलित,100
रोटियां,173
एकीकरण,100
दारागंज,17
चित्रांश,27
बेलपत्र,189
दुस्साहसिक,70
दीवारी,174
दहाड़,69
जलाएं,147
यथार्थ,37
मचाकर,35
बौखलाए,69
कदमताल,171
दिशाओं,92
अंधड़,188
विश्वसनीयता,37
बदरंग,68
सितार,63
ओलंपियन,110
बूढ़ा,69
जिम्मेदाराना,66
गद्दे,62
लटककर,24
लुभावने,133
सरगर्मियां,43
आवेदनकर्ता,52
चुटिया,104
पड़ाव,76
करेला,123
मेदांता,90
गाड़ा,103
परवल,173
करतीं,87
रात्रिकालीन,41
नजरबंद,35
हफ्ता,198
द्विपक्षीय,125
खिंचाई,177
पुर्जे,124
झुका,171
क्षेत्रवाद,132
गोष्ठियों,95
खटक,177
पढ़ाए,183
उबरने,26
युधिष्ठिर,36
सौदागरों,74
आसनों,192
शर्तों,135
टॉकीज,143
अंधे,119
अक्षित,146
उल्टियां,123
ब्रहम,162
शराबे,177
महावर,56
लड़ाने,180
राजयोग,162
कत्थक,63
अचेतावस्था,171
मनाएगी,193
झंडारोहण,95
यथास्थिति,37
अधिकारीगण,42
अनुलोम,149
खूंखार,70
चालाकी,84
अशक्त,31
नवयुवकों,192
कैथोलिक,94
छिड़ी,177
अन्वेषण,100
जलकुंभी,189
भैंसे,9
प्रकाशक,60
जनतंत्र,132
अपेक्षाएं,4
निकलवाई,50
तात्कालिक,31
पेंशनधारकों,52
पोटाश,30
वैराग्य,119
चक्रमण,139
पुराणों,162
निशानी,185
दानपात्र,50
वाशिंगटन,2
परिषदों,125
प्रश्नपत्रों,6
वेदना,26
गनमैन,164
एन्क्लेव,174
पतित,119
रमणीक,133
मिलनसार,55
सुप्रीमकोर्ट,186
दीपदान,34
विभक्त,149
उहापोह,177
नरबीर,32
गुढ़ा,113
छिड़काव,30
सहमी,87
बाबजूद,39
चित्त,119
चक्रव्यूह,84
कर्मा,143
जासूसी,70
शमिल,136
मीलों,76
छुरा,104
संभ्रांत,75
तसल्ली,177
जलूस,63
मेन्यू,2
बेगुनाह,71
त्रुटिपूर्ण,37
एसवी,27
पपरोला,17
चूका,39
खरीददारों,19
पकड़कर,50
ओझल,99
पांडा,27
मुदित,133
सरपट,24
सहमा,177
आवाहन,58
सप्तम,149
दातों,112
अद्वितीय,37
दाहिना,112
कटाने,180
महासमर,149
पूर्वज,149
भलीभांति,37
कटेगा,140
लूंगा,140
जाबिर,54
बोलता,59
छूकर,112
फुटा,190
कुबूल,71
छानी,9
खोए,171
नीतिगत,100
छक्का,69
भ्रष्टाचारी,7
जनसाधारण,94
रामदुलारे,36
नोच,69
संहार,119
फावड़े,9
मराठी,149
जलीय,30
दसवां,198
निर्णायकों,44
क्यूं,59
निभाता,128
भिडंत,124
लाट,138
प्रतिफल,166
वृत्त,29
दड़ा,16
अष्टभुजा,38
कपड़ों,62
रोपने,189
बबुआ,138
प्रेत,29
बैठेगा,140
पहुँचे,28
पकड़वाने,180
उपजिलाधिकारियों,139
आलिम,184
अफ्रीकी,21
चालन,100
सीखें,147
अस्वीकृत,154
पूर्णमासी,34
गद्दीनशीन,54
लपट,8
आठों,187
कर्मचारियो,52
पंसारी,19
गाड़ने,180
विश्वस्त,55
जनांदोलन,132
विभीषिका,26
हस्ताक्षरयुक्त,146
कलाकृति,174
पहियों,124
वायुमंडल,100
उद्घोषक,55
सुला,35
लटकाने,180
गुणवत्तायुक्त,108
मेवाती,32
रोकें,147
दण्डाधिकारी,42
बाड़,9
चलनी,182
शेरों,192
शरारत,133
सदल,113
भैंसें,9
जुड़ते,171
हमराहियों,164
लड़नी,43
कांफ्रेसिंग,42
जाबकार्ड,117
रोता,69
सताता,26
शहीदे,22
उसमे,181
परिनिर्वाण,162
ट्रासपोर्ट,2
उबारने,180
आषाढ़,34
जमीं,185
साहसी,55
पर्चियों,117
निलम्बित,136
चटाई,112
उन्माद,31
टपकने,188
छुड़ाकर,35
आहरित,166
चुकीं,182
रूह,185
पक्षीय,100
छोड़िए,172
सतरंगी,133
संचरण,72
नाचे,63
वर्दीधारी,164
पारंगत,21
हरीपर्वत,17
पाचवीं,149
वाशिंदों,192
मिचौनी,99
नवसाक्षरों,60
दृश्यता,31
ऋतुराज,27
भेजनी,161
जनसंवाद,95
सर्वेयर,2
उपक्रमों,52
गम्भीरता,37
धधक,8
बैशाखी,193
विषैले,72
पतवार,145
कश्मीरियों,126
मांगेंगे,49
शोधार्थी,55
पलटन,126
कोरा,84
बायां,112
बौर,189
टैक्टर,124
कोला,103
घुल,188
लकवा,31
मूर्ख,55
दिलाये,147
पंचांग,149
बढ़ायी,182
विलक्षण,37
दबाब,31
ऐंठने,180
जनसहयोग,58
न्योछावर,22
लाएगा,140
सहुलियत,108
नौसेना,145
शिक्षाविदों,192
डलवाया,50
बिसंडा,113
दिखना,98
बूझ,39
गौवंश,30
गोवध,135
पर्यावरणविद्,55
कार्यकर्ताओ,42
यक्ष,29
कन्याएं,116
मिलाते,171
करूणा,91
परवाना,185
बारीक,112
राष्ट्रवाद,132
टेंपू,124
नवयुग,149
मढ़ा,84
तपस्वी,61
गुब्बारा,112
सौदे,166
बगीचों,189
जिलेवासियों,139
भूलना,98
सकने,180
इकलाख,113
कलमबद्ध,60
सियार,29
कर्जे,166
जलसंस्थान,122
जबर्दस्ती,35
उभरते,55
सदाचार,94
गरमाया,136
पत्तियां,189
बढे़,177
ढोलना,138
बेचारे,69
त्रैमासिक,95
फूलन,143
क्लेश,26
उदासी,26
संघर्षशील,55
अव्यवस्थाएं,4
हिमायत,71
पालिकाओं,52
जांचे,117
मौला,54
विहंगम,29
लूटेरों,164
कीड़ों,9
तिलकधारी,36
नृत्यांगना,143
मिशनरी,55
यमराज,29
बैरीकेडिंग,92
अस्वीकार,154
मारता,69
अनुसेवक,42
क्रूर,66
टिफिन,173
बिंदी,62
रडार,145
भूकंपरोधी,174
सर्वहितकारी,91
विश्वसनीय,37
स्पर्शाघात,72
मध्यमा,149
उकेरा,133
डटी,87
निमित,91
तौहीद,184
फुलवारी,189
पटवाई,113
एलोपैथिक,90
तलाब,9
जमुनिया,17
हनुमंत,36
तोरण,174
गर्भाधान,144
बूंदाबादी,169
साइटों,192
कराके,50
तराशने,180
बमबाजी,126
समंदर,145
फंसता,84
छिपकर,171
छुपाकर,50
स्मार्टफोन,2
पकड़ाया,50
पढ़ेंगे,140
श्रोत,100
अंबुज,27
प्रकाशकों,60
किराएदारों,139
प्रयत्नशील,58
स्वामीजी,162
टहलते,171
स्पार्किंग,122
कहलाता,149
जीए,54
त्यागने,180
रोपा,189
रस्साकसी,43
समझो,0
मान्यताओं,88
खुलना,98
सहमती,153
विसरा,72
शूरवीर,15
विकासशील,75
रामनरायन,36
धमाकेदार,111
कूपों,122
भड़काऊ,66
ताबूत,112
अजनबी,185
सानी,133
शिकागो,149
भीगने,188
वामन,29
पट्ट,174
सवेरा,13
अन्तर,37
पहनें,62
उलटा,84
समयसीमा,166
विवादास्पद,66
कंसल्टेंट,2
प्राप्तांक,6
दिलासा,153
जीभ,112
मोहभंग,132
आक्रांत,119
जगतपाल,32
बुझने,8
पक्कीकरण,146
पाठशालाओं,183
स्थानक,41
रातोंरात,11
जिलाध्यक्षों,42
सूरजमुखी,189
पतरघट,16
जिधर,171
कुंभकर्णी,169
संबल,58
उन्मुखीकरण,100
हेडकांस्टेबल,139
बरतना,98
लादने,180
सुगंधित,189
बेधड़क,69
सोचता,39
भोजराज,36
वन्दना,143
मर्मज्ञ,55
कटोरा,103
अपर्याप्त,31
खोई,87
मोमबत्तियां,13
अशांत,31
मिटाना,98
ग्रीष्म,29
गतिशील,37
पड़कर,172
आदर्शों,94
सम्यक,37
प्रत्यक्षण,37
बस्ता,183
नियमत,186
मिलावटखोरों,74
दृश्यों,111
बिसात,43
लिफाफों,117
निर्वस्त्र,66
बंदे,184
परायण,91
भोजनालय,41
अदब,184
हुनरमंद,55
बैकलॉग,52
जड़,189
प्रश्नकाल,136
गुणवत्तापरक,108
कूड़ों,190
राहगीरी,139
रामगंज,17
क्षेत्रवार,52
न्यायलय,125
हजूर,54
चुनचुन,190
प्रखंडस्तरीय,169
निकालें,147
कॉम्प्लेक्स,2
जुटाना,98
पल्लेदार,164
अदालतें,125
नम्बरदार,32
कूलरों,92
विभूतियों,192
बैंककर्मियों,139
आडिशन,111
जुटते,177
गठिया,72
चन्द्रमोहन,27
नीबू,123
एक्सल,2
टूटता,185
अटके,171
मुरादें,153
त्रिकोणीय,174
समधी,1
उत्तरदायी,154
बाटने,180
तारी,177
हिचक,39
अस्थिरता,31
सब्जीमंडी,17
भूतेश्वर,38
आंसुओं,188
कांग्रेसजनों,42
बछिया,9
कडे़,135
टप्पेबाज,164
मतदानकर्मियों,139
उत्तराधिकार,149
प्रलय,29
राज्याभिषेक,149
द्वारों,92
निरस्तीकरण,186
ठोंका,69
सौदेबाजी,74
मकबरा,174
चिनाब,76
ज्योतिबा,149
परिभाषित,154
घसीट,35
लाशें,65
दरिंदगी,65
बसंतराय,36
गस्त,164
पोस्टकार्ड,117
तड़के,198
वीरा,143
नवोदित,55
पिंजरे,9
कोप,26
पंचायतराज,42
निभाती,128
ध्यानार्थ,146
क्षेत्ररक्षण,110
वयस्क,100
कंगाल,11
भाग्यशाली,55
दिनरात,187
मुक्केबाज,110
शैतान,71
अवनीत,32
डराया,93
थपथपाई,112
राजपति,32
लावा,188
चिल्लाते,69
ढूंढे,147
खिलवाड़,84
सोकर,69
बहुप्रतीक्षित,198
हेल्मेट,62
महाकवि,149
जगनारायण,36
चिकनी,112
मोरम,113
प्रस्तुती,111
अधिसंख्य,75
मंचों,192
तोड़ती,87
डोरी,112
मैट,2
यदा,29
सम्मलेन,95
कौतूहल,133
तुलनात्मक,37
गोवंशीय,30
जुटना,98
क्रंदन,26
जलधारा,29
सम्प्रदाय,94
बालीबाल,110
पल्लव,149
कथाओं,21
औलाद,1
फटकारा,69
कुंद्रा,143
नौकरशाही,7
पड़ते,171
मिलजुलकर,58
उपमा,133
खिलौनों,92
उंचाई,76
थोप,84
चिन्हों,88
जातीं,87
भुवनेश्वरी,38
बकरों,9
सिकुड़,112
महानायक,22
कालिख,68
प्रताड़ना,66
गऊशाला,41
कुमोद,113
बोया,189
विपत्ति,26
प्रायोजक,100
शहंशाह,111
जीवाणु,72
पेटियों,103
डालती,87
अमर्यादित,66
उभारने,180
ब्रह्मलीन,162
सिखाती,98
चूहों,72
शौकीनों,192
पंथक,16
महासंग्राम,43
खंबे,9
घड़े,103
सुलझने,191
चढ़ावे,11
स्वर्णजीत,32
सुधारों,88
मंगलमय,193
सभास्थल,41
फूलमालाओं,92
उत्साही,55
आयामों,88
निर्विघ्न,91
खेलता,110
सोपान,37
उलाहना,66
जुझारू,55
आंकड़ा,89
सट्टेबाजी,74
धराशाई,24
सिकरी,17
उभरा,171
सेवाश्रम,162
तराजू,134
मूलवासी,75
बूटियों,92
दीवाने,111
फुहारों,188
लाभपात्रों,52
तटों,145
लक्षित,154
नौकरों,7
दंपतियों,192
सबला,149
डग्गामारी,74
बहेगी,188
जोड़ें,147
इम्तिहान,183
राजाओं,15
खदेड़कर,35
जुड़,181
लिपटा,112
वसुधा,143
शिष्ट,55
पदकों,44
तीनो,181
घिनौनी,66
तयशुदा,166
झेलम,149
पीडीएफ,60
जोहड़ों,16
नौकरशाहों,7
रचाई,1
सीआइआइ,42
कदा,171
सम्मेलनों,95
नकाब,62
स्थानीयता,37
सावधानियों,144
राष्ट्रीयता,132
आदमकद,174
कुर्बानियों,22
खुलवाए,50
आरंभिक,100
जिनपर,181
ठिठुर,23
लुटने,11
धड़ल्ले,74
तानाशाह,132
पुट,37
चुनें,147
अन्त्य,149
नवजीवन,91
मौसेरे,1
पतंगों,92
हिमगिरी,29
स्वर्णा,143
टांके,112
झोंकने,180
निडर,55
जौड़ा,12
हिलने,24
सदभाव,58
जनपदवासियों,139
विग्रह,38
थामने,180
ज्ञानेश,27
गुलमोहर,189
बहुमुखी,37
सड़ांध,68
बेदाग,84
मनीषी,55
निगला,35
नाखून,112
अशरफी,54
अनूठे,133
सेनीटेशन,2
जनशताब्दी,124
गिरफ्तारियां,70
संगीतमयी,63
धर्मनिरपेक्ष,132
कपाल,29
कारिंदे,7
विच्छेदन,100
प्रभावों,88
हृदयाघात,72
चोरो,164
सर्वत्र,91
सहूलियतें,108
पाश,119
काटता,93
आवेश,119
हलकी,188
सिमटी,87
पूर्वमंत्री,42
दुखियों,61
मंहगी,19
शैय्या,29
गिद्ध,29
प्रबन्ध,100
वन्यजीवों,192
नाकामयाब,84
जीवनदायिनी,91
मैदा,173
बदलें,147
अंगुलियां,112
उनकों,192
प्रतिवेदित,154
किक्रेट,110
खट्टा,123
दुधारा,17
बचेगी,140
कार्यवश,95
वियोग,26
गोसेवा,58
भाल,133
त्रेहन,27
प्रस्तुतीकरण,37
हेमन्त,27
नाविकों,145
मफलर,62
विन्देश्वरी,36
तड़पता,65
गोचर,31
गिराई,182
घसीटा,35
मस्ताना,54
मनाएगा,193
पहुंचेंगी,51
निरोगी,91
मालगाड़ी,124
प्रशिक्षितों,6
दौड़ाई,83
पालिटेक्निक,6
परिणय,149
चन्देश्वर,36
प्रदेशस्तरीय,169
चूकते,39
प्रस्तुतिकरण,37
संकटमोचन,38
डीग,174
दफनाया,93
अधीर,133
भरेगा,140
लहलहा,189
दमयंती,143
सहसंयोजक,42
पीड़ित,31
ज्वर,72
मोटरों,92
निरंकुश,132
अरोप,84
अनगड़ा,16
गांजे,103
उमड़,177
प्रजा,15
ओटीएस,52
कर्मभूमि,149
विकारों,72
पश्चिमशरीरा,17
धानी,62
धर्मशालाओं,41
उत्तरपुस्तिकाओं,6
बेघरों,75
कालागढ़,17
जीर्णोद्वार,41
अंधी,66
रूसी,21
चुराते,171
गोता,145
समुद्री,145
बिड,2
उभरी,87
रुकवाकर,50
हौज,103
सेकंड,89
घेरेबंदी,70
दास्तान,185
कबूला,71
बौखलाहट,66
मुर्दा,65
पकी,173
नवविवाहित,1
समझाना,98
नाविक,145
ओवरसीज,2
प्रज्वलन,100
पट्टीदारों,139
मूरत,185
बिगड़ने,172
वार्तालाप,37
पक्षकार,186
फेलोशिप,95
जाऊंगा,140
फोड़े,158
बछड़ा,9
उदयन,27
रुतबा,7
बल्लियों,92
तनिष्क,27
कंडाघाट,17
अतरी,17
हमराही,185
सूती,62
सहमंत्री,42
पंगु,31
नवसाक्षर,183
अर्थशास्त्री,55
हांलाकि,39
घड़ा,103
अंगुलियों,112
कथाकार,55
सुननी,182
वितरकों,192
बनावट,37
लिपट,69
दर्शायी,182
डेयरियों,92
बनिहाल,76
आकाओं,7
महायोजना,52
उतरता,18
ऊंच,119
उछलकर,24
जिलावासियों,139
प्रमाणीकरण,100
संघर्षो,88
पट्टीदार,1
विशेषताओं,88
कच्छा,62
गमले,189
गजानन,36
मचाए,177
मूंद,99
फाड़कर,112
बोलो,0
परोसी,173
बजबजाती,87
वात्सल्य,91
झुके,171
नौकरीपेशा,75
सुहानी,185
हस्तगत,154
प्रतिघंटा,89
प्रयोगशालाओं,100
छज्जे,174
मेहनतकश,75
विनाशकारी,31
वजीफे,183
दूरबीन,100
मोटरें,124
अमान्य,154
तैल,103
नर्सों,90
मोर्चो,43
पुतलों,92
जेहाद,184
शोधित,103
पूछना,59
छत्ता,9
अटे,190
निरोधी,72
आयेदिन,65
ऑटोमोबाइल,124
लेखनी,60
अत्यन्त,37
झांक,171
धानक,113
गीली,188
धनसार,17
खच्चर,124
भिक्षुओं,61
दुबकने,171
भूली,87
फरमाते,184
विचारक,55
उपमहानिरीक्षक,42
इंगित,154
कोपा,110
आइकार्ड,117
निहंग,138
क्षीण,31
हवालाती,50
जीवनदान,91
उठवा,50
गर्भाशय,144
राक्षसों,29
थलग,84
कट्टरपंथी,132
सामग्रियां,116
मुख्याध्यापिका,179
आतिथ्य,21
प्रदेशवासियों,193
कमाऊ,11
तरणताल,110
प्रश्नचिन्ह,84
सुसंगत,37
अरुणेश,27
आंकड़े,100
निपटाएं,49
परदेश,1
छूते,171
बोझा,112
पत्नियों,1
सिमकार्ड,117
जाग्रति,58
बढ़ीं,87
बस्तियां,116
मामलें,186
गिरोहों,70
राष्ट्रभाषा,149
लोट,69
बढ़ेंगी,51
छुआछूत,66
ममेरे,1
बेवकूफ,84
मंडराते,171
भराने,180
बिजौली,17
हिंदुस्तानी,149
महालेखाकार,125
इतिहासकार,55
सहायतार्थ,154
बरसाए,126
खोमचे,19
मुरीद,54
मूसलधार,188
कसेगा,84
ग्रामोदय,95
शक्तिमान,91
हंगामेदार,136
दस्तों,126
ब्याही,1
ऑर्गेनाइजेशन,2
रसोईयों,52
कचरों,68
महाशय,149
बढ़ई,9
ठाकुरजी,38
जिलापाल,169
बिखेरे,133
चमड़ी,112
पोटली,103
मंत्रीमंडल,125
प्रेरणादायक,58
बहुसंख्यक,75
राजमार्गो,76
प्यासा,188
खोलेगा,140
महाकाल,38
झंडों,92
बारदाने,122
परामर्शी,100
सिरका,123
संस्मरण,60
जीओ,0
चीखपुकार,69
गैरमौजूदगी,136
कलाकृतियां,116
उड़ते,47
उर्सला,90
सूर्यवंशी,36
धुरी,149
खींचते,171
सायंकालीन,95
मड़हे,16
अलमारियों,92
पाचवें,198
प्रवेशपत्र,6
झुकना,98
पहुंचाती,28
गोते,188
दरिंदों,65
जानो,0
इंकलाबी,132
छुड़ाओ,35
लपटे,8
किस्में,116
मंगली,1
खेतिहर,75
फायदों,88
दूंगी,86
उसरी,113
दोस्ताना,111
विद्यार्थियो,6
दरोगाओं,139
जलवे,111
गिट्टियां,116
अंबे,38
झोपड़ी,9
वीवीआईपी,192
उद्गम,149
छत्तीस,89
समूहगान,63
कार्यशालाओं,95
तुष्टीकरण,66
भगाना,98
उपदेशों,94
तरबतर,188
सासंद,125
छला,84
मनचाहे,181
खाएंगे,140
बटोरीं,182
जयहिंद,22
घृणा,66
जयन्ती,193
विस्तारित,154
पांडवों,29
आईबी,126
सांभर,173
डांटा,69
शिक्षकगण,6
पंछी,185
उपेक्षापूर्ण,66
पिछवाड़े,9
कुप्रभाव,31
निरक्षरता,75
बैरी,138
शालीनता,37
जानकारिया,4
सीलन,68
सदस्याओं,42
बदलेंगे,140
ठहाके,69
मूलमंत्र,58
अंगदान,58
कंबलों,92
कृतियों,60
जियो,0
घूमे,171
उत्कृष्टता,37
आत्मबल,91
यात्राओं,88
सुहागिन,1
गजलों,185
जयकिशोर,27
यूपीएसआइडीसी,169
अड़चनों,88
भटकता,171
विशेषाधिकार,135
पिछड़ने,172
बीजी,2
हस्तकला,21
मास्टरों,6
पाताल,29
धराये,164
शुदा,1
धर्मों,94
समीकरणों,88
कस्सी,104
वसूलना,166
नेत्रों,91
छपे,60
बायोटेक,2
ईडब्ल्यूएस,2
नाकामियों,88
तीर्थकर,162
सशंकित,31
उपजा,31
पदस्थ,125
इजाफे,166
सिंधू,110
प्रतिमूर्ति,91
धर्मकांटा,17
रीचार्ज,166
मामी,1
उपनगरी,41
दिनदहाड़े,164
मिर्ची,173
अंधा,84
सौंपना,98
अग्निशामक,145
अनुक्रमांक,117
शहरीकरण,75
निभाए,128
गड्ढ़े,92
पुड़िया,103
समस्यायें,4
रजिस्ट्रीकरण,52
पिंडी,38
अनिश्चितता,31
भरभरा,24
अपराहन,198
लोटपोट,111
इंवर्टर,122
कप्तानी,110
कार्डों,117
इर्दगिर्द,111
गुमान,185
खड़क,16
तौलिया,62
भतीजों,1
सामाग्री,60
झुकने,180
गिटार,63
वैष्णों,38
पीता,103
कछुए,29
जोतने,9
देवों,162
कारतूसों,126
ताज्जुब,39
सचखंड,187
पुकारा,93
प्रशंसक,55
मंदा,19
असुर,29
सहपाठियों,183
संक्राति,34
सुरक्षात्मक,100
दाताओं,192
होजरी,62
फसाद,184
धावकों,110
गुप्तचर,70
निशी,143
कीचड़,68
पट्टिका,174
उगा,189
आरोपपत्र,186
कावेरी,29
बौना,29
कायदों,135
टपकता,188
किशोरावस्था,31
एकरूपता,37
सप्ताहभर,198
मदनपाल,32
घृणित,66
स्तरोन्नत,146
देशवासी,22
कोपभाजन,7
हैलीपैड,41
सशर्त,166
सोसायटियों,52
समीति,42
फासला,185
फहराकर,159
अनुष्ठानों,94
युगों,156
खड़ंजे,16
पर्यवेक्षिकाओं,139
रखवाने,50
हृदयगति,72
वीरगंज,17
निराकार,91
लेखिका,55
पथावरोध,31
नवरात्रा,34
रबड़,190
चाबुक,104
रोशनदान,13
टेढ़ा,112
नकलविहीन,146
राबिया,54
चक्रधर,27
मुल्कों,192
सहना,98
श्रद्धाभाव,34
सुधारक,55
फैलाए,171
गीला,188
झगडे़,164
खलिहानों,9
लोटा,103
दृष्टिहीन,55
स्वरूपानंद,162
टेक्निशियन,90
धुत्त,69
बचेंगे,140
ढली,185
हैजा,158
पसारने,180
किस्से,111
तांगे,124
आबोहवा,188
खुमारी,177
अहित,119
प्राणघातक,72
अतिकुपोषित,146
कर्णधार,132
कीटाणु,72
रूपक,37
श्राप,29
सुंघाकर,103
नातिन,1
शाहपुरकंडी,17
चौंका,39
पटकथा,111
बड़की,190
नृत्यों,21
अंकतालिका,6
मोहरा,84
दरक,24
गृहरक्षक,42
महारत,37
सुगमता,37
मतपेटिका,103
डलवाई,50
सजाओ,0
परामर्शदाता,55
दोना,103
बेजुबान,65
हिमायती,132
बुलाते,93
जानेंगे,140
छुप,69
कमेंट्री,111
गिन,134
मुल्तानी,123
धुल,188
तर्कसंगत,37
संयत्र,100
पाचन,72
खौफनाक,70
डाक्यूमेंट्री,111
रिजवाना,54
चुनेंगे,49
एंकर,111
प्रोटोकाल,125
गिरवर,113
मनोचिकित्सक,90
जनहानि,31
कुंवरपुर,17
पकाया,173
समान्य,31
नोटरी,117
सदगुरु,162
जोड़े,171
सुर्खियां,111
संजीवन,36
शिवमय,38
समझदार,55
कफन,62
कलुआ,164
सुबूतों,70
टहनी,189
खरोंच,112
जन्मों,119
जिन्दा,65
कावड़,16
छिड़,177
सर्वमान्य,37
चादरें,116
केन्द्रित,37
शंखधार,27
छठव्रतियों,92
पहुँची,28
तमाचा,69
वफादार,7
स्वजल,122
छात्रनेताओं,6
वधु,1
फिरता,93
इश्तेहार,60
अपराजिता,143
निर्मलता,91
शीशों,92
छात्रहित,6
सम्बन्धी,100
उड़कर,9
कांगड़ा,17
पीटे,69
भिड़ा,190
रेंगी,51
गड़बड़ी,177
ओरियंटल,2
परित्याग,119
लटकाए,50
मसानी,54
बहुमंजिली,174
कमाना,11
दानवीर,55
सहकर्मी,55
अर्धसैनिक,126
स्वीकारोक्ति,66
ऑल्टो,124
विकृत,66
छात्राओ,6
आड़े,84
बेमिसाल,111
फलाहार,34
रतजगा,177
पहरेदारी,126
सर्वसमाज,132
ओली,27
गुरदर्शन,32
सुपुत्र,36
निपटना,98
खड्डों,122
पडा,98
पर्वतारोहण,110
जोताई,30
लौटाई,153
देशद्रोही,71
चोखा,173
पंजे,112
रहस्यमयी,29
अनुपूरक,100
आयुक्तों,125
मुखलिसपुर,17
रिवाजों,88
संख्याधिकारी,42
अंदरखाने,43
शरणार्थी,75
जन्मी,149
ठुमके,63
ग्रामपंचायत,17
गृहों,41
अर्दली,7
सदस्यगण,42
पिंडदान,34
संपुष्टि,154
थाल,103
तगादा,164
दाहिनी,29
फिदा,111
झपकी,177
जुटती,177
जेवरों,62
रेललाइन,76
तुमने,0
नन्हा,133
उठवाने,180
भंगहा,16
गदर,149
मिलवाया,93
रहनुमा,184
अलंकृत,133
जागते,171
अफवाहें,4
दिलवाए,50
कतारे,116
झपटकर,69
परमाध्यक्ष,42
ओढ़,62
जुगलबंदी,111
लेटा,171
जाओगे,0
भवसागर,91
दंडनीय,135
पढ़ाएंगे,49
पकवानों,173
राजवंश,15
बजती,63
माडलिंग,111
बस्तीवासियों,139
एसआइबी,12
अनुकरण,37
कटार,104
थपथपा,112
लगवाये,50
इन्दु,143
मुहैय्या,108
चढ़ना,18
ऋषियों,162
झोंका,188
मुखबिरों,70
मिटाकर,147
सांपों,29
उतरीं,18
दर्शनीय,174
उपकुलपति,125
तुड़वा,50
वास्तु,174
अम्बा,38
जलस्रोत,122
ढीला,112
शिरोमणी,162
वादिनी,143
गैरहाजिरी,136
अनन्त,91
इतवार,198
खेतासराय,17
मक्खियों,92
जयमाला,63
दमनकारी,132
झाला,138
पिछड़े,75
समंवयक,113
दानों,30
संघर्षपूर्ण,31
हारा,43
गतिमान,37
लिखवाने,180
परमपिता,91
दीप्ती,143
मूर्तरूप,58
स्टेडियमों,92
साढ़ू,1
बेडों,92
पिचकारियों,92
प्राधिकृत,100
सीम,112
सीखेंगे,140
कार्याधिकारी,42
त्रिलोकपुरी,17
भाषणों,88
खोलेगी,51
सारंग,27
छोड़ी,182
धमाचौकड़ी,177
जगे,177
निकालेगी,51
प्रान्तीय,125
कोठा,9
लिखवाया,93
दर्शनशास्त्र,149
गोधन,138
फिटर,2
संतो,94
तैराक,110
मतदानकर्मी,139
कमाते,11
चूने,103
निकुंज,36
धमकियों,70
घुटना,112
रस्में,4
कुरीतियां,4
कुचक्र,84
डरी,87
कांजी,173
सटोरियों,74
प्रचुर,37
सिनेमाघरों,111
गगनभेदी,63
लोकसेवा,125
रेहड़ी,19
जयंति,193
सामरिक,100
अभिसूचना,42
सोचें,147
पहचानते,171
कुशाग्र,55
गिनाया,93
प्रतिनियोजित,146
अध्यनरत,6
पात्रो,192
कब्जाया,35
विंध्य,29
बैर,119
घुमंतू,75
महासमिति,95
क्षेत्राधिकार,186
चेतक,29
क्षेत्राधिकारियों,139
हुस्न,185
हीमोग्लोबिन,72
दबाना,98
गुंडई,164
लम्बा,76
मोटापे,72
रिक्तियां,52
झगड़े,70
चौकीदारी,164
रूस्तम,54
सहिष्णुता,94
टकराते,127
निबटाने,180
अंगवस्त्र,62
ओवरलोडेड,124
सजाएं,147
अक्षुण्ण,37
झिझक,59
बावड़ी,174
करनेवाली,87
मिलाई,182
वाचस्पति,149
भ्रमणशील,91
टूटना,98
निन्दा,66
सिखाएंगे,49
जाऐंगे,140
समूल,119
असावधानी,31
मसालों,173
फैलाव,37
नत्थी,117
ऋषिकुल,41
असंख्य,192
लालायित,91
सरलीकरण,37
तनदेही,113
करोगे,0
रचनाकार,55
बलपूर्वक,35
बैठेगी,140
पाटनी,27
फूटे,188
चिपकाया,93
झोंपड़ी,9
उदयशंकर,27
देगें,140
वाट्सएप,2
पहुंचायी,28
छत्र,29
ईनामी,164
तत्क्षण,91
उपराष्ट्रपति,125
बनायें,147
व्यायामशाला,41
परदेसी,138
गुजारे,198
भटकती,87
सौन्दर्यीकरण,174
विधानसभावार,52
उगे,189
बिखराव,31
ढूंढना,98
धुरंधर,110
प्रबुद्धजनों,178
शिविरार्थियों,95
मैथ्स,183
सिक्ख,94
कलापों,88
इल्जाम,84
कांपते,171
कताई,62
चिर,91
सुभावती,143
जमीला,54
पलड़ा,43
दोहपर,113
बायीं,112
ग्लैमर,111
घपलेबाजी,74
मुक्तिधाम,41
चटनी,173
शरणार्थियों,192
शाकाहार,94
व्याकरण,149
बड़ौली,62
लतिका,143
गुंबद,174
औषधियों,72
सिरफिरे,71
नौवां,198
रक्तदानियों,169
कबाड़ियों,92
सीखते,183
यजमानों,34
अखण्ड,91
वर्णनीय,37
तोपखाना,174
नवग्रह,38
क्रेता,19
जुड़ेगा,49
आविष्कार,100
बीमारों,90
अलाप,63
भर्तियों,52
खिलाड़ियों,110
संतोषप्रद,37
बहाई,94
उपमंडलाधिकारी,42
जनजातियों,192
हिन्दु,94
गाइडों,192
रोटावेटर,122
संपादकीय,60
विच्छेद,31
अधिष्ठापन,100
काफूर,177
इस्तकबाल,184
वर्तिका,143
खूनदान,41
बीतता,177
हिंदुत्व,94
फरमा,39
मिलीग्राम,123
अजीबोगरीब,111
दौरों,88
दुधारु,30
अतिक्रमणमुक्त,146
माहिरों,90
स्नानार्थियों,41
सामुहिक,58
हैडपंप,122
आजमाया,93
इंसानी,156
कुंडे,103
कोटेशन,117
बहुआयामी,37
मेंं,198
उठापटक,177
बरगलाने,84
दाद,72
दूजे,185
ट्राइसाइकिल,124
छिड़कने,103
तर्को,186
आलेख,60
बेदम,69
जाग्रत,91
भक्तिरस,91
वचनों,119
बुराइयां,4
ताता,138
रामदुलारी,1
कुटाई,104
साहूकारों,15
प्रशिक्षिका,179
छुटटी,153
सिनेमाघर,111
छोले,173
झुमका,62
लंगूर,29
गुनी,89
कराएंगी,51
आयें,147
कोमा,31
कमाकर,11
आनेवाली,87
नाबालिगा,70
आयेाजन,95
पायेगी,51
गुजरेगी,51
हड़बड़ी,172
रंगी,133
उतारेगी,51
श्वान,29
रोकेंगे,140
सुनामी,145
सत्यभान,32
गोसदन,113
गाढ़ा,123
हड़काया,93
कार्यसाधक,52
पत्तन,145
स्वास्थय,100
हाशिए,132
नशापान,75
नीलमणि,36
पचा,84
सराही,182
खिड़की,174
माड़ी,190
भस्म,8
तेरहवें,198
रणजोध,113
खंती,9
खयानत,71
आर्दश,94
कंप्यूटरों,100
कांटों,189
वसूलता,166
बैटरियां,116
वनमंत्री,42
महानदी,29
लांघ,171
उड़ाया,47
फूलो,189
कूदा,69
वर्गीकरण,100
भूभाग,29
उलझने,191
पुष्पक,29
तैरता,145
पेशकर,63
उद्घोषणा,45
गिरजाघर,174
सहेज,60
मुंडेरा,17
अनुशंसित,154
पारितोष,27
प्रतिष्ठापित,154
उम्रदराज,55
माडलों,92
सरगम,63
करिए,147
विधाता,91
रहस्यों,88
लपेटे,171
झलकती,37
बदइंतजामी,177
अथाह,91
बिगाड़ा,172
यात्राएं,4
दागदार,84
किशोरियां,116
झगड़,69
अंदरुनी,88
सर्वानंद,36
ललकार,22
जगाना,98
पड़ेगी,51
नगरायुक्त,42
सौपेंगे,49
पछाड़,43
अविस्मरणीय,133
दालें,173
टोकने,180
मौजे,62
परिपथ,100
भूमाफियाओं,74
ढोंग,84
बुलंदी,185
नोटीफिकेशन,117
मुख्याध्यापकों,6
नाचन,113
गणमान्यों,192
फंसना,98
औंधे,24
साझे,58
बच्चेदानी,144
फूलबाग,17
अमृतवाणी,162
जलस्रोतों,122
केंद्राध्यक्ष,42
जीतते,43
बहाते,188
काउंटिंग,2
जनसमर्थन,132
अग्निपीड़ित,169
उत्तरपुस्तिका,117
काण्ड,70
तड़का,173
चमकने,13
निष्ठापूर्वक,58
दौड़ाते,83
स्वायत्त,125
मैली,68
हथौड़ी,104
सृजनात्मक,37
प्यासी,188
बंदिश,63
छिनने,180
फिरते,171
फंडा,84
फाल्गुनी,143
प्राथमिकताएं,4
साड़ियों,62
उपसमिति,42
बरई,113
मर्म,37
पुरुषोतम,36
चमकाया,93
बुलानी,182
बूंदों,188
तलवारबाजी,110
तामझाम,111
झाड़ू,68
खिंचवाने,180
तीर्थयात्री,41
योजनान्तर्गत,52
शिक्षार्थियों,6
टैंपों,124
नुकसानदेह,31
बेमतलब,177
त्रिदिवसीय,95
चमके,13
प्रवर्तक,55
गत्ता,103
सौंपेगा,49
समझनी,98
तलाशना,98
प्रशासकीय,125
जख्मियों,139
दिग्भ्रमित,66
बदलावों,88
देशभक्तों,22
द्वापर,29
सिखाते,98
बंदरगाह,145
विनम्रता,37
तर्कशील,55
स्पंज,62
सेंकने,180
अपंगता,31
भिड़े,43
कटेहरी,17
झाकियां,116
पेटिका,103
उपमंडलाधीश,42
सूनसान,76
स्त्रियों,192
स्कैनर,117
बर्बर,66
बहानेबाजी,84
कास्मेटिक,2
सेवाभाव,58
सलाना,89
बछड़ों,9
मौजी,32
मांगती,153
गुफ्तगू,185
निर्वाहन,58
लज्जा,119
खोजना,98
रिक्शों,124
गमलों,189
काबिलियत,39
गमन,119
सर्वस्व,91
जनसंचार,100
उपकृषि,42
नीलगायों,92
कंपन,31
रहनुमाई,184
बरसती,188
खीरों,92
दीर्घ,91
ईरा,143
उड़ेल,103
जुड़ने,180
निशानेबाज,110
रजिस्टरों,117
दार्शनिक,55
लौटेगी,51
आइवीआरआइ,2
बधनी,16
संविदाकर्मी,139
व्यंग,66
चिह्नीकरण,52
हाजियों,184
अज्ञान,150
तुष्टिकरण,66
बलिहार,138
ब्रह्मांड,156
सुधारना,98
मानसूनी,23
बंकर,126
बखेड़ा,172
खस्ताहालत,122
निबटा,93
रेलयात्री,139
वज्र,29
टेलीकाम,2
अनेकता,94
थिरक,63
छीनाझपटी,164
मनोरथ,187
टिकाऊ,100
सहदेई,17
भूलने,26
डलवाकर,50
पर्वतारोही,55
मसर्रत,54
पीड़िता,1
फिजूलखर्ची,11
कालरात्रि,38
खटाल,190
गतिविधिया,100
थरूर,39
कोसने,180
ताई,143
सैंया,138
लौंग,123
आगलगी,158
गमछे,62
पूजनीय,162
रेडिमेड,19
लादे,171
संप्रदायों,94
संवर,185
कमानी,112
डेरों,92
यशस्वी,55
भिखारियों,61
मखाना,173
चतुर,55
छत्रछाया,91
प्रश्नचिह्न,37
लिपटे,171
सुविधायें,108
रॉयल्टी,166
विरोधाभास,37
शाबाशी,153
पढ़ाती,183
मुलतानी,123
गुदगुदाया,133
चन्द्रमा,29
खैनी,103
भोट,138
इन्ही,192
वेंटिलेटर,90
जिलेदार,139
मोरनी,17
जनशिकायत,52
गाती,63
बजाना,63
नारंगी,189
पिछडे़,75
भागता,69
अकुशल,75
मिलाजुला,31
होम्योपैथ,90
फ्लॉप,111
जोड़ो,123
यातना,26
प्रतिकार,66
लैंगिक,66
सनम,185
लक्ष्मणझूला,17
धर्मजीत,32
द्रोण,29
घुसपैठियों,126
मटके,103
जलवाने,180
धर्मसभा,95
उतरती,18
कांवड़,145
किरणजीत,32
बरगला,84
कार्यकलापों,88
छकाया,93
असहमति,66
ग्रहों,88
गुटबंदी,132
दायक,91
स्कैनिंग,117
कुरीति,66
फिक्रमंद,177
उभरने,31
सामान्यत,149
अमूल,2
कटती,87
जंघई,113
झोक,104
लड़का,1
अपमानजनक,66
तोड़ता,171
पेचीदा,191
भेजती,161
संजोने,180
टोना,84
दौड़ना,98
नवां,198
मुरझा,189
चेरीटेबल,2
महिलाए,75
घूमना,98
सजन,138
दिलाएगी,51
अनुशासनिक,100
छुरी,104
आंतकी,126
पिराई,30
हतोत्साहित,154
स्मृतिचिह्न,95
क्लासिक,111
जनसुविधा,108
ओलों,188
मुसलिम,102
लोहियां,116
मुल्जिम,70
आगंतुक,41
द्रव्य,72
धर्मस्थल,174
प्रारुप,60
बैठें,147
बरता,84
खुमार,185
जाफरपुर,17
गरजा,69
अंध,94
झूमर,63
रेलमंडल,169
बायें,112
पड़ावों,76
अनायास,133
दिखाएगी,51
स्टीमर,145
पुरुषार्थ,91
कालांतर,149
गुमनाम,149
वोटें,50
निर्देशिका,100
आरामदायक,37
दुष्कर्मियों,70
दोहराने,105
प्रथमदृष्टया,186
ओढा,190
हैण्डपम्प,122
होनहारों,6
फलफूल,74
हौसलों,185
आफरीन,54
सूफियाना,185
मंगलाचरण,95
मंहगे,19
दक्षिणांचल,17
टिकटें,117
वरियाम,32
नवजीत,32
चाहेगा,140
बांटेंगे,49
रूकवा,50
तानकर,104
उपखनिज,122
खाट,9
रंगरोगन,174
सेहतमंद,123
खिदमत,184
ज्ञानदीप,36
तंद्रा,31
घुमा,171
उपादान,91
कहार,138
अंकुरित,189
मध्यमवर्गीय,75
नक्शों,92
नौकरशाह,7
उपनिरीक्षकों,139
ठहरी,87
घूंसों,104
स्वयंसेविकाओं,139
आकड़ा,89
पितृपक्ष,34
घड़ियां,116
उत्सर्जन,72
ढहाया,35
अपशब्दों,66
मुहुर्त,34
भगौड़ा,84
सहकर्मियों,192
अनुपालना,135
आपूर्तिकर्ता,100
धीमे,171
जुड़ें,147
बैंडबाजे,63
कव्वालों,184
आगणन,122
झपटने,69
अबला,65
रक्तस्राव,72
चीकू,189
बेईमानी,84
ढिंढोरा,84
विदुषी,143
खरीदता,19
जेवरातों,92
निर्दोषों,71
परिजनो,1
गुल्लक,11
पडे़गी,182
पौधशाला,30
होशियारी,84
वजहों,88
कार्यदिवस,198
शक्कर,103
जीतेगी,43
अनुत्तीर्ण,6
लेटी,87
संयमित,37
नागपंचमी,34
संयोजकों,42
खानदान,1
हीरोइन,111
लुटा,11
सिखाना,98
इच्छानुसार,91
सबर,0
रूद्राभिषेक,34
घुड़सवारी,110
मथाना,17
सरोवरों,92
भारतवर्ष,149
आत्माओं,119
उतरवाया,50
परिसंपत्तियों,166
गृहविज्ञान,183
शयनयान,124
बिमारियों,72
गुर्दा,72
गोमुख,29
बहुउद्देश्यीय,100
दयावती,143
तरवारा,17
जयपुरिया,27
मोटाई,112
मार्कण्डेय,36
हंसाया,93
अफगान,126
बालकनी,174
मोरों,29
छोड़नी,182
रुद्राक्ष,29
राष्ट्रभक्ति,22
झंखाड़,190
चुंगल,164
देवोत्थान,34
त्यागकर,119
तापीय,100
खोट,84
जुटें,49
बुना,62
बेलन,104
भर्तियां,4
क्लेरिकल,2
बिखेरने,180
कर्तव्यनिष्ठा,58
परिव्यय,52
उजड़ने,65
डूबता,145
छक्कों,110
अंकन,37
निराली,133
तालों,92
कवयित्री,55
कुतुबखाना,17
लखपति,11
तुड़वाया,93
जांचें,117
नागिन,29
अशुद्ध,119
प्रयोगों,88
दोहा,149
मर्यादाओं,94
यमन,126
मानवी,156
नायकों,192
पंजीरी,173
गरमाने,177
सहभोज,41
योगीराज,36
चढ़ती,18
संकायाध्यक्ष,42
रुलाया,93
तड़पने,69
कारिंदों,7
तड़पती,65
मनेगी,193
समझाए,39
जीतेगा,140
भाऊ,138
उपप्राचार्य,42
कृतसंकल्प,58
कुलियों,92
कालोनीवासी,139
रोकड़,166
बरसते,188
विनम्र,55
मंत्रालयों,125
तिलेश्वर,36
हथकंडा,84
बांधना,98
कोठियों,92
संविदाकर्मियों,139
वीरानी,185
ताउम्र,185
विपदा,26
प्रबन्धन,100
लाठ,113
अमीना,54
परतें,4
संभलकर,147
भेड़ों,9
बैरल,126
पूछता,59
घूंसे,104
पिलाते,123
हत्याभियुक्त,70
संस्कृतियों,156
उलटी,112
कलंदर,54
कटोरी,103
अग्र,112
मृत्युदर,144
राजबाग,17
कचड़ा,68
गिरेबान,84
जमींदारी,15
कालेधन,74
एचसीए,110
लहुलुहान,65
पुनरुद्धार,100
ठेल,24
मानदंड,37
फिजूल,11
रोषपूर्ण,66
भौंरा,138
निरर्थक,66
जमना,138
बेवफाई,71
ब्रजनंदन,36
श्वांस,72
पूंछ,112
राष्ट्रविरोधी,132
मंजी,54
सम्भावना,31
निखर,133
साहूकार,75
दिव्यानंद,36
कॉज,2
खिलाफत,132
अंधता,72
वरिंद्र,32
इत्तेफाक,39
ध्यानाकर्षण,154
तिकोना,112
समझेंगे,140
जोड़कर,93
नजरिये,88
पैगम्बर,184
असामान्य,31
हॉकरों,92
खटास,177
बिताना,98
लोभियों,74
उड़ाने,47
बुद्धू,55
बिहारियों,192
खपाने,180
अमीरी,11
कत्तई,66
पलटे,171
न्यायसंगत,66
बढ़ाएगा,49
जांचों,186
दिलाती,87
टीशर्ट,62
छुड़वा,35
खेमों,43
पारम्परिक,21
शावकों,144
पेंशनधारी,52
कांगड़ी,149
बेबाक,66
वाशिंदे,75
संतानों,1
सिखाएगी,51
बहुएं,1
दयालु,55
पढ़ाएं,183
पड़ें,147
भरनी,182
महामृत्युंजय,162
निपटाकर,93
बाजना,17
विधायिका,125
फालतू,11
पिंक,2
डाकखाने,117
परिवारजनों,192
अध्यापिकाएं,179
सत्संगी,162
आदमखोर,29
अविरलता,58
गुरुनगरी,169
बुलवाकर,50
साढू,113
सखा,138
मुड़ने,171
गुंडे,164
निद्रा,91
चौड़ीकरण,122
योग्यताधारी,6
खोजे,147
रेलगाड़ियां,116
बंदरबाट,74
बछरायूं,17
जमाखोरी,74
पुत्तन,32
आत्मनिर्भरता,58
संवेदनाओं,88
पीड़ा,26
उत्तरीय,29
विभिन्नता,37
प्रेरणास्त्रोत,58
क्षरण,31
क्रियात्मक,37
बंधाते,171
शायरा,54
कुलानुशासक,42
अप्रेल,198
दुलीचंद,32
बॉक्साइट,149
अभि,143
कूदी,24
सर्वकर्मचारी,139
मध्यस्थ,100
शालिग्राम,38
खेलो,110
पायजामा,62
पिलायी,182
घड़ी,31
तरकीब,84
आंतक,70
पकौड़े,173
लेखाजोखा,117
लोभी,119
ढोकर,9
रफादफा,50
छमाही,198
छात्रो,6
मुझको,0
सुलझी,191
सोफा,62
चौपाई,149
बिकते,19
प्रसिद्धि,91
लेमन,2
प्रसादी,38
टुकड़ियों,126
उपचारित,30
प्रतियोगता,44
पीटता,69
कटते,171
चरखा,62
अल्कोहल,72
इमारती,174
झीलों,192
सुधरेगा,140
उड़ाए,47
नर्सरियों,92
बैंको,166
घूमा,171
निपटे,191
टायफाइड,72
भोगता,26
शिल्पकारों,75
सुचेता,143
स्ववित्तपोषित,6
रिएक्शन,2
नर्क,119
संचिकाओं,117
हकमारी,74
चिपकाने,180
प्रतीक्षारत,91
ओजस्वी,55
खुशाल,32
निभाएगा,128
उतारु,35
दूरदर्शी,55
ताड़,190
टिक्का,173
रघुपति,36
चिपकाए,50
पंहुचे,28
खुलवाना,98
इंटर्नशिप,183
अक्षमता,31
गंधर्व,149
मेलजोल,58
लड़ती,87
मिठाईयों,173
कलेजे,112
खूबियों,88
वर्षभर,198
कुलपतियों,6
लाहा,113
मिस्त्रियों,139
पूर्णरूप,37
करदाताओं,166
अभिनन्दन,95
रिकार्डिंग,111
चूहा,69
उपवन,189
निगाहों,185
प्ररेणा,58
निशक्त,75
मापने,134
मानेंगे,140
रामचरितमानस,149
धुंए,8
खोखो,110
ट्रॉलियों,124
चौंकी,69
विश्वंभर,36
अचरज,133
परिसंघ,125
मजबूरीवश,39
क्रोधित,66
सुघर,138
आयेाजित,95
फागुन,193
सहोदर,1
ग्रेनो,2
दिव्यांशी,143
इंकलाब,185
एलीमेंटरी,2
लाभांश,166
महाअभियान,58
सर्वसम्मत,125
तपोभूमि,162
बढ़ाएगी,51
मिन्टू,32
डब्बा,103
बंजारी,17
श्रेष्ठता,37
थरथरी,190
साड़ी,62
आइडियल,2
बेबाकी,66
दिल्लीवासियों,192
मुचलका,186
उत्प्रेरण,72
जीतेंगे,140
धनबल,43
समोसा,173
गुमटियों,92
उबले,173
स्वास्तिक,29
ऑक्सफोर्ड,149
कुहासे,188
सज्जनों,119
उदार,55
कार्यकुशलता,37
विदारक,26
चमड़ा,9
युगेश्वर,36
बेनामी,74
अटरिया,17
दण्ड,119
कार्यपरिषद,42
किरकिरा,177
बेहिसाब,11
पंचतत्व,91
उलंघन,135
बचाता,31
विखंडन,31
घुड़सवार,126
रुपरेखा,37
अतुलनीय,58
चारदिवारी,174
कलशों,187
नजदीकियां,4
औद्यानिक,30
हिस्सेदार,11
जनसभाएं,116
अस्थिर,31
थैलियों,103
रेडियोलाजिस्ट,90
सकतीं,87
सुमधुर,133
कल्पवास,34
सुरक्षाबल,126
गाववासियों,139
घोंपकर,104
दिलाएगा,49
छिपने,180
रेलयात्रियों,139
रंगने,180
ज्योतिषी,55
उज्ज्वला,143
पहनावे,62
डोरे,112
उबल,188
उखाड़ा,9
कटवाकर,50
जातियां,116
कुन्तल,30
समझाई,182
चंडिका,38
चबाने,123
धौला,76
जुम्मा,54
पारो,143
धोएं,123
सफेदा,189
हराभरा,189
हिंदूवादी,132
परलोक,91
पुनर्वासित,146
कृपानंद,36
लिखाया,93
याचिकाएं,186
वृज,16
सेनाध्यक्ष,125
जनक्रांति,132
शीतकाल,198
आशंकाओं,88
स्फूर्ति,91
श्यामसुन्दर,36
लहलहाती,189
प्रेमदास,36
लंढौरा,113
कटेगी,140
पंचामृत,34
ककड़ी,173
बमों,126
कृत्यों,88
भाईजान,54
उदारता,37
निकलवाए,50
सरांय,113
किलकारी,63
आडे़,16
घिनौना,66
कामनाएं,193
झोलाछापों,74
निर्बल,119
पनपता,31
तोड़फोड़,45
कराहते,65
अधिभार,166
गुझिया,173
इशिका,143
तूने,185
हस्ती,55
छोड़ता,172
मिन्नत,153
छलने,84
दीयों,13
मंसूबा,84
कार्यमंत्री,42
होड़,177
समावेशन,100
विरुद्घ,186
दृढ़ता,37
ट्रेने,124
भुक्तभोगियों,139
जिन्न,84
सामयिक,37
हरियाणवीं,21
देखनी,182
दौड़ता,69
नाद,63
जनाजा,184
चाकूबाजी,164
त्रिलोकीनाथ,36
कराओ,0
पाठों,60
गरबा,63
दस्ताने,62
मारती,87
दौड़ेगी,124
बाबूजी,1
इंचौली,17
सप्तक्रांति,169
अन्तरराष्ट्रीय,21
घुमने,180
दांपत्य,1
बिताई,177
वनरक्षी,139
कर्मयोगी,55
छठीं,198
जन्मस्थान,149
उपहारों,192
रचनात्मकता,37
करतूतों,84
फलदायी,34
टोटियां,116
महाशक्ति,132
धर्मावलंबी,94
छारा,113
बीआरसीसी,42
अव्यवहारिक,66
गंवाए,171
बंबे,113
तलाशे,147
अभिरुचि,37
प्रेरणादायी,58
हटाएं,147
इच्छाओं,88
तगड़ी,190
अभियात्रिकी,169
ओढ़ा,62
बचायी,182
सुगंधा,143
अर्थदण्ड,166
बीड़ी,103
पांडियन,36
मापक,134
संघचालक,42
बनिया,75
उपजी,26
गड़ाए,99
मजलूमों,65
मत्स्यजीवी,169
रोकता,31
संस्तुतियों,100
लगवाते,50
निरन्तर,91
जासूस,55
फासले,185
तात्पर्य,37
भैयादूज,193
अड़चनें,4
कस्बावासी,139
धर्मनिरपेक्षता,132
देखीं,182
पर्यावरणविद,55
पत्तल,173
प्रगाढ़,58
जमाई,1
गर्भधारण,144
भूलवश,39
बंटेगा,49
पूर्णता,37
चक्रवात,145
कसता,84
तैरते,171
शख्सियतों,192
यौवन,133
विभव,91
चिन्हीकरण,146
शोधकर्ताओं,192
सौंधी,188
कौड़ियों,19
जिंदगियां,65
बैठाई,182
सींग,112
सरक,24
तेजवंत,32
ईंटें,116
सुकांत,27
संबंधितों,52
काना,138
गाउन,62
सजेगा,140
निशि,143
योजनांतर्गत,52
इनमे,181
तापते,8
सन्यासी,61
बहाए,188
पुश्ता,122
भीगते,188
पत्रिकाओं,60
साढ़,113
रणक्षेत्र,43
भिन्नता,37
प्रवेशद्वार,174
परिलक्षित,37
तुरहा,113
छाते,62
उपासक,91
हुलास,138
आमदा,35
शीरा,173
कप्तानों,110
घुट,65
कुर्ते,62
सदाबहार,189
गूंगी,87
सांध्यकालीन,6
टहनियों,189
सुरीली,63
उपमंत्री,42
बचाओं,149
अधिष्ठान,91
खटखटाएंगे,49
हिन्दुस्तानी,149
गंभीरतापूर्वक,154
चढ़ाना,98
कम्यूनिस्ट,132
कार्यबहिष्कार,45
गुप्तांग,72
तारिणी,38
नियमानुकूल,135
नाटककार,55
होतीं,87
निवारक,72
बूंदी,173
ऊंटों,9
धर्मांतरण,94
नूपुर,143
नेतागण,7
मोबाइलों,117
इमामबाड़े,174
वंचितों,75
अंतर्राज्यीय,100
छिपकली,29
उड़ता,188
कमलापति,36
यत्न,91
लिखापढ़ी,186
हंसने,69
पदमश्री,27
मण्डलायुक्त,42
पैरोकार,132
उगने,189
राममंदिर,132
लौटीं,87
पियक्कड़ों,74
पटकनी,43
हांफ,24
अकूत,11
रखो,0
इंचार्जो,42
पचपन,89
गामी,29
बिग्रेडियर,42
पिंजरा,9
जादुई,133
अलंकार,149
अप्रवासी,75
जताकर,84
चेष्टा,91
संपन्नता,37
सूदखोरों,74
शाकिब,54
भगदड़,158
चिंताएं,4
शेषमणि,27
बट्टा,134
दुष्परिणामों,88
दिखाएगा,140
मुद्रिका,29
भाइचारे,94
बधाईयां,193
सवैया,138
तारामंडल,149
खोलें,147
फलीभूत,58
पलटकर,171
क्लर्को,139
उलझकर,191
पूंजीपति,132
प्रदर्शक,55
झिलमिल,13
लिटा,112
बोलचाल,149
तिरछी,112
अर्धनग्न,62
बिछने,24
जूझता,26
जगराज,32
हमार,138
दरियादिली,71
फुगाना,17
झुमाया,93
अवैधानिक,135
उड़ानें,145
बैठीं,87
भरावन,173
वाल्मीकी,36
क्षेत्रान्तर्गत,17
भरपेट,173
डिलिवरी,2
कारे,124
अंगवस्त्रम,62
छापेमार,70
प्रारम्भिक,149
कमाए,11
संधारित,52
डाकिया,117
उलटफेर,43
कठिनाइयां,4
खारे,188
कोकिला,143
बीसीसी,42
औरतें,116
भटका,76
भूसी,103
संगमरमर,174
हिरणों,29
लंगड़ा,69
लहरें,188
खमियाजा,66
बेजोड़,133
खोये,133
खुलीं,99
आवेदिका,52
गिरजाघरों,192
मनगढ़ंत,84
टंगा,171
विषमता,31
चटकी,190
नोंच,69
भिड़ने,43
बिरहा,138
कसकर,112
लिपटी,87
लुढ़का,24
राकेट,145
निरीह,65
योनि,72
समाया,133
मुंडारी,149
अजान,184
गैसों,72
कल्याणार्थ,162
ऐश्वर्य,91
मुर्गियों,158
समाजसेविका,143
छटपटा,26
छतें,92
मुदगिल,27
वंदेमातरम,63
संघीय,125
पकड़ाए,50
युक्ति,37
फर्राटे,124
जुटनी,177
तनावमुक्त,147
बक्श,54
टाफी,173
अनादि,91
कनिष्क,149
दौड़ा,35
समोसे,173
पंजोखरा,17
संदर्भित,154
बाढ़ग्रस्त,145
क्षमताओं,88
पगडंडियों,76
चौबिया,17
जनमुक्ति,132
गुमनामी,185
शोधपत्र,60
लखेड़ा,113
बोगियां,116
उतरवाने,50
नवाया,187
बेशुमार,185
औजारों,92
सूखते,188
तेलो,123
ओहदे,7
शालीन,55
दुर्घटनास्थल,124
चुस्ती,37
टेरी,2
मूल्याकंन,100
कृपया,147
मिन्नतें,153
डिब्बी,103
कढ़ी,173
हर्षदेव,36
हरिकीर्तन,34
उत्पाती,66
जुगुल,113
परदे,111
पुष्पगुच्छ,189
सत्कर्म,91
जरुरतमंद,108
मुआयने,50
नंगी,87
भगाओ,0
तोप,104
लाजवाब,111
रूहानी,184
चिंतनीय,66
कारो,2
निहायत,66
टंगे,171
तमगा,84
हाशिये,75
विजिटर,117
चेकबुक,117
बेचनी,19
खंडस्तरीय,169
इंजनों,124
पहुंचेगे,28
केदारघाटी,38
तैरने,145
उठवाया,50
देवशरण,32
महात्म्य,34
पककर,189
रगड़,112
सम्बोधन,95
मनचाहा,11
नगाड़ा,63
प्रेमवीर,32
आंकडे़,117
सुखों,91
घनघोर,26
शरणम,138
अनुशरण,94
करेंगें,140
देवालय,174
रॉकेट,145
कसमें,71
झपटा,69
तलवारें,104
कारज,187
पेटेंट,100
भूचाल,24
कार्यकलाप,100
हमसफर,185
इत्तफाकिया,169
लड़ता,43
अपवाद,39
दुनी,138
विजयश्री,43
असलहाधारी,164
जंजीरों,92
कोण,37
भौचक,69
असाधारण,37
फैंक,50
अवांछित,31
कुचलते,171
वैसाखी,193
अम्पायर,110
कुपवाड़ा,126
कलयुगी,1
रहनेवाली,87
वारे,138
लेप,123
सुशिक्षित,55
जर्जरता,31
दहाई,89
गड़बड़ी,16
गीले,188
कटवाया,50
लहुलूहान,35
भिड़,35
असंतोषजनक,31
देखेगी,51
मुखौटा,62
भईया,0
कलेंडर,198
घिरता,177
थमे,188
अंगिका,149
देवियों,38
जगने,177
स्वरूपा,38
शुभचिंतकों,192
कुकृत्य,66
चप्पलें,62
आपदाग्रस्त,146
अनियोजित,31
त्रेता,29
पुस्तकालयों,192
सरायतरीन,169
जैनेंद्र,149
आइआइए,12
कंपकंपी,112
मजनू,54
मानदंडों,88
सफदरगंज,17
बहाकर,188
झगड़ने,180
गोधाम,187
सतनारायण,36
बढे़गी,31
मालगाड़ियों,124
प्रदर्श,117
दीवानों,192
धवल,29
खरीखोटी,69
शामलात,17
अंगूठियां,116
छिपाया,93
अमोनिया,72
ग्रामीणांचल,139
चप्पलों,62
विभू,27
निहारते,171
उड़नदस्तों,52
खुलेंगी,51
युवको,70
संवेदनाएं,4
गुजरेगा,140
इजाद,84
जन्में,55
किस्सा,111
जुड़वाने,180
सहते,26
सीबीसीएस,2
वसूलकर,166
राज्यस्तर,52
ठिठुरने,23
फॉर्मूले,88
तीर्थराज,38
दिलेरी,22
बुझी,8
बहरी,87
सदस्यो,52
बिगड़ी,172
कुंवरगांव,17
उलटे,171
किलों,92
रिश्तेदारियों,88
द्वितीया,34
गुनहगार,71
सताती,87
प्रपंच,119
आदम,54
बंदों,184
ब्योरे,117
शासकों,15
नापने,134
सुनती,87
लेटकर,112
बेकरार,185
मानवरहित,145
खुरपका,158
अबूझ,191
पेड़ा,173
गत्ते,103
बेहिचक,39
सलाहाकार,55
प्रशान्त,27
झरने,188
पातीं,87
खलनायक,111
फिनाले,111
पांडु,29
पाईं,87
विवाहोत्सव,34
गिरेगा,140
रक्तरंजित,22
शौहर,54
तंदरुस्त,123
खटखटा,50
जगदम्बिका,36
भीगे,188
सरियों,92
मरना,98
कौटिल्य,149
मिलावटखोरी,74
रसीदें,117
गुने,89
कर्मियो,139
जन्मजात,119
यज्ञोपवीत,34
फूटने,180
दीवानगी,185
बालूघाट,17
जिहाद,184
संरचनाओं,88
साइफन,122
अंधापन,31
रखवाए,50
समेटकर,171
स्थिती,31
राजसी,15
भटकाव,31
सावरकर,22
विर्मश,136
घटाव,31
ठण्ड,23
खार,189
मीन,29
अपराह्नं,169
उभरती,87
शिवम्,27
पकड़ती,69
चौड़ा,76
मुफलिसी,65
भ्रांतियां,4
सेवाकर,166
सेनाओं,126
बताईं,182
मर्द,1
पॉलिथीन,68
सूदखोर,74
चटका,112
सजधज,62
गुब्बारों,92
स्वयंभू,55
अशुभ,31
दागने,104
एकबारगी,39
कार्यक्षमता,37
क्षेत्रो,75
वर्तन,119
प्रतियों,117
निरपेक्ष,37
उपचालक,169
जमावड़ा,177
विश्रामागार,45
चाव,173
आवेदनकर्ताओं,52
ग्वाला,29
पितामह,149
समाजसेवक,55
देशप्रेम,22
पहुंचाएगी,28
बीतते,198
बिल्डिंगों,92
दादू,138
मंत्रिपरिषद,125
गेहूँ,30
सजना,138
पढ़ाकर,183
सदाकत,54
राजतिलक,149
तदोपरांत,187
जहान,185
पायलटों,145
डॉक्यूमेंट्री,111
समाए,133
बटों,104
प्रयोजन,100
चिल्लाना,98
प्रियव्रत,36
कड़वा,172
आकांक्षाओं,88
मुवक्किल,186
नृपेंद्र,27
सफेदपोशों,74
पाँच,89
कुप्रथा,109
सीरत,54
देवस्थान,41
केंद्राधीक्षकों,139
कत्लेआम,70
मोतीचूर,17
मिटाया,93
सर्जनों,90
छन्ना,68
अतंर्गत,52
मालियों,92
सटकर,171
थोपने,180
बताएगी,51
कंपा,65
संबन्धित,100
मुंडू,143
तृप्त,91
रूबीना,54
स्वीकार्य,37
गिनी,149
योद्धाओं,192
सबंधित,100
ज्ञानवर्धक,60
भाईचारगी,58
मंडराता,171
शयन,187
दिशानिर्देशों,135
रंगबिरंगी,13
उमड़ता,196
वित्तरहित,146
चिन्हांकन,52
सतयुग,29
वेतनवृद्धि,52
संवदेनशील,66
थोपे,135
जमानतीय,186
पूंजीवादी,132
घुटन,26
उतराता,171
फतवा,71
गढ्ढे,9
तोरणद्वार,174
नबाव,113
मंडियां,116
अल्पावास,169
शोषितों,75
मनुहार,153
फेरों,1
बिसाही,169
पेठा,173
दखलंदाजी,66
निकहत,54
मणिभूषण,36
धकेलने,180
देवालयों,92
व्यवसायीकरण,74
गणेशोत्सव,193
़जमीन,169
चुस्की,103
योगगुरु,162
बांधते,171
डिप्स,2
छंटने,177
ताजे,123
टैक्सियां,124
अनसुलझे,191
रामायणी,36
दासी,119
थानाप्रभारी,139
विद्युतकर्मी,139
लौटेगा,140
थके,171
टहनियां,189
साजिशकर्ता,70
कितनों,192
सेबी,166
टकराए,127
बला,69
पट्टियां,116
फलां,181
छटनी,166
जरुरतमंदों,108
मिलाए,103
प्रहरियों,139
रचते,84
वफादारी,58
ढेला,9
हलवाइयों,92
झाड़,189
करायेगा,140
बंधों,92
फाड़े,190
रचयिता,149
पंहुच,28
सरिये,104
आत्मप्रकाश,36
खाताधारी,131
अधिगृहित,166
विभूषित,91
अंगीठी,8
भूगर्भीय,100
झाड़ते,190
गिनाने,180
खलती,177
ऋणों,166
डालेगा,140
तलाकशुदा,1
प्रत्यूष,27
देनेवाले,91
त्यागराजन,36
ताव,69
लटकाकर,50
नीतिया,132
कछुओं,29
विकृति,31
स्थानातरण,100
आदमियों,192
विशुद्ध,37
पूर्वाहन,95
घेरेंगे,49
गन्दगी,68
भ्रांतियों,88
बूढ़ों,192
पिछड़ता,172
डायलॉग,111
घूरा,69
जिज्ञासु,55
प्रभुनारायण,36
वजनी,134
भण्डारे,41
दादागिरी,66
विजयदशमी,193
जनाजे,184
स्मृतियों,88
पल्लेदारों,139
दुरंतो,124
पदचिन्हों,192
पहाड़ों,76
संवासिनियों,139
अधीक्षिका,42
टरबाइन,145
खूबियां,4
दुर्भावना,66
रक्षामंत्री,125
पुलिसवालों,164
सुधारे,172
बाबूओं,7
भारोत्तोलन,110
यूनाईटेड,2
छेड़छाड़,66
सूअरों,158
मॉड्यूल,100
बिखरने,185
चिन्मया,162
बागची,27
एथलीटों,110
संकरे,76
महानता,94
गटक,103
पोत,145
वैशाख,34
सिद्धिदात्री,38
वामदलों,43
पोस्टआफिस,117
अंताक्षरी,44
खामिया,4
फैलाएं,147
दिलवाना,98
थैलों,103
शांतिमय,91
कड़ाके,23
वाचनालय,41
निखरती,133
फॉर्मूला,2
जुलूसों,92
रंगकर्मियों,192
मकबरे,174
उन्नतशील,30
ठूंसकर,50
बेदखली,35
हटेगी,51
अम्बाला,149
विधिविधान,34
न्यारे,91
बैठाना,98
स्वाध्याय,162
फरमाइश,153
जनपथ,174
नेत्रहीनों,108
आध्यात्मिकता,94
सतीष,113
वर्षापात,169
शहजादी,54
गोष्ठियां,95
गजक,173
विध्वंस,31
अराजकतत्व,139
सेवापुरी,17
सरजमीं,22
पुर्ननिर्माण,174
मछुआरे,145
यथोचित,37
राजकोट,149
अगुवा,132
जलभरी,188
शंकाओं,88
धोया,103
मनू,113
भद्दा,66
मूत्रालय,68
थोपा,66
कृपालु,162
भाजी,173
मैत्रेय,29
सेवायत,38
उदारवादी,132
दिशाहीन,132
खोलता,171
फली,189
इंद्रियों,142
घूमी,87
ददरी,113
कब्ज,123
धब्बा,84
उतारें,147
सजती,87
कारीगरी,174
भैरवी,38
जोरी,138
पनपते,171
एकलौता,1
गौरवमयी,58
बदलवाया,141
मसरूर,54
डरकर,35
चूर्ण,123
बिछड़े,185
गुंजा,63
बटवारे,88
लम्बाई,89
महंतों,15
अनन्य,14
जिंदगियों,65
बिजनेसमैन,55
संजो,133
असेंबली,2
झूलती,87
भरोसेमंद,55
पदमुक्त,136
सचित्र,60
गेस्टहाउस,41
पापी,119
माताजी,1
आत्मानंद,162
तने,189
केन्द्राधीक्षकों,139
विश्रामालय,41
आरोपियो,70
गुजारते,171
छुड़ाने,180
बेझिझक,59
उबालकर,123
शब्दावली,100
कम्प्यूटरीकृत,100
हड़तालियों,136
निर्वाध,100
जेबकतरे,164
किफायती,100
धुंधली,13
हुड़दंगियों,92
मान्यवर,55
पशुपतिनाथ,38
सुधरेंगे,140
अरसा,177
अभिलाषी,91
पराक्रम,91
सांडों,149
निरजन,169
अयोजन,95
मूंछ,62
युनुस,54
रंगशाला,41
मरम्मतीकरण,45
क्षेत्रांतर्गत,17
ढोते,171
नोबल,149
घटाया,166
दुल्हा,1
पोलियोरोधी,169
संवाहक,55
छूटते,171
परचा,117
बैठाते,171
अधिष्ठात्री,38
पहुचेंगे,28
नजमुल,54
वृत,187
पदचिह्नों,88
नहलाने,180
सहतवार,17
ठूस,103
इकाईयां,116
पीपे,103
धुआंधार,111
झाड़ने,180
देवाल,17
बढ़वा,166
उमड़ते,196
प्लाई,2
अचूक,123
कड़क,190
सेंक,8
तौला,134
मनचाही,11
पंडिता,143
सूर्योपासना,34
राहे,185
जमावड़े,177
जताए,39
टोपियां,62
प्रतिभागिता,44
नेताओ,7
पीया,103
बसाई,182
मंगलकामना,193
जटिया,32
महीन,112
जहन,185
बाड़ा,9
न्यारा,91
बेईमान,7
महापरिनिर्वाण,162
नुपूर,143
पढ़ो,0
रूची,37
रुपाली,143
पर्चो,117
उपनियंत्रक,169
सुमति,36
प्रचारिणी,95
स्थापन,100
बटाई,9
चारित्रिक,119
टकसाल,174
भटकाने,84
उजाड़ा,35
खिलाते,173
विरंची,138
कुंद,104
मदारी,111
बेंचों,92
गुणी,55
गुलदस्ते,133
रेलनगरी,17
समन्वित,100
तसर,30
प्रेमानंद,36
खिंच,112
कशमकश,177
निर्जन,76
आमलोग,132
आदिनाथ,38
शत्रुधन,36
छिन्न,31
त्रिमूर्ति,29
प्रक्रियाएं,4
चक्रपाणि,36
झटक,69
निभाएगी,128
पिघल,188
नवाचार,100
उड़िया,149
कर्मठता,58
ट्राफिक,2
दर्शनी,41
सुझाया,39
कड़ाही,173
कुक्कुट,30
फुफेरे,1
कहिए,39
उठो,0
पीताम्बर,29
खाये,173
लगायें,147
चुनते,39
कुवंर,113
सुधरा,172
मंजिले,174
आहुत,187
कहो,0
लिखावट,60
याचिकाकर्ताओं,186
विषैला,72
पढ़ाता,183
कंजूसी,11
जन्तु,29
ताती,138
फीसों,74
बुद्धिराम,36
किलोलीटर,89
जड़कर,69
रुबरु,111
विडम्बना,66
कानी,69
देवयानी,143
उंगलियों,112
आवरण,60
चरवाहों,192
कानन,143
कृतज्ञता,91
अधिगम,100
सट्टेबाजों,74
अद्वैत,149
हालंाकि,39
हरख,113
चीरा,112
जताना,98
जीर्णशीर्ण,174
पादुका,38
उड़ाये,47
तेइस,89
जेबों,11
झूलने,24
गुरुपर्व,193
खिलाना,98
आवेदनपत्र,52
झंकार,63
टालते,39
मनाती,193
देखिये,39
जनसंघर्ष,132
उद्घोषित,154
डिजाइनों,92
सोसाईटी,2
मोहल्लावासी,17
पुर्नगठन,125
फुल्की,111
बगलामुखी,38
टलने,177
दखलअंदाजी,66
हरगिज,71
खोखली,87
लौहनगरी,17
रहंी,16
डलिया,103
बेरहम,65
बंधने,180
उखड़े,190
झलकी,177
भूलें,147
मीठापुर,17
दायीं,29
खेमराज,32
कयासों,88
कपट,119
अपनायी,182
बढे़गा,49
मंधना,113
किवाड़,112
तत्कालिक,31
दिवाना,111
सीलबंद,103
बुलाये,136
विजयगढ़,17
मस्तक,112
निराले,133
भोगना,98
मनाता,193
चादरों,92
नाको,2
निर्वासित,192
नर्तकी,143
बारूदी,126
प्रौद्योगिक,100
पुष्पों,189
निरंतरता,37
जड़ा,50
दुग्धाभिषेक,34
खूंटा,9
वर्ण,119
सन्यास,162
छेड़छाड़,66
पुनर्मूल्यांकन,154
शोधकर्ता,55
कसनी,112
तीर्थस्थल,41
कराहती,65
धोबीघाट,17
अफेयर,1
गिरनी,24
विश्वरंजन,36
बिलखती,65
नोकझोक,177
परदा,112
अफगानी,126
चोरीशुदा,164
अफ्तार,184
बकायादारों,139
घसीटकर,35
आतिफ,54
गुमसुम,177
सिवाए,39
पीरजादा,54
वफा,185
खिलाडिय़ों,110
नायिका,143
विकासखंडों,52
तांत्रिकों,192
बुत,185
शर्तें,4
हिमस्खलन,126
किरदारों,111
विघटन,31
नसों,72
सोयी,87
महलदार,169
बनवाते,50
चक्रों,88
मिस्ड,2
उत्सवों,193
भेट,153
पैना,104
सगा,1
भतेरी,138
कमलाकर,36
चयनमुक्त,146
भौंचक,69
पूर्णानंद,36
तार्किक,37
कुल्फी,173
चहक,133
खिलाए,173
कठायत,113
रजिस्ट्रियां,117
घेरते,171
अजंता,149
वशीभूत,119
पुस्तैनी,75
पूर्णचंद्र,36
हाकिमों,15
पावती,117
अखरोट,123
मारो,0
खच्चरों,92
टेपों,70
उपप्रधानाचार्य,42
फूलमालाएं,116
गिराना,98
छिपाए,171
आलोचक,55
दुखदायी,26
फलाफल,187
प्रतिद्वंद्वियों,43
हड़पे,16
डेरवा,17
दोषपूर्ण,31
चुकाया,166
नागार्जुन,149
ब्रह्मालीन,162
डैनी,27
सोचती,87
उदारीकरण,132
बाजारवासियों,139
धामों,94
झाडि़यों,92
आमीन,54
वीकेंड,111
मृग,29
संयोगवश,39
समाचारों,60
पुकारते,171
जहांआरा,54
तकादा,11
मारूफ,54
स्थगनादेश,186
छापर,113
लूटते,11
पटका,69
तानाबाना,132
जनतांत्रिक,132
डाककर्मी,139
अवैतनिक,42
सिखाये,183
धनौली,17
घराती,63
मकरंद,27
सारंगी,63
फहराएंगे,159
निरकारी,146
सरे,84
स्टूल,112
सजदा,184
रुकेंगे,140
चाहेगी,51
राजमा,173
विद्वेष,66
रूपेण,37
चौमुहां,17
कव्वालियों,184
कसक,185
ओढ़े,62
नुस्खे,123
योजनायें,4
एकाग्र,91
सरीखा,111
परीचौक,17
इश्तेयाक,54
झांककर,171
सुराही,103
पादुकोण,143
घनत्व,100
वारा,11
राजलक्ष्मी,143
बीजा,189
यांत्रिकीकरण,100
दिनदहाडे़,164
पाखंड,84
खेलेगी,51
हस्ताक्षरों,117
पके,173
पौष,34
पद्धतियों,88
आक्सफोर्ड,149
अगम,138
देवो,162
बिरयानी,173
पहनते,62
प्रोमोशन,2
बायपास,76
सिद्धपुर,17
जनसुविधाओं,108
अलंकरण,37
मंजूषा,143
छिटक,24
सुयोग्य,55
नानकी,1
वृतांत,60
यौगिक,72
अलताफ,54
निहत्थे,126
परंपराएं,4
आधारहीन,66
गलने,123
बिठाए,171
परखचे,47
सर्वथा,37
जताएंगे,49
आटोरिक्शा,124
डोले,138
मुहल्लेवासी,139
हस्तलिखित,60
इहलीला,187
गिनने,180
गरुड़,29
पिछड़ापन,75
अधिकरियों,52
झेला,26
महारथी,55
कटुता,66
गुड़,173
घमंड,119
कैलाशी,36
रिफलिंग,122
उखाड़े,9
उगलने,8
सुनाएंगे,140
तारीखें,4
जानेमाने,55
आयो,138
बौने,189
जांचकर्ता,100
संबंधन,100
अपनाये,147
गौण,37
शोरी,32
वनभूमि,30
बालियों,92
ईजाद,84
त्रयोदशी,34
हेलिकॉप्टर,145
निपटाना,98
बढ़ाव,31
कुम्हारों,75
हैलीकाप्टर,145
मुददे,136
झोंककर,35
गर्माया,93
पछतावा,71
छात्रायें,6
व्यसन,119
दिहाड़ीदार,40
अहम्,58
दिली,185
अहंकारी,119
सबंधी,100
कुर्बानियां,22
मंजिलों,92
करायेगी,51
रामभक्त,162
कंडे,9
मावे,173
बतादें,39
सर्वाइकल,144
तुमको,0
जनभावनाओं,88
प्राधिकरणों,52
प्रणामी,162
सिद्धी,91
पृच्छा,186
अप्राप्त,91
गड़ा,190
नाहक,69
चिह्नों,88
सांसों,185
शुरूकर,98
सहर्ष,153
केसाथ,177
फुर्ती,69
मानविकी,21
बंधुत्व,94
सुनीति,143
प्रबंधकारिणी,42
गौरक्षा,70
दुत्कार,66
अलकायदा,70
काटती,87
ज्ञानमती,162
स्ववित्त,6
चुटकुले,111
आगबबूला,69
अगामी,198
तना,189
लहराए,159
आयातित,19
जीतो,0
घोलकर,103
शीतलहरी,23
दिलेर,54
कैलोरी,123
गौड़ा,113
पिरोने,58
खरीदेंगे,51
सत्याग्रहियों,85
घोंपा,104
धनवान,11
जलार्पण,34
मरता,65
कड़कड़ाती,23
सूपड़ा,43
टिप्पणियां,4
संगर,138
अगाध,91
पहचानना,98
अपरिचित,37
धकेला,35
मेडलिस्ट,110
इष्ट,91
दूकान,19
कड़वी,123
उछला,24
बेचें,19
जोशियाड़ा,2
आंवले,123
समुंद्र,29
अपनाएंगे,140
देही,138
गहराती,177
सहस्रधारा,29
लूंगी,86
बूचड़खाने,74
आद्रता,188
पक्षपातपूर्ण,66
बजता,63
रामध्यान,36
तूती,63
लीलाएं,133
दनादन,69
तख्तियों,92
मतभेदों,88
बिखेरेंगे,51
दमनात्मक,66
गुमानी,138
बारातघर,17
पिलानी,183
नैसर्गिक,156
उदभेदन,122
मुजरिम,71
सरंक्षक,42
पुनर्गठित,154
मूर्छित,29
रूठे,193
चलचित्र,111
श्लोकों,162
गफलत,177
अवेहलना,135
बैरियरों,139
जयललिता,111
जलना,8
घिनौने,66
बिजी,2
मनबोध,113
जलाये,8
एसआरपी,2
सुखाकर,103
शाहिदा,54
चमड़े,62
सक्रांति,193
नामांतरण,186
आंखमिचौली,170
प्रोडक्ट्स,2
अभयानंद,27
अलोकतांत्रिक,66
शुभांरभ,95
लेड,2
मोहल्लेवासी,139
दम्पति,1
स्लेट,183
केमिकल्स,2
भट्टों,92
अड़े,136
चलवाया,50
शहजादे,54
रुकवाई,50
निराई,30
सैम्फिल,12
तुड़वाने,180
सताए,65
आरडब्लूए,2
ढहाए,35
गिरीराज,36
देवगण,29
अनुसंधानक,149
जलवाए,50
नत्थूलाल,32
रुकता,171
पदार्पण,149
पोलीथिन,103
ढाकी,113
रगों,188
चट्टानी,76
कतर,11
खूबी,37
विलोपित,154
नमस्ते,143
निहारने,133
खातेदार,166
बसते,181
चेकें,166
टमटम,138
कसूरवार,71
इलायची,123
नंदादेवी,38
छिलका,123
स्वरचित,60
जूझती,87
सूरमा,43
डिग्रियों,6
अंडमान,149
रहूंगी,86
बैंकिग,100
आवश्यक्ता,154
पिटे,69
मातृसदन,162
ढाया,65
भराया,93
जलालत,65
हैें,39
उपमण्डल,42
भूखों,65
औकात,7
पुरुस्कार,95
क्यारी,189
चिट्ठा,60
बदनीयती,84
हुलिए,164
कुंडों,92
इनदिनों,177
निकालेगा,140
शिकवा,185
विधिपूर्वक,34
भांपकर,177
बेलघाट,17
संकुचित,119
शिवांग,27
वनरक्षक,139
मैथिल,149
रिहायसी,174
पहरेदार,126
प्रदर्शनियों,95
विप्र,36
गाँधी,149
चेला,138
अंडों,92
छलका,188
पाकड़,189
सेवाभावी,55
भंडारित,30
आबंटित,166
मुक्केबाजों,110
वृष्टि,188
खुदवा,50
समझाबुझाकर,136
सुफल,187
घबराई,87
प्रोद्योगिकी,100
पुनर्मतगणना,45
संजोया,133
बोलेंगे,140
हौजखास,17
निर्ममता,66
तबकों,75
राहें,185
अमादा,71
चुटैल,113
इतवारी,17
पुर्जा,117
डिजायन,2
ढाले,62
खिलाडी,110
जड़ने,190
हिली,24
बैलट,117
अब्दुस,54
चुन्नु,138
वेश्यावृत्ति,66
गागर,188
मिलाना,98
लड़ियों,92
आरे,112
बनायेंगे,140
सिंघाड़ा,123
गोवंशों,139
कुल्हाड़ी,104
अछूती,87
बंधनमुक्त,146
मुकरने,180
पाटीदार,32
अनुजा,143
देखेगा,140
जीवात्मा,91
घिरने,177
मुनकाद,54
अवांछनीय,66
नत्थूराम,32
घराना,15
जेबकतरों,164
जिज्ञासाओं,88
भाबर,17
हांडी,173
ध्वनिमत,136
घटनायें,4
पहलु,37
मंाग,136
पनबिजली,122
कमलों,29
बौआ,113
चरवाहे,9
मेढ़,9
थामी,112
आर्थोपेडिक,90
संताप,26
समभाव,94
चित्कार,26
मद्यपान,119
लहराकर,159
शेडों,92
मल्टीमीडिया,2
पहुंचाएगा,28
गंगेश्वरी,17
सडकों,76
मालन,113
पारकर,112
झाकियों,92
उन्ही,181
बेइज्जत,71
पर्सनेलिटी,2
गिनाए,39
चिन्मयानंद,36
स्वान,2
नवजातों,144
सींच,189
अन्नदाताओं,75
जिलावार,52
भेदभावपूर्ण,66
झूमा,63
भीगा,188
रूधौली,17
निर्मोही,138
गुजरेंगे,49
ताकते,171
मामू,54
कूल्हे,112
पालते,171
गड़बड़झाला,172
स्वायत्तता,132
लपेटकर,103
उड़ाई,47
किसलय,27
मतपेटियां,116
मल्हन,32
प्रार्थियों,52
सिसक,65
पुनर्जीवन,58
बहसबाजी,177
ढालने,180
सिखाएं,147
मर्यादित,37
त्रियुगी,36
शरणस्थली,174
छठें,198
पुष्टी,39
सुरा,187
निचला,112
गाड़कर,9
श्रीराधा,38
धमकाना,98
बिताते,171
सस्वर,63
गर्जना,29
उठवाकर,50
विवेकाधीन,125
पुरखों,15
साक्षरों,75
चिरंजीवी,36
रोकनी,182
भांबरी,110
परिसंपत्ति,166
कुर्ती,62
मांसपेशियों,72
हलुआ,173
सिमेंट,2
महानगरी,149
समझौतों,88
बाल्टियों,92
कूड़ेदानों,92
महाभिषेक,34
गंवारा,98
पिचकारियां,116
खिल्ली,47
दुधिया,13
अजेय,91
दुर्गोत्सव,193
नौकायन,145
मालिश,123
जुगाड़,11
ओलम्पिक,110
ललकारने,180
त्रि,29
सुधारें,147
देहदान,90
शूर,187
उमड़े,177
रचनाकारों,192
शीतलता,188
ढांक,112
तीरंदाज,110
मिथ्या,119
ठिठक,171
रूकावट,31
स्याह,185
सपाटे,177
तल्लीन,91
बीजोपचार,30
द्रवित,26
ठहराए,71
यकीनन,39
फूलगोभी,189
चूड़ियों,62
उड़ानों,145
ब्रह्मचारिणी,38
मांसाहारी,29
कटना,98
फिजीकल,2
लेबिल,117
कामेश,27
धोते,171
वहशी,65
कैथा,113
सदमें,26
मोटरसायकिल,124
अपनानी,182
क्रमबद्ध,37
पहचानें,147
चिकनगुनिया,158
छपवाने,60
बालगृह,41
समझाएं,147
ज्वालागंज,17
निकालता,93
पछाड़ते,43
सीसीडीसी,2
सलीके,133
युगलों,192
प्रस्वीकृति,45
खरबूजा,189
तपेदिक,72
कयामत,185
हटवाना,98
घोटकर,103
नापजोख,122
प्रतिस्पर्धाओं,44
रथों,92
लाडोवाली,169
तिरछा,112
अतएव,119
जोड़ेंगे,49
सनबीम,113
पुस्तकालयाध्यक्ष,42
मेवे,173
स्पर्धाएं,44
ताबड़तोड़,164
लोकलाज,66
जगराता,38
सेंकते,171
लंबू,190
झलकियां,111
भौतिकवादी,94
उफनाई,122
आशंकाएं,4
कब्जेदार,92
बौछारें,188
कृतसंकल्पित,58
जनाधिकार,125
शौचमुक्त,146
जनआंदोलन,132
गदा,104
दौड़ाए,83
निपटाते,171
हत्याकाण्ड,70
टांगे,112
खोलती,87
जेआरएफ,96
बंधनों,119
तनावग्रस्त,31
खाओ,0
मेड़बंदी,45
जनोपयोगी,100
सोचनीय,172
आधारकार्ड,117
मटमैला,188
डेसीबल,149
क्रीड़ाश्री,110
श्रद्धांजली,22
ठुमरी,149
पूर्णरूपेण,37
खैराती,54
खोते,171
खातिरदारी,153
बुझे,8
इंद्रभूषण,36
महापुरूषों,94
बिपाशा,143
घग्घर,122
दिलवाले,111
खिलाएं,147
मुद्राओं,88
क्लियरेंस,2
दर्शनार्थ,41
बरातघर,12
पैदाइश,185
जोडे़,50
कांपने,24
महीप,32
छुड़ाए,35
ताजगी,133
दुआओं,185
गीतांजली,143
अग्निपरीक्षा,43
कामनवेल्थ,110
बगाहे,171
गुड़ाई,30
निभाकर,128
तैरती,87
चलिए,39
अठखेलियां,133
मंत्रोचारण,34
जेएसपीएल,2
उछाला,93
गुरुमुख,162
शिकन,112
सैन्यकर्मी,126
क्वायल,2
कवियत्री,143
इमानदार,7
बुझाना,8
विशम्भर,27
फेकने,180
हेर,84
बाटकर,43
सजेगी,63
खटपट,177
शेरकोट,17
थकावट,31
फंसती,87
पैंतालीस,89
पिटता,69
साधकर,84
कैमिकल,72
झाड़फूंक,84
अदाकारी,111
समस्याओ,88
म्याऊं,69
उठेंगे,140
जाएंगें,140
संशोधनों,135
कबाब,173
अप्राथमिकी,186
आरएमएल,90
इत्मीनान,177
निपटेगी,49
तैराकों,110
नौलखा,174
अधिनियमों,135
कर्तव्यनिष्ठ,55
ठाठ,62
टूटेगा,140
ह्रदय,91
इन्तजार,154
अनसुलझी,191
गणितज्ञ,55
कृपाण,104
सराहते,171
मूल्यवान,37
धर्मगुरुओं,192
दरिंदे,65
बफर,2
डालडा,173
अणु,72
रमानी,27
पहुँचा,28
ठहरते,171
ब्राह्मणी,29
रेगिस्तान,76
बतलाया,93
बंदूकें,104
खरगोश,29
सीखकर,183
सफेदी,123
भवनहीन,55
सुतली,103
अधिवक्तागण,42
शून्यकाल,136
मुलाकातियों,192
अष्ट,38
तिरस्कार,66
प्रतिशतता,166
मुख्यमन्त्री,125
झूलकर,112
छत्रधारी,36
पंजों,112
दवायें,72
हजाम,138
अखर,177
जन्मदाता,149
उखाड़,35
महंतो,162
भूतत्व,100
रपटा,122
बिगाड़ी,172
बिछड़,185
व्यवसायों,192
डांटने,69
शहतूत,189
चश्में,62
दुल्हे,1
परिंदों,185
चीखते,69
भागमभाग,177
गवारा,98
छापी,60
खंगालना,98
प्राचीनतम,21
बमबारी,126
महामंडल,95
गोभक्तों,192
स्वजातीय,75
भाऊपुर,17
ओहदा,7
बिलखने,65
खाताधारियों,131
रिपुदमन,32
नुपुर,143
ईगल,2
केंचुआ,30
पिछड़ी,75
उतरवाकर,50
नाथी,113
जीवनलीला,91
पत्रलेख,169
मांझे,104
होंठ,112
विजिटिंग,2
प्रतिष्ठापना,94
राजेसुल्तानपुर,17
काठी,112
सुरुचि,37
इंतजामात,45
मार्गाें,122
रेंगती,87
उबला,173
परामर्शदात्री,42
लौटता,171
चीखें,65
अंतर्कलह,43
निवाले,173
अमुक,39
न्यायवादी,42
किंगफिशर,145
नेतागिरी,7
फोड़,50
सत्ते,7
देशविरोधी,132
गृहमंत्रालय,125
थमाकर,50
जोट,138
स्वर्णलता,143
पीड़िताओं,70
उजियारा,13
फलाहारी,173
मेंबरशिप,117
सुहाने,185
शिक्षाशास्त्र,6
पिटायी,50
वसा,72
नवचेतना,58
श्रद्घालु,34
दुगनी,89
पैंसठ,89
टोटियों,92
फटाफट,147
विश्वबंधु,36
हैण्डपंप,122
जकड़ा,112
कौआ,69
जटा,187
मुखालफत,84
दरिद्र,61
ज्योतिसर,38
चरमराने,24
दरख्वास्त,153
नौरंग,113
प्रस्तावकों,42
कहानीकार,55
कमाही,17
फुहारें,188
करदाता,166
अटपटा,39
तारो,13
इसलाम,184
फुलवारीशरीफ,17
कुंठित,66
निकटस्थ,149
उड़ी,47
लॉरेंस,2
घुमाते,171
जनसेवकों,7
सौभाग्यशाली,91
आंखमिचौनी,170
किश्तें,166
सहोदय,2
लाइसेंसधारी,186
भेंटें,153
जनेऊ,62
गंवाई,65
ज्योंही,29
पसरे,171
झोंकों,188
मरीजो,90
पूस,23
पैमाईश,9
चुक,39
लाडला,1
बाबाजी,162
चावलों,173
उखड़कर,24
मुद्रित,60
सबद,138
स्वर्गवास,1
पड़नी,182
शांतिप्रिय,55
हरदम,185
खेसर,113
पढे़,60
पाणीग्राही,169
आतिश,54
ग्रामसभाओं,52
राजनयिक,125
निर्माणी,100
उकसाया,93
संवेदन,37
बरसाकर,35
तेजस,145
गुजरकर,76
खींचना,98
लड़ें,43
आंतकवाद,132
फुरसत,177
बत्तीस,89
मालगुजारी,166
थानो,139
भज्जी,69
छाले,123
पिटने,180
सरकारीकरण,52
रोड़ा,84
वनवे,16
बरबादी,11
नाड़ी,72
जीवनकाल,149
बसाए,174
बहुद्देश्यीय,100
लेगें,140
रिस,188
बेइज्जती,71
उलझता,191
मूकबधिर,183
मस्तानी,143
विनिमय,100
लंबरदार,32
गोरखाओं,15
जत्थेदारों,139
अग्रदूत,149
गूंगा,69
बसती,87
कटु,66
लौटाना,98
दरारों,92
ईमाम,184
आंदोलनात्मक,132
नावें,145
एबीएम,126
कलरव,133
जगतगुरु,162
संगति,119
चखने,173
जीवनभर,91
जयते,111
गूढ़,37
रचे,149
तड़तड़ाहट,69
द्वारचार,41
बर्फीले,29
कुरियर,2
भागती,87
गूजर,32
भण्डार,100
तीर्थो,162
तुमसे,0
वानर,29
जातपात,66
विवाहिताओं,139
शेषनाग,29
खेलप्रेमी,110
काव्यपाठ,95
फूंकते,53
विष्णुपद,38
बोए,189
व्यस्क,75
अक्षम्य,66
तौलने,134
पेंशनधारक,52
बसंतोत्सव,193
तोड़ी,182
जिलेवार,52
विनियोग,100
नटखट,133
लूटना,98
दुबारी,17
झलकता,133
झूलाघाट,17
गुरुजन,162
घुमाकर,171
लालिमा,133
सासदों,136
पोस्टर्माटम,45
अनुवादक,55
तबदीली,185
कायनात,185
नाजनीन,54
फेकू,190
खानाबदोश,75
स्नातकों,6
मंदर,138
टीकों,72
जगदंबिका,36
अपव्यय,11
स्नानागार,41
जाऊंगी,86
धर्माचार्य,162
दंगाइयों,70
पूजे,38
धूलिया,143
नहला,188
राजनीतिशास्त्र,132
शम्भु,36
देहातों,75
बटोरे,11
मैग्जीन,60
दुहराया,105
उलझते,191
जनहितकारी,58
आइएपी,12
पहनाए,62
व्यापम,74
खानों,92
मातृशक्ति,94
सुन्न,112
अदूरदर्शिता,66
वसीर,113
कसीदे,184
मापा,93
बेचेंगे,19
गौशालाओं,41
डाकू,164
भाड़ा,166
खोजकर,60
मति,138
संक्षेप,37
वर्दीधारियों,139
प्रतिद्वंद्विता,88
जर्दा,103
प्रविष्ट,154
मुरब्बा,173
अग्निकांडों,158
भाषाई,21
नमित,27
उल्लेखित,154
इंटीरियर,2
पंट्टे,169
चमकी,13
फेरने,180
प्रश्नोत्तर,149
कुंभकार,36
फोटोग्राफरों,192
दंडवत,171
आपलोग,39
छायाकार,55
सजातीय,100
भड़कने,177
सन्त,149
फूली,87
हड़बड़ा,69
घोंटने,180
फारुखी,54
सेमिनारों,95
उपमंडलीय,139
ठूंठ,189
अंतिमा,143
सिरदर्दी,45
फटते,188
नवमीं,34
लहंगा,62
सरंपच,113
इन्सान,65
परिपाटी,94
जुलुस,63
वायुयान,145
अपूर्णीय,91
पकाई,173
कबूतरों,92
घोड़ा,29
सुपरस्टार,111
गोधना,113
करनेवाला,154
वरमाला,62
प्रतिनिध,42
कालचक्र,94
हैपेटाइटिस,72
जोड़ों,72
भरवाई,50
जिद्द,180
सरहदों,185
प्राणप्रतिष्ठा,91
सहा,26
आपलोगों,39
भूड़ा,16
चौमुखी,38
व्यस्तम,76
घोटालेबाजों,74
पूछो,59
लौटती,87
छोड़ती,87
क्षेत्रपाल,32
तीर्थयात्रा,41
मोड़कर,112
रस्मों,94
अधजला,9
झण्डी,62
उद्भव,149
नगरपर्षद,169
संचिता,143
शनिचर,198
आखरी,198
तपोस्थली,38
झड़पें,126
कसेगी,74
ममेरा,1
सहानुभूतिपूर्वक,66
कोकीन,103
भेदी,29
बचित्तर,32
अलगाव,88
मुरझाए,189
घूसखोरी,74
वृद्घ,41
प्रत्यारोपित,154
गठरी,112
करमापा,93
पितांबर,32
विश्लेषक,55
टांगों,112
जगमेल,113
खराबा,35
दिवार,174
रटाया,93
विफलताओं,88
अक्स,185
निवर्हन,45
मनवर,113
वृद्धजनों,192
भण्डारण,100
कथाएं,4
दयानिधि,36
कार्डियोलॉजी,90
साधी,87
उपाए,123
अर्धशतक,110
पूंजीवाद,132
शर्मिदा,71
कुट्टी,173
जुआं,110
शरदोत्सव,95
भिजवाए,161
उमड़ा,177
मरवा,35
उखाड़ी,9
आचमन,187
एंजल्स,2
बेचारा,69
रामराज्य,132
पेशगी,153
कड़ाई,135
कड़वाहट,177
निशानेबाजों,110
बंगलों,92
अभ्यार्थी,6
सुखदेवनगर,169
धड़ों,43
मंसा,138
वत्सल,143
अन्यायपूर्ण,66
फूटकर,188
रिसने,188
फसले,30
कतराती,87
छपवाकर,60
ऊर्जामंत्री,42
टटोली,182
कब्जाधारी,146
घुन,9
बनावटी,84
सूजी,173
उफना,188
खलेगी,51
मांसाहार,94
उभय,187
उपप्रबंधक,42
तलवारों,104
कुश्तियां,116
नवसंवत्सर,193
संस्कारी,1
जंगले,9
विशेषताएं,4
प्रतिभूति,166
गुदा,72
सरसा,138
चतुराई,84
खोता,185
भण्डारा,41
जायगा,140
बढ़ाओ,0
मंगाना,161
उत्तेजना,31
कौस्तुभ,27
कट्टर,66
ऑक्साइड,72
चबूतरों,92
लगाएंगी,51
मसाज,123
रोहिन,27
तुल्य,91
मायकेवालों,1
निर्माणधीन,174
बजेगा,63
वितरणी,45
सुलझाते,191
सूचनानुसार,186
पैकेटों,92
यौनाचार,66
विशेषज्ञता,100
महफिले,184
सौंपनी,182
बिछायी,101
उपनिर्वाचन,42
श्रद्धालुओ,38
गरमपानी,17
ढही,24
महाप्रबन्धक,42
बिंदिया,143
आक्रोशितों,139
थें,39
पंचगछिया,17
लुढ़कने,24
कलाकारी,111
छीनना,98
क्षणिक,31
तैलीय,123
माहवार,166
सुनिधि,143
हकीमों,90
बितानी,177
साप्रदायिक,132
पसीजा,65
हड़पना,11
व्रतधारियों,34
आजमाए,147
चमचमाती,13
शासनादेशों,52
तटीकरण,122
बिन्दुवार,88
हिमोत्कर्ष,42
घबराना,98
सालो,89
विधियां,4
इण्टरमीडिएट,183
विडियोग्राफी,111
काष्ठ,29
सत्तो,32
लड़ाया,43
वामपंथियों,132
परिपत्र,100
कराऊंगा,140
नस्लों,192
जुल्फेकार,54
जागना,98
दुर्जन,119
टैक्सटाइल,2
हाड़ी,138
वासना,119
रौंदने,35
हुड़दंग,177
कार्याे,52
कंप्रेशर,122
अहर्ता,96
आस्तिक,94
संभलने,24
झाड़ा,190
अंशकालीन,6
घुंघरू,63
मंहत,36
आशान्वित,58
खगोलीय,100
पीरों,184
उगले,84
तराइ,17
अदभुत,133
चौकड़ी,69
किलोभार,110
असीमित,37
जनमेजय,27
सभ्रांत,75
पंगा,69
गप्पे,173
ठसाठस,92
घोलने,180
जिताया,43
बादशाही,15
प्रदूषणमुक्त,146
जिताकर,43
दहलाने,70
मदमस्त,133
यतींद्र,36
जनसामान्य,37
रसूखदारों,74
एलोपैथी,90
वांछितों,139
सारांश,60
नुकीले,104
दिलवाकर,50
सुलझाए,191
थप्पड़,69
माइलेज,124
पूर्वाग्रह,66
संजोये,133
जलसंरक्षण,30
नागराज,29
प्रोस्पेक्टस,2
उत्साहजनक,31
हड़बड़ाहट,69
ननकऊ,17
उच्चायुक्त,125
विस्फोटकों,126
अंधेर,71
श्रद्धालुगण,34
ब्रह्मस्थान,41
एनईपी,100
नाशपाती,189
नेत्रालय,90
मुख्त्यार,54
शीशियां,116
राष्ट्रीयकरण,149
रामलीलाओं,21
रुचिकर,37
गेरुआ,62
दबाते,171
संवददाता,42
गुरुरानी,32
मनभावन,133
दूरदर्शिता,37
कार्यशालाएं,95
समधन,113
पिलाए,103
वृत्ति,119
वैर,119
आंवटन,52
सहप्रभारी,42
पकड़ो,0
कंटीले,9
पोलिटेक्निक,6
कथाव्यास,36
आइये,147
मोक्षदायिनी,38
एकाधिकार,135
राष्टीय,125
उतावले,180
कब्जाई,35
अमृतवर्षा,91
लायें,147
बंटाधार,84
शोरशराबा,177
सारिक,54
पीत,29
सप्त,29
पूछिए,59
खोना,98
सहसा,69
महाबल,29
प्रस्तावना,60
शरीयत,184
सपेरा,138
शिक्षाप्रद,37
टॉपरों,6
चमकते,13
हथौड़े,104
सयंत्र,100
लेागों,192
गुनगुनी,23
प्राणि,91
एमडीबी,169
होठों,112
तिनका,112
पाठयक्रमों,6
जिस्मफरोशी,74
खूंटे,9
नजदीकियों,88
सत्यमेव,149
कालिदास,149
अस्थियों,72
उत्तरा,143
न्यूक्लियर,2
ध्यानपूर्वक,37
सहूलियतों,108
चित्रकारों,192
बहुद्देशीय,100
पैंशन,166
चलवाकर,50
नुमाइंदगी,132
तेजरफ्तार,124
परिपक्वता,37
महत्वाकांक्षा,37
परिसेवा,100
सुनेगा,140
निर्धनों,75
भोगने,26
तालीमी,184
डिग्रीधारी,6
घोड़े,29
तंदुरुस्त,123
फैलेगी,51
छिलके,123
असुरों,15
सबस्टेशनों,122
रंगरेलियां,193
लोकगायक,55
टकरायी,127
दायें,112
भटकी,87
स्कीइंग,110
झुमके,62
उपनयन,34
बैंडबाजा,63
खोपड़ी,112
फिल्मकार,55
समझाबुझा,93
बढावा,58
थमाए,50
उपहास,66
ठनी,177
धरौली,17
परिंदा,185
रामजन्मभूमि,132
ध्रुवीकरण,43
श्रममंत्री,42
शुभेन्दु,27
छोड़ेगी,51
न्यायाधिकरण,125
धिक्कार,71
धोखेबाज,71
शतकीय,110
विश्वविख्यात,149
कनिष्का,143
टंगी,87
भेड़िया,69
वसूलती,166
शुद्धीकरण,100
धरपकड़,70
सुलझाना,191
नखरे,69
जबड़े,112
एस्कॉर्ट,2
पण्डित,36
कायदा,70
फटकने,35
बृहस्पति,149
माफियों,74
हिमाकत,71
राजस्वकर्मी,139
उपश्रमायुक्त,42
प्रस्तुतिया,45
गलियारा,174
आदतें,4
सखियों,133
पड़वा,193
परम्पराओं,94
दुर्गविजय,36
डसने,69
पुखराज,143
संग्रहीत,60
धड़कने,177
बरतेंगे,49
वादियां,116
बंधवाने,50
नशेबाज,164
राष्ट्रद्रोह,71
शिल्पग्राम,174
शत्रुजीत,36
हितकर,98
सुनारों,92
स्तम्भ,174
प्राचार्यों,6
चट्टानों,76
लिखवाकर,50
छोड़ेगा,140
निसंदेह,39
अणुव्रत,94
प्रकारेण,43
भट्टियां,116
बोधि,91
जगदगुरु,162
कैटवॉक,111
उजड़े,65
पंचनामे,186
अंगहीन,72
साफा,62
कालचीनी,169
चालानों,117
खम्भे,174
बिजलीकर्मी,139
आशीर्वचन,91
दारु,103
पदयात्रियों,139
जज्बात,185
जटिलता,37
गुर्गों,70
जमाते,171
हिचकते,39
हफ्तेभर,198
थर्रा,35
बैशाख,34
आऊंगा,140
निकालनी,182
संर्घष,58
अस्पष्ट,37
सम्बंधी,100
मजूदरों,25
चयनकर्ता,110
झुलसाने,8
अजीबो,111
कुंओं,122
पंक्तिबद्ध,171
बिछावन,101
टपका,188
शिल्पियों,192
जुटाते,171
एक्साईज,2
सहचालक,139
मिलावटखोर,74
साझीदार,58
दर्शनार्थी,41
चालाक,55
कौंध,87
बाँध,112
सुयश,143
बगले,190
तकलीफों,26
जमाये,171
पियुष,27
विनिवेश,166
चौपाइयों,162
औलिया,184
गौरवपूर्ण,21
लचीला,37
कचौड़ी,173
सारगर्भित,37
सोल्यूशन,2
कूचों,68
भील,149
विचलन,37
सहायिकाएं,116
बैरहना,17
सैंकड़ों,192
गूंजायमान,63
विश्वासी,55
लगातर,31
संगीनों,126
चयनकर्ताओं,110
गिनाईं,182
डरता,71
वातारण,31
समसामयिक,21
काबलियत,84
वचनबद्धता,58
संगीतज्ञ,55
रजनीगंधा,143
मृदुभाषी,55
टेनरी,2
भंडाफोड़,84
डिगा,43
सम्पदा,91
शान्त,91
गूंजेगा,63
गिरवा,50
संभवतया,39
भरेगी,51
तितली,189
लड़ेंगे,140
रोमांस,111
पतले,112
अवसरवादी,132
पित्त,72
पछुवा,188
इन्टर,2
वैरागी,61
पड़ोसन,1
तोड़फोड़,35
ढूंढकर,50
मंडलियां,116
दमक,13
तिलकोत्सव,95
शिंकजा,84
टेढ़े,112
अविकसित,75
रुहानी,54
हड़पने,74
भींग,188
इसबीच,39
दिनोदिन,31
पलाश,189
राज्यरानी,124
मचाती,87
पधारी,95
बिछे,101
नसें,112
राजनीतिकरण,132
पोजिशन,2
रोकती,87
तैरना,98
फरसे,104
इफ्तिखार,54
सुरही,138
इतकाल,169
होनेवाला,31
भटककर,9
भाषाएं,21
संकल्पों,88
सौतन,1
उपकेन्द्रों,52
क्षत्रियों,15
उत्तरपुस्तिकाएं,117
नबाब,54
ठोंकी,112
अनादर,66
पटककर,69
सजकर,62
धातुओं,72
उन्मुक्त,133
कब्रों,92
असलाहों,92
उग्रतारा,38
दोषारोपण,66
चम्पत,27
बनाएंगी,51
पहनावा,62
परिचारक,100
डायरेक्टरी,2
समाई,87
बढोत्तरी,31
बुन,185
प्रणायाम,162
गौवंशीय,30
विकेटकीपर,110
नकाबपोशों,164
कोनों,92
सुन्दरीकरण,146
रस्से,112
टिप्पणियों,88
ढोया,112
महाभियान,95
अलबेला,111
लेटेस्ट,2
बतायें,147
पंचदेव,38
उमसभरी,23
बहरा,69
प्रमाणिकता,37
सुलझे,191
जिम्मेवारियों,88
प्रवासियों,192
उद्घाटित,37
पिलाएंगे,49
बताइए,59
समाजशास्त्री,55
मनोवांछित,91
बिछाना,101
ढोना,98
गड़े,190
जातिवादी,132
विजयोत्सव,193
जलज,27
आसुरी,119
प्राधानाचार्य,42
मृतप्राय,87
जनसमस्या,52
जनमंच,95
हैवान,65
जलघरों,92
व्यापारीकरण,100
मिथक,37
मुर्दे,9
समन्यवक,42
दर्शी,91
उपलब्धिया,58
चर्मरोग,72
आर्ट्स,2
रिक्टर,149
अंतरजिला,42
मझोले,74
तैय्यब,54
गुच्छा,112
प्रक्षेत्रीय,169
आत्मीय,133
वीरांगनाओं,22
वीडियों,111
प्रवचनकर्ता,162
चिह्नांकन,100
जगदंबे,38
दुर्बल,31
दूरवर्ती,21
पड़ेंगी,51
योनियों,119
सेमिनरी,2
खरीदती,19
छिना,69
स्वर्णाभूषण,62
फलस्वरुप,31
लिखता,60
गिला,185
त्रिकोण,29
झोल,173
वनमाली,36
माननी,182
भूलन,32
डालेगी,51
बाउंसरों,139
समयबद्धता,37
मध्यावधि,198
जोशीला,111
लालफीताशाही,66
निवृत्ति,91
उत्तरोत्तर,37
प्रदोष,34
शिक्षार्थी,6
समतुल्य,37
चाहूंगा,39
रामेश्वरम,29
तुड़वाकर,50
मंथरा,138
डसीला,32
दुश्वारी,177
जलाएंगे,49
कणों,72
हस्तशिल्पियों,192
रंगरूटों,126
आतंरिक,100
अतिआवश्यक,100
वृहस्पतिवार,198
कोशिकाओं,72
गायिकी,63
अमावस,13
दौड़ाएं,83
तमाशे,111
पदास्थापित,146
मंडपों,174
घटेगी,51
जुटकर,58
प्रशस्तिपत्र,95
झेली,26
अल्पाहार,41
इमरती,173
पचम्बा,17
निरोध,144
बेचती,19
नासमझी,66
हमराह,185
सड़न,190
उत्पीड़ित,75
डगमगा,24
गठजोड़,74
पंचायतो,52
सोख्ता,103
गोमूत्र,123
बंदिशों,88
दुर्गन्ध,68
उड़े,47
समुंदर,145
ललकारते,35
समेटा,93
कर्मों,119
ब्रांडों,192
प्राप्तियों,88
आईटीसी,2
इक्के,124
ओवरहैड,2
पदोन्नतियां,52
परिचयपत्र,117
ब्रॉडगेज,122
थमाई,50
चमकदार,13
भिक्षा,61
सुपरहिट,111
खिचड़ी,173
बंदगी,184
प्लेटिना,2
अडे़,136
नवरत्न,149
दवात,112
चौड़ाई,76
बिखेरते,133
बाइकर,124
इति,187
हिन्दुत्व,94
संवरने,185
रात्री,34
कार्बनिक,72
सिंहों,29
पूछेंगे,59
जलयात्रा,145
धोए,187
भाषियों,192
चूजे,9
चित्रलेखा,143
नरकंकाल,29
लड़ी,43
दमकलकर्मियों,139
पोषाक,62
गरमाहट,23
उपलों,92
बोतलबंद,103
बृजवासी,32
विश्वशांति,94
जुल,58
पंचायतनामा,17
दूनी,89
किधर,59
मसालेदार,173
खातेदारों,166
भूकम्प,31
वंशगोपाल,36
फेंकू,69
मधेश्वर,38
अपनापन,133
परंपरानुसार,34
रखवाले,9
जगाते,171
मतपेटिकाओं,92
बारंबार,33
पनपे,189
घुसना,98
ब्रह्माचारिणी,38
ढाढ़स,187
रुदायन,113
झण्डा,22
इंडियंस,110
खुलवाएं,108
तेंदुओं,192
पगड़ी,62
खड़का,16
अनुमंडलों,52
पहुंचनी,28
दरबदर,65
जिता,43
घपलों,74
रस्सियों,92
उन्मुख,37
बचाएंगे,140
रूपपुर,17
बेकारी,26
विक्रमाजीत,36
कठोरता,119
ढंकने,180
भीगी,188
अतिशय,91
अंगीकार,154
प्रजातांत्रिक,132
ढकी,87
कृषिमंत्री,42
सेवायें,108
अख्तरी,54
उपमंडलों,139
जनरेटरों,122
आश्वास्त,45
पद्मभूषण,149
परिक्षण,100
थकते,171
घेरी,113
अध्यापकगण,6
उपार्जित,91
पहचानो,0
संजोकर,133
खडी,87
प्रश्नावली,60
हंगामें,136
दत्तक,1
घटेगा,140
गुम्मा,17
पंडितजी,162
लेनेवाले,55
मनोदशा,31
बिरौली,17
पारिजात,149
चतुर्दिक,29
फिल्माए,111
सुपूर्द,185
कार्यपालिका,125
बवंडर,111
निर्धनता,26
लिपिका,143
कल्प,29
सबमें,119
गोश्त,173
हलाल,184
पेशकारी,111
कूदते,171
गजलें,185
स्वरों,63
ढोंगी,61
आधुनिकतम,100
त्रिपाल,36
कीकर,189
मानुष,119
एकपक्षीय,66
शमशानघाट,81
दिक्कते,4
शर्मिदगी,66
परोपकारी,55
परिवर्तनकारी,58
संवादददाता,169
बालाओं,111
कटवाए,50
देशद्रोहियों,126
बुझेगी,8
कार्यशील,100
भागवताचार्य,162
प्रीतिभोज,41
बाबु,27
प्रक्षेपण,100
सताया,93
तेजतर्रार,55
आवारागर्दी,164
सूपा,113
निर्गुण,94
बेजुबानों,65
दौड़े,171
गृहक्लेश,26
मुड़ा,112
नशाबंदी,58
समाओ,16
बाजीगरी,84
राजगद्दी,15
अग्रसारण,52
रक्षासूत्र,34
तोहमत,84
हेडलाइट,124
यज्ञस्थल,162
धूर,190
बरतेगा,49
अटैचमेंट,117
पालित,29
पैराशूट,145
बंदूकों,126
छटपटाने,180
कटता,171
गोतस्करों,70
इच्छाएं,4
तराश,185
प्रामाणिक,37
याददाश्त,123
छपवाए,161
दीर्घकालीन,100
कोर्सों,6
एनेस्थीसिया,90
बूढे़,1
संभालकर,50
अंगुठी,62
हरस्वरूप,113
नहाए,188
नियमितिकरण,52
खेलमंत्री,110
दोगे,0
कुपित,119
ज्ञाता,55
बुझती,8
सांध्य,13
द्वारे,138
लाभपात्रियों,139
लहराएगा,159
विश्वदाय,174
निगलकर,35
बगावती,43
खैरियत,177
गिद्दे,63
सुनाएगी,51
रिहाइशी,174
फोड़ते,171
एरोबिक्स,2
शिवबचन,113
वास्तुकला,174
गुरवचन,32
पखवाड़े,198
निर्माणकर्ता,174
आपदाएं,4
गृहणियां,116
भोगियों,52
शुभचिंतक,55
लिटाकर,112
चूड़िया,62
कुड़वा,16
मुलाकाती,45
हट्टी,173
पिसाई,103
निशानों,112
जाऐगा,140
बुद्धिमान,55
संस्थापिका,42
दम्पती,1
आवर्ती,100
सतगुरू,162
घनमीटर,122
खिंचने,180
बागीचे,189
शेरनी,29
उपेक्षात्मक,66
नहाना,98
गोसाईं,36
अंगारों,8
लम्हों,185
चिरौंजी,123
कचड़े,68
अल्पमत,132
अमिय,27
स्थानो,76
पारियों,110
पैथोलॉजिस्ट,90
आहिस्ता,112
क्रान्ति,132
छेना,173
अभिषद,187
माफीनामा,186
मृत्युदंड,71
जकड़े,171
पूछती,59
लंबोदर,38
जागती,87
घुमावदार,76
सौन्दर्य,133
कंसलटेंसी,2
बीएमडब्ल्यू,124
भंवरा,138
गहराते,177
सरपंची,32
बुनने,180
आत्मीयता,37
इंसुलिन,72
छोडे़,35
इकठ्ठा,11
चराया,9
काक,29
बहिन,1
डलवाए,50
उपप्रधानमंत्री,125
पल्टन,17
रखूंगा,140
जीतीं,43
रसोइये,173
अपरंपार,91
बाल्टियां,116
भारतवासी,22
लपेटा,112
फुलझड़ी,190
डाककर्मियों,139
उतरेंगी,51
भंगड़े,16
नवरंग,143
जलस्त्रोतों,122
गेंहूं,30
दबाई,112
डाकबंगले,41
समयसारिणी,52
कूटा,103
पुनरावृति,105
लहरियों,63
कूड़ेदान,68
डकारने,74
ठोकी,112
सिरा,112
यांत्रिकरण,100
हंसिया,104
उगला,69
चित्रकूटधाम,17
केबाद,177
कमरतोड़,11
बल्लियां,116
दुर्वेश,32
लालची,7
हवालातियों,70
चिल्लाई,69
वेटलिफ्टिंग,110
तपसी,138
श्रद्धेय,55
करतबों,111
उनमे,181
सुरूर,185
मस्जिदें,174
साम्प्रदायिकता,132
दरारे,112
अस्वस्थता,31
गुण्डा,164
नम्बरों,117
स्वराज्य,132
मेष,29
सकून,185
ब्यौरे,117
पंहुचा,28
रोकटोक,135
कमाता,11
सुलगती,8
छापों,92
मांगेगी,49
पदाधिकारियो,42
तानी,104
हानियों,88
लंगरों,92
दुराचारी,119
दवाखाना,90
झड़पों,126
बेचारी,87
सूर्यमुखी,189
मुफसिल,113
भ्रांति,31
रोमांटिक,111
झुकी,87
गरमाई,177
लुभावन,133
रुबरू,177
टेकते,171
पुलिसवाले,164
उजाड़े,9
थमाने,180
रसगुल्ला,173
नवरतन,32
आदतन,69
अलगाववाद,132
चमरा,113
बुझानी,8
सत्तन,36
मित्रवत,58
हत्याकर,70
इश्तहार,60
चंद्रग्रहण,34
लुटे,164
दुक्के,171
मुर्गियां,116
छुपकर,171
कार्रंवाई,45
नेतृत्वकर्ता,55
लिखवाई,182
सलोचना,143
सुरमुख,32
कव्वालियां,116
शैवाल,30
पट्टाधारकों,139
रिफाकत,54
धतौड़ी,16
विरूद्व,186
जाड़ा,23
फकीरे,54
कारकों,88
येाजना,52
निविदाओं,52
कुंभी,17
सिरकी,103
लंगड़ी,69
अपंजीकृत,117
दुष्टों,119
पापियों,119
पांडुलिपियों,60
आजमाएंगे,140
दलदली,151
गवर्नेंस,2
अतुल्य,58
आशातीत,31
घूसे,69
एवम,100
रहमोकरम,7
धंसे,171
झांका,171
जीवनरक्षक,90
डेयरियां,116
रीत,138
लिपटकर,171
निर्जल,34
ब्रह्मापुत्र,162
सजायी,13
बतायाकि,39
घबराएं,147
बचाये,147
रिकी,110
अनियमिता,169
शीशमहल,174
बेगुनाहों,71
व्रतधारी,34
धरनाकारियों,139
रणनीतिकार,55
गणितीय,100
राष्ट्रकवि,149
पंचकल्याणक,34
खिसका,24
पछाड़ा,43
उठेगी,51
उत्तरायण,34
मंत्रीजी,7
संभालेगी,51
रीपर,2
साकारात्मक,58
महीनें,198
ठोकने,180
घीया,173
टका,89
ढूढ़ने,180
पाक्षिक,60
नज़र,171
चर्चे,111
मग्घर,113
डुगडुगी,63
रखवाकर,50
निपुणता,37
शकीना,54
किश्ती,145
वनस्पतियों,30
बरामदों,92
अनुनय,119
लूटेरे,164
आयोजनकर्ता,95
पोशाकों,62
इलाकावासियों,139
आदिकाल,149
वीभत्स,66
कुच्छल,27
रोकेगा,140
दुकानदारो,19
मोरध्वज,36
मुकदमेबाजी,186
मूंदकर,99
पहलवानी,110
कुख्यातों,70
समाजहित,58
जिलाबदर,164
आलस्य,119
थमता,177
बंटवाने,180
किचकिच,177
तीली,8
वनीता,143
फरेब,84
ऐतिहासिकता,37
संकटों,88
पिघलने,188
तकाजा,71
तुफानी,188
मिटाओ,0
सजनी,138
चीना,138
देवमई,113
चिंताओं,88
विविधिकरण,100
गैरजमानती,186
थूक,68
फिल्माया,111
बसता,185
बालो,123
निखारना,98
मठों,94
जाको,138
वीडियोग्राफर,2
सूर्यनगर,17
लडऩे,43
बसहिया,17
नवपदस्थापित,146
भूलता,98
नचाया,63
गंतव्यों,192
सुनवायी,186
चौड़ी,76
दगाबाजी,71
घटाएं,147
दौड़ेंगी,51
सचिवालयों,52
विधानपरिषद,125
रियासतों,15
बेसहारों,75
नगरपालिकाओं,125
रूकते,171
किन्ही,181
खदानें,116
संप्रभुता,132
राडार,145
सूईया,16
भरतनाट्यम,149
नवागंतुक,55
बढ़वार,30
मंगवाना,161
गढ़े,84
विभूषण,149
मकसूदन,32
जना,69
जुड़ता,172
सर्वजातीय,169
उगलते,8
केद्र,125
भूखहड़ताल,45
खपा,11
तसदीक,117
इन्द्रमणि,36
मिलनेवाली,11
गनई,16
चुलबुल,1
राशियों,166
जन्मा,149
वंशजों,15
बिकाऊ,19
खैरात,11
प्रतिक्रियाएं,4
गूंगे,69
जफीर,16
मुखौटे,62
नौकरिया,75
क्लासरूम,183
फोटोकॉपी,117
तबेला,9
बांटता,93
सुनाये,63
घंटियां,116
सहस्त्र,89
खुदवाकर,50
छेड़ेगी,51
क्लिनिकों,90
दिखाएंगी,51
कस्बेवासियों,139
टिकिया,103
कुटुंब,1
आत्महत्याएं,4
सिकुड़ती,87
जीरे,123
दरबान,7
तकनीशियनों,192
मनुज,119
उरद,173
यूनिटें,122
दिखाओ,0
छिपाई,182
रोमांचकारी,111
भौतिकता,94
पहचानता,39
ससम्मान,136
शिक्षाएं,94
उत्सर्ग,91
दूल्हों,1
पिछड़ों,75
निश्शक्तता,37
भूमिपूजन,95
फुस्स,24
दीर्घकालिक,31
असाक्षर,146
पन्नीवाला,32
मलिकपुरा,17
सूत्रपात,58
परसों,198
बिलबिलाते,65
चलाऊ,172
अम्मी,54
प्रधानता,37
खिंचे,171
बिजलीकर्मियों,139
कम्पाउंडर,90
अंकपत्रों,6
वसंतोत्सव,193
नवप्रभात,36
करूण,26
दुर्भाग्यवश,39
भिजवाकर,161
घावों,72
झाडू़,103
अनुभागों,52
क्यूरेटर,2
तारीक,184
रोए,69
भैय्या,27
चश्मों,62
प्रशिक्षार्थियों,6
अनुतोष,186
डीडीआर,2
वधशाला,41
फारिग,171
मुंडी,112
अभिव्यक्त,37
फैलाता,93
खण्डपीठ,149
धुरंधरों,110
गौमाता,94
समलैंगिक,192
संतरे,123
गणतांत्रिक,132
कैशबुक,117
पुननिर्माण,100
जिनमे,181
तिलमिला,69
जगराते,63
देशसेवा,22
खपाया,93
दरमियान,185
एचएएस,42
छबीला,138
महाअष्टमी,34
सहयोगात्मक,100
आनंदमय,91
पुलाव,173
सोचेंगे,140
समागमों,95
शरिया,184
हायतौबा,177
मातरम्,22
प्रकटोत्सव,34
ससुरालजनों,139
खुर,112
चितवन,133
मतदाताओ,43
भद्रक,38
लगायेंगे,140
ननकाना,54
जैनुद्दीन,54
बाबाओं,74
अरिंदम,27
मद्यनिषेध,100
वंशवाद,132
सभाधिपति,169
गालियों,66
बेताबी,177
राजनिवास,125
अस्प्ताल,90
शामियाना,174
जयजय,138
मलसियां,116
प्रयोगशालाएं,116
कुंठा,66
नईबस्ती,17
खेतो,9
वालीं,87
मुख्यतिथि,45
संगठनकर्ता,55
जोकर,111
गिद्धों,192
दवे,27
पलभर,69
कामायनी,149
कंगाली,11
पदाधिकारीगण,42
गणराज्य,125
फड़ों,169
रियायतें,166
सब्बल,104
गडढों,9
अनल,187
लडकी,1
कीटनाशी,30
चिपकाकर,50
चुगली,84
माइक्रोसॉफ्ट,2
गौरक्षणी,70
बनवाएंगे,49
सुदर्शना,143
अधजली,8
चित्रित,154
प्रखंडो,17
यूए,113
मंगलकोट,169
शीलधर,113
देनेवालों,153
बारिकी,37
बहरे,69
आलौकिक,91
मधुरिमा,143
चमकता,13
पूर्णाहूति,34
बसही,113
बेजान,185
आहूतियां,116
रहेगें,140
भूस्वामी,15
मछुआरा,75
न्यायायिक,186
जबड़ा,190
पादप,30
कमांडों,126
टुकड़ियां,116
सिद्धातों,94
खोदना,98
पतंगें,116
मजलूम,65
भाद्रपद,34
गोलों,92
बनवायी,182
वैमनस्यता,66
चलाओ,0
अज्ञातवास,198
स्कार्फ,62
सुजित,27
तोते,69
नागदेव,36
जलवाहकों,52
मनचला,164
लागी,138
गुरुशरण,32
खालों,9
रंगीलाल,32
शिवसैनिक,126
ठोंकने,180
कहूंगा,39
बैण्ड,63
जुमले,84
तोड़े,50
गूंजेगी,63
श्राद्धकर्म,34
काश्तकारी,75
पसारना,98
प्रचार्या,42
उत्कृष्ठ,21
हटवाई,50
निधार्रित,58
आत्मज्ञान,91
तौले,134
पठारी,17
मेडिकोज,90
पदोन्नतियों,52
मोतियों,62
झंडियां,116
बोझिल,177
कंजड़,16
सूचकांक,100
फाँसी,71
खुदवाने,122
अपहरणकांड,70
कतरे,188
छोड़ना,98
पांवधोई,29
दिलबर,185
संकल्पना,37
अगाह,84
भारतीयता,94
जुटेगी,49
बक्शे,50
पहनाना,98
अपीलों,186
उतरवाई,50
मेलार्थियों,139
छुटपुट,21
करुंगी,0
कीचड़युक्त,146
मांगीं,153
बलिहारी,138
मौजमस्ती,177
उभरेगी,51
औषधियां,116
सजाते,171
पारस्परिक,100
बढती,5
बुलाएंगे,49
धुंधला,31
बरतता,66
अंतरा,143
क्यारियों,189
पोलिथीन,103
परिंदे,185
खरबूजे,189
जमाखोरों,74
असंसदीय,66
सजाना,98
वर्गफीट,89
महावत,69
समरस,94
स्कैंडल,2
चोकर,103
चरवाहा,75
खेडी,113
आवश्यकताएं,4
स्वच्छकार,42
पुतली,29
पश्चात्,105
जुटता,58
उदगार,91
आशुलिपिक,52
चमत्कारी,123
फंसाना,98
मुख्यवक्ता,95
अरिजीत,27
रसातल,24
जोगीवाला,17
भुना,173
ज्ञानोदय,149
तापने,8
एचएयू,113
जोड़ेगा,49
अभिप्रमाणित,117
चरनी,138
बरा,138
विह्वल,133
स्मरणीय,91
पैरोकारी,132
पर्यन्त,91
मुर्गो,92
भूअर्जन,52
गोठलवाल,113
शुभकामनाओं,193
दैत्य,29
लोटे,103
उपभोक्ताओ,166
ग्राउण्ड,2
जुराबें,62
बौरी,113
अनाजों,30
सुलहनामा,186
उलझाने,180
गजा,113
नारंगपुर,17
शक्तिपीठों,38
मोटरयान,52
छेड़ेंगे,140
सातो,138
बैठकी,177
छुपाया,93
उकेरे,171
स्वाधीन,132
अमृतपान,187
छुटे,65
आरयूबी,122
पहुचेगी,28
म्युनिसिपल,2
नगरपंचायत,17
दागियों,43
रेजगारी,11
टपकती,188
स्वागताध्यक्ष,42
हितार्थ,58
खुशनसीब,152
बंदिशें,4
कौओं,9
प्रभास,29
चिड़ियों,9
रसगुल्ले,173
दिलवाएं,49
गद्दारी,71
निकटता,37
मारक,31
लिखाकर,93
पशुचारा,30
चलाईं,182
पकड़ेगा,140
खाद्यान्नों,30
जोड़ना,98
नाभि,112
दुष्ट,119
खदेड़ा,35
आनंदमयी,91
घोंटा,50
सतही,37
डीईआइ,166
संसारिक,91
दमदम,17
झड़ने,123
आत्मसम्मान,119
कराईं,182
अर्धनिर्मित,174
सूखता,188
खदेड़,35
घसीटने,180
रहमतों,184
वीरगति,22
हाइड्रोजन,72
मोड़ी,190
खरीदेगी,51
नरभक्षी,29
वारी,138
कोफ्ता,173
पुनर्निरीक्षण,45
उतरें,18
अभियुक्तगण,139
दमकलकर्मी,139
पौष्टिकता,123
नवें,198
तैंतीस,89
दुल्हनों,62
बदकिस्मती,39
रंगदारों,164
तंदूर,173
होठ,112
खट्टी,173
वसूलेगा,49
बाल्यकाल,149
सम्मोहित,133
आचार्यों,162
विशेषतौर,58
वैश्यों,15
विक्षुब्ध,31
छबीलें,116
चिकनपॉक्स,144
आमों,189
हिलाने,180
सुकृति,143
घबराते,59
एसएएस,2
पाषाण,29
बॉयो,2
हजयात्रियों,139
बेदा,138
लोंगो,192
पट्टेदारों,139
नपे,84
बरसाते,188
गंजा,69
कहेगा,140
विग्रहों,38
बैसाख,34
विवेचनाएं,4
धनउगाही,74
इत्तफाक,177
निरूपमा,143
धानिक,32
फजले,54
उमड़ेगी,51
आंटी,143
चेले,7
सत्यार्थ,60
ऐहतियात,126
जलायी,8
तनूजा,143
अधजले,9
ऑडीटोरियम,174
कब्रगाह,174
सतपथी,27
कहतें,39
कान्फ्रेंसिंग,95
रुखसत,185
पहलूओं,88
कैफियत,185
चुकाए,166
ओढ़कर,62
छोडऩे,180
बाईं,112
नौहाख्वानी,184
चक्रवती,143
खुरपी,104
दोहे,60
चढ़ेगा,140
बहलाकर,35
जगमगाने,13
सवर्णो,75
पापड़ी,173
ओढ़ने,62
मुड़ते,171
वर्षगाठ,193
प्रेमजाल,1
सींचने,30
नंदीशाला,41
एजे,2
फुलकारी,62
निहितार्थ,37
अदाओं,133
उछलने,24
सूखती,188
लौकिक,94
आगन्तुकों,41
नशेबाजी,66
मूंगा,29
कैलकुलेटर,117
महासागर,145
राजगुरू,149
सयुंक्त,125
करवाएंगी,51
रक्तस्त्राव,72
गाड़ीवान,124
नाट्यशाला,174
विधवाएं,75
खुशबु,188
दद्दा,36
मुस्कुराहट,133
डाइवर्जन,122
बैचेन,177
योगाश्रम,95
बग्घी,124
भैसों,9
बतानी,182
निर्माणकार्य,174
कामचलाऊ,37
परिवर्तनों,88
जोशीले,55
लीडिंग,2
स्वीकारने,180
अवतारों,94
प्रज्ञान,162
साकेतिक,169
सोफे,112
बटुकों,162
सूड़ी,16
एकदूसरे,171
गेंदे,189
देवकाली,38
भगतों,138
पालता,65
कम्प्यूटराइज्ड,117
ऑलराउंडर,110
परिणीति,111
बुद्धिस्ट,2
थैलियां,116
बेलने,173
लड़खड़ाई,73
चंद्रलोक,36
नश्वर,119
दुगुना,166
गुणे,89
जिन्होने,149
नामंकन,136
छिपाते,171
मोहरे,62
तशरीफ,184
मिलवाने,180
कर्मचरियों,52
उपभोक्तओं,166
चौकन्नी,171
दिखेंगी,51
गेरूआ,62
निराश्रितों,75
उपाध्यक्षा,42
आदिशक्ति,38
उपासकों,94
बोलेगा,140
दोषों,119
अदाकारा,143
कलियुगी,29
सुनाना,98
छुड़ा,35
कटेंगे,140
गैसें,116
रणभेरी,63
माहिल,32
तैलचित्र,174
कटघरा,84
महालेखा,100
वंशावली,149
ललई,113
खुदवाया,93
राष्ट्रभक्त,22
जपने,187
मण्डलीय,100
ठाणे,149
बनके,185
छिड़कर,103
संबंधि,100
श्रेणियां,4
सौंदर्यकरण,174
टीएमटी,2
भूषा,62
एलोपैथ,90
महानवमी,34
गोभक्त,22
छिड़का,103
बिगड़ती,172
करौंदा,123
फीसें,190
विराटनगर,149
अंतरप्रांतीय,125
कूडे़दान,68
मूलवासियों,192
गांधीगिरी,111
भैरवा,17
थानेदारी,139
इरसाद,113
झलका,133
वालिद,54
गड्ढ़ा,9
गोठ,138
धनिक,7
महाजनों,15
बादशाहत,185
पट्टिकाएं,116
तृष्णा,119
बेगार,9
कार्याध्यक्ष,42
रिझाया,63
ठहरना,98
मदहोश,133
मुरादाबादी,54
चायपत्ती,103
बहुतों,181
गोंदा,138
दिलखुश,54
निधान,91
संकल्पबद्ध,58
क्यो,39
अफसरान,7
सिमटे,171
दहशतगर्दी,184
मोमबत्तियों,13
बकवास,84
अंपायरिंग,110
होमियोपैथी,90
एल्यूमिनियम,2
जुल्मों,65
रौंदकर,35
श्वसन,72
कार्यबल,52
रामभक्तों,162
अकुंश,84
सुधरवाने,180
खटखटाना,98
रणनीतिकारों,132
घटाए,166
आशियानों,92
गोटियां,116
प्रशिक्षणों,6
स्थायित्व,37
हरने,26
बुने,62
निरपेक्षता,94
उपसंभागीय,42
गर्मियां,23
रामशिरोमणि,36
भूखी,87
उन्हाेंने,39
श्रोतों,100
नादान,71
विचारणीय,37
उतरवाए,50
पंडोगा,17
पिट्ठू,7
महन्त,36
बंदीरक्षक,164
मनौतियां,153
मसूदी,54
बोना,30
झूमकर,63
ऑटोमैटिक,2
चमकेगा,140
दरखास्त,153
तराने,63
उगाकर,30
रचाया,93
राशनकार्डो,169
श्रीमान,55
औड़ी,29
रहवासियों,192
वाद्ययंत्रों,21
अर्जियां,186
आइने,185
रंगदार,164
कांगड़,169
दस्तकारों,75
खोलो,0
सून,138
आशिकी,111
धनलक्ष्मी,38
उपग्रह,100
उपस्थितजनों,95
निपटाई,182
बचानी,182
निर्णयानुसार,125
निगमकर्मी,139
परछाई,185
बघौरा,113
दण्डित,154
छठवां,198
बन्दी,119
संवारे,147
हत्याभियुक्तों,70
उच्चायोग,125
अजूबा,111
युवावस्था,149
धुम्रपान,72
अनुयाइयों,94
जीताने,43
जेसीटी,2
उपधारा,135
टूटेगी,51
उठायेंगे,49
टुर्नामेंट,110
गिरीं,24
मन्दिरों,174
ढेरियों,92
शांतिधारा,38
झूली,190
उर्वरता,30
सोचिए,39
हर्जाने,166
कोकिल,138
कड़वे,123
जनशिकायतों,52
निर्माणदायी,146
विधेयकों,52
बावलियों,92
मागते,153
मुरझाने,189
गैरइरादतन,70
पखवाडे़,198
प्याला,103
पनपा,177
वनस्थली,29
लड्डुओं,173
ईसाइयों,94
ठेंगे,7
तजुर्बा,185
रौतारा,169
अधबने,9
सद्गुणों,94
उजड़ा,190
पुलक,133
संरक्षिका,143
शाक,30
पिए,123
कटोरे,103
टरकाया,93
मोड़े,112
ऋग्वेद,149
आराध्या,38
रोबोटिक्स,2
पाऊंगा,86
छूना,98
न्यून,31
पुष्पाजलि,169
देतीं,129
शर्मशार,71
पल्ले,112
अधिकरण,125
तरण,27
बोलें,147
बचाती,87
जिलें,17
मढ़ैया,17
अमंगल,119
राजकोष,166
पेचकस,104
मुन्हें,185
निकलनी,182
पालनहार,91
माइक्रोवेव,2
तरंगों,72
कवायदों,88
तला,173
लेनादेना,39
ओलम्पियाड,44
सीजीएचएस,52
चिल्लाती,87
विकेंद्रीकरण,132
मूर्तिकारों,174
अट्ठारह,89
औैर,113
पुनर्जागरण,149
दरिद्रता,26
उपर्युक्त,37
शौकिया,55
समझिए,39
बुकी,164
अम्बुज,27
पैंतरा,84
एफडीआर,166
पद्मावत,149
मांगेगा,153
विश्वासियों,192
ब्रह्मज्ञान,162
दांवपेंच,43
मकरध्वज,29
आलआउट,110
समीक्षक,55
बोलियां,116
टैम्पों,92
गर्माने,180
साझेदार,100
अंगड़ाई,188
अौर,147
छाल,123
नहाया,188
मरीं,190
ज्योंहि,29
हाथोंहाथ,111
छानने,103
सजीं,190
प्रभावकारी,37
सुप्रभात,149
रहूं,0
मधुकांत,36
बदसुलूकी,70
अनाचार,66
समाजवादियों,132
दावतों,192
चक्षु,119
उभरता,133
सल्तनत,15
गाँवों,75
अकस्मात,31
दुधमुंहे,1
उपन्यासकार,55
वटवृक्ष,189
रेस्टोरेंटों,92
मिष्ठान्न,173
आत्मशांति,91
लौटाकर,50
महीनेभर,198
उद्वेलित,26
मिलाएं,147
रूकसाना,54
मु़कदमा,45
इश्तिहार,60
लंबीकूद,32
मचाता,177
खबरदार,0
दोसड़का,16
खाले,9
न्यूरोलॉजी,90
पॉलिश,62
छाछ,123
राष्ट्रध्वज,22
मिसरी,138
खुखरी,104
पौरुष,119
बदसूरत,66
बुझायी,8
लिखेगा,140
हटवाएं,50
मार्केटों,92
कोमलप्रीत,143
सुखदा,143
धमकाता,71
खंगालते,171
भड़की,8
पचहत्तर,89
फुटबॉलर,110
एनिमेशन,111
तफतीश,70
निभाएंगी,128
तपस्थली,162
खायी,182
सीसा,103
खिलाडिय़ों,110
उठाएंगी,51
गधे,69
छिटककर,24
निपटेगा,49
विरोधाभासी,88
अल्सर,72
नयाबाजार,17
पॉकेटमार,164
श्रृद्धालुओं,38
भिजवाएं,161
निकलेंगी,51
लाईनों,92
कमजोरियों,88
वंशीय,15
सर्फ,145
खडा,171
खंजर,104
किस्तें,166
सरेबाजार,164
देगे,140
राजघराने,15
ब्रजवासियों,34
वासगीत,12
राजकीयकरण,146
विकेटों,110
ग्लोब,2
रियात,169
सिमटता,171
गदाधर,36
तीरंदाजों,110
जयघोषों,63
जूठे,103
उत्प्रेरित,154
उगाया,189
दूधिये,103
वर्णमाला,149
टाफियां,116
बुढ़ा,1
डण्डों,92
कम्युनिष्ट,132
स्वकेंद्र,6
तोड़ो,0
फिनाइल,103
ससुरालवाले,1
मुनाफाखोरी,74
पकाते,173
माल्यापर्ण,36
ढंककर,112
इटक,16
घटाई,182
सघनता,37
भयवश,69
प्राकृति,156
घटाना,98
मैक्सिको,158
भूमिकाओं,88
गुणवंत,32
थर्माकोल,103
प्रत्याशा,31
ग्रीष्मोत्सव,95
स्वाभिमानी,55
टाईप,2
वृष,29
उमड़ेगा,140
निवार्चन,42
रहस्मय,185
हंसमुख,133
प्रबंधनों,52
मैत्रीपूर्ण,58
हटता,171
शुक्रगुजार,58
हेवी,2
गोदी,145
सत्ताइस,89
अतिविशिष्ट,100
महासाध्वी,162
गपशप,177
पढ़ाओं,58
स्मॉल,2
पपीते,123
श्रृष्टि,91
बरकतों,184
इम्तहान,183
जनहितैषी,132
सदस्याएं,116
दौैरान,136
लॉट,89
घोटालेबाज,74
भंगी,138
जनसमुदाय,75
टांगने,50
लाईटें,13
उपनेता,42
कांवरियां,116
कजली,63
लिखती,87
आस्ट्रेलियाई,110
कहलाती,149
बवासीर,123
वनक्षेत्र,76
भुजबल,138
सपाटा,11
शिवमंदिरों,38
सोंच,39
कंपकपी,177
जानिब,184
हलवे,173
सुविधायुक्त,108
गरजी,104
भगौड़े,70
धर्मी,94
सम्मानपूर्वक,94
अधिवास,100
खिंची,87
घनघनाने,180
ख्यात,55
मानववाद,94
ब्रह्मर्षि,162
निकम्मी,7
पंचेश्वर,17
आईए,147
मैल,68
भरवाना,161
उधेड़बुन,177
चमत्कारिक,37
जरीब,9
शंाति,187
प्रश्नमंच,95
गुरुघर,162
जांबाजों,22
शीतगृहों,122
घसीटता,171
पचासों,89
मठाधीश,7
छिद्र,112
बताशे,173
जाला,138
रक्षण,58
सांची,143
दीपइंद्र,32
होमगार्डों,139
छटाई,30
रूपांतरण,100
खलवाड़ा,17
बलिकरन,113
जनसहभागिता,58
सर्मथकों,43
उत्तरों,88
ढाचा,9
पकड़ेगी,51
ऊंचाइयां,4
पीडितों,192
हरिपद,138
षष्टम,149
गतिशीलता,37
नवज्योति,27
बोतले,103
राजबाड़ी,169
विरह,26
कहलाए,55
निशाद,27
वार्ताकारों,192
उलझाया,191
एमआइजी,2
गड्डों,92
जनजागृति,58
गृहकलह,26
कलाएं,21
डिग्रीधारकों,6
ग्रन्थ,60
रसोइए,173
सुपुर्दे,184
सप्ताहिक,95
दसों,89
जिम्नेजियम,110
मिर्चा,173
फुलका,173
युवाध्यक्ष,42
कांटेदार,189
आदोलनकारियों,192
वत्सला,143
बागुन,113
हैे,39
जालियां,116
बलिदानी,22
अभेद्य,119
मातारानी,38
ब्राम्हण,75
खुटिया,17
रणभूमि,22
हौसलाअफजाई,58
रोकेगी,51
दिखलाई,182
कूटनीति,132
पटके,112
राजयोगिनी,162
कुरेदने,180
आकृतियां,116
खीरे,123
बूचड़खाना,74
कराहने,65
डूबती,87
बर्बरतापूर्ण,70
कबीरपंथी,162
जांएगे,140
टांगा,112
अक्रूर,91
अतिथिगृह,41
बलदाऊ,138
छैल,138
प्रतिघंटे,89
निश्छल,133
भेड़,9
अरोड़वंश,113
वाद्ययंत्र,21
झुकाकर,171
अपनाता,37
सराहे,111
एनसीसीएफ,42
निपटाये,49
जेनरेटरों,92
कुलदेवी,38
शान्तिपूर्ण,132
गंधक,72
बलात्कारियों,70
घड़ों,103
दुलारा,1
पराया,11
ठहाकों,177
ऊबकर,26
सॉस,173
लदाई,145
ध्यानाकृष्ट,146
वणई,16
खुलवाई,50
कृतार्थ,91
टटोला,93
लिखीं,182
कब्जेदारी,74
चलवाई,50
खद्दर,62
चीथड़े,190
ब्लाउज,62
जनभावना,66
वर्षवार,52
कथामृत,162
गन्तव्य,76
रक्तदानी,169
बेचेगा,19
सीखता,98
बिगड़ैल,172
शोहदा,184
लकड़बग्घा,190
उतराया,93
बहुलता,37
फकरुद्दीन,54
मोजा,62
कायरता,66
घिरते,177
चिंगारियां,8
फिनायल,103
सुहागिनें,116
पखेरू,188
महाभोग,34
भूलेख,52
रूखी,123
पचना,123
चौदहवें,198
मालुम,39
छपते,60
पैतीस,89
दीपकों,13
अबाध,91
ज्योतिषियों,192
बचाएगा,140
झाझर,113
तगा,113
नबंर,117
अविष्कार,100
हूँ,39
बेंत,104
प्रशासकों,192
भेदने,180
पीटती,69
सहेलियां,116
झगड़ते,69
मल्लाहों,145
रंगरूट,126
संवादहीनता,66
वालें,180
डांटकर,69
डूबो,188
नकारने,180
गड़बड़ाने,172
गर्वित,133
घनिष्ठ,58
शरदकालीन,198
लड़ेगी,51
पनशाला,41
मजनुओं,164
खूर्द,113
जेनरेट,117
यांत्रिकी,100
मुड़े,171
आइफोन,2
जलेगा,8
उल्फत,185
ठप्पा,84
रूला,185
भूलती,87
उदर,72
धधकती,8
चढे़,9
जनसुविधाएं,108
सिला,62
उन्नतिशील,21
सहमें,171
गुनगुना,63
आरटी,2
विधिसम्मत,135
फुलवा,143
पौना,89
वर्धक,72
मोलभाव,19
जीतता,43
घुड़की,69
मध्यांचल,17
साम्राज्यवाद,132
जामनगर,17
घाटियों,76
थमते,188
अखाड़े,110
दिखवाया,93
नादानी,71
जिलाअध्यक्ष,42
पकंज,27
प्रान्त,125
कथानक,37
चटकाकर,50
आपमें,91
विश्वयुद्ध,31
बनायेगी,51
कल्पनाओं,88
अभिनेताओं,111
तथ्यहीन,66
दुखिया,61
ग्यारहवें,198
दाम्पत्य,1
रेसलर,110
प्रतिरूप,37
फड़,9
राष्ट्रप्रेम,22
शपथग्रहण,136
प्रविष्टियां,117
मुख्यरूप,95
तालुकदार,36
गुलिस्ता,185
मुद्रक,60
टहला,69
हाथापायी,182
घण्टों,89
नैवेद्य,34
संभालती,87
पर्यवेक्षणीय,100
रेडियोग्राफर,90
कुरमी,113
ताइक्वाडो,169
रेंगकर,171
फूलना,98
महानगरनिगम,169
विर्सजन,187
कमांडरों,126
शांतिपुरी,17
अडडा,145
बजाती,63
मंगाये,161
जुड़ती,87
संलिप्ता,70
उद्यमों,100
स्पंदन,91
निखरने,133
बीटीपीएस,2
राउंडर,110
दुष्कर,98
वेष,62
पीठों,38
मणिकर्णिका,29
जयहिन्द,22
गोकर्णनाथ,17
आयोडिन,72
निहारा,133
मुल्जिमों,70
विलायत,54
फोटोकापी,117
चौरंगी,174
सांयकाल,34
उल्लिखित,149
निर्विवाद,37
भिड़ीं,16
अभिवंचित,146
बारहवें,198
हालाँकि,39
सतत्,58
ब्लॉग,60
बनवाला,32
रजिस्ट्रियों,117
अराध्य,38
बालयोगी,36
क्षयरोग,72
सींचपाल,42
गिराते,171
विमुक्ति,91
जाइये,147
विनाशक,91
किलकारियां,63
उगाला,113
धुलने,68
गैरजिम्मेदाराना,66
आवाजों,63
यदाकदा,31
बहुविकल्पीय,117
काऊ,2
पीढी,192
बेड़ियों,65
खण्डों,60
बेंचे,19
हर्ज,39
दलबदल,149
बौछारों,188
वनीकरण,30
कामराज,149
वर्गगज,89
खदेड़ना,35
वर्गाें,52
ख्यातिलब्ध,55
कड़कती,188
सहगामी,100
रोधक,72
उगलती,8
कनीज,54
महापड़ाव,95
लाभपात्र,146
ऐलीमेंट्री,2
सेवइयां,173
आर्कषण,174
जिम्मेवारियां,4
सकपका,59
हंबड़ा,12
निकालती,87
मनकी,138
अग्निदेव,29
मिलीजुली,87
सृजना,58
आडंबर,119
फिरंगी,15
अहं,119
छाव,190
कायापलट,174
फौजिया,54
कईं,181
ऩजर,16
व्याधि,72
बरसानी,126
समानों,92
मृत्युजंय,36
मूर्तिकला,174
साफतौर,39
चिल्लाकर,69
अवकाशप्राप्त,55
गोंठा,16
बाड़ी,17
ठठेरा,103
सहायतित,100
मददगारों,70
जमाकर्ताओं,166
पूछें,59
चपाती,173
सूफिया,54
सुल्तानी,54
पर्वों,193
बैटरियों,100
जटिलताओं,88
श्रीफल,187
अत्याचारी,66
नारियां,116
वनविभाग,139
दिखें,147
अनीमिया,72
वस्त्रालय,62
टिक्की,173
उभरेगा,140
बुलाता,93
विलासिता,119
उगाए,189
गर्जन,29
शरणागत,119
खासमखास,7
अमरुद,189
उठायें,147
उपकर,166
प्राचीनकाल,149
ज्ञानपीठ,149
स्थानातंरण,52
लाडलों,192
आंतों,72
पधारने,95
चलनेवाली,87
बालिक,75
रोहेड़ा,12
बुर्जुगों,192
पुरूषोतम,36
कटवाना,98
लुहार,32
एसएसजे,42
महलों,15
मनमोहा,133
चिकित्साकर्मियों,139
संवर्गो,52
विधानसभाध्यक्ष,42
बिछुड़,26
छिंदरपाल,32
तैरकर,145
संभालेगा,49
अतिश्योक्ति,39
ताबीज,62
भयाक्रांत,66
रुकेंगी,51
लगवाएंगे,49
पतझड़,189
भक्षक,119
गैंडा,29
सम्बद्धता,37
शैंपू,123
साहिबजादे,22
हांफते,171
सूंघ,69
निर्देशकों,192
लहराएगी,159
सिमटने,24
बुधिराम,32
खेलेगा,140
गुरूद्वारे,41
जगाती,87
घोंसले,9
फटका,104
टांगें,112
कलाइयों,112
पकड़वाया,93
खों,190
मलाईदार,7
उड़ायी,47
कबाड़ा,68
संवाददात,95
नास्ता,173
नगालैंड,125
सोहा,143
समितिया,42
बसाना,98
संवारना,98
सत्याग्रही,85
लांघा,76
राजस्वकर्मियों,139
लड़ियां,116
दधीचि,29
पेशबंदी,70
पाओगे,0
रिकॉर्डिंग,100
कड़ियां,116
महत्वकांक्षी,55
चमकती,13
बबाल,69
बेपरवाही,66
कंपाने,180
साजिशों,70
छुड़ाया,93
संभालनी,182
मुंशियों,139
कबाड़,19
जकड़न,190
निलम्बन,136
मनगढंत,84
पाणि,138
मिटेगा,140
राजमिस्त्रियों,139
दैविक,91
कबूतरबाजी,164
कर्जदारों,166
भारतवर्षीय,162
आसपड़ोस,190
खोजों,88
गद्दार,22
क्रमानुसार,105
गुनाहगार,71
दौड़ेंगे,49
फेकन,113
किशमिश,123
रेस्त्रां,41
पैथोलोजी,90
खौलता,188
ज्ञानस्थली,162
पहाड़िन,169
कीचड़मय,12
माणक,32
नीरस,133
जूझे,65
भक्तिपूर्ण,94
फरिश्ते,184
चापड़,16
गोरक्षपीठाधीश्वर,162
काटो,0
छोला,173
प्रणालियों,100
लेखों,60
शातिराना,66
जलाओ,8
हरना,187
कैशमेमो,117
मकोड़े,9
निगमकर्मियों,139
लिटाया,112
जरुरतों,88
मंगाली,161
सत्यकाम,162
तलाशती,87
सेवार्थ,91
फिसला,24
नवाजिश,54
चील,29
ऑडी,124
परिचारिका,149
कष्टदायक,31
खड़ग,190
छुपाए,171
छटपटाहट,26
जलवाया,93
चिड़चिड़ापन,31
अभावों,26
समाग्री,100
डिजिटाइजेशन,2
तहलका,111
मंगाते,161
गोंद,103
बाजारवासी,169
गोदना,62
जनजन,58
कार्यावधि,125
आत्मकथा,60
प्रमंडलों,52
मानेगी,140
काकी,138
फेशियल,123
सेंसेटिव,2
सुरंगों,92
सचित,27
शिवकुंड,169
गड़बडी,16
बाये,112
धुनें,63
अभ्युदय,91
युवाशक्ति,132
किश्तवाड़,126
अवधराज,32
कष्टकारी,31
डरती,87
घंटेभर,177
बावड़ियों,92
उपाधियां,116
अभिरूचि,37
बिगाड़ने,180
देवर्षि,162
श्रद्वालुओं,41
फर्जीवाड़े,74
बंधना,98
विच्छेदित,146
फिरना,98
जलधर,138
घटो,16
खटिया,9
एचआरपीजी,6
परिचालित,154
रामवतार,32
विदायगी,45
बसस्टैंड,17
उड़ाना,47
कैरोसिन,103
प्रतिरोधी,72
तिथिवार,52
चराते,9
बहका,84
सन्देश,58
व्याख्याताओं,6
हींग,123
बतायेगा,140
थमेगा,177
सर्वनाश,119
कांस्यकार,169
जोड़ेगी,51
नुकीली,104
रसीला,189
बैठककर,136
टपरी,124
फ्लैगमार्च,92
डायलेसिस,144
कहतीं,87
सत्तारुढ़,43
हीनता,119
अमनचैन,184
साइकलिंग,110
पाद,29
चूम,112
छूटना,98
सभावाला,169
नज्म,185
धनुषधारी,36
इन्द्रधनुष,133
उफनती,188
अभिशप्त,26
अम्बर,13
कसें,112
दुकानो,19
अलमारियां,116
गालिया,69
जलीं,8
विश्वबैंक,100
जुड़कर,58
एशोसिएशन,2
मिरगी,72
रेंगने,112
प्रार्थनापत्रों,186
तेरहवां,198
युगुल,113
दूरंतो,124
टैक्ट्रर,124
उद्धारक,91
तेईस,89
क्रीडा,110
बाइकसवार,164
उपदान,166
सपाट,112
छोटों,1
ताबिश,54
शूल,29
फुटबालर,110
मैन्यूफैक्चरिंग,2
हृदयरोग,90
पुर्नजीवित,146
चौमुखा,38
शकरकंद,123
संभाषण,37
बिकेगा,19
घबराया,69
ट्रॉलियां,116
राइफलें,126
कुश्तियों,110
कुल्ला,123
खंबों,174
कुरानख्वानी,184
चौधरियां,116
योगासनों,123
विशिष्टता,37
गुस्ताखी,71
सगुन,138
शिक्षाकर्मियों,6
उठक,69
बिछाये,101
ट्रस्टियों,41
फौव्वारा,188
गोशालाएं,116
सौभाग्यवती,143
पखवाड़ा,198
जूडिशियल,2
सहभाग,58
थानातर्गत,139
पुकारने,180
लम्हा,185
चढ़ाये,50
वीरानगी,185
अभिश्रव,169
प्रवरण,100
प्रचालन,100
विखंडित,31
तगड़े,190
एकाकी,26
छल्ले,112
ओवन,2
करधनी,62
समदर्शी,91
बुथ,16
जुर्रत,71
रागों,88
औद्योगिकीकरण,132
जलप्रपात,76
चबा,69
महाकाव्य,149
दस्तकारी,21
कुरबान,184
बरपाने,180
टेकन,2
दूरियों,88
सिफारिशी,7
टाईब्रेकर,110
नूनू,138
अभयारण्य,29
अर्जुनदेव,36
घुलने,180
ज्ञानवर्धन,58
दाब,72
जूती,62
यूकेडी,32
मत्स्यपालन,30
विकृतियों,88
खुदे,171
शूरू,98
डंडी,104
कामनाओं,91
अभावग्रस्त,75
पहाड़ियां,116
बदलवाए,141
विराजे,38
रती,138
तख्तों,92
हृदयघात,72
बिलबिलाए,69
घुड़दौड़,190
जलेगी,8
रामनिरंजन,36
आनंदविहार,17
मानिए,39
दिवाला,11
अड़ाकर,69
गुनहगारों,71
परिदर्शन,95
परिवारो,75
अविभाजित,149
दानदाता,108
प्लेटफार्मों,92
सीखो,0
ठुकराया,93
बावला,138
मचना,177
मासूमियत,133
शोधों,88
आंकने,180
अनुसेवकों,52
कास्तकारों,139
बंटेंगे,49
साधनसेवियों,169
उपनिषद,162
कानाफूसी,177
कर्मस्थली,162
भाईजी,27
पिलाएंगी,51
झोपड़पट्टी,75
हंसता,69
दहाडे़,164
एकजूट,132
एलोवेरा,123
बहिष्कृत,66
सफा,184
नापा,134
सदनीय,125
प्रभातफेरियों,169
हिलोरें,188
छड़ी,104
वंदिता,143
मधुरता,133
बिगाड़,172
बेवफा,185
श्रेयस्कर,98
धागों,62
अजातशत्रु,149
प्रांशु,27
मुख्यसचिव,42
रौड़ी,29
उफन,188
वयस्कों,192
फिल्मांकन,111
अनुकृति,37
बदलो,0
कहलाते,55
बनमाली,36
घुली,188
उलझती,191
कंपकंपाती,23
गांठें,112
बेमौत,65
राजद्रोह,70
एकत्रीकरण,100
चिकना,112
गोपियां,116
पोशी,184
लूटमार,164
यारी,185
दर्शाना,98
चरखे,62
चकरी,104
निरोज,12
मिटता,26
बत्तियों,13
अभिप्राय,37
कालिक,100
फैलना,98
खींचातानी,177
त्यागना,98
पड़ेंगे,140
चिढ़ाते,171
मिटी,185
गुरुमंत्र,162
उपार्जन,91
बांधती,87
हटाएंगे,140
रखिए,147
जड़ी,29
गमला,189
तबेले,9
महामानव,91
छुए,112
झांकिया,38
कर्ताधर्ता,84
छिड़ा,43
उभारा,37
बीजे,2
राज्यकर्मियों,139
गिट्टियों,122
गोंडवाना,149
मद्रासी,149
रोपकर,189
दादीजी,1
रोलनंबर,117
तेलुगू,149
टापर्स,183
रुद्रप्रताप,36
उजला,133
मुर्दो,65
श्लोकोच्चारण,95
बसना,98
सरदर्द,31
आरएसी,2
खता,71
बीजने,30
अंको,60
द्वारपूजा,34
मान्यताएं,4
रूपन,113
वायलिन,63
फाइनेंसरों,74
जीवांश,30
द्वादशी,34
ठंडाई,173
बेतुके,66
यूएमवी,169
टोटका,123
प्रतिवादियों,186
रामदर्शन,36
चौपले,113
मलकियत,113
कड़ियों,88
हिजरी,184
थूकने,68
अनापूर्ति,45
पावडर,103
अंगीकृत,154
मुंहमांगी,153
कमलनयन,36
निर्दलीयों,43
छलके,188
चट्टा,174
खगौल,113
गाथाओं,88
प्रदर्शनियां,95
बूटों,92
जनजागरुकता,58
पहनाते,62
सजाये,133
नामचर्चा,95
पिछड़,43
पृष्ठों,60
बुलाएं,147
चिमनियों,92
गैंगस्टरों,70
हुल्लड़बाजी,45
घड़ियालों,92
चीरते,171
ग्रामीणांचलों,139
गाइडलाइंस,135
विनियमन,135
मार्गदर्शिका,100
कल्पवृक्ष,29
ट्राम,124
वैद्यों,90
उगली,8
कुण्डल,29
रखाना,98
गोकशों,113
भांपने,180
हार्टिकल्चर,2
जूलूस,184
खेतीबाड़ी,30
रूकवाने,180
उत्पीडऩ,66
खर्ची,11
भ्राता,119
लगुन,138
बोवाई,30
शागिर्द,54
दर्जनाधिक,21
क्षतविक्षत,65
सूखकर,112
करू,0
भूखड़ी,100
योगिनी,38
उतारेंगे,49
पहनाएं,62
पोंछने,180
तजुर्बे,185
फीके,133
घोला,103
सुखाया,93
गिराये,35
विलायती,62
आचार्यश्री,162
पदाधिकरी,42
साईबर,70
पंचमंदिर,174
पक्षाघात,31
ऑटोरिक्शा,124
बजेगी,63
उखड़,24
फलने,189
छबीले,138
निगाहे,185
खिजरी,113
मटकों,9
देवलोक,29
महिने,198
आत्ममंथन,58
आतीं,87
टालना,98
सुलक्षणा,143
आंकड़ें,117
गाठ,190
मौैके,113
दमकलों,92
पम्पों,122
अंतरंग,37
कांपी,69
घायलो,90
दुखहरण,138
अपनत्व,133
बरना,138
धूलकण,188
पिंडारी,17
सुरक्षागार्ड,139
नाटिकाओं,111
उछालने,180
साध्य,91
नमस्तस्यै,38
गंगातट,41
प्रतिनिधिमण्डल,125
दुधमुंही,1
मझधार,3
बनवासी,75
बगौली,113
स्वर्णजयंती,95
सम्मनित,154
छुड़ाना,98
रोगमुक्त,90
झकझोरा,35
सप्रू,27
रोगग्रस्त,72
कैबिन,2
विरुद्व,135
अंगारे,8
गोलगप्पे,173
धर्मस्थलों,94
रंगो,133
रोडि़यां,116
टोपरा,113
हस्तकरघा,100
पत्रिकाएं,60
पीलापन,123
सर्वसहमति,125
स्वायत्तशासी,125
बस्तों,92
दाहसंस्कार,187
चूल्हों,92
आस्थावान,94
पराठा,173
सुन्दरी,29
प्रतिद्वंदियों,43
सुधांशू,27
आतिशबाज,158
मध्यवर्गीय,75
उतराई,76
कीड़े,72
कालीपूजा,34
पेजयल,122
फूलदार,189
धनप्रीत,32
अखाडे़,17
कौतुहल,177
पुनर्नियुक्ति,96
पदच्युत,136
रूककर,171
थपथपाने,180
पर्चों,117
हांफने,24
लुभावनी,133
वजहें,4
प्रभुत्व,119
शक्तिधर,91
मचायी,35
जुड़ीं,4
बदनुमा,185
पप्पल,32
शिवमुनि,36
पथरीली,76
पट्टेदार,166
थलसेना,126
संतरो,32
बांज,189
पत्तेदार,189
छटपटाते,171
महगे,2
पलकों,185
संभालेंगी,51
जलमार्ग,76
प्रशैक्षणिक,146
मशीनीकरण,30
पिटा,69
तोड़ाई,93
ग्लेशियरों,76
गृहिणियों,192
रफू,190
छत्ते,9
उगता,189
महारूद्र,162
भक्तो,38
स्की,145
खेलप्रेमियों,110
मृदंग,63
प्रतिरक्षित,72
कौवों,9
पिटना,98
चौगुनी,11
दुखती,112
पदमाकर,36
मलते,171
मुस्कराते,171
भड़ास,84
राज्यवासियों,192
दीपराज,32
जगती,133
लालपानी,17
गुलवीर,32
खोरों,74
आढ़तों,74
रसास्वादन,91
बायकॉट,136
लड़ेंगी,51
मनरेगाकर्मी,169
पुरवों,92
डिग्रीधारक,6
सलीका,185
बैंकें,166
झंकृत,63
दोगुणा,166
आड़ा,190
अन्त्येष्टि,34
भराकर,24
पिस्ता,173
समर्थको,43
खानदानी,7
नन्दा,143
व्यसनों,119
मौसेरा,1
भारतवासियों,22
अवशिष्ट,100
पुनस्र्थापन,100
खेलेंगी,51
रीच,2
जानकरी,60
टपाने,180
मिलिए,111
लपके,171
मट्ठा,123
मुहाना,76
तड़ियाल,32
रघुकुल,138
असंवेदनशील,66
पोले,112
पोर्टिको,174
मंगवाते,161
जुटानी,182
सफाए,126
रचाओ,190
भाता,98
मौसेरी,1
चिल्लाता,69
छिन्नमस्तिका,38
चेताने,180
शिवगोपाल,27
विनियम,135
पहाडि़यों,149
उच्चके,164
मोड़ना,98
दलन,187
संध्याकालीन,95
ताजियादारों,184
कर्मयोग,94
खिलते,189
तेजप्रकाश,36
तपते,23
गुणवक्ता,100
उपाध्यक्षों,42
दहाड़े,164
कुंवारे,1
नार,138
चुंबर,169
आइवीएफ,144
मार्गशीर्ष,34
बन्धु,55
पनिहार,17
राष्ट्रों,192
गुणकारी,123
नेत्रियों,192
उपयोजना,52
अनचाहे,31
इसीलिये,39
आयटम,111
स्वालंबी,146
बाल्यावस्था,149
अपरहण,70
स्त्रियां,116
जांचेंगे,49
बिठाना,98
पुकारे,138
समाचारीय,100
क्रिकेटर्स,110
जबिक,89
पयर्टन,174
कंप्यूटराइजेशन,2
तरफदारी,71
पालिथीन,103
छाना,103
बहत्तर,89
श्रीरामनवमी,34
चटकने,24
पीरखाना,41
जगाओ,0
सुसंस्कृत,55
उतारेगा,140
हाईअलर्ट,126
निष्प्रभावी,31
पोतों,145
सराह,39
साभार,60
नापसंद,66
शिल्पकला,21
झोकों,188
देवत्व,91
मालगाड़ियां,116
लाइफलाइन,2
रफ्ता,185
फोड़ा,158
संसोधन,135
नाइस,2
पशुचिकित्सा,90
अपनाती,87
खदेड़े,35
महाप्रबंधकों,139
बौखलाई,69
ऐंठे,112
सर्वविदित,39
मचती,177
अनछुए,185
गिरफ्तारियों,70
जड़ित,62
सबेर,177
बनवास,93
विवरणिका,60
घटकों,100
मजाकिया,111
काटेंगे,140
जनकवि,55
तीतर,29
चूमेगी,147
खोदते,9
उफनाने,122
पिस्तोल,104
डिहाइड्रेशन,123
जगनिवास,174
पढ़ीं,182
भाती,87
बुद्धराम,36
नईबाजार,17
गगनचुंबी,174
स्वामिनी,91
हुजूरी,7
अर्थात्,119
रौंदी,35
दिहाड़ी,40
शनै,31
बंधबहाल,45
पद्वति,94
सपेरे,63
उपकोषाध्यक्ष,42
असंगत,37
दयामय,187
अभिहीत,42
फारूखी,54
डेसिबल,89
ललाट,112
ब्रह्मचर्य,94
फीचर्स,2
सांचे,103
कराहता,65
सिन्धु,149
खरीदीं,182
राफ्ट,145
रेफ्रिजरेटर,103
छुड़ाई,35
पकड़ीं,182
बेतुका,66
सन्मार्ग,91
लेटने,112
वासुकी,29
मती,138
भराए,6
चुभन,26
मंझला,1
दोराहे,76
अनियमिताएं,52
सोसाइटियों,192
फेफड़ा,72
धज्जिया,47
प्रतिपादित,37
मौलानाओं,184
मिलो,0
चट्टे,103
महरुम,65
फैलेगा,140
चेतन्य,36
कर्तव्यहीनता,66
कठिनाईयां,4
ऋतंभरा,162
गलाने,103
वनदेवी,38
जमुनापार,17
लांघकर,76
संस्कारयुक्त,94
भेंजे,161
मध्यकालीन,21
पूर्णियां,17
कमाएं,11
आलोकित,13
सिनेमाहाल,111
जिए,147
बोधी,138
डोसा,173
मतवाला,138
गड़ासा,190
मुबारकवाद,193
रीठा,123
पैडल,124
एकसूत्र,94
देवजीत,32
योगमाया,38
जिलेवासी,139
गृहस्वामिनी,1
स्वशासन,125
दौडे़,69
पदो,52
मतपेटिकाएं,116
मार्गीय,76
तदनुसार,149
बुजुर्गाें,139
बेनाम,185
गांधीगीरी,132
नवदंपती,192
शरमा,69
जुड़वां,1
कमंडल,29
भिगो,188
पछताना,98
दिवालिया,11
इकाइया,100
दौड़ाकर,35
अटकाने,180
ढंके,171
फिजाओं,185
पायरिया,123
बाईस,89
फैलाएंगे,49
चेकडैमों,122
गुजिया,173
एकाग्रचित,91
परजीवी,72
पंहुची,28
महाशा,36
उच्चत्तर,146
अभिजात,15
जगमगाएगा,13
कम्पनियां,74
संवादों,88
छेड़,84
क्षत्रीय,15
प्रतिपालक,91
छोरों,92
न्यूनीकरण,100
ताम्र,29
फूलमनी,113
मेंढक,29
बड़कू,16
यमदूत,69
सुनेगी,51
धनवंती,143
दुर्दशाग्रस्त,146
ईंटे,9
दैहिक,119
सुनाएं,147
बढ़ो,0
सोचो,0
घासफूस,9
आतिशी,185
अंतर्जनपदीय,6
आशीश,27
अखाड़ों,192
मुददों,88
भगोड़ा,70
हिंदपीढ़ी,169
शिवकली,113
शिक्षाकर्मी,6
कुलेश्वर,38
छोडकर,181
बेंचकर,19
रुतबे,7
टयूबवेलों,92
उतम,187
रील,111
स्वंयसेवी,55
त्रिवार्षिक,95
कचहरियों,186
स्मृतियां,4
ब्रह्माज्ञान,162
पाजामा,62
लोकों,91
आयोगों,52
सौगंध,138
सत्यनरायन,36
विषयवस्तु,37
सिनौली,17
जुएं,103
समष्टि,91
बंधकों,126
गैरों,185
आधीन,119
बर्ष,89
घिसटती,24
सुपुत्री,143
भाड़ावास,41
कालीमंदिर,38
चिन्तित,31
गुणानंद,36
शिववचन,113
कालीनों,92
गमों,185
सीमापार,126
परिस्थतियों,88
साइडों,92
मंगायी,161
अपरोक्ष,66
जगाएंगे,49
लड़ाकू,145
तहसीलें,116
चूस,69
रूपयों,11
विरक्त,119
परिणामस्वरुप,31
सछ्वाव,95
बिकेगी,19
संतानें,1
उजले,62
अनुज्ञप्तिधारियों,52
स्मृतिचिन्ह,174
लुटाने,11
बिट्टी,1
जलशोधन,122
छिपते,171
बिलखता,65
तोड़ते,171
अखण्डता,94
ढूंढ़ते,171
मनसुख,138
देशभगत,22
सेकने,173
गुरुवचन,36
अंगरक्षकों,15
सैकेंड,89
बवालियों,70
अधाधुंध,68
डरना,98
निपटेंगे,49
प्रियतम,133
धूलभरी,188
सुन्दरता,133
एंजियोप्लास्टी,144
यारों,185
भंजन,187
एकलाख,54
नोड्यूज,166
चाऊमीन,173
अवयस्क,1
शीर्षस्थ,55
बुर्जुग,75
धमनियों,72
भरवाये,50
आकृतियों,92
लकड़िया,9
चरित्रों,163
तेलों,123
हबीबुल्ला,54
तत्समय,135
बैठके,136
रांझा,54
बंटेगी,49
निकालीं,182
साड़,16
झुलाया,93
नजला,123
पीडिता,1
जुटीं,87
बुलाती,87
चश्मदीदों,70
प्रबुद्धजन,178
होंगें,140
धाराशायी,24
डराना,98
सौदों,74
याशिका,143
एटलस,2
स्थापत्य,174
वामदल,43
वहिष्कार,58
भूंकप,158
निंद्रा,91
नक्षत्रों,192
झुकाया,93
मजाल,69
छूता,171
दिलवाएंगे,49
दोहरायी,105
निखरी,133
दिवानी,185
गद्दों,92
सौंफ,123
अछूत,75
सींचा,189
ऐवज,153
इंस्टाग्राम,111
दानदाताओं,192
चमाचम,190
उगलवा,84
मृदु,133
बेतुकी,66
चीखती,87
उत्सर्जित,72
कलाबाजी,111
करोड़ी,11
आक्रोशपूर्ण,66
चकबन्दी,52
पायजेब,62
काउण्टर,2
मूल्यांकित,154
खाईं,69
कबूतरी,143
फक्कड़,55
बंदीरक्षकों,139
रखनेवाले,55
अनाड़ी,55
अच्छाइयों,88
जानेवाला,93
खिंचवाई,182
छेदक,104
उड़ेलकर,50
देखादेखी,192
अभिलेखीय,100
घिसटता,24
जहाजों,145
बोलियों,21
रिश्वतखोर,7
वॉट,89
विश्वव्यापी,100
कांटेक्ट,2
दशानन,29
थोड़े,181
घेरना,98
गुणवतापूर्ण,146
महाष्टमी,34
उच्चशिक्षा,6
खोलनी,182
बहुप्रतिक्षित,111
चीरती,188
लुटिया,103
रोई,69
निचोड़,123
स्लॉटर,2
श्रेष्ठतम,91
सत्संगियों,162
पतंगे,13
अराजनैतिक,132
पंचायतवासियों,139
ज्येष्ठता,52
टोटके,11
प्रलयंकारी,29
तनीषा,143
बांटें,147
फूंकेंगे,53
कार्यरूप,154
बेदर्दी,65
कसबे,17
संस्थाध्यक्ष,42
भाईचारक,169
निरुत्तर,59
सहकार,58
चांटा,69
जुगनी,143
उद्घाटनकर्ता,42
अनुचर,15
खंडीय,42
डीएमडब्ल्यू,169
पंचायतघर,139
युद्धों,15
लोकमित्र,36
क्षेत्रीयजनों,139
बहनजी,69
बिकीं,182
रखवाला,71
भूमिकाएं,4
जमानतदार,186
नैनीडांडा,169
दूतों,15
वित्तायोग,125
पाकेटमारी,164
कद्रदान,185
मूलधन,166
बतायेंगे,140
रंगीली,133
पुर्जो,92
उद्योगमंत्री,42
दरबारों,15
लिखवाए,60
आनलाईन,117
मंजिलें,185
कलपुर्जे,124
पहुँचने,28
स्वतन्त्रता,149
थोपना,98
मुसलाधार,188
भीतरघात,43
दातून,123
विद्रोहियों,126
गृहस्वामियों,139
दशमलव,89
तन्हा,185
मसूड़ों,123
नशेड़ी,164
ज्ञानार्जन,94
समुखिया,169
गाएं,63
रूपवती,133
सम्पत,32
नजारों,133
लाइसेंसधारियों,52
खिंचवा,50
नियुक्तिपत्र,45
झासे,16
हममें,181
खर्राटे,72
उत्तेजक,31
चाहतीं,98
कंकर,9
जगरानी,143
सोएं,147
पलने,180
आशावादी,58
फिल्मोत्सव,95
तटस्थ,37
व्यवस्थायें,4
बरतन,103
झलकने,177
छोटो,138
दुराचारियों,70
बेलदारों,139
मनोभाव,119
तिल्ली,72
जन्मांतर,119
हंसाने,111
मोर्चाबंदी,132
गर्द,185
मसान,138
कृतज्ञ,91
गबरू,138
शामचौरासी,36
शरणानंद,36
ड्रैस,62
डोलियों,92
नौकाओं,145
हमलावार,126
पांवों,112
तुक,180
दीए,13
रिक्शाचालक,139
ऑटोग्राफ,153
पतों,117
फलदायक,91
जामों,92
पूजते,38
सहनशील,55
हैण्डपम्पों,122
लीबिया,125
व्याधियों,72
कोरियन,2
मायानगरी,111
महाचंद्र,36
छिन्नमस्तिके,38
फुंकी,122
संघर्षों,88
स्प्रीट,2
पशुबलि,94
प्रतिबिंब,37
पेंशनों,52
उक्ति,37
लेखाकारों,52
यतीम,65
कत्था,103
घुलनशील,72
दुर्दात,70
रौंदता,35
प्रत्यायन,6
डिजायनर,62
विज्ञापित,154
फव्वारों,174
विराजित,38
गीदड़,69
टुकडे़,112
टकराती,127
बिकना,19
टंकण,60
मृतिका,1
रीछ,69
चुटकुलों,111
कृष्णांजलि,36
अंतर्मन,91
थामकर,112
पछता,69
पकड़ाने,180
नकछेद,113
हृदयविदारक,26
आईएमटी,2
तिलांजलि,58
अंतरात्मा,119
मुख्यमंत्रित्व,125
भिक्षुक,61
मधुशाला,149
व्यापरियों,74
टरकाने,180
उपला,9
श्रोतागण,95
इष्टदेव,38
केज,2
लुढ़की,24
अपराधीकरण,132
बंधकर,171
अरुणेंद्र,36
महामन्त्री,42
जुदाई,185
कबाड़ी,19
अस्ताचल,13
चंकी,27
लकवाग्रस्त,31
कालाबाजार,74
तिकड़म,7
शैलारानी,36
न्यायमित्र,42
गुलबहार,54
कविगुरु,149
नरसेना,139
शय्या,187
घुमड़ते,188
मसोस,69
लहराता,159
कूड़ाघाट,17
मलहम,112
हिटलरशाही,132
सैन्यकर्मियों,126
औघड़नाथ,2
नर्तकियों,192
सांड़,9
वकालतखाना,45
संशो,100
राजाज्ञा,135
न्यारी,133
मुगलकाल,149
समयाभाव,31
साध्वियों,162
मंझे,55
नवाबी,15
सिमटती,87
लम्हे,185
गिरिजाघरों,192
उखड़वा,190
बेंदी,138
मंचीय,111
वरिष्ठों,7
उदाहरणों,88
भौतिकवाद,94
ट्यूबेल,122
डांटते,69
उगाते,189
बुलन्द,58
कम्प्यूटरीकरण,100
वामपंथ,132
कुतिया,69
चरते,9
अन्त्यपरीक्षण,45
वीरभूमि,17
खींचता,171
उड़ता,29
समझाएंगे,49
ट्रैकों,92
उपनाम,149
वास्तुकार,55
बखिया,84
व्यवस्थागत,88
रीडरों,117
छोरी,138
गिरफतारी,70
किशोरवय,1
स्फूर्त,91
सरकंडा,17
धन्वंतरि,162
सांकृत्यायन,149
ब्रहमचारी,36
मर्दानी,111
ब्याना,169
सम्भावित,31
बीबीवाला,17
रेलों,92
तोड़ेंगे,140
हाथीखाना,17
अप्रतिम,133
प्रविष्टियों,60
सहकर,26
चोंटे,72
अंकुल,32
लुढ़ककर,24
सुलगने,8
सोहारी,173
पंड्या,27
भौजाई,1
सेवायोजना,52
लिखनी,182
अड़चने,4
आत्मजीत,32
माधवन,27
प्रोविजन,2
बीतीरात,17
रक्षार्थ,22
खगोल,21
मैंस,2
आयोजना,95
उलझाकर,191
निवेदित,154
अज्ञानी,119
खड़ंजा,122
साथा,138
दानवों,29
पूज्यनीय,162
सिरों,112
पिरोकर,133
धर्मरक्षिणी,169
मध्यक्रम,110
कनुप्रिया,143
चट्टानें,116
पैंतालिस,89
हरजी,32
नियोगी,36
असहयोगात्मक,66
उवर्रक,30
निर्वाही,45
फतवे,184
वृश्चिक,31
रामविशाल,32
भांज,104
धर्मशालाएं,41
भौचक्के,69
लड़कियो,1
इमारते,174
विश्वनाथन,27
ओढ़नी,62
प्रतीक्षित,154
पवनप्रीत,32
भगाते,171
खेतीबारी,30
पनघट,188
शस्य,30
शांतिभूषण,36
सड़ता,190
मुवक्किलों,186
बुर्का,62
झल्ला,69
दरियाओं,185
रंगबिरंगे,62
बाड़ों,92
विभेद,37
डसा,190
बांछे,133
तराशा,93
सुधारात्मक,100
तुझको,185
गयो,138
घुड़सवारों,15
सिंघाड़े,173
उदघोष,22
पशुबाड़े,169
डरें,147
नर्तक,55
भड़काऊ,66
भिडे़,113
एम्पायर,2
जुड़ेगी,51
हक्के,69
जहन्नुम,184
अत्यावश्यक,100
खुल्ला,84
मारेंगे,140
पटाखें,158
लड़ते,43
संदेहजनक,31
उसूलों,88
नाकारा,7
बांटती,87
वकालतनामा,186
हुकुमत,15
फेका,69
रेलपथ,76
डिबिया,103
मुस्कुरा,133
मचेगी,51
सत्यवादी,55
बट्टे,166
गरजने,188
फूहड़,111
भीगकर,188
पलता,65
तारण,138
चाइल्डलाइन,2
अधोहस्ताक्षरी,117
वृद्धाओं,192
डली,103
बन्दूक,104
महिलाकर्मी,139
धर्मग्रंथ,94
डण्डे,104
हुरियारे,138
उपनगरों,192
बांझ,144
फेरियां,116
सार्वदेशिक,149
घड़ियाली,188
उत्तरवाहिनी,38
रखवाई,50
धांधलियों,74
निपनिया,17
अवकाशों,52
संवादादाता,42
आक्रमक,66
पकौड़ा,173
मजारों,184
ओहदेदारों,7
बुद्धवार,198
कृष्णमय,133
अपराधकर्मियों,139
सुनाईं,182
मोबाइल्स,2
प्रास्पेक्टस,2
तुच्छ,119
मैती,149
झालरें,13
जन्मशती,95
बुद्धिमता,37
थोडी,177
छूटती,87
सटोरिये,74
संवरेगा,51
उपजातियों,192
पतवाड़ी,12
मानवतावादी,94
चिकित्साकर्मी,139
घड़ियों,92
कंठस्थ,183
दीवारे,174
क्रीड़ांगन,95
अकेलेपन,26
मातवर,113
नवरात्रे,34
जीतोड़,11
अकलियत,184
रजऊ,138
ठोकरों,185
रचाकर,1
जीवनसाथी,1
फरमानों,184
सम्पादित,60
कलाकरों,111
भौंकने,69
चाहो,0
दफनाए,35
आपराधियों,139
पहचानकर,91
स्टंप,112
दौड़ते,171
मंगलकारी,91
सप्ताहव्यापी,169
पराई,65
छींटा,103
प्रत्यर्पण,186
निष्फल,91
बननेवाले,119
नाचती,87
संभालता,93
विजयवीर,32
वाइपीएस,169
अतिक्रमणों,74
भये,138
नुस्खा,123
महंता,32
चॉक,103
तख्ता,112
सुब्हानी,54
अधरंग,90
दबंगता,66
बाहुबलियों,74
आंतकियों,126
अरुणोदय,143
खर्चीला,31
छप्परों,92
भाड़े,166
पाठशालाएं,116
हटाएगा,140
मलमूत्र,68
नेस्तनाबूद,35
लड़खड़ाती,73
लड़ना,98
अड़चन,31
सर्वहारा,132
ठहरता,171
निशानियों,185
घरेलु,100
थका,177
सड़कर,190
फरमाने,180
नाखुशी,66
वर्दियों,126
पंजाबियत,185
सरोबार,188
रंगेहाथों,164
दौड़ाना,83
सत्यनारायन,36
जगता,91
बेगाने,185
भाजे,138
कठोरतम,71
छानती,87
डराकर,35
गर्भवतियों,144
धर्माचार्यो,162
कीडे़,68
बिगड़ना,172
बगलें,112
प्रबंधिका,143
पंसदीदा,111
कहेगी,140
उड़ने,180
विद्याओं,162
अश्रु,188
बारहसिंघा,29
बजाता,63
चिकनाई,72
घोट,190
बिछड़ने,26
मानवीयता,156
चहेता,55
सुलभता,108
दरगाहों,184
परायणता,94
चंद्रोदय,34
पहचानी,182
तीर्थंकर,149
नहाकर,188
संदर्भो,88
ज्योतिर्लिग,38
ताशे,63
बुझकर,69
कौवे,9
जगतनारायण,36
लीडरों,192
लेके,171
तोलने,134
जवाबों,88
गदंगी,68
रसीदों,117
सोलहवीं,149
घुसता,171
दरबाजा,41
अंकतालिकाएं,116
जोड़ाई,93
पारिस्थितिकी,100
अजैविक,30
इनामों,166
बिछुआ,138
सूक्ष्मता,37
मुश्तैद,45
फैलायी,182
घोडे़,124
सीवरलाइन,122
तिनके,112
खौलते,103
सहजन,189
पिताम्बर,36
दिखनी,182
काउंटी,110
भेड़ें,9
बिरले,55
ऐनक,62
अभिभावकगण,6
आवर्धन,100
न्यायपीठ,186
विद्वता,37
फंसाते,84
चूमती,87
बलिदानों,22
रूढि़वादी,132
प्रतिस्पर्धी,100
टुकड़ों,92
बरसता,188
सूझा,59
स्नानघर,41
धनकुंड,169
अनुसचिव,42
बेगाना,185
भिड़ते,43
अनुभवहीन,55
हिचकिचाहट,153
बरगलाकर,84
कॉलोनीवासी,139
गोरैया,29
प्रत्यय,37
विश्वगुरु,162
आइंदा,71
भाषणबाजी,66
विघटनकारी,66
मजनूं,54
उड़ाते,47
स़फाई,16
सांड़ों,16
नकदीकरण,166
पल्लवित,91
संकीर्णता,66
कंपकंपा,23
मायाजाल,84
परिवर्तनशील,37
षष्ठम,198
वनाधिकारियों,139
बॉस्केटबाल,110
दौड़ेगा,140
मुर्गीपालन,30
साहिबानों,184
निर्भीकता,58
जगतवीर,113
लगाईं,182
अरबपति,11
कुलदेव,38
प्रतिद्वंदिता,43
रातोरात,11
सीटीपीएस,169
हैरतंगेज,111
द्रव्यों,72
लोकापर्ण,95
छात्रसंख्या,6
आक्षेप,66
पंचक,34
पछाड़कर,43
सुलाने,180
तथ्यात्मक,37
फर्जीवाडे़,74
मेहमाननवाजी,177
अभिज्ञान,149
कांस्टेबिलों,139
ड्यूटियों,139
बजीं,63
उत्तराधिकारियों,15
राजप्रीत,169
नौबहार,54
उत्पीड़नात्मक,169
श्रृंखलाबद्ध,100
गरमागरम,173
पार्टटाइम,2
चिल्लाया,69
अठन्नी,11
दूधिए,164
अकड़,69
रिसाइकिल,68
चक्रधारी,36
कुटुम्ब,119
मगरमच्छों,192
टोयोटा,124
गाता,63
सर्दियां,23
सदाफल,187
मंजन,103
गिरिजाघर,174
दादाजी,1
खास्ता,71
जिंदगानी,185
पढें,147
मरवाने,180
ब्रह्मस्वरूप,162
परिस्थति,31
विषैली,72
हैडपंपों,122
पुनर्परीक्षा,45
निषादों,29
कटाया,93
सुस्ता,171
उपदेशक,55
जिताना,43
ट्राफियां,116
श्यामवती,1
टेड़ी,190
तरना,17
सिखाकर,93
अभयदान,91
वृद्घा,9
संबद्धीकरण,52
सनशाइन,2
क्षैतिज,112
बुदबुद,188
सिक्खों,192
दूब,189
रहनुमाओं,184
फिसली,24
रस्मी,184
बांयी,112
घमंडी,66
सिकुड़ने,112
पूजने,94
बाउण्ड्री,2
सिलने,62
उपजाने,30
सूतक,187
अल्पकालीन,100
रेजर,2
उठाओ,0
कूंचा,113
गुफाओं,174
प्रेमभाव,119
छानकर,103
बुराईयां,4
टिकने,180
रीतियों,94
अंशदायी,52
जिनेंद्र,36
सदाचारी,119
लकड़बग्घे,69
बाइ,2
मलीन,187
बुरादा,103
करुणानिधि,149
राजवर्धन,32
सुजल,27
सेकेण्ड्री,2
राजशाही,132
आगंनबाड़ी,52
टेलीस्कोप,2
प्रखण्डों,169
प्रिंयका,143
पहचानती,87
लड़खड़ाने,121
बंधियों,122
अर्जियों,186
कार्यस्थगन,52
पिछड़ते,172
आंगनवाड़ी,52
उपखण्ड,42
रुकावटें,4
लपक,69
कूचे,185
जियोलॉजी,2
फिटकरी,123
झूमी,190
भ्रुण,144
शनिधाम,38
जुड़ाव,58
टांका,112
झंडू,138
मनीषियों,94
ट्रांसमीशन,2
विरासतों,156
महाकौशल,149
सिसकियां,65
महुआटांड़,12
तरकश,104
अपनाओ,0
नाड़ा,112
पोस्टरबाजी,45
हाटों,92
उपली,113
रुकीं,87
नीलगिरी,189
वृत्तचित्र,111
रसायनशास्त्र,100
फकीरों,184
पनडुब्बी,145
पीपों,92
नाट्योत्सव,95
जिल्लत,65
सत्यबीर,36
सर्वव्यापी,91
इंस्पेक्टरी,139
अस्सिटेंट,2
यातनाओं,26
बिगाड़ना,172
मंगलगीत,63
जूबाए,12
रबड़ी,173
जिन्दाबाद,22
मोड़ते,171
चालों,88
ठहराना,98
खुराफात,177
संबन्ध,37
पीसने,103
अकादमियों,192
झटकने,180
शिवधन,113
बम्बा,17
पटाने,180
टेलीग्राम,2
बंजारों,192
सपंर्क,72
गिरगिट,29
कटीले,189
कालेवाल,32
हथियाना,98
लेखानुदान,52
थानाक्षेत्रों,17
तिब्बतियन,169
टेके,112
हस्तशिल्पी,55
झमेला,98
गद्य,60
कीर्ती,143
संसारी,119
धर्ममय,94
सन्दर्भ,37
ट्रंासफार्मर,122
अपनाएगी,51
अनोखेलाल,36
सुलझाई,191
बंबई,149
सरिए,190
नटवार,17
तलक,185
निजता,37
उपचुनावों,43
तम्बू,9
सुहागन,1
प्रक्षेप,100
लड़े,43
बैनामों,117
फंसाये,84
पाखंडी,66
सर्कुलेशन,2
सहती,87
सुनाती,87
विकृतियां,4
स्नेहिल,133
राजपरिवार,15
महापुरूष,162
धन्नो,143
अभ्यस्त,31
टालता,153
भण्डारी,36
शत्रुओं,15
भेंटवार्ता,95
कमीशनबाजी,74
सति,187
जीवाश्म,100
पुरातत्वविद,55
चौड़,16
ढकोसला,84
मारुफ,54
नोटो,117
भटूरे,173
हिरनों,29
सीरियलों,111
परिहवन,122
उमडे़,16
सहेजकर,60
बहकाने,180
छुटभैया,7
व्यूह,29
झुकाने,180
फास्टफूड,173
खीझ,177
गिड़गिड़ाने,180
मसजिद,184
कूचकर,190
माइक्रोस्कोप,2
संवत्,149
ईमानदारीपूर्वक,37
पसली,112
बढ़ावे,58
सैकड़ा,89
इसीक्रम,70
दावते,184
अनुमानत,89
मुंहतोड़,126
भक्तगणों,38
छूटता,171
लहलहाते,189
ख्यातिप्राप्त,55
सेंटीग्रेड,198
शर्करा,72
विकासखण्ड,17
पीहर,1
सुरीले,63
गुलपोशी,184
मौते,89
हंसना,98
दिलाओ,0
दंबगों,164
पूर्णागिरी,38
स्पीकरों,92
अरण्य,29
टांसफार्मर,122
अलापने,180
उलझाए,191
निर्दयता,66
बेगानी,185
बंधपत्र,166
प्रखंड़,17
पशुवधशाला,169
छेड़ते,69
मान्यताप्राप्त,100
खदेड़ने,35
पण्डाल,41
छिनी,43
दबंगो,164
खंगालेगी,51
उच्चधिकारियों,139
रुलाने,180
थानाधिकारी,139
सम्पत्तियों,166
मजबूरियों,88
राष्ट्रगीत,22
चलायें,147
नर्सरियां,116
लौहपुरुष,22
सर्वदा,91
अनिष्ट,119
जामकर्ताओं,139
संक्रान्ति,34
वर्षाे,198
पाबंदियों,135
बोझे,112
मौहल्ले,17
स्वरांजलि,143
तपने,8
शुलभ,113
वेटरिनरी,2
इज्तमा,12
जैतून,123
फटकारते,69
भूस्वामियों,15
उभार,112
नपुंसक,119
ग्रामप्रधानों,139
पिंजड़े,9
प्राचीनता,37
थानगांव,17
छींक,69
उतराते,171
महका,189
खिसकते,171
विश्वस्तर,58
बेरंग,185
पगला,69
करवायें,147
देवकुंड,17
सावरिया,138
मण्डप,174
कार्यपूर्ति,45
बंटना,98
कट्टरपंथियों,192
खिंचाव,31
स्निग्धा,143
विकासकारी,100
ढूंढ़ना,98
गुनगुनाते,63
ख्वाबों,185
अकड़न,112
ढलती,185
सत्यनिष्ठा,37
समानान्तर,37
तौहीन,71
चक्रानुक्रम,100
भक्तिगीत,63
भारतमाता,22
रजाइयों,92
चटकीं,190
खुशामद,7
भंिट्टयां,12
अदंर,171
चुकें,39
पियें,123
बताशा,173
जगाए,147
हृदयपुर,169
पकड़ेंगे,140
चलाएंगी,51
परदादा,1
रीतिरिवाज,94
कालापानी,29
चौंकिए,39
खंडवार,52
प्रशसनीय,146
हिमखंड,188
केन्द्रो,52
सेल्समैनों,139
सुलगते,8
विश्वरूप,162
ट्यूबलाइट,111
धारावाहिकों,111
चिन्ताजनक,66
नामांकनों,88
त्रुटिरहित,37
दुर्घटनावश,31
सिरी,138
लॉलीपॉप,84
टायफायड,72
धूना,187
फेरते,171
खटोला,138
दुखभंजन,138
नर्म,112
प्रणीत,149
लड़खड़ाते,73
आक्रामकता,66
उपकुलसचिव,42
बारुद,104
नागवंशी,149
मुझमें,119
कूड़ादान,68
अंगना,138
फैनी,2
गैंद,16
निमेश,27
हरिदर्शन,36
लांघने,180
मंझली,1
आवासी,75
बंदगोभी,189
पाठागार,169
वॉकी,2
छूत,72
दस्तकार,75
फूलबदन,113
भूदेवी,38
एमओआइसी,12
विवेकशील,55
हड़प,11
चींटी,29
कालीमाटी,17
घेरेगी,51
सामाजिकता,37
तिगड़ी,113
मुंडेर,9
बताएंगी,51
ब्रजबिहारी,36
साहिर,54
तमाशबीनों,177
पहनेंगे,140
खुराफातियों,92
गौसेवा,94
अतिथिशाला,175
तीरे,138
फिरती,87
धोखेबाजी,84
जीवंतता,37
एरोन,27
माँगी,153
झेलता,26
चिड़ी,190
विवेचन,37
बहक,69
किलेबंदी,174
बिछानी,101
पढ़ेगा,140
डालियों,189
इंद्रधनुषी,133
जुराब,62
झुण्ड,9
बंधेगा,112
सेगमेंट,2
श्रीचरण,36
भूमंडलीकरण,132
दहकते,8
तरसता,65
पूर्णेदु,146
लोंग,2
झुककर,171
शैशव,149
ठिठुरे,23
चुस्कियों,177
बिछाते,101
संप्रेक्षक,42
कंघी,112
खर्चों,166
खिसकता,24
छानते,171
भट्टियों,92
सांढ़,190
जायेगें,140
थिरकीं,63
खुश्क,188
मारेगा,140
बटवारा,135
अविभावकों,6
अध्यक्ष्ता,42
तात्कालीन,125
बॉयफ्रेंड,1
खिलाती,87
आसना,113
पागलपन,31
सांवला,133
कन्नड़,149
रेलबाजार,17
तकलीफें,4
बैठेंगी,51
मंडराया,93
तवे,173
गुब्बार,188
नियंत्रकों,100
सूरतेहाल,184
रुदन,26
मरघट,8
चतुर्वेद,162
नेग,153
सेवइयों,173
जीवाणुओं,72
निरुपम,27
व्यवसाईयों,74
व्यापकता,37
ढूंढती,87
पधारो,138
विस्फोटों,70
त्रिगुणायत,36
अनुपलब्ध,31
व्याघ्र,29
मनवांछित,91
मनवाते,39
झाड़िया,189
राउंडअप,2
काडों,190
व्योम,29
शॉक,2
बनाईं,182
सच्चितानंद,36
परखेंगे,49
मंझले,1
आईसक्रीम,173
जिताएं,43
चमकीला,29
गन्दा,68
चिताओं,8
दौड़ी,87
दर्शाये,154
प्याली,103
भालुओं,29
चलायेगी,51
गद्दारों,22
तिरूपति,38
हादसाग्रस्त,169
अनानास,123
लेटलतीफ,74
निषिद्ध,135
घुड़चढ़ी,12
जागेगा,140
जगहें,116
रंज,185
मापन,100
इमला,138
खेदजनक,66
अमृतधारी,165
कोरमा,173
बादामी,29
प्रकांड,55
गॉव,17
पुनि,138
रोचकता,37
गारा,9
विरल,37
जलेंगे,140
नौंवा,198
भड़का,35
मकड़ी,190
कीटाणुओं,72
नौरंगी,138
आईने,185
एडमिनिस्ट्रेटिव,2
तलाशनी,182
भुगतेंगे,49
पुनरोद्धार,100
पदवी,149
आस्तीन,62
गंवाया,93
अपवित्र,119
नवम्,198
धर्मग्रंथों,94
अदाकार,111
लहसून,123
मायना,37
अमिषा,143
बचीं,87
सरप्रस्त,146
भुलाने,26
जनशिक्षा,6
सेखुई,113
पाकशाला,41
अग्रज,55
रसधारा,188
बायोपिक,111
अरुचि,31
तरसा,65
सडकें,76
साम्राज्यवादी,132
डराते,171
गुनगुने,123
छोड़ों,0
सफलताओं,88
पढ़नी,182
चमेला,169
एयूआर,12
कश्ती,145
छेड़कर,190
भुजंगासन,123
घरौंदे,185
गैंडे,29
दोतरफा,88
बरसना,188
कर्णधारों,132
भेंटे,138
शराबखोरी,66
हटती,87
आजमाई,182
रामआधार,113
संर्पक,72
मिठुन,16
तिलमिलाए,84
धुकधुकी,177
किनौनी,17
क्रेनों,92
सभाध्यक्ष,42
लाओगे,0
हुक्के,103
औद्योगीकरण,132
उगलना,98
विध्वंसक,145
सूंघने,123
नवान्न,193
सीलकर,50
चिढ़ाने,180
अतिमहत्वपूर्ण,100
पर्वतों,29
आनेवाला,181
मनस्वी,55
स्थनीय,125
नपाई,122
बिछवा,190
तानों,63
चुंबकीय,100
असक्षम,154
लुप्तप्राय,149
सावधानीपूर्वक,37
मझले,1
नापतौल,134
खुदवाए,9
प्रकाशमान,13
खालें,103
छल्ला,112
अभिनेत्रियों,192
महोगनी,62
आरोहण,29
गोकुला,22
लाभान्वितों,52
सगंठन,125
खिलायी,182
युक्तिकरण,100
पंचगव्य,90
मचाये,177
महगांव,17
सेतू,76
सार्जेंट,2
जनभागीदारी,58
जुटाएंगे,49
नामुराद,65
कॅालेज,6
अंत्याक्षरी,44
जताता,39
मुख्यध्यापक,169
पंचायतवासी,139
हस्तनिर्मित,62
घिसट,24
जनप्रिय,55
गर्मागर्म,173
ग्रीष्मकाल,198
रामसिंगार,36
संपदाओं,100
जैनियों,94
सार्वभौमिक,37
तास,138
पदाभिहित,186
ब्रम्हा,38
अश्वगंधा,123
ताल्लुकात,70
भुजा,29
आयत,184
फहराए,159
जन्तुओं,29
कुल्हड़,103
चढ़ाएं,147
छत्तीसगढ़ी,21
लिखायी,183
सड़,68
बेदर्द,65
सफलताएं,4
प्रपात,29
सलहा,190
प्रत्याशिता,169
सौतेलापन,66
उत्तरदायित्वों,88
जगमगाते,13
जाचा,16
मिलनेवाले,181
किताबे,60
पचाने,123
पिटते,69
ठिलिया,17
शासनस्तर,52
ढक्कनों,92
परिचारी,146
अनुश्री,143
वृद्धजन,75
टांगकर,50
अपीलकर्ता,186
प्रसिद्घ,149
दिखावटी,66
परीक्षायें,6
घोड़ी,29
संध्याओं,34
कालाबजारी,74
मसलक,184
सलटाने,180
सताएगी,51
हृदयस्थली,174
जोड़ियों,111
लड़को,1
तरु,195
पखरौली,17
अनुवांशिक,72
वास्तुविद,55
अनुसेवी,146
आयुसीमा,96
किरायों,166
हिलते,171
अतिव्यस्त,146
उजाड़कर,9
फफूंदी,72
नवकिरण,143
तरसती,87
केएमपीएम,6
चिह्निकरण,45
सुहावने,133
शूरवीरों,15
जाएंगीं,51
पूराकलंदर,17
निहरी,17
पदयात्री,76
नहींं,39
सुखमणी,143
दिव्यता,91
विषमताओं,88
फैलाती,87
मखमली,62
कौरवों,15
श्रेयांस,36
रंगकर्म,21
प्रादुर्भाव,149
उमड़ना,190
जीतें,43
नेमप्लेट,92
नागों,29
लूडो,110
रामायन,36
रेडियोलोजिस्ट,90
महाराजाओं,15
उर्वर,30
दुघर्टनाएं,4
पंक्षी,29
कलमा,184
करामात,185
बांछें,133
तोहफों,193
मनमिंदर,32
ज्योर्तिमय,38
तख्ते,112
अधिनस्थ,52
बरसाया,188
चुकाई,11
भेजो,161
अनुज्ञा,135
चूरन,173
चमकीले,13
नाखूनों,112
आग्नेय,29
अपराधमुक्त,146
जनमोर्चा,42
सा़फ,43
गोलपहाड़ी,169
विरान,185
धोबिया,138
प्रेमस्वरूप,162
झांकना,98
जोड़वाने,180
वेदाचार्य,162
नौंवे,198
रंगोत्सव,193
चूड़ी,62
भरवाएं,117
बटालियनों,126
सराए,16
कुंआरी,1
दानपेटी,50
रंगबाजी,164
ऑटोमेशन,2
लेपटाप,117
बाक्साइट,103
अर्क,123
मिशनरियों,192
खुशदिल,54
मनमुताबिक,84
पढ़नेवाले,183
प्राविधानों,135
गृहरक्षा,45
केंद्राध्यक्षों,42
पलकें,99
वेतनभोगियों,52
वाणिच्य,12
रखवालों,192
भगाए,35
मंगलयान,145
ज्यादतियों,66
बिकेंगे,49
भाग्यवती,143
रामां,32
फरमाता,184
दमादम,63
देखूंगा,140
उपाधीक्षकों,139
ढवारसी,169
केतु,29
बैठाये,171
संपूर्णता,37
तनय,138
रचेगी,51
टहलना,98
परिवारजन,1
दोहराना,105
शाखाध्यक्ष,42
चिथड़े,190
मत्थे,84
ढाए,65
सत्ताधारियों,132
अहिरावण,29
निकलवाना,98
जमावाड़ा,45
निदंनीय,66
ढांचों,88
दौड़ने,180
स्वर्गवासी,1
दुघर्टनाग्रस्त,145
मूर्ती,38
आयुर्वेदाचार्य,162
कट्ठे,9
लखेरा,32
कुल्ले,123
पुनर्विकास,100
कावा,138
भूतबंगला,17
टीलों,92
इच्छित,91
अवामी,132
डिलक्स,2
वितर्क,37
सौंपें,49
अपराधकर्मी,139
तालुका,17
खलवा,16
अरुन,27
पोछने,112
गुच्छे,189
तहेदिल,58
असहमत,39
पकाकर,173
गड्ढायुक्त,169
नगाड़ों,63
पहनती,62
नित्यक्रिया,41
चिलम,103
चितिंत,31
मिलवाकर,50
मेें,122
तानने,104
वैद्यता,100
जलसंसाधन,42
पोतियों,1
आयेंगी,51
वेतनादि,52
निर्वाचकों,96
नलके,190
हिंदोस्तान,184
कुन्ती,1
तर्कों,88
गांववाले,75
भड़काने,180
ठहाका,69
हरिभजन,36
प्रियजनों,192
राष्ट्रस्तरीय,169
लिस्टें,117
डंसने,69
घंटें,89
खूशबू,189
पत्थरी,72
महानुभावों,192
गरीबो,75
गल्लामंडी,17
बीसवां,198
गैलरियों,92
फिरंगियों,15
चुभने,112
बरसेंगे,140
धर्मात्मा,119
जगदम्बे,38
मुनीश्वर,36
उकेरने,180
टिकाए,171
मानेगा,140
गट्टे,173
बैलगाड़ियों,124
जस्ट,2
प्रतिरक्षा,72
खर्चने,11
लहलहाने,30
गड़बड़ाई,172
दबाएं,147
समझेगा,140
चुकंदर,123
गुणांक,31
फागुनी,133
अभिंयता,113
सहजनी,17
घूमेगा,140
मुद्राएं,116
अंतहीन,88
नित्यानन्द,36
ऐड़ी,190
मनुष्यता,156
पोश,62
खौल,69
बिछवाने,180
गोलाई,112
लोमहर्षक,70
अधियाचना,52
नादिया,54
पारखी,55
लावणी,63
घनघनाते,171
अफसोसजनक,66
चीखकर,69
जंगलिया,169
लोढ़ी,17
लहराई,159
व्यावसायी,55
प्रखंडकर्मी,139
बंजारावाला,169
नारो,138
भाडे़,19
आंक,134
जाचने,183
डिपों,52
ताकना,98
सौगातें,116
आसक्ति,119
सांख्यिकीय,100
सर्वभूतेषु,38
खपड़ा,16
पशुगणना,52
प्रसाशन,125
झाड़ी,189
न्यायायुक्त,169
अमरवीर,32
कपरवान,17
समाजों,156
दुगुनी,89
भारतरत्न,22
पुनर्जन्म,94
छिपाना,98
भ्रष्टाचारमुक्त,146
मनोरोगी,66
मेवों,173
प्रार्चाय,36
फहराते,159
अघोर,38
चाँदी,62
झांके,171
पर्दानशीं,84
अपनेपन,133
क्यारियां,189
मुजरिमों,71
नामौजूदगी,88
पार्टीजन,42
बेड़ियां,116
साजिशें,4
पूर्वतट,169
बाहों,112
गुलिस्तां,185
झारखंडियों,169
समन्वयन,100
इमामे,184
लोगे,0
पुनर्वासन,100
लिखेगी,51
फेंकें,50
रहोगे,0
हुड़दंगी,177
बंग्ला,149
अपनाएगा,140
सरीफ,54
जंगलमहल,132
बंटवाए,50
धुंआधार,111
फनकार,55
सदाओं,185
हैै,39
शरणालय,41
कसाइयों,192
कायरतापूर्ण,66
श्रीकृष्णनगर,17
भुनाया,93
कूटने,180
ब्रम्ह,38
कौए,69
चौहरमल,113
पैरालंपिक,110
विवेचकों,186
महासचिवों,42
कृष्णेंदु,36
नयापन,111
सुविधाए,108
धसने,190
मत्सय,29
बिंदास,111
झण्डे,22
दुर्गाष्टमी,34
धौड़,111
चुनती,87
खरोच,112
नीलमणी,32
आड़ी,190
देयक,166
परिसंवाद,95
व्यंग्यकार,55
निपटते,171
बांये,112
भड़कीं,113
उपमहासचिव,42
एनडीपी,2
हटायी,182
मतो,43
नकारे,84
बिमारी,72
प्रतिलीटर,166
तदाद,190
खनका,113
छेड़ेगा,140
रोषस्वरूप,84
आर्थिकता,132
ज्ञानभूषण,162
जिलान्तर्गत,17
चहलपहल,177
दूकानों,19
खलने,177
हिलाया,93
विनिर्माण,100
उच्चपदस्थ,125
रिटेलर्स,19
दंपत्तियों,192
बसुंधरा,36
झेलती,26
प्रलाप,66
रेंगता,171
पर्यावरणविदों,192
उपयोगकर्ता,100
चढ़वाने,180
परिवारवाले,1
घबराये,69
छर्री,104
सम्मानीय,55
हैंं,39
परखे,84
जनाना,174
एंबेस्डर,2
भोंपू,63
सलौनी,138
मनायेंगे,193
शिवलोचन,36
शुभी,143
कतरन,60
एंकरिंग,111
सिल्की,62
आसरों,92
उपाधियों,15
फिरकी,112
कूल्हा,144
फलमंडी,17
परमपूज्य,162
चूजों,9
बेइंतहा,185
सैंतीस,89
दक्षिणपुरी,17
प्रदीप्त,13
लोकनृत्यों,21
आरएंडबी,2
झल्लाए,69
सिचांई,122
प्रावैधिकी,52
ऋणधारकों,52
खाड़ी,145
कुप्रभावों,31
चिताएं,116
कार्यवृत्त,52
अपूर्णनीय,91
थपथपाते,171
वंदेमातरम्,22
चूसने,180
लुटी,190
हटवाते,50
ढूंढता,93
निर्मलीकरण,91
पीड़ितों,70
विश्लेषकों,88
भड़काया,66
पेड़ो,189
बेंची,19
श्रमशक्ति,75
सृजनशीलता,37
दुहराई,105
पराठे,173
जमानतदारों,186
आंसूगैस,104
शाब्दिक,37
समेटते,171
कर्मचारीगण,52
मिटती,87
मनोवृत्ति,66
महानतम,55
निधियों,166
वधुओं,1
साक्षियों,186
सुनेंगी,51
केंद्रीयकृत,146
पपड़ी,190
तारतम्य,37
पूंछा,59
हैदराबादी,54
छेड़ने,180
सेंट्रलाइज्ड,2
मरती,87
सवांददाता,42
आनंदमार्ग,162
मंडलवार,52
उच्चकोटि,55
मंड़ी,16
काफ्रेंसिंग,169
जीआइपी,12
किसलिए,59
तड़पकर,69
भ्रष्ट्राचार,74
बंदूकधारी,126
विरूद्घ,135
भंगिमा,133
ऋतुओं,119
टील,2
सोनोग्राफी,144
एलोकेशन,2
खनिजों,30
मनपंसद,111
व्यवस्थापन,100
बिखरते,171
ओहदेदार,7
जगहो,76
निबटाए,93
दुस्साहसी,66
सुविख्यात,149
प्रतिनिधिदल,146
परात,103
प्रर्याप्त,146
हड़पा,190
उडे़,47
चरणप्रीत,32
कमकर,187
फरिश्ता,54
वहम,39
बलशाली,55
छुड़ाते,35
छेड़ना,98
फेरियों,92
चुकाते,11
मटमैले,188
अहिंसक,132
जीपें,124
डयोढ़ी,138
प्रशस्ती,45
भंयकर,31
जर्रा,185
जगमगाया,13
निरूपम,27
लोहित,29
आलोचकों,88
मुक्के,104
बूचड़खानों,74
सहारन,149
नजराने,153
रोड़ी,17
बारों,92
आपेक्षित,37
प्रतिस्पर्धात्मक,100
दागते,104
विशेषांक,60
छुड़वाकर,50
मेनलाइन,122
दुगने,89
बैगनी,62
धुसवा,113
चौबारा,17
नवरूप,91
उकसावे,66
विघटित,31
राजकोषीय,100
बिछेगी,76
बिदक,69
लगनेवाले,92
सुलझाएं,191
जयश्रीराम,36
भ्रमर,133
गाड़ियों,124
वेश्यावृति,70
गलघोटू,72
पिटारे,84
निर्दिष्ट,154
गश्तीदल,145
यज्ञों,34
अडंगा,84
दादागीरी,66
चिट्ठियां,116
संस्मरणों,60
राजीनामे,186
एमएमसी,2
एश्वर्य,91
हटाओं,132
प्रार्थनाएं,4
ओहदों,7
स्वीकार्यता,37
रणगांव,17
शीशियों,103
प्रत्यारोपों,88
चढ़ीं,18
योग्यताओं,88
बैठाएं,147
रहतीं,87
आंगनबाड़ियों,52
नियन्त्रण,100
कावंरियों,92
रंगरलियां,193
खराश,123
उतराने,180
महासप्तमी,34
कायर,71
नवबंर,198
हंगामी,136
मलयालम,149
बड़नपुर,17
सीरियस,111
सर्मथन,136
प्रधानमन्त्री,125
विपत्तियों,26
दूषण,119
ढ़लते,190
डाकुओं,164
खोलीं,99
नौंवीं,198
गैजेट्स,2
सप्तऋषि,29
पहुँचकर,28
पसन्द,98
असलहाधारियों,139
पेंशनभोगियों,52
सौकत,16
अनाथों,61
देवस्थल,41
हमउम्र,1
साबुत,123
झूमाया,93
कृपानाथ,36
मुस्कराहट,133
माशूक,54
धूसरित,188
अगवाकर,50
पागलों,69
बुन्देलखंड,149
कार्डियो,144
डांसरों,111
पथराई,99
द्रविड़,149
शिकायतीपत्र,186
सरगर्मियों,132
सिले,62
भूमिधर,75
महाविद्या,38
जकड़ी,190
चढ़ेगी,51
डग्गेमारी,164
भुजिया,173
अंगार,8
मचाएंगे,140
भुलाना,98
बीपीसी,2
मिटाते,171
निकोटिन,72
रिसता,188
रासेश्वरी,38
पर्त,112
परीक्षणों,88
सीखीं,182
कीर्तनों,38
लोकलुभावन,132
फिजियोलॉजी,90
दायित्वधारी,42
औषध,100
आनुवांशिक,72
दिहाड़ीदारों,139
अमोघ,187
तरसेंगे,140
प्रतिक्षालय,41
बटाईदारों,74
सदय,187
असंतुष्टों,88
दुपहरी,23
अव्यावहारिक,37
गृहवधू,113
घुसपैठिए,126
गुरुपूर्णिमा,162
दृष्टांत,149
खरपतवारों,30
रामबोध,32
फोड़ी,190
ग्लोबलाइजेशन,132
निमिषा,143
गेंदो,110
लाइनमेन,139
लॉयर्स,2
प्रभंजन,188
काटेगा,140
सजता,185
मनसूबों,84
ममेरी,1
आधिकारियों,139
विश्वप्रसिद्ध,149
बिहोली,169
अवगुण,119
नाउम्मीद,185
मधुमक्खियां,116
अपराधियो,70
झुनझुन,12
सुनाता,93
कुशहा,113
करमहिया,17
उजाड़ना,35
पहुचता,28
प्रतिबंधों,135
भरवाते,50
बंटाता,93
गुजरीं,87
निबटाया,93
बतायीं,182
रटने,183
रसायनयुक्त,72
भूखण्ड,174
अवगुणों,119
साईनाथ,60
मिठ्ठू,54
बाउंड्रीवॉल,122
पूरजोर,136
खेतीखान,17
लिपाई,9
तामीर,184
बिखेरती,133
हिचकिचा,39
हड़काने,180
पर्वतारोहियों,145
महाद्वीप,149
पीसकर,123
अंगवस्त्रम्,162
वेणी,143
माहेश्वर,36
तापक्रम,72
स्वास्थ्यमंत्री,42
बिताकर,181
अनुकम्पा,91
हत्था,104
कारनामें,84
जुटाएगी,49
जीवकोपार्जन,30
विवेचनाधिकारी,42
मिटे,26
देवजी,36
विपक्षीगण,139
गुणवत्ताहीन,146
टपकी,188
धार्मिकता,94
फुफेरा,1
विपन्नता,26
पिशाच,29
फरमाना,93
आवासहीन,75
दगाबाज,71
धधकने,8
सुधरती,172
पालकर,9
चौंतीस,89
शास्त्रीजी,149
भक्तिगीतों,63
मर्दो,1
मध्यदेशीय,149
सरवाइकल,72
गुरिल्लों,192
युद्धाभ्यास,126
राजद्वारा,41
आैर,177
उर्जावान,55
स्वागतयोग्य,58
गुत्थमगुत्था,191
टके,89
ढाली,182
खांसते,171
मेघों,188
साठगाठ,84
इन्सां,185
मालवाहकों,192
बंदीगृह,119
चौगुना,11
निर्झर,188
धर्मप्रांत,125
समाते,171
पुदीना,123
पुरवाई,188
रणनीतियों,88
चीरहरण,84
कलेक्ट्री,41
पनपी,87
मौकापरस्त,43
कनस्तर,103
आरामगाह,174
अपूर्ति,45
पुनर्विवाह,1
राष्ट्रीयस्तर,169
तंदरुस्ती,123
ऋद्धि,91
बढऩे,177
चोथे,138
प्रतीकों,88
कल्पतरु,36
अर्द्धकुंभ,198
वन्यप्राणी,192
सीप,103
मोक्षधाम,162
निकालो,0
डुबोकर,103
चूकने,180
शिगारा,169
चहके,190
झंडियों,92
भगवाना,36
डफली,63
रुक्मणि,36
निवृति,91
साहबी,7
परफार्म,111
गन्दे,68
झड़ी,188
छीनते,35
प्रशिक्षणरत,6
बवानी,32
अवज्ञा,66
अनाथाश्रम,41
पुस्त,60
नथूनी,16
कमरें,174
पछाड़ने,180
पूजापाठ,34
छुपाई,182
सनकी,55
वेदिका,174
जुडो,110
व्यापारियो,139
मेजों,92
शिक्षानगरी,93
सिमटते,171
सहेंगे,140
किसमें,149
अभियोजकों,186
अनुसंधानकर्ताओं,192
स्तंभों,174
डगमगाने,24
स्नेहदीप,143
झपटे,69
कुचली,87
वर्गीज,27
क्रॉकरी,103
मनसूबे,84
रूठों,193
बिगड़ते,172
अतिथिगण,95
इलाकावासी,169
माहभर,122
पर्यटनस्थल,169
सुनिये,63
ओढ़ी,190
भविष्यनिधि,166
सैंकड़ो,89
धार्मिकस्थल,174
नवाचारी,55
संरचनात्मक,100
भिड़ी,124
हकदारों,7
पोखरियों,169
हराते,43
परियों,192
ठिठुरती,23
ठहरती,87
कनेर,167
आरक्षक,42
मुठ्ठी,112
पोशाकें,62
नोंकझोक,177
बधवाना,17
होया,185
नहरपार,113
जल्दीबाजी,39
संगठनो,192
पशुओ,9
छूआछूत,94
वसुदेव,36
मंगलहाट,38
देवीधन,169
उजाड़ने,180
सेवला,113
रत्नावली,149
संन्यासियों,61
खिरकिया,17
पंचा,17
बेकरारी,185
ईकाइयों,100
मंझा,190
पैसठ,89
देनेवाली,87
विभिषण,162
मारग्रेट,143
धुले,103
सुरीला,63
अदूरदर्शी,66
बांटेगा,49
पांती,138
बिछेगा,101
प्रतिमास,166
सौपने,136
सादर,27
कुचलता,35
नुनू,16
चलायेगा,140
बहलाने,180
नवाबों,15
हिमोग्लोबिन,72
विशद,37
स्केनिंग,2
बटा,89
कटाकर,50
चौसठ,89
हटेंगी,51
पूर्णाक,37
जगाएं,147
खोजती,87
लोहापट्टी,17
सिकुड़ते,171
गुनाहगारों,71
भींगने,188
दरियां,116
थालियां,116
पहाड़े,183
प्रायोजन,100
चटकाया,93
टिप,2
जगना,98
आतंकरोधी,126
बनाओं,0
उन्हेांने,136
अपदस्थ,132
स्वनिर्भर,146
कंपयूटर,2
निश्चयों,80
पतंजली,162
दौड़ीं,190
सोभा,138
संदेशा,93
सहफसली,30
तपस,187
विरूपण,37
कॉमिक्स,111
भेला,138
संभालें,147
विंबलडन,110
भंगिमाओं,133
नोचा,69
अल्पकालिक,31
मेघश्याम,36
अभिवावकों,6
बीमारियो,72
रुपय,89
हवादार,174
प्रिंटर्स,2
चारण,32
इएमयू,184
छूरा,104
पुरख,138
पिटी,69
पढ़ाएगा,49
दावें,186
मुक्ताकाश,29
टपकते,188
जगमगाती,13
उड़ना,98
पकौड़ों,173
रुकसार,12
चीरकर,112
देवसदन,36
बहुखंडी,27
स्वच्छकारों,169
निभाओ,128
बरतेगी,49
सुंदरवाला,169
तालु,112
आन्दोलनकारियों,132
बिक्रीकर,166
क्रियाशीलता,31
मिंया,54
जीतती,43
फेंकवा,50
असुविधाएं,4
एकटक,171
संक्रमणीय,125
अवतारी,162
तड़पा,69
नहलाया,93
शास्वत,91
सुपरिंटेंडेट,169
घूमेंगे,140
मन्नन,27
खरखड़ा,69
मझला,113
लगवायी,182
गोलीमार,70
हराना,98
बद्तर,65
अटकने,180
लगवानी,182
अल्पायु,91
छज्जों,92
टुकड़ी,126
लड़ाना,98
गुलदाउदी,189
बिकवाली,24
सुखजीवन,169
नचना,138
सत्यानाश,84
रजाइयां,116
सुधारेंगे,49
याचियों,186
थ्रिलर,111
संपद,91
बरौंधा,113
अंधेरों,13
करानेवाले,91
आत्महत्याओं,88
संभले,24
बटाने,180
शायराना,185
छोरे,69
करोडों,11
विधार्थियों,6
ऊपरगामी,76
पंखुड़ी,189
उद्यमशीलता,58
कुरकुरे,173
त्रेतायुग,34
शैतानी,71
महफिलें,185
ढ़ोने,9
कुलराज,143
प्राजेक्ट,146
कर्मशील,55
श्रृंगारी,149
जिलापंचायत,42
कोसता,69
बारबार,105
प्रवृत्तियों,88
जनसंदेश,60
सुनानी,182
वार्डब्वाय,90
संझा,138
राज्यकर्मी,139
परिवादों,186
नवीनता,37
कसेंगे,140
लगनशील,55
हार्निया,144
बिगड़ेगा,172
गौमांस,173
बिकवाने,180
गणेश्वर,36
कर्मराज,169
संकेतकों,100
पकड़ाया,93
खिलखिला,133
रक्तकोष,72
खिंचवाए,50
फेंकता,171
हिचकिचाते,39
चाटी,112
लेाग,69
रेनकोट,62
ऋणियों,166
फलहारी,138
आइस्क्रीम,173
भंडारगृह,41
मनिहार,17
फैलकर,112
तड़प,65
अनारी,143
पाबंदियां,4
निर्दयी,66
अनुषंगी,100
इक्यावन,89
उलझनों,191
संघोल,174
लंकापति,29
स्टिल,2
निगली,35
चिपककर,112
मोड़ा,93
राइफलों,126
मेरू,29
संभ्रात,75
बंगलादेशी,192
कास्तकार,139
बदलवाकर,141
हारजीत,110
चयनितों,52
जि़ला,113
उपशाखा,149
बीजारोपण,58
बांया,112
कराइए,147
तोडफ़ोड़,164
चिंताहरण,38
छोड़ते,171
दीपांजलि,27
धर्मसंघ,94
गरजेंगे,140
कलेश,26
प्रभागों,52
अभेद,119
पुरातत्वविद्,55
संप्रदायिक,132
आज्ञाकारी,119
भुजाएं,116
चोखे,138
बदहवासी,177
चेलों,192
बिगड़े,172
चलायेंगे,140
तसला,103
बीससूत्री,169
दिखला,93
ऑर्गेनिक,2
पालतु,9
गधा,29
क्षेत्राधीन,146
अनावृष्टि,31
उपनिषदों,162
तन्हाई,185
जिलाउपाध्यक्ष,42
जयजयकार,63
दानियों,192
कल्पित,91
पिल्ले,144
बख्स,54
फ्राक,62
भंडारो,92
देनदारियों,166
निमंत्रित,154
सुन्दरम,143
भिड़ेंगे,49
छुटकारे,26
सौहार्द्र,58
किबाड़,2
वित्ताीय,100
बख्शने,71
उपचारार्थ,90
यजुर्वेद,149
उड़नखटोला,145
शर्मीला,143
पुष्पाजंलि,36
सांडा,17
सुर्ख,185
मटसैना,113
गिरवाने,180
बयानी,84
भीड़भाड़,177
बजना,63
एकतरफ,43
तिलिस्म,185
वर्षाकाल,198
बेल्टों,92
अनुपयुक्त,37
गुणवत्ताविहीन,146
उठाऊंगा,140
पकड़ाये,50
तिरासी,89
ब्रह्माचर्य,162
गुत्थम,191
सहे,26
तीजोत्सव,193
हथगोला,104
जताती,87
आदरणीय,55
रूकवाया,93
घण्टा,89
बदनसीब,65
अवयव,100
एनफील्ड,2
छुपने,180
निशक्तों,52
परफॉर्म,111
वाटरप्रूफ,2
खम्भों,92
झेलकर,26
वाष्प,72
जिलाधीशों,139
रगड़ने,112
सौंपेगे,49
जीवविज्ञान,100
पाढ़ा,113
घटाओं,188
लादना,98
बकायों,166
पवनसुत,138
बहेगा,188
लंगूरों,192
बौखलाकर,35
प्रतिनिधी,125
बोये,189
जेबकतरा,164
आंकडों,88
स्वयंसहायता,45
चौंकाया,93
गोपनियता,135
डुबकियां,188
गोदभराई,144
बरछी,104
लवनीश,27
वियोगी,36
गांठे,112
जोतकर,9
गेड़िया,169
उलझना,98
अवैज्ञानिक,66
गोलाकार,174
दास्ता,185
निरंकुशता,132
झीलें,116
खुशकिस्मत,152
देवदूत,29
एडवांसमेंट,2
फहमी,71
अंचलकर्मी,169
बिनु,138
विहिन,119
सूचनाधिकारी,42
मौलिकता,37
खंबा,60
लांछन,66
आरोपीगण,186
सृजनात्मकता,37
दोहों,88
करवटें,185
अवसादग्रस्त,31
सुधारते,171
विचारधाराओं,88
सहेजे,133
तीतरों,92
गुंज,63
परिनियम,135
भींगते,188
बुलंदियां,185
उखाड़ने,180
प्रवेशार्थियों,6
शख्सियतें,4
चिन्तन,94
कोविंद,36
बिताएंगे,49
सामवेद,162
झूमें,63
झमन,16
घोड़ों,92
सिकरौना,17
सूर्यग्रहण,34
बतख,9
मोंगरी,17
दृष्टिहीनों,108
बाकियों,39
दहशतगर्दो,184
चर्या,94
उच्चपर्वतीय,146
स्थानिक,100
फिंकवा,50
लाइसेंसधारक,186
डाउनलोडिंग,117
चमत्कारों,88
चौदहवीं,149
झोंपड़ियों,92
छाड़,190
विद्युतिकरण,122
हटाता,171
स्नानार्थी,41
गांठों,112
उधमसिंहनगर,17
सतानंद,36
जोड़ते,171
पिटवाया,50
तोड़वाने,180
मनायें,193
प्रतियोगिताओ,44
कैफों,16
रंक,138
तख्तिया,169
नेत्रदानी,169
कार्रवाईयों,70
राजभोग,173
पहुचाएं,28
जगाता,133
गुजरेंगी,51
असंवेदनशीलता,66
असफलताओं,88
दोंनों,181
उठें,147
उद्यानों,174
फगुनी,1
कुकुरमुत्ते,189
गण्यमान,95
भ्रातृ,119
अध्यायों,60
टॉफियां,116
सूत्रो,115
पीनी,103
थर्राया,35
कछियाना,17
गुमशुम,185
तमगे,62
लफ्जों,185
प्रजापित,169
धुमरी,17
विकासोन्मुखी,132
नशेबाजों,164
आनंदपाल,164
शून्यता,31
बचाएगी,51
गढ्ढों,68
फटना,188
श्वेतपत्र,186
उखाड़ना,9
शिवाधार,169
रागनियों,63
बहरापन,72
मेमोग्राफी,144
ठहराकर,71
विद्याथिर्यों,169
दिखायेंगे,140
केतली,103
संगीतकारों,192
छपका,113
वर्गफुट,89
कुंवारा,1
जाउंगा,140
फनकारों,192
मशगुल,177
रेशा,72
मानेटरिंग,45
पर्यंत,91
सिंगा,32
हटाती,87
नाड़ियों,72
वजनदार,112
सम्पादक,55
दांतो,123
हवलदारों,139
अष्टभुजी,38
पोछते,190
हारता,43
अंगहीनों,169
मुख्यायुक्त,146
देवमूर्ति,38
दुर्गावाहिनी,169
मौैजूद,113
सर्वेंद्र,36
झूमती,87
संतोषानंद,36
चनण,16
उगलवाने,180
राष्ट्रवंदना,169
सुदंर,133
शिक्षिक,6
हिंसात्मक,66
भरेंगी,51
जोड़ियां,116
जलभंडार,145
भगोड़ों,192
दहशतगर्द,184
रहनेवालों,192
सैंकडों,192
आविष्कारों,88
स्थानीयवासी,192
पायें,147
महजबी,54
महामूर्ख,55
विश्वपाल,36
खम्भा,29
डोलियां,116
रंगभूमि,149
फूक,190
प्रांरभ,149
इकोनॉमिक,2
शरणागति,91
सूदखोरी,74
डोलने,24
वसूलेगी,49
मंडलायुक्तों,139
लानत,71
इच्छामृत्यु,136
खपतकारों,139
पठानी,62
लौटें,147
बर्फखाना,169
पूर्णवासी,36
दीपन,187
चिड़ाना,98
पत्थरबाजों,126
प्रत्याहरण,52
नियोक्ताओं,52
लिखो,0
चूडि़यां,116
भेटों,92
अंजनि,36
अनुषांगिक,100
तव्वजो,84
झुंडों,92
अवधकिशोर,27
खंडहरनुमा,174
अशक्तों,192
चुल्हे,103
देंखे,147
दुर्गुणों,119
निर्दलियों,43
आलोचनाओं,88
लुटाया,11
मेढक,69
अन्वेषक,55
निभायेंगे,128
विधाएं,4
कामाक्षी,38
मयूराक्षी,29
वंदनीय,91
प्रखंडस्तर,169
रंगबहादुर,36
बासठ,89
भांडा,84
नवोन्मेष,58
प्राप्ती,91
बहाये,188
खबरे,177
तरौली,17
पांडुलिपियां,116
मने,138
फेको,190
चूमने,180
पूजक,94
अंजाने,39
आवेदनपत्रों,52
टकराहट,88
पड़ेगे,140
ग्रूप,2
श्रृद्धालु,38
जमाकर्ता,166
उबालने,123
स्वच्छंद,160
पटकने,180
स्थाईकरण,52
अवरोधों,88
देववाणी,162
कुम्भ,149
जड़े,112
पराए,119
अनामांकित,146
मालदार,7
जरदारी,54
समझायी,182
सुंदरकाड,169
लोरी,63
जनतक,16
गौहत्या,70
साजोसामान,92
सहयात्री,55
चीखना,98
बाजारू,19
केवड़ा,189
तलाबों,92
उछालकर,50
जहाजरानी,145
सर्वोपरी,58
विदायी,146
नाकामयाबी,71
पेशियों,72
आंतकवादी,70
ढोए,65
श्रद्घा,94
निखरेगी,51
सिद्धबाबा,38
कष्टहरणी,38
चाबियों,92
पीछाकर,164
सुपरिटेडेंट,42
बेगारी,75
वाचिका,149
दासता,119
बहाती,87
डिटरजेंट,103
निडरता,58
हरजाई,185
हॉलों,92
छूटेगी,51
पुर्नमतदान,45
व्यवहारिकता,37
विश्वविद्यालयीय,6
ससंघ,113
हिलता,171
जलप्रलय,29
सर्वाेच्च,149
तरंगें,29
किफायत,11
हस्तानांतरण,146
सींक,103
विभेष,169
मंझौली,113
बगाही,17
केंद्रपोषित,146
अपहृतों,70
तत्पश्चात्,187
मरीन,145
कुमिते,113
आयूषी,113
गुरुगोविंद,36
गहराइयों,185
उपनियम,135
मूर्छा,26
तपस्वियों,162
कोशिकाएं,72
सर्वश्री,27
बदलीं,87
मच्छरजनित,169
वालेश्वर,36
मेहीलाल,32
गुरूजनों,162
बरसेगा,140
खूंट,9
बिचौलियागिरी,169
बगुला,29
छेदन,112
करोड़पति,11
कैंचियां,116
अंशी,138
विषधर,29
छिड़े,190
जुखाम,123
समझाती,87
पहुंचवाया,28
योजनाए,100
स्वंतत्रता,149
हृास,31
चिमटा,104
भोज्य,173
वनगमन,187
बिठाते,171
चाकरी,7
छुरियों,104
एस्केप,2
हेकड़ी,69
प्राचीर,174
ज्योतिर्मय,91
धु्रवीकरण,43
ग्याहरवीं,183
मनोकामनाओं,34
रूकेगी,51
पकाए,173
भरम,185
तौलकर,134
नवजन्मी,146
अंधेपन,72
संदर्भदाता,42
गिनाकर,39
सुधरते,172
डलवाना,50
शर्ताें,52
मायावी,29
शर्मिंदा,71
रुपक,149
ध्वाजारोहण,95
आजमाना,98
बढ़ायें,147
पायीं,87
महुअर,113
रोजदारों,139
अनुतीर्ण,6
पंचकुंडीय,34
नंदोई,1
अपुष्ट,31
पकाना,98
अनुशासनहीन,66
रिझा,133
कार्रवाइयों,88
संस्थाओ,52
विविधताओं,88
लूटता,11
भूमिदाता,169
धरदबोचा,164
फोटों,117
खंडाइत,12
मुक्तिकरण,45
खुराफाती,177
बॉयोमीट्रिक,117
फुंसी,123
जगमगाएंगे,13
चालानी,117
कन्याश्री,162
अर्घ,187
ठोकिया,164
सकेगें,140
गुरूरानी,36
भेड़ा,16
तेजाबी,66
लापरवाहों,139
बिनाह,71
बैलगाड़ी,124
छपवाया,60
डिस्ट्रीब्यूटरों,139
पच्चास,89
संभली,24
कुप्रथाओं,94
प्रसुन,91
उपस्करों,100
बाहुल,17
पधारेंगे,140
मुरादे,153
प्रायोजकों,192
होलिकोत्सव,193
कांकर,138
संयोजित,154
प्रखंडकर्मियों,139
पीये,123
मंडला,17
बजाएंगे,63
पिछैती,16
झकझोरने,180
चुटीले,111
शीघ्रातिशीघ्र,154
विचारकों,192
ग्वालों,15
प्रशासिका,169
संजोग,111
बुल्लावाला,32
बाजुओं,112
छांटने,180
मैनें,39
अनशनस्थल,169
पानेवाले,91
ज्ञानसागर,162
शैलियों,21
कटियामारी,169
चोले,62
मनोहरी,133
अनार्य,149
कूटकर,103
निश्चेतक,144
तड़क,190
सम्पूर्णानंद,36
सीनियरों,6
विश्वेश,36
चहेती,111
विश्वभारती,149
चिंतकों,192
सुत्रों,52
जमानतें,186
दक्षिणमुखी,38
मुखबीर,70
सड़के,76
कनैली,113
थर्मामीटर,72
ममतामयी,38
सर्वज्ञ,162
आह्लादित,133
पादर्शिता,94
मरेंगे,140
हैंडपम्पों,122
खटखटाते,171
फूंकना,98
निवेदक,36
बारुदी,126
चाहेंगी,51
तरसने,180
पद्मनाभ,36
छावनियों,126
भिगोकर,123
बेगुनाही,71
वाक्यों,60
शैलेन,27
सखियां,116
हास्टलों,6
पाकिस्तानियों,126
उछाले,171
वारकर,104
चिढ़ाती,87
प्रधानमंत्रियों,125
धनवर्षा,11
महाशिवरात्री,34
विन्दु,91
जबाबदेही,58
गईल,190
देवचंद्र,36
समस्याग्रस्त,31
हठी,77
भाड़,177
रामाश्रम,36
ठेलियां,116
तरफदार,27
ग्वाड़,169
गढ़ैया,17
अंधियारा,13
यतीमखाना,184
कवायदें,4
विकलांगजनों,52
तनमय,27
रहस्योद्घाटन,154
आपूर्तिकर्ताओं,100
पौखाल,16
नियोजकों,52
मंगानी,161
कलात्मकता,37
संरक्षकों,192
मजीरे,63
चुभती,87
चक्रवार,169
छंटा,188
पिलाती,87
परिश्रमी,55
तेरही,1
जनपदवासी,139
प्रदेशस्तर,169
पहंची,177
फलता,189
शिवलिंगों,38
थमती,87
जेहादी,184
खंगालकर,50
प्रक्रियाधीन,52
तरन,138
सप्ताहांत,198
सुर्दशन,27
अनर्थ,119
जनपदवार,52
प्रतिवेदनों,52
हीरों,15
जुडीशियल,2
फूलता,189
सूइया,138
सिद्धा,162
काउंसिलर,42
वेक्सीन,72
चोंच,112
कीमोथेरेपी,144
बजाएं,63
राज्यमन्त्री,42
चखना,98
पटने,180
चतुर्थश्रेणी,52
बेपर्दा,84
चढ़ाएंगे,49
बढ़ाएंगी,51
बनायेगा,140
महानगरीय,21
उतारती,18
पूर्ती,154
नवयुवती,1
झुकते,171
बच्छराज,113
राज्यवित्त,169
फैलानी,182
अहिरान,17
अंहकार,119
बुढ़ी,1
कृमिनाशक,123
आनेजाने,180
अम्ल,72
सीटीपी,2
सब्ज,189
ब्यानों,70
जीवनोपयोगी,100
भुतही,190
बनवानी,182
मझौला,113
एड़ी,112
सशरीर,91
स्टूडियों,111
कस्बें,17
जौंक,190
रामभरोसी,32
पुष्पित,189
अलहाज,54
नीलामहल,45
थिनर,103
समुदायिक,21
नजायज,66
पारसमणि,149
जुही,143
अनुषा,143
चुराये,50
उम्मीदवारो,96
दुखदाई,26
ऑप्रेशन,144
केबलों,92
उपविजेताओं,169
उत्कलमणि,36
मवाद,68
ब्रह्मकुंड,38
इक्कीसवीं,149
सनेह,138
उपचारात्मक,100
पाकीजा,185
प्रबोधन,94
आक्सीटोसिन,72
दिखलाया,93
धाविका,110
धर्मशास्त्र,94
छकाते,171
हारते,43
हड़का,69
कट्टरता,66
दुहराते,105
लहराएंगे,159
वृक्षासन,123
बैद्य,36
फफोले,112
समृद्धशाली,21
झगड़कर,190
जानेवालों,192
लादते,190
खिंचाने,180
पराये,119
सहायताप्राप्त,146
झुठे,84
दाईं,112
उबरे,26
परिस्थितयों,88
सीखाने,183
सप्तसती,38
बालरूप,38
खुशबूदार,133
लोट्स,2
बनूंगा,140
असंतुष्टि,31
कुंजन,143
तोडे़,50
शिवसहाय,36
बेफिक्री,177
बागीचों,189
लेजाने,180
ढूंढ़े,147
गतिविधियो,58
दृष्टिगोचर,37
गिल्ली,110
उछले,24
गूंजेंगे,63
झोपड़,9
अनिक,143
सुपाच्य,123
वाकयुद्ध,43
वर्गीकृत,154
कौवा,29
व्यंग्यात्मक,66
फीते,62
अयोध्यावासी,36
बेशर्मी,66
कुदृष्टि,119
खुलासों,88
आनंदा,143
पेंडिग,2
कथावाचन,21
पेड़े,173
नौसड़,12
मुझपर,69
मौण,16
रीले,2
विश्वदेव,36
हावभाव,37
आंखो,185
अड़ंगे,84
उच्चस्तर,100
मुँह,112
ऊफान,188
कबाड़े,9
लाउडस्पीकरों,92
राज्यहित,125
अंगौछा,62
लालकुंआ,17
कयादत,184
अवधेशानंद,36
इबादतों,184
डिप्थीरिया,72
इन्होने,149
परखना,98
उपजने,31
डराता,69
बालपन,133
ऐजेंसी,74
बहुरंगी,133
वस्त्रोद्योग,100
छौंक,173
तकिये,112
भुलवाना,98
कबूतरबाज,164
गाओ,0
शहरीकृत,75
संभलते,24
भंगड़ा,63
अमानवीयता,66
लोमड़ी,69
जल्लाद,71
रंजिता,143
खरीदगी,19
शक्तिनाथ,38
पैथालाजिस्ट,90
वाइफाइ,2
लंगोट,62
एनपीसीसी,42
जज्बातों,185
हिले,112
नुक्कड़ों,92
मधुकम,169
संकटग्रस्त,100
साधो,0
फूकेंगे,53
राजमाह,173
नशाखुरानों,169
गर्माता,177
परिवीक्षा,52
लाड़,190
साहबों,7
फैलाये,171
न्यायपूर्ण,37
लकिन,39
संवरेगी,51
बतौड़,143
कष्टदायी,31
छटे,198
घटनाक्रमों,88
मजबूरियां,4
संस्तुतियां,52
कर्रवाई,45
खुलें,147
पीती,87
इमोशनल,111
भाद्र,34
जपते,187
पतिव्रता,119
वर्तनी,60
पेशवा,15
जवानो,126
घर्षण,31
खींचती,87
तंदरूस्त,123
निकोटीन,72
काव,27
कार्यपद्धति,100
टोकते,59
डबडबा,99
दहेजलोभी,169
अजमाने,180
कोसती,87
लहंगे,62
गाएंगे,140
बगा,16
उदघोषक,55
मियादी,166
कदंब,189
विखंडीकरण,100
अमृतधारा,165
प्रारूपों,100
चौराह,17
अनुवादित,60
मजीरा,63
नालायकी,7
गुनगुनाने,63
सुलझाकर,191
अज्ञानतावश,66
लघुनाटिका,169
द्वारपाल,29
जीर्णोंद्धार,174
बॉस्केटबॉल,110
माँगे,153
कमलराज,32
चबुतरा,9
ठुकराते,153
दण्डात्मक,135
हुड़दंगबाजी,169
संविदाकार,52
रुको,0
कर्जमाफी,166
चिंगारियों,8
ढालना,98
सचेतन,37
करकरा,32
रामशिला,38
रहमो,7
सकुन,0
प्रत्याशियो,43
बसाऊ,16
सहराई,54
आमला,123
ज्ञानो,162
दिनप्रतिदिन,31
बिचौला,113
खदेड़ते,35
व्रतों,34
बुजूर्ग,1
सर्ट,2
जनअदालत,169
ठिठुरा,23
चुस्कियां,103
गोढ़ना,98
शीर्षासन,123
नामीगिरामी,55
रस्साकस्सी,110
यज्ञोपवित,34
मम्मियों,192
पीड़ादायक,26
घूंसा,104
शब्दकोष,60
जातक,119
चौंके,59
सहालगों,177
अंगौछे,112
बांहों,112
योग्यतानुसार,96
समलैंगिकता,66
बगाों,103
ठुकराने,180
खांसने,112
उखड़ना,190
छेडछाड़,180
तंदुरुस्ती,123
देनेवाला,91
पेठे,173
सटोरिए,74
गोलगप्पा,173
भुजंग,29
लिंकन,2
मजबूतीकरण,45
गरिमामय,37
कुमुदनी,189
काफल,189
बरसाईं,35
कंपकंपाते,23
निहारती,87
फूंकेगी,53
रूकेगा,140
भिड़ेंगी,51
देनदारों,166
जनमुद्दों,88
जुटाये,11
बैंचों,92
महातीर्थ,38
संघटक,100
कलालघाटी,17
सुक्ष्म,37
बागबान,185
छोड़िये,172
लडकियों,75
जुलाहा,61
साईंस,2
बारवा,113
सिखाएगा,140
कंपकपाती,23
मुलाकातों,88
सुलाया,93
भगाएं,147
सत्यप्रिय,55
चमकेगी,51
गुप,2
जगकर,171
तरानों,185
पेंशनभोगी,52
नोटबुक,60
गिड़गिड़ाते,69
मंडराती,87
अमलतास,189
धनौंदा,113
एफएल,2
जगेगी,51
पूर्वस्थली,169
विश्वासपात्र,55
झीनक,16
कुशन,62
प्रयत्नों,58
धरोहरें,174
थिरकती,63
डरावनी,111
रवांई,17
स्वविवेक,135
हरिसभा,149
आग्नेयास्त्रों,126
हजयात्री,184
दीजिये,39
खननकारियों,92
बोल्टेज,169
परिमाण,37
खतों,185
घुमाई,171
तपस्यारत,162
सर्वशक्तिमान,91
गुरुनाम,32
कूदना,98
मोहरें,116
जांचना,98
बारिशों,188
धरतीपुत्र,55
बेड़ा,145
अमिया,189
हजयात्रा,184
मनमानियों,74
खपरा,113
देवीचरण,27
मद्धिम,13
वज्रासन,123
जुआड़ी,16
पौराणिकता,94
ढे़र,190
दबता,69
फेफड़ों,72
पुनर्मिलन,91
उच्जवल,146
यात्राकाल,149
दबते,24
नवेंदु,27
राज्यवर्धन,27
व्यासमुनि,36
नजरबंदी,70
मंदिरो,174
टोंका,69
चापलूसी,7
सुरागों,70
ग्रामोत्थान,95
स्टेपलाइजर,2
आउटपुट,100
चूकना,98
मुख्यध्यापिका,179
फणीन्द्र,27
सनक,66
हिरण्य,29
प्रीतिका,143
ऑटोमोबाइल्स,169
चड़ी,190
गुरुबचन,32
योजनावार,52
घुसपैठिये,126
दोऊ,138
राज्यलक्ष्मी,143
काजीटोला,17
कुंबले,110
हथकंडों,74
पथसभा,12
उमड़ने,177
हारना,98
व्यस्तताओं,88
छीटें,188
चंचलता,133
मंगलपड़ाव,169
दोहराए,105
कार्यस्थलों,192
पांडालों,38
कांपा,24
निमार्णाधीन,146
बचनी,1
सुशांति,169
ग्रामपंचायतों,139
परिवेदना,186
कछवा,113
सलाहउद्दीन,54
मैले,68
डाकिये,161
जायेगे,140
लौटानी,166
अड़ी,87
चरमरायी,172
ताबड़तोड़,12
सहिष्णु,94
शुक्लपक्ष,34
भुनी,173
हसिया,104
मंजीरा,63
रायता,173
महालया,34
शिक्षिकों,6
बधिरों,183
महारथियों,192
शिविरार्थी,95
पंहुचकर,28
रेगुलराइजेशन,2
चिपकी,87
सेवानिवृत्ता,45
वित्तवर्ष,166
जोरदारी,58
बिछवाई,122
विनोदिता,169
आनंदमूर्ति,162
परसौली,17
घूसखोर,7
ईंख,190
धराशाही,24
मसक्कत,177
दात्री,38
प्रतिद्वन्दी,43
चिड़ियां,116
हेडफोन,2
शुद्व,187
बदहवाश,69
रियायतों,166
अकेलापन,26
संवरा,133
पशुचारे,30
सत्रीय,95
उपनगरीय,100
धमार्थ,41
चटाने,180
नयका,138
सकारात्मकता,37
स्मृद्धि,91
अशुद्धि,37
चिढ़ाता,69
मानित,125
कर्णदीप,169
प्रतिबन्ध,135
महारुद्राभिषेक,34
शीतलपेय,123
संग्राहक,100
वीरागना,169
रूकती,87
हिलाते,171
आईबीएम,2
एमआरटी,2
संपादकों,60
रुखी,188
टुकड़ा,112
फलपट्टी,17
पीएंगे,140
स्वावलम्बी,75
शुल्कों,166
इच्छापूर्ण,91
मूंछों,112
वेतनमानों,52
लड़ाकर,35
झरनों,188
चतुर्भुजी,38
दूरदृष्टि,37
साजिशकर्ताओं,70
पुष्पदंत,162
खंदावली,17
दोगी,0
मिटाई,182
जनअधिकार,42
जगतपति,138
बांटेगी,49
किलोवॉट,89
गरी,173
नगों,62
कोश,60
कोषागारों,52
बलात्कारी,71
जनसंगठनों,132
हंसाते,171
अंर्तराष्ट्रीय,21
बिखरेगी,51
स्वंयसेवकों,192
पुष्पांजली,22
होम्यो,90
सामंतवादी,132
अवशोषित,72
रक्षात्मक,100
शत्रुता,119
हदों,185
बजह,177
मटरगश्ती,177
मिलाता,93
काबिलेतारीफ,58
सुरमयी,133
डॉक्टरो,90
कशमीरी,184
कालों,192
श्रेणीवार,52
सुझाई,182
राजराजेश्वरी,38
अन्तराल,105
सेंकी,173
रुकें,147
आत्मरक्षार्थ,169
झुंझनू,17
मयखाने,185
गृहस्थियों,75
प्रवृष्टि,45
विशांत,27
पिघला,188
प्रमंडलस्तरीय,169
उड़ती,87
हरदुआ,113
घासमंडी,17
ठीकेदार,7
खिलेगा,140
जुड़ेंगे,49
डिजनीलैंड,111
अधिकरी,42
बेंचते,19
प्रशिक्षार्थी,6
रुष्ट,66
रुकावटों,88
ढोई,190
धब्बों,72
पैरोकारों,132
अड़,69
रस्सों,92
उपादेयता,37
विघ्नहर्ता,38
हड़प्पा,174
चकली,173
पसारा,112
प्रसाधनों,100
खटाणा,113
खायें,147
रमणीय,133
अंगोछा,62
मुरब्बे,173
डंके,69
अंजाना,185
सूचनायें,4
पाणिनी,149
जुड़वा,1
नाशी,30
थकती,87
चूड़ा,173
स्वार्थवश,119
पदार्थाें,72
पैट्रोलियम,100
झंझावतों,88
देवऋषि,162
चमकीली,13
अंशुमाली,27
क्षारीय,72
भाविका,143
बहाएं,188
जीवनस्तर,75
चीते,29
देशज,21
ठंडई,173
करवाओ,0
कछुवा,29
कड़कने,24
मुरीदों,184
कहाँ,0
रात्रिभोज,95
पंगत,63
पढ़ेगी,51
बंधुवा,75
पत्नि,1
चबाना,123
संचालको,42
अनेकानेक,21
सर्वोतम,21
रक्खा,93
डरेंगे,140
कपालभाती,123
चतुर्मास,34
लाइसेन्स,117
छोड़ो,0
स्टैच्यू,2
हसरतें,185
उत्साहवर्धक,58
भड़काकर,35
त्रिवर्षीय,6
घुलमिल,181
उस्तादों,192
सिहांचवर,12
खुलवाये,108
निरीक्षणों,88
किस्सों,88
प्रज्जावलित,64
एक्युप्रेशर,144
झुरमुट,189
किवदंती,29
ऊंचीकूद,146
उपपुलिस,139
कद्रदानों,192
आसामी,75
स्मैकियों,169
कार्यारंभ,95
थोडे़,171
बिहारवासियों,192
चराकर,9
स्वाबलंबी,75
मोली,103
क्षमावाणी,193
चौवन,89
ऑक्सीटोसिन,144
डुबोने,145
कुतर,9
प्रर्दशनी,95
झुलसाती,8
सद्कर्म,94
प्रतिवर्ग,89
बालावास,17
संबंद्धता,146
उपप्रभागीय,42
लगवाता,50
संघर्षमय,58
उड़ाती,47
हड़काते,171
बीसवीं,149
अहातों,92
टिकेश्वर,36
तोड़ेगा,140
लचीलापन,37
लच्छेदार,133
धसक,190
परफॉर्मेंस,2
बैंडमिंटन,110
सटने,190
लगायेगा,140
अनुसंशा,135
छनकर,188
बैंगनी,13
छुड़ानी,35
श्रीखंड,173
नामिनी,146
अप्रासंगिक,66
पोंछते,171
मुनाफाखोर,74
प्रतिमान,37
तकनीकियों,100
जगमगाता,13
तुम्हीं,0
नासमझ,55
इमर्जेसी,2
भवनीत,143
भोंसले,143
लयबद्ध,37
आडंबरों,94
प्रर्वतन,146
तिरपालों,92
भष्ट्राचार,74
मढ़ने,180
कटावरोधी,146
मन्नतों,153
फिल्टरेशन,2
मिटते,26
बदमाशी,164
घसीटती,87
लहराना,159
वंशानुगत,72
कुण्डी,29
मंडलाधिकारी,42
झटपट,173
सुधारगृह,146
श्वेतांक,36
बासगांव,17
पीयें,123
हिंदूवादियों,169
गरीबन,75
गड़बड़ाया,172
नोटिसें,186
सवांद,60
छुपाते,171
कमाती,11
घासों,189
तोड़नी,182
हिलती,87
उभारना,98
खटका,69
छींकते,171
कटेश्वर,38
लच्छे,173
बोलेरों,124
लौटेंगी,51
नवटोली,17
स्वास्थ्यवर्धक,123
रौंदे,35
स्वरोजगारी,169
रोजों,184
करेले,123
गगनजोत,16
महत्वहीन,37
बांधता,171
पंरपरा,94
शिवेंदु,27
कसेर,113
चैम्पियनशीप,110
कसूरी,54
पॉलीग्राफ,117
सर्वोत्कृष्ट,37
सत्तु,173
छपवाई,60
मालिन,138
भुने,173
चटकाने,180
खलियान,9
अश्वमेध,29
गर्भनिरोधक,144
लिखवाना,98
उगाना,30
दावपेंच,88
झोपड़िया,17
कजरारे,133
डींगरा,17
चालें,110
रंगमंडल,95
अनुसंधानों,88
बटोही,138
उत्तीर्णता,45
श्यामलता,143
दरवार,15
भागम,177
परिक्षार्थियों,6
आत्मचिंतन,91
मिटेगी,140
वेषभूषा,21
हत्याकांडों,70
कतर्निया,17
पटरे,9
योगदानों,88
जटाधारी,29
होगीं,182
सुमत,36
दानवीरों,192
नवाने,180
कहलाएगा,140
राजपुरोहित,32
धवस्त,35
मूंदी,99
बिगड़ा,172
आज्ञापाल,169
सिरफिरा,71
मोहरों,92
स्वायत्ता,125
नवप्राथमिक,169
स्वयंबर,1
दीनबंधू,36
केंद्रवार,42
शर्मिंदगी,66
उन्हों,39
संगणक,100
थककर,171
बंधेंगे,49
पर्वेक्षक,42
खोटे,143
पेचीदगी,191
ठगते,84
बेकसूरों,70
भावुकता,37
राष्ट्रमाता,162
खड्ग,104
उड़ेला,103
वैल्फेयर,2
जगमगाहट,13
पांत,138
केशवनाथ,36
संचिकाएं,117
हवेलियों,174
शस्त्रधारकों,139
महाभारतकालीन,149
सौगातों,185
जुटेगा,49
सनोली,12
नीलाम्बर,29
र्इंट,9
लागा,138
सिलवाने,62
बाहें,112
उड़ीं,16
राज्यमार्ग,76
जहंा,113
पिछलग्गू,132
अंकगणित,149
दोने,103
बालकुमार,36
बदलवाना,141
सालोंभर,198
हवेलिया,174
मातृशोक,38
समाचारपत्रों,60
प्राकृत,149
टूना,145
बनाइए,147
बनवाएगा,49
सिलेन्डर,103
बीनकर,103
तानते,171
बर्फवारी,23
शिवस्वरूप,36
प्रमाणों,88
बल्लों,92
कूहलों,122
कामधेनू,30
मौजों,185
सलों,92
सिद्धान्त,37
दिशाएं,4
पहुँचाने,28
पनाहगाह,126
पकता,173
मढ़ाई,30
लब्ध,91
उत्प्रेरकों,72
टूटन,26
फ्लाईओवरों,92
मारें,147
सुरई,17
ज्योतियों,13
लघुसचिवालय,41
घोसले,9
माईक्रो,2
खिड़कियों,92
निर्वेश,27
भिनभिनाती,87
हठयोगी,162
प्रधानध्यापक,42
ग्रामिणों,75
चुंबक,72
भोलेभाले,75
फजीहतों,177
विश्वविजय,91
सतकार,55
पराक्रमी,55
प्रद्युत,169
मिट्टीकरण,169
बहुभाषी,21
करतें,39
अर्धसैनिकबलों,169
संदेशवाहक,91
अनंग,138
जलपुरुष,36
सकूंगा,86
पहुंचाएंगी,51
छिड़ी,177
हौले,112
मौैत,113
नियमो,135
राष्ट्रसेवा,58
सम्भागीय,42
लाक्षागृह,174
सरसरी,60
रानियों,15
एजेन्ट,7
बहरेपन,31
कंपाती,23
हवाईअड्डे,145
खाएगा,140
संध्याकाल,34
परिहास,133
धुला,103
भादंवि,113
आजमाते,171
दीवालें,116
योजनानुसार,198
फट्टे,9
पड़ना,98
बननेवाली,87
इकतरफा,66
सभ्यताओं,156
खिलाएंगे,140
मालधन,113
प्रतिस्थापित,154
कहिये,39
जनसरोकार,132
गोलम्बर,169
अन्तर्राज्यीय,125
सुझाये,154
निम्नलिखित,100
निर्जीव,119
ऑउट,2
स्वंयसेवक,132
शिवभक्ति,38
फेंकनी,182
उतावला,180
पंखें,92
भद्दे,66
बिखेरता,133
संस्थापकों,149
पढ़ाये,183
जियोग्राफी,2
लठिया,138
कमेरे,75
समीपस्थ,17
अनियन्त्रित,31
हौसलाफजाई,58
अर्धरात्रि,198
तोपों,126
काफिलों,92
बिछुड़ने,26
टंकक,190
दानेवाला,169
तबर्रुक,184
नाशवान,119
अशुद्धियों,88
दिलायेंगे,49
बंटाया,93
शहनशाह,54
ताम्रपत्र,149
बसुधा,138
दोहराव,105
तारीफों,111
आवृत्ति,31
चेकर,117
शक्तिखंड,38
चरकी,16
बाइकिंग,110
मंगवानी,161
जांबाजी,22
नईमुल,113
अक्षांश,149
डूबना,98
कांपे,69
गरिमापूर्ण,37
विनियमितिकरण,45
सीखनी,98
प्राणवायु,91
अपमार्जन,154
वीर्य,72
बरफी,173
कब्रें,174
अंतर्यामी,91
षड़यंत्र,70
निर्ममतापूर्वक,35
कुढ़,69
मयखाना,185
राजमार्गों,76
परिशोधन,100
तील,190
सर्वसुलभ,108
मुंड,112
तंत्रिका,72
परिष्कृत,37
ताकने,171
संगीताचार्य,36
बहुमंजिले,174
निपटें,147
गाड़ियां,124
कीलें,116
वासनाओं,119
सूखना,123
स्मारित,146
आर्शिवाद,91
बत्तखों,9
आवेदित,96
जादूगरी,111
बनानेवाले,55
अड़ंगेबाजी,45
मलने,112
पैंतरे,43
दबदबे,43
गर्भीय,100
तगादे,164
मुंतजिर,54
दिशांत,27
नौकाएं,145
पुष्पमाला,62
राजतंत्र,132
जनऔषधि,108
लायेंगे,140
दुधैला,17
तोड़ेगी,51
धर्मसमाज,94
मनाएंगी,51
नपुंसकता,72
सार्वजानिक,100
टिंडा,189
भुगता,71
धारणाओं,88
टरकाते,171
कुटुंबकम,94
चखकर,173
आरोपमुक्त,186
दुर्भर,146
उड़ाकर,47
सफरनामा,111
मरहबा,54
दस्ताना,62
परचे,117
गांरटी,166
उपप्रधानों,139
डाइविंग,145
गाथाएं,116
ऐंठन,31
प्रवेशार्थी,6
गोलाफेंक,143
खोजता,171
ऐंठते,69
पकड़वाकर,50
हटानी,182
पकड़ें,171
गुत्था,191
घोसला,9
तटरक्षक,145
पहरावर,169
माड़ा,16
बजायी,63
चहचहाहट,63
माँगा,153
अनैतिकता,66
बारातों,92
टोके,69
बदनसीबी,65
विचरते,171
सुबोल,169
इत्मिनान,177
चुराना,98
मातमपुर्सी,184
तलाशेंगे,49
जलजला,188
झुलसते,8
नोचने,180
डाकियों,92
फुफेरी,1
सीखेंगी,51
भटकेंगे,140
सतावर,123
सूरजदेव,36
सेवानिवृत्तों,52
श्राविकाओं,162
लोकसंपर्क,58
गौरवमय,91
संभागों,52
दरवान,32
कार्यालयाध्यक्षों,52
ताकी,147
धड़धड़ाते,171
अनसुलझा,191
हांकने,180
अर्धवार्षिक,95
विस्मृत,91
प्रेमप्रसंग,1
जूसर,103
मणिका,143
बेराजगारी,75
फंासी,50
दूधवा,113
छिड़क,103
श्वेताम्बर,162
गजन,16
दहलान,111
मोतियाबिन्द,144
सर्वहित,94
सतनामी,36
पतिराज,36
द्धितीय,52
क्रुद्ध,66
मिटाए,147
लडे़,43
कंधार,126
तलबा,184
बुझाए,8
फूटते,188
जालियों,92
बहाता,188
लेहरा,17
जड़ता,119
स्वीकृतियां,52
व्यवस्थ,100
यती,138
इसकेबाद,136
भूलेंगे,140
भिक्षावृत्ति,61
बलजोत,12
लड़ूंगा,140
चूकेंगे,49
छिनकर,35
ठाकुरों,15
कारिदों,139
डालिए,147
सिकुड़े,112
सीएनसी,2
डिस्पोजेबल,103
बावरी,138
सेवायोजक,42
यथाशक्ति,58
पुकारता,69
कब्जाए,35
ड्रामेबाजी,84
मर्यादाएं,4
निशीकांत,27
अभिमानी,119
पिंजड़ा,9
सूत्रधर,36
धुली,87
गजरा,62
नवजागरण,132
रतौंधी,72
महापरिवार,75
वंजारा,70
आवण्टन,52
लोकसेवक,125
त्रैवार्षिक,95
मुख्यारोपी,169
सरकी,112
प्राणायामों,162
प्रज्जवल,64
दुधारी,104
नरपति,138
नवासा,54
लीजिये,39
जब्बर,54
देवालिका,169
रमता,138
अंगुठियां,116
जीवंती,143
उड़नदस्ते,139
शरबती,189
हुल्लड़,177
आर्गेनाईजेशन,2
अंगुठा,112
मर्दिनी,38
माशूका,54
कंफेक्शनरी,2
संग्रामी,22
द्वंद,88
अंकतालिकाओं,6
चुकाकर,166
झंझटों,88
लिखाए,93
विपद,26
ब्रह्मास्त्र,29
जांचते,171
ऋचाओं,94
इंद्रियां,142
अक्ल,10
कार्यक्रमो,95
खुलवाते,50
भींगे,188
एनलाइजर,2
बरसेगी,188
प्रेमनंदन,36
संवेदीकरण,100
उछलते,171
जुमेरात,184
अजमाइश,43
उगना,189
चखनी,16
मुखे,187
भूतों,119
मालूमात,39
हर्षाेल्लास,193
प्रतिपादन,37
रूठी,87
कमजोरों,66
गुणवान,55
जिगरी,54
वानप्रस्थ,162
अध्यात्मिकता,94
मुचलकों,139
सामूहिकता,58
खेमें,43
रसना,187
चूजा,123
स्वारथ,138
भाइचारा,58
खड़ंजों,92
हरिद्वारी,36
जानदार,111
तीव्रगति,31
फोड़ना,98
खिंचवाकर,50
उपेक्षाओं,88
वैभवशाली,174
पैत्रिक,1
कुलवन्त,32
लापरवाहियों,66
तलाशें,147
सुनारी,17
निमिष,91
भुजाओं,112
उपमहाद्वीप,149
विद्याज्ञान,162
छात्रवृत्तियां,6
ढकेलने,180
गुलेल,104
जीवित्पुत्रिका,34
भौजी,138
किलाबंदी,126
पूजित,38
त्रिशुल,29
उपजाति,75
देनदारियां,166
आबादियों,192
दोहराएं,105
त्यागा,119
पुजारिन,38
मूर्धन्य,55
गहराए,188
फेसिंग,2
उछलकूद,69
संवर्गीय,52
औंकार,36
लहराती,87
इसकारण,39
स्थूल,119
कोऑर्डीनेटर,42
ब्रह्मचारियों,162
बीहड़ों,76
मुखारविंद,36
अस्तबल,9
दमतोड़,16
ड्यूटीरत,45
पीड़ितो,75
हानियां,4
चीखी,69
भारीपन,31
सांवले,133
ढ़ुलाई,182
गृहनगर,149
भोंदू,69
पूजास्थल,174
टिकटघर,117
स्वीटस,2
माधुर्य,133
आडू,189
खोपड़े,190
अघोरी,29
पत्थरगढ़,17
व्रज,138
जलजीरा,123
रूकना,98
गुलाबों,189
गालों,112
धर्मगुरू,162
मुखियाजी,36
चिढ़,66
उसमानी,54
हर्षप्रीत,143
भागदौड़,177
कॉर्निया,144
वनमंडल,42
किराएदारी,186
सासें,87
बढ़वाया,93
व्यापारमंडल,125
अभिवृद्धि,37
मंडलस्तरीय,169
कुरबानी,184
बैठो,0
महादंगल,169
भरीं,99
रफतार,124
नामवापसी,45
रुझानों,88
तल्लीनता,37
त्रिगुण,187
करनें,154
जगायी,58
कायस्थों,192
आंमत्रित,154
रसीले,189
तमाचे,69
परोसते,173
नियत्रंण,135
कातर,26
भगायी,182
बाणों,104
टाईल्स,174
स्वजलधारा,169
विक्री,19
विभागध्यक्ष,42
निस्संदेह,37
सद्विचार,91
नहरे,122
कटवाते,50
तंदूरी,173
फर्जीबाड़ा,146
छीलने,112
शिरोधार्य,154
अनंतदेव,36
अग्रलेख,60
प्रतिस्पर्धाएं,44
भंडारकर,149
कयाल,27
गीतकारों,192
ब्रम्हचारी,162
लंगड़े,69
हिसाबी,181
गर्दिश,185
पुरानों,192
ढहाकर,9
नदीं,76
सदस्सीय,42
लफंगों,164
कंघा,62
डिजाइनर्स,2
पोंगल,193
वार्षिकी,60
निकलो,0
विशालता,37
सोचेगा,140
दस्युओं,15
दिपावली,193
पूर्वोतर,76
सुखदेई,169
फटकारकर,69
पुस्तकालयाध्यक्षों,52
मेधावृत्ति,6
उमंगों,133
चटकाये,171
शोभायमान,29
अर्थाभाव,26
निखारें,147
महिनों,198
फिसलते,171
लुटाए,11
असभ्य,66
हेलीकाप्टरों,145
महोत्सवों,95
अत्याचारियों,22
मंजे,55
अंशों,88
स्पष्टता,37
आयकरदाता,166
प्रंबधन,30
सीमान्त,75
चिमटे,104
वैकुंठ,38
देवदर्शन,162
उपन्यासों,60
बंशराज,32
झुकेंगे,140
धरातलीय,100
खड़ामुख,138
नौवी,183
विराग,119
तालिकाएं,117
अनुदेशिका,169
हर्षोउल्लास,193
बकायादार,166
तैसी,182
भूलाकर,93
कांधे,112
तराशी,182
संरचनाएं,4
भिगोया,103
तस्करा,164
लोथड़े,190
छठां,198
हिंदूओं,94
बिछड़ी,185
सर्वेसर्वा,7
अनचाही,4
प्रतिष्ठापूर्ण,146
दूजा,138
नामदार,54
अयोजित,95
इंजेक्शनों,144
ज्ञानवान,55
करिये,147
मुनाफाखोरों,74
सूंघा,103
ड्रॉफ्ट,117
किनके,149
टोड़ी,16
सुंदरियों,192
धैर्यवान,55
शताक्षी,143
बर्बरतापूर्वक,70
संगठनमंत्री,42
व्याकुलता,26
बन्दोबस्ती,45
जलाता,8
सरगनाओं,70
निलबिंत,113
डण्डा,104
शोधक,72
अग्निकाण्ड,158
डाकपालों,139
नाभिकीय,100
पहुंचायें,28
निपटाएंगे,49
दिखायें,147
टोपे,112
ठहरेगी,51
राजगृही,162
भिड़ेगी,110
दौड़कर,69
गोपालाचार्य,36
सुभाषिणी,143
पिसी,103
असेवित,52
बख्शो,71
रिसकर,68
मोहल्लेवालों,139
अवधारणाओं,88
तीर्थस्थलों,94
पितृत्व,1
नलकों,92
बेताल,29
एचआरडीएफ,2
दौड़भाग,190
तलाशता,171
बहुपयोगी,100
लडकों,183
द्रव,72
जलसों,63
सेामवार,122
भैसा,9
काढ़ा,123
भौंरी,113
गदरा,190
हेल्पलाईन,52
बकायदारों,139
अबैध,113
दरकी,190
बारहसिंगा,29
गुदगुदी,69
कोकी,173
पंचयात,113
ढाह,190
बीएएलएलबी,169
चमचमाते,13
वनस्पतियां,30
महुए,189
पंचो,32
इन्स्टीट्यूट,2
प्रत्यंचा,112
लेतीं,87
महाजनसंपर्क,45
छूटेगा,140
बहुल्य,146
आन्तरिक,100
सीध,112
दैनिकी,60
द्विवर्षीय,6
गुदगुदाने,133
उस्तरा,104
इन्साफ,71
लतपथ,190
शक्तिपुंज,91
दुबली,112
खुबसूरत,133
बढ़ाने,180
कूची,185
योजनओं,52
यकृत,72
सूचनापट्ट,174
पहचानों,88
कीजिये,147
सुंदरवन,29
झुलसीं,8
छलावे,84
प्राध्यापिकाओं,179
रहेंगें,140
ढले,171
रंगोलियां,116
चुराता,93
नवासी,89
पुर्नविचार,154
कार्टूनों,111
कटवानी,50
सीनाजोरी,84
रामजनक,32
तहले,192
तवज्जों,88
विद्वतजनों,192
नापकर,134
रोगियो,90
सम्मोहन,133
प्रकाशमय,13
लुभावना,133
आत्माएं,116
जीवधारा,169
पडे़ंगे,49
कहलाएंगे,140
रामभद्र,36
प्रदशर्न,95
जन्मशताब्दी,95
प्रतिनिधिमंडलों,192
चौंतरा,54
चुनेगी,51
सबलोक,27
झरझरा,188
थामेंगे,51
सविनय,149
मौलवियों,184
मण्डियों,92
खर्चीली,31
नापतोल,19
स्वचलित,100
तकिए,112
दक्षिणटोला,17
सुखवासी,36
हिमगिरि,29
चौद्वार,174
दम्पत्ति,1
आर्किड,189
एसएफएल,2
तोतली,69
रोडवेजकर्मी,139
वाल्ब,2
जलाती,8
धंसता,24
ब्रह्मानन्द,36
पकड़ता,171
गिरवाया,93
आशापूर्णी,38
अड़तीस,89
चिपको,149
बहुसंख्यकों,132
आवगमन,16
मचेगा,140
रूपे,138
कुशलतापूर्वक,37
माहताब,185
बर्चस्व,43
डायनासोर,29
विचारोपरांत,52
पनवारी,17
शास्त्रार्थ,162
नस्लीय,66
मरेगा,140
पहुंचायेंगे,49
बांधेंगे,49
सैंडल,62
शान्तनु,29
शोभायात्राएं,116
दिलोदिमाग,185
महत्वता,37
जायके,173
सुविधाओ,108
गोलरहित,110
बख्शीस,71
लटकाना,98
कष्टप्रद,31
घण्टाघर,174
उग्रह,169
पीपर,189
राजधानीवासियों,139
विलुप्ति,31
रंगरेज,54
पथरीले,76
त्रिकाल,162
लडे़गी,43
बाइज्जत,71
जगेगा,140
मौखिकी,6
फरमाई,184
करवायेंगे,49
छींकने,72
ऐलिवेटिड,2
छोड़ेंगे,140
न्यूमोनिया,144
मुढ़ी,113
ऐहतियातन,126
आरामदेह,41
जन्मजय,169
घुमाव,112
गौमुख,76
डरावना,111
हैंडराइटिंग,2
प्रतिनिधियो,42
लांघते,171
निखरकर,133
अश्रुधारा,188
अंतगर्त,100
उपनिदेशकों,52
ऑर्थोपेडिक,90
पिलवाने,180
जीवनदायी,91
चरित्रहीन,66
सर्वोदयी,36
धर्मलाभ,162
मठाधीशों,7
टशन,111
पितृशोक,162
खिसकना,24
हितलाभ,166
लूला,69
महानिबंधक,42
परहित,91
विद्यालंकार,36
जिसकारण,181
साबूदाना,173
खिसकती,24
हाईटैक,2
शोरशराबे,177
मार्गाे,169
गाडि़या,124
खोजें,147
हेैं,66
करारे,173
शिल्पोत्सव,95
खलासियों,139
जुटाएं,49
छप्परदार,169
बाटों,134
प्रयागघाट,41
पथभ्रष्ट,66
आयेाग,52
प्रत्युत्तर,37
वानखेड़े,27
राजाभइया,32
आयकरदाताओं,166
मिलादुन्नवी,193
शवाब,190
नमोनारायण,36
प्रबोधिनी,162
पूर्वानुमति,154
विवाहों,192
दुर्बलता,31
लावण्य,133
करायीं,182
दहक,8
लॉलीपाप,84
अंदाजे,185
मजलिसे,184
विसंगतिया,4
सहजप्रीत,12
कांसे,103
भरमाने,180
बागबानों,192
अवयवों,100
जुटायी,182
ज्योर्तिलिंग,38
उम्मीदे,185
घटनाओ,88
उमदा,185
बालाएं,116
पीपीए,2
शौंचालय,122
कब्जाधारक,169
धनवती,113
सुनाएगा,140
ढोलकिया,27
चुकाएंगे,49
शिवकृष्ण,36
नियमविरुद्ध,146
बम्बे,138
पेशेवरों,192
न्यायपंचायत,42
अपाहिजों,65
वेशधारी,61
खटकने,180
गैजेट,2
लिपी,60
भ्याण,32
गैराजों,92
तोड़ना,98
आधुनिकरण,100
पुराई,17
पधारीं,95
झंडेवाला,38
जीयो,0
इन्स्पेक्टर,2
सामन्त,15
गृहसचिव,42
गवाएं,147
उगम,187
एकत्व,91
क्रोधी,119
अनिश्चतकालीन,146
तिली,103
निभायें,128
सहृदयता,37
ठोंकते,171
अर्थहीन,66
जशन,193
पैरामिलेट्री,126
तुझसे,185
भरणपोषण,135
देहला,69
सरदारों,15
झुग्गीवासियों,75
नोंचकर,9
खिसकी,24
प्रसिद्धी,111
फहराना,159
छेड़ी,182
मुस्तकीन,54
झोंकते,171
शोलों,8
रिपुंजय,36
मंझना,113
टेलीफिल्म,111
रामनंद,36
पूछेगा,59
मकरसंक्रांति,193
सुंदरम्,143
पछियारी,17
अर्ज,153
विवेकपूर्ण,37
बलिदानियों,22
भेली,173
बुद्धजीवियों,192
मुख्यतया,100
दुर्गामंडप,169
मालिका,95
शीशमझाड़ी,12
परागण,30
दिगभ्रमित,66
सुवर्ण,29
उजड़,65
नक्शेकदम,111
उजड़ी,190
कोणों,92
फंसेगा,140
कार्यनिर्वाही,45
जातीयता,37
अधिष्ठापित,146
आहृवान,16
बिखरेंगे,51
स्वागतम,193
चटाकर,103
अर्थों,37
चौसर,110
चढ़वा,50
स्वर्णिमा,169
सबकों,88
सामाग्रियों,100
खुंटिया,32
निरामया,91
नर्सें,90
पुर्णिमा,34
उजड़ते,9
प्रज्ञानंद,36
सुचान,113
अंपायरों,110
एक्सीलेटर,124
रंगीले,133
पोषकों,30
रिद्धी,143
लटकाये,171
थालियों,173
मूसल,104
सुधारकर,146
शस्त्रधारियों,162
दातुन,123
पानीटंकी,122
पुस्कालय,95
कंटीन,2
सिली,62
लक्षिता,143
धमरें,12
खुदवाई,9
हस्ताक्षेप,136
अनियमिताओं,52
चीखों,65
जखेड़ा,17
जाऐगी,182
नाचना,98
रिपू,16
लगायेगी,51
गरिमामयी,91
रतवार,12
हौंसलों,185
भक्ती,94
तंत्रों,100
विभूतियां,116
धधकी,8
छकाने,180
आंकना,98
समग्रता,37
इन्त़जार,45
छातों,92
सीमेन्ट,103
कथावाचिका,162
यास्मिन,143
जूड़ो,16
आद्य,149
कलाकारो,192
सुहासिनी,143
गुटके,103
मनभेद,43
अस्मित,143
यदुपति,32
अपराजित,91
पुरवइया,188
सामायिक,37
संकूल,113
मुर्हरम,184
डीवीवीएनएल,169
पाटीदारों,192
पर्यवेक्षिकाएं,169
कर्फ्यू,177
बायोटेक्नोलाजी,2
गाडी़,124
थानाघ्यक्ष,17
गद्गद्,133
इंटरवल,111
बंटाई,9
उजाड़ी,9
मंजीरे,63
निबन्ध,60
अविचल,91
जानेगी,140
बसवारी,17
राष्ट्रनिर्माण,58
बंटवाई,50
छलकने,188
छुपाना,98
भूकटाव,122
अटपटी,177
कानूनविदों,125
लकडि़यों,92
विकासकर्ता,100
थारी,138
इतालवी,21
संर्कीतन,37
इयरफोन,63
घोटा,103
नश्तर,185
नयनों,133
पसीजे,69
आओगे,0
चिपकाये,171
लाएंगी,51
भेजीं,161
जिलापदाधिकारी,42
सुधारनी,182
पॉकेटमारों,164
भाऊवाला,32
क्रीड़ोत्सव,169
लाइसेंसियों,74
सापों,29
उपमहानिदेशक,42
सर्वेक्षणों,88
जोड़ता,93
बरदाश्त,71
चीखता,69
शुभकामनायें,193
युगांतर,149
गिलहरी,29
पुनर्निमाण,154
टिंका,27
सोम्या,143
लोकजन,43
क्रेताओं,166
तड़ीपार,35
मरोड़कर,50
चिपकाना,98
पदाधिकारीयों,42
पुरुषार्थी,91
नशेडि़यों,92
घंटियों,63
दैत्यों,29
सीढी,18
कार्यालयी,52
मालिकी,184
एकाकार,91
अन्नदान,61
पश्चिमोत्तर,149
उपविधि,52
शंखधर,27
प्रखंडवासी,169
भक्ता,38
लौटाएं,49
बांधें,147
गटकने,180
पत्रवाहक,41
प्रंबधक,42
ठण्डे,23
पेशाबघर,68
खंगालनी,182
सकतें,147
लड़ाते,171
होर,138
गोरक्षकों,70
छटांक,134
भांगड़ा,63
नायलान,62
अभीष्ट,91
कर्मकांडी,94
गुरुधामों,169
विचारार्थ,125
हड़काकर,35
हमनें,39
सत्कर्मो,91
कर्माध्यक्ष,42
हथकड़ी,62
पायजामे,62
बेशर्म,71
प्रसूताएं,144
संग्रहालयों,174
दरिंदा,71
बहकाकर,35
बरतकर,147
सुबाहु,29
हाड़ा,113
पडताल,84
भाषायी,21
त्रिनेत्र,38
उधेड़ी,190
सवेतन,52
लीलो,190
भुवी,110
जिल्द,60
चिड़ैया,190
नास्तिक,94
मोरचा,136
सकरे,76
खटखटाएगी,51
बड़ाई,69
छायाकारों,192
रायफलों,126
अजनवी,65
गौसाई,16
धंसती,24
वार्ताकार,55
संभावितों,139
चाहूंगी,98
खरबों,11
लाडलियों,92
दुल्हेड़ी,169
पिछड़ती,172
निर्विकार,91
आंतकवादियों,126
दिलवाते,49
नन्दनी,36
फेरीवाले,19
जलाराम,32
फाक,69
अनुबंधकर्मियों,139
अॅाटो,16
तारू,32
झींगा,29
रसमयी,133
कुटिल,66
जमती,188
उल्लासपूर्वक,193
धारों,92
निर्माणकर्ताओं,192
स्वस्थता,91
ढ़ाबों,92
कब्बाली,54
दुगुने,89
अविवादित,66
लड़ेगा,140
खुंखार,70
नचाने,180
टाले,136
अपनायें,147
पंचायतस्तरीय,169
बचाइए,147
पवनपुत्र,38
लुढ़कते,24
एकछत्र,15
सुलगा,8
मटक,190
नकलें,117
सोखने,123
प्रियदर्शन,27
ग्रंथि,72
शंकाएं,4
कैरमबोर्ड,110
रस्सियां,116
मध्यस्ता,146
आशिर्वाद,38
सहनशक्ति,37
लड़कर,43
सुझाने,180
मेहनतकशों,132
अनीति,119
देनदार,166
नीलामपत्र,169
लगावें,187
दोंगो,169
वर्षाजल,122
कालबद्ध,146
अनुमानों,88
खराबियों,88
निखरता,133
बीमाधारक,166
कार्यानुभव,100
पसलियां,116
तलवा,112
प्रचुरता,37
अहिंसात्मक,132
खस्ताहाली,65
जुझारु,55
सादगीपूर्ण,148
आयतें,184
चमकेंगे,140
त्रेहान,27
कोल्हुओं,30
मांसपेशियां,72
लांगुरिया,63
लगवाएगा,49
ट्रासफारमर,169
स्लॉट,2
जलसंचय,122
गुरूर,185
तितलियों,133
अब्बासिया,184
सतासी,17
पुतना,138
ऊबी,87
टहलता,171
गुच्छी,189
डीपीएन,27
फलियों,189
कैम्पों,192
छिड़ककर,103
नग्नावस्था,29
घनचक्कर,111
लाईनें,116
उच्चविद्यालय,6
मालिको,74
सिरकटी,17
लौहार,32
ज्योत्स्ना,143
तिगुना,11
सफलतम,55
पदाधिकारियोंने,139
खोखाधारकों,139
धर्मप्रेमी,162
तिहरी,110
जनसंगठन,132
कैमिस्टों,139
परमार्थी,162
सूबों,15
नवविवाहिताओं,192
लेनेवालों,192
सेल्यूट,22
शामियाने,174
इंदुमती,143
अमृतमयी,162
इलजाम,84
दुर्दिन,26
कुचलना,98
आनाजाना,98
सत्,91
भोगों,119
तमतमा,69
लुभाई,133
दियों,13
सुपुदर्गी,100
चहरदीवारी,174
अंधड़,188
कटाना,98
केशरिया,29
राज्यपालों,125
ऐनकें,190
भंगिया,138
जिर्णोद्धार,41
मजरूल,54
श्रृखंला,100
जलमीनारों,92
पालिस,62
गर्ई,16
मोहिता,143
औषधालयों,90
सहोदरी,149
अनमने,177
परिचारिकाओं,192
हांका,9
फेरो,187
गुरूओं,162
मानवों,156
ट्रांजिस्टर,2
डिप्लोमाधारी,169
ग्रंथियों,72
नागदेवता,38
सुलझाएंगे,49
उपसमितियों,52
बुंदिया,173
सरणी,37
शिवाशीष,36
रूठने,177
डाक्टरेट,149
संश्लेषण,100
पश्मीना,62
मिटाएं,147
होलिकादहन,34
चूडियां,116
नेस्तनाबूत,35
उधेड़,190
कूपनों,117
छटने,188
अंतरसदनीय,169
लिखाते,93
पशुचिकित्साधिकारी,139
उत्पादनों,30
राजधर्म,94
अड़ा,69
मुख्यपथ,169
तीर्थों,162
पुतान,27
पद्मविभूषण,149
प्रोगाम,2
इश्योरेंस,2
तिरस्कृत,66
खप्पर,103
खतौनियों,139
देवेश्वर,36
सरकने,24
अपसंस्कृति,132
सेवईं,173
अतिपिछड़ी,75
फैंका,50
त्राही,188
उद्येश्य,58
फूलदान,62
उठाईं,182
चढ़ायी,182
धूपबत्ती,103
पैथालॉजिस्ट,90
बाजारें,116
लोकगायिका,143
भुलाए,185
निशानियां,116
चूँकि,39
घूमर,63
खंडहरों,174
टनों,92
लदने,177
दबाये,112
सिसकती,87
बरकात,184
द्रोह,66
बंधवाई,50
किडनैप,164
हिस्सेदारों,166
अनुकूलता,37
उच्चपथ,17
कुमारों,162
चलवाए,50
गरजते,188
उल्लासपूर्ण,133
अविद्या,119
भगौने,103
चक्करों,88
जलजले,188
पालती,87
बतियाते,171
परतों,92
सुकोमल,133
रियासती,15
ग्लानि,26
जिंदादिली,111
छांटकर,117
छली,119
तस्वीरे,111
राजदार,54
फटकर,24
प्रतिस्थानी,136
वादकों,63
गुजारेंगे,49
जेंटलमैन,110
उतरूंगा,140
ठाट,138
जिम्मदारी,58
बॉलीबाल,110
वादविवाद,95
रूढ़ीवादी,66
भगौना,103
रूदन,26
बिताएं,147
चुरायी,182
जलवाये,45
परित्यक्ता,1
चस्का,111
रेशे,72
सुखाना,98
सर्वसम्मिति,100
धर्मावलम्बियों,94
ठुकराई,153
दिल्लीवासी,39
उगरा,187
नुस्खों,123
धर्मपरायण,55
किसमती,169
बंकरों,126
भाए,138
हार्डडिस्क,117
चाहरवाला,32
सलोना,133
विराजी,38
चिपकने,112
हाड़,65
सर्वण,75
चुटकले,111
चरणामृत,187
दीवाला,11
परियोजनाधिकारी,42
तथापि,39
सदाकांत,42
मुस्कुराने,133
काटेगी,51
मकरासन,123
जातकों,192
षष्टी,34
भूतकाल,105
उड़नखटोले,145
श्रीपद,36
याराना,185
नवदंपति,1
कड़की,190
उगलता,8
कबीले,15
पंड़रीकृपाल,169
झुलसाया,8
सिद्धियां,4
नकारात्मकता,31
मानचित्रों,100
झुकता,171
लावण्या,143
जीवनवृत्त,149
लकीरे,112
लदवाकर,50
विशिष्टजनों,192
प्याले,103
ब्रह्माश्रम,162
आश्रिता,100
बंबू,9
नवजवानों,192
रिक्शाओं,124
पिछड़ेपन,75
भक्तियाना,169
फ्रांसिस्को,149
सेवाकालीन,52
आकस्मिकता,37
चूमा,112
छापकर,60
श्रृंखलाओं,76
जगनायक,36
अनूसूचित,146
प्राधानाध्यापक,42
सम्पादन,60
मासूक,54
नवजन्मे,55
तामकोट,17
हंसती,87
अभियन्ताओं,52
घूप,188
वैद्यनाथन,143
गायी,63
उड़नदस्ता,42
आत्मसर्मपण,70
कुचलों,65
अन्नप्राशन,34
अनुजाति,169
रुही,143
कायार्लय,125
निशक्तजनों,52
हीटरों,92
ग्लोरियस,2
सींगों,112
बहिनों,1
ज्ञापनों,52
कृष्णपक्ष,34
चढ़नी,182
कूंचकर,9
केंटीन,41
सुलगी,8
हांफती,87
सेवायोजकों,139
नेत्ररोग,90
रिलांयस,2
समांतर,76
पंचायात,17
पिचों,110
ढपली,63
आमलेट,173
आचारसंहिता,94
पोंछा,68
बोधिसत्व,149
केंन्द्र,174
कन्याधन,52
इकरारनामे,166
़फरवरी,198
बदनियती,71
झोके,188
छुड़वाने,180
सर्वकल्याणकारी,91
अपीलें,186
छात्राओंको,6
उठवाई,50
सभाराज,27
अनापशनाप,74
मंत्रिमंडलीय,125
टपकना,188
रौंदती,87
सप्तर्षि,29
चुकती,87
बोलेगी,51
कॉलगर्ल,164
सुधारानी,146
बीसवें,198
रगड़ते,112
रुपहले,185
बिगडे़,172
अंगोछे,112
अखरती,177
विधानाचार्य,162
डिगंबर,169
पड़नेवाले,181
वाईपास,17
गोरक्षक,70
हैजे,158
इजीनियरिंग,2
प्रेमिकाओं,192
असमिया,149
उगाएं,189
निशक्तता,52
बेचनेवाले,19
योगियों,162
बहाएंगे,49
लांसनायक,32
पदावनति,166
गगरी,190
मस्जिदे,184
बुझाता,8
विपश्यना,162
अयोध्यापुरी,36
पंगोली,17
घरवाली,1
लट्ठे,9
समानुपातिक,100
मुकुंदी,36
प्रेमपूर्वक,119
हवाहवाई,169
कार्ययोजनाओं,52
चुटकियों,147
ब्रह्माोत्सव,169
महामंत्रियों,139
भिड़ाने,180
तबज्जो,71
तोड़ियां,116
दिव्येंदु,27
थपेड़ों,188
मुहरें,116
छपकर,60
बालविकास,100
भोलेबाबा,38
प्रज्ज्वल,64
बन्धक,119
ताजियेदारों,92
पूर्वाेत्तर,21
फार्मसिस्ट,90
कर्मक्षेत्र,149
फरमाएं,39
रोजगारों,74
योग्यताएं,96
प्रदेशवासी,75
पशुक्रूरता,66
शिकायते,4
कुशलवीर,32
ब्लॅाक,113
धानों,30
बचायें,147
टटोलते,171
सांयकालीन,41
समुद्रतल,29
विध्यांचल,29
रोड़ियां,116
भेदन,29
टंकिया,122
बापूजी,162
लक्ष्मीपति,36
अड़तालीस,89
अनुदेश,100
सौतेलेपन,66
बजर,104
आंगणन,100
वसूलेंगे,49
प्रस्फुटित,91
झुकाते,171
नवस्थापित,146
ग्रंथालय,95
थिरकन,63
छटपटाती,87
पथिकों,192
क्षमतानुसार,37
परमदेव,36
हथियाई,35
प्रबधंक,42
कानूनगों,139
सविस्तार,37
अरुंधती,143
लांघी,182
साबूत,173
ब्रिटिशकालीन,125
पीठाधीश,162
बिठवाना,98
राइफलमैन,32
वनरोपण,30
कूड़ाघरों,92
लट्ठमार,149
जुड़ना,98
वीणापाणि,36
फसी,190
बंजारे,75
आलसी,119
उड़ानों,145
कीड़ों,30
बघौड़ा,12
जीन्स,62
ठंडापानी,169
पुर्नस्थापना,45
मोच,112
देवीमय,38
पदमिनी,143
स्तरोन्नयन,146
बचो,0
छौंकर,113
छड़,112
टूटेंगे,140
गुनगुनाया,63
खरास,190
पाईपों,122
दबाएंगे,49
सुरूचि,37
आत्मन,91
कुसंग,119
भेजेंगी,51
़जहर,12
चक्कियों,92
रणबांकुरे,22
टूटीं,87
बौखलाये,35
कलियां,189
लिपिबद्ध,60
बछड़े,9
आन्दोलनकारी,132
चुल्लू,188
गाडिय़ां,124
भष्टाचार,84
आत्मदेव,162
आशानंद,36
उफनाती,188
कार्यसूची,100
गन्नों,30
वानरों,29
बिगडऩे,172
बक्शीश,32
गंगाघाटों,92
गाढ़े,188
हथेलियों,112
जटाओं,29
उद्घोषों,45
ठिठके,171
जूझा,88
इंस्टीट्यूशनल,2
विभागाध्यक्षा,42
टिमटिमाते,13
बनवाता,93
लुभाते,133
छुड़ाकर,35
धर्माधिकारी,55
अधीशासी,42
बंटते,171
वाहिनियों,72
अर्धसरकारी,52
सहृदय,55
स्नेहाशीष,133
बरुण,27
पगली,69
घुमाता,171
नम्र,119
मानावाली,146
गरजीं,113
रिवर्ट,146
कार्डियोलाजिस्ट,90
गोपीकृष्ण,36
रुग्ण,31
भिट्ठी,17
बेपनाह,185
समालोचक,55
उपजिलाधीश,42
नौसैनिक,145
लदकर,124
तसवीर,185
खुतबे,184
चुहिया,69
बागड़ी,32
वृन्दा,36
राष्ट्रधर्म,94
चकरघट्टा,17
पोसी,138
मेजें,112
संवारते,171
पतंगबाजों,192
आयातकों,166
सेंटाक्लाज,2
बकायदे,117
विवादस्पद,66
मही,187
यहूदी,192
इंफॉरमेशन,2
धड़कनों,185
बारिकियों,88
ऐलोपैथिक,90
हरिप्रिया,36
समस्यायों,88
सिलिकॉन,2
संट्टेबाजी,45
आव्हान,58
जटिलताएं,4
मझली,190
भगीना,113
संख्याओं,88
ऑब्जेक्टिव,2
भारतवंशी,55
पर्यायवाची,149
फितूर,111
बदी,184
हेै,187
लडे़ंगे,43
लगाइए,147
संधाली,12
कहंा,16
धड़ाका,190
धनावंटन,52
बाडे़,9
अविभावक,1
अदरख,173
अविराम,91
चिल्लाए,69
अर्वाचीन,149
कूड़ादानों,169
कर्मदेव,36
लाइए,147
परस्थितियों,88
छुट्टंी,45
गण्यमान्यों,192
हवायें,188
प्रामाणिकता,37
संस्तुत,154
चिकित्साधीन,90
करुणामय,91
संग्रहकर्ता,55
बांसों,92
जलाधिवास,169
भौंरों,189
सहूलतें,108
मण्डली,192
रामझूला,17
सुताना,17
वेदियों,92
ठोकते,171
संपर्को,100
हृदयनाथ,36
डलवाते,50
पन्नियों,92
चॉबी,16
एंडोस्कोपी,144
असरफी,16
उपनियंत्रकों,169
चिन्हि्त,45
बताइये,39
बनगाव,149
नवमनोनीत,45
दागीं,126
मारीं,69
कैंथा,113
खिलाता,173
भारतभारी,169
सरंचना,37
गुरुदक्षिणा,162
तौलिए,62
अवरोधकों,72
रामज्ञान,36
टहलकर,171
बकाएदारी,166
परिसंपत्तियां,166
मनोचिकित्सा,90
गलाकर,103
चंट्टोपाध्याय,27
बिगाड़े,172
शांतिदूत,22
त्यागराज,149
हल्लाबोल,136
शत्,187
दक्षिणायन,34
पुश्तों,15
पेटिकाओं,92
बंदूकधारियों,126
लोडकर,169
मुहल्लेवालों,139
शिविका,143
फाड़ने,180
पेंचीदा,191
चासनी,173
समर्था,91
पुड़ी,190
हारेगा,140
सुफिया,54
चौपाइयां,116
कमाओ,0
धर्मान्तरण,94
क्रांतिवीर,22
ध्वजाधारी,29
उच्चाधिकार,125
गलकर,103
पहनता,62
धधकते,8
बिखरती,87
इमरजेन्सी,132
खरंजे,113
बांटो,0
भोलों,92
विजयदीप,27
लोगाें,139
हटीं,69
रखेगें,140
बढ़ायेंगे,49
बनवाएगी,49
सोखता,188
मिट्टू,169
टकराता,127
एल्युमिनाई,2
चक्रवृद्धि,166
मुंगफली,173
याचक,61
नवधन,113
भिंडा,17
पाऊडर,103
इलाइची,123
बालभवन,95
वाहनें,124
वज्रवाहन,169
बुगी,16
सीया,138
ढूंढी,182
तलों,92
श्रद्वालु,34
माँगों,88
मिठाईया,173
गुरने,180
संचेतना,95
प्रतिपक्षी,125
ख़ुशी,133
तलबगार,185
महीनो,198
स्वनिर्मित,37
लाभदायी,31
यशवन्त,27
ननदों,1
संस्थानो,6
अलापते,84
इकोनॉमी,2
बटने,112
पंतद्वीप,17
लतीफशाह,17
थमेगी,177
उखड़ती,190
तुलवाने,180
निर्गमन,100
छात्रोपस्थिति,169
विवेकी,55
बंटाती,87
सर्पो,29
कुमाता,1
मध्यावकाश,45
दुलर्भ,29
मुड़ना,98
सिक्योर,2
व्यावसायीकरण,100
कंप्युटर,2
पोंछे,112
पूछेगी,59
मालखेड़ी,113
इकतीस,89
मसरूफ,177
जीवनवाला,169
बहायी,188
हमसब,58
जीवनदायनी,29
फौव्वारे,174
सोनबाद,17
कान्ति,143
गडबड़ी,16
पेजों,60
लालीपॉप,84
कार्यक्रमानुसार,95
कुशलपुर,17
महापरिषद,42
उत्कंठा,133
कबाड़खाना,60
कुलचे,173
बरदास्त,71
गाछ,189
लुभाती,133
ठिठुरना,23
विवरणों,88
धकेलना,98
व्रजपात,17
तुड़ी,190
डाकिए,117
भभक,8
करहा,69
जगनी,190
लेंगें,140
गुणवत्तापूर्वक,146
सजेंगे,140
पदाधिकरियों,139
उम्रसीमा,96
महात्मय,34
अप्रसन्नता,66
चपकी,16
सूचनाधिकार,52
हथनी,190
सेवईयां,173
स्मॉग,72
डाक्टरो,90
फेकेंगे,140
पातालपुरी,38
बाललीला,38
खास्ताहाल,71
बुधानी,113
रविवारीय,60
अक्षयपात्र,36
लुटरों,164
सिद्धान्तों,88
टालती,87
कहारों,92
सिन्दूर,103
राष्ट्रद्रोही,71
दिशासूचक,145
उवाच,27
रिहाइश,174
लदवा,190
सुविधादाता,108
छूमंतर,147
लफ्ज,185
केंचुए,9
ईंटा,190
गड़बड़,177
जोड़िया,111
सुलगता,8
ज्ञानसरोवर,162
दारी,184
रसों,119
सोलहवें,198
आहुतियों,34
भोलेशंकर,36
प्रत्यावेदनों,52
इक्ट्ठे,50
पूलों,92
वैबसाइट,60
पथनी,113
संयोजनों,88
कहेंगी,51
किसमिस,173
तारघर,41
अनुशंसाओं,52
बनोगे,0
महासिचव,42
कनफेडरेशन,149
प्रतिनिधिगण,42
सार्इं,36
शस्त्रधारी,162
उठायेगी,51
फरिश्तों,184
बिन्दी,62
वस्त्रम,62
बढेगा,140
पिलाएगी,51
खासबात,39
जिलाविद्यालय,42
महाजुलूस,169
सयाना,55
कतरने,112
होनेवालों,192
धसकने,24
सेबों,189
फांसने,84
डिंगा,149
ताबड़तोड़,45
सड़़क,12
शार्गिद,54
वृद्वि,31
अनिर्वाण,162
अमरत्व,91
कसती,190
जीतनी,43
दीजिएगा,140
कृष्णाष्टमी,34
सुखाते,171
अनसूचित,146
गलतबयानी,84
बिस्मिल्ला,54
लालकुआ,17
दुखदर्द,26
जीवनरेखा,76
गवाई,65
जलप्रवाह,76
गिनते,171
अधिगृहण,30
डायटीशियन,90
जोशियान,42
जागेगी,140
एवम्,21
बरातों,92
हटों,92
वैधानिकता,135
बचकाना,66
बैट्रा,169
अलावां,192
मोहमाया,119
समाजोत्थान,58
पावे,138
हरिचैतन्य,36
सराफों,74
रखूंगी,51
मशरूर,54
त्रिकोणासन,123
अंत्येष्टी,34
बोनसाई,189
हालमार्क,2
चोटीवाला,17
भुईंया,16
ट्रांसफॉर्मरों,92
पेजर,117
सकरिया,17
कुम्भकार,29
कंजर,138
फोड़कर,50
मर्दाना,111
मुलजिम,70
लालों,7
सचेतना,37
लवणीय,149
सेवामुक्ति,45
सुमंगल,138
मराठे,15
जीवटता,58
लिखवाएं,117
बटोरते,171
डायरियां,116
बुद्धजीवी,132
भापते,171
मुड़,171
शास्त्रियों,192
खटखटाए,50
विभिषिका,26
स्नानादि,34
गंगास्नान,34
फांकने,180
क्रियान्यवन,100
बंजारन,185
कियागया,154
पंचवीर,17
बतलाते,39
कैमीकल,2
बुलवाई,182
बढि़यां,116
पायस,149
नुकसानों,88
गिलासों,103
नृप,138
धरकर,138
मांगेगे,153
अनुदानों,52
मजूदरी,75
गुर्दो,72
दिल्लीवालों,65
कॉरपोरेटर,169
उड़द,173
आगन्तुक,41
मंत्रीगण,137
ब्वॉयलर,2
रामधार,32
धमनियां,116
बरसो,188
फूटता,188
चंद्री,36
दिलवायी,182
सामंतों,15
भागीं,87
छूरी,104
आदिबदरी,17
मारपिटाई,45
सम्पुष्टि,45
बृद्धि,31
परखें,147
पिंजरों,92
चौपालें,116
जर्बदस्त,31
मदिरापान,119
वृत्तियों,119
पद्मासन,162
सौम्यता,133
रिपेार्ट,52
समानताएं,4
कम्पोनेंट,2
गुठलियों,189
कोड़े,69
घुलकर,188
संट्टेबाजों,192
टोकना,98
प्लाजमा,72
विस्वा,149
कराटेकार,169
सुनाली,143
उजाड़,35
लोकसेवकों,52
आजमाईश,43
विधार्थी,6
प्रेमालाप,133
प्रवाल,29
फासफोरस,72
अल्पावधि,31
जालिमों,65
जलगाह,12
कमांडेन्ट,2
अक्रांत,169
मखाने,173
जोशो,177
बूथो,92
यज्ञकर्ता,162
भयहरण,138
निकालेंगी,51
जुगनु,13
रेडियंट,2
कुमुदिनी,143
प्रचंडता,31
मैकाले,149
नृत्यांगनाओं,116
तेहरवीं,198
पद्य,149
मैनहोलों,169
सम्प्रेषण,37
मशीनगन,126
नाटिकाएं,116
भजनोपदेश,169
यत्नशील,91
ठण्डा,123
अनेको,21
मलमल,62
जीएं,147
अर्थिंग,122
पहननी,62
चतुरानन,36
ढ़ाबा,173
परफार्मेंस,2
दुखड़ा,69
कथास्थल,169
सम्माननीय,55
प्रश्रनेत्तरी,45
लटकना,112
ऊभा,190
आँखों,99
असहिष्णु,66
साइटें,4
व्याख्यानों,88
जलक्रीड़ा,29
जूझकर,26
कलाकंद,173
फोरन,190
तसव्वुर,185
एनबीटी,2
चपटा,112
अष्टांग,162
मांफी,153
बढ़ा,172
हटाएगी,51
वेशकीमती,11
ब्रह्मभोज,162
खोंटा,113
वार्ताओं,88
कतरों,92
सम्प्रदायों,94
परिक्रमार्थी,45
दहेजलोभियों,169
केबीच,92
उखड़नी,24
न्यायामूर्ति,186
दुर्गुण,119
रोजगारोन्मुख,146
रामानुग्रह,169
प्रधानमंत्रित्व,125
ज्ञानस्वरूप,162
डब्बों,103
पछताने,180
हीनभावना,66
चटखारे,173
पीरपैती,17
महानिर्वाणी,162
आतिशबाजों,92
सुखदायी,91
आर्मरी,2
बैडमिन्टन,110
दौड़ाने,180
नगाड़े,63
पिलवाएं,108
शेखों,184
बजेंगे,140
शोभायात्राओं,92
सामंतो,15
प्राणिउद्यान,169
पेचिस,72
धुलवाए,50
घुमाना,98
भवर,190
हालतों,88
टिंडे,173
लताफत,54
राजयोगी,162
अधिपत्य,15
खड़ीं,190
रस्ता,76
म्यान,104
पशुलोक,29
प्रतापी,55
हवाईयां,116
प्रेक्षण,37
जजमान,138
धमकने,177
प्रांजलि,143
आत्मसुरक्षा,146
अर्षदीप,12
उदगम,29
असीमानंद,70
यूएसबी,2
लीजधारियों,192
रूमाली,173
गंडासे,104
दुखनिवारण,45
लीले,190
वृक्षारोपन,169
कार्यवृत्ति,52
अग्रेंजी,60
घिसाई,112
अधिनियिम,135
चिडि़या,29
निवेशों,166
रूढि़यों,94
इप्लाइज,2
जनवासे,41
दशावतार,38
गृहक्षेत्र,17
उपप्राचार्या,42
लड़ाने,180
अजूबे,111
बधाईयों,193
बजरिए,2
झाझ,16
लुहानी,169
हरिकथा,36
जांचेगी,49
अराध्या,1
धर्मप्रेमियों,94
धकेलकर,171
बिटौरा,17
तीर्थकरों,162
पौधशालाओं,30
उड़ाये,47
सवाली,185
लिखूंगा,140
चटपटे,173
जिलाध्यक्षा,42
दिक्षा,162
गांधीवाद,132
नीलों,169
जलपथ,29
नाशकों,30
पिसे,173
युगपुरुष,55
तकरीरें,184
कुषाण,149
अंतरविद्यालयी,6
अनिर्णय,31
तगड़ा,111
जलसार,12
मजलिसें,184
कांडो,94
सहिंता,135
मानधाता,17
मूर्खता,66
मध्यवर्ती,100
डिग्रीधारियों,6
गुठली,189
खिलखिलाते,171
बुलाओ,0
नेवला,29
नबालिग,186
बघारी,69
जेलकर्मियों,139
बुड्ढे,69
पजामा,62
रोपना,189
आस्थाओं,94
मनोरोगियों,90
पगबाधा,110
हमशक्ल,111
एच्छिक,100
ऊंगली,112
नाईट्रोजन,30
झुठलाने,84
झगड़ों,88
चुटकुला,69
योगिक,162
घूरेलाल,36
परिचयात्मक,60
फलो,189
टयूमर,72
पदचिह्न,100
पल्सपोलियो,169
मंगलमूर्ति,38
किरायेदारी,166
आयतों,184
स्वार्थों,88
माँगने,153
पहरेदारों,126
बनाऊंगा,140
हिचकेंगे,49
पदधारकों,52
दिलायें,147
लगनशीलता,37
डुबा,103
तोड़ें,147
हटवाएंगे,49
सर्वानुमति,136
घूमेगी,171
लड़ाकों,126
बीमाधारकों,139
रुंधे,69
टोकाटाकी,66
प्रतिबिंबित,37
तलाशेगी,49
अनारदाना,173
कटीली,189
अपच,123
दवाखाने,90
मनुस्मृति,94
सदमार्ग,91
सताते,26
रविकरण,169
फटकारने,180
सप्तकोसीय,169
प्रस्तर,174
पकड़ाए,50
भेदते,171
झुलाने,180
गारण्टी,166
सिरहाने,112
हाे,69
ऋषिमुनि,162
तदोपरान्त,187
सचेतनता,37
मंदहाली,169
चलानेवाले,7
नवकिशोर,36
गाड़,9
पोंछ,112
दिलबागी,169
तिकोनी,112
जिठानी,1
कुटे,173
प्राप्तांकों,6
बहिर्गमन,136
टिकता,171
समहर्ता,169
तालेबंदी,45
आलेखन,37
घोंघा,29
सूचीकरण,100
जागेंगे,140
नसीहतें,71
जनप्रतिनिधित्व,135
विलेख,186
खड़क,32
सत्यनगर,169
चिंह्नित,45
दानेदार,123
मांगटीका,45
मिलूंगा,140
छटाक,103
कहलाना,98
सूझी,69
दिव्यांगता,75
मेहराब,174
निदेशालयों,52
अखरने,177
व्यपारियों,74
हाहाकर,35
जॉच,186
गुंदियाना,17
पढ़ेंगी,51
बिखेरेंगी,51
महकता,188
तमंचाधारी,169
पूरित,91
सेकेण्ड,89
विश्रामघाट,45
कुकृत्यों,66
सूरते,184
सुखनाथ,12
सुस्ताने,171
पौबारह,190
मध्याह्नं,169
अभ्रदता,139
जानीमानी,55
मुद्रास्फीति,31
हवनयज्ञ,34
कृपापात्र,7
गडवासू,113
कथनानुसार,149
लोकअदालत,42
मुखबरी,70
धनसारी,17
पृष्टि,100
बर्षीय,17
महिलाओें,139
इक्टठा,50
आर्शीवचन,162
विकलांगजन,52
बगड़,190
खजानची,138
अंहिसा,82
दीयां,116
दुनियादारी,185
क्रियान्वन,100
पंखुड़ियों,189
बंटाना,98
घटयात्रा,34
तश्तरी,103
उफनाए,122
यज्ञमंडप,162
व्यग्र,26
ठोके,112
शिक्षादान,169
गुनिया,158
अल्पता,72
यतीमों,184
पकड़ाई,50
स्कुल,183
गायिकाओं,192
जनश्रुति,149
धर्माध्यक्ष,42
हंसली,112
तर्जनी,112
मजहबे,184
पढ़ाई,183
प्रगाढ़ता,37
जयमंगला,38
लोकपर्व,193
टकराना,127
विश्वदीपक,27
नेपथ्य,111
दड़बा,190
वीरगाथा,22
सेवाकार्य,58
बुद्धिमानी,55
स्काउटस,169
कथावाचकों,192
प्रक्षेत्रों,30
विभास,27
बालीवॉल,12
पीढि़,192
पेन्शन,149
संचालनकर्ता,42
घिसटने,24
बन्दोबस्त,100
टेकना,112
गुलामों,15
बछडे़,9
गृहयुद्ध,132
संतृप्तीकरण,100
भगोड़े,70
सपड़ी,187
लुटते,65
स्वतन्त्र,125
चुलबुली,133
उद्यानीकरण,169
रुलाती,87
बरसातों,188
निम्नतम,100
आकांक्षी,55
लड़वाने,180
बुद्धराज,36
तोड़फोड,35
बैराजों,122
चिपकाई,182
हैवानों,65
दमकलें,116
सैकड़ो,89
अंधियारे,13
दहाड़ें,69
उतारता,18
हटें,171
सुलाकर,50
पैथोलॉजिकल,144
सम्पन्नता,37
नक्काशीदार,174
सहसमन्वयक,42
घनिष्ठता,37
अभ्यावेदन,186
अन्नाधिवास,169
छुएं,147
परोसना,98
आरक्षकों,139
बटेंगे,49
हवाईअड्डा,145
चमगादड़,9
सितबंर,198
कुल्हा,104
उद्यानिकी,30
पहुचीं,28
कैलेण्डर,46
अलि,54
डिपोधारकों,139
विरानी,143
कबूलते,71
प्रभावहीन,31
नाइटराइडर्स,110
अजमानतीय,186
जलधारी,29
पुकारती,87
बाध्यकारी,135
मशरूफ,185
घुमंतु,75
प्रतिभागियो,44
लुटेरी,164
सिकुड़ा,112
खुशमिजाज,55
आवाक,69
पट्टिकाओं,92
धकेलते,171
सर्पगंधा,30
सामारोह,95
ओजपूर्ण,37
गजराजों,92
चक्कों,92
सरकड़ी,126
सेनाएं,126
उर्वेश,27
भगवाध्वज,94
ठोकेंगे,140
महारो,15
तदुपरान्त,187
मरुस्थल,29
आलाप,63
भभूत,187
पश्चिमपुरी,169
पचवान,16
भड़कती,8
वाहनी,90
सर्वदीप,169
चरित्रहीनता,66
जरुरतें,108
निर्वाचनों,52
कामचोर,7
सहस्त्रधारा,29
सूतफेनी,173
डालेंगी,51
वंदनवार,189
कोठों,92
नृत्यकला,21
अम्लीय,72
एेसे,181
वॉर्डन,2
हबीबा,54
कर्तव्यबोध,94
जनातियों,92
जिएं,147
व्यक्तिकी,169
बहदुरी,22
ठुकराए,153
तारामणि,36
नेत्रजन,169
कुरमुरी,173
कलपुर्जो,124
संकेतांक,100
अश्रुपूर्ण,91
खोलेंगी,51
मानको,135
नवकांत,27
दुर्घटनायें,4
प्यासों,65
बालकरूपी,169
भगवंती,32
चमकाना,98
प्रकाशनों,60
करिश्मे,185
पतंगबाज,110
खायेंगे,140
जनसंहार,70
बोलोरो,12
बुलवाने,180
तसले,190
गहरायी,37
चढ़ेंगे,140
रुलाएगी,51
सिमों,2
ग्राहको,166
पर्दो,92
भरथल,16
बुनना,98
बुलबुले,188
स्लाइडें,2
यायावर,149
भरवाएंगे,49
सर्वेक्षित,100
धराई,190
महाव्रत,162
चारापत्ती,30
प्रतिकूलता,31
सेवासदन,149
पर्वतमाला,29
धड़कता,185
स्वास्ति,162
मृत्युलोक,91
लिखाना,98
सुसज्जिात,93
विद्यार्थीगण,6
आदर्शवादी,55
पकड़ना,98
अनुस्मारक,154
सिटकनी,112
ताजातरीन,111
़खुशी,169
खोदवाकर,50
प्रंसग,94
कीर्तिवर्धन,36
अंजला,143
सर्वराज,169
अस्वच्छ,68
राहगीरो,139
आनेवालों,192
द्वेषपूर्ण,66
मानवेल,169
रंगमंचीय,21
थोथा,149
लकीरों,185
आत्मग्लानि,26
छात्राध्यापकों,6
मदिरालय,174
चर्खी,9
घिरती,177
तिलकूट,173
बजानी,63
तोहरे,138
सबली,16
आऊंगी,0
मोटरबाइक,124
पद्मलोचन,36
पत्तो,189
उपलब्धी,91
अग्निपथ,111
मुक्ताकाशीय,169
उमड़ेंगे,140
चिपचिपी,188
व्यवस्तता,31
निरीक्षिका,42
बनवाओ,50
आविर्भाव,149
लहलहाएगी,51
पूछीं,182
इन्द्रियों,142
वाचकों,192
फूलती,87
धर्मयुद्ध,94
अवन्तिका,143
हथौड़ा,104
नंबरदारी,169
खिंचता,171
जायकेदार,173
करमुक्त,166
गढ़ाए,171
उखड़ने,24
कांवडियों,192
बेहताशा,31
फब्तिया,66
सदगुणों,94
छत्रधर,36
चुम्मन,138
युविका,143
कायत,113
आषाढ़ी,34
करूणाकर,27
काशीनरेश,36
तरासने,16
चपरासियों,7
परखकर,39
काग,138
सुनाओ,0
सर्वप्रिय,55
शूद्र,119
मकसुद,169
छिपाये,171
जनप्रतिनिधयों,139
महादानी,91
पलटना,98
मिनार,174
अंचलवार,169
परदेशियों,192
कहुआ,113
पनपना,98
माईनिंग,2
अनुप्रयोग,100
प्रदुषण,68
यूनिकोड,60
संवर्धित,100
जलधार,188
अभागे,65
चौड़े,112
डांटना,98
हंसमुखी,55
श्रीभागवत,36
जेलें,71
मोरमुकुट,29
महफिलों,185
भृकुटी,29
निरिक्षक,42
बेंचना,19
धड़कन,185
चरमसीमा,31
छुड़वाया,35
गणतन्त्र,132
चौराहो,174
उतरेगे,49
बेचेगी,51
प्रसंघ,169
असमायिक,31
पुरुषोत्तमाचार्य,162
पेटीकोट,62
इतराने,180
कांउसिलिंग,6
सिकुड़न,112
अकुल,36
उसूल,184
कटिबद्धता,58
सरौता,104
छापामारा,45
गिरिन्द्र,32
सुकीर्ति,27
रसिका,143
बजनी,63
विदूषी,143
युनानी,149
ककरहिया,17
जासूसों,70
बिगाड़कर,172
सताना,98
साहूजी,36
प्रतिबन्धित,154
लिखेंगी,51
डेरियों,92
परस्ती,184
रेगूलेटर,2
शोषक,132
चिमनियां,116
खिलता,189
कारागारों,52
नस्ली,66
गतिविधयों,58
जनी,138
संदिग्धता,37
मनेजर,2
बोलिए,0
पेट्रेाल,2
बामन,138
कठौती,138
किच्छाना,12
निष्कर्षो,88
दौड़ती,87
घेराबन्दी,126
दयानिधान,91
पंचकोसीय,34
सिंहस्थ,34
क्षत्रप,15
संसाधानों,88
शिरक्त,45
दक्षिणपंथी,132
फरियादें,116
परमादित्य,36
मुड़कर,171
रिक्शाचालकों,139
ब्रह्माण्ड,91
पालीटेक्निकों,139
युवावर्ग,75
अलमस्त,133
लाटूश,113
लुटेरो,164
छंटनीग्रस्त,146
जड़धारी,169
धर्मवाद,94
पंगूड़े,16
लटकाई,182
धुलवाने,180
गुण्डागर्दी,74
खंगालती,87
संवदेना,37
बालवाड़ी,183
अंगुठे,112
फेरीवालों,19
तथ्यपरक,37
झुकाना,98
बिताये,198
डाकसेवकों,139
दयावान,119
तजुर्बेकार,55
भौं,112
टलता,177
वासियो,192
मनोचिकित्सकों,90
बन्धुओं,192
झुकाए,171
मुण्डन,34
रंगना,98
विमानपत्तन,145
अगस्त्य,29
कैंपसों,6
दीपम,34
संभला,24
सिकुड़कर,112
पारियां,110
अग्निसुरक्षा,45
जानेगा,140
ढक्की,169
यदुवंशियों,15
एनेस्थिसिया,144
मर्करी,2
समाहर्ताओं,42
शत्रुहन,36
मरकर,65
मनोवैज्ञानिकों,192
सुधारेगी,51
एजेसियों,74
ऊष्मा,72
निभाऊंगा,128
प्रस्वीकृत,146
सुव्यवस्था,37
पुरावशेष,174
सलटाया,93
लडूंगा,140
देववंश,36
दुल्हनिया,111
रेखाओं,88
च्यवनप्राश,123
उपपरियोजना,45
फोटोग्राफर्स,111
सकला,138
नेत्रदाता,169
सर्वव्यापक,91
मोटरे,124
ममत्व,119
आकांक्षाएं,4
जमापूंजी,11
दूतावासों,192
ज्योतिषाचार्यो,162
बाधों,122
जुड़ेंगी,51
विज्ञानदेव,36
वनक्षेत्राधिकारी,42
खुशकिस्मती,152
रायफल्स,126
रधुवीर,32
उस्तरे,104
नौसिखिया,55
उधड़,190
जौं,138
चिरागों,13
अधिवक्तओं,169
अस्वस्थ्य,31
उल्लंधन,135
अनुज्ञापन,52
लोकजात,38
रिन्युअल,166
लायेगी,51
जनहितों,132
सम्वत,149
मुहानों,76
कैथलिक,94
गिनकर,149
बिगड़ता,172
ब्रांडबैंड,169
अजीविका,75
बोलूंगा,140
घोटू,185
बनूंगी,0
सुधारेगा,140
अनुबंधकर्मी,169
दरकती,87
बुर्के,62
जुटाता,93
धधका,8
संझली,16
झुठलाया,39
देंवेंद्र,32
प्लेइंग,2
मुद्दत,185
शरारतीतत्वों,169
चीरने,104
पुर्नरीक्षण,45
खोखरी,17
डले,103
चर्चों,192
देवपूजन,34
घड़वाल,113
सीटियां,63
लोकबंधु,36
रेलयात्रा,76
मतदताओं,88
रबि,138
दीपावाली,193
खंजाची,138
फिजियोथैरेपिस्ट,90
जमीरुल,54
समाती,87
मोलवी,184
सर्मिपत,91
सुदृढ़ता,37
गिरेंगे,140
नंगलामल,113
नाकारात्मक,66
योनी,72
गुमती,138
अभिप्रेरणा,37
मशीनिस्ट,2
बढ़ोई,12
शुतुरमुर्ग,29
मंगवाता,161
मण्डलों,52
विकरालता,31
अस्पतालकर्मियों,139
पूर्णशशि,146
आरियां,116
जड़ें,4
घोड़ियों,92
गोटिया,17
आमन्त्रित,154
सैनानियों,22
प्रबन्धकों,52
भक्षण,119
मुस्लमानों,184
नेकियां,184
तामेश्वर,36
पालों,92
त्योरियां,116
शांतमय,91
भड़कते,69
निर्दाेष,146
न्यायधीशों,125
प्रदुम्मन,169
बिखरता,185
पुष्पेन्दु,169
क्रान्तिकारी,132
रिपु,187
सम्मानों,88
लदाना,17
दायी,91
सत्यम्,149
अनपढ़ों,75
स्थानातंरित,100
गृहराज्य,125
पुस्तकीय,37
फलसफे,185
उपबंधों,135
केसरीनाथ,36
प्रणति,36
खरदूषण,29
गुजरनेवाली,76
लगानेवाले,180
कंपनियो,74
दोशी,27
अतिसार,72
सजाएंगे,51
उन्होंंने,39
प्रतिलिपी,117
क्रियाकर्म,34
तमाशों,92
लाभर्थियों,139
कहत,138
छंटे,62
धर्मशास्त्रों,94
मुकुटधारी,29
नगमे,63
छोड़ेंगी,51
दिलाएंगी,51
सौंदर्यबोध,37
उबलते,103
इंचार्जों,139
संपूरक,100
वर्णी,36
पंचायतस्तर,169
द्वतीय,149
उद्धेश्य,58
अड़तालिस,89
प्रदूषणकारी,100
क्रीड़ाधिकारी,42
दुनाली,104
खोमचों,173
चीजे,4
सुखाए,103
चतुष्कोणीय,174
एक्जक्यूटिव,2
बांई,112
मिलनेवाला,11
भूनने,173
उपमंडलस्तरीय,169
टाईअप,16
बैंडों,192
धांधलेबाजी,74
लानेवाले,49
छेड़ता,69
पालिसियों,166
बिरवा,189
मोटरमार्गो,169
ब्रह्माजीत,169
मायाधर,36
प्रभावना,94
चिरायु,91
लेटना,98
राजधानियों,192
बूढ़ेनाथ,169
बुड़िया,169
बीसों,89
रुकवाना,98
पिटवा,69
नामांकनपत्र,169
महापंडित,162
न्यायप्रिय,55
हुयीं,87
ठूंसे,50
विधिवत्,37
कलियों,189
आशानुरूप,37
दविशें,4
कन्याभोज,34
जलमूल्य,166
स्फटिक,29
हिजाब,62
ओणम,193
कलाइयां,116
ईष्या,119
भेड़पालकों,139
प्रत्युषा,143
मत्स्यपालकों,169
सेशनल,6
दरिद्रनारायण,61
बनवायें,174
नाउम्मीदी,185
निसहाय,75
नाटियों,63
सयानी,143
विरोधिया,169
पिसाने,103
एक्सपेंशन,2
उन्मादी,66
बायोमैट्रिक्स,117
अफ्सर,7
ब्लूप्रिंट,2
कुरेदा,69
कंदर्प,29
बाज़ार,19
बीजक,60
छुड़वाए,45
बंदरगाहों,145
चाँद,13
जुटाएगा,49
जनेश,113
धनोपार्जन,11
आँख,99
मालपुआ,173
मनेाज,16
कठवाड़,12
यौनशोषण,70
बुलट,124
बड़कोट,17
छड़ों,190
ईस्वी,149
पिनकोड,117
टेढी,112
पीसा,103
फहराएगी,159
खिलेगी,51
लौगांय,12
स्वयंसेविका,169
वास्तिवक,94
अनुकूलन,100
नोमिनेशन,117
उग्रता,31
भूधर,187
तिजारत,184
कुंडलिनी,29
तेजबल,16
अध्ययनों,88
अंतरर्राष्ट्रीय,100
इत्तेफाकिया,45
आलोचनात्मक,37
साहबजादे,54
मिश्रीवाला,169
पशुवध,135
धारणाएं,4
उतारनी,182
जलकुंड,174
खानसामा,54
चलवाना,98
मनौना,113
आंकते,171
नाचकर,63
लपेटने,180
विलोचन,27
ढाकन,190
तालुक,17
दुआख्वानी,184
भेड़पालक,55
बंसीधर,32
शम्मा,8
वाष्पीकरण,100
चित्रपट,111
सिंदूरी,13
दूने,187
हॉस्पिटेलिटी,2
भाईदूज,193
हड़बड़ाए,69
मरदाना,138
दिनदिहाड़े,164
भल्ले,173
शनियारो,169
हड़पे,74
प्रेमीयुगल,169
दौड़ेगी,51
मामाजी,1
द्वारपालों,29
परिहारी,36
लपकों,74
वरदानी,91
साधनहीन,75
चकराने,180
तराशे,174
शरीरदान,146
चाकूओं,104
बुढाना,17
सठिया,69
अभ्यर्थियो,6
पिलाये,123
संधान,91
़खराब,146
बिकाउ,19
छविगृह,41
सिन्नी,143
नोचकर,112
करोबारियों,139
जिंदादिल,55
लिंगभेद,66
अंगेश,36
उपस्थापन,37
पतीला,103
रुकवाते,50
अर्थपूर्ण,37
रक्शा,91
रंगीलो,138
सुधरता,172
मिलाती,87
मिन्नतों,153
प्रतिष्ठाता,55
सेंकेंड,89
मांओं,1
बावर्ची,55
नालो,122
जड़ों,189
अतिथिगणों,95
सुदेव,36
मधूसूदन,27
विराजते,38
धोखेबाजों,74
सुइयों,92
अतंरराष्ट्रीय,125
छिलकों,123
शिक्षारत,6
शांतिलता,169
मध्यकाल,149
प्रतिक्रियाओं,88
विपदाओं,26
पिसने,180
गड़ाये,190
पारिस्थितिक,100
सम्मिश्रण,37
लाभावित,146
त्रिशरण,162
इदगाह,17
अवैद्य,74
अकालतख्त,169
इण्डस्ट्रीज,2
बख्शेंगे,49
दर्शिका,100
गठबंधनों,88
डलवाएं,50
खोपा,138
फेफड़े,72
नन्दु,36
रक्षावाहिनी,169
डोंगा,103
अर्थनीति,132
कालभैरव,38
परामर्शदाताओं,52
खरीदो,19
सड़ांध,68
लौटाएंगे,49
नियती,66
बहुपक्षीय,100
निम्नस्तरीय,66
करोबारी,74
जगपति,36
चिन्नौर,169
आरोह,149
गढ्डामुक्त,146
तहसीलकर्मी,139
दरकते,185
सहयेाग,16
भूविज्ञान,100
विकासवादी,132
औद्योगिकरण,100
गोपिकाओं,119
ब्यूटीपार्लर,2
सुविचार,91
निकलवाते,50
विवाहिताएं,116
वेदान्त,162
खलता,26
वनबंधु,36
करुं,0
कर्कश,66
खेलत,138
चंद्ररेखा,36
चबाकर,123
मुहीम,58
जोड़नेवाली,146
लोलुपता,119
मुहार,174
छुड़ाए,35
चहकते,133
खूनखराबा,35
लायसेंस,117
नासिका,29
डुबोया,93
हैंडपाइप,122
सर्वगुण,91
मणिक,143
छुएगा,140
अंजीर,123
लालसर,9
पहनायी,50
सेवाशर्त,52
सुवर्णा,143
राज्यादेश,186
रमी,133
बंधती,87
नवाजने,180
गल्तियों,88
जेलकर्मी,139
पादरियों,192
संवारें,147
महात्यागी,36
फैलनी,182
सिद्धेश,27
विचाराधारा,94
अणू,190
धोबिन,138
शुभ्र,29
धड़कने,177
साहुकारों,15
कैथेड्रल,174
जिज्ञासाएं,4
परमसुख,91
गैंडों,192
गंदगियों,68
घूमें,147
किंवदंती,29
अरोपियों,70
विस्तारण,100
कुलप्रकाश,169
मुल्यांकन,37
लुहान,65
लेप्रोस्कोपी,144
धोये,103
जनार्धन,27
अस्वच्छता,68
सिद्धियों,162
सवरण,16
कौशलों,100
जरूरतमंदो,108
गडढ़े,16
कांप्लैक्स,2
सेवाधाम,38
पंछियों,189
इबादतगाहों,184
ऐंठा,190
अनुक्रम,100
खोदवाया,93
शारिब,54
फौजों,126
अच्छों,69
न्यायमित्रों,169
रेजीडेट,169
युवामोर्चा,42
पर्दानशी,84
मीनारों,92
स्वप्रमाणित,146
हसते,69
देवनगरी,38
प्रेरणास्पद,58
सौंपता,93
लकवे,72
रेलवेकर्मी,139
राजनयिकों,192
क्लिन,2
मुखौटों,62
गनपति,138
सहकोषाध्यक्ष,42
गौवध,135
भठ्ठी,103
जेराल्ड,2
करनीबाग,12
जन्मीं,143
राइजोबियम,30
साजसज्जा,174
दोषसिद्ध,186
जगते,171
पुण्यकाल,34
नौसिखिए,55
हरदौल,138
वसूलों,45
पाऊंगी,86
निस्तार,146
गोलाबाड़ी,169
आत्मशुद्धि,94
मंसूब,184
सरपंचो,139
फरमाए,184
कर्मकारों,52
रहीे,58
मुंहबोली,1
हिलोर,188
अटकाया,93
मनुवादी,132
पकड़ाकर,50
प्रीतिलता,143
मतवाले,63
जमाखोर,74
फोड़ने,180
राजपत,36
मनोभावों,88
फांसकर,84
नस्लें,116
आखत,16
कश्मकश,185
अशवनी,16
सौदापुर,17
समझेगी,140
रहावन,12
बलमा,138
उड़ानें,116
शब्दकोश,60
पुरुषोत्ताम,36
चित्रकुट,36
अज्ञातों,169
कैमिकल्स,2
शौचक्रिया,72
कुलाबा,174
श्रीयंत्र,38
वहीें,16
नैस्ले,2
भंगाली,21
पंचकठिया,169
क्रयकेंद्र,139
घुसपैठिया,126
बहुउपयोगी,100
नेकनाम,54
खड़ाऊ,190
सुप्तावस्था,31
हलासन,123
शिवधारा,169
डंठलों,189
जिवाई,113
चिकने,112
फिरकापरस्ती,184
धर्मशिला,38
विहारों,192
आंदोलकारियों,192
बैकुंठनाथ,36
देवदीप,169
राजगृह,174
ऊंचीकरण,146
इबादतगाह,184
दोहराएंगे,140
धतुरा,189
चित्रहार,111
चुंबन,133
अवधबिहारी,36
धैर्यपूर्वक,37
सुलहनामे,169
हस्तान्तरित,154
शीतयुद्ध,132
शालाओं,6
इंडियामार्का,2
अस्पृश्यता,94
गुलदस्तों,92
बिनने,68
पक्षपाती,66
कर्तव्यपरायणता,94
वर्दमान,17
ब्रजभूमि,38
़जरूरत,45
वैज्ञानिकता,37
इसकेअलावा,181
ब्रह्मास्वरूप,162
सड़ा,68
मेहरदीन,32
झेलेंगे,140
क्षमताएं,4
आपूर्ती,108
गुरबत,65
अक्ष,100
छंटते,188
मैक्सिकन,21
अल्पकाल,91
कार्याकाल,125
यथास्थान,41
लालमणी,113
सर्वेयरों,52
सिखायी,183
दगने,190
निहालखेड़ा,17
तानेबाने,132
भावविह्वल,133
धमकते,171
हड़कम्प,177
सौंपती,93
अवलोकनार्थ,60
अवसंरचना,100
नुमाईश,185
दुर्गधयुक्त,169
दुरपयोग,135
श्रीक्षेत्र,38
कूटरचना,186
झप्पी,69
पोलियोमुक्त,146
अनुसांगिक,146
दुर्भाग्यजनक,66
तीरों,92
बटे,89
पदवार,52
विश्वराज,169
सताएगा,140
नीचली,112
अनिच्छा,31
अंगुल,89
पेटिकाएं,116
स्वर्गधाम,38
सांवरी,138
आदर्शाें,146
अभ्यथियों,52
संस्कारिक,94
खडं़जे,12
चिपचिपाहट,72
चौली,113
छटपटाता,26
घिसे,171
शुभलता,12
धानक्रय,45
अनुवादकों,192
अजमाया,93
फेंकेगी,51
सिखायेगी,51
नागमणी,138
ताम्रकार,27
खण्डहर,174
हिरणी,29
खड़हरा,169
जटाधर,138
प्राध्यापकगण,6
सुलझेगी,191
़खत्म,146
कचड़ों,172
डूबेगा,140
निषेद्य,169
बजाओ,63
बिरंगा,133
शीर,138
प्रचण्ड,29
शकरी,16
एकलपीठ,186
व्यख्यान,95
लौटायी,182
प्रवेशित,6
घोली,190
सुस्पष्ट,37
राजपुताना,15
सफाये,43
ढलता,13
परवाने,185
बैला,138
लड़ीं,16
भयग्रस्त,66
तड़पे,190
झल्ली,69
चक्रीय,100
प्रलोभनों,119
मंगलदीप,38
समीक्षकों,192
ट्रांजक्शन,2
छुड़ाओं,35
पूंछने,59
पीढ़ा,26
चहरे,112
नगाडे़,63
रणनीतियां,4
बंधते,171
प्लान्ट,2
नछत्र,138
गवांकर,11
प्रखडों,169
किलकारियों,63
चखाने,173
निर्धारक,100
झुठलाते,84
तराशकर,174
जलभर,122
पाठ्यपुस्तक,183
पढ़ायेंगे,49
दृष्टिहीनता,31
केकई,138
एजेण्ट,7
उफनते,188
लॉजों,16
पसलियों,112
चिड़ाव,12
उखाड़कर,35
ईसवी,149
अग्निरोधी,100
प्रान्तों,125
ठहरकर,171
सजते,63
इंजिनियर,67
रुख्सत,185
टिकटे,117
पेंशनें,52
कोठ,113
आयुर्वैदिक,90
उछालो,69
चौराहें,116
दंपत्ती,169
चौथियाना,17
इंटरलाक,174
इमामिया,184
तत्संबंधी,37
पढि़ए,147
आंकडा,89
देवसंस्कृति,94
बटोरना,98
महायोग,162
डिजाईन,2
चर्चायें,4
छिपता,171
नामंाकन,186
नरबलि,70
पौरूष,119
उपग्रहों,100
ऐलीवेटेड,169
हाइक,2
पोठा,16
कुरूप,66
प्रच्च्वलित,146
चढ़ाती,87
सीताहरण,36
बसाकर,35
सियासतदानों,185
नौलक्खा,138
चटकारे,173
आईजीएमसी,90
टटिया,17
दवी,190
करेंगीं,51
खड़ाऊं,190
भूधारी,36
भांजते,104
पकती,173
जीवनचर्या,94
कार्यवाहियों,186
हांकते,171
पावदान,112
अभयवीर,32
क्षमतावान,55
भैंसिया,17
झिलमिला,13
त्रिभवन,36
स्ववित्तपोषी,169
ठेकदारों,74
गरजेगा,140
जलराशि,188
तड़का,111
धड़,112
भींगकर,188
सांख्य,162
कांवड़ियां,116
क्रुरता,66
बताऊंगा,140
ब्रह्मावर्त,34
भाग्योदय,91
सुसंस्कार,94
फांकते,171
झुमते,190
नॉडल,16
जलपरी,111
टैक्सि,169
सरोगेट,144
जोड़ें,147
खिलती,189
बॉयकाट,136
मालों,19
जाएंगा,140
देवप्रिय,36
भागें,147
उठावें,187
पहुँचाया,28
साधवी,1
नायकी,38
गुणसागर,36
भर्री,138
माइनॉरिटी,2
केबिनमैन,139
उकसाकर,84
कंजूस,11
ओखली,104
कमाएंगे,140
कानक्लेव,95
वीटो,136
उषारानी,143
पटती,1
तरू,138
इच्छाधारी,119
ऐनवक्त,177
रखवाये,50
बीरण,16
तालिकाओं,100
भरपायी,182
हरिजनों,75
गणक,149
गड़ाई,190
तौली,134
नईसड़क,149
कुसंगति,119
वृत्तांत,149
जलचर,29
प्रदूषक,72
छिड़ने,43
टरकाऊ,66
बिसार,138
मर्मस्पर्शी,37
बताऊं,59
बड़प्पन,66
विमोचित,95
जयंत्री,42
टहलाया,93
खिड़कियां,116
सेवित,91
मनवाकर,50
बिखेरकर,133
परिवारियों,139
अन्तराष्ट्रीय,100
मुकरे,71
मचते,190
जम्मूवासियों,169
हत्यारी,70
सरहाल,138
जनबल,43
गंधा,143
बिगड़ेगी,172
पताके,13
सूर्यांश,36
एेसा,39
स्थानांतरणाधीन,146
सिंहराज,36
हुनरमंदों,192
ब्राहमणों,75
प्रलयकारी,29
जोड़ो,72
सज्जित,133
हेड़ी,12
सूक्ष्मजीव,72
सर्वसाधारण,91
रक्तबीज,29
बंटती,87
फुलझरी,190
सेवको,75
विभुति,91
महाविलय,132
सिखाएंगी,51
अतिपिछड़ा,75
तहत्,135
र्निविरोध,45
चौपाटी,41
उत्साहपूर्ण,37
कार्यक्रमाधिकारी,42
शैक्षिणक,100
प्रत्यनशील,169
मेजबानों,110
रईसजादों,164
मंज,138
बांधेगी,51
गिलाफ,62
रूढ़ी,66
दिखाईं,182
हारती,43
पालनी,182
वसीयतनामा,117
जिनकों,192
धज्जिायां,45
कहूंगी,0
भगोने,103
एक्सिडेंट,2
सकरात्मक,58
पनाहगार,70
संास,16
रोटियों,173
नयावास,17
जूठा,103
चाशनी,173
बिन्दुधाम,169
उतावली,87
भिड़कर,190
शवासन,123
छलकते,188
घिरकर,26
तहखाना,174
छींटाकसी,66
प्रवृतियों,88
विषयगत,37
महकती,185
पंचस्थानीय,17
स्थानाभाव,60
टोंटियों,92
थानातंर्गत,17
चुंकि,39
दुरुस्ती,45
इस्तकार,55
मीनारें,116
हलवाईयों,169
योगनगरी,169
बहुभाषीय,21
न्यायखंड,186
जलचरों,29
विषहर,72
गुड्डे,62
अनाथालयों,41
टेकेंगे,140
चिट्ठियों,117
पुष्पहार,62
लोकतन्त्र,132
मोमबत्तिया,13
सिपहसालारों,7
धंसते,171
उजड़ने,65
अपरिग्रह,94
उफनाकर,122
अधर्मी,119
भुगतते,71
बरसाये,188
त्रिफला,123
ब्रह्मशंकर,36
निखारते,133
चाभियां,116
सूता,190
कतरनी,112
चिलमिल,12
सरायवाला,169
डुप्लेक्स,2
श्राविकाएं,116
बजाईं,63
ग्रैंडस्लैम,110
गृहस्थियां,116
बेवश,190
ठुमका,63
तोड़ीं,190
बोलों,63
रंगकर,62
अर्धविक्षिप्त,66
चक्कियां,116
निजावत,32
बहादुरों,22
थकने,177
वामतट,16
महकी,185
शोकसंतप्त,26
क्रातिकारियों,192
आपरेशनों,126
डरपोक,71
कार्यदक्षता,100
मिटाएंगे,49
ढलानों,76
दबावों,88
पठनीय,60
चारकोल,103
अलाभकारी,100
पिछडे़पन,75
खोजो,0
मोहपाश,119
जयप्रताप,36
हस्तानांतरित,146
ब्रहमदत्त,36
दुबला,31
रचेगा,140
छठपूजा,193
पुलपर,16
जिराफ,29
चारागाहों,30
सताई,65
पांडवकालीन,38
रचाना,98
उपथित,16
सिनेमाहॉल,111
हासिये,43
बॉलीबॉल,110
फिरोजी,62
विक्षुब्धों,169
कबूतरबाजों,74
समरकैंप,174
दिवाने,111
तुरई,173
गुजारें,147
नुकीला,112
मित्रानंद,36
पदाधिकार,42
जुड़ते,171
समझाये,39
कुयें,9
विसात,43
ग्रन्थों,21
मॉलों,92
पुर्नस्थापित,146
खड़न्जा,29
सपुर्द,35
नोचे,69
दिलवाये,93
छोडऩे,180
झुर्रियां,123
भीगता,188
इनवेस्टर,2
सड़ने,68
अनिवासी,192
चुनता,98
संवारती,87
जोड़ीदार,110
हितैशी,132
लाभार्थीपरक,52
नलका,190
उठापठक,43
कांपियों,169
ध्वनियों,88
छायाचित्रों,60
चरना,9
अरोग्य,91
मेलमिलाप,94
बेचनेवालों,19
प्रधानाध्याक,139
खिसके,24
जानशीन,54
सीढ़ीनुमा,174
मिचलाना,123
स्टाफों,2
सतप्रीत,12
भक्तिधाम,38
साफियाबाद,169
भोगते,26
पतंगा,13
थेरेपिस्ट,90
हल्फनामा,186
आराेप,16
रेलसेवा,100
अनुदेशिकाओं,169
रोजमर्रे,88
भिण्डी,189
सनोखर,113
त्रिपिटक,162
घूसकर,16
पंहुचाया,28
राज्यकर्मचारी,139
यात्रीगण,41
उपप्रधानाचार्या,42
जिलाशासक,42
कुलों,15
झोंकना,98
लड़खड़ाकर,73
मतवालों,22
बिल्डिंगें,116
उगानी,30
वनवारी,36
रूचिकर,37
केन्द्राध्यक्ष,42
गुडा,17
भैसें,9
नहलाते,188
घटन,31
बैसाखियों,92
पथप्रकाश,36
चराई,9
अध्यापित,146
श्रीसनातन,36
परवानों,185
बंदियो,139
मनमानेपन,66
रेणूका,113
ब्राउजर,2
टिकते,171
चाटने,180
झूलना,98
रुठे,190
झंड,190
संकटमोचक,38
मंझधार,3
अर्थशास्त्रियों,192
शिवांशी,143
चर्तुभुज,38
वेश्या,61
हकदारी,135
संयत्रों,100
पूरबा,17
बिहान,138
करोगी,0
चिराई,30
जन्मदर,31
आरोग्यम,91
बिछड़ा,185
फना,185
मेहमानी,1
नीेचे,16
रामदासिया,36
मल्टीस्पेशलिटी,2
सलट,190
सद्व्यवहार,119
सुरंगें,76
तापों,119
पुण्यलाभ,34
पंद्रहवें,198
जूड़े,190
अभागी,1
प्रतियोगितायें,44
पैंतरेबाजी,43
प्रशोतम,27
तवज्जाो,45
कैसेटों,92
झुंझलाहट,177
लुभाना,98
रातदिन,11
मध्यस्थों,74
ब्रह्मज्ञानी,162
देहव्यापार,74
कुलदीपक,1
गूंजीं,63
प्रचारिका,162
चकजोगीवाला,12
पॉलीमर,2
अतिप्राचीन,29
दूसरो,119
न्यूरोलाजी,90
रामजन्मोत्सव,169
गहराना,98
महत्वों,88
गिऱफ्तारी,169
तीर्थपुरोहितों,162
जमीनदाता,169
शीट्स,2
छबिला,12
गत्तों,92
अंततोगत्वा,31
विश्वासघाती,66
रंगभरी,193
भूतहा,111
प्रकटीकरण,37
जिये,147
दौड़ें,171
छतिग्रस्त,50
जीवनधारा,91
अंधानुकरण,66
बीतती,87
सिसकियों,65
भर्तिया,52
जन्मसिद्ध,58
दुर्घटनाजनित,45
सुहागिनी,169
उबरना,98
बदलवाये,141
श्रद्धालुजनों,169
सादरी,149
गुरमुखी,32
सहजना,189
अभागा,26
दैनिकभोगी,169
शरियत,184
कलर्क,2
खांकरा,17
झल्लियां,116
ग्वाले,29
वृद्धियां,4
पत्तागोभी,123
टिकती,87
नृत्यालय,169
जवाहरात,62
संवरे,62
देशवीर,12
कुईयां,116
रूढि़वादिता,94
बालीबॉल,110
जलसंचयन,122
खुलवाएंगे,49
भृकुटि,112
करताल,63
नीरद,27
रूठा,185
लुक्स,111
खरीदवाने,180
संख्यकों,75
अचंभे,69
अकल्पनीय,31
जड़िया,17
नन्हों,185
फूलझड़ी,190
बुझाती,8
वरिष्ठजनों,192
बेमन,69
हाथपांव,164
उफनने,180
फटता,8
जीवन्त,37
जोता,9
अधिराज,15
साजों,92
श्यामचरण,36
मुखियापति,42
हांफता,69
मरम्म्त,45
तल्हा,54
नातों,185
स्वपनिल,27
गधेरों,92
प्रच्जवलित,45
बसेड़ा,32
कक्षायें,183
चेतावनियों,88
कहलवाने,180
दिवालियापन,31
दर्शनम,162
चढ़ाता,50
पॉलीटेक्निकल,169
खर्चकर,11
वक्तव्यों,88
विषाणुओं,72
चेतवानी,71
संवारेंगे,49
युद्धपोत,145
संच,190
कुहरे,188
डालूंगा,140
मंजरों,185
बदहजमी,123
चिड़चिड़ा,172
कृपाली,169
विकेन्द्रीकरण,132
मोटरसाईकल,124
टोप,62
गोमास,169
साढ़े,89
इंडोस्कोपी,144
परपंरा,94
न्यालय,125
तामशाबाद,12
खूफिया,70
गौशालाएं,116
परखते,171
वानस्पतिक,30
दुल्हनें,116
छपती,60
जीकर,65
नुमाइदों,7
उठवाए,50
आधीरात,69
बंधवाकर,50
दुबका,171
फंसीं,182
गड़गड़ाहट,169
रोगाणु,72
शरारतें,4
फंफूद,72
गोर,138
आनुषांगिक,100
बंट्टा,169
बौखलाया,35
एकरुपता,37
वाहनचालकों,139
सुक्कड़,169
जनतादल,43
अलूपुरा,17
संयुक्तरूप,125
प्रभादेवी,36
लड़ाए,190
यंत्रीकरण,100
प्रताड़ित,66
नगमों,185
उड़ेगा,145
भूंजा,173
अर्थव,162
सवैंया,12
तेन्दुआ,29
ससंदीय,125
फांकती,87
सर्वार्थ,162
शोधपत्रों,60
पौरी,113
पार्सलों,92
सुप्त,91
कहेगे,39
सुलखा,12
रेवड़ी,173
रतूड़ा,12
बंगभाषी,149
पोहा,173
परिया,17
दिखवाएंगे,49
टोकरियां,116
कुलसचिवों,52
सुर्खाब,185
हवाईपट्टी,145
संबंघ,100
बांसवा,169
प्रवाही,100
संकायाध्यक्षों,42
छहों,187
बजबजाने,180
मंगतू,113
रिश्वतखोरों,74
संवरता,185
वेदवान,36
उछली,24
गोटे,62
जन्मस्थल,149
महकने,188
विक्रताओं,92
उकसाते,180
तामसिक,119
बढाई,182
सत्रावसान,136
डरावने,111
सुधरना,172
प्रौद्यौगिकी,100
फलित,31
रुचियों,88
समाधन,191
हमदम,185
हिंदीभाषी,192
तबलावादक,55
गोदने,112
झझवा,16
प्रतिद्वन्द्वी,43
गवई,113
जगतगुरू,162
मृगांक,27
शहराध्यक्ष,42
महेंदी,62
स्वहित,132
सिकुड़,112
हरितक्रांति,30
दलबदलू,7
लोकपति,138
पुनर्निर्धारण,100
राष्ट्रसंघ,125
कबाड़िया,169
पुरोहिताभिषेक,34
लोकभाषा,149
आपपास,190
बुरादे,103
क्षेत्रपंचायत,42
समाता,188
हाेने,70
नवविवाहितों,192
तफरा,17
सृष्टिधर,36
एचओए,16
आरोग्यशाला,45
कहलाया,149
महिलाकर्मियों,139
सखाओं,138
लज्जित,66
प्रजापालन,91
मरनेवालों,65
हरमोनियम,63
पाण्डाल,41
गेदों,110
टेंपुओं,124
वीणावादिनी,143
राज्यमंत्रियों,139
भिगोने,188
लगाकार,50
धौस,16
बिगाड़ा,93
महाऋषि,36
ध्वंस,31
जवाबतलब,136
चरणो,187
नफासत,185
नांद,9
परखीं,182
खिलाये,173
चलवाते,50
पशमीना,62
आगुंतकों,192
संगीतज्ञों,192
कट्टरवाद,132
महाभोज,149
नहाएं,123
अस्पतालकर्मी,139
बिछौना,9
हर्षद,143
आधारों,88
राजदरबार,15
अधिपत्र,186
बंधवाया,50
मोर्चों,43
मक्खनी,173
पतीसा,173
भग्नावशेष,174
मोर्चेबंदी,126
सत्रारंभ,154
हैरानगी,177
माफीनामे,186
बिगाडऩे,84
मेहरवान,54
इनकाउंटर,70
अवनति,31
देररात्रि,34
सम्भावनाएं,4
धोबियों,62
आसामियों,15
लचीले,100
पकड़ते,171
रोजनामचे,60
टरकाता,93
गौमूत्र,123
तौलिये,62
एबीपी,27
गोसेवकों,139
संवादताता,45
मोमीना,54
त्रिसदस्यीय,125
झंडात्तोलन,169
धड़क,190
दोस्तियां,4
मायापति,36
महानुभाव,55
पेकिंग,2
बिठाएं,147
विराजेंगे,49
एसाइनमेंट,183
केबलें,92
घुप्प,13
भेड़िए,9
स्वर्गद्वार,38
शार्दुल,32
सुदृढीकरण,100
छूटेंगे,140
चीड़,189
थामना,98
नागरिको,125
सर्वोच्चता,37
रेलगाडि़यों,92
हाड़कंपाऊ,16
डांटे,69
गेंदें,110
जलनिकास,122
बोड़ी,190
मुड़वा,190
लेखवार,113
पौत्रों,1
त्रिकोणात्मक,29
रेस्तराओं,192
शहीदो,22
सुधरें,172
गौतमी,143
त्रियोगी,36
मखनी,173
नियमितता,37
आर्यो,94
पद्मेश,27
समाये,171
व्यायामशालाएं,41
फाईलों,117
गर्मागर्मी,177
सक्षमता,37
सुलक्खण,12
सामान्यता,37
मध्यान्तर,183
राजनीतिकों,132
विचारधीन,186
अंतर्निहित,37
चखाया,173
सिद्धहस्त,55
विकासकर्ताओं,100
चितविश्राम,45
स्मारकी,174
कनेडी,12
गुदड़ी,62
डासिंग,2
आर्दशों,94
तुड़वाई,190
डोंगी,145
मंडलाधीश,42
साधेंगे,49
नामपर,84
कविशर,12
जनचौपाल,136
झड़ना,123
बढ़ने,172
गदियाड़ा,113
लुटाई,11
चुटकलों,111
खालीपन,177
सुडौल,112
व्यंगात्मक,66
विषयवाद,169
गिड़गिड़ा,69
वरिष्ठं,42
पूड़ी,173
रहमती,184
मकौड़ा,190
धुंधले,13
ख्वातीन,184
संघर्षी,37
क्षार,72
मन्त्रालय,125
टपराना,169
करोड़ो,11
कंपकपा,23
लोटते,9
विधानपूर्वक,34
गिरानी,182
बुलाएगी,51
बारहवां,168
महार्षि,162
स्वांस,91
क्षुद्र,119
जबदस्ती,164
कुल्हाड़ियों,92
ठोंके,50
महानगरवासियों,139
मिलाये,123
मागेंगे,140
धरकार,138
सुखाई,103
गंडासा,104
उलझनें,191
मख्खन,173
संवदेक,169
हवनकुंड,8
उपसंचालक,42
किस्मती,185
प्राप्तकर्ता,100
दौड़ाता,83
कलाप्रेमी,55
डीपीएलआर,169
विशेषरूप,149
अवस्थाओं,88
लपकने,180
आदेशो,135
ग्रामस्तर,139
हैंडपंपो,122
मुहावरे,37
भ्रष्टतंत्र,132
सीखचों,35
टुकडि़यों,92
विकेंद्रीकृत,100
छांटे,117
ठकुराल,32
समलैंगिकों,192
जनशिकायतें,4
डाके,164
अधिसूचनाओं,52
साब्जियां,116
हीरोइनों,111
जंगबंदी,71
मिथला,113
रचायी,182
बैठूंगा,140
चखेंगे,140
शिशुभवन,169
जूझेंगे,49
आरूढ़,171
जैवविविधता,100
जगमति,16
कच्छी,62
राजकाज,15
दृढ़संकल्प,58
फिंकवाया,50
बौद्घ,94
शाबाश,0
पंडितवाड़ी,169
पदासीन,7
मुखड़ा,133
ब्याहता,1
दशम्,187
टिकीं,87
अनावासीय,146
अनियमिततायें,52
सरायों,92
माइड,72
धरतीपुत्रों,169
जमीदोज,9
भगोना,103
पापड़,173
चहुओर,190
चूकता,180
निभाये,128
जगतानंद,169
शहनाइयां,116
अक्षुण्य,37
मनोस्थिति,31
पिंडियों,169
सीमाद्वार,174
भुगतानों,166
गिरफ्तारिया,70
रखवाना,98
राजमंत्री,36
घिसने,112
छोड़ें,147
पर्वतराज,29
मोहतरमा,54
लफड़े,190
शतकों,110
उसपार,76
अवाज,63
स्वयंसेवको,58
पैंसिल,117
छींट,62
डकैतियों,70
धवाना,169
मनरूप,187
रौनकता,177
पोष्टिक,123
भूलेगा,140
मध्यमवर्ग,75
चनप्रीत,12
पंडे,48
बाथरूमों,92
वर्षी,198
स्वायतता,125
कामो,7
दीदीयों,192
फूटेगा,140
कब्जायी,45
लुक्का,110
मुद्दाविहीन,132
शीलता,37
सूझता,39
स्वागतगान,146
मनायेगा,193
मानवतावाद,94
सड़ी,68
दुतरफा,37
नेह,188
परवरदिगार,71
क्रियानुष्ठान,45
तरणी,187
खोटा,11
लड़ाकों,126
बुबाई,30
निष्कलंक,91
जमीदार,15
छात्राओें,6
देवस्थानम,41
आऊं,0
लाठीधारी,169
सोलहों,119
ठूसकर,190
मनहास,113
लगाऊंगा,140
ज्योतिर्मयी,143
भूमी,30
सोखना,188
ढैला,113
डाकखानों,92
विभत्स,66
सलाखें,112
तितलियां,116
उजली,13
ध्वजवाहक,132
बंगालियों,192
पार्षदो,42
गैरेजों,92
ब्रजभाषा,149
गलाघोटू,158
सहजयोग,162
बन्दर,69
नीमड़ी,16
पहूंचे,28
जमानतियों,186
गुप्तांगों,72
सुसंस्कारित,94
डिगने,171
छलकी,188
इंद्राणियों,139
निखरेगा,51
मतदाओं,52
पुकारी,182
पदाधिकारियोंको,139
बहलाना,98
बसाये,185
उभरना,98
शोधकार्य,100
सौभाग्यवश,149
अनुंसधान,100
मारनी,182
दुखेड़ी,12
संमेलन,95
सिकुड़ी,112
झींगुर,9
अवरोही,149
शतदल,187
लफड़ा,69
वाहकों,192
प्राउड,2
बर्फीला,188
बांटों,74
नापते,171
आईलैंड,2
सहायों,169
भौतिकतावादी,94
हिसंक,66
वसूलें,166
मशविरे,153
तैयारियाँ,193
अजवाइन,123
मुहावरा,149
रूलाया,93
थक्के,72
नहलाना,98
उथली,76
साधिकाओं,162
संस्कृतिकर्मी,55
भारवाहक,124
धर्मक्षेत्र,162
ख्वाहिशों,185
नगरनिकाय,139
राममगन,36
फूलचट्टी,17
बनाऐ,11
मसूड़े,123
डूबीं,87
टरबाइनों,122
परमात्मानंद,36
मायकेवाले,169
क्षेत्ररक्षक,110
पछाड़ा,110
दण्डनीय,135
मोड़ने,180
पिलाता,93
घुसेड़,69
छिड़,177
झल्लाहट,177
तरावट,188
करवाऊंगा,140
बहुती,29
मतगणनास्थल,79
धनुर्धर,29
गिरीशपति,12
चैकों,117
अंगरेज,15
स्वालंबन,58
संट्टेबाज,169
गुलाबधर,169
पर्यटकीय,21
सूचनात्मक,60
आंसूओं,188
रेड़ी,16
विरानगी,185
उथला,188
अध्यात्मवाद,94
अंधियारी,13
निकटम,76
निर्दोश,71
प्राथिमकी,169
द्विज,149
दोसा,173
दुव्यर्वहार,66
खजानों,92
नमीं,188
श्रीविग्रह,38
मुख्यातिथियों,169
स्वर्णाक्षरों,60
कोहरी,32
प्रतिभावानों,192
कब्जाना,45
निष्काषित,154
जमीदारों,15
धारित,154
अल्पवृष्टि,169
कादम्बरी,149
भूजलस्तर,169
लौटाये,166
जांचकर्ताओं,70
विरुद्ध्,146
बसाओ,0
पर्यटनस्थलों,169
तारामती,143
भंगा,138
शिलाओं,29
मांगेंगी,51
यत्नों,88
हरता,187
अविवेकपूर्ण,66
पहनाएंगे,49
नशें,190
लड़ाइयां,4
धतूर,187
अपकार,119
कलुषित,119
मिटाता,147
जिज्ञासुओं,162
बिगड़नी,172
धड़कनें,177
संख्यात्मक,100
फिसले,24
फहरेगा,159
चहकने,177
योगमय,187
भुलते,39
तेजपत्ता,123
परखेगी,51
पातालगंगा,29
आरण्य,38
हरिवाटिका,169
कावंरिया,17
कोशा,72
टैपों,104
लक्ष्मणाचार्य,36
पहंचे,28
डीआरटी,52
घटें,190
कार्यकर्तागण,42
महानन्द,36
अग्रहण,146
हमसभी,187
प्रतिकुल,31
अनाधिकार,135
ज्योतिषीय,100
संबंधो,88
सिद्धदाता,162
सैद्धान्तिक,37
पैथोलोजिस्ट,90
खपाते,171
घन्टे,89
खटकती,87
झिड़क,69
ऊंचाईयां,4
कुम्हारन,17
सन्देह,119
प्रेममूर्ति,169
वनराज,138
पंथियों,94
व्यायामशालाओं,41
बोधनी,34
फैलाएगा,140
नीमखेड़ा,113
थामते,171
मध्यस्तता,58
ज्वैलरों,74
ग्यारहवां,198
घेंघा,72
इन्द्रप्रस्थ,149
वायुमंडलीय,100
भेड़ियों,65
काड़ा,16
चुगने,9
इश्तकार,169
खड़गवंशी,169
मकड़ानी,12
बहाला,45
अन्तरराज्यीय,169
गुणवंती,143
फलन,100
हुड़दंगियों,164
सरलतम,37
छुड़ाओ,35
अदन,145
राष्ट्रभक्तों,22
त्यागें,147
घासें,189
सापेक्षिक,37
स्मरणिका,45
हसमुख,27
कार्यालयाध्यक्ष,42
अधमरी,65
ख्यालों,185
आकड़ों,88
टिमटिमाती,13
उत्पीडन,66
मिलेगें,140
चतुदर्शी,34
जोगनी,138
मंत्रो,162
भूगर्भशास्त्र,100
मनाईं,193
आँधी,188
अनादिकाल,94
प्रसवों,144
तपे,190
जीवत,138
जग्तेश्वर,169
बिपुल,138
बचेंगी,51
इटको,12
उखड़वाकर,50
धमकाए,164
उपनियमों,135
दुर्नीति,132
शैयद,16
शिखरों,76
विजयन,27
कलाप्रेमियों,192
आत्मशक्ति,91
आतुरता,177
फाड़ते,190
षड्यंत्रकारी,70
आढ़तिए,74
इंतियाज,54
खंडे,138
जैसों,7
ज्योतिप्रिय,169
पतीले,103
सिकाई,123
लेनेवाला,119
नौहाखानी,54
रिपूदमन,113
झाड़कर,190
इफ्तकार,169
क्षमायाचना,154
खातें,166
छंदों,94
कसबों,122
रौंगटे,69
दसवा,198
पगडंडियां,116
दोहने,180
तीर्थनाथ,36
गतिरोधक,31
साम्यवादी,132
बुलाएगा,140
सम्राज्य,15
निगाहबानी,70
पढा़ई,183
गोरखालीग,169
अस्त्रों,92
हीमोग्लोबीन,72
चीरघर,113
ब्राण्ड,2
सुस्ताते,171
रचाते,171
तनों,189
थैलेसिमिया,72
अधिवक्ताओ,42
नथनी,62
उजियारे,13
कोमलता,133
गुफाएं,174
घेरेगा,51
पत्थरबाज,126
भोजपूरी,111
हसना,0
उच्चन्यायालय,125
मुस्कराने,133
सुपुर्देखाक,45
घबराता,69
ढूंढ़कर,93
आशियानें,185
कंपकपाते,171
गोरियों,92
निसंकोच,59
इंफो,2
आदेशक,42
कठघरा,112
मारेगी,51
बुढापा,26
निर्वासन,26
दानपात्रों,92
चपलता,133
अग्रगामी,100
पंचक्रांति,169
छतरियां,116
कॉफ्रेंस,2
भिजवाते,161
खात,138
पालिकाएं,116
रोड़े,76
पाउंगा,140
रामपरीक्षण,45
कार्या,52
बहकी,87
गधों,192
तोंद,112
विद्यादान,162
छुई,112
निर्जलीकरण,72
अल्पसंख्य,132
घुलता,188
चालीसवें,198
छड़ें,190
नीजि,11
मेहबूब,54
श्रमिको,75
इम्तेहान,184
दालचीनी,123
बिखेरेगा,51
तुम्ही,0
खटकता,177
जुवान,69
तपाया,8
गिनवाई,182
वर्धित,100
सड़ाना,98
पिलायें,123
लहरायेगा,159
पलटती,87
झारखंडवासियों,169
स्वर्णपदक,149
मामुली,123
सीटियों,63
चित्रांशों,52
ढ़ाल,112
प्रेमादेवी,143
बहुता,91
राजकला,169
संस्थायें,4
सांठगाठ,74
चरमोत्कर्ष,149
तनमन,187
ध्यानाकर्षित,154
उपस्थितों,95
दिंसबर,198
तिजोरियां,116
मुकाबलें,110
एसोसिऐशन,42
आत्मसंतुष्टि,37
उखाड़ते,171
जाड़ों,23
पलड़ा,43
सुप्रिय,27
हरिपदो,36
अनुशीलन,37
श्यामभक्त,169
एजेंसियो,52
पाचक,72
प्रध्यापक,42
ब्रह्माी,169
वनरक्षकों,139
निकम्मेपन,7
घुटकर,65
जेबतराश,164
ताण्डव,29
भेटें,41
ऑपरेशनों,126
तीतरी,169
अण्डे,9
रेजिडेट,169
लड़नी,182
लड़ो,0
रूपकुंड,76
मुंहासे,123
़कानून,169
नंगलाताशी,17
ऩकद,123
प्रसूती,144
बर्षा,188
भेजिए,161
ख्वाहिशमंद,185
स्वधर्म,94
सूर्यमणी,36
रिजेक्शन,2
रईसों,15
भूनी,173
पिसवाने,180
चीरफाड़,69
उपशास्त्रीय,21
लिखत,60
रुसवाई,185
रुपन,113
मड़ना,69
पावक,187
दूधला,113
गुम्मट,17
अथाई,16
जुड़ेगा,140
जोगन,138
वनमहोत्सव,95
उठायेगा,140
पुत्रबधू,1
चाहिंए,98
सामंतवाद,132
सभाकुंवर,169
प्रतिष्ठापन,100
भरवाईं,50
रत्ति,32
राजपत्र,125
ससंद,136
तड़पते,65
पैमाइस,122
मुर्दाघर,174
अलविदाई,45
अर्थोपार्जन,91
लक्कड़,17
अभियोगों,186
चाटुकारिता,7
अनुभवहीनता,31
जुझारूपन,58
सिलेण्डरों,92
ब्यानबाजी,45
बहुकोणीय,37
खननकारी,45
आरोग्यता,91
गर्भित,37
शुक्राणु,72
सूर्यमोहन,36
अर्धकुंभ,198
चौहत्तर,89
जुटाती,87
दिव्याशी,169
धूंध,190
सर्वेक्षक,100
सेंकना,98
खिसककर,24
पिद्दी,69
सताइस,187
सेवईयों,173
बाटेंगे,49
मिनाज,143
समाओं,92
सहाय्य,100
अष्टकोणीय,174
व्यवस्थापिका,125
अहितकर,31
टटोलना,98
भागीदारों,88
अखबारी,60
हेडकास्टेबल,169
जंगा,113
कारर्वाई,186
छुटा,190
पंचपाल,113
प्रतीक्षालयों,92
गौधन,16
उपमहामंत्री,42
वहशीपन,65
खीचने,180
व्यक्तियो,75
बैखौफ,16
दिखवाता,93
आनंदस्वरूप,36
ब्रजरानी,36
बैलपड़ाव,169
समरूपता,37
हसरतों,185
निस्तरण,45
सम्बन्धों,88
पूंजीनिवेश,166
पिचक,24
कपंनियों,74
रुमाली,173
डालों,189
छांटा,117
गुहारे,45
अल्ट्रासोनोग्राफी,144
दपंती,16
सहभागियों,192
शफाकत,54
स्वयंशासित,146
विभूती,162
लोकजनशक्ति,169
राजदूतों,125
नाचेगी,63
छात्रवृत्तियों,6
एकलगान,30
अकुलाहट,26
टमाटरों,173
अपार्टमेंट्स,2
रस्मअदायगी,45
मार्र्गो,169
विविधा,60
महकेगा,140
जयमाता,38
थकी,87
पहुंचो,28
पीड़,190
पेरशानी,31
सुकुमारी,143
समन्यवयक,42
फावड़े,104
छबीलों,169
पल्टा,104
खिलाएगी,51
समुन्नत,37
प्रदर्शकों,192
पर्दाफास,84
टोलकर्मी,139
मानूपुर,17
तुड़वाया,50
कंकालों,92
बिसरात,17
निबटेगी,49
छठव्रत,169
सिय,138
धृति,187
झूमेंगे,140
असहजता,31
कन्याभ्रूण,169
अतिपिछड़े,75
सन्तुलन,37
ठगकर,16
भाग्यवान,55
तारपीन,103
लाचारों,65
अंसतोष,66
छुड़वा,50
गृहस्थों,162
दस्तरख्वान,173
घुड़सवारी,110
देवबन,17
वॉलेंटियर्स,2
ठोंककर,50
रूपांतरित,154
टलती,177
आलमवाला,169
तरंगे,29
सुरक्षाधिकारी,42
जपना,187
रसमय,133
ब्याजमुक्त,146
हूर,54
वेदमित्र,162
वीरबाला,143
नूराकुश्ती,43
सतारूढ़,43
आत्मबोध,91
रक्तसंग्रह,169
विफरे,16
रसगुल्लों,173
आर्यमन,36
कमाडिंग,2
खौला,69
तर्कशास्त्र,149
पलास्टर,2
पायेंगी,51
सुझाते,39
मनोनुकूल,37
अखियां,116
सरेसर,12
वोटरो,43
दुग्धशाला,169
चमचमा,13
परमपुरवा,17
अफरीन,54
मतविभाजन,136
संरपच,113
राजनन्दन,36
नियाबत,184
आतक,16
कमांडोज,126
रुकवाए,50
दीक्षान्त,95
नहलाएं,147
टुन्न,69
पाथे,29
मरवाया,35
बाशिन्दों,192
ब्रह्मोत्सव,34
आक्रोष,66
आवै,138
छिड़कें,103
द्वारपहरी,169
नौकायान,110
पूती,190
मकौड़े,9
शकलदेव,169
राहू,29
गोलाबारूद,126
डॉक,145
निबटना,98
ऐंठी,190
झडों,63
पोछे,190
बुद्धो,162
जुटेंगी,51
कटाए,112
खिंचवाया,93
निरापद,37
पकड़वाने,180
भटकाना,98
बहकाया,84
मगजमारी,177
धांसू,111
विषेशज्ञ,90
कबूलने,71
छींटें,188
अटपटे,111
कैरियरों,100
खंभो,174
छत्तों,92
बुनते,171
रिझाते,133
शरारतों,66
सरनी,16
हुकमनामा,169
मंत्रीपद,125
मुशायरों,184
इन्सानियत,65
गुरुकुलों,94
टोकरियों,92
सीखती,87
होंठों,112
बदलवाई,141
चूहन,12
डरो,0
पिएंगे,140
शिकोह,184
मुक्कों,110
चंदनवन,36
इंग्लिस,2
लोकगाथा,149
अनुयाई,94
मेहरौली,17
सिखायेंगे,140
देवज्योति,27
सहेगा,140
हठयोग,162
सजेंगी,51
संदेहात्मक,37
भराना,17
ठेकाकर्मी,139
बूझा,39
ब्रोंकाइटिस,72
अल्हड़,133
पक्षियां,116
स़फर,16
देखों,0
टोलकर्मियों,139
बंदरो,69
कामचोरी,7
चढाया,50
सभागृह,41
जडे़,190
स्नानगृह,174
हस्तान्तरण,100
सरनेम,1
अपयश,119
लोकआस्था,94
मेहसाणा,17
जिताएंगे,49
खोजेंगे,140
निनाद,63
ट्राय,111
छुटकी,1
दिवारों,92
सिधेश्वर,36
गेंडा,29
सेठों,15
भगवानों,192
फेकना,98
नर्तकों,192
आसक्त,119
संस्करणों,60
बड़ीबाग,12
धातुकर्म,100
चौदहवां,168
खडंजे,9
प्रभावपूर्ण,197
रियलटी,111
पिचौलिया,17
पशुचर,9
धनपती,12
उत्तराचंल,17
अफलातून,149
सताये,65
पार्ककर्मियों,139
चुनावकर्मी,139
सिसकते,65
अंगूठों,112
अधिकमास,34
संतरों,189
संयंत्रकर्मी,139
प्रमियों,192
तपोनिष्ठ,162
जांचनी,182
विरला,91
खिदमात,184
उतराती,87
समल,113
लोकजीत,149
सहेजते,171
पवनदेव,36
राहदारी,166
शान्तिपूर्वक,132
पार्षदगण,42
तलवे,112
टहलें,147
जलरक्षकों,139
रोड़ेबाजी,164
रोडे़,112
रहिये,147
ललायित,171
मापदण्ड,37
जनप्रतिनिधियो,139
संघर्षात्मक,132
मुखियागण,42
तोडफोड़,16
कांकड़,138
क्षीरसागर,29
दधिचि,16
चहका,190
करारनामा,166
रिस्तेदार,1
लडकियां,116
सर्वाग,91
याज्ञनिक,27
बाक,138
प्रवृत्तियां,4
तटीयकरण,45
गैंस,122
अग्निसार,169
तांगों,124
आलाअधिकारियों,139
बचाओगे,140
एटॉमिक,2
सदोष,119
कॉम्पलैक्स,2
अयोग्यता,96
रुचिर,133
परिचारकों,192
निबटे,49
सूमों,124
साझेदारों,100
पिसते,65
जनशिक्षण,6
गड़बड़िया,45
कृषिकरण,30
आवेग,31
प्यूरिफायर,2
रागिनियों,63
निवार्चित,146
अंतराज्यीय,125
ठुकराकर,93
अगाथा,143
क्रीड़ाध्यक्ष,169
चमकाते,171
तड़पना,98
तहसीलकर्मियों,139
पगड़ियां,116
संबोंधित,45
झुलसती,8
खटखटाकर,50
पुण्यों,91
सम्भवत,149
धौलिया,32
मदीहा,54
लक्षमी,143
रास्तें,76
बैंती,17
नुक्स,84
प्लेग,158
ध्वजों,92
निबंधों,60
स्वायत,125
क्रांतिवीरों,22
मनवाना,98
आफीसरों,139
आयोजनकर्ताओं,95
जनस्वास्थ,100
तड़पता,65
थोपते,84
रूमानी,185
वास्तुशास्त्र,174
उपमण्डलाधीश,42
भक्तियोग,91
जांचीं,45
हड़तालों,192
दलपतियों,169
निकम्मा,7
पहुचाएंगे,28
उपभोक्तावादी,132
रूखैयार,146
सायरी,111
पतलू,69
रुपों,21
वायदाखिलाफी,136
अंचलकर्मियों,169
शतवार्षिकी,193
कॉकरोच,69
अकालग्रस्त,146
रूहानियत,184
ज्योतिर्लिगों,38
खटकाना,98
ब्रह्मशक्ति,162
वाइब्रेशन,2
तिथी,198
ठसक,7
अनुपाल,45
कानोंकान,69
झांकती,87
जायदादों,74
नाचा,63
तूफानों,145
यादकर,69
मैमो,2
धांधलियां,116
क्षमादान,71
तेजोमयानंद,36
दुग,113
पंचतंत्र,149
पि्रंटर,12
बहुस्तरीय,37
महकेगी,189
सोहरत,11
ब्लॉकस्तरीय,169
महाकुम्भ,149
दृष्टिदोष,149
बारहवी,183
रजवाड़ों,15
स्वर्णदीप,146
चेकपोस्टों,92
कूड़ों,92
सूचिका,45
जाऐ,39
बख्तरबंद,126
निगलते,171
रगड़कर,112
बेलों,189
महातिम,36
चेली,138
फोटोशूट,111
कूढ़े,68
अदाएं,185
सम्प्रेक्षण,45
पुर्नमतगणना,45
रेलखंडों,92
बैरेकेटिंग,2
मिता,143
दोहराता,105
नगदीकरण,52
महारत्न,149
आयेजन,95
खांडसारी,17
नातियों,1
एमएलएम,2
करुणामूलक,146
शोभनीय,66
ऐंठता,190
छींटदार,62
हुक्मनामा,184
तुड़वा,50
अधवार,12
अपवंचित,146
चंद्रचूड,36
कराउंगा,140
फ्लोराइडयुक्त,72
फंसें,84
आर्यमान,36
फाड़े,50
महाप्रलय,29
समाजकल्याण,58
हिस्सो,112
सन्यासियों,61
पीलरों,92
बिछुए,62
स्विफट,2
डाईऑक्साइड,72
ईश्वरचन्द्र,36
रहेंगा,140
चिंकारा,70
सद्भावपूर्ण,58
गलता,8
कार्यविधि,100
कॉस्मेटिक्स,2
तिरपालें,169
पिण्डी,38
रोड़ों,112
संवारेगा,51
मध्यस्था,45
गुदे,112
महासंघों,125
गुस्साकर,35
बिताता,93
ढालकर,103
अंधेरिया,169
अतिमहत्वाकांक्षी,55
मड़हों,12
छुटने,180
आनंदलोक,149
उर्वरकता,30
खम्बे,174
पार्काें,122
सशुल्क,108
फब्तियों,66
सैनिको,126
बैण्डबाजों,92
ग्रामांचलों,139
जमादारों,139
जिह्वा,29
बदलेंगी,51
भुमिका,128
भेंड़,190
मांजा,103
दुल्हनियां,111
सद्ज्ञान,91
ऋणधारक,55
ऐलिवेटेड,2
खिलाएगा,140
डूबेगी,140
प्रियता,37
अजगरों,92
चुनावकर्मियों,139
मुजरा,111
योजनास्थल,169
होरियारों,169
उठवाना,50
एकाकीपन,26
रुहेलखण्ड,149
सुप्रीति,36
डलवाये,50
साम्रगी,100
मुंहबोले,1
अजन्मा,91
लालबत्तियों,92
अमृतानंद,36
उर्वराशक्ति,30
कपालभांति,169
कवक,30
क्षेत्रीयता,132
हंगामों,177
इहलोक,91
विकर,2
बकने,69
जकड़,112
सुविधाविहीन,146
फहराये,159
कष्टमय,26
क्षतिगस्त,45
धातुएं,72
फैंके,50
अतिसंवदेनशील,146
पुरवारी,17
गड़वाने,180
चलूंगा,140
फेंकेंगे,49
बेरों,189
अण्डा,72
गैरशिक्षक,169
पूजनोपरांत,34
ढ़ांचा,100
खंडविकास,146
लोकसंस्कृति,94
कलाबाजियां,116
ज्ञानकुंज,162
गुप्तचरों,15
उदबोधन,95
हास्यापद,66
अहिरन,17
मुक्तों,192
फिसलती,87
पकड़वाए,164
अल्टीमेट,2
़िजन्दगी,169
अच्छाईयों,88
पछाड़,35
ठण्डी,23
ठोककर,112
व्लाक,113
रामसेतु,29
ध्वाल,169
लगवायें,50
सिंचन,30
बाइलॉज,2
पद्घति,94
पारंपारिक,21
टटोलेंगे,49
व्हाट्सऐप,2
अयोध्यावासियों,192
एकलौती,1
सूचनार्थ,149
नैपकीन,103
मुर्ग,173
किडनैपिंग,70
उनतीस,89
वाक्ये,111
प्रतिव्यक्ति,75
जुनूनी,55
परिरक्षण,100
अनमोलदीप,169
हिंदुस्तानियों,22
खुलाया,93
नहाई,188
दर्मियान,184
पिरोना,98
जूतियां,116
साम्राज्ञी,149
प्रेसों,92
बदाम,173
कुंभकारों,169
सिंवई,173
फले,189
मडै़या,169
पुस्तकाध्यक्ष,42
संयमी,119
येाजनाओं,88
बाड़,9
मंत्रित्व,125
निर्वाणोत्सव,34
देखूं,0
धुलियान,17
छिने,65
खुलनेवाली,146
कोड़ियों,92
हुअा,177
भट्टोवाला,169
बुझते,8
पौधें,189
बड़बोले,66
खड़ापत्थर,92
महाप्राण,149
मजहबों,184
निष्ठुर,66
फन्दे,112
तैसा,29
तमीज,71
रूठकर,69
चमकेंगी,51
झुलसता,8
खुबसूरती,133
मुद्रणालय,60
लहराये,159
रखवाएं,50
ईसामसीह,94
अधिनायक,132
हेपेटाइटस,72
वारों,187
भम्रण,187
बेसब्र,177
पेचीदगियों,191
छींटों,188
रूपांतर,149
तपता,188
खंडो,89
विकासोन्मुख,58
रुढि़वादी,66
फेफडे़,72
पंरपरागत,21
तीर्थोद्धार,162
असमां,54
बख्शेगी,71
दृश्यम,111
घुड़साल,190
गढ़ों,15
रनधीर,113
जुता,9
कृतिवास,149
ब्लैडर,72
भूविसर्जन,45
धोई,190
बैठायी,182
विधायको,125
पिण्डदान,34
कुमति,138
खननकर्ताओं,139
चाटुकारों,7
कटवाये,50
घिग्घी,69
थिरकना,63
ख्वाहिशें,185
आंधियों,188
लड़ाइयों,43
मानवजाति,156
तराशना,98
खाइए,123
महानगरपालिका,125
मुख्यतार,146
अतिवादी,132
कनिष्ट,42
मछलीपालन,30
एमटैक,16
अटैचियां,116
नावघाट,17
सरकती,87
शंखध्वनि,63
कार्याशाला,95
पारलौकिक,91
मचाएगा,140
भेड़ों,192
नेति,187
रेडियस,2
दन्त,29
महिमामंडित,66
सुमंगलम,27
संदूकों,92
मुलाकातें,4
भटकाया,93
नवदंपतियों,192
गत्,198
सूचारू,100
सानु,138
मुस्तकबिल,185
मछुवारों,145
उदयमान,91
आडम्बर,94
ताजिएदारों,139
चमत्कृत,133
हथियारो,126
आलेखों,60
ब्रजयात्रा,162
पूर्णरुपेण,37
मैन्यूफैक्चर्स,2
भुपेश,113
ताईक्वांडों,169
आनुपातिक,100
खपाए,190
मतवाली,133
मोजूद,177
मंगवायी,161
पारिस्थितिकीय,100
किरायानामा,117
आत्मविभोर,133
प्रत्यर्पित,154
गुरुत्वाकर्षण,31
प्लेनेटोरियम,2
नहाता,188
परिक्षेत्रीय,146
जिप्सियों,192
जमाती,87
छिल,112
नितियों,88
लम्बोदर,29
प्रशसकों,146
निरूपण,37
जोड़ती,87
काऊंटर,117
शब्दबाण,66
बलाय,138
पिघलाकर,103
पूर्वसंध्या,193
पुलिसवाला,164
ठिठका,171
झटककर,69
प्लाटर,2
विकाउ,100
भावानंद,36
गुदर,12
कम्यूनिष्ट,132
बनिए,55
बीतेगा,140
कणकण,91
खटोली,17
ढोकला,173
नवोन्मेषी,100
मट्ठी,173
भूकंपीय,100
पताकों,92
चाटा,69
कांग्रसियों,139
बिखेरेगी,51
छोड़ूंगा,140
महोदया,42
अथर्ववेद,149
लोकशिक्षा,94
अशिष्ट,66
असफर,16
उघोग,100
झरोखा,174
उच्चाधिकारियो,139
गोधूलि,13
फफूंडा,169
चौडे़,189
इशानी,143
संस्थापन,100
बहानों,88
सूंघकर,123
सात्विकता,94
आशक्ति,91
सड़ते,190
मुकरते,71
पिटवाने,180
निर्धारकों,88
घपलेबाजों,74
असंबद्ध,37
साक्षत्कार,95
श्रमाधीक्षक,139
शियाओं,184
शटलरों,110
रिक्तता,26
मुरझाये,189
मकाम,185
बछड़ों,9
प्रियजन,91
सर्वदमन,27
धड़ाम,24
अंतरविद्यालय,42
चिह्नीत,169
बुलवाए,50
भांजों,1
थमीं,190
सिद्देश्वर,36
इंतकालों,169
तीखापन,123
कीजिएगा,39
नेवले,29
प्रतिभानंद,36
दण्डाधिकारियों,139
झरझरी,190
प्रत्याहार,31
जनप्रतिनिधिगण,42
उदंडता,66
जेर,190
बंदरिया,1
दुबरा,190
महजबीं,54
लालवास,113
दायित्वबोध,58
प्रथमदृष्ट्या,186
अग्निरोधक,100
दुल्हैंडी,169
पन्त,27
बामनिया,32
बिदाई,1
जनसंर्पक,132
सामूदायिक,100
गौरान्वित,58
आशावान,58
गतिसीमा,37
वक्र,29
राष्ट्राध्यक्ष,125
करायेंगी,51
डूबेंगे,140
हरते,187
सींचकर,189
सुधारो,172
बहलाया,93
फूलते,189
देखनेवाला,39
जोशीली,133
पद्धतियां,4
भिनभिना,190
जोई,138
वेंटिलेशन,2
विरोधाभाषी,66
आशिकों,185
निकलनेवाले,92
विलुप्तप्राय,149
नाचता,63
हौसलाआफजाई,58
झाऊ,189
खिंचवाते,171
डलवायी,50
कुर्बानिया,22
पुतलियों,112
वद्धि,166
राष्ट्राध्यक्षों,192
मनभरी,113
बिखेरना,98
ट्यूबवैलों,122
ऐथलेटिक्स,110
महिना,198
छाला,112
भूमियों,30
प्रवीणता,37
चंद्रकेतु,36
खिलेंगे,189
टोपा,112
अमीष,27
भटकें,147
विक्षिप्तों,66
माध्याह्न,169
टपके,188
औधे,16
मुल्जिमानों,139
इसाइयों,184
पुरुषार्था,169
झाड़ना,190
सीका,138
रूमाना,54
अट्ठाइस,89
अठखेलियों,133
गवाहियां,116
भुनाना,98
पीठाध्यक्ष,42
चकल्लस,111
जनन,144
पूर्णेन्द्र,36
दंबगई,164
खभों,16
सम्पोषित,146
मृदभांड,174
तन्त्र,100
जुल्मी,71
पट्टेधारकों,139
भौचक्क,69
ग्रामसेवक,139
वसुन्धरा,143
उन्नतीस,21
गलेगी,51
हर्षधर,169
शलभासन,123
फूलबंगला,169
विहर्ष,36
युति,31
सतकर्म,91
गल्तियां,4
विशिष्टजन,21
आनंदम,95
दर्खास्त,153
संस्कृतियां,4
कुबूली,71
गुण्डों,164
किनकी,59
पारख,27
भेदिया,84
विष्ठ,169
आर्कषक,174
चटपटी,173
श्यामपट,183
नोंचा,69
शरणदाताओं,192
स्टैण्डों,92
प्रतिद्धंदी,2
बनानेवाली,182
नवशक्ति,91
हिंदुजा,149
स्नानों,169
बन्धन,119
अर्धशतकीय,110
कर्मदीप,36
बदमिजाजी,66
भांगड़े,12
कतराई,169
खोयी,87
भभूती,138
परावर्तन,100
स्वीकृतियों,52
शलजम,189
रुद्रनगर,169
रचेंगे,140
भुट्टे,173
कमाख्या,38
उबरकर,26
आंगबाड़ी,169
गुलगुले,173
जिस्पा,76
नवपत्रिका,34
लुंजपुंज,66
परिवादियों,139
सहशिक्षा,183
परिजात,29
लचका,51
बरातें,116
रटे,190
संगोष्ठि,95
कुंदो,104
कथाचार्य,162
लकड़हारे,61
फरियादों,186
गुस्सैल,55
गवाए,63
काँग्रेस,125
महिम,27
उछालते,171
बातिल,184
लोटने,9
अचंभा,133
धर्मरक्षा,94
लगवाएगी,51
किशलय,16
घड़िया,169
जगाएगा,140
महामहोत्सव,95
रेखांकन,37
दबिशों,70
स्नानघाटों,169
संभावनायें,4
सूजल,16
चौकता,16
अजीर,16
दर्प,119
अनदाना,169
धटना,177
भगवद्गीता,149
लोकोत्सव,193
रेंगे,49
सुविधाशुल्क,108
गाढ़,112
पुर्नमूल्यांकन,146
दहाड़,69
जटायू,29
क्रिक्रेट,110
कार्रवाइयां,4
अमृतमय,162
टकराये,127
दूग्ध,30
प्रज्ञापुराण,162
नक्सा,17
लक्ष्यपूर्ति,45
भेलपुरी,173
बाउड़ी,16
मुकद्दमों,186
पितृों,34
प्रेतों,119
राखाल,36
मृत्युभोज,1
उठेंगी,51
उखड़ी,24
उन्हीें,192
उफनकर,190
संयोजिकाओं,169
पंचायते,75
बखेड़ा,84
भोगवादी,119
बुद्धप्रिय,36
गुणनिधि,36
पुनर्बहाली,45
लचीली,112
अतिथी,95
खिचवाने,180
कार्ययोजनाएं,4
जादूगरों,192
अधिकारो,135
पकोड़े,173
स्तंभकार,55
सेवता,17
बंजारेवाला,169
सोंठ,123
बिल्लियों,192
पकाएं,123
लकड़हारों,15
अड्डें,126
प्रदेशी,169
ऱफ्तार,124
शताब्दियों,149
सिंघु,174
हरियाचक,169
सोचनी,98
निर्भयता,119
दानकर्ता,55
वाकपटुता,37
कड़वाहट,177
मचाएगी,51
वृहत्तर,132
फरेबी,84
भूतप्रेत,119
रंगभेद,132
सुहागरात,1
छेने,173
झड़पें,4
फकत,185
प्रदक्षिणा,34
भ्रमों,88
लुढ़कता,24
अलबेली,133
मुस्कुराए,59
जनपक्षीय,132
एकडला,12
जीजू,0
जिजीविषा,91
निम्नवर्गीय,75
साहूकारी,15
उपजाउ,30
नूडल,173
बारातें,116
पढ़वाया,93
अनुभूतियों,37
परिग्रह,119
अड्डेबाजी,45
अतिक,113
सेहतमंत्री,169
चाहूं,98
बिठाये,171
प्रकाशपर्व,193
माड़,190
युवानीति,169
मिट्ठु,143
कक्षपालों,52
चतुर्भूज,169
ध्यानाभ्यास,91
रंजो,185
कड़बी,16
दरबा,9
दीनता,119
मशालें,13
कंप्यूटराइजड,169
सूक्ष्मजीवों,72
चिन्गारी,8
समरूप,37
स्वर्गलोक,29
खोएं,147
समाशोधन,100
पाणिग्रहण,34
मतदातओं,139
शयनकक्ष,174
कलाईयों,112
अपभ्रंश,149
कुरकुरा,173
ढोलकी,63
इनायती,54
फुलों,189
फिरदौश,54
जेबकटी,164
शिक्षितों,75
वनफल,12
दिलायेगी,51
शुरूकिया,45
कूड़ाघर,68
साड़िया,62
बदचलन,71
पुर्णिया,17
मलयाली,149
छक्कड़,169
हर्जा,166
आकाशगंगा,149
झाकने,180
अटैचियों,92
सहयात्रियों,192
लातों,69
आदर्शदीप,32
तिलंगा,113
पिटती,87
बंधता,119
प्रत्युश,27
तोडऩे,50
तरुवर,189
ट्रांसर्फामर,2
सीएससीए,42
बुद्घ,162
यज्ञदेव,36
बरताव,66
दिखलाने,180
चिल्लाहट,177
झांकें,171
कनिष्ठा,112
खुशाली,27
गारी,138
चुनिन्दा,192
स्वछंद,133
रक्षापंक्ति,110
प्रतिष्ठापरक,146
नहरिया,17
दोलन,31
टेगौर,27
सांढ,190
धनात्मक,31
छलकता,133
हिताधिकारियों,139
मुर्ख,84
यंत्री,42
दुत्कारा,66
हाईजीन,68
बेमकसद,185
चुनीं,182
जोरू,1
बुद्धिजीवि,132
शबदों,94
मधुमंगल,36
पटरानी,1
हरिप्रताप,36
अर्हताएं,96
झोलियां,116
संबधों,88
खिदमतगार,184
पुस्ताकलय,174
नियंत्रणाधीन,146
कांफ्रेंसिग,42
वेल्डन,2
नियमसंगत,146
लोकसंगीत,63
हिमखंडों,92
राष्ट्रदीप,36
वेदांताचार्य,162
लश्करे,126
प्रखरता,37
अंकेक्षकों,139
मुकदमो,186
वॉलीवाल,32
दीपाकर,169
दहकती,8
मृत्युन्जय,36
चट्टों,92
कपकपी,188
उबाऊ,111
अभिजय,169
ढूढ़े,171
विस्मय,133
इत्यादी,100
जैकेट्स,62
स्वघोषणा,45
समयसारणी,149
सबे,138
प्रभुजी,138
प्रकारों,88
मित्रमंडल,162
भगाएंगे,140
चोटिलों,169
खुराकी,169
छेड़छाड,66
अभियांत्रिक,100
केशों,62
परिपालन,135
संविवि,169
अजन्मी,65
गुजारता,93
संगमरमरी,174
दामो,19
सप्तरंग,169
व्यावहारिकता,37
मढ़कर,84
बांधनी,62
दिलाऊंगा,140
पिछड़ना,172
फौलाद,104
दावतें,116
निखारती,133
बायोटेक्नालॉजी,2
सर्राफे,17
देवगुण,27
नमांकन,154
रिसौरा,113
स्वेच्छाचारिता,119
नकारना,98
बद्धता,37
ब्रह्मऋषि,162
जाहीर,177
दहाड़ने,69
समानातर,146
फोड़े,158
लुटाते,11
टेड़ा,190
लेनेवाली,87
दीप्तिमान,13
चापा,138
लेखापालों,52
बादर,138
ओद्योगिक,100
घुंघट,112
शिवालक,38
भैंरो,113
सर्वाेपरि,162
जफरयाब,54
दानपत्र,117
प्रंबध,52
सुलक्षण,143
रिक्शेवाले,124
मूलाधार,91
वरिय,16
अनुपातिक,37
भाग्यविधाता,91
आखिरकर,39
गैसे,72
पतजंलि,16
ट्रासपोर्टिग,2
महापालिका,125
पुडि़या,103
गृहिणियां,116
आसुओं,188
महाअधिवेशन,95
दर्दभरी,65
अभयनंदन,36
अव्यक्त,91
ठगना,84
थ्रैशर,2
विद्याभवन,95
समावेशित,37
बिछुड़ी,138
जुड़ें,147
सिंघारा,17
सृजनशील,55
चारपाइयां,116
संसोधित,135
दफ्तार,45
नजरअंदाजी,45
बोलवाला,74
ग्रामींणों,169
कमलेंदु,27
पीतवस्त्रधारी,29
गुंजाईश,39
मेलाध्यक्ष,42
रेंगना,112
भयजदा,169
कर्यालय,42
राजावास,169
अप्रशिक्षितों,52
रंजीश,54
शिक्षालय,6
जीवनदर्शन,94
हर्षवंती,36
जलसमाधि,29
नमाजों,184
दमनवीर,169
वन्दे,22
फूं,190
टेंक,122
जनसुरक्षा,135
परिपेक्ष,21
परम्परानुसार,125
चुपकी,32
कटानी,17
आनंददायी,133
उर्दु,149
रसदार,173
दंगलों,110
चित्ररेखा,169
कलाधाम,95
बॉयोमैट्रिक,117
सुधराना,45
निभायेगा,128
जाइएगा,140
लड़ाएगी,51
क्रैशर,2
जोते,9
मुशर्रत,54
पंक्तिया,60
त्रिभुज,29
मूछों,62
रामव्रत,169
सन्तुष्ट,91
झंडिया,92
हमवतन,110
होटलकर्मी,139
हालही,39
विशेषज्ञा,90
उम्रभर,65
पंद्रहवीं,149
चुड़िया,169
खुराकें,72
सुपरमैन,111
सिंघासन,29
रामथली,12
घुसेगा,140
बरहाल,39
परीक्षाकेंद्र,6
राजमंदिर,174
सरहदें,185
अस्वीकृति,154
आनंददायक,133
शिष्याओं,162
बैंके,166
बिंब,37
मचानी,35
घुमड़ने,177
छापना,98
ग्रामसमाज,139
अनन्तराम,36
परांठे,173
नायलॉन,62
पुरूषार्थ,91
योगध्यान,162
शांतमयी,91
नगीने,185
जालियांवाला,174
विल्व,29
मृत्य,91
दिखवाने,180
उठाइए,147
सदृश्य,29
बहुफसली,30
अंबेडकरवादी,132
ज्ञानवीर,169
गरजती,188
खौलती,8
अनुसंधानकों,169
मौसमों,185
नवकुमार,27
पसारती,87
राजारानी,38
दुहराने,105
जागीरदार,15
संदर्भों,88
मुनीमों,169
रामगया,17
रुकनी,98
परम्पराएं,4
पुत्रवती,1
तोड़मरोड़,84
जाओं,0
गुण्डाराज,70
जलप्लावन,31
रेजिमेंटल,126
न्यायापालिका,125
खुशमन,138
निखारता,133
गोपूजन,34
सुनिश्चितता,37
याशमीन,16
भुरभुरी,188
अमरता,91
निखारकर,133
गुरूगोष्ठी,169
ढकेलों,169
उखड़ा,24
बायोलाजिकल,2
संप्रदायिकता,132
मुट्ठीभर,132
बदजुबानी,71
दानसहाय,36
गुरुमुखी,149
कलिका,189
अड़चनों,88
समृद्धिशाली,91
तकादे,190
हॉर्टीकल्चर,2
चिह्निंत,146
बिलबिलाने,180
खरोचें,185
दौड़ों,190
आमवाला,17
घुटता,65
मुनीराज,36
स्वार्थपूर्ति,66
भिड़ा,35
कपड़ो,62
वेदपाठ,34
उपजाया,93
दमाद,1
तहरीरें,185
सप्तसरोवर,169
आसामाजिक,132
जमाएंगे,49
सृंजय,27
सुविधादाताओं,108
फार्मूलों,88
मनिष,27
अद्यतीकरण,45
सियाड़ी,138
लीलने,180
लाइसेंसशुदा,2
बेहाली,65
हताहतों,126
प्रेरणात्मक,58
आईकॉन,2
स्लैबों,122
रिश्तेदारियां,116
महायोगी,162
पंचरत्न,38
दुखाना,98
सांईं,38
मनगढ़त,84
फंसेगी,84
बहुधा,181
फेकनी,190
भावनामृत,162
करकी,113
पैमानों,88
पादपों,30
अधिस्थापन,100
फूंकेगा,53
महके,185
परिणित,91
जंजीरें,116
संगतें,116
प्रवाहमान,37
ब्राम्हणों,15
पाण्डुलिपि,60
परनायक,36
दोस्तो,39
रिलीवर,90
राजपाठ,15
संग्राहलय,174
हंसवाहिनी,38
उखाड़ा,35
कीलों,92
सुता,138
निहारता,133
अष्ठमी,34
सुनेहरा,111
कमीं,31
जयजीत,12
मवींकला,113
स्वल्पाहार,41
ग्रामसभाएं,52
हादसें,70
उपमडंल,12
पराभव,132
कैंचियों,92
दुबले,69
अखंडपाठ,38
समाधियों,174
एनजेएसी,135
राजकिरण,169
दोहराएगी,51
लूटीं,182
साड़े,16
खडिया,103
उबलने,123
गढ्डायुक्त,169
पतौड़ा,54
चापलूस,7
झुंझुनू,17
विद्याकर,162
कपूत,138
शराबों,92
आंगनों,92
लड़वाया,93
मैनहॉल,169
प्रविधि,37
गणनायक,36
खरीदेंगी,51
अंतर्विरोध,132
पाठ्यपुस्तकों,60
पुरातत्वविदों,174
श्रदालुओं,34
रौणकी,16
लड़ाके,126
पूर्णचन्द्र,36
सुननेवाला,119
दलो,43
तदन्तर,187
कृष्णपद,36
घड़ा,103
पैत्रक,1
मौद्रिक,100
तिकोने,112
जलबेड़ा,12
गुजरनेवाले,76
उपसंस्थान,52
सेमीफाईनल,110
बहुरूपिया,111
ज्ञानियों,162
धूपवाला,174
नीलगिरि,149
वायसराय,125
जिस्मानी,185
अधिवर्षता,45
भेदकर,35
षडयंत्रकारी,70
शकी,16
झलके,185
हटूंगा,140
बड़का,138
विद्यादायिनी,162
भेड़िये,69
नियमपूर्वक,34
कुसैला,12
उपक्षेत्रीय,125
एकाग्रचित्त,91
गार्डरों,92
सुरक्षागार्डो,169
सूचनापट,186
आकाक्षाओं,88
अनजानी,185
सासों,185
संभवता,39
भवनेश,113
पेंटल,27
दियाली,93
छोडि़ए,39
कास्टेबलों,139
आनुवंशिक,72
मैपल,189
ग्र्रामीण,17
गैलनों,92
कम्पीटिशन,2
बचके,0
पिलर्स,2
कारणो,31
भीं,177
अजन्मे,144
संगीतबद्ध,149
खुदने,9
अंधों,192
विपक्षीगणों,139
लड़ाएंगे,49
छात्राए,6
एआइएफएफ,2
उगलेगी,51
होनें,180
समधिन,138
फिरकर,171
जंची,69
कुंवरजी,27
दिलसुख,113
झेंप,69
झनकार,63
अशिक्षितों,75
हाईलाइट,111
घुड़सवार,126
स्त्रीरोग,90
लिफ्टों,92
छाएगी,51
कालीपट्टी,17
उड़ेल,103
चिंत,138
जारगण,16
तड़ातड़,190
निर्बलों,119
पसारता,171
पदक्षेप,154
सनुज,149
सोनपापड़ी,12
आलुओं,173
चढऩे,18
सिगार,103
गैरजमानतीय,186
बढ़वाए,166
साडि़यां,116
सहायत,100
फिरेंगे,140
तर्कशक्ति,37
मुस्तकिल,54
़कानूनी,146
इंद्रिय,142
भापकर,50
बेवकूफी,66
परियोजनाकर्मी,139
परपंरागत,31
जगमगाए,13
रंगोलियों,92
मनोविज्ञानी,55
अटकलबाजी,88
अरूणाय,36
अधिष्ठानों,52
गड्डियों,92
टायलट,2
निकम्मे,7
कलशधारी,29
महासंगम,95
नैनन,138
विश्लेषणात्मक,37
पशुबाड़ा,169
बड़की,1
सांगीतिक,21
छियासी,89
कबाड़खाने,60
विभाजनकारी,132
आर्कीटेक्ट,2
भौंरो,138
ठहराती,71
अधिमास,34
गिराता,171
सहता,26
सन्तान,1
क्षणभंगुर,91
मोनाली,143
पिटवाकर,50
झोंको,188
लगतीं,87
दस्तानों,62
बहनो,1
कागा,138
सड़ना,72
निकौनी,190
अंतरराज्जीय,17
सुर्यदेव,36
अंर्तजनपदीय,12
ढलाव,76
रूपसा,138
लोकाचार,94
शिकारगाह,174
भिक्षुणी,61
खुर्दी,17
नवविवाहिताएं,116
पिण्ड,29
फेंको,0
भड़वाल,138
वात्स्यायन,149
छपना,60
निस्तेज,26
उड़ते,171
इतंजाम,35
करुणामयी,38
अकाट्य,37
हिचकती,87
पोषणीय,100
रासना,17
पूर्वाह्व,12
चूकती,87
बच्चादानी,144
पहचानकर्ता,100
रसोईये,173
भुलैया,111
दूधमुंहे,1
छिटकने,180
तंत्रमंत्र,162
टाटपट्टी,92
घबराती,87
घूरने,69
झाक,113
दलदला,151
पनपेगा,140
लोकधारा,21
संक्रमक,72
सौपेंगी,51
महरूफ,54
लेनदारों,166
उमड़ती,188
चेंकिंग,2
कटि,112
तारने,91
मोगे,113
सुलझाएगी,51
हज़ार,89
वित्तपोषण,100
काव्यांजलि,143
चूंकी,39
वीरचक्र,22
सर्वमंगल,38
थपथपाकर,112
अड़चनें,4
गवाना,98
पकड़ाये,50
बतियाने,180
मानकविहीन,146
बैंड्स,2
विस्मित,133
सत्ताईस,89
गिनायी,45
खदेड़कर,35
छुट्टे,19
नागाबाबा,38
पैकेज्ड,2
रामअधीन,113
लौटाएगा,49
सरकंडों,9
डीओपीटी,52
दिलायेगा,140
दूधमुंही,1
पिताओं,192
पिलाओ,103
कावरियां,116
कुप,16
गोष्ठि,95
जनप्रतिधियों,139
टीकाकारण,45
नहाये,188
निंबू,123
ओेर,16
कुकुरमुत्तों,189
प्रार्थिनी,186
लेटते,171
रंगते,171
वाशिन्दों,92
झिलमिलाती,13
संबन्धी,100
लक्षकार,36
टोटकों,88
गद्दियों,92
चिरकाल,91
क्रूरतापूर्वक,66
धिकारी,42
यमलोक,29
रामबरण,32
कात्यायिनी,38
बीतेगी,140
वसायुक्त,72
शागिर्दो,169
पढ़ायी,183
भुगतें,71
द्रविड,149
पर्यवेक्षकीय,52
पूँछ,112
कूलों,188
ढूढ़ते,171
प्रकाशमणि,162
संवरती,87
सडे़,16
स्पाइसजेट,2
मतगणनाकर्मियों,79
खिलानी,173
जानिये,147
छिंदो,113
अनसुईया,138
सूफियों,184
छुहारा,123
कामरूप,149
अगूंठी,62
जाओगी,0
सदंर्भ,37
अंचलवासियों,139
स्वस्तिक,29
क्रोएशिया,125
अनुबंधों,166
अन्दाजा,39
आश्वान,146
चुनो,0
दबोचना,35
पकौड़ी,173
फुव्वारा,174
़फ़र्जी,169
तड़पती,65
अंतरकलह,31
छात्रहितों,139
नसीबा,185
बर्षो,89
सलवाड़ा,169
कूदता,171
गर्भकाल,144
यतिंद्र,32
माहर,113
माध्यामिक,6
नक्षत्रपाल,169
घुमाएं,147
उखड़वाने,180
विशेषण,149
अमूक,190
गुनगुनाए,63
महाश्य,149
निर्भिकता,37
पढ़ें,147
कराऊंगी,140
करमाकर,143
मुहतोड़,126
छप्पड़,92
निखरा,133
खंडाधार,169
काव्यात्मक,37
ऊबड़खाबड़,76
घुलती,87
प्रोन्नतियों,52
अनुबन्ध,100
संदर्भन,45
पोटलिया,32
अभिरंजन,27
कुआंवाला,169
छिटका,188
बुंदी,112
मिष्टान,173
बहारों,185
अनुसमर्थन,135
हमलोगो,181
जर्जरावस्था,31
घूमाने,171
अतिसंवेदन,31
अंतरमहाविद्यालयी,169
यादगारे,54
सकेंगें,140
मरी़जों,100
प्रांजुल,169
पूंछताछ,45
घडि़याल,149
क्रंाति,100
कंधो,112
प्रधानाध्यपकों,139
अव्यस्क,169
आढ़तियो,139
हर्षाली,143
सतीत्व,119
लताड़ा,84
लघुउत्तरीय,149
मनोरंजनकर,169
चौखड़िया,12
कालिमा,13
कटवाएं,50
अाज,89
जलाईं,182
बांधेंगी,51
शैलानी,192
लोकोक्ति,149
लताओं,189
सुगमतापूर्वक,37
परिसम्पत्तियों,166
सन्तों,162
ढूंढे़,93
लाड़ला,1
धनवेश,12
व्यायामों,88
सुशिष्या,162
चलवाता,50
शहनाइयों,63
फाड़ना,112
प्रयोजनों,100
पानेवालों,11
काननूगो,12
असपताल,17
उजड़ता,172
हस्तरेखा,149
सिसकने,180
सहप्रमुख,146
शुभकानाएं,193
रंगारग,45
गिनना,98
खिलखिलाती,87
शुकून,177
भंगडा,138
बिगाड़ते,172
फरोशों,184
नौै,16
नामात्र,146
दामादों,1
चिड़ा,190
देशप्रेमी,22
बढ़ावा,58
भड़कता,69
पटकी,69
लडे़गा,136
पिछड़ने,31
भाते,133
मागदर्शन,45
मंत्रिमण्डल,125
गरदन,112
बरगलाते,84
समरेखण,100
धर्माें,94
फँस,69
जननेता,55
चिन्हिकरण,45
चूकें,39
सर्वकालिक,55
रमते,187
पाइए,147
तालाबो,122
निजाकत,54
टप्पे,63
गुबंद,174
खटकी,177
कानूनविद,55
शिष्टता,37
महापूजा,34
विश्वकांत,169
संभालो,0
बहारा,185
पदधारक,42
आंचलों,192
जीवनदाता,91
मुरझाई,189
परीक्षाफार्म,45
खर्राटा,69
अध्याशी,169
कस्बाइयों,169
कोटशिला,17
भेजूंगा,161
मर्रोली,17
रिति,94
संचारक,55
औधोगिक,100
गलाया,93
चमड़ी,112
छायावाद,149
प्रबोधनी,34
असमान्य,31
तरकारी,173
नगरध्यक्ष,42
मुख्या,95
हजामत,62
अपशिष्टों,68
उपने,91
कॉप,2
गणितज्ञों,192
चखते,173
छिनकी,164
जांघिया,62
गुत्थियां,191
घोलते,103
फूटबाल,110
वेतनक्रम,52
जद्दोजेहद,177
प्रतिरूपण,100
प्रक्षेपित,154
चटाते,171
डराती,87
परिमार्जन,37
बीकर,103
मंगलावार,38
उपचारधीन,90
जबानी,60
ठुमकों,111
झगड़ना,98
अस्वीकार्य,66
सुलझते,191
परियोजनाकर्मियों,139
शार्गिदों,192
कानूनविद्,55
बिगाड़ी,172
ब्राचों,169
उपक्रीड़ाधिकारी,169
ऑफरों,166
चुंदरी,138
भाभियों,1
भौचक्का,69
रूखे,133
व्याधियां,72
किश्तियों,92
ज्वालादेवी,38
दुष्प्रेरण,70
व्यव्स्था,132
व्हाटसअप,2
झड़पों,126
पक्तियां,116
गुजारकर,93
हादसो,70
छोड़नी,182
इच्छुकों,6
किन्हें,154
लुभाता,133
सुधारवादी,132
फुलझड़ियों,92
तिगुनी,89
कॉपिया,117
असम्भव,98
गवांने,11
गुरुसेवक,36
डगमगाई,24
हंड़ताल,45
बेस्वाद,173
ऊर्जीकरण,45
आयुद्ध,174
उपकार्यालय,146
सुपरस्पेशियलिटी,90
घंटाभर,41
मकड़जाल,84
हठवादिता,66
रीढ,112
बादशाहों,15
न्यायहित,186
टरबाइनें,116
रंगवा,62
जोंक,112
पिस्टलें,169
मेरु,29
बलधर,12
परिणिता,143
देवग्राम,169
त्रिशक्ति,29
सदाव्रत,34
लघुकथा,60
रुकमनी,1
गिराएं,147
ठहराये,71
तकलीफदेह,98
जलपोत,145
भौड़े,2
परिचर्या,90
पहुंचेगें,28
चिकुनगुनिया,158
बसेगा,140
शोधपरक,60
स्टोप,2
संलेख,100
एकताबद्ध,132
क्लाइमेक्स,111
जीवनवृत,149
समस्याए,4
पकाये,173
कार्यक्षेत्रों,52
जलेंगी,51
छाएगा,51
दों,89
पहुॅचे,28
पृष्टभूमि,21
सौवें,89
प्रथमिकी,45
मनाइए,193
सूर्यकला,169
हटवाएगा,49
स्वावलम्बन,58
झिलमिलाते,13
भौंहे,112
लहरावन,169
महारूद्राभिषेक,34
बाढ़,122
मंडराना,98
हड़काना,98
सींचते,189
मानभत्ता,169
भूलों,88
खुशियाल,169
महँगाई,11
सौमेंद्र,32
प्लावित,188
प्रशिक्षणोपरांत,45
समालोचना,37
अंजानी,185
ज्यादतर,181
अच्छाइयां,4
सुकर्म,119
शांतिवन,41
लेबी,2
बगुले,29
टंकार,63
कंपास,2
दंगाईयों,70
गुस्सायी,120
नाट्यकला,149
श्रीराधे,38
शांतिपाठ,162
निरूपित,154
खादें,30
बेईमानों,7
फुलगोभी,169
पर्यटननगरी,169
तिरपन,89
ज्यामिति,100
जलेबियों,173
जजबा,190
धर्मपरिवर्तन,94
स्तरहीन,66
महासर,29
फूहड़पन,66
त्रिदीप,36
घेरती,87
उजड़ना,190
चहचहाट,63
तानाशाहीपूर्ण,66
अधिपति,91
प्रचवन,169
सुधरेंगी,51
मुट्ठियां,116
बीआई,2
अपंगों,75
फसाने,84
खिलकर,188
खिताबों,110
भावार्थ,119
सजाओं,71
रुलाना,98
दरख्तों,189
ठेलेवालों,19
खटखटाएगा,49
हाथोहाथ,117
नफरतों,185
होम्योपेथिक,90
छुआछुत,94
सदगुण,119
सींखचों,35
सम्भालने,180
लठमार,177
बसंतकालीन,146
रमणीयता,133
बैरीकेड्स,92
बांधो,0
गेहूंं,169
घड़े,103
जनश्रुतियों,149
महाभंडारा,169
दीने,184
गुजरातियों,192
बासमति,169
परिवर्तक,100
उद्घाटनों,88
पैतरे,43
सड़े,68
हाजमा,123
फहराएगा,159
ठूठ,190
त्रुटिवश,60
गद्दीस्थल,41
मनवाएंगे,49
बरखास्त,136
कुर्तियां,116
गीते,27
हिमांक,188
मध्यवर्ग,75
चिकित्सों,90
घूमंतू,75
संवर्गों,52
पैदावर,30
जनस्वाभिमान,36
छुड़वाना,98
फांदने,24
प्रार्थनाओं,94
जबड़ों,112
दरका,190
संतजनों,162
देवासुर,29
उत्तराखंडियों,169
उच्चारित,154
भिड़ने,180
प्रबंधको,42
देहान्त,149
कृपासिंधु,138
मंगाता,161
इमर्जेंसी,2
शस्त्रधारक,169
दौड़ाई,171
फिल्हाल,39
स्मगलर,164
नांमाकन,27
चलतीं,87
झाड़ों,190
धाराप्रवाह,37
पालकियों,92
यहूदियों,192
अमृति,36
आवंटनों,52
गडबडी,31
गाड़े,50
चुराती,87
प्राप्तकर,91
भैंसो,9
मुआशरा,184
लौहगढ़,32
भट्ठेदारों,169
नोटिफाई,166
तटवासी,75
नामिक,100
कुल्चे,173
सहयेागी,16
फटिक,138
दिखाऊंगा,140
सुन्दरकांड,34
चढ़ानी,182
रुखसती,185
आक्रमणकारियों,15
पाबन्दी,135
आकारों,92
कबसे,59
बदनीयत,84
हृदयस्पर्शी,133
महामस्तकाभिषेक,34
हेडकांस्टेबिल,139
ईष्टदेव,38
अबे,69
गरमागरमी,169
जनान्दोलन,132
झनझनाहट,112
बलिष्ठ,55
अपेक्षानुरूप,37
आत्मविश्वासी,55
उथले,145
नित्यप्रति,91
उदयाचल,13
ठेकेदारो,74
भष्म,187
पिछड़ावर्ग,75
वाकीटाकी,12
थायरॉयड,72
जगाएगी,51
गाड़ने,180
बेराजगार,75
बाछें,190
बनवाती,87
विशोक,34
दुबकी,87
निठल्ले,7
संग्राहकों,192
शक्तिवर्धक,123
राजस्मिता,169
समयांतराल,105
लड़ीवार,12
डींगे,69
छड़ियों,92
ढोता,65
नापना,98
सड़ाध,190
नव्य,149
कुरूतियों,94
हबीव,16
बैठक्,45
जलमहल,174
आख्यानों,88
हिमराज,36
खाद्यानों,30
शिक्षाप्रेरकों,169
छाएंगे,140
सुचारिता,45
प्राधिकारण,125
बिखरेगा,51
शिवेन्दु,27
तीर्थस्थली,162
जकड़ने,180
निश्चयी,91
नवचेतन,169
अमूर्त,37
बघेरी,113
अन्जान,185
कर्मकांडों,94
गोटें,112
स्वयंसेविकाएं,116
चिपचिपा,72
गतदिवस,193
विजयप्रताप,36
मुखड़े,133
संचालिकाओं,52
वाणियों,162
हर्गिज,71
कार्यनीति,100
स्वीकारना,98
लैक्चरार,183
सुलझती,191
अफसोसनाक,66
नेफ्रोलॉजिस्ट,90
स्वाब,169
मोडा,138
नवविकसित,146
उत्सुकतावश,59
दफ्ती,103
झाडियों,9
प्रथाओं,88
सोभ,16
जनवाणी,60
नाचो,63
फ्लोरिकल्चर,169
उपजाए,30
कान्स्टेबल,2
बन्दरों,9
वासुकि,29
थिरका,63
चुकाएं,166
अर्कवंशी,36
परीक्षार्थियो,6
एकात्मता,94
लेखांकन,100
आशुभाषण,95
इसकों,192
छिटकी,188
फलदाई,187
घुमाती,87
उपेक्षितों,75
उपभोक्तावाद,132
अभिक,27
टिककर,171
जोखिमपूर्ण,31
भगाता,123
डायटिशियन,90
विजातीय,119
यतिन्द्र,36
तरकस,104
बोटी,9
शीतावकाश,198
वक्ष,112
होर्डिंगों,92
कार्याकर्ताओं,52
चुकते,180
औषधिया,72
झोपड़े,9
पकेगा,140
शायं,198
शेयरधारकों,166
सुंघाया,103
कालापन,123
गूढ़ा,17
घटेंगे,49
चलनेवाला,31
वकालतन,45
कपटी,119
असमायोजित,146
शिवबारात,169
उड़ेलने,180
फांदते,171
मुक्तिदाता,91
शैलकुमारी,143
सिमन,113
जमाएं,166
ढकेला,35
प्राधिकारियों,52
आख्यान,91
फूलवरिया,17
अन्तर्जनपदीय,169
काढ़े,123
झंडेवाली,38
ग्राउन्ड,2
प्रत्यक्षीकरण,37
समार्हता,169
लूटो,0
लकड़कट्टों,92
स्वर्णनगरी,174
सुयोग,91
सीपीवीएफ,169
विश्वजित,36
चिंतामुक्त,146
गिनाना,98
कस्तूरीरंगन,36
छुपते,171
संग्रहकर्ताओं,192
नटवरलालों,169
जनविश्वास,91
वहशियाना,66
विसंक्रमित,72
समाधिस्थल,162
साक्षात्,91
रहट,190
बढ़वाई,182
परांठा,173
छिड़कने,180
बनोगी,0
दिलवाएगी,51
पिय,138
टेडीबियर,169
अग्नेयास्त्र,72
किसानसभा,139
गड़बड़ा,172
जगतजननी,38
नौसैनिकों,145
आजीव,187
नृपति,138
उदारतापूर्वक,37
कार्यालयीन,52
पुनर्रीक्षण,45
सौमिक,27
विदेशमंत्री,125
खटखट,69
दिलवाएगा,140
अष्टजाम,162
कर्षण,100
माइक्रोबायोलोजी,72
गुंजता,63
जूठी,173
नवगीत,149
बघाट,113
छेड़े,58
खिसकाने,180
गड़गड़ाहट,63
घडे़,190
संलेखना,187
मचाएं,177
बुजूर्गो,75
लेनदार,166
खग्रास,29
सटाते,171
तैयारियो,45
अगुवायी,45
मरोड़,112
पंसा,149
काश्यप,36
घुंघरुओं,63
आनंदकर,91
टहलती,87
तर्कहीन,66
दुष्कृत्य,66
गंवाये,11
मंजा,138
विरुध,135
कश्मीरियत,184
महकते,189
तंदुरूस्त,123
झगड़,69
दर्शकदीर्घा,111
पछतावे,26
महत्तवपूर्ण,58
लगानेवालों,84
क्षेत्रीयजन,169
मखना,190
रूपयें,89
सलोने,133
भक्तिमयी,38
नवजागृति,37
पढ़ाएगी,49
उबड़,76
बिच्छु,29
उन्मुखी,37
सूर्याेदय,34
सरंक्षित,146
संर्वधन,30
गोपुत्र,169
पुर्ननिरीक्षण,45
पड़कर,119
खदेड़ती,35
कार्मस,2
करछम,76
संध्याएं,116
महरून,62
संचारित,154
लोहरी,193
धनुषपूजा,169
झपटते,171
झुर्रियों,123
नगौला,113
बजबजाता,68
धंसकर,24
बड़हर,16
खुशनूर,54
खानाबदोशों,192
पूंछतांछ,164
चौमुखापुल,17
चुम्बकीय,100
चंगे,69
गवार,69
परखनली,144
अभिमंत्रित,34
कपडों,62
छीटे,188
दशरथी,36
पोछ,190
वस्त्रदान,146
शिलान्यासों,45
अन्जाम,71
खद्यान्न,169
संर्कीण,16
सूंघते,171
हलाहल,187
स्थागित,154
मूत्रालयों,92
बढ़ती,5
आरामशीनों,169
कनकभवन,16
घोंघी,54
जि़लाधिकारी,42
उनसठ,89
भावभिनी,133
खुदायी,174
सियारों,192
व्यवसासियों,139
मुताविक,39
महन्थ,138
विधायकजी,139
महासत्संग,169
मानकार,55
रुचिपूर्ण,37
गिनाएं,49
उत्पन,31
खारीज,186
दोगड़ी,12
सिस्टमेटिक,2
चिड़ियाघरों,192
दुर्दांत,70
फरमाइशी,60
मदहोशी,185
निणार्यक,132
शिक्षकविहीन,6
संकेतिक,37
घुमाए,171
रजिस्ट्रारों,52
छूटीं,87
आचलिक,21
खंभें,92
गृहराज्यमंत्री,42
अशुद्धता,119
अमलादही,12
झंझावत,26
सभापतियों,42
श्रेणीबद्ध,100
विरोधों,88
धर्मकांटों,92
दुर्भावनापूर्ण,66
चयनिका,143
बिहारवासी,75
पढ़ायें,147
आपुर्ति,122
अग्निहोत्र,34
एकतारा,63
अध्येता,55
यादाश्त,31
मंगवाये,161
बतला,39
पढ़त,60
ढोये,190
खिलजी,54
कू्ररता,66
किशोरिया,169
अटकल,84
अपहृताओं,70
महानिर्वाण,162
पैखाना,9
जलपात्र,103
कठिया,30
शिष्यता,162
मुडेरा,17
महादीप,149
सद्विचारों,94
अफसरो,7
पुरुषवादी,66
शिकायतो,186
विषाद,26
ठिठुरता,23
गिड़गिड़ाती,69
हृदयस्थल,76
भभूति,38
चमकाई,13
सटते,190
व्यपारी,19
भूवैज्ञानिक,100
ब्रजप्रांत,169
दंतेवाड़ा,126
अपराह्व,169
जाउंगी,0
अभिप्रेरित,37
सयाने,55
उपाध्याक्ष,36
कबीलों,15
संगोष्ठियां,95
भुनाते,84
छोड़ता,93
उन्तीस,89
कर्मचारीपुत्रों,139
घुमक्कड़,55
टिमटिमा,13
बहुसंख्य,75
अबाधित,91
करकमलों,95
टहलाते,171
ट्यूबबेल,122
रूपहले,13
लाचारगी,26
विशिष्टताओं,37
बढ़ार,49
जागें,147
जताएं,4
टाइटेनियम,2
करतूतें,71
शाकम्भरी,38
शराबमुक्त,146
चिंतामन,36
टनाटन,103
राजधानीवासी,139
दुर्लभतम,70
दिव्यकांत,36
नितान्त,37
जनदबाव,136
बरसाता,188
दुहने,9
पिघले,188
डला,103
अरून,16
क्षमतावृद्धि,45
सेकेंडों,92
कुतंल,16
स्वेच्छिक,146
बुजर्गो,1
फ्लाईट,2
न्यूतनम,169
झिझकते,59
प्रावैधिक,100
निरामय,91
विद्यापरिषद,42
मैंनेजर,2
उपप्रेक्षक,169
उपडाकघरों,52
उतावलापन,177
स्वशासी,125
अम्बवानी,27
अफवाहे,4
सुमेरु,29
सभायें,95
संवेदनशून्य,66
बलप्रयोग,66
फुहारे,188
फरोशी,185
गिरायी,182
जितवाने,43
प्रदर्शनकारियो,139
मधुरम,138
सुशान्त,27
हाँ,39
घरौंदों,185
चौरहा,16
पंचांगों,88
पकोड़ी,173
प्रेममय,91
फसलोत्पादन,30
फूलपत्ती,62
विकटों,110
साँस,72
उपजाते,30
भूमिदान,15
विश्वविधालय,6
सलहज,1
सुनवाया,93
जोतते,9
पतांजलि,149
कीटपालन,146
पिल्ला,29
उपस्थिती,58
औपचारिकतायें,4
पुर्नस्थापन,100
सुखाग्रस्त,146
फलते,189
कथकली,149
खलियानों,9
कराटा,110
कान्ही,36
रुपैया,11
भिक्षुकों,61
पिने,123
चढ़ें,18
गुरुभक्ति,162
पकते,173
डटने,18
नर्तकियां,116
ओढ़ना,62
रेशेदार,72
बनाऊंगी,51
पोह,190
पिंजौरा,169
पदग्रहण,136
कोर्रो,2
पुरखे,149
सजीवता,37
तुलादान,34
पीकदान,190
पण्डालों,92
विभाज्य,100
सौहार्दपूर्वक,58
हड़बड़ाकर,69
सिरत,16
दम्पतियों,192
सहस,187
सिधारे,138
घिरीं,87
एमडीएफ,2
जोतना,98
हटो,0
राशनकार्डों,117
प्रियानंद,36
निखारे,123
नातेदार,1
थानास्तर,139
गिनाएंगे,49
दालमोठ,173
धारियां,116
पूछिये,59
नामांकरण,149
तमाशाई,65
चिन्ह्,117
मिष्ठी,143
पुनर्भरण,100
मिलाओ,0
रोपणी,30
नासपाती,189
नबंरदार,169
नौवे,198
सैंकड़ा,89
तुर,187
ओवरसियर,2
सुवासित,133
जमाता,7
शुरूहोने,146
पैराग्राफ,60
सुसमाचार,94
घोंसलों,92
भोगनी,26
संभ्रान्त,75
साम्यवाद,132
सृष्टिकर्ता,91
उपअधीक्षक,42
रिझाना,98
वारदातस्थल,169
स्वजन,119
क्रिकेटप्रेमियों,110
नहलाकर,50
तरक्कियां,116
तीक्षण,91
कर्मचार,52
इसदिन,34
श्यामप्रकाश,32
बेजोड़,37
प्रतिस्थापन,100
पाठ्यचर्या,100
गढ़कर,84
खाऊंगा,140
आह्नान,132
बीमाकृत,166
नवग्रहों,34
सींची,30
सन्मुख,91
श्रेयश,27
अश्मित,143
बुझाएंगे,49
बुधबार,113
बाहुबलि,43
छेडे़,132
चर्तुदशी,34
किवंटल,89
सेवांए,108
कार्यकुशल,55
सांतवें,198
प्रतिलिपियां,116
पूर्णी,38
फाड़कर,50
प्राध्यापिकाएं,179
स्वेच्छासेवी,169
भाविक,91
चूसकर,123
सफाइकर्मी,139
बहुरानी,143
मूल्यपरक,37
निपटाती,87
तड़पाया,93
गृहकार्य,183
झाड़ता,190
रगड़ी,190
मासाहार,94
संजोना,98
तरसाया,93
पूड़ियां,116
ढहाये,35
सड़ती,190
उचट,177
मुटियारें,169
मनती,193
पतलून,62
निम्र,184
नवागांव,17
तनावों,88
तीर्थपुरोहित,162
सत्तावन,89
भूलभुलैया,111
प्रवचनकर्ताओं,162
पठार,76
नगरीपार,17
थोपें,147
ठगता,84
जनविकास,146
गूंजेंगी,51
वर्गाकार,174
विरंजन,100
दबती,87
साहित्यों,21
चंदसर,12
बल्लेवाजी,169
प्रोटीनयुक्त,72
प्राविधानित,146
गप्पें,69
इच्छापूर्ति,91
घुमती,87
गुच्छन,72
परिशिष्ट,60
पायदानों,92
सुरताल,63
छीनीं,35
हदतक,177
अमंगलकारी,91
व्यक्तिवाद,132
छप्पनभोग,173
झगड़ता,69
पिछवाड़े,9
मैदे,173
रेडियोएक्टिव,72
बालिकायें,75
स्वरलहरियों,63
सीखाए,93
समाधानों,88
विशेषातिथि,45
सभाषद,12
धुलाने,180
गोसंरक्षण,146
खर्चीले,31
कार्यबंद,169
अधपकी,173
भरायी,182
घिसी,62
नपना,190
पिलायेंगे,140
ब्रह्माचारियों,169
छोडूंगा,140
समविकास,45
जटवारी,17
फरमाएंगे,140
चित्रवंशी,169
काग्रेंस,132
पूजना,98
न्याययिक,186
तोलकर,134
बाँट,93
बिछवाया,93
आकुल,26
आइपीडीएस,169
मेंड़,114
फलोत्पादन,30
दुर्बीन,169
पित्ताशय,72
चकोरी,133
घोसलों,92
उपस्थति,91
ईकाइयां,116
आन्दोलनरत,136
सेतुओं,92
पिंजर,29
निकाहनामा,186
उपजाई,30
उबकर,190
गिनाये,39
चिक्की,173
व्यवहारों,88
हीरेवाला,169
चुनेगा,140
चैत्य,174
झपट्टामार,164
ढाकवाला,32
तकनिकी,100
पाण्डुलिपियों,60
प्रबंधकी,139
मार्कशीटों,117
विश्वकवि,149
सिकोड़ने,180
श्रेणीकरण,100
सदाचरण,94
लिखों,60
अधिसूचनाएं,52
त्यागो,0
अभियुक्तो,139
जीवक,61
जलायें,13
सांख्यकी,100
जलेबियां,173
फेरीवाला,19
परची,117
रूकेंगे,140
खोका,164
पर्यवेक्षीय,100
बांटेंगी,51
रथी,138
भूलनी,39
बनायीं,182
फिकवा,50
अमरज्योति,36
प्रसांगिक,146
लहरे,188
लड़ती,87
डुबाने,180
नोचते,69
पश्चिमबंग,149
आवामी,125
क्षिप्रा,29
दुबकना,171
पिघलते,188
पंखुड़ियां,116
ऐंठकर,112
उजाड़ा,35
क्षुधा,26
पुर्णाहुति,34
पैंशनर्स,52
बसीं,1
कर्मजोत,169
गुरुपदो,162
झंझावात,26
झगड़ने,180
तकरारबाजी,45
दयमंती,113
दहले,190
ध्वजारोहरण,95
पकना,123
पटकते,171
नोंचने,112
असरकारक,123
गुरूमुख,162
खींचनी,182
अच्छत,138
एंटीबॉयोटिक,72
वादो,84
सरकते,171
पशुचिकित्सक,90
नेत्रहीनता,31
दबोची,164
जलावनी,169
टालनी,182
गिरवाकर,50
वृत्तों,92
भींगी,188
जिलापरिषद,42
ब्लाकस्तरीय,169
हुबहू,60
सुगत,27
नवयौवन,133
झांकता,171
जालों,92
परीक्षाकेंद्रों,6
भूलो,0
पासबुकों,117
सगठनों,192
खड़ंजे,122
पचने,123
कंपाऊ,2
आजमाएं,147
हरजाना,166
अंतरदेशीय,100
सिलाने,180
जंचने,180
आहर्ता,166
तीर्थधाम,162
सैकेण्डरी,183
मधुमास,133
नराज,138
तपिस,190
जुड़वां,144
गाडे़,190
़जरूरी,146
धर्मस्थान,41
लड़खड़ाया,73
बैरागीवाला,169
नगाड़ा,63
त्रिमल,36
घिमाणा,113
आरेाप,16
तुड़वाए,45
रूपो,187
देवशर्मा,36
झगड़ालू,66
आनन्दित,133
विकासकार्य,146
उत्पादनरत,169
तापकर,103
जयकारें,116
क्यार,138
ऊँची,174
जन्मकुंडली,149
रगड़ती,190
आलिंगन,133
हड़पकर,16
उपविषय,100
लड़ेगे,43
पढे़ं,164
प्रोजेक्शन,2
बण्डल,103
पटवारखानों,169
खटमल,9
कार्यवाहिका,45
एआईवाईएफ,12
संवारेगी,51
दस्तरखान,173
शैक्षिणिक,6
चंहुमुखी,146
एकांतवास,91
वर्जिश,123
घुसों,31
दर्शित,37
जनकदुलारी,38
घनघनाती,87
खरपतवारनाशक,30
लिखोगे,0
ओढ़ाई,62
कार्डियोलोजी,90
आमआदमी,132
उनतक,28
खंगालेंगे,49
भवंता,113
आरोग्या,169
लिपिस्टिक,103
साघर,17
मत्तेवाड़ा,169
लविशा,12
वॉलमार्ट,19
बुझाएगा,140
पिसना,98
क्षतिपूरक,166
रामवली,32
लड़ें,43
अभ्यारण,29
अतिदोहित,100
बहुप्रचारित,111
प्रांतो,125
दृश्यकला,37
गड़गड़ाहट,12
गैरजिम्मेदारी,66
वर्गकक्ष,169
पक्कीसराय,169
कारागृह,41
अभया,143
मण्डलाध्यक्ष,42
धुलकर,68
वर्णाली,169
लगनेवाली,92
धनराशी,166
तिमिर,13
अवैरी,12
घनौला,12
तत्वधान,95
भरेगे,140
गडरी,16
जताएगी,51
अंगारा,29
पराधीनता,26
डगमगाया,93
छुड़वाई,35
विकासभवन,146
गड़बडि़यों,74
थप्पड़ों,69
चूडि़यों,92
संप्रेषित,37
शक्की,1
शुभागमन,34
रीडर्स,2
विशालतम,149
दिलवानी,182
खटोले,9
मुस्कराकर,59
झरोखों,174
पैथालोजिस्ट,90
बेलाहार,169
मगंलवार,17
लालचवश,66
बेबुनियादी,66
नमाजें,184
रोपेंगे,49
सुखदास,36
मुनष्य,119
भदौला,17
फेंकवाया,93
पंथों,94
चंादी,16
गिनायीं,45
लफंगे,164
बल्वों,92
बकासुर,29
चुड़ियां,116
खेलीं,110
खंडर,174
कुण्डों,92
इफ्तिकार,54
जनगीत,63
लहान,113
पंचायतन,38
कमाये,11
अवश्यंभावी,31
फर्नीचरों,92
समाजियों,94
सप्तरंगी,133
पिपासा,91
दरियों,92
भूने,173
शैतानों,71
विगुल,63
प्रभुता,119
पैंक्रियाज,72
अजनबियों,192
मद्धम,13
दबेगा,190
ट्रेक्टरों,118
मश्क्कत,103
सिद्धपीठों,38
संतुति,42
वशीकरण,119
धन्नासेठों,74
चूमते,171
खूनखराबे,70
प्रतिध्वनि,63
चमड़ा,62
घाटीवासियों,169
इंतेहा,71
गौभक्त,94
अभिभवकों,169
संजिदा,16
राजधन,29
हिलना,98
सुखड़ा,12
विद्यर्थियों,6
मेहरुन,54
मुहंतोड़,126
बिल्वपत्र,34
धोखाधडी,74
लोककलाओं,21
शहादतों,22
यादगारों,92
बोता,189
बिताती,87
नकारापन,84
जाडे़,23
मरें,65
अनुसूचि,52
मनायेगी,51
पुष्पाधिवास,169
भौंकते,171
सोचिये,39
संवासनियों,169
लूटती,87
भोलेपन,133
सर्वकल्याण,91
गरमायी,177
कुर्री,17
इकाईया,100
अंशदाताओं,52
समाजोपयोगी,94
त्यौरियां,116
अभियोगी,186
तोतों,9
लिखूं,39
आन्दोलित,132
संघर्षविराम,126
मानववादी,132
फरमाती,87
नियमावलियों,52
उगाता,189
अगरबती,103
बीवियों,1
मेहमानवाजी,111
मोनिशा,143
कवी,55
ग्रीवा,72
डूंगरा,17
पुर्जी,169
बतखों,9
मूर्खाधिराज,169
मकरंडा,169
साइकोलॉजिस्ट,90
झझर,16
असरकारी,31
उछलता,171
अधम,119
गुरूजन,162
धर्मसंकट,66
नलनी,113
पंजिकाओं,52
भुरभुरा,112
विशिष्टि,100
सहचालकों,139
घूसा,69
ढ़ाबे,173
तारनहार,91
रत्तीभर,84
विभागध्यक्षों,139
अचिंत्य,91
दुधमुंहा,1
मचलने,180
धर्मविश्वासियों,169
चूसते,171
ढुकड़ा,169
दीर्घजीवी,55
दीपमालाओं,13
जनमाष्टमी,34
आवासहीनों,75
सांकृतिक,21
मरंमत,16
निपटीं,49
उपस्वास्थ,169
दुखना,112
मेढ़ो,169
पाऊं,86
तपके,190
गरमाए,177
कंदला,113
अघाते,39
केचुए,9
अन्जुमन,54
सुनायेंगे,140
गुदरिया,17
भतीजियों,1
पहनेंगी,51
परदेसियों,185
डीवीएम,2
इकहरी,112
अल्पसूचित,146
अंतरमहाविद्यालय,169
शिवकेश,36
बीजोत्पादन,30
बितायी,93
पेशवाई,15
मटिहाना,169
पदचाप,63
चालिसा,38
गृहप्रवेश,34
खुंडे,169
कुलीन,15
उपाधिधारकों,6
इतंजार,177
बंदूके,104
विद्यानिकेतन,162
बावजुद,39
पिघलाने,180
जूल,134
कुंतलों,92
पलना,138
अंतर्देशीय,145
शिकारा,174
सधन,9
भगवन्त,36
बैसाखियां,116
प्रेषक,27
पोतियां,116
चतुर्मुखी,162
नुकसानदेय,31
पीेछे,16
सेमसन,113
सदगति,91
लेखाकर,42
राष्ट्रस्तर,169
गोसंवर्धन,58
पचड़ों,190
विनम्रतापूर्वक,153
पशुचिकित्सालय,90
तीर्थपाल,162
तगमा,190
जाममुक्त,146
उलटियां,116
कास्तकारी,169
छीटों,188
ब्रह्ममुहूर्त,34
हलचलों,88
पशुमित्रों,192
परमहंसाश्रम,169
कसौटियों,88
एकरूप,37
सीमाक्षेत्र,125
वताया,93
फेकें,9
नागिरकों,192
तोपें,126
चिंदी,62
आकर्षणी,45
मिसाइलें,126
सुदय,16
भेलपूरी,173
प्राथमिकि,146
निबंधकों,169
चूल्हापानी,169
बुझाएं,8
रोपें,189
खुदवाये,50
मुस्कुराकर,59
रोएं,112
लड़ता,43
लाईं,87
अक्टुबर,198
किश्तियां,116
बख्शिश,71
नशाखोरों,74
अग्रवन,149
इंतकाम,65
उदे्श्य,58
फोड़ो,190
भूमाफियों,74
महीनेदारी,169
सराहने,58
केलों,189
राशियां,116
विलम्बित,31
संगृहीत,60
कालोनियो,169
इस्पेक्टरों,139
तैय्यबा,54
नत्थे,54
प्रतिहस्ताक्षरित,146
पहनेगा,140
जगताप,32
अहिवरण,45
ह़जारों,169
ग्र्रामीणों,139
केन्द्रीयकृत,100
प्रासांगिक,94
फुसलाने,180
चिमटी,112
नचिकेतन,169
प्रमण्डलीय,149
वानप्रस्थी,162
हिमवीरों,169
रोडे़बाजी,169
इक्कतीस,89
उपाघ्यक्ष,42
कुवांरी,1
कूदेंगे,49
घुसिया,17
घोलू,51
जहॉ,75
दूकानदार,19
रसोईगैस,103
राज्यवार,100
बिघा,138
राष्ट्रगौरव,22
पूंछे,59
प्रतिष्ठानें,169
विचारे,119
सत्रहवीं,149
हमजोली,185
तिरसठ,89
बीबियों,184
रस्मे,184
मांजने,180
जोखिमभरा,31
नवयुवतियों,192
फेंकती,87
लाेगों,139
गृहण,187
त्रिमासिक,146
नसीहतों,184
पढ़नेवाली,183
पुचकार,69
भभकने,8
सुलतानी,169
हिदुस्तानी,184
ऐशगाह,7
अनुप्राणित,91
आंग्ल,149
तुड़वाना,98
दिगंत,188
पचांयत,17
भौंहें,112
यथार्थवादी,37
छिड़कते,103
सशक्ति,58
व्यापारकर,146
हंालांकि,39
गिड़गिड़ाता,69
उधेड़ने,84
अतार्किक,66
विषमताएं,4
शपथपत्रों,186
पड़ो,0
युक्तीकरण,100
लावारिसों,92
विकलांगो,146
सबरस,138
अवसरवादिता,66
सिद्धदात्री,169
मागती,87
जवारों,30
मिटान,45
ऊपरवाले,153
जिलासचिव,42
भीड़भाड़,169
एनस्थीसिया,144
झाड़ती,190
जिएंगे,140
एकेडमियों,169
उदंड,69
आस्तीनें,116
अंधविश्वासी,66
उलटने,180
त्रयोदशाह,162
इन्द्रबीर,36
दायरों,88
समूहो,75
सेवाओ,108
महाद्वीपों,192
ठहराता,71
दिलवाता,93
हाड़कंपा,12
द्वीपों,145
सिंहनी,29
रेलगाड़िया,169
फुर्तीला,55
परोसकर,173
छिड़की,103
नयाब,54
अकांवाली,169
मनमोहित,133
ब्रह्मामुहूर्त,169
पटोली,17
निर्माणस्थल,45
तनहा,185
गुरुघरों,169
अखाड़ेदारों,169
हांसिल,58
सबलता,119
विवाहितों,192
भड़काना,98
फुलाने,180
ठेकाकर्मियों,139
करानेवालों,192
आयताकार,174
गलाई,103
रगड़ा,190
हप्ते,198
रुसवा,65
महाघोटाले,74
मंड़ई,16
मंगलगान,63
नक्सलग्रस्त,75
तिकोनियां,116
टहलाने,180
गढदीवाला,17
अंतरगत,100
सामांतर,76
कास्ट्यूम,111
सेक्युरिटी,2
शरफराज,54
मनोविकास,100
स्पष्टवादी,55
सजाती,87
महत्वाकांक्षाओं,88
बिंदुओ,88
देहि,138
रखोगे,0
कहलाई,87
जन्मपत्री,117
संपत्ती,166
शुभकारी,34
जगमगाएगी,51
दुधमुही,1
स्नेक्स,2
दिखवाकर,50
जुडे़गा,146
ट्रौला,12
बिनो,138
भिखारिन,61
वैठक,16
शकरकंदी,173
सकूंगी,86
सगोत्रीय,1
चुनावचिह्न,125
नाचेंगे,63
कीक,27
चन्द्रग्रहण,34
उपचारों,88
खैरहनी,113
पलके,99
वासुदेवाचार्य,36
अठोली,12
भाड़ेदार,169
सेवायोजित,146
पलटियां,116
दरिदों,65
बौद्धिकता,37
मड़इया,16
सोरण,16
बुग्गियां,116
पटाका,173
पिरोए,133
गत्ती,12
रेखाचित्र,60
टेडरों,92
चुभते,112
उपखंडीय,42
शेखी,69
बाइसाइकिल,124
सच्चरित्र,55
संधावली,17
वषों,89
बौद्घिक,37
पुष्पवाटिका,29
दौड़ाये,83
जयगुरु,36
ऋणात्मक,31
इंद्रदेवता,169
आदिब,16
सीमांतवासियों,169
दिवंगतों,192
छिपाएं,147
संभलता,24
लिखवाते,60
दण्डी,162
एकमंच,60
उड़कर,171
शाखायें,116
इन्त़जाम,45
शरणगाह,70
लक्षन,72
महासमाधि,162
भौरों,189
परिस्थियों,88
नियुक्ती,136
धकेले,171
जमातों,184
खैंची,69
थोथे,84
बाटें,11
मणीभूषण,169
संघवाल,169
कुव्यवस्थाओं,199
बिगड़ेंगे,49
देवभाषा,94
दुहरायी,105
एलबमों,111
कृपानारायण,36
तिगुने,89
हृदयरोगी,90
प्रवाचक,162
़गरीबों,169
अभिसरण,100
घंटिया,63
दहकने,8
घेरो,190
थानांर्तगत,17
छात्रगण,6
चौंकने,180
रहमतें,184
कोपलें,189
तिलमिलाई,182
कल्पनाएं,4
ज़मीन,9
गुनगुनाती,87
म्यूनिसपल,2
सांख्यकीय,100
रेशों,92
मजरुल,54
नाड़ियां,116
उपदंडाधिकारी,42
हेल्थी,123
घोले,103
सत्तरह,89
हिन्दूवादियों,132
पेट्रोमेक्स,13
ऊंघते,171
काकटेल,111
क्रूरतम,66
गोशाले,9
भक्तराज,36
जलक्षेत्र,145
ढलना,98
प्लैटिनम,72
श्रोतिय,36
लाईनमैनों,169
धुलावट,12
चढ़वाना,98
सोचेगी,51
धन्धा,11
सद्कर्मो,94
तर्कपूर्ण,37
जिंदगीभर,11
लचक,112
पुर्णेदु,169
दौड़ायी,83
चेरिटेबिल,169
रेलइंजन,145
श्रद्धानुसार,34
मासाहारी,173
मंडराए,171
बिमारियां,72
पैदाईश,71
नृतक,63
असम्मान,66
कंजड़ों,169
चका,138
लीजिएगा,140
सागरों,192
संस्कृतिकर्मियों,192
अनजाना,185
पढ़ोगे,0
बिलौझा,113
भाषावाद,132
महर्षियों,162
संक्रमितों,169
गिऱफ्तार,45
अर्घ्य,34
खंडी,17
भावनृत्य,169
लम्हें,185
चांटे,69
टिकाना,98
दिखाइए,147
नालायक,7
सीखिए,147
घनघनाए,177
चलवाएं,50
सिरफिरों,71
अनिच्छुक,154
आपातस्थिति,31
ईश्वरानंद,162
उत्पीडऩ,66
उबाला,103
कुशपाल,12
मतावलंबियों,94
छिनता,65
उगाहने,11
उत्कीर्ण,149
सुखदुख,91
विकासीय,100
वशीमूल,12
रोशनाई,13
रामवाटिका,169
महानायकों,192
डकॅ,12
जलविहीन,29
घटाते,171
हारें,43
रीती,94
फिल्माने,111
शैले,149
टखने,112
़िजम्मेदारी,169
कर्मफल,119
ओवरब्रिजों,122
आयोजिका,42
कटौतियों,166
कायकर्ताओं,139
गणतंत्रता,193
फैलानेवालों,84
नवाचारों,88
नालियो,122
पंडालो,38
मित्रो,39
बुरका,62
मौनव्रत,29
तख्तापलट,132
गृहजनपद,17
इस्तयाक,54
मोटरवाहन,124
बालोद्यान,183
द्विभाषी,60
लालसराय,17
लंगड़ा,69
मंागों,169
मधुसूदनन,36
बरातशाला,169
चबुतरे,174
दोमुंहा,66
उधड़ने,16
विधानों,135
पौधारोपन,169
पहुँचेगी,28
महेता,27
महाभियोग,125
टाईफाइड,72
छल्ली,112
गर्भाश्य,144
संसर्ग,119
माखनचोर,138
मलबों,92
बारहदरी,174
फिराकर,171
प्यादे,7
नीमहकीम,90
चौखटों,92
घुसती,87
कीमा,173
कार्यप्रगति,45
कष्टकर,26
कंचे,103
भागेगा,140
लाटों,92
फांसा,84
कूल्हों,112
दोगला,66
बंजरबाग,169
बिछड़ों,185
वेदार्थी,169
लड़खड़ा,24
तपोबल,187
ताकता,171
नीरसता,177
झोंकनी,180
गुस्साया,120
स्क्रीनों,92
रक्ताल्पता,72
विचारो,88
खापें,43
बढाएं,147
उखडे़,190
दोमंजिले,174
वफादारों,43
आतिशबाजियों,92
मचलते,188
फन्दा,112
गिरवीं,166
सूंड़,190
संस्थापित,154
महानाल,169
प्रतिनिधत्व,58
दाेनों,139
जिप्सियां,116
जलत्याग,91
भगंदर,72
स्वेत,29
चैनत,16
दीपालय,143
अमानती,45
उपनिबंधन,52
दातिए,138
पालेंगे,140
बटाईदारी,166
भृगुनंदन,36
सज्जनता,119
कुहरा,188
गंभीररूप,146
गुलधर,16
यशलोक,113
लूल्हा,169
आर्येश,169
खब्बू,110
कुंडियां,116
निराशावादी,66
परमसंत,113
पौधरोपित,146
मुंबइया,111
संगीतालय,149
पशुतस्करों,169
एएचपीएस,169
शांतिशरण,36
रुद्रांश,162
ह़जरत,12
अवलोकित,37
दुष्कर्मो,91
परीक्षाफलों,169
चुटकियां,116
रूंधे,69
पुलिसकर्मियो,139
कौमों,184
खिलना,189
देवीभक्त,169
रमायण,187
रूढ़,119
जनंसपर्क,45
नेस्तानाबूद,35
गठबन्धन,43
वाशिदों,192
मोड़ों,76
ज्ञापनदाताओं,169
आशांवित,58
चालबाज,84
पासबुकें,117
प्रमुखजनों,169
सुमंगला,36
स्वस्तिका,143
सुविधापूर्वक,41
अंखियां,116
उन्नीसवीं,149
उपनिवेश,132
गारंटेड,146
तोड़ती,87
दरबारियों,15
पुरोधाओं,132
बलंवत,113
मोटरसाइकलों,124
यज्ञसेनी,162
रामदूत,36
सप्ताहों,198
स्नानकर,34
चलों,0
गलीचा,62
केन्द्रवार,52
आलु,173
वास्तुविदों,174
मिलाएंगे,49
पलटता,171
तोलिया,112
छोडे़ंगे,49
घूरना,69
मेहतरानी,143
मतगणनाकर्मी,79
भंट्ठों,92
लाऊंगा,140
रामशोभा,169
जड़थल,12
बैरकें,126
अभिजोत,36
ज्ञानशाला,95
बसाते,171
भिजवाये,161
मुहावरों,88
राब्ता,185
भूतिया,111
ईकबाल,54
कम्बलों,92
टालकर,50
डेरियां,116
देवीभक्तों,169
प्रतिभावन,45
बूदें,188
भोक्ताओं,139
परतंत्र,119
दर्जियों,62
तटवर्तीय,21
घोड़ियां,116
गुर्रा,69
उमीदवारों,96
अराजकीय,146
अभ्यर्थना,91
नक्सलवादी,132
बैठाएंगे,49
बलवाड़ी,169
पेंमेंट,2
पुनरूद्धार,100
पिण्डारी,29
झोंपड़ी,9
छात्रशक्ति,6
सरमाया,185
बालकांड,162
छींके,112
खरोंचे,112
समयमान,52
लटकाते,171
निवासियो,75
दशाई,16
तेजस्व,162
नालें,92
छिपाता,84
पारपंरिक,21
सेंकेंडरी,2
नेकदिल,55
घटनास्थलों,92
समंवय,100
मुख्यता,21
बिच्छुओं,9
बदकिस्मत,65
प्रशंसापत्र,117
झौंक,35
कुनबों,43
अकार्बनिक,100
औद्योगिकी,100
व्यक्गित,146
शांतिपूवर्क,169
बाबूगिरी,7
पहाड़वासियों,169
चापलूसों,7
कसाईयों,192
अर्थव्यस्था,97
अभिष्ट,91
आक्समिक,29
साक्षात्कारों,88
बेइमानों,74
प्रेमसुख,36
तेजस्वरूप,162
गोड़हिया,169
कचोटता,26
आत्मकल्याण,91
अलापना,84
अंतपुर,17
वहशियों,65
पावों,112
संग्रहक,60
शिवस्थान,149
हंसाकर,111
स्मित,133
भौंसले,143
प्राचार्याें,139
नवउदारवादी,132
धुव्रीकरण,132
देवतुल्य,91
टिन्नू,27
झल्लाते,69
जिलामुख्यालय,17
कोनो,181
अकुलाए,188
संभलना,98
रोपते,189
मुस्कुराती,87
फूलवारी,17
धाराशाही,132
ढकें,190
चासी,89
गतिरोधों,88
कंठों,188
उपखंडों,52
छुड़ाएं,35
व्हट्सएप,2
व्यवधानों,88
मुर्गों,92
भवंतु,187
प्राथामिक,146
जमगाई,12
घसीटना,98
गोड़ाई,190
आयामी,37
फटकारीं,45
डमरु,63
रुकतीं,87
मरयम,54
बढे़ंगे,49
प्रथमिक,72
पांचाली,149
देवीकुंड,17
ज्येष्ठा,34
चरणपादुका,38
गुरुपूजा,162
अफीमकोठी,169
नामान्तरण,186
पशुवधशालाओं,169
टेनरियां,116
विश्वबंधुत्व,94
वनमाफिया,169
लुभाएगा,51
मुठेर,12
पुनर्निधारण,146
तालाबन्दी,52
ओलावृष्टिं,169
दीपाक्षी,169
तरनी,138
जगतारण,32
चिकनाहट,123
रंगेली,17
पदत्याग,136
निशाकर,29
सुदुरवर्ती,12
सुलट,69
ऐशोआराम,11
क्रांतिदल,132
गड़बड़,16
परमोधर्म,94
बेराजगारों,52
शंकुल,189
पारदर्शितापूर्ण,146
कटियाबाज,17
सीमेण्ट,2
पदचिन्ह,29
सटीकता,37
सिंहासिनी,38
इठलाती,87
ठिठकी,87
पैकर्स,2
कार्यकर्ताओें,139
घरबार,11
सातवे,198
फंसाती,84
सौंदर्यता,37
विकल्पीय,100
संवादी,55
लिटाए,171
सिसकता,65
तड़तड़ाई,12
हुस्ने,54
ऐलोवेरा,123
कहावतों,21
चंडीपाठ,38
परदादी,1
पैतरा,43
फैलेंगी,51
विधानंद,169
हमपर,69
खींचेंगे,49
अजमते,12
छालों,123
टेक्नॉलॉजी,2
टेड़ा,17
निर्मलानंद,36
रुंध,69
वनारक्षियों,169
हुर्इं,87
फिल्मफेयर,111
जंघा,112
जुड़वाने,180
पुनरोत्थान,91
भोजनालयों,41
यशोमति,138
रखियो,138
रूचिता,143
विश्वमोहिनी,38
सोएगा,140
हड़पी,74
केशरानी,169
खत्तों,92
चीखे,69
जगमगाएंगी,51
द्वारकाधीश,38
ठूंसने,180
उतरवाना,50
प्रशासनों,52
भीषणता,26
उछाली,24
जांचेगा,49
तहरीरों,185
औपनिवेशिक,132
थूकना,68
श्रद्वांजलि,22
जगभूषण,36
थकता,171
जतानी,182
स्वंयसेवियों,192
मकैनिकल,2
महापूजन,34
मंगलमयी,91
म़जदूरी,45
मादकता,133
शुक्राणुओं,72
सरगुण,143
बेआबरू,65
जांचघर,45
मानूंगा,140
भीड़भाड़,169
बाकीदारों,139
बांग्लाभाषी,149
पौत्रियों,1
पडी़,182
नज्मी,133
ठहरेगा,140
घिरनी,112
औचित्यपूर्ण,37
आइएगा,140
विनष्ट,119
मुख्,42
बड़ेरी,16
धसनिया,169
सलौनिया,169
पैतालिस,89
सरकारः,125
गुदगुदाते,133
साहुकार,1
सामाजिकी,132
फिजूलखर्च,11
समाजसेवकों,139
चादरे,62
भुगताना,146
श्रीकंठ,36
पशुशालाओं,92
शास्त्रोक्त,162
अध्यादेशों,125
जनविरोध,132
तयकर,16
दस्तावे़ज,169
पुंसवन,34
राज्यभिषेक,15
कांफ्रेंसों,169
ओझाओं,192
अप्रियकर,169
सहयोगिनी,42
लोकमत,149
महासम्पर्क,95
प्रसासन,42
पॉयलट,2
नीलेश्वर,36
दाड़ी,62
ज्योतिषि,162
जूलुस,136
चंद्रकुंवर,36
उद्घघाटन,95
मुरझाया,133
वंचना,66
आकर्षणों,174
चमचमाता,13
अतिप्रिय,91
आपत्तिकर्ता,186
चिन्हिृत,45
करप्ट,7
पहुंचनेवाले,28
झाँसा,84
मृतको,70
एकसार,103
पूजाएं,34
हांकी,182
थानध्यक्ष,42
गढ़खेड़ा,17
रामउचित,169
घुलते,171
अभ्यर्थिता,6
चढा,18
छलकाने,180
महाध्यक्ष,42
अपवंचना,166
मिकाइल,54
दंडवती,38
उतारो,0
लवानी,143
पहनो,62
दीर्घकाल,91
गिरेवान,171
कांटो,189
रेहू,16
अंगड़ाई,185
फीजियोथेरेपिस्ट,90
बंधीकरण,45
मझीन,12
संजोते,185
उपलब्घ,108
अंतर्मुखी,119
सर्वशक्ति,91
कम्प्यूटर्स,2
स्टंटमैन,111
डिटर्जेंट,103
गृहलक्ष्मी,143
कबुतरी,190
हितचिंतक,55
विचौलिए,169
लगाय,138
लापरवाई,45
मल्टीस्पेशियलिटी,90
सोहार्द,169
गोपालधाम,169
गोताखोरी,145
आवेदनकारी,45
धुंधलापन,31
संवितरण,52
छट्ठी,138
मंगलदल,38
समायोजक,146
घायलवस्था,70
अर्हताओं,96
किंकर्तव्यविमूढ़,26
ढकवाने,180
निर्देंश,186
प्रापर,2
चमचा,7
चालीसवां,198
विश्वासों,94
सैकड़े,89
आंतें,112
