word,cluster
में,118
लिए,6
किया,124
गया,124
हैं,75
नहीं,64
सिंह,145
पुलिस,53
दिया,124
करने,6
कहा,124
रहे,42
बाद,165
करें,191
साथ,118
रहा,64
रही,13
बताया,124
हुए,75
लोगों,119
उन्होंने,64
होने,6
गांव,29
लेकर,182
जिला,4
इसके,64
एवं,1
क्षेत्र,18
द्वारा,67
हुई,88
लेकिन,64
लिया,124
सरकार,114
अपने,118
विभाग,4
मोबाइल,106
वाले,118
दौरान,165
आदि,51
सभी,118
मौके,44
फोटो,140
देखने,182
जागरण,73
जाने,42
दिन,165
नगर,35
तथा,51
जाएं,191
निवासी,35
लोग,118
बैठक,32
शुरू,6
कोई,64
हुआ,64
ताजा,120
करते,75
खबरें,52
समय,165
जाएगा,43
तीन,97
मामले,76
रुपये,111
कारण,24
पहले,165
थाना,29
पूर्व,165
विकास,1
संवाददाता,32
अन्य,60
जानकारी,120
कुछ,118
दर्ज,67
शर्मा,109
जांच,76
अध्यक्ष,178
स्कूल,108
यहां,64
अधिकारी,0
किसी,118
उनके,118
कार्य,67
पास,118
स्थित,35
कार्यक्रम,32
अस्पताल,22
वहीं,64
पंचायत,54
बात,164
पानी,198
किए,42
मांग,173
बच्चों,38
खिलाफ,168
बार,165
रूप,60
बजे,113
काम,6
उन्हें,64
कार्रवाई,173
तरह,118
देने,182
प्रदेश,18
महिला,125
उसे,64
वर्ष,165
मौजूद,42
अपनी,154
उसके,64
शहर,18
चुनाव,48
हजार,97
सूचना,133
दोनों,118
केंद्र,4
निर्माण,68
सहित,67
टीम,33
देवी,159
घटना,137
सड़क,93
विद्यालय,108
मुख्य,60
शिक्षा,40
चार,97
बीच,96
प्रशासन,4
बिजली,110
रात,113
शामिल,67
जिले,18
होगा,43
कार्यालय,4
संवाद,167
इससे,64
मौत,137
उपस्थित,32
करीब,97
लाख,97
सुबह,113
दिए,42
नाम,124
पांच,97
अधिकारियों,19
कराया,124
जाएगी,170
आयोजित,32
राम,8
कहना,64
जारी,6
इसी,64
निर्देश,133
काफी,64
करना,3
प्रधान,178
जाता,124
प्रखंड,29
जबकि,64
व्यवस्था,1
आने,87
प्रसाद,26
घायल,137
आरोप,168
किसानों,56
योजना,1
तहत,12
लगा,87
आयोजन,32
वाली,154
अवसर,44
सोमवार,113
संख्या,197
अधिक,197
शिकायत,173
ग्रामीणों,54
उनकी,154
बंद,6
इसमें,64
राज्य,14
समिति,4
परीक्षा,108
अलावा,118
अभियान,73
मामला,76
ऐसे,118
अनुसार,67
चाहिए,3
युवक,125
मंदिर,122
पहुंचे,42
सचिव,178
ग्राम,54
रोड,35
पत्र,140
पुत्र,8
मंगलवार,113
उसकी,154
जहां,64
होगी,170
शनिवार,113
मिल,124
कराने,6
पूरी,154
बुधवार,113
शुक्रवार,113
छात्र,108
पार्टी,48
विभिन्न,60
रविवार,113
फिर,64
मंत्री,114
शाम,113
साल,165
अभी,64
आरोपी,183
गयी,88
जाए,64
स्वास्थ्य,1
जिसमें,64
वहां,64
गिरफ्तार,53
स्थानीय,14
निगम,4
विधायक,114
प्रभारी,178
समेत,137
बनाने,182
माह,165
लाल,186
श्री,31
परिवार,132
दिनों,165
प्रदर्शन,6
इसकी,154
प्रयास,6
सरकारी,14
सामने,163
ग्रामीण,169
जिससे,64
सदस्य,114
बैंक,50
समाज,169
सुरक्षा,1
वाहन,112
समस्या,92
किसान,56
पूरा,6
देश,14
बारे,194
चलते,42
लगाया,124
हत्या,74
रहने,6
मिलने,182
बाहर,163
बाजार,115
सहयोगी,134
स्थिति,24
दूसरे,118
लगे,87
पदाधिकारी,178
चोरी,53
शिक्षक,108
प्रतियोगिता,33
भाग,18
मार्ग,93
मुख्यमंत्री,114
स्थान,71
प्रतिनिधि,4
सफाई,62
सकता,64
छात्रों,108
मंडल,4
मिली,88
होती,13
कर्मचारियों,19
आदेश,173
पहुंच,42
पिछले,165
लेने,182
होता,117
विरोध,164
नेता,114
प्राप्त,67
जगह,154
तैयार,6
सेवा,73
उनका,64
परिजनों,132
अपना,64
देर,113
जनता,48
चालक,112
प्रति,197
मिला,124
गंभीर,24
संबंध,60
संघ,14
अलग,118
जमीन,56
भवन,77
अध्यक्षता,32
जाती,88
वालों,182
उक्त,133
कर्मचारी,47
जल्द,6
प्रकाश,17
राष्ट्रीय,14
गुरुवार,113
बना,124
जाम,174
करेंगे,107
विशेष,60
स्तर,60
स्टेशन,93
व्यक्ति,149
लगी,87
महिलाओं,125
थाने,53
होकर,42
कमेटी,4
गये,42
राय,109
उसने,64
परिसर,77
देते,75
देकर,34
संबंधित,60
तरफ,163
पूरे,118
समारोह,32
उपलब्ध,67
प्रथम,71
सात,97
शिविर,32
शिक्षकों,108
भारत,14
सभा,114
बच्चे,38
लगभग,165
इसका,64
आगे,163
विजय,109
राशि,130
भर्ती,148
अशोक,109
दूर,92
वर्ग,169
परिषद,4
दिवस,44
मां,38
लाइन,93
होते,42
मारपीट,174
घंटे,165
पंजाब,18
प्रमुख,60
पिता,195
रखा,124
छात्राओं,108
पहुंची,88
आया,117
उसका,64
अवैध,76
इसे,64
दुकान,115
अगर,64
पता,194
इलाज,22
जमा,50
जिस,64
कोतवाली,29
आधार,142
विद्यार्थियों,108
जेल,183
नजर,163
मतदान,48
ज्यादा,118
लगाने,15
जिलाधिकारी,54
खेल,33
यदि,64
कर्मियों,47
दोपहर,113
सबसे,118
बोर्ड,172
चौक,35
भाई,195
प्रशिक्षण,40
शराब,115
ट्रक,112
सवार,112
बावजूद,64
पूजा,159
सदर,35
जाते,42
डीएम,54
करोड़,111
हालत,192
गांवों,153
निरीक्षण,133
आरोपियों,183
हालांकि,64
युवा,149
चुकी,88
सदस्यों,119
वाहनों,112
सके,64
कार,112
बरामद,53
विद्युत,110
पड़ा,3
भारी,154
भेज,34
अनिल,109
बड़ी,154
चुके,42
जिसके,64
जीवन,57
नेतृत्व,27
चला,124
सहयोग,73
मनोज,109
भारतीय,14
वापस,173
बनाया,124
मार्च,165
वितरण,1
कुमारी,94
परेशानी,92
करके,6
कंपनी,162
प्राथमिक,40
प्रकार,60
कार्यकर्ताओं,119
कही,88
कराई,88
वजह,92
कृषि,56
पति,132
ध्यान,142
कोर्ट,183
संगठन,4
होना,3
जाएंगे,107
दूसरी,154
संबोधित,32
आपूर्ति,110
ताकि,64
लाभ,60
माध्यम,67
निर्णय,173
हाथ,59
बढ़,197
मुताबिक,64
बारिश,9
मिले,42
होंगे,107
सामान,79
विवाद,96
पाया,124
ऐसा,64
वाला,6
राज,146
सकते,191
संचालन,4
बिना,42
अजय,109
आंदोलन,27
जाना,3
वरिष्ठ,126
विधानसभा,114
देख,98
कुल,197
हाल,64
आवेदन,148
बने,42
भेजा,124
देखते,75
रखने,182
मंडी,35
तेज,87
चुका,64
मुकदमा,183
धरना,174
जिलाध्यक्ष,178
भूमि,56
ठाकुर,26
अदालत,183
पत्नी,132
इसलिए,64
बनी,154
रैली,32
जैसे,118
प्रतिशत,197
कहीं,64
भीड़,139
सूत्र,100
फरार,53
क्या,194
सूची,67
परेशान,98
तैनात,0
साफ,164
तहसील,29
बनाए,42
अंदर,163
शासन,146
सुविधा,1
गाव,58
भगवान,159
दर्जन,97
बाबा,159
लगातार,165
उधर,163
पक्ष,60
समस्याओं,95
अतिथि,32
क्षेत्रों,18
अभियंता,178
मुख्यालय,4
फसल,56
मुखिया,134
करता,117
यात्रा,93
निदेशक,178
आवास,153
चर्चा,96
शादी,132
सहायक,60
थानाध्यक्ष,54
उपाध्यक्ष,178
वर्षीय,38
सांसद,114
निजी,60
आसपास,153
सकती,88
दास,26
जान,57
प्रत्याशी,48
तैयारी,6
ब्लाक,54
बाल,104
सिविल,172
भुगतान,130
पीड़ित,28
पहचान,142
खराब,192
सेक्टर,172
पूछताछ,53
सम्मानित,105
जनवरी,165
अधीक्षक,0
ज्ञापन,173
प्रवेश,67
स्थल,18
प्रबंधक,178
प्रक्रिया,1
विचार,142
उच्च,60
कभी,64
बड़े,118
पीछे,163
लगाए,42
कमी,92
इलाके,153
जाकर,163
जमकर,174
आश्वासन,173
वेतन,148
जून,165
सप्ताह,165
तहरीर,174
यही,64
रेल,93
हासिल,6
बताते,75
विश्वविद्यालय,40
यूनियन,172
केवल,64
मदद,6
उत्तर,18
मैदान,33
खंड,4
मौसम,9
मरीजों,22
मगर,64
स्वागत,105
मकान,77
रोक,173
निर्धारित,67
खुद,64
बेहतर,6
नदी,198
पुल,93
अंतिम,165
ठीक,64
पेश,6
लगाई,88
खर्च,111
सड़कों,93
सिर्फ,64
लूट,53
बहुत,118
जरूरत,39
कार्यकर्ता,126
प्रभावित,24
बेटी,195
कर्मी,47
राजीव,109
द्वितीय,71
गाड़ी,112
दें,191
नेताओं,147
घरों,153
उपचार,180
महतो,26
केन्द्र,4
समीप,35
सही,142
उपायुक्त,54
मार,49
जनपद,18
तौर,60
योजनाओं,1
हादसे,137
उर्फ,2
विद्यालयों,108
लगाकर,34
यात्रियों,93
अंतर्गत,12
फरवरी,165
संयुक्त,14
चेयरमैन,178
हड़ताल,173
पार्षद,114
लगने,87
संस्था,4
गेहूं,56
मृतक,137
देखा,124
दीपक,109
रहता,117
उद्घाटन,32
कल्याण,73
राहत,173
संतोष,109
प्रदीप,109
घोषित,67
प्रस्ताव,173
सफल,6
नामांकन,133
पाल,26
आयोग,114
लोक,167
पेयजल,110
मीटर,197
जुलाई,165
पहली,154
प्रबंधन,1
कक्षा,108
न्यायालय,183
प्रदान,67
रहते,75
बदमाशों,53
गंगा,122
धान,56
सीमा,18
करवाया,124
सामना,92
दिसंबर,165
इधर,163
मांगों,173
महासचिव,178
अतिक्रमण,68
जीत,190
स्थानों,139
पदाधिकारियों,19
तलाश,6
टक्कर,137
नुकसान,24
माता,38
अज्ञात,137
लागू,12
जरूरी,3
मंच,32
राजकीय,40
बीडीओ,54
युवकों,125
दिशा,116
अतिरिक्त,60
शीघ्र,51
दिवसीय,32
उसी,64
पार्क,35
प्रेम,189
रास्ते,93
चलने,87
प्रत्येक,60
ऐसी,154
संस्थान,40
विरुद्ध,168
घोषणा,173
पड़े,42
सुभाष,109
प्राथमिकी,183
बल्कि,64
चौकी,35
चंद,109
चंद्र,109
कब्जे,53
मनाया,44
केंद्रीय,114
तभी,64
कहते,75
रखे,42
गोली,49
बयान,164
जवाब,194
प्रयोग,67
युवाओं,119
गर्मी,9
पड़ी,39
रखी,88
सामाजिक,60
आनंद,189
चयन,67
लक्ष्य,73
किशोर,109
नीचे,85
आते,75
सरपंच,54
गुरु,31
केंद्रों,4
महीने,165
प्राचार्य,108
लापरवाही,76
कोशिश,6
तीनों,118
बजट,130
पड़ता,3
क्योंकि,64
प्रधानमंत्री,114
किनारे,103
चोरों,53
पेंशन,50
युवती,125
समाधान,60
पहुंचने,182
समाप्त,6
पालिका,54
श्रद्धालुओं,139
तमाम,118
प्रस्तुत,67
कदम,6
बनने,182
संजीव,109
सवाल,194
खरीद,79
वोट,48
चिकित्सक,22
शाखा,4
गैस,143
अचानक,98
करती,13
इनमें,118
जिसे,64
चले,42
पवन,109
नवंबर,165
जागरूक,73
करवाने,6
व्यक्त,164
छोटे,118
हिस्सा,18
मतदाता,48
देना,3
सुधार,192
विभागीय,19
विषय,142
संघर्ष,27
दुर्घटना,137
चेतावनी,173
मध्य,18
रहती,13
बता,194
अगस्त,165
सम्मेलन,32
आयुक्त,178
गिरफ्तारी,183
संपन्न,51
मेला,155
अक्टूबर,165
किये,42
दुकानों,115
थीं,88
हजारों,118
यातायात,93
प्रताप,26
छोड़,20
साइकिल,112
काबू,6
तालाब,198
खाली,62
खेत,56
समीक्षा,120
लिये,6
संबंधी,60
मेले,139
मोटरसाइकिल,112
सैकड़ों,118
शांति,189
पूर्ण,51
कड़ी,154
गायब,42
हंगामा,174
समक्ष,173
मात्र,51
आकर,163
उससे,64
अधिकार,12
परिजन,132
आलम,84
स्वामी,31
हमला,137
दिखाई,39
बड़ा,64
कब्जा,153
कानून,12
लेते,75
दर्जनों,118
चिकित्सा,180
दवा,180
चलाया,124
बनाकर,34
संपर्क,67
बीते,165
गठन,67
चपेट,171
रोजगार,1
महाविद्यालय,40
सौंपा,124
माध्यमिक,40
भविष्य,57
विज्ञान,40
तत्काल,173
सम्मान,105
सत्र,165
दुष्कर्म,74
चरण,71
हेतु,67
निरीक्षक,0
जिन,118
क्रम,116
फैसला,173
समर्थन,6
आर्थिक,1
रुपए,111
परियोजना,1
अवगत,67
साढ़े,97
पुरस्कार,105
चिकित्सकों,22
लाखों,111
बैठे,163
डेढ़,97
एक्सप्रेस,93
रोकने,182
बस्ती,153
सामान्य,60
भूमिका,142
पंकज,109
सैनी,145
मजदूर,169
खड़े,163
वर्षो,165
स्थापित,67
पाई,88
राजकुमार,109
दर्शन,122
निज,161
शुभारंभ,32
राजस्व,130
निकाली,88
मिलकर,118
माहौल,45
दूसरा,71
बेटे,195
वर्तमान,121
योग,131
उम्मीद,164
स्थापना,67
साहिब,2
फीसद,197
बनाई,88
पढ़ाई,108
डिग्री,108
विश्व,14
एसडीओ,0
जिम्मेदारी,73
रहेगा,43
सफलता,91
आवश्यक,51
करेगी,170
सितंबर,165
परिणाम,51
भगत,2
सहायता,67
पहुंचकर,34
गंदगी,62
मजदूरों,169
स्वयं,51
धर्म,61
मनरेगा,54
पर्व,44
संत,31
रवाना,93
इंतजार,6
राशन,50
आधा,197
रोष,45
तरीके,135
सुनवाई,173
बातचीत,96
गलत,135
झारखंड,18
खिलाड़ियों,33
मालिक,134
मामलों,60
हमारे,118
घायलों,137
प्रमाण,133
लाने,182
बिल,130
जख्मी,137
चोर,53
प्रशासनिक,4
धमकी,173
ट्रैक्टर,112
महिलाएं,125
क्षेत्रीय,14
क्रिकेट,33
फिलहाल,64
गरीब,169
खत्म,6
प्रधानाचार्य,108
लौट,163
पंचायतों,54
अधिवक्ता,178
उपभोक्ताओं,162
यात्री,93
दुकानदारों,115
इनके,118
तोड़,20
पटना,18
दैनिक,60
निकट,18
पहल,73
मरम्मत,68
जायेगा,43
मोर्चा,27
अरुण,109
उसमें,64
विद्यार्थी,108
होली,44
हमें,64
आगामी,165
रवि,109
पक्षों,96
तार,21
इलाहाबाद,35
दाखिल,173
मिलेगा,43
जाति,58
डाला,124
भ्रष्टाचार,76
प्रचार,73
बचाने,182
मिलते,42
निकाला,124
करनी,39
साबित,6
पाए,42
पकड़,20
तृतीय,71
उठाया,124
पुत्री,94
ऊपर,163
हिरासत,183
स्तरीय,14
सजा,183
मरीज,22
जुड़े,118
वक्त,165
कमरे,77
पशु,69
असर,24
पर्यावरण,1
व्यापारियों,115
नया,64
दौड़,85
नियुक्ति,148
अंजाम,6
घाट,122
रंग,186
खबर,137
इतना,64
ताला,77
पहला,14
चली,88
व्यापारी,115
तहसीलदार,54
जागरूकता,73
पाने,6
अभाव,24
उनसे,194
विभागों,19
संचालित,67
देखकर,98
परंतु,64
निर्वाचन,4
खेती,56
देंगे,107
कस्बे,35
सूत्रों,120
अंक,120
शुल्क,130
जयंती,44
उठा,98
ज्ञान,91
आह्वान,73
टिकट,48
पटेल,109
पैसे,111
नारेबाजी,174
पेड़,37
वसूली,130
लगाते,75
चलाने,182
पार,103
रात्रि,113
नौकरी,148
शहीद,137
कराए,42
जुलूस,139
निकल,85
नहर,198
दिलाने,6
करे,191
रानी,94
चालकों,112
बढ़ाने,182
मुक्त,67
संयोजक,178
तिथि,155
शौचालय,62
अगले,165
सांस्कृतिक,14
भोजन,131
संभव,51
राजनीतिक,27
खाद्य,143
कला,70
जिसकी,154
कैसे,194
संरक्षण,1
पंडित,26
बीमारी,28
खड़ा,20
वार्ता,96
नियमित,67
फर्जी,76
उद्देश्य,73
खड़ी,160
करेगा,43
आगरा,35
बदमाश,53
बरसात,9
खुशी,45
मशीन,102
दुकानदार,115
शिकार,74
दिये,42
महत्वपूर्ण,60
जोर,49
मैं,144
ठंड,9
तीसरे,71
कीमत,79
वितरित,67
कथा,167
मतदाताओं,48
तुरंत,173
खास,118
पालन,12
रहेगी,170
मुश्किल,3
जिसका,64
मिनट,165
धारा,12
शुरुआत,165
किलो,197
पैसा,111
बूथ,106
पैदा,6
सिंचाई,56
विजेता,33
जन्म,38
दावा,6
लड़की,125
जिलों,18
मजबूर,6
छापेमारी,53
आशा,105
करवा,34
प्रत्याशियों,48
इलाकों,153
खेतों,56
मौका,6
बढ़ा,197
मिट्टी,86
विशाल,188
हटाने,182
अरविंद,109
मानव,121
रहीं,13
भरा,117
रांची,18
संदेश,105
बालिका,38
निकाल,34
बचाव,6
लोकसभा,114
बधाई,105
नाथ,26
विस्तार,142
पुरानी,154
सिर,59
ठेकेदार,134
आर्य,58
उपाध्याय,109
उचित,51
बसों,93
होटल,35
बातें,52
वैसे,64
क्यों,194
व्यापार,162
कटौती,130
सेना,199
दबाव,24
नशे,125
परिवहन,1
मार्केट,115
जब्त,53
अफसरों,19
आशंका,164
उत्पादन,1
अपराध,74
पाठक,109
पुराने,118
समापन,32
मान,164
उद्योग,162
हालात,192
संकट,171
जताया,164
योगदान,91
पीने,62
सुशील,109
नियमों,12
प्रबंध,1
मारने,49
दहेज,132
उनको,118
बिक्री,79
बाढ़,171
परिवारों,153
रोडवेज,93
सख्त,135
महामंत्री,178
लागत,130
संदिग्ध,137
गली,35
अध्यापक,108
बहादुर,26
लाया,124
पकड़े,20
सामग्री,120
विधान,114
रहेंगे,107
अधिकांश,118
रोग,28
जताई,164
अर्चना,159
तापमान,9
प्रतिदिन,113
संभावना,24
अपहरण,74
स्वच्छता,73
महाराज,31
आरक्षण,148
करवाई,88
विनय,109
मुआवजा,130
शहरी,169
संकल्प,73
निकले,42
पूजन,131
स्पष्ट,142
इस्तेमाल,6
खाते,50
मोहल्ला,35
लिखा,124
मुहैया,6
गीत,25
कार्यरत,4
खनन,1
बहन,195
खाद,56
गंभीरता,142
मांगी,173
हमेशा,64
न्याय,183
मोड़,163
जूनियर,33
गौरव,91
माल,115
मिलेगी,170
गठित,67
किशोरी,125
गणेश,159
माना,124
सुरक्षित,67
तत्वावधान,32
ज्योति,94
शरीर,59
नीरज,109
शांत,45
किलोमीटर,93
मनीष,109
अपराधियों,74
पिटाई,174
धार्मिक,61
आदर्श,73
रास्ता,6
मुकाबले,190
बाबू,26
नवीन,109
उमेश,109
याद,57
अभिभावकों,108
बढ़ने,87
मजबूत,6
सिपाही,0
छानबीन,76
मजिस्ट्रेट,0
मीडिया,119
कश्मीर,136
सौंप,124
महेंद्र,26
निस्तारण,133
चारों,118
घटनाओं,95
आबादी,153
कक्ष,77
दोषी,183
कन्या,132
ब्यूरो,4
होनी,39
चक्कर,5
महोत्सव,32
अच्छी,154
गुहार,173
ग्रहण,131
प्रतिमा,193
ढंग,188
सोनी,109
पदों,148
भक्तों,159
जवानों,199
दौरा,18
लंबी,154
आये,42
उम्मीदवार,48
सोने,141
कमल,109
शक्ति,91
सुविधाएं,52
नृत्य,25
अहम,60
राजनीति,27
जायजा,68
नीति,1
गति,116
अनेक,118
मास्टर,0
सुमन,94
जंगल,81
शोर,127
पैदल,112
खाने,179
फाइनल,33
गीता,94
दूरी,197
सुनिश्चित,67
गरीबों,169
बीज,56
लंबे,165
कार्यशाला,32
लेना,3
हूं,144
उपभोक्ता,162
संस्कृति,121
मोटर,112
गृह,4
प्रवीण,109
भीतर,163
खूब,166
अनुमति,173
खुले,42
अखिलेश,48
दीप,17
आती,13
चौराहे,35
सब्जी,46
चालू,67
दूध,46
बादल,9
नियुक्त,67
वीरवार,113
नियंत्रण,67
कार्यकारिणी,114
अनुमंडल,4
सक्रिय,60
जवान,199
प्रवक्ता,178
ओमप्रकाश,145
आता,117
लिखित,67
काट,21
जर्जर,192
अध्यापकों,108
अफसर,0
नकदी,130
वार्षिक,32
संचालक,4
अजीत,109
आदमी,82
मिलता,117
विवाह,132
विश्वास,164
वृद्धि,197
नाले,198
विरोधी,27
डाल,34
यज्ञ,131
निकासी,198
निकला,124
इन्हें,118
कार्यक्रमों,32
चालान,50
सुविधाओं,1
सभागार,32
बच्ची,38
किस,129
शेष,51
शपथ,114
राजा,146
बीस,97
आक्रोश,45
इकाई,4
गैर,60
लाइसेंस,12
डाक्टर,22
पुरुष,125
दरबार,146
धनराशि,130
दोबारा,173
न्यायिक,183
खिलाड़ी,33
इनकी,154
पाठ,131
तैनाती,148
बताई,88
गन्ना,56
बालक,38
तकनीकी,1
उपस्थिति,142
वही,64
लक्ष्मी,94
जुर्माना,130
उपयोग,67
संगठनों,119
कमिश्नर,0
वित्तीय,1
जुट,6
निकलने,87
जैसी,154
धरने,174
उम्र,38
साथी,134
प्रतिभा,91
जगहों,118
समूह,60
आवश्यकता,51
रक्षा,199
बतौर,126
वित्त,1
भरने,182
श्रद्धालु,159
डालने,15
प्रदूषण,143
पौधे,37
दौर,165
सर्वे,106
कंप्यूटर,106
टूट,85
घटनास्थल,137
चाहते,3
बकाया,130
हवा,9
महत्व,142
अभिषेक,109
भजन,25
सुधीर,109
गुप्त,60
आजाद,27
प्रेरित,6
लुधियाना,35
दिखा,124
अनशन,173
बाधित,24
पकड़ा,53
बजाय,182
लगता,64
सामुदायिक,1
छोड़कर,20
सीधे,118
अलीगढ़,35
जाच,76
हमले,137
रफ्तार,112
आना,3
तेल,104
विधि,12
स्वच्छ,73
बदल,124
दुकानें,115
पशुओं,69
पहुंचाने,182
पेट्रोल,112
उठाने,182
इसको,64
वंचित,169
अंत,165
अधिनियम,12
बुरी,154
एकड़,56
भेजी,88
आशीष,109
पूर्वी,18
प्रधानाध्यापक,54
खाना,179
पाकर,98
गौरतलब,64
चुनावी,48
विकेट,190
आश्रम,31
उत्साह,181
बेहद,188
कहां,194
रोशन,17
पंप,110
क्षतिग्रस्त,68
मूल्य,130
संस्कार,131
महज,165
चिकित्सालय,22
मृत,137
ट्रेनों,93
रोज,165
छोटी,154
साथियों,119
लंबित,173
बेचने,79
वक्ताओं,32
बढ़ती,197
आपदा,171
कारोबार,162
हिमाचल,18
बाकी,118
प्रारंभ,67
हिसाब,197
नजदीक,35
कराकर,34
प्रार्थना,105
कुलपति,114
पुतला,193
दिक्कत,92
मुलाकात,96
धूप,9
इंचार्ज,0
भेजने,182
सोसायटी,172
लड़कियों,125
मतगणना,48
देता,117
जिम्मेदार,135
इतनी,154
मेहता,109
नियम,12
सार्वजनिक,60
सर्जन,22
जायेगी,170
कांड,74
कोषाध्यक्ष,178
स्कूली,108
पुष्टि,164
पड़ेगा,43
अखिल,14
अच्छा,64
अनाज,56
धर्मशाला,35
बीमा,130
कानूनी,12
मात्रा,143
वीरेंद्र,26
समस्याएं,52
विहार,18
आवागमन,93
खतरा,171
प्रतिनिधियों,119
रखते,75
मांगा,173
भरे,42
लें,191
विद्या,40
फुटपाथ,77
मजदूरी,130
श्रेणी,67
कौन,129
यमुना,122
खोलने,182
सुंदर,188
चीनी,14
मारकर,49
भ्रमण,32
आत्महत्या,74
पोल,102
नागरिक,14
अंचल,18
जिनमें,118
चयनित,67
लेंगे,107
ससुराल,132
सामूहिक,60
रक्तदान,22
जुटे,6
निकालने,182
पदक,33
मिलती,13
महंगाई,92
चिंता,164
क्षमता,91
निर्मल,109
समर्थकों,48
गोदाम,115
आक्रोशित,174
मुंह,41
भाव,189
फायदा,6
कौशल,181
पत्रकारों,119
अमर,109
मुद्दे,96
अंकित,193
पीड़िता,74
अच्छे,118
प्रदर्शनी,32
बृहस्पतिवार,113
टूर्नामेंट,33
फसलों,56
काली,186
निगरानी,67
न्यायाधीश,183
स्वरूप,142
कार्यवाही,133
याचिका,173
भरोसा,164
भेंट,105
भेजे,42
समुदाय,58
अनुसूचित,169
घंटों,165
पहुंचाया,124
हाथों,59
गुणवत्ता,1
बांध,100
करायी,88
कस्बा,35
एडवोकेट,145
ढाई,97
नाटक,167
धीरे,87
दुरुस्त,192
रुपया,111
फूल,37
हमारी,154
मानदेय,148
सकेंगे,107
गुरुद्वारा,35
उनमें,118
सागर,103
ममता,94
बदलाव,142
गिरने,85
व्यवसायी,126
मेहनत,91
सेवक,134
बुलाया,124
संध्या,113
कूड़ा,62
अभ्यर्थियों,148
परीक्षण,67
काटने,15
इंतजाम,6
हरी,186
फैसले,173
मना,164
हथियार,199
दफ्तर,0
पर्यटन,1
धूमधाम,44
पर्याप्त,51
घेराव,174
पुरस्कृत,105
सौंपी,88
स्वर्ण,193
मेरे,118
स्व,134
ऑटो,112
टाटा,172
फीस,130
शाह,84
सदन,114
प्राथमिकता,142
पूनम,94
भव्य,188
मोहल्ले,35
कैलाश,109
कलाकारों,119
सत्ता,27
आरती,159
संगीत,25
पश्चिम,18
टीमों,33
प्रभाव,24
अस्पतालों,22
संसाधन,1
त्यागी,109
भारद्वाज,109
लड़ाई,20
बेटा,195
विशेषज्ञ,126
तत्कालीन,114
नामक,167
लापता,137
बोल,98
निकली,160
दीवार,77
खाता,50
शुरु,6
पत्थर,86
राजमार्ग,93
शिक्षण,40
राजधानी,18
उपरांत,165
राज्यों,14
देखरेख,68
जोड़ने,182
डाक्टरों,22
रेखा,116
साहब,84
अवकाश,44
रुप,60
बच्चा,38
सड़क,93
भरी,154
व्याप्त,123
आपसी,96
अगुवाई,27
चावल,46
भले,64
संपत्ति,130
औद्योगिक,1
बढ़ी,197
पश्चिमी,18
दर्द,28
रोजाना,46
रखकर,163
जिन्हें,118
आभार,105
वरीय,4
सारी,154
बताए,42
चलता,117
इनका,64
कायम,6
एकता,123
सुनाई,138
दलों,48
हादसा,137
पूछा,194
हवाले,124
डॉक्टरों,22
राख,175
मुस्लिम,136
नाराजगी,164
मंत्रालय,114
सलाह,173
अनुदान,130
निधन,165
रणनीति,1
सूरज,17
गोष्ठी,32
मुझे,64
नये,118
छूट,130
श्रद्धांजलि,105
बहाल,173
जुटी,6
बीमार,24
स्वीकृति,133
कंपनियों,162
मंदिरों,139
लीटर,197
तीसरा,71
कपड़े,66
भागने,182
भक्ति,189
प्रेस,140
इतिहास,121
दिलाया,124
समझ,194
गड़बड़ी,76
विकसित,67
हित,73
पड़ताल,76
अमन,109
बढ़ावा,6
शोक,44
सहमति,164
फीसदी,197
बिहारी,26
मुहल्ला,35
सूबे,18
सकें,191
समान,116
शोभायात्रा,139
वातावरण,143
जाएंगी,177
दुनिया,57
अपराधी,183
प्रेमी,125
लाठी,49
जानी,88
कीर्तन,159
अंग्रेजी,14
खरीदने,79
परिवर्तन,116
तोड़कर,20
स्वीकृत,67
उत्पन्न,24
भावना,181
उतर,85
माने,126
राज्यपाल,114
अभिभावक,38
आरंभ,67
नागरिकों,136
घुस,85
नाला,198
अधिकतर,118
बदले,111
चोट,59
बदलने,182
छुट्टी,44
बैठा,163
कार्यपालक,4
अक्सर,118
विगत,165
हों,191
खून,157
आचार्य,31
पीड़ितों,74
सत्यापन,133
समन्वयक,4
व्यवहार,135
लिखे,42
सुनने,182
जाया,124
मूल,60
अवधेश,26
मुहिम,73
बीएसए,54
मूल्यांकन,67
हड़कंप,127
गुजर,165
दायर,173
पढ़ने,182
निलंबित,173
हत्याकांड,74
बीमारियों,28
पोलियो,28
न्यूनतम,197
क्रय,130
वर्षा,9
बुजुर्ग,38
पैर,59
कराना,3
तैयारियां,32
भूषण,109
नीतियों,95
करवाए,42
बंसल,109
सचिन,109
अथवा,51
आवासीय,153
मांगे,173
मानें,64
करोड़ों,111
सफर,93
भाषा,167
प्रस्तुति,188
रहना,3
आयु,197
गतिविधियों,95
दीक्षित,109
चौराहा,35
दर्जा,67
ऑनलाइन,106
जलकर,175
दीपावली,44
हस्ताक्षर,140
नाराज,98
खोल,163
तलाशी,53
फांसी,183
दाम,79
समाचार,14
दिखाया,124
बनकर,134
अंतरराष्ट्रीय,14
शिरकत,32
निशान,59
तनाव,45
बाग,35
सुनकर,98
विवाहिता,132
सदस्यता,48
मैनपुरी,35
तैयारियों,32
फैल,42
आवंटन,133
चंदन,109
डीजल,112
नशा,5
कविता,167
दरअसल,64
देरी,173
ऊर्जा,143
कोतवाल,0
बसें,93
मान्यता,142
जोरदार,166
देहात,35
सालों,165
अदा,130
प्रावधान,12
महाप्रबंधक,178
संस्थाओं,119
कपूर,109
प्रगति,1
पंजीकरण,50
छापामारी,53
सोच,142
मालूम,194
सीटों,48
पदार्थ,143
दलित,169
गले,41
पचास,97
रोका,124
उत्सव,44
विश्वकर्मा,72
बाजारों,115
बैठ,163
बदायूं,35
बाहरी,60
प्रस्तावित,67
डेंगू,28
परीक्षार्थी,108
कारणों,95
स्वीकार,164
ललित,109
केन्द्रों,4
कागजात,140
मूर्ति,159
राष्ट्रपति,114
मनमानी,76
सेवानिवृत्त,148
दहशत,171
समाजसेवी,126
कार्यकारी,4
महसूस,45
चलाई,88
चाय,179
थानों,19
खरीदारी,115
अर्पित,105
सारे,118
उम्मीदवारों,48
मस्जिद,77
महानगर,18
सेवाएं,52
बगैर,42
खेलों,33
शिकायतों,76
विदेशी,14
मानसिक,24
अनुपस्थित,24
पड़ने,87
चुना,124
करार,168
लिहाजा,64
आखिर,194
घरेलू,60
मुजफ्फरपुर,18
हिदायत,173
डाक,140
धाम,122
एकत्र,67
पीटा,174
पारा,9
सेहत,192
शिकायतें,52
ट्रैक,93
आसमान,17
योजनाएं,52
सिलसिला,165
देती,13
राहगीरों,139
वकील,183
पुराना,121
कार्यकाल,114
लक्ष्मण,8
पेपर,140
गिरी,85
मनाने,44
बचने,182
निवास,153
सहारा,182
आवंटित,67
मांगने,15
शरण,8
आयी,88
एकत्रित,67
पड़ोसी,195
श्रम,1
सेमिनार,32
बंगाल,18
प्रणाली,1
व्यक्तियों,119
गलियों,151
विमर्श,96
सूर्य,129
मचा,127
आग्रह,164
मनोहर,109
अधिकतम,197
पंजाबी,167
काला,186
सौरभ,109
बंदी,183
उल्लेखनीय,60
चुनौती,173
प्रांगण,77
हार,190
पाते,75
इंकार,164
दिल,65
जिंदगी,57
प्रसार,73
परमजीत,145
किरण,17
परिचय,105
खोला,124
पानीपत,129
जवाहर,129
श्रमिकों,47
अवतार,72
वृद्ध,38
पंजीकृत,67
त्योहार,44
आधारित,60
वैज्ञानिक,126
अनदेखी,164
तले,42
स्वतंत्रता,27
सारा,64
गाड़ियों,112
कहने,182
थोड़ी,154
ठोस,60
चलेगा,43
ग्राहकों,162
शिशु,38
मुफ्त,111
पकड़ने,182
नाबालिग,125
मृतका,195
परीक्षार्थियों,108
बीती,113
फेंक,62
अंतर,116
पाली,35
मृत्यु,24
द्वार,77
विकलांग,129
साजिश,168
स्मृति,121
कलश,193
भीषण,171
सर्विस,106
काउंटर,106
अवधि,165
मंजू,94
तीस,97
समस्त,121
टीमें,33
बालू,86
स्नान,131
राष्ट्र,14
कुरुक्षेत्र,18
डाली,88
बचा,124
संगत,116
भक्त,159
प्रकट,164
बारह,97
आंखों,59
चेहरे,186
स्थायी,60
शिनाख्त,53
तारीख,165
बनवाने,15
भोला,2
सुझाव,67
चलाए,42
बर्बाद,6
सचिवालय,114
संज्ञान,173
बहिष्कार,173
मारी,49
प्रेरणा,105
बांका,2
शारीरिक,60
व्यापक,60
पड़ती,39
हमारा,64
कामना,105
उत्पीड़न,74
समाजवादी,27
सहकारी,4
मुक्ति,196
प्रतिभागियों,119
कैद,183
समझा,124
विदेश,14
नकल,5
सायं,113
जिनके,118
हमीरपुर,35
तत्वों,95
अनियमितता,76
पंच,2
सख्ती,76
बुरा,135
चांदी,86
चन्द्र,109
स्टोर,115
वीर,8
बीत,165
हवन,131
निधि,1
नगरपालिका,4
मौलाना,84
लघु,60
नायक,134
छेड़छाड़,74
हादसों,137
पंचायती,129
देखी,88
गार्ड,0
सराहना,105
शुरूआत,165
गश्त,199
अनिवार्य,12
संग,161
रिक्त,148
वेलफेयर,172
चुनावों,48
पटरी,93
खुला,117
कैमरे,106
मौजूदा,60
पारित,12
मंगल,72
विजयी,190
मौजूदगी,164
समझौता,173
रखना,3
पार्षदों,114
नरेन्द्र,109
बैठने,87
शानदार,188
सुरजीत,145
बर्दाश्त,164
होंगी,177
रोशनी,17
इतने,118
आसानी,118
देवघर,122
लगते,87
चेन,102
संसदीय,114
अभियुक्त,183
सरदार,134
दान,131
डालकर,156
कार्यालयों,19
सैनिक,199
खुली,154
जबरन,125
नोट,140
रिक्शा,112
शोभा,94
दक्षिण,18
तलब,173
पट्टी,100
ग्रेटर,18
स्थलों,139
गाय,69
आपस,96
चाहती,3
सीडीओ,54
कमजोर,24
भाषण,32
बराबर,197
परेशानियों,92
निरस्त,173
मायके,132
हिंदू,136
रखें,191
तस्करी,53
पलट,85
अनियंत्रित,24
टेंपो,112
पहुंचते,42
ऐतिहासिक,188
वंदना,94
पेट,28
विशिष्ट,60
रेट,197
बागपत,35
मेरी,154
दरवाजे,77
खारिज,173
छोटा,117
हैंडपंप,110
बुखार,28
ढेर,62
उसको,64
नाली,198
राह,92
कवायद,6
रहें,191
छावनी,35
नष्ट,6
कप्तान,190
पौधरोपण,68
मशक्कत,92
पश्चात,165
आजादी,27
शिक्षिका,108
शशि,109
आस्था,181
मनाई,44
गाजीपुर,35
कचहरी,35
बनाना,3
बढ़ता,117
घटनाएं,52
हटा,124
ज्यादातर,118
पत्रों,140
खेला,190
दिखाकर,34
आधुनिक,121
उदय,109
प्रभात,109
प्रतिनिधिमंडल,114
उल्लंघन,12
यहीं,64
उठाए,42
प्रकाशित,67
हिंदी,167
मुकाबला,190
एकजुट,6
गईं,88
अमल,173
सहारे,36
उठे,98
सेंट्रल,172
खेलकूद,33
आधे,197
मोहित,109
शहरों,153
हुये,75
कबड्डी,33
संस्थानों,40
बोले,194
अगली,154
अधिग्रहण,162
सास,195
छापा,140
कैंसर,28
मुहल्ले,35
गिरा,85
दिखे,42
लेखपाल,54
खतरे,171
सलाहकार,126
आलू,46
लकड़ी,86
कोयला,86
सड़कें,93
छात्रवृत्ति,108
पोस्टर,140
प्रजापति,26
कुशीनगर,18
अनुरूप,51
भाइयों,195
काटकर,34
संहिता,12
छीन,124
भूख,45
हटाया,124
क्षति,24
पीछा,53
सेल्सियस,197
सूचित,67
उपकरण,67
चित्र,70
रंजिश,96
स्वस्थ,149
अतिथियों,32
सांस,28
नींद,141
सभासद,54
उपजिलाधिकारी,54
अल्पसंख्यक,169
गाली,82
लूटपाट,53
सत्संग,31
बंधक,53
क्विंटल,197
तकरीबन,165
रूपये,111
चाहे,64
हिस्से,118
ठेका,68
प्रांतीय,14
निकालकर,34
निश्चित,51
बदला,124
बचाओ,7
दौरे,114
शांतिपूर्ण,135
बिलासपुर,35
प्रकोष्ठ,4
शोषण,74
नमाज,176
गर्म,156
बुलंदशहर,35
साइंस,172
दबोच,53
मानक,67
जीता,190
गौर,164
नायब,0
नकद,130
कवि,126
महीनों,165
मित्र,134
बढ़ते,42
सर्व,121
महादेव,122
बढ़ोतरी,197
सर्दी,9
वासियों,153
उपलक्ष्य,44
चलें,191
दूबे,26
विवश,6
पंद्रह,97
प्रसिद्ध,126
दशा,24
मासूम,38
मार्गो,93
दाखिला,108
संरक्षक,134
डेरा,35
सेवन,28
सर्वाधिक,129
फाटक,77
मारा,124
नारे,27
गोल,190
नवरात्र,155
पात्र,134
रोगियों,22
करंट,110
उठाई,88
चुने,42
दर्शकों,90
अभय,109
किराया,130
विस्तृत,120
गावों,153
शैक्षणिक,40
नलकूप,110
संस्कृत,167
झुलस,175
तकनीक,1
जेवर,66
मांगें,173
समर्थक,27
पूछे,194
अनुरोध,173
सुख,196
प्रशांत,109
दरभंगा,18
रहकर,42
उठाकर,163
पहलवान,33
सवा,97
निशाना,49
अवस्था,24
समर्पित,105
देगी,170
विदाई,105
वार्डो,54
जनप्रतिनिधियों,19
सर्वसम्मति,114
अति,51
निकाय,4
चलाकर,34
लाकर,34
बारी,5
गणित,40
नतीजा,64
नालियों,198
विषयों,120
व्यस्त,6
आकाश,17
जिन्होंने,118
बनाये,42
महात्मा,31
संदर्भ,142
प्रतियोगिताओं,33
दोस्त,195
दशक,165
गर्भवती,38
चाकू,21
मालिकों,162
स्थगित,173
लाश,10
हाजी,84
इटावा,35
बढ़ाया,124
टोल,93
घुसकर,53
खुल,163
पत्रकार,126
प्लान,106
तालाबों,198
जेब,111
फूंका,174
अवश्य,51
आचार,12
संचालकों,19
परिस्थितियों,95
दबिश,53
कितने,118
टूटी,160
संगीता,94
बैठकर,163
कुंवर,26
जहर,99
पुलिसकर्मियों,137
पुलिया,35
विष्णु,72
बीएलओ,54
टीकाकरण,180
कार्यों,95
वेबसाइट,106
फंसे,36
चलती,13
गन्ने,56
वापसी,173
मैन,102
झंडी,93
फिरोजपुर,35
सिख,136
प्रसव,38
गंदा,62
खाद्यान्न,56
उत्पाद,162
सराहनीय,105
जल्दी,64
दिखाने,182
सूरत,65
गुजरने,93
आएगी,170
जगत,121
यानी,64
हराया,190
मुद्दों,95
संवेदनशील,149
बगल,163
भेजकर,34
रिश्तेदार,195
फीट,197
वैन,102
शिलान्यास,68
दायित्व,73
कैंट,35
जुड़ी,52
पर्चा,140
तस्वीर,140
जाट,58
परिचालन,1
फीडर,110
कराते,75
हेक्टेयर,56
अनुज,109
जताते,164
गला,41
खातून,84
लुटेरों,53
डाले,42
कामकाज,129
सुनी,88
मानना,64
अभ्यर्थी,148
किल्लत,92
मिलाकर,156
आबकारी,0
दंडाधिकारी,178
शोध,40
मारे,137
खुलने,87
देगा,43
मुकदमे,183
ससुर,195
सील,102
घंटा,197
निंदा,168
लगेगा,43
मिलन,189
ध्वस्त,68
उच्चाधिकारियों,19
पथराव,174
तीसरी,154
रेवाड़ी,35
आतंकी,136
निदान,180
सत्य,142
आत्मा,196
लेन,102
विरूद्ध,168
मनोरंजन,5
हकीकत,57
प्रखंडों,54
महासंघ,14
आपराधिक,183
कलाकार,126
लड़के,125
वेद,31
ओझा,109
आला,80
घोटाले,76
निपटने,6
खेलने,33
भागवत,31
सीता,8
साधन,60
पिछड़ा,169
विमल,109
कैबिनेट,114
बवाल,127
नितिन,109
साहित्य,167
मामूली,154
अकादमी,40
चाहता,3
बेच,79
लाई,88
पसंद,185
रजिस्ट्रेशन,106
स्नातक,40
बसंत,109
राज्यमंत्री,114
हवाई,14
जाये,64
गठबंधन,48
गणमान्य,32
विधायकों,114
जानने,182
कहकर,164
रामचंद्र,26
चौथे,71
इंटरनेशनल,172
हर्ष,109
सदस्यीय,4
चार्ज,106
शाही,146
भागीदारी,73
जानलेवा,137
कराएं,191
माफिया,147
आगमन,105
आएंगे,107
मंजूर,173
मंचन,32
पुस्तक,167
पूर्ति,51
श्रद्धा,181
कंबल,66
लिपिक,0
छोड़ने,20
विक्रेता,115
लंगर,139
ताले,77
उतार,66
देखे,42
मिठाई,179
कटान,198
गोस्वामी,109
जलापूर्ति,110
लगाना,3
कारोबारी,115
दिनभर,113
दसवीं,108
जैसा,64
महासभा,114
जलभराव,198
दिलाई,88
ग्यारह,97
तिलक,193
खासकर,64
परंपरा,121
मेरा,64
माल्यार्पण,193
मानते,75
बीबी,195
उपमंडल,54
खुर्द,29
चाचा,195
तब्दील,6
आधी,154
मासिक,130
इंस्टीट्यूट,172
जीटी,112
ऊधमपुर,35
स्पष्टीकरण,142
कोहराम,127
फटकार,174
लोगो,118
प्यार,65
कामयाब,6
कमला,94
पुलिसकर्मी,137
बाला,94
देशों,14
रजिस्टर,140
कूड़े,62
तोड़फोड़,174
दक्षिणी,18
आसान,3
दमकल,137
भूकंप,171
बुलाकर,34
व्यवसाय,162
बाधा,92
आपत्ति,164
होश,158
ग्राहक,162
विधिक,12
जागरुकता,73
अनुराग,109
काटा,124
मजबूती,181
बताने,182
प्रदर्शनकारियों,174
दुख,45
हरकत,174
पहाड़ी,18
प्रतिबंध,173
लिखकर,140
संविदा,148
गुलाब,37
बेटियों,38
प्रमाणपत्र,50
गुजरात,18
दोषियों,183
सटे,18
अधीन,12
वाद,96
वकीलों,119
तोड़ने,182
जेवरात,53
संसद,114
आशीर्वाद,105
पौधों,37
कोहरे,9
जलस्तर,198
शुद्ध,143
चैंपियनशिप,33
रक्त,28
बचे,42
भीम,8
सरिता,94
वादा,6
चलना,3
निभाई,88
प्रतीक,193
धोखाधड़ी,76
ठगी,53
उत्तम,51
बजाए,182
उजागर,76
सवारी,112
पाठशाला,40
लौटने,182
सुबोध,109
उत्तरी,18
सेवाओं,162
दूषित,143
काले,186
अविलंब,173
हमने,64
ऊना,35
बेरोजगार,169
आदिवासी,169
कर्ज,130
बेहोश,10
लाभार्थियों,50
विकल्प,60
बीए,108
जोड़ा,124
वार,21
रसोई,86
बातों,95
गुस्सा,174
बनता,117
लड़ने,20
शहीदों,57
समस्तीपुर,18
संशोधन,12
जरिये,6
गीतों,25
अंधेरे,17
करेंगी,177
पक्का,64
योग्य,51
समुचित,51
चौकीदार,0
पंडाल,139
सराय,35
पुष्पा,94
टैंकर,110
शारदा,94
इन्कार,164
विपरीत,64
धीरज,109
सैनिकों,199
निर्वाचित,114
विलंब,173
कमर,59
ज्ञात,67
सूत्री,4
पेड़ों,37
गिरकर,85
एजेंसियों,162
मकसद,6
नकली,140
दावे,168
तर्ज,5
रोटी,179
प्राकृतिक,60
निष्पादन,67
चिन्हित,67
करोड़,111
अनुसंधान,1
टंकी,110
वासी,18
खोले,42
खुश,98
घनश्याम,26
जिनका,118
सहनी,39
शौच,62
कहानी,167
अड्डा,35
धरती,121
हाजिर,173
लगती,13
उपेक्षा,101
कूद,85
मलेरिया,28
आपको,194
बुझाने,175
पवित्र,61
कचरा,62
सेविका,134
जनहित,73
कुर्सी,163
बनेगा,43
आकर्षक,188
सकारात्मक,60
आकर्षण,188
नालों,198
घूम,163
नारी,125
निष्पक्ष,135
श्रीमती,94
लटका,34
जिनकी,154
बोतल,62
नोडल,4
शिक्षित,169
पोषण,38
धाराओं,95
प्रवचन,61
बुलंद,80
प्रधानों,54
मेजर,0
सीडीपीओ,54
अनुमान,197
रंगारंग,32
रुक,85
प्रकोप,171
निषाद,26
कितना,64
छाया,186
दरोगा,0
कुश्ती,33
प्रभावी,60
लोकतंत्र,27
समितियों,4
अव्वल,80
गंदे,62
विश्वनाथ,26
बांटे,42
नगदी,53
गुरूवार,113
प्रीति,94
बोझ,92
मुख्यातिथि,32
उपाय,180
पराजित,190
भरपूर,91
भार,197
टूटने,87
पूर्वक,181
प्रशिक्षक,33
सर्किट,102
बल्लेबाजी,190
निर्मित,67
धर्मपाल,145
प्रोग्राम,106
बरकरार,150
भेदभाव,123
जनसंपर्क,4
हाथी,81
भरकर,62
काटे,42
कपड़ा,66
अन्यथा,51
पान,46
त्वरित,60
भवनों,68
रुचि,181
इत्यादि,51
फुटबाल,33
व्यय,130
बनाते,75
प्वाइंट,102
झगड़ा,96
पदोन्नति,148
डकैती,53
लगाये,42
समझाने,182
पहिया,112
फेडरेशन,33
हमलावरों,137
लालू,48
सोना,141
लौटा,124
पीढ़ी,121
रेस,33
पूछने,194
बीघा,56
पुख्ता,6
दवाओं,180
आंधी,171
अपेक्षा,51
सुधारने,192
अध्ययन,40
अन्तर्गत,67
जंग,199
सिरे,116
धक्का,85
पड़ोस,195
चिकित्साधिकारी,54
व्रत,131
चतुर्थ,71
लड़कों,125
कच्ची,154
निदेशालय,4
उपलब्धि,91
संविधान,129
गढ़वा,29
इंद्रजीत,145
केन्द्रीय,14
झंडा,193
लहर,103
मंशा,164
प्राप्ति,91
क्षेत्राधिकारी,54
पुजारी,159
उद्यान,18
स्टेशनों,93
तंग,101
चढ़कर,85
आरक्षित,148
खिताब,33
अधिकारों,12
नगरी,122
किलोग्राम,197
धूल,158
छोड़ा,124
अक्षय,90
पीठ,59
जलाकर,175
रंगदारी,53
संस्थापक,126
बहाने,182
स्थानांतरण,67
दबोचा,53
कतार,163
देशी,14
चोटें,137
किंतु,64
वर्षों,165
गलती,164
दिक्कतों,92
डोर,100
सीधा,64
दुमका,18
इन्होंने,64
तारों,17
घाटों,139
परीक्षाओं,108
कर्नल,0
बढ़कर,197
हॉल,77
कहासुनी,174
निर्माणाधीन,68
उग्र,27
ठेके,162
कड़े,20
मौन,189
विधवा,132
जनप्रतिनिधि,114
तबादला,148
दंपती,132
पैमाने,162
रजनीश,109
बुलाई,88
बिगड़,192
आदेशों,12
भंडारी,109
आमंत्रित,67
सुचारू,73
निवासियों,153
मैंने,64
पाक,136
अलाव,175
आरएस,145
मानी,88
गायक,126
उपकेंद्र,110
कारतूस,199
सीटें,48
दबंगों,174
बढ़ाकर,197
कराये,42
आवाजाही,93
हल्की,154
गणतंत्र,44
सुन,98
हृदय,189
आभूषण,70
निरंजन,26
लौटे,42
शेर,81
किराए,130
मंजिल,77
पिछली,154
वसूल,130
इस्लाम,136
संदेह,164
पाती,13
सेवकों,134
कमरों,77
निर्देशों,12
दहन,175
हीरा,2
पकड़कर,20
निशा,94
पर्स,66
ट्रकों,112
उन्हीं,118
तस्करों,53
खोज,142
दाल,179
अनुभव,142
महान,126
मुआयना,163
टकरा,85
चांद,17
संबोधन,32
एड्स,28
गाड़ियां,112
कटाई,56
उतरने,87
आफिस,0
निर्देशित,67
बीईओ,54
मेल,106
पारिवारिक,60
जला,175
कमान,199
गोद,38
महायज्ञ,131
निरंतर,121
परन्तु,64
मतों,48
ताकत,91
अमेरिका,14
गहरा,45
पार्टियों,48
आरोपों,76
भूल,3
चिह्नित,67
शैक्षिक,40
नेत्र,22
स्मारक,193
गरीबी,169
कागज,140
विसर्जन,131
माला,193
इजाफा,197
मकानों,153
भगवती,159
संपूर्ण,121
चुरा,53
निर्धारण,67
इच्छा,164
मजबूरी,92
लाए,42
प्रारंभिक,60
बदहाल,192
ऋषि,31
चूंकि,64
प्रीतम,109
ठेकेदारों,147
अमृत,72
उतरे,42
इंसान,57
खुदाई,68
तमंचा,53
आएगा,43
सकेगी,170
जिम्मा,6
पर्यवेक्षक,4
कितनी,154
बृजेश,26
काशी,122
नम्बर,71
हलका,104
निकाले,42
चौराहों,139
पढ़ें,191
टूटा,100
घेर,163
विशेषज्ञों,119
एलान,173
हितों,162
जिम्मेवारी,73
दुर्घटनाओं,137
हस्तक्षेप,173
उठाना,3
अस्तित्व,121
दृष्टि,142
गुलाम,134
भंडारे,159
उड़ा,158
विपक्ष,114
मचाया,127
बेहाल,10
रसीद,140
सिपाहियों,199
हवाला,173
निशुल्क,40
गौड़,145
मुआवजे,130
कैदियों,183
डीडीसी,54
डाकघर,50
बाध्य,6
कांस्टेबल,0
भंग,173
फौजी,199
मुलायम,104
बाजी,190
अभ्यास,6
पुष्प,37
बहाली,173
भांति,51
सोलर,102
बहस,96
कथित,168
जीतने,190
रजनी,94
अपराह्न,113
मैट्रिक,108
मधु,94
रमजान,176
फैली,160
पुरुषों,125
उदासीनता,45
पर्ची,140
बहनों,195
संचार,1
धारण,67
व्यवसायियों,115
इन्हीं,118
पकड़ी,53
चिन्ह,193
संगोष्ठी,32
निराकरण,133
जुटा,6
पर्यटकों,139
खराबी,110
घटिया,135
दोनो,118
संभाल,124
इंटरनेट,106
मछली,187
आयकर,130
प्रयासों,95
निर्देशन,90
रोगी,22
उठाते,75
आपके,118
भैंस,69
अगवा,53
आखिरी,165
हमलावर,137
चापाकल,198
उठानी,39
पोशाक,66
पहाड़,151
परीक्षाएं,108
शिकायतकर्ता,183
बर्तन,86
धर्मेन्द्र,109
संसाधनों,1
तुलना,197
इमारत,77
सीमित,60
राखी,100
बढ़े,42
उत्थान,73
यूं,65
सेठ,2
मानसून,9
प्रवीन,109
सफेद,186
बनती,13
दवाएं,180
एयरपोर्ट,93
दिवाकर,26
जोड़,20
भोग,196
निर्गत,133
उमड़,157
तीर्थ,122
जीव,99
प्रताड़ित,101
दायरे,12
प्रोत्साहन,105
साक्षात्कार,120
सावन,155
कहर,171
शर्त,164
फरमान,173
कड़ा,20
छिड़काव,156
मचाने,127
ब्याज,130
क्रांति,27
जलाने,175
नवजात,38
निर्णायक,60
लोहे,86
अंदाजा,64
कल्पना,142
बचत,130
गिरावट,197
आतंक,171
बढ़ाई,197
पूर्णिमा,155
प्रोत्साहित,6
जिक्र,164
नक्सली,27
मुसीबत,92
प्रभार,4
कारोबारियों,115
रोगों,28
निर्मला,94
सुना,124
माले,71
विधिवत,131
साधना,189
पीडब्ल्यूडी,68
जिंदा,57
तिराहे,35
सापेक्ष,116
हिन्दी,167
कहती,13
जनजाति,58
कारावास,183
तफरी,127
फैला,124
संकेत,142
बड़ी,154
सघन,116
युवतियों,125
फूलों,37
विवरण,120
हथियारों,199
हिस्सों,118
सम्भल,85
नजारा,188
जनसंख्या,197
अभियुक्तों,183
घटे,197
नक्सलियों,199
बुजुर्गो,38
वृद्धा,38
मिलेंगे,107
प्रिया,94
प्रमंडल,4
उत्तीर्ण,108
बैठी,13
कमाई,111
युद्ध,199
अधूरा,64
वृक्ष,37
केशव,26
इमाम,176
टूटे,42
हलके,186
डंडे,49
कक्षाओं,108
जोकि,64
खामियाजा,101
लावारिस,62
बिल्कुल,64
परेड,199
फैलने,87
नर्सरी,108
जुड़ा,117
नियमानुसार,12
जनसभा,32
शाहिद,84
लूटने,53
सबको,118
कैदी,183
उत्क्रमित,40
निवारण,180
घाटी,18
देखभाल,38
उतरी,160
नदियों,198
छात्रावास,108
निर्भर,51
कीमती,79
चलेगी,170
संभावित,60
मेहमान,134
ट्यूबवेल,110
कोठी,35
उदाहरण,142
सोलन,35
ईमानदारी,181
चलकर,64
झेल,101
गुस्साए,174
अकेले,118
महकमे,0
बीआरसी,54
फैलाने,182
दाखिले,108
प्रकृति,189
कांफ्रेंस,32
प्राचार्या,178
खाक,175
गायन,25
युग,121
किराये,130
बाप,195
प्लास्टिक,62
परिषदीय,108
हरा,186
एजेंट,134
जिसको,64
खतरनाक,135
धीमी,24
कोचिंग,108
रखरखाव,68
वारदातों,74
जश्न,44
अनुपालन,12
समझौते,12
विदित,51
जीतकर,190
आठवीं,71
गोलियां,49
भड़क,98
सन्नाटा,45
कर्म,196
दलाल,134
प्रशंसा,105
डेयरी,69
शिकंजा,36
कुंदन,109
बताकर,168
ट्रेनें,93
दिसम्बर,165
बोली,194
मिलीभगत,76
भ्रूण,38
बारात,132
तुलसी,8
सुनाया,124
सच्चाई,142
अखंड,121
उपेंद्र,26
रखेंगे,107
व्यक्तिगत,60
उर्मिला,94
परिक्रमा,129
अनुशासन,181
कार्यप्रणाली,1
चेतना,27
कपड़ों,66
आगाज,32
अधिसूचना,148
गोला,21
बहू,195
भगा,174
झील,198
ठोकर,85
कर्तव्य,73
चौपाल,54
खाई,85
अश्विनी,109
वजन,197
कुएं,198
सवालों,95
रजा,84
धूम,127
परमात्मा,196
भरोसे,5
नाकाम,6
प्रतिबंधित,67
रवैया,135
गहरी,154
तारा,94
देखना,3
पाएगा,43
करवाकर,34
धनंजय,109
रवैये,135
अर्जी,173
टैक्सी,112
सम्पन्न,51
धारकों,50
टोली,139
बेहतरीन,188
कोट,66
जाल,36
मूलभूत,1
बिक,79
पायी,88
रोकथाम,180
लिखी,88
गूंज,138
शकील,84
डूब,103
जीते,190
रचना,167
वसूला,130
कालोनियों,153
कंचन,94
वैश्य,58
सिद्ध,51
गिरि,31
परिचालक,0
तंत्र,1
निपटारा,173
शातिर,53
विफल,6
बेंच,102
जरूरतमंद,73
कुलवंत,145
स्थानांतरित,67
चालीस,97
साक्ष्य,183
ऐलान,173
मोह,196
पाये,42
सेमीफाइनल,33
रोटरी,102
हिम्मत,164
लगायी,88
इकट्ठा,6
बेरोजगारों,148
हरियाली,37
बनना,3
सावित्री,94
पड़ते,42
चलाते,75
जन्मदिन,44
पुरुषोत्तम,26
रेत,86
हराकर,190
ख्याल,80
कालाबाजारी,76
महकमा,0
वर्दी,66
चहल,139
प्रतिवेदन,133
नौजवान,149
विद्युतीकरण,68
बांटा,124
जायेंगे,107
देसी,14
वैदिक,121
शवों,137
आयोजक,32
गवाह,183
नाजुक,104
शब्द,142
इस्तीफा,173
निशानदेही,53
पदार्थो,143
गुलशन,109
पुस्तकालय,40
दोस्तों,118
सतर्कता,181
खेलते,75
विक्रेताओं,115
हॉकी,33
कन्नौज,35
धांधली,76
समन्वय,1
खेले,190
अंधेरा,17
कीचड़,152
अंदाज,166
शिकायती,133
तमंचे,53
कार्यभार,4
दून,35
आखिरकार,64
जबरदस्त,188
वीरभद्र,114
सौंपने,182
प्रदेशाध्यक्ष,178
निकलना,3
कर्ण,8
कठिन,3
मवेशी,69
मेधावी,149
कृपा,105
रिकॉर्ड,106
दामों,79
जितनी,154
विश्राम,189
वर्करों,19
जंगली,81
दूसरों,196
सर्वेश,26
क्लीनिक,22
चरित्र,142
बीडीसी,54
सीमेंट,86
अबतक,165
मंत्रियों,114
एकमात्र,60
खरीदा,79
स्थाई,60
अश्लील,125
भुगतना,101
हाजिरी,140
खोजबीन,53
मरने,137
बुला,124
पांव,59
नवम्बर,165
मणि,109
करेगे,107
गुणगान,91
सीख,3
नगद,111
सूत्रीय,73
सक्षम,6
नसीब,80
पर्यटक,18
लगवाने,15
छेड़खानी,74
दिखाते,75
बहरहाल,64
संगम,122
शिक्षामित्रों,148
भंडारा,159
बेगम,84
प्रपत्र,133
रिश्वत,111
सब्जियों,46
पार्वती,72
करवाना,185
विभागाध्यक्ष,178
हाट,115
लैस,199
छात्रसंघ,48
सतर्क,24
शासनादेश,148
वरुण,109
व्यास,109
शीतल,94
सुध,192
खंभे,77
रौनक,150
वार्षिकोत्सव,32
चीख,10
भनक,87
उमस,9
युक्त,143
गुमराह,168
भजनों,25
माया,196
वाहिनी,199
सहकारिता,73
मिस्त्री,0
जीने,57
सूखे,104
मीट,102
समीर,109
धंधा,5
क्रियान्वयन,1
प्रसंग,142
बचाया,124
डयूटी,0
मनीषा,94
खिड़की,163
पलायन,171
अनिश्चितकालीन,173
निहाल,2
लंबा,165
तत्व,143
मंथन,142
वेतनमान,148
पुण्य,131
दिखाए,42
उत्कृष्ट,188
निर्वाची,4
नुक्कड़,32
सरसों,46
मानने,182
डालते,75
आराम,141
हरिओम,26
कान,59
संसार,121
मंडियों,115
पड़,39
निराश,98
थोड़ा,64
बाइपास,35
लेनी,39
प्रतिष्ठा,91
पाना,3
रिश्तेदारों,132
राजनैतिक,27
गिरफ्त,53
पुनीत,109
शरीफ,84
रिहा,183
विजेताओं,33
शौचालयों,110
मोहाली,35
रजिस्ट्रार,0
पढ़ाने,108
बुनियादी,60
माफी,173
जानवरों,69
नमूने,70
वोल्टेज,110
हीं,64
लूटी,53
लिख,140
मतलब,64
विवेचना,142
दीवान,146
समर,90
महंगा,79
दुआ,176
जिसने,64
पड़ाव,165
लायक,6
पीटकर,49
झोपड़ी,77
बंदियों,183
उत्साहित,98
बालिकाओं,38
दहिया,145
बांटने,182
सुधा,94
उतारने,182
कागजों,140
महिमा,91
मंडलायुक्त,54
लैपटॉप,106
कोटेदार,54
दबंग,90
जलने,175
टैंक,199
लाना,3
उतारा,124
चढ़ा,124
किताब,140
पुरवा,29
बेदी,109
सैयद,84
अर्थ,142
महर्षि,31
गौरी,94
अस्थायी,60
झगड़े,96
जाली,140
अभद्रता,174
पैदावार,56
वस्तु,116
शून्य,116
सुपुर्द,173
हत्यारों,74
मुंशी,26
वैकल्पिक,60
व्यक्तित्व,149
बीतने,165
आतिशबाजी,44
तरक्की,91
विज्ञापन,162
सेनानी,126
परियोजनाओं,1
बूंद,157
आवेदकों,148
राजाराम,26
जोश,181
गोशाला,69
निर्विरोध,129
कहे,42
शब्दों,120
अंचलाधिकारी,54
चक्का,112
कगार,171
संग्रह,167
अनुबंध,12
रूबरू,105
आमजन,73
हां,64
साधु,61
तड़के,113
हिन्दू,136
अधीक्षण,4
महादलित,169
विनीत,109
बुद्ध,61
नियोजित,1
कदर,65
त्याग,196
प्रशिक्षु,148
ब्योरा,133
नहरों,198
किस्म,60
निकलते,75
ऊंची,154
सुदर्शन,109
नेताजी,134
संकाय,40
प्रभारियों,19
घास,37
पंत,109
बटालियन,199
खातों,50
हफ्ते,165
शस्त्र,199
सार्थक,188
साहिल,109
लुटेरे,53
मार्गदर्शन,105
इसीलिए,64
तादाद,139
आमरण,173
दिक्कतें,92
रुकने,87
तरुण,109
बनेगी,170
प्रेषित,67
कामयाबी,91
चरणों,95
प्राण,121
वादों,95
गिनती,197
घटी,197
सूख,157
उठने,87
योग्यता,91
सनातन,121
शहरवासियों,139
कठोर,135
अंप्र,184
शुभ,155
मनप्रीत,145
पारदर्शिता,181
गंगवार,26
अधूरे,42
पाबंदी,173
सिनेमा,90
दरगाह,176
महुआ,2
उद्योगों,162
सनसनी,127
हवाओं,9
लेती,13
बचपन,38
बावत,133
दशहरा,44
रुपयों,111
हवलदार,0
ऊषा,94
शरद,109
जानकारियां,52
उपरोक्त,120
टिप्पणी,120
निभा,6
उपचुनाव,48
महोबा,35
निबंधन,133
संबद्ध,67
जितना,64
एकल,60
कुसुम,94
अरविन्द,109
जहरीला,99
कराएंगे,107
स्टाल,115
शिवानी,94
सक्रियता,181
खुलासे,76
आशय,142
थानेदार,0
प्रहार,49
मिलों,110
जागृति,73
जगजीत,25
खुलेआम,168
करण,109
जोरों,87
पाएंगे,107
पासपोर्ट,140
हिंसा,74
खाकर,179
झूठे,168
संतुलन,192
कच्चे,46
अभियंताओं,19
बदतर,192
प्रकाशन,67
राजभर,26
असली,57
त्रिवेदी,109
नारा,27
देन,142
विपक्षी,48
चमन,65
प्याज,46
जीना,3
समझाया,124
मसले,96
पृथ्वी,129
कोमल,104
पठन,120
महीना,165
सिलसिले,165
लदे,112
हेलमेट,66
व्यवसायिक,60
दस्तक,171
सर्वश्रेष्ठ,60
पाठन,40
टेलीफोन,106
डूबने,103
बढ़ोत्तरी,197
अपनाने,182
सशक्त,188
झटका,87
मानवाधिकार,27
सिद्धार्थ,109
सर्राफ,26
उद्यमियों,162
काजल,94
वैज्ञानिकों,119
गणना,197
आतंकियों,136
सबक,57
बची,160
पुनर्वास,68
केसरी,109
यानि,64
वादी,136
भटक,42
सिमडेगा,18
अग्रिम,67
बिगड़ने,192
उमड़ी,30
हटाकर,124
तंबाकू,46
मास,155
यंत्र,116
अंग,59
नियंत्रित,67
आवारा,82
भतीजे,195
नींव,77
तर्क,142
प्रतिभागी,33
आतंकवाद,136
अनंत,189
बेकार,82
भट्ठा,86
देवता,72
घुसे,53
कांग्रेसियों,48
पाउडर,104
लक्षण,28
पड़ेगी,39
वादे,48
मुलाजिमों,19
गुटों,96
उल्लेख,67
उपहार,105
भागे,42
देवर,195
इनसे,118
साप्ताहिक,167
पुकार,10
शिक्षामित्र,148
आंकड़ों,120
रोजा,176
परिस्थिति,24
शहादत,57
मोती,186
सिलाई,70
उपलब्धता,1
जानवर,81
पंखे,110
प्रबंधकों,19
लटक,85
हड़ताल,173
उपलब्धियों,95
भौतिक,60
अत्याचार,101
खैर,64
कांस्य,33
बाराबंकी,35
आकर्षित,6
गहन,142
मसीह,61
सपने,57
कुत्तों,81
पाठ्यक्रम,40
कुंतल,197
आंसू,157
गबन,76
मामा,195
निर्दलीय,48
जलाभिषेक,159
गुलाल,186
समाप्ति,165
पलटने,182
आंखें,163
पक्की,154
अभिनंदन,105
सुचारु,73
सीधी,154
ओंकार,109
बरात,132
सामानों,115
मानकों,95
स्वरोजगार,73
निर्देशानुसार,133
दर्शक,90
पीकर,41
भिड़ंत,137
प्रतिमाह,111
क्रिसमस,44
तेवर,166
पौधा,37
सबके,118
पारी,190
लोहा,86
डिमांड,106
स्वतंत्र,60
साध्वी,31
शिरोमणि,31
वस्त्र,66
खरीदी,79
बदली,88
ठहराव,93
धरातल,116
प्रमुखता,142
ताज,77
भोले,159
न्यायमूर्ति,114
जुर्माने,130
पेशी,183
मुकाबलों,33
दराज,18
गश्ती,199
भलाई,73
कृषक,58
सर्वेक्षण,120
शुभकामनाएं,105
कसर,5
जनगणना,129
बोलने,182
चादर,66
इजहार,164
दवाई,180
प्रतिभाग,33
नियंत्रक,4
नाव,103
चारा,69
तोड़ा,20
नीलामी,79
संस्तुति,133
जानते,194
घोर,101
अंकों,120
कारागार,183
उपकरणों,95
निलंबन,173
लगाम,36
साकार,73
बनाएं,191
मच्छरों,99
राज्यसभा,114
बिंदुओं,120
प्यास,175
विकलांगों,50
वस्तुओं,95
लिहाज,64
लूटा,53
तालाबंदी,174
किला,35
कक्षाएं,108
कार्यशैली,181
वक्ता,126
बौद्ध,61
उठी,98
असामाजिक,135
सदैव,51
मुहर,140
चिह्न,193
रोककर,163
पटवारी,0
रास्तों,151
अभिलेख,133
चुप्पी,45
श्वेता,94
जितने,118
नजदीकी,118
भाईचारे,123
बारहवीं,108
पढ़ा,124
स्नातकोत्तर,40
हंगामे,174
प्रज्ज्वलित,175
आजसू,48
संकीर्तन,159
किरन,94
निकेतन,40
कसने,36
आवेदक,50
बर्बादी,171
प्रदर्शित,67
मानवता,57
चंदा,111
बीमारियां,28
बीएसएफ,0
चाह,3
हटाए,42
कल्याणकारी,73
विरेंद्र,145
गुरू,31
कोटे,50
गड्ढों,198
खोलकर,163
सिफारिश,173
साक्षी,121
कोष,1
अहसास,45
कचरे,62
बर्फबारी,9
चक्रवर्ती,109
मित्रों,119
धंधे,5
उपनिरीक्षक,0
आयुष,180
घेराबंदी,199
बांट,124
कार्ययोजना,133
सितम्बर,165
किताबें,140
पढ़,140
बुलाने,182
मवेशियों,69
संतों,61
कांप्लेक्स,172
आंकड़े,120
मुक्तसर,35
बनते,75
कैमरा,106
दंगल,90
नाक,59
जनपदों,18
पूर्वाह्न,113
कुलसचिव,178
पटाखे,86
घूमने,87
धोखा,168
अभियोजन,183
लड़कियां,125
बदहाली,92
अटल,121
अधिवेशन,32
फेंकने,15
खुशबू,150
इजाजत,173
अध्यक्षों,19
मृतकों,137
ईदगाह,35
प्रतियोगिताएं,33
नीयत,168
पावन,44
क्षुब्ध,98
सीडी,106
पीड़ा,45
कापी,140
अवलोकन,67
ऊंचा,197
बैडमिंटन,33
शकुंतला,94
घोटाला,76
ओलावृष्टि,171
मत्स्य,1
आकलन,129
गुजरना,3
अव्यवस्था,92
विचारों,95
बदौलत,91
हौसला,80
दुरुपयोग,76
किन्तु,64
अपहृत,53
फंसा,36
साक्षर,169
तालमेल,96
साठ,97
इच्छुक,6
भंडार,91
पड़ोसियों,195
रंगों,186
स्वर्णकार,58
संकुल,4
नक्शा,18
पात्रों,120
लता,94
दादा,195
आवासों,153
घाघरा,198
खुराक,180
बंदरों,81
गिरे,85
प्रोन्नति,148
माजरा,194
गारंटी,130
रोजी,92
मोहल्लों,139
व्यावसायिक,60
ठंडे,156
प्रतिनिधित्व,67
गहरे,103
लगन,181
दलितों,169
समग्र,60
फेंका,124
विस्फोट,137
सेवानिवृत,148
नववर्ष,44
सजग,149
आराधना,159
प्रदूषित,143
पालिकाध्यक्ष,54
दिखने,87
भोर,113
नैतिक,135
झाविमो,48
शिक्षिकाओं,108
मोटी,154
निर्वहन,73
रद्द,173
सुनते,75
अनमोल,105
जूझना,92
बोरी,62
बर्खास्त,173
नौजवानों,136
दृश्य,188
बैठकों,32
बोरा,2
लैपटाप,106
चिंतित,98
पद्धति,142
कराटे,33
ताल,138
भिड़,20
लेगी,170
कुत्ते,81
चेहरा,186
घटनाक्रम,120
चीज,154
जागरुक,73
पांचों,118
विहीन,121
मंडलीय,4
दिनदहाड़े,53
नवनिर्वाचित,114
हल्का,104
नियत,51
ईंट,86
इनको,118
लाभार्थी,50
आढ़तियों,115
प्रधानाचार्या,108
समृद्धि,91
बिरादरी,58
निखिल,109
आंकड़ा,197
नालियां,198
कुशल,149
सहन,101
सेशन,106
लिखने,182
प्रथा,12
डिप्लोमा,40
गायों,69
लौटना,3
रश्मि,94
बड़े,118
फसलें,56
पिछड़े,169
पैरवी,183
लेखन,167
उठाव,197
मनोनीत,114
निकलकर,163
जरुरत,39
चक्र,116
बोला,194
सिकंदर,84
जोड़ी,90
संभालने,182
अफरातफरी,127
पीस,102
तरस,82
पुण्यतिथि,44
पारंपरिक,60
पिलाने,15
विमान,93
गुना,197
भाजपाइयों,48
संतुष्ट,51
रस्म,132
निराशा,45
चरम,91
कमांडर,0
सशस्त्र,199
नमी,104
ब्राह्मण,58
साधारण,60
पहुंचना,3
जंगलों,153
मताधिकार,48
प्रयासरत,6
जुड़,42
अस्थाई,60
कालीन,70
पसीना,157
प्रतिष्ठान,40
हत्यारोपी,53
वास्तविक,60
चलाना,185
आढ़ती,115
इंसाफ,80
महत्ता,142
फलों,46
मलबा,198
फूट,157
लालच,111
डटे,42
बदबू,99
मांस,69
बतायी,88
गुजरते,163
मंत्रमुग्ध,98
तूफान,171
टाल,173
मुफ्ती,84
प्रेमिका,125
रहित,196
ग्रंथ,167
मुस्कान,150
प्रयोगशाला,40
चौदह,97
गहने,66
कारखाना,86
डंडा,49
दस्ते,199
बंदूक,21
उपनिदेशक,178
जरा,194
मच्छर,99
खुफिया,199
गगन,17
जनार्दन,26
कूलर,110
कोने,163
सूबेदार,0
अघोषित,168
शिष्टमंडल,114
रामनवमी,155
तत्वाधान,32
इसपर,64
अन्याय,101
चौथी,154
खींच,163
क्रीड़ा,189
रामनाथ,26
जुआ,5
संग्राम,27
अनुशंसा,67
आत्म,181
रंगोली,70
उपाधीक्षक,0
भीड़,139
पहुंचेगी,170
खण्ड,4
प्रांत,18
खदान,86
कुख्यात,74
मौर्या,26
नियमावली,12
बदलते,75
भला,194
प्रतिक्रिया,164
किस्त,130
शताब्दी,165
दंड,12
पसरा,45
असफल,6
ऊंचाई,197
ठहराया,124
माफ,130
अभिलेखों,133
अर्जित,91
पदस्थापित,148
संभाला,124
नेपाली,14
अनुष्ठान,131
सचिवों,19
नवनियुक्त,114
शैली,70
सौहार्द,123
इंजेक्शन,180
लोकार्पण,32
जोखिम,24
वसूलने,130
रामायण,167
पक्षी,187
राजकिशोर,26
मधुबन,29
छठी,71
प्रतिवर्ष,197
मंत्र,131
टीईटी,148
नवोदय,108
बिजलीघर,110
सहभागिता,73
आर्मी,199
ध्वजारोहण,32
फेरी,112
लड़का,125
प्रतीत,51
धारक,50
चैंपियन,33
किन,118
संवेदक,116
आसार,87
खुलवाने,15
सावधानी,51
वन्य,81
लगेगी,170
भाग्य,196
आहत,45
प्राधिकार,12
विवादित,96
दूरभाष,4
कहाकि,64
जले,175
घातक,24
सिम,106
महाविद्यालयों,40
रिहायशी,153
बांधकर,100
सालाना,111
गवाही,183
मस्ती,5
उल्टी,28
विमोचन,32
खरीददारी,115
घेरे,163
चौटाला,114
पर्दाफाश,76
माथा,59
अत्यंत,51
आश्वस्त,164
स्कूटर,112
झटके,85
धड़ल्ले,5
संयंत्र,143
दुर्घटनाग्रस्त,137
देवताओं,72
सांप्रदायिक,123
धार,21
सर्राफा,115
अधिशाषी,54
तत्पर,6
पंचनामा,90
कमाल,166
दामाद,195
परामर्श,67
उज्ज्वल,186
बनेंगे,107
रखता,117
लूटे,53
धारदार,21
खबरों,120
संतोषजनक,51
आगजनी,137
निभाने,182
सांप,81
फीता,66
हाथियों,81
एकजुटता,123
निर्दोष,183
सेक्शन,106
नशीला,53
दीक्षा,131
नामित,67
जनजीवन,121
मुनि,31
लौटते,75
बागवानी,56
अल्लाह,176
सगे,195
गढ़,18
चूना,86
तलवार,21
भाईचारा,123
हड्डी,59
थोक,115
लौटी,160
प्रहलाद,8
पहुंचेंगे,107
डंडों,49
देशभर,32
मिजाज,166
बीएन,109
नमूना,70
संक्रामक,28
बुझाकर,174
भड़के,174
खुलकर,164
छापे,140
पहलुओं,95
तबादले,148
बर्फ,9
सौदा,79
तथ्य,142
निबंध,167
लगेंगे,107
लदा,62
रामानंद,31
अध्यापिका,108
मशीनें,110
बांस,86
भास्कर,109
मालगाड़ी,93
तबाही,171
खरीदे,79
सबूत,183
दुराचार,74
आयुर्वेदिक,180
शरारती,82
आरक्षी,0
दादी,195
बहुमत,48
अर्थदंड,130
ब्रज,167
एथलेटिक्स,33
संलिप्त,76
सरयू,122
बढ़ेगी,170
मंगला,94
तत्पश्चात,51
कंपनियां,162
सहायिका,94
गुमशुदगी,53
दुखी,98
कतई,164
कटाव,198
कब्रिस्तान,77
परहेज,6
क्रेडिट,130
बढ़ाए,197
जोड़कर,20
सांत्वना,105
सहज,189
अभिनव,109
आजीवन,121
रौशन,17
पुस्तकें,52
प्रतिनियुक्त,148
सरकारों,119
पक्षियों,187
बिछाने,182
माली,37
आमदनी,111
परंपरागत,60
बेटियां,38
झूठा,168
जैविक,143
अनुपात,197
सुलझाने,96
कार्यदायी,68
सर्वोच्च,14
स्वर,138
कार्मिक,148
समायोजन,116
होड़,87
जनस्वास्थ्य,1
फिल्मों,90
अकेला,117
त्रिस्तरीय,4
समझते,75
छोड़ी,88
ठंडा,156
प्रशासक,126
रस्सी,100
मुश्किलें,92
बंधन,100
कमलजीत,145
नसीहत,80
सबका,64
धुनाई,174
नशीले,143
कोहरा,9
रिश्ते,96
खरीफ,56
फाइलों,140
झांसी,35
तबीयत,192
लापरवाह,135
झड़प,174
छाए,42
ढोल,138
सराहा,124
ब्यौरा,120
बच्चियों,38
उपविजेता,33
नाकाबंदी,199
चढ़ने,87
नमन,105
खोली,88
निशाने,49
लगाएं,191
पांचवें,71
कीटनाशक,143
हाथापाई,174
पढ़ाओ,7
पार्को,153
राजी,6
समर्पण,181
चौपट,192
छठे,71
निष्ठा,181
छुटकारा,92
लगना,3
दीन,176
डीलरों,115
दलालों,147
दिला,124
विस्थापित,153
झाड़,152
अग्नि,175
चांदनी,17
राज्यस्तरीय,33
नवीनीकरण,68
भक्तिमय,189
अनारक्षित,148
इकाइयों,162
टॉप,102
बहने,157
सातवें,71
टीका,180
दस्तावेजों,120
पसीने,157
मातम,44
उर्स,176
गरिमा,181
अखाड़ा,5
मौलिक,60
अदायगी,130
बलिदान,57
प्रताड़ना,74
भैया,195
सौंपकर,124
प्री,172
उपज,56
टेक,102
क्लर्क,0
अमीर,146
जायज,164
मशहूर,126
श्रेष्ठ,149
मुहल्लों,139
प्राध्यापक,126
परमार,109
पेटी,62
घेरा,36
अंबार,62
खामियां,52
बड़ा,64
बडे़,118
निर्माता,126
दिव्य,189
वें,71
खत्री,109
आपकी,154
विचाराधीन,183
झलक,150
खलबली,127
बेचा,79
प्रेरक,188
साझा,67
महंगी,154
पंडा,58
अंतर्राष्ट्रीय,14
घड़ी,163
खौफ,171
खफा,174
स्वयंसेवी,73
तरीका,6
कार्यवाहक,114
घुसने,182
आंदोलनकारियों,27
असुविधा,92
सचेत,24
बहाना,185
त्रस्त,101
मयंक,109
आटा,156
स्वाभिमान,181
भावनाओं,95
पैसों,111
गौशाला,69
भाभी,195
खपत,197
लहूलुहान,10
मंडली,134
अधिकृत,67
जमावड़ा,139
पॉलीथिन,62
गंतव्य,93
बीडी,145
टेम्पो,112
कुपोषण,38
चढ़ाने,15
बिलों,130
रूपरेखा,142
सरल,188
चरस,53
दौड़ा,85
अंजली,94
प्रौद्योगिकी,1
शिविरों,32
मॉल,115
छीनने,182
ताबड़तोड़,49
हर्षोल्लास,44
निस्तारित,133
सरगना,53
पुरूष,125
सबकुछ,64
बनायी,88
दुल्हन,132
कुचल,85
विदेशों,14
सभासदों,54
परिचित,51
बेटों,195
मलबे,198
सैन्य,199
रक्षक,134
तिराहा,35
खातिर,80
चीजों,95
ज्ञानी,149
गोलीबारी,137
उपयोगिता,142
अवशेष,77
व्यवस्थाओं,95
आवेदनों,133
चौकसी,199
जगतार,145
कागजी,140
फंदा,36
खुदकुशी,137
मजबूरन,3
रैन,161
बयां,166
अधूरी,154
पर्चे,140
बंदर,81
शख्स,80
इनकार,164
अफवाह,168
नयी,154
चूक,164
रहेंगी,177
सेतु,68
मंडप,77
कीमतों,197
जता,164
शिक्षाधिकारी,54
रूपए,111
बदलकर,124
नाग,72
रोपाई,56
नौबत,92
बढ़ेगा,43
अविश्वास,164
नामों,120
जोड़े,42
नाते,134
चुप,98
प्रज्वलित,175
गुरदेव,145
श्रोताओं,25
चकबंदी,54
धुन,25
शान,80
परमानंद,26
विधेयक,12
बेहोशी,28
त्रिवेणी,122
पीडि़त,129
दुग्ध,69
इरशाद,84
तौल,197
वैभव,91
बेला,94
खोकर,190
शीतला,159
स्कार्पियो,112
विविध,60
गर्व,105
छत्तीसगढ़,18
संगठित,73
गाड़ी,112
उठता,117
तटबंध,198
सवारियों,112
पुस्तकों,120
सूखा,104
जयंत,109
यौन,125
सदा,121
आहूत,32
छप्पर,77
सड़कों,93
पैतृक,58
बत्ती,112
बादलों,9
अग्रणी,126
बस्तियों,153
साकेत,109
भगदड़,127
शाखाओं,120
उत्पादों,162
पहने,66
सकुशल,51
कुआं,198
गतिविधि,60
हटवाने,15
अनुमोदन,67
जनरेटर,110
चेतन,109
चरखी,21
जमाने,5
चेताया,173
अपराधों,74
मुश्किलों,92
विद्यापीठ,40
सद्भावना,123
कनिष्ठ,0
धरोहर,121
वीणा,138
दावेदार,48
नेट,106
शीर्ष,14
बंगला,167
कठिनाई,92
लुत्फ,5
आड़े,20
साहित्यकार,126
बैंकिंग,1
मुकाम,80
मिसाल,80
क्षेत्रवासियों,139
अग्निकांड,137
प्रतिकूल,24
ओलंपिक,33
चंचल,189
गुस्से,98
जिलास्तरीय,54
चेकअप,22
बाई,2
टूटकर,85
चिंगारी,175
मुकम्मल,80
पोषाहार,38
संशोधित,67
स्त्री,125
पिलाई,88
खुशियां,44
नवनिर्मित,68
हंस,187
जन्मोत्सव,44
शीशे,77
स्वर्गीय,109
बापू,31
मृत्युंजय,109
साड़ी,66
किताबों,140
हंसराज,109
चित्रकला,70
रत्न,193
कामों,95
सृजन,121
पक्के,134
बरी,183
उद्यमी,126
सेक्टरों,162
झंडे,193
असिस्टेंट,0
विशेषकर,64
दिलचस्पी,164
पहलवानों,33
जुगाड़,5
पढ़े,42
दीनानाथ,26
रोहिणी,94
कूपन,50
पुस्तिका,140
कॉपी,140
साढे़,97
प्रयुक्त,67
मात,190
जुटाने,182
भूमिगत,198
पैरों,59
लादकर,112
खस्ताहाल,192
अपमान,101
प्रतिनियुक्ति,148
पीर,176
सरपंचों,54
इशारे,163
खेली,190
आलोचना,142
कत्ल,74
पढ़ाया,124
सुमित्रा,94
मकर,155
ध्वज,193
सस्ते,79
चर्चित,126
मनमाने,135
चाल,5
जन्माष्टमी,155
पढ़ी,88
जननी,38
मुकुल,109
हटाओ,7
समझने,182
झोंक,175
दीवाली,44
रसायन,143
नतीजतन,64
नन्हें,38
रोड़,35
खानापूर्ति,76
पटाखों,115
मानकर,51
सोलह,97
निविदा,133
गतिविधियां,52
जलजमाव,198
सेविकाओं,19
पल्ला,36
आहार,180
कमेटियों,19
भोजपुरी,90
पायल,94
सचल,4
हौसले,80
बजकर,113
फैले,42
तत्परता,181
एहसास,45
वृक्षारोपण,68
जगी,141
उज्जवल,186
नगीना,35
लाईन,93
सुलभ,51
दुर्घटनाएं,52
मूल्यों,95
आयोजकों,119
विरासत,91
उन्मूलन,73
उतरकर,85
सरिया,86
मुठभेड़,137
देशभक्ति,181
वैद्य,180
उदासीन,24
ताक,163
प्रेक्षक,116
भरमार,5
लाइनें,93
घोसी,29
फरियाद,173
रामा,2
मुसलमानों,136
बकरी,69
उर्वरक,56
दफ्तरों,19
प्रेमियों,119
हैदराबाद,14
प्रधानाध्यापिका,54
सर्वप्रथम,129
थमने,87
केरोसिन,110
ग्रामसभा,54
उत्पात,127
कॉलोनियों,153
महाशिवरात्रि,155
कच्चा,46
नौवीं,71
अमीन,84
खस्ता,192
ध्वनि,138
अलमारी,62
संवेदना,45
आंगन,77
बोलते,75
बिरसा,27
पाएगी,170
तबाह,171
व्यवस्थापक,67
वैध,12
शशिकांत,109
आपात,171
लकड़ा,145
विस्थापितों,153
पीटने,49
दस्ता,199
सैकड़ों,118
अखबार,140
समूहों,119
मिलनी,39
बोगी,93
सूचनाएं,52
खादी,66
पौधारोपण,68
प्रधानाध्यापकों,54
अनहोनी,171
परमेश्वर,61
प्रश्नपत्र,108
सलामी,199
पहनाकर,66
बेवजह,82
मिलावट,76
बलराज,2
व्यवस्थाएं,52
सरेआम,74
ग्रस्त,24
प्रभा,94
सभाओं,32
जरूरतमंदों,73
फरियादियों,19
गर्भ,38
सिमट,160
अभद्र,135
अत्याधुनिक,1
इशारा,164
मक्का,176
सुलह,96
गुरुकुल,40
परम,189
अवरुद्ध,24
बनवाया,124
करवाएं,191
लिफ्ट,102
साधा,124
खिलाडि़यों,33
फंदे,36
गुरनाम,145
बुआई,56
बचाई,137
बूंदाबांदी,9
नतीजे,6
प्रतिभाओं,119
आकस्मिक,24
दबाकर,41
विकराल,171
मारवाड़ी,58
बांधा,100
पात्रता,148
विज्ञप्ति,133
बलवान,149
कानूनगो,0
श्रृंगार,189
चाबी,62
घटित,24
टमाटर,46
गर्दन,59
शास्त्र,40
गाकर,25
बहाव,198
अंग्रेजों,146
चुंगी,35
फौज,199
अवहेलना,173
बिंदु,116
मांगपत्र,173
बंदोबस्त,6
अस्त,17
कन्याओं,132
आनी,39
वांछित,51
चलाता,117
बयानों,120
दोस्ती,65
निपटाने,96
अकेली,13
भल्ला,109
दुर्दशा,101
लेगा,43
रेडियो,14
परचम,193
जतायी,164
कड़ाके,9
मोर,187
कुर्बानी,80
प्रदेशों,18
चौड़ीकरण,68
पैनी,154
धक्के,85
नशीली,154
अलका,94
गुलदार,81
चाहा,3
मिटाने,182
जबाव,194
आयुर्वेद,180
अभिनय,90
गाने,25
अर्बन,172
पदयात्रा,32
मिलीं,88
दोष,24
दांव,5
निचले,59
चोटिल,190
सच्चे,149
किश्त,130
उड़ान,158
तारीफ,166
जबरदस्ती,125
नहाने,103
काटी,88
थानाध्यक्षों,54
लीक,76
दामोदर,26
भयभीत,98
वायु,143
मुकदमों,183
कीट,99
विवादों,96
गुणा,197
गांजा,62
गहराई,142
लड्डू,179
एम्बुलेंस,22
तैसे,92
दया,196
बंधे,100
क्षेत्रफल,197
उतना,64
हैरान,98
अभिमन्यु,109
अत्यधिक,24
तुम,7
सहयोगियों,119
रेस्टोरेंट,115
हरसंभव,6
सीखने,182
किस्मत,65
लेखपालों,19
परिवेश,60
सहूलियत,80
संभावनाएं,52
कुरीतियों,123
सेब,46
वरदान,72
महापंचायत,54
चारदीवारी,77
असहाय,101
हावी,24
मध्यम,169
उच्चतर,40
छोर,77
जुड़ने,73
तेरह,97
काव्य,167
अंदेशा,171
बनाम,14
बेखौफ,53
चौथा,71
मशाल,175
पदभार,114
मायूस,98
रोकना,3
फटने,171
अकाल,171
पड़ता,3
पौड़ी,35
शिखा,94
निशांत,109
पड़ी,39
फिरौती,53
लोकपाल,129
दबा,41
बदनाम,168
हुनर,80
पांचवीं,71
दोपहिया,112
उठकर,141
जानकारों,119
लेनदेन,130
मनोबल,181
बुराइयों,123
औसत,197
पुत्रों,38
लेखक,126
गृहस्थी,132
सभापति,114
वरना,64
वापिस,163
नवाब,146
बेरी,2
आंतरिक,60
पासबुक,50
अंगूठी,66
पार्टियां,48
दंपति,132
कैशियर,0
उपवास,131
सियासत,80
भगाने,182
उपमुख्यमंत्री,114
अतिक्रमणकारियों,139
स्वार्थ,196
खुलवाया,34
सपनों,57
खाकी,66
क्रमिक,116
लगीं,88
रोकर,10
चचेरे,195
एंव,1
वास्तव,64
दस्त,28
रिकवरी,106
मायने,142
तहसीलों,19
दावों,95
थमा,34
रुके,42
मुरली,109
बताये,42
सम्पर्क,67
प्रत्यक्षदर्शियों,137
आरोपित,183
वर्णन,142
बताती,13
मेहमानों,132
नवदीप,145
हल्के,104
शासकीय,40
जलाया,175
चलो,7
सरोवर,122
आपका,64
कोषागार,50
जमाया,124
बढ़त,190
सौजन्य,105
खरा,142
प्रारूप,67
नाका,35
राना,84
दोहरे,116
सोम,109
अलीगंज,35
प्रसन्न,98
धुआं,175
नलकूपों,110
दर्शाया,124
महागठबंधन,48
चार्जशीट,183
अनुपस्थिति,24
संक्रमण,28
पौध,56
औषधि,180
जीवित,121
दूभर,3
परवाह,164
प्रतिष्ठित,126
नमक,46
अंतराल,165
रौंद,85
रुका,117
चिराग,17
डूबे,103
महंगे,79
सौंदर्यीकरण,68
परिवारीजनों,132
आध्यात्मिक,61
वर्षीया,38
त्यौहार,44
कड़ी,154
हैरत,98
मूर्तियों,70
गिरते,85
प्रतीक्षा,51
भटकना,3
मातृ,38
देशराज,145
हाहाकार,127
फुल,102
दूरदराज,18
बेशक,64
सम्बोधित,32
फिराक,6
उन्नति,91
आनन्द,189
बिखरा,117
एकाएक,98
रुकी,160
मजाक,158
बहा,157
चौड़ा,152
जीती,190
मस्जिदों,176
रिहाई,183
तफ्तीश,53
अस्सी,97
चकिया,29
सर्विलांस,106
सैलाब,157
अता,176
पावरकॉम,110
इस्पात,86
उपयोगी,60
काका,2
प्रशिक्षुओं,148
वसूले,111
खालिद,84
भरपाई,130
चूल्हे,86
छात्रवृति,108
महापर्व,44
महल,77
चास,55
दिवंगत,126
मैराथन,33
गेंद,190
गुरचरण,145
गोपी,2
शिवाजी,129
प्रज्जवलित,175
शांतिपूर्वक,51
दरिया,103
मानसी,94
प्रभातफेरी,32
मर्जी,5
दिव्या,94
सीटी,138
हटवाया,34
रंगे,186
समाजिक,73
उखाड़,20
मजार,176
सीने,59
निकायों,4
घूमते,75
हरेन्द्र,26
गुड़िया,38
सौर,143
प्रतिष्ठानों,162
अभिनेता,126
तेजाब,74
हॉस्पिटल,22
वृक्षों,37
आत्मनिर्भर,73
दौड़े,85
पहुंचीं,88
खाया,124
बाघ,81
संक्रांति,155
विपणन,1
पटाखा,115
केमिकल,143
ठिकाने,199
जमे,42
दबाने,182
परीक्षक,0
जन्मदिवस,44
हत्यारे,74
हास्य,166
आदत,82
असल,64
बरसाती,9
गणपति,159
सावधान,191
उसपर,64
गेंहू,56
बहल,109
लोहड़ी,44
निर्देशक,126
पूंजी,162
नैन,161
प्रतिमाओं,70
पहलू,142
कमाने,111
मक्खन,179
बैल,69
सच्चिदानंद,31
बेकाबू,174
शुरुआती,165
बस्ते,140
रोते,10
सस्ती,79
गर्मियों,9
असुरक्षित,24
नन्हे,38
झुलसी,175
अग्रहरि,26
आपातकालीन,22
खरीदकर,79
खासे,42
ठंडी,9
धीर,109
मुबारक,105
सजावट,70
पुरोहित,58
टीके,180
रक्षाबंधन,44
छोड़,124
सैर,5
सोचा,64
छोड़े,20
लगवा,34
लाइनमैन,0
वीडियोग्राफी,106
गिट्टी,86
आश्रितों,50
कीर्ति,109
छिपे,42
प्रदर्शनकारी,174
नाके,53
हरिश्चंद्र,26
अप्रिय,135
कारी,84
गयीं,88
शिवरात्रि,155
दीवारों,77
रेशम,104
स्वराज,27
आकार,116
कैमरों,106
उम्मीदें,52
दिलवाने,15
प्रजाति,187
बिस्तर,141
पैमाइश,56
गुम,65
भ्रष्ट,147
कोयले,86
समर्थित,67
आश्रित,60
काफिला,112
मेहंदी,186
सबकी,154
उलझ,96
कतारें,83
औपचारिकता,164
धज्जियां,158
आंशिक,60
दीवानी,65
सीरीज,190
यादगार,188
दावेदारी,48
तिरंगा,193
असंतोष,45
सेंध,53
सृष्टि,121
तेंदुए,81
एक्सरे,22
रिफर,22
शिष्य,31
उधार,130
बंगाली,167
जरुरी,3
कदाचार,76
गुजारा,111
गलियां,83
चप्पे,199
किराना,115
खामियों,95
निष्कासित,173
सुल्तान,84
उनपर,118
ठहरने,51
विश्वविद्यालयों,40
खुशहाली,73
जौहर,90
सच्ची,154
जादू,5
भोज,32
झुग्गी,153
तथ्यों,120
लूटकर,53
सीढ़ी,77
प्रणव,109
अड़े,20
सुंदरीकरण,68
सती,72
पर्दा,163
नेत्री,94
आजकल,64
छलांग,85
होलिका,44
तराई,18
गवाहों,183
प्रखण्ड,29
दिनांक,133
चाहिये,3
मंत्रिमंडल,114
कुंज,35
छतों,16
टकराई,85
सोनम,94
पर्वतीय,18
जमीनों,153
आईटीआई,108
अचेत,10
एसबीआइ,50
सजी,160
ट्रेनर,0
नीम,46
सभ्यता,121
दुरूस्त,192
सलाम,105
गोपनीय,60
पेंच,36
कुष्ठ,28
नजरअंदाज,164
संतान,38
उपप्रमुख,178
अदालतों,183
वायदा,6
जिम्मेवार,135
करीबी,118
प्रश्नों,120
रोके,42
गोलियों,137
आंकलन,142
कंधे,59
समूचे,121
जेठ,195
असमर्थ,6
सिगरेट,62
विदा,105
नोकझोंक,174
राजभवन,114
झूम,25
बसेरा,187
हैरानी,164
काजी,84
महबूब,84
खंडों,120
परिवर्तित,67
हमलोग,64
औसतन,197
मौखिक,60
जत्थे,139
निकलता,117
गैरहाजिर,0
उदघाटन,32
साहस,181
प्रसारण,67
दंश,101
स्रोत,60
लदी,160
बागान,18
बुद्धि,196
कलम,21
तहकीकात,76
सातवीं,71
जुड़े,42
बैठाकर,34
झूठी,168
दशकों,165
मोर्चे,199
शशांक,109
पालकी,193
अलबत्ता,64
तख्त,77
तालियां,138
चना,46
लंबाई,197
दवाइयों,180
रिश्ता,65
कहता,117
सांगवान,145
प्रीत,161
अगुआई,27
माथे,59
नसबंदी,180
ग्रामों,153
पडे़,42
ठेला,112
जलाशय,198
शनि,72
खिलाड़ी,33
दिमाग,82
फर्श,77
नंबरों,106
शीशा,86
नाजायज,168
राजकुमारी,94
बैराज,198
विकासखंड,54
गोदामों,115
अपनाया,124
उगाही,111
बैठकें,32
पट्टा,100
भूरा,186
प्रमंडलीय,4
झेलना,101
डायरी,140
विनीता,94
प्रशस्ति,193
बलात्कार,74
जानकार,126
सस्ता,79
संरक्षित,67
घने,104
संयोजन,116
आईं,88
पहुंचती,13
बंधी,100
सेकेंड,197
निराला,167
दरकिनार,164
लाठियां,49
बुराई,123
रूपी,196
संबधित,133
आत्मदाह,174
सर्द,9
वारंटी,130
उम्मीदों,57
फोड़,152
नगरीय,4
उद्योगपति,126
स्पर्धा,33
रथयात्रा,122
बताएं,194
उपयुक्त,51
डग्गामार,112
निमंत्रण,105
इमारतों,77
कस्बों,153
रखती,13
सम्राट,146
जाहिद,84
राजमहल,146
श्मशान,77
मधुमेह,28
ठिकाना,65
स्वस्थ्य,73
कबूल,164
रूचि,181
बारीकी,142
सृजित,67
अभियोग,183
धैर्य,181
गल्ला,115
दीक्षांत,32
चाक,86
व्यायाम,180
असीम,91
दिनचर्या,131
सम्मिलित,67
स्वयंसेवक,134
उतनी,154
जागृत,141
पुस्तिकाओं,120
आदिवासियों,169
निरंकारी,31
चक्की,86
गेंदबाजी,190
नाबार्ड,4
छीनकर,53
रुझान,142
प्यारे,65
गान,25
मेधा,91
अफीम,180
मनमोहक,188
विभोर,189
व्याख्यान,32
शिथिलता,24
त्रिलोक,109
शर्ट,66
पंडालों,139
चकमा,53
दंगा,123
बेची,79
गिराने,182
मर्यादा,181
दांतों,59
फायदे,46
बंधु,134
चढ़े,85
पोषक,143
छीना,124
बिचौलियों,115
चलाये,42
निरीक्षकों,19
अगला,71
जिनसे,118
तंगी,92
आकृष्ट,51
शिवलिंग,122
पढ़कर,166
चीजें,52
ज्यों,161
पंचायतें,54
झूठ,168
पहुंचाना,3
बैरंग,140
टैगोर,129
प्रचारक,134
कारों,112
सेवानिवृत्ति,148
झूमने,25
करारी,190
तोहफा,105
डकैतों,53
झुंड,81
पड़े,42
खंडेलवाल,109
बताओ,194
पंचमी,155
चहारदीवारी,77
जुबान,166
न्यास,4
सुनीं,88
कृषकों,56
ऊपरी,59
गढ्डे,152
मुनाफा,111
घाटे,130
गोबर,86
अनुकूल,51
संयोग,116
प्रवर्तन,12
दबदबा,190
नक्शे,116
उनलोगों,64
रेलखंड,93
भट्टी,86
संलिप्तता,76
देखें,191
बुंदेलखंड,18
हानि,24
उतरा,85
बेरहमी,74
चकराता,35
इंजीनियरों,119
भूस्खलन,171
हमलोगों,64
अध्यक्षा,178
मिलावटी,115
फंसी,36
ग्रसित,24
बढ़ाना,3
ठिकानों,199
बनवारी,26
मशीनरी,1
रहस्यमय,188
ग्राम्य,167
वाणी,189
नारियल,46
तबियत,192
मंजर,65
धरपकड़,53
अंकिता,94
तीज,44
रशीद,84
मुख्यालयों,4
बखूबी,166
दखल,96
प्रबल,24
उपेक्षित,169
खेप,79
बेचकर,79
निपटा,96
दफा,165
साध,5
छापामार,199
पशुपालकों,69
पेंशनरों,50
सच्चा,149
कष्ट,101
माननीय,114
भरना,3
रिश्तेदारी,132
पंखा,110
निजीकरण,1
प्रधानाचार्यो,19
लड़की,125
बहुजन,27
हरिजन,58
पीपल,37
प्रेरकों,19
दर्दनाक,74
खिसक,85
कटकर,85
जिलाधीश,54
झूमे,25
पाप,196
मिर्च,46
उल्लास,189
बताना,3
हटने,87
करूंगा,144
सीमांत,18
व्यापारिक,162
आयोजनों,32
गृहस्वामी,132
पूर्वोत्तर,18
दावत,176
सुनाकर,166
पते,140
जाग,141
कासिम,84
पढ़ते,75
ब्रांड,162
भागों,18
व्यवस्थित,67
तलाशने,182
ट्रॉली,112
रोकी,88
त्योहारों,44
खर्चा,111
रामलखन,26
अग्रसर,6
ब्रह्मा,72
कांता,94
देहाती,169
सीसे,86
क्रिया,116
वाटिका,37
नौकर,134
कुंभ,122
साधे,42
सफाईकर्मी,47
तबके,169
आपत्तिजनक,135
साले,195
अपनों,65
खटीमा,35
अभिजीत,109
जिम्मेदारों,76
खिलाकर,34
संबंधों,95
सरना,58
मटर,46
फाड़,152
संपदा,91
असमंजस,92
बढ़ाते,75
हेराफेरी,76
अनावश्यक,135
बहनोई,195
परीक्षाफल,108
अंग्रेज,146
वाहवाही,166
भयंकर,171
पीलिया,28
सौगात,65
फेरबदल,173
डालें,191
त्रिभुवन,8
राई,46
अन्दर,118
गड्ढा,198
आफत,171
पिछड़ी,169
आन्दोलन,27
चुनी,88
अर्थात,51
सूखने,156
मेहर,2
मुसलमान,136
बमुश्किल,165
चौड़ी,154
सुस्त,24
परेशानियां,92
प्रस्तावों,95
अनेकों,118
खरे,109
पोखरे,198
जयकारे,159
बकरीद,44
बरामदे,77
निराधार,168
जवाबदेही,12
चिंताजनक,24
वायदे,48
सता,171
तीखी,154
कटा,21
कलह,96
लखविंदर,145
पहुंचता,117
बीजद,48
अंश,120
सांसदों,114
लाएं,191
महानिरीक्षक,0
यापन,73
आशु,109
लोकायुक्त,129
मण्डल,4
ट्रॉफी,33
सैंकड़ों,118
कब्जों,153
राही,167
भागा,117
अन्यत्र,51
मोहर,140
दाग,186
अजीज,84
बौद्धिक,60
प्राय,51
प्रगतिशील,27
डिब्बे,62
पंचम,71
मनाए,44
अराजकता,123
साईं,159
जिसपर,64
दुश्मन,199
अपेक्षित,51
खसरा,28
लटके,85
दिग्गज,126
आचरण,135
पेय,143
दयाराम,26
शराबी,125
कारखाने,86
झुलसे,175
घुसा,85
प्रतिपक्ष,114
करवाते,75
आगनबाड़ी,172
हलचल,127
हेलीकॉप्टर,199
झाड़ियों,37
मुकदमें,183
चौकीदारों,19
पहुंचाई,88
लगानी,39
ग्राफ,197
गोकुल,8
सुगम,51
समाधि,189
वारदातें,74
परवान,65
घाटशिला,18
प्रेसवार्ता,32
सर्वजीत,145
प्राणी,121
कुपोषित,38
जताने,164
उन्नत,60
भतीजा,195
रोचक,188
दंगे,123
धमाके,137
आश्चर्य,98
सचान,109
दायित्वों,95
सज्जन,149
दुबारा,64
नवमी,155
सर्वागीण,73
अनजान,57
जुडे़,42
कटे,42
रोने,10
शिक्षिकाएं,108
फतेह,84
ईमानदार,149
बल्लेबाज,190
अराजक,135
तोड़,100
हरेक,118
बंटवारे,96
आत्मसमर्पण,173
हेमराज,145
बयानबाजी,168
हुजूम,139
मजा,5
जातियों,58
कवियों,119
ऊंचे,118
माओवादी,27
कड़ाई,12
पत्रिका,167
गोवंश,69
छिपा,163
आसन,59
अर्चन,131
शोकसभा,32
निरोधक,180
खंभों,77
सिखों,136
बिकने,79
भट्टाचार्य,109
आनाकानी,173
क्षतिपूर्ति,130
चमक,17
हरिहर,8
भाईयों,195
जसप्रीत,145
बिगड़ी,192
मार्गों,93
गुटखा,115
आधिकारिक,14
दिनहाटा,55
मानसिकता,135
सर्वशिक्षा,40
श्रमदान,68
परिश्रम,91
झाड़ू,62
अरोरा,109
खूंटी,21
कार्यकत्री,54
भूजल,198
माधुरी,94
मानो,64
बैनामा,130
उम्रकैद,183
यकीन,164
ब्लू,102
कटी,160
अवस्थित,18
जलकल,110
बनाएंगे,107
रुकवा,174
कहें,191
छूटे,42
इरादे,6
गुणवत्तापूर्ण,73
मनाते,44
युवराज,190
छाप,140
पल्सर,112
अंशकालिक,148
अध्ययनरत,108
फर्जीवाड़ा,76
दीदार,65
पत्रक,140
एतराज,164
फरीद,84
रास,5
गनीमत,64
फुसलाकर,125
बुझा,175
अनुश्रवण,133
टिकी,160
सुन्दर,188
बिन,161
तरीकों,95
इंच,197
जलवा,150
खेतीबाड़ी,56
भागकर,163
विरोधियों,168
गरम,156
चार्ट,116
पेड़,37
लिंग,59
बल्ब,17
जनों,119
कसा,36
विराट,72
आत्मविश्वास,181
बेचे,79
चेहरों,186
बाजपुर,29
पेशे,126
प्रस्थान,67
गुड़,46
छिपी,160
प्रतिस्पर्धा,33
बेचते,79
शासनकाल,129
मिलें,191
खलिहान,56
दामन,65
भयावह,171
नाट्य,167
बाट,161
जिनको,118
गोमती,122
होनहार,149
खुशहाल,149
पुरजोर,6
अपार,91
वरीयता,67
सुर,25
मैचों,190
दंत,180
वकालत,6
सट्टा,5
टकराव,96
भेजना,185
लपटें,175
हरित,1
अभिकर्ता,4
सिक्के,129
पिलाकर,41
ढुलाई,93
आदेशानुसार,173
युवतियां,125
सुलझा,96
बेसहारा,38
मानवीय,60
महत्वाकांक्षी,149
विस्फोटक,143
आशियाना,153
बोध,142
बराबरी,190
दुपहिया,112
रविकांत,109
खीर,179
शक्ल,80
रसोइया,134
आकांक्षा,91
दबे,42
कर्मजीत,145
दरार,96
फौरन,173
संप्रदाय,61
श्रृंखला,120
ढूंढने,182
प्रसन्नता,45
खोजने,182
बॉलीवुड,90
खजाना,91
रूटों,93
उपासना,131
संग्रहालय,70
श्रद्धासुमन,105
मादक,143
प्रत्यक्ष,60
पारदर्शी,104
राहों,151
रखाव,68
दोहन,91
निषेध,12
रिटायर,0
जीजा,195
मुक्की,174
निर्यात,162
आजीविका,73
मनायी,44
जली,175
बिछाई,88
पच्चीस,97
शिवराज,114
निकटवर्ती,18
दृष्टिकोण,142
दांत,59
कृत्रिम,143
मूर्तियां,83
बेघर,153
लोडिंग,106
लाद,112
भटकते,42
गहनता,142
चिकित्सीय,180
पदम,145
कानों,138
रियाज,84
यंत्रों,16
पटरियों,93
विराम,116
फैंसी,102
शाहगंज,29
पलटी,85
चौड़ाई,197
रईस,146
मरे,137
जीविका,73
दंडित,183
एग्रो,172
विचारधारा,27
अख्तियार,80
पहाड़ों,151
जुर्म,183
वीआइपी,93
मंडलों,19
सशक्तिकरण,73
पुनर्गठन,1
मोड़,85
शीर्षक,120
खंगाला,124
बचाना,3
हितैषी,134
उपलब्धियां,52
गुरुद्वारे,77
समृद्ध,121
किशोरियों,125
पोखरा,122
रूख,5
जुटने,87
वृद्धावस्था,24
भागते,75
डूबा,103
चारपाई,141
परीक्षकों,19
स्नेह,189
ननद,195
आदर्शो,73
खासतौर,64
उपाधि,91
झूला,77
राजगीर,18
विराजमान,159
आंदोलनकारी,27
सिलेंडरों,110
अल्पसंख्यकों,136
कूदकर,85
काफिले,112
मंजिला,77
पाला,124
समझकर,82
नामी,126
माताओं,38
चिकित्सकीय,22
लोकतांत्रिक,27
जोहड़,198
जूते,66
बोधगया,18
टोपी,66
बनवाए,34
चढ़ाया,124
शिकस्त,190
सरकारें,52
थानांतर्गत,55
संतुलित,116
जहमत,182
सहमे,98
मुद्रा,116
स्वाति,94
उपमुखिया,178
संभवत,64
रीति,51
गुत्थी,96
दिलशाद,84
प्रवासी,14
घरवालों,132
रिसाव,143
तपिश,9
सैलानियों,139
सिखाया,124
पुतले,193
लड़ी,20
आजिज,174
नामांकित,67
बलि,131
घाटा,130
बढ़चढ़,32
बदसलूकी,174
चुस्त,149
भरते,75
फेंके,42
विकलांगता,24
पुर,2
नूतन,94
पापा,195
स्मरण,131
प्रक्षेत्र,4
शिखर,193
होशियार,82
अफसोस,164
मायूसी,45
खूनी,74
खडे़,163
मेंहदी,186
यूनियनों,162
श्रुति,94
जख्म,65
फीडिंग,106
कराएगा,43
तीव्र,24
जीवनी,167
शौक,5
कुंडल,21
जलमग्न,198
किसने,129
समझी,88
मोक्ष,196
पट्टे,130
बचाकर,163
खानपान,192
इनामी,33
फहराया,124
खुदरा,115
शेरपुर,29
निर्भय,149
बजाने,138
सुनसान,77
बेबुनियाद,168
वहन,130
हवालात,53
क्षत्रिय,58
किरदार,90
डोडा,35
अभिकरण,4
पत्थरों,151
पुलों,93
धरा,121
महापात्र,109
खिल,37
जगाने,141
झूले,77
आमसभा,32
प्रशिक्षकों,19
भिजवा,34
बनें,191
जनमानस,121
लगवाए,34
स्वाद,179
अंत्योदय,73
खड़े,163
केला,46
तारिक,84
प्यारा,65
चारो,118
पहरा,199
निगमों,162
परे,142
विद्वान,126
जनसेवा,73
जोड़ों,28
रीढ़,59
उठाएं,191
लाते,75
व्यर्थ,196
दरकार,80
उतारकर,66
महक,150
गजल,25
गाजे,138
गृहमंत्री,114
लोकप्रिय,188
कमियों,95
सेनानियों,119
गाए,25
कुल्हाड़ी,21
कारीगर,70
अनियमित,24
द्वारिका,8
आहुति,131
शास्त्रीय,167
इंटरसिटी,93
ढाका,136
समाजसेवा,73
प्रबंधों,95
बजरी,86
पटल,116
ठेले,115
नजीर,84
गुंजन,109
जाप,131
पखवाड़े,165
सटीक,188
निकाह,132
परगना,18
बादशाह,146
संस्थागत,1
स्वामियों,162
घात,116
अनुमंडलीय,4
स्थलीय,14
पत्रावली,133
शतरंज,33
मौसमी,9
अंशु,94
चुन,67
सुनाते,75
दुर्गापूजा,44
पहुंचेगा,43
कूड़ेदान,62
पौराणिक,188
दबकर,85
दिखता,117
पीले,186
कायरें,73
मृदा,143
हत्यारोपियों,183
योगा,180
दौलत,91
मन्दिर,122
फर्ज,80
कुचलकर,85
व्यतीत,51
मांगते,75
गुण,181
बेल,102
अटूट,181
सूफी,61
ऋतु,9
ताजिया,139
पूछ,194
प्रमाणित,67
संस्कारों,95
प्रतिद्वंद्वी,190
संशय,45
सेवादार,134
जच्चा,38
धनखड़,145
फिसल,85
खूबसूरत,188
बैठेंगे,107
रूपया,111
भुखमरी,171
सभाकक्ष,32
कागजातों,140
नहरी,198
सिखाने,182
माहिर,5
सेल्समैन,115
कंटेनर,62
विक्रांत,109
जिम,102
धरे,42
अधीनस्थ,4
चप्पल,66
सीआइएसएफ,0
बनीं,88
अंधाधुंध,5
मोहर्रम,44
एजेंसियां,52
गंडक,198
हजारी,2
मीर,84
उमंग,189
पीला,186
प्रवाहित,121
आदी,5
शहरवासी,139
चिंतन,142
बांटकर,124
जलेसर,35
कबाड़,62
पर्वत,18
करनेवाले,6
भाड़ा,111
सदमे,45
बांधने,100
आधारभूत,1
थाली,179
उतारू,174
खांसी,28
नोटों,140
महंती,26
खिचड़ी,179
धोने,104
सहायकों,119
मुनीष,145
फरियादी,183
दबंगई,174
दोहरी,154
प्रतियोगी,33
बच्चन,90
जोगेंद्रनगर,35
वर्चस्व,123
महापुरुषों,61
कट्टा,21
जनविरोधी,27
हुंकार,171
मोमबत्ती,175
जीवों,99
संगीन,74
शुमार,80
समायोजित,67
हालातों,92
खजाने,111
झमाझम,9
मीठा,46
आंगनबाड़ी,54
डांट,174
नेक,149
सवालिया,166
संरचना,60
प्रभावितों,171
शफीक,84
चरमरा,192
अलविदा,65
सद्भाव,123
खरीदना,79
निचली,154
हेमा,94
नील,109
डुबकी,103
घटा,197
दुष्यंत,109
अन्न,56
खड़ा,117
घुटने,59
एजेंटों,162
मारामारी,127
डालना,185
मैक्स,102
भूखे,10
प्रभाग,4
लाभकारी,60
प्रवृत्ति,142
पधारे,32
तेंदुआ,81
अपराधिक,183
दौड़,33
दही,46
दंग,98
चारे,69
उड़ाने,158
असंतुलित,24
दिलाए,6
पीना,185
सत्यवान,8
खरी,166
घूमकर,163
भ्रम,24
बकाए,130
चिल्लाने,87
कूच,18
कायाकल्प,68
खुशियों,57
संवैधानिक,12
बोलकर,166
मनोरमा,94
बहनें,195
उपद्रव,171
उपराज्यपाल,114
चुनने,182
टकराने,85
आमतौर,118
माओवादियों,27
ससमय,51
आपने,64
सज्जा,70
बैसाखी,44
बीड़ी,62
सिद्धांत,142
गांववासियों,54
क्रांतिकारी,27
प्रख्यात,126
खातुन,84
प्रश्नोत्तरी,120
लगाएंगे,107
सब्जियां,46
उदयवीर,145
कर्तव्यों,129
लपटों,175
बाधक,24
निकालना,3
छाई,160
डोली,2
काटते,75
चूल्हा,86
अर्से,165
स्कीमों,50
कान्वेंट,108
वत्स,109
राग,25
भूगोल,18
बजरंगी,2
लेफ्टिनेंट,0
अंचलों,18
किसके,129
लौटाने,182
सूचक,116
तपन,109
प्राक्कलन,133
जेलों,183
प्रभावशाली,188
शराबबंदी,73
दलील,173
स्त्रोत,60
बुरे,118
गिर्द,151
पहन,66
परिचर्चा,32
आभा,186
जाखड़,145
ज्वाला,175
रची,88
मंत्रोच्चारण,131
घोटालों,76
चरणबद्ध,1
उखड़,152
दूल्हे,132
सांख्यिकी,1
दक्षता,181
वित्तविहीन,108
अरसे,165
झुलसा,175
निकालते,75
तालीम,80
बकायेदारों,19
मूंग,46
देवा,2
आगाह,164
अष्टमी,155
नेत्रदान,73
लौह,143
गजेन्द्र,109
लेंगी,177
दायरा,197
खुलेगा,43
घटने,87
परिधि,116
उपचाराधीन,22
सुशासन,73
प्रीती,94
सिखाए,42
श्रोता,25
उमड़े,30
प्रबुद्ध,149
जौहरी,109
हड़पने,20
कानूनों,12
पत्राचार,120
पीली,186
चुनौतियों,92
खदेड़,20
अतरौली,29
उत्पादक,162
सत्तर,97
बेचैनी,45
उद्योगपतियों,119
सूक्ष्म,116
शायर,126
लथपथ,157
व्यवधान,24
भुइयां,2
पुरातत्व,70
नाटिका,167
अनावरण,193
अनुचित,135
अभियंत्रण,4
चाहत,65
कटवा,34
अंजान,57
प्रिय,189
इबादत,176
नकाबपोश,53
संभाली,88
झरिया,29
जानबूझकर,168
घिरे,42
दुर्भाग्यपूर्ण,135
मूक,121
संवारने,182
औपचारिकताएं,52
भुवन,109
बजते,138
प्रवास,14
रूक,85
एजेंडा,27
बोलबाला,5
जानना,3
दवाब,24
लिखाई,140
ऋषभ,109
बकाएदारों,19
बैरक,199
गंगाजल,62
चैत्र,155
लेखाधिकारी,178
फंसाया,124
अधिप्राप्ति,1
बरसे,157
रिश्तों,57
पंडितों,119
तमन्ना,65
प्राध्यापकों,108
बोतलें,62
अपितु,51
राधाकृष्ण,26
कयास,96
पिलर,77
खड़ी,160
बढ़ना,3
हवेली,77
रहस्य,57
त्वचा,104
शुभारम्भ,32
हिस्सेदारी,162
असलहे,53
प्रेमनगर,35
साधू,61
पलटा,85
सत्ताधारी,48
पन्द्रह,97
पीरो,176
उल्टा,82
संयम,181
रोड़ा,20
सूरी,109
स्क्रीन,106
ठेकेदारी,147
तेरे,65
कांटे,37
फंसने,36
जद्दोजहद,92
व्रतियों,139
शिल्पी,70
फुटपाथों,16
सिरदर्द,28
प्रस्तुतियों,32
पंचों,54
मुनासिब,3
परसा,29
अमावस्या,155
स्थिर,116
बैट्री,110
निखारने,150
खींचने,182
बिगुल,138
निर्धन,169
समझना,3
पात,37
परिणामों,95
आपबीती,166
दरम्यान,165
पिकनिक,44
आहवान,73
खंभा,77
मंहगाई,92
पगड़ी,66
मेजबान,33
गुटबाजी,123
बरसी,44
त्रासदी,171
वालीबॉल,33
अद्यतन,67
संवर्ग,148
पालना,185
लौटकर,163
कुत्ता,81
सानिध्य,189
प्रावधानों,12
वस्तुएं,52
औपचारिक,60
करवाएंगे,107
घोषणाएं,52
दबोचे,53
लटकी,160
कैसा,194
सर्वोदय,27
सांय,113
कक्कड़,109
सशक्तीकरण,73
बेतरतीब,151
उफान,171
रंगीन,186
मुश्ताक,84
आशाओं,95
बनाओ,7
जागीर,146
सोते,141
तुषार,109
नीतियां,52
गुजरती,160
गर्भपात,180
दाह,131
पहनने,66
दूरसंचार,162
सुंदरता,150
छिपाने,182
पकड़,53
संक्षिप्त,120
कांडों,74
समझाकर,174
चर्चाएं,96
देंगी,177
मान्य,67
रैकेट,76
भिड़े,20
शाल,66
फजीहत,174
तांत्रिक,61
विभूति,8
पकड़ा,53
बरतें,191
सजाने,182
सुरक्षाकर्मी,137
बड़ों,38
जोखा,120
उठाएंगे,107
निकटतम,60
अरमान,65
गतिरोध,96
सरोकार,142
टुकड़े,62
छुड़ाने,20
जवाबी,199
अथारिटी,172
पूर्णत,51
धनी,149
बिगड़ती,192
बसर,80
सुस्ती,45
जयकारों,159
एचआइवी,28
तलाक,132
सजे,193
फाइलें,140
परचून,115
प्रवाह,116
दिलों,65
दुर्लभ,188
मोटे,118
पिकेट,0
रोमांचक,188
बुद्धिजीवियों,119
त्रुटि,116
ट्रासफार्मर,110
रासायनिक,143
कोटेदारों,19
उड़ाया,158
आतंकवादी,136
जीवंत,188
देह,196
स्वाभाविक,135
खामी,76
श्रीमद्,31
काज,5
फरोख्त,79
आधारशिला,68
स्टाप,102
नारों,27
भराव,198
भूसा,62
खनिज,143
बासमती,46
निगाहें,160
गलन,9
सदुपयोग,73
रातभर,141
पत्रकारिता,40
खागा,29
सताने,87
रचा,124
चौंकाने,188
ढाणी,55
प्रारम्भ,67
जातीय,123
दिखाना,3
नवाज,84
सुपरिंटेंडेंट,0
लहराया,124
तोड़े,20
ढांचे,1
केंद्रित,6
रोना,185
अथक,91
मनोकामना,159
गेंदबाज,190
गजराज,8
नकलची,82
चन्द,2
उपनगर,18
तपस्या,131
कराता,117
पालीथिन,62
उच्चस्तरीय,14
दुर्गम,18
पीतल,86
सैकड़ा,97
धमाल,127
फैक्ट्रियों,115
जिलांतर्गत,29
बदन,59
शंभु,26
बनाता,117
अर्जन,91
जल्दबाजी,164
बुवाई,56
कुंडी,86
समाना,3
सहमत,164
सूट,66
प्रायोगिक,60
जानता,117
समानता,142
भुक्तभोगी,101
नगरवासियों,139
विख्यात,126
संभल,85
छाता,66
बैठते,75
कमा,111
उस्मान,84
हनन,168
भिन्न,60
पहनकर,66
एहतियात,137
लाचार,101
पीते,75
घोड़े,81
सुपारी,46
बैठाने,182
छुट्टियों,44
बंधा,100
रोजमर्रा,92
परिक्षेत्र,18
मसलन,64
सूखी,104
प्रोफेशनल,172
अध्यादेश,12
आहट,87
गद्दी,146
उतारी,88
बहता,157
प्रयोगात्मक,60
अनाथ,38
मतभेद,96
छापने,140
किसे,129
खर्चे,111
विकट,92
गुरुजी,31
दहाड़े,53
सोचने,182
सतवीर,145
कपास,56
शाहबाद,35
ब्लास्ट,137
लगवाया,34
अखाड़े,5
चौसा,55
हिंदुस्तान,136
सुर्खियों,96
जहरीले,99
खिलाने,15
भुगतने,101
इंसपेक्टर,0
ढांचा,1
घनी,154
चिलचिलाती,9
पालकों,69
दर्शनों,61
किनारों,151
शीतलहर,9
नाश्ता,179
चुराने,182
सूचियों,120
नान,179
बाथरूम,163
ठेस,164
निकलती,13
वैवाहिक,132
दिलचस्प,188
कृत्य,135
सनसनीखेज,74
बुलाए,42
मूलरूप,167
बकायदा,140
अबकी,48
जाओ,7
थानान्तर्गत,29
अमलीजामा,66
फलदार,37
हिमालय,18
नाना,195
भूतपूर्व,126
गम्भीर,24
दाने,46
पतंग,158
वैली,102
पुत्रगण,145
फलस्वरूप,51
खोखे,62
सुकून,45
रखनी,39
गायिका,25
जगजीवन,26
संदिग्धों,137
बांसी,29
राजभाषा,129
सोचना,3
दलदल,198
तिल,46
भिखारी,134
ड्रामा,90
खुलते,42
गमगीन,10
कामगार,169
ठहराते,75
पहुचने,182
दिलाना,185
लम्बी,154
दिखायी,39
कुरान,176
बैठना,185
थैला,62
कहावत,82
सांकेतिक,60
गुफा,122
दूंगा,144
वनों,153
नाच,25
पंपों,110
दार्जिलिंग,18
घोड़ा,81
शशी,94
कामगारों,162
जुल्म,101
बेहतरी,73
बखान,91
ज्ञापित,105
भेद,123
बिस्कुट,179
तरजीह,80
याचिकाकर्ता,173
बैद्यनाथ,122
मयूर,109
मुल्क,136
चर्चाओं,96
प्रलोभन,196
गाते,25
सत्याग्रह,27
खेमे,48
रोहन,109
नीलकंठ,122
छोड़ना,3
शिवालयों,139
सादा,149
बेमियादी,173
अनामिका,94
बुआ,195
सौतेला,195
विंध्याचल,122
तकरार,96
धर्मराज,8
आंवला,46
लात,49
महफूज,80
वंश,58
सुजाता,94
दफन,57
विलास,189
हानिकारक,24
अनिवार्यता,142
रहमत,176
प्रकाशोत्सव,44
चुनार,35
बीर,2
मिष्ठान,179
दिवाली,44
हटवा,34
मातहतों,19
निगल,41
सामग्रियों,120
इतर,142
गुरुदेव,31
पहर,113
जनवितरण,1
संजीवनी,180
लड़ाई,96
वृहद,1
समरसता,123
घुसपैठ,136
धमकियां,174
विक्षिप्त,24
गोपनीयता,12
पाठ्य,40
मेहरबान,80
रैंप,90
सेवायोजन,4
कराएगी,170
पहना,66
समीकरण,116
पालियों,16
सरैया,29
प्रदेशभर,19
दुखद,24
आठवें,71
अखंडता,181
पॉलीटेक्निक,40
फिल्में,90
घबरा,98
संचालिका,94
देय,130
टकराकर,85
धमका,53
लगाव,45
नित्य,131
आपत्तियां,52
मैदानी,18
कर्मवीर,109
बिछा,163
उल्टे,82
रखेगी,170
त्राहि,171
पौष्टिक,180
शौकीन,5
दरें,197
सिक्का,193
भौगोलिक,60
समझे,42
एकादशी,155
विनायक,109
उछाल,85
निभाते,75
करतब,5
रेफरी,0
निर्वाचक,48
रामवृक्ष,26
बीआरपी,54
बक्से,62
धमकाने,174
अनुमानित,197
ढ़ाई,97
ग्रामोद्योग,4
पलक,94
बली,8
मुख्याध्यापक,108
सर्दियों,9
अनाधिकृत,67
विषम,24
जानबूझ,168
विद्यासागर,31
हटाना,3
मुस्लिमों,136
मस्त,5
शगुन,132
ढोने,62
प्रांतों,14
कार्डधारकों,50
धूरी,116
काल्पनिक,60
गुजरा,117
अनवरत,121
सौभाग्य,105
बांधे,100
जानमाल,171
कुंडली,71
देखेंगे,107
ईनाम,111
कम्युनिटी,172
मुस्तैदी,181
गल्ले,115
अन्नपूर्णा,159
त्रिलोचन,26
गालियां,174
घंटी,138
दूरस्थ,60
सोए,141
गुजरे,42
मारते,75
रसोइयों,19
मोबाईल,106
कीड़े,99
नैतिकता,181
कार्यान्वयन,1
औचित्य,142
बेमौसम,9
अपनाई,88
अभिनेत्री,90
नकारात्मक,135
उतरते,85
इंजीनियर्स,172
ससुरालीजनों,132
मंदी,171
फर्जीवाड़े,76
गिराया,124
झूमते,25
बदलना,3
कुलभूषण,109
रिक्शे,112
लटकता,117
खट्टर,109
कैफे,102
शाखाएं,52
देवाशीष,109
केवट,8
उबाल,156
हकदार,6
किले,77
करवट,141
साधनों,95
अहमियत,80
टोनी,102
मसला,96
बचना,3
छूटने,87
ताऊ,195
वचन,196
अनुबंधित,67
धोखे,168
अंगुली,59
नलों,198
ढूंढ,42
ज्वालामुखी,18
आदान,67
चुराकर,53
परिचालकों,19
मनमर्जी,5
निभाया,124
भट्ठों,86
वार्डेन,54
सुखद,188
आपत्तियों,173
कर्बला,176
बुद्धिजीवी,126
उठती,13
आएंगी,177
रिचार्ज,106
खोखा,86
तान,138
बिन्दुओं,120
वाजिब,164
भंडाफोड़,76
लगाता,117
केसर,46
अभिरक्षा,183
अर्थव्यवस्था,1
गुलाबी,186
अंधकार,17
जीरा,46
जलती,175
तेरा,65
दोगुना,197
श्रेया,94
गिरता,85
बिगाड़ने,192
दैवीय,72
सूचनाओं,120
बीएसएल,172
हुड़दंग,127
ढलते,17
बीघे,97
रेलमंत्री,114
चौकियों,199
वर्षगांठ,44
तानाशाही,27
हिंसक,135
परत,104
गुणों,95
महफिल,25
घोल,156
निवेशकों,162
वित्तमंत्री,114
ढक्कन,62
खटखटाया,173
मौज,5
अवमानना,183
बनाएगी,170
मंत्रोच्चार,131
टेकने,49
दूल्हा,132
ज्योतिष,180
बानगी,166
मेघा,94
अमूमन,118
कढ़ाई,70
शॉल,66
सोया,141
पर्दे,90
उद्भेदन,116
मिलेंगी,177
पीटना,185
महारानी,146
लड़कियों,125
थानेदारों,19
स्तुति,105
कक्षों,77
समितियां,4
अनियमितताओं,76
व्यथा,45
सम्बन्धित,129
टांग,21
लोकप्रियता,91
जबर्दस्त,91
नाकेबंदी,199
ठगा,117
बुजुर्गों,38
विस्तारपूर्वक,120
बजा,138
शराबियों,139
बंजर,56
छटा,150
प्रण,73
कसी,36
गाया,25
हैसियत,80
खुदा,176
गोताखोरों,103
सुअर,69
इकलौता,64
निबंधक,178
मौतों,137
क्रमांक,133
रामराज,26
जुटाई,88
नयन,161
जस्सी,2
फूंकने,182
स्वर्णकारों,63
आकाशीय,116
सकेंगी,177
आयाम,116
जलवायु,1
पक्षपात,135
गुंडा,147
राष्ट्रपिता,134
खामोश,98
ख्वाजा,84
आक्सीजन,143
बरते,164
घटती,197
प्रसारित,67
लाटरी,111
दमखम,190
प्रायोजित,67
हिंदुओं,136
कथावाचक,126
जांचने,182
अतिसंवेदनशील,24
जोड़ना,3
घंटो,165
मदरसे,176
क्षण,189
अक्षर,116
खुलेंगे,107
कुछेक,118
प्रतिद्वंदी,190
एकादश,71
खिला,41
डायन,125
सलाखों,36
मिठाइयां,179
मोहलत,173
चोरियों,76
छाती,59
दीर्घायु,105
बटन,106
ब्रह्म,72
तेरी,65
नीली,186
बरस,97
तकलीफ,92
उड़ाए,158
आमंत्रण,105
बिगाड़,192
पशुपालक,69
नाकाफी,6
पहनाने,182
नाबाद,190
सबों,105
सन्,165
जटिल,60
नुमाइश,80
तीर,21
मुखातिब,98
कर्मकार,58
कतरा,157
लड़ा,20
दिनकर,109
शौर्य,181
लेख,120
सुखी,149
सब्र,80
असमर्थता,164
मसाला,179
त्रिलोकी,26
उड़ाई,158
साख,130
अनिश्चित,24
प्रचंड,171
तांडव,171
गिरिराज,31
कोटि,116
चढ़ाकर,193
सरासर,168
संलग्न,67
खोया,57
गवर्नर,114
गोलमाल,76
फौजदारी,183
हर्षित,98
नौकरियों,148
घोषणाओं,95
काटना,3
प्रैक्टिस,22
एयरफोर्स,199
भागी,85
मजीठिया,0
संपादक,126
घेरने,182
भावभीनी,105
तनावपूर्ण,24
वजूद,57
रखवाली,199
स्वावलंबी,73
खींचतान,96
हल्दी,46
थप्पड़,49
मालाओं,193
मोटरसाइकिलों,112
कार्पोरेशन,172
उड़े,158
अतिशीघ्र,51
मिलाप,123
नमो,159
संभावनाओं,95
साहित्यिक,167
टेढ़ी,154
हथियारबंद,199
सीढि़यों,129
नस्ल,69
पाइपलाइन,110
मुकुट,193
दुर्भाग्य,64
सुरक्षाकर्मियों,137
सुरंग,93
शीत,9
डलहौजी,35
इज्जत,80
दर्शाता,142
एकतरफा,164
रिवाज,132
गुंडागर्दी,74
मैया,159
ट्रालियों,112
मापदंड,142
नाथनगर,29
पंथ,61
सफाईकर्मियों,47
मिलाने,182
जगपाल,145
जानें,191
कटाक्ष,166
भीख,111
तकनीकि,1
दौड़ते,85
अनुदेशकों,148
परिवारीजन,132
स्वयंसेवियों,119
हिलसा,18
दीदी,195
मिलाया,124
दंगों,136
चढ़ाई,199
हाकिम,84
कुलश्रेष्ठ,109
पुनर्निर्माण,68
मोटा,104
प्रार्थनापत्र,133
उच्चाधिकारी,0
जया,94
समझें,191
हलवाई,179
साबुन,104
फकीर,134
नजरें,163
खेलना,185
स्वदेशी,14
भयमुक्त,73
हीलाहवाली,76
भाषाओं,14
उच्चतम,60
जनजातीय,129
बंदरबांट,76
संग्रामपुर,29
आत्मसात,142
सांई,159
अनुदानित,40
बाहुल्य,58
भतीजी,195
सटा,163
आतंकवादियों,136
विक्रय,130
धुएं,175
पकड़े,53
झोला,62
चैतन्य,189
पर्यवेक्षिका,178
तल्ख,166
गहमागहमी,96
झूल,85
सौंदर्य,189
बही,140
थोड़े,118
रानीखेत,35
शिशुओं,38
दक्ष,149
मस्तिष्क,24
खंडहर,77
अव्यवस्थाओं,92
धनघटा,55
पार्लर,102
सम्पूर्ण,121
कसबा,29
पालक,46
धराए,53
नाटकों,167
झांसे,168
चलाएं,191
मुसाफिर,65
प्रसूता,38
पड़ेंगे,107
अपनाना,3
धमाका,137
पैंट,66
उपायों,95
मानचित्र,18
पायदान,71
गांठ,100
अहंकार,196
कनेक्शनों,110
दौड़ने,87
जलाई,175
मनचलों,125
वास्तविकता,142
निवासीगण,55
दिखती,13
उपद्रवियों,137
क्रिकेटर,190
जनजागरण,73
कट्टे,86
पर्यवेक्षण,1
आगोश,141
हेलीपैड,93
कम्युनिस्ट,27
शुभकामना,105
धनुष,21
प्रतिपूर्ति,130
प्रजातियों,187
जहाज,103
पखवारा,44
बेबस,10
भेजें,191
पत्ते,37
शिवपूजन,26
आंध्र,18
अपनाकर,191
उपजाऊ,56
बैठाया,124
किशोरों,38
कांति,94
नकार,164
लाभदायक,51
पाटिल,109
शूटर,33
बनाती,13
वैसा,64
जूता,66
रेप,74
उद्देश्यों,95
अकेडमी,172
समता,129
उठते,98
ठगने,168
खलील,84
चाट,179
चुकाने,130
प्रशस्त,6
बेचना,79
हड़ताली,47
झेलने,101
पालिसी,172
इचार्ज,106
कांफ्रेंसिंग,106
अपनाए,42
रेलकर्मी,47
दबी,160
रचनात्मक,60
इकट्ठे,42
राजस्थानी,167
कदमों,151
इस्तीफे,114
हालचाल,194
चौंक,98
पूर्वजों,58
चलेंगी,177
सामंजस्य,142
गुंजायमान,138
मासूमों,74
रिमझिम,9
किनारा,103
उमड़ा,30
बूढ़े,38
गंवा,190
पारिश्रमिक,130
इसरार,84
विडंबना,142
जागो,7
महाआरती,159
जनाधार,48
रेडीमेड,115
शिवानंद,31
बंगले,77
दारू,5
आदर,105
विभाजन,123
धमकाया,174
मलिन,196
बुनकरों,70
मंडरा,171
जलाए,175
मैकेनिकल,172
लश्कर,136
पत्रांक,133
मन्नत,159
माइक,102
तदर्थ,148
अद्भुत,188
सुखराम,26
सभाएं,32
सीखा,124
अदद,80
थैले,62
महामाया,72
दिव्यांग,38
असलहों,53
ज्ञातव्य,51
अनापत्ति,133
कॉरपोरेशन,172
गाना,25
उत्खनन,68
रेलगाड़ी,93
नाता,123
पोर्टल,106
मुर्गी,187
नाश,196
कंधों,59
बटोरी,88
कमजोरी,24
अक्षम,24
सिफारिशों,173
कराह,10
होम्योपैथिक,180
भंडरा,55
कांटा,21
उपकेन्द्र,4
टूरिज्म,172
बोरियो,86
कविताओं,167
घटक,60
साक्ष्यों,120
आखों,157
तालियों,138
कुर्सियां,83
विषयक,120
हराम,176
कठिनाइयों,92
व्यंजन,179
बेमानी,64
अपमानित,101
निकास,198
देखिए,194
चलेंगे,107
बताता,194
बनवाकर,34
खींचकर,163
त्यों,161
भीड़भाड़,93
मानिक,109
सीमाओं,95
वरिष्ठता,148
आत्मरक्षा,199
मानती,13
चलन,5
माप,129
अटैची,62
तिहाई,197
कतिपय,118
अनभिज्ञता,164
आंगनवाड़ी,4
ठगे,42
पिछड़,169
अनुदेशक,148
सांझा,6
नीले,186
असंभव,3
कारीगरों,70
चौथ,155
बन्द,185
भावुक,149
सुरभि,94
कबाड़ी,79
बढ़नी,39
एकड़,56
जेईई,108
दलबल,55
लगवाई,88
कोशिशों,6
संपति,130
मार्कशीट,140
कराती,13
बॉल,102
ढीली,39
उपदेश,61
ढेरों,118
प्रशिक्षणार्थियों,108
जालसाजी,76
दिमागी,24
भूमिहीन,169
छूने,87
इंसानियत,57
छेड़ा,20
शर्मनाक,74
चाही,39
हिल,102
सोमा,94
खोद,198
आजतक,64
श्रावणी,155
सौंपते,173
जुकाम,28
क्षमा,105
चपरासी,0
रंगमंच,167
पम्प,110
पिला,41
लेखाकार,126
रचनाओं,167
व्यवहारिक,60
सुधरने,192
ऊंट,81
मेवा,179
टीसी,0
आश्रय,196
जूझते,92
लोकगीत,25
वाचक,167
समेट,163
हरकतों,95
महादलितों,169
पुष्टाहार,133
स्वभाव,149
चित्रों,120
स्वेटर,66
औषधीय,180
तृतीया,155
छोड़कर,42
पाठ्यक्रमों,40
बोरियों,62
कुचला,85
जनसमस्याओं,19
फायदेमंद,46
परिणामस्वरूप,24
बीवी,195
भाड़े,20
यथा,51
कीमतें,197
प्रतिरक्षण,180
निगमायुक्त,54
वर्गीय,169
नवयुवक,149
ननिहाल,195
पागल,82
बच्चू,2
प्रियदर्शी,109
बालकों,38
सम्बन्ध,60
अनुमोदित,67
शीट,140
प्रविष्टि,67
कैरो,2
विवेचक,183
गजब,166
गदगद,98
तवज्जो,80
भराई,62
मनाना,44
परियोजनाएं,52
रौंदा,85
शिशिर,109
कंधा,59
रंगा,186
एथलीट,33
हबीब,84
तापस,109
मुगल,146
जिसमे,118
नीलाम,79
पूर्णाहुति,131
उन्नयन,1
भागीरथी,122
जोड़ने,182
सिद्धांतों,95
हार्दिक,105
भयानक,171
करोड़ों,111
कुम्हार,58
बनानी,39
मीठे,46
बुनकर,70
सुबूत,80
संभाले,42
पखवाड़ा,44
कौम,80
सेवादल,32
प्रस्तुतियां,52
यथावत,121
उतारे,42
कोरी,2
प्रदेशीय,14
संगीतमय,25
भरवाने,15
सजाई,88
राजनेता,126
झोली,111
वास,72
घेरकर,49
सहेली,94
राजनेताओं,147
चोक,110
मदरसों,136
मतपत्र,140
घिर,171
डरा,117
बेचैन,98
राशनकार्ड,50
हंसी,166
बुझाई,175
उन्होनें,64
अपनाते,75
घूस,111
दोहरा,116
सभ्रवाल,145
लोकदल,48
रामानुज,31
विटामिन,46
थाम,85
बाड़ी,56
नाज,80
हरकतें,166
ख्याति,91
बिसौली,29
अतीत,57
रंगाई,70
शिवालय,122
धोबी,58
पूंजीपतियों,147
उलट,64
सवेरे,113
पिलाया,124
वारिस,134
पीडि़ता,74
मूकदर्शक,174
बचें,191
मौसी,195
ढाबों,115
राष्ट्रवादी,27
घटकर,197
चौरासी,97
हटकर,142
जिम्मेदारियों,95
विवाहित,132
लगनी,39
खरीदारों,115
असंगठित,169
कर्ता,51
अराजपत्रित,148
भेजते,75
अवरोध,24
निंदनीय,135
लुटेरा,53
पत्ता,46
रखीं,88
प्रादेशिक,14
माघ,155
गूंजा,138
समतल,116
दलहन,56
बजाकर,138
अजब,65
विषाक्त,143
व्रती,131
कव्वाली,25
शिशुपाल,8
जिन्हे,118
जैव,143
हकीम,84
पदोन्नत,148
आत्मिक,189
भूत,57
दोहराया,124
सेमीनार,32
चलीं,88
अटका,117
अध्यात्म,61
छुट्टियां,44
मदनलाल,26
साधकों,61
सुनाए,42
सैल,102
महाभारत,121
ठगों,53
कुरावली,29
बाड़ा,152
छठा,71
उत्साहवर्धन,105
निश्चय,51
गेंदों,190
आशाराम,26
वाह,166
व्यस्तता,92
साया,65
मुर्गा,81
भ्रूणहत्या,74
विसर्जित,131
खरीदते,79
महासम्मेलन,32
शीतकालीन,14
उपसमाहर्ता,178
काश्तकारों,56
आभूषणों,70
पर्यवेक्षकों,119
सिवाय,64
शीश,159
अभियोजक,183
बच्चो,38
लिंगानुपात,38
श्यामसुंदर,26
बंटवारा,123
उच्चारण,116
छिन,101
निष्क्रिय,24
नवविवाहिता,132
मुनीम,2
चोटी,21
मधुकर,26
क्षय,28
प्रगट,164
नानी,195
अंधविश्वास,123
लाठियों,49
तस्वीरें,52
समीपवर्ती,18
जुड़ी,154
डाकघरों,50
फैक्स,106
साधते,75
चढ़ी,160
उतरेंगे,107
इसने,64
प्रचलन,5
परमाणु,143
लीवर,28
टिकटों,140
पत्ती,37
इलेक्ट्रॉनिक,106
अल्प,51
बिजेन्द्र,145
चने,46
जुड़कर,73
स्वर्ग,72
अनुपमा,94
विनाश,171
बनवाई,88
संचयन,116
अभिशाप,101
असलियत,76
पढ़ती,13
ईटों,86
भूना,156
बेअसर,6
गायकों,25
पार्थिव,121
कार्यवाई,173
कार्टून,166
उद्धार,196
शीशम,37
खदानों,86
विशेषता,142
पुताई,77
अनुसरण,67
स्टेशनरी,140
होनेवाले,118
आंदोलित,45
विद्यानंद,31
अंतरिम,173
विद्वानों,119
आंखे,163
करायें,191
निर्मली,29
गोरा,186
घटतौली,76
धूम्रपान,28
बागवानों,56
डेरे,77
तबतक,64
शिक्षामंत्री,114
पंक्ति,167
साहित्यकारों,119
झपट,85
ताकतों,27
अपात्र,50
प्रेषण,67
संकल्पित,73
किसानी,56
कटवाने,15
ठंडक,9
फुटकर,115
सदी,165
लुभाने,182
चश्मा,66
भांजे,195
पैगाम,176
जमानती,183
गानों,25
बारादरी,35
लाडली,38
सुई,21
पड़ोसी,195
हर्षवर्धन,109
दिहाड़ी,111
चंपत,53
करुणा,189
किसकी,129
प्रणाम,105
समुद्र,103
निर्बाध,121
अमूल्य,91
सुश्री,94
खानी,39
मांझा,21
नदियां,198
ढुल,145
तैराकी,33
कैसी,194
संक्रमित,99
स्वेच्छा,73
सीआइडी,0
नियुक्तियां,148
सतगुरु,31
मुकर,164
मचाते,127
करतूत,74
राजेश्वरी,94
भीमसेन,8
गहलोत,114
इक्का,2
समुदायों,58
गरमा,96
खिलौने,70
रासलीला,5
लाये,42
उठाये,42
ठेकों,76
सपरिवार,105
दौड़ाकर,85
फूस,86
म्यूनिसिपल,172
ढिलाई,76
कटोच,145
जायें,191
निपटारे,96
योगाभ्यास,131
चुपचाप,163
बेतहाशा,197
निवासिनी,94
संतोषी,159
छेड़,20
शक्तियों,95
यथाशीघ्र,51
भट्ठी,86
व्यवसाई,115
टालमटोल,173
पढ़ता,117
आमलोगों,119
किन्नर,125
रखेगा,43
पहाड़ी,18
धुंआ,175
प्रतिबद्ध,6
हड़प,20
परमहंस,31
बर्तनों,86
मुहूर्त,131
सहसचिव,178
स्रोतों,120
बदलवाने,15
शंका,164
मोहताज,80
लीची,46
निर्वाह,73
निभाएंगे,107
पढ़ना,3
उत्सुकता,45
नाममात्र,130
सदियों,121
शक्तिपीठ,122
कूड़ा,62
मानों,116
कलाई,59
कसरत,5
सत्यापित,67
मालिकाना,162
भूगर्भ,198
हमलों,137
तनख्वाह,111
फिसलने,85
हाय,82
कविताएं,52
साधक,31
तोले,97
उपमुख्य,4
वृद्धों,38
चालीसा,159
कारखानों,162
जगरूप,145
जानकर,98
बीजों,56
बिखर,85
घमासान,96
चहेतों,147
कनपटी,59
भूरे,186
अधिकाधिक,51
लीलाओं,189
अपूर्ण,51
सर्वोत्तम,60
मरा,10
मुझसे,194
मिट,57
वैसी,154
जलनिगम,110
बिलकुल,64
मूंगफली,46
साम्राज्य,146
एथलेटिक,33
जलनिकासी,198
बरातियों,132
श्रमायुक्त,178
हुकूमत,146
मेज,140
डकैत,53
खचाखच,139
हस्तशिल्प,70
जैकेट,66
पिछला,165
अनार,46
तीमारदार,22
सेंधमारी,53
हारे,190
निरुद्ध,183
दिखते,75
मनाएं,44
शासक,146
सबमर्सिबल,110
दुश्मनी,123
चढ़ाव,116
खरीदार,79
पांचाल,109
उतरना,3
सातों,118
रियासत,146
मरहम,104
कुदरत,65
बिखरे,42
मोहब्बत,65
ढांढस,10
जरुर,191
चौके,86
चूड़ी,66
हिमपात,9
थाप,138
सुनियोजित,1
फेंककर,85
मछलियों,187
फुसला,125
स्थानान्तरण,67
पहिए,112
पूर्णतया,51
टेंशन,102
वतन,65
जमाए,163
तोड़ी,20
कौमी,123
अंत्येष्टि,131
तिथियों,120
रचने,182
सड़के,77
न्यायालयों,183
गुरुओं,61
अधिकारिक,14
सत्रह,97
अलवर,35
याची,173
व्यंजनों,179
बूढ़ी,38
मत्था,159
शुक्र,71
बॉर्डर,199
उपभोग,60
उतने,118
प्रतिभावान,149
धूमिल,186
अशांति,24
लहरा,85
दरारें,160
मनीराम,26
इंद्री,72
लड़ेंगे,107
अंर्तगत,12
सर्वोपरि,142
पंजिका,133
दबोचने,53
रोपड़,55
साईकिल,112
अड्डों,93
मम्मी,195
मंद,24
भारतीयों,136
चाची,195
स्पर्श,189
पड़ेगा,43
नक्षत्र,155
बसाने,153
करारा,166
इरादा,6
दिशानिर्देश,67
असमाजिक,135
लालबत्ती,112
वल्लभ,8
पांचवे,71
सुंदरी,94
दिलाते,75
जापानी,14
हल्दिया,35
नमस्कार,105
नाचते,75
लिपिकों,19
निवेदन,105
सहम,98
हर्रैया,29
रातों,141
साला,82
मनचले,125
जंजीर,100
ठहरा,117
गोभी,46
भेजेंगे,107
जुनून,57
फर्राटा,112
प्यासे,157
मण्डी,35
वादन,138
श्रीधर,109
अखबारों,140
रीतेश,109
सुने,42
संगठनात्मक,1
तोड़ते,75
मनिहारी,29
लड़ते,20
पिछड़ों,169
मानता,117
मक्खी,99
भरो,7
ऑक्सीजन,143
स्वैच्छिक,73
रहेगे,107
खड़ंजा,184
हड़कंप,127
विधवाओं,38
फूले,37
अनियमितताएं,76
अहिंसा,27
जुटाए,42
हताहत,137
बजने,138
निजाम,146
आयात,162
क्षेत्रवासी,54
पहुचा,124
जामिया,84
प्यारी,154
दमन,101
बुनियाद,80
सटी,160
अर्पण,131
बाशिंदों,153
वनस्पति,143
संकरी,154
विसंगति,142
नाई,2
पालम,35
फव्वारा,77
पडे़गा,3
डाका,53
शीशपाल,145
परवरिश,38
डिस्चार्ज,22
कृष्णानंद,26
निखार,150
कार्बन,143
समयावधि,129
जेठानी,195
चराने,69
अभिव्यक्ति,142
मंत्रों,131
पिपरी,29
सत्तारूढ़,48
क्रियान्वित,67
लोहार,58
हस्तांतरित,67
बहार,65
निष्पादित,67
पालने,69
उपकेंद्रों,110
सुनेंगे,107
मशरूम,46
फिक्र,80
बिके,79
फूटा,157
लायी,88
बैलों,69
अनुशासित,149
माटी,86
आंकी,197
कलेर,145
वक्तव्य,120
घिरा,117
अनुमंडलाधिकारी,54
विस्थापन,116
भट्टा,35
तीखे,166
परिसदन,4
तुरन्त,51
बाजू,59
बिरंगे,186
उत्तेजित,98
दिनोंदिन,197
साजन,161
कुश,8
रामकथा,167
कृति,167
प्रमुखों,119
शादीशुदा,132
सहायिकाओं,19
कमांडो,199
उग्रवाद,136
पहनाया,124
दर्जे,60
मोतियाबिंद,28
मिनटों,165
इकाइयां,52
विसंगतियों,95
कामिनी,94
प्रत्यारोप,96
विक्षोभ,24
कार्याें,68
मचाना,127
दिलाकर,34
बेरुखी,45
घाव,28
दीवारें,77
जूट,56
स्थली,122
कृतित्व,167
विस्तारीकरण,68
मशगूल,96
मदों,130
महरूम,80
खिली,160
भुगत,101
खुलवा,34
अनुभूति,189
वाममोर्चा,48
दिखेगा,43
बड़सर,184
जामुन,46
मुख्यधारा,27
बेसब्री,105
बगीचा,37
चरितार्थ,142
जगदंबा,26
मौरंग,198
मैनेजिंग,172
चरमराई,192
दीजिए,191
मनोविज्ञान,40
जिताने,48
रेलकर्मियों,47
अपरान्ह,113
रैलियों,48
धराशायी,85
छुड़ा,20
बेसुध,10
सिराज,84
दिलवाया,124
प्रबंधकीय,1
लूटकांड,53
प्रत्यारोपण,22
कोंच,29
खिले,37
हिना,84
तिपहिया,112
पंख,187
निकलेगी,170
पैठ,5
परमवीर,199
स्वाहा,131
डूबी,103
आनेवाले,118
प्रभागीय,4
नींबू,46
ज्येष्ठ,155
बहाया,157
अनुयायियों,61
बंसी,138
एकमुश्त,130
रघुराज,26
सायंकाल,113
शमन,196
कोस,97
अजीब,45
किलोवाट,197
फैसलों,95
हिदायतें,52
सदस्या,4
भूरी,186
अमरूद,46
अधीनस्थों,19
पांचवी,71
ललक,45
आधुनिकता,142
बताएंगे,107
पूज्य,31
भागदौड़,92
सफलतापूर्वक,67
कटों,110
कारणवश,24
घुसी,160
सुदीप,109
विलुप्त,121
जलसे,32
महामारी,171
चरखारी,29
उड़ने,158
विविधता,142
फैलता,117
तौबा,5
दागी,147
गृहकर,130
छीनी,53
अपेक्षाकृत,24
इनवर्टर,110
सम्मति,12
स्टेंड,102
सुरक्षाबलों,136
अनुग्रह,105
सुखचैन,145
कार्यकत्र्ता,48
फैलती,160
युद्धस्तर,68
ऑपरेटरों,162
त्यागपत्र,173
संरक्षा,1
पोखरों,198
दुबके,163
आभास,142
कैप्सूल,102
सर्प,72
अड़चन,92
गुपचुप,5
दुष्प्रभाव,24
गंगानगर,35
धारी,193
ट्रांसफारमर,110
मनमाना,135
हाशमी,84
कोसा,82
आरपार,21
खोखला,36
पाएं,191
कालिंदी,35
शुद्धता,181
विभाजित,67
सूचीबद्ध,67
हैंडबाल,33
सुनायी,138
तारें,17
ग्यारहवीं,129
संग्रहण,67
बहु,14
तकिया,141
दोगुनी,197
नवसृजित,4
सिलिंडर,110
रैयतों,130
फार्मो,50
पकवान,179
नतीजों,48
अनुभवी,149
शिवभक्तों,139
भड़ास,166
नौका,103
नमूनों,120
बहेड़ी,55
कुर्बान,80
बेनकाब,168
हुकुम,2
जसवाल,145
भांग,46
कतराते,75
पशुधन,69
पटवारियों,19
गोताखोर,103
प्राचार्यो,19
यद्यपि,64
सांझ,113
चबूतरे,77
रंजिशन,53
सैलानी,139
नशेड़ी,82
जंतु,99
जनकल्याण,73
टिक,163
निर्मम,74
पनपने,87
इकलौते,126
जुताई,56
नाकामी,164
बिंदू,116
गिरिजा,94
उत्पीड़न,74
मन्नू,94
बौछार,157
निकलवाने,15
शर्मसार,74
नेत्रहीन,38
व्याख्या,142
असंतुष्ट,24
संयोजिका,94
स्टालों,115
बकाये,130
जुआरियों,53
मिलीमीटर,197
अनुभाग,67
परंपराओं,95
बारातियों,132
रक्तचाप,28
बदस्तूर,5
स्तंभ,77
वानिकी,1
वाहिद,84
बचते,75
सुनाने,182
एलडीएम,54
काहलों,145
दर्शना,94
मंगाया,124
बुढ़ापा,28
पहुंचाएं,191
राष्ट्रव्यापी,14
कुंआ,198
खिलाया,124
दिग्गजों,119
मोहिनी,94
आपदाओं,171
रोपित,37
रचित,167
स्टैण्ड,35
पद्मश्री,105
दिलायी,88
पाबंद,173
कपाट,159
प्रधानी,48
बांग्ला,167
उपरान्त,51
प्रतिरोध,27
गढ्डों,16
हमसे,194
सुसज्जित,70
मोचन,159
मूसलाधार,9
मर्ज,180
विभागाध्यक्षों,19
चैम्पियनशिप,33
कुकर्म,74
उत्पादकों,162
एलबम,90
सबने,64
हिरण,81
युद्धवीर,145
कर्णप्रयाग,35
दाता,134
बगीचे,37
पनीर,179
उचक्कों,53
फांदकर,77
जर्नादन,26
जादूगर,126
प्रतिवाद,27
जोरशोर,5
पेशकश,6
निबटने,171
टहलने,163
ऊधम,127
भंगड़ा,25
बरसाना,35
छुपाने,182
रजाई,66
करबला,176
तनातनी,96
सूझबूझ,181
लगाती,13
भैंसों,69
हताश,98
टीएन,109
सादगी,181
यादें,57
जिंदाबाद,166
बेचता,79
फिजिकल,172
इलेक्ट्रानिक्स,172
महबूबा,65
अध्यापन,40
तड़प,10
समन्वयकों,19
समझाते,75
वाकई,64
अनुकंपा,148
आबाद,153
आंदोलनरत,27
मसलों,96
अनशनकारियों,19
टंकियों,110
मंडराने,87
शर्म,164
कोड़ा,20
समाहित,67
चेकडैम,198
नौनिहाल,38
नियुक्तियों,148
चपत,111
मैगी,179
परिभ्रमण,116
चौखट,77
कुटीर,70
सुझावों,120
सकीं,88
महंथ,31
बकरियों,69
बिटिया,195
लिफाफे,140
राजरानी,94
सफाया,6
घायलावस्था,137
शुरूआती,165
लीं,88
मिठाइयों,179
कमोवेश,64
कोशिशें,6
साधने,182
रियायत,130
शाहदेव,8
आवंटियों,50
पेशा,58
मुसाफिरों,93
टावरों,110
पहाड़ियों,151
मन्नतें,159
पोते,195
आकृति,116
डालेंगे,107
दिखावा,168
मालगोदाम,35
अनुज्ञप्ति,12
शील,196
दिखाएंगे,107
ध्यानी,109
भाड़,20
लड़े,20
चुनरी,66
जघन्य,74
धुनों,25
भौतिकी,40
आधुनिकीकरण,1
बहती,160
कारगुजारी,76
निकलेगा,43
प्रज्ज्वलन,32
पैटर्न,116
छिटपुट,120
श्रद्धापूर्वक,131
अधिग्रहीत,162
प्रवृति,24
समाजसेवियों,119
कुटिया,77
वनाधिकारी,54
भइया,195
बर्दास्त,164
रुकावट,92
किरायेदार,134
सलामत,80
अंदरूनी,96
मनसा,159
आपातकाल,27
किराएदार,132
बहादुरी,181
अहीर,58
तीक्ष्ण,24
सीएसआर,162
ठान,6
अदालती,183
ख्वाब,65
लहराते,75
चढ़ते,85
चाहें,191
परम्परा,121
चबूतरा,77
हटे,42
देखता,117
गाल,59
मेलों,139
ट्रैक्टरों,112
जानती,13
तबदील,96
आनंदी,94
संतुष्टि,45
बास्केटबॉल,33
प्लेटफॉर्म,106
भेड़,69
ठहरे,42
तपती,9
बुझाया,175
फेरे,132
कुमकुम,94
खदेड़ा,20
पिच,190
शमा,175
तकदीर,65
वामपंथी,27
शारदीय,155
भेंटकर,193
निष्कर्ष,142
तख्तियां,83
जूं,99
फोटोयुक्त,50
खूबसूरती,150
निबंधित,133
जड़ा,152
वाणिज्यकर,4
ब्रह्मानंद,31
नफरत,123
अनुरक्षण,1
सीखे,42
परी,161
शिवाला,35
तेजा,2
सजाए,193
निष्क्रियता,24
अमरपाल,145
उमड़ने,87
निवाला,41
चौकों,16
जानकारियों,120
गुणात्मक,142
इमारतें,77
प्रोफाइल,106
यहाँ,118
दुहाई,164
वेश,66
मछलियां,187
महाकुंभ,122
पीए,0
ईलाज,180
झाडू,62
हेपेटाइटिस,28
भुला,57
सोई,141
बहकावे,168
कारवां,65
डांडिया,25
लीन,189
लाभांवित,73
क्रोध,196
शर्बत,46
गठजोड़,147
जगमग,17
संभालेंगे,107
फिजीशियन,22
सहानुभूति,181
जांचोपरांत,133
नामकरण,67
पूर्ववर्ती,60
आशियाने,153
उर्वरा,56
उत्कर्ष,91
वातानुकूलित,93
मजे,5
जमीर,80
गैरकानूनी,12
गुजारिश,173
छेड़छाड़,74
पाइपों,110
हस्तांतरण,67
बकरा,81
पुरातन,121
महानगरों,153
दौड़कर,85
प्रदत्त,129
डूबकर,103
एनएचएआइ,68
बगावत,48
बनवाना,185
संज्ञा,129
बंधुओं,119
गड़बड़,82
बचाए,6
मजहब,123
नामचीन,126
बीता,165
रुद्र,72
गौरवान्वित,105
आमजनों,119
पूछते,194
संकलन,120
पतन,24
अनुभवों,95
पेयजलापूर्ति,110
चहेते,134
प्रार्थी,133
पसंदीदा,90
भाला,21
शिल्प,70
बिगड़ते,192
डिब्बा,62
सोची,6
कुलाधिपति,114
खाल,81
सीनेट,114
अनुशासनहीनता,135
शर्ते,12
घटों,97
बिठा,163
खोदकर,198
चुनौतियां,52
दूज,155
बाराहाट,29
क्रूरता,74
पुस्तिकाएं,140
सांठगांठ,76
राजदीप,109
चुनिंदा,118
जिज्ञासा,45
कहेंगे,107
निर्दल,48
संस्कारशाला,11
शैल,116
भ्रमित,135
हकों,101
कुओं,198
सौहार्दपूर्ण,96
बदहवास,10
वेशभूषा,70
बराती,132
प्रसूति,38
परिधान,66
आमादा,6
जांची,133
पृष्ठभूमि,142
पाठकों,120
सतह,143
गांववासी,54
पूर्वानुमान,116
कब्र,77
शिक्षाविद्,126
ड्राइंग,70
भुलाया,124
संभालते,75
तेजवीर,145
तोड़कर,100
खोलते,75
कारें,112
प्रवचनों,61
बिछाया,124
नशाखोरी,74
कलंक,168
मैगजीन,102
बाएं,59
अनुरुप,142
नीरा,94
यमुनोत्री,122
इसलिये,64
अपनाएं,191
हामी,164
बालिकाएं,38
स्तनपान,38
मसीहा,134
अजगर,81
चेयरमेन,178
राजनारायण,26
तुम्हारे,7
टकराया,85
रचनाएं,52
साइकिलों,112
पवित्रता,181
बास,138
बनाएगा,43
आउटसोर्सिग,162
इतिश्री,142
ठेंगा,5
समूचा,121
लिखना,3
प्रकरणों,133
उदयराज,145
प्रचलित,60
निहित,142
संवर्धन,1
बधिर,38
बोरियां,83
पांचवां,71
कंकाल,81
मलाल,164
पीडि़तों,137
गुजरता,117
खंगालने,182
जहरखुरानों,53
लालटेन,17
मिलजुल,123
गंदी,154
शादियों,132
बब्बन,26
बुध,71
बागडोर,146
मनाएंगे,44
कोसते,75
घटाकर,197
उड़ी,158
फूटी,160
तीरंदाजी,33
इन्हे,118
आकाशवाणी,167
बेदखल,153
चलाएगी,170
छपी,140
इकाईयों,4
कांच,86
खासियत,188
खोलना,3
सरहद,199
कनक,94
बर्खास्तगी,173
कोयल,187
बहुचर्चित,167
न्यौता,6
काबिल,80
कायस्थ,58
सांगठनिक,27
फार्मासिस्टों,19
अंगों,59
पांडव,8
बांधी,100
बालियां,83
स्टीकर,140
सलोनी,94
लाज,161
खुशनुमा,188
जगा,141
अफवाहों,96
वर्गों,169
कोसों,163
बिन्दु,116
सजगता,181
चकाचक,5
संचय,116
नतमस्तक,105
संवेदनशीलता,181
आगंतुकों,119
हिदायतों,95
मौतें,137
शिक्षाविद,126
नीलगाय,81
बंटा,117
कंठ,138
धंसने,85
सिंतबर,165
नशों,28
मनन,142
चहुंमुखी,73
दानी,149
जत्थों,139
उलझा,36
मोहसिन,84
बुझ,175
पर्याय,142
निकलवाया,34
आसरा,65
उधम,127
पूर्वांचल,18
लगाएगा,43
एहसान,80
पिहानी,29
देशवासियों,105
यूएस,102
मिश्रित,60
झाड़ी,152
पादरी,134
गहराया,171
वर्जित,67
दुआएं,176
मद्य,131
मचाई,127
लीजिए,191
परिकल्पना,142
कायदे,12
अटकी,160
तिजोरी,111
रक्षकों,199
सौंपेंगे,107
पकड़ने,182
जमाना,5
छूटा,117
संबधी,12
फफूंद,99
विद्युतापूर्ति,110
शतप्रतिशत,133
प्रवक्ताओं,119
शोहरतगढ़,29
आयीं,88
आवाम,136
संगतों,139
मातृत्व,38
बंधाया,100
शस्त्रों,199
बेखबर,98
प्रमाणिक,120
फॉगिंग,110
गुजारने,165
उंगली,59
रुककर,163
बीचों,77
दिलवाई,88
टहल,163
अफसरशाही,147
पहुंचाते,75
बुराईयों,123
वधू,132
सत्कार,105
मैत्री,189
हटाई,88
दीये,17
व्यापी,121
स्थितियों,95
डिब्बों,62
कैंपों,199
जलसा,32
हलफनामा,173
धमक,160
भूखंडों,153
अरबों,111
उपखंड,54
छर्रा,29
प्रतिभाएं,52
कंक्रीट,77
अंडा,99
उस्मानी,84
पेशाब,28
पौत्र,8
पोषित,1
इसमे,118
ठहर,163
उग्रवादियों,136
मरी,160
मध्यस्थता,173
गवां,190
बेअदबी,176
नाती,195
अध्याय,71
जमात,136
कुलवीर,145
नंगे,66
पहुंचाए,42
बवाना,35
साम्प्रदायिक,123
हार्डवेयर,162
घोंटकर,41
दुखों,57
नकारा,164
असमय,38
रैलियां,48
उग्रवादी,136
बाते,166
मुकामी,80
किन्हीं,118
अनदेखा,164
ब्लेड,21
पारितोषिक,105
गुज्जर,58
मौनी,2
डरे,42
जूही,94
साइकिलें,112
छिड़क,156
नसीर,84
उकलाना,35
रोजे,176
चलाएंगे,107
रंगेहाथ,53
बरसा,157
अक्षत,193
खेद,164
जन्मे,126
गिलास,62
भरसक,6
मणिपुर,18
अप्रत्याशित,24
खुदकशी,74
भांजी,195
जमादार,0
श्राद्ध,131
पढ़ाते,108
निरोधात्मक,60
तिरंगे,193
सुमंत,109
प्रतिबद्धता,181
छुपा,163
फेंकी,88
रवानगी,160
धोना,185
लीपापोती,76
हटेंगे,107
बाराती,132
सभ्याचारक,32
चित्रांकन,70
वचनबद्ध,6
आलाधिकारियों,19
बारीकियों,70
निष्पक्षता,181
बिखेर,150
जातिवाद,123
अनुयायी,61
कालोनियां,153
हरिनाम,8
चूड़ियां,83
बिलखते,10
परीक्षित,67
तबादलों,148
छक्के,190
नवी,84
ओले,9
कीर्तिमान,190
गोसाई,8
दुलारी,94
देररात,113
नवीनतम,120
देरशाम,55
दशम,71
ग्रामवासियों,54
बाबुओं,147
नियमितीकरण,148
नजाकत,80
नजरों,163
समयबद्ध,1
निकलवा,34
योजनाबद्ध,1
यादों,57
खाए,179
उपकार,196
भुवनेश,109
लाहौर,136
टला,171
बाध्यता,12
साली,195
अभिकर्ताओं,19
गाँव,35
चारधाम,122
नाप,197
साहसिक,188
मुनी,8
एलआईसी,50
संवाददाताओं,114
उद्घोष,27
करिश्मा,94
बकरियां,69
सीमांकन,129
ओढ़ाकर,193
मंगलसूत्र,66
अभियन्ता,4
बंदा,82
शुद्धि,131
दमा,28
निभाएं,73
कपड़े,66
खामोशी,45
भालू,81
डलवाने,15
उस्ताद,84
भोलू,195
चाभी,163
पकडे़,53
वादाखिलाफी,168
पंचायतीराज,54
अविवाहित,132
जलते,175
डेरापुर,29
खजूर,46
शिवनंदन,26
जनकल्याणकारी,73
रोको,7
कठिनाईयों,92
चादरपोशी,176
मेधावियों,108
भटकने,87
गुनाह,80
चौतरफा,171
फतह,80
देखो,7
परास्नातक,40
खोने,87
संदेहास्पद,135
कुर्ता,66
सांड,81
लोभ,196
बंध,100
श्रीमति,94
कसना,36
धागा,100
शातिरों,53
प्रबन्धक,4
व्यंग्य,166
लुप्त,121
बल्ला,21
दसवें,71
आर्शीवाद,105
समर्थ,51
रुपेश,109
चिड़ियाघर,187
फुर्सत,5
पूरक,60
लगाएगी,170
अछूता,117
भागीदार,162
जलपान,131
हुक्म,176
शंखनाद,138
कांप,10
रहन,58
रिझाने,182
कलशयात्रा,122
सार,142
निर्माणों,68
पदस्थापन,148
खोदने,182
कृत,8
शाप,196
संबद्धता,142
सिद्धि,91
रुकते,75
पथरी,28
मोल,79
थोड़ी,154
खोटी,82
कमोबेश,64
कुटी,122
सायरन,138
घटाने,182
पटक,49
दुधारू,69
आक्रामक,135
शोरगुल,127
तोता,187
उत्पादकता,1
छिप,163
प्रमाणपत्रों,50
वीरता,181
बोई,56
गिने,118
जायदाद,111
सितारा,17
हजम,82
अविरल,189
कुमुद,94
चर्म,28
झडी,87
सुधरी,192
अजायब,2
सामंत,146
सांसें,160
निरोग,180
पुत्रियों,132
जलाशयों,198
बिठाकर,34
ग्रामवासी,54
जेहन,57
आहुतियां,131
महकमों,19
प्रभावती,94
नौकरानी,125
ब्रजमोहन,26
तनिक,164
द्वेष,123
आज्ञा,173
होनेवाली,154
दूरदर्शन,90
सुहेल,84
तटवर्ती,18
दौड़ाया,85
किस्मों,56
मिठास,150
ससुरालीजन,132
बरतते,75
दूत,134
स्वदेश,14
जिलामंत्री,178
मुंडन,131
केले,46
ढील,173
अनूठी,188
गुरुजनों,108
तमाशा,5
तीरथ,161
शिक्षणेत्तर,148
शोधन,143
साग,46
बिका,79
चौका,190
प्रासंगिक,60
लड़ेगी,48
फैलाई,88
भंवर,103
सुपरवाइजरों,19
छिपाकर,163
पड़ताल,76
छत्रपति,134
रूझान,123
अध्यक्षीय,114
आतुर,98
गहनों,66
लोकनिर्माण,68
पुनरावृत्ति,142
अनपढ़,169
समावेश,142
अशिक्षा,169
सुभद्रा,94
सेव,106
जंगलराज,74
राष्ट्रीयकृत,50
लड़ना,20
संघर्षरत,27
रुकवाने,15
करवाचौथ,44
तरंग,116
ग्लास,102
गैलन,197
उर्वरकों,56
अनिमेष,109
अभिन्न,60
नवरात्रों,155
गण्यमान्य,119
महारैली,32
कनेक्टिविटी,106
शमशान,77
बिरजू,2
लावारिश,10
धीमा,24
भूसे,62
पुनर्विचार,173
शवगृह,62
धरनास्थल,174
आंनद,189
जांचा,124
पोलिथिन,62
संघों,119
ग्रह,129
वयोवृद्ध,126
चिकित्सालयों,22
पराग,37
कौड़ी,111
छलावा,168
झोपड़ियों,153
दूतावास,14
विशेश्वर,26
झुग्गियों,153
अधिग्रहित,162
निलेश,109
प्रतीक्षालय,93
नौंवी,71
पड़ना,3
रघु,109
भूतल,116
किसानो,56
फांक,62
सुहाना,9
प्राविधिक,40
असहायों,101
लोचन,8
प्रशंसनीय,188
बिगड़े,192
उत्पादित,67
खुलता,117
पहचानने,182
कसते,36
बगिया,37
अंडे,187
उद्यम,162
उलझी,96
बिचौलिए,115
विधा,167
मलय,109
खानापूरी,76
रोकते,75
निकालेंगे,107
चौपारण,78
उजाला,17
फिसड्डी,190
नीला,186
षडयंत्र,168
कांधला,35
प्रखर,149
हाजरी,159
भावनाएं,52
बिचौलिया,115
गायकी,25
दुनियां,57
पिया,161
गोलीकांड,137
जायरीन,139
स्ट्रोक,28
कुव्यवस्था,123
मंसूबे,168
फिजा,65
वारिसों,146
दवाईयां,180
लोकनृत्य,129
शतक,190
पछुआ,9
बिताने,165
इंस्पेक्टरों,19
फांस,36
मुजाहिद,84
नागवार,174
समीक्षात्मक,120
विचरण,116
सम्मुख,51
सालभर,165
सूने,77
मनवाया,124
पदार्थों,143
श्मशानघाट,35
मुर्दाबाद,27
बदलेगी,170
क्षत,24
इस्लामिक,136
शांतिभंग,183
बढ़ाएं,191
वायुसेना,199
भात,179
पढ़ाना,185
बीचोबीच,77
बिखरी,160
धरी,88
तरबूज,46
ढलाई,86
वगैरह,5
हारने,190
निपट,96
बाकि,118
भक्तजनों,159
कमाया,111
प्रतिभाशाली,149
उलझे,96
दुकाने,115
खंडित,24
वरन,51
जवाबदेह,134
फ्रेंचाइजी,162
पर्चियां,140
चौपहिया,112
ऑडिशन,90
बरतनी,39
बीन,138
घपले,76
गलतियों,95
नैनो,143
दलीय,48
राखियां,83
आयेंगे,107
पुरूषों,125
नम्रता,181
शिकारियों,81
खिड़कियों,16
सभ्य,149
अंपायर,190
पसार,36
पालतू,81
लकड़ी,86
बच्चियां,38
आयेगी,170
चीखने,10
नवगठित,114
अमानवीय,74
लहजे,166
खुलेगी,170
नमाजियों,139
सुलझ,96
बहुमूल्य,91
महामहिम,114
आवश्यकतानुसार,51
गिरती,160
अंतरराज्यीय,14
उपसचिव,178
टेबिल,102
खात्मे,6
दौराला,35
दर्जकर,183
अनसुना,164
भक्तजन,159
अधिकारिता,129
गौरवशाली,121
बहुओं,132
भरवाया,34
खेलकर,190
उड़ाते,158
कार्यमुक्त,173
ग्रीष्मकालीन,33
धन्य,105
चहुंओर,171
छतरी,77
पड़ने,87
तथाकथित,169
शास्त्रों,61
टुकड़ों,151
प्रियांशु,109
मुख्यअतिथि,32
मंत्रणा,114
भीग,157
पंचर,112
तेजस्वी,149
नौवें,71
परिदृश्य,142
कैंब्रिज,40
बताएगा,43
दाहिने,59
विक्रमादित्य,8
वस्तुस्थिति,142
दगा,65
देवगम,167
बंटे,42
काठगढ़,35
गिराकर,85
नगराधीश,145
व्यवस्थापकों,119
झुलसने,175
पुंज,17
संवेदकों,63
घटते,197
लेजर,102
नथुनी,2
किश्तों,130
खेमका,109
शिकारी,81
सरपरस्त,134
विक्षत,10
आसीन,134
हवस,74
भगाया,124
एप्लीकेशन,106
ताल्लुक,80
ट्रेक,102
दीपों,17
मालवाहक,93
शायरी,166
रसोईया,179
किसका,129
बारूद,199
म्यूजियम,102
उठायी,88
दंडाधिकारियों,19
परख,142
मनोहारी,188
सारिणी,67
खोदे,198
पहिये,112
पोती,195
अपशब्द,168
अंशिका,94
वनवासी,58
तरैया,29
रैबीज,28
माखन,161
सजने,87
प्रतियोगियों,33
प्रस्तावक,134
गुरुद्वारों,61
मुख,59
शिष्यों,61
दमदार,90
ढीले,36
डिफाल्टर,50
बोतलों,62
विपक्षियों,48
विश्लेषण,142
अनुशासनात्मक,12
हड्डियों,59
दशमी,155
मुखाग्नि,131
माँग,173
चित्रा,94
रेलमार्ग,93
निषेधाज्ञा,173
हंसते,75
दीनबंधु,26
एकलव्य,58
बचकर,163
खोजी,126
खीरा,46
बकरे,69
बहकर,198
श्वेत,186
मेहरबानी,80
गालीगलौज,174
गोले,21
धुलाई,104
अमानत,176
शराफत,80
ताड़ी,30
गंाव,55
अराजकतत्वों,139
वाद्य,138
मंदबुद्धि,38
हतप्रभ,98
वीरान,153
पड़ीं,160
थामा,85
बिछाकर,34
नमकीन,179
जाँच,76
सिंथेटिक,143
विज्ञानी,126
खजांची,134
लकड़ियों,16
बेपटरी,93
फटा,66
ईश्वरी,94
नवनिर्माण,68
तोला,46
विफलता,24
कूड़ादान,62
गिनाई,88
हिफाजत,80
अयोग्य,135
माध्यमों,120
छलक,157
ढहने,77
वितरक,162
वास्ता,80
कुनाल,109
समाजशास्त्र,40
छप्पन,97
अभिवादन,105
गरज,9
गुजराती,167
बोगियों,93
सबूतों,183
बजाते,138
नहाते,75
पिचकारी,49
लग्न,71
प्रकल्प,73
मांगलिक,131
भूदेव,26
रणजी,190
सिंधु,18
पाश्चात्य,121
छेड़ने,20
गर्मजोशी,105
मैदानों,151
फीका,186
मकबूल,84
प्राणों,189
विलीन,121
लगकर,85
कुर्क,130
गीतकार,126
थान,2
क्वार्सी,35
प्रतिलिपि,67
मटका,62
लाइनमैनों,47
अप्रशिक्षित,148
योजनाकार,126
दौड़ी,85
जुड़ाव,45
जहाँ,118
मुहाने,198
मल्लाह,103
सटाकर,21
मुमकिन,3
चिमनी,86
नहरें,198
नरक,196
गोलबंद,27
खड्डा,29
ताप,143
ढुलमुल,135
एकीकृत,1
मालाकार,23
कसे,36
पोस्टरों,140
अन्नदाता,134
पीटीआई,109
रेलपार,78
भागना,3
धकेल,85
अभिलाषा,189
खुशखबरी,105
बेकसूर,183
दीया,175
कोषाधिकारी,178
इच्छाशक्ति,181
छुड़ाया,20
अभूतपूर्व,91
मादा,187
टेप,106
असुरक्षा,45
बेशकीमती,79
सेनानायक,134
जलेबी,179
सेटेलाइट,106
सिवा,80
लहसुन,46
दर्रे,151
उपजे,45
दुकानदारी,115
सीना,49
मंदाकिनी,94
थिरके,25
इमामबाड़ा,176
खाबड़,152
शर्मिला,94
छीने,20
परास्त,190
तपा,175
चटकाए,190
जिलास्तर,54
रूकने,87
सत्यता,142
कूदने,87
बचेगा,43
शक्तिशाली,149
कोख,38
पटाक्षेप,96
सेनापति,134
जलता,175
वाहक,134
बीचोंबीच,77
सर्कस,5
लांग,102
झपटमार,53
अपहरणकर्ताओं,53
कशिश,65
सलामती,80
सातवां,71
खिलाई,88
अपहर्ताओं,137
पकाने,156
पस्त,190
कछुआ,81
आयशा,84
नियति,57
बैनीवाल,145
मरणासन्न,10
मुंहतोड़,168
तहस,171
खाती,13
युवजन,27
मनाही,164
चिल्ला,10
हुर्रियत,136
सारथी,8
इंद्रधनुष,186
बटेश्वर,122
बोलना,185
स्वप्न,141
जुए,5
ग्रंथों,120
मधुमक्खी,99
बोरों,62
पीतांबर,26
रुदौली,29
सट्टे,111
शहद,46
कथनी,123
जुबानी,166
झपटमारी,53
करनेवालों,6
अध्यात्मिक,61
थकान,45
मंगवाई,34
पक्षधर,27
शूट,90
सरंक्षण,1
छायादार,37
कालिका,159
सुलेख,70
वस्त्रों,66
लगेंगी,177
बाइस,97
लगान,130
जालसाज,53
रेस्तरां,115
संबंधियों,132
दलीलें,52
रहनेवाले,18
जोड़ते,75
खादों,56
मारना,185
अंकपत्र,108
हस्तियों,119
मुशायरे,32
सीवेज,198
मध्यान्ह,113
निकलें,191
कार्यस्थल,60
अनूठा,188
झकझोर,45
झड़ी,87
दिव्यांगों,73
न्यायधीश,183
मनवाने,182
किरकिरी,76
हिला,41
चुटकी,166
ओलंपियाड,33
यामीन,84
लहरी,189
ताश,5
उड़ती,158
सरस,189
छात्रनेता,108
मरम्मती,68
गेटमैन,0
तबला,138
संपादित,67
गड़गड़ाहट,138
चैनलों,119
उगी,37
पूछी,194
अप्रत्यक्ष,60
बक्शा,53
कुशलता,181
आयुवर्ग,197
अंत्यपरीक्षण,89
डब्ल्यू,102
कर्मो,196
बेपरवाह,82
कास्य,33
हसीन,65
चमकाने,182
उजड़,153
अत्याधिक,24
कर्मठ,149
झोपड़ियां,83
डाट,102
कटघरे,183
चलाएगा,43
प्रजनन,1
साठगांठ,76
लेखकों,119
आइना,65
निपटाया,124
दबने,87
धारणा,142
अस्वस्थ,24
चुनकर,118
मंगाकर,34
मारूति,112
परखने,182
सकरा,55
धरोहरों,70
सुखा,156
होम्योपैथी,180
नरम,104
लल्ला,2
रंगकर्मी,126
गृहणी,94
बदलती,13
रुकवाया,34
छोड़ते,75
कुचलने,182
अनबन,96
पुत्रियां,38
बंसीलाल,26
कोयलांचल,18
सोचते,75
जागे,141
हत्याओं,74
लेंटर,110
नन्हीं,38
अखाड़ों,139
रक्तदाताओं,22
उठाता,117
चेत,161
वाचन,167
वायदों,48
स्वास्थ्यकर्मी,47
निभानी,39
जननायक,27
जुबां,65
प्रतियां,140
परमार्थ,73
बारीकियां,52
माचिस,86
काजू,46
सर्वदलीय,114
भोली,154
शहनाई,138
पनकी,35
कांटी,29
अवसरों,95
सिक्कों,193
त्रुटियों,95
भूले,42
तम्बाकू,46
सम्बंधित,60
शासित,14
नायाब,188
वशिष्ट,109
ब्रह्मचारी,31
पड़ती,39
कामधेनु,69
फार्मेसिस्ट,22
कातिल,65
शीशी,62
गुब्बारे,158
छंटनी,148
टयूबवेल,110
नीर,157
नाचने,25
खाएं,191
सप्तमी,155
तारे,17
तीव्रता,116
गहराने,87
पोस्टमास्टर,0
निरक्षर,169
जिन्दगी,57
मच्छरदानी,99
लटकते,163
लौटाया,124
घपला,76
दालों,56
परिधानों,70
खरपतवार,56
मुनाफे,162
धोती,66
मुग्ध,98
मालामाल,111
बुलावा,173
जुटेंगे,107
पीक,102
अनौपचारिक,129
बदलता,117
अकादमिक,40
कतारबद्ध,163
कैंची,21
इंतकाल,176
नजरिया,142
मुख्तयार,145
कपडे़,66
चमेली,37
ठप्प,192
झपटी,53
दामिनी,94
नोंक,21
टोका,82
वन्यजीव,81
महती,73
छोड़ने,182
प्रागंण,77
मुकीम,84
छेद,21
सुंडी,99
गोरक्षा,69
शंख,138
राष्ट्रगान,25
कस्तूरी,81
बमबम,30
ढर्रे,5
औरत,125
झरना,198
रौब,82
कार्यक्षेत्र,4
वेल,102
जायेंगी,177
पुश्तैनी,58
अलगाववादी,136
अधीक्षकों,19
निर्णयों,95
फोटोग्राफर,126
कसम,65
फेहरिस्त,80
थिरकते,25
अधमरा,10
चेस,102
वली,84
अल्का,94
कम्यूनिकेशन,172
कछला,55
लगवाकर,34
कीजिए,191
पटवार,54
दरवाजों,77
संकोच,164
पैंतीस,97
जनेश्वर,26
मृदुला,94
फहराने,193
आइए,191
काश्तकार,56
चलंत,128
बजरिया,55
रुद्राभिषेक,131
वेदांत,31
खोदी,88
ऐतराज,164
रहूंगा,144
भावपूर्ण,188
शान्ति,189
स्टाम्प,140
निराशाजनक,24
स्मारिका,32
हिरन,81
रिफंड,130
प्राणियों,121
पत्थरबाजी,174
अधिकता,24
आटे,156
मंडलाध्यक्ष,178
चुराई,53
बाड़े,152
अनभिज्ञ,51
हजारा,129
मिश्री,46
सुनहरा,186
ब्रह्मदेव,26
बरकत,176
भड़की,175
अकीदतमंदों,176
मसाले,179
सोचकर,98
सत्यार्थी,109
तुम्हें,7
उत्सुक,6
उजाड़,153
दुश्मनों,199
सुबेदार,0
जनसमूह,139
दिलावर,84
सगाई,132
आरम्भ,67
ठूंस,41
गाजर,46
ताजपोशी,48
टिन,86
ढाल,21
गुलामी,101
उचक्के,53
हथकंडे,168
खोखले,36
जागा,141
फैलते,42
जिमखाना,33
तुलाराम,145
बनेंगी,177
प्रसंस्करण,1
क्रियाओं,95
हटाये,42
लालसा,91
पीढि़यों,57
टैबलेट,106
नेटवर्किंग,106
कसौटी,142
अधिसूचित,67
लकड़ा,26
अपहरणकर्ता,53
राजमिस्त्री,70
सुंदरकांड,131
बैलगाड़ी,112
आदिम,58
छूटी,160
अढ़ाई,97
सूजन,28
भांजा,195
चश्मे,66
सूनी,160
रसायनिक,143
करवाता,117
छपने,140
स्वर्णिम,121
दर्पण,129
बचाते,75
बर्ताव,135
ईसा,121
वर्धन,91
बल्लेबाजों,190
पेंशनधारियों,50
पिलाना,185
गरजे,49
देशद्रोह,168
बाजा,138
टकटकी,163
देवरानी,195
तलहटी,18
फरमाया,176
लड़ने,182
रूपों,95
चहलकदमी,163
अशोका,90
सीढि़यां,77
रिजेक्ट,173
खुलती,13
कातिलाना,137
काबीना,114
सर्वधर्म,123
जनसेवक,134
टेक्नोलाजी,172
विद्यापति,167
परिप्रेक्ष्य,142
यांत्रिक,1
चित्रण,188
कॉरपोरेट,162
वेदों,121
वाम,27
सर्वांगीण,73
टीजीटी,148
शुष्क,104
निर्यातकों,162
सेहरा,100
सैद्धांतिक,60
चिंहित,68
निर्यातक,162
देखती,13
चिता,175
कसाना,145
पंचमुखी,122
कारनामे,147
अपर्णा,94
गरुड़,72
ताकीद,164
पतली,154
मेहनताना,111
उम्मीदवारी,48
मंगाने,15
खात्मा,171
आलिया,90
परोपकार,73
टुकड़ा,21
सजाकर,193
लड़के,125
खड़िया,86
सोमेश्वर,122
मित्रता,181
बिल्ली,81
तीर्थनगरी,122
टोलों,153
मेघनाथ,8
सत्रों,165
भद्रकाली,159
व्यावहारिक,60
जनाब,194
बाशिंदे,153
मिहिर,109
किन्नरों,139
ज्वार,103
बिखेरा,150
नागा,58
छज्जा,77
टिका,163
ठोक,49
भांप,98
निपटाए,96
सलाहकारों,119
निष्कासन,173
टुकड़ी,199
पत्तों,37
वाणिज्यिक,162
आवश्यकताओं,95
कैंथ,145
लक्खा,145
फूंककर,175
संचिका,116
होर्डिंग,140
इनलोगों,64
जर्सी,102
अपहर्ता,53
दोहराई,88
भावविभोर,98
संवत,23
विश्वासघात,168
यूनानी,14
सकल,91
फिरनी,179
भैंसा,81
संपादन,67
साये,151
निर्जला,155
बशर्ते,64
दौड़ती,160
फूलचंद्र,26
विधाओं,167
डराने,182
फैन,90
लाएंगे,107
दिवसों,44
पापों,196
रवी,109
पथरा,160
अपूर्व,91
ब्रजपाल,145
अध्यापिकाओं,108
मेघ,9
अनुकरणीय,105
कलई,36
सलिल,109
काठगोदाम,93
सिखलाई,80
प्रपत्रों,133
झंझट,92
संजीदगी,166
बादाम,46
ब्याह,132
जुदा,65
क्रियाकलापों,95
बचता,117
कूट,116
सत्तापक्ष,48
चौथाई,197
हरिश्चन्द्र,8
बचाएं,191
प्रसाधन,104
टीला,77
रोजेदार,176
ताजमहल,77
जख्मों,57
केश,104
लुढ़क,85
ठिठुरते,9
छड़ी,21
योगासन,191
बननी,39
गूंजे,138
शक्त,24
निवेशक,162
दर्शाने,182
गृहिणी,94
हारी,190
बीहड़,151
डाकबंगला,35
पितृ,131
घूमता,117
पेशेवर,126
महापुरुष,61
गंगे,159
पीटते,49
पॉजिटिव,106
उखाड़ने,20
सुपुर्दगी,173
उगल,41
जानेवाली,154
जोगिया,29
झांकने,182
बख्श,80
ठोकरें,85
छोड़ा,124
तलाशा,124
बच्चें,38
करायेंगे,107
डरने,87
मिटा,57
देवभूमि,122
नगराध्यक्ष,178
रफीगंज,29
नगाड़ों,138
मृदुल,109
करियाना,115
चिड़िया,187
छिनैती,53
शोषित,169
कथक,25
ग्वार,46
खेलें,191
मोहंती,109
भिक्षु,61
धोखाधड़ी,76
कार्यकताओं,19
काटनी,39
नाकों,199
अग्निपीड़ितों,63
बिछी,160
अवधारणा,142
सुधारा,124
अंतरिक्ष,14
हड़कम्प,127
निदेशिका,178
फसली,56
राजाजी,35
हलक,41
हरण,196
मेजबानी,32
बहुतकनीकी,40
तोड़ने,182
पूर्वाभ्यास,32
मतपेटी,48
अस्थि,59
नगण्य,24
चलाती,13
फंसाकर,36
दरी,66
प्रतिरोधक,180
बदनामी,168
दंडात्मक,12
दुर्ग,18
वृन्दावन,122
दलाली,147
इंगलिश,102
दस्यु,58
जमाबंदी,133
अतिपिछड़ा,169
तिमाही,165
किस्तों,130
कपिला,94
मंगाए,34
अधिष्ठाता,72
खिलाफी,168
प्रवर,4
चंबल,18
पीपा,86
पंसद,185
गड़बड़ियों,76
रेहड़ियों,16
सुजान,8
बुर्ज,77
यादगारी,11
स्वामित्व,162
अतिक्रमणकारी,153
उच्चीकरण,68
नारियों,125
स्त्रोतों,120
स्तरों,95
खजूरी,35
परिभाषा,142
जाले,99
खैहरा,145
दागकर,49
पाहन,161
अन्तिम,71
इस्टीमेट,68
जोड़ा,124
कठपुतली,129
लोकनायक,27
डिमरी,145
नारायणी,122
बिकी,79
पोस्त,46
शिकायतकर्ताओं,19
हसरत,65
जुड़ा,117
परस्पर,123
रासुका,183
निष्काम,196
गोरखधंधे,76
मुशायरा,32
गहलौत,145
लकीरें,160
तुर्की,14
कलाओं,70
चाहरदीवारी,77
वैष्णव,61
प्रगणक,54
मुठभेड़,137
वनवास,165
नासूर,28
उड़ाकर,158
कार्यवाह,178
तहसीलदारों,19
छूटकर,85
टोरंट,106
जगाई,88
बायोमीट्रिक,106
खेमा,48
रितू,145
असाध्य,24
जनसम्पर्क,4
चूर,85
कलियुग,72
सोय,161
निपुण,149
रहो,7
सार्थकता,142
सगी,195
डटकर,101
तांगा,112
हत्याएं,74
मापदंडों,95
कोचों,93
भुगतनी,39
मनोयोग,73
संतरा,46
तूफानी,103
नशामुक्ति,73
गिरना,3
कन्यादान,132
उछल,85
अस्त्र,72
क्षोभ,45
गूंजता,138
पसरी,160
सोये,141
पकड़ता,117
गोमांस,69
चचेरा,195
बंधुआ,169
टैंकों,199
मालाएं,83
उच्चीकृत,68
परिपूर्ण,189
मंगवा,34
निर्भीक,149
तरल,143
लिखते,75
भरेंगे,107
गोरखधंधा,76
दाव,5
तीखा,166
भली,51
मुट्ठी,21
चम्मच,46
जोड़ी,90
करौं,161
हजूरी,82
थानेसर,35
नशेड़ियों,16
फटे,66
शायरों,119
गड़बड़ी,76
परिचितों,119
नाश्ते,179
करेगें,107
वसूलते,111
टोकरी,62
कीटों,99
सम्बद्ध,60
बालों,104
नगरवासी,139
ट्रांसफॉर्मर,110
भुलाकर,123
लार्वा,99
अच्छाई,181
बढ़चढ़कर,32
प्रधानपति,54
कुर्सियों,16
चाहर,145
सिंदूर,186
अवाक,98
इस्लामी,136
बसने,153
निशंक,114
गुलदस्ता,37
तिथियां,52
आढ़त,115
थपेड़ों,151
घुसते,163
राशी,130
घिरी,160
लौकी,46
कारनामा,190
धंधेबाज,147
ट्यूबवेलों,110
आदित्यनाथ,114
कठघरे,183
मिश्रण,104
ढोरी,128
अनुवाद,167
अलकनंदा,122
कीपर,0
दुस्साहस,168
रंगीला,2
सुनना,185
प्यारों,65
समानांतर,116
नगरपाल,178
डूबते,103
खाय,161
महिलायें,125
तृप्ति,189
आरोग्य,180
जन्नत,176
उकसाने,168
सूना,77
कद्र,80
तकनीशियन,22
टापू,103
आराध्य,159
टायरों,112
वादक,138
बौखला,98
शिक्षाधिकारियों,19
चोटों,137
पिछड़ा,169
आडिटोरियम,32
जीआर,0
स्वास्थ्यकर्मियों,47
परिस्थितियां,52
अलौकिक,189
हीरे,86
अज्ञानता,196
इश्क,65
सूखाग्रस्त,18
मनमुटाव,96
श्रीमद,31
खरीदनी,39
मांगता,117
जलन,28
खतरों,95
कॉपियों,140
रक्षपाल,145
सजीव,188
गुरुचरण,26
रखवाया,34
परोसा,179
प्रतिज्ञा,131
मैंथा,55
दफना,124
रुस्तम,84
सुपरिटेंडेंट,0
पन्नों,140
स्याही,186
धातु,143
नशामुक्त,73
नवीकरण,68
काश,64
मोटापा,28
असंवैधानिक,173
विशिष्ठ,60
दिगम्बर,31
सहेजने,182
मगरमच्छ,81
मीनार,77
अगरबत्ती,86
लुभाया,150
रोमांच,188
गाढ़ी,154
यार,82
समकालीन,167
जयकार,138
न्यायपालिका,114
पृथक,67
कट्ठा,97
एक्सिस,102
पहुंचाकर,124
करूंगी,144
भूपाल,145
शबाब,65
बांसुरी,138
कर्कट,28
दूधिया,186
निहार,163
चुकता,130
नगमा,65
रुमाल,66
चाकुओं,21
एकाध,118
भव्यता,181
बागड़ी,55
समतलीकरण,68
दुघर्टना,137
पुरोहितों,61
प्रीतपाल,145
सुधरेगी,192
टालने,182
आसरे,5
अड़ंगा,20
चौड़े,152
वनकर्मियों,47
खलीफा,134
रूमाल,66
भावनात्मक,60
बहुमंजिला,77
जागी,141
अंगूठा,59
इंडिगो,102
योद्धा,149
अश्लीलता,168
कंगन,66
दीवाना,65
अनिकेत,109
बढ़ेंगे,107
महाराजपुर,35
मंसूबों,168
जगाया,141
भरवाए,34
होगे,107
तुम्हारी,7
छुपी,160
पड़ोस,195
उपक्रम,1
पनाह,80
उखाड़कर,152
हत्यारा,74
ट्रालियां,112
नपेंगे,107
कलसी,145
चीता,81
स्थगन,173
बिफर,174
समारोहों,32
जसमेर,145
साक्षात,72
नब्ज,59
तबका,169
आयेगा,43
बोने,56
नाटकीय,188
निदेशकों,162
हथियाने,182
बाजरे,56
समझता,117
ओला,2
हौंसले,80
अहसान,80
मुंसिफ,183
पहनी,66
ऊनी,66
रिव्यू,106
ताना,21
दाउदपुर,29
सदभावना,123
व्यस्ततम,93
ठीकठाक,192
जलाते,175
मछुआरों,103
मेड़,152
भीमताल,18
ग्राट,102
बर्फीली,9
हर्जाना,130
परखा,124
फिरने,87
महाधिवक्ता,114
मोटरसाइकिलें,112
दुविधा,92
चन्दन,109
उपतहसील,55
टोक,82
रफूचक्कर,53
पहुंचाएंगे,107
दबाया,124
अंतराष्ट्रीय,14
फफक,10
सूर्योदय,113
साइट्स,106
भ्रष्टाचारियों,147
नित,161
शिवभक्त,122
उपद्रवी,135
फरक्का,93
उठना,3
लकड़ियां,83
विचारण,183
अरमानों,65
मदिरा,5
मंगवाया,34
विद्यमान,121
सखी,161
भरता,117
सांसे,160
विद्रोही,27
काई,99
जलाल,84
बरगद,37
चूरा,86
वैधता,142
ढलने,87
केंद्राधीक्षक,178
सैकड़ो,118
भेल,129
गूंजते,138
मेमो,140
चुकाना,130
हैरतअंगेज,188
बूझकर,82
करों,130
हथेली,59
सिखाई,88
भड़का,20
बगान,18
बेर,46
सीमाएं,52
रेखांकित,142
जंजाल,36
पकड़ना,3
टाई,66
शक्तियां,52
सम्मानजनक,60
ढिबरी,175
घोड़ों,81
पहुचाने,182
कीड़ा,99
जनसभाओं,48
नाइंसाफी,101
शिद्दत,80
भिजवाने,15
बछड़े,69
दशहरे,44
पोता,195
चढ़ाए,159
उतरवा,66
नहाय,30
तोड़ना,3
झूलते,163
कंपोस्ट,56
ईपीएफ,50
चॉकलेट,179
सादी,154
शातिपूर्ण,135
खाद्यान,56
ठोंक,49
नशाखुरानी,78
छायाप्रति,133
ब्राह्मणों,58
चाहकर,92
अनशनकारी,174
घबराए,98
परिसरों,40
चाहने,65
कसूर,82
दीमक,99
कीटनाशकों,143
अनैतिक,135
गुरबाणी,61
सूबा,18
पहेली,120
ब्रजभूषण,26
जगन,2
संजोए,150
वर्णित,67
जातिसूचक,58
तालिका,120
हुजूर,80
बंपर,102
वैधानिक,12
गहराता,117
मेहनती,149
लोकमान्य,129
बिट्टा,145
बदलेगा,43
सांप्रदायिकता,123
इण्डिया,172
सड़कें,93
बूट,102
सेवाकाल,148
दोहरीकरण,68
चुराया,124
तुम्हारा,7
सेवारत,4
मुसाफिरखाना,35
सरीखे,118
पुरस्कारों,119
दिखावे,5
दिखीं,13
महापुराण,31
सत्तासीन,48
आपाधापी,92
सहेलियों,125
इकरार,65
रक्षित,67
जनशक्ति,1
कद्दू,46
रवैए,135
पेड़ों,37
बाधाओं,92
चन्द्रा,109
बारदाना,115
दिलाएंगे,107
बंदकर,34
सदनों,114
निकलेंगे,107
बाघिन,81
लक्षणों,95
सहभागी,73
टोलियां,139
चकनाचूर,85
खंगाले,140
जीर्ण,24
स्वीकारी,164
चिपका,140
महाप्रभु,31
बांटते,75
जमींदार,146
ओतप्रोत,189
ढका,66
नामावली,133
संचित,67
मिसाइल,199
पत्रावलियों,133
बैंककर्मी,47
केन्द्राधीक्षक,178
नृशंस,74
सुदृढ़ीकरण,1
लीलाधर,26
पायेगा,43
केवटी,55
उगाने,56
जयकारा,159
बिछ,160
इमली,46
कोना,77
कन्नी,21
सुचना,133
फब्तियां,166
हाता,51
बतातें,75
नरमी,164
पाठयक्रम,40
डालर,111
जवानी,65
मुख्यमार्ग,35
झालरों,16
जनसंघ,27
पाइपें,110
कुठाराघात,168
भटके,42
चाहेंगे,107
रेंगते,85
मोची,2
वर्गमीटर,197
उपस्वास्थ्य,4
चेचक,28
तस्वीरों,120
उद्यमिता,1
स्तब्ध,98
पन्ने,140
ग्रामीणो,54
आसमानी,186
अपहृता,53
पतंगबाजी,5
क्षितिज,17
घराने,146
विवशता,92
बुढ़ापे,57
अर्ध,60
बुलायी,88
जीविकोपार्जन,73
संकलित,67
गमछा,66
दास्तां,57
डंपरों,112
फरारी,53
मांगो,173
गोलचक्कर,35
नगरनिगम,35
सुनहरे,186
स्वरूपों,95
चित्रकार,126
फेंकना,185
ज्ञानेश्वर,31
सांझी,123
जनसूचना,133
इनायत,84
अनोखी,188
अनाजमंडी,35
स्थायीकरण,67
झटकों,171
पोलो,129
सुगंध,150
सुअरों,81
चकाचौंध,17
टॉयलेट,62
गेंदा,37
असहज,45
भिंडी,46
उत्तराधिकारी,134
वाट,102
इंतजामों,139
सेवादारों,139
दुखड़ा,10
विद्यालयी,40
परखच्चे,158
क्रांतिकारियों,27
गड़बड़ा,192
दुलार,38
नाल,21
मोरी,161
पलटवार,168
अंशदान,130
नगरों,153
नावों,103
शुक्रिया,105
सुनार,58
फावड़ा,152
भिड़ंत,137
मनपसंद,179
अभियांत्रिकी,1
तोड़ा,124
खुलवाकर,34
स्वाधीनता,27
बहते,157
कजरा,161
हटाते,75
खाताधारक,50
बकायेदार,130
प्रतिकर,133
धर्मपत्नी,94
कोठरी,77
गूंजने,138
दागे,49
वेंटीलेटर,22
जुआरी,53
भूमिहीनों,153
वॉलीबॉल,33
धुना,174
फीकी,160
पंजा,59
कबूतर,187
चमत्कार,188
उतरेगी,170
किसको,194
चोरियां,53
मलकीयत,145
बरपाया,171
निवृत्त,131
रोमांचित,98
दहलीज,151
अनजाने,118
जुगनू,17
धक्कामुक्की,174
कारनामों,147
प्रतिपदा,155
थैली,62
कदाचारमुक्त,89
इत्र,104
दुर्गंध,99
प्रांजल,109
मातहत,0
थमी,160
बजाया,138
ग्रामप्रधान,54
आदतों,95
सभ्याचार,167
कैंसिल,173
डरते,75
शिला,193
चूके,190
दर्शाते,75
फोड़ा,152
मिनिस्ट्रीयल,172
बुलवाया,34
सूअर,69
विकार,28
खंगाली,88
चकित,98
फांद,85
डगर,151
मुसीबतों,92
बलबूते,91
बिगड़ता,192
मायनों,188
नवरात्रि,155
बसाया,124
सुनंदा,94
पाटने,182
असफलता,24
अचार,179
लाइलाज,28
त्रुटियां,52
तेनुघाट,55
आहरण,50
ठनका,85
पहुंचें,191
छोड़ो,7
पुर्नवास,68
लौटेंगे,107
उड़नदस्ता,4
औरतों,125
विलंबित,173
परिचायक,142
कर्मचंद,145
मैला,62
निकलीं,88
दिलाएं,191
धाराएं,52
माकूल,80
उजाले,17
पनवाड़ी,35
व्याकुल,98
असरदार,188
सुनहरी,186
जाइए,191
मांगकर,34
अनोखा,188
सम्मन,183
कुंअर,2
जबसे,64
आंचलिक,167
बिछाए,163
किससे,129
हठधर्मिता,168
मूंदे,163
विस्तारक,4
लील,171
साझेदारी,162
चश्मदीद,137
चुपके,163
ध्येय,73
पूर्ववत,51
मार्फत,140
बुलंदियों,91
खपरैल,77
उखड़ा,152
वृद्धाश्रम,38
चिढ़ा,41
विचित्र,188
शरबत,179
बाले,134
निश्शक्तों,63
गायें,69
बिंदा,94
निर्वाण,196
प्रोटीन,143
जानेवाले,42
टाऊन,102
पुलकित,98
फटी,160
शाला,40
राजपत्रित,148
सूटकेस,62
भोगी,134
सुलझाया,96
अतिवृष्टि,171
हिन्द,14
अवरूद्ध,24
नामोनिशान,171
चित्तरंजन,109
गिराए,42
वर्दियां,83
नफे,82
चुकानी,39
उखड़ने,152
घुटनों,59
लौटाए,130
शादियां,132
तरसना,3
हलवा,179
फैलाकर,36
हेक्टेअर,56
तंज,166
अफसाना,65
रेलगाड़ियों,93
पेटियां,83
चढ़ता,117
नागरिकता,14
सहजता,181
पुनर्जीवित,6
जमीनें,153
दिखाता,117
सर्जिकल,22
सीएनटी,12
हिन्दुओं,136
बरबाद,111
उतारना,3
जोड़ता,117
मालबाजार,29
गैराज,112
जन्मतिथि,140
भागेदारी,73
चूड़ा,179
तहजीब,80
लिखाने,15
व्याख्याता,126
बनबसा,55
आवाजें,138
गांवो,153
असामयिक,24
मार्गदर्शक,134
सिगनल,106
बूंदें,157
सुप्रसिद्ध,126
पुष्पवर्षा,159
मांगना,185
मनाकर,44
बाण,21
कुचले,101
फैक्टर,102
सेवानिवृति,129
फिसलन,85
आजमाइश,5
शवदाह,68
अनाथालय,38
कानूनन,12
मीडियाकर्मियों,119
चतुर्थी,155
कारक,60
सजायाफ्ता,183
बिगड़ा,192
दलहनी,56
लजीज,179
भ्रामक,135
जन्मभूमि,121
डंका,138
छठवें,71
मुखियों,19
शिकंजे,36
लगाओ,7
झूलों,16
ब्राडबैंड,106
रहनी,39
हटवाकर,34
प्रत्यावेदन,133
सुशोभित,193
किराने,115
वादियों,151
व्यथित,98
तपोवन,122
बैठता,117
दलीलों,183
उमड़ी,139
भट्ठियों,86
सुनता,117
महादान,131
धड़कन,65
कथन,142
इशारों,166
समकक्ष,60
घुमाने,15
अभिभूत,98
नौटंकी,5
पटी,160
देशभक्त,136
तबस्सुम,84
कुदरती,143
खोजा,124
करवाएगा,43
चिश्ती,84
चाकलेट,179
कुंवारी,125
दौड़ाने,87
वार्डबंदी,54
उड़ा,158
झुक,163
पंचवटी,122
अनुसंधानकर्ता,126
अनसुनी,166
बंशी,138
फूंके,175
पंचवर्षीय,129
छिड़ककर,156
पहचाना,124
इद्रजीत,145
गहना,66
मुस्करा,98
झोले,62
गोलिया,49
एहतियातन,137
धर्मातरण,61
अंधकारमय,24
बिखेरी,150
आठवां,71
बैठती,13
मागें,173
तंबू,77
छात्रावासों,108
सड़ने,152
थाईलैंड,14
बरसाने,49
प्रचारित,168
दहला,74
पलों,57
मालकिन,125
हिम,9
अवरोधक,129
सोंधी,86
मुझ,82
योगाचार्य,31
ईटें,86
उठाती,13
अकारण,24
कायल,181
भगाकर,53
छेड़खानी,174
बावन,97
उत्तरदायित्व,73
जीतना,3
चिरैया,2
घण्टे,165
गौड,109
चित,161
राष्ट्रहित,73
घबराने,87
पूरामुफ्ती,78
बाजों,138
एकबार,64
भावों,189
स्टैंडर्ड,172
सौंपेगी,173
जंतुओं,99
क्रियाशील,60
शल्य,22
नौकरियां,52
गोविंदपुरी,35
धमाकों,137
लम्बित,133
पूजनोत्सव,44
तरफा,96
खदेड़ने,20
चालित,116
उपन्यास,167
घरवाले,195
घूमती,160
गरमी,9
खटारा,112
उठेगा,43
बाधाएं,52
कड़ा,173
किताबी,82
एक्टिंग,90
सूत्रधार,134
पिताजी,195
सिंहासन,146
फौजदार,0
लिखेंगे,107
दोगुने,197
ऊंज,55
बाल्मिकी,26
समाजवाद,27
शिथिल,24
अशिक्षित,169
मानहानि,183
दूरगामी,60
प्रयत्न,6
क्लीनिकों,22
रजामंदी,164
राष्ट्रमंडल,14
तिलहन,56
व्यवसाइयों,115
दिखानी,39
सूचि,67
सदमा,45
छोड़ेंगे,107
राखियों,16
तमंचों,53
रुकना,3
सुकन्या,94
ढांचागत,1
महापरीक्षा,4
धुपगुड़ी,35
करीना,90
कर्जदार,130
हेतू,51
तोहफे,105
सिंचित,56
चट्टान,151
कुशासन,147
गड़बड़ियां,52
रेती,198
निबटारा,96
विचलित,98
हटवाए,34
ठहराने,168
मंडावली,29
कम्बल,66
बर्बरता,74
दस्तखत,140
हत्याकाड,74
अन्यों,119
सर्तकता,181
सुखमय,121
मनोरंजक,188
बुलाना,185
प्रजापत,145
बुखारी,84
कार्डधारी,50
अंगरक्षक,134
हश्र,64
पलीता,168
चचेरी,195
प्रदर्शनों,119
झेलते,101
परनीत,145
ताने,49
नाखुश,98
प्रसून,109
वंदे,25
शिक्षाओं,61
कदापि,51
घाटो,25
हरिश,145
मर्माहत,45
मैना,187
हसीना,65
स्थानान्तरित,67
दुश्वारियां,92
भड़काने,168
इन्वर्टर,110
विशालकाय,81
प्रजेंटेशन,106
अवशेषों,151
जनधन,50
उपसरपंच,54
भूखा,10
सवर्ण,169
बेलसंड,55
पंजाबियों,136
लपेट,66
जुड़ना,3
गोलक,116
कुरूक्षेत्र,18
इकलौती,154
लड़कों,125
बेनतीजा,96
मीठी,154
दुष्परिणाम,24
लानी,39
सितम,65
खिलने,37
हारकर,190
पंचशील,14
जागता,141
प्रत्यक्षदर्शी,137
सोचे,42
बरकट्ठा,89
मातृभाषा,167
स्पर्धाओं,33
कंडा,55
झगड़ों,96
पहचानपत्र,133
गुस्साई,174
एलर्ट,106
खाताधारकों,50
शरत,109
मार्मिक,188
लघुशंका,163
उन्नीस,97
बचती,13
पका,156
लाखो,111
मोदक,179
हालिया,120
बैंडबाजों,139
बेड़ा,103
झाड़ियां,83
बरसों,165
दीघा,93
बहेड़ा,55
कोठे,125
चढ़ावा,159
रूका,117
इबारत,140
आक्रमण,199
लक्कड़,86
सुनें,191
फूला,2
संदेशों,120
छान,156
प्राध्यापिका,108
बोलती,13
गुमशुदा,65
शिष्टाचार,181
छपाई,140
धड़कनें,160
ढोलक,138
असंतुलन,24
क्लासेज,108
वेल्डिंग,110
नसरीन,84
बाबुल,161
कुदाल,21
दुरूपयोग,168
पेंसिल,140
भूलते,3
विषपान,196
कोढ़,28
किरणों,17
गलतियां,52
जिलापूर्ति,54
टंकियां,110
नगाड़े,138
कतारों,16
पगडंडी,151
लाईसेंस,12
प्रसूताओं,38
डकार,41
मुक्केबाजी,33
असुविधाओं,92
चौकियां,199
खटाई,179
दुष्प्रचार,168
क्षणों,45
घोषणापत्र,48
बिठाया,124
छाये,42
नरसंहार,74
स्वचालित,67
तीर्थयात्रियों,139
भरती,148
कोऑर्डिनेटर,172
पंखों,187
संवारा,150
खोदा,198
अखाड़ा,5
नीचा,82
रूपाली,94
दर्शनार्थियों,139
लोकमंच,167
उड़नदस्ते,19
लहराने,15
पपीता,46
हस्त,70
राज्यभर,4
ढ़ेर,62
जीवनशैली,24
वर्मन,109
कपड़ा,66
इसबार,64
धारियों,186
शीर्ण,77
भूलकर,191
सपूत,134
गलियारों,151
अशासकीय,40
इलाही,176
गूंजी,138
रुकती,160
महांती,109
बिचौलिये,115
गौरीकुंड,122
मिठाईयां,179
पंडौल,29
पत्तियों,37
आईना,150
मंगवाकर,34
खींची,88
बैरागी,31
गड्डी,62
मियाद,173
शत्रु,199
समेटे,150
एकांकी,167
असैनिक,199
मनोवैज्ञानिक,60
झपट्टा,81
गुरूद्वारा,35
दोराहा,35
उंची,154
अपंग,24
बदतमीजी,174
विलाप,10
आतंकित,98
ऐच्छिक,60
संकेतक,116
परमेश्वरी,94
झुलसकर,175
कोरे,140
निगलने,41
सम्बंध,60
रवींद्रनाथ,26
मेहताब,84
लगवाना,185
प्रबोध,129
नगेंद्र,26
मुड़,163
निभाना,3
उजाड़ने,153
दुलारे,26
उल्लघंन,12
क्षेत्री,109
खिड़कियां,83
लटकाया,124
कातिलों,74
घुमाया,124
पकने,156
नाड़,152
थ्रेसर,112
कष्टों,92
कड़े,135
पताका,193
संस्करण,120
बदबूदार,62
कुंए,198
गेंदबाजों,190
आंदोलनों,27
बहुउद्देशीय,129
धर्मावलंबियों,61
सब्जबाग,5
बेचू,55
लटकती,160
हैंडबॉल,33
झगड़ा,96
मेहरमा,29
बागानों,153
करवाएगी,170
फाड़ी,152
स्वीकारा,124
केलिए,6
प्रद्युम्न,8
रनियां,83
कुली,2
परोसने,179
भाले,21
विधियों,95
पहचाने,42
गारमेंट,172
हथकड़ी,20
जूझने,92
अनगिनत,118
पूर्वान्ह,113
नवीं,71
बढ़ाये,42
गुणवता,142
गंभीरावस्था,22
अपरिहार्य,60
बाटी,179
दिखेगी,170
आघात,24
बहुतायत,118
कलक्टर,54
सचेतक,114
लिफाफा,140
जोड़ती,13
ध्वजा,193
रसिया,25
सिने,90
लक्ष्यों,95
निभायी,88
तनुज,145
जुटाकर,34
चिकित्साधीक्षक,22
खाड़ी,103
बाजीगर,5
मूत्र,28
विधानमंडल,114
एनीमिया,28
बरसने,9
आत्मघाती,137
जनादेश,48
प्रौढ़,167
वैशाखी,155
स्मारकों,70
घोड़ी,20
चड़वाल,29
हमलाकर,137
मूली,46
अर्हता,148
शिष्या,31
अविलम्ब,51
नाइट्रोजन,143
रस्साकशी,96
मधुमक्खियों,99
उमड़ती,160
हटेगा,43
मुसीबतें,92
शाश्वत,189
करवाये,42
सड़े,152
एकाग्रता,181
कॉलम,140
झपकते,163
आनंदित,189
सुविधाजनक,60
तैर,103
लकीर,21
चारागाह,69
जानिए,194
कॉपियां,140
येलो,102
एकदिवसीय,190
सबल,149
रोती,10
कहानियों,120
पुनरीक्षित,133
समूची,154
बदलनी,39
रसूख,147
बुलावे,134
गर्भावस्था,28
सिफारिशें,173
पापड़,179
गुरुग्रंथ,31
हितकारी,73
नकारते,75
लाती,13
दर्शाए,42
दुबक,163
खरीददार,79
निरक्षरों,169
पहाड़,151
क्रियाएं,52
छर्रे,21
धमकाकर,53
संकीर्ण,135
सारणी,120
बेमौसमी,56
हिलाकर,41
आपसे,194
बिठाने,182
उड़द,46
रामरूप,26
टोलियों,139
प्रसंगों,120
दिलदार,65
प्राथमिकताओं,95
कलाकृतियों,70
उड़ान,158
बैकुंठ,122
नामुमकिन,3
सूझ,92
कहानियां,52
स्वादिष्ट,179
खिन्न,98
दफनाने,182
अड़ियल,82
जड़ों,37
फाड़ने,15
भंडारों,115
हटते,42
आहूति,131
कब्जाने,182
पंक्तियां,52
डायलिसिस,22
बेड़े,199
वरण,196
संवेदनहीनता,74
सेविकाएं,83
टूटते,42
झासा,30
रहनेवाला,117
ऐश्वर्या,90
हुलिया,194
तरसते,157
लगवाएं,34
वृद्धापेंशन,50
सुरों,25
पायेंगे,107
रिपोर्टिग,120
नजराना,80
रिश्वतखोरी,76
बिता,165
मोहक,188
रोया,10
रियायती,130
नापाक,168
लस्सी,179
मंहगा,79
कमीज,66
प्रजातियां,52
अष्टम,71
चढ़ाते,75
आजमाने,182
भड़के,174
सितारे,17
ध्वस्तीकरण,68
मक्के,56
पिछड़ेपन,169
लाएगी,170
डॉक्टरी,22
आइपी,106
सर्वजन,73
जनसैलाब,139
मालिनी,94
सलाद,46
गिनाते,75
वनकर्मी,47
मध्यरात्रि,113
किरणें,17
समझदारी,181
छायी,160
बिताए,165
नुकसानदायक,24
अस्वाभाविक,135
स्वर्णरेखा,18
प्रासंगिकता,142
घोंट,41
प्रणय,189
मटकी,152
बढ़ें,191
हथौड़ा,21
धागे,100
नापी,197
आलाधिकारी,54
निमित्त,131
अन्त,121
घनौली,29
नोंकझोंक,174
मंदार,72
निर्वतमान,114
मनवा,161
जागने,141
महुआडांड़,29
पूड़ी,179
लहरों,103
उपायुक्तों,19
कवच,199
नन्ही,38
वीरों,199
चिंतक,126
दहल,98
उलझन,92
अग्रसारित,67
गार्डर,110
खुशगवार,9
प्रशंसकों,119
बंटने,87
जुटाया,124
थिरकने,25
दाएं,59
स्वंय,51
उपमहाप्रबंधक,178
क्षेत्रिय,14
रामावतार,8
नुमाइंदों,147
दर्जी,58
आरोही,129
जलसंकट,171
ढूंढते,75
सरोकारों,95
बुनाई,70
छुपे,42
लोकवाणी,4
क्षम्य,135
नाबालिगों,125
विलम्ब,51
महोदय,134
तटीय,18
बटोर,111
टीले,77
गंवानी,39
त्रिपुरा,18
पतियों,132
चुराए,53
हमको,7
सचमुच,64
रामपुकार,11
शिवाय,90
हदें,52
विमुख,196
पराजय,24
हाड़,152
करूं,144
चाहिएं,191
करंसी,140
सेवई,179
तलाशते,75
सोनार,2
लिबास,66
जुगियाल,145
आचार्यो,61
अत्याचारों,101
परिर्वतन,116
फूलमाला,193
गुनाहों,57
पाएंगी,177
आदेशित,133
शिक्षको,108
कव्वाल,84
बोलीं,98
लाओ,7
अटकलों,96
योगिता,94
रंगत,186
अनुसूची,129
सजावटी,70
ख्वाहिश,80
बहना,157
पगार,111
बलगम,28
जयकृष्ण,109
महाबली,8
नरेगा,50
स्वावलंबन,73
मराठा,146
कब्जाधारियों,153
अवतरण,121
गोहत्या,69
खरीदें,79
बेलदार,0
रुकेगी,170
बिताया,165
खोजते,75
कुंजी,116
भांगड़ा,25
षष्ठी,155
चौकन्ना,98
अलार्म,106
बाघा,2
नुक्सान,24
भीतरी,104
विकासात्मक,1
आननफानन,174
स्नेही,149
राज्यव्यापी,4
सांसारिक,196
देशहित,73
रसायनों,143
आलीशान,77
सत्तू,179
रामभजन,26
बैंगन,46
हंडिया,29
बिस्तरों,16
तोड़फोड़,174
मतपत्रों,48
विद्याधन,50
न्यायोचित,135
अड़ी,20
प्रकोष्ठों,4
हुक्का,5
अंगूर,46
कैसेट,140
मानवाधिकारों,27
समझती,13
दिखाती,13
राजपथ,193
अलगाववादियों,136
धंधेबाजों,147
दर्शाई,88
औपचारिकताओं,95
सौतेले,195
नीच,196
नंबरदारों,63
विमानों,199
अनर्गल,168
अनोखे,188
जनसुनवाई,133
कुसुमलता,26
हैैं,42
लाउड,138
विकल्पों,95
पथिक,8
दादर,35
कुनबे,147
रहम,80
विश्वस्तरीय,14
दवाईयों,180
काया,121
मनमीत,94
करमाटांड़,78
आश्चर्यजनक,188
वायरिंग,110
कान्फ्रेंस,32
ऊहापोह,92
दबिशें,53
गढ़ा,124
रबर,104
सुहावना,9
रामनंदन,26
सुपरवाईजर,0
ताली,138
निर्भरता,142
सीखी,88
मिटटी,86
गौड़,109
बीचबचाव,174
जड़े,152
निराश्रित,38
चिकित्साधिकारियों,19
सेक्रेड,172
गैप,102
प्रजातंत्र,27
न्यौछावर,105
चिप,106
चकेरी,35
कूडे़,62
गुदड़ी,152
करीबियों,147
नदिया,18
विश्वकप,33
द्वीप,18
तुझे,65
बसेरों,153
भिड़ी,30
संयंत्रों,143
सराज,145
ट्यूमर,28
मंडलियों,139
अवतरित,121
बागों,129
कुर्मी,58
ओजोन,143
इसाई,61
दाढ़ी,104
रसोईघर,77
बालश्रम,12
चलानी,39
पूछकर,194
ढककर,156
आकड़ों,120
जागकर,141
मूर्तिकार,70
एड़ी,59
मतपेटियों,48
फूफा,195
अबोध,38
लड़,48
आशाएं,52
कॉमेडी,90
कुन्दन,109
दूरियां,52
विज्ञापनों,162
सड़ा,152
ऐंठ,111
माननीयों,147
जाड़े,9
चिंतामणि,31
फैलाते,75
करुंगा,144
फोड़कर,152
निर्भया,74
चिन्ता,45
करवाती,13
फैलाया,124
बैरकों,199
बेसन,179
खिलौना,70
मिलीलीटर,104
वेतनभोगी,148
सहनशीलता,181
चरवा,55
बाघों,81
राजकीयकृत,40
अव्यवस्थित,135
आध्यात्म,61
करवायी,88
कार्यकत्रियां,19
खर्चो,130
बिगड़,192
हराने,190
सुधारीकरण,68
मंगवाने,15
पर्वो,44
दर्शाती,142
टोह,163
इस्लामियां,108
गुरुवाणी,61
अनुच्छेद,129
टाला,124
कैल्शियम,143
सन्नाटे,10
मौसा,195
नाशक,129
तब्दीली,80
सोयाबीन,46
बरसाई,49
असहिष्णुता,123
उठीं,98
फरसा,21
कम्पनियों,162
निर्माताओं,162
सिंध,18
मुहल्लेवासियों,54
मिशाल,80
अष्टधातु,72
दिखाये,42
पत्रकारवार्ता,114
मोंटी,109
मैनेज,106
लटकने,87
साधुवाद,105
द्विवार्षिक,32
एशियाई,14
सूत,100
मुर्गे,187
मरते,75
बर्फी,179
ऑडियो,106
स्वयंवर,132
खोरी,76
कहलाने,134
मोड़ने,182
मजेदार,188
बान,161
कईयों,118
जत्थेबंदी,11
दुपट्टे,66
लखपत,145
घटता,197
हीन,196
तस्लीम,84
तटबंधों,198
संप्रेक्षण,40
शाकाहारी,149
रूके,42
ज्योतिषाचार्य,126
पहुंचाता,117
परिवारवालों,132
डालता,117
बिलख,10
दिखेंगे,107
रचाने,132
विष,99
हफ्तों,165
आंकड़ों,120
लुभा,150
आशंकित,98
वंशज,58
विवेचनाओं,120
असमानता,123
अपशिष्ट,143
मुड़कर,163
सुधरे,192
तुला,116
असहयोग,27
तरकुलवा,29
अड़ा,20
लतीफी,174
रिफाइंड,46
महापात्रा,109
परम्परागत,70
रक्तदाता,22
पृष्ठ,120
अपाहिज,38
पुष्पराज,26
गुस्साये,174
दुष्कर्मी,74
निकलवाकर,34
जनसमस्याएं,52
पथों,93
ताजिये,139
बासा,2
यज्ञशाला,131
दबाए,41
निष्ठावान,149
नजरिए,142
बढ़वाने,15
धड़ाधड़,152
आभारी,105
रसपान,189
डंक,99
सिधारी,29
मुख्यद्वार,77
समावेशी,73
हस्ताक्षरित,67
रोबोट,102
त्यौहारों,44
उत्पल,109
ईमान,176
रेशमी,104
जड़ें,37
बटोरने,182
दबोचकर,53
मगन,161
बहे,157
बंजारा,58
प्राधिकारी,12
असत्य,196
माताएं,38
जलाना,175
हारमोनियम,138
हिमांशी,94
यथासंभव,51
पीएं,191
बनवाएं,191
शोकाकुल,98
चलवाने,15
बिजलीघरों,110
स्थितियां,52
सुनो,7
लाशों,57
मेजरगंज,29
तांबे,86
एमकॉम,108
तिरछे,21
चमका,17
एलटीसी,50
तांबा,86
तमाशबीन,174
खोलेंगे,107
कंगना,90
जिदंगी,57
छुड़वाने,15
चंद्रमणि,26
तोल,79
भुनाने,182
मुण्डा,58
कृष्णनंदन,26
पांचवा,71
हौंसला,80
कतराने,87
फ्रेम,102
सुनिए,25
गंध,104
अमलेश,145
सुधारी,192
नग्न,125
परोक्ष,60
हनुमत,8
मिश्रीलाल,26
ईदगाहों,139
मजहबी,123
नजारे,163
मोहल्लेवासियों,54
विसंगतियां,52
फेंकते,75
साधुओं,61
ओछी,168
सहालग,115
खिसकने,87
रामचरित्र,23
अशोभनीय,135
दुनियाभर,14
आरक्षियों,19
आएदिन,174
अभियानों,199
खटखटाने,15
बैठाए,34
हीर,65
लाभों,95
वनभोज,128
पहुँच,42
गिले,65
महकमें,0
संकायों,40
मंतव्य,142
बुझाते,175
उन्होंनें,124
सैकडों,118
भाषी,14
अभिलेखागार,140
जांघ,59
पितरों,131
संगिनी,94
राजनीतिज्ञ,126
फोड़ने,15
मुहब्बत,65
बक्सों,16
चुनौतीपूर्ण,188
जुड़वा,195
ईंधन,143
ग्लेशियर,198
अदरक,46
गलियारे,77
कॉफी,102
दरबारी,146
घबराहट,45
अंधेरी,17
बढ़ाएंगे,107
श्वास,28
धब्बे,186
गृहणियों,38
शवयात्रा,137
विज्ञानियों,119
पकड़ी,53
शिकवे,65
पूर,161
घबराकर,98
समेटने,182
अपेक्षाओं,95
कटहल,46
दहशतजदा,137
मोटरसाईकिल,112
महाधिवेशन,32
गुटखे,115
चंदे,111
विद्रोह,27
बांह,59
उदास,98
धौंस,49
दुपट्टा,66
कलंकित,168
खंडन,168
धर्मार्थ,73
गृहरक्षकों,19
स्तूप,77
उधारी,130
धड़ाम,85
अमीरों,146
मंजरी,94
महासंपर्क,73
जलावन,86
वज्रगृह,4
जनचेतना,73
भागो,7
औषधालय,180
मरणोपरांत,57
फलक,116
माणिक,109
कुलपहाड़,54
एमएमएस,106
अधर्म,196
कूदे,85
ज्योत,17
कली,37
बहुराष्ट्रीय,162
रुई,104
वहाँ,64
कलात्मक,70
फेक,62
सीखना,3
नगरपरिषद,54
जुलकर,123
दलिया,46
सुनिश्चत,73
संस्कारित,73
पहनना,66
अनुपयोगी,135
फुहार,157
विघ्न,196
फौजियों,199
लिपि,167
मीता,94
धारावाहिक,90
विनती,105
जोड़,124
मकड़जाल,36
जनलोकपाल,114
तबले,138
रत्ती,46
छेड़े,20
मनाये,44
ग्रीष्मावकाश,108
चेता,171
शख्सियत,126
कृष्णन,109
बांझपन,28
बधाइयां,105
हमदर्द,80
संगीतकार,126
मंडरो,128
हस्तियां,52
करोड़ो,111
बेलसर,55
अनुरागी,26
इरादों,95
स्वार्थी,149
फूलने,87
विश्रामगृह,68
भत्तों,148
लालमणि,26
चिपक,85
नुमाइंदे,147
अंतरजनपदीय,148
करी,88
मध्यांतर,165
लाडले,38
प्रोग्रेसिव,172
कालाधन,76
निवृत,148
रुकेगा,43
त्रिपक्षीय,14
गूंजती,138
इक्कीस,97
संगठक,126
सिखाता,117
प्रतीकात्मक,60
समयानुसार,113
गैरसरकारी,14
बजाई,138
पलंग,141
बढ़ाता,117
घूसों,49
प्रेरणास्रोत,105
सुव्यवस्थित,51
मनोरम,188
पोलियों,63
चिपके,75
ईंटों,86
दागा,49
महात्माओं,61
प्रबंधतंत्र,108
त्रिशूल,72
फंसते,36
गोलाबारी,199
कलेजा,10
क्रीड़ा,33
प्रक्रियाओं,95
वीरांगना,129
बेफिक्र,163
भेजता,117
पर्यावरणीय,1
कर्ताओं,119
उठाएगा,43
करोड़पति,111
भड़क,174
भिक्षाटन,131
भादो,155
ससुरालवालों,132
जठलाना,185
स्वभाविक,24
सोता,141
फेफड़े,28
वादकारी,183
कील,21
सत्यवती,94
विलोम,116
घोंप,49
पदनाम,67
फेफड़ों,28
पशुशाला,77
संग्रहित,67
पटरियां,93
राजनीतिज्ञों,147
स्टेयरिंग,112
अनिश्चितकाल,173
शीतगृह,55
इलावा,118
हिचकोले,85
ताकतें,27
संदूक,140
गर्त,103
निस्वार्थ,73
धमकाते,75
गृहस्थ,132
फूंकी,175
वनाधिकार,12
वर्षाें,165
बीनने,62
चखा,41
फैलाना,185
लड़खड़ा,85
मौकों,118
खींचे,42
आकाशदीप,109
अर्की,54
भरें,191
बरामदा,77
मल्हार,25
खुटहन,55
प्रतिवादी,183
आयुर्विज्ञान,40
पुनर्मतदान,173
भेंटों,193
लेटे,141
टूटती,160
हमदर्दी,80
दोषमुक्त,183
झड़प,174
धंधों,5
गुंडों,147
पुलियों,16
सुलग,175
रवीना,94
विशु,155
प्रचारकों,119
पैमाना,197
लॉग,106
संभालना,3
झुग्गियां,153
यान,116
नेकी,176
जगमगा,17
घड़ियाल,81
खेर,109
धनिया,46
लिखें,191
गांधीवादी,27
अक्षरों,116
पट्टों,16
यज्ञाचार्य,31
चतुर्थवर्गीय,23
कब्रिस्तानों,153
प्रफुल्लित,189
सुखाने,104
सिकन्दर,129
गिना,124
खुजली,28
सहपाठी,108
लाचारी,101
बिल्डर्स,172
डाकखाना,35
हलफनामे,173
उगाई,56
बढ़ानी,39
उत्पत्ति,142
ढलान,151
छुड़वाया,124
जियारत,176
धावक,33
अभिमान,196
माथापच्ची,96
राक्षस,72
पिलाएं,191
लगें,191
प्रतिकिलो,197
मधू,94
कूड़े,62
संतोषगढ़,35
कुनबा,5
अरूप,109
सुहास,109
जगद्गुरु,31
रोड़े,20
रूई,104
नकलचियों,63
दिलाता,117
गिरेगी,170
दीपशिखा,94
बेंचने,79
शीघ्रता,51
उदीयमान,126
साड़ियां,83
छोड़ें,191
मातृभूमि,121
कजरी,25
न्यायाधीशों,183
मनुष्यों,196
तिलकुट,179
मनमोह,25
विनियमित,67
बनियान,66
सौम्य,149
पतला,104
चूहे,81
फिसलकर,85
मढ़,36
बाह्य,60
फेरा,41
श्रंगार,189
झुकाव,116
सप्तशती,72
सपूतों,57
झोंके,158
दुर्गति,196
सलवार,66
कात्यायनी,72
सर्टीफिकेट,106
चौकाने,76
पकड़ते,75
सुरजन,145
ठोका,49
विषयवार,120
एकमत,164
औरों,82
लाभप्रद,51
नामाकंन,133
थोड़ा,64
भक्तगण,159
जमाकर,34
अकालियों,48
जकड़,36
पकौड़ी,179
बीओपी,0
सांझे,60
अंगूठे,59
इंसानों,57
केंद्रो,4
फाटकों,77
नुक्कड़,32
गोत्र,58
ठेलों,115
शोधार्थियों,119
अस्मत,74
तीनपहाड़,78
ललकारा,20
मिटने,57
वनपाल,145
पंक्तियों,120
कुकर,156
असहनीय,101
कोक,86
मंगवाए,34
होगें,107
अंगूरी,94
तड़पते,10
बिकता,79
फाल्गुन,155
बायकाट,48
प्रहर,113
गिरफतार,53
चक्के,112
रसिक,189
सोती,141
गजाधर,26
हलांकि,64
राजीनामा,183
समपार,93
उड़,158
चीर,21
भविष्यवाणी,142
आखें,160
कापरी,2
कूड़ाघर,62
संदिग्धावस्था,137
पुजारियों,61
सम्भव,51
यातनाएं,101
नितांत,51
पथरगामा,29
बढ़ाती,13
मूल्याकन,1
बागियों,48
अप्राकृतिक,135
मिर्गी,28
गोपियों,189
सात्विक,189
याचना,173
बैनामे,50
दीपमाला,17
सौतेली,195
ग्वाल,8
टैक्सियों,112
भक्तिभाव,189
यत्र,121
ताकतवर,149
मनमाफिक,5
मुख्तियार,84
मारवाड़ी,58
रुखसाना,84
आइटीओ,55
टेंपों,112
कंछल,145
स्वांग,5
लड़कर,20
रौद्र,72
वेग,116
संवेदनहीन,135
सितारों,17
पाशा,84
प्रेक्षकों,119
मसौदा,173
चतुर्भुज,72
चुनना,3
क्रियाकलाप,95
कार्यान्वित,67
हलधर,8
दुश्वारियों,92
सड़ी,152
विमुक्त,196
उगते,37
उखड़ी,152
बांधों,198
आबरू,80
पिटारा,166
गाये,25
पक्षकारों,12
रेडिएशन,143
हटना,3
चीत्कार,10
हटी,160
तरसे,157
सहने,101
उपसभापति,114
दफ्तरी,0
दीपोत्सव,44
कंपाउंडर,22
पटे,62
निविदाएं,133
छींटे,157
तेवरों,166
उतारते,75
दुष्प्रभावों,95
जाएगें,107
बांटना,185
एमएसएमई,172
विदेशियों,136
फव्वारे,77
मोहल्लावासियों,54
जुड़ेंगे,107
सूर्यास्त,113
परोसे,179
मारपीटकर,174
हंी,184
गंवाकर,190
हैक्टेयर,56
चौपालों,139
याचिकाओं,173
विद्याभूषण,26
शहरियों,139
निगहबानी,80
बनवाये,34
शिल्पकार,70
बामुश्किल,97
अगवाई,53
रोड़ेबाजी,174
भद्दी,166
बेबसी,45
प्रेजेंटेशन,129
श्रमजीवी,169
हताशा,45
तन्मयता,189
विधानसभाओं,114
कालीबाड़ी,35
ज्वलनशील,143
खाज,28
स्थिरता,181
झुमकी,66
फैक्ट्रियां,83
बंसत,109
अग्रहरी,26
राजहंस,187
दानव,72
चटक,186
मार्चपास्ट,33
रिक्तियों,148
कुमाऊंनी,167
नंगा,168
अभिभाषण,114
डालनी,39
धनाभाव,24
संपोषित,1
पोस्टों,120
ऋणी,121
कर्मशाला,4
षड़यंत्र,168
पड़ोसियों,195
टपक,157
काठ,86
सूचियां,129
हिंदु,136
डिवीजनों,199
थमाया,34
प्रतिशोध,74
रातें,9
पलटते,163
अन्तर्राष्ट्रीय,14
वाक्य,142
यूनिवर्सल,102
विकल,98
मुखबिरी,53
भगोड़े,20
छात्रसभा,48
सर्वपक्षीय,89
अस्तव्यस्त,24
लड़कियां,125
ढहाने,77
क्रीड़ाधिकारी,178
बूंदे,157
वसीयत,140
हडकंप,127
चोटियों,151
धोकर,156
कैच,190
आश्चर्यचकित,98
भेजेगा,43
उत्साहपूर्वक,32
एकांत,189
पूर्णकालिक,148
दोहराते,75
हैवानियत,74
स्वीकारते,75
भदानी,109
बिछिया,55
अछूते,42
महामंत्र,131
भेजेगी,170
रस्सा,21
बाजारी,115
सेवामुक्त,148
झाकी,30
सेन्टर,172
भूला,57
कॉन्वेंट,108
उपले,86
पहरे,199
दाखिलों,108
झाग,157
पांडाल,139
अभ्यार्थियों,148
शावक,81
ढूंढ़ने,182
मैक्लोडगंज,35
मंझौल,55
उभरकर,142
घूंघट,66
सुमेधा,94
निशानेबाजी,33
टांक,66
मूल्यवृद्धि,130
महाप्रसाद,159
खेलेंगे,107
चतुर्दशी,155
उल्लू,81
अटकलें,52
सभाजीत,145
रखेंगी,177
डिस्ट्रीब्यूटर,172
लोकगीतों,25
आश्रमों,61
बिकती,79
नहीें,64
खुन्नस,82
तन्मय,94
गोंड़,55
नक्सलवाद,27
टली,173
किरायेदारों,153
निरंकार,31
मुख्यमंत्रियों,114
जनमत,48
रौंदते,85
स्तन,59
अनुपलब्धता,92
मईया,161
मनोकामनाएं,159
सरलता,181
जांबाज,199
कोऑपरेटिव,172
चित्रकारी,70
धन्ना,2
उतरेगा,43
ताजिए,139
बबूल,37
खटकड़,184
अचंभित,98
नमामि,159
तेरहवीं,71
उभरे,42
ढैंचा,56
जूतों,66
उसमान,84
रूकी,160
अटी,160
पताही,55
लड़ेगा,20
पुष्ट,51
कृमि,99
प्रधानाचार्यों,19
जकात,176
घसीटते,85
भाली,2
ऊबड़,152
प्राक्टर,0
भंडरिया,29
कालकाजी,35
रतनी,55
चलित,116
रोटियां,179
एकीकरण,1
दारागंज,35
चित्रांश,109
बेलपत्र,46
दुस्साहसिक,135
दीवारी,77
दहाड़,10
जलाएं,191
यथार्थ,142
मचाकर,127
बौखलाए,174
कदमताल,5
दिशाओं,116
अंधड़,9
विश्वसनीयता,181
बदरंग,186
सितार,138
ओलंपियन,33
बूढ़ा,117
जिम्मेदाराना,135
गद्दे,66
लटककर,85
लुभावने,188
सरगर्मियां,48
आवेदनकर्ता,50
चुटिया,2
पड़ाव,18
करेला,46
मेदांता,22
गाड़ा,152
परवल,46
करतीं,13
रात्रिकालीन,113
नजरबंद,183
हफ्ता,165
द्विपक्षीय,14
खिंचाई,166
पुर्जे,112
झुका,163
क्षेत्रवाद,123
गोष्ठियों,32
खटक,82
पढ़ाए,108
उबरने,182
युधिष्ठिर,8
सौदागरों,147
आसनों,131
शर्तों,12
टॉकीज,90
अंधे,82
अक्षित,23
उल्टियां,28
ब्रहम,72
शराबे,127
महावर,109
लड़ाने,20
राजयोग,72
कत्थक,25
अचेतावस्था,10
मनाएगी,44
झंडारोहण,32
यथास्थिति,12
अधिकारीगण,4
अनुलोम,131
खूंखार,81
चालाकी,168
अशक्त,24
नवयुवकों,119
कैथोलिक,61
छिड़ी,96
अन्वेषण,142
जलकुंभी,198
भैंसे,69
प्रकाशक,126
जनतंत्र,27
अपेक्षाएं,52
निकलवाई,34
तात्कालिक,60
पेंशनधारकों,50
पोटाश,86
वैराग्य,196
चक्रमण,4
पुराणों,121
निशानी,80
दानपात्र,159
वाशिंगटन,102
परिषदों,4
प्रश्नपत्रों,108
वेदना,45
गनमैन,0
एन्क्लेव,35
पतित,196
रमणीक,188
मिलनसार,149
सुप्रीमकोर्ट,173
दीपदान,131
विभक्त,116
उहापोह,92
नरबीर,145
गुढ़ा,55
छिड़काव,156
सहमी,160
बाबजूद,92
चित्त,196
चक्रव्यूह,36
कर्मा,2
जासूसी,168
शमिल,42
मीलों,151
छुरा,21
संभ्रांत,169
तसल्ली,45
जलूस,139
मेन्यू,106
बेगुनाह,183
त्रुटिपूर्ण,135
एसवी,109
पपरोला,55
चूका,64
खरीददारों,115
पकड़कर,21
ओझल,163
पांडा,81
मुदित,109
सरपट,85
सहमा,117
आवाहन,131
सप्तम,71
दातों,41
अद्वितीय,188
दाहिना,59
कटाने,15
महासमर,167
पूर्वज,58
भलीभांति,51
कटेगा,43
लूंगा,144
जाबिर,84
बोलता,117
छूकर,163
फुटा,30
कुबूल,176
छानी,55
खोए,42
नीतिगत,1
छक्का,190
भ्रष्टाचारी,147
जनसाधारण,61
रामदुलारे,26
नोच,41
संहार,72
फावड़े,152
मराठी,167
जलीय,143
दसवां,71
निर्णायकों,119
क्यूं,194
निभाता,117
भिडंत,137
लाट,2
प्रतिफल,130
वृत्त,116
दड़ा,184
अष्टभुजा,72
कपड़ों,66
रोपने,56
बबुआ,195
प्रेत,72
बैठेगा,43
पहुँचे,42
पकड़वाने,15
उपजिलाधिकारियों,54
आलिम,176
अफ्रीकी,14
चालन,116
सीखें,191
अस्वीकृत,67
पूर्णमासी,155
गद्दीनशीन,146
लपट,175
आठों,118
कर्मचारियो,19
पंसारी,115
गाड़ने,15
विश्वस्त,134
जनांदोलन,27
विभीषिका,171
हस्ताक्षरयुक्त,89
कलाकृति,70
पहियों,112
वायुमंडल,143
उद्घोषक,126
सुला,141
लटकाने,15
गुणवत्तायुक्त,1
मेवाती,2
रोकें,191
दण्डाधिकारी,178
बाड़,152
चलनी,39
शेरों,81
शरारत,166
सदल,26
भैंसें,69
जुड़ते,42
हमराहियों,53
लड़नी,20
कांफ्रेसिंग,106
जाबकार्ड,50
रोता,10
सताता,117
शहीदे,84
उसमे,118
परिनिर्वाण,131
ट्रासपोर्ट,172
उबारने,182
आषाढ़,155
जमीं,151
साहसी,149
पर्चियों,140
निलम्बित,173
चटाई,86
उन्माद,45
टपकने,157
छुड़ाकर,20
आहरित,50
चुकीं,88
रूह,65
पक्षीय,60
छोड़िए,82
सतरंगी,186
संचरण,116
नाचे,25
वर्दीधारी,0
पारंगत,70
हरीपर्वत,35
पाचवीं,71
वाशिंदों,153
मिचौनी,163
नवसाक्षरों,167
दृश्यता,116
ऋतुराज,109
भेजनी,39
जनसंवाद,32
सर्वेयर,0
उपक्रमों,162
गम्भीरता,142
धधक,175
बैशाखी,44
विषैले,99
पतवार,103
कश्मीरियों,136
मांगेंगे,107
शोधार्थी,126
पलटन,199
कोरा,140
बायां,59
बौर,37
टैक्टर,112
कोला,102
घुल,157
लकवा,28
मूर्ख,82
दिलाये,42
पंचांग,155
बढ़ायी,88
विलक्षण,188
दबाब,24
ऐंठने,111
जनसहयोग,73
न्योछावर,105
लाएगा,43
सहुलियत,92
नौसेना,199
शिक्षाविदों,119
डलवाया,34
बिसंडा,55
दिखना,3
बूझ,82
गौवंश,69
गोवध,69
पर्यावरणविद्,126
कार्यकर्ताओ,48
यक्ष,72
कन्याएं,83
मिलाते,75
करूणा,189
परवाना,65
बारीक,104
राष्ट्रवाद,27
टेंपू,112
नवयुग,167
मढ़ा,21
तपस्वी,149
गुब्बारा,158
सौदे,162
बगीचों,37
जिलेवासियों,19
भूलना,3
सकने,6
इकलाख,84
कलमबद्ध,120
सियार,81
कर्जे,130
जलसंस्थान,110
जबर्दस्ती,168
उभरते,42
सदाचार,196
गरमाया,96
पत्तियां,37
बढे़,197
ढोलना,2
बेचारे,82
त्रैमासिक,167
फूलन,2
क्लेश,196
उदासी,45
संघर्षशील,149
अव्यवस्थाएं,52
हिमायत,80
पालिकाओं,19
जांचे,140
मौला,176
विहंगम,188
लूटेरों,53
कीड़ों,99
तिलकधारी,26
नृत्यांगना,94
मिशनरी,61
यमराज,72
बैरीकेडिंग,139
अस्वीकार,164
मारता,117
अनुसेवक,178
क्रूर,74
टिफिन,179
बिंदी,186
रडार,199
भूकंपरोधी,68
सर्वहितकारी,73
विश्वसनीय,60
स्पर्शाघात,24
मध्यमा,59
उकेरा,188
डटी,160
निमित,51
तौहीद,176
फुलवारी,37
पटवाई,29
एलोपैथिक,180
तलाब,198
जमुनिया,29
हनुमंत,8
तोरण,77
गर्भाधान,131
बूंदाबादी,11
साइटों,162
कराके,34
तराशने,182
बमबाजी,174
समंदर,103
फंसता,36
छिपकर,163
छुपाकर,163
स्मार्टफोन,106
पकड़ाया,34
पढ़ेंगे,107
श्रोत,60
अंबुज,109
प्रकाशकों,119
किराएदारों,19
प्रयत्नशील,73
स्वामीजी,31
टहलते,163
स्पार्किंग,110
कहलाता,129
जीए,57
त्यागने,182
रोपा,56
रस्साकसी,33
समझो,7
मान्यताओं,95
खुलना,3
सहमती,164
विसरा,22
शूरवीर,146
विकासशील,14
रामनरायन,26
धमाकेदार,90
कूपों,198
भड़काऊ,168
ताबूत,77
अजनबी,65
सानी,80
शिकागो,102
भीगने,157
वामन,8
पट्ट,193
सवेरा,17
अन्तर,142
पहनें,66
उलटा,82
समयसीमा,173
विवादास्पद,135
कंसल्टेंट,172
प्राप्तांक,148
दिलासा,164
जीभ,41
मोहभंग,45
आक्रांत,24
जगतपाल,26
बुझने,175
पक्कीकरण,68
पाठशालाओं,108
स्थानक,93
रातोंरात,134
जिलाध्यक्षों,19
सूरजमुखी,37
पतरघट,184
जिधर,163
कुंभकर्णी,141
संबल,73
उन्मुखीकरण,116
हेडकांस्टेबल,0
बरतना,181
लादने,182
सुगंधित,104
बेधड़क,82
सोचता,117
भोजराज,8
वन्दना,94
मर्मज्ञ,126
कटोरा,62
अपर्याप्त,24
खोई,160
मोमबत्तियां,83
अशांत,24
मिटाना,3
ग्रीष्म,9
गतिशील,116
पड़कर,20
आदर्शों,95
सम्यक,142
प्रत्यक्षण,60
बस्ता,21
नियमत,133
मिलावटखोरों,115
दृश्यों,188
बिसात,5
लिफाफों,140
निर्वस्त्र,125
बंदे,82
परायण,196
भोजनालय,115
अदब,80
हुनरमंद,149
बैकलॉग,148
जड़,37
प्रश्नकाल,114
गुणवत्तापरक,73
कूड़ों,152
राहगीरी,139
रामगंज,29
क्षेत्रवार,4
न्यायलय,183
हजूर,82
चुनचुन,30
प्रखंडस्तरीय,78
निकालें,191
कॉम्प्लेक्स,172
जुटाना,3
पल्लेदार,0
अदालतें,183
नम्बरदार,2
कूलरों,110
विभूतियों,119
बैंककर्मियों,47
आडिशन,90
जुटते,139
गठिया,28
चन्द्रमोहन,26
नीबू,46
एक्सल,102
टूटता,117
अटके,42
मुरादें,159
त्रिकोणीय,116
समधी,195
उत्तरदायी,67
बाटने,182
तारी,80
हिचक,164
अस्थिरता,24
सब्जीमंडी,35
भूतेश्वर,122
आंसुओं,157
कांग्रेसजनों,48
बछिया,69
कडे़,174
टप्पेबाज,53
मतदानकर्मियों,47
उत्तराधिकार,12
प्रलय,171
राज्याभिषेक,129
द्वारों,77
निरस्तीकरण,173
ठोंका,49
सौदेबाजी,76
मकबरा,77
चिनाब,198
ज्योतिबा,58
परिभाषित,67
घसीट,85
लाशें,137
दरिंदगी,74
बसंतराय,23
गस्त,0
पोस्टकार्ड,140
तड़के,113
वीरा,94
नवोदित,126
पिंजरे,187
कोप,101
पंचायतराज,54
निभाती,13
ध्यानार्थ,67
क्षेत्ररक्षण,190
वयस्क,129
कंगाल,111
भाग्यशाली,149
दिनरात,5
मुक्केबाज,33
शैतान,82
अवनीत,145
डराया,124
थपथपाई,49
राजपति,26
लावा,157
चिल्लाते,75
ढूंढे,42
खिलवाड़,168
सोकर,141
बहुप्रतीक्षित,90
हेल्मेट,66
महाकवि,167
जगनारायण,26
चिकनी,104
मोरम,55
प्रस्तुती,188
अधिसंख्य,169
मंचों,119
तोड़ती,160
डोरी,100
मैट,102
यदा,5
सम्मलेन,32
कौतूहल,45
तुलनात्मक,142
गोवंशीय,69
जुटना,3
क्रंदन,10
जलधारा,198
सम्प्रदाय,61
बालीबाल,33
पल्लव,109
कथाओं,120
औलाद,80
फटकारा,174
कुंद्रा,90
नौकरशाही,147
पड़ते,42
मिलजुलकर,123
उपमा,142
खिलौनों,16
उंचाई,197
थोप,168
चिन्हों,193
जातीं,13
भुवनेश्वरी,94
बकरों,69
सिकुड़,152
महानायक,27
कालिख,186
प्रताड़ना,101
गऊशाला,35
कुमोद,145
बोया,56
विपत्ति,171
प्रायोजक,162
शहंशाह,146
जीवाणु,99
पेटियों,62
डालती,13
अमर्यादित,135
उभारने,182
ब्रह्मलीन,31
सिखाती,13
चूहों,99
शौकीनों,5
पंथक,184
महासंग्राम,27
खंबे,77
घड़े,152
सुलझने,96
चढ़ावे,159
स्वर्णजीत,26
सुधारों,1
मंगलमय,105
सभास्थल,139
फूलमालाओं,139
उत्साही,149
आयामों,95
निर्विघ्न,51
खेलता,117
सोपान,116
उलाहना,164
जुझारू,149
आंकड़ा,197
सट्टेबाजी,76
धराशाई,85
सिकरी,29
उभरा,117
सेवाश्रम,31
तराजू,21
मूलवासी,58
बूटियों,180
दीवाने,65
फुहारों,9
लाभपात्रों,50
तटों,103
लक्षित,67
नौकरों,146
दंपतियों,132
सबला,129
डग्गामारी,174
बहेगी,170
जोड़ें,191
इम्तिहान,80
राजाओं,146
खदेड़कर,20
जुड़,42
लिपटा,41
वसुधा,94
शिष्ट,149
पदकों,33
तीनो,118
घिनौनी,74
तयशुदा,130
झेलम,18
पीडीएफ,106
जोहड़ों,184
नौकरशाहों,147
रचाई,132
सीआइआइ,114
कदा,5
सम्मेलनों,32
नकाब,66
स्थानीयता,142
सावधानियों,95
राष्ट्रीयता,123
आदमकद,193
कुर्बानियों,57
खुलवाए,34
आरंभिक,60
जिनपर,118
ठिठुर,9
लुटने,53
धड़ल्ले,5
तानाशाह,134
पुट,166
चुनें,191
अन्त्य,116
नवजीवन,121
मौसेरे,195
पतंगों,187
हिमगिरी,8
स्वर्णा,94
टांके,59
झोंकने,182
निडर,149
जौड़ा,78
हिलने,87
सदभाव,123
जनपदवासियों,19
विग्रह,72
थामने,182
ज्ञानेश,109
गुलमोहर,37
बहुमुखी,188
सड़ांध,152
बेदाग,150
मनीषी,126
निगला,41
नाखून,59
अशरफी,84
अनूठे,188
सेनीटेशन,172
जनशताब्दी,93
गिरफ्तारियां,183
संगीतमयी,25
धर्मनिरपेक्ष,27
कपाल,59
कारिंदे,147
विच्छेदन,129
प्रभावों,95
हृदयाघात,28
चोरो,53
सर्वत्र,121
सहूलियतें,52
पाश,100
काटता,117
आवेश,116
हलकी,154
सिमटी,160
पूर्वमंत्री,178
दुखियों,196
मंहगी,79
शैय्या,141
गिद्ध,187
प्रबन्ध,1
वन्यजीवों,81
नाकामयाब,6
जीवनदायिनी,121
मैदा,179
बदलें,191
अंगुलियां,59
उनकों,119
प्रतिवेदित,67
किक्रेट,190
खट्टा,46
दुधारा,29
बचेगी,170
कार्यवश,32
वियोग,189
गोसेवा,73
भाल,161
त्रेहन,109
प्रस्तुतीकरण,120
हेमन्त,109
नाविकों,103
मफलर,66
विन्देश्वरी,26
तड़पता,10
गोचर,71
गिराई,88
घसीटा,124
मस्ताना,65
मनाएगा,44
पहुंचेंगी,177
निरोगी,180
मालगाड़ी,93
प्रशिक्षितों,148
दौड़ाई,163
पालिटेक्निक,40
परिणय,100
चन्देश्वर,23
प्रदेशस्तरीय,4
चूकते,168
प्रस्तुतिकरण,188
संकटमोचन,159
डीग,77
दफनाया,124
अधीर,98
भरेगा,43
लहलहा,56
दमयंती,8
सहसंयोजक,178
पीड़ित,28
ज्वर,28
मोटरों,110
निरंकुश,146
अरोप,168
अनगड़ा,184
गांजे,53
उमड़,157
प्रजा,146
ओटीएस,50
कर्मभूमि,121
विकारों,28
पश्चिमशरीरा,29
धानी,2
धर्मशालाओं,139
उत्तरपुस्तिकाओं,108
बेघरों,153
कालागढ़,35
जीर्णोद्वार,68
अंधी,154
रूसी,14
चुराते,75
गोता,103
समुद्री,103
बिड,102
उभरी,160
रुकवाकर,34
हौज,77
सेकंड,197
घेरेबंदी,199
दास्तान,57
कबूला,53
बौखलाहट,45
मुर्दा,57
पकी,86
नवविवाहित,132
समझाना,3
नाविक,103
ओवरसीज,172
प्रज्वलन,116
पट्टीदारों,58
मूरत,159
बिगड़ने,192
वार्तालाप,96
पक्षकार,183
फेलोशिप,40
जाऊंगा,144
फोड़े,152
बछड़ा,69
उदयन,109
रुतबा,80
बल्लियों,16
तनिष्क,109
कंडाघाट,29
अतरी,29
हमराही,65
सूती,66
सहमंत्री,178
पंगु,24
नवसाक्षर,167
अर्थशास्त्री,126
हांलाकि,64
घड़ा,152
अंगुलियों,59
कथाकार,126
सुननी,39
वितरकों,162
बनावट,70
लिपट,10
दर्शायी,88
डेयरियों,153
बनिहाल,93
आकाओं,147
महायोजना,68
उतरता,117
ऊंच,196
उछलकर,85
जिलावासियों,19
प्रमाणीकरण,67
संघर्षो,95
पट्टीदार,58
विशेषताओं,95
कच्छा,66
गमले,37
गजानन,159
मचाए,127
मूंद,163
फाड़कर,152
बोलो,7
परोसी,179
बजबजाती,160
वात्सल्य,189
झुके,42
नौकरीपेशा,169
सुहानी,9
हस्तगत,51
प्रतिघंटा,197
प्रयोगशालाओं,40
छज्जे,77
मेहनतकश,169
विनाशकारी,171
वजीफे,108
दूरबीन,116
मोटरें,110
अमान्य,67
तैल,86
नर्सों,22
मोर्चो,199
पुतलों,193
जेहाद,136
शोधित,143
पूछना,194
छत्ता,99
अटे,152
निरोधी,180
आयेदिन,174
ऑटोमोबाइल,162
लेखनी,167
अत्यन्त,51
झांक,163
धानक,145
गीली,104
धनसार,29
खच्चर,112
भिक्षुओं,61
दुबकने,163
भूली,160
फरमाते,176
विचारक,126
उपमहानिरीक्षक,0
इंगित,67
कोपा,33
आइकार्ड,106
निहंग,2
क्षीण,24
हवालाती,53
जीवनदान,105
उठवा,34
गर्भाशय,28
राक्षसों,72
थलग,123
कट्टरपंथी,136
सामग्रियां,52
मुख्याध्यापिका,108
आतिथ्य,1
प्रदेशवासियों,73
कमाऊ,111
तरणताल,33
प्रश्नचिन्ह,142
सुसंगत,60
अरुणेश,109
आंकड़े,120
निपटाएं,191
परदेश,161
छूते,75
बोझा,21
पत्नियों,132
सिमकार्ड,106
जाग्रति,73
बढ़ीं,160
बस्तियां,153
मामलें,76
गिरोहों,147
राष्ट्रभाषा,14
लोट,85
बढ़ेंगी,177
छुआछूत,123
ममेरे,195
बेवकूफ,82
मंडराते,163
भराने,15
बिजौली,29
हिंदुस्तानी,136
महालेखाकार,4
इतिहासकार,126
सहायतार्थ,67
बरसाए,49
खोमचे,115
मुरीद,80
मूसलधार,9
कसेगा,36
ग्रामोदय,73
शक्तिमान,149
हंगामेदार,96
दस्तों,199
ब्याही,132
ऑर्गेनाइजेशन,172
रसोईयों,19
कचरों,62
महाशय,134
बढ़ई,70
ठाकुरजी,159
जिलापाल,23
बिखेरे,150
चमड़ी,152
पोटली,100
मंत्रीमंडल,114
प्रेरणादायक,188
बहुसंख्यक,169
राजमार्गो,93
प्यासा,65
खोलेगा,43
महाकाल,72
झंडों,193
बारदाने,115
परामर्शी,4
सिरका,104
संस्मरण,167
जीओ,7
चीखपुकार,127
गैरमौजूदगी,164
कलाकृतियां,70
उड़ते,158
उर्सला,22
सूर्यवंशी,8
धुरी,129
खींचते,75
सायंकालीन,113
मड़हे,184
अलमारियों,16
पाचवें,71
प्रवेशपत्र,108
झुकना,3
पहुंचाती,13
गोते,103
दरिंदों,74
जानो,7
इंकलाबी,27
छुड़ाओ,20
लपटे,175
किस्में,52
मंगली,132
खेतिहर,169
फायदों,95
दूंगी,144
उसरी,55
दोस्ताना,135
विद्यार्थियो,108
दरोगाओं,19
जलवे,150
गिट्टियां,83
अंबे,159
झोपड़ी,77
वीवीआईपी,114
उद्गम,121
छत्तीस,97
समूहगान,25
कार्यशालाओं,32
तुष्टीकरण,123
भगाना,185
उपदेशों,61
तरबतर,157
सासंद,114
छला,101
मनचाहे,118
खाएंगे,107
बटोरीं,88
जयहिंद,109
घृणा,123
जयन्ती,44
विस्तारित,67
पांडवों,122
आईबी,0
सांभर,81
डांटा,174
शिक्षकगण,108
पंछी,187
उपेक्षापूर्ण,135
पिछवाड़े,152
कुप्रभाव,24
निरक्षरता,169
बैरी,2
शालीनता,181
जानकारिया,120
सीलन,9
सदस्याओं,32
बदलेंगे,107
ठहाके,166
मूलमंत्र,73
अंगदान,73
कंबलों,16
कृतियों,167
जियो,7
घूमे,42
उत्कृष्टता,91
आत्मबल,181
यात्राओं,93
सुहागिन,132
गजलों,25
जयकिशोर,26
यूपीएसआइडीसी,172
अड़चनों,92
भटकता,117
विशेषाधिकार,12
पिछड़ने,190
बीजी,94
हस्तकला,70
मास्टरों,108
पाताल,72
धराये,53
शुदा,132
धर्मों,61
समीकरणों,95
कस्सी,21
वसूलना,130
नेत्रों,189
छपे,140
बायोटेक,172
ईडब्ल्यूएस,172
नाकामियों,92
तीर्थकर,122
सशंकित,98
उपजा,45
पदस्थ,0
इजाफे,197
सिंधू,190
प्रतिमूर्ति,181
धर्मकांटा,35
रीचार्ज,106
मामी,195
उपनगरी,35
दिनदहाड़े,53
मिर्ची,46
अंधा,82
सौंपना,3
अग्निशामक,137
अनुक्रमांक,133
शहरीकरण,1
निभाए,42
गड्ढ़े,198
पुड़िया,86
समस्यायें,52
रजिस्ट्रीकरण,133
पिंडी,159
अनिश्चितता,92
भरभरा,85
अपराहन,113
लोटपोट,166
इंवर्टर,110
कप्तानी,190
कार्डों,50
इर्दगिर्द,151
गुमान,80
खड़क,184
तौलिया,66
भतीजों,195
सामाग्री,120
झुकने,87
गिटार,138
वैष्णों,159
पीता,117
कछुए,187
जोतने,56
देवों,72
कारतूसों,199
ताज्जुब,98
सचखंड,93
पुकारा,124
प्रशंसक,126
मंदा,161
असुर,72
सहपाठियों,108
संक्राति,155
सुरक्षात्मक,60
दाताओं,162
होजरी,66
फसाद,123
धावकों,33
गुप्तचर,199
निशी,94
कीचड़,62
पट्टिका,193
उगा,37
आरोपपत्र,183
कावेरी,129
बौना,134
कायदों,12
टपकता,157
किशोरावस्था,24
एकरूपता,142
सप्ताहभर,165
मदनपाल,145
घृणित,135
स्तरोन्नत,4
देशवासी,121
कोपभाजन,134
हैलीपैड,77
सशर्त,173
सोसायटियों,19
समीति,4
फासला,197
फहराकर,193
अनुष्ठानों,131
युगों,121
खड़ंजे,184
पर्यवेक्षिकाओं,63
रखवाने,15
हृदयगति,197
वीरगंज,29
निराकार,72
लेखिका,126
पथावरोध,24
नवरात्रा,155
रबड़,152
चाबुक,49
रोशनदान,77
टेढ़ा,21
नकलविहीन,4
राबिया,84
चक्रधर,109
मुल्कों,136
सहना,101
श्रद्धाभाव,159
सुधारक,126
फैलाए,36
गीला,104
झगडे़,96
खलिहानों,151
लोटा,62
दृष्टिहीन,38
स्वरूपानंद,31
टेक्निशियन,22
धुत्त,82
बचेंगे,107
ढली,160
हैजा,28
पसारने,87
किस्से,166
तांगे,112
आबोहवा,9
खुमारी,141
अहित,196
प्राणघातक,24
अतिकुपोषित,38
कर्णधार,134
कीटाणु,99
रूपक,167
श्राप,72
सुंघाकर,53
नातिन,195
शाहपुरकंडी,35
चौंका,98
पटकथा,90
बड़की,30
नृत्यों,25
अंकतालिका,108
मोहरा,5
दरक,85
गृहरक्षक,178
महारत,91
सुगमता,51
मतपेटिका,140
डलवाई,34
सजाओ,7
परामर्शदाता,126
दोना,179
बेजुबान,10
हिमायती,27
बुलाते,75
जानेंगे,107
छुप,163
कमेंट्री,166
गिन,111
मुल्तानी,104
धुल,157
तर्कसंगत,135
संयत्र,143
पाचन,28
खौफनाक,74
डाक्यूमेंट्री,90
रिजवाना,84
चुनेंगे,107
एंकर,126
प्रोटोकाल,12
गिरवर,145
मनोचिकित्सक,22
जनहानि,171
कुंवरपुर,29
पकाया,156
समान्य,60
नोटरी,140
सदगुरु,31
जोड़े,42
सुर्खियां,166
संजीवन,8
शिवमय,122
समझदार,149
कफन,66
कलुआ,2
सुबूतों,183
टहनी,37
खरोंच,104
जन्मों,57
जिन्दा,57
कावड़,30
छिड़,96
सर्वमान्य,142
चादरें,83
केन्द्रित,142
शंखधार,145
छठव्रतियों,139
पहुँची,88
तमाचा,49
वफादार,134
स्वजल,54
छात्रनेताओं,19
वधु,132
फिरता,117
इश्तेहार,140
अपराजिता,94
निर्मलता,181
शीशों,16
छात्रहित,108
सम्बन्धी,60
उड़कर,158
कांगड़ा,35
पीटे,49
भिड़ा,20
रेंगी,177
गड़बड़ी,154
ओरियंटल,172
परित्याग,196
लटकाए,163
मसानी,2
बहुमंजिली,77
कमाना,185
दानवीर,134
सहकर्मी,126
अर्धसैनिक,199
स्वीकारोक्ति,164
ऑल्टो,112
विकृत,135
छात्राओ,108
आड़े,36
बेमिसाल,188
फलाहार,131
रतजगा,141
पहरेदारी,199
सर्वसमाज,73
ओली,109
गुरदर्शन,145
सुपुत्र,109
निपटना,3
खड्डों,198
पडा,3
पर्वतारोहण,33
जोताई,56
लौटाई,130
देशद्रोही,168
चोखा,179
पंजे,59
रहस्यमयी,188
अनुपूरक,60
आयुक्तों,19
मुखलिसपुर,29
रिवाजों,95
संख्याधिकारी,178
अंदरखाने,48
शरणार्थी,136
जन्मी,38
ठुमके,25
ग्रामपंचायत,54
गृहों,4
अर्दली,0
सदस्यगण,114
पिंडदान,131
संपुष्टि,133
थाल,193
तगादा,111
दाहिनी,59
फिदा,65
झपकी,141
जुटती,139
जेवरों,66
रेललाइन,93
तुमने,7
नन्हा,38
उठवाने,15
भंगहा,184
गदर,129
मिलवाया,124
रहनुमा,80
अलंकृत,193
जागते,141
अफवाहें,52
दिलवाए,34
कतारे,83
झपटकर,85
परमाध्यक्ष,178
ओढ़,66
जुगलबंदी,25
लेटा,141
जाओगे,7
भवसागर,103
दंडनीय,12
पढ़ाएंगे,107
पकवानों,179
राजवंश,146
बजती,138
माडलिंग,90
बस्तीवासियों,63
एसआइबी,78
अनुकरण,142
कटार,21
थपथपा,49
लगवाये,34
इन्दु,109
मुहैय्या,6
चढ़ना,3
ऋषियों,61
झोंका,158
मुखबिरों,53
मिटाकर,123
सांपों,187
उतरीं,160
दर्शनीय,188
उपकुलपति,114
तुड़वा,152
वास्तु,70
अम्बा,94
जलस्रोत,198
ढीला,59
शिरोमणी,31
वादिनी,94
गैरहाजिरी,174
अनन्त,189
इतवार,113
खेतासराय,29
मक्खियों,99
जयमाला,25
दमनकारी,27
झाला,2
पिछड़े,169
समंवयक,4
दानों,46
संघर्षपूर्ण,121
हारा,190
गतिमान,116
लिखवाने,15
परमपिता,72
दीप्ती,94
मूर्तरूप,73
स्टेडियमों,139
साढ़ू,195
बेडों,16
पिचकारियों,16
प्राधिकृत,67
सीम,21
सीखेंगे,107
कार्याधिकारी,178
त्रिलोकपुरी,35
भाषणों,166
खोलेगी,170
सारंग,8
छोड़ी,88
धमाचौकड़ी,127
जगे,141
निकालेगी,170
प्रान्तीय,14
कोठा,77
लिखवाया,124
दर्शनशास्त्र,40
गोधन,69
फिटर,0
संतो,61
तैराक,33
मतदानकर्मी,47
कमाते,111
चूने,86
निकुंज,109
धमकियों,101
घुटना,59
रस्में,132
कुरीतियां,52
कुचक्र,36
डरी,160
कांजी,46
सटोरियों,115
प्रचुर,91
सिनेमाघरों,90
गगनभेदी,138
लोकसेवा,148
रेहड़ी,115
जयंति,44
सामरिक,1
अभिसूचना,4
सोचें,191
पहचानते,75
कुशाग्र,149
गिनाया,124
प्रतिनियोजित,89
अध्यनरत,108
पात्रो,120
कब्जाया,124
विंध्य,18
बैर,123
घुमंतू,58
महासमिति,32
क्षेत्राधिकार,12
चेतक,81
क्षेत्राधिकारियों,19
हुस्न,65
हीमोग्लोबिन,129
दबाना,185
गुंडई,147
लम्बा,165
मोटापे,28
रिक्तियां,148
झगड़े,96
चौकीदारी,0
रूस्तम,84
सहिष्णुता,181
टकराते,85
निबटाने,96
अंगवस्त्र,193
ओवरलोडेड,112
सजाएं,191
अक्षुण्ण,121
झिझक,164
बावड़ी,198
करनेवाली,154
मिलाई,88
वाचस्पति,109
भ्रमणशील,149
टूटना,3
निन्दा,168
सिखाएंगे,107
जाऐंगे,42
समूल,196
असावधानी,24
मसालों,46
फैलाव,116
नत्थी,140
ऋषिकुल,122
असंख्य,118
लालायित,6
सरलीकरण,142
तनदेही,80
करोगे,7
रचनाकार,126
बलपूर्वक,168
बैठेगी,170
पाटनी,109
फूटे,157
चिपकाया,124
झोंपड़ी,77
उदयशंकर,26
देगें,107
वाट्सएप,106
पहुंचायी,88
छत्र,193
ईनामी,53
तत्क्षण,51
उपराष्ट्रपति,114
बनायें,191
व्यायामशाला,33
परदेसी,2
गुजारे,165
भटकती,160
सौन्दर्यीकरण,68
विधानसभावार,48
उगे,37
बिखराव,123
ढूंढना,3
धुरंधर,190
प्रबुद्धजनों,119
शिविरार्थियों,32
मैथ्स,108
सिक्ख,136
कलापों,95
इल्जाम,168
कांपते,98
कताई,70
चिर,121
सुभावती,94
जमीला,84
पलड़ा,20
दोहपर,113
बायीं,59
ग्लैमर,90
घपलेबाजी,76
मुक्तिधाम,122
चटनी,179
शरणार्थियों,136
शाकाहार,61
व्याकरण,167
बड़ौली,193
लतिका,94
गुंबद,77
औषधियों,180
सिरफिरे,82
नौवां,71
रक्तदानियों,63
कबाड़ियों,16
सीखते,75
यजमानों,131
अखण्ड,121
वर्णनीय,142
तोपखाना,199
नवग्रह,72
क्रेता,115
जुड़ेगा,43
आविष्कार,129
बीमारों,22
अलाप,138
भर्तियों,148
खिलाड़ियों,33
संतोषप्रद,51
बहाई,61
उपमंडलाधिकारी,54
जनजातियों,58
हिन्दु,136
गाइडों,139
रोटावेटर,110
संपादकीय,120
विच्छेद,116
अधिष्ठापन,67
काफूर,45
इस्तकबाल,176
वर्तिका,94
खूनदान,22
बीतता,117
हिंदुत्व,27
फरमा,176
मिलीग्राम,197
अजीबोगरीब,166
दौरों,95
दुधारु,69
अतिक्रमणमुक्त,89
माहिरों,22
स्नानार्थियों,139
सामुहिक,73
हैडपंप,110
आजमाया,124
इंसानी,57
कुंडे,86
कोटेशन,140
बहुआयामी,60
मेंं,165
उठापटक,96
बरगलाने,168
दाद,166
दूजे,65
ट्राइसाइकिल,112
छिड़कने,156
तर्को,142
आलेख,120
बेदम,10
जाग्रत,141
भक्तिरस,189
वचनों,61
बुराइयां,52
ताता,159
रामदुलारी,26
कुटाई,49
साहूकारों,146
प्रशिक्षिका,178
छुटटी,111
सिनेमाघर,90
छोले,179
झुमका,66
लंगूर,81
गुनी,197
कराएंगी,177
आयें,191
कोमा,28
कमाकर,111
आनेवाली,154
नाबालिगा,125
आयेाजन,32
पायेगी,170
गुजरेगी,170
हड़बड़ी,98
रंगी,186
उतारेगी,170
श्वान,81
रोकेंगे,107
सुनामी,171
सत्यभान,26
गोसदन,55
गाढ़ा,104
हड़काया,124
कार्यसाधक,148
पत्तन,129
स्वास्थय,1
हाशिए,169
नशापान,180
नीलमणि,26
पचा,41
सराही,88
खिड़की,163
माड़ी,30
भस्म,175
तेरहवें,71
रणजोध,145
खंती,55
खयानत,183
आर्दश,73
कंप्यूटरों,162
कांटों,151
वसूलता,111
बैटरियां,83
वनमंत्री,114
महानदी,18
लांघ,85
उड़ाया,158
फूलो,37
कूदा,85
वर्गीकरण,142
भूभाग,18
उलझने,96
पुष्पक,8
तैरता,103
पेशकर,25
उद्घोषणा,129
गिरजाघर,77
सहेज,140
मुंडेरा,29
अनुशंसित,67
पारितोष,109
प्रतिष्ठापित,67
उम्रदराज,149
माडलों,162
सरगम,25
करिए,191
विधाता,72
रहस्यों,95
लपेटे,36
झलकती,181
बदइंतजामी,76
अथाह,103
बिगाड़ा,192
यात्राएं,52
दागदार,186
किशोरियां,125
झगड़,20
अंदरुनी,96
सर्वानंद,31
ललकार,199
जगाना,141
पड़ेगी,39
नगरायुक्त,54
सौपेंगे,107
पछाड़,20
अविस्मरणीय,188
दालें,46
टोकने,87
मौजे,55
परिपथ,116
भूमाफियाओं,147
ढोंग,168
बुलंदी,80
नोटीफिकेशन,106
मुख्याध्यापकों,108
नाचन,2
गणमान्यों,119
फंसना,3
औंधे,85
साझे,162
बच्चेदानी,59
फूलबाग,35
अमृतवाणी,31
जलस्रोतों,198
केंद्राध्यक्ष,178
जीतते,190
बहाते,157
काउंटिंग,106
जनसमर्थन,48
अग्निपीड़ित,89
उत्तरपुस्तिका,140
काण्ड,74
तड़का,166
चमकने,17
निष्ठापूर्वक,73
दौड़ाते,85
स्वायत्त,14
मैली,160
हथौड़ी,21
सृजनात्मक,60
प्यासी,160
बंदिश,25
छिनने,182
फिरते,75
फंडा,5
फाल्गुनी,155
प्राथमिकताएं,52
साड़ियों,66
उपसमिति,4
बरई,55
मर्म,142
पुरुषोतम,8
चमकाया,124
बुलानी,39
बूंदों,157
तलवारबाजी,33
तामझाम,5
झाड़ू,62
खिंचवाने,15
तीर्थयात्री,122
योजनान्तर्गत,133
शिक्षार्थियों,108
टैंपों,112
नुकसानदेह,135
बेमतलब,82
त्रिदिवसीय,32
चमके,17
प्रवर्तक,126
गत्ता,62
सौंपेगा,43
समझनी,39
तलाशना,3
प्रशासकीय,4
जख्मियों,63
दिग्भ्रमित,24
बदलावों,95
देशभक्तों,136
द्वापर,8
सिखाते,75
बंदरगाह,18
विनम्रता,181
तर्कशील,149
स्पंज,104
सेंकने,156
अपंगता,24
भिड़े,174
कटेहरी,29
झाकियां,83
पेटिका,140
उपमंडलाधीश,54
सूनसान,163
स्त्रियों,125
स्कैनर,106
बर्बर,74
बहानेबाजी,76
कास्मेटिक,172
सेवाभाव,181
सलाना,111
बछड़ों,69
मौजी,2
मांगती,13
गुफ्तगू,65
निर्वाहन,73
लज्जा,196
खोजना,3
रिक्शों,112
गमलों,37
काबिलियत,80
गमन,196
सर्वस्व,121
जनसंचार,40
उपकृषि,4
नीलगायों,69
कंपन,116
रहनुमाई,176
बरसती,157
खीरों,16
दीर्घ,121
ईरा,94
उड़ेल,41
जुड़ने,182
निशानेबाज,33
रजिस्टरों,140
दार्शनिक,126
लौटेगी,170
आइवीआरआइ,172
बधनी,184
संविदाकर्मी,47
व्यंग,166
चिह्नीकरण,68
हाजियों,176
अज्ञान,196
तुष्टिकरण,123
बलिहार,161
ब्रह्मांड,121
सुधारना,3
मानसूनी,9
बंकर,199
बखेड़ा,20
खस्ताहालत,192
निबटा,96
रेलयात्री,93
वज्र,72
टेलीकाम,162
अनेकता,123
थिरक,25
छीनाझपटी,53
मनोरथ,51
टिकाऊ,104
सहदेई,55
भूलने,57
डलवाकर,34
पर्वतारोही,126
मसर्रत,65
पीड़िता,74
फिजूलखर्ची,5
कालरात्रि,72
खटाल,30
गतिविधिया,1
थरूर,82
कोसने,182
ताई,195
सैंया,161
लौंग,46
आगलगी,55
गमछे,66
पूजनीय,159
रेडिमेड,115
लादे,85
संप्रदायों,61
संवर,150
कमानी,21
डेरों,153
यशस्वी,149
भिखारियों,139
मखाना,46
चतुर,149
छत्रछाया,121
प्रश्नचिह्न,142
लिपटे,75
सुविधायें,52
रॉयल्टी,130
विरोधाभास,142
शाबाशी,105
पढ़ाती,108
मुलतानी,46
गुदगुदाया,166
चन्द्रमा,72
खैनी,41
भोट,55
इन्ही,118
वेंटिलेटर,22
जिलेदार,54
मोरनी,187
जनशिकायत,133
गाती,25
बजाना,138
नारंगी,186
पिछडे़,169
भागता,117
अकुशल,169
मिलाजुला,60
होम्योपैथ,180
फ्लॉप,90
जोड़ो,28
यातना,101
प्रतिकार,101
लैंगिक,60
सनम,65
लक्ष्मणझूला,35
धर्मजीत,145
द्रोण,8
घुसपैठियों,136
मटके,62
जलवाने,15
धर्मसभा,32
उतरती,160
कांवड़,139
किरणजीत,23
बरगला,168
कार्यकलापों,95
छकाया,124
असहमति,164
ग्रहों,116
गुटबंदी,123
दायक,51
स्कैनिंग,106
कुरीति,123
फिक्रमंद,80
उभरने,87
सामान्यत,51
अमूल,102
कटती,160
जंघई,55
झोक,49
लड़का,125
अपमानजनक,135
तोड़ता,117
पेचीदा,96
भेजती,13
संजोने,182
टोना,5
दौड़ना,3
नवां,71
मुरझा,37
चेरीटेबल,172
महिलाए,125
घूमना,185
सजन,161
दिलाएगी,170
अनुशासनिक,40
छुरी,21
आंतकी,136
पिराई,56
हतोत्साहित,6
स्मृतिचिह्न,193
क्लासिक,102
जनसुविधा,133
ओलों,9
मुसलिम,136
लोहियां,83
मुल्जिम,183
आगंतुक,67
द्रव्य,143
धर्मस्थल,61
प्रारुप,133
बैठें,191
बरता,123
खुमार,65
जाफरपुर,29
गरजा,30
अंध,121
झूमर,25
रेलमंडल,93
बायें,59
पड़ावों,151
अनायास,45
दिखाएगी,170
स्टीमर,103
पुरुषार्थ,196
कालांतर,121
गुमनाम,57
वोटें,83
निर्देशिका,67
आरामदायक,104
दुष्कर्मियों,74
दोहराने,182
प्रथमदृष्टया,133
ओढा,30
हैण्डपम्प,110
होनहारों,108
फलफूल,5
हौसलों,151
आफरीन,84
सूफियाना,25
मंगलाचरण,32
मंहगे,79
दक्षिणांचल,18
टिकटें,140
वरियाम,145
नवजीत,145
चाहेगा,43
बांटेंगे,107
रूकवा,34
तानकर,21
उपखनिज,115
खाट,141
रंगरोगन,77
सेहतमंद,46
खिदमत,176
ज्ञानदीप,31
तंद्रा,141
घुमा,163
उपादान,116
कहार,58
अंकुरित,56
मध्यमवर्गीय,169
नक्शों,120
नौकरशाह,147
उपनिरीक्षकों,19
ठहरी,160
घूंसों,49
स्वयंसेविकाओं,63
आकड़ा,97
पितृपक्ष,155
घड़ियां,83
उत्सर्जन,143
ढहाया,77
अपशब्दों,135
मुहुर्त,131
भगौड़ा,20
सहकर्मियों,119
अनुपालना,12
आपूर्तिकर्ता,162
धीमे,87
जुड़ें,191
बैंडबाजे,139
कव्वालों,25
आगणन,133
झपटने,53
अबला,101
रक्तस्राव,28
चीकू,46
बेईमानी,147
ढिंढोरा,49
विदुषी,94
खरीदता,79
जेवरातों,16
निर्दोषों,74
परिजनो,137
गुल्लक,62
पडे़गी,39
पौधशाला,56
होशियारी,82
वजहों,92
कार्यदिवस,113
शक्कर,46
जीतेगी,170
अनुत्तीर्ण,108
लेटी,141
संयमित,149
नागपंचमी,155
संयोजकों,19
खानदान,146
हीरोइन,90
लुटा,111
सिखाना,185
इच्छानुसार,51
सबर,161
रूद्राभिषेक,131
घुड़सवारी,199
मथाना,29
सरोवरों,198
भारतवर्ष,121
आत्माओं,61
उतरवाया,34
परिसंपत्तियों,162
गृहविज्ञान,40
शयनयान,93
बिमारियों,28
गुर्दा,28
गोमुख,122
बहुउद्देश्यीय,4
दयावती,94
तरवारा,29
जयपुरिया,35
मोटाई,197
मार्कण्डेय,31
हंसाया,124
अफगान,136
बालकनी,77
मोरों,187
छोड़नी,39
रुद्राक्ष,72
राष्ट्रभक्ति,181
झंखाड़,152
चुंगल,36
देवोत्थान,155
त्यागकर,196
तापीय,143
खोट,82
जुटें,6
बुना,36
बेलन,21
भर्तियां,148
क्लेरिकल,172
बिखेरने,150
कर्तव्यनिष्ठा,181
परिव्यय,68
उजड़ने,153
डूबता,103
छक्कों,190
अंकन,116
निराली,188
तालों,16
कवयित्री,126
कुतुबखाना,35
लखपति,111
तुड़वाया,124
जांचें,106
नागिन,90
अशुद्ध,135
प्रयोगों,95
दोहा,167
मर्यादाओं,95
यमन,136
मानवी,121
नायकों,119
पंजीरी,179
गरमाने,87
सहभोज,131
योगीराज,31
चढ़ती,160
संकायाध्यक्ष,178
रुलाया,124
तड़पने,10
कारिंदों,147
तड़पती,10
मनेगी,44
समझाए,194
जीतेगा,43
भाऊ,2
उपप्राचार्य,178
कृतसंकल्प,73
कुलियों,16
कालोनीवासी,54
रोकड़,50
बरसते,157
विनम्र,149
मंत्रालयों,114
तिलेश्वर,26
हथकंडा,168
बांधना,100
कोठियों,16
संविदाकर्मियों,47
वीरानी,65
ताउम्र,57
विपदा,171
प्रबन्धन,1
लाठ,145
अमीना,84
परतें,52
संभलकर,85
भेड़ों,69
बैरल,102
पूछता,194
घूंसे,49
पिलाते,75
हत्याभियुक्त,183
संस्कृतियों,95
उलटी,154
कलंदर,84
कटोरी,156
अग्र,59
मृत्युदर,38
राजबाग,35
कचड़ा,152
गिरेबान,163
जमींदारी,146
कालेधन,76
एचसीए,172
लहुलुहान,10
पुनरुद्धार,68
ठेल,85
मानदंड,142
फिजूल,82
रोषपूर्ण,135
भौंरा,161
निरर्थक,135
जमना,2
बेवफाई,65
ब्रजनंदन,26
श्वांस,28
पूंछ,81
राष्ट्रविरोधी,168
मंजी,167
सम्भावना,24
निखर,150
साहूकार,146
दिव्यानंद,31
कॉज,102
खिलाफत,129
अंधता,28
वरिंद्र,145
इत्तेफाक,164
ध्यानाकर्षण,67
तिकोना,21
समझेंगे,107
जोड़कर,124
नजरिये,142
पैगम्बर,176
असामान्य,24
हॉकरों,16
खटास,96
बिताना,3
लोभियों,74
उड़ाने,158
बुद्धू,82
बिहारियों,147
खपाने,182
अमीरी,80
कत्तई,164
पलटे,85
न्यायसंगत,135
बढ़ाएगा,43
जांचों,76
दिलाती,13
टीशर्ट,66
छुड़वा,20
खेमों,96
पारम्परिक,60
शावकों,81
पेंशनधारी,50
कांगड़ी,40
बेबाक,166
वाशिंदे,153
संतानों,38
सिखाएगी,170
बहुएं,132
दयालु,149
पढ़ाएं,108
पड़ें,39
भरनी,39
महामृत्युंजय,72
निपटाकर,34
बाजना,55
विधायिका,114
फालतू,82
पिंक,102
डाकखाने,140
परिवारजनों,132
अध्यापिकाएं,108
सत्संगी,31
आदमखोर,81
अविरलता,73
गुरुनगरी,23
बुलवाकर,34
साढू,195
सखा,8
मुड़ने,87
गुंडे,147
निद्रा,141
चौड़ीकरण,68
योग्यताधारी,148
खोजे,42
रेलगाड़ियां,93
बंदरबाट,76
बछरायूं,29
जमाखोरी,76
पुत्तन,26
आत्मनिर्भरता,129
संवेदनाओं,57
पीड़ा,45
उत्तरीय,18
विभिन्नता,142
प्रेरणास्त्रोत,105
क्षरण,24
क्रियात्मक,60
बंधाते,75
शायरा,84
कुलानुशासक,178
अप्रेल,165
दुलीचंद,145
बॉक्साइट,129
अभि,94
कूदी,85
सर्वकर्मचारी,47
मध्यस्थ,134
शालिग्राम,72
खेलो,33
पायजामा,66
पिलायी,88
घड़ी,116
तरकीब,5
आंतक,171
पकौड़े,179
लेखाजोखा,120
लोभी,196
ढोकर,62
रफादफा,174
छमाही,165
छात्रो,108
मुझको,65
सुलझी,96
सोफा,66
चौपाई,167
बिकते,79
प्रसिद्धि,91
लेमन,102
प्रसादी,159
टुकड़ियों,199
उपचारित,156
प्रतियोगता,33
पीटता,49
कटते,42
चरखा,21
अल्कोहल,143
इमारती,86
झीलों,198
सुधरेगा,43
उड़ाए,158
नर्सरियों,16
बैंको,50
घूमा,163
निपटे,96
टायफाइड,28
भोगता,117
शिल्पकारों,70
सुचेता,94
स्ववित्तपोषित,40
रिएक्शन,106
नर्क,57
संचिकाओं,106
हकमारी,169
चिपकाने,140
प्रतीक्षारत,51
ओजस्वी,149
खुशाल,145
निभाएगा,43
उतारु,20
दूरदर्शी,149
ताड़,152
टिक्का,179
रघुपति,8
चिपकाए,140
पंहुचे,42
खुलवाना,185
इंटर्नशिप,108
अक्षमता,24
गंधर्व,72
मेलजोल,123
लड़ती,20
मिठाईयों,179
कलेजे,10
खूबियों,95
वर्षभर,165
कुलपतियों,19
लाहा,145
मिस्त्रियों,19
पूर्णरूप,51
करदाताओं,130
अभिनन्दन,105
रिकार्डिंग,106
चूहा,81
उपवन,37
निगाहों,65
प्ररेणा,73
निशक्त,149
मापने,129
मानेंगे,107
रामचरितमानस,167
धुंए,175
खोखो,33
ट्रॉलियों,112
चौंकी,98
विश्वंभर,26
अचरज,98
परिसंघ,14
मजबूरीवश,82
क्रोधित,98
सुघर,161
आयेाजित,32
फागुन,155
सहोदर,195
ग्रेनो,172
दिव्यांशी,94
इंकलाब,129
एलीमेंटरी,172
लाभांश,130
महाअभियान,73
सर्वसम्मत,12
तपोभूमि,122
बढ़ाएगी,170
मिन्टू,2
डब्बा,62
बंजारी,35
श्रेष्ठता,181
थरथरी,30
साड़ी,66
आइडियल,172
बेबाकी,166
दिल्लीवासियों,139
मुचलका,183
उत्प्रेरण,143
जीतेंगे,107
धनबल,48
समोसा,179
गुमटियों,16
उबले,156
स्वास्तिक,193
ऑक्सफोर्ड,102
कुहासे,9
सज्जनों,196
उदार,149
कार्यकुशलता,181
विदारक,171
चमड़ा,152
युगेश्वर,26
बेनामी,76
अटरिया,29
दण्ड,183
कार्यपरिषद,178
किरकिरा,166
बेहिसाब,111
पंचतत्व,121
उलंघन,12
बचाता,117
विखंडन,116
घुड़सवार,199
रुपरेखा,142
अतुलनीय,91
चारदिवारी,77
कलशों,193
नजदीकियां,96
औद्यानिक,56
हिस्सेदार,162
जनसभाएं,48
अस्थिर,24
थैलियों,62
रेडियोलाजिस्ट,22
सकतीं,13
सुमधुर,25
कल्पवास,131
सुरक्षाबल,199
गाववासियों,63
घोंपकर,49
दिलाएगा,43
छिपने,163
रेलयात्रियों,93
रंगने,186
ज्योतिषी,126
उज्ज्वला,94
पहनावे,66
डोरे,100
उबल,157
उखाड़ा,20
कटवाकर,34
जातियां,58
कुन्तल,56
समझाई,88
चंडिका,159
चबाने,41
धौला,35
जुम्मा,2
पारो,94
धोएं,156
सफेदा,46
हराभरा,37
हिंदूवादी,27
परलोक,196
पुनर्वासित,153
कृपानंद,31
लिखाया,124
याचिकाएं,52
वृज,184
सेनाध्यक्ष,114
जनक्रांति,27
शीतकाल,9
आशंकाओं,95
स्फूर्ति,181
श्यामसुन्दर,26
लहलहाती,56
प्रेमदास,26
लंढौरा,55
कटेगी,170
पंचामृत,131
ककड़ी,46
बमों,199
कृत्यों,95
भाईजान,90
उदारता,181
निकलवाए,34
सरांय,55
किलकारी,38
आडे़,36
घिनौना,74
कामनाएं,105
झोलाछापों,76
निर्बल,24
पनपता,117
तोड़फोड़,89
कराहते,10
अधिभार,130
गुझिया,179
इशिका,94
तूने,65
हस्ती,126
छोड़ता,117
मिन्नत,164
छलने,168
दीयों,17
मंसूबा,80
कार्यमंत्री,114
होड़,87
समावेशन,1
विरुद्घ,168
दृढ़ता,181
ट्रेने,93
भुक्तभोगियों,19
जिन्न,5
सामयिक,60
हरियाणवीं,25
देखनी,39
दौड़ता,117
नाद,138
जनाजा,176
चाकूबाजी,174
त्रिलोकीनाथ,26
कराओ,7
पाठों,120
गरबा,25
दस्ताने,66
मारती,13
दौड़ेगी,93
बाबूजी,195
इंचौली,29
सप्तक्रांति,93
अन्तरराष्ट्रीय,14
घुमने,87
दांपत्य,132
बिताई,141
वनरक्षी,54
कर्मयोगी,31
छठीं,71
जन्मस्थान,18
उपहारों,105
रचनात्मकता,181
करतूतों,147
फलदायी,51
टोटियां,83
महाशक्ति,72
धर्मावलंबी,61
छारा,30
बीआरसीसी,54
अव्यवहारिक,135
गंवाए,190
बंबे,55
तलाशे,42
अभिरुचि,181
प्रेरणादायी,188
हटाएं,191
इच्छाओं,95
तगड़ी,20
अभियात्रिकी,23
ओढ़ा,66
बचायी,88
सुगंधा,94
अर्थदण्ड,183
बीड़ी,62
पांडियन,26
मापक,116
संघचालक,178
बनिया,58
उपजी,45
गड़ाए,163
मजलूमों,169
मत्स्यजीवी,23
रोकता,117
संस्तुतियों,129
लगवाते,75
निरन्तर,121
जासूस,134
फासले,151
तात्पर्य,142
भैयादूज,44
अड़चनें,92
कस्बावासी,54
धर्मनिरपेक्षता,27
देखीं,88
पर्यावरणविद,126
पत्तल,179
प्रगाढ़,189
जमाई,195
गर्भधारण,38
भूलवश,82
बंटेगा,43
पूर्णता,91
चक्रवात,171
कसता,36
तैरते,103
शख्सियतों,119
यौवन,189
विभव,116
चिन्हीकरण,68
शोधकर्ताओं,119
सौंधी,150
कौड़ियों,79
जिंदगियां,57
बैठाई,88
सींग,81
सरक,85
तेजवंत,145
ईंटें,86
सुकांत,26
संबंधितों,133
काना,2
गाउन,66
सजेगा,43
निशि,161
योजनांतर्गत,4
इनमे,118
तापते,175
सन्यासी,61
बहाए,157
पुश्ता,77
भीगते,157
पत्रिकाओं,120
साढ़,55
रणक्षेत्र,199
भिन्नता,142
प्रवेशद्वार,77
परिलक्षित,142
तुरहा,55
छाते,66
उपासक,72
हुलास,161
आमदा,20
शीरा,179
कप्तानों,190
घुट,10
कुर्ते,66
सदाबहार,37
गूंगी,160
सांध्यकालीन,113
टहनियों,37
सुरीली,25
उपमंत्री,178
बचाओं,129
अधिष्ठान,4
खटखटाएंगे,107
हिन्दुस्तानी,136
गंभीरतापूर्वक,142
चढ़ाना,185
कम्यूनिस्ट,27
कार्यबहिष्कार,89
गुप्तांग,59
तारिणी,72
नियमानुकूल,51
नाटककार,126
होतीं,13
निवारक,180
बूंदी,179
ऊंटों,69
धर्मांतरण,61
नूपुर,94
नेतागण,147
मोबाइलों,106
इमामबाड़े,77
वंचितों,169
अंतर्राज्यीय,14
छिपकली,187
उड़ता,158
कमलापति,26
यत्न,6
लिखापढ़ी,173
हंसने,87
पदमश्री,105
मण्डलायुक्त,54
पैरोकार,27
उगने,37
राममंदिर,27
लौटीं,88
पियक्कड़ों,147
पटकनी,49
हांफ,85
अकूत,91
रखो,7
इंचार्जो,178
पचपन,97
गामी,8
बिग्रेडियर,0
पिंजरा,187
जादुई,188
अलंकार,167
अप्रवासी,14
जताकर,164
चेष्टा,6
संपन्नता,91
सूदखोरों,147
शाकिब,84
भगदड़,127
चिंताएं,52
शेषमणि,26
बट्टा,130
दुष्परिणामों,95
दिखाएगा,43
मुद्रिका,8
भाइचारे,123
बधाईयां,105
सवैया,167
तारामंडल,129
खोलें,191
फलीभूत,51
पलटकर,163
क्लर्को,19
उलझकर,36
पूंजीपति,147
प्रदर्शक,116
झिलमिल,17
लिटा,41
बोलचाल,167
तिरछी,160
अर्धनग्न,125
बिछने,152
जूझता,92
जगराज,145
हमार,161
दरियादिली,80
फुगाना,29
झुमाया,25
अवैधानिक,12
उड़ानें,158
बैठीं,13
भरावन,179
वाल्मीकी,23
क्षेत्रान्तर्गत,54
भरपेट,179
डिलिवरी,106
कारे,112
अंगवस्त्रम,193
छापेमार,199
प्रारम्भिक,60
कमाए,111
संधारित,133
डाकिया,0
उलटफेर,190
कठिनाइयां,92
खारे,198
कोकिला,94
बीसीसी,172
औरतें,125
भटका,117
भूसी,46
संगमरमर,77
हिरणों,81
लंगड़ा,82
लहरें,103
खमियाजा,101
बेजोड़,188
खोये,42
खुलीं,160
आवेदिका,133
गिरजाघरों,61
मनगढ़ंत,168
टंगा,163
विषमता,123
चटकी,152
नोंच,152
भिड़ने,20
बिरहा,25
कसकर,100
लिपटी,160
लुढ़का,85
राकेट,199
निरीह,101
योनि,59
समाया,117
मुंडारी,58
अजान,176
गैसों,143
कल्याणार्थ,73
ऐश्वर्य,91
मुर्गियों,69
समाजसेविका,94
छटपटा,10
छतें,77
मुदगिल,145
वंदेमातरम,25
संघीय,14
पकड़ाए,34
युक्ति,51
फर्राटे,112
जुटनी,139
तनावमुक्त,24
बक्श,84
टाफी,179
अनादि,121
कनिष्क,129
दौड़ा,85
समोसे,179
पंजोखरा,35
संदर्भित,67
बाढ़ग्रस्त,18
क्षमताओं,95
पगडंडियों,151
चौबिया,29
जनमुक्ति,27
गुमनामी,57
शोधपत्र,120
लखेड़ा,145
बोगियां,93
उतरवाने,15
नवाया,159
बेशुमार,65
औजारों,70
सूखते,157
तेलो,104
ओहदे,80
शालीन,149
दुर्घटनास्थल,137
चुस्ती,181
टेरी,102
मूल्याकंन,1
कृपया,191
मिन्नतें,174
डिब्बी,62
कढ़ी,179
हर्षदेव,26
हरिकीर्तन,131
उत्पाती,135
जुगुल,26
परदे,90
पुष्पगुच्छ,193
सत्कर्म,196
जरुरतमंद,73
मुआयने,0
नंगी,160
भगाओ,7
तोप,199
लाजवाब,188
रूहानी,176
चिंतनीय,135
कारो,2
निहायत,135
टंगे,163
तमगा,80
हाशिये,169
विजिटर,106
चेकबुक,50
बेचनी,79
खंडस्तरीय,89
इंजनों,112
पहुंचेगे,107
केदारघाटी,122
तैरने,103
उठवाया,34
देवशरण,145
महात्म्य,122
पककर,156
रगड़,152
सम्बोधन,32
मनचाहा,51
नगाड़ा,138
प्रेमवीर,26
आंकडे़,120
सुखों,196
घनघोर,171
शरणम,8
अनुशरण,73
करेंगें,107
देवालय,77
रॉकेट,199
कसमें,65
झपटा,81
तलवारें,21
कारज,161
पेटेंट,162
भूचाल,171
कार्यकलाप,1
हमसफर,65
इत्तफाकिया,11
लड़ता,20
अपवाद,60
दुनी,161
विजयश्री,91
असलहाधारी,53
जंजीरों,100
कोण,116
भौचक,98
असाधारण,188
फैंक,62
अवांछित,135
कुचलते,85
वैसाखी,44
अम्पायर,190
कुपवाड़ा,18
कलयुगी,74
रहनेवाली,154
वारे,161
लेप,104
सुशिक्षित,149
जर्जरता,24
दहाई,197
गड़बड़ी,128
गीले,104
कटवाया,34
लहुलूहान,10
भिड़,174
असंतोषजनक,135
देखेगी,170
मुखौटा,104
भईया,195
कलेंडर,140
घिरता,45
थमे,157
अंगिका,167
देवियों,72
जगने,141
स्वरूपा,72
शुभचिंतकों,119
कुकृत्य,74
चप्पलें,66
आपदाग्रस्त,171
अनियोजित,135
त्रेता,8
पुस्तकालयों,40
सरायतरीन,11
जैनेंद्र,167
आइआइए,78
कंपकंपी,9
मजनू,2
मानदंडों,95
सफदरगंज,29
बहाकर,157
झगड़ने,20
गोधाम,128
सतनारायण,26
बढे़गी,197
मालगाड़ियों,93
प्रदर्श,133
दीवानों,65
धवल,186
खरीखोटी,174
शामलात,153
अंगूठियां,83
छिपाया,124
अमोनिया,143
ग्रामीणांचल,54
चप्पलों,66
विभू,145
निहारते,163
उड़नदस्तों,19
खुलेंगी,177
युवको,125
संवेदनाएं,52
गुजरेगा,43
इजाद,5
जन्में,126
किस्सा,166
जुड़वाने,15
सहते,101
सीबीसीएस,172
वसूलकर,111
राज्यस्तर,4
ठिठुरने,9
फॉर्मूले,5
तीर्थराज,122
दिलेरी,80
बुझी,175
बहरी,160
सदस्यो,4
बिगड़ी,192
कुंवरगांव,29
उलटे,82
किलों,16
रिश्तेदारियों,63
द्वितीया,155
गुनहगार,183
सताती,13
प्रपंच,196
आदम,176
बंदों,176
ब्योरे,120
शासकों,146
नापने,197
सुनती,13
लेटकर,141
बेकरार,65
मानवरहित,93
खुरपका,69
अबूझ,57
पेड़ा,179
गत्ते,62
बेहिचक,164
सलाहाकार,126
प्रशान्त,109
झरने,157
पातीं,13
खलनायक,90
फिनाले,90
पांडु,8
पाईं,88
विवाहोत्सव,44
गिरेगा,43
रक्तरंजित,74
शौहर,176
तंदरुस्त,149
खटखटा,163
जगदम्बिका,26
भीगे,157
सरियों,16
मरना,3
कौटिल्य,8
मिलावटखोरी,76
रसीदें,140
गुने,197
कर्मियो,47
जन्मजात,24
यज्ञोपवीत,131
फूटने,87
दीवानगी,65
बालूघाट,29
जिहाद,136
संरचनाओं,95
साइफन,198
अंधापन,28
रखवाए,34
समेटकर,163
स्थिती,24
राजसी,146
भटकाव,24
सावरकर,109
विर्मश,96
घटाव,197
ठण्ड,9
खार,65
मीन,102
अपराह्नं,78
उभरती,160
शिवम्,109
पकड़ती,20
चौड़ा,77
मुफलिसी,65
भ्रांतियां,52
सेवाकर,130
सेनाओं,199
बताईं,88
मर्द,125
पॉलिथीन,62
सूदखोर,130
चटका,41
सजधज,66
गुब्बारों,158
स्वयंभू,134
अशुभ,24
दागने,49
एकबारगी,98
कार्यक्षमता,181
क्षेत्रो,18
वर्तन,116
प्रतियों,140
निरपेक्ष,60
उपचालक,63
जमावड़ा,139
विश्रामागार,89
चाव,179
आवेदनकर्ताओं,50
ग्वाला,58
पितामह,8
समाजसेवक,126
देशप्रेम,181
पहुंचाएगी,170
बीतते,165
बिल्डिंगों,16
दादू,2
मंत्रिपरिषद,114
गेहूँ,56
सजना,161
पढ़ाकर,108
सदाकत,176
राजतिलक,193
तदोपरांत,8
जहान,65
पायलटों,119
डॉक्यूमेंट्री,90
समाए,42
बटों,49
प्रयोजन,60
चिल्लाना,185
प्रियव्रत,8
कड़वा,41
आकांक्षाओं,95
मुवक्किल,183
नृपेंद्र,26
सफेदपोशों,147
पाँच,97
कुप्रथा,74
सीरत,176
देवस्थान,122
केंद्राधीक्षकों,19
कत्लेआम,74
मोतीचूर,35
मिटाया,124
सर्जनों,22
छन्ना,62
अतंर्गत,12
मालियों,16
सटकर,163
थोपने,182
बताएगी,170
कंपा,10
संबन्धित,60
मुंडू,2
तृप्त,189
रूबीना,84
स्वीकार्य,60
गिनी,88
योद्धाओं,199
सबंधित,60
ज्ञानवर्धक,188
भाईचारगी,123
मंडराता,117
शयन,141
दिशानिर्देशों,12
रंगबिरंगी,186
उमड़ता,157
वित्तरहित,40
चिन्हांकन,133
सतयुग,72
वेतनवृद्धि,148
संवदेनशील,149
थोपे,168
जमानतीय,183
पूंजीवादी,27
घुटन,45
उतराता,103
फतवा,168
गढ्ढे,198
तोरणद्वार,77
नबाव,84
मंडियां,115
अल्पावास,4
शोषितों,169
मनुहार,164
फेरों,132
बिसाही,78
पेठा,46
दखलंदाजी,96
निकहत,84
मणिभूषण,26
धकेलने,182
देवालयों,139
व्यवसायीकरण,1
गणेशोत्सव,44
़जमीन,11
चुस्की,41
योगगुरु,31
बांधते,100
डिप्स,102
छंटने,87
ताजे,46
टैक्सियां,112
अनसुलझे,96
रामायणी,31
दासी,134
थानाप्रभारी,54
विद्युतकर्मी,47
लौटेगा,43
थके,42
टहनियां,37
साजिशकर्ता,183
कितनों,57
सेबी,129
टकराए,85
बला,82
पट्टियां,83
फलां,194
छटनी,148
जरुरतमंदों,73
मिलाए,156
प्रहरियों,199
रचते,75
वफादारी,181
ढेला,21
हलवाइयों,115
झाड़,21
करायेगा,43
बंधों,16
फाड़े,152
रचयिता,167
पंहुच,42
सरिये,21
आत्मप्रकाश,26
खाताधारी,50
अधिगृहित,162
विभूषित,193
अंगीठी,175
भूगर्भीय,143
झाड़ते,152
गिनाने,182
खलती,45
ऋणों,130
डालेगा,43
तलाकशुदा,132
प्रत्यूष,109
देनेवाले,134
त्यागराजन,109
ताव,49
लटकाकर,34
नीतिया,1
कछुओं,187
विकृति,24
स्थानातरण,116
आदमियों,147
विशुद्ध,60
पूर्वाहन,113
घेरेंगे,107
गन्दगी,62
भ्रांतियों,95
बूढ़ों,38
पिछड़ता,169
डायलॉग,90
घूरा,163
जिज्ञासु,149
प्रभुनारायण,26
वजनी,197
भण्डारे,159
दादागिरी,5
विजयदशमी,44
जनाजे,176
स्मृतियों,57
पल्लेदारों,19
दुरंतो,93
पदचिन्हों,57
पहाड़ों,151
संवासिनियों,63
अधीक्षिका,54
टरबाइन,110
खूबियां,52
दुर्भावना,168
रक्षामंत्री,114
पुलिसवालों,137
सुधारे,192
बाबूओं,147
भारोत्तोलन,33
यूनाईटेड,14
छेड़छाड़,74
सूअरों,69
मॉड्यूल,106
बिखरने,87
चिन्मया,31
बागची,109
एथलीटों,33
संकरे,151
महानता,91
गटक,41
पोत,103
वैशाख,155
सिद्धिदात्री,72
वामदलों,48
पोस्टआफिस,106
अंताक्षरी,25
खामिया,76
फैलाएं,191
दिलवाना,185
थैलों,62
शांतिमय,73
कड़ाके,9
वाचनालय,40
निखरती,150
फॉर्मूला,102
जुलूसों,139
रंगकर्मियों,119
मकबरे,77
उन्नतशील,1
ठूंसकर,62
बेदखली,171
हटेगी,170
अम्बाला,35
विधिविधान,131
न्यारे,161
बैठाना,185
स्वाध्याय,131
फरमाइश,25
जनपथ,77
नेत्रहीनों,38
आध्यात्मिकता,181
सतीष,145
वर्षापात,11
शहजादी,84
गोष्ठियां,32
गजक,179
विध्वंस,171
अराजकतत्व,139
सेवापुरी,29
सरजमीं,190
पुर्ननिर्माण,68
मछुआरे,103
यथोचित,51
राजकोट,35
अगुवा,134
जलभरी,198
शंकाओं,95
धोया,157
मनू,145
भद्दा,135
मूत्रालय,62
थोपा,168
कृपालु,31
भाजी,179
मैत्रेय,8
सेवायत,122
उदारवादी,27
दिशाहीन,24
खोलता,117
फली,46
इंद्रियों,196
घूमी,160
ददरी,55
कब्ज,28
धब्बा,186
उतारें,191
सजती,160
कारीगरी,70
भैरवी,72
जोरी,161
पनपते,75
एकलौता,195
गौरवमयी,121
बदलवाया,34
मसरूर,84
डरकर,98
चूर्ण,156
बिछड़े,65
गुंजा,138
बटवारे,129
लम्बाई,197
महंतों,61
अनन्य,189
जिंदगियों,57
बिजनेसमैन,134
संजो,150
असेंबली,114
झूलती,160
भरोसेमंद,149
पदमुक्त,114
सचित्र,120
गेस्टहाउस,35
पापी,196
माताजी,159
आत्मानंद,31
तने,37
केन्द्राधीक्षकों,19
विश्रामालय,68
आरोपियो,183
गुजारते,75
छुड़ाने,15
बेझिझक,194
उबालकर,156
शब्दावली,142
कम्प्यूटरीकृत,67
हड़तालियों,11
निर्वाध,1
जेबकतरे,53
किफायती,1
धुंधली,186
हुड़दंगियों,139
मान्यवर,105
पशुपतिनाथ,122
सुधरेंगे,107
अरसा,165
अभिलाषी,196
पराक्रम,91
सांडों,129
निरजन,23
अयोजन,32
मूंछ,59
युनुस,84
रंगशाला,167
मरम्मतीकरण,68
क्षेत्रांतर्गत,54
ढोते,75
नोबल,102
घटाया,197
दुल्हा,132
पोलियोरोधी,89
संवाहक,121
छूटते,75
परचा,140
बैठाते,75
अधिष्ठात्री,72
पहुचेंगे,107
नजमुल,84
वृत,116
पदचिह्नों,95
नहलाने,15
सहतवार,29
ठूस,41
इकाईयां,52
पीपे,86
धुआंधार,190
झाड़ने,15
देवाल,35
बढ़वा,197
उमड़ते,157
प्लाई,102
अचूक,180
कड़क,152
सेंक,156
तौला,124
मनचाही,154
पंडिता,94
सूर्योपासना,131
राहे,65
जमावड़े,5
जताए,164
टोपियां,66
प्रतिभागिता,32
नेताओ,147
पीया,157
बसाई,153
मंगलकामना,105
जटिया,29
महीन,104
जहन,57
बाड़ा,77
न्यारा,161
बेईमान,147
महापरिनिर्वाण,131
नुपूर,94
पढ़ो,7
रूची,181
रुपाली,94
पर्चो,140
उपनियंत्रक,178
सुमति,8
प्रचारिणी,167
स्थापन,67
बटाई,56
चारित्रिक,181
टकसाल,134
भटकाने,182
उजाड़ा,153
खिलाते,75
विरंची,8
कुंद,21
मदारी,5
बेंचों,16
गुणी,149
गुलदस्ते,37
रेलनगरी,35
समन्वित,60
तसर,128
प्रेमानंद,31
खिंच,85
कशमकश,92
निर्जन,18
आमलोग,27
आदिनाथ,159
शत्रुधन,8
छिन्न,24
त्रिमूर्ति,72
प्रक्रियाएं,52
चक्रपाणि,26
झटक,41
निभाएगी,170
पिघल,157
नवाचार,1
उड़िया,167
कर्मठता,181
ट्राफिक,106
दर्शनी,122
सुझाया,64
कड़ाही,156
कुक्कुट,69
फुफेरे,195
कहिए,194
उठो,7
पीताम्बर,8
खाये,46
लगायें,191
चुनते,75
कुवंर,145
सुधरा,192
मंजिले,77
आहुत,133
कहो,7
लिखावट,140
याचिकाकर्ताओं,173
विषैला,99
पढ़ाता,108
कंजूसी,82
जन्तु,81
ताती,2
फीसों,130
बुद्धिराम,26
किलोलीटर,197
जड़कर,49
रुबरु,80
विडम्बना,101
कानी,185
देवयानी,94
उंगलियों,59
आवरण,116
चरवाहों,69
कानन,94
कृतज्ञता,105
अधिगम,40
सट्टेबाजों,162
अद्वैत,31
हालंाकि,64
हरख,30
चीरा,21
जताना,164
जीर्णशीर्ण,68
पादुका,159
उड़ाये,158
तेइस,97
जेबों,111
झूलने,87
गुरुपर्व,44
खिलाना,185
आवेदनपत्र,148
झंकार,138
टालते,75
मनाती,44
देखिये,194
जनसंघर्ष,27
उद्घोषित,67
डिजाइनों,70
सोसाईटी,172
मोहल्लावासी,54
पुर्नगठन,4
फुल्की,166
बगलामुखी,72
टलने,87
दखलअंदाजी,164
हरगिज,164
खोखली,154
लौहनगरी,35
रहंी,184
डलिया,86
बेरहम,101
बंधने,100
उखड़े,152
झलकी,166
भूलें,191
मीठापुर,29
दायीं,59
खेमराज,26
कयासों,96
कपट,196
अपनायी,88
बढे़गा,43
मंधना,55
किवाड़,163
तत्कालिक,60
दिवाना,65
सीलबंद,62
बुलाये,42
विजयगढ़,35
मस्तक,59
निराले,166
भोगना,3
मनाता,44
चादरों,16
नाको,4
निर्वासित,101
नर्तकी,70
बारूदी,199
प्रौद्योगिक,1
पुष्पों,37
निरंतरता,142
जड़ा,49
दुग्धाभिषेक,122
खूंटा,21
वर्ण,186
सन्यास,196
छेड़छाड़,74
पुनर्मूल्यांकन,67
शोधकर्ता,126
कसनी,36
तीर्थस्थल,122
कराहती,10
धोबीघाट,35
अफेयर,96
गिरनी,85
विश्वरंजन,109
बिलखती,10
नोकझोक,174
परदा,163
अफगानी,136
चोरीशुदा,53
अफ्तार,176
बकायादारों,19
घसीटकर,85
आतिफ,84
गुमसुम,98
सिवाए,64
पीरजादा,84
वफा,65
खिलाडिय़ों,33
नायिका,90
विकासखंडों,54
तांत्रिकों,61
बुत,65
शर्तें,52
हिमस्खलन,137
किरदारों,90
विघटन,129
नसों,28
सोयी,141
महलदार,23
बनवाते,34
चक्रों,129
मिस्ड,106
उत्सवों,44
भेट,105
पैना,21
सगा,195
भतेरी,2
कमलाकर,26
चयनमुक्त,89
भौंचक,98
पूर्णानंद,31
तार्किक,142
कुल्फी,179
चहक,98
खिलाए,179
कठायत,145
रजिस्ट्रियां,50
घेरते,75
अजंता,109
वशीभूत,196
पुस्तैनी,58
पूर्णचंद्र,26
हाकिमों,146
पावती,133
अखरोट,46
मारो,7
खच्चरों,112
टेपों,120
उपप्रधानाचार्य,178
फूलमालाएं,83
गिराना,185
छिपाए,163
आलोचक,126
दुखदायी,24
फलाफल,51
प्रतिद्वंद्वियों,162
हड़पे,184
डेरवा,55
दोषपूर्ण,135
चुकाया,130
नागार्जुन,167
ब्रह्मालीन,23
डैनी,102
सोचती,13
उदारीकरण,1
बाजारवासियों,63
धामों,122
झाडि़यों,16
आमीन,105
वीकेंड,90
मृग,81
संयोगवश,64
समाचारों,120
पुकारते,75
जहांआरा,84
तकादा,111
मारूफ,84
स्थगनादेश,173
छापर,55
लूटते,75
पटका,49
तानाबाना,36
जनतांत्रिक,27
डाककर्मी,47
अवैतनिक,134
सिखाये,42
धनौली,29
घराती,132
मकरंद,109
सारंगी,138
फहराएंगे,107
निरकारी,89
सरे,118
स्टूल,62
सजदा,176
रुकेंगे,107
चाहेगी,170
राजमा,46
विद्वेष,123
रूपेण,51
चौमुहां,29
कव्वालियों,25
कसक,45
ओढ़े,66
नुस्खे,180
योजनायें,52
एकाग्र,189
सरीखा,5
परीचौक,35
इश्तेयाक,84
झांककर,163
सुराही,86
पादुकोण,90
घनत्व,129
वारा,161
राजलक्ष्मी,94
बीजा,2
यांत्रिकीकरण,1
दिनदहाडे़,53
पाखंड,168
खेलेगी,170
हस्ताक्षरों,140
पके,46
पौष,155
पद्धतियों,95
आक्सफोर्ड,40
अगम,161
देवो,72
बिरयानी,179
पहनते,66
प्रोमोशन,106
बायपास,35
सिद्धपुर,122
जनसुविधाओं,68
अलंकरण,193
मंजूषा,94
छिटक,85
सुयोग्य,149
नानकी,2
वृतांत,188
यौगिक,143
अलताफ,84
निहत्थे,199
परंपराएं,52
आधारहीन,135
गलने,156
बिठाए,163
परखचे,158
सर्वथा,51
जताएंगे,107
आटोरिक्शा,112
डोले,161
मुहल्लेवासी,54
हस्तलिखित,140
इहलीला,131
गिनने,182
गरुड़,72
पिछड़ापन,169
अधिकरियों,19
झेला,101
महारथी,126
कटुता,123
गुड़,46
घमंड,82
कैलाशी,26
रिफलिंग,110
उखाड़े,152
उगलने,87
सुनाएंगे,107
तारीखें,52
जानेमाने,126
आयो,161
बौने,134
जांचकर्ता,22
संबंधन,40
अपनाये,42
गौण,60
शोरी,145
वनभूमि,153
बालियों,16
ईजाद,5
त्रयोदशी,155
हेलिकॉप्टर,199
निपटाना,3
बढ़ाव,116
कुम्हारों,58
हैलीकाप्टर,112
मुददे,96
झोंककर,53
गर्माया,96
पछतावा,164
छात्रायें,108
व्यसन,196
दिहाड़ीदार,134
अहम्,73
दिली,80
अहंकारी,149
सबंधी,95
कुर्बानियां,80
मंजिलों,151
करायेगी,170
रामभक्त,31
कंडे,86
मावे,179
बतादें,173
सर्वाइकल,28
तुमको,7
जनभावनाओं,95
प्राधिकरणों,19
प्रणामी,31
सिद्धी,91
पृच्छा,133
अप्राप्त,51
गड़ा,152
नाहक,82
चिह्नों,193
सांसों,151
शुरूकर,39
सहर्ष,105
केसाथ,139
फुर्ती,181
मानविकी,40
बंधुत्व,123
सुनीति,94
प्रबंधकारिणी,178
गौरक्षा,69
दुत्कार,101
अलकायदा,136
काटती,13
ज्ञानमती,31
स्ववित्त,40
चुटकुले,166
आगबबूला,98
अगामी,165
तना,37
लहराए,193
आयातित,79
जीतो,7
घोलकर,156
शीतलहरी,9
दिलेर,149
कैलोरी,197
गौड़ा,145
पिरोने,100
खरीदेंगे,79
सत्याग्रहियों,139
घोंपा,49
धनवान,149
जलार्पण,159
मरता,117
कड़कड़ाती,9
सूपड़ा,48
टिप्पणियां,52
संगर,2
अगाध,91
पहचानना,3
अपरिचित,45
धकेला,85
मेडलिस्ट,33
इष्ट,159
दूकान,115
कड़वी,154
उछला,85
बेचें,79
जोशियाड़ा,102
आंवले,46
समुंद्र,103
अपनाएंगे,107
देही,161
गहराती,160
सहस्रधारा,122
लूंगी,144
बूचड़खाने,69
आद्रता,9
पक्षपातपूर्ण,135
बजता,138
रामध्यान,26
तूती,138
लीलाएं,52
दनादन,49
तख्तियों,16
मतभेदों,96
बिखेरेंगे,150
दमनात्मक,135
गुमानी,2
बारातघर,139
पिलानी,35
नैसर्गिक,189
उदभेदन,116
मुजरिम,183
सरंक्षक,134
पुनर्गठित,67
मूर्छित,10
रूठे,65
चलचित्र,90
श्लोकों,120
गफलत,82
अवेहलना,168
बैरियरों,19
जयललिता,114
जलना,175
घिनौने,74
बिजी,106
मनबोध,2
जलाये,175
एसआरपी,172
सुखाकर,156
शाहिदा,84
चमड़े,66
सक्रांति,155
नामांतरण,133
आंखमिचौली,9
प्रोडक्ट्स,162
अभयानंद,31
अलोकतांत्रिक,135
शुभांरभ,32
लेड,102
मोहल्लेवासी,54
दम्पति,132
स्लेट,86
केमिकल्स,143
भट्टों,86
अड़े,174
चलवाया,34
शहजादे,84
रुकवाई,174
निराई,56
सैम्फिल,78
तुड़वाने,15
सताए,101
आरडब्लूए,172
ढहाए,77
गिरीराज,26
देवगण,72
अनुसंधानक,40
जलवाए,34
नत्थूलाल,26
रुकता,117
पदार्पण,121
पोलीथिन,62
ढाकी,55
रगों,157
चट्टानी,151
कतर,14
खूबी,188
विलोपित,12
नमस्ते,105
निहारने,163
खातेदार,50
बसते,153
चेकें,50
टमटम,5
कसूरवार,183
इलायची,46
नंदादेवी,122
छिलका,46
स्वरचित,167
जूझती,92
सूरमा,2
डिग्रियों,40
अंडमान,18
रहूंगी,144
बैंकिग,1
आवश्यक्ता,51
पिटे,82
मातृसदन,31
ढाया,171
भराया,34
जलालत,101
हैें,42
उपमण्डल,4
भूखों,10
औकात,80
पुरुस्कार,105
क्यारी,37
चिट्ठा,167
बदनीयती,168
हुलिए,53
कुंडों,16
इनदिनों,64
निकालेगा,43
शिकवा,65
विधिपूर्वक,131
भांपकर,98
बेलघाट,29
संकुचित,24
शिवांग,94
वनरक्षक,0
मैथिल,58
रिहायसी,153
पहरेदार,134
प्रदर्शनियों,70
विप्र,8
गाँधी,129
चेला,2
अंडों,99
छलका,157
पाकड़,37
सेवाभावी,149
भंडारित,143
आबंटित,67
मुक्केबाजों,33
वृष्टि,171
खुदवा,34
समझाबुझाकर,174
सुफल,196
घबराई,98
प्रोद्योगिकी,1
पुनर्मतगणना,11
संजोया,150
बोलेंगे,107
हौजखास,35
निर्ममता,74
तबकों,169
राहें,65
अमादा,168
चुटैल,55
इतवारी,35
पुर्जा,140
डिजायन,70
ढाले,42
खिलाडी,33
जड़ने,152
हिली,85
बैलट,140
अब्दुस,84
चुन्नु,2
वेश्यावृत्ति,125
गागर,103
मिलाना,185
लड़ियों,16
आरे,21
बनायेंगे,107
सिंघाड़ा,46
गोवंशों,63
कुल्हाड़ी,21
अछूती,160
बंधनमुक्त,89
मुकरने,182
पाटीदार,58
अनुजा,94
देखेगा,43
जीवात्मा,196
घिरने,87
मुनकाद,84
अवांछनीय,135
नत्थूराम,26
घराना,146
जेबकतरों,53
जिज्ञासाओं,95
भाबर,55
हांडी,86
ध्वनिमत,114
घटनायें,52
पहलु,142
मंाग,173
पनबिजली,1
कमलों,193
बौआ,30
चरवाहे,69
मेढ़,56
थामी,21
आर्थोपेडिक,22
संताप,196
समभाव,123
चित्कार,10
मद्यपान,131
लहराकर,193
शेडों,16
मल्टीमीडिया,106
पहुंचाएगा,43
गंगेश्वरी,29
सडकों,93
मालन,55
पारकर,85
झाकियों,139
उन्ही,118
बेइज्जत,174
पर्सनेलिटी,172
गिनाए,42
चिन्मयानंद,31
स्वान,102
नवजातों,38
सींच,56
अन्नदाताओं,63
जिलावार,133
भेदभावपूर्ण,135
झूमा,25
भीगा,157
रूधौली,29
निर्मोही,8
गुजरेंगे,107
ताकते,163
मामू,195
कूल्हे,59
पालते,75
गड़बड़झाला,76
स्वायत्तता,142
लपेटकर,156
उड़ाई,158
किसलय,109
मतपेटियां,83
मल्हन,145
प्रार्थियों,19
सिसक,10
पुनर्जीवन,121
बहसबाजी,174
ढालने,182
सिखाएं,191
मर्यादित,73
त्रियुगी,26
शरणस्थली,121
छठें,71
पुष्टी,164
सुरा,161
निचला,71
गाड़कर,152
श्रीराधा,31
धमकाना,185
बिताते,75
सस्वर,131
गर्जना,171
उठवाकर,34
विवेकाधीन,130
पुरखों,58
साक्षरों,169
चिरंजीवी,134
रोकनी,39
भांबरी,33
परिसंपत्ति,162
कुर्ती,66
मांसपेशियों,59
हलुआ,179
सिमेंट,86
महानगरी,93
समझौतों,162
बाल्टियों,16
कूड़ेदानों,16
महाभिषेक,131
गंवारा,185
पिचकारियां,83
खिल्ली,158
दुधिया,186
अजेय,190
दुर्गोत्सव,44
नौकायन,33
मालिश,104
जुगाड़,5
ओलम्पिक,129
ललकारने,182
त्रि,116
सुधारें,191
देहदान,22
शूर,8
उमड़े,139
रचनाकारों,119
शीतलता,189
ढांक,152
तीरंदाज,33
मिथ्या,196
ठिठक,163
रूकावट,24
स्याह,186
सपाटे,5
तल्लीन,189
बीजोपचार,56
द्रवित,98
ठहराए,42
यकीनन,64
फूलगोभी,46
चूड़ियों,16
उड़ानों,158
ब्रह्मचारिणी,72
मांसाहारी,81
कटना,3
फिजीकल,172
लेबिल,140
कामेश,26
धोते,75
वहशी,74
कैथा,55
सदमें,10
मोटरसायकिल,112
अपनानी,39
क्रमबद्ध,120
पहचानें,191
चिकनगुनिया,28
छपवाने,140
बालगृह,38
समझाएं,191
ज्वालागंज,29
निकालता,117
पछाड़ते,190
सीसीडीसी,172
सलीके,166
युगलों,125
प्रस्वीकृति,133
खरबूजा,46
तपेदिक,28
कयामत,176
हटवाना,185
घोटकर,41
नापजोख,56
प्रतिस्पर्धाओं,33
रथों,193
लाडोवाली,78
तिरछा,21
अतएव,51
जोड़ेंगे,107
सनबीम,128
पुस्तकालयाध्यक्ष,178
मेवे,46
स्पर्धाएं,33
ताबड़तोड़,49
लोकलाज,123
जगराता,159
सेंकते,75
लंबू,30
झलकियां,188
भौतिकवादी,61
उफनाई,198
आशंकाएं,52
कब्जेदार,11
बौछारें,9
कृतसंकल्पित,73
जनाधिकार,27
शौचमुक्त,73
जनआंदोलन,27
गदा,21
दौड़ाए,85
निपटाते,75
हत्याकाण्ड,74
टांगे,59
खोलती,13
जेआरएफ,148
बंधनों,100
तनावग्रस्त,24
खाओ,7
मेड़बंदी,11
जनोपयोगी,73
सोचनीय,24
आधारकार्ड,50
मटमैला,186
डेसीबल,129
क्रीड़ाश्री,33
श्रद्धांजली,105
ठुमरी,25
पूर्णरूपेण,51
खैराती,35
खोते,75
खातिरदारी,80
बुझे,175
इंद्रभूषण,26
महापुरूषों,61
बिपाशा,90
घग्घर,198
दिलवाले,90
खिलाएं,191
मुद्राओं,70
क्लियरेंस,106
दर्शनार्थ,159
बरातघर,78
पैदाइश,80
जोडे़,42
कांपने,87
महीप,109
छुड़ाए,20
ताजगी,150
दुआओं,176
गीतांजली,94
अग्निपरीक्षा,90
कामनवेल्थ,33
बगाहे,166
गुड़ाई,56
निभाकर,90
तैरती,103
चलिए,194
अठखेलियां,151
मंत्रोचारण,131
जेएसपीएल,172
उछाला,49
गुरुमुख,31
शिकन,104
सैन्यकर्मी,47
क्वायल,102
कवियत्री,94
इमानदार,149
बुझाना,175
विशम्भर,26
फेकने,49
हेर,102
बाटकर,118
सजेगी,25
खटपट,96
शेरकोट,35
थकावट,24
फंसती,36
पैंतालीस,97
पिटता,49
साधकर,36
कैमिकल,143
झाड़फूंक,180
अदाकारी,90
समस्याओ,92
म्याऊं,81
उठेंगे,107
जाएंगें,107
संशोधनों,12
कबाब,179
अप्राथमिकी,11
आरएमएल,22
इत्मीनान,163
निपटेगी,170
तैराकों,33
नौलखा,2
अधिनियमों,12
कर्तव्यनिष्ठ,149
ठाठ,5
टूटेगा,43
ह्रदय,189
इन्तजार,6
अनसुलझी,96
गणितज्ञ,126
कृपाण,21
सराहते,75
मूल्यवान,60
धर्मगुरुओं,61
दरिंदे,74
बफर,102
डालडा,179
अणु,143
रमानी,109
पहुँचा,124
ठहरते,75
ब्राह्मणी,72
रेगिस्तान,151
बतलाया,124
बंदूकें,199
खरगोश,81
सीखकर,5
सफेदी,186
भवनहीन,128
सुतली,21
अधिवक्तागण,178
शून्यकाल,114
मुलाकातियों,139
अष्ट,72
तिरस्कार,101
प्रतिशतता,197
मुख्यमन्त्री,114
झूलकर,85
छत्रधारी,23
पंजों,59
दवायें,180
हजाम,2
अखर,82
जन्मदाता,129
उखाड़,21
महंतो,31
भूतत्व,143
रपटा,198
बिगाड़ी,192
बिछड़,65
व्यवसायों,162
डांटने,174
शहतूत,37
चश्में,5
दुल्हे,132
परिंदों,187
चीखते,10
भागमभाग,92
गवारा,185
छापी,140
खंगालना,3
प्राचीनतम,121
बमबारी,199
महामंडल,4
गोभक्तों,139
स्वजातीय,58
भाऊपुर,29
ओहदा,80
बिलखने,10
खाताधारियों,50
रिपुदमन,145
नुपुर,94
ईगल,102
केंचुआ,99
पिछड़ी,169
उतरवाकर,34
नाथी,145
जीवनलीला,131
पत्रलेख,11
मांझे,21
होंठ,41
विजिटिंग,106
प्रतिष्ठापना,73
राजेसुल्तानपुर,35
काठी,21
सुरुचि,181
इंतजामात,6
मार्गाें,139
रेंगती,160
उबला,156
परामर्शदात्री,4
लौटता,117
चीखें,10
अंतर्कलह,96
निवाले,179
अमुक,51
न्यायवादी,183
किंगफिशर,187
नेतागिरी,147
फोड़,49
सत्ते,2
देशविरोधी,168
गृहमंत्रालय,114
थमाकर,34
जोट,128
स्वर्णलता,94
पीड़िताओं,74
उजियारा,17
फलाहारी,179
मेंबरशिप,106
सुहाने,9
शिक्षाशास्त्र,40
पिटायी,174
वसा,143
नवचेतना,121
श्रद्घालु,159
दुगनी,197
पैंसठ,97
टोटियों,16
फटाफट,5
विश्वबंधु,26
हैण्डपंप,110
जकड़ा,36
कौआ,187
जटा,21
मुखालफत,168
दरिद्र,169
ज्योतिसर,122
चरमराने,87
दरख्वास्त,173
नौरंग,145
प्रस्तावकों,19
कहानीकार,126
कमाही,2
फुहारें,9
करदाता,130
अटपटा,64
तारो,17
इसलाम,176
फुलवारीशरीफ,29
कुंठित,135
निकटस्थ,18
उड़ी,158
लॉरेंस,102
घुमाते,75
जनसेवकों,147
सौभाग्यशाली,105
आंखमिचौनी,5
किश्तें,130
सहोदय,172
लाइसेंसधारी,162
भेंटें,83
जनेऊ,66
गंवाई,190
ज्योंही,85
पसरे,163
झोंकों,9
मरीजो,22
पूस,9
पैमाईश,56
चुक,42
लाडला,195
बाबाजी,159
चावलों,156
उखड़कर,152
मुद्रित,140
सबद,161
स्वर्गवास,38
पड़नी,39
शांतिप्रिय,149
हरदम,65
खेसर,128
पढे़,140
पाणीग्राही,78
आतिश,84
ग्रामसभाओं,54
राजनयिक,14
निर्माणी,4
उकसाया,124
संवेदन,116
बरसाकर,49
तेजस,93
गुजरकर,151
खींचना,3
लड़ें,20
आंतकवाद,136
फुरसत,5
बत्तीस,97
मालगुजारी,130
थानो,19
भज्जी,190
छाले,28
पिटने,87
सरकारीकरण,1
रोड़ा,134
वनवे,184
बरबादी,80
नाड़ी,59
जीवनकाल,121
बसाए,153
बहुद्देश्यीय,14
लेगें,107
रिस,157
बेइज्जती,174
उलझता,96
मूकबधिर,38
मस्तानी,90
विनिमय,60
लंबरदार,134
गोरखाओं,146
जत्थेदारों,19
अग्रदूत,129
गूंगा,82
बसती,160
कटु,135
लौटाना,3
दरारों,151
ईमाम,176
आंदोलनात्मक,27
नावें,103
एबीएम,199
कलरव,187
जगतगुरु,31
संगति,142
चखने,179
जीवनभर,57
जयते,90
गूढ़,188
रचे,42
तड़तड़ाहट,160
द्वारचार,132
बर्फीले,9
कुरियर,106
भागती,160
गूजर,58
भण्डार,91
तीर्थो,122
तुमसे,7
वानर,81
जातपात,123
विवाहिताओं,132
शेषनाग,72
खेलप्रेमी,33
काव्यपाठ,32
फूंकते,75
विष्णुपद,122
बोए,56
व्यस्क,38
अक्षम्य,135
तौलने,182
पेंशनधारक,50
बसंतोत्सव,44
तोड़ी,88
जिलेवार,133
विनियोग,1
नटखट,82
लूटना,185
दुबारी,29
झलकता,150
झूलाघाट,29
गुरुजन,108
घुमाकर,163
लालिमा,186
सासदों,48
पोस्टर्माटम,11
अनुवादक,126
तबदीली,80
कायनात,176
नाजनीन,84
फेकू,30
खानाबदोश,58
स्नातकों,108
मंदर,8
टीकों,180
जगदंबिका,26
अपव्यय,91
स्नानागार,129
जाऊंगी,144
धर्माचार्य,61
दंगाइयों,137
पूजे,159
धूलिया,94
नहला,157
राजनीतिशास्त्र,40
शम्भु,8
देहातों,153
बटोरे,190
मैग्जीन,102
दुहराया,124
उलझते,96
जनहितकारी,73
आइएपी,78
पहनाए,66
व्यापम,76
खानों,86
मातृशक्ति,73
सुन्न,59
अदूरदर्शिता,147
वसीर,84
कसीदे,166
मापा,129
बेचेंगे,79
गौशालाओं,69
डाकू,134
भाड़ा,130
खोजकर,140
मति,161
संक्षेप,142
वर्दीधारियों,19
प्रतिद्वंद्विता,96
जर्दा,179
प्रविष्ट,67
मुरब्बा,46
अग्निकांडों,137
भाषाई,14
नमित,109
उल्लेखित,67
इंटीरियर,102
पंट्टे,11
चमकी,17
फेरने,41
प्रश्नोत्तर,120
कुंभकार,70
फोटोग्राफरों,119
दंडवत,159
आपलोग,194
छायाकार,126
सजातीय,58
भड़कने,87
सन्त,129
फूली,160
हड़बड़ा,98
घोंटने,41
फारुखी,84
सेमिनारों,32
उपमंडलीय,54
ठूंठ,37
अंतिमा,94
सिरदर्दी,11
फटते,157
नवमीं,155
लहंगा,66
सरंपच,145
इन्सान,57
परिपाटी,142
जुलुस,139
वायुयान,129
अपूर्णीय,91
पकाई,179
कबूतरों,187
घोड़ा,81
सुपरस्टार,90
गोधना,55
करनेवाला,117
वरमाला,132
प्रतिनिध,4
कालचक्र,121
हैपेटाइटिस,28
जोड़ों,59
भरवाई,34
जिद्द,164
सरहदों,151
प्राणप्रतिष्ठा,131
सहा,101
आपलोगों,105
भूड़ा,184
चौमुखी,193
व्यस्तम,93
घोटालेबाजों,147
पूछो,194
लौटती,13
छोड़ती,13
क्षेत्रपाल,26
तीर्थयात्रा,122
मोड़कर,152
रस्मों,132
अधजला,10
झण्डी,193
उद्भव,129
नगरपर्षद,78
संचिता,94
शनिचर,113
आखरी,165
तपोस्थली,122
झड़पें,174
कसेगी,36
ममेरा,195
सहानुभूतिपूर्वक,164
कोकीन,102
भेदी,199
बचित्तर,2
अलगाव,123
मुरझाए,37
घूसखोरी,76
वृद्घ,38
प्रत्यारोपित,67
गठरी,100
करमापा,124
पितांबर,26
विश्लेषक,126
टांगों,59
जगमेल,145
खराबा,123
दिवार,77
रटाया,166
विफलताओं,95
अक्स,65
निवर्हन,73
मनवर,55
वृद्धजनों,119
भण्डारण,1
कथाएं,52
दयानिधि,8
कार्डियोलॉजी,22
साधी,160
उपाए,180
अर्धशतक,190
पूंजीवाद,27
शर्मिदा,164
कुट्टी,2
जुआं,5
शरदोत्सव,32
भिजवाए,34
उमड़ा,139
मरवा,49
उखाड़ी,20
आचमन,131
एंजल्स,102
बेचारा,82
रामराज्य,8
पेशगी,111
कड़ाई,12
कड़वाहट,45
निशानेबाजों,33
बंगलों,153
अभ्यार्थी,148
सुखदेवनगर,23
धड़ों,123
मंसा,2
वत्सल,94
अन्यायपूर्ण,135
फूटकर,157
रिसने,87
फसले,56
कतराती,13
छपवाकर,140
ऊर्जामंत्री,178
टटोली,163
कब्जाधारी,89
घुन,99
बनावटी,135
सूजी,179
उफना,198
खलेगी,170
मांसाहार,196
उभय,189
उपप्रबंधक,178
तलवारों,21
कुश्तियां,33
नवसंवत्सर,155
संस्कारी,149
जंगले,77
विशेषताएं,52
प्रतिभूति,130
गुदा,59
सरसा,55
चतुराई,181
खोता,117
भण्डारा,159
जायगा,43
बढ़ाओ,7
मंगाना,79
उत्तेजना,45
कौस्तुभ,109
कट्टर,136
ऑक्साइड,143
चबूतरों,16
लगाएंगी,177
मसाज,104
रोहिन,109
तुल्य,116
मायकेवालों,132
निर्माणधीन,68
बजेगा,138
वितरणी,89
सुलझाते,96
सूचनानुसार,133
पैकेटों,62
यौनाचार,74
विशेषज्ञता,91
महफिले,176
सौंपनी,39
बिछायी,160
उपनिर्वाचन,54
श्रद्धालुओ,159
गरमपानी,35
ढही,77
महाप्रबन्धक,178
बिंदिया,94
आक्रोशितों,174
थें,42
पंचगछिया,29
लुढ़कने,85
कलाकारी,70
छीनना,185
क्षणिक,24
तैलीय,104
माहवार,111
सुनिधि,25
हकीमों,180
बितानी,39
साप्रदायिक,123
पसीजा,10
हड़पना,20
व्रतधारियों,63
आजमाए,42
चमचमाती,17
शासनादेशों,148
तटीकरण,68
बिन्दुवार,120
हिमोत्कर्ष,4
घबराना,3
सालो,165
विधियां,52
इण्टरमीडिएट,108
विडियोग्राफी,106
काष्ठ,70
सत्तो,2
लड़ाया,20
वामपंथियों,27
परिपत्र,12
कराऊंगा,144
नस्लों,69
जुल्फेकार,84
जागना,141
दुर्जन,196
टैक्सटाइल,172
हाड़ी,30
वासना,196
रौंदने,20
हुड़दंग,127
कार्याे,133
कंप्रेशर,110
अहर्ता,148
आस्तिक,61
संभलने,87
झाड़ा,152
अंशकालीन,148
घुंघरू,138
मंहत,159
आशान्वित,105
खगोलीय,116
पीरों,61
उगले,53
तराइ,18
अदभुत,188
चौकड़ी,20
किलोभार,33
असीमित,91
जनमेजय,8
सभ्रांत,169
पंगा,82
गप्पे,179
ठसाठस,112
घोलने,156
जिताया,190
बादशाही,146
प्रदूषणमुक्त,73
जिताकर,48
दहलाने,74
मदमस्त,25
यतींद्र,26
जनसामान्य,51
रसूखदारों,147
एलोपैथी,180
वांछितों,19
सारांश,120
नुकीले,21
दिलवाकर,34
सुलझाए,96
थप्पड़,49
माइलेज,112
पूर्वाग्रह,123
संजोये,150
जलसंरक्षण,1
नागराज,72
प्रोस्पेक्टस,172
उत्साहजनक,188
हड़बड़ाहट,98
ननकऊ,29
उच्चायुक्त,114
विस्फोटकों,199
अंधेर,17
श्रद्धालुगण,139
ब्रह्मस्थान,122
एनईपी,1
नाशपाती,46
नेत्रालय,22
मुख्त्यार,84
शीशियां,83
राष्ट्रीयकरण,129
रामलीलाओं,139
रुचिकर,188
गेरुआ,186
दबाते,75
संवददाता,4
गुरुरानी,26
मनभावन,188
दूरदर्शिता,181
कार्यशालाएं,32
समधन,195
पिलाए,41
वृत्ति,196
वैर,123
आंवटन,133
सहप्रभारी,178
पकड़ो,7
कंटीले,151
पोलिटेक्निक,40
कथाव्यास,31
आइये,191
मोक्षदायिनी,122
एकाधिकार,162
राष्टीय,14
उतावले,98
कब्जाई,153
अमृतवर्षा,189
लायें,191
बंटाधार,5
शोरशराबा,174
सारिक,84
पीत,186
सप्त,72
पूछिए,194
खोना,3
सहसा,98
महाबल,8
प्रस्तावना,142
शरीयत,176
सपेरा,2
शिक्षाप्रद,188
टॉपरों,108
चमकते,17
हथौड़े,21
सयंत्र,110
लेागों,153
गुनगुनी,9
प्राणि,121
एमडीबी,172
होठों,41
तिनका,21
पाठयक्रमों,40
जिस्मफरोशी,125
खूंटे,100
नजदीकियों,96
सत्यमेव,90
कालिदास,167
अस्थियों,59
उत्तरा,94
न्यूक्लियर,172
ध्यानपूर्वक,51
सहूलियतों,92
चित्रकारों,70
बहुद्देशीय,1
पैंशन,50
चलवाकर,34
नुमाइंदगी,80
तेजरफ्तार,112
परिपक्वता,181
महत्वाकांक्षा,91
परिसेवा,1
सुनेगा,43
निर्धनों,169
भोगने,196
तालीमी,176
डिग्रीधारी,108
घोड़े,81
तंदुरुस्त,149
फैलेगी,170
छिलके,46
असुरों,72
सबस्टेशनों,110
रंगरेलियां,44
लोकगायक,25
टकरायी,85
दायें,59
भटकी,160
स्कीइंग,33
झुमके,66
उपनयन,131
बैंडबाजा,139
खोपड़ी,152
फिल्मकार,126
समझाबुझा,174
बढावा,1
थमाए,152
उपहास,158
ठनी,160
धरौली,29
परिंदा,187
रामजन्मभूमि,27
ध्रुवीकरण,123
श्रममंत्री,114
शुभेन्दु,26
छोड़ेगी,170
न्यायाधिकरण,12
धिक्कार,101
धोखेबाज,168
शतकीय,190
विश्वविख्यात,126
कनिष्का,94
टंगी,160
भेड़िया,81
वसूलती,130
शुद्धीकरण,143
धरपकड़,53
सुलझाना,3
नखरे,82
जबड़े,152
एस्कॉर्ट,102
पण्डित,31
कायदा,136
फटकने,87
बृहस्पति,129
माफियों,147
हिमाकत,80
राजस्वकर्मी,47
उपश्रमायुक्त,178
प्रस्तुतिया,11
गलियारा,77
आदतें,52
सखियों,125
पड़वा,155
परम्पराओं,95
दुर्गविजय,26
डसने,99
पुखराज,94
संग्रहीत,67
धड़कने,87
बरतेंगे,107
वादियां,151
बंधवाने,100
नशेबाज,125
राष्ट्रद्रोह,168
शिल्पग्राम,70
शत्रुजीत,26
हितकर,51
सुनारों,115
स्तम्भ,77
प्राचार्यों,19
चट्टानों,151
लिखवाकर,34
छोड़ेगा,43
निसंदेह,64
अणुव्रत,73
प्रकारेण,51
भट्टियां,83
बोधि,167
जगदगुरु,31
कैटवॉक,90
उजड़े,30
पंचनामे,133
अंगहीन,28
साफा,66
कालचीनी,18
चालानों,50
खम्भे,77
बिजलीकर्मी,47
आशीर्वचन,105
दारु,5
पदयात्रियों,139
जज्बात,65
जटिलता,142
गुर्गों,147
जमाते,75
हिचकते,164
हफ्तेभर,165
थर्रा,171
बैशाख,155
आऊंगा,144
निकालनी,39
संर्घष,73
अस्पष्ट,135
सम्बंधी,60
मजूदरों,19
चयनकर्ता,190
झुलसाने,175
अजीबो,166
कुंओं,198
पंक्तिबद्ध,116
बिछावन,141
टपका,157
शिल्पियों,70
जुटाते,75
एक्साईज,172
सहचालक,47
मिलावटखोर,115
साझीदार,162
दर्शनार्थी,159
चालाक,149
कौंध,160
बाँध,100
सुयश,109
बगले,163
तकलीफों,92
जमाये,42
पियुष,109
विनिवेश,162
चौपाइयों,167
औलिया,176
गौरवपूर्ण,121
लचीला,104
कचौड़ी,179
सारगर्भित,188
सोल्यूशन,106
कूचों,62
भील,58
विचलन,116
सहायिकाएं,83
बैरहना,35
सैंकड़ों,118
गूंजायमान,138
विश्वासी,149
लगातर,197
संगीनों,151
चयनकर्ताओं,190
गिनाईं,88
डरता,117
वातारण,143
समसामयिक,167
काबलियत,80
वचनबद्धता,181
संगीतज्ञ,126
रजनीगंधा,37
मृदुभाषी,149
टेनरी,172
भंडाफोड़,76
डिगा,164
सम्पदा,91
शान्त,189
गूंजेगा,138
गिरवा,77
संभवतया,64
भरेगी,170
तितली,187
लड़ेंगे,107
रोमांस,90
पतले,104
अवसरवादी,147
पित्त,28
पछुवा,9
इन्टर,172
वैरागी,31
पड़ोसन,195
तोड़फोड़,174
ढूंढकर,34
मंडलियां,83
दमक,17
तिलकोत्सव,44
शिंकजा,36
टेढ़े,59
अविकसित,169
रुहानी,176
हड़पने,182
भींग,157
इसबीच,64
दिनोदिन,24
पलाश,37
राज्यरानी,93
मचाती,127
पधारी,32
बिछे,163
नसें,59
राजनीतिकरण,123
पोजिशन,106
रोकती,13
तैरना,103
फरसे,21
इफ्तिखार,84
सुरही,55
इतकाल,78
होनेवाला,117
भटककर,81
भाषाएं,52
संकल्पों,95
सौतन,65
उपकेन्द्रों,110
क्षत्रियों,58
उत्तरपुस्तिकाएं,140
नबाब,84
ठोंकी,49
अनादर,196
पटककर,49
सजकर,30
धातुओं,143
उन्मुक्त,189
कब्रों,77
असलाहों,16
उग्रतारा,72
दोषारोपण,168
चम्पत,2
बनाएंगी,177
पहनावा,66
परिचारक,134
डायरेक्टरी,106
समाई,160
बढोत्तरी,197
बुन,36
प्रणायाम,131
गौवंशीय,69
विकेटकीपर,190
नकाबपोशों,53
कोनों,77
सुन्दरीकरण,68
रस्से,21
टिप्पणियों,120
ढोया,112
महाभियान,32
अलबेला,2
लेटेस्ट,106
बतायें,194
पंचदेव,72
उमसभरी,9
बहरा,82
प्रमाणिकता,142
सुलझे,149
जिम्मेवारियों,92
प्रवासियों,14
उद्घाटित,142
पिलाएंगे,107
बताइए,194
समाजशास्त्री,126
मनोवांछित,51
बिछाना,185
ढोना,3
गड़े,152
जातिवादी,123
विजयोत्सव,44
जलज,109
आसुरी,196
प्राधानाचार्य,178
मृतप्राय,121
जनसमस्या,4
जनमंच,32
हैवान,74
जलघरों,16
व्यापारीकरण,1
मिथक,57
मुर्दे,57
समन्यवक,4
दर्शी,116
उपलब्धिया,91
चर्मरोग,28
आर्ट्स,172
रिक्टर,129
अंतरजिला,11
मझोले,162
तैय्यब,84
गुच्छा,21
प्रक्षेत्रीय,89
आत्मीय,189
वीरांगनाओं,199
वीडियों,106
प्रवचनकर्ता,31
चिह्नांकन,133
जगदंबे,159
दुर्बल,24
दूरवर्ती,18
पड़ेंगी,177
योनियों,196
सेमिनरी,172
खरीदती,79
छिना,20
स्वर्णाभूषण,193
फलस्वरुप,51
लिखता,117
गिला,65
त्रिकोण,116
झोल,179
वनमाली,8
माननी,39
भूलन,2
डालेगी,170
बाउंसरों,174
समयबद्धता,1
मध्यावधि,48
जोशीला,149
लालफीताशाही,147
निवृत्ति,196
उत्तरोत्तर,121
प्रदोष,155
शिक्षार्थी,108
समतुल्य,60
चाहूंगा,144
रामेश्वरम,122
तुड़वाकर,34
मंथरा,8
डसीला,145
दुश्वारी,92
जलाएंगे,107
कणों,143
हस्तशिल्पियों,70
रंगरूटों,199
आतंरिक,60
अतिआवश्यक,51
वृहस्पतिवार,113
कोशिकाओं,143
गायिकी,25
अमावस,155
दौड़ाएं,163
तमाशे,5
पदास्थापित,89
मंडपों,77
घटेगी,170
जुटकर,73
प्रशस्तिपत्र,193
झेली,101
अल्पाहार,131
इमरती,179
पचम्बा,35
निरोध,180
बेचती,79
नासमझी,135
हमराह,65
सड़न,152
उत्पीड़ित,169
डगमगा,85
गठजोड़,147
पंचायतो,54
सोख्ता,62
गोमूत्र,180
बंदिशों,151
दुर्गन्ध,99
उड़े,158
समुंदर,103
ललकारते,75
समेटा,124
कर्मों,196
ब्रांडों,162
प्राप्तियों,129
आईटीसी,172
इक्के,112
ओवरहैड,102
पदोन्नतियां,148
परिचयपत्र,133
ब्रॉडगेज,93
थमाई,140
चमकदार,104
भिक्षा,131
सुपरहिट,90
खिचड़ी,179
बंदगी,176
प्लेटिना,172
अडे़,174
नवरत्न,134
दवात,21
चौड़ाई,197
बिखेरते,150
बाइकर,102
इति,8
हिन्दुत्व,27
संवरने,150
रात्री,113
कार्बनिक,143
सिंहों,81
पूछेंगे,194
जलयात्रा,103
धोए,156
भाषियों,14
चूजे,187
चित्रलेखा,94
नरकंकाल,81
लड़ी,88
दमकलकर्मियों,47
पोषाक,66
गरमाहट,9
उपलों,86
बोतलबंद,162
बृजवासी,2
विश्वशांति,73
जुल,123
पंचायतनामा,54
दूनी,197
किधर,194
मसालेदार,179
खातेदारों,50
भूकम्प,171
वंशगोपाल,26
फेंकू,82
मधेश्वर,122
अपनापन,45
परंपरानुसार,131
रखवाले,134
जगाते,141
मतपेटिकाओं,16
बारंबार,51
पनपे,123
घुसना,3
ब्रह्माचारिणी,72
ढाढ़स,10
रुदायन,55
झण्डा,193
इंडियंस,190
खुलवाएं,50
तेंदुओं,81
पगड़ी,66
खड़का,184
अनुमंडलों,19
पहुंचनी,39
दरबदर,65
जिता,190
घपलों,76
रस्सियों,16
उन्मुख,60
बचाएंगे,107
रूपपुर,29
बेकारी,92
विक्रमाजीत,26
कठोरता,129
ढंकने,182
भीगी,157
अतिशय,189
अंगीकार,67
प्रजातांत्रिक,27
ढकी,160
कृषिमंत्री,114
सेवायें,1
अख्तरी,84
उपमंडलों,19
जनरेटरों,110
आश्वास्त,89
पद्मभूषण,105
परिक्षण,67
थकते,75
घेरी,55
अध्यापकगण,108
उपार्जित,51
पहचानो,7
संजोकर,150
खडी,160
प्रश्नावली,120
हंगामें,174
दत्तक,38
घटेगा,43
गुम्मा,35
पंडितजी,31
लेनेवाले,134
मनोदशा,24
बिरौली,29
पारिजात,167
चतुर्दिक,121
फिल्माए,90
सुपूर्द,65
कार्यपालिका,129
बवंडर,171
निर्धनता,169
लिपिका,94
कल्प,121
सबमें,118
गोश्त,179
हलाल,176
पेशकारी,90
कूदते,85
गजलें,166
स्वरों,25
ढोंगी,61
आधुनिकतम,1
त्रिपाल,26
कीकर,37
मानुष,161
एकपक्षीय,135
शमशानघाट,35
दिक्कते,92
शर्मिदगी,164
परोपकारी,149
परिवर्तनकारी,27
संवादददाता,11
बालाओं,125
कटवाए,34
देशद्रोहियों,136
बुझेगी,175
कार्यशील,60
भागवताचार्य,31
प्रीतिभोज,32
बाबु,2
प्रक्षेपण,129
सताया,101
तेजतर्रार,149
आवारागर्दी,5
सूपा,55
निर्गुण,189
बेजुबानों,57
दौड़े,85
गृहक्लेश,92
मुड़ा,163
नशाबंदी,73
समाओ,184
बाजीगरी,5
राजगद्दी,146
अग्रसारण,133
रक्षासूत्र,100
तोहमत,168
हेडलाइट,112
यज्ञस्थल,131
धूर,30
बरतेगा,170
अटैचमेंट,106
पालित,8
पैराशूट,199
बंदूकों,199
छटपटाने,87
कटता,117
गोतस्करों,63
इच्छाएं,52
तराश,70
प्रामाणिक,120
याददाश्त,57
छपवाए,140
दीर्घकालीन,60
कोर्सों,108
एनेस्थीसिया,22
बूढे़,38
संभालकर,163
अंगुठी,66
हरस्वरूप,145
नहाए,157
नियमितिकरण,133
खेलमंत्री,114
दोगे,7
कुपित,98
ज्ञाता,126
बुझती,175
सांध्य,113
द्वारे,161
लाभपात्रियों,63
लहराएगा,43
विश्वदाय,121
निगलकर,41
बगावती,48
खैरियत,80
गिद्दे,25
सुनाएगी,170
रिहाइशी,153
फोड़ते,75
एरोबिक्स,102
शिवबचन,145
वास्तुकला,70
गुरवचन,145
पखवाड़े,165
निर्माणकर्ता,134
आपदाएं,171
गृहणियां,52
भोगियों,19
शुभचिंतक,134
लिटाकर,41
चूड़िया,66
कुड़वा,184
मुलाकाती,11
हट्टी,2
पिसाई,86
निशानों,151
जाऐगा,43
बुद्धिमान,149
संस्थापिका,94
दम्पती,132
आवर्ती,116
सतगुरू,31
घनमीटर,197
खिंचने,87
बागीचे,37
शेरनी,81
उपेक्षात्मक,135
नहाना,185
गोसाईं,8
अंगारों,175
लम्हों,151
चिरौंजी,46
कचड़े,152
अल्पमत,48
अमिय,109
स्थानो,18
पारियों,190
पैथोलॉजिस्ट,22
आहिस्ता,163
क्रान्ति,27
छेना,179
अभिषद,128
माफीनामा,173
मृत्युदंड,183
जकड़े,36
पूछती,194
लंबोदर,72
जागती,141
घुमावदार,151
सौन्दर्य,189
कंसलटेंसी,172
बीएमडब्ल्यू,112
भंवरा,161
गहराते,171
सरपंची,54
बुनने,182
आत्मीयता,181
इंसुलिन,180
छोडे़,42
इकठ्ठा,6
चराया,69
काक,109
बहिन,195
डलवाए,34
उपप्रधानमंत्री,114
पल्टन,35
रखूंगा,144
जीतीं,190
रसोइये,134
अपरंपार,161
बाल्टियां,83
भारतवासी,121
लपेटा,100
फुलझड़ी,30
डाककर्मियों,47
उतरेंगी,177
भंगड़े,184
नवरंग,25
जलस्त्रोतों,198
गेंहूं,56
दबाई,41
डाकबंगले,35
समयसारिणी,93
कूटा,86
पुनरावृति,142
लहरियों,138
कूड़ेदान,62
डकारने,15
ठोकी,49
सिरा,21
यांत्रिकरण,1
हंसिया,21
उगला,41
चित्रकूटधाम,54
केबाद,87
कमरतोड़,56
बल्लियां,83
दुर्वेश,26
लालची,147
हवालातियों,183
चिल्लाई,10
वेटलिफ्टिंग,33
तपसी,30
श्रद्धेय,31
करतबों,5
उनमे,118
सुरूर,65
मस्जिदें,77
साम्प्रदायिकता,123
दरारे,198
अस्वस्थता,24
गुण्डा,147
नम्बरों,106
स्वराज्य,27
मेष,155
सकून,65
ब्यौरे,120
पंहुचा,124
रोकटोक,5
कमाता,111
सुलगती,175
छापों,76
मांगेगी,170
पदाधिकारियो,19
तानी,21
हानियों,95
लंगरों,139
दुराचारी,74
दवाखाना,22
झड़पों,137
बेचारी,10
सूर्यमुखी,37
मुफसिल,55
भ्रांति,24
रोमांटिक,90
झुकी,160
गरमाई,96
लुभावन,188
रुबरू,166
टेकते,49
पुलिसवाले,53
उजाड़े,153
थमाने,15
रसगुल्ला,179
नवरतन,145
आदतन,82
अलगाववाद,123
चमरा,128
बुझानी,175
सत्तन,26
मित्रवत,149
हत्याकर,74
इश्तहार,140
चंद्रग्रहण,155
लुटे,53
दुक्के,42
मुर्गियां,69
छुपकर,163
कार्रंवाई,78
नेतृत्वकर्ता,126
लिखवाई,140
सलोचना,145
सुरमुख,2
कव्वालियां,25
शैवाल,99
पट्टाधारकों,19
रिफाकत,84
धतौड़ी,128
विरूद्व,12
जाड़ा,9
फकीरे,2
कारकों,95
येाजना,4
निविदाओं,133
कुंभी,198
सिरकी,86
लंगड़ी,20
अपंजीकृत,67
दुष्टों,196
पापियों,196
पांडुलिपियों,120
आजमाएंगे,107
दलदली,198
गवर्नेंस,172
अतुल्य,91
आशातीत,91
घूसे,49
एवम,1
रहमोकरम,80
धंसे,85
झांका,163
जीवनरक्षक,180
डेयरियां,83
रीत,161
लिपटकर,10
निर्जल,156
ब्रह्मापुत्र,23
सजायी,160
बतायाकि,194
घबराएं,191
बचाये,42
रिकी,190
अनियमिता,76
शीशमहल,77
बेगुनाहों,183
व्रतधारी,131
धरनाकारियों,19
रणनीतिकार,126
गणितीय,60
राष्ट्रकवि,167
पंचकल्याणक,131
खिसका,85
पछाड़ा,190
उठेगी,170
उत्तरायण,155
मंत्रीजी,114
संभालेगी,170
रीपर,102
साकारात्मक,73
महीनें,165
ठोकने,49
घीया,46
टका,111
ढूढ़ने,182
पाक्षिक,167
नज़र,163
चर्चे,166
मग्घर,145
डुगडुगी,138
रखवाकर,34
निपुणता,91
शकीना,195
किश्ती,103
वनस्पतियों,143
बरामदों,77
अनुनय,196
लूटेरे,53
आयोजनकर्ता,32
पोशाकों,66
इलाकावासियों,63
आदिकाल,121
वीभत्स,74
कुच्छल,109
रोकेगा,43
दुकानदारो,115
मोरध्वज,8
मुकदमेबाजी,130
मूंदकर,163
पहलवानी,33
कुख्यातों,74
समाजहित,73
जिलाबदर,53
आलस्य,196
थमता,117
बंटवाने,15
किचकिच,96
तीली,175
वनीता,94
फरेब,65
ऐतिहासिकता,142
संकटों,92
पिघलने,87
तकाजा,80
तुफानी,9
मिटाओ,7
सजनी,161
चीना,2
देवमई,55
चिंताओं,95
विविधिकरण,1
गैरजमानती,183
थूक,41
फिल्माया,90
बसता,117
बालो,104
निखारना,150
मठों,61
जाको,161
वीडियोग्राफर,106
सूर्यनगर,23
लडऩे,48
बसहिया,29
नवपदस्थापित,89
भूलता,117
नचाया,25
गंतव्यों,93
सुनवायी,183
चौड़ी,154
दगाबाजी,147
घटाएं,191
दौड़ेंगी,177
सचिवालयों,19
विधानपरिषद,114
रियासतों,146
बेसहारों,169
नगरपालिकाओं,4
रूकते,75
किन्ही,118
खदानें,83
संप्रभुता,27
राडार,106
सूईया,184
भरतनाट्यम,70
नवागंतुक,134
बढ़वार,56
मंगवाना,185
गढ़े,42
विभूषण,109
मकसूदन,26
जना,38
जुड़ता,117
सर्वजातीय,23
उगलते,175
केद्र,4
भूखहड़ताल,11
खपा,111
तसदीक,80
इन्द्रमणि,26
मिलनेवाली,154
गनई,184
चुलबुल,195
राशियों,116
जन्मा,121
वंशजों,146
बिकाऊ,79
खैरात,80
प्रतिक्रियाएं,52
गूंगे,82
जफीर,184
मुखौटे,193
नौकरिया,148
क्लासरूम,108
फोटोकॉपी,140
तबेला,69
बांटता,117
सुनाये,166
घंटियां,138
सहस्त्र,97
खुदवाकर,34
छेड़ेगी,170
क्लिनिकों,22
दिखाएंगी,177
कस्बेवासियों,63
टिकिया,156
कुटुंब,58
आत्महत्याएं,52
सिकुड़ती,160
जीरे,46
दरबान,0
तकनीशियनों,119
मनुज,196
उरद,46
यूनिटें,110
दिखाओ,7
छिपाई,88
रोमांचकारी,188
भौतिकता,196
पहचानता,117
ससम्मान,105
शिक्षाएं,61
उत्सर्ग,196
दूल्हों,132
पिछड़ों,169
निश्शक्तता,181
भूमिपूजन,68
फुस्स,85
दीर्घकालिक,60
असाक्षर,40
पन्नीवाला,35
मलिकपुरा,29
सूत्रपात,121
परसों,113
बिलबिलाते,10
चलाऊ,82
अम्मी,84
प्रधानता,142
खिंचे,42
बिजलीकर्मियों,47
कम्पाउंडर,22
अंकपत्रों,108
वसंतोत्सव,44
नवप्रभात,109
करूण,189
दुर्भाग्यवश,64
भिजवाकर,34
घावों,28
झाडू़,62
अनुभागों,120
क्यूरेटर,126
तारीक,176
रोए,10
भैय्या,195
चश्मों,151
प्रशिक्षार्थियों,108
अनुतोष,183
डीडीआर,172
वधशाला,69
फारिग,163
मुंडी,21
अभिव्यक्त,142
फैलाता,117
खण्डपीठ,129
धुरंधरों,119
गौमाता,69
समलैंगिक,125
संतरे,46
गणतांत्रिक,27
कैशबुक,106
पुननिर्माण,68
जिनमे,118
तिलमिला,98
जगराते,159
देशसेवा,73
खपाया,124
दरमियान,65
एचएएस,0
छबीला,2
महाअष्टमी,155
सहयोगात्मक,1
आनंदमय,189
पुलाव,179
सोचेंगे,107
समागमों,32
शरिया,176
हायतौबा,127
मातरम्,25
प्रकटोत्सव,44
ससुरालजनों,63
खुर,59
चितवन,161
मतदाताओ,48
भद्रक,122
लगायेंगे,107
ननकाना,35
जैनुद्दीन,84
बाबाओं,61
अरिंदम,109
मद्यनिषेध,12
वंशवाद,147
सभाधिपति,89
गालियों,166
बेताबी,45
राजनिवास,114
अस्प्ताल,22
शामियाना,77
जयजय,128
मलसियां,83
प्रयोगशालाएं,52
कुंठा,45
नईबस्ती,29
खेतो,56
वालीं,13
मुख्यतिथि,11
संगठनकर्ता,126
जोकर,90
गिद्धों,187
दवे,109
पलभर,10
कामायनी,129
कंगाली,92
पदाधिकारीगण,178
गणराज्य,14
फड़ों,78
रियायतें,130
सब्बल,21
गडढों,152
अनल,161
लडकी,125
कीटनाशी,143
चिपकाकर,140
चुगली,82
माइक्रोसॉफ्ट,162
गौरक्षणी,69
बनवाएंगे,107
सुदर्शना,94
अधजली,175
चित्रित,188
प्रखंडो,29
यूए,128
मंगलकोट,78
शीलधर,145
देनेवालों,51
बारिकी,142
बहरे,82
आलौकिक,189
मधुरिमा,94
चमकता,17
पूर्णाहूति,131
बसही,55
बेजान,104
आहूतियां,83
रहेगें,107
भूस्वामी,146
मछुआरा,58
न्यायायिक,183
जबड़ा,152
पादप,129
कमांडों,199
टुकड़ियां,83
सिद्धातों,95
खोदना,3
पतंगें,158
मजलूम,80
भाद्रपद,155
गोलों,199
बनवायी,88
वैमनस्यता,123
चलाओ,7
अज्ञातवास,165
स्कार्फ,66
सुजित,145
तोते,187
नागदेव,26
जलवाहकों,19
मनचला,125
लागी,161
गुरुशरण,145
खालों,86
रंगीलाल,26
शिवसैनिक,136
ठोंकने,49
कहूंगा,144
बैण्ड,138
जुमले,166
तोड़े,42
गूंजेगी,138
श्राद्धकर्म,131
काश्तकारी,56
पसारना,185
प्रचार्या,178
उत्कृष्ठ,40
हटवाई,34
निधार्रित,73
आत्मज्ञान,196
तौले,152
पठारी,18
मेडिकोज,22
पदोन्नतियों,148
मोतियों,16
झंडियां,83
बोझिल,45
कंजड़,184
सूचकांक,197
फाँसी,183
खुदवाने,15
अपहरणकांड,53
कतरे,157
छोड़ना,3
पांवधोई,122
दिलबर,65
संकल्पना,142
अगाह,20
भारतीयता,123
जुटेगी,170
बक्शे,62
पहनाना,185
अपीलों,173
उतरवाई,34
मेलार्थियों,139
छुटपुट,5
करुंगी,144
कीचड़युक्त,89
मांगीं,88
बलिहारी,161
मौजमस्ती,5
उभरेगी,170
औषधियां,180
सजाते,75
पारस्परिक,60
बढती,197
बुलाएंगे,107
धुंधला,186
बरतता,181
अंतरा,94
क्यारियों,37
पोलिथीन,62
परिंदे,187
खरबूजे,46
जमाखोरों,147
असंसदीय,135
सजाना,185
वर्गफीट,197
महावत,81
समरस,123
स्कैंडल,76
चोकर,46
चरवाहा,69
खेडी,55
आवश्यकताएं,52
स्वच्छकार,4
पुतली,186
पश्चात्,51
जुटता,123
उदगार,105
आशुलिपिक,148
चमत्कारी,188
फंसाना,185
मुख्यवक्ता,178
अरिजीत,25
रसातल,85
जोगीवाला,35
भुना,156
ज्ञानोदय,167
तापने,15
एचएयू,128
जोड़ेगा,43
अभिप्रमाणित,133
चरनी,161
बरा,2
विह्वल,98
स्मरणीय,188
पैरोकारी,27
पर्यन्त,121
मुर्गो,187
भूअर्जन,133
गोठलवाल,145
शुभकामनाओं,105
दैत्य,72
लोटे,62
उपभोक्ताओ,162
ग्राउण्ड,102
जुराबें,66
बौरी,55
अनाजों,56
सुलहनामा,11
उलझाने,182
गजा,128
नारंगपुर,35
शक्तिपीठों,122
मोटरयान,12
छेड़ेंगे,107
सातो,161
बैठकी,5
छुपाया,124
उकेरे,42
स्वाधीन,121
अमृतपान,131
छुटे,65
आरयूबी,93
पहुचेगी,170
म्युनिसिपल,172
नगरपंचायत,54
दागियों,48
रेजगारी,111
टपकती,157
स्वागताध्यक्ष,178
हितार्थ,73
खुशनसीब,65
बंदिशें,52
कौओं,187
प्रभास,90
चिड़ियों,187
रसगुल्ले,179
दिलवाएं,34
गद्दारी,147
निकटता,181
मारक,199
लिखाकर,34
पशुचारा,69
चलाईं,88
पकड़ेगा,43
खाद्यान्नों,129
जोड़ना,3
नाभि,59
दुष्ट,196
खदेड़ा,174
आनंदमयी,189
घोंटा,41
सतही,60
डीईआइ,130
संसारिक,196
दमदम,35
झड़ने,87
आत्मसम्मान,181
कराईं,88
अर्धनिर्मित,77
सूखता,157
खदेड़,174
घसीटने,182
रहमतों,176
वीरगति,199
हाइड्रोजन,143
मोड़ी,30
खरीदेगी,79
नरभक्षी,81
वारी,161
कोफ्ता,179
पुनर्निरीक्षण,133
उतरें,191
अभियुक्तगण,183
दमकलकर्मी,47
पौष्टिकता,46
नवें,71
तैंतीस,97
दुल्हनों,132
बदकिस्मती,57
रंगदारों,147
तंदूर,86
होठ,41
खट्टी,46
वसूलेगा,130
बाल्यकाल,38
सम्मोहित,98
आचार्यों,61
विशेषतौर,73
वैश्यों,58
विक्षुब्ध,24
छबीलें,83
चिकनपॉक्स,28
आमों,37
हिलाने,87
सुकृति,94
घबराते,75
एसएएस,172
पाषाण,121
बॉयो,172
हजयात्रियों,139
बेदा,161
लोंगो,118
पट्टेदारों,19
नपे,49
बरसाते,75
गंजा,82
कहेगा,43
विग्रहों,72
बैसाख,155
विवेचनाएं,52
धनउगाही,76
इत्तफाक,80
निरूपमा,109
धानिक,145
फजले,84
उमड़ेगी,170
आंटी,195
चेले,82
सत्यार्थ,31
ऐहतियात,137
जलायी,175
तनूजा,94
अधजले,62
ऑडीटोरियम,32
कब्रगाह,77
सतपथी,109
कहतें,75
कान्फ्रेंसिंग,106
रुखसत,65
पहलूओं,95
कैफियत,80
चुकाए,130
ओढ़कर,66
छोडऩे,182
बाईं,59
नौहाख्वानी,176
चक्रवती,109
खुरपी,21
दोहे,167
चढ़ेगा,43
बहलाकर,125
जगमगाने,17
सवर्णो,169
पापड़ी,179
ओढ़ने,66
मुड़ते,163
वर्षगाठ,44
प्रेमजाल,125
सींचने,56
नंदीशाला,122
एजे,128
फुलकारी,186
निहितार्थ,142
अदाओं,65
उछलने,87
सूखती,160
लौकिक,189
आगन्तुकों,32
नशेबाजी,5
मूंगा,186
कैलकुलेटर,106
महासागर,103
राजगुरू,129
सयुंक्त,14
करवाएंगी,177
रक्तस्त्राव,28
गाड़ीवान,112
नाट्यशाला,77
विधवाएं,38
खुशबु,150
दद्दा,195
मुस्कुराहट,45
डाइवर्जन,110
बैचेन,98
योगाश्रम,31
बग्घी,112
भैसों,69
बतानी,39
निर्माणकार्य,68
कामचलाऊ,5
परिवर्तनों,95
जोशीले,149
लीडिंग,102
स्वीकारने,164
अवतारों,61
प्रज्ञान,31
साकेतिक,23
सोफे,163
बटुकों,131
सूड़ी,184
एकदूसरे,96
गेंदे,37
देवकाली,159
भगतों,159
पालता,117
कम्प्यूटराइज्ड,106
ऑलराउंडर,190
परिणीति,90
बुद्धिस्ट,172
थैलियां,83
बेलने,179
लड़खड़ाई,85
चंद्रलोक,122
नश्वर,196
दुगुना,197
गुणे,128
जिन्होने,118
नामंकन,173
छिपाते,75
मोहरे,5
तशरीफ,176
मिलवाने,105
कर्मचरियों,19
उपभोक्तओं,162
चौकन्नी,163
दिखेंगी,177
गेरूआ,66
निराश्रितों,38
उपाध्यक्षा,178
आदिशक्ति,72
उपासकों,61
बोलेगा,43
दोषों,95
अदाकारा,90
कलियुगी,72
सुनाना,185
छुड़ा,53
कटेंगे,107
गैसें,143
रणभेरी,138
माहिल,2
तैलचित्र,193
कटघरा,77
महालेखा,129
वंशावली,58
ललई,128
खुदवाया,34
राष्ट्रभक्त,134
जपने,196
मण्डलीय,4
ठाणे,18
बनके,65
छिड़कर,156
संबंधि,1
श्रेणियां,52
सौंदर्यकरण,68
टीएमटी,172
भूषा,70
एलोपैथ,180
महानवमी,155
गोभक्त,134
छिड़का,156
बिगड़ती,192
करौंदा,46
फीसें,111
विराटनगर,18
अंतरप्रांतीय,14
कूडे़दान,62
मूलवासियों,153
गांधीगिरी,5
भैरवा,29
थानेदारी,19
इरसाद,84
झलका,45
वालिद,84
गड्ढ़ा,198
गोठ,2
धनिक,134
महाजनों,146
बादशाहत,80
पट्टिकाएं,83
तृष्णा,196
बेगार,146
कार्याध्यक्ष,178
रिझाया,25
ठहरना,3
मदहोश,65
मुरादाबादी,84
चायपत्ती,46
बहुतों,118
गोंदा,25
दिलखुश,84
निधान,8
संकल्पबद्ध,73
क्यो,194
अफसरान,147
सिमटे,163
दहशतगर्दी,136
मोमबत्तियों,16
बकवास,82
अंपायरिंग,190
होमियोपैथी,180
एल्यूमिनियम,143
जुल्मों,101
रौंदकर,190
श्वसन,28
कार्यबल,1
रामभक्तों,61
अकुंश,168
सुधरवाने,15
खटखटाना,185
रणनीतिकारों,48
घटाए,197
आशियानों,153
गोटियां,83
प्रशिक्षणों,40
स्थायित्व,181
हरने,196
बुने,42
निरपेक्षता,123
उपसंभागीय,54
गर्मियां,9
रामशिरोमणि,26
भूखी,160
उन्हाेंने,54
श्रोतों,162
नादान,82
विचारणीय,142
उतरवाए,66
पंडोगा,29
पिट्ठू,5
महन्त,31
बंदीरक्षक,0
मनौतियां,159
मसूदी,84
बोना,56
झूमकर,25
ऑटोमैटिक,106
चमकेगा,43
दरखास्त,173
तराने,25
उगाकर,56
रचाया,132
राशनकार्डो,63
श्रीमान,134
औड़ी,78
रहवासियों,153
वाद्ययंत्रों,70
अर्जियां,52
आइने,163
रंगदार,186
कांगड़,78
दस्तकारों,70
खोलो,7
सून,161
आशिकी,90
धनलक्ष्मी,94
उपग्रह,129
उपस्थितजनों,32
निपटाई,173
बचानी,39
निर्णयानुसार,12
निगमकर्मी,47
परछाई,160
बघौरा,55
दण्डित,183
छठवां,71
बन्दी,183
संवारे,150
हत्याभियुक्तों,183
उच्चायोग,14
अजूबा,188
युवावस्था,38
धुम्रपान,28
अनुयाइयों,61
जीताने,190
जेसीटी,172
उपधारा,12
टूटेगी,170
उठायेंगे,107
टुर्नामेंट,33
गिरीं,85
मन्दिरों,61
ढेरियों,16
शांतिधारा,122
झूली,30
उर्वरता,56
सोचिए,194
हर्जाने,130
कोकिल,161
कड़वे,166
जनशिकायतों,133
निर्माणदायी,68
विधेयकों,12
बावलियों,16
मागते,75
मुरझाने,37
गैरइरादतन,183
पखवाडे़,165
प्याला,41
पनपा,123
वनस्थली,40
लड्डुओं,179
ईसाइयों,61
ठेंगे,107
तजुर्बा,80
रौतारा,23
अधबने,77
सद्गुणों,196
उजड़ा,30
पुलक,189
संरक्षिका,94
शाक,46
पिए,41
कटोरे,62
टरकाया,124
मोड़े,152
ऋग्वेद,121
आराध्या,159
रोबोटिक्स,172
पाऊंगा,144
छूना,3
न्यून,143
पुष्पाजलि,23
देतीं,13
शर्मशार,74
पल्ले,39
अधिकरण,12
तरण,109
बोलें,191
बचाती,13
जिलें,18
मढ़ैया,55
अमंगल,196
राजकोष,130
पेचकस,21
मुन्हें,38
निकलनी,39
पालनहार,134
माइक्रोवेव,143
तरंगों,116
कवायदों,95
तला,179
लेनादेना,64
ओलम्पियाड,33
सीजीएचएस,22
चिल्लाती,10
विकेंद्रीकरण,1
मूर्तिकारों,70
अट्ठारह,97
औैर,174
पुनर्जागरण,121
दरिद्रता,196
उपर्युक्त,51
शौकिया,126
समझिए,191
बुकी,53
अम्बुज,109
पैंतरा,5
एफडीआर,50
पद्मावत,167
मांगेगा,43
विश्वासियों,61
ब्रह्मज्ञान,31
दांवपेंच,5
मकरध्वज,8
आलआउट,190
समीक्षक,126
बोलियां,52
टैम्पों,112
गर्माने,87
साझेदार,162
अंगड़ाई,141
अौर,191
छाल,104
नहाया,157
मरीं,30
ज्योंहि,163
हाथोंहाथ,5
छानने,156
सजीं,30
प्रभावकारी,60
सुप्रभात,105
रहूं,144
मधुकांत,26
बदसुलूकी,174
अनाचार,74
समाजवादियों,27
दावतों,139
चक्षु,189
उभरता,117
सल्तनत,146
गाँवों,153
अकस्मात,24
दुधमुंहे,38
उपन्यासकार,126
वटवृक्ष,37
रेस्टोरेंटों,139
मिष्ठान्न,179
आत्मशांति,131
लौटाकर,34
महीनेभर,165
उद्वेलित,45
मिलाएं,156
रूकसाना,84
मु़कदमा,11
इश्तिहार,140
लंबीकूद,26
मचाता,127
खबरदार,82
दोसड़का,184
खाले,179
न्यूरोलॉजी,22
पॉलिश,104
छाछ,46
राष्ट्रध्वज,193
मिसरी,2
खुखरी,21
पौरुष,181
बदसूरत,135
बुझायी,175
लिखेगा,43
हटवाएं,34
मार्केटों,115
कोमलप्रीत,94
सुखदा,94
धमकाता,117
खंगालते,75
भड़की,174
पचहत्तर,97
फुटबॉलर,33
एनिमेशन,90
तफतीश,183
निभाएंगी,177
तपस्थली,122
खायी,88
सीसा,86
खिलाडिय़ों,33
उठाएंगी,177
गधे,81
छिटककर,85
निपटेगा,43
विरोधाभासी,135
अल्सर,28
नयाबाजार,29
पॉकेटमार,53
श्रृद्धालुओं,139
भिजवाएं,34
निकलेंगी,177
लाईनों,93
कमजोरियों,95
वंशीय,58
सर्फ,103
खडा,163
खंजर,21
किस्तें,130
सरेबाजार,53
देगे,43
राजघराने,146
ब्रजवासियों,8
वासगीत,78
राजकीयकरण,89
विकेटों,190
ग्लोब,102
रियात,23
सिमटता,117
गदाधर,26
तीरंदाजों,33
जयघोषों,139
जूठे,62
उत्प्रेरित,6
उगाया,56
दूधिये,186
वर्णमाला,129
टाफियां,83
बुढ़ा,38
डण्डों,16
कम्युनिष्ट,27
स्वकेंद्र,108
तोड़ो,7
फिनाइल,62
ससुरालवाले,132
मुनाफाखोरी,76
पकाते,156
माल्यापर्ण,193
ढंककर,156
इटक,184
घटाई,197
सघनता,181
भयवश,20
प्राकृति,121
घटाना,3
मैक्सिको,14
भूमिकाओं,95
गुणवंत,145
थर्माकोल,62
प्रत्याशा,197
ग्रीष्मोत्सव,44
स्वाभिमानी,149
टाईप,82
वृष,155
उमड़ेगा,43
निवार्चन,133
रहस्मय,151
हंसमुख,149
प्रबंधनों,19
मैत्रीपूर्ण,60
हटता,117
शुक्रगुजार,105
हेवी,102
गोदी,103
सत्ताइस,97
अतिविशिष्ट,60
महासाध्वी,31
गपशप,5
पढ़ाओं,73
स्मॉल,102
पपीते,46
श्रृष्टि,72
बरकतों,176
इम्तहान,108
जनहितैषी,73
सदस्याएं,52
दौैरान,174
लॉट,102
घोटालेबाज,147
भंगी,58
जनसमुदाय,73
टांगने,15
लाईटें,110
उपनेता,114
कांवरियां,139
कजली,25
लिखती,13
आस्ट्रेलियाई,14
कहलाती,129
बवासीर,28
वनक्षेत्र,18
भुजबल,8
सपाटा,5
शिवमंदिरों,122
सोंच,82
कंपकपी,9
जानिब,176
हलवे,179
सुविधायुक्त,40
गरजी,49
भगौड़े,20
धर्मी,61
सम्मानपूर्वक,105
अधिवास,153
खिंची,160
घनघनाने,87
ख्यात,126
मानववाद,27
ब्रह्मर्षि,31
निकम्मी,147
पंचेश्वर,122
आईए,191
मैल,104
भरवाना,34
उधेड़बुन,45
चमत्कारिक,188
जरीब,21
शंाति,55
प्रश्नमंच,32
गुरुघर,61
जांबाजों,199
शीतगृहों,16
घसीटता,85
पचासों,118
मठाधीश,134
छिद्र,116
बताशे,179
जाला,2
रक्षण,73
सांची,94
दीपइंद्र,23
होमगार्डों,19
छटाई,56
रूपांतरण,116
खलवाड़ा,35
बलिकरन,145
जनसहभागिता,73
सर्मथकों,48
उत्तरों,120
ढाचा,77
पकड़ेगी,170
ऊंचाइयां,52
पीडितों,171
हरिपद,161
षष्टम,71
गतिशीलता,181
नवज्योति,109
बोतले,62
राजबाड़ी,23
विरह,189
कहलाए,58
निशाद,109
वार्ताकारों,119
उलझाया,36
एमआइजी,102
गड्डों,16
जनजागृति,73
गृहकलह,174
कलाएं,70
डिग्रीधारकों,148
ग्रन्थ,167
रसोइए,134
सुपुर्दे,176
सप्ताहिक,32
दसों,97
जिम्नेजियम,33
मिर्चा,46
फुलका,179
युवाध्यक्ष,178
कांटेदार,37
आदोलनकारियों,63
वत्सला,94
बागुन,128
हैे,64
जालियां,83
बलिदानी,57
अभेद्य,199
मातारानी,159
ब्राम्हण,58
खुटिया,29
रणभूमि,199
हौसलाअफजाई,105
रोकेगी,170
दिखलाई,39
कूटनीति,96
पटके,49
राजयोगिनी,72
कुरेदने,182
आकृतियां,83
खीरे,46
बूचड़खाना,69
कराहने,10
डूबती,103
बर्बरतापूर्ण,74
कबीरपंथी,61
जांएगे,42
टांगा,21
अक्रूर,8
अतिथिगृह,32
बलदाऊ,8
छैल,161
प्रतिघंटे,197
निश्छल,189
भेड़,69
अरोड़वंश,128
वाद्ययंत्र,129
झुकाकर,163
अपनाता,117
सराहे,42
एनसीसीएफ,172
निपटाये,42
जेनरेटरों,110
कुलदेवी,159
शान्तिपूर्ण,135
गंधक,143
बलात्कारियों,74
घड़ों,152
दुलारा,38
पराया,65
ठहाकों,166
ऊबकर,101
सॉस,179
लदाई,112
ध्यानाकृष्ट,89
वणई,184
खुलवाई,34
कृतार्थ,105
टटोला,163
लिखीं,88
कब्जेदारी,11
चलवाई,49
खद्दर,66
चीथड़े,152
ब्लाउज,66
जनभावना,27
वर्षवार,133
कथामृत,31
गन्तव्य,93
रक्तदानी,23
बेचेगा,79
सीखता,117
बिगड़ैल,82
शोहदा,176
लकड़बग्घा,81
उतराया,124
बहुलता,142
फकरुद्दीन,84
मोजा,66
कायरता,181
घिरते,171
चिंगारियां,175
फिनायल,62
सुहागिनें,132
पखेरू,187
महाभोग,131
भूलेख,133
रूखी,104
पचना,28
चौदहवें,71
मालुम,194
छपते,140
पैतीस,97
दीपकों,17
अबाध,121
ज्योतिषियों,119
बचाएगा,43
झाझर,55
तगा,55
नबंर,106
अविष्कार,129
हूँ,144
बेंत,21
प्रशासकों,119
भेदने,182
पीटती,49
सहेलियां,83
झगड़ते,20
मल्लाहों,103
रंगरूट,199
संवादहीनता,96
वालें,118
डांटकर,174
डूबो,103
नकारने,182
गड़बड़ाने,192
गर्वित,149
घनिष्ठ,60
शरदकालीन,32
लड़ेगी,170
पनशाला,40
मजनुओं,53
खूर्द,128
जेनरेट,106
यांत्रिकी,1
मुड़े,163
आइफोन,106
जलेगा,175
उल्फत,65
ठप्पा,168
रूला,65
भूलती,13
उदर,59
धधकती,175
चढे़,55
जनसुविधाएं,52
सिला,66
उन्नतिशील,1
सहमें,75
गुनगुना,25
आरटी,172
विधिसम्मत,12
फुलवा,2
पौना,97
वर्धक,180
मोलभाव,79
जीतता,190
घुड़की,20
मध्यांचल,18
साम्राज्यवाद,27
जामनगर,35
घाटियों,151
थमते,157
अखाड़े,5
दिखवाया,124
नादानी,82
जिलाअध्यक्ष,178
पकंज,145
प्रान्त,18
कथानक,167
चटकाकर,190
आपमें,181
विश्वयुद्ध,199
बनायेगी,170
कल्पनाओं,151
अभिनेताओं,119
तथ्यहीन,135
दुखिया,161
ग्यारहवें,71
दाम्पत्य,132
रेसलर,90
प्रतिरूप,116
फड़,115
राष्ट्रप्रेम,181
शपथग्रहण,32
प्रविष्टियां,52
मुख्यरूप,18
तालुकदार,26
गुलिस्ता,65
मुद्रक,140
टहला,163
हाथापायी,174
घण्टों,165
नैवेद्य,131
संभालती,13
पर्यवेक्षणीय,116
रेडियोग्राफर,22
कुरमी,55
ताइक्वाडो,33
रेंगकर,85
फूलना,28
महानगरनिगम,63
विर्सजन,131
कमांडरों,199
शांतिपुरी,35
अडडा,93
बजाती,138
मंगाये,34
जुड़ती,160
संलिप्ता,76
उद्यमों,162
स्पंदन,189
निखरने,150
बीटीपीएस,172
राउंडर,190
दुष्कर,3
वेष,66
पीठों,122
मणिकर्णिका,122
जयहिन्द,167
गोकर्णनाथ,35
आयोडिन,28
निहारा,163
मुल्जिमों,183
विलायत,84
फोटोकापी,140
चौरंगी,35
सांयकाल,113
उल्लिखित,67
निर्विवाद,142
भिड़ीं,184
अभिवंचित,89
बारहवें,71
हालाँकि,64
सतत्,73
ब्लॉग,120
बनवाला,35
रजिस्ट्रियों,50
अराध्य,159
बालयोगी,31
क्षयरोग,28
सींचपाल,4
गिराते,75
विमुक्ति,196
जाइये,191
विनाशक,171
किलकारियां,38
उगाला,55
धुलने,156
गैरजिम्मेदाराना,135
आवाजों,138
यदाकदा,24
बहुविकल्पीय,120
काऊ,102
पीढी,121
बेड़ियों,36
खण्डों,120
बेंचे,79
हर्ज,64
दलबदल,129
बौछारों,157
वनीकरण,1
कामराज,114
वर्गगज,197
खदेड़ना,20
वर्गाें,63
ख्यातिलब्ध,126
कड़कती,9
सहगामी,60
रोधक,143
उगलती,175
कनीज,84
महापड़ाव,32
लाभपात्र,50
ऐलीमेंट्री,11
सेवइयां,179
आर्कषण,70
जिम्मेवारियां,52
सकपका,98
हंबड़ा,128
निकालती,13
मनकी,2
अग्निदेव,72
मिलीजुली,154
सृजना,167
आडंबर,123
फिरंगी,146
अहं,196
छाव,30
कायापलट,70
फौजिया,84
कईं,118
ऩजर,184
व्याधि,28
बरसानी,49
समानों,63
मृत्युजंय,31
मूर्तिकला,70
साफतौर,164
चिल्लाकर,98
अवकाशप्राप्त,148
गोंठा,184
बाड़ी,2
ठठेरा,86
सहायतित,1
मददगारों,147
जमाकर्ताओं,50
पूछें,194
चपाती,179
सूफिया,84
सुल्तानी,84
पर्वों,44
बैटरियों,129
जटिलताओं,95
श्रीफल,193
अत्याचारी,101
नारियां,125
वनविभाग,54
दिखें,191
अनीमिया,28
वस्त्रालय,70
टिक्की,179
उभरेगा,43
बुलाता,117
विलासिता,91
उगाए,37
गर्जन,171
शरणागत,196
खासमखास,134
अमरुद,46
उठायें,191
उपकर,130
प्राचीनकाल,121
ज्ञानपीठ,129
स्थानातंरण,4
लाडलों,38
आंतों,28
पधारने,105
चलनेवाली,154
बालिक,23
रोहेड़ा,78
बुर्जुगों,63
पुरूषोतम,26
कटवाना,185
लुहार,86
एसएसजे,4
महलों,77
मनमोहा,25
चिकित्साकर्मियों,47
संवर्गो,148
विधानसभाध्यक्ष,178
बिछुड़,65
छिंदरपाल,145
तैरकर,103
संभालेगा,43
अतिश्योक्ति,142
ताबीज,66
भयाक्रांत,171
रुकेंगी,177
लगवाएंगे,107
पतझड़,37
भक्षक,134
गैंडा,81
सम्बद्धता,142
शैंपू,104
साहिबजादे,2
हांफते,85
सूंघ,41
निर्देशकों,119
लहराएगी,170
सिमटने,87
बुधिराम,26
खेलेगा,43
गुरूद्वारे,77
जगाती,13
घोंसले,187
फटका,21
टांगें,59
कलाइयों,59
पकड़वाया,124
खों,30
मलाईदार,104
उड़ायी,158
कबाड़ा,62
संवाददात,11
नास्ता,179
नगालैंड,18
सोहा,94
समितिया,4
बसाना,3
संवारना,3
सत्याग्रही,27
लांघा,100
राजस्वकर्मियों,47
लड़ियां,83
दधीचि,8
पेशबंदी,168
पाओगे,7
रिकॉर्डिंग,106
कड़ियां,52
महत्वकांक्षी,149
चमकती,17
बबाल,127
बेपरवाही,45
कंपाने,87
साजिशों,147
छुड़ाया,124
संभालनी,39
मुंशियों,19
कबाड़,62
जकड़न,36
निलम्बन,173
मनगढंत,168
पाणि,8
मिटेगा,43
राजमिस्त्रियों,19
दैविक,72
कबूतरबाजी,53
कर्जदारों,130
भारतवर्षीय,31
आसपड़ोस,128
खोजों,120
गद्दार,147
क्रमानुसार,120
गुनाहगार,183
दौड़ेंगे,107
फेकन,55
किशमिश,46
रेस्त्रां,115
पैथोलोजी,22
खौलता,157
ज्ञानस्थली,122
पहाड़िन,78
कीचड़मय,78
माणक,2
नीरस,135
जूझे,101
भक्तिपूर्ण,189
फरिश्ते,176
चापड़,184
गोरक्षपीठाधीश्वर,31
काटो,7
छोला,179
प्रणालियों,1
लेखों,120
शातिराना,135
जलाओ,175
हरना,161
कैशमेमो,50
मकोड़े,99
निगमकर्मियों,47
लिटाया,163
जरुरतों,95
मंगाली,89
सत्यकाम,31
तलाशती,13
सेवार्थ,73
फिसला,85
नवाजिश,84
चील,187
ऑडी,112
परिचारिका,129
कष्टदायक,24
खड़ग,30
छुपाए,163
छटपटाहट,45
जलवाया,124
चिड़चिड़ापन,45
अभावों,92
समाग्री,120
डिजिटाइजेशन,106
तहलका,127
मंगाते,79
गोंद,104
बाजारवासी,23
गोदना,70
जनजन,73
कार्यावधि,165
आत्मकथा,129
प्रमंडलों,19
मानेगी,170
काकी,195
फेशियल,104
सेंसेटिव,172
सुरंगों,199
सचित,109
शिवकुंड,78
गड़बडी,184
बाये,59
धुनें,25
अभ्युदय,121
युवाशक्ति,73
किश्तवाड़,136
अवधराज,145
कष्टकारी,24
डरती,13
घंटेभर,174
बावड़ियों,16
उपाधियां,52
अभिरूचि,181
बिगाड़ने,192
देवर्षि,72
श्रद्वालुओं,139
फर्जीवाड़े,76
बंधना,100
विच्छेदित,143
फिरना,185
जलधर,161
घटो,184
खटिया,141
एचआरपीजी,108
परिचालित,67
रामवतार,145
विदायगी,89
बसस्टैंड,35
उड़ाना,158
कैरोसिन,110
प्रतिरोधी,143
तिथिवार,120
चराते,69
बहका,168
सन्देश,105
व्याख्याताओं,148
हींग,46
बतायेगा,43
थमेगा,171
सर्वनाश,196
कांस्यकार,23
जोड़ेगी,170
नुकीली,21
रसीला,46
बैठककर,11
टपरी,93
फ्लैगमार्च,139
डायलेसिस,22
कहतीं,13
सत्तारुढ़,48
हीनता,181
अमनचैन,80
साइकलिंग,33
पाद,59
चूम,41
छूटना,3
सभावाला,35
नज्म,65
धनुषधारी,72
इन्द्रधनुष,186
उफनती,103
अभिशप्त,101
अम्बर,17
कसें,36
दुकानो,115
अलमारियां,83
गालिया,166
जलीं,175
विश्वबैंक,1
जुड़कर,73
एशोसिएशन,172
मिरगी,28
रेंगने,99
प्रार्थनापत्रों,133
तेरहवां,71
युगुल,26
दूरंतो,93
टैक्ट्रर,112
उद्धारक,134
तेईस,97
क्रीडा,33
बाइकसवार,53
उपदान,130
सपाट,116
छोटों,38
ताबिश,84
शूल,21
फुटबालर,33
मैन्यूफैक्चरिंग,172
हृदयरोग,28
पुर्नजीवित,73
चौमुखा,159
शकरकंद,46
संभाषण,167
बिकेगा,79
घबराया,98
ट्रॉलियां,83
राइफलें,199
कुश्तियों,33
कुल्ला,104
खंबों,77
कुरानख्वानी,176
चौधरियां,83
योगासनों,180
विशिष्टता,142
गुस्ताखी,82
सगुन,161
शिक्षाकर्मियों,148
उठक,49
बिछाये,163
ट्रस्टियों,19
फौव्वारा,77
गोशालाएं,83
सौभाग्यवती,94
पखवाड़ा,44
जूडिशियल,172
सहभाग,73
थानातर्गत,54
पुकारने,87
लम्हा,65
चढ़ाये,42
वीरानगी,151
अभिश्रव,78
प्रवरण,67
प्रचालन,1
विखंडित,116
तगड़े,20
एकाकी,24
छल्ले,104
ओवन,156
करधनी,59
समदर्शी,8
बुथ,55
जुर्रत,80
रागों,25
औद्योगिकीकरण,1
जलप्रपात,18
चबा,41
महाकाव्य,167
दस्तकारी,70
कुरबान,176
बरपाने,171
टेकन,102
दूरियों,151
सिफारिशी,173
टाईब्रेकर,190
नूनू,30
अभयारण्य,18
अर्जुनदेव,31
घुलने,87
ज्ञानवर्धन,105
दाब,143
जूती,66
यूकेडी,48
मत्स्यपालन,1
विकृतियों,95
खुदे,77
शूरू,3
डंडी,21
कामनाओं,196
अभावग्रस्त,169
पहाड़ियां,83
बदलवाए,34
विराजे,159
रती,161
तख्तों,16
हृदयघात,28
बिलबिलाए,10
घुड़दौड़,5
जलेगी,170
रामनिरंजन,26
आनंदविहार,93
मानिए,64
दिवाला,130
अड़ाकर,152
गुनहगारों,183
परिदर्शन,4
परिवारो,153
अविभाजित,121
दानदाता,134
प्लेटफार्मों,93
सीखो,7
ठुकराया,124
बावला,2
मचना,127
मासूमियत,181
शोधों,120
आंकने,182
अनुसेवकों,19
कास्तकारों,19
बंटेंगे,107
साधनसेवियों,63
उपनिषद,31
कानाफूसी,96
कर्मस्थली,122
भाईजी,105
पिलाएंगी,177
झोपड़पट्टी,153
हंसता,117
दहाडे़,53
एकजूट,27
एलोवेरा,46
बहिष्कृत,101
सफा,176
नापा,124
सदनीय,114
प्रभातफेरियों,63
हिलोरें,103
छड़ी,21
वंदिता,94
मधुरता,189
बिगाड़,192
बेवफा,65
श्रेयस्कर,51
धागों,100
अजातशत्रु,8
प्रांशु,109
मुख्यसचिव,178
रौड़ी,49
उफन,157
वयस्कों,38
फिल्मांकन,90
अनुकृति,70
बदलो,7
कहलाते,75
बनमाली,26
घुली,160
उलझती,96
कंपकंपाती,9
गांठें,100
बेमौत,10
राजद्रोह,183
एकत्रीकरण,1
चिकना,104
गोपियां,189
पोशी,176
लूटमार,74
यारी,65
दर्शाना,3
चरखे,21
चकरी,21
निरोज,23
मिटता,117
बत्तियों,16
अभिप्राय,142
कालिक,60
फैलना,3
खींचातानी,96
त्यागना,3
पड़ेंगे,107
चिढ़ाते,75
मिटी,160
गुरुमंत्र,31
उपार्जन,51
बांधती,100
हटाएंगे,107
रखिए,191
जड़ी,180
गमला,37
तबेले,69
महामानव,121
छुए,59
झांकिया,139
कर्ताधर्ता,134
छिड़ा,20
उभारा,124
बीजे,190
राज्यकर्मियों,47
गिट्टियों,16
गोंडवाना,58
मद्रासी,2
रोपकर,37
दादीजी,195
रोलनंबर,106
तेलुगू,90
टापर्स,108
रुद्रप्रताप,26
उजला,186
मुर्दो,176
श्लोकोच्चारण,32
बसना,3
सरदर्द,28
आरएसी,0
खता,65
बीजने,56
अंको,120
द्वारपूजा,132
मान्यताएं,52
रूपन,145
वायलिन,138
फाइनेंसरों,162
जीवांश,56
द्वादशी,155
ठंडाई,179
बेतुके,166
यूएमवी,78
टोटका,5
प्रतिवादियों,183
रामदर्शन,31
चौपले,55
मलकियत,55
कड़ियों,120
हिजरी,176
थूकने,41
अनापूर्ति,89
पावडर,156
अंगीकृत,67
मुंहमांगी,111
कमलनयन,8
निर्दलीयों,48
छलके,157
चट्टा,86
खगौल,55
गाथाओं,120
प्रदर्शनियां,32
बूटों,16
जनजागरुकता,73
पहनाते,75
सजाये,150
नामचर्चा,32
पिछड़,190
पृष्ठों,120
बुलाएं,191
चिमनियों,16
गैंगस्टरों,147
हुल्लड़बाजी,11
घड़ियालों,151
चीरते,85
ग्रामीणांचलों,139
गाइडलाइंस,12
विनियमन,12
मार्गदर्शिका,67
कल्पवृक्ष,37
ट्राम,93
वैद्यों,180
उगली,175
कुण्डल,193
रखाना,185
गोकशों,55
भांपने,182
हार्टिकल्चर,172
जूलूस,139
खेतीबाड़ी,56
रूकवाने,15
उत्पीडऩ,74
खर्ची,111
भ्राता,8
लगुन,2
बोवाई,56
शागिर्द,84
दर्जनाधिक,14
क्षतविक्षत,137
सूखकर,37
करू,194
भूखड़ी,128
योगिनी,72
उतारेंगे,107
पहनाएं,66
पोंछने,157
तजुर्बे,80
फीके,186
घोला,156
सुखाया,156
गिराये,42
विलायती,2
आचार्यश्री,31
पदाधिकरी,178
साईबर,106
पंचमंदिर,122
पक्षाघात,24
ऑटोरिक्शा,112
बजेगी,138
उखड़,85
फलने,37
छबीले,2
निगाहे,65
खिजरी,128
मटकों,16
देवलोक,72
महिने,165
आत्ममंथन,6
आतीं,13
टालना,3
सुलक्षणा,94
आंकड़ें,120
गाठ,152
मौैके,55
दमकलों,137
पम्पों,110
अंतरंग,189
कांपी,10
घायलो,137
दुखहरण,159
अपनत्व,181
बरना,2
धूलकण,9
पिंडारी,18
सुरक्षागार्ड,0
नाटिकाओं,167
उछालने,15
साध्य,51
नमस्तस्यै,72
गंगातट,122
प्रतिनिधिमण्डल,114
दुधमुंही,38
मझधार,103
बनवासी,58
बगौली,145
स्वर्णजयंती,32
सम्मनित,105
छुड़ाना,185
रोगमुक्त,180
झकझोरा,45
सप्रू,109
रोगग्रस्त,24
कैबिन,102
विरुद्व,168
अंगारे,175
गोलगप्पे,179
धर्मस्थलों,61
रंगो,186
रोडि़यां,83
टोपरा,55
हस्तकरघा,70
पत्रिकाएं,52
पीलापन,186
सर्वसहमति,12
स्वायत्तशासी,14
बस्तों,16
दाहसंस्कार,131
चूल्हों,86
आस्थावान,149
पराठा,179
सुन्दरी,72
प्रतिद्वंदियों,147
सुधांशू,26
आतिशबाज,86
मध्यवर्गीय,169
उतराई,103
कीड़े,99
कालीपूजा,155
पेजयल,110
फूलदार,37
धनप्रीत,145
अखाडे़,139
कौतुहल,45
पुनर्नियुक्ति,148
पदच्युत,173
रूककर,163
थपथपाने,15
पर्चों,140
हांफने,87
लुभावनी,188
वजहें,52
प्रभुत्व,129
शक्तिधर,72
मचायी,127
जुड़ीं,52
बदनुमा,186
पप्पल,23
शिवमुनि,31
पथरीली,151
पट्टेदार,134
थलसेना,199
संतरो,2
बांज,37
पत्तेदार,46
छटपटाते,10
महगे,79
पलकों,151
संभालेंगी,177
जलमार्ग,93
प्रशैक्षणिक,89
मशीनीकरण,1
पिटा,49
तोड़ाई,124
ग्लेशियरों,151
गृहिणियों,125
रफू,152
छत्ते,99
उगता,37
महारूद्र,23
भक्तो,159
स्की,102
खेलप्रेमियों,119
मृदंग,138
प्रतिरक्षित,24
कौवों,187
पिटना,185
चौगुनी,197
दुखती,59
पदमाकर,26
मलते,163
मुस्कराते,75
भड़ास,166
राज्यवासियों,63
दीपराज,145
जगती,141
लालपानी,29
गुलवीर,145
खोरों,147
आढ़तों,115
रसास्वादन,189
बायकॉट,6
लड़ेंगी,177
मनरेगाकर्मी,47
पुरवों,139
डिग्रीधारक,148
सलीका,80
बैंकें,50
झंकृत,138
दोगुणा,197
आड़ा,152
अन्त्येष्टि,131
भराकर,85
पिस्ता,46
समर्थको,48
खानदानी,58
नन्दा,94
व्यसनों,196
मौसेरा,195
भारतवासियों,121
अवशिष्ट,143
पुनस्र्थापन,68
खेलेंगी,177
रीच,102
जानकरी,120
टपाने,15
मिलिए,90
लपके,85
मट्ठा,46
मुहाना,198
तड़ियाल,26
रघुकुल,8
असंवेदनशील,135
पोले,21
पोर्टिको,77
मंगवाते,34
जुटानी,39
सफाए,136
रचाओ,30
भाता,185
मौसेरी,195
चिल्लाता,117
छिन्नमस्तिका,72
चेताने,182
शिवगोपाल,26
विनियम,12
पहाडि़यों,18
उच्चके,53
मोड़ना,3
दलन,196
संध्याकालीन,32
ताजियादारों,139
कर्मयोग,196
खिलते,37
तेजप्रकाश,26
तपते,9
गुणवक्ता,1
उपाध्यक्षों,19
दहाड़े,53
कुंवारे,132
नार,161
चुंबर,78
आइवीएफ,172
मार्गशीर्ष,155
बन्धु,134
पनिहार,29
राष्ट्रों,14
गुणकारी,46
नेत्रियों,63
उपयोजना,4
अनचाहे,104
इसीलिये,64
आयटम,90
स्वालंबी,73
बाल्यावस्था,38
अपरहण,53
स्त्रियां,125
जांचेंगे,107
बिठाना,185
पुकारे,42
समाचारीय,60
क्रिकेटर्स,33
जबिक,190
पयर्टन,18
कंप्यूटराइजेशन,106
तरफदारी,168
पालिथीन,62
छाना,157
बहत्तर,97
श्रीरामनवमी,155
चटकने,87
पीरखाना,35
जगाओ,7
सुसंस्कृत,149
उतारेगा,43
हाईअलर्ट,137
निष्प्रभावी,135
पोतों,103
सराह,105
साभार,109
नापसंद,164
शिल्पकला,70
झोकों,9
देवत्व,196
मालगाड़ियां,93
लाइफलाइन,172
रफ्ता,65
फोड़ा,28
संसोधन,12
नाइस,102
पशुचिकित्सा,40
अपनाती,13
खदेड़े,20
महाप्रबंधकों,19
बौखलाई,174
ऐंठे,36
सर्वविदित,51
मचती,127
अनछुए,188
गिरफ्तारियों,183
जड़ित,193
सबेर,64
बनवास,8
विवरणिका,120
घटकों,95
मजाकिया,166
काटेंगे,107
जनकवि,126
तीतर,187
चूमेगी,191
खोदते,85
उफनाने,198
पिस्तोल,21
डिहाइड्रेशन,28
जगनिवास,89
पढ़ीं,88
भाती,13
बुद्धराम,26
नईबाजार,29
गगनचुंबी,77
स्वामिनी,72
हुजूरी,80
अर्थात्,51
रौंदी,160
दिहाड़ी,111
शनै,121
बंधबहाल,89
पद्वति,180
सपेरे,81
उपकोषाध्यक्ष,178
असंगत,135
दयामय,196
अभिहीत,4
फारूखी,84
डेसिबल,197
ललाट,59
ब्रह्मचर्य,131
फीचर्स,106
सांचे,70
कराहता,10
सिन्धु,129
खरीदीं,79
राफ्ट,103
रेफ्रिजरेटर,102
छुड़ाई,20
पकड़ीं,88
बेतुका,135
सन्मार्ग,196
लेटने,141
वासुकी,72
मती,161
भराए,108
चुभन,45
मंझला,195
दोराहे,151
अनियमिताएं,52
सोसाइटियों,162
फेफड़ा,28
धज्जिया,158
प्रतिपादित,142
मौलानाओं,136
मिलो,7
चट्टे,62
महरुम,80
फैलेगा,43
चेतन्य,31
कर्तव्यहीनता,135
कठिनाईयां,92
ऋतंभरा,31
गलाने,86
वनदेवी,159
जमुनापार,29
लांघकर,85
संस्कारयुक्त,73
भेंजे,140
मध्यकालीन,121
पूर्णियां,35
कमाएं,111
आलोकित,17
सिनेमाहाल,90
जिए,57
बोधी,2
डोसा,179
मतवाला,161
गड़ासा,152
मुबारकवाद,105
रीठा,46
पैडल,112
एकसूत्र,100
देवजीत,26
योगमाया,72
जिलेवासी,54
गृहस्वामिनी,132
स्वशासन,129
दौडे़,55
पदो,148
मतपेटिकाएं,83
मार्गीय,93
तदनुसार,51
बुजुर्गाें,63
बेनाम,65
गांधीगीरी,27
नवदंपती,132
शरमा,98
जुड़वां,38
कमंडल,72
भिगो,156
पछताना,3
दिवालिया,130
इकाइया,116
दौड़ाकर,53
अटकाने,182
ढंके,66
फिजाओं,151
पायरिया,28
बाईस,97
फैलाएंगे,107
चेकडैमों,198
गुजिया,179
एकाग्रचित,51
परजीवी,99
पंहुची,88
महाशा,8
उच्चत्तर,40
अभिजात,146
जगमगाएगा,17
कम्पनियां,162
संवादों,166
छेड़,96
क्षत्रीय,58
प्रतिपालक,8
छोरों,151
न्यूनीकरण,1
ताम्र,193
फूलमनी,128
मेंढक,187
बड़कू,184
यमदूत,72
सुनेगी,170
धनवंती,94
दुर्दशाग्रस्त,89
ईंटे,86
दैहिक,189
सुनाएं,191
बढ़ो,7
सोचो,7
घासफूस,37
आतिशी,190
अंतर्जनपदीय,148
आशीश,109
अखाड़ों,139
मुददों,96
भगोड़ा,183
हिंदपीढ़ी,11
शिवकली,26
शिक्षाकर्मी,108
कुलेश्वर,122
छोडकर,118
बेंचकर,79
रुतबे,80
टयूबवेलों,63
उतम,51
रील,102
स्वंयसेवी,136
त्रिवार्षिक,4
कचहरियों,183
स्मृतियां,52
ब्रह्माज्ञान,23
पाजामा,66
लोकों,72
आयोगों,19
सौगंध,161
सत्यनरायन,26
विषयवस्तु,142
सिनौली,29
जुएं,41
समष्टि,116
बंधकों,137
गैरों,65
आधीन,134
बर्ष,165
घिसटती,85
सुपुत्री,94
भाड़ावास,35
कालीमंदिर,122
चिन्तित,98
गुणानंद,31
शिववचन,145
कालीनों,70
गमों,65
सीमापार,136
परिस्थतियों,95
साइडों,16
मंगायी,34
अपरोक्ष,168
जगाएंगे,107
लड़ाकू,199
तहसीलें,52
चूस,41
रूपयों,111
विरक्त,196
परिणामस्वरुप,51
सछ्वाव,128
बिकेगी,79
संतानें,38
उजले,186
अनुज्ञप्तिधारियों,12
स्मृतिचिन्ह,193
लुटाने,111
बिट्टी,195
जलशोधन,143
छिपते,163
बिलखता,10
तोड़ते,75
अखण्डता,123
ढूंढ़ते,75
मनसुख,2
देशभगत,2
सेकने,156
गुरुवचन,31
अंगरक्षकों,199
सैकेंड,197
बवालियों,174
अधाधुंध,171
डरना,3
निपटेंगे,107
प्रियतम,189
धूलभरी,9
सुन्दरता,150
एंजियोप्लास्टी,22
यारों,65
भंजन,8
एकलाख,84
नोड्यूज,50
चाऊमीन,179
अवयस्क,38
शीर्षस्थ,119
बुर्जुग,169
धमनियों,28
भरवाये,34
आकृतियों,70
लकड़िया,86
चरित्रों,95
तेलों,143
हबीबुल्ला,84
तत्समय,12
बैठके,32
रांझा,2
बंटेगी,170
निकालीं,88
साड़,184
झुलाया,124
नजला,28
पीडिता,74
जुटीं,13
बुलाती,13
चश्मदीदों,137
प्रबुद्धजन,119
होंगें,129
धाराशायी,85
डराना,185
सौदों,162
याशिका,94
एटलस,102
स्थापत्य,70
वामदल,48
वहिष्कार,73
भूंकप,171
निंद्रा,141
नक्षत्रों,116
झुकाया,124
मजाल,82
छूता,117
दिलवाएंगे,107
दोहरायी,88
निखरी,150
दिवानी,65
गद्दों,16
सौंफ,46
अछूत,169
सींचा,37
ऐवज,111
इंस्टाग्राम,90
दानदाताओं,119
चमाचम,30
उगलवा,53
मृदु,189
बेतुकी,166
चीखती,10
उत्सर्जित,143
कलाबाजी,5
करोड़ी,111
आक्रोशपूर्ण,135
चकबन्दी,133
पायजेब,66
काउण्टर,106
मूल्यांकित,67
खाईं,49
कबूतरी,187
फक्कड़,149
बंदीरक्षकों,19
रखनेवाले,42
अनाड़ी,82
अच्छाइयों,95
जानेवाला,124
खिंचवाई,88
छेदक,21
उड़ेलकर,41
देखादेखी,5
अभिलेखीय,133
घिसटता,85
जहाजों,103
बोलियों,167
रिश्वतखोर,147
वॉट,102
विश्वव्यापी,60
कांटेक्ट,106
दशानन,8
थोड़े,118
घेरना,3
गुणवतापूर्ण,89
महाष्टमी,155
उच्चशिक्षा,40
खोलनी,39
बहुप्रतिक्षित,90
चीरती,160
लुटिया,103
रोई,10
निचोड़,41
स्लॉटर,102
श्रेष्ठतम,121
सत्संगियों,63
पतंगे,187
अराजनैतिक,27
पंचायतवासियों,63
ज्येष्ठता,148
टोटके,5
प्रलयंकारी,171
तनीषा,94
बांटें,191
फूंकेंगे,107
कार्यरूप,51
बेदर्दी,65
कसबे,35
संस्थाध्यक्ष,178
भाईचारक,123
निरुत्तर,98
सहकार,73
चांटा,49
जुगनी,2
उद्घाटनकर्ता,178
अनुचर,134
खंडीय,4
डीएमडब्ल्यू,23
पंचायतघर,54
युद्धों,199
लोकमित्र,167
क्षेत्रीयजनों,63
बहनजी,195
बिकीं,88
रखवाला,134
भूमिकाएं,52
जमानतदार,183
नैनीडांडा,29
दूतों,61
वित्तायोग,114
पाकेटमारी,53
कद्रदान,80
मूलधन,130
बतायेंगे,107
रंगीली,25
पुर्जो,110
उद्योगमंत्री,178
दरबारों,146
लिखवाए,140
आनलाईन,106
मंजिलें,77
कलपुर्जे,112
पहुँचने,182
स्वतन्त्रता,129
थोपना,3
मुसलाधार,9
भीतरघात,48
दातून,46
विद्रोहियों,199
गृहस्वामियों,19
दशमलव,197
तन्हा,65
मसूड़ों,28
नशेड़ी,125
ज्ञानार्जन,40
समुखिया,63
गाएं,25
रूपवती,94
सम्पत,2
नजारों,151
लाइसेंसधारियों,162
खिंचवा,34
नियुक्तिपत्र,148
झासे,184
हममें,118
खर्राटे,141
उत्तेजक,135
चाहतीं,13
कंकर,86
जगरानी,94
सोएं,141
पलने,87
आशावादी,149
फिल्मोत्सव,32
तटस्थ,135
व्यवस्थायें,52
बरतन,86
झलकने,87
छोटो,161
दुराचारियों,74
बेलदारों,19
मनोभाव,189
तिल्ली,28
जन्मांतर,196
हंसाने,166
मोर्चाबंदी,199
गर्द,151
मसान,90
कृतज्ञ,105
गबरू,2
शामचौरासी,23
शरणानंद,31
ड्रैस,66
डोलियों,139
नौकाओं,103
हमलावार,137
पांवों,59
तुक,5
दीए,175
रिक्शाचालक,47
ऑटोग्राफ,140
पतों,120
फलदायक,51
जामों,139
पूजते,159
सहनशील,149
हैण्डपम्पों,110
लीबिया,14
व्याधियों,28
कोरियन,14
मायानगरी,90
महाचंद्र,26
छिन्नमस्तिके,72
फुंकी,110
संघर्षों,95
स्प्रीट,102
पशुबलि,131
प्रतिबिंब,116
पेंशनों,50
उक्ति,142
लेखाकारों,19
यतीम,176
कत्था,46
घुलनशील,143
दुर्दात,74
रौंदता,85
प्रत्यायन,40
डिजायनर,70
विज्ञापित,67
फव्वारों,77
विराजित,159
गीदड़,81
टुकडे़,21
टकराती,160
बिकना,79
टंकण,51
मृतिका,94
रीछ,81
चुटकुलों,166
कृष्णांजलि,23
अंतर्मन,189
थामकर,163
पछता,82
पकड़ाने,15
नकछेद,128
हृदयविदारक,74
आईएमटी,172
तिलांजलि,73
अंतरात्मा,181
मुख्यमंत्रित्व,114
भिक्षुक,61
मधुशाला,167
व्यापरियों,162
टरकाने,15
उपला,152
श्रोतागण,119
इष्टदेव,159
केज,102
लुढ़की,85
अपराधीकरण,147
बंधकर,100
अरुणेंद्र,26
महामन्त्री,178
जुदाई,65
कबाड़ी,79
अस्ताचल,17
चंकी,90
लकवाग्रस्त,24
कालाबाजार,115
तिकड़म,147
शैलारानी,23
न्यायमित्र,178
गुलबहार,84
कविगुरु,167
नरसेना,199
शय्या,141
घुमड़ते,157
मसोस,98
लहराता,117
कूड़ाघाट,35
मलहम,104
हिटलरशाही,27
सैन्यकर्मियों,47
औघड़नाथ,128
नर्तकियों,139
सांड़,81
वकालतखाना,11
संशो,12
राजाज्ञा,12
न्यारी,161
मुगलकाल,129
समयाभाव,51
साध्वियों,61
मंझे,126
नवाबी,146
सिमटती,160
लम्हे,65
गिरिजाघरों,61
उखड़वा,152
बेंदी,161
मंचीय,167
वरिष्ठों,119
उदाहरणों,120
भौतिकवाद,27
ट्यूबेल,110
डांटते,75
उगाते,56
बुलन्द,80
कम्प्यूटरीकरण,1
वामपंथ,27
कुतिया,81
चरते,81
अन्त्यपरीक्षण,89
वीरभूमि,18
खींचता,117
उड़ता,129
समझाएंगे,107
ट्रैकों,93
उपनाम,58
वास्तुकार,126
बखिया,36
व्यवस्थागत,95
रीडरों,106
छोरी,2
गिरफतारी,183
किशोरवय,38
स्फूर्त,181
सरकंडा,29
धन्वंतरि,72
सांकृत्यायन,129
ब्रहमचारी,31
मर्दानी,90
ब्याना,35
सम्भावित,24
बीबीवाला,35
रेलों,93
तोड़ेंगे,107
हाथीखाना,35
अप्रतिम,188
प्रविष्टियों,120
सहकर,101
चोंटे,137
अंकुल,145
लुढ़ककर,85
सुलगने,175
सोहारी,2
पंड्या,109
भौजाई,195
सेवायोजना,4
लिखनी,39
अड़चने,92
आत्मजीत,23
माधवन,109
प्रोविजन,172
बीतीरात,29
रक्षार्थ,199
खगोल,40
मैंस,102
आयोजना,4
उलझाकर,36
निवेदित,105
अज्ञानी,149
खड़ंजा,198
साथा,161
दानवों,72
पूज्यनीय,159
सिरों,21
पिरोकर,100
धर्मरक्षिणी,23
मध्यक्रम,190
कनुप्रिया,94
चट्टानें,151
पैंतालिस,97
हरजी,145
नियोगी,109
असहयोगात्मक,135
उवर्रक,56
निर्वाही,89
फतवे,168
वृश्चिक,155
रामविशाल,26
भांज,49
धर्मशालाएं,83
भौचक्के,98
लड़कियो,125
इमारते,77
विश्वनाथन,109
ओढ़नी,66
प्रतीक्षित,51
पवनप्रीत,23
भगाते,75
खेतीबारी,56
पनघट,161
शस्य,56
शांतिभूषण,23
सड़ता,152
मुवक्किलों,183
बुर्का,66
झल्ला,98
दरियाओं,151
रंगबिरंगे,186
बाड़ों,151
विभेद,123
डसा,30
बांछे,37
तराशा,70
सुधारात्मक,60
तुझको,65
गयो,161
घुड़सवारों,199
सिंघाड़े,46
उदघोष,27
पशुबाड़े,78
डरें,191
नर्तक,126
भड़काऊ,135
भिडे़,55
एम्पायर,102
जुड़ेगी,170
हक्के,98
जहन्नुम,176
अत्यावश्यक,51
खुल्ला,5
मारेंगे,107
पटाखें,16
लड़ते,75
संदेहजनक,135
उसूलों,80
नाकारा,82
बांटती,13
वकालतनामा,183
हुकुमत,146
फेका,62
रेलपथ,93
डिबिया,86
मुस्कुरा,98
मचेगी,127
सत्यवादी,149
बट्टे,130
गरजने,87
फूहड़,166
भीगकर,157
पलता,117
तारण,8
चाइल्डलाइन,172
अधोहस्ताक्षरी,133
वृद्धाओं,63
डली,86
बन्दूक,21
महिलाकर्मी,47
धर्मग्रंथ,61
डण्डे,21
हुरियारे,25
उपनगरों,153
बांझ,38
फेरियां,83
सार्वदेशिक,121
घड़ियाली,157
उत्तरवाहिनी,122
रखवाई,34
धांधलियों,76
निपनिया,29
अवकाशों,44
संवादादाता,23
आक्रमक,135
पकौड़ा,179
मजारों,176
ओहदेदारों,19
बुद्धवार,113
कृष्णमय,189
अपराधकर्मियों,47
सुनाईं,88
मोबाइल्स,106
प्रास्पेक्टस,106
तुच्छ,196
मैती,109
झालरें,16
जन्मशती,44
बुद्धिमता,181
थोडी,154
छूटती,13
सटोरिये,190
संवरेगा,170
उपजातियों,58
पतवाड़ी,78
मानवतावादी,27
चिकित्साकर्मी,47
घड़ियों,16
कंठस्थ,131
दीवारे,77
क्रीड़ांगन,23
अकेलेपन,45
मातवर,184
नवरात्रे,155
जीतोड़,6
अकलियत,80
रजऊ,30
ठोकरों,151
रचाकर,132
जीवनसाथी,132
फरमानों,147
सम्पादित,67
कलाकरों,119
भौंकने,87
चाहो,7
दफनाए,42
आपराधियों,63
पहचानकर,181
स्टंप,102
दौड़ते,85
मंगलकारी,196
सप्ताहव्यापी,11
पराई,161
छींटा,157
प्रत्यर्पण,183
निष्फल,51
बननेवाले,134
नाचती,160
संभालता,117
विजयवीर,26
वाइपीएस,23
अतिक्रमणों,153
भये,161
नुस्खा,180
महंता,26
चॉक,86
तख्ता,21
सुब्हानी,84
अधरंग,28
दबंगता,181
बाहुबलियों,147
आंतकियों,136
अरुणोदय,94
खर्चीला,24
छप्परों,16
भाड़े,130
पाठशालाएं,40
हटाएगा,43
मलमूत्र,62
नेस्तनाबूद,199
लड़खड़ाती,160
लड़ना,3
अड़चन,92
सर्वहारा,27
ठहरता,117
निशानियों,57
घरेलु,180
थका,117
सड़कर,152
फरमाने,80
नाखुशी,164
वर्दियों,199
पंजाबियत,65
सरोबार,150
रंगेहाथों,53
दौड़ाना,85
सत्यनारायन,26
जगता,141
बेगाने,65
भाजे,128
कठोरतम,74
छानती,160
डराकर,168
गर्भवतियों,63
धर्माचार्यो,61
कीडे़,99
बिगड़ना,192
बगलें,163
प्रबंधिका,94
पंसदीदा,90
कहेगी,170
उड़ने,158
विद्याओं,61
अश्रु,157
बारहसिंघा,81
बजाता,138
चिकनाई,104
घोट,41
बिछड़ने,65
मानवीयता,181
चहेता,134
सुलभता,91
दरगाहों,176
परायणता,181
चंद्रोदय,155
पहचानी,88
तीर्थंकर,129
नहाकर,157
संदर्भो,120
ज्योतिर्लिग,122
ताशे,138
बुझकर,82
कौवे,187
जगतनारायण,26
लीडरों,119
लेके,42
तोलने,182
जवाबों,120
गदंगी,62
रसीदों,50
सोलहवीं,121
घुसता,117
दरबाजा,77
अंकतालिकाएं,52
जोड़ाई,124
पारिस्थितिकी,1
अजैविक,143
इनामों,130
बिछुआ,2
सूक्ष्मता,142
मुश्तैद,89
फैलायी,88
घोडे़,112
सीवरलाइन,110
तिनके,21
खौलते,156
सहजन,46
पिताम्बर,26
दिखनी,39
काउंटी,102
भेड़ें,69
बिरले,118
ऐनक,66
अभिभावकगण,108
आवर्धन,116
न्यायपीठ,183
विद्वता,181
फंसाते,36
चूमती,160
बलिदानों,57
रूढि़वादी,169
प्रतिस्पर्धी,60
टुकड़ों,16
बरसता,157
सूझा,194
स्नानघर,77
धनकुंड,78
अनुसचिव,178
बेगाना,65
भिड़ते,20
अनुभवहीन,149
हिचकिचाहट,164
बरगलाकर,168
कॉलोनीवासी,11
गोरैया,187
प्रत्यय,116
विश्वगुरु,121
आइंदा,82
भाषणबाजी,166
विघटनकारी,135
मजनूं,65
उड़ाते,158
स़फाई,184
सांड़ों,184
नकदीकरण,130
पल्लवित,121
संकीर्णता,123
कंपकंपा,9
मायाजाल,36
परिवर्तनशील,60
षष्ठम,71
वनाधिकारियों,19
बॉस्केटबाल,33
दौड़ेगा,43
मुर्गीपालन,69
साहिबानों,63
निर्भीकता,181
जगतवीर,145
लगाईं,88
अरबपति,134
कुलदेव,159
प्रतिद्वंदिता,96
रातोरात,134
सीटीपीएस,172
हैरतंगेज,188
द्रव्यों,143
लोकापर्ण,32
छात्रसंख्या,108
आक्षेप,168
पंचक,131
पछाड़कर,190
सुलाने,141
तथ्यात्मक,120
फर्जीवाडे़,76
मेहमाननवाजी,80
अभिज्ञान,116
कांस्टेबिलों,47
ड्यूटियों,19
बजीं,138
उत्तराधिकारियों,146
राजप्रीत,23
नौबहार,84
उत्पीड़नात्मक,89
श्रृंखलाबद्ध,116
गरमागरम,179
पार्टटाइम,106
चिल्लाया,98
अठन्नी,111
दूधिए,55
अकड़,152
रिसाइकिल,62
चक्रधारी,72
कुटुम्ब,58
मगरमच्छों,81
टोयोटा,112
गाता,117
सर्दियां,9
सदाफल,128
मंजन,104
गिरिजाघर,61
दादाजी,195
खास्ता,80
जिंदगानी,65
पढें,191
मरवाने,15
ब्रह्मस्वरूप,31
परिस्थति,24
विषैली,143
हैडपंपों,110
पुनर्परीक्षा,11
निषादों,58
कटाया,124
सुस्ता,163
उपदेशक,61
जिताना,48
ट्राफियां,33
श्यामवती,94
टेड़ी,152
तरना,35
सिखाकर,124
अभयदान,196
वृद्घा,10
संबद्धीकरण,133
सनशाइन,102
क्षैतिज,116
बुदबुद,157
सिक्खों,136
दूब,37
रहनुमाओं,147
फिसली,85
रस्मी,80
बांयी,59
घमंडी,149
सिकुड़ने,87
पूजने,159
बाउण्ड्री,102
सिलने,66
उपजाने,56
सूतक,131
अल्पकालीन,60
रेजर,102
उठाओ,7
कूंचा,55
गुफाओं,151
प्रेमभाव,189
छानकर,156
बुराईयां,52
टिकने,87
रीतियों,95
अंशदायी,148
जिनेंद्र,26
सदाचारी,149
लकड़बग्घे,81
बाइ,102
मलीन,161
बुरादा,86
करुणानिधि,114
राजवर्धन,26
सुजल,145
सेकेण्ड्री,172
राजशाही,146
आगंनबाड़ी,4
टेलीस्कोप,129
प्रखण्डों,63
प्रिंयका,94
पहचानती,13
लड़खड़ाने,87
बंधियों,16
अर्जियों,140
कार्यस्थगन,114
पिछड़ते,169
आंगनवाड़ी,38
उपखण्ड,54
रुकावटें,92
लपक,85
कूचे,65
जियोलॉजी,172
फिटकरी,156
झूमी,30
भ्रुण,74
शनिधाम,159
जुड़ाव,60
टांका,86
झंडू,2
मनीषियों,119
ट्रांसमीशन,106
विरासतों,57
महाकौशल,18
सिसकियां,10
महुआटांड़,78
तरकश,21
अपनाओ,7
नाड़ा,152
पोस्टरबाजी,11
हाटों,16
उपली,128
रुकीं,160
नीलगिरी,37
वृत्तचित्र,90
रसायनशास्त्र,143
फकीरों,176
पनडुब्बी,103
पीपों,16
नाट्योत्सव,32
जिल्लत,101
सत्यबीर,26
सर्वव्यापी,121
इंस्पेक्टरी,0
अस्सिटेंट,172
यातनाओं,101
बिगाड़ना,192
मंगलगीत,25
जूबाए,78
रबड़ी,179
जिन्दाबाद,27
मोड़ते,75
चालों,5
ठहराना,185
खुराफात,82
संबन्ध,60
पीसने,86
अकादमियों,119
झटकने,87
शिवधन,128
बम्बा,35
पटाने,182
टेलीग्राम,106
बंजारों,153
सपंर्क,28
गिरगिट,187
कटीले,37
कालेवाल,2
हथियाना,185
लेखानुदान,133
थानाक्षेत्रों,29
तिब्बतियन,14
टेके,49
हस्तशिल्पी,70
झमेला,5
गद्य,167
कीर्ती,109
संसारी,196
धर्ममय,61
सन्दर्भ,142
ट्रंासफार्मर,110
अपनाएगी,170
अनोखेलाल,26
सुलझाई,96
बंबई,18
सरिए,152
नटवार,29
तलक,65
निजता,181
उपचुनावों,48
तम्बू,77
सुहागन,132
प्रक्षेप,116
लड़े,42
बैनामों,50
फंसाये,36
पाखंडी,61
सर्कुलेशन,106
सहती,101
सुनाती,13
विकृतियां,52
स्नेहिल,189
राजपरिवार,146
महापुरूष,61
धन्नो,195
अभ्यस्त,6
टालता,117
भण्डारी,26
शत्रुओं,199
भेंटवार्ता,32
कमीशनबाजी,76
सति,161
जीवाश्म,143
पुरातत्वविद,126
चौड़,184
ढकोसला,168
मारुफ,84
नोटो,140
भटूरे,179
हिरनों,81
सीरियलों,90
परिहवन,93
उमडे़,30
सहेजकर,140
बहकाने,182
छुटभैया,147
व्यूह,116
झुकाने,182
फास्टफूड,179
खीझ,45
गिड़गिड़ाने,15
मसजिद,77
कूचकर,49
माइक्रोस्कोप,102
संवत्,155
ईमानदारीपूर्वक,135
पसली,59
बढ़ावे,6
सैकड़ा,197
इसीक्रम,4
दावते,176
अनुमानत,197
मुंहतोड़,199
भक्तगणों,139
छूटता,117
लहलहाते,37
ख्यातिप्राप्त,126
सेंटीग्रेड,197
शर्करा,129
विकासखण्ड,54
पीहर,132
सुरीले,25
गुलपोशी,176
मौते,137
हंसना,185
दिलाओ,7
दंबगों,174
पूर्णागिरी,122
स्पीकरों,138
अरण्य,121
टांसफार्मर,110
अलापने,182
उलझाए,36
निर्दयता,74
बेगानी,65
बंधपत्र,130
प्रखंड़,29
पशुवधशाला,11
छेड़ते,20
मान्यताप्राप्त,14
खदेड़ने,182
पण्डाल,139
छिनी,20
दबंगो,174
खंगालेगी,170
उच्चधिकारियों,19
रुलाने,87
थानाधिकारी,54
सम्पत्तियों,130
मजबूरियों,92
राष्ट्रगीत,25
चलायें,191
नर्सरियां,83
लौहपुरुष,134
सर्वदा,121
अनिष्ट,196
जामकर्ताओं,63
संक्रान्ति,155
वर्षाे,165
पाबंदियों,95
बोझे,163
मौहल्ले,35
स्वरांजलि,25
तपने,175
शुलभ,55
वेटरिनरी,172
इज्तमा,78
जैतून,46
फटकारते,75
भूस्वामियों,146
उभार,116
नपुंसक,74
ग्रामप्रधानों,54
पिंजड़े,187
प्राचीनता,121
थानगांव,29
छींक,28
उतराते,103
महका,150
खिसकते,85
विश्वस्तर,14
बेरंग,186
पगला,82
करवायें,191
देवकुंड,122
सावरिया,2
मण्डप,77
कार्यपूर्ति,89
बंटना,185
कट्टरपंथियों,136
खिंचाव,59
स्निग्धा,94
विकासकारी,1
ढूंढ़ना,3
गुनगुनाते,25
ख्वाबों,65
अकड़न,59
ढलती,160
सत्यनिष्ठा,181
समानान्तर,116
तौहीन,80
चक्रानुक्रम,116
भक्तिगीत,25
भारतमाता,159
रजाइयों,16
चटकीं,30
खुशामद,82
भंिट्टयां,5
अदंर,163
चुकें,42
पियें,191
बताशा,179
जगाए,141
हृदयपुर,23
पकड़ेंगे,107
चलाएंगी,177
परदादा,195
रीतिरिवाज,58
कालापानी,183
चौंकिए,194
खंडवार,4
प्रशसनीय,89
हिमखंड,103
केन्द्रो,4
सेल्समैनों,115
सुलगते,175
विश्वरूप,72
ट्यूबलाइट,90
धारावाहिकों,90
चिन्ताजनक,24
नामांकनों,120
त्रुटिरहित,51
दुर्घटनावश,137
सिरी,2
लॉलीपॉप,41
टायफायड,28
धूना,159
फेरते,75
खटोला,2
दुखभंजन,8
नर्म,104
प्रणीत,8
लड़खड़ाते,85
आक्रामकता,181
उपकुलसचिव,178
बारुद,86
नागवंशी,58
मुझमें,181
कूड़ादान,62
अंगना,161
फैनी,102
गैंद,184
निमेश,109
हरिदर्शन,31
लांघने,182
मंझली,195
आवासी,153
बंदगोभी,46
पाठागार,23
वॉकी,102
छूत,28
दस्तकार,70
फूलबदन,145
भूदेवी,72
एमओआइसी,78
विवेकशील,149
हड़प,111
चींटी,81
कालीमाटी,35
घेरेगी,170
सामाजिकता,181
तिगड़ी,128
मुंडेर,77
बताएंगी,177
ब्रजबिहारी,26
साहिर,65
तमाशबीनों,139
पहनेंगे,107
खुराफातियों,63
गौसेवा,73
अतिथिशाला,122
तीरे,103
फिरती,13
धोखेबाजी,168
जीवंतता,181
एरोन,109
माँगी,88
झेलता,101
चिड़ी,30
विवेचन,142
बहक,82
किलेबंदी,199
बिछानी,39
पढ़ेगा,43
डालियों,37
इंद्रधनुषी,186
जुराब,66
झुण्ड,81
बंधेगा,100
सेगमेंट,106
श्रीचरण,31
भूमंडलीकरण,27
दहकते,175
तरसता,117
पूर्णेदु,89
लोंग,102
झुककर,163
शैशव,121
ठिठुरे,9
चुस्कियों,5
बिछाते,163
संप्रेक्षक,178
कंघी,104
खर्चों,130
खिसकता,85
छानते,75
भट्टियों,86
सांढ़,81
जायेगें,107
थिरकीं,25
खुश्क,9
मारेगा,43
बटवारा,123
अविभावकों,63
अध्यक्ष्ता,178
तात्कालीन,114
बॉयफ्रेंड,125
खिलाती,13
आसना,128
पागलपन,24
सांवला,186
कन्नड़,167
रेलबाजार,29
तकलीफें,92
बैठेंगी,177
मंडराया,171
तवे,156
गुब्बार,158
नियंत्रकों,162
सूरतेहाल,80
रुदन,10
मरघट,175
चतुर्वेद,31
नेग,132
सेवइयों,179
जीवाणुओं,99
निरुपम,109
व्यवसाईयों,63
व्यापकता,142
ढूंढती,13
पधारो,161
विस्फोटों,137
त्रिगुणायत,26
अनुपलब्ध,67
व्याघ्र,81
मनवांछित,51
मनवाते,75
झाड़िया,37
राउंडअप,102
काडों,128
व्योम,189
शॉक,102
बनाईं,88
सच्चितानंद,31
परखेंगे,107
मंझले,195
आईसक्रीम,179
जिताएं,48
चमकीला,129
गन्दा,62
चिताओं,175
दौड़ी,85
दर्शाये,42
प्याली,179
भालुओं,81
चलायेगी,170
गद्दारों,147
तिरूपति,122
हादसाग्रस्त,89
अनानास,46
लेटलतीफ,76
निषिद्ध,12
घुड़चढ़ी,78
जागेगा,43
जगहें,52
रंज,65
मापन,129
इमला,2
खेदजनक,135
अमृतधारी,31
कोरमा,179
बादामी,186
प्रकांड,126
गॉव,35
पुनि,161
रोचकता,181
गारा,86
विरल,188
जलेंगे,107
नौंवा,71
भड़का,174
मकड़ी,99
कीटाणुओं,99
नौरंगी,2
आईने,163
एडमिनिस्ट्रेटिव,172
तलाशनी,39
भुगतेंगे,107
पुनरोद्धार,68
पदवी,146
आस्तीन,66
गंवाया,190
अपवित्र,196
नवम्,71
धर्मग्रंथों,61
अदाकार,90
लहसून,46
मायना,80
अमिषा,145
बचीं,160
सरप्रस्त,89
भुलाने,182
जनशिक्षा,40
सेखुई,55
पाकशाला,70
अग्रज,8
रसधारा,189
बायोपिक,90
अरुचि,45
तरसा,10
सडकें,77
साम्राज्यवादी,27
डराते,75
गुनगुने,156
छोड़ों,5
सफलताओं,91
पढ़नी,39
चमेला,23
एयूआर,78
कश्ती,103
छेड़कर,20
भुजंगासन,59
घरौंदे,151
गैंडे,81
दोतरफा,96
बरसना,9
कर्णधारों,27
भेंटे,159
शराबखोरी,101
हटती,160
आजमाई,88
रामआधार,145
संर्पक,99
मिठुन,128
तिलमिलाए,174
धुकधुकी,160
किनौनी,55
क्रेनों,16
सभाध्यक्ष,178
लाओगे,7
हुक्के,62
औद्योगीकरण,1
उगलना,185
विध्वंसक,171
सूंघने,41
नवान्न,32
सीलकर,55
चिढ़ाने,15
अतिमहत्वपूर्ण,60
पर्वतों,151
आनेवाला,117
मनस्वी,149
स्थनीय,4
नपाई,198
बिछवा,152
तानों,166
चुंबकीय,116
असक्षम,6
लुप्तप्राय,121
सावधानीपूर्वक,51
मझले,195
नापतौल,76
खुदवाए,198
प्रकाशमान,17
खालें,83
छल्ला,21
अभिनेत्रियों,90
महोगनी,186
आरोहण,116
गोकुला,8
लाभान्वितों,50
सगंठन,4
खिलायी,34
युक्तिकरण,1
पंचगव्य,180
मचाये,127
महगांव,29
सेतू,8
सार्जेंट,0
जनभागीदारी,73
जुटाएंगे,107
नामुराद,65
कॅालेज,108
अंत्याक्षरी,33
जताता,164
मुख्यध्यापक,89
पंचायतवासी,54
हस्तनिर्मित,70
घिसट,85
जनप्रिय,149
गर्मागर्म,179
ग्रीष्मकाल,165
रामसिंगार,26
संपदाओं,1
जैनियों,61
सार्वभौमिक,60
तास,5
पदाभिहित,133
ब्रम्हा,72
अश्वगंधा,180
ताल्लुकात,80
भुजा,59
आयत,176
फहराए,193
जन्तुओं,99
कुल्हड़,179
चढ़ाएं,191
छत्तीसगढ़ी,167
लिखायी,88
सड़,99
बेदर्द,65
सफलताएं,52
प्रपात,18
सलहा,152
प्रत्याशिता,48
सौतेलापन,135
उत्तरदायित्वों,95
जगमगाते,17
जाचा,184
मिलनेवाले,118
किताबे,140
पचाने,129
पिटते,75
ठिलिया,35
शासनस्तर,11
ढक्कनों,16
परिचारी,4
अनुश्री,94
वृद्धजन,38
टांगकर,66
अपीलकर्ता,183
प्रसिद्घ,126
दिखावटी,135
परीक्षायें,108
घोड़ी,2
संध्याओं,139
कालाबजारी,76
मसलक,176
सलटाने,15
सताएगी,170
हृदयस्थली,18
जोड़ियों,90
लड़को,125
तरु,37
पखरौली,29
अनुवांशिक,60
वास्तुविद,126
अनुसेवी,4
आयुसीमा,148
किरायों,93
हिलते,163
अतिव्यस्त,89
उजाड़कर,153
फफूंदी,99
नवकिरण,94
तरसती,160
केएमपीएम,108
चिह्निकरण,67
सुहावने,9
शूरवीरों,199
जाएंगीं,177
पूराकलंदर,29
निहरी,29
पदयात्री,139
नहींं,64
सुखमणी,94
दिव्यता,189
विषमताओं,95
फैलाती,13
मखमली,186
कौरवों,8
श्रेयांस,8
रंगकर्म,167
प्रादुर्भाव,121
उमड़ना,30
जीतें,190
नेमप्लेट,77
नागों,72
लूडो,33
रामायन,26
रेडियोलोजिस्ट,22
महाराजाओं,146
उर्वर,56
दुघर्टनाएं,52
पंक्षी,187
कलमा,176
करामात,5
बांछें,37
तोहफों,105
मनमिंदर,145
ज्योर्तिमय,159
तख्ते,21
अधिनस्थ,4
बरसाया,157
चुकाई,130
भेजो,7
अनुज्ञा,12
चूरन,179
चमकीले,186
नाखूनों,59
आग्नेय,58
अपराधमुक्त,73
जनमोर्चा,4
सा़फ,48
गोलपहाड़ी,78
विरान,153
धोबिया,2
प्रेमस्वरूप,31
झांकना,3
जोड़वाने,15
वेदाचार्य,31
नौंवे,71
रंगोत्सव,44
चूड़ी,86
भरवाएं,34
बटालियनों,199
सराए,184
कुंआरी,125
दानपेटी,62
रंगबाजी,5
ऑटोमेशन,106
लेपटाप,106
बाक्साइट,86
अर्क,180
मिशनरियों,61
खुशदिल,82
मनमुताबिक,106
पढ़नेवाले,108
प्राविधानों,12
गृहरक्षा,4
केंद्राध्यक्षों,178
पलकें,160
वेतनभोगियों,50
वाणिच्य,78
रखवालों,147
भगाए,42
मंगलयान,129
ज्यादतियों,101
बिकेंगे,107
भाग्यवती,94
रामां,26
फरमाता,176
दमादम,25
देखूंगा,144
उपाधीक्षकों,19
ढवारसी,78
केतु,71
बैठाये,34
संपूर्णता,142
तनय,161
रचेगी,170
टहलना,3
परिवारजन,132
दोहराना,3
शाखाध्यक्ष,178
चिथड़े,152
मत्थे,168
ढाए,101
सत्ताधारियों,147
अहिरावण,8
निकलवाना,185
जमावाड़ा,89
निदंनीय,168
ढांचों,95
दौड़ने,87
स्वर्गवासी,38
दुघर्टनाग्रस्त,137
मूर्ती,159
आयुर्वेदाचार्य,31
कट्ठे,56
लखेरा,145
कुल्ले,156
पुनर्विकास,68
कावा,2
भूतबंगला,35
टीलों,151
इच्छित,51
अवामी,136
डिलक्स,102
वितर्क,96
सौंपें,124
अपराधकर्मी,47
तालुका,18
खलवा,184
अरुन,109
पोछने,157
गुच्छे,37
तहेदिल,105
असहमत,164
पकाकर,156
गड्ढायुक्त,78
नगाड़ों,138
पहनती,66
नित्यक्रिया,131
चिलम,62
चितिंत,192
मिलवाकर,34
मेें,54
तानने,21
वैद्यता,12
जलसंसाधन,4
पोतियों,195
आयेंगी,177
वेतनादि,148
निर्वाचकों,48
नलके,152
हिंदोस्तान,136
कुन्ती,8
तर्कों,95
गांववाले,58
भड़काने,168
ठहाका,166
हरिभजन,26
प्रियजनों,57
राष्ट्रस्तरीय,23
लिस्टें,52
डंसने,87
घंटें,165
खूशबू,150
पत्थरी,28
महानुभावों,119
गरीबो,169
गल्लामंडी,35
बीसवां,71
गैलरियों,16
फिरंगियों,146
चुभने,87
बरसेंगे,107
धर्मात्मा,134
जगदम्बे,159
मुनीश्वर,31
उकेरने,182
टिकाए,163
मानेगा,43
गट्टे,179
बैलगाड़ियों,112
जस्ट,102
प्रतिरक्षा,60
खर्चने,111
लहलहाने,56
गड़बड़ाई,192
दबाएं,191
समझेगा,43
चुकंदर,46
गुणांक,197
फागुनी,25
अभिंयता,0
सहजनी,29
घूमेगा,43
मुद्राएं,52
अंतहीन,57
नित्यानन्द,31
ऐड़ी,152
मनुष्यता,57
पोश,186
खौल,157
बिछवाने,15
गोलाई,116
लोमहर्षक,74
अधियाचना,133
नादिया,84
पारखी,126
लावणी,25
घनघनाते,75
अफसोसजनक,135
चीखकर,10
जंगलिया,23
लोढ़ी,29
लहराई,160
व्यावसायी,126
प्रखंडकर्मी,47
बंजारावाला,35
नारो,2
भाडे़,55
आंक,111
जाचने,108
डिपों,110
ताकना,3
सौगातें,52
आसक्ति,196
सांख्यिकीय,60
सर्वभूतेषु,72
खपड़ा,184
पशुगणना,133
प्रसाशन,4
झाड़ी,37
न्यायायुक्त,89
अमरवीर,145
कपरवान,35
समाजों,169
दुगुनी,197
भारतरत्न,105
पुनर्जन्म,57
छिपाना,3
भ्रष्टाचारमुक्त,73
मनोरोगी,135
मेवों,46
प्रार्चाय,11
फहराते,193
अघोर,72
चाँदी,86
झांके,163
पर्दानशीं,80
अपनेपन,45
क्यारियां,37
मुजरिमों,183
नामौजूदगी,92
पार्टीजन,48
बेड़ियां,83
साजिशें,168
पूर्वतट,63
बाहों,59
गुलिस्तां,65
झारखंडियों,63
समन्वयन,1
इमामे,176
लोगे,7
पुनर्वासन,1
लिखेगी,170
फेंकें,191
रहोगे,7
हुड़दंगी,127
बंग्ला,167
अपनाएगा,43
सरीफ,84
जंगलमहल,18
बंटवाए,34
धुंआधार,190
फनकार,25
सदाओं,176
हैै,64
शरणालय,4
कसाइयों,69
कायरतापूर्ण,135
श्रीकृष्णनगर,122
भुनाया,124
कूटने,15
ब्रम्ह,72
कौए,187
चौहरमल,55
पैरालंपिक,33
विवेचकों,142
महासचिवों,178
कृष्णेंदु,26
नयापन,150
सुविधाए,1
धसने,152
मत्सय,8
बिंदास,166
झण्डे,193
दुर्गाष्टमी,155
धौड़,102
चुनती,13
खरोच,152
नीलमणी,26
आड़ी,152
देयक,50
परिसंवाद,32
व्यंग्यकार,126
निपटते,96
बांये,59
भड़कीं,30
उपमहासचिव,178
एनडीपी,172
हटायी,88
मतो,48
नकारे,164
बिमारी,28
प्रतिलीटर,197
तदाद,30
खनका,30
छेड़ेगा,43
रोषस्वरूप,51
आर्थिकता,1
ज्ञानभूषण,31
जिलान्तर्गत,29
चहलपहल,115
दूकानों,115
खलने,87
हिलाया,124
विनिर्माण,162
उच्चपदस्थ,134
रिटेलर्स,115
दंपत्तियों,132
बसुंधरा,23
झेलती,101
प्रलाप,24
रेंगता,85
पर्यावरणविदों,119
उपयोगकर्ता,162
चढ़वाने,15
परिवारवाले,132
घबराये,98
छर्री,86
सम्मानीय,149
हैंं,42
परखे,42
जनाना,77
एंबेस्डर,90
भोंपू,138
सलौनी,30
मनायेंगे,44
शिवलोचन,26
शुभी,94
कतरन,140
एंकरिंग,90
सिल्की,104
आसरों,16
उपाधियों,40
फिरकी,21
कूल्हा,59
फलमंडी,35
परमपूज्य,31
चूजों,187
बेइंतहा,65
सैंतीस,97
दक्षिणपुरी,35
प्रदीप्त,17
लोकनृत्यों,25
आरएंडबी,102
झल्लाए,98
सिचांई,198
प्रावैधिकी,40
ऋणधारकों,19
खाड़ी,103
कुप्रभावों,95
चिताएं,83
कार्यवृत्त,133
अपूर्णनीय,23
थपथपाते,75
वंदेमातरम्,25
चूसने,41
लुटी,30
हटवाते,75
ढूंढता,117
निर्मलीकरण,68
पीड़ितों,137
विश्लेषकों,119
भड़काया,168
पेड़ो,37
बेंची,79
श्रमशक्ति,1
सृजनशीलता,181
दुहराई,88
पराठे,179
जमानतदारों,183
आंसूगैस,174
शाब्दिक,60
समेटते,75
कर्मचारीगण,19
मिटती,160
मनोवृत्ति,181
महानतम,121
निधियों,50
वधुओं,132
साक्षियों,133
सुनेंगी,177
केंद्रीयकृत,40
पपड़ी,152
तारतम्य,116
पूंछा,194
हैदराबादी,84
छेड़ने,182
सेंट्रलाइज्ड,172
मरती,13
सवांददाता,178
आनंदमार्ग,122
मंडलवार,4
उच्चकोटि,167
मंड़ी,184
काफ्रेंसिंग,172
जीआइपी,78
किसलिए,194
तड़पकर,10
भ्रष्ट्राचार,147
बंदूकधारी,137
विरूद्घ,168
भंगिमा,189
ऋतुओं,9
टील,128
सोनोग्राफी,22
एलोकेशन,106
खनिजों,143
मनपंसद,25
व्यवस्थापन,1
बिखरते,150
ओहदेदार,147
जगहो,118
निबटाए,96
दुस्साहसी,149
सुविख्यात,129
प्रतिनिधिदल,4
परात,86
प्रर्याप्त,51
हड़पा,55
उडे़,158
चरणप्रीत,94
कमकर,128
फरिश्ता,176
वहम,82
बलशाली,149
छुड़ाते,75
छेड़ना,20
फेरियों,139
चुकाते,130
मटमैले,186
अहिंसक,27
जीपें,112
डयोढ़ी,77
प्रशस्ती,89
भंयकर,171
जर्रा,65
जगमगाया,17
निरूपम,109
लोहित,109
आलोचकों,119
मुक्के,49
बूचड़खानों,69
सहारन,14
नजराने,176
रोड़ी,86
बारों,139
आपेक्षित,116
प्रतिस्पर्धात्मक,60
दागते,49
विशेषांक,167
छुड़वाकर,34
मेनलाइन,93
दुगने,197
बैगनी,186
धुसवा,55
चौबारा,2
नवरूप,121
उकसावे,168
विघटित,143
राजकोषीय,1
बिछेगी,93
बिदक,98
लगनेवाले,116
सुलझाएं,96
जयश्रीराम,23
भ्रमर,189
गाड़ियों,112
वेश्यावृति,125
गलघोटू,28
पिटारे,5
निर्दिष्ट,67
गश्तीदल,199
यज्ञों,131
अडंगा,20
दादागीरी,5
चिट्ठियां,140
संस्मरणों,120
राजीनामे,183
एमएमसी,172
एश्वर्य,91
हटाओं,27
प्रार्थनाएं,52
ओहदों,147
स्वीकार्यता,142
रणगांव,29
शीशियों,62
प्रत्यारोपों,96
चढ़ीं,160
योग्यताओं,95
बैठाएं,191
रहतीं,13
आंगनबाड़ियों,63
नियन्त्रण,129
कावंरियों,139
रंगरलियां,44
खराश,28
उतराने,103
महासप्तमी,155
कायर,101
नवबंर,165
हंगामी,174
मलयालम,167
बड़नपुर,29
सीरियस,166
सर्मथन,168
प्रधानमन्त्री,114
विपत्तियों,171
दूषण,99
ढ़लते,30
डाकुओं,53
खोलीं,88
नौंवीं,71
गैजेट्स,106
सप्तऋषि,72
पहुँचकर,85
पसन्द,185
असलहाधारियों,63
पेंशनभोगियों,50
सौकत,184
अनाथों,38
देवस्थल,122
हमउम्र,195
साबुत,46
झूमाया,25
कृपानाथ,26
मुस्कराहट,45
माशूक,65
धूसरित,160
अगवाकर,34
पागलों,10
बुन्देलखंड,18
कार्डियो,22
डांसरों,90
पथराई,160
द्रविड़,58
शिकायतीपत्र,133
सरगर्मियों,48
सिले,66
भूमिधर,58
महाविद्या,72
जकड़ी,36
चढ़ेगी,170
डग्गेमारी,11
भुजिया,179
अंगार,175
मचाएंगे,127
भुलाना,3
बीपीसी,172
मिटाते,75
निकोटिन,28
रिसता,157
रासेश्वरी,122
पर्त,104
परीक्षणों,95
सीखीं,88
कीर्तनों,139
लोकलुभावन,135
फिजियोलॉजी,22
दायित्वधारी,178
औषध,180
आनुवांशिक,60
दिहाड़ीदारों,63
अमोघ,72
तरसेंगे,107
प्रतिक्षालय,93
बटाईदारों,162
सदय,161
असंतुष्टों,48
दुपहरी,9
अव्यावहारिक,135
गृहवधू,128
घुसपैठिए,136
गुरुपूर्णिमा,155
दृष्टांत,142
खरपतवारों,56
रामबोध,26
फोड़ी,152
ग्लोबलाइजेशन,27
निमिषा,94
गेंदो,190
लाइनमेन,0
लॉयर्स,172
प्रभंजन,8
काटेगा,43
सजता,65
मनसूबों,36
ममेरी,195
आधिकारियों,19
विश्वप्रसिद्ध,126
बिहोली,23
अवगुण,196
नाउम्मीद,45
मधुमक्खियां,99
अपराधियो,74
झुनझुन,78
सुनाता,117
कुशहा,55
करमहिया,29
उजाड़ना,153
पहुचता,117
प्रतिबंधों,95
भरवाते,34
बंटाता,117
गुजरीं,160
निबटाया,124
बतायीं,88
रटने,5
रसायनयुक्त,143
भूखण्ड,18
अवगुणों,196
साईनाथ,109
मिठ्ठू,2
बाउंड्रीवॉल,77
पूरजोर,168
खेतीखान,29
लिपाई,86
तामीर,176
बिखेरती,150
हिचकिचा,164
हड़काने,15
पर्वतारोहियों,199
महाद्वीप,14
पीसकर,156
अंगवस्त्रम्,193
वेणी,94
माहेश्वर,109
तापक्रम,143
स्वास्थ्यमंत्री,178
बिताकर,165
अनुकम्पा,105
हत्था,21
कारनामें,147
जुटाएगी,170
जीवकोपार्जन,73
विवेचनाधिकारी,178
मिटे,161
देवजी,8
विपक्षीगण,54
गुणवत्ताहीन,135
टपकी,157
धार्मिकता,61
फुफेरा,195
विपन्नता,101
पिशाच,72
फरमाना,80
आवासहीन,153
दगाबाज,82
धधकने,175
सुधरती,192
पालकर,69
चौंतीस,97
शास्त्रीजी,105
भक्तिगीतों,25
मर्दो,125
मध्यदेशीय,167
सरवाइकल,28
गुरिल्लों,63
युद्धाभ्यास,199
राजद्वारा,35
आैर,166
उर्जावान,149
स्वागतयोग्य,51
गुत्थमगुत्था,96
टके,97
ढाली,154
खांसते,75
मेघों,9
साठगाठ,168
इन्सां,65
मालवाहकों,63
बंदीगृह,183
चौगुना,197
निर्झर,189
धर्मप्रांत,61
समाते,75
पुदीना,46
पुरवाई,9
रणनीतियों,95
चीरहरण,168
कलेक्ट्री,68
पनपी,160
मौकापरस्त,147
कनस्तर,62
आरामगाह,77
अपूर्ति,89
पुनर्विवाह,132
राष्ट्रीयस्तर,14
तंदरुस्ती,91
ऋद्धि,72
बढऩे,87
चोथे,71
प्रतीकों,193
कल्पतरु,8
अर्द्धकुंभ,122
वन्यप्राणी,81
सीप,103
मोक्षधाम,122
निकालो,7
डुबोकर,156
चूकने,87
शिगारा,78
चहके,30
झंडियों,16
भगवाना,8
डफली,138
रुक्मणि,8
निवृति,196
साहबी,80
परफार्म,90
गन्दे,62
झड़ी,87
छीनते,20
प्रशिक्षणरत,40
बवानी,2
अवज्ञा,173
अनाथाश्रम,38
पुस्त,167
नथूनी,184
कमरें,77
पछाड़ने,20
पूजापाठ,131
छुपाई,88
सनकी,82
वेदिका,193
जुडो,33
व्यापारियो,115
मेजों,16
शिक्षानगरी,124
सिमटते,42
सहेंगे,107
किसमें,129
अभियोजकों,183
अनुसंधानकर्ताओं,119
स्तंभों,77
डगमगाने,87
स्नेहदीप,23
झपटे,152
कुचली,160
वर्गीज,109
क्रॉकरी,102
मनसूबे,36
रूठों,44
बिगड़ते,192
अतिथिगण,32
इलाकावासी,23
माहभर,55
पर्यटनस्थल,18
सुनिये,25
ओढ़ी,160
भविष्यनिधि,50
सैंकड़ो,118
धार्मिकस्थल,11
नवाचारी,1
संरचनात्मक,60
भिड़ी,174
हकदारों,147
पोखरियों,63
हराते,190
परियों,57
ठिठुरती,9
ठहरती,160
कनेर,37
आरक्षक,0
मुठ्ठी,41
पोशाकें,66
नोंकझोक,96
बधवाना,35
होया,65
नहरपार,55
जल्दीबाजी,164
संगठनो,119
पशुओ,69
छूआछूत,123
वसुदेव,8
मंगलहाट,23
देवीधन,23
उजाड़ने,153
सेवला,55
रत्नावली,167
संन्यासियों,61
खिरकिया,29
पंचा,54
बेकरारी,65
ईकाइयों,1
मंझा,2
पैसठ,97
देनेवाली,154
विभिषण,8
मारग्रेट,94
धुले,157
सुरीला,25
अदूरदर्शी,135
बांटेगा,43
पांती,161
बिछेगा,93
प्रतिमास,111
सौपने,182
सादर,105
कुचलता,85
नुनू,184
चलायेगा,43
बहलाने,182
नवाबों,146
हिमोग्लोबिन,28
विशद,142
स्केनिंग,106
बटा,97
कटाकर,34
चौसठ,97
हटेंगी,177
पूर्णाक,116
जगाएं,191
खोजती,13
लोहापट्टी,29
सिकुड़ते,85
गुनाहगारों,183
भींगने,157
दरियां,83
थालियां,83
पहाड़े,5
प्रायोजन,162
चटकाया,190
टिप,102
जगना,141
आतंकरोधी,199
बनाओं,7
उन्हेांने,173
अपदस्थ,146
स्वनिर्भर,73
कंपयूटर,106
निश्चयों,95
पतंजली,31
दौड़ीं,30
सोभा,161
संदेशा,105
सहफसली,56
तपस,109
विरूपण,116
कॉमिक्स,90
भेला,128
संभालें,191
विंबलडन,102
भंगिमाओं,189
नोचा,152
अल्पकालिक,60
मेघश्याम,26
अभिवावकों,108
बीमारियो,28
रुपय,111
हवादार,104
प्रिंटर्स,106
चारण,58
इएमयू,93
छूरा,21
पुरख,161
पिटी,166
पढ़ाएगा,43
दावें,42
मुक्ताकाश,193
टपकते,157
जगमगाती,17
उड़ना,158
पकौड़ों,179
रुकसार,2
चीरकर,21
देवसदन,122
बहुखंडी,26
स्वच्छकारों,63
निभाओ,7
बरतेगी,170
सुंदरवाला,23
तालु,59
आन्दोलनकारियों,27
बिक्रीकर,130
क्रियाशीलता,181
मिंया,84
जीतती,190
फेंकवा,34
असुविधाएं,52
एकटक,163
संक्रमणीय,12
अवतारी,72
तड़पा,10
नहलाया,124
शास्वत,189
सुपरिंटेंडेट,78
घूमेंगे,107
मन्नन,26
खरखड़ा,10
मझला,195
लगवायी,34
गोलीमार,137
हराना,3
बद्तर,192
अटकने,87
लगवानी,39
अल्पायु,38
छज्जों,77
टुकड़ी,199
लड़ाना,20
गुलदाउदी,37
बिकवाली,197
सुखजीवन,78
नचना,161
सत्यानाश,82
रजाइयां,83
सुधारेंगे,107
याचियों,148
थ्रिलर,90
संपद,91
बरौंधा,55
अंधेरों,17
करानेवाले,51
आत्महत्याओं,74
संभले,85
बटाने,15
शायराना,166
छोरे,2
करोडों,111
विधार्थियों,108
ऊपरगामी,93
पंखुड़ी,37
उद्यमशीलता,1
कुरकुरे,179
त्रेतायुग,72
शैतानी,82
महफिलें,25
ढ़ोने,62
कुलराज,94
प्राजेक्ट,89
कर्मशील,149
श्रृंगारी,189
जिलापंचायत,54
कोसता,117
बारबार,116
प्रवृत्तियों,95
जनसंदेश,167
सुनानी,39
वार्डब्वाय,22
संझा,30
राज्यकर्मी,47
परिवादों,63
नवीनता,181
कसेंगे,107
लगनशील,149
हार्निया,22
बिगड़ेगा,192
गौमांस,69
बिकवाने,15
गणेश्वर,122
कर्मराज,23
संकेतकों,60
पकड़ाया,124
खिलखिला,98
रक्तकोष,28
खिंचवाए,34
फेंकता,117
हिचकिचाते,164
चाटी,41
लेाग,82
रेनकोट,66
ऋणियों,50
फलहारी,159
आइस्क्रीम,179
भंडारगृह,115
मनिहार,29
फैलकर,85
तड़प,10
अनारी,94
पाबंदियां,52
निर्दयी,101
अनुषंगी,162
इक्यावन,97
उलझनों,92
संघोल,35
लंकापति,8
स्टिल,102
निगली,99
चिपककर,85
मोड़ा,124
राइफलों,199
मेरू,72
संभ्रात,169
बंगलादेशी,136
कास्तकार,134
बदलवाकर,34
हारजीत,190
चयनितों,148
जि़ला,55
उपशाखा,58
बीजारोपण,123
बांया,59
कराइए,191
तोडफ़ोड़,174
चिंताहरण,122
छोड़ते,75
दीपांजलि,109
धर्मसंघ,61
गरजेंगे,107
कलेश,196
प्रभागों,162
अभेद,189
पुरातत्वविद्,126
संप्रदायिक,123
आज्ञाकारी,149
भुजाएं,59
चोखे,161
बदहवासी,10
चेलों,61
बिगड़े,192
चलायेंगे,107
तसला,86
बीससूत्री,23
दिखला,124
ऑर्गेनिक,129
पालतु,69
गधा,81
क्षेत्राधीन,89
अनावृष्टि,171
उपनिषदों,61
तन्हाई,65
जिलाउपाध्यक्ष,178
जयजयकार,138
दानियों,119
कल्पित,116
पिल्ले,81
बख्स,84
फ्राक,66
भंडारो,143
देनदारियों,130
निमंत्रित,105
सुन्दरम,109
भिड़ेंगे,107
छुटकारे,196
सौहार्द्र,123
किबाड़,102
वित्ताीय,1
बख्शने,80
उपचारार्थ,180
यजुर्वेद,131
उड़नखटोला,2
शर्मीला,149
पुष्पाजंलि,193
सांडा,29
सुर्ख,186
मटसैना,55
गिरवाने,15
बयानी,166
भीड़भाड़,93
बजना,138
एकतरफ,96
तिलिस्म,36
वर्षाकाल,9
बेल्टों,16
अनुपयुक्त,135
गुणवत्ताविहीन,89
उठाऊंगा,144
पकड़ाये,34
तिरासी,97
ब्रह्माचर्य,31
गुत्थम,96
सहे,101
तीजोत्सव,44
हथगोला,21
जताती,164
आदरणीय,105
रूकवाया,34
घण्टा,197
बदनसीब,65
अवयव,116
एनफील्ड,102
छुपने,163
निशक्तों,19
परफॉर्म,90
वाटरप्रूफ,106
खम्भों,77
झेलकर,101
वाष्प,143
जिलाधीशों,19
रगड़ने,41
सौंपेगे,107
जीवविज्ञान,40
पाढ़ा,81
घटाओं,9
लादना,185
बकायों,130
पवनसुत,8
बहेगा,157
लंगूरों,81
बौखलाकर,98
प्रतिनिधी,134
बोये,56
जेबकतरा,53
आंकडों,120
स्वयंसहायता,11
चौंकाया,124
गोपनियता,142
डुबकियां,103
गोदभराई,132
बरछी,21
लवनीश,145
वियोगी,8
गांठे,100
जोतकर,56
गेड़िया,78
उलझना,3
अवैज्ञानिक,135
गोलाकार,116
दास्ता,57
निरंकुशता,147
झीलें,198
खुशकिस्मत,80
देवदूत,134
एडवांसमेंट,172
फहमी,82
अंचलकर्मी,63
बिनु,161
विहिन,121
सूचनाधिकारी,178
मौलिकता,181
खंबा,21
लांछन,168
आरोपीगण,183
सृजनात्मकता,181
दोहों,167
करवटें,141
अवसादग्रस्त,24
सुधारते,75
विचारधाराओं,95
सहेजे,42
तीतरों,81
गुंज,138
परिनियम,12
भींगते,157
बुलंदियां,52
उखाड़ने,182
प्रवेशार्थियों,148
शख्सियतें,52
चिन्तन,142
कोविंद,26
बिताएंगे,107
सामवेद,131
झूमें,25
झमन,184
घोड़ों,69
सिकरौना,29
सूर्यग्रहण,155
बतख,187
मोंगरी,29
दृष्टिहीनों,40
बाकियों,118
दहशतगर्दो,136
चर्या,131
उच्चपर्वतीय,89
स्थानिक,60
फिंकवा,34
लाइसेंसधारक,162
डाउनलोडिंग,106
चमत्कारों,61
चौदहवीं,121
झोंपड़ियों,16
छाड़,20
विद्युतिकरण,68
हटाता,117
स्नानार्थी,122
गांठों,104
उधमसिंहनगर,35
सतानंद,26
जोड़ते,75
पिटवाया,174
तोड़वाने,15
मनायें,44
प्रतियोगिताओ,33
कैफों,128
रंक,161
तख्तिया,11
नेत्रदानी,23
कार्रवाईयों,199
राजभोग,159
पहुचाएं,191
जगाता,117
गुजरेंगी,177
असंवेदनशीलता,135
असफलताओं,95
दोंनों,118
उठें,191
उद्यानों,153
फगुनी,2
कुकुरमुत्ते,37
गण्यमान,32
भ्रातृ,58
अध्यायों,120
टॉफियां,83
सूत्रो,120
पीनी,39
थर्राया,171
कछियाना,29
गुमशुम,65
तमगे,66
लफ्जों,65
प्रजापित,89
धुमरी,29
विकासोन्मुखी,73
नशेबाजों,139
आनंदपाल,53
शून्यता,45
बचाएगी,170
गढ्ढों,198
फटना,171
श्वेतपत्र,12
उखाड़ना,20
शिवाधार,23
रागनियों,25
बहरापन,28
मेमोग्राफी,22
ठहराकर,168
विद्याथिर्यों,63
दिखायेंगे,107
केतली,86
संगीतकारों,119
छपका,55
वर्गफुट,197
कुंवारा,195
जाउंगा,144
फनकारों,119
मशगुल,20
रेशा,104
मानेटरिंग,89
पर्यंत,121
सिंगा,2
हटाती,13
नाड़ियों,59
वजनदार,149
सम्पादक,126
दांतो,59
हवलदारों,19
अष्टभुजी,72
पोछते,157
हारता,190
अंगहीनों,78
मुख्यायुक्त,89
देवमूर्ति,159
दुर्गावाहिनी,23
मौैजूद,55
सर्वेंद्र,26
झूमती,160
संतोषानंद,31
चनण,184
उगलवाने,15
राष्ट्रवंदना,23
सुदंर,188
शिक्षिक,40
हिंसात्मक,135
भरेंगी,177
जोड़ियां,83
जलभंडार,198
भगोड़ों,147
दहशतगर्द,136
रहनेवालों,153
सैंकडों,118
आविष्कारों,95
स्थानीयवासी,14
पायें,191
महजबी,65
महामूर्ख,82
विश्वपाल,26
खम्भा,77
डोलियां,83
रंगभूमि,167
फूक,152
प्रांरभ,51
इकोनॉमिक,172
शरणागति,196
सूदखोरी,130
डोलने,87
वसूलेगी,170
मंडलायुक्तों,19
लानत,82
इच्छामृत्यु,173
खपतकारों,19
पठानी,2
लौटें,191
बर्फखाना,78
पूर्णवासी,23
दीपन,8
चिड़ाना,185
पत्थरबाजों,136
प्रत्याहरण,133
नियोक्ताओं,162
लिखो,7
चूडि़यां,83
भेटों,16
अंजनि,8
अनुषांगिक,162
तव्वजो,80
झुंडों,187
अवधकिशोर,26
खंडहरनुमा,77
अशक्तों,101
चुल्हे,86
देंखे,191
दुर्गुणों,196
निर्दलियों,48
आलोचनाओं,95
लुटाया,124
मेढक,187
अन्वेषक,126
निभायेंगे,107
विधाएं,52
कामाक्षी,159
मयूराक्षी,122
वंदनीय,121
प्रखंडस्तर,78
रंगबहादुर,26
बासठ,97
भांडा,168
नवोन्मेष,1
प्राप्ती,91
बहाये,157
खबरे,166
तरौली,29
पांडुलिपियां,52
मने,82
फेको,152
चूमने,87
पूजक,72
अंजाने,57
आवेदनपत्रों,50
टकराहट,96
पड़ेगे,43
ग्रूप,102
श्रृद्धालु,139
जमाकर्ता,50
उबालने,156
स्वच्छंद,189
पटकने,49
स्थाईकरण,148
अवरोधों,95
देववाणी,167
कुम्भ,129
जड़े,77
पराए,65
अनामांकित,89
मालदार,134
जरदारी,114
समझायी,88
सुंदरकाड,78
लोरी,25
जनतक,128
गौहत्या,168
साजोसामान,199
सहयात्री,167
चीखना,185
बाजारू,79
केवड़ा,37
तलाबों,198
उछालकर,49
जहाजरानी,14
सर्वोपरी,73
विदायी,105
नाकामयाबी,92
पेशियों,59
आंतकवादी,136
ढोए,152
श्रद्घा,159
निखरेगी,150
सिद्धबाबा,122
कष्टहरणी,159
चाबियों,16
पीछाकर,53
सुपरिटेडेंट,0
बेगारी,146
वाचिका,167
दासता,101
बहाती,157
डिटरजेंट,143
निडरता,181
हरजाई,65
हॉलों,139
छूटेगी,170
पुर्नमतदान,89
व्यवहारिकता,142
विश्वविद्यालयीय,40
ससंघ,128
हिलता,117
जलप्रलय,171
सर्वाेच्च,129
तरंगें,116
किफायत,130
हस्तानांतरण,67
सींक,21
विभेष,78
मंझौली,55
बगाही,55
केंद्रपोषित,89
अपहृतों,53
तत्पश्चात्,51
मरीन,102
कुमिते,128
आयूषी,128
गुरुगोविंद,31
गहराइयों,151
उपनियम,12
मूर्छा,28
तपस्वियों,61
कोशिकाएं,99
सर्वश्री,109
बदलीं,88
मच्छरजनित,99
वालेश्वर,122
मेहीलाल,26
गुरूजनों,61
बरसेगा,43
खूंट,29
बिचौलियागिरी,11
बगुला,187
छेदन,59
करोड़पति,134
कैंचियां,83
अंशी,128
विषधर,99
छिड़े,20
जुखाम,28
समझाती,13
पहुंचवाया,124
योजनाए,1
स्वंतत्रता,129
हृास,24
चिमटा,21
भोज्य,143
वनगमन,8
बिठाते,75
चाकरी,146
छुरियों,16
एस्केप,102
हेकड़ी,20
प्राचीर,193
ज्योतिर्मय,17
धु्रवीकरण,123
ग्याहरवीं,71
मनोकामनाओं,159
रूकेगी,170
पकाए,156
भरम,65
तौलकर,197
नवजन्मी,94
अंधेपन,28
संदर्भदाता,178
गिनाकर,124
सुधरते,192
डलवाना,185
शर्ताें,11
मायावी,72
शर्मिंदा,98
रुपक,167
ध्वाजारोहण,32
आजमाना,3
बढ़ायें,191
पायीं,88
महुअर,55
रोजदारों,19
अनुतीर्ण,108
पंचकुंडीय,131
नंदोई,195
अपुष्ट,120
पकाना,185
अनुशासनहीन,135
रिझा,150
कार्रवाइयों,95
संस्थाओ,4
विविधताओं,123
लूटता,117
भूमिदाता,63
धरदबोचा,53
फोटों,140
खंडाइत,78
मुक्तिकरण,89
खुराफाती,82
बॉयोमीट्रिक,106
फुंसी,28
जगमगाएंगे,17
चालानी,0
कन्याश्री,23
अर्घ,131
ठोकिया,53
सकेगें,107
गुरूरानी,23
भेड़ा,184
तेजाबी,74
लापरवाहों,63
बिनाह,168
बैलगाड़ी,112
छपवाया,140
डिस्ट्रीब्यूटरों,162
पच्चास,97
संभली,85
कुप्रथाओं,123
प्रसुन,196
उपस्करों,1
बाहुल,58
पधारेंगे,107
मुरादे,159
प्रायोजकों,162
होलिकोत्सव,129
कांकर,2
संयोजित,67
प्रखंडकर्मियों,47
पीये,156
मंडला,18
बजाएंगे,138
पिछैती,184
झकझोरने,182
चुटीले,166
शीघ्रातिशीघ्र,51
विचारकों,119
ग्वालों,69
प्रशासिका,23
संजोग,90
बुल्लावाला,35
बाजुओं,59
छांटने,182
मैनें,64
अनशनस्थल,11
पानेवाले,134
ज्ञानसागर,31
शैलियों,95
कटियामारी,110
चोले,66
मनोहरी,2
अनार्य,58
कूटकर,156
निश्चेतक,22
तड़क,152
सम्पूर्णानंद,31
सीनियरों,119
विश्वेश,26
चहेती,90
विश्वभारती,40
चिंतकों,119
सुत्रों,19
जमानतें,183
दक्षिणमुखी,122
मुखबीर,53
सड़के,93
कनैली,55
थर्मामीटर,180
ममतामयी,38
सर्वज्ञ,72
आह्लादित,189
पादर्शिता,181
मरेंगे,107
हैंडपम्पों,110
खटखटाते,75
फूंकना,185
निवेदक,105
बारुदी,199
चाहेंगी,177
तरसने,87
पद्मनाभ,8
छावनियों,199
भिगोकर,156
बेगुनाही,183
वाक्यों,120
शैलेन,109
सखियां,83
हास्टलों,108
पाकिस्तानियों,136
उछाले,42
वारकर,21
चिढ़ाती,13
प्रधानमंत्रियों,114
धनवर्षा,9
महाशिवरात्री,155
विन्दु,116
जबाबदेही,181
गईल,30
देवचंद्र,31
समस्याग्रस्त,24
हठी,149
भाड़,82
रामाश्रम,31
ठेलियां,83
तरफदार,27
ग्वाड़,23
गढ़ैया,55
अंधियारा,17
यतीमखाना,176
कवायदें,52
विकलांगजनों,73
तनमय,128
रहस्योद्घाटन,120
आपूर्तिकर्ताओं,162
पौखाल,184
नियोजकों,119
मंगानी,39
कलात्मकता,181
संरक्षकों,119
मजीरे,138
चुभती,160
चक्रवार,63
छंटा,30
पिलाती,13
परिश्रमी,149
तेरही,195
जनपदवासी,54
प्रदेशस्तर,63
पहंची,128
फलता,37
शिवलिंगों,122
थमती,160
जेहादी,136
खंगालकर,34
प्रक्रियाधीन,133
तरन,2
सप्ताहांत,165
सुर्दशन,109
अनर्थ,196
जनपदवार,133
प्रतिवेदनों,133
हीरों,146
जुडीशियल,172
फूलता,37
सूइया,128
सिद्धा,72
काउंसिलर,172
वेक्सीन,172
चोंच,187
कीमोथेरेपी,180
बजाएं,138
राज्यमन्त्री,178
चखना,179
पटने,87
चतुर्थश्रेणी,148
बेपर्दा,168
चढ़ाएंगे,107
बढ़ाएंगी,177
बनायेगा,43
महानगरीय,14
उतारती,13
पूर्ती,51
नवयुवती,125
झुकते,163
बच्छराज,145
राज्यवित्त,63
फैलानी,39
अहिरान,29
अंहकार,196
बुढ़ी,38
कृमिनाशक,180
आनेजाने,15
अम्ल,143
सीटीपी,172
सब्ज,37
ब्यानों,63
जीवनोपयोगी,73
भुतही,30
बनवानी,39
मझौला,29
एड़ी,59
सशरीर,72
स्टूडियों,90
कस्बें,35
जौंक,152
रामभरोसी,26
पुष्पित,37
अलहाज,84
नीलामहल,89
थिनर,62
समुदायिक,1
नजायज,168
पारसमणि,109
जुही,94
अनुषा,94
चुराये,42
उम्मीदवारो,48
दुखदाई,24
ऑप्रेशन,22
केबलों,16
उपविजेताओं,63
उत्कलमणि,26
मवाद,28
ब्रह्मकुंड,122
इक्कीसवीं,121
सनेह,161
उपचारात्मक,180
पाकीजा,90
प्रबोधन,73
आक्सीटोसिन,143
दिखलाया,124
धाविका,33
धर्मशास्त्र,61
छकाते,75
हारते,190
हड़का,20
कट्टरता,123
दुहराते,75
लहराएंगे,107
वृक्षासन,131
बैद्य,2
फफोले,104
समृद्धशाली,121
झगड़कर,20
जानेवालों,118
लादते,152
खिंचाने,15
पराये,65
सहायताप्राप्त,40
झुठे,168
दाईं,59
उबरे,171
परिस्थितयों,95
सीखाने,182
सप्तसती,72
बालरूप,72
खुशबूदार,104
लोट्स,102
बनूंगा,144
असंतुष्टि,45
कुंजन,94
तोडे़,152
शिवसहाय,26
बेफिक्री,45
बागीचों,37
लेजाने,182
ढूंढ़े,42
गतिविधियो,1
दृष्टिगोचर,51
गिल्ली,21
उछले,85
गूंजेंगे,107
झोपड़,152
अनिक,90
सुपाच्य,46
वाकयुद्ध,96
वर्गीकृत,67
कौवा,187
व्यंग्यात्मक,166
फीते,66
अयोध्यावासी,8
बेशर्मी,147
कुदृष्टि,101
खुलासों,76
आनंदा,23
पेंडिग,106
कथावाचन,167
पेड़े,179
नौसड़,78
मुझपर,82
मौण,184
रीले,102
विश्वदेव,31
हावभाव,166
आंखो,129
अड़ंगे,20
उच्चस्तर,51
मुँह,41
ऊफान,30
कबाड़े,79
लाउडस्पीकरों,139
राज्यहित,12
अंगौछा,66
लालकुंआ,35
कयादत,176
अवधेशानंद,31
इबादतों,176
डिप्थीरिया,28
इन्होने,118
परखना,3
उपजने,45
डराता,117
बालपन,38
ऐजेंसी,76
बहुरंगी,186
वस्त्रोद्योग,1
छौंक,179
तकिये,141
भुलवाना,185
कबूतरबाज,53
गाओ,7
शहरीकृत,169
संभलते,85
भंगड़ा,25
अमानवीयता,74
लोमड़ी,81
जल्लाद,134
रंजिता,94
खरीदगी,79
शक्तिनाथ,122
पैथालाजिस्ट,22
वाइफाइ,106
लंगोट,66
एनपीसीसी,172
जज्बातों,65
हिले,85
नुक्कड़ों,139
मधुकम,23
संकटग्रस्त,171
साधो,7
फूकेंगे,107
राजमाह,46
नशाखुरानों,63
गर्माता,96
परिवीक्षा,148
लाड़,195
साहबों,146
फैलाये,163
न्यायपूर्ण,135
लकिन,64
संवरेगी,170
बतौड़,94
कष्टदायी,24
छटे,71
घटनाक्रमों,95
मजबूरियां,92
संस्तुतियां,133
कर्रवाई,173
खुलें,191
पीती,13
इमोशनल,166
भाद्र,155
जपते,75
पतिव्रता,72
वर्तनी,142
पेशवा,146
जवानो,199
घर्षण,143
खींचती,13
तंदरूस्त,192
निकोटीन,143
काव,109
कार्यपद्धति,1
टोकते,75
डबडबा,160
दहेजलोभी,132
अजमाने,182
कोसती,13
लहंगे,66
गाएंगे,107
बगा,184
उदघोषक,126
मियादी,130
कदंब,37
विखंडीकरण,1
अमृतधारा,23
प्रारूपों,120
चौराह,35
अनुवादित,67
मजीरा,138
नालायकी,147
गुनगुनाने,25
सुलझाकर,96
अज्ञानतावश,135
लघुनाटिका,167
द्वारपाल,8
जीर्णोंद्धार,68
बॉस्केटबॉल,33
माँगे,111
कमलराज,26
चबुतरा,77
ठुकराते,164
दण्डात्मक,12
हुड़दंगबाजी,11
संविदाकार,178
रुको,7
कर्जमाफी,130
चिंगारियों,175
ढालना,3
सचेतन,60
करकरा,2
रामशिला,122
रहमो,80
सकुन,65
प्रत्याशियो,48
बसाऊ,184
सहराई,84
आमला,46
ज्ञानो,72
दिनप्रतिदिन,51
बिचौला,29
खदेड़ते,20
व्रतों,131
बुजूर्ग,38
सर्ट,102
जनअदालत,11
ठिठुरा,9
चुस्कियां,83
गोढ़ना,185
शीर्षासन,59
नामीगिरामी,126
रस्साकस्सी,33
यज्ञोपवित,131
मम्मियों,125
पीड़ादायक,24
घूंसा,49
शब्दकोष,167
जातक,71
चौंके,98
सहालगों,115
अंगौछे,152
बांहों,59
योग्यतानुसार,148
समलैंगिकता,125
बगाों,128
ठुकराने,164
खांसने,28
उखड़ना,152
छेडछाड़,76
तंदुरुस्ती,181
देनेवाला,117
पेठे,179
सटोरिए,53
गोलगप्पा,179
भुजंग,161
लिंकन,102
मजबूतीकरण,68
गरिमामय,188
कुमुदनी,37
काफल,37
बरसाईं,49
कंपकंपाते,9
निहारती,160
फूंकेगी,170
रूकेगा,43
भिड़ेंगी,177
देनदारों,130
जनमुद्दों,95
जुटाये,42
बैंचों,16
महातीर्थ,122
संघटक,143
कलालघाटी,29
सुक्ष्म,116
बागबान,65
छोड़िये,82
लडकियों,125
जुलाहा,58
साईंस,172
बारवा,145
सिखाएगा,43
कंपकपाती,9
मुलाकातों,96
सुलाया,141
भगाएं,191
सत्यप्रिय,149
चमकेगी,170
गुप,128
जगकर,141
तरानों,25
पेंशनभोगी,50
नोटबुक,140
गिड़गिड़ाते,75
मंडराती,160
अमलतास,37
धनौंदा,55
एफएल,102
जगेगी,170
पूर्वस्थली,11
विश्वासपात्र,134
झीनक,184
कुशन,66
प्रयत्नों,95
धरोहरें,52
थिरकती,160
डरावनी,154
रवांई,18
स्वविवेक,12
हरिसभा,23
आग्नेयास्त्रों,199
हजयात्री,176
दीजिये,191
खननकारियों,63
बोल्टेज,110
परिमाण,116
खतों,140
घुमाई,163
तपस्यारत,72
सर्वशक्तिमान,72
गुरुनाम,26
कूदना,185
मोहरें,83
जांचना,3
बारिशों,9
धरतीपुत्र,27
बेड़ा,103
अमिया,37
हजयात्रा,137
मनमानियों,147
खपरा,55
देवीचरण,26
मद्धिम,17
वज्रासन,59
जुआड़ी,184
पौराणिकता,142
ढे़र,152
दबता,85
फेफड़ों,28
पुनर्मिलन,189
उच्जवल,89
यात्राकाल,121
दबते,85
नवेंदु,26
राज्यवर्धन,109
व्यासमुनि,23
नजरबंदी,183
मंदिरो,159
टोंका,82
चापलूसी,147
सुरागों,120
ग्रामोत्थान,73
स्टेपलाइजर,172
आउटपुट,106
चूकना,3
मुख्यध्यापिका,23
फणीन्द्र,26
सनक,82
हिरण्य,72
प्रीतिका,23
ऑटोमोबाइल्स,172
चड़ी,184
गुरुबचन,145
योजनावार,133
घुसपैठिये,136
दोऊ,161
राज्यलक्ष्मी,94
काजीटोला,29
कुंबले,190
हथकंडों,147
पथसभा,78
उमड़ने,87
हारना,3
व्यस्तताओं,92
छीटें,157
चंचलता,189
मंगलपड़ाव,23
दोहराए,42
कार्यस्थलों,162
पांडालों,139
कांपा,35
निमार्णाधीन,68
बचनी,2
सुशांति,23
ग्रामपंचायतों,54
परिवेदना,133
कछवा,55
सलाहउद्दीन,84
मैले,66
डाकिये,140
जायेगे,42
लौटानी,39
अड़ी,174
चरमरायी,192
ताबड़तोड़,78
सहिष्णु,149
शुक्लपक्ष,155
भुनी,179
हसिया,2
मंजीरा,138
रायता,179
महालया,155
शिक्षिकों,19
बधिरों,40
महारथियों,119
शिविरार्थी,32
पंहुचकर,34
रेगुलराइजेशन,172
चिपकी,160
सेवानिवृत्ता,11
वित्तवर्ष,130
जोरदारी,11
बिछवाई,55
विनोदिता,23
आनंदमूर्ति,31
परसौली,29
घूसखोर,147
ईंख,56
धराशाही,171
मसक्कत,39
दात्री,72
प्रतिद्वन्दी,48
चिड़ियां,83
हेडफोन,106
शुद्व,131
बदहवाश,10
रियायतों,130
अकेलापन,45
संवरा,150
पशुचारे,69
सत्रीय,40
उपनगरीय,93
धमार्थ,73
चटाने,15
नयका,30
सकारात्मकता,181
स्मृद्धि,91
अशुद्धि,142
चिढ़ाता,117
मानित,40
कर्णदीप,78
प्रतिबन्ध,12
महारुद्राभिषेक,131
शीतलपेय,180
संग्राहक,162
वीरागना,23
रूकती,160
हिलाते,75
आईबीएम,162
एमआरटी,172
संपादकों,119
रुखी,160
टुकड़ा,21
फलपट्टी,35
पीएंगे,107
स्वावलम्बी,73
शुल्कों,130
इच्छापूर्ण,51
मूंछों,59
वेतनमानों,148
लड़ाकर,20
झरनों,151
चतुर्भुजी,72
दूरदृष्टि,181
साजिशकर्ताओं,183
पुष्पदंत,8
खंदावली,35
दोगी,7
मिटाई,88
जनअधिकार,4
जगतपति,8
बांटेगी,170
किलोवॉट,197
गरी,46
नगों,86
कोश,167
कोषागारों,50
बलात्कारी,74
जनसंगठनों,27
हंसाते,75
अंर्तराष्ट्रीय,14
बिखरेगी,150
स्वंयसेवकों,119
पुष्पांजली,193
होम्यो,180
सामंतवादी,146
अवशोषित,143
रक्षात्मक,199
शत्रुता,123
हदों,151
बजह,82
मटरगश्ती,5
मिलाता,117
काबिलेतारीफ,188
सुरमयी,25
डॉक्टरो,22
कशमीरी,136
कालों,121
श्रेणीवार,133
सुझाई,88
राजराजेश्वरी,159
अन्तराल,165
सेंकी,156
रुकें,191
आत्मरक्षार्थ,63
झुंझनू,35
मयखाने,65
गृहस्थियों,63
प्रवृष्टि,11
विशांत,109
पिघला,157
प्रमंडलस्तरीय,78
उड़ती,158
हरदुआ,55
घासमंडी,35
ठीकेदार,134
खिलेगा,43
जुड़ेंगे,107
डिजनीलैंड,90
अधिकरी,4
बेंचते,79
प्रशिक्षार्थी,40
रुष्ट,98
रुकावटों,92
ढोई,30
धब्बों,186
पैरोकारों,27
अड़,174
रस्सों,16
उपादेयता,142
विघ्नहर्ता,72
हड़प्पा,58
चकली,179
पसारा,161
प्रसाधनों,143
खटाणा,145
खायें,191
रमणीय,188
अंगोछा,66
मुरब्बे,46
डंके,49
अंजाना,65
सूचनायें,52
पाणिनी,31
जुड़वा,38
नाशी,99
थकती,13
चूड़ा,179
स्वार्थवश,168
पदार्थाें,143
पैट्रोलियम,143
झंझावतों,95
देवऋषि,8
चमकीली,186
अंशुमाली,109
क्षारीय,143
भाविका,94
बहाएं,157
जीवनस्तर,169
चीते,81
देशज,14
ठंडई,179
करवाओ,7
कछुवा,81
कड़कने,87
मुरीदों,176
कहाँ,129
रात्रिभोज,32
पंगत,5
पढ़ेगी,170
बंधुवा,169
पत्नि,132
चबाना,41
संचालको,4
अनेकानेक,121
सर्वोतम,60
रक्खा,124
डरेंगे,107
कपालभाती,28
चतुर्मास,155
लाइसेन्स,12
छोड़ो,7
स्टैच्यू,102
हसरतें,65
उत्साहवर्धक,105
भड़काकर,168
त्रिवर्षीय,40
घुलमिल,42
उस्तादों,119
सिहांचवर,78
खुलवाये,34
निरीक्षणों,133
किस्सों,166
प्रज्जावलित,89
एक्युप्रेशर,180
झुरमुट,37
किवदंती,122
ऊंचीकूद,33
उपपुलिस,54
कद्रदानों,150
आसामी,58
स्मैकियों,63
कार्यारंभ,4
थोडे़,156
बिहारवासियों,63
चराकर,69
स्वाबलंबी,73
मोली,2
क्षमावाणी,44
चौवन,97
ऑक्सीटोसिन,102
डुबोने,103
कुतर,99
प्रर्दशनी,32
झुलसाती,9
सद्कर्म,196
प्रतिवर्ग,197
बालावास,35
संबंद्धता,67
उपप्रभागीय,4
लगवाता,34
संघर्षमय,121
उड़ाती,158
हड़काते,75
बीसवीं,121
अहातों,16
टिकेश्वर,122
तोड़ेगा,43
लचीलापन,181
लच्छेदार,166
धसक,152
परफॉर्मेंस,106
बैंडमिंटन,33
सटने,152
लगायेगा,43
अनुसंशा,67
छनकर,157
बैंगनी,186
छुड़ानी,20
श्रीखंड,122
नामिनी,89
अप्रासंगिक,135
पोंछते,157
मुनाफाखोर,147
प्रतिमान,142
तकनीकियों,95
जगमगाता,17
तुम्हीं,7
नासमझ,82
इमर्जेसी,172
भवनीत,145
भोंसले,94
लयबद्ध,188
आडंबरों,61
प्रर्वतन,73
तिरपालों,16
भष्ट्राचार,76
मढ़ने,168
कटावरोधी,89
मन्नतों,159
फिल्टरेशन,106
मिटते,42
बदमाशी,82
घसीटती,85
लहराना,185
वंशानुगत,146
कुण्डी,77
मंडलाधिकारी,178
झटपट,179
सुधारगृह,183
श्वेतांक,23
बासगांव,29
पीयें,156
हिंदूवादियों,63
गरीबन,2
गड़बड़ाया,192
नोटिसें,173
सवांद,166
छुपाते,75
कमाती,111
घासों,37
तोड़नी,39
हिलती,160
उभारना,3
खटका,82
छींकते,75
कटेश्वर,122
लच्छे,179
बोलेरों,112
लौटेंगी,177
नवटोली,29
स्वास्थ्यवर्धक,180
रौंदे,85
स्वरोजगारी,11
रोजों,176
करेले,46
गगनजोत,184
महत्वहीन,135
बांधता,100
पंरपरा,121
शिवेंदु,109
कसेर,55
चैम्पियनशीप,33
कसूरी,84
पॉलीग्राफ,106
सर्वोत्कृष्ट,60
सत्तु,46
छपवाई,140
मालिन,2
भुने,156
चटकाने,190
खलियान,56
अश्वमेध,131
गर्भनिरोधक,180
लिखवाना,185
उगाना,56
दावपेंच,147
झोपड़िया,153
कजरारे,25
डींगरा,29
चालें,5
रंगमंडल,32
अनुसंधानों,120
बटोही,161
उत्तीर्णता,148
श्यामलता,94
दरवार,146
भागम,5
परिक्षार्थियों,108
आत्मचिंतन,196
मिटेगी,170
वेषभूषा,70
हत्याकांडों,74
कतर्निया,18
पटरे,152
योगदानों,91
जटाधारी,72
होगीं,177
सुमत,8
दानवीरों,63
नवाने,15
कहलाएगा,43
राजपुरोहित,58
धवस्त,85
मूंदी,163
बिगड़ा,192
आज्ञापाल,78
सिरफिरा,82
मोहरों,16
स्वायत्ता,14
नवप्राथमिक,40
स्वयंबर,8
दीनबंधू,26
केंद्रवार,4
शर्मिंदगी,164
उन्हों,64
संगणक,40
थककर,141
बंधेंगे,100
पर्वेक्षक,178
खोटे,2
पेचीदगी,92
ठगते,75
बेकसूरों,136
भावुकता,181
राष्ट्रमाता,23
खड्ग,21
उड़ेला,41
वैल्फेयर,172
जगमगाहट,17
पांत,123
केशवनाथ,26
संचिकाएं,52
हवेलियों,70
शस्त्रधारकों,63
महाभारतकालीन,122
सौगातों,151
जुटेगा,43
सनोली,29
नीलाम्बर,186
र्इंट,86
लागा,161
सिलवाने,66
बाहें,59
उड़ीं,184
राज्यमार्ग,35
जहंा,55
पिछलग्गू,134
अंकगणित,116
दोने,179
बालकुमार,26
बदलवाना,185
सालोंभर,165
हवेलिया,70
मातृशोक,23
समाचारपत्रों,120
प्राकृत,167
टूना,99
बनाइए,191
बनवाएगा,43
सिलेन्डर,110
बीनकर,62
तानते,49
बर्फवारी,9
शिवस्वरूप,72
प्रमाणों,120
बल्लों,16
कूहलों,198
कामधेनू,69
मौजों,151
सलों,16
सिद्धान्त,142
दिशाएं,52
पहुँचाने,182
पनाहगाह,136
पकता,156
मढ़ाई,56
लब्ध,126
उत्प्रेरकों,143
टूटन,45
फ्लाईओवरों,63
मारें,49
सुरई,128
ज्योतियों,17
लघुसचिवालय,4
घोसले,187
माईक्रो,106
खिड़कियों,16
निर्वेश,26
भिनभिनाती,99
हठयोगी,31
प्रधानध्यापक,178
ग्रामिणों,54
चुंबक,116
भोलेभाले,169
फजीहतों,92
विश्वविजय,27
सतकार,134
पराक्रमी,149
प्रद्युत,23
मिट्टीकरण,11
बहुभाषी,14
करतें,75
अर्धसैनिकबलों,63
संदेशवाहक,134
अनंग,8
जलपुरुष,26
सकूंगा,144
पहुंचाएंगी,177
छिड़ी,96
हौले,163
मौैत,184
नियमो,12
राष्ट्रसेवा,73
सम्भागीय,4
लाक्षागृह,77
सरसरी,120
रानियों,146
एजेन्ट,134
बहरेपन,28
कंपाती,9
हवाईअड्डे,93
खाएगा,43
संध्याकाल,131
परिहास,166
धुला,157
भादंवि,55
आजमाते,75
दीवालें,77
योजनानुसार,51
फट्टे,21
पड़ना,3
बननेवाली,154
इकतरफा,96
सभ्यताओं,121
खिलाएंगे,107
मालधन,128
प्रतिस्थापित,67
कहिये,194
जनसरोकार,27
गोलम्बर,23
अन्तर्राज्यीय,14
सुझाये,42
निम्नलिखित,67
निर्जीव,99
ऑउट,102
स्वंयसेवक,27
शिवभक्ति,122
फेंकनी,39
उतावला,98
पंखें,110
भद्दे,135
बिखेरता,150
संस्थापकों,126
पढ़ाये,108
जियोग्राफी,172
लठिया,2
कमेरे,169
समीपस्थ,18
अनियन्त्रित,24
हौसलाफजाई,105
अर्धरात्रि,113
तोपों,199
काफिलों,151
बिछुड़ने,65
टंकक,128
दानेवाला,78
तबर्रुक,176
नाशवान,196
अशुद्धियों,95
दिलायेंगे,107
बंटाया,124
शहनशाह,84
ताम्रपत्र,193
बसुधा,94
दोहराव,116
तारीफों,166
आवृत्ति,116
चेकर,102
शक्तिखंड,11
चरकी,30
बाइकिंग,33
मंगवानी,34
जांबाजी,199
नईमुल,128
अक्षांश,129
डूबना,103
कांपे,10
गरिमापूर्ण,188
विनियमितिकरण,133
सीखनी,39
प्राणवायु,121
अपमार्जन,67
वीर्य,143
बरफी,179
कब्रें,77
अंतर्यामी,72
षड़यंत्र,168
निर्ममतापूर्वक,101
कुढ़,82
मयखाना,65
राजमार्गों,93
परिशोधन,1
तील,30
सर्वसुलभ,51
मुंड,21
तंत्रिका,28
परिष्कृत,60
ताकने,163
संगीताचार्य,31
बहुमंजिले,77
निपटें,191
गाड़ियां,112
कीलें,83
वासनाओं,196
सूखना,28
स्मारित,89
आर्शिवाद,105
बत्तखों,187
आवेदित,133
जादूगरी,5
बनानेवाले,134
अड़ंगेबाजी,11
मलने,41
पैंतरे,5
दबदबे,147
गर्भीय,116
तगादे,111
मुंतजिर,84
दिशांत,109
नौकाएं,103
पुष्पमाला,193
राजतंत्र,146
जनऔषधि,180
लायेंगे,107
दुधैला,29
तोड़ेगी,170
धर्मसमाज,61
मनाएंगी,177
नपुंसकता,28
सार्वजानिक,60
टिंडा,46
भुगता,101
धारणाओं,95
टरकाते,75
कुटुंबकम,73
चखकर,179
आरोपमुक्त,183
दुर्भर,89
उड़ाकर,158
सफरनामा,167
मरहबा,176
दस्ताना,66
परचे,140
गांरटी,130
उपप्रधानों,54
डाइविंग,102
गाथाएं,52
ऐंठन,28
प्रवेशार्थी,108
गोलाफेंक,33
खोजता,117
ऐंठते,111
पकड़वाकर,34
हटानी,39
पकड़ें,152
गुत्था,96
घोसला,187
तटरक्षक,199
पहरावर,78
माड़ा,184
बजायी,138
चहचहाहट,187
माँगा,124
अनैतिकता,168
बारातों,139
टोके,82
बदनसीबी,65
विचरते,163
सुबोल,23
इत्मिनान,163
चुराना,185
मातमपुर्सी,176
तलाशेंगे,107
जलजला,171
झुलसते,175
नोचने,41
डाकियों,50
फुफेरी,195
सीखेंगी,177
भटकेंगे,107
सतावर,46
सूरजदेव,26
सेवानिवृत्तों,148
श्राविकाओं,63
लोकसंपर्क,73
गौरवमय,121
संभागों,19
दरवान,35
कार्यालयाध्यक्षों,19
ताकी,191
धड़धड़ाते,85
अनसुलझा,96
हांकने,15
अर्धवार्षिक,40
विस्मृत,121
प्रेमप्रसंग,132
जूसर,46
मणिका,94
बेराजगारी,11
फंासी,183
दूधवा,128
छिड़क,156
श्वेताम्बर,31
गजन,184
दहलान,137
मोतियाबिन्द,28
सर्वहित,73
सतनामी,58
पतिराज,26
द्धितीय,133
क्रुद्ध,98
मिटाए,42
लडे़,48
कंधार,136
तलबा,176
बुझाए,175
फूटते,157
जालियों,16
बहाता,157
लेहरा,29
जड़ता,181
स्वीकृतियां,133
व्यवस्थ,1
यती,8
इसकेबाद,174
भूलेंगे,107
भिक्षावृत्ति,196
बलजोत,78
लड़ूंगा,144
चूकेंगे,107
छिनकर,53
ठाकुरों,58
कारिदों,19
डालिए,191
सिकुड़े,152
सीएनसी,102
डिस्पोजेबल,62
बावरी,161
सेवायोजक,178
यथाशक्ति,131
पुकारता,117
कब्जाए,153
ड्रामेबाजी,5
मर्यादाएं,52
निशीकांत,26
अभिमानी,149
पिंजड़ा,187
सूत्रधर,167
धुली,160
गजरा,66
नवजागरण,27
रतौंधी,129
महापरिवार,58
वंजारा,183
आवण्टन,4
लोकसेवक,134
त्रैवार्षिक,32
मुख्यारोपी,23
सरकी,85
प्राणायामों,63
प्रज्जवल,89
दुधारी,21
नरपति,8
नवासा,2
लीजिये,191
जब्बर,84
देवालिका,23
रमता,161
अंगुठियां,83
जीवंती,94
उड़नदस्ते,54
शरबती,46
हुल्लड़,127
आर्गेनाईजेशन,172
अंगुठा,59
मर्दिनी,72
माशूका,65
कंफेक्शनरी,172
संग्रामी,27
द्वंद,96
अंकतालिकाओं,108
चुकाकर,130
झंझटों,92
लिखाए,34
विपद,196
ब्रह्मास्त्र,72
जांचते,75
ऋचाओं,131
इंद्रियां,52
अक्ल,82
कार्यक्रमो,32
खुलवाते,34
भींगे,157
एनलाइजर,172
बरसेगी,9
प्रेमनंदन,26
संवेदीकरण,1
उछलते,75
जुमेरात,176
अजमाइश,87
उगना,37
चखनी,30
मुखे,161
भूतों,72
मालूमात,80
हर्षाेल्लास,23
प्रतिपादन,142
रूठी,160
कमजोरों,101
गुणवान,149
जिगरी,65
वानप्रस्थ,131
अध्यात्मिकता,61
मुचलकों,19
सामूहिकता,181
खेमें,48
रसना,161
चूजा,187
स्वारथ,161
भाइचारा,123
खड़ंजों,16
हरिद्वारी,23
जानदार,188
तीव्रगति,116
फोड़ना,185
खिंचवाकर,34
उपेक्षाओं,95
वैभवशाली,121
पैत्रिक,58
कुलवन्त,145
लापरवाहियों,76
तलाशें,191
सुनारी,29
निमिष,109
भुजाओं,59
उपमहाद्वीप,129
विद्याज्ञान,40
छात्रवृत्तियां,108
ढकेलने,182
गुलेल,21
जीवित्पुत्रिका,155
भौजी,195
किलाबंदी,199
पूजित,72
त्रिशुल,72
उपजाति,58
देनदारियां,130
आबादियों,153
दोहराएं,191
त्यागा,196
पुजारिन,159
मूर्धन्य,126
गहराए,171
फेसिंग,102
उछलकूद,127
संवर्गीय,148
औंकार,31
लहराती,160
इसकारण,51
स्थूल,116
कोऑर्डीनेटर,0
ब्रह्मचारियों,31
बीहड़ों,151
मुखारविंद,31
अस्तबल,77
दमतोड़,184
ड्यूटीरत,11
पीड़ितो,171
हानियां,52
चीखी,10
भारीपन,45
सांवले,186
ढ़ुलाई,88
गृहनगर,18
भोंदू,82
पूजास्थल,77
टिकटघर,93
स्वीटस,172
माधुर्य,189
आडू,46
खोपड़े,152
अघोरी,72
पत्थरगढ़,35
व्रज,8
जलजीरा,46
रूकना,3
गुलाबों,37
गालों,59
धर्मगुरू,61
मुखियाजी,2
चिढ़,98
उसमानी,146
हर्षप्रीत,23
भागदौड़,92
कॉर्निया,22
वनमंडल,18
किराएदारी,11
सासें,160
बढ़वाया,124
व्यापारमंडल,178
अभिवृद्धि,91
मंडलस्तरीय,89
कुरबानी,176
बैठो,7
महादंगल,23
भरीं,160
रफतार,85
नामवापसी,23
रुझानों,95
तल्लीनता,181
त्रिगुण,72
करनें,6
जगायी,88
कायस्थों,58
आंमत्रित,133
रसीले,46
तमाचे,49
परोसते,75
नियत्रंण,1
कातर,98
भगायी,88
बाणों,21
टाईल्स,77
स्वजलधारा,63
विक्री,162
विभागध्यक्ष,178
निस्संदेह,51
सद्विचार,196
नहरे,198
कटवाते,75
तंदूरी,179
फर्जीबाड़ा,89
छीलने,104
शिरोधार्य,105
अनंतदेव,8
अग्रलेख,167
प्रतिस्पर्धाएं,33
भंडारकर,90
कयाल,109
गीतकारों,119
ब्रम्हचारी,31
लंगड़े,82
हिसाबी,82
गर्दिश,65
पुरानों,57
ढहाकर,77
नदीं,198
सदस्सीय,19
लफंगों,147
कंघा,21
डिजाइनर्स,172
पोंगल,155
वार्षिकी,167
निकलो,7
विशालता,91
सोचेगा,43
दस्युओं,199
दिपावली,44
पूर्वोतर,18
सुखदेई,23
फटकारकर,174
पुस्तकालयाध्यक्षों,19
मेधावृत्ति,40
उमंगों,151
चटकाये,190
शोभायमान,193
अर्थाभाव,92
निखारें,150
महिनों,165
फिसलते,85
लुटाए,111
असभ्य,135
हेलीकाप्टरों,199
महोत्सवों,32
अत्याचारियों,101
मंजे,126
अंशों,120
स्पष्टता,142
आयकरदाता,50
प्रंबधन,1
सीमान्त,18
चिमटे,21
वैकुंठ,8
देवदर्शन,122
उपन्यासों,167
बंशराज,26
झुकेंगे,107
धरातलीय,116
खड़ामुख,128
नौवी,71
विराग,189
तालिकाएं,52
अनुदेशिका,78
हर्षोउल्लास,44
बकायादार,130
तैसी,82
भूलाकर,124
कांधे,21
तराशी,70
संरचनाएं,52
भिगोया,156
तस्करा,53
लोथड़े,152
छठां,71
हिंदूओं,136
बिछड़ी,65
सर्वेसर्वा,134
अनचाही,92
प्रतिष्ठापूर्ण,73
दूजा,161
नामदार,84
अयोजित,32
इंजेक्शनों,180
ज्ञानवान,149
करिये,191
मुनाफाखोरों,147
सूंघा,41
ड्रॉफ्ट,106
किनके,194
टोड़ी,184
सुंदरियों,125
धैर्यवान,149
शताक्षी,8
बर्बरतापूर्वक,74
संगठनमंत्री,178
व्याकुलता,45
बन्दोबस्ती,11
जलाता,175
सरगनाओं,147
निलबिंत,128
डण्डा,21
शोधक,126
अग्निकाण्ड,137
डाकपालों,19
नाभिकीय,143
पहुंचायें,191
निपटाएंगे,107
दिखायें,191
टोपे,41
ठहरेगी,170
राजगृही,122
भिड़ेगी,190
दौड़कर,85
गोपालाचार्य,31
सुभाषिणी,23
पिसी,156
असेवित,4
बख्शो,80
रिसकर,198
मोहल्लेवालों,139
अवधारणाओं,95
तीर्थस्थलों,122
पितृत्व,38
नलकों,16
बेताल,72
एचआरडीएफ,172
दौड़भाग,30
तलाशता,117
बहुपयोगी,60
लडकों,125
द्रव,143
जलसों,139
सेामवार,133
भैसा,81
काढ़ा,46
भौंरी,55
गदरा,30
हेल्पलाईन,106
बकायदारों,19
अबैध,55
दरकी,30
बारहसिंगा,81
गुदगुदी,166
कोकी,2
पंचयात,55
ढाह,152
बीएएलएलबी,172
चमचमाते,17
वनस्पतियां,37
महुए,37
पंचो,2
इन्स्टीट्यूट,172
प्रत्यंचा,21
लेतीं,13
महाजनसंपर्क,89
छूटेगा,43
बहुल्य,58
आन्तरिक,60
सीध,59
दैनिकी,167
द्विवर्षीय,40
गुदगुदाने,166
उस्तरा,21
इन्साफ,80
लतपथ,157
शक्तिपुंज,72
दुबली,154
खुबसूरत,188
बढ़ाने,182
कूची,186
योजनओं,1
यकृत,28
सूचनापट्ट,133
पहचानों,95
कीजिये,191
सुंदरवन,18
झुलसीं,175
छलावे,168
प्राध्यापिकाओं,108
रहेंगें,107
ढले,42
रंगोलियां,83
चुराता,117
नवासी,97
पुर्नविचार,173
कार्टूनों,166
कटवानी,39
सीनाजोरी,168
रामजनक,26
तहले,119
तवज्जों,80
विद्वतजनों,119
नापकर,197
रोगियो,22
सम्मोहन,189
प्रकाशमय,17
लुभावना,188
आत्माएं,57
जीवधारा,78
पडे़ंगे,34
कहलाएंगे,107
रामभद्र,8
प्रदशर्न,32
जन्मशताब्दी,44
प्रतिनिधिमंडलों,119
चौंतरा,2
चुनेगी,170
सबलोक,145
झरझरा,104
थामेंगे,107
सविनय,129
मौलवियों,136
मण्डियों,16
खर्चीली,24
नापतोल,79
स्वचलित,116
तकिए,141
दक्षिणटोला,29
सुखवासी,26
हिमगिरि,8
चौद्वार,86
दम्पत्ति,132
आर्किड,37
एसएफएल,172
तोतली,30
रोडवेजकर्मी,47
वाल्ब,102
जलाती,175
धंसता,85
ब्रह्मानन्द,31
पकड़ता,117
गिरवाया,124
आशापूर्णी,159
अड़तीस,97
चिपको,27
बहुसंख्यकों,136
आवगमन,93
मचेगा,127
रूपे,50
कुशलतापूर्वक,51
माहताब,65
बर्चस्व,123
डायनासोर,81
विचारोपरांत,133
पनवारी,29
शास्त्रार्थ,61
नस्लीय,123
मरेगा,43
पहुंचायेंगे,107
बांधेंगे,107
सैंडल,66
शान्तनु,8
शोभायात्राएं,139
दिलोदिमाग,57
महत्वता,142
जायके,179
सुविधाओ,1
गोलरहित,190
बख्शीस,80
लटकाना,185
कष्टप्रद,24
घण्टाघर,35
उग्रह,23
पीपर,46
राजधानीवासियों,63
विलुप्ति,171
रंगरेज,2
पथरीले,151
त्रिकाल,72
लडे़गी,48
बाइज्जत,183
जगेगा,43
मौखिकी,40
फरमाई,176
करवायेंगे,107
छींकने,28
ऐलिवेटिड,102
छोड़ेंगे,107
न्यूमोनिया,28
मुढ़ी,55
ऐहतियातन,137
आरामदेह,104
जन्मजय,89
घुमाव,116
गौमुख,122
डरावना,188
हैंडराइटिंग,106
प्रतिनिधियो,4
लांघते,85
निखरकर,150
अश्रुधारा,157
अंतगर्त,4
उपनिदेशकों,19
ऑर्थोपेडिक,22
पिलवाने,15
जीवनदायी,143
चरित्रहीन,125
सर्वोदयी,27
धर्मलाभ,61
मठाधीशों,147
टशन,90
पितृशोक,131
खिसकना,85
हितलाभ,130
लूला,82
महानिबंधक,178
परहित,196
विद्यालंकार,31
जिसकारण,64
साबूदाना,179
खिसकती,160
हाईटैक,106
शोरशराबे,174
मार्गाे,11
गाडि़या,112
खोजें,52
हेैं,128
करारे,166
शिल्पोत्सव,70
खलासियों,63
जुटाएं,191
छप्परदार,89
बाटों,16
प्रयागघाट,122
पथभ्रष्ट,168
आयेाग,133
प्रत्युत्तर,51
वानखेड़े,109
राजाभइया,26
आयकरदाताओं,63
मिलादुन्नवी,44
शवाब,30
नमोनारायण,26
प्रबोधिनी,31
पूर्वानुमति,133
विवाहों,132
दुर्बलता,24
लावण्य,189
करायीं,88
दहक,175
लॉलीपाप,20
अंदाजे,166
मजलिसे,176
विसंगतिया,11
सहजप्रीत,78
कांसे,86
भरमाने,182
बागबानों,16
अवयवों,116
जुटायी,88
ज्योर्तिलिंग,122
उम्मीदे,65
घटनाओ,74
उमदा,166
बालाएं,83
पीपीए,172
शौंचालय,110
कब्जाधारक,89
धनवती,55
सुनाएगा,43
ढोलकिया,109
चुकाएंगे,107
शिवकृष्ण,26
नियमविरुद्ध,89
बम्बे,2
पेशेवरों,119
न्यायपंचायत,54
अपाहिजों,38
वेशधारी,72
खटकने,87
गैजेट,106
लिपी,70
भ्याण,145
गैराजों,16
तोड़ना,3
आधुनिकरण,1
पुराई,2
पधारीं,32
झंडेवाला,35
जीयो,7
इन्स्पेक्टर,0
सामन्त,146
गृहसचिव,178
गवाएं,191
उगम,128
एकत्व,189
क्रोधी,149
अनिश्चतकालीन,89
तिली,86
निभायें,73
सहृदयता,181
ठोंकते,49
अर्थहीन,135
जशन,65
पैरामिलेट्री,199
तुझसे,65
भरणपोषण,12
देहला,65
सरदारों,146
झुग्गीवासियों,153
नोंचकर,152
खिसकी,85
प्रसिद्धी,91
फहराना,185
छेड़ी,88
मुस्तकीन,84
झोंकते,75
शोलों,175
रिपुंजय,8
मंझना,55
टेलीफिल्म,90
रामनंद,26
पूछेगा,194
मकरसंक्रांति,155
सुंदरम्,94
पछियारी,29
अर्ज,176
विवेकपूर्ण,135
बलिदानियों,57
भेली,30
बुद्धजीवियों,119
मुख्यतया,118
दुर्गामंडप,23
मालिका,167
शीशमझाड़ी,78
परागण,56
दिगभ्रमित,135
सुवर्ण,193
उजड़,153
नक्शेकदम,5
उजड़ी,30
कोणों,116
फंसेगा,43
कार्यनिर्वाही,89
जातीयता,123
अधिष्ठापित,67
आहृवान,184
बिखरेंगे,107
स्वागतम,105
चटाकर,152
अर्थों,142
चौसर,5
चढ़वा,34
स्वर्णिमा,23
सबकों,95
सामाग्रियों,120
खुंटिया,26
निरामया,73
नर्सें,22
पुर्णिमा,155
उजड़ते,153
प्रज्ञानंद,31
सुचान,55
अंपायरों,190
एक्सीलेटर,112
रंगीले,25
पोषकों,143
रिद्धी,94
लटकाये,163
थालियों,16
मूसल,21
सुधारकर,192
शस्त्रधारियों,63
दातुन,46
पानीटंकी,110
पुस्कालय,40
कंटीन,102
सिली,102
लक्षिता,94
धमरें,78
खुदवाई,198
हस्ताक्षेप,173
अनियमिताओं,63
चीखों,10
जखेड़ा,29
जाऐगी,88
नाचना,185
रिपू,184
लगायेगी,170
गरिमामयी,121
रतवार,78
हौंसलों,151
भक्ती,189
तंत्रों,95
विभूतियां,52
धधकी,175
छकाने,15
आंकना,3
समग्रता,142
इन्त़जार,89
छातों,16
सीमेन्ट,86
कथावाचिका,167
यास्मिन,94
जूड़ो,184
आद्य,72
कलाकारो,119
सुहासिनी,94
गुटके,62
मनभेद,96
अस्मित,94
यदुपति,26
अपराजित,190
पुरवइया,9
सामायिक,189
संकूल,128
मुर्हरम,176
डीवीवीएनएल,172
पाटीदारों,58
पर्यवेक्षिकाएं,63
कर्फ्यू,137
बायोटेक्नोलाजी,172
गाडी़,112
थानाघ्यक्ष,29
गद्गद्,98
इंटरवल,90
बंटाई,56
उजाड़ी,153
मंजीरे,138
निबन्ध,167
अविचल,189
जानेगी,170
बसवारी,11
राष्ट्रनिर्माण,73
बंटवाई,34
छलकने,157
छुपाना,3
भूकटाव,198
अटपटी,154
कानूनविदों,119
लकडि़यों,16
विकासकर्ता,162
थारी,161
इतालवी,14
संर्कीतन,121
इयरफोन,138
घोटा,41
नश्तर,65
नयनों,189
पसीजे,10
आओगे,7
चिपकाये,42
लाएंगी,177
भेजीं,88
जिलापदाधिकारी,178
सुधारनी,39
पॉकेटमारों,59
भाऊवाला,35
क्रीड़ोत्सव,78
लाइसेंसियों,162
सापों,81
उपमहानिदेशक,178
सर्वेक्षणों,120
जोड़ता,117
बरदाश्त,101
चीखता,10
शुभकामनायें,105
युगांतर,121
गिलहरी,187
पुनर्निमाण,68
टिंका,2
सोम्या,94
लोकजन,128
क्रेताओं,162
तड़ीपार,20
मरोड़कर,20
चिपकाना,185
पदाधिकारीयों,19
पुरुषार्थी,149
नशेडि़यों,63
घंटियों,138
दैत्यों,72
सीढी,85
कार्यालयी,4
मालिकी,176
एकाकार,189
अन्नदान,131
पश्चिमोत्तर,18
उपविधि,133
शंखधर,145
प्रखंडवासी,78
भक्ता,8
लौटाएं,191
बांधें,100
गटकने,41
पत्रवाहक,4
प्रंबधक,4
ठण्डे,9
पेशाबघर,62
खंगालनी,39
सकतें,191
लड़ाते,75
होर,2
गोरक्षकों,69
छटांक,97
भांगड़ा,25
नायलान,66
अभीष्ट,51
कर्मकांडी,61
गुरुधामों,63
विचारार्थ,12
हड़काकर,20
हमनें,118
सत्कर्मो,196
कर्माध्यक्ष,178
हथकड़ी,100
पायजामे,66
बेशर्म,82
प्रसूताएं,38
संग्रहालयों,70
दरिंदा,74
बहकाकर,168
बरतकर,191
सुबाहु,8
हाड़ा,145
पडताल,76
भाषायी,14
त्रिनेत्र,72
उधेड़ी,36
सवेतन,148
लीलो,30
भुवी,190
जिल्द,140
चिड़ैया,30
नास्तिक,61
मोरचा,27
सकरे,152
खटखटाएगी,170
बड़ाई,20
छायाकारों,119
रायफलों,199
अजनवी,57
गौसाई,128
धंसती,160
वार्ताकार,126
संभावितों,19
चाहूंगी,144
खरबों,111
लाडलियों,63
दुल्हेड़ी,78
पिछड़ती,169
निर्विकार,189
आंतकवादियों,136
दिलवाते,75
नन्दनी,8
फेरीवाले,115
जलाराम,31
फाक,2
अनुबंधकर्मियों,47
अॅाटो,30
तारू,145
झींगा,99
रसमयी,189
कुटिल,168
जमती,160
उल्लासपूर्वक,44
धारों,151
निर्माणकर्ताओं,119
स्वस्थता,181
ढ़ाबों,16
कब्बाली,25
दुगुने,197
अविवादित,135
लड़ेगा,43
खुंखार,53
नचाने,5
टाले,173
अपनायें,191
पंचायतस्तरीय,78
बचाइए,191
पवनपुत्र,8
लुढ़कते,85
एकछत्र,146
सुलगा,175
मटक,30
नकलें,140
सोखने,104
प्रियदर्शन,109
ग्रंथि,28
शंकाएं,52
कैरमबोर्ड,33
रस्सियां,83
मध्यस्ता,89
आशिर्वाद,105
सहनशक्ति,181
लड़कर,190
सुझाने,182
मेहनतकशों,169
अनीति,196
देनदार,130
नीलामपत्र,11
लगावें,191
दोंगो,78
वर्षाजल,198
कालबद्ध,60
अनुमानों,120
खराबियों,95
निखरता,150
बीमाधारक,50
कार्यानुभव,40
पसलियां,83
तलवा,59
प्रचुरता,129
अहिंसात्मक,27
खस्ताहाली,192
जुझारु,149
सादगीपूर्ण,149
आयतें,176
चमकेंगे,107
त्रेहान,109
कोल्हुओं,86
मांसपेशियां,59
लांगुरिया,159
लगवाएगा,43
ट्रासफारमर,110
स्लॉट,102
जलसंचय,198
गुरूर,80
तितलियों,187
अब्बासिया,84
सतासी,55
पुतना,128
ऊबी,160
टहलता,163
गुच्छी,46
डीपीएन,26
फलियों,37
कैम्पों,199
छिड़ककर,156
नग्नावस्था,125
घनचक्कर,90
लाईनें,93
उच्चविद्यालय,40
मालिको,115
सिरकटी,55
लौहार,2
ज्योत्स्ना,94
तिगुना,197
सफलतम,90
पदाधिकारियोंने,19
खोखाधारकों,19
धर्मप्रेमी,61
तिहरी,190
जनसंगठन,27
कैमिस्टों,19
परमार्थी,149
सूबों,146
नवविवाहिताओं,132
लेनेवालों,162
सेल्यूट,199
शामियाने,77
इंदुमती,94
अमृतमयी,189
इलजाम,168
दुर्दिन,101
कुचलना,185
आनाजाना,35
सत्,196
भोगों,196
तमतमा,98
लुभाई,109
दियों,17
सुपुदर्गी,1
चहरदीवारी,77
अंधड़,9
कटाना,185
केशरिया,193
राज्यपालों,114
ऐनकें,30
भंगिया,2
जिर्णोद्धार,68
मजरूल,84
श्रृखंला,116
जलमीनारों,16
पालिस,66
गर्ई,184
मोहिता,109
औषधालयों,22
सहोदरी,8
अनमने,98
परिचारिकाओं,38
हांका,49
फेरो,161
गुरूओं,61
मानवों,121
ट्रांजिस्टर,102
डिप्लोमाधारी,40
ग्रंथियों,59
नागदेवता,159
सुलझाएंगे,107
उपसमितियों,4
बुंदिया,2
सरणी,116
शिवाशीष,23
रूठने,65
डाक्टरेट,40
संश्लेषण,143
पश्मीना,66
मिटाएं,191
होलिकादहन,155
चूडियां,83
नेस्तनाबूत,199
उधेड़,36
कूपनों,50
छटने,9
अंतरसदनीय,78
लिखाते,75
पशुचिकित्साधिकारी,54
उत्पादनों,162
राजधर्म,61
अड़ा,49
मुख्यपथ,89
तीर्थों,122
पुतान,26
पद्मविभूषण,126
प्रोगाम,106
इश्योरेंस,172
तिरस्कृत,101
खप्पर,86
खतौनियों,63
देवेश्वर,26
सरकने,87
अपसंस्कृति,123
सेवईं,179
अतिपिछड़ी,169
फैंका,85
त्राही,171
उद्येश्य,73
फूलदान,62
उठाईं,88
चढ़ायी,88
धूपबत्ती,86
पैथालॉजिस्ट,22
बाजारें,115
लोकगायिका,25
भुलाए,57
निशानियां,52
चूँकि,64
घूमर,25
खंडहरों,151
टनों,62
लदने,5
दबाये,41
सिसकती,160
बरकात,176
द्रोह,168
बंधवाई,100
किडनैप,53
हिस्सेदारों,162
अनुकूलता,181
उच्चपथ,4
कुमारों,8
चलवाए,34
गरजते,9
उल्लासपूर्ण,189
अविद्या,196
भगौने,152
चक्करों,5
जलजले,171
पालती,38
बतियाते,75
परतों,151
सुकोमल,189
रियासती,146
ग्लानि,45
जिंदादिली,181
छांटकर,140
छली,101
तस्वीरे,88
राजदार,65
फटकर,152
प्रतिस्थानी,4
वादकों,119
गुजारेंगे,107
जेंटलमैन,102
उतरूंगा,144
ठाट,161
जिम्मदारी,73
बॉलीबाल,33
वादविवाद,96
रूढ़ीवादी,135
भगौना,86
रूदन,10
बिताएं,191
चुरायी,88
जलवाये,11
परित्यक्ता,38
चस्का,5
रेशे,104
सुखाना,156
सर्वसम्मिति,60
धर्मावलम्बियों,61
ठुकराई,173
दिल्लीवासी,191
उगरा,128
नुस्खों,180
धर्मपरायण,149
किसमती,23
बंकरों,199
भाए,161
हार्डडिस्क,106
चाहरवाला,35
सलोना,186
विराजी,159
चिपकने,104
हाड़,10
सर्वण,169
चुटकले,166
चरणामृत,131
दीवाला,79
परियोजनाधिकारी,178
तथापि,51
सदाकांत,26
मुस्कुराने,87
काटेगी,170
मकरासन,59
जातकों,24
षष्टी,155
भूतकाल,57
उड़नखटोले,93
श्रीपद,31
याराना,65
नवदंपति,132
कड़की,30
उगलता,175
कबीले,58
पंड़रीकृपाल,78
झुलसाया,175
सिद्धियां,52
नकारात्मकता,45
मानचित्रों,120
झुकता,117
लावण्या,105
जीवनवृत्त,120
लकीरे,160
लदवाकर,34
विशिष्टजनों,119
प्याले,156
ब्रह्माश्रम,31
आश्रिता,60
बंबू,152
नवजवानों,136
रिक्शाओं,112
पिछड़ेपन,169
भक्तियाना,23
फ्रांसिस्को,129
सेवाकालीन,148
आकस्मिकता,142
चूमा,41
छापकर,140
श्रृंखलाओं,151
जगनायक,26
अनूसूचित,133
प्राधानाध्यापक,178
सम्पादन,67
मासूक,84
नवजन्मे,126
तामकोट,35
हंसती,160
अभियन्ताओं,19
घूप,9
वैद्यनाथन,109
गायी,25
उड़नदस्ता,4
आत्मसर्मपण,183
कुचलों,101
अन्नप्राशन,131
अनुजाति,23
रुही,94
कायार्लय,4
निशक्तजनों,19
हीटरों,110
ग्लोरियस,102
सींगों,81
बहिनों,38
ज्ञापनों,133
कृष्णपक्ष,155
चढ़नी,39
कूंचकर,86
केंटीन,35
सुलगी,175
हांफती,160
सेवायोजकों,19
नेत्ररोग,28
रिलांयस,172
समांतर,116
पंचायात,54
पिचों,190
ढपली,138
आमलेट,179
आचारसंहिता,12
पोंछा,62
बोधिसत्व,167
केंन्द्र,4
कन्याधन,50
इकरारनामे,130
़फरवरी,165
बदनियती,168
झोके,9
छुड़वाने,15
सर्वकल्याणकारी,73
अपीलें,52
छात्राओंको,63
उठवाई,34
सभाराज,26
अनापशनाप,168
मंत्रिमंडलीय,114
टपकना,157
रौंदती,160
सप्तर्षि,23
चुकती,160
बोलेगी,170
कॉलगर्ल,125
सुधारानी,89
बीसवें,71
रगड़ते,152
रुपहले,186
बिगडे़,192
अंगोछे,66
अखरती,45
विधानाचार्य,178
डिगंबर,23
पड़नेवाले,42
वाईपास,35
गोरक्षक,69
हैजे,28
इजीनियरिंग,172
प्रेमिकाओं,125
असमिया,167
उगाएं,37
निशक्तता,148
बेचनेवाले,79
योगियों,61
बहाएंगे,107
लांसनायक,0
पदावनति,148
गगरी,152
मस्जिदे,176
बुझाता,175
विपश्यना,131
अयोध्यापुरी,122
पंगोली,29
घरवाली,195
लट्ठे,86
समानुपातिक,116
मुकुंदी,26
प्रेमपूर्वक,131
हवाहवाई,89
कार्ययोजनाओं,95
चुटकियों,166
ब्रह्माोत्सव,23
महामंत्रियों,19
भिड़ाने,15
तबज्जो,80
तोड़ियां,83
दिव्येंदु,109
थपेड़ों,151
मुहरें,86
छपकर,140
बालविकास,40
भोलेबाबा,159
प्रज्ज्वल,89
बन्धक,12
ताजियेदारों,139
पूर्वाेत्तर,14
फार्मसिस्ट,172
कर्मक्षेत्र,121
फरमाएं,176
रोजगारों,162
योग्यताएं,52
प्रदेशवासी,63
पशुक्रूरता,74
शिकायते,52
कुशलवीर,26
ब्लॅाक,128
धानों,56
बचायें,191
टटोलते,163
सांयकालीन,113
समुद्रतल,18
विध्यांचल,72
रोड़ियां,83
भेदन,116
टंकिया,110
बापूजी,31
लक्ष्मीपति,31
अड़तालीस,97
अनुदेश,67
सौतेलेपन,63
बजर,138
आंगणन,1
वसूलेंगे,107
प्रस्फुटित,189
झुकाते,75
नवस्थापित,40
ग्रंथालय,40
थिरकन,25
छटपटाती,160
पथिकों,139
क्षमतानुसार,51
परमदेव,8
हथियाई,146
प्रबधंक,4
कानूनगों,54
सविस्तार,120
अरुंधती,109
लांघी,88
साबूत,46
ब्रिटिशकालीन,14
पीठाधीश,31
बिठवाना,185
राइफलमैन,0
वनरोपण,1
कूड़ाघरों,63
लट्ठमार,129
जुड़ना,3
वीणापाणि,94
फसी,160
बंजारे,58
आलसी,149
उड़ानों,93
कीड़ों,99
बघौड़ा,78
जीन्स,66
ठंडापानी,89
पुर्नस्थापना,73
मोच,59
देवीमय,159
पदमिनी,94
स्तरोन्नयन,4
बचो,7
छौंकर,145
छड़,21
टूटेंगे,107
गुनगुनाया,25
खरास,28
पाईपों,110
दबाएंगे,107
सुरूचि,181
आत्मन,196
कुसंग,196
भेजेंगी,177
़जहर,78
चक्कियों,86
रणबांकुरे,199
टूटीं,160
बौखलाये,174
कलियां,37
लिपिबद्ध,67
बछड़े,69
आन्दोलनकारी,27
चुल्लू,103
गाडिय़ां,112
भष्टाचार,76
आत्मदेव,72
आशानंद,31
उफनाती,160
कार्यसूची,1
गन्नों,56
वानरों,81
बिगडऩे,192
बक्शीश,2
गंगाघाटों,63
गाढ़े,186
हथेलियों,59
जटाओं,72
उद्घोषों,11
ठिठके,163
जूझा,57
इंस्टीट्यूशनल,172
विभागाध्यक्षा,178
टिमटिमाते,17
बनवाता,34
लुभाते,150
छुड़ाकर,53
धर्माधिकारी,134
अधीशासी,4
बंटते,75
वाहिनियों,199
अर्धसरकारी,14
सहृदय,149
स्नेहाशीष,105
बरुण,109
पगली,65
घुमाता,117
नम्र,149
मानावाली,89
गरजीं,49
रिवर्ट,89
कार्डियोलाजिस्ट,22
गोपीकृष्ण,26
रुग्ण,24
भिट्ठी,2
बेपनाह,65
समालोचक,126
उपजिलाधीश,54
नौसैनिक,199
लदकर,112
तसवीर,140
खुतबे,176
चुहिया,81
बागड़ी,145
वृन्दा,8
राष्ट्रधर्म,73
चकरघट्टा,29
पोसी,2
मेजें,16
संवारते,150
पतंगबाजों,139
आयातकों,162
सेंटाक्लाज,102
बकायदे,140
विवादस्पद,135
मही,161
यहूदी,61
इंफॉरमेशन,172
धड़कनों,151
बारिकियों,70
ऐलोपैथिक,180
हरिप्रिया,94
समस्यायों,92
सिलिकॉन,143
संट्टेबाजी,11
आव्हान,73
जटिलताएं,52
मझली,195
भगीना,128
संख्याओं,120
ऑब्जेक्टिव,172
भारतवंशी,14
पर्यायवाची,142
फितूर,90
बदी,176
हेै,51
लडे़ंगे,48
लगाइए,191
संधाली,78
कहंा,184
धड़ाका,127
धनावंटन,133
बाडे़,55
अविभावक,38
अदरख,46
अविराम,121
चिल्लाए,10
अर्वाचीन,121
कूड़ादानों,63
कर्मदेव,26
लाइए,191
परस्थितियों,95
छुट्टंी,11
गण्यमान्यों,119
हवायें,9
प्रामाणिकता,142
संस्तुत,67
चिकित्साधीन,22
करुणामय,189
संग्रहकर्ता,126
बांसों,16
जलाधिवास,89
भौंरों,37
सहूलतें,52
मण्डली,134
रामझूला,35
सुताना,35
वेदियों,193
ठोकते,49
संपर्को,162
हृदयनाथ,26
डलवाते,75
पन्नियों,16
चॉबी,184
एंडोस्कोपी,22
असरफी,184
उपनियंत्रकों,63
चिन्हि्त,89
बताइये,194
बनगाव,8
नवमनोनीत,89
दागीं,49
मारीं,49
कैंथा,55
खिलाता,117
भारतभारी,23
सरंचना,116
गुरुदक्षिणा,131
तौलिए,104
अवरोधकों,68
रामज्ञान,23
टहलकर,163
बकाएदारी,50
परिसंपत्तियां,52
मनोचिकित्सा,22
गलाकर,156
चंट्टोपाध्याय,109
बिगाड़े,192
शांतिदूत,134
त्यागराज,31
हल्लाबोल,166
शत्,105
दक्षिणायन,155
पुश्तों,146
पेटिकाओं,16
बंदूकधारियों,137
लोडकर,11
मुहल्लेवालों,139
शिविका,94
फाड़ने,15
पेंचीदा,96
चासनी,156
समर्था,89
पुड़ी,179
हारेगा,43
सुफिया,84
चौपाइयां,52
कमाओ,7
धर्मान्तरण,61
क्रांतिवीर,27
ध्वजाधारी,193
उच्चाधिकार,133
गलकर,152
पहनता,66
धधकते,175
बिखरती,160
इमरजेन्सी,27
खरंजे,55
बांटो,7
भोलों,16
विजयदीप,23
लोगाें,139
हटीं,49
रखेगें,107
बढ़ायेंगे,107
बनवाएगी,170
सोखता,157
मिट्टू,23
टकराता,117
एल्युमिनाई,172
चक्रवृद्धि,130
मुंगफली,46
याचक,134
नवधन,55
भिंडा,29
पाऊडर,156
इलाइची,46
बालभवन,128
वाहनें,112
वज्रवाहन,72
बुगी,184
सीया,161
ढूंढी,88
तलों,16
श्रद्वालु,159
माँगों,95
मिठाईया,179
गुरने,182
संचेतना,167
प्रतिपक्षी,114
ख़ुशी,45
तलबगार,65
महीनो,165
स्वनिर्मित,121
लाभदायी,51
यशवन्त,109
ननदों,195
संस्थानो,40
अलापते,75
इकोनॉमी,172
बटने,152
पंतद्वीप,122
लतीफशाह,35
थमेगी,170
उखड़ती,160
तुलवाने,15
निर्गमन,67
छात्रोपस्थिति,11
विवेकी,149
बंटाती,13
सर्पो,72
कुमाता,72
मध्यावकाश,89
दुलर्भ,121
मुड़ना,3
सिक्योर,106
व्यावसायीकरण,1
कंप्युटर,106
पोंछे,157
पूछेगी,194
मालखेड़ी,55
इकतीस,97
मसरूफ,65
जीवनवाला,23
बहायी,157
हमसब,105
जीवनदायनी,121
फौव्वारे,77
सोनबाद,29
कान्ति,94
गडबड़ी,76
पेजों,120
लालीपॉप,41
कार्यक्रमानुसार,32
कुशलपुर,29
महापरिषद,4
उत्कंठा,45
कबाड़खाना,167
कुलचे,179
बरदास्त,101
गाछ,37
लुभाती,13
ठिठुरना,9
विवरणों,120
धकेलना,3
व्रजपात,29
तुड़ी,152
डाकिए,140
भभक,175
करहा,10
जगनी,128
लेंगें,107
गुणवत्तापूर्वक,51
सजेंगे,107
पदाधिकरियों,19
उम्रसीमा,11
महात्मय,155
अप्रसन्नता,164
चपकी,184
सूचनाधिकार,12
हथनी,30
सेवईयां,179
स्मॉग,9
डाक्टरो,22
फेकेंगे,107
पातालपुरी,122
बाललीला,8
खास्ताहाल,192
बुधानी,145
रविवारीय,120
अक्षयपात्र,73
लुटरों,53
सिद्धान्तों,95
टालती,13
कहारों,139
सिन्दूर,186
राष्ट्रद्रोही,168
दिशासूचक,116
उवाच,109
रिहाइश,153
लदवा,112
सुविधादाता,4
छूमंतर,191
लफ्ज,65
केंचुए,99
ईंटा,30
गड़बड़,82
जोड़िया,2
सुलगता,175
ज्ञानसरोवर,122
दारी,80
रसों,189
सोलहवें,71
आहुतियों,131
भोलेशंकर,23
प्रत्यावेदनों,19
इक्ट्ठे,34
पूलों,16
वैबसाइट,106
पथनी,184
संयोजनों,95
कहेंगी,177
किसमिस,46
तारघर,35
अनुशंसाओं,12
बनोगे,7
महासिचव,178
कनफेडरेशन,129
प्रतिनिधिगण,4
सार्इं,159
शस्त्रधारी,72
उठायेगी,170
फरिश्तों,176
बिन्दी,193
वस्त्रम,193
बढेगा,43
पिलाएगी,170
खासबात,164
जिलाविद्यालय,54
महाजुलूस,11
सयाना,82
कतरने,140
होनेवालों,51
धसकने,87
सेबों,46
फांसने,36
डिंगा,2
ताबड़तोड़,89
सड़़क,128
शार्गिद,84
वृद्वि,197
अनिर्वाण,23
अमरत्व,121
कसती,36
जीतनी,154
दीजिएगा,144
कृष्णाष्टमी,155
सुखाते,156
अनसूचित,169
गलतबयानी,168
बिस्मिल्ला,84
लालकुआ,29
दुखदर्द,45
जीवनरेखा,18
गवाई,88
जलप्रवाह,198
गिनते,75
अधिगृहण,56
डायटीशियन,22
जोशियान,35
जागेगी,170
एवम्,51
बरातों,139
हटों,151
वैधानिकता,12
बचकाना,135
बैट्रा,78
अलावां,118
मोहमाया,196
समाजोत्थान,73
पावे,161
हरिचैतन्य,31
सराफों,115
रखूंगी,144
मशरूर,84
त्रिकोणासन,59
अंत्येष्टी,131
बोनसाई,37
हालमार्क,102
चोटीवाला,35
भुईंया,184
ट्रांसफॉर्मरों,110
पेजर,106
सकरिया,29
कुम्भकार,58
कंजर,58
फोड़कर,49
मर्दाना,125
मुलजिम,183
लालों,147
सचेतना,181
लवणीय,129
सेवामुक्ति,148
सुमंगल,161
मराठे,146
जीवटता,181
लिखवाएं,34
बटोरते,75
डायरियां,140
बुद्धजीवी,27
भापते,75
मुड़,163
शास्त्रियों,119
खटखटाए,163
विभिषिका,171
स्नानादि,131
गंगास्नान,131
फांकने,15
क्रियान्यवन,1
बंजारन,160
कियागया,124
पंचवीर,55
बतलाते,75
कैमीकल,102
बुलवाई,34
बढि़यां,52
पायस,104
नुकसानों,95
गिलासों,16
नृप,161
धरकर,163
मांगेगे,107
अनुदानों,130
मजूदरी,55
गुर्दो,28
दिल्लीवालों,80
कॉरपोरेटर,23
उड़द,46
आगन्तुक,32
मंत्रीगण,114
ब्वॉयलर,102
रामधार,26
धमनियां,28
बरसो,65
फूटता,117
चंद्री,23
दिलवायी,88
सामंतों,146
भागीं,85
छूरी,21
आदिबदरी,29
मारपिटाई,174
सम्पुष्टि,89
बृद्धि,197
परखें,191
पिंजरों,187
चौपालें,63
जर्बदस्त,171
मदिरापान,131
वृत्तियों,95
पद्मासन,72
सौम्यता,181
रिपेार्ट,133
समानताएं,52
कम्पोनेंट,106
गुठलियों,46
कोड़े,49
घुलकर,157
संट्टेबाजों,63
टोकना,185
प्लाजमा,143
विस्वा,58
कराटेकार,78
सुनाली,94
उजाड़,153
लोकसेवकों,19
आजमाईश,5
विधार्थी,108
प्रेमालाप,125
प्रवाल,103
फासफोरस,143
अल्पावधि,24
जालिमों,147
जलगाह,78
कमांडेन्ट,0
अक्रांत,23
मखाने,46
जोशो,30
बूथो,139
यज्ञकर्ता,131
भयहरण,128
निकालेंगी,177
जुगनु,17
रेडियंट,172
कुमुदिनी,94
प्रचंडता,171
मैकाले,146
नृत्यांगनाओं,70
तेहरवीं,71
पद्य,167
मैनहोलों,63
सम्प्रेषण,142
मशीनगन,199
नाटिकाएं,52
भजनोपदेश,78
यत्नशील,149
ठण्डा,156
अनेको,118
मलमल,66
जीएं,191
अर्थिंग,110
पहननी,66
चतुरानन,8
ढ़ाबा,179
परफार्मेंस,106
दुखड़ा,10
कथास्थल,78
सम्माननीय,149
प्रश्रनेत्तरी,89
लटकना,21
ऊभा,30
आँखों,157
असहिष्णु,135
साइटें,52
व्याख्यानों,120
जलक्रीड़ा,103
जूझकर,92
कलाकंद,179
फोरन,2
तसव्वुर,65
एनबीटी,172
चपटा,21
अष्टांग,131
मांफी,173
बढ़ा,197
हटाएगी,170
वेशकीमती,86
ब्रह्मभोज,131
खोंटा,55
वार्ताओं,96
कतरों,151
सम्प्रदायों,61
परिक्रमार्थी,11
दहेजलोभियों,63
केबीच,151
उखड़नी,87
न्यायामूर्ति,23
दुर्गुण,196
रोजगारोन्मुख,40
रामानुग्रह,23
प्रधानमंत्रित्व,114
ज्ञानस्वरूप,31
डब्बों,62
पछताने,182
हीनभावना,45
चटखारे,166
पीरपैती,29
महानिर्वाणी,122
आतिशबाजों,63
सुखदायी,51
आर्मरी,102
बैडमिन्टन,33
दौड़ाने,15
नगाड़े,138
पिलवाएं,34
शेखों,136
बजेंगे,107
शोभायात्राओं,139
सामंतो,146
प्राणिउद्यान,11
पेचिस,28
धुलवाए,34
घुमाना,185
भवर,30
हालतों,92
टिंडे,46
लताफत,84
राजयोगी,31
अधिपत्य,146
खड़ीं,30
रस्ता,65
म्यान,21
पशुलोक,122
प्रतापी,149
हवाईयां,83
प्रेक्षण,116
जजमान,58
धमकने,87
प्रांजलि,23
आत्मसुरक्षा,73
अर्षदीप,78
उदगम,121
असीमानंद,183
यूएसबी,106
लीजधारियों,63
रूमाली,179
गंडासे,21
दुखनिवारण,89
लीले,30
वृक्षारोपन,23
कार्यवृत्ति,133
अग्रेंजी,167
घिसाई,86
अधिनियिम,12
चिडि़या,187
निवेशों,162
रूढि़यों,123
इप्लाइज,172
जनवासे,132
दशावतार,72
गृहक्षेत्र,18
उपप्राचार्या,178
लड़ाने,15
अजूबे,188
बधाईयों,105
बजरिए,106
झाझ,184
लुहानी,11
हरिकथा,8
जांचेगी,170
अराध्या,94
धर्मप्रेमियों,61
धकेलकर,85
बिटौरा,55
तीर्थकरों,122
पौधशालाओं,56
उड़ाये,158
सवाली,65
लिखूंगा,144
चटपटे,179
जिलाध्यक्षा,178
दिक्षा,131
गांधीवाद,27
नीलों,63
जलपथ,143
नाशकों,56
पिसे,156
युगपुरुष,31
तकरीरें,176
कुषाण,58
अंतरविद्यालयी,40
अनिर्णय,24
तगड़ा,5
जलसार,78
मजलिसें,176
कांडो,74
सहिंता,12
मानधाता,29
मूर्खता,82
मध्यवर्ती,60
डिग्रीधारियों,108
गुठली,46
खिलखिलाते,75
बुलाओ,7
नेवला,81
नबालिग,183
बघारी,179
जेलकर्मियों,47
बुड्ढे,82
पजामा,66
रोपना,56
आस्थाओं,61
मनोरोगियों,22
पगबाधा,190
हमशक्ल,90
एच्छिक,40
ऊंगली,59
नाईट्रोजन,143
झुठलाने,182
झगड़ों,96
चुटकुला,166
योगिक,143
घूरेलाल,26
परिचयात्मक,120
फलो,46
टयूमर,28
पदचिह्न,116
पल्सपोलियो,78
मंगलमूर्ति,159
किरायेदारी,11
आयतों,176
स्वार्थों,123
माँगने,15
पहरेदारों,199
बनाऊंगा,144
हिचकेंगे,107
पदधारकों,19
दिलायें,191
लगनशीलता,181
डुबा,103
तोड़ें,191
हटवाएंगे,107
सर्वानुमति,73
घूमेगी,170
लड़ाकों,199
बीमाधारकों,50
रुंधे,10
टोकाटाकी,174
प्रतिबिंबित,129
तलाशेगी,170
अनारदाना,46
कटीली,37
अपच,28
दवाखाने,22
मनुस्मृति,121
सदमार्ग,196
सताते,75
रविकरण,78
फटकारने,15
सप्तकोसीय,23
प्रस्तर,70
पकड़ाए,53
भेदते,85
झुलाने,15
गारण्टी,130
सिरहाने,141
हाे,191
ऋषिमुनि,31
तदोपरान्त,51
सचेतनता,181
मंदहाली,78
चलानेवाले,5
नवकिशोर,26
गाड़,49
पोंछ,157
दिलबागी,78
तिकोनी,21
जिठानी,195
कुटे,179
प्राप्तांकों,120
बहिर्गमन,114
टिकता,117
समहर्ता,11
तालेबंदी,11
आलेखन,116
घोंघा,99
सूचीकरण,67
जागेंगे,107
नसीहतें,80
जनप्रतिनिधित्व,12
विलेख,12
खड़क,145
सत्यनगर,89
चिंह्नित,89
दानेदार,104
मांगटीका,11
मिलूंगा,144
छटाक,86
कहलाना,185
सूझी,82
दिव्यांगता,73
मेहराब,77
निदेशालयों,19
अखरने,87
व्यपारियों,115
हाहाकर,127
जॉच,133
गुंदियाना,29
पढ़ेंगी,177
बिखेरेंगी,177
महकता,150
तमंचाधारी,78
पूरित,189
सेकेण्ड,197
विश्रामघाट,89
कुकृत्यों,74
सूरते,176
सुखनाथ,78
सुस्ताने,163
पौबारह,20
मध्याह्नं,23
अभ्रदता,174
जानीमानी,126
मुद्रास्फीति,130
हवनयज्ञ,131
कृपापात्र,134
गडवासू,128
कथनानुसार,51
लोकअदालत,11
मुखबरी,53
धनसारी,29
पृष्टि,120
बर्षीय,108
महिलाओें,19
इक्टठा,62
आर्शीवचन,105
विकलांगजन,4
बगड़,30
खजानची,2
अंहिसा,196
दीयां,83
दुनियादारी,57
क्रियान्वन,1
पंखुड़ियों,37
बंटाना,185
घटयात्रा,122
तश्तरी,86
उफनाए,198
यज्ञमंडप,131
व्यग्र,98
ठोके,49
शिक्षादान,89
गुनिया,2
अल्पता,28
यतीमों,176
पकड़ाई,34
स्कुल,108
गायिकाओं,25
जनश्रुति,8
धर्माध्यक्ष,61
हंसली,59
तर्जनी,59
मजहबे,176
पढ़ाई,108
प्रगाढ़ता,181
जयमंगला,122
लोकपर्व,44
टकराना,3
विश्वदीपक,109
नेपथ्य,167
दड़बा,30
वीरगाथा,167
सेवाकार्य,73
बुद्धिमानी,149
स्काउटस,23
कथावाचकों,61
प्रक्षेत्रों,63
विभास,109
बालीवॉल,78
पीढि़,121
पेन्शन,129
संचालनकर्ता,4
घिसटने,85
बन्दोबस्त,146
टेकना,49
गुलामों,146
बछडे़,69
गृहयुद्ध,171
संतृप्तीकरण,116
भगोड़े,183
सपड़ी,116
लुटते,75
स्वतन्त्र,129
चुलबुली,90
उद्यानीकरण,11
रुलाती,13
बरसातों,9
निम्नतम,197
आकांक्षी,149
लड़वाने,15
बुद्धराज,26
तोड़फोड,174
बैराजों,198
चिपकाई,140
हैवानों,74
दमकलें,137
सैकड़ो,118
अंधियारे,17
दहाड़ें,10
उतारता,117
हटें,163
सुलाकर,141
पैथोलॉजिकल,172
सम्पन्नता,91
नक्काशीदार,70
सहसमन्वयक,178
घनिष्ठता,181
अभ्यावेदन,133
अन्नाधिवास,23
छुएं,59
परोसना,185
आरक्षकों,19
बटेंगे,107
हवाईअड्डा,93
चमगादड़,187
सितबंर,165
कुल्हा,21
उद्यानिकी,1
पहुचीं,88
कैलेण्डर,44
अलि,84
डिपोधारकों,19
विरानी,94
कबूलते,168
प्रभावहीन,24
नाइटराइडर्स,190
अजमानतीय,183
जलधारी,122
पुकारती,13
बाध्यकारी,12
मशरूफ,65
घुमंतु,58
प्रतिभागियो,33
लुटेरी,147
सिकुड़ा,152
खुशमिजाज,149
आवाक,98
पट्टिकाओं,143
धकेलते,85
सर्पगंधा,180
सामारोह,32
ओजपूर्ण,188
गजराजों,16
चक्कों,112
सरकड़ी,129
सेनाएं,199
उर्वेश,26
भगवाध्वज,61
ठोकेंगे,107
महारो,58
तदुपरान्त,131
मरुस्थल,18
आलाप,138
भभूत,152
पश्चिमपुरी,23
पचवान,184
भड़कती,175
वाहनी,22
सर्वदीप,23
चरित्रहीनता,74
जरुरतें,52
निर्वाचनों,48
कामचोर,82
सहस्त्रधारा,122
सूतफेनी,179
डालेंगी,177
वंदनवार,193
कोठों,125
नृत्यकला,70
अम्लीय,143
एेसे,118
वॉर्डन,106
हबीबा,84
कर्तव्यबोध,181
जनातियों,63
जिएं,191
व्यक्तिकी,63
बहदुरी,199
ठुकराए,164
तारामणि,31
नेत्रजन,23
कुरमुरी,179
कलपुर्जो,112
संकेतांक,116
अश्रुपूर्ण,105
खोलेंगी,177
मानको,12
नवकांत,26
दुर्घटनायें,52
प्यासों,157
बालकरूपी,23
भगवंती,26
चमकाना,185
प्रकाशनों,120
करिश्मे,80
पतंगबाज,33
खायेंगे,107
जनसंहार,74
बोलोरो,78
बुलवाने,15
तसले,152
गहरायी,142
चढ़ेंगे,107
रुलाएगी,170
सिमों,102
ग्राहको,162
पर्दो,16
भरथल,184
बुनना,3
बुलबुले,104
स्लाइडें,110
यायावर,167
भरवाएंगे,107
सर्वेक्षित,67
धराई,30
महाव्रत,131
चारापत्ती,11
प्रतिकूलता,24
सेवासदन,167
पर्वतमाला,18
धड़कता,10
स्वास्ति,23
मृत्युलोक,72
लिखाना,185
सुसज्जिात,70
विद्यार्थीगण,40
आदर्शवादी,149
पकड़ना,3
अनुस्मारक,67
सिटकनी,163
ताजातरीन,188
़खुशी,11
खोदवाकर,34
प्रंसग,142
कीर्तिवर्धन,23
अंजला,94
सर्वराज,23
अस्वच्छ,135
राहगीरो,139
आनेवालों,119
द्वेषपूर्ण,135
मानवेल,23
रंगमंचीय,167
थोथा,129
लकीरों,151
आत्मग्लानि,45
छात्राध्यापकों,108
मदिरालय,77
चर्खी,21
घिरती,160
तिलकूट,179
बजानी,138
तोहरे,90
सबली,55
आऊंगी,144
मोटरबाइक,112
पद्मलोचन,23
पत्तो,46
उपलब्धी,91
अग्निपथ,90
मुक्ताकाशीय,23
उमड़ेंगे,107
चिपचिपी,104
व्यवस्तता,92
निरीक्षिका,178
बनवाओ,34
आविर्भाव,121
लहलहाएगी,56
पूछीं,88
इन्द्रियों,196
वाचकों,119
फूलती,160
धर्मयुद्ध,61
अवन्तिका,94
हथौड़ा,21
नंबरदारी,78
खिंचता,117
जायकेदार,179
करमुक्त,130
गढ़ाए,163
उखड़ने,87
कांवडियों,139
बेहताशा,92
फब्तिया,166
सदगुणों,196
छत्रधर,26
चुम्मन,2
युविका,94
कायत,145
आषाढ़ी,155
करूणाकर,109
काशीनरेश,31
तरासने,128
चपरासियों,19
परखकर,51
काग,161
सुनाओ,7
सर्वप्रिय,167
शूद्र,58
मकसुद,78
छिपाये,163
जनप्रतिनिधयों,63
महादानी,134
पलटना,3
मिनार,77
अंचलवार,63
परदेशियों,153
कहुआ,128
पनपना,3
माईनिंग,172
अनुप्रयोग,60
प्रदुषण,143
यूनिकोड,106
संवर्धित,67
जलधार,198
अभागे,57
चौड़े,77
डांटना,185
हंसमुखी,149
श्रीभागवत,31
जेलें,88
मोरमुकुट,193
महफिलों,25
भृकुटी,59
निरिक्षक,0
बेंचना,79
धड़कन,65
चरमसीमा,45
छुड़वाया,34
गणतन्त्र,44
चौराहो,139
उतरेगे,107
बेचेगी,79
प्रसंघ,11
असमायिक,24
पुरुषोत्तमाचार्य,31
पेटीकोट,66
इतराने,87
कांउसिलिंग,172
सिकुड़न,59
अकुल,8
उसूल,80
कटिबद्धता,181
सरौता,21
छापामारा,89
गिरिन्द्र,26
सुकीर्ति,109
रसिका,94
बजनी,138
विदूषी,94
युनानी,58
ककरहिया,29
जासूसों,199
बिगाड़कर,192
सताना,185
साहूजी,58
प्रतिबन्धित,67
लिखेंगी,177
डेरियों,63
परस्ती,80
रेगूलेटर,110
शोषक,169
चिमनियां,83
खिलता,37
कारागारों,19
नस्ली,123
गतिविधयों,95
जनी,30
संदिग्धता,142
मनेजर,0
बोलिए,191
पेट्रेाल,102
बामन,2
कठौती,161
किच्छाना,29
निष्कर्षो,120
दौड़ती,160
घेराबन्दी,199
दयानिधान,8
पंचकोसीय,122
सिंहस्थ,122
क्षत्रप,146
संसाधानों,1
शिरक्त,89
दक्षिणपंथी,27
फरियादें,11
परमादित्य,23
मुड़कर,163
रिक्शाचालकों,63
ब्रह्माण्ड,121
पालीटेक्निकों,63
युवावर्ग,169
अलमस्त,82
लाटूश,35
लुटेरो,53
छंटनीग्रस्त,89
जड़धारी,23
धर्मवाद,123
पंगूड़े,184
लटकाई,21
धुलवाने,15
गुण्डागर्दी,147
खंगालती,13
संवदेना,181
बालवाड़ी,38
अंगुठे,59
फेरीवालों,115
तथ्यपरक,120
झुकाना,185
बिताये,165
डाकसेवकों,19
दयावान,149
तजुर्बेकार,80
भौं,59
टलता,64
वासियो,18
मनोचिकित्सकों,22
बन्धुओं,119
झुकाए,163
मुण्डन,131
रंगना,186
विमानपत्तन,14
अगस्त्य,8
कैंपसों,108
दीपम,155
संभला,85
सिकुड़कर,59
पारियां,190
अग्निसुरक्षा,89
जानेगा,43
ढक्की,78
यदुवंशियों,58
एनेस्थिसिया,22
मर्करी,102
समाहर्ताओं,19
शत्रुहन,8
मरकर,57
मनोवैज्ञानिकों,119
सुधारेगी,170
एजेसियों,19
ऊष्मा,143
निभाऊंगा,144
प्रस्वीकृत,89
सुव्यवस्था,181
पुरावशेष,12
सलटाया,124
लडूंगा,144
देववंश,8
दुल्हनिया,90
रेखाओं,116
च्यवनप्राश,180
उपपरियोजना,11
फोटोग्राफर्स,90
सकला,30
नेत्रदाता,63
सर्वव्यापक,121
मोटरे,110
ममत्व,189
आकांक्षाएं,52
जमापूंजी,130
दूतावासों,14
ज्योतिषाचार्यो,63
बाधों,198
जुड़ेंगी,177
विज्ञानदेव,31
वनक्षेत्राधिकारी,178
खुशकिस्मती,80
रायफल्स,199
रधुवीर,145
उस्तरे,21
नौसिखिया,149
उधड़,152
जौं,161
चिरागों,17
अधिवक्तओं,23
अस्वस्थ्य,24
उल्लंधन,12
अनुज्ञापन,133
लोकजात,122
रिन्युअल,106
लायेगी,170
जनहितों,63
सम्वत,155
मुहानों,198
कैथलिक,61
गिनकर,129
बिगड़ता,192
ब्रांडबैंड,106
अजीविका,1
बोलूंगा,144
घोटू,65
बनूंगी,144
सुधारेगा,43
अनुबंधकर्मी,47
दरकती,160
बुर्के,125
जुटाता,117
धधका,175
संझली,184
झुठलाया,124
देंवेंद्र,26
प्लेइंग,102
मुद्दत,65
शरारतीतत्वों,63
चीरने,21
पुर्नरीक्षण,89
खोखरी,29
डले,152
चर्चों,61
देवपूजन,131
घड़वाल,128
सीटियां,138
लोकबंधु,26
रेलयात्रा,93
मतदताओं,19
रबि,161
दीपावाली,155
खंजाची,128
फिजियोथैरेपिस्ट,22
जमीरुल,84
समाती,160
मोलवी,176
सर्मिपत,8
सुदृढ़ता,181
गिरेंगे,107
नंगलामल,55
नाकारात्मक,135
योनी,59
गुमती,160
अभिप्रेरणा,142
मशीनिस्ट,172
बढ़ोई,78
शुतुरमुर्ग,187
मंगवाता,34
मण्डलों,4
विकरालता,171
अस्पतालकर्मियों,47
पूर्णशशि,89
आरियां,83
जड़ें,52
घोड़ियों,16
गोटिया,29
आमन्त्रित,32
सैनानियों,199
प्रबन्धकों,119
भक्षण,99
मुस्लमानों,136
नेकियां,176
तामेश्वर,26
पालों,16
त्योरियां,83
शांतमय,189
भड़कते,20
निर्दाेष,89
न्यायधीशों,183
प्रदुम्मन,23
बिखरता,150
पुष्पेन्दु,23
क्रान्तिकारी,27
रिपु,161
सम्मानों,119
लदाना,78
दायी,51
सत्यम्,109
अनपढ़ों,169
स्थानातंरित,4
गृहराज्य,114
पुस्तकीय,40
फलसफे,57
उपबंधों,12
केसरीनाथ,26
प्रणति,23
खरदूषण,8
गुजरनेवाली,154
लगानेवाले,75
कंपनियो,162
दोशी,109
अतिसार,28
सजाएंगे,107
उन्होंंने,64
प्रतिलिपी,67
क्रियाकर्म,131
तमाशों,139
लाभर्थियों,19
कहत,161
छंटे,42
धर्मशास्त्रों,61
मुकुटधारी,72
नगमे,25
छोड़ेंगी,177
दिलाएंगी,177
सौंदर्यबोध,189
उबलते,156
इंचार्जों,19
संपूरक,143
वर्णी,193
पंचायतस्तर,78
द्वतीय,71
उद्धेश्य,73
अड़तालिस,97
प्रदूषणकारी,143
क्रीड़ाधिकारी,178
दुनाली,21
खोमचों,179
चीजे,52
सुखाए,156
चतुष्कोणीय,14
एक्जक्यूटिव,172
बांई,59
मिलनेवाला,117
भूनने,156
उपमंडलस्तरीय,78
टाईअप,106
बैंडों,119
धांधलेबाजी,76
लानेवाले,134
छेड़ता,20
पालिसियों,50
बिरवा,37
मोटरमार्गो,63
ब्रह्माजीत,23
मायाधर,26
प्रभावना,73
चिरायु,105
लेटना,185
राजधानियों,14
बूढ़ेनाथ,23
बुड़िया,11
बीसों,97
रुकवाना,185
पिटवा,49
नामांकनपत्र,11
महापंडित,31
न्यायप्रिय,149
हुयीं,88
ठूंसे,41
विधिवत्,131
कलियों,37
आशानुरूप,51
दविशें,52
कन्याभोज,131
जलमूल्य,130
स्फटिक,86
हिजाब,66
ओणम,44
कलाइयां,83
ईष्या,196
भेड़पालकों,63
प्रत्युषा,94
मत्स्यपालकों,63
सेशनल,108
दरिद्रनारायण,31
बनवायें,34
नाउम्मीदी,92
निसहाय,101
नाटियों,139
सयानी,94
विरोधिया,78
पिसाने,15
एक्सपेंशन,172
उन्मादी,135
बायोमैट्रिक्स,106
अफ्सर,134
ब्लूप्रिंट,182
कुरेदा,41
कंदर्प,8
बाज़ार,115
बीजक,140
छुड़वाए,89
बंदरगाहों,93
चाँद,17
जुटाएगा,170
जनेश,145
धनोपार्जन,73
आँख,59
मालपुआ,179
मनेाज,184
कठवाड़,78
यौनशोषण,74
बुलट,112
बड़कोट,55
छड़ों,152
ईस्वी,165
पिनकोड,35
टेढी,21
पीसा,156
फहराएगी,170
खिलेगी,170
लौगांय,78
स्वयंसेविका,40
वास्तिवक,142
अनुकूलन,1
नोमिनेशन,106
उग्रता,181
भूधर,8
तिजारत,80
कुंडलिनी,72
तेजबल,184
अध्ययनों,120
अंतरर्राष्ट्रीय,14
इत्तेफाकिया,11
आलोचनात्मक,135
साहबजादे,84
मिश्रीवाला,23
पशुवध,69
धारणाएं,52
उतारनी,39
जलकुंड,198
खानसामा,2
चलवाना,185
मनौना,55
आंकते,75
नाचकर,25
लपेटने,15
विलोचन,109
ढाकन,30
तालुक,18
दुआख्वानी,176
भेड़पालक,134
बंसीधर,26
शम्मा,175
वाष्पीकरण,143
चित्रपट,167
सिंदूरी,186
दूने,197
हॉस्पिटेलिटी,172
भाईदूज,44
हड़बड़ाए,98
मरदाना,2
दिनदिहाड़े,53
भल्ले,179
शनियारो,78
हड़पे,111
प्रेमीयुगल,11
दौड़ेगी,170
मामाजी,195
द्वारपालों,72
परिहारी,26
लपकों,139
वरदानी,72
साधनहीन,169
चकराने,87
तराशे,70
शरीरदान,73
चाकूओं,21
बुढाना,35
सठिया,82
अभ्यर्थियो,148
पिलाये,156
संधान,116
़खराब,89
बिकाउ,79
छविगृह,77
सिन्नी,23
नोचकर,41
करोबारियों,63
जिंदादिल,149
लिंगभेद,123
अंगेश,26
उपस्थापन,67
पतीला,179
रुकवाते,34
अर्थपूर्ण,188
रक्शा,1
रंगीलो,161
सुधरता,192
मिलाती,13
मिन्नतों,176
प्रतिष्ठाता,126
सेंकेंड,197
मांओं,38
बावर्ची,134
नालो,198
जड़ों,37
अतिथिगणों,32
सुदेव,8
मधूसूदन,26
विराजते,159
धोखेबाजों,147
सुइयों,21
अतंरराष्ट्रीय,14
छिलकों,46
शिक्षारत,40
शांतिलता,89
मध्यकाल,121
प्रतिक्रियाओं,95
विपदाओं,171
पिसने,156
गड़ाये,152
पारिस्थितिक,1
सम्मिश्रण,188
लाभावित,89
त्रिशरण,31
इदगाह,35
अवैद्य,58
अकालतख्त,78
इण्डस्ट्रीज,172
बख्शेंगे,107
दर्शिका,67
गठबंधनों,95
डलवाएं,34
खोपा,30
फेफड़े,28
नन्दु,23
रक्षावाहिनी,89
डोंगा,86
अर्थनीति,27
कालभैरव,159
परामर्शदाताओं,119
खरीदो,79
सड़ांध,99
लौटाएंगे,107
नियती,101
बहुपक्षीय,14
निम्नस्तरीय,135
करोबारी,115
जगपति,26
चिन्नौर,78
आरोह,116
गढ्डामुक्त,89
तहसीलकर्मी,47
दरकते,151
सहयेाग,184
भूविज्ञान,40
विकासवादी,60
औद्योगिकरण,1
गोपिकाओं,189
ब्यूटीपार्लर,125
सुविचार,105
निकलवाते,75
विवाहिताएं,132
वेदान्त,31
खलता,45
वनबंधु,26
करुं,144
कर्कश,138
खेलत,161
चंद्ररेखा,23
चबाकर,41
मुहीम,73
जोड़नेवाली,154
लोलुपता,196
मुहार,77
छुड़ाए,53
चहकते,75
खूनखराबा,174
लायसेंस,12
नासिका,59
डुबोया,156
हैंडपाइप,110
सर्वगुण,149
मणिक,94
छुएगा,43
अंजीर,46
लालसर,187
पहनायी,88
सेवाशर्त,148
सुवर्णा,94
राज्यादेश,12
रमी,161
बंधती,100
नवाजने,182
गल्तियों,95
जेलकर्मी,47
पादरियों,61
संवारें,150
महात्यागी,31
फैलनी,87
सिद्धेश,109
विचाराधारा,27
अणू,128
धोबिन,2
शुभ्र,186
धड़कने,87
साहुकारों,146
कैथेड्रल,102
जिज्ञासाएं,52
परमसुख,196
गैंडों,81
गंदगियों,16
घूमें,191
किंवदंती,121
अरोपियों,183
विस्तारण,116
कुलप्रकाश,23
मुल्यांकन,142
लुहान,10
लेप्रोस्कोपी,22
धोये,156
जनार्धन,109
अस्वच्छता,24
सिद्धियों,196
सवरण,184
कौशलों,95
जरूरतमंदो,73
गडढ़े,152
कांप्लैक्स,172
सेवाधाम,122
पंछियों,187
इबादतगाहों,176
ऐंठा,152
अनुक्रम,116
खोदवाया,124
शारिब,84
फौजों,199
अच्छों,82
न्यायमित्रों,63
रेजीडेट,78
युवामोर्चा,178
पर्दानशी,168
मीनारों,16
स्वप्रमाणित,133
हसते,75
देवनगरी,122
प्रेरणास्पद,188
सौंपता,117
लकवे,28
रेलवेकर्मी,47
राजनयिकों,119
क्लिन,102
मुखौटों,70
गनपति,161
सहकोषाध्यक्ष,178
गौवध,168
भठ्ठी,86
जेराल्ड,102
करनीबाग,78
जन्मीं,94
राइजोबियम,56
साजसज्जा,70
दोषसिद्ध,183
जगते,141
पुण्यकाल,155
नौसिखिए,149
हरदौल,159
वसूलों,63
पाऊंगी,144
निस्तार,133
गोलाबाड़ी,78
आत्मशुद्धि,196
मंसूब,176
सरपंचो,54
फरमाए,176
कर्मकारों,119
रहीे,128
मुंहबोली,195
हिलोर,103
अटकाया,124
मनुवादी,27
पकड़ाकर,34
प्रीतिलता,94
मतवाले,25
जमाखोर,147
फोड़ने,15
राजपत,23
मनोभावों,95
फांसकर,36
नस्लें,69
आखत,184
कश्मकश,65
अशवनी,184
सौदापुर,29
समझेगी,170
रहावन,78
बलमा,161
उड़ानें,52
शब्दकोश,167
पुरुषोत्ताम,26
चित्रकुट,122
अज्ञातों,63
कैमिकल्स,143
शौचक्रिया,131
कुलाबा,35
श्रीयंत्र,72
वहीें,184
नैस्ले,102
भंगाली,2
पंचकठिया,78
क्रयकेंद्र,63
घुसपैठिया,136
बहुउपयोगी,188
नेकनाम,84
खड़ाऊ,152
सुप्तावस्था,141
हलासन,59
शिवधारा,78
डंठलों,37
जिवाई,55
चिकने,104
फिरकापरस्ती,123
धर्मशिला,122
विहारों,61
आंदोलकारियों,63
बैकुंठनाथ,26
देवदीप,23
राजगृह,18
ऊंचीकरण,89
इबादतगाह,176
दोहराएंगे,107
धतुरा,46
चित्रहार,90
चुंबन,41
अवधबिहारी,26
धैर्यपूर्वक,51
सुलहनामे,11
हस्तान्तरित,67
शीतयुद्ध,96
शालाओं,40
इंडियामार्का,172
अस्पृश्यता,123
गुलदस्तों,16
बिनने,62
पक्षपाती,135
कर्तव्यपरायणता,181
वर्दमान,18
ब्रजभूमि,8
़जरूरत,52
वैज्ञानिकता,142
इसकेअलावा,118
ब्रह्मास्वरूप,72
सड़ा,62
मेहरदीन,84
झेलेंगे,107
क्षमताएं,52
आपूर्ती,1
गुरबत,80
अक्ष,116
छंटते,9
मैक्सिकन,14
अल्पकाल,51
कार्याकाल,114
यथास्थान,131
लालमणी,26
सर्वेयरों,19
सिखायी,88
दगने,152
निहालखेड़ा,35
तानेबाने,123
भावविह्वल,189
धमकते,75
हड़कम्प,127
सौंपती,13
अवलोकनार्थ,120
अवसंरचना,1
नुमाईश,80
दुर्गधयुक्त,89
दुरपयोग,168
श्रीक्षेत्र,122
कूटरचना,133
झप्पी,41
पोलियोमुक्त,89
अनुसांगिक,4
दुर्भाग्यजनक,135
तीरों,151
बटे,97
पदवार,133
विश्वराज,23
सताएगा,43
नीचली,59
अनिच्छा,164
अंगुल,59
पेटिकाएं,83
स्वर्गधाम,122
सांवरी,161
आदर्शाें,73
अभ्यथियों,148
संस्कारिक,131
खडं़जे,78
चिपचिपाहट,104
चौली,55
छटपटाता,10
घिसे,42
शुभलता,78
धानक्रय,89
अनुवादकों,119
अजमाया,124
फेंकेगी,170
सिखायेगी,170
नागमणी,161
ताम्रकार,109
खण्डहर,77
हिरणी,81
खड़हरा,78
जटाधर,128
प्राध्यापकगण,108
सुलझेगी,96
़खत्म,89
कचड़ों,92
डूबेगा,43
निषेद्य,89
बजाओ,138
बिरंगा,186
शीर,161
प्रचण्ड,171
शकरी,184
एकलपीठ,173
व्यख्यान,120
लौटायी,130
प्रवेशित,67
घोली,30
सुस्पष्ट,142
राजपुताना,146
सफाये,199
ढलता,17
परवाने,65
बैला,2
लड़ीं,20
भयग्रस्त,171
तड़पे,30
झल्ली,82
चक्रीय,116
प्रलोभनों,196
मंगलदीप,159
समीक्षकों,119
ट्रांजक्शन,106
छुड़ाओं,89
पूंछने,194
पीढ़ा,101
चहरे,186
नगाडे़,138
रणनीतियां,52
बंधते,100
प्लान्ट,110
नछत्र,8
गवांकर,190
प्रखडों,78
किलकारियों,38
चखाने,179
निर्धारक,60
झुठलाते,75
तराशकर,70
जलभर,198
पाठ्यपुस्तक,40
पढ़ायेंगे,107
दृष्टिहीनता,24
केकई,30
एजेण्ट,134
उफनते,157
लॉजों,184
पसलियों,59
चिड़ाव,78
उखाड़कर,21
ईसवी,165
अग्निरोधी,143
प्रान्तों,14
ठहरकर,163
सजते,150
इंजिनियर,126
रुख्सत,65
टिकटे,106
पेंशनें,50
कोठ,55
आयुर्वैदिक,180
उछालो,49
चौराहें,83
दंपत्ती,132
चौथियाना,29
इंटरलाक,110
इमामिया,176
तत्संबंधी,51
पढि़ए,166
आंकडा,197
देवसंस्कृति,122
बटोरना,185
महायोग,131
डिजाईन,70
चर्चायें,52
छिपता,117
नामंाकन,133
नरबलि,74
पौरूष,181
उपग्रहों,129
ऐलीवेटेड,78
हाइक,106
पोठा,184
कुरूप,135
प्रच्च्वलित,89
चढ़ाती,13
सीताहरण,8
बसाकर,153
सियासतदानों,147
नौलक्खा,2
चटकारे,179
आईजीएमसी,22
टटिया,29
दवी,30
करेंगीं,177
खड़ाऊं,152
भूधारी,26
भांजते,49
पकती,156
जीवनचर्या,95
कार्यवाहियों,129
हांकते,75
पावदान,163
अभयवीर,145
क्षमतावान,149
भैंसिया,29
झिलमिला,17
त्रिभवन,31
स्ववित्तपोषी,78
ठेकदारों,19
गरजेगा,43
जलराशि,103
तड़का,166
धड़,59
भींगकर,157
सांख्य,31
कांवड़ियां,83
क्रुरता,74
बताऊंगा,144
ब्रह्मावर्त,122
भाग्योदय,51
सुसंस्कार,73
फांकते,75
झुमते,30
नॉडल,184
जलपरी,187
टैक्सि,11
सरोगेट,38
जोड़ें,191
खिलती,37
बॉयकाट,80
मालों,115
जाएंगा,43
देवप्रिय,109
भागें,191
उठावें,191
पहुँचाया,124
साधवी,128
नायकी,72
गुणसागर,26
भर्री,2
माइनॉरिटी,172
केबिनमैन,0
उकसाकर,168
कंजूस,82
ओखली,21
कमाएंगे,107
कानक्लेव,32
वीटो,173
उषारानी,94
पटती,195
तरू,161
इच्छाधारी,72
ऐनवक्त,173
रखवाये,34
बीरण,184
तालिकाओं,120
भरपायी,170
हरिजनों,58
गणक,116
गड़ाई,30
तौली,86
नईसड़क,67
कुसंगति,196
वृत्तांत,167
जलचर,187
प्रदूषक,129
छिड़ने,20
टरकाऊ,135
बिसार,161
मर्मस्पर्शी,188
बताऊं,194
बड़प्पन,181
विमोचित,67
जयंत्री,178
टहलाया,124
खिड़कियां,77
सेवित,72
मनवाकर,34
बिखेरकर,150
परिवारियों,63
अन्तराष्ट्रीय,14
मुकरे,173
मचते,127
जम्मूवासियों,63
हत्यारी,74
सरहाल,128
जनबल,199
गंधा,94
बिगड़ेगी,192
पताके,193
सूर्यांश,23
एेसा,64
स्थानांतरणाधीन,89
सिंहराज,8
हुनरमंदों,63
ब्राहमणों,58
प्रलयकारी,171
जोड़ो,59
सज्जित,193
हेड़ी,29
सूक्ष्मजीव,143
सर्वसाधारण,51
रक्तबीज,171
बंटती,160
फुलझरी,30
सेवको,134
विभुति,8
महाविलय,48
सिखाएंगी,177
अतिपिछड़ा,169
तहत्,12
र्निविरोध,11
चौपाटी,35
उत्साहपूर्ण,188
कार्यक्रमाधिकारी,178
शैक्षिणक,40
प्रत्यनशील,89
मेजबानों,190
रईसजादों,125
मंज,25
बांधेगी,100
गिलाफ,66
रूढ़ी,154
दिखाईं,88
हारती,190
पालनी,39
वसीयतनामा,140
जिनकों,118
धज्जिायां,89
कहूंगी,144
भगोने,156
एक्सिडेंट,137
सकरात्मक,135
पनाहगार,136
संास,30
रोटियों,179
नयावास,35
जूठा,41
चाशनी,156
बिन्दुधाम,11
उतावली,98
भिड़कर,20
शवासन,141
छलकते,157
घिरकर,171
तहखाना,77
छींटाकसी,166
प्रवृतियों,95
विषयगत,142
महकती,150
पंचस्थानीय,54
स्थानाभाव,120
टोंटियों,110
थानातंर्गत,29
चुंकि,64
दुरुस्ती,192
इस्तकार,70
मीनारें,77
हलवाईयों,63
योगनगरी,122
बहुभाषीय,14
न्यायखंड,183
जलचरों,187
विषहर,180
गुड्डे,195
अनाथालयों,38
टेकेंगे,107
चिट्ठियों,140
पुष्पहार,193
लोकतन्त्र,27
मोमबत्तिया,17
सिपहसालारों,147
धंसते,85
उजड़ने,153
अपरिग्रह,196
उफनाकर,198
अधर्मी,196
भुगतते,101
बरसाये,157
त्रिफला,180
ब्रह्मशंकर,31
निखारते,150
चाभियां,83
सूता,30
कतरनी,21
चिलमिल,78
सरायवाला,35
डुप्लेक्स,102
श्राविकाएं,23
बजाईं,138
ग्रैंडस्लैम,33
गृहस्थियां,83
बेवश,30
ठुमका,25
तोड़ीं,152
बोलों,25
रंगकर,186
अर्धविक्षिप्त,24
चक्कियां,83
निजावत,2
बहादुरों,199
थकने,87
वामतट,128
महकी,160
शोकसंतप्त,38
क्रातिकारियों,63
आपरेशनों,162
डरपोक,149
कार्यदक्षता,1
मिटाएंगे,107
ढलानों,151
दबावों,95
पठनीय,120
चारकोल,86
अलाभकारी,60
पिछडे़पन,169
खोजो,7
मोहपाश,100
जयप्रताप,26
हस्तानांतरित,67
ब्रहमदत्त,26
दुबला,149
रचेगा,43
छठपूजा,155
पुलपर,128
जिराफ,81
चारागाहों,153
सताई,101
पांडवकालीन,122
रचाना,185
उपथित,184
सिनेमाहॉल,90
हासिये,36
बॉलीबॉल,33
फिरोजी,186
विक्षुब्धों,63
कबूतरबाजों,147
समरकैंप,11
दिवाने,65
तुरई,46
गुजारें,191
नुकीला,21
मित्रानंद,31
पदाधिकार,12
जुड़ते,42
समझाये,194
कुयें,152
विसात,5
ग्रन्थों,120
मॉलों,115
पुर्नस्थापित,89
खड़न्जा,78
सपुर्द,176
नोचे,152
दिलवाये,34
छोडऩे,173
झुर्रियां,104
भीगता,157
इनवेस्टर,172
सड़ने,99
अनिवासी,14
चुनता,117
संवारती,150
जोड़ीदार,190
हितैशी,134
लाभार्थीपरक,50
नलका,128
उठापठक,96
कांपियों,63
ध्वनियों,116
छायाचित्रों,120
चरना,81
अरोग्य,131
मेलमिलाप,123
बेचनेवालों,79
प्रधानाध्याक,54
खिसके,85
जानशीन,84
सीढ़ीनुमा,77
मिचलाना,28
स्टाफों,162
सतप्रीत,78
भक्तिधाम,122
साफियाबाद,78
भोगते,101
पतंगा,187
थेरेपिस्ट,22
हल्फनामा,173
आराेप,184
रेलसेवा,93
अनुदेशिकाओं,63
रोजमर्रे,92
भिण्डी,46
सनोखर,128
त्रिपिटक,167
घूसकर,184
पंहुचाया,124
राज्यकर्मचारी,47
यात्रीगण,93
उपप्रधानाचार्या,178
जिलाशासक,178
कुलों,58
झोंकना,185
लड़खड़ाकर,85
मतवालों,65
बिल्डिंगें,83
उगानी,56
वनवारी,23
रूचिकर,188
केन्द्राध्यक्ष,178
गुडा,29
भैसें,69
नहलाते,157
घटन,74
बैसाखियों,36
पथप्रकाश,31
चराई,69
अध्यापित,40
श्रीसनातन,31
परवानों,65
बंदियो,63
मनमानेपन,135
रेणूका,145
ब्राउजर,106
टिकते,42
चाटने,41
झूलना,25
रुठे,30
झंड,30
संकटमोचक,72
मंझधार,103
अर्थशास्त्रियों,119
शिवांशी,94
चर्तुभुज,72
वेश्या,125
हकदारी,12
संयत्रों,143
पूरबा,29
बिहान,161
करोगी,144
चिराई,86
जन्मदर,197
आरोग्यम,131
बिछड़ा,65
फना,65
मेहमानी,132
नीेचे,184
रामदासिया,23
मल्टीस्पेशलिटी,172
सलट,30
सद्व्यवहार,181
सुरंगें,199
तापों,143
पुण्यलाभ,131
पंद्रहवें,71
जूड़े,152
अभागी,38
प्रतियोगितायें,33
पैंतरेबाजी,5
प्रशोतम,109
तवज्जाो,89
कैसेटों,16
झुंझलाहट,45
लुभाना,185
रातदिन,20
मध्यस्थों,162
ब्रह्मज्ञानी,31
देहव्यापार,125
कुलदीपक,94
गूंजीं,138
प्रचारिका,23
चकजोगीवाला,78
पॉलीमर,143
अतिप्राचीन,121
दूसरो,82
न्यूरोलाजी,22
रामजन्मोत्सव,23
गहराना,3
महत्वों,95
गिऱफ्तारी,11
तीर्थपुरोहितों,63
जमीनदाता,23
शीट्स,102
छबिला,78
गत्तों,16
अंततोगत्वा,121
विश्वासघाती,168
रंगभरी,155
भूतहा,77
प्रकटीकरण,142
जिये,57
दौड़ें,85
छतिग्रस्त,137
जीवनधारा,121
अंधानुकरण,5
बीतती,160
सिसकियों,10
भर्तिया,148
जन्मसिद्ध,73
दुर्घटनाजनित,89
सुहागिनी,23
उबरना,3
बदलवाये,34
श्रद्धालुजनों,63
सादरी,58
गुरमुखी,2
सहजना,46
अभागा,117
दैनिकभोगी,89
शरियत,176
कलर्क,0
खांकरा,29
झल्लियां,83
ग्वाले,69
वृद्धियां,52
पत्तागोभी,46
टिकती,160
नृत्यालय,11
जवाहरात,70
संवरे,150
देशवीर,78
कुईयां,83
रूढि़वादिता,123
बालीबॉल,33
जलसंचयन,198
खुलवाएंगे,107
भृकुटि,59
करताल,138
नीरद,109
रूठा,65
लुक्स,90
खरीदवाने,15
संख्यकों,136
अचंभे,98
अकल्पनीय,188
जड़िया,2
नन्हों,38
फूलझड़ी,152
बुझाती,175
वरिष्ठजनों,119
बेमन,98
हाथपांव,49
उफनने,87
फटता,175
जीवन्त,188
जोता,56
अधिराज,146
साजों,16
श्यामचरण,26
मुखियापति,178
हांफता,85
मरम्म्त,133
तल्हा,84
नातों,151
स्वपनिल,109
गधेरों,198
प्रच्जवलित,89
बसेड़ा,145
कक्षायें,108
चेतावनियों,95
कहलवाने,15
दिवालियापन,24
दर्शनम,122
चढ़ाता,117
पॉलीटेक्निकल,172
खर्चकर,111
वक्तव्यों,120
विषाणुओं,99
चेतवानी,173
संवारेंगे,107
युद्धपोत,199
संच,128
कुहरे,9
डालूंगा,144
मंजरों,151
बदहजमी,28
चिड़चिड़ा,45
कृपाली,23
विकेन्द्रीकरण,1
मोटरसाईकल,112
टोप,66
गोमास,78
साढ़े,97
इंडोस्कोपी,22
परपंरा,123
न्यालय,183
तामशाबाद,78
खूफिया,53
गौशालाएं,83
परखते,75
वानस्पतिक,143
दुल्हनें,132
छपती,140
जीकर,57
नुमाइदों,80
उठवाए,34
आधीरात,30
बंधवाकर,34
दुबका,163
फंसीं,174
गड़गड़ाहट,78
रोगाणु,99
शरारतें,166
फंफूद,99
गोर,2
आनुषांगिक,162
बंट्टा,78
बौखलाया,174
एकरुपता,142
वाहनचालकों,63
सुक्कड़,78
जनतादल,48
अलूपुरा,29
संयुक्तरूप,14
प्रभादेवी,94
लड़ाए,30
यंत्रीकरण,1
प्रताड़ित,101
नगमों,25
उड़ेगा,158
भूंजा,179
अर्थव,72
सवैंया,78
तेन्दुआ,81
ससंदीय,114
फांकती,160
सर्वार्थ,131
शोधपत्रों,120
पौरी,30
पार्सलों,63
सुप्त,141
कहेगे,194
सुलखा,78
रेवड़ी,179
रतूड़ा,78
बंगभाषी,167
पोहा,179
परिया,29
दिखवाएंगे,107
टोकरियां,83
कुलसचिवों,19
सुर्खाब,80
हवाईपट्टी,93
संबंघ,60
बांसवा,78
प्रवाही,116
संकायाध्यक्षों,19
छहों,196
बजबजाने,15
मंगतू,145
रिश्वतखोरों,147
संवरता,150
वेदवान,31
उछली,85
गोटे,66
जन्मस्थल,18
महकने,87
विक्रताओं,63
उकसाते,75
तामसिक,196
बढाई,197
सत्रावसान,114
डरावने,188
सुधरना,192
प्रौद्यौगिकी,40
फलित,24
रुचियों,95
समाधन,96
हमदम,65
हिंदीभाषी,169
तबलावादक,126
गोदने,21
झझवा,184
प्रतिद्वन्द्वी,134
गवई,128
जगतगुरू,31
मृगांक,109
शहराध्यक्ष,178
महेंदी,2
स्वहित,73
सिकुड़,197
हरितक्रांति,73
दलबदलू,147
लोकपति,161
पुनर्निर्धारण,67
राष्ट्रसंघ,14
कबाड़िया,11
पुरोहिताभिषेक,131
लोकभाषा,167
आपपास,128
बुरादे,86
क्षेत्रपंचायत,54
समाता,117
हाेने,137
नवविवाहितों,132
तफरा,35
सृष्टिधर,72
एचओए,184
आरोग्यशाला,40
कहलाया,124
महिलाकर्मियों,47
सखाओं,161
लज्जित,98
प्रजापालन,73
मरनेवालों,137
हरमोनियम,138
पाण्डाल,139
गेदों,190
टेंपुओं,112
वीणावादिनी,94
राज्यमंत्रियों,63
भिगोने,156
लगाकार,34
धौस,184
बिगाड़ा,192
महाऋषि,31
ध्वंस,171
जवाबतलब,173
चरणो,159
नफासत,80
नांद,2
परखीं,88
खिलाये,179
चलवाते,75
पशमीना,66
आगुंतकों,119
संगीतज्ञों,119
कट्टरवाद,136
महाभोज,167
नहाएं,156
अस्पतालकर्मी,47
बिछौना,66
हर्षद,94
आधारों,95
राजदरबार,146
अधिपत्र,12
बंधवाया,34
मोर्चों,199
मक्खनी,179
पतीसा,2
भग्नावशेष,77
मोर्चेबंदी,199
सत्रारंभ,67
हैरानगी,164
माफीनामे,173
बिगाडऩे,192
मेहरवान,84
इनकाउंटर,137
अवनति,24
देररात्रि,113
सम्भावनाएं,52
धोबियों,16
आसामियों,63
लचीले,104
पकड़ते,75
रोजनामचे,140
टरकाता,124
गौमूत्र,180
तौलिये,66
एबीपी,109
गोसेवकों,19
संवादताता,89
मोमीना,84
त्रिसदस्यीय,4
झंडात्तोलन,11
धड़क,10
दोस्तियां,52
मायापति,8
महानुभाव,126
पेकिंग,102
बिठाएं,191
विराजेंगे,107
एसाइनमेंट,106
केबलें,16
घुप्प,17
भेड़िए,81
स्वर्गद्वार,122
शार्दुल,109
सुदृढीकरण,1
छूटेंगे,107
चीड़,37
थामना,3
नागरिको,136
सर्वोच्चता,142
रेलगाडि़यों,93
हाड़कंपाऊ,184
डांटे,82
गेंदें,190
जलनिकास,198
बोड़ी,30
मुड़वा,152
लेखवार,145
पौत्रों,132
त्रिकोणात्मक,116
रेस्तराओं,115
शहीदो,57
सुधरें,192
गौतमी,94
त्रियोगी,23
मखनी,179
नियमितता,181
आर्यो,58
पद्मेश,109
समाये,42
व्यायामशालाएं,83
फाईलों,140
गर्मागर्मी,96
सक्षमता,181
सुलक्खण,78
सामान्यता,142
मध्यान्तर,131
राजनीतिकों,147
विचारधीन,183
अंतर्निहित,60
चखाया,179
सिद्धहस्त,126
विकासकर्ताओं,162
चितविश्राम,89
स्मारकी,193
कनेडी,128
गुदड़ी,66
डासिंग,90
आर्दशों,121
तुड़वाई,152
डोंगी,103
मंडलाधीश,178
साधेंगे,107
नामपर,168
कविशर,78
जनचौपाल,54
झड़ना,104
बढ़ने,87
गदियाड़ा,145
लुटाई,111
चुटकलों,166
खालीपन,45
सुडौल,59
व्यंगात्मक,166
विषयवाद,11
गिड़गिड़ा,10
वरिष्ठं,178
पूड़ी,179
रहमती,176
मकौड़ा,152
धुंधले,186
ख्वातीन,176
संघर्षी,116
क्षार,143
मन्त्रालय,4
टपराना,78
करोड़ो,111
कंपकपा,9
लोटते,152
विधानपूर्वक,131
गिरानी,39
बुलाएगी,170
बारहवां,71
महार्षि,31
स्वांस,196
क्षुद्र,196
जबदस्ती,125
कुल्हाड़ियों,16
ठोंके,49
महानगरवासियों,63
मिलाये,156
मागेंगे,107
धरकार,58
सुखाई,156
गंडासा,21
उलझनें,92
मख्खन,179
संवदेक,78
हवनकुंड,175
उपसंचालक,178
किस्मती,80
प्राप्तकर्ता,67
दौड़ाता,85
कलाप्रेमी,70
डीपीएलआर,78
विशेषरूप,51
अवस्थाओं,95
लपकने,87
आदेशो,12
ग्रामस्तर,54
हैंडपंपो,110
मुहावरे,166
भ्रष्टतंत्र,147
सीखचों,20
टुकडि़यों,63
विकेंद्रीकृत,1
छांटे,140
ठकुराल,26
समलैंगिकों,125
जनशिकायतें,52
डाके,53
अधिसूचनाओं,148
साब्जियां,83
हीरोइनों,90
जंगबंदी,80
मिथला,145
रचायी,88
बैठूंगा,144
चखेंगे,107
शिशुभवन,23
जूझेंगे,107
आरूढ़,129
जैवविविधता,1
जगमति,184
कच्छी,66
राजकाज,146
दृढ़संकल्प,73
फिंकवाया,34
बौद्घ,61
शाबाश,7
पंडितवाड़ी,23
पदासीन,134
मुखड़ा,25
ब्याहता,132
दशम्,71
टिकीं,160
अनावासीय,153
अनियमिततायें,76
सरायों,139
माइड,143
धरतीपुत्रों,63
जमीदोज,77
भगोना,156
पापड़,179
चहुओर,128
चूकता,182
निभाये,42
जगतानंद,23
शहनाइयां,138
अक्षुण्य,121
मनोस्थिति,24
पिंडियों,63
सीमाद्वार,11
भुगतानों,130
गिरफ्तारिया,89
रखवाना,185
राजमंत्री,178
घिसने,104
छोड़ें,191
पर्वतराज,72
मोहतरमा,84
लफड़े,20
शतकों,190
उसपार,77
अवाज,138
स्वयंसेवको,73
पैंसिल,140
छींट,66
डकैतियों,53
धवाना,89
मनरूप,8
रौनकता,11
पोष्टिक,46
भूलेगा,43
मध्यमवर्ग,169
चनप्रीत,78
पंडे,159
बाथरूमों,16
वर्षी,8
स्वायतता,73
कामो,118
दीदीयों,16
फूटेगा,43
कब्जायी,89
लुक्का,2
मुद्दाविहीन,27
शीलता,181
सूझता,194
स्वागतगान,89
मनायेगा,44
मानवतावाद,27
सड़ी,154
दुतरफा,96
नेह,161
परवरदिगार,176
क्रियानुष्ठान,11
तरणी,103
खोटा,82
लड़ाकों,199
बुबाई,56
निष्कलंक,196
जमीदार,146
छात्राओें,108
देवस्थानम,122
आऊं,144
लाठीधारी,23
सोलहों,196
ठूसकर,152
मनहास,145
लगाऊंगा,144
ज्योतिर्मयी,94
भूमी,18
सोखना,104
ढैला,145
डाकखानों,16
विभत्स,74
सलाखें,36
तितलियां,187
उजली,186
ध्वजवाहक,27
बंगालियों,136
पार्षदो,54
गैरेजों,16
ब्रजभाषा,167
गलाघोटू,28
सहजयोग,31
बन्दर,81
नीमड़ी,184
पहूंचे,42
जमानतियों,63
गुप्तांगों,59
सुसंस्कारित,73
डिगने,181
छलकी,157
इंद्राणियों,63
निखरेगा,150
मतदाओं,48
पुकारी,88
पदाधिकारियोंको,63
बहलाना,185
बसाये,153
उभरना,3
शोधकार्य,40
सौभाग्यवश,51
अनुंसधान,1
मारनी,39
दुखेड़ी,78
संमेलन,32
सिकुड़ी,160
झींगुर,187
अवरोही,129
शतदल,161
लफड़ा,82
वाहकों,162
प्राउड,102
बर्फीला,9
बांटों,147
नापते,75
आईलैंड,102
सहायों,63
भौतिकतावादी,61
हिसंक,74
वसूलें,130
मशविरे,80
तैयारियाँ,32
अजवाइन,46
मुहावरा,167
रूलाया,124
थक्के,28
नहलाना,185
उथली,103
साधिकाओं,61
संस्कृतिकर्मी,126
भारवाहक,112
धर्मक्षेत्र,122
ख्वाहिशों,65
नगरनिकाय,63
राममगन,26
फूलचट्टी,29
बनाऐ,42
मसूड़े,28
डूबीं,160
टरबाइनों,110
परमात्मानंद,31
मायकेवाले,132
क्षेत्ररक्षक,190
पछाड़ा,190
दण्डनीय,12
मोड़ने,182
पिलाता,117
घुसेड़,41
छिड़,96
झल्लाहट,45
तरावट,157
करवाऊंगा,144
बहुती,2
मतगणनास्थल,78
धनुर्धर,8
गिरीशपति,23
चैकों,50
अंगरेज,146
स्वालंबन,73
संट्टेबाज,63
गुलाबधर,23
पर्यटकीय,122
सूचनात्मक,120
आंसूओं,157
रेड़ी,184
विरानगी,11
उथला,103
अध्यात्मवाद,61
अंधियारी,17
निकटम,18
निर्दोश,183
प्राथिमकी,11
द्विज,58
दोसा,179
दुव्यर्वहार,74
खजानों,151
नमीं,157
श्रीविग्रह,72
मुख्यातिथियों,63
स्वर्णाक्षरों,193
कोहरी,23
प्रतिभावानों,63
कब्जाना,89
निष्काषित,173
जमीदारों,146
धारित,67
अल्पवृष्टि,171
कादम्बरी,167
भूजलस्तर,78
लौटाये,130
जांचकर्ताओं,183
विरुद्ध्,89
बसाओ,7
पर्यटनस्थलों,63
तारामती,23
भंगा,161
शिलाओं,151
मांगेंगी,177
यत्नों,95
हरता,161
अविवेकपूर्ण,135
पहनाएंगे,107
नशें,152
लड़ाइयां,52
धतूर,46
अपकार,196
कलुषित,196
मिटाता,117
जिज्ञासुओं,61
बिगड़नी,192
धड़कनें,160
संख्यात्मक,116
फिसले,85
फहरेगा,43
चहकने,87
योगमय,189
भुलते,42
तेजपत्ता,46
परखेगी,170
पातालगंगा,122
आरण्य,122
हरिवाटिका,78
कावंरिया,29
कोशा,99
टैपों,49
लक्ष्मणाचार्य,23
पहंचे,55
डीआरटी,172
घटें,152
कार्यकर्तागण,178
महानन्द,31
अग्रहण,89
हमसभी,105
प्रतिकुल,24
अनाधिकार,168
ज्योतिषीय,120
संबंधो,95
सिद्धदाता,31
सैद्धान्तिक,142
पैथोलोजिस्ट,22
खपाते,75
घन्टे,165
खटकती,160
झिड़क,20
ऊंचाईयां,52
कुम्हारन,58
सन्देह,164
प्रेममूर्ति,23
वनराज,8
पंथियों,61
व्यायामशालाओं,63
बोधनी,155
फैलाएगा,43
नीमखेड़ा,55
थामते,85
मध्यस्तता,11
ज्वैलरों,115
ग्यारहवां,71
घेंघा,28
इन्द्रप्रस्थ,8
वायुमंडलीय,143
भेड़ियों,81
काड़ा,184
चुगने,187
इश्तकार,78
खड़गवंशी,58
मकड़ानी,78
बहाला,89
अन्तरराज्यीय,14
गुणवंती,94
फलन,116
हुड़दंगियों,139
सरलतम,60
छुड़ाओ,53
अदन,103
राष्ट्रभक्तों,63
त्यागें,191
घासें,37
सापेक्षिक,129
स्मरणिका,89
हसमुख,109
कार्यालयाध्यक्ष,178
अधमरी,10
ख्यालों,151
आकड़ों,120
टिमटिमाती,17
उत्पीडन,74
मिलेगें,107
चतुदर्शी,155
जोगनी,161
मंत्रो,131
भूगर्भशास्त्र,40
मनाईं,44
आँधी,171
अनादिकाल,121
प्रसवों,38
तपे,30
जीवत,161
जग्तेश्वर,23
बिपुल,8
बचेंगी,177
इटको,78
उखड़वाकर,34
धमकाए,174
उपनियमों,12
दुर्नीति,27
शैयद,184
शिखरों,151
विजयन,109
कलाप्रेमियों,119
आत्मशक्ति,181
आतुरता,45
फाड़ते,152
षड्यंत्रकारी,147
आढ़तिए,115
इंतियाज,84
खंडे,193
जैसों,147
ज्योतिप्रिय,23
पतीले,156
सिकाई,156
लेनेवाला,117
नौहाखानी,84
रिपूदमन,2
झाड़कर,152
इफ्तकार,78
क्षमायाचना,105
खातें,50
छंदों,167
कसबों,139
रौंगटे,98
दसवा,71
पगडंडियां,83
दोहने,182
तीर्थनाथ,122
गतिरोधक,11
साम्यवादी,27
बुलाएगा,43
सम्राज्य,146
निगाहबानी,11
पढा़ई,108
गोरखालीग,23
अस्त्रों,199
हीमोग्लोबीन,28
चीरघर,55
ब्राण्ड,102
सुस्ताते,163
रचाते,75
तनों,37
थैलेसिमिया,28
अधिवक्ताओ,19
नथनी,66
उजियारे,17
कोमलता,181
गुफाएं,77
घेरेगा,43
पत्थरबाज,136
भोजपूरी,90
हसना,65
उच्चन्यायालय,183
मुस्कराने,87
सुपुर्देखाक,89
घबराता,117
ढूंढ़कर,182
आशियानें,11
कंपकपाते,163
गोरियों,16
निसंकोच,194
इंफो,106
आदेशक,178
कठघरा,36
मारेगी,170
बुढापा,28
निर्वासन,101
दानपात्रों,16
चपलता,181
अग्रगामी,60
पंचक्रांति,78
छतरियां,83
कॉफ्रेंस,172
भिजवाते,34
खात,161
पालिकाएं,54
रोड़े,36
पाउंगा,144
रामपरीक्षण,89
कार्या,4
बहकी,160
गधों,81
तोंद,59
विद्यादान,131
छुई,160
निर्जलीकरण,28
अल्पसंख्य,169
घुलता,157
चालीसवें,71
छड़ें,152
नीजि,162
मेहबूब,84
श्रमिको,47
इम्तेहान,176
दालचीनी,46
बिखेरेगा,150
तुम्ही,7
खटकता,117
जुवान,2
तपाया,175
गिनवाई,88
वर्धित,60
सड़ाना,185
पिलायें,156
लहरायेगा,43
पलटती,160
झारखंडवासियों,63
स्वर्णपदक,33
मामुली,46
सीटियों,138
चित्रांशों,63
ढ़ाल,21
प्रेमादेवी,23
बहुता,116
राजकला,23
संस्थायें,52
सांठगाठ,76
चरमोत्कर्ष,91
तनमन,30
ध्यानाकर्षित,67
उपस्थितों,32
दिंसबर,165
तिजोरियां,83
मुकाबलें,190
एसोसिऐशन,0
आत्मसंतुष्टि,181
उखाड़ते,152
जाड़ों,9
पलड़ा,190
सुप्रिय,109
हरिपदो,23
अनुशीलन,142
श्यामभक्त,23
एजेंसियो,162
पाचक,99
प्रध्यापक,40
ब्रह्माी,23
वनरक्षकों,19
निकम्मेपन,147
घुटकर,10
जेबतराश,53
ताण्डव,171
भेटें,159
ऑपरेशनों,199
तीतरी,23
अण्डे,99
रेजिडेट,78
लड़नी,39
लड़ो,7
रूपकुंड,122
मुंहासे,28
़कानून,11
नंगलाताशी,29
ऩकद,46
प्रसूती,38
बर्षा,9
भेजिए,191
ख्वाहिशमंद,80
स्वधर्म,196
सूर्यमणी,23
रिजेक्शन,106
रईसों,146
भूनी,179
पिसवाने,15
चीरफाड़,82
उपशास्त्रीय,25
लिखत,140
रुसवाई,65
रुपन,145
मड़ना,2
पावक,161
दूधला,55
गुम्मट,77
अथाई,184
जुड़ेगा,43
जोगन,161
वनमहोत्सव,32
उठायेगा,43
पुत्रबधू,8
चाहिंए,43
सामंतवाद,146
सभाकुंवर,23
प्रतिष्ठापन,67
भरवाईं,55
रत्ति,2
राजपत्र,12
ससंद,114
तड़पते,10
पैमाइस,133
मुर्दाघर,22
अलविदाई,89
अर्थोपार्जन,73
लक्कड़,86
अभियोगों,183
चाटुकारिता,147
अनुभवहीनता,181
जुझारूपन,181
सिलेण्डरों,110
ब्यानबाजी,11
बहुकोणीय,116
खननकारी,11
आरोग्यता,131
गर्भित,51
शुक्राणु,143
सूर्यमोहन,23
अर्धकुंभ,165
चौहत्तर,97
जुटाती,13
दिव्याशी,23
धूंध,30
सर्वेक्षक,126
सेंकना,185
खिसककर,85
पिद्दी,82
सताइस,128
सेवईयों,179
बाटेंगे,107
मिनाज,94
समाओं,63
सहाय्य,1
अष्टकोणीय,77
व्यवस्थापिका,114
अहितकर,135
टटोलना,3
भागीदारों,162
अखबारी,140
हेडकास्टेबल,78
जंगा,145
कारर्वाई,183
छुटा,152
पंचपाल,145
प्रतीक्षालयों,93
गौधन,69
उपमहामंत्री,178
वहशीपन,74
खीचने,182
व्यक्तियो,119
बैखौफ,184
दिखवाता,117
आनंदस्वरूप,8
ब्रजरानी,23
बैलपड़ाव,78
समरूपता,142
हसरतों,65
निस्तरण,133
सम्बन्धों,129
पूंजीनिवेश,162
पिचक,85
कपंनियों,162
रुमाली,179
डालों,37
छांटा,140
गुहारे,11
अल्ट्रासोनोग्राफी,22
दपंती,184
सहभागियों,119
शफाकत,84
स्वयंशासित,89
विभूती,8
लोकजनशक्ति,48
राजदूतों,119
नाचेगी,170
छात्रवृत्तियों,40
एकलगान,146
अकुलाहट,45
टमाटरों,46
अपार्टमेंट्स,172
रस्मअदायगी,11
मार्र्गो,63
विविधा,167
महकेगा,37
जयमाता,72
थकी,160
पहुंचो,43
पीड़,30
पेरशानी,92
सुकुमारी,94
समन्यवयक,4
फावड़े,21
छबीलों,63
पल्टा,21
खिलाएगी,170
समुन्नत,121
प्रदर्शकों,119
पर्दाफास,168
टोलकर्मी,47
मानूपुर,29
तुड़वाया,34
कंकालों,151
बिसरात,35
निबटेगी,170
छठव्रत,78
सिय,161
धृति,8
झूमेंगे,107
असहजता,45
कन्याभ्रूण,63
अतिपिछड़े,169
सन्तुलन,116
ठगकर,184
भाग्यवान,149
तारपीन,86
लाचारों,101
अंसतोष,45
छुड़वा,34
गृहस्थों,61
दस्तरख्वान,179
घुड़सवारी,33
देवबन,29
वॉलेंटियर्स,172
ठोंककर,49
रूपांतरित,67
टलती,92
आलमवाला,78
तरंगे,116
सुरक्षाधिकारी,178
जपना,7
रसमय,189
ब्याजमुक्त,89
हूर,176
वेदमित्र,23
वीरबाला,94
नूराकुश्ती,48
सतारूढ़,48
आत्मबोध,196
रक्तसंग्रह,23
विफरे,184
रसगुल्लों,179
आर्यमन,94
कमाडिंग,172
खौला,157
तर्कशास्त्र,167
पलास्टर,86
पायेंगी,177
सुझाते,42
मनोनुकूल,51
अखियां,83
सरेसर,78
वोटरो,48
दुग्धशाला,69
चमचमा,17
परमपुरवा,29
अफरीन,84
मतविभाजन,12
संरपच,55
राजनन्दन,23
नियाबत,176
आतक,184
कमांडोज,199
रुकवाए,174
दीक्षान्त,32
नहलाएं,191
टुन्न,41
पाथे,193
मरवाया,124
बाशिन्दों,153
ब्रह्मोत्सव,155
आक्रोष,45
आवै,161
छिड़कें,156
द्वारपहरी,11
नौकायान,33
पूती,30
मकौड़े,99
शकलदेव,23
राहू,72
गोलाबारूद,199
डॉक,102
निबटना,3
ऐंठी,160
झडों,25
पोछे,157
बुद्धो,8
जुटेंगी,177
कटाए,152
खिंचवाया,124
निरापद,51
पकड़वाने,15
भटकाना,3
बहकाया,124
मगजमारी,82
धांसू,166
विषेशज्ञ,22
कबूलने,168
छींटें,157
अटपटे,166
कैरियरों,162
खंभो,77
छत्तों,99
बुनते,36
रिझाते,75
शरारतों,166
सरनी,184
हुकमनामा,11
मंत्रीपद,114
मुशायरों,176
इन्सानियत,80
गुरुकुलों,40
टोकरियों,16
सीखती,13
होंठों,41
बदलवाई,34
चूहन,128
डरो,7
पिएंगे,107
शिकोह,146
मुक्कों,49
चंदनवन,26
इंग्लिस,102
लोकगाथा,167
अनुयाई,61
मेहरौली,29
सिखायेंगे,107
देवज्योति,109
सहेगा,101
हठयोग,61
सजेंगी,177
संदेहात्मक,135
भराना,185
ठेकाकर्मी,47
बूझा,82
ब्रोंकाइटिस,28
अल्हड़,30
पक्षियां,187
स़फर,184
देखों,194
टोलकर्मियों,47
बंदरो,81
कामचोरी,147
चढाया,124
सभागृह,32
जडे़,152
स्नानगृह,77
हस्तान्तरण,12
सरनेम,58
अपयश,196
लोकआस्था,11
मेहसाणा,35
जिताएंगे,107
खोजेंगे,107
निनाद,138
ट्राय,102
छुटकी,195
दिवारों,77
सिधेश्वर,122
गेंडा,81
सेठों,147
भगवानों,61
फेकना,185
नर्तकों,119
आसक्त,196
संस्करणों,120
बड़ीबाग,78
धातुकर्म,143
चौदहवां,71
खडंजे,198
प्रभावपूर्ण,188
रियलटी,90
पिचौलिया,35
पशुचर,55
धनपती,78
उत्तराचंल,18
अफलातून,109
सताये,101
पार्ककर्मियों,47
चुनावकर्मी,47
सिसकते,10
अंगूठों,59
अधिकमास,155
संतरों,46
संयंत्रकर्मी,47
प्रमियों,119
तपोनिष्ठ,31
जांचनी,39
विरला,117
खिदमात,80
उतराती,160
समल,128
लोकजीत,167
सहेजते,75
पवनदेव,8
राहदारी,130
शान्तिपूर्वक,51
पार्षदगण,178
तलवे,59
टहलें,191
जलरक्षकों,19
रोड़ेबाजी,174
रोडे़,36
रहिये,75
ललायित,6
मापदण्ड,142
जनप्रतिनिधियो,54
संघर्षात्मक,27
मुखियागण,178
तोडफोड़,184
कांकड़,2
क्षीरसागर,8
दधिचि,128
चहका,30
करारनामा,130
रिस्तेदार,195
लडकियां,125
सर्वाग,8
याज्ञनिक,109
बाक,128
प्रवृत्तियां,52
तटीयकरण,89
गैंस,143
अग्निसार,23
तांगों,112
आलाअधिकारियों,19
बचाओगे,107
एटॉमिक,172
सदोष,196
कॉम्पलैक्स,172
अयोग्यता,91
रुचिर,109
परिचारकों,119
निबटे,96
सूमों,112
साझेदारों,162
पिसते,36
जनशिक्षण,40
गड़बड़िया,11
कृषिकरण,56
आवेग,45
प्यूरिफायर,172
रागिनियों,25
निवार्चित,89
अंतराज्यीय,14
ठुकराकर,124
अगाथा,94
क्रीड़ाध्यक्ष,178
चमकाते,75
तड़पना,10
तहसीलकर्मियों,47
पगड़ियां,83
संबोंधित,89
झुलसती,175
खटखटाकर,34
पुण्यों,196
सम्भवत,51
धौलिया,29
मदीहा,84
लक्षमी,94
रास्तें,151
बैंती,29
नुक्स,82
प्लेग,28
ध्वजों,193
निबंधों,120
स्वायत,4
क्रांतिवीरों,27
मनवाना,185
आफीसरों,19
आयोजनकर्ताओं,32
जनस्वास्थ,1
तड़पता,10
थोपते,75
रूमानी,188
वास्तुशास्त्र,70
उपमण्डलाधीश,54
भक्तियोग,189
जांचीं,88
हड़तालों,139
दलपतियों,63
निकम्मा,82
पहुचाएंगे,107
उपभोक्तावादी,169
रूखैयार,89
सायरी,2
पतलू,2
रुपों,116
वायदाखिलाफी,173
अंचलकर्मियों,63
शतवार्षिकी,44
कॉकरोच,99
अकालग्रस्त,89
रूहानियत,176
ज्योतिर्लिगों,122
खटकाना,185
ब्रह्मशक्ति,72
वाइब्रेशन,102
तिथी,155
ठसक,80
अनुपाल,133
कानोंकान,98
झांकती,160
जायदादों,63
नाचा,25
तूफानों,151
यादकर,10
मैमो,106
धांधलियां,76
क्षमादान,105
तेजोमयानंद,31
दुग,55
पंचतंत्र,167
पि्रंटर,78
बहुस्तरीय,1
महकेगी,37
सोहरत,80
ब्लॉकस्तरीय,89
महाकुम्भ,129
दृष्टिदोष,129
बारहवी,108
रजवाड़ों,146
स्वर्णदीप,89
चेकपोस्टों,63
कूड़ों,16
सूचिका,11
जाऐ,42
बख्तरबंद,199
निगलते,41
रगड़कर,152
बेलों,16
महातिम,26
चेली,2
फोटोशूट,90
कूढ़े,62
अदाएं,65
सम्प्रेक्षण,11
पुर्नमतगणना,11
रेलखंडों,93
बैरेकेटिंग,172
मिता,94
दोहराता,117
नगदीकरण,148
महारत्न,40
आयेजन,32
खांडसारी,86
नातियों,195
एमएलएम,172
करुणामूलक,89
शोभनीय,135
ऐंठता,152
छींटदार,186
हुक्मनामा,176
तुड़वा,34
अधवार,78
अपवंचित,89
चंद्रचूड,26
कराउंगा,144
फ्लोराइडयुक्त,143
फंसें,36
आर्यमान,109
फाड़े,66
महाप्रलय,171
समाजकल्याण,73
हिस्सो,18
सन्यासियों,61
पीलरों,16
बिछुए,66
स्विफट,102
डाईऑक्साइड,143
ईश्वरचन्द्र,31
रहेंगा,191
चिंकारा,81
सद्भावपूर्ण,73
गलता,175
कार्यविधि,1
कॉस्मेटिक्स,180
तिरपालें,78
पिण्डी,122
रोड़ों,151
संवारेगा,170
मध्यस्था,11
गुदे,152
महासंघों,33
गुस्साकर,174
बिताता,117
ढालकर,86
अंधेरिया,35
अतिमहत्वाकांक्षी,149
मड़हों,78
छुटने,87
आनंदलोक,90
उर्वरकता,56
खम्बे,77
पार्काें,110
सशुल्क,67
फब्तियों,125
सैनिको,199
बैण्डबाजों,63
ग्रामांचलों,153
जमादारों,19
जिह्वा,59
बदलेंगी,177
भुमिका,90
भेंड़,20
मांजा,86
दुल्हनियां,90
सद्ज्ञान,196
ऋणधारक,50
ऐलिवेटेड,102
खिलाएगा,43
डूबेगी,170
प्रियता,181
अजगरों,81
चुनावकर्मियों,47
मुजरा,25
योजनास्थल,11
होरियारों,63
उठवाना,185
एकाकीपन,45
रुहेलखण्ड,18
सुप्रीति,23
डलवाये,34
साम्रगी,120
मुंहबोले,195
अजन्मा,72
लालबत्तियों,16
अमृतानंद,31
उर्वराशक्ति,56
कपालभांति,131
कवक,99
क्षेत्रीयता,123
हंगामों,96
इहलोक,196
विकर,102
बकने,82
जकड़,36
सुविधाविहीन,169
फहराये,193
कष्टमय,196
क्षतिगस्त,11
धातुएं,143
फैंके,62
अतिसंवदेनशील,89
पुरवारी,29
गड़वाने,15
चलूंगा,144
फेंकेंगे,107
बेरों,37
अण्डा,99
गैरशिक्षक,178
पूजनोपरांत,131
ढ़ांचा,1
खंडविकास,4
लोकसंस्कृति,121
कलाबाजियां,83
ज्ञानकुंज,31
गुप्तचरों,199
उदबोधन,105
हास्यापद,166
अहिरन,29
मुक्तों,61
फिसलती,160
पकड़वाए,20
अल्टीमेट,102
़िजन्दगी,11
अच्छाईयों,95
पछाड़,190
ठण्डी,9
ठोककर,49
व्लाक,54
रामसेतु,122
ध्वाल,23
लगवायें,34
सिंचन,131
बाइलॉज,128
पद्घति,142
पारंपारिक,60
टटोलेंगे,107
व्हाट्सऐप,106
अयोध्यावासियों,8
एकलौती,195
सूचनार्थ,105
नैपकीन,62
मुर्ग,187
किडनैपिंग,53
उनतीस,97
वाक्ये,166
प्रतिव्यक्ति,197
जुनूनी,149
परिरक्षण,143
अनमोलदीप,23
हिंदुस्तानियों,136
खुलाया,124
नहाई,157
दर्मियान,176
पिरोना,100
जूतियां,83
साम्राज्ञी,146
प्रेसों,140
बदाम,46
कुंभकारों,63
सिंवई,179
फले,37
मडै़या,23
पुस्तकाध्यक्ष,178
संयमी,149
येाजनाओं,95
बाड़,77
मंत्रित्व,114
निर्वाणोत्सव,44
देखूं,144
धुलियान,35
छिने,20
खुलनेवाली,154
कोड़ियों,16
हुअा,117
भट्टोवाला,23
बुझते,175
पौधें,37
बड़बोले,168
खड़ापत्थर,151
महाप्राण,167
मजहबों,123
निष्ठुर,101
फन्दे,36
तैसा,21
तमीज,82
रूठकर,195
चमकेंगी,177
झुलसता,175
खुबसूरती,150
मुद्रणालय,40
लहराये,193
रखवाएं,34
ईसामसीह,61
अधिनायक,134
हेपेटाइटस,28
वारों,120
भम्रण,128
बेसब्र,98
पेचीदगियों,92
छींटों,157
रूपांतर,116
तपता,9
खंडो,120
विकासोन्मुख,73
रुढि़वादी,169
फेफडे़,28
पंरपरागत,60
तीर्थोद्धार,122
असमां,84
बख्शेगी,80
दृश्यम,90
घुड़साल,30
गढ़ों,151
रनधीर,145
जुता,56
कृतिवास,167
ब्लैडर,28
भूविसर्जन,68
धोई,152
बैठायी,88
विधायको,114
पिण्डदान,131
कुमति,161
खननकर्ताओं,19
चाटुकारों,147
कटवाये,34
घिग्घी,100
थिरकना,25
ख्वाहिशें,65
आंधियों,9
लड़ाइयों,199
मानवजाति,121
तराशना,3
खाइए,46
महानगरपालिका,4
मुख्यतार,89
अतिवादी,27
कनिष्ट,0
मछलीपालन,1
एमटैक,184
अटैचियां,83
नावघाट,29
सरकती,160
शंखध्वनि,138
कार्याशाला,32
पारलौकिक,196
मचाएगा,127
भेड़ों,69
नेति,131
रेडियस,59
दन्त,180
महिमामंडित,168
सुमंगलम,109
संदूकों,16
मुलाकातें,52
भटकाया,124
नवदंपतियों,63
गत्,165
सूचारू,4
सानु,161
मुस्तकबिल,80
मछुवारों,103
उदयमान,17
आडम्बर,196
ताजिएदारों,139
चमत्कृत,188
हथियारो,199
आलेखों,120
ब्रजयात्रा,122
पूर्णरुपेण,51
मैन्यूफैक्चर्स,172
भुपेश,145
ताईक्वांडों,63
आनुपातिक,129
खपाए,111
मतवाली,161
मोजूद,118
मंगवायी,34
पारिस्थितिकीय,1
किरायानामा,11
आत्मविभोर,189
प्रत्यर्पित,183
गुरुत्वाकर्षण,116
प्लेनेटोरियम,172
नहाता,117
परिक्षेत्रीय,89
जिप्सियों,151
जमाती,13
छिल,152
नितियों,95
लम्बोदर,72
प्रशसकों,119
निरूपण,142
जोड़ती,13
काऊंटर,106
शब्दबाण,168
बलाय,161
पिघलाकर,86
पूर्वसंध्या,44
पुलिसवाला,82
ठिठका,163
झटककर,85
प्लाटर,110
विकाउ,1
भावानंद,31
गुदर,78
कम्यूनिष्ट,27
बनिए,134
बीतेगा,43
कणकण,196
खटोली,29
ढोकला,179
नवोन्मेषी,1
मट्ठी,179
भूकंपीय,1
पताकों,16
चाटा,41
कांग्रसियों,63
बिखेरेगी,150
छोड़ूंगा,144
महोदया,114
अथर्ववेद,131
लोकशिक्षा,40
अशिष्ट,135
असफर,184
उघोग,1
झरोखा,77
उच्चाधिकारियो,19
गोधूलि,17
फफूंडा,78
चौडे़,37
इशानी,94
संस्थापन,1
बहानों,95
सूंघकर,41
सात्विकता,181
आशक्ति,196
सड़ते,152
मुकरते,164
पिटवाने,15
निर्धारकों,95
घपलेबाजों,147
असंबद्ध,60
साक्षत्कार,105
श्रमाधीक्षक,178
शियाओं,136
शटलरों,33
रिक्तता,45
मुरझाये,37
मकाम,80
बछड़ों,69
प्रियजन,57
सर्वदमन,109
धड़ाम,85
अंतरविद्यालय,40
चिह्नीत,78
बुलवाए,34
भांजों,195
थमीं,30
सिद्देश्वर,26
इंतकालों,78
तीखापन,166
कीजिएगा,144
नेवले,81
प्रतिभानंद,23
दण्डाधिकारियों,19
झरझरी,128
प्रत्याहार,116
जनप्रतिनिधिगण,54
उदंडता,181
जेर,152
बंदरिया,81
दुबरा,30
महजबीं,65
लालवास,128
दायित्वबोध,73
प्रथमदृष्ट्या,133
अग्निरोधक,143
दुल्हैंडी,78
पन्त,109
बामनिया,26
बिदाई,132
जनसंर्पक,27
सामूदायिक,60
गौरान्वित,105
आशावान,149
गतिसीमा,116
वक्र,116
राष्ट्राध्यक्ष,114
करायेंगी,177
डूबेंगे,107
हरते,161
सींचकर,37
सुधारो,192
बहलाया,124
फूलते,37
देखनेवाला,117
जोशीली,154
पद्धतियां,52
भिनभिना,99
जोई,161
वेंटिलेशन,110
विरोधाभाषी,135
आशिकों,65
निकलनेवाले,143
विलुप्तप्राय,121
नाचता,117
हौसलाआफजाई,105
झाऊ,37
खिंचवाते,75
डलवायी,34
कुर्बानिया,11
पुतलियों,59
वद्धि,197
राष्ट्राध्यक्षों,119
मनभरी,128
बिखेरना,185
ट्यूबवैलों,110
ऐथलेटिक्स,33
महिना,165
छाला,41
भूमियों,56
प्रवीणता,181
चंद्रकेतु,23
खिलेंगे,37
टोपा,41
अमीष,109
भटकें,191
विक्षिप्तों,24
माध्याह्न,63
टपके,157
औधे,184
मुल्जिमानों,63
इसाइयों,136
पुरुषार्था,78
झाड़ना,152
सीका,2
रूमाना,84
अट्ठाइस,97
अठखेलियों,151
गवाहियां,52
भुनाना,3
पीठाध्यक्ष,178
चकल्लस,166
जनन,116
पूर्णेन्द्र,26
दंबगई,20
खभों,184
सम्पोषित,89
मृदभांड,86
तन्त्र,116
जुल्मी,101
पट्टेधारकों,63
भौचक्क,98
ग्रामसेवक,54
वसुन्धरा,94
उन्नतीस,97
गलेगी,170
हर्षधर,23
शलभासन,59
फूलबंगला,23
विहर्ष,8
युति,24
सतकर्म,196
गल्तियां,52
विशिष्टजन,60
आनंदम,73
दर्खास्त,173
संस्कृतियां,52
कुबूली,164
गुण्डों,147
किनकी,194
पारख,109
भेदिया,53
विष्ठ,23
आर्कषक,70
चटपटी,166
श्यामपट,186
नोंचा,152
शरणदाताओं,63
स्टैण्डों,63
प्रतिद्धंदी,162
बनानेवाली,154
नवशक्ति,72
हिंदुजा,14
स्नानों,63
बन्धन,100
अर्धशतकीय,190
कर्मदीप,8
बदमिजाजी,82
भांगड़े,78
कतराई,11
खोयी,160
भभूती,159
परावर्तन,116
स्वीकृतियों,133
शलजम,46
रुद्रनगर,78
रचेंगे,107
भुट्टे,46
कमाख्या,122
उबरकर,24
आंगबाड़ी,78
गुलगुले,179
जिस्पा,93
नवपत्रिका,155
लुंजपुंज,24
परिवादियों,19
सहशिक्षा,40
परिजात,72
लचका,177
बरातें,83
रटे,166
संगोष्ठि,32
कुंदो,21
कथाचार्य,31
लकड़हारे,8
फरियादों,63
गुस्सैल,149
गवाए,25
काँग्रेस,48
महिम,109
उछालते,75
बातिल,176
लोटने,87
अचंभा,98
धर्मरक्षा,61
लगवाएगी,170
किशलय,128
घड़िया,11
जगाएगा,43
महामहोत्सव,32
रेखांकन,116
दबिशों,11
स्नानघाटों,63
संभावनायें,52
सूजल,184
चौकता,184
अजीर,184
दर्प,196
अनदाना,78
धटना,74
भगवद्गीता,167
लोकोत्सव,44
रेंगे,107
सुविधाशुल्क,130
गाढ़,193
पुर्नमूल्यांकन,89
दहाड़,10
जटायू,8
क्रिक्रेट,33
कार्रवाइयां,52
अमृतमय,189
टकराये,42
दूग्ध,69
प्रज्ञापुराण,23
नक्सा,18
लक्ष्यपूर्ति,89
भेलपुरी,179
बाउड़ी,184
मुकद्दमों,183
पितृों,131
प्रेतों,72
राखाल,26
मृत्युभोज,132
उठेंगी,177
उखड़ी,160
उन्हीें,118
उफनकर,152
संयोजिकाओं,63
पंचायते,54
बखेड़ा,96
भोगवादी,196
बुद्धप्रिय,23
गुणनिधि,8
पुनर्बहाली,11
लचीली,154
अतिथी,32
खिचवाने,15
कार्ययोजनाएं,52
जादूगरों,5
अधिकारो,12
पकोड़े,179
स्तंभकार,126
सेवता,29
बंजारेवाला,58
सोंठ,46
बिल्लियों,81
पकाएं,156
लकड़हारों,63
अड्डें,199
प्रदेशी,23
ऱफ्तार,112
शताब्दियों,121
सिंघु,122
हरियाचक,78
सोचनी,39
निर्भयता,181
दानकर्ता,134
वाकपटुता,181
कड़वाहट,45
मचाएगी,127
वृहत्तर,121
फरेबी,65
भूतप्रेत,72
रंगभेद,123
सुहागरात,132
छेने,179
झड़पें,96
फकत,65
प्रदक्षिणा,131
भ्रमों,95
लुढ़कता,85
अलबेली,25
मुस्कुराए,98
जनपक्षीय,27
एकडला,78
जीजू,195
जिजीविषा,181
निम्नवर्गीय,169
साहूकारी,146
उपजाउ,56
नूडल,179
बारातें,83
पढ़वाया,124
अनुभूतियों,189
परिग्रह,196
अड्डेबाजी,11
अतिक,84
सेहतमंत्री,23
चाहूं,144
बिठाये,163
प्रकाशपर्व,44
माड़,30
युवानीति,167
मिट्ठु,2
कक्षपालों,63
चतुर्भूज,23
ध्यानाभ्यास,131
रंजो,65
कड़बी,128
दरबा,2
दीनता,196
मशालें,175
कंप्यूटराइजड,11
सूक्ष्मजीवों,143
चिन्गारी,175
समरूप,116
स्वर्गलोक,72
खोएं,191
समाशोधन,60
पाणिग्रहण,131
मतदातओं,48
शयनकक्ष,77
कलाईयों,59
अपभ्रंश,167
कुरकुरा,104
ढोलकी,138
इनायती,84
फुलों,37
फिरदौश,176
जेबकटी,53
शिक्षितों,169
वनफल,78
दिलायेगी,170
शुरूकिया,11
कूड़ाघर,62
साड़िया,66
बदचलन,82
पुर्णिया,29
मलयाली,14
छक्कड़,78
हर्जा,130
आकाशगंगा,129
झाकने,163
अटैचियों,16
सहयात्रियों,93
लातों,49
आदर्शदीप,109
तिलंगा,55
पिटती,160
बंधता,100
प्रत्युश,109
तोडऩे,182
तरुवर,37
ट्रांसर्फामर,106
सीएससीए,172
बुद्घ,31
यज्ञदेव,31
बरताव,82
दिखलाने,182
चिल्लाहट,45
झांकें,163
कनिष्ठा,59
खुशाली,109
गारी,161
चुनिन्दा,118
स्वछंद,189
रक्षापंक्ति,190
प्रतिष्ठापरक,73
नहरिया,29
दोलन,116
टेगौर,109
सांढ,81
धनात्मक,116
छलकता,157
हिताधिकारियों,19
मुर्ख,82
यंत्री,178
दुत्कारा,101
हाईजीन,102
बेमकसद,65
चुनीं,88
जोरू,195
बुद्धिजीवि,119
शबदों,167
मधुमंगल,23
पटरानी,8
हरिप्रताप,26
अर्हताएं,148
झोलियां,83
संबधों,96
खिदमतगार,176
पुस्ताकलय,167
नियंत्रणाधीन,4
कांफ्रेंसिग,106
वेल्डन,102
नियमसंगत,135
लोकसंगीत,25
हिमखंडों,198
राष्ट्रदीप,26
वेदांताचार्य,31
लश्करे,136
प्रखरता,181
अंकेक्षकों,19
मुकदमो,183
वॉलीवाल,23
दीपाकर,23
दहकती,175
मृत्युन्जय,23
चट्टों,16
कपकपी,10
उबाऊ,135
अभिजय,78
ढूढ़े,42
विस्मय,98
इत्यादी,5
जैकेट्स,66
स्वघोषणा,133
समयसारणी,120
सबे,161
प्रभुजी,159
प्रकारों,95
मित्रमंडल,23
भगाएंगे,107
चोटिलों,63
खुराकी,11
छेड़छाड,74
अभियांत्रिक,1
केशों,104
परिपालन,67
संविवि,63
अजन्मी,38
गुजारता,117
संगमरमरी,77
दामो,79
सप्तरंग,23
व्यावहारिकता,142
मढ़कर,168
बांधनी,100
दिलाऊंगा,144
पिछड़ना,169
फौलाद,21
दावतें,83
निखारती,150
बायोटेक्नालॉजी,172
सर्राफे,115
देवगुण,109
नमांकन,173
रिसौरा,55
स्वेच्छाचारिता,196
नकारना,3
बद्धता,181
ब्रह्मऋषि,31
जाहीर,164
दहाड़ने,20
समानातर,116
फोड़े,28
लुटाते,75
टेड़ा,152
लेनेवाली,154
दीप्तिमान,17
चापा,30
लेखापालों,19
बादर,161
ओद्योगिक,1
घुंघट,66
शिवालक,122
भैंरो,145
सर्वाेपरि,73
जफरयाब,84
दानपत्र,140
प्रंबध,4
सुलक्षण,94
रिक्शेवाले,112
मूलाधार,116
वरिय,128
अनुपातिक,116
भाग्यविधाता,134
आखिरकर,98
गैसे,143
पतजंलि,184
ट्रासपोर्टिग,172
महापालिका,114
पुडि़या,86
गृहिणियां,83
आसुओं,157
महाअधिवेशन,32
दर्दभरी,10
अभयनंदन,26
अव्यक्त,189
ठगना,185
थ्रैशर,102
विद्याभवन,40
समावेशित,67
बिछुड़ी,65
जुड़ें,191
सिंघारा,29
सृजनशील,149
चारपाइयां,83
संसोधित,12
दफ्तार,11
नजरअंदाजी,89
बोलवाला,147
ग्रामींणों,23
कमलेंदु,26
पीतवस्त्रधारी,72
गुंजाईश,164
मेलाध्यक्ष,178
रेंगना,85
भयजदा,78
कर्यालय,4
राजावास,23
अप्रशिक्षितों,63
रंजीश,84
शिक्षालय,40
जीवनदर्शन,167
हर्षवंती,23
जलसमाधि,103
नमाजों,176
दमनवीर,23
वन्दे,105
फूं,30
टेंक,110
जनसुरक्षा,12
परिपेक्ष,142
परम्परानुसार,131
चुपकी,2
कटानी,21
आनंददायी,188
उर्दु,167
रसदार,104
दंगलों,139
चित्ररेखा,23
कलाधाम,128
बॉयोमैट्रिक,106
सुधराना,89
निभायेगा,43
जाइएगा,191
लड़ाएगी,170
क्रैशर,102
जोते,56
मुशर्रत,84
पंक्तिया,167
त्रिभुज,116
मूछों,66
रामव्रत,23
सन्तुष्ट,51
झंडिया,193
हमवतन,190
होटलकर्मी,47
हालही,90
विशेषज्ञा,40
उम्रभर,57
पंद्रहवीं,121
चुड़िया,83
खुराकें,180
सुपरमैन,90
सिंघासन,146
रामथली,78
घुसेगा,43
बरहाल,64
परीक्षाकेंद्र,108
राजमंदिर,35
सरहदें,65
अस्वीकृति,173
आनंददायक,188
शिष्याओं,61
बैंके,50
बिंब,116
मचानी,127
घुमड़ने,87
छापना,140
ग्रामसमाज,54
अनन्तराम,26
परांठे,179
नायलॉन,104
पुरूषार्थ,196
योगध्यान,31
शांतमयी,189
नगीने,150
जालियांवाला,35
विल्व,193
मृत्य,57
दिखवाने,15
उठाइए,191
सदृश्य,116
बहुफसली,56
अंबेडकरवादी,27
ज्ञानवीर,23
गरजती,160
खौलती,157
अनुसंधानकों,63
मौसमों,151
नवकुमार,26
पसारती,160
राजारानी,122
दुहराने,182
जागीरदार,146
संदर्भों,120
मुनीमों,63
रामगया,29
रुकनी,39
परम्पराएं,52
पुत्रवती,38
तोड़मरोड़,168
जाओं,7
गुण्डाराज,147
जलप्लावन,171
रेजिमेंटल,199
न्यायापालिका,114
खुशमन,128
निखारता,150
गोपूजन,131
सुनिश्चितता,181
याशमीन,128
भुरभुरी,56
अमरता,121
निखारकर,150
गुरूगोष्ठी,78
ढकेलों,63
उखड़ा,85
बायोलाजिकल,172
संप्रदायिकता,123
मुट्ठीभर,118
बदजुबानी,168
दानसहाय,26
गुरुमुखी,167
कलिका,37
अड़चनों,92
समृद्धिशाली,121
तकादे,111
हॉर्टीकल्चर,172
चिह्निंत,67
बिलबिलाने,87
खरोचें,151
दौड़ों,152
आमवाला,35
घुटता,10
मुनीराज,23
स्वार्थपूर्ति,73
भिड़ा,49
कपड़ो,66
वेदपाठ,131
उपजाया,56
दमाद,195
तहरीरें,52
सप्तसरोवर,122
आसामाजिक,135
जमाएंगे,107
सृंजय,8
सुविधादाताओं,19
फार्मूलों,120
मनिष,109
अद्यतीकरण,89
सियाड़ी,161
लीलने,87
लाइसेंसशुदा,106
बेहाली,80
हताहतों,137
प्रेरणात्मक,188
आईकॉन,106
स्लैबों,110
रिश्तेदारियां,52
महायोगी,31
पंचरत्न,122
दुखाना,185
सांईं,159
मनगढ़त,168
फंसेगी,36
बहुधा,51
फेकनी,152
भावनामृत,31
करकी,55
पैमानों,151
पादपों,37
अधिस्थापन,116
फूंकेगा,43
महके,65
परिणित,51
जंजीरें,100
संगतें,11
प्रवाहमान,121
ब्राम्हणों,58
पाण्डुलिपि,140
परनायक,134
दोस्तो,65
रिलीवर,22
राजपाठ,146
संग्राहलय,70
हंसवाहिनी,72
उखाड़ा,124
कीलों,16
सुता,8
निहारता,117
अष्ठमी,155
सुनेहरा,90
कमीं,28
जयजीत,78
मवींकला,128
स्वल्पाहार,32
ग्रामसभाएं,54
हादसें,137
उपमडंल,78
पराभव,121
कैंचियों,16
दुबले,82
अखंडपाठ,159
समाधियों,61
एनजेएसी,12
राजकिरण,23
दोहराएगी,170
लूटीं,88
साड़े,184
खडिया,86
उबलने,156
गढ्डायुक्त,178
पतौड़ा,84
चापलूस,147
झुंझुनू,35
विद्याकर,31
कपूत,161
शराबों,16
आंगनों,16
लड़वाया,124
मैनहॉल,78
प्रविधि,142
गणनायक,72
खरीदेंगी,177
अंतर्विरोध,123
पाठ्यपुस्तकों,120
पुरातत्वविदों,119
श्रदालुओं,139
रौणकी,184
लड़ाके,199
पूर्णचन्द्र,26
सुननेवाला,117
दलो,48
तदन्तर,131
कृष्णपद,26
घड़ा,86
पैत्रक,58
मौद्रिक,129
तिकोने,21
जलबेड़ा,78
गुजरनेवाले,18
उपसंस्थान,4
सेमीफाईनल,33
बहुरूपिया,5
ज्ञानियों,61
धूपवाला,77
नीलगिरि,129
वायसराय,129
जिस्मानी,125
अधिवर्षता,89
भेदकर,99
षडयंत्रकारी,168
शकी,184
झलके,150
हटूंगा,144
बड़का,2
विद्यादायिनी,72
भेड़िये,81
नियमपूर्वक,131
कुसैला,29
उपक्षेत्रीय,14
एकाग्रचित्त,196
गार्डरों,63
सुरक्षागार्डो,63
सूचनापट,133
आकाक्षाओं,95
अनजानी,154
सासों,151
संभवता,64
भवनेश,145
पेंटल,109
दियाली,159
छोडि़ए,82
कास्टेबलों,63
आनुवंशिक,60
मैपल,102
ग्र्रामीण,4
गैलनों,143
कम्पीटिशन,172
बचके,82
पिलर्स,102
कारणो,24
भीं,82
अजन्मे,38
संगीतबद्ध,25
खुदने,198
अंधों,5
विपक्षीगणों,63
लड़ाएंगे,107
छात्राए,108
एआइएफएफ,128
उगलेगी,170
होनें,87
समधिन,195
फिरकर,163
जंची,82
कुंवरजी,109
दिलसुख,35
झेंप,98
झनकार,138
अशिक्षितों,169
हाईलाइट,106
घुड़सवार,199
स्त्रीरोग,22
लिफ्टों,16
छाएगी,170
कालीपट्टी,35
उड़ेल,157
चिंत,161
जारगण,128
तड़ातड़,152
निर्बलों,101
पसारता,36
पदक्षेप,142
सनुज,128
सोनपापड़ी,78
आलुओं,156
चढऩे,85
सिगार,102
गैरजमानतीय,11
बढ़वाए,197
साडि़यां,83
सहायत,51
फिरेंगे,107
तर्कशक्ति,181
मुस्तकिल,84
़कानूनी,89
इंद्रिय,196
भापकर,34
बेवकूफी,82
परियोजनाकर्मी,47
परपंरागत,123
जगमगाए,17
रंगोलियों,16
मनोविज्ञानी,126
अटकलबाजी,96
अरूणाय,23
अधिष्ठानों,63
गड्डियों,16
टायलट,62
निकम्मे,147
कलशधारी,72
महासंगम,122
नैनन,161
विश्लेषणात्मक,60
पशुबाड़ा,78
बड़की,195
सांगीतिक,25
छियासी,97
कबाड़खाने,166
विभाजनकारी,123
आर्कीटेक्ट,172
भौंरो,37
ठहराती,13
अधिमास,155
गिराता,117
सहता,101
सन्तान,38
क्षणभंगुर,57
मोनाली,94
पिटवाकर,34
झोंको,9
लगतीं,13
दस्तानों,104
बहनो,195
कागा,161
सड़ना,99
निकौनी,30
अंतरराज्जीय,35
सुर्यदेव,23
अंर्तजनपदीय,78
ढलाव,198
रूपसा,128
लोकाचार,181
शिकारगाह,146
भिक्षुणी,61
खुर्दी,29
नवविवाहिताएं,83
पिण्ड,116
फेंको,7
भड़वाल,161
वात्स्यायन,31
छपना,140
निस्तेज,24
उड़ते,158
इतंजाम,6
करुणामयी,189
अकाट्य,142
हिचकती,13
पोषणीय,1
रासना,29
पूर्वाह्व,78
चूकती,13
बच्चादानी,38
पहचानकर्ता,60
रसोईये,134
भुलैया,90
दूधमुंहे,38
छिटकने,87
तंत्रमंत्र,61
टाटपट्टी,16
घबराती,13
घूरने,87
झाक,30
दलदला,198
पनपेगा,123
लोकधारा,167
संक्रमक,28
सौपेंगी,177
महरूफ,84
लेनदारों,130
उमड़ती,160
चेंकिंग,106
कटि,59
तारने,196
मोगे,128
सुलझाएगी,170
हज़ार,97
वित्तपोषण,1
काव्यांजलि,167
चूंकी,64
वीरचक्र,193
सर्वमंगल,72
थपथपाकर,41
अड़चनें,92
गवाना,185
पकड़ाये,34
बतियाने,87
मानकविहीन,89
बैंड्स,102
विस्मित,98
सत्ताईस,97
गिनायी,89
खदेड़कर,124
छुट्टे,111
नागाबाबा,122
पैकेज्ड,102
रामअधीन,26
लौटाएगा,43
सरकंडों,16
डीओपीटी,148
दिलायेगा,43
दूधमुंही,38
पिताओं,38
पिलाओ,41
कावरियां,83
कुप,184
गोष्ठि,32
जनप्रतिधियों,63
टीकाकारण,180
नहाये,157
निंबू,46
ओेर,184
कुकुरमुत्तों,37
प्रार्थिनी,133
लेटते,141
रंगते,186
वाशिन्दों,153
झिलमिलाती,17
संबन्धी,60
लक्षकार,122
टोटकों,5
गद्दियों,16
चिरकाल,121
क्रूरतापूर्वक,74
धिकारी,178
यमलोक,196
रामबरण,26
कात्यायिनी,72
बीतेगी,170
वसायुक्त,104
शागिर्दो,78
पढ़ायी,108
भुगतें,101
द्रविड,58
पर्यवेक्षकीय,4
पूँछ,81
कूलों,151
ढूढ़ते,75
प्रकाशमणि,31
संवरती,150
सडे़,184
स्पाइसजेट,93
मतगणनाकर्मियों,47
खिलानी,39
जानिये,194
छिंदो,128
अनसुईया,128
सूफियों,61
छुहारा,46
कामरूप,18
अगूंठी,66
जाओगी,7
सदंर्भ,142
अंचलवासियों,63
स्वस्तिक,193
क्रोएशिया,14
अनुबंधों,162
अन्दाजा,64
आश्वान,89
चुनो,7
दबोचना,53
पकौड़ी,179
फुव्वारा,77
़फ़र्जी,11
तड़पती,10
अंतरकलह,96
छात्रहितों,19
नसीबा,65
बर्षो,97
सलवाड़ा,78
कूदता,85
गर्भकाल,38
यतिंद्र,145
माहर,128
माध्यामिक,40
नक्षत्रपाल,23
घुमाएं,191
उखड़वाने,15
विशेषण,116
अमूक,30
गुनगुनाए,25
महाश्य,134
निर्भिकता,181
पढ़ें,191
कराऊंगी,144
करमाकर,94
मुहतोड़,168
छप्पड़,16
निखरा,150
खंडाधार,78
काव्यात्मक,188
ऊबड़खाबड़,152
घुलती,160
प्रोन्नतियों,148
अनुबन्ध,12
संदर्भन,120
पोटलिया,145
अभिरंजन,109
कुआंवाला,78
छिटका,157
बुंदी,193
मिष्टान,179
बहारों,65
अनुसमर्थन,12
हमलोगो,118
जर्जरावस्था,24
घूमाने,15
अतिसंवेदन,89
अंतरमहाविद्यालयी,40
यादगारे,11
सकेंगें,107
मरी़जों,140
प्रांजुल,23
पूंछताछ,11
घडि़याल,129
क्रंाति,116
कंधो,59
प्रधानाध्यपकों,63
अव्यस्क,11
आढ़तियो,63
हर्षाली,94
सतीत्व,196
लताड़ा,174
लघुउत्तरीय,14
मनोरंजनकर,89
चौखड़िया,78
कालिमा,186
कटवाएं,34
अाज,165
जलाईं,88
बांधेंगी,177
शैलानी,139
लोकोक्ति,167
लताओं,37
सुगमतापूर्वक,51
परिसम्पत्तियों,1
सन्तों,61
ढूंढे़,42
लाड़ला,195
धनवेश,102
व्यायामों,95
सुशिष्या,31
चलवाता,49
शहनाइयों,138
फाड़ना,152
प्रयोजनों,60
पानेवालों,134
काननूगो,78
असपताल,35
उजड़ता,121
हस्तरेखा,129
सिसकने,10
सहप्रमुख,60
शुभकानाएं,105
रंगारग,89
गिनना,3
खिलखिलाती,160
शुकून,45
भंगडा,128
बिगाड़ते,192
फरोशों,176
नौै,184
नामात्र,89
दामादों,147
चिड़ा,30
देशप्रेमी,134
बढ़ावा,73
भड़कता,10
पटकी,49
लडे़गा,43
पिछड़ने,190
भाते,75
मागदर्शन,89
मंत्रिमण्डल,114
गरदन,59
बरगलाते,75
समरेखण,104
धर्माें,61
फँस,36
जननेता,134
चिन्हिकरण,68
चूकें,6
सर्वकालिक,121
रमते,161
पाइए,191
तालाबो,198
निजाकत,84
टप्पे,25
गुबंद,77
खटकी,166
कानूनविद,126
शिष्टता,181
महापूजा,155
विश्वकांत,23
संभालो,7
बहारा,65
पदधारक,178
आंचलों,18
जीवनदाता,121
मुरझाई,37
परीक्षाफार्म,11
खर्राटा,28
अध्याशी,63
कस्बाइयों,63
कोटशिला,29
भेजूंगा,144
मर्रोली,29
रिति,132
संचारक,126
औधोगिक,1
गलाया,124
चमड़ी,104
छायावाद,167
प्रबोधनी,155
असमान्य,24
तरकारी,179
नगरध्यक्ष,178
मुख्या,4
हजामत,129
अपशिष्टों,143
उपने,51
कॉप,102
गणितज्ञों,119
चखते,179
छिनकी,154
जांघिया,66
गुत्थियां,52
घोलते,157
फूटबाल,33
वेतनक्रम,148
जद्दोजेहद,92
प्रतिरूपण,67
प्रक्षेपित,116
चटाते,75
डराती,13
परिमार्जन,51
बीकर,62
मंगलावार,23
उपचारधीन,22
जबानी,166
ठुमकों,25
झगड़ना,20
अस्वीकार्य,135
सुलझते,96
परियोजनाकर्मियों,47
शार्गिदों,61
कानूनविद्,126
बिगाड़ी,192
ब्राचों,63
उपक्रीड़ाधिकारी,178
ऑफरों,162
चुंदरी,2
भाभियों,195
भौचक्का,98
रूखे,104
व्याधियां,28
किश्तियों,151
ज्वालादेवी,122
दुष्प्रेरण,74
व्यव्स्था,1
व्हाटसअप,106
झड़पों,137
पक्तियां,52
गुजारकर,163
हादसो,137
छोड़नी,39
इच्छुकों,40
किन्हें,51
लुभाता,150
सुधारवादी,27
फुलझड़ियों,16
तिगुनी,197
कॉपिया,140
असम्भव,3
गवांने,190
गुरुसेवक,31
डगमगाई,85
हंड़ताल,11
बेस्वाद,179
ऊर्जीकरण,68
आयुद्ध,199
उपकार्यालय,4
सुपरस्पेशियलिटी,22
घंटाभर,35
मकड़जाल,36
हठवादिता,168
रीढ,59
बादशाहों,146
न्यायहित,183
टरबाइनें,110
रंगवा,186
जोंक,99
पिस्टलें,63
मेरु,72
बलधर,78
परिणिता,90
देवग्राम,23
त्रिशक्ति,72
सदाव्रत,131
लघुकथा,167
रुकमनी,195
गिराएं,191
ठहराये,42
तकलीफदेह,24
जलपोत,103
भौड़े,102
परिचर्या,180
पहुंचेगें,107
चिकुनगुनिया,28
बसेगा,43
शोधपरक,120
स्टोप,102
संलेख,133
एकताबद्ध,27
क्लाइमेक्स,90
जीवनवृत,167
समस्याए,92
पकाये,156
कार्यक्षेत्रों,40
जलेंगी,177
छाएगा,43
दों,97
पहुॅचे,35
पृष्टभूमि,167
सौवें,71
प्रथमिकी,11
मनाइए,44
सूर्यकला,23
हटवाएगा,43
स्वावलम्बन,73
झिलमिलाते,17
भौंहे,59
लहरावन,78
महारूद्राभिषेक,131
बाढ़,171
मंडराना,3
हड़काना,185
सींचते,56
मानभत्ता,78
भूलों,95
खुशियाल,11
महँगाई,92
सौमेंद्र,26
प्लावित,189
प्रशिक्षणोपरांत,40
समालोचना,167
अंजानी,65
ज्यादतर,118
अच्छाइयां,52
सुकर्म,196
शांतिवन,122
लेबी,172
बगुले,187
टंकार,138
कंपास,116
दंगाईयों,137
गुस्सायी,174
नाट्यकला,167
श्रीराधे,31
शांतिपाठ,131
निरूपित,67
खादें,56
बेईमानों,147
फुलगोभी,46
पर्यटननगरी,11
तिरपन,97
ज्यामिति,116
जलेबियों,179
जजबा,30
धर्मपरिवर्तन,61
स्तरहीन,135
महासर,72
फूहड़पन,166
त्रिदीप,23
घेरती,160
उजड़ना,30
चहचहाट,187
तानाशाहीपूर्ण,135
अधिपति,72
प्रचवन,89
सुधरेंगी,177
मुट्ठियां,83
बीआई,172
अपंगों,38
फसाने,65
खिलकर,37
खिताबों,33
भावार्थ,8
सजाओं,183
रुलाना,185
दरख्तों,37
ठेलेवालों,115
खटखटाएगा,43
हाथोहाथ,140
नफरतों,65
होम्योपेथिक,180
छुआछुत,123
सदगुण,196
सींखचों,36
सम्भालने,182
लठमार,44
बसंतकालीन,23
रमणीयता,189
बैरीकेड्स,16
बांधो,100
गेहूंं,78
घड़े,86
जनश्रुतियों,121
महाभंडारा,78
दीने,176
गुजरातियों,136
बासमति,46
परिवर्तक,116
उद्घाटनों,68
पैतरे,20
सड़े,99
हाजमा,192
फहराएगा,43
ठूठ,37
त्रुटिवश,120
गद्दीस्थल,122
मनवाएंगे,107
बरखास्त,173
कुर्तियां,83
गीते,109
हिमांक,143
मध्यवर्ग,169
चिकित्सों,22
घूमंतू,58
संवर्गों,148
पैदावर,56
जनस्वाभिमान,23
छुड़वाना,185
फांदने,85
प्रार्थनाओं,61
जबड़ों,59
दरका,160
संतजनों,61
देवासुर,72
उत्तराखंडियों,63
उच्चारित,67
भिड़ने,182
प्रबंधको,19
देहान्त,38
कृपासिंधु,8
मंगाता,34
इमर्जेंसी,172
शस्त्रधारक,23
दौड़ाई,163
फिल्हाल,64
स्मगलर,53
नांमाकन,134
चलतीं,13
झाड़ों,152
धाराप्रवाह,188
पालकियों,16
यहूदियों,136
अमृति,23
आवंटनों,50
गडबडी,76
गाड़े,42
चुराती,13
प्राप्तकर,91
भैंसो,69
मुआशरा,176
लौहगढ़,145
भट्ठेदारों,63
नोटिफाई,173
तटवासी,58
नामिक,116
कुल्चे,179
सहयेागी,184
फटिक,2
दिखाऊंगा,144
सुन्दरकांड,131
चढ़ानी,39
रुखसती,65
आक्रमणकारियों,199
पाबन्दी,173
आकारों,116
कबसे,65
बदनीयत,168
हृदयस्पर्शी,188
महामस्तकाभिषेक,131
हेडकांस्टेबिल,0
ईष्टदेव,159
अबे,82
गरमागरमी,11
जनान्दोलन,27
झनझनाहट,87
बलिष्ठ,149
अपेक्षानुरूप,51
आत्मविश्वासी,149
उथले,103
नित्यप्रति,51
उदयाचल,17
ठेकेदारो,147
भष्म,196
पिछड़ावर्ग,169
वाकीटाकी,78
थायरॉयड,28
जगाएगी,170
गाड़ने,15
बेराजगार,50
बाछें,30
बनवाती,13
विशोक,155
दुबकी,160
निठल्ले,82
संग्राहकों,162
शक्तिवर्धक,180
राजस्मिता,23
समयांतराल,165
लड़ीवार,78
डींगे,49
छड़ियों,16
ढोता,117
नापना,3
सड़ाध,30
नव्य,121
कुरूतियों,123
हबीव,184
बैठक्,11
जलमहल,77
आख्यानों,120
हिमराज,26
खाद्यानों,56
शिक्षाप्रेरकों,63
छाएंगे,107
सुचारिता,11
प्राधिकारण,4
बिखरेगा,170
शिवेन्दु,23
तीर्थस्थली,122
जकड़ने,36
निश्चयी,149
नवचेतन,23
अमूर्त,60
बघेरी,55
अन्जान,65
कर्मकांडों,61
गोटें,83
स्वयंसेविकाएं,83
चिपचिपा,104
गतदिवस,44
विजयप्रताप,26
मुखड़े,25
संचालिकाओं,19
वाणियों,61
हर्गिज,82
कार्यनीति,1
स्वीकारना,3
लैक्चरार,0
सुलझती,96
अफसोसनाक,135
नेफ्रोलॉजिस्ट,22
स्वाब,11
मोडा,2
नवविकसित,18
उत्सुकतावश,98
दफ्ती,140
झाडियों,37
प्रथाओं,95
सोभ,184
जनवाणी,167
नाचो,7
फ्लोरिकल्चर,172
उपजाए,56
कान्स्टेबल,0
बन्दरों,81
वासुकि,72
थिरका,25
चुकाएं,130
अर्कवंशी,8
परीक्षार्थियो,108
एकात्मता,73
लेखांकन,1
आशुभाषण,32
इसकों,19
छिटकी,160
फलदाई,51
घुमाती,13
उपेक्षितों,169
उपभोक्तावाद,27
अभिक,109
टिककर,163
जोखिमपूर्ण,24
भगाता,117
डायटिशियन,22
विजातीय,143
यतिन्द्र,26
तरकस,21
बोटी,21
शीतावकाश,165
वक्ष,59
होर्डिंगों,16
कार्याकर्ताओं,63
चुकते,168
औषधिया,180
झोपड़े,77
पकेगा,43
शायं,113
शेयरधारकों,162
सुंघाया,41
कालापन,186
गूढ़ा,2
घटेंगे,107
चलनेवाला,117
वकालतन,11
कपटी,196
असमायोजित,67
शिवबारात,78
उड़ेलने,15
फांदते,85
मुक्तिदाता,196
शैलकुमारी,94
सिमन,128
जमाएं,191
ढकेला,85
प्राधिकारियों,19
आख्यान,167
फूलवरिया,29
अन्तर्जनपदीय,23
काढ़े,46
झंडेवाली,159
ग्राउन्ड,102
प्रत्यक्षीकरण,142
समार्हता,78
लूटो,7
लकड़कट्टों,16
स्वर्णनगरी,122
सुयोग,51
सीपीवीएफ,23
विश्वजित,8
चिंतामुक्त,51
गिनाना,3
कस्तूरीरंगन,109
छुपते,163
संग्रहकर्ताओं,119
नटवरलालों,63
जनविश्वास,181
वहशियाना,74
विसंक्रमित,104
समाधिस्थल,122
साक्षात्,72
रहट,152
बढ़वाई,197
परांठा,179
छिड़कने,156
बनोगी,7
दिलवाएगी,170
पिय,161
टेडीबियर,78
अग्नेयास्त्र,143
किसानसभा,178
गड़बड़ा,192
जगतजननी,159
नौसैनिकों,199
आजीव,128
नृपति,8
उदारतापूर्वक,105
कार्यालयीन,4
पुनर्रीक्षण,89
सौमिक,109
विदेशमंत्री,114
खटखट,163
दिलवाएगा,43
अष्टजाम,72
कर्षण,116
माइक्रोबायोलोजी,172
गुंजता,138
जूठी,179
नवगीत,167
बघाट,128
छेड़े,42
खिसकाने,182
गड़गड़ाहट,138
घडे़,152
संलेखना,131
मचाएं,127
बुजूर्गो,63
लेनदार,130
खग्रास,155
सटाते,75
तैयारियो,11
अगुवायी,11
मरोड़,21
पंसा,52
काश्यप,8
घुंघरुओं,138
आनंदकर,189
टहलती,160
तर्कहीन,135
दुष्कृत्य,74
गंवाये,190
मंजा,2
विरुध,168
कश्मीरियत,136
महकते,37
तंदुरूस्त,104
झगड़,96
दर्शकदीर्घा,11
पछतावे,45
महत्तवपूर्ण,188
लगानेवालों,15
क्षेत्रीयजन,14
मखना,30
रूपयें,111
सलोने,186
भक्तिमयी,189
नवजागृति,27
पढ़ाएगी,170
उबड़,151
बिच्छु,99
उन्मुखी,60
सूर्याेदय,131
सरंक्षित,67
संर्वधन,1
गोपुत्र,23
पुर्ननिरीक्षण,89
पड़कर,36
खदेड़ती,20
कार्मस,172
करछम,128
संध्याएं,52
महरून,186
संचारित,67
लोहरी,44
धनुषपूजा,78
झपटते,163
झुर्रियों,104
नगौला,128
बजबजाता,117
धंसकर,85
बड़हर,184
खुशनूर,84
खानाबदोशों,153
पूंछतांछ,53
चौमुखापुल,29
चुम्बकीय,116
चंगे,82
गवार,82
परखनली,143
अभिमंत्रित,131
कपडों,66
छीटे,157
दशरथी,8
पोछ,152
वस्त्रदान,105
शिलान्यासों,68
अन्जाम,80
खद्यान्न,23
संर्कीण,128
सूंघते,41
हलाहल,196
स्थागित,67
मूत्रालयों,63
बढ़ती,197
आरामशीनों,63
कनकभवन,184
घोंघी,84
जि़लाधिकारी,178
उनसठ,97
भावभिनी,189
खुदायी,89
सियारों,81
व्यवसासियों,63
मुताविक,118
महन्थ,8
विधायकजी,178
महासत्संग,23
मानकार,118
रुचिपूर्ण,188
गिनाएं,88
उत्पन,24
खारीज,173
दोगड़ी,78
सिस्टमेटिक,172
चिड़ियाघरों,187
दुर्दांत,74
फरमाइशी,25
मदहोशी,65
निणार्यक,27
शिक्षकविहीन,108
संकेतिक,142
घुमाए,163
रजिस्ट्रारों,63
छूटीं,160
आचलिक,14
खंभें,77
गृहराज्यमंत्री,114
अशुद्धता,143
अमलादही,78
झंझावत,171
सभापतियों,19
श्रेणीबद्ध,67
विरोधों,95
धर्मकांटों,63
दुर्भावनापूर्ण,135
चयनिका,94
बिहारवासी,14
पढ़ायें,191
आपुर्ति,110
अग्निहोत्र,131
एकतारा,138
अध्येता,126
यादाश्त,24
मंगवाये,34
बतला,194
पढ़त,140
ढोये,152
खिलजी,146
कू्ररता,74
किशोरिया,23
अटकल,5
अपहृताओं,63
महानिर्वाण,31
पैखाना,152
जलपात्र,131
कठिया,56
शिष्यता,31
मुडेरा,29
महादीप,18
सद्विचारों,196
अफसरो,19
पुरुषवादी,135
शिकायतो,133
विषाद,45
ठिठुरता,9
गिड़गिड़ाती,10
हृदयस्थल,18
भभूति,159
चमकाई,160
सटते,152
व्यपारी,115
भूवैज्ञानिक,121
ब्रजप्रांत,23
दंतेवाड़ा,18
अपराह्व,78
जाउंगी,144
अभिप्रेरित,51
सयाने,82
उपाध्याक्ष,23
कबीलों,58
संगोष्ठियां,32
भुनाते,75
छोड़ता,117
उन्तीस,97
कर्मचारीपुत्रों,63
घुमक्कड़,58
टिमटिमा,17
बहुसंख्य,169
अबाधित,121
करकमलों,193
टहलाते,75
ट्यूबबेल,110
रूपहले,186
लाचारगी,45
विशिष्टताओं,95
बढ़ार,170
जागें,141
जताएं,164
टाइटेनियम,102
करतूतें,74
शाकम्भरी,159
शराबमुक्त,89
चिंतामन,159
टनाटन,82
राजधानीवासी,11
दुर्लभतम,188
दिव्यकांत,23
नितान्त,51
जनदबाव,173
बरसाता,157
दुहने,69
पिघले,157
डला,62
अरून,184
क्षमतावृद्धि,11
सेकेंडों,106
कुतंल,184
स्वेच्छिक,73
बुजर्गो,38
फ्लाईट,102
न्यूतनम,14
झिझकते,98
प्रावैधिक,1
निरामय,73
विद्यापरिषद,40
मैंनेजर,0
उपप्रेक्षक,178
उपडाकघरों,50
उतावलापन,45
स्वशासी,40
अम्बवानी,23
अफवाहे,166
सुमेरु,72
सभायें,32
संवेदनशून्य,135
बलप्रयोग,168
फुहारे,157
फरोशी,65
गिरायी,88
जितवाने,190
प्रदर्शनकारियो,63
मधुरम,189
सुशान्त,109
हाँ,194
घरौंदों,151
चौरहा,184
पंचांगों,120
पकोड़ी,179
प्रेममय,189
फसलोत्पादन,56
फूलपत्ती,193
विकटों,190
साँस,28
उपजाते,56
भूमिदान,58
विश्वविधालय,40
सलहज,195
सुनवाया,25
जोतते,56
पतांजलि,128
कीटपालन,89
पिल्ला,81
उपस्थिती,91
औपचारिकतायें,52
पुर्नस्थापन,1
सुखाग्रस्त,89
फलते,37
कथकली,129
खलियानों,56
कराटा,33
कान्ही,2
रुपैया,111
भिक्षुकों,61
पिने,41
चढ़ें,191
गुरुभक्ति,189
पकते,156
डटने,128
नर्तकियां,70
ओढ़ना,66
रेशेदार,104
बनाऊंगी,144
पोह,30
पिंजौरा,78
पदग्रहण,173
कोर्रो,102
पुरखे,58
सजीवता,181
तुलादान,131
पीकदान,152
पण्डालों,139
विभाज्य,116
सौहार्दपूर्वक,73
हड़बड़ाकर,98
सिरत,184
दम्पतियों,132
सहस,161
सिधारे,8
घिरीं,174
एमडीएफ,172
जोतना,56
हटो,7
राशनकार्डों,50
प्रियानंद,31
निखारे,150
नातेदार,195
थानास्तर,54
गिनाएंगे,107
दालमोठ,179
धारियां,186
पूछिये,194
नामांकरण,67
तमाशाई,5
चिन्ह्,193
मिष्ठी,94
पुनर्भरण,1
मिलाओ,7
रोपणी,56
नासपाती,46
नबंरदार,23
नौवे,71
सैंकड़ा,97
तुर,30
ओवरसियर,0
सुवासित,189
जमाता,117
शुरूहोने,6
पैराग्राफ,120
सुसमाचार,61
घोंसलों,187
भोगनी,39
संभ्रान्त,169
साम्यवाद,27
सृष्टिकर्ता,72
उपअधीक्षक,178
रिझाना,185
वारदातस्थल,11
स्वजन,134
क्रिकेटप्रेमियों,119
नहलाकर,156
तरक्कियां,83
तीक्षण,24
कर्मचार,47
इसदिन,155
श्यामप्रकाश,26
बेजोड़,188
प्रतिस्थापन,67
पाठ्यचर्या,40
गढ़कर,36
खाऊंगा,144
आह्नान,27
बीमाकृत,130
नवग्रहों,72
सींची,56
सन्मुख,8
श्रेयश,109
अश्मित,94
बुझाएंगे,107
बुधबार,55
बाहुबलि,147
छेडे़,27
चर्तुदशी,155
किवंटल,56
सेवांए,133
कार्यकुशल,149
सांतवें,71
प्रतिलिपियां,52
पूर्णी,159
फाड़कर,41
प्राध्यापिकाएं,52
स्वेच्छासेवी,63
भाविक,189
चूसकर,41
सफाइकर्मी,47
बहुरानी,94
मूल्यपरक,73
निपटाती,13
तड़पाया,124
गृहकार्य,108
झाड़ता,152
रगड़ी,152
मासाहार,131
संजोना,3
तरसाया,124
पूड़ियां,83
ढहाये,42
सड़ती,152
उचट,141
मुटियारें,63
मनती,44
पतलून,66
निम्र,136
नवागांव,29
तनावों,95
तीर्थपुरोहित,122
सत्तावन,97
भूलभुलैया,151
प्रवचनकर्ताओं,61
पठार,18
नगरीपार,29
थोपें,191
ठगता,20
जनविकास,73
गूंजेंगी,177
वर्गाकार,77
विरंजन,104
दबती,160
साहित्यों,167
चंदसर,78
बल्लेवाजी,78
प्रोटीनयुक्त,143
प्राविधानित,12
गप्पें,49
इच्छापूर्ति,196
घुमती,160
गुच्छन,116
परिशिष्ट,120
पायदानों,151
सुरताल,25
छीनीं,53
हदतक,45
अमंगलकारी,196
व्यक्तिवाद,27
छप्पनभोग,159
झगड़ता,117
पिछवाड़े,77
मैदे,179
रेडियोएक्टिव,143
बालिकायें,38
स्वरलहरियों,25
सीखाए,124
समाधानों,95
विशेषातिथि,11
सभाषद,78
धुलाने,15
गोसंरक्षण,89
खर्चीले,149
कार्यबंद,11
अधपकी,179
भरायी,88
घिसी,154
नपना,30
पिलायेंगे,107
ब्रह्माचारियों,63
छोडूंगा,144
समविकास,89
जटवारी,29
फरमाएंगे,107
चित्रवंशी,89
काग्रेंस,48
पूजना,185
न्याययिक,183
तोलकर,79
बाँट,124
बिछवाया,124
आकुल,189
आइपीडीएस,78
मेंड़,152
फलोत्पादन,56
दुर्बीन,23
पित्ताशय,28
चकोरी,161
घोसलों,187
उपस्थति,11
ईकाइयां,52
आन्दोलनरत,27
सेतुओं,93
पिंजर,21
निकाहनामा,173
उपजाई,56
उबकर,184
गिनाये,42
चिक्की,179
व्यवहारों,95
हीरेवाला,23
चुनेगा,43
चैत्य,77
झपट्टामार,53
ढाकवाला,145
तकनिकी,1
पाण्डुलिपियों,120
प्रबंधकी,178
मार्कशीटों,63
विश्वकवि,167
सिकोड़ने,15
श्रेणीकरण,67
सदाचरण,196
लिखों,82
अधिसूचनाएं,52
त्यागो,196
अभियुक्तो,183
जीवक,180
जलायें,175
सांख्यकी,1
जलेबियां,179
फेरीवाला,2
परची,140
रूकेंगे,107
खोका,53
पर्यवेक्षीय,1
बांटेंगी,177
रथी,8
भूलनी,39
बनायीं,88
फिकवा,152
अमरज्योति,109
प्रसांगिक,89
लहरे,103
लड़ती,13
डुबाने,103
नोचते,152
पश्चिमबंग,14
आवामी,136
क्षिप्रा,122
दुबकना,163
पिघलते,157
पंखुड़ियां,83
ऐंठकर,21
उजाड़ा,153
क्षुधा,45
पुर्णाहुति,131
पैंशनर्स,50
बसीं,195
कर्मजोत,78
गुरुपदो,23
झंझावात,171
झगड़ने,96
तकरारबाजी,11
दयमंती,128
दहले,30
ध्वजारोहरण,193
पकना,46
पटकते,49
नोंचने,41
असरकारक,180
गुरूमुख,31
खींचनी,39
अच्छत,161
एंटीबॉयोटिक,180
वादो,48
सरकते,85
पशुचिकित्सक,22
नेत्रहीनता,24
दबोची,53
जलावनी,86
टालनी,39
गिरवाकर,34
वृत्तों,116
भींगी,157
जिलापरिषद,178
ब्लाकस्तरीय,54
हुबहू,166
सुगत,8
नवयौवन,189
झांकता,117
जालों,36
परीक्षाकेंद्रों,108
भूलो,7
पासबुकों,50
सगठनों,119
खड़ंजे,198
पचने,28
कंपाऊ,116
आजमाएं,191
हरजाना,130
अंतरदेशीय,14
सिलाने,15
जंचने,15
आहर्ता,130
तीर्थधाम,122
सैकेण्डरी,108
मधुमास,37
नराज,2
तपिस,30
जुड़वां,38
गाडे़,30
़जरूरी,89
धर्मस्थान,61
लड़खड़ाया,85
बैरागीवाला,23
नगाड़ा,138
त्रिमल,23
घिमाणा,55
आरेाप,184
तुड़वाए,89
रूपो,116
देवशर्मा,8
झगड़ालू,82
आनन्दित,189
विकासकार्य,1
उत्पादनरत,11
तापकर,156
जयकारें,11
क्यार,2
ऊँची,154
जन्मकुंडली,71
रगड़ती,152
आलिंगन,189
हड़पकर,184
उपविषय,40
लड़ेगे,20
पढे़ं,53
प्रोजेक्शन,106
बण्डल,62
पटवारखानों,63
खटमल,99
कार्यवाहिका,11
एआईवाईएफ,78
संवारेगी,170
दस्तरखान,179
शैक्षिणिक,40
चंहुमुखी,73
एकांतवास,165
वर्जिश,5
घुसों,51
दर्शित,67
जनकदुलारी,26
घनघनाती,13
खरपतवारनाशक,143
लिखोगे,7
ओढ़ाई,66
कार्डियोलोजी,22
आमआदमी,147
उनतक,105
खंगालेंगे,107
भवंता,128
आरोग्या,78
लिपिस्टिक,104
साघर,29
मत्तेवाड़ा,78
लविशा,128
वॉलमार्ट,115
बुझाएगा,43
पिसना,185
क्षतिपूरक,130
रामवली,26
लड़ें,191
अभ्यारण,18
अतिदोहित,116
बहुप्रचारित,27
प्रांतो,14
दृश्यकला,70
गड़गड़ाहट,78
गैरजिम्मेदारी,135
वर्गकक्ष,11
पक्कीसराय,78
कारागृह,183
अभया,94
मण्डलाध्यक्ष,178
धुलकर,157
वर्णाली,78
लगनेवाली,154
धनराशी,130
तिमिर,17
अवैरी,78
घनौला,78
तत्वधान,32
भरेगे,43
गडरी,184
जताएगी,170
अंगारा,171
पराधीनता,101
डगमगाया,85
छुड़वाई,20
विकासभवन,89
गड़बडि़यों,76
थप्पड़ों,49
चूडि़यों,16
संप्रेषित,67
शक्की,82
शुभागमन,105
रीडर्स,106
विशालतम,129
दिलवानी,39
खटोले,163
मुस्कराकर,98
झरोखों,77
पैथालोजिस्ट,22
बेलाहार,23
मगंलवार,35
लालचवश,168
बेबुनियादी,135
नमाजें,176
रोपेंगे,107
सुखदास,31
मुनष्य,196
भदौला,29
फेंकवाया,124
पंथों,61
चंादी,184
गिनायीं,89
लफंगे,82
बल्वों,16
बकासुर,72
चुड़ियां,83
खेलीं,190
खंडर,77
कुण्डों,122
इफ्तिकार,84
जनगीत,25
लहान,55
पंचायतन,122
कमाये,111
अवश्यंभावी,24
फर्नीचरों,63
समाजियों,136
सप्तरंगी,186
पिपासा,91
दरियों,16
भूने,156
शैतानों,147
विगुल,138
प्रभुता,91
पैंक्रियाज,28
अजनबियों,57
मद्धम,17
दबेगा,30
ट्रेक्टरों,110
मश्क्कत,21
सिद्धपीठों,122
संतुति,4
वशीकरण,180
धन्नासेठों,147
चूमते,41
खूनखराबे,171
प्रतिध्वनि,138
चमड़ा,104
घाटीवासियों,63
इंतेहा,80
गौभक्त,134
अभिभवकों,63
संजिदा,184
राजधन,90
हिलना,185
सुखड़ा,78
विद्यर्थियों,63
मेहरुन,84
मुहंतोड़,41
बिल्वपत्र,131
धोखाधडी,76
लोककलाओं,70
शहादतों,57
यादगारों,63
बोता,56
बिताती,13
नकारापन,164
जाडे़,9
मरें,191
अनुसूचि,12
मनायेगी,170
पुष्पाधिवास,23
भौंकते,75
सोचिये,194
संवासनियों,63
लूटती,13
भोलेपन,166
सर्वकल्याण,73
गरमायी,96
कुर्री,29
इकाईया,4
अंशदाताओं,162
समाजोपयोगी,73
त्यौरियां,83
अभियोगी,183
तोतों,187
लिखूं,144
आन्दोलित,27
संघर्षविराम,199
मानववादी,27
फरमाती,13
नियमावलियों,12
उगाता,117
अगरबती,86
बीवियों,125
मेहमानवाजी,80
मोनिशा,94
कवी,126
ग्रीवा,59
डूंगरा,29
पुर्जी,11
बतखों,187
मूर्खाधिराज,23
मकरंडा,78
साइकोलॉजिस्ट,172
झझर,128
असरकारी,180
उछलता,117
अधम,196
गुरूजन,31
धर्मसंकट,171
नलनी,128
पंजिकाओं,133
भुरभुरा,104
विशिष्टि,142
सहचालकों,63
घूसा,49
ढ़ाबे,179
तारनहार,72
रत्तीभर,164
विभागध्यक्षों,63
अचिंत्य,189
दुधमुंहा,38
मचलने,87
धर्मविश्वासियों,63
चूसते,41
ढुकड़ा,78
दीर्घजीवी,149
दीपमालाओं,16
जनमाष्टमी,155
आवासहीनों,153
सांकृतिक,14
मरंमत,184
निपटीं,173
उपस्वास्थ,89
दुखना,28
मेढ़ो,78
पाऊं,144
तपके,82
गरमाए,96
कंदला,55
अघाते,75
केचुए,99
अन्जुमन,84
सुनायेंगे,107
गुदरिया,29
भतीजियों,195
पहनेंगी,177
परदेसियों,65
डीवीएम,172
इकहरी,154
अल्पसूचित,133
अंतरमहाविद्यालय,11
शिवकेश,26
बीजोत्पादन,56
बितायी,88
पेशवाई,146
मटिहाना,23
पदचाप,138
चालिसा,159
गृहप्रवेश,131
खुंडे,63
कुलीन,146
उपाधिधारकों,148
इतंजार,165
बंदूके,199
विद्यानिकेतन,31
बावजुद,6
पिघलाने,86
जूल,197
कुंतलों,63
पलना,161
अंतर्देशीय,14
शिकारा,187
सधन,55
भगवन्त,26
बैसाखियां,83
प्रेषक,109
पोतियां,83
चतुर्मुखी,72
नुकसानदेय,24
पीेछे,102
सेमसन,128
सदगति,196
लेखाकर,4
राष्ट्रस्तर,63
गोसंवर्धन,73
पचड़ों,20
विनम्रतापूर्वक,105
पशुचिकित्सालय,22
तीर्थपाल,122
तगमा,20
जाममुक्त,89
उलटियां,83
कास्तकारी,23
छीटों,157
ब्रह्ममुहूर्त,131
हलचलों,95
पशुमित्रों,63
परमहंसाश्रम,23
कसौटियों,95
एकरूप,116
सीमाक्षेत्र,18
वताया,2
फेकें,62
नागिरकों,136
तोपें,199
चिंदी,62
आकर्षणी,11
मिसाइलें,199
सुदय,184
भेलपूरी,179
प्राथमिकि,89
निबंधकों,63
चूल्हापानी,78
बुझाएं,175
रोपें,37
खुदवाये,34
मुस्कुराकर,98
रोएं,104
लड़ता,117
लाईं,88
अक्टुबर,165
किश्तियां,83
बख्शिश,80
नशाखोरों,19
अग्रवन,8
इंतकाम,65
उदे्श्य,44
फोड़ो,152
भूमाफियों,147
महीनेदारी,11
सराहने,105
केलों,46
राशियां,52
विलम्बित,24
संगृहीत,129
कालोनियो,153
इस्पेक्टरों,63
तैय्यबा,84
नत्थे,84
प्रतिहस्ताक्षरित,133
पहनेगा,43
जगताप,145
अहिवरण,78
ह़जारों,63
ग्र्रामीणों,54
केन्द्रीयकृत,1
प्रासांगिक,27
फुसलाने,182
चिमटी,21
नचिकेतन,23
प्रमण्डलीय,4
वानप्रस्थी,131
हिमवीरों,63
रोडे़बाजी,11
इक्कतीस,97
उपाघ्यक्ष,178
कुवांरी,38
कूदेंगे,107
घुसिया,29
घोलू,170
जहॉ,18
दूकानदार,115
रसोईगैस,86
राज्यवार,14
बिघा,55
राष्ट्रगौरव,73
पूंछे,194
प्रतिष्ठानें,11
विचारे,135
सत्रहवीं,121
हमजोली,65
तिरसठ,97
बीबियों,176
रस्मे,132
मांजने,86
जोखिमभरा,135
नवयुवतियों,129
फेंकती,13
लाेगों,139
गृहण,131
त्रिमासिक,40
नसीहतों,80
पढ़नेवाली,154
पुचकार,41
भभकने,30
सुलतानी,23
हिदुस्तानी,136
ऐशगाह,153
अनुप्राणित,121
आंग्ल,14
तुड़वाना,185
दिगंत,171
पचांयत,55
भौंहें,59
यथार्थवादी,188
छिड़कते,156
सशक्ति,11
व्यापारकर,89
हंालांकि,64
गिड़गिड़ाता,10
उधेड़ने,36
अतार्किक,135
विषमताएं,52
शपथपत्रों,133
पड़ो,7
युक्तीकरण,116
लावारिसों,63
विकलांगो,89
सबरस,128
अवसरवादिता,181
सिद्धदात्री,23
मागती,160
जवारों,46
मिटान,89
ऊपरवाले,82
जिलासचिव,178
भीड़भाड़,11
एनस्थीसिया,22
झाड़ती,152
जिएंगे,107
एकेडमियों,63
उदंड,82
आस्तीनें,83
अंधविश्वासी,61
उलटने,182
त्रयोदशाह,23
इन्द्रबीर,23
दायरों,95
समूहो,162
सेवाओ,1
महाद्वीपों,14
ठहराता,168
दिलवाता,129
हाड़कंपा,173
द्वीपों,18
सिंहनी,81
रेलगाड़िया,93
फुर्तीला,149
परोसकर,179
छिड़की,156
नयाब,84
अकांवाली,78
मनमोहित,188
ब्रह्मामुहूर्त,23
पटोली,29
निर्माणस्थल,11
तनहा,65
गुरुघरों,63
अखाड़ेदारों,63
हांसिल,91
सबलता,181
विवाहितों,132
भड़काना,185
फुलाने,15
ठेकाकर्मियों,47
करानेवालों,51
आयताकार,77
गलाई,86
रगड़ा,152
हप्ते,165
रुसवा,65
महाघोटाले,76
मंड़ई,184
मंगलगान,25
नक्सलग्रस्त,18
तिकोनियां,83
टहलाने,15
गढदीवाला,35
अंतरगत,67
सामांतर,18
कास्ट्यूम,90
सेक्युरिटी,172
शरफराज,84
मनोविकास,40
स्पष्टवादी,149
सजाती,13
महत्वाकांक्षाओं,95
बिंदुओ,95
देहि,161
रखोगे,7
कहलाई,88
जन्मपत्री,140
संपत्ती,130
शुभकारी,155
जगमगाएगी,17
दुधमुही,38
स्नेक्स,102
दिखवाकर,34
जुडे़गा,89
ट्रौला,78
बिनो,2
भिखारिन,38
वैठक,184
शकरकंदी,46
सकूंगी,144
सगोत्रीय,58
चुनावचिह्न,48
नाचेंगे,107
कीक,128
चन्द्रग्रहण,155
उपचारों,180
खैरहनी,55
पलके,163
वासुदेवाचार्य,31
अठोली,78
भाड़ेदार,89
सेवायोजित,89
पलटियां,83
दरिदों,74
बौद्धिकता,181
मड़इया,30
सोरण,184
बुग्गियां,83
पटाका,179
पिरोए,100
गत्ती,78
रेखाचित्र,116
टेडरों,63
चुभते,21
उपखंडीय,54
शेखी,82
बाइसाइकिल,112
सच्चरित्र,149
संधावली,29
वषों,97
बौद्घिक,91
पुष्पवाटिका,37
दौड़ाये,85
जयगुरु,31
ऋणात्मक,116
इंद्रदेवता,72
आदिब,128
सीमांतवासियों,63
दिवंगतों,119
छिपाएं,191
संभलता,85
लिखवाते,75
दण्डी,31
एकमंच,119
उड़कर,158
शाखायें,52
इन्त़जाम,89
शरणगाह,153
लक्षन,28
महासमाधि,31
भौरों,37
परिस्थियों,95
नियुक्ती,148
धकेले,85
जमातों,136
खैंची,2
थोथे,168
बाटें,191
मणीभूषण,78
संघवाल,78
कुव्यवस्थाओं,63
बिगड़ेंगे,107
देवभाषा,167
दुहरायी,88
एलबमों,90
कृपानारायण,26
तिगुने,197
हृदयरोगी,22
प्रवाचक,31
़गरीबों,63
अभिसरण,116
घंटिया,138
दहकने,175
घेरो,152
थानांर्तगत,29
छात्रगण,108
चौंकने,98
रहमतें,176
कोपलें,37
तिलमिलाई,98
कल्पनाएं,52
ज़मीन,151
गुनगुनाती,160
म्यूनिसपल,172
सांख्यकीय,1
रेशों,104
मजरुल,84
नाड़ियां,83
उपदंडाधिकारी,178
हेल्थी,46
घोले,157
सत्तरह,97
हिन्दूवादियों,136
पेट्रोमेक्स,102
ऊंघते,163
काकटेल,5
क्रूरतम,74
गोशाले,69
भक्तराज,8
जलक्षेत्र,18
ढलना,3
प्लैटिनम,143
श्रोतिय,23
लाईनमैनों,63
धुलावट,78
चढ़वाना,185
सोचेगी,170
धन्धा,5
सद्कर्मो,196
तर्कपूर्ण,142
जिंदगीभर,57
लचक,59
पुर्णेदु,89
दौड़ायी,85
चेरिटेबिल,78
रेलइंजन,112
श्रद्धानुसार,131
मासाहारी,46
मंडराए,171
बिमारियां,28
पैदाईश,80
नृतक,25
असम्मान,164
कंजड़ों,78
चका,161
लीजिएगा,144
सागरों,151
संस्कृतिकर्मियों,119
अनजाना,45
पढ़ोगे,7
बिलौझा,55
भाषावाद,123
महर्षियों,31
संक्रमितों,63
गिऱफ्तार,11
अर्घ्य,131
खंडी,58
भावनृत्य,11
लम्हें,65
चांटे,49
टिकाना,185
दिखाइए,191
नालायक,82
सीखिए,191
घनघनाए,106
चलवाएं,34
सिरफिरों,136
अनिच्छुक,164
आपातस्थिति,24
ईश्वरानंद,31
उत्पीडऩ,74
उबाला,156
कुशपाल,78
मतावलंबियों,61
छिनता,101
उगाहने,111
उत्कीर्ण,129
सुखदुख,189
विकासीय,1
वशीमूल,78
रोशनाई,186
रामवाटिका,23
महानायकों,119
डकॅ,78
जलविहीन,198
घटाते,197
हारें,190
रीती,161
फिल्माने,90
शैले,109
टखने,59
़िजम्मेदारी,11
कर्मफल,196
ओवरब्रिजों,110
आयोजिका,178
कटौतियों,130
कायकर्ताओं,19
गणतंत्रता,44
फैलानेवालों,168
नवाचारों,95
नालियो,198
पंडालो,139
मित्रो,105
बुरका,66
मौनव्रत,131
तख्तापलट,27
गृहजनपद,54
इस्तयाक,84
मोटरवाहन,112
बालोद्यान,40
द्विभाषी,14
लालसराय,29
लंगड़ा,82
मंागों,63
मधुसूदनन,26
बरातशाला,78
चबुतरे,77
दोमुंहा,104
उधड़ने,184
विधानों,12
पौधारोपन,78
पहुँचेगी,170
महेता,109
महाभियोग,129
टाईफाइड,28
छल्ली,104
गर्भाश्य,28
संसर्ग,196
माखनचोर,8
मलबों,151
बारहदरी,77
फिराकर,163
प्यादे,5
नीमहकीम,180
चौखटों,16
घुसती,160
कीमा,179
कार्यप्रगति,11
कष्टकर,24
कंचे,21
भागेगा,43
लाटों,16
फांसा,36
कूल्हों,59
दोगला,168
बंजरबाग,78
बिछड़ों,65
वेदार्थी,23
लड़खड़ा,85
तपोबल,72
ताकता,163
नीरसता,45
झोंकनी,39
गुस्साया,174
स्क्रीनों,16
रक्ताल्पता,129
विचारो,95
खापें,58
बढाएं,191
उखडे़,30
दोमंजिले,77
वफादारों,147
आतिशबाजियों,139
मचलते,157
फन्दा,36
गिरवीं,130
सूंड़,152
संस्थापित,67
महानाल,23
प्रतिनिधत्व,73
दाेनों,139
जिप्सियां,83
जलत्याग,131
भगंदर,28
स्वेत,186
चैनत,184
दीपालय,94
अमानती,11
उपनिबंधन,133
दातिए,128
पालेंगे,107
बटाईदारी,130
भृगुनंदन,26
सज्जनता,181
कुहरा,9
गंभीररूप,89
गुलधर,184
यशलोक,128
लूल्हा,23
आर्येश,23
खब्बू,190
कुंडियां,83
निराशावादी,135
परमसंत,128
पौधरोपित,89
मुंबइया,90
संगीतालय,40
पशुतस्करों,63
एएचपीएस,78
शांतिशरण,23
रुद्रांश,72
ह़जरत,78
अवलोकित,116
दुष्कर्मो,74
परीक्षाफलों,63
चुटकियां,166
रूंधे,10
पुलिसकर्मियो,47
कौमों,123
खिलना,37
देवीभक्त,78
रमायण,8
रूढ़,135
जनंसपर्क,4
नेस्तानाबूद,136
गठबन्धन,48
वाशिदों,119
मोड़ों,151
ज्ञापनदाताओं,63
आशांवित,6
चालबाज,82
पासबुकें,50
प्रमुखजनों,63
सुमंगला,94
स्वस्तिका,94
सुविधापूर्वक,51
अंखियां,83
उन्नीसवीं,121
उपनिवेश,14
गारंटेड,106
तोड़ती,13
दरबारियों,146
पुरोधाओं,119
बलंवत,128
मोटरसाइकलों,112
यज्ञसेनी,23
रामदूत,8
सप्ताहों,165
स्नानकर,131
चलों,7
गलीचा,66
केन्द्रवार,4
आलु,179
वास्तुविदों,119
मिलाएंगे,107
पलटता,117
तोलिया,21
छोडे़ंगे,42
घूरना,125
मेहतरानी,2
मतगणनाकर्मी,47
भंट्ठों,63
लाऊंगा,144
रामशोभा,23
जड़थल,78
बैरकें,199
अभिजोत,23
ज्ञानशाला,40
बसाते,75
भिजवाये,34
मुहावरों,166
राब्ता,90
भूतिया,90
ईकबाल,84
कम्बलों,16
टालकर,20
डेरियां,83
देवीभक्तों,63
प्रतिभावन,188
बूदें,157
भोक्ताओं,63
परतंत्र,121
दर्जियों,66
तटवर्तीय,18
घोड़ियां,83
गुर्रा,81
उमीदवारों,48
अराजकीय,89
अभ्यर्थना,131
नक्सलवादी,27
बैठाएंगे,107
बलवाड़ी,78
पेंमेंट,106
पुनरूद्धार,68
पिण्डारी,122
झोंपड़ी,77
छात्रशक्ति,63
सरमाया,80
बालकांड,8
छींके,41
खरोंचे,59
समयमान,148
लटकाते,75
निवासियो,58
दशाई,184
तेजस्व,72
नालें,16
छिपाता,117
पारपंरिक,60
सेंकेंडरी,172
नेकदिल,149
घटनास्थलों,63
समंवय,1
मुख्यता,142
बिच्छुओं,99
बदकिस्मत,57
प्रशंसापत्र,133
झौंक,20
कुनबों,147
अकार्बनिक,143
औद्योगिकी,1
व्यक्गित,60
शांतिपूवर्क,11
बाबूगिरी,5
पहाड़वासियों,63
चापलूसों,147
कसाईयों,69
अर्थव्यस्था,1
अभिष्ट,131
आक्समिक,116
साक्षात्कारों,120
बेइमानों,147
प्रेमसुख,26
तेजस्वरूप,72
गोड़हिया,78
कचोटता,45
आत्मकल्याण,196
अलापना,168
अंतपुर,29
वहशियों,74
पावों,59
संग्रहक,67
शिवस्थान,122
हंसाकर,166
स्मित,109
भौंसले,94
प्राचार्याें,19
नवउदारवादी,27
धुव्रीकरण,123
देवतुल्य,72
टिन्नू,2
झल्लाते,98
जिलामुख्यालय,18
कोनो,118
अकुलाए,161
संभलना,3
रोपते,37
मुस्कुराती,160
फूलवारी,2
धाराशाही,11
ढकें,152
चासी,97
गतिरोधों,95
कंठों,151
उपखंडों,19
छुड़ाएं,20
व्हट्सएप,106
व्यवधानों,95
मुर्गों,187
भवंतु,128
प्राथामिक,89
जमगाई,161
घसीटना,185
गोड़ाई,30
आयामी,116
फटकारीं,174
डमरु,138
रुकतीं,13
मरयम,84
बढे़ंगे,92
प्रथमिक,40
पांचाली,8
देवीकुंड,122
ज्येष्ठा,155
चरणपादुका,159
गुरुपूजा,131
अफीमकोठी,78
नामान्तरण,133
पशुवधशालाओं,63
टेनरियां,83
विश्वबंधुत्व,123
वनमाफिया,78
लुभाएगा,43
मुठेर,78
पुनर्निधारण,67
तालाबन्दी,11
ओलावृष्टिं,171
दीपाक्षी,23
तरनी,161
जगतारण,78
चिकनाहट,104
रंगेली,29
पदत्याग,173
निशाकर,72
सुदुरवर्ती,78
सुलट,20
ऐशोआराम,111
क्रांतिदल,27
गड़बड़,184
परमोधर्म,196
बेराजगारों,19
शंकुल,37
पारदर्शितापूर्ण,89
कटियाबाज,2
सीमेण्ट,86
पदचिन्ह,193
सटीकता,181
सिंहासिनी,72
इठलाती,160
ठिठकी,160
पैकर्स,172
कार्यकर्ताओें,19
घरबार,153
सातवे,71
फंसाती,36
सौंदर्यता,11
विकल्पीय,60
संवादी,60
लिटाए,163
सिसकता,10
तड़तड़ाई,78
हुस्ने,176
ऐलोवेरा,104
कहावतों,167
चंडीपाठ,72
परदादी,195
पैतरा,49
फैलेंगी,177
विधानंद,23
हमपर,82
खींचेंगे,107
अजमते,78
छालों,28
टेक्नॉलॉजी,172
टेड़ा,35
निर्मलानंद,31
रुंध,41
वनारक्षियों,63
हुर्इं,88
फिल्मफेयर,90
जंघा,59
जुड़वाने,15
पुनरोत्थान,68
भोजनालयों,115
यशोमति,8
रखियो,161
रूचिता,94
विश्वमोहिनी,72
सोएगा,141
हड़पी,111
केशरानी,23
खत्तों,16
चीखे,10
जगमगाएंगी,177
द्वारकाधीश,122
ठूंसने,15
उतरवाना,34
प्रशासनों,19
भीषणता,171
उछाली,49
जांचेगा,43
तहरीरों,176
औपनिवेशिक,14
थूकना,185
श्रद्वांजलि,105
जगभूषण,26
थकता,117
जतानी,164
स्वंयसेवियों,63
मकैनिकल,172
महापूजन,131
मंगलमयी,105
म़जदूरी,11
मादकता,189
शुक्राणुओं,143
सरगुण,128
बेआबरू,80
जांचघर,89
मानूंगा,144
भीड़भाड़,78
बाकीदारों,19
बांग्लाभाषी,167
पौत्रियों,63
पडी़,39
नज्मी,25
ठहरेगा,43
घिरनी,21
औचित्यपूर्ण,135
आइएगा,191
विनष्ट,121
मुख्,4
बड़ेरी,184
धसनिया,23
सलौनिया,78
पैतालिस,97
सरकारः,114
गुदगुदाते,166
साहुकार,2
सामाजिकी,40
फिजूलखर्च,5
समाजसेवकों,119
चादरे,66
भुगताना,89
श्रीकंठ,8
पशुशालाओं,63
शास्त्रोक्त,131
अध्यादेशों,12
जनविरोध,27
तयकर,184
दस्तावे़ज,11
पुंसवन,131
राज्यभिषेक,131
कांफ्रेंसों,11
ओझाओं,61
अप्रियकर,23
सहयोगिनी,4
लोकमत,121
महासम्पर्क,73
प्रसासन,4
पॉयलट,172
नीलेश्वर,122
दाड़ी,66
ज्योतिषि,131
जूलुस,128
चंद्रकुंवर,23
उद्घघाटन,68
मुरझाया,37
वंचना,101
आकर्षणों,188
चमचमाता,17
अतिप्रिय,72
आपत्तिकर्ता,89
चिन्हिृत,89
करप्ट,106
पहुंचनेवाले,42
झाँसा,82
मृतको,137
एकसार,156
पूजाएं,131
हांकी,5
थानध्यक्ष,178
गढ़खेड़ा,29
रामउचित,89
घुलते,75
अभ्यर्थिता,148
चढा,41
छलकाने,157
महाध्यक्ष,178
अपवंचना,130
मिकाइल,84
दंडवती,159
उतारो,7
लवानी,109
पहनो,66
दीर्घकाल,121
गिरेवान,163
कांटो,151
रेहू,184
अंगड़ाई,141
फीजियोथेरेपिस्ट,22
बंधीकरण,68
मझीन,78
संजोते,150
उपलब्घ,133
अंतर्मुखी,24
सर्वशक्ति,72
कम्प्यूटर्स,106
स्टंटमैन,90
डिटर्जेंट,104
गृहलक्ष्मी,94
कबुतरी,30
हितचिंतक,134
विचौलिए,78
लगाय,161
लापरवाई,11
मल्टीस्पेशियलिटी,172
सोहार्द,123
गोपालधाम,23
गोताखोरी,103
आवेदनकारी,133
धुंधलापन,186
संवितरण,1
छट्ठी,2
मंगलदल,159
समायोजक,89
घायलवस्था,137
अर्हताओं,148
किंकर्तव्यविमूढ़,98
ढकवाने,15
निर्देंश,133
प्रापर,106
चमचा,134
चालीसवां,71
विश्वासों,95
सैकड़े,97
आंतें,28
