word,cluster
में,53
लिए,53
किया,18
गया,18
हैं,170
नहीं,24
सिंह,83
पुलिस,70
दिया,18
करने,53
कहा,18
रहे,170
बाद,37
करें,178
साथ,53
रहा,68
रही,134
बताया,18
हुए,170
लोगों,74
उन्होंने,18
होने,53
गांव,111
लेकर,53
जिला,45
इसके,53
एवं,53
क्षेत्र,45
द्वारा,53
हुई,134
लेकिन,24
लिया,18
सरकार,45
अपने,53
विभाग,45
मोबाइल,40
वाले,53
दौरान,37
आदि,53
सभी,74
मौके,187
फोटो,40
देखने,49
जागरण,7
जाने,110
दिन,66
नगर,188
तथा,53
जाएं,178
निवासी,111
लोग,170
बैठक,167
शुरू,37
कोई,24
हुआ,68
ताजा,185
करते,170
खबरें,7
समय,53
जाएगा,118
तीन,66
मामले,30
रुपये,16
कारण,11
पहले,37
थाना,111
पूर्व,37
विकास,73
संवाददाता,7
अन्य,53
जानकारी,10
कुछ,24
दर्ज,30
शर्मा,17
जांच,30
अध्यक्ष,82
स्कूल,198
यहां,24
अधिकारी,78
किसी,24
उनके,75
कार्य,53
पास,126
स्थित,45
कार्यक्रम,167
अस्पताल,22
वहीं,24
पंचायत,8
बात,157
पानी,43
किए,110
मांग,102
बच्चों,129
खिलाफ,5
बार,42
रूप,53
बजे,25
काम,53
उन्हें,75
कार्रवाई,30
तरह,53
देने,53
प्रदेश,45
महिला,88
उसे,24
वर्ष,37
मौजूद,126
अपनी,160
उसके,53
शहर,188
चुनाव,177
हजार,66
सूचना,10
दोनों,95
केंद्र,45
निर्माण,37
सहित,74
टीम,27
देवी,58
घटना,30
सड़क,33
विद्यालय,12
मुख्य,53
शिक्षा,198
चार,66
बीच,95
प्रशासन,196
बिजली,186
रात,184
शामिल,53
जिले,45
होगा,21
कार्यालय,78
संवाद,147
इससे,24
मौत,59
उपस्थित,167
करीब,66
लाख,16
सुबह,25
दिए,110
नाम,18
पांच,66
अधिकारियों,196
कराया,87
जाएगी,118
आयोजित,167
राम,32
कहना,72
जारी,37
इसी,24
निर्देश,140
काफी,160
करना,72
प्रधान,156
जाता,68
प्रखंड,111
जबकि,24
व्यवस्था,3
आने,172
प्रसाद,32
घायल,59
आरोप,30
किसानों,52
योजना,37
तहत,51
लगा,50
आयोजन,167
वाली,160
अवसर,49
सोमवार,25
संख्या,160
अधिक,160
शिकायत,30
ग्रामीणों,192
उनकी,160
बंद,67
इसमें,24
राज्य,45
समिति,45
परीक्षा,189
अलावा,53
अभियान,54
मामला,30
ऐसे,75
अनुसार,53
चाहिए,72
युवक,155
मंदिर,116
पहुंचे,179
सचिव,82
ग्राम,8
रोड,29
पत्र,174
पुत्र,15
मंगलवार,25
उसकी,160
जहां,24
होगी,143
शनिवार,25
मिल,49
कराने,87
पूरी,160
बुधवार,25
शुक्रवार,25
छात्र,80
पार्टी,177
विभिन्न,53
रविवार,25
फिर,24
मंत्री,2
शाम,25
साल,66
अभी,24
आरोपी,115
गयी,56
जाए,118
स्वास्थ्य,22
जिसमें,53
वहां,24
गिरफ्तार,115
स्थानीय,192
निगम,182
विधायक,2
प्रभारी,70
समेत,74
बनाने,53
माह,66
लाल,85
श्री,32
परिवार,15
दिनों,66
प्रदर्शन,102
इसकी,160
प्रयास,38
सरकारी,154
सामने,126
ग्रामीण,192
जिससे,24
सदस्य,156
बैंक,154
समाज,19
सुरक्षा,3
वाहन,106
समस्या,11
किसान,52
पूरा,133
देश,74
बारे,142
चलते,112
लगाया,50
हत्या,115
रहने,53
मिलने,49
बाहर,126
बाजार,123
सहयोगी,156
स्थिति,139
दूसरे,95
लगे,172
पदाधिकारी,82
चोरी,98
शिक्षक,12
प्रतियोगिता,27
भाग,95
मार्ग,104
मुख्यमंत्री,2
स्थान,53
प्रतिनिधि,156
सफाई,182
सकता,68
छात्रों,80
मंडल,156
मिली,49
होती,134
कर्मचारियों,196
आदेश,136
पहुंच,126
पिछले,66
लेने,53
होता,68
विरोध,5
नेता,2
प्राप्त,53
जगह,126
तैयार,53
सेवा,54
उनका,133
परिजनों,115
अपना,133
देर,184
जनता,177
चालक,106
प्रति,53
मिला,49
गंभीर,11
संबंध,10
संघ,45
अलग,95
जमीन,52
भवन,116
अध्यक्षता,167
जाती,134
वालों,53
उक्त,122
कर्मचारी,196
जल्द,136
प्रकाश,180
राष्ट्रीय,45
गुरुवार,25
बना,53
जाम,104
करेंगे,21
विशेष,53
स्तर,45
स्टेशन,104
व्यक्ति,53
लगी,172
महिलाओं,129
थाने,70
होकर,53
कमेटी,82
गये,110
राय,100
उसने,18
परिसर,116
देते,170
देकर,64
संबंधित,10
तरफ,126
पूरे,74
समारोह,167
उपलब्ध,87
प्रथम,45
सात,66
शिविर,167
शिक्षकों,12
भारत,45
सभा,2
बच्चे,129
लगभग,66
इसका,133
आगे,112
विजय,17
राशि,131
भर्ती,14
अशोक,17
दूर,126
वर्ग,13
परिषद,45
दिवस,187
मां,88
लाइन,104
होते,170
मारपीट,79
घंटे,66
पंजाब,86
प्रमुख,45
पिता,15
रखा,18
छात्राओं,80
पहुंची,56
आया,179
उसका,133
अवैध,97
इसे,24
दुकान,123
अगर,24
पता,142
इलाज,22
जमा,148
जिस,24
कोतवाली,29
आधार,166
विद्यार्थियों,80
जेल,48
नजर,138
मतदान,177
ज्यादा,160
लगाने,50
जिलाधिकारी,140
खेल,27
यदि,24
कर्मियों,196
दोपहर,25
सबसे,160
बोर्ड,156
चौक,29
भाई,15
प्रशिक्षण,198
शराब,135
ट्रक,106
सवार,106
बावजूद,11
पूजा,35
सदर,86
जाते,110
डीएम,140
करोड़,16
हालत,139
गांवों,192
निरीक्षण,3
आरोपियों,115
हालांकि,24
युवा,89
चुकी,56
सदस्यों,31
वाहनों,106
सके,118
कार,106
बरामद,103
विद्युत,186
पड़ा,72
भारी,160
भेज,179
अनिल,17
बड़ी,160
चुके,110
जिसके,53
जीवन,73
नेतृत्व,19
चला,179
सहयोग,1
मनोज,17
भारतीय,45
वापस,179
बनाया,18
मार्च,149
वितरण,41
कुमारी,194
परेशानी,145
करके,53
कंपनी,62
प्राथमिक,12
प्रकार,53
कार्यकर्ताओं,31
कही,157
कराई,87
वजह,11
कृषि,52
पति,88
ध्यान,73
कोर्ट,48
संगठन,45
होना,72
जाएंगे,118
दूसरी,42
संबोधित,167
आपूर्ति,182
ताकि,178
लाभ,61
माध्यम,53
निर्णय,100
हाथ,124
बढ़,112
मुताबिक,138
बारिश,60
मिले,49
होंगे,21
सामान,90
विवाद,197
पाया,18
ऐसा,24
वाला,133
राज,180
सकते,53
संचालन,41
बिना,110
अजय,17
आंदोलन,102
जाना,72
वरिष्ठ,156
विधानसभा,2
देख,92
कुल,95
हाल,138
आवेदन,174
बने,170
भेजा,179
देखते,170
रखने,53
मंडी,29
तेज,160
चुका,68
मुकदमा,48
धरना,102
जिलाध्यक्ष,82
भूमि,52
ठाकुर,32
अदालत,48
पत्नी,88
इसलिए,24
बनी,9
रैली,167
जैसे,75
प्रतिशत,16
कहीं,24
भीड़,161
सूत्र,166
फरार,115
क्या,142
सूची,166
परेशान,145
तैनात,70
साफ,136
तहसील,111
बनाए,110
अंदर,126
शासन,45
सुविधा,3
गाव,86
भगवान,35
दर्जन,66
बाबा,162
लगातार,66
उधर,76
पक्ष,48
समस्याओं,197
अतिथि,167
क्षेत्रों,192
अभियंता,78
मुख्यालय,45
फसल,65
मुखिया,156
करता,68
यात्रा,193
निदेशक,156
आवास,116
चर्चा,100
शादी,81
सहायक,156
थानाध्यक्ष,70
उपाध्यक्ष,82
वर्षीय,88
सांसद,2
निजी,154
आसपास,188
सकती,134
दास,32
जान,92
प्रत्याशी,177
तैयारी,38
ब्लाक,8
बाल,129
सिविल,190
भुगतान,41
पीड़ित,22
पहचान,166
खराब,139
सेक्टर,190
पूछताछ,115
सम्मानित,121
जनवरी,149
अधीक्षक,70
ज्ञापन,102
प्रवेश,122
स्थल,116
प्रबंधक,156
प्रक्रिया,94
विचार,100
उच्च,45
कभी,24
बड़े,74
पीछे,126
लगाए,50
कमी,11
इलाके,188
जाकर,126
जमकर,79
आश्वासन,136
वेतन,101
जून,149
सप्ताह,66
तहरीर,115
यही,24
रेल,104
हासिल,64
बताते,170
विश्वविद्यालय,45
यूनियन,199
केवल,24
मदद,1
उत्तर,45
मैदान,116
खंड,166
मौसम,60
मरीजों,22
मगर,24
स्वागत,121
मकान,116
रोक,112
निर्धारित,122
खुद,24
बेहतर,1
नदी,171
पुल,104
अंतिम,37
ठीक,24
पेश,136
लगाई,50
खर्च,101
सड़कों,33
सिर्फ,24
लूट,98
बहुत,160
जरूरत,1
कार्यकर्ता,82
प्रभावित,11
बेटी,88
कर्मी,70
राजीव,17
द्वितीय,176
गाड़ी,106
दें,178
नेताओं,31
घरों,188
उपचार,22
महतो,32
केन्द्र,45
समीप,116
सही,94
उपायुक्त,78
मार,4
जनपद,86
तौर,53
योजनाओं,41
हादसे,59
उर्फ,83
विद्यालयों,12
लगाकर,50
यात्रियों,193
अंतर्गत,51
फरवरी,149
संयुक्त,45
चेयरमैन,82
हड़ताल,102
पार्षद,2
लगने,172
संस्था,154
गेहूं,65
मृतक,15
देखा,18
दीपक,132
रहता,68
उद्घाटन,167
कल्याण,54
राहत,23
संतोष,23
प्रदीप,17
घोषित,45
प्रस्ताव,100
सफल,38
नामांकन,51
पाल,180
आयोग,45
लोक,45
पेयजल,182
मीटर,36
जुलाई,149
पहली,42
प्रबंधन,41
कक्षा,176
न्यायालय,48
प्रदान,53
रहते,170
बदमाशों,155
गंगा,171
धान,65
सीमा,51
करवाया,87
सामना,145
दिसंबर,149
इधर,76
मांगों,102
महासचिव,82
अतिक्रमण,5
जीत,177
स्थानों,192
पदाधिकारियों,31
तलाश,1
टक्कर,4
नुकसान,61
माता,15
अज्ञात,115
लागू,51
जरूरी,72
मंच,167
राजकीय,154
बीडीओ,140
युवकों,155
दिशा,73
अतिरिक्त,53
शीघ्र,122
दिवसीय,167
उसी,24
पार्क,116
प्रेम,150
रास्ते,104
चलने,112
प्रत्येक,53
ऐसी,160
संस्थान,45
विरुद्ध,5
घोषणा,37
पड़े,120
सुभाष,180
प्राथमिकी,30
बल्कि,24
चौकी,29
चंद,180
चंद्र,180
कब्जे,175
मनाया,187
केंद्रीय,45
तभी,24
कहते,170
रखे,110
गोली,151
बयान,30
जवाब,197
प्रयोग,53
युवाओं,80
गर्मी,128
पड़ी,9
रखी,9
सामाजिक,19
आनंद,23
चयन,14
लक्ष्य,122
किशोर,17
नीचे,137
आते,170
सरपंच,8
गुरु,162
केंद्रों,12
महीने,66
प्राचार्य,80
लापरवाही,96
कोशिश,38
तीनों,95
बजट,41
पड़ता,72
क्योंकि,24
प्रधानमंत्री,2
किनारे,171
चोरों,155
पेंशन,54
युवती,88
समाधान,197
पहुंचने,126
समाप्त,37
पालिका,182
श्रद्धालुओं,35
तमाम,74
प्रस्तुत,53
कदम,55
बनने,53
संजीव,17
सवाल,197
खरीद,90
वोट,177
चिकित्सक,22
शाखा,156
गैस,186
अचानक,112
करती,134
इनमें,75
जिसे,24
चले,110
पवन,17
नवंबर,149
जागरूक,191
करवाने,87
व्यक्त,121
छोटे,74
हिस्सा,95
मतदाता,177
देना,72
सुधार,73
विभागीय,196
विषय,10
संघर्ष,183
दुर्घटना,59
चेतावनी,136
मध्य,95
रहती,134
बता,142
अगस्त,149
सम्मेलन,167
आयुक्त,78
गिरफ्तारी,115
संपन्न,122
मेला,141
अक्टूबर,149
किये,110
दुकानों,123
थीं,56
हजारों,74
यातायात,104
प्रताप,180
छोड़,168
साइकिल,106
काबू,26
तालाब,43
खाली,148
खेत,52
समीक्षा,3
लिये,53
संबंधी,10
मेले,141
मोटरसाइकिल,106
सैकड़ों,74
शांति,23
पूर्ण,122
कड़ी,42
गायब,179
हंगामा,79
समक्ष,48
मात्र,122
आकर,126
उससे,24
अधिकार,51
परिजन,115
आलम,164
स्वामी,32
हमला,4
दिखाई,134
बड़ा,133
कब्जा,4
कानून,51
लेते,170
दर्जनों,74
चिकित्सा,22
दवा,22
चलाया,18
बनाकर,53
संपर्क,10
बीते,138
गठन,45
चपेट,59
रोजगार,101
महाविद्यालय,80
सौंपा,173
माध्यमिक,12
भविष्य,73
विज्ञान,10
तत्काल,136
सम्मान,121
सत्र,167
दुष्कर्म,115
चरण,37
हेतु,53
निरीक्षक,70
जिन,75
क्रम,166
फैसला,136
समर्थन,1
आर्थिक,19
रुपए,16
परियोजना,41
अवगत,87
साढ़े,66
पुरस्कार,45
चिकित्सकों,22
लाखों,74
बैठे,137
डेढ़,66
एक्सप्रेस,104
रोकने,125
बस्ती,192
सामान्य,146
भूमिका,107
पंकज,17
सैनी,83
मजदूर,199
खड़े,137
वर्षो,66
स्थापित,53
पाई,134
राजकुमार,44
दर्शन,20
निज,20
शुभारंभ,167
राजस्व,41
निकाली,9
मिलकर,183
माहौल,185
दूसरा,133
बेटे,15
वर्तमान,45
योग,20
उम्मीद,1
स्थापना,37
साहिब,162
फीसद,16
बनाई,9
पढ़ाई,198
डिग्री,190
विश्व,45
एसडीओ,78
जिम्मेदारी,173
रहेगा,143
सफलता,1
आवश्यक,53
करेगी,143
सितंबर,149
परिणाम,11
भगत,180
सहायता,1
पहुंचकर,126
गंदगी,33
मजदूरों,199
स्वयं,53
धर्म,77
मनरेगा,8
पर्व,187
संत,162
रवाना,193
इंतजार,49
राशन,123
आधा,66
रोष,5
तरीके,94
सुनवाई,48
बातचीत,100
गलत,163
झारखंड,86
खिलाड़ियों,27
मालिक,199
मामलों,30
हमारे,74
घायलों,59
प्रमाण,174
लाने,125
बिल,174
जख्मी,59
चोर,155
प्रशासनिक,45
धमकी,136
ट्रैक्टर,106
महिलाएं,129
क्षेत्रीय,45
क्रिकेट,84
फिलहाल,24
गरीब,13
खत्म,136
प्रधानाचार्य,80
लौट,179
पंचायतों,8
अधिवक्ता,48
उपभोक्ताओं,123
यात्री,193
दुकानदारों,123
इनके,75
तोड़,120
पटना,86
दैनिक,7
निकट,116
पहल,1
मरम्मत,182
जायेगा,118
मोर्चा,82
अरुण,17
उसमें,24
विद्यार्थी,80
होली,187
हमें,24
आगामी,122
रवि,17
पक्षों,79
तार,108
इलाहाबाद,86
दाखिल,48
मिलेगा,21
जाति,77
डाला,18
भ्रष्टाचार,5
प्रचार,10
बचाने,125
मिलते,170
निकाला,179
करनी,72
साबित,63
पाए,110
पकड़,103
तृतीय,176
उठाया,55
पुत्री,88
ऊपर,36
हिरासत,115
स्तरीय,45
सजा,48
मरीज,22
जुड़े,10
वक्त,138
कमरे,158
पशु,39
असर,11
पर्यावरण,181
व्यापारियों,123
नया,133
दौड़,120
नियुक्ति,14
अंजाम,61
घाट,171
रंग,85
खबर,7
इतना,24
ताला,67
पहला,133
चली,56
व्यापारी,123
तहसीलदार,78
जागरूकता,73
पाने,64
अभाव,11
उनसे,75
विभागों,196
संचालित,122
देखकर,92
परंतु,24
निर्वाचन,177
खेती,52
देंगे,118
कस्बे,188
सूत्रों,166
अंक,166
शुल्क,174
जयंती,187
उठा,55
ज्ञान,73
आह्वान,102
टिकट,177
पटेल,17
पैसे,101
नारेबाजी,102
पेड़,181
वसूली,97
लगाते,50
चलाने,125
पार,126
रात्रि,184
नौकरी,101
शहीद,46
कराए,87
जुलूस,102
निकल,126
नहर,43
दिलाने,64
करे,178
रानी,58
चालकों,106
बढ़ाने,125
मुक्त,122
संयोजक,82
तिथि,166
शौचालय,182
अगले,66
सांस्कृतिक,77
भोजन,6
संभव,72
राजनीतिक,19
खाद्य,62
कला,113
जिसकी,160
कैसे,142
संरक्षण,54
पंडित,32
बीमारी,22
खड़ा,137
वार्ता,100
नियमित,191
फर्जी,97
उद्देश्य,10
खड़ी,137
करेगा,21
आगरा,86
बदमाश,155
बरसात,60
खुशी,23
मशीन,186
दुकानदार,123
शिकार,5
दिये,110
महत्वपूर्ण,10
जोर,4
मैं,24
ठंड,128
तीसरे,95
कीमत,16
वितरित,122
कथा,109
मतदाताओं,177
तुरंत,136
खास,34
पालन,96
रहेगी,143
मुश्किल,72
जिसका,133
मिनट,66
धारा,171
शुरुआत,37
किलो,16
पैसा,101
बूथ,40
पैदा,11
सिंचाई,43
विजेता,27
जन्म,15
दावा,136
लड़की,88
जिलों,192
मजबूर,136
छापेमारी,103
आशा,121
करवा,87
प्रत्याशियों,177
इलाकों,192
खेतों,52
मौका,49
बढ़ा,112
मिट्टी,33
विशाल,74
हटाने,125
अरविंद,17
मानव,77
रहीं,56
भरा,148
रांची,86
संदेश,150
बालिका,129
निकाल,126
बचाव,61
लोकसभा,2
बधाई,121
नाथ,32
विस्तार,73
पुरानी,160
सिर,124
ठेकेदार,199
आर्य,44
उपाध्याय,17
उचित,122
बसों,106
होटल,116
बातें,157
वैसे,24
क्यों,142
व्यापार,62
कटौती,101
सेना,46
दबाव,11
नशे,135
परिवहन,104
मार्केट,123
जब्त,103
अफसरों,196
आशंका,11
उत्पादन,62
अपराध,30
पाठक,17
पुराने,74
समापन,167
मान,166
उद्योग,62
हालात,139
संकट,11
जताया,136
योगदान,1
पीने,135
सुशील,17
नियमों,51
प्रबंध,3
मारने,4
दहेज,81
उनको,75
बिक्री,90
बाढ़,60
परिवारों,13
रोडवेज,106
सख्त,96
महामंत्री,82
लागत,41
संदिग्ध,115
गली,188
अध्यापक,198
बहादुर,180
लाया,179
पकड़े,103
सामग्री,10
विधान,2
रहेंगे,143
अधिकांश,75
रोग,22
जताई,100
अर्चना,35
तापमान,128
प्रतिदिन,184
संभावना,11
अपहरण,115
स्वच्छता,54
महाराज,32
आरक्षण,51
करवाई,87
विनय,17
मुआवजा,61
शहरी,188
संकल्प,54
निकले,126
पूजन,35
स्पष्ट,53
इस्तेमाल,53
खाते,6
मोहल्ला,29
लिखा,18
मुहैया,87
गीत,127
कार्यरत,14
खनन,62
बहन,88
खाद,65
गंभीरता,96
मांगी,136
हमेशा,24
न्याय,48
मोड़,120
जूनियर,27
गौरव,73
माल,90
मिलेगी,143
गठित,14
किशोरी,58
गणेश,35
माना,18
सुरक्षित,191
तत्वावधान,167
ज्योति,93
शरीर,124
नीरज,17
शांत,191
किलोमीटर,104
मनीष,17
अपराधियों,155
पिटाई,151
धार्मिक,77
आदर्श,191
रास्ता,94
मुकाबले,84
बाबू,28
नवीन,180
उमेश,17
याद,64
अभिभावकों,129
बढ़ने,112
मजबूत,191
सिपाही,46
छानबीन,30
मजिस्ट्रेट,78
मीडिया,7
कश्मीर,114
सौंप,173
महेंद्र,17
निस्तारण,182
चारों,126
घटनाओं,30
आबादी,192
कक्ष,116
दोषी,163
कन्या,81
ब्यूरो,190
होनी,72
चक्कर,97
महोत्सव,167
अच्छी,160
गुहार,136
ग्रहण,122
प्रतिमा,35
ढंग,94
सोनी,17
पदों,14
भक्तों,35
जवानों,46
दौरा,193
लंबी,160
आये,170
उम्मीदवार,177
सोने,184
कमल,180
शक्ति,73
सुविधाएं,3
नृत्य,147
अहम,107
राजनीति,19
जायजा,3
नीति,100
गति,73
अनेक,74
मास्टर,190
सुमन,194
जंगल,181
शोर,153
पैदल,193
खाने,6
फाइनल,84
गीता,44
दूरी,104
सुनिश्चित,122
गरीबों,13
बीज,65
लंबे,138
कार्यशाला,167
लेना,72
हूं,68
उपभोक्ता,62
संस्कृति,77
मोटर,106
गृह,45
प्रवीण,17
भीतर,126
खूब,34
अनुमति,100
खुले,67
अखिलेश,2
दीप,93
आती,134
चौराहे,29
सब्जी,6
चालू,122
दूध,6
बादल,60
नियुक्त,14
वीरवार,25
नियंत्रण,41
कार्यकारिणी,82
अनुमंडल,78
सक्रिय,191
जवान,46
प्रवक्ता,82
ओमप्रकाश,83
आता,68
लिखित,100
काट,4
जर्जर,71
अध्यापकों,12
अफसर,70
नकदी,98
वार्षिक,45
संचालक,156
अजीत,17
आदमी,28
मिलता,68
विवाह,81
विश्वास,150
वृद्धि,41
नाले,33
विरोधी,5
डाल,126
यज्ञ,93
निकासी,182
निकला,179
इन्हें,75
कार्यक्रमों,167
चालान,174
सुविधाओं,3
सभागार,167
बच्ची,88
किस,51
शेष,95
शपथ,2
राजा,44
बीस,66
आक्रोश,5
इकाई,45
गैर,154
लाइसेंस,174
डाक्टर,22
पुरुष,129
दरबार,35
धनराशि,16
दोबारा,179
न्यायिक,48
खिलाड़ी,27
इनकी,160
पाठ,198
तैनाती,14
बताई,157
गन्ना,65
बालक,129
तकनीकी,10
उपस्थिति,185
वही,24
लक्ष्मी,58
जुर्माना,16
उपयोग,53
संगठनों,31
कमिश्नर,70
वित्तीय,154
जुट,38
निकलने,126
जैसी,160
धरने,102
उम्र,129
साथी,156
प्रतिभा,34
जगहों,192
समूह,156
आवश्यकता,53
रक्षा,54
बतौर,156
वित्त,41
भरने,148
श्रद्धालु,35
डालने,125
प्रदूषण,11
पौधे,181
दौर,138
सर्वे,166
कंप्यूटर,186
टूट,105
घटनास्थल,59
चाहते,72
बकाया,16
हवा,128
महत्व,73
अभिषेक,17
भजन,127
सुधीर,17
गुप्त,180
आजाद,180
प्रेरित,1
लुधियाना,86
दिखा,126
अनशन,102
बाधित,11
पकड़ा,103
बजाय,53
लगता,68
सामुदायिक,54
छोड़कर,168
सीधे,126
अलीगढ़,86
जाच,30
हमले,46
रफ्तार,106
आना,72
तेल,6
विधि,94
स्वच्छ,191
बदल,18
दुकानें,123
पशुओं,39
पहुंचाने,61
पेट्रोल,106
उठाने,55
इसको,24
वंचित,13
अंत,37
अधिनियम,51
बुरी,160
एकड़,52
भेजी,9
आशीष,17
पूर्वी,95
प्रधानाध्यापक,12
खाना,6
पाकर,49
गौरतलब,138
चुनावी,177
विकेट,84
आश्रम,162
उत्साह,34
बेहद,160
कहां,142
रोशन,180
पंप,43
क्षतिग्रस्त,105
मूल्य,41
संस्कार,77
महज,66
चिकित्सालय,22
मृत,59
ट्रेनों,104
रोज,184
छोटी,160
साथियों,31
लंबित,48
बेचने,90
वक्ताओं,167
बढ़ती,112
आपदा,61
कारोबार,62
हिमाचल,86
बाकी,95
प्रारंभ,37
हिसाब,16
नजदीक,126
कराकर,87
प्रार्थना,121
कुलपति,80
पुतला,132
दिक्कत,145
मुलाकात,49
धूप,128
इंचार्ज,70
भेजने,125
सोसायटी,190
लड़कियों,129
मतगणना,177
देता,68
जिम्मेदार,163
इतनी,160
मेहता,17
नियम,51
सार्वजनिक,154
सर्जन,190
जायेगी,118
कांड,30
कोषाध्यक्ष,82
स्कूली,198
पुष्टि,30
पड़ेगा,72
अखिल,45
अच्छा,133
अनाज,65
धर्मशाला,116
बीमा,54
कानूनी,154
मात्रा,160
वीरेंद्र,17
समस्याएं,11
विहार,116
आवागमन,104
खतरा,61
प्रतिनिधियों,31
रखते,170
मांगा,136
भरे,148
लें,178
विद्या,198
फुटपाथ,33
मजदूरी,101
श्रेणी,45
कौन,142
यमुना,171
खोलने,67
सुंदर,34
चीनी,62
मारकर,4
भ्रमण,193
आत्महत्या,59
पोल,67
नागरिक,19
अंचल,192
जिनमें,75
चयनित,14
लेंगे,118
ससुराल,81
सामूहिक,154
रक्तदान,54
जुटे,38
निकालने,125
पदक,27
मिलती,134
महंगाई,101
चिंता,145
क्षमता,1
निर्मल,180
समर्थकों,31
गोदाम,123
आक्रोशित,79
मुंह,124
भाव,150
फायदा,61
कौशल,73
पत्रकारों,31
अमर,180
मुद्दे,197
अंकित,166
पीड़िता,115
अच्छे,74
प्रदर्शनी,167
बृहस्पतिवार,25
टूर्नामेंट,27
फसलों,65
काली,85
निगरानी,96
न्यायाधीश,48
स्वरूप,146
कार्यवाही,30
याचिका,48
भरोसा,64
भेंट,121
भेजे,110
समुदाय,192
अनुसूचित,13
घंटों,66
पहुंचाया,61
हाथों,124
गुणवत्ता,41
बांध,108
करायी,87
कस्बा,86
एडवोकेट,82
ढाई,66
नाटक,147
धीरे,112
दुरुस्त,182
रुपया,16
फूल,117
हमारी,160
मानदेय,12
सकेंगे,118
गुरुद्वारा,116
उनमें,75
सागर,171
ममता,194
बदलाव,73
गिरने,105
व्यवसायी,89
मेहनत,101
सेवक,156
बुलाया,179
संध्या,167
कूड़ा,33
अभ्यर्थियों,189
परीक्षण,166
काटने,125
इंतजाम,3
हरी,85
फैसले,48
मना,136
हथियार,175
दफ्तर,196
पर्यटन,62
धूमधाम,187
पर्याप्त,53
घेराव,102
पुरस्कृत,121
सौंपी,173
स्वर्ण,27
मेरे,74
स्व,180
ऑटो,106
टाटा,190
फीस,16
शाह,164
सदन,2
प्राथमिकता,100
पूनम,194
भव्य,116
मोहल्ले,188
कैलाश,44
कलाकारों,147
सत्ता,19
आरती,35
संगीत,127
पश्चिम,95
टीमों,27
प्रभाव,11
अस्पतालों,22
संसाधन,41
त्यागी,17
भारद्वाज,17
लड़ाई,183
बेटा,15
विशेषज्ञ,156
तत्कालीन,45
नामक,53
लापता,59
बोल,92
निकली,9
दीवार,33
खाता,67
शुरु,37
पत्थर,105
राजमार्ग,104
शिक्षण,198
राजधानी,45
उपरांत,37
राज्यों,45
देखरेख,173
जोड़ने,125
डाक्टरों,22
रेखा,166
साहब,28
अवकाश,144
रुप,146
बच्चा,129
सड़क,104
भरी,148
व्याप्त,195
आपसी,150
अगुवाई,102
चावल,6
भले,24
संपत्ति,51
औद्योगिक,62
बढ़ी,112
पश्चिमी,95
दर्द,124
रोजाना,184
रखकर,126
जिन्हें,75
आभार,121
वरीय,156
सारी,160
बताए,110
चलता,68
इनका,75
कायम,138
एकता,150
सुनाई,157
दलों,31
हादसा,59
पूछा,142
हवाले,136
डॉक्टरों,22
राख,132
मुस्लिम,45
नाराजगी,145
मंत्रालय,45
सलाह,100
अनुदान,41
निधन,59
रणनीति,94
सूरज,180
गोष्ठी,167
मुझे,24
नये,74
छूट,168
श्रद्धांजलि,121
बहाल,136
जुटी,38
बीमार,22
स्वीकृति,100
कंपनियों,62
मंदिरों,35
लीटर,16
तीसरा,133
कपड़े,169
भागने,125
भक्ति,20
प्रेस,7
इतिहास,77
दिलाया,64
समझ,142
गड़बड़ी,11
विकसित,122
हित,54
पड़ताल,30
अमन,23
बढ़ावा,1
शोक,59
सहमति,100
फीसदी,16
बिहारी,180
मुहल्ला,29
सूबे,86
सकें,178
समान,146
शोभायात्रा,35
वातावरण,191
जाएंगी,118
दुनिया,74
अपराधी,155
प्रेमी,89
लाठी,151
जानी,9
कीर्तन,35
अंग्रेजी,113
खरीदने,90
परिवर्तन,73
तोड़कर,120
स्वीकृत,122
उत्पन्न,53
भावना,150
उतर,137
माने,110
राज्यपाल,2
अभिभावक,129
आरंभ,37
नागरिकों,31
घुस,126
नाला,43
अधिकतर,75
बदले,136
चोट,61
बदलने,125
छुट्टी,144
बैठा,137
कार्यपालक,156
अक्सर,75
विगत,66
हों,178
खून,124
आचार्य,32
पीड़ितों,13
सत्यापन,174
समन्वयक,78
व्यवहार,146
लिखे,110
सुनने,92
जाया,179
मूल,51
अवधेश,17
मुहिम,38
बीएसए,140
मूल्यांकन,166
हड़कंप,153
गुजर,138
दायर,48
पढ़ने,198
निलंबित,14
हत्याकांड,115
बीमारियों,22
पोलियो,22
न्यूनतम,122
क्रय,41
वर्षा,60
बुजुर्ग,129
पैर,124
कराना,87
तैयारियां,38
भूषण,180
नीतियों,19
करवाए,87
बंसल,17
सचिन,44
अथवा,53
आवासीय,154
मांगे,136
मानें,178
करोड़ों,74
सफर,193
भाषा,113
प्रस्तुति,147
रहना,72
आयु,129
गतिविधियों,10
दीक्षित,17
चौराहा,29
दर्जा,51
ऑनलाइन,174
जलकर,26
दीपावली,187
हस्ताक्षर,174
नाराज,145
खोल,67
तलाशी,103
फांसी,115
दाम,16
समाचार,7
दिखाया,18
बनकर,126
अंतरराष्ट्रीय,45
शिरकत,167
निशान,124
तनाव,11
बाग,117
सुनकर,92
विवाहिता,88
सदस्यता,54
मैनपुरी,86
तैयारियों,38
फैल,195
आवंटन,41
चंदन,117
डीजल,106
नशा,135
कविता,57
दरअसल,24
देरी,11
ऊर्जा,186
कोतवाल,70
बसें,106
मान्यता,100
जोरदार,34
देहात,188
सालों,66
अदा,107
प्रावधान,51
महाप्रबंधक,78
संस्थाओं,154
कपूर,17
प्रगति,73
पंजीकरण,174
छापामारी,103
सोच,73
मालूम,142
सीटों,177
पदार्थ,146
दलित,13
गले,124
पचास,66
रोका,112
उत्सव,187
विश्वकर्मा,44
बाजारों,123
बैठ,137
बदायूं,86
बाहरी,154
प्रस्तावित,100
डेंगू,22
परीक्षार्थी,189
कारणों,11
स्वीकार,136
ललित,44
केन्द्रों,41
कागजात,174
मूर्ति,35
राष्ट्रपति,2
मनमानी,5
सेवानिवृत्त,14
दहशत,130
समाजसेवी,89
कार्यकारी,156
महसूस,185
चलाई,9
चाय,135
थानों,70
खरीदारी,123
अर्पित,121
सारे,74
उम्मीदवारों,189
मस्जिद,116
महानगर,188
सेवाएं,54
बगैर,110
खेलों,27
शिकायतों,196
विदेशी,154
मानसिक,191
अनुपस्थित,122
पड़ने,172
चुना,18
करार,63
लिहाजा,24
आखिर,142
घरेलू,62
मुजफ्फरपुर,86
हिदायत,96
डाक,54
धाम,35
एकत्र,126
पीटा,151
पारा,128
सेहत,191
शिकायतें,196
ट्रैक,104
आसमान,165
योजनाएं,41
सिलसिला,138
देती,134
राहगीरों,76
वकील,48
पुराना,133
कार्यकाल,2
लक्ष्मण,44
पेपर,69
गिरी,105
मनाने,187
बचने,125
निवास,116
सहारा,125
आवंटित,41
मांगने,125
शरण,20
आयी,56
एकत्रित,126
पड़ोसी,188
श्रम,199
सेमिनार,167
बंगाल,86
प्रणाली,94
व्यक्तियों,31
गलियों,188
विमर्श,197
सूर्य,131
मचा,153
आग्रह,136
मनोहर,180
अधिकतम,122
पंजाबी,113
काला,85
सौरभ,17
बंदी,46
उल्लेखनीय,10
चुनौती,1
प्रांगण,116
हार,177
पाते,170
इंकार,136
दिल,119
जिंदगी,119
प्रसार,10
परमजीत,83
किरण,194
परिचय,73
खोला,67
पानीपत,86
जवाहर,180
श्रमिकों,199
अवतार,20
वृद्ध,129
पंजीकृत,174
त्योहार,187
आधारित,53
वैज्ञानिक,89
अनदेखी,71
तले,0
स्वतंत्रता,19
सारा,133
गाड़ियों,106
कहने,92
थोड़ी,160
ठोस,122
चलेगा,21
ग्राहकों,123
शिशु,129
मुफ्त,54
पकड़ने,103
नाबालिग,129
मृतका,88
परीक्षार्थियों,189
बीती,184
फेंक,4
अंतर,146
पाली,86
मृत्यु,59
द्वार,67
विकलांग,45
साजिश,30
स्मृति,77
कलश,35
भीषण,26
सर्विस,190
काउंटर,123
अवधि,37
मंजू,194
तीस,66
समस्त,74
टीमें,27
बालू,0
स्नान,141
राष्ट्र,45
कुरुक्षेत्र,86
डाली,9
बचा,61
संगत,166
भक्त,35
प्रकट,121
बारह,66
आंखों,124
चेहरे,124
स्थायी,122
शिनाख्त,115
तारीख,174
बनवाने,152
भोला,28
सुझाव,100
चलाए,110
बर्बाद,61
सचिवालय,2
संज्ञान,30
बहिष्कार,102
मारी,4
प्रेरणा,1
बांका,28
शारीरिक,191
व्यापक,10
पड़ती,134
हमारा,133
कामना,121
उत्पीड़न,5
समाजवादी,19
सहकारी,154
मुक्ति,64
प्रतिभागियों,27
कैद,126
समझा,18
विदेश,45
नकल,69
सायं,25
जिनके,75
हमीरपुर,86
तत्वों,146
अनियमितता,11
पंच,8
सख्ती,96
बुरा,163
चांदी,158
चन्द्र,180
स्टोर,123
वीर,180
बीत,138
हवन,93
निधि,54
नगरपालिका,182
मौलाना,164
लघु,62
नायक,180
छेड़छाड़,30
हादसों,59
पंचायती,8
देखी,157
गार्ड,190
सराहना,1
शुरूआत,37
गश्त,46
अनिवार्य,122
संग,161
रिक्त,148
वेलफेयर,190
चुनावों,177
पटरी,104
खुला,67
कैमरे,40
मौजूदा,138
पारित,51
मंगल,131
विजयी,177
मौजूदगी,30
समझौता,100
रखना,72
पार्षदों,31
नरेन्द्र,44
बैठने,137
शानदार,34
सुरजीत,83
बर्दाश्त,145
होंगी,143
रोशनी,132
इतने,74
आसानी,160
देवघर,86
लगते,170
चेन,159
संसदीय,2
अभियुक्त,115
सरदार,28
दान,54
डालकर,126
कार्यालयों,196
सैनिक,46
खुली,67
जबरन,115
नोट,69
रिक्शा,106
शोभा,194
दक्षिण,95
तलब,136
पट्टी,108
ग्रेटर,190
स्थलों,193
गाय,52
आपस,95
चाहती,72
सीडीओ,140
कमजोर,191
भाषण,167
बराबर,95
परेशानियों,145
निरस्त,136
मायके,81
हिंदू,77
रखें,178
तस्करी,97
पलट,4
अनियंत्रित,191
टेंपो,106
पहुंचते,170
ऐतिहासिक,77
वंदना,194
पेट,124
विशिष्ट,53
रेट,16
बागपत,86
मेरी,160
दरवाजे,67
खारिज,136
छोटा,133
हैंडपंप,43
बुखार,22
ढेर,0
उसको,24
नाली,33
राह,119
कवायद,38
रहें,178
छावनी,46
नष्ट,61
कप्तान,84
पौधरोपण,181
मशक्कत,38
पश्चात,37
आजादी,183
शिक्षिका,198
शशि,194
आस्था,150
मनाई,187
गाजीपुर,86
कचहरी,48
बनाना,72
बढ़ता,112
घटनाएं,30
हटा,136
ज्यादातर,75
पत्रों,7
खेला,84
दिखाकर,152
आधुनिक,77
उदय,180
प्रभात,180
प्रतिनिधिमंडल,102
उल्लंघन,51
यहीं,24
उठाए,55
प्रकाशित,57
हिंदी,113
मुकाबला,183
एकजुट,183
गईं,56
अमल,96
सहारे,137
उठे,92
सेंट्रल,190
खेलकूद,27
आधे,66
मोहित,17
शहरों,188
हुये,170
कबड्डी,27
संस्थानों,154
बोले,92
अगली,42
अधिग्रहण,41
सास,88
छापा,103
कैंसर,22
मुहल्ले,188
गिरा,105
दिखे,170
लेखपाल,140
खतरे,61
सलाहकार,156
आलू,6
लकड़ी,120
कोयला,62
सड़कें,33
छात्रवृत्ति,80
पोस्टर,40
प्रजापति,44
कुशीनगर,86
अनुरूप,122
भाइयों,15
काटकर,126
संहिता,51
छीन,4
भूख,6
हटाया,18
क्षति,61
पीछा,168
सेल्सियस,128
सूचित,136
उपकरण,186
चित्र,57
रंजिश,79
स्वस्थ,191
अतिथियों,167
सांस,124
नींद,184
सभासद,2
उपजिलाधिकारी,140
अल्पसंख्यक,13
गाली,151
लूटपाट,98
सत्संग,162
बंधक,115
क्विंटल,16
तकरीबन,66
रूपये,16
चाहे,24
हिस्से,95
ठेका,97
प्रांतीय,45
निकालकर,126
निश्चित,53
बदला,133
बचाओ,54
दौरे,193
शांतिपूर्ण,191
बिलासपुर,86
प्रकोष्ठ,82
शोषण,5
नमाज,164
गर्म,128
बुलंदशहर,86
साइंस,190
दबोच,103
मानक,166
जीता,84
गौर,136
नायब,78
नकद,16
कवि,89
महीनों,66
मित्र,156
बढ़ते,112
सर्व,20
महादेव,32
बढ़ोतरी,16
सर्दी,128
वासियों,192
उपलक्ष्य,187
चलें,178
दूबे,17
विवश,136
पंद्रह,66
प्रसिद्ध,89
दशा,139
मासूम,129
मार्गो,104
दाखिला,198
संरक्षक,156
डेरा,116
सेवन,135
सर्वाधिक,45
फाटक,29
मारा,4
नारे,5
गोल,84
नवरात्र,141
पात्र,109
रोगियों,22
करंट,186
उठाई,55
चुने,110
दर्शकों,147
अभय,17
किराया,101
विस्तृत,10
गावों,192
शैक्षणिक,154
नलकूप,43
संस्कृत,113
झुलस,26
तकनीक,94
जेवर,98
मांगें,102
समर्थक,19
पूछे,142
अनुरोध,136
सुख,23
प्रशांत,17
दरभंगा,86
रहकर,126
उठाकर,55
पहलवान,27
सवा,66
निशाना,4
अवस्था,146
समर्पित,121
देगी,118
विदाई,81
वार्डो,8
जनप्रतिनिधियों,31
सर्वसम्मति,100
अति,160
निकाय,45
चलाकर,4
लाकर,126
बारी,42
गणित,198
नतीजा,138
नालियों,33
विषयों,10
व्यस्त,38
आकाश,165
जिन्होंने,75
बनाये,110
महात्मा,162
संदर्भ,10
प्रतियोगिताओं,27
दोस्त,15
दशक,37
गर्भवती,129
चाकू,175
मालिकों,199
स्थगित,136
लाश,115
हाजी,164
इटावा,86
बढ़ाया,112
टोल,104
घुसकर,126
खुल,67
पत्रकार,89
प्लान,190
तालाबों,43
जेब,159
फूंका,132
अवश्य,178
आचार,19
संचालकों,196
परिस्थितियों,146
दबिश,103
कितने,74
टूटी,105
संगीता,194
बैठकर,137
कुंवर,180
जहर,135
पुलिसकर्मियों,70
पुलिया,33
विष्णु,44
बीएलओ,140
टीकाकरण,22
कार्यों,10
वेबसाइट,7
फंसे,126
चलती,134
गन्ने,65
वापसी,193
मैन,190
झंडी,104
फिरोजपुर,86
सिख,162
प्रसव,129
गंदा,33
खाद्यान्न,65
उत्पाद,62
सराहनीय,121
जल्दी,160
दिखाने,125
सूरत,119
गुजरने,138
आएगी,143
जगत,89
यानी,24
हराया,84
मुद्दों,197
संवेदनशील,191
बगल,137
भेजकर,152
रिश्तेदार,15
फीट,36
वैन,106
शिलान्यास,167
दायित्व,107
कैंट,29
जुड़ी,10
पर्चा,69
तस्वीर,109
जाट,83
परिचालन,41
फीडर,182
कराते,87
हेक्टेयर,52
अनुज,17
जताते,136
गला,124
खातून,164
लुटेरों,155
डाले,110
कामकाज,196
सुनी,157
मानना,72
अभ्यर्थी,189
किल्लत,182
मिलाकर,95
आबकारी,70
दंडाधिकारी,78
शोध,10
मारे,59
खुलने,67
देगा,118
मुकदमे,48
ससुर,88
सील,67
घंटा,66
निंदा,163
लगेगा,21
मिलन,150
ध्वस्त,105
उच्चाधिकारियों,196
पथराव,79
तीसरी,42
रेवाड़ी,86
आतंकी,114
निदान,22
सत्य,20
आत्मा,20
लेन,104
विरूद्ध,5
मनोरंजन,147
हकीकत,109
प्रखंडों,8
महासंघ,45
आपराधिक,30
कलाकार,147
लड़के,129
वेद,20
ओझा,17
आला,196
घोटाले,97
निपटने,1
खेलने,84
भागवत,44
सीता,58
साधन,94
पिछड़ा,13
विमल,17
कैबिनेट,2
बवाल,153
नितिन,17
साहित्य,113
मामूली,160
अकादमी,45
चाहता,72
बेच,90
लाई,56
पसंद,1
रजिस्ट्रेशन,174
स्नातक,198
बसंत,144
राज्यमंत्री,2
हवाई,193
जाये,118
गठबंधन,177
गणमान्य,167
विधायकों,31
जानने,142
कहकर,136
रामचंद्र,32
चौथे,66
इंटरनेशनल,190
हर्ष,121
सदस्यीय,156
चार्ज,186
शाही,46
भागीदारी,1
जानलेवा,59
कराएं,87
माफिया,97
आगमन,37
आएंगे,21
मंजूर,136
मंचन,147
पुस्तक,57
पूर्ति,122
श्रद्धा,150
कंबल,159
लिपिक,78
छोड़ने,168
विक्रेता,123
लंगर,35
ताले,67
उतार,4
देखे,110
मिठाई,6
कटान,181
गोस्वामी,32
जलापूर्ति,182
लगाना,50
कारोबारी,62
दिनभर,184
दसवीं,176
जैसा,24
महासभा,82
जलभराव,182
दिलाई,64
ग्यारह,66
तिलक,180
खासकर,138
परंपरा,77
मेरा,133
माल्यार्पण,167
मानते,170
बीबी,88
उपमंडल,86
खुर्द,111
चाचा,15
तब्दील,63
आधी,184
मासिक,54
इंस्टीट्यूट,190
जीटी,106
ऊधमपुर,86
स्पष्टीकरण,136
कोहराम,153
फटकार,96
लोगो,74
प्यार,150
कामयाब,38
कमला,58
पुलिसकर्मी,70
बाला,58
देशों,74
रजिस्टर,174
कूड़े,33
तोड़फोड़,79
दक्षिणी,95
आसान,94
दमकल,26
भूकंप,59
बुलाकर,152
व्यवसाय,62
बाधा,11
आपत्ति,100
होश,76
ग्राहक,123
विधिक,48
जागरुकता,73
अनुराग,17
काटा,4
मजबूती,1
बताने,142
प्रदर्शनकारियों,102
दुख,23
हरकत,163
पहाड़ी,120
प्रतिबंध,136
लिखकर,152
संविदा,14
गुलाब,117
बेटियों,129
प्रमाणपत्र,174
गुजरात,86
दोषियों,115
सटे,130
अधीन,51
वाद,48
वकीलों,48
तोड़ने,120
जेवरात,98
संसद,2
आशीर्वाद,121
पौधों,181
कोहरे,60
जलस्तर,43
शुद्ध,191
चैंपियनशिप,27
रक्त,22
बचे,95
भीम,44
सरिता,194
वादा,136
चलना,72
निभाई,107
प्रतीक,77
धोखाधड़ी,97
ठगी,97
उत्तम,191
बजाए,125
उजागर,30
सवारी,106
पाठशाला,198
लौटने,179
सुबोध,17
उत्तरी,95
सेवाओं,41
दूषित,163
काले,85
अविलंब,122
हमने,18
ऊना,86
बेरोजगार,199
आदिवासी,192
कर्ज,101
बेहोश,76
लाभार्थियों,13
विकल्प,94
बीए,176
जोड़ा,120
वार,151
रसोई,6
बातों,157
गुस्सा,145
बनता,68
लड़ने,183
शहीदों,46
समस्तीपुर,86
संशोधन,51
जरिये,1
गीतों,127
अंधेरे,184
करेंगी,143
पक्का,133
योग्य,53
समुचित,3
चौकीदार,28
पंडाल,35
सराय,29
पुष्पा,194
टैंकर,43
शारदा,58
इन्कार,136
विपरीत,11
धीरज,180
सैनिकों,46
निर्वाचित,2
विलंब,11
कमर,124
ज्ञात,166
सूत्री,102
पेड़ों,181
गिरकर,105
एजेंसियों,196
मकसद,1
नकली,97
दावे,63
तर्ज,190
रोटी,6
प्राकृतिक,146
निष्पादन,41
चिन्हित,122
करोड़,16
अनुसंधान,10
टंकी,43
वासी,192
खोले,67
खुश,23
घनश्याम,32
जिनका,75
सहनी,9
शौच,182
कहानी,109
अड्डा,193
धरती,74
हाजिर,49
लगती,134
उपेक्षा,11
कूद,4
मलेरिया,22
आपको,142
बुझाने,26
पवित्र,20
कचरा,33
सेविका,88
जनहित,54
कुर्सी,137
बनेगा,21
आकर्षक,34
सकारात्मक,73
आकर्षण,34
नालों,33
घूम,126
नारी,129
निष्पक्ष,30
श्रीमती,194
लटका,137
जिनकी,75
बोतल,158
नोडल,78
शिक्षित,191
पोषण,191
धाराओं,171
प्रवचन,162
बुलंद,5
प्रधानों,8
मेजर,46
सीडीपीओ,140
अनुमान,166
रंगारंग,167
रुक,112
प्रकोप,22
निषाद,32
कितना,133
छाया,85
दरोगा,70
कुश्ती,27
प्रभावी,94
लोकतंत्र,19
समितियों,8
अव्वल,176
गंदे,33
विश्वनाथ,32
बांटे,110
नगदी,98
गुरूवार,25
प्रीति,194
बोझ,0
मुख्यातिथि,167
उपाय,94
पराजित,84
भरपूर,1
भार,173
टूटने,105
पूर्वक,122
प्रशिक्षक,27
सर्किट,186
बल्लेबाजी,84
निर्मित,122
धर्मपाल,83
प्रोग्राम,190
बरकरार,138
भेदभाव,5
जनसंपर्क,7
हाथी,39
भरकर,148
काटे,110
कपड़ा,169
अन्यथा,178
पान,135
त्वरित,122
भवनों,33
रुचि,73
इत्यादि,10
फुटबाल,27
व्यय,41
बनाते,170
प्वाइंट,190
झगड़ा,79
पदोन्नति,14
डकैती,98
लगाये,50
समझाने,125
पहिया,106
फेडरेशन,27
हमलावरों,115
लालू,28
सोना,184
लौटा,179
पीढ़ी,42
रेस,27
पूछने,142
बीघा,52
पुख्ता,3
दवाओं,22
आंधी,60
अपेक्षा,160
सुधारने,125
अध्ययन,10
अन्तर्गत,45
जंग,183
सिरे,95
धक्का,4
पड़ोस,188
चिकित्साधिकारी,78
व्रत,141
चतुर्थ,131
लड़कों,129
कच्ची,33
निदेशालय,45
उपलब्धि,73
संविधान,51
गढ़वा,111
इंद्रजीत,83
केन्द्रीय,45
झंडा,159
लहर,161
मंशा,100
प्राप्ति,122
क्षेत्राधिकारी,70
पुजारी,32
उद्यान,116
स्टेशनों,104
तंग,145
चढ़कर,36
आरक्षित,154
खिताब,84
अधिकारों,51
नगरी,116
किलोग्राम,16
धूल,0
छोड़ा,168
अक्षय,17
पीठ,124
जलाकर,132
रंगदारी,98
संस्थापक,156
बहाने,125
स्थानांतरण,14
दबोचा,103
कतार,172
देशी,113
चोटें,59
किंतु,24
वर्षों,37
गलती,163
दिक्कतों,145
डोर,108
सीधा,133
दुमका,86
इन्होंने,75
तारों,186
घाटों,171
परीक्षाओं,189
कर्नल,46
बढ़कर,16
हॉल,116
कहासुनी,79
निर्माणाधीन,116
उग्र,5
ठेके,97
कड़े,96
मौन,130
विधवा,88
जनप्रतिनिधि,2
तबादला,14
दंपती,88
पैमाने,74
रजनीश,17
बुलाई,157
बिगड़,139
आदेशों,196
भंडारी,180
आमंत्रित,167
सुचारू,191
निवासियों,192
मैंने,18
पाक,46
अलाव,132
आरएस,83
मानी,9
गायक,127
उपकेंद्र,182
कारतूस,175
सीटें,177
दबंगों,115
बढ़ाकर,16
कराये,87
आवाजाही,104
हल्की,160
गणतंत्र,187
सुन,92
हृदय,191
आभूषण,169
निरंजन,32
लौटे,179
शेर,39
किराए,101
मंजिल,42
पिछली,42
वसूल,16
इस्लाम,164
संदेह,11
पाती,134
सेवकों,31
कमरों,158
निर्देशों,166
दहन,132
हीरा,47
पकड़कर,103
निशा,194
पर्स,159
ट्रकों,106
उन्हीं,75
तस्करों,103
खोज,1
दाल,6
अनुभव,185
महान,89
मुआयना,49
टकरा,105
चांद,99
संबोधन,167
एड्स,22
गाड़ियां,106
कटाई,65
उतरने,36
आफिस,190
निर्देशित,122
बीईओ,140
मेल,174
पारिवारिक,154
जला,132
कमान,173
गोद,129
महायज्ञ,141
निरंतर,73
परन्तु,24
मतों,177
ताकत,1
अमेरिका,45
गहरा,85
पार्टियों,177
आरोपों,30
भूल,163
चिह्नित,166
शैक्षिक,154
नेत्र,124
स्मारक,116
गरीबी,13
कागज,69
विसर्जन,35
माला,159
इजाफा,16
मकानों,33
भगवती,58
संपूर्ण,122
चुरा,98
निर्धारण,166
इच्छा,100
मजबूरी,145
लाए,179
प्रारंभिक,37
बदहाल,71
ऋषि,44
चूंकि,24
प्रीतम,180
ठेकेदारों,196
अमृत,20
उतरे,137
इंसान,119
खुदाई,33
तमंचा,175
आएगा,21
सकेगी,118
जिम्मा,173
पर्यवेक्षक,156
कितनी,160
बृजेश,17
काशी,86
नम्बर,166
हलका,85
निकाले,110
चौराहों,188
पढ़ें,178
टूटा,105
घेर,4
विशेषज्ञों,31
एलान,136
हितों,19
जिम्मेवारी,173
दुर्घटनाओं,59
हस्तक्षेप,136
उठाना,55
अस्तित्व,146
दृष्टि,73
गुलाम,164
भंडारे,35
उड़ा,165
विपक्ष,177
मचाया,153
बेहाल,71
रसीद,174
सिपाहियों,46
हवाला,136
निशुल्क,54
गौड़,17
मुआवजे,61
कैदियों,46
डीडीसी,78
डाकघर,86
बाध्य,136
कांस्टेबल,70
भंग,122
फौजी,46
मुलायम,180
बाजी,4
अभ्यास,73
पुष्प,117
बहाली,14
भांति,146
सोलर,186
बहस,197
कथित,30
जीतने,177
रजनी,194
अपराह्न,25
मैट्रिक,176
मधु,194
रमजान,164
फैली,195
पुरुषों,129
उदासीनता,11
पर्ची,69
बहनों,15
संचार,10
धारण,122
व्यवसायियों,123
इन्हीं,75
पकड़ी,103
चिन्ह,166
संगोष्ठी,167
निराकरण,11
जुटा,38
पर्यटकों,193
खराबी,11
घटिया,163
दोनो,95
संभाल,173
इंटरनेट,7
मछली,39
आयकर,174
प्रयासों,1
निर्देशन,147
रोगी,22
उठाते,55
आपके,74
भैंस,52
अगवा,115
आखिरी,42
हमलावर,115
चापाकल,43
उठानी,55
पोशाक,169
पहाड़,120
परीक्षाएं,189
शिकायतकर्ता,48
बर्तन,158
धर्मेन्द्र,17
संसाधनों,41
तुलना,160
इमारत,116
सीमित,122
राखी,108
बढ़े,112
उत्थान,54
यूं,138
सेठ,28
मानसून,60
प्रवीन,17
सफेद,85
बनती,134
दवाएं,22
एयरपोर्ट,193
दिवाकर,17
जोड़,120
भोग,20
निर्गत,174
उमड़,161
तीर्थ,193
जीव,39
प्रताड़ित,5
दायरे,126
प्रोत्साहन,1
साक्षात्कार,7
सावन,141
कहर,60
शर्त,100
फरमान,136
कड़ा,120
छिड़काव,135
मचाने,153
ब्याज,101
क्रांति,19
जलाने,132
नवजात,129
निर्णायक,183
लोहे,158
अंदाजा,50
कल्पना,109
बचत,101
गिरावट,11
आतंक,5
बढ़ाई,112
पूर्णिमा,141
प्रोत्साहित,1
जिक्र,18
नक्सली,114
मुसीबत,145
प्रभार,173
कारोबारियों,123
रोगों,22
निर्मला,194
सुना,157
माले,114
विधिवत,122
साधना,20
पीडब्ल्यूडी,182
जिंदा,132
तिराहे,29
सापेक्ष,41
हिन्दी,113
कहती,134
जनजाति,192
कारावास,48
तफरी,153
फैला,195
संकेत,166
बड़ी,160
सघन,181
युवतियों,129
फूलों,117
विवरण,166
हथियारों,175
हिस्सों,95
सम्भल,86
नजारा,34
जनसंख्या,192
अभियुक्तों,115
घटे,112
नक्सलियों,114
बुजुर्गो,129
वृद्धा,88
मिलेंगे,21
प्रिया,194
प्रमंडल,78
उत्तीर्ण,189
बैठी,137
कमाई,101
युद्ध,183
अधूरा,133
वृक्ष,181
केशव,32
इमाम,164
टूटे,105
हलके,85
डंडे,151
कक्षाओं,198
जोकि,138
खामियाजा,71
लावारिस,76
बिल्कुल,24
परेड,46
फैलने,195
नर्सरी,117
जुड़ा,120
नियमानुसार,174
जनसभा,167
शाहिद,164
लूटने,98
सबको,24
कैदी,46
उत्क्रमित,198
निवारण,11
घाटी,192
देखभाल,54
उतरी,56
नदियों,171
छात्रावास,80
निर्भर,122
कीमती,47
चलेगी,143
संभावित,11
मेहमान,81
ट्यूबवेल,43
कोठी,116
उदाहरण,53
सोलन,86
ईमानदारी,96
चलकर,112
झेल,145
गुस्साए,79
अकेले,126
महकमे,196
बीआरसी,12
फैलाने,195
दाखिले,189
प्रकृति,146
कांफ्रेंस,167
प्राचार्या,80
खाक,26
गायन,127
युग,77
किराये,101
बाप,15
प्लास्टिक,158
परिषदीय,12
हरा,85
एजेंट,156
जिसको,24
खतरनाक,63
धीमी,160
कोचिंग,198
रखरखाव,41
वारदातों,98
जश्न,187
अनुपालन,122
समझौते,100
विदित,166
जीतकर,84
आठवीं,176
गोलियां,151
भड़क,79
सन्नाटा,130
कर्म,20
दलाल,97
प्रशंसा,121
डेयरी,62
शिकंजा,97
कुंदन,17
बताकर,163
ट्रेनें,104
दिसम्बर,149
बोली,92
मिलीभगत,97
भ्रूण,129
बारात,81
तुलसी,117
सुनाया,18
सच्चाई,109
अखंड,35
उपेंद्र,17
रखेंगे,143
व्यक्तिगत,154
उर्मिला,194
परिक्रमा,193
अनुशासन,96
कार्यप्रणाली,196
चेतना,73
कपड़ों,169
आगाज,167
अधिसूचना,14
गोला,175
बहू,88
भगा,4
झील,116
ठोकर,105
कर्तव्य,107
चौपाल,8
खाई,105
अश्विनी,17
वजन,191
कुएं,43
सवालों,197
रजा,164
धूम,153
परमात्मा,20
भरोसे,119
नाकाम,38
प्रतिबंधित,122
रवैया,94
गहरी,160
तारा,58
देखना,72
पाएगा,118
करवाकर,87
धनंजय,17
रवैये,145
अर्जी,48
टैक्सी,106
सम्पन्न,122
धारकों,174
टोली,161
बेहतरीन,34
कोट,159
जाल,108
मूलभूत,51
बिक,90
पायी,56
रोकथाम,22
लिखी,157
गूंज,161
शकील,164
डूब,171
जीते,177
रचना,57
वसूला,16
कालोनियों,192
कंचन,194
वैश्य,44
सिद्ध,63
गिरि,32
परिचालक,106
तंत्र,10
निपटारा,48
शातिर,155
विफल,38
बेंच,137
जरूरतमंद,13
कुलवंत,83
स्थानांतरित,14
चालीस,66
साक्ष्य,30
ऐलान,136
मोह,150
पाये,110
सेमीफाइनल,84
रोटरी,190
हिम्मत,1
लगायी,50
इकट्ठा,126
बेरोजगारों,199
हरियाली,181
बनना,72
सावित्री,58
पड़ते,120
चलाते,170
जन्मदिन,187
पुरुषोत्तम,32
रेत,0
हराकर,84
ख्याल,138
कालाबाजारी,97
महकमा,196
वर्दी,159
चहल,161
प्रतिवेदन,166
नौजवान,89
विद्युतीकरण,182
बांटा,95
जायेंगे,118
देसी,113
वैदिक,77
शवों,59
आयोजक,167
गवाह,48
नाजुक,139
शब्द,146
इस्तीफा,136
निशानदेही,103
पदार्थो,146
गुलशन,180
पुस्तकालय,57
दोस्तों,49
सतर्कता,96
खेलते,84
विक्रेताओं,123
हॉकी,27
कन्नौज,86
धांधली,97
समन्वय,73
खेले,84
अंधेरा,184
कीचड़,120
अंदाज,34
शिकायती,140
तमंचे,175
कार्यभार,173
दून,86
आखिरकार,138
जबरदस्त,34
वीरभद्र,2
सौंपने,173
प्रदेशाध्यक्ष,82
निकलना,72
कर्ण,44
कठिन,72
मवेशी,52
मेधावी,80
कृपा,121
रिकॉर्ड,174
दामों,90
जितनी,160
विश्राम,193
वर्करों,199
जंगली,39
दूसरों,163
सर्वेश,17
क्लीनिक,22
चरित्र,109
बीडीसी,8
सीमेंट,62
अबतक,138
मंत्रियों,31
एकमात्र,45
खरीदा,90
स्थाई,122
अश्लील,163
भुगतना,61
हाजिरी,152
खोजबीन,30
मरने,59
बुला,179
पांव,124
नवम्बर,149
मणि,180
करेगे,21
गुणगान,121
सीख,198
नगद,16
सूत्रीय,102
सक्षम,53
नसीब,49
पर्यटक,193
लगवाने,152
छेड़खानी,30
दिखाते,170
बहरहाल,24
संगम,171
शिक्षामित्रों,12
भंडारा,35
बेगम,164
प्रपत्र,174
रिश्वत,97
सब्जियों,6
पार्वती,58
करवाना,87
विभागाध्यक्ष,78
हाट,123
लैस,175
छात्रसंघ,80
सतर्क,96
शासनादेश,12
वरुण,44
व्यास,44
शीतल,128
सुध,71
खंभे,186
रौनक,99
वार्षिकोत्सव,167
चीख,92
भनक,172
उमस,128
युक्त,122
गुमराह,163
भजनों,127
माया,58
वाहिनी,46
सहकारिता,54
मिस्त्री,199
जीने,119
सूखे,60
मीट,6
समीर,17
धंधा,97
क्रियान्वयन,41
प्रसंग,109
बचाया,61
डयूटी,70
मनीषा,194
खिड़की,158
पलायन,192
अनिश्चितकालीन,102
निहाल,180
लंबा,133
तत्व,146
मंथन,73
वेतनमान,14
पुण्य,20
दिखाए,110
उत्कृष्ट,73
निर्वाची,2
नुक्कड़,147
सरसों,65
मानने,125
डालते,170
आराम,23
हरिओम,17
कान,124
संसार,74
मंडियों,65
पड़,72
निराश,145
थोड़ा,120
बाइपास,29
लेनी,72
प्रतिष्ठा,150
पाना,72
रिश्तेदारों,15
राजनैतिक,19
गिरफ्त,115
पुनीत,44
शरीफ,164
रिहा,136
विजेताओं,27
शौचालयों,182
मोहाली,86
रजिस्ट्रार,78
पढ़ाने,198
बुनियादी,19
माफी,136
जानवरों,39
नमूने,166
वोल्टेज,186
हीं,24
लूटी,98
लिख,18
मतलब,24
विवेचना,30
दीवान,180
समर,180
महंगा,72
दुआ,23
जिसने,18
पड़ाव,193
लायक,49
पीटकर,151
झोपड़ी,33
बंदियों,46
उत्साहित,1
बालिकाओं,129
दहिया,83
बांटने,125
सुधा,194
उतारने,125
कागजों,174
महिमा,20
मंडलायुक्त,140
लैपटॉप,40
कोटेदार,140
दबंग,155
जलने,132
टैंक,43
लाना,72
उतारा,18
चढ़ा,36
किताब,57
पुरवा,111
बेदी,180
सैयद,164
अर्थ,146
महर्षि,44
गौरी,58
अस्थायी,122
झगड़े,79
जाली,158
अभद्रता,79
पैदावार,65
वस्तु,146
शून्य,166
सुपुर्द,173
हत्यारों,115
मुंशी,28
वैकल्पिक,94
व्यक्तित्व,73
बीतने,138
आतिशबाजी,132
तरक्की,23
विज्ञापन,7
सेनानी,89
परियोजनाओं,41
बूंद,60
आवेदकों,189
राजाराम,32
जोश,161
गोशाला,52
निर्विरोध,2
कहे,110
शब्दों,146
अंचलाधिकारी,78
चक्का,106
कगार,172
संग्रह,57
अनुबंध,14
रूबरू,49
आमजन,196
हां,24
साधु,162
तड़के,25
हिन्दू,77
अधीक्षण,78
महादलित,13
विनीत,17
बुद्ध,162
नियोजित,122
कदर,145
त्याग,122
प्रशिक्षु,14
ब्योरा,174
नहरों,43
किस्म,146
निकलते,170
ऊंची,36
सुदर्शन,44
नेताजी,180
संकाय,80
प्रभारियों,196
घास,117
पंत,180
बटालियन,46
खातों,154
हफ्ते,66
शस्त्र,175
सार्थक,73
साहिल,17
लुटेरे,155
मार्गदर्शन,121
इसीलिए,24
तादाद,16
आमरण,102
दिक्कतें,145
रुकने,112
तरुण,17
बनेगी,143
प्रेषित,122
कामयाबी,1
चरणों,146
प्राण,20
वादों,119
गिनती,166
घटी,185
सूख,60
उठने,172
योग्यता,189
सनातन,77
शहरवासियों,182
कठोर,96
अंप्र,120
शुभ,131
मनप्रीत,83
पारदर्शिता,96
गंगवार,17
अधूरे,119
पाबंदी,96
सिनेमा,147
दरगाह,164
महुआ,117
उद्योगों,62
सनसनी,195
हवाओं,128
लेती,134
बचपन,15
बावत,140
दशहरा,187
रुपयों,16
हवलदार,28
ऊषा,194
शरद,17
जानकारियां,10
उपरोक्त,166
टिप्पणी,100
निभा,107
उपचुनाव,177
महोबा,86
निबंधन,174
संबद्ध,10
जितना,24
एकल,146
कुसुम,194
अरविन्द,17
जहरीला,135
कराएंगे,87
स्टाल,123
शिवानी,194
सक्रियता,73
खुलासे,30
आशय,166
थानेदार,70
प्रहार,151
मिलों,199
जागृति,73
जगजीत,83
खुलेआम,5
करण,180
जोरों,172
पाएंगे,118
पासपोर्ट,174
हिंसा,5
खाकर,6
झूठे,163
संतुलन,191
कच्चे,6
अभियंताओं,78
बदतर,71
प्रकाशन,57
राजभर,180
असली,109
त्रिवेदी,17
नारा,5
देन,77
विपक्षी,177
चमन,117
प्याज,6
जीना,72
समझाया,18
मसले,197
पृथ्वी,131
कोमल,194
पठन,198
महीना,144
सिलसिले,138
लदे,0
हेलमेट,159
व्यवसायिक,154
दस्तक,130
सर्वश्रेष्ठ,45
पाठन,198
टेलीफोन,186
डूबने,171
बढ़ोत्तरी,16
अपनाने,94
सशक्त,191
झटका,49
मानवाधिकार,19
सिद्धार्थ,17
सर्राफ,17
उद्यमियों,62
काजल,194
वैज्ञानिकों,31
गणना,166
आतंकियों,114
सबक,49
बची,9
पुनर्वास,54
केसरी,180
यानि,24
वादी,48
भटक,76
सिमडेगा,86
अग्रिम,41
बिगड़ने,139
उमड़ी,161
हटाकर,126
तंबाकू,135
मास,141
यंत्र,186
अंग,146
नियंत्रित,191
आवारा,155
भतीजे,15
नींव,9
तर्क,63
प्रतिभागी,27
आतंकवाद,114
अनंत,20
बेकार,63
भट्ठा,199
देवता,20
घुसे,126
कांग्रेसियों,31
पाउडर,6
लक्षण,22
पड़ेगी,143
वादे,119
मुलाजिमों,196
गुटों,79
उल्लेख,18
उपहार,47
भागे,76
देवर,88
इनसे,75
साप्ताहिक,7
पुकार,92
शिक्षामित्र,12
आंकड़ों,166
रोजा,164
परिस्थिति,11
शहादत,46
मोती,47
सिलाई,169
उपलब्धता,41
जानवर,39
पंखे,186
प्रबंधकों,156
लटक,137
हड़ताल,102
उपलब्धियों,73
भौतिक,146
अत्याचार,5
खैर,24
कांस्य,27
बाराबंकी,86
आकर्षित,1
गहन,73
मसीह,20
सपने,119
कुत्तों,39
पाठ्यक्रम,198
कुंतल,16
आंसू,124
गबन,97
मामा,15
निर्दलीय,177
जलाभिषेक,35
गुलाल,117
समाप्ति,37
पलटने,125
आंखें,124
पक्की,9
अभिनंदन,121
सुचारु,182
सीधी,160
ओंकार,44
बरात,81
सामानों,90
मानकों,166
स्वरोजगार,54
निर्देशानुसार,14
दर्शक,147
पीकर,135
भिड़ंत,79
प्रतिमाह,16
क्रिसमस,144
तेवर,34
पौधा,117
सबके,74
पारी,84
लोहा,175
डिमांड,16
स्वतंत्र,45
साध्वी,162
शिरोमणि,44
वस्त्र,169
खरीदी,90
बदली,9
ठहराव,112
धरातल,166
प्रमुखता,166
ताज,47
भोले,35
न्यायमूर्ति,48
जुर्माने,16
पेशी,48
मुकाबलों,27
दराज,192
गश्ती,46
भलाई,54
कृषक,52
सर्वेक्षण,166
शुभकामनाएं,121
कसर,168
जनगणना,166
बोलने,92
चादर,159
इजहार,136
दवाई,22
प्रतिभाग,27
नियंत्रक,156
नाव,171
चारा,52
तोड़ा,120
नीलामी,90
संस्तुति,14
जानते,142
घोर,5
अंकों,189
कारागार,86
उपकरणों,186
निलंबन,14
लगाम,96
साकार,119
बनाएं,178
मच्छरों,39
राज्यसभा,2
बिंदुओं,166
प्यास,26
विकलांगों,13
वस्तुओं,146
लिहाज,138
लूटा,98
तालाबंदी,102
किला,116
कक्षाएं,198
कार्यशैली,196
वक्ता,167
बौद्ध,77
उठी,92
असामाजिक,163
सदैव,122
मुहर,100
चिह्न,166
रोककर,112
पटवारी,78
रास्तों,104
अभिलेख,174
चुप्पी,130
श्वेता,194
जितने,74
नजदीकी,154
भाईचारे,150
बारहवीं,176
पढ़ा,18
स्नातकोत्तर,198
हंगामे,79
प्रज्ज्वलित,93
आजसू,82
संकीर्तन,35
किरन,194
निकेतन,198
कसने,108
आवेदक,174
बर्बादी,61
प्रदर्शित,53
मानवता,150
चंदा,99
बीमारियां,22
बीएसएफ,46
चाह,72
हटाए,110
कल्याणकारी,54
विरेंद्र,83
गुरू,162
कोटे,13
गड्ढों,33
खोलकर,67
सिफारिश,100
साक्षी,185
कोष,54
अहसास,185
कचरे,33
बर्फबारी,144
चक्रवर्ती,44
मित्रों,31
धंधे,97
उपनिरीक्षक,70
आयुष,17
घेराबंदी,46
बांट,95
कार्ययोजना,100
सितम्बर,149
किताबें,57
पढ़,92
बुलाने,125
मवेशियों,52
संतों,162
कांप्लेक्स,116
आंकड़े,166
मुक्तसर,86
बनते,170
कैमरा,40
दंगल,27
नाक,124
जनपदों,192
पूर्वाह्न,25
कुलसचिव,78
पटाखे,132
घूमने,144
धोखा,163
अभियोजन,48
लड़कियां,129
बदहाली,71
अटल,180
अधिवेशन,167
फेंकने,4
खुशबू,117
इजाजत,136
अध्यक्षों,31
मृतकों,59
ईदगाह,29
प्रतियोगिताएं,27
नीयत,163
पावन,20
क्षुब्ध,145
सीडी,40
पीड़ा,185
कापी,69
अवलोकन,166
ऊंचा,36
बैडमिंटन,27
शकुंतला,194
घोटाला,97
ओलावृष्टि,60
मत्स्य,39
आकलन,166
गुजरना,72
अव्यवस्था,5
विचारों,73
बदौलत,1
हौसला,119
दुरुपयोग,97
किन्तु,24
अपहृत,115
फंसा,126
साक्षर,198
तालमेल,191
साठ,66
इच्छुक,38
भंडार,41
पड़ोसियों,15
रंगों,85
स्वर्णकार,44
संकुल,41
नक्शा,166
पात्रों,109
लता,194
दादा,15
आवासों,192
घाघरा,171
खुराक,22
बंदरों,39
गिरे,105
प्रोन्नति,14
माजरा,28
गारंटी,51
रोजी,101
मोहल्लों,188
व्यावसायिक,154
ठंडे,128
प्रतिनिधित्व,51
गहरे,85
लगन,150
दलितों,13
समग्र,73
फेंका,4
विस्फोट,59
सेवानिवृत,14
नववर्ष,187
सजग,191
आराधना,35
प्रदूषित,171
पालिकाध्यक्ष,140
दिखने,172
भोर,184
नैतिक,19
झाविमो,82
शिक्षिकाओं,12
मोटी,160
निर्वहन,107
रद्द,136
सुनते,92
अनमोल,47
जूझना,72
बोरी,0
बर्खास्त,14
नौजवानों,129
दृश्य,109
बैठकों,31
बोरा,0
लैपटाप,40
चिंतित,145
पद्धति,94
कराटे,27
ताल,91
भिड़,79
लेगी,118
कुत्ते,39
चेहरा,124
घटनाक्रम,30
चीज,146
जागरुक,191
पांचों,95
विहीन,122
मंडलीय,78
दिनदहाड़े,98
नवनिर्वाचित,2
हल्का,85
नियत,122
ईंट,33
इनको,75
लाभार्थी,13
आढ़तियों,123
प्रधानाचार्या,80
समृद्धि,23
बिरादरी,19
निखिल,17
आंकड़ा,16
नालियां,33
कुशल,89
सहन,145
सेशन,190
लिखने,125
प्रथा,77
डिप्लोमा,190
गायों,52
लौटना,72
रश्मि,194
बड़े,74
फसलें,65
पिछड़े,13
पैरवी,48
लेखन,57
उठाव,0
मनोनीत,156
निकलकर,126
जरुरत,1
चक्र,166
बोला,28
सिकंदर,44
जोड़ी,120
संभालने,173
अफरातफरी,153
पीस,6
तरस,71
पुण्यतिथि,187
पारंपरिक,77
पिलाने,135
विमान,193
गुना,16
भाजपाइयों,79
संतुष्ट,122
रस्म,107
निराशा,145
चरम,73
कमांडर,46
सशस्त्र,114
नमी,128
ब्राह्मण,44
साधारण,146
पहुंचना,72
जंगलों,181
मताधिकार,51
प्रयासरत,38
जुड़,120
अस्थाई,14
कालीन,169
पसीना,124
प्रतिष्ठान,154
हत्यारोपी,115
वास्तविक,146
चलाना,72
आढ़ती,123
इंसाफ,48
महत्ता,73
फलों,117
मलबा,105
फूट,105
लालच,97
डटे,38
बदबू,33
मांस,6
बतायी,157
गुजरते,138
मंत्रमुग्ध,92
तूफान,60
टाल,136
मुफ्ती,164
प्रेमिका,88
रहित,122
ग्रंथ,57
मुस्कान,23
प्रयोगशाला,166
चौदह,66
गहने,169
कारखाना,62
डंडा,151
दस्ते,46
बंदूक,175
उपनिदेशक,78
जरा,142
मच्छर,39
खुफिया,46
गगन,180
जनार्दन,32
कूलर,128
कोने,126
सूबेदार,70
अघोषित,5
शिष्टमंडल,102
रामनवमी,141
तत्वाधान,167
इसपर,24
अन्याय,5
चौथी,42
खींच,126
क्रीड़ा,27
रामनाथ,32
जुआ,97
संग्राम,183
अनुशंसा,100
आत्म,73
रंगोली,117
उपाधीक्षक,70
भीड़,161
पहुंचेगी,143
खण्ड,166
प्रांत,45
खदान,199
कुख्यात,155
मौर्या,17
नियमावली,14
बदलते,138
भला,142
प्रतिक्रिया,100
किस्त,42
शताब्दी,37
दंड,48
पसरा,130
असफल,38
ऊंचाई,36
ठहराया,18
माफ,136
अभिलेखों,174
अर्जित,122
पदस्थापित,14
संभाला,173
नेपाली,113
अनुष्ठान,20
सचिवों,31
नवनियुक्त,82
शैली,113
सौहार्द,150
इंजेक्शन,22
लोकार्पण,167
जोखिम,11
वसूलने,16
रामायण,113
पक्षी,39
राजकिशोर,32
मधुबन,111
छठी,176
प्रतिवर्ष,16
मंत्र,20
टीईटी,189
नवोदय,80
बिजलीघर,186
सहभागिता,73
आर्मी,46
ध्वजारोहण,167
फेरी,106
लड़का,28
प्रतीत,63
धारक,174
चैंपियन,27
किन,146
संवेदक,186
आसार,38
खुलवाने,67
सावधानी,96
वन्य,39
लगेगी,143
भाग्य,131
आहत,145
प्राधिकार,51
विवादित,30
दूरभाष,186
कहाकि,164
जले,132
घातक,63
सिम,40
महाविद्यालयों,80
रिहायशी,116
बांधकर,108
सालाना,16
गवाही,48
मस्ती,161
उल्टी,124
विमोचन,57
खरीददारी,123
घेरे,126
चौटाला,83
पर्दाफाश,97
माथा,124
अत्यंत,160
आश्वस्त,136
स्कूटर,106
झटके,4
धड़ल्ले,97
संयंत्र,62
दुर्घटनाग्रस्त,59
देवताओं,20
सांप्रदायिक,19
धार,175
सर्राफा,123
अधिशाषी,78
तत्पर,38
पंचनामा,148
कमाल,34
दामाद,15
परामर्श,54
उज्ज्वल,85
बनेंगे,21
रखता,68
लूटे,98
धारदार,175
खबरों,7
संतोषजनक,122
आगजनी,98
निभाने,107
सांप,39
फीता,159
हाथियों,39
एकजुटता,150
निर्दोष,163
सेक्शन,190
नशीला,135
दीक्षा,20
नामित,14
जनजीवन,192
मुनि,44
लौटते,179
बागवानी,117
अल्लाह,164
सगे,15
गढ़,116
चूना,97
तलवार,175
भाईचारा,150
हड्डी,124
थोक,123
लौटी,179
प्रहलाद,44
पहुंचेंगे,21
डंडों,151
देशभर,74
मिजाज,128
बीएन,17
नमूना,166
संक्रामक,22
बुझाकर,132
भड़के,79
खुलकर,136
छापे,103
पहलुओं,10
तबादले,14
बर्फ,128
सौदा,90
तथ्य,166
निबंध,57
लगेंगे,21
लदा,0
रामानंद,32
अध्यापिका,198
मशीनें,186
बांस,117
भास्कर,44
मालगाड़ी,104
तबाही,153
खरीदे,90
सबूत,30
दुराचार,115
आयुर्वेदिक,22
शरारती,155
आरक्षी,70
दादी,88
बहुमत,177
अर्थदंड,16
ब्रज,113
एथलेटिक्स,27
संलिप्त,97
सरयू,171
बढ़ेगी,143
मंगला,58
तत्पश्चात,37
कंपनियां,62
सहायिका,88
गुमशुदगी,115
दुखी,145
कतई,24
कटाव,105
कब्रिस्तान,116
परहेज,96
क्रेडिट,174
बढ़ाए,112
जोड़कर,120
सांत्वना,121
सहज,73
अभिनव,73
आजीवन,54
रौशन,132
पुस्तकें,57
प्रतिनियुक्त,14
सरकारों,31
पक्षियों,39
बिछाने,125
माली,117
आमदनी,101
परंपरागत,77
बेटियां,88
झूठा,163
जैविक,62
अनुपात,41
सुलझाने,197
कार्यदायी,182
सर्वोच्च,45
स्वर,127
कार्मिक,14
समायोजन,41
होड़,172
जनस्वास्थ्य,182
फिल्मों,147
अकेला,168
त्रिस्तरीय,8
समझते,170
छोड़ी,168
ठंडा,128
प्रशासक,156
रस्सी,108
मुश्किलें,145
बंधन,108
कमलजीत,83
नसीहत,96
सबका,133
धुनाई,151
नशीले,135
कोहरा,60
रिश्ते,150
खरीफ,65
फाइलों,196
झांसी,86
तबीयत,139
लापरवाह,96
झड़प,79
छाए,130
ढोल,91
सराहा,18
ब्यौरा,174
बच्चियों,129
उपविजेता,27
नाकाबंदी,46
चढ़ने,36
नमन,121
खोली,67
निशाने,4
लगाएं,50
पांचवें,66
कीटनाशक,135
हाथापाई,79
पढ़ाओ,198
पार्को,116
राजी,136
समर्पण,150
चौपट,71
छठे,66
निष्ठा,150
छुटकारा,64
लगना,72
दीन,164
डीलरों,123
दलालों,97
दिला,64
विस्थापित,192
झाड़,120
अग्नि,93
चांदनी,99
राज्यस्तरीय,27
नवीनीकरण,174
भक्तिमय,35
अनारक्षित,86
इकाइयों,62
टॉप,190
बहने,171
सातवें,66
टीका,22
दस्तावेजों,174
पसीने,124
मातम,59
उर्स,164
गरिमा,150
अखाड़ा,120
मौलिक,51
अदायगी,107
बलिदान,150
प्रताड़ना,5
भैया,28
सौंपकर,173
प्री,190
उपज,65
टेक,190
क्लर्क,190
अमीर,89
जायज,163
मशहूर,89
श्रेष्ठ,89
मुहल्लों,188
प्राध्यापक,198
परमार,44
पेटी,0
घेरा,4
अंबार,71
खामियां,3
बड़ा,133
बडे़,74
निर्माता,89
दिव्य,20
वें,66
खत्री,44
आपकी,160
विचाराधीन,48
झलक,34
खलबली,153
बेचा,90
प्रेरक,73
साझा,1
महंगी,160
पंडा,32
अंतर्राष्ट्रीय,45
घड़ी,120
खौफ,130
खफा,79
स्वयंसेवी,54
तरीका,94
कार्यवाहक,156
घुसने,126
आंदोलनकारियों,102
असुविधा,11
सचेत,191
बहाना,49
त्रस्त,145
मयंक,17
आटा,6
स्वाभिमान,150
भावनाओं,150
पैसों,101
गौशाला,52
भाभी,88
खपत,41
लहूलुहान,76
मंडली,147
अधिकृत,154
जमावड़ा,79
पॉलीथिन,0
गंतव्य,193
बीडी,135
टेम्पो,106
कुपोषण,129
चढ़ाने,36
बिलों,196
रूपरेखा,166
सरल,94
चरस,135
दौड़ा,4
अंजली,194
प्रौद्योगिकी,62
शिविरों,192
मॉल,123
छीनने,125
ताबड़तोड़,4
हर्षोल्लास,187
निस्तारित,48
सरगना,155
पुरूष,129
सबकुछ,24
बनायी,9
दुल्हन,81
कुचल,4
विदेशों,74
सभासदों,31
परिचित,185
बेटों,15
मलबे,105
सैन्य,46
रक्षक,54
तिराहा,29
खातिर,1
चीजों,146
ज्ञानी,162
गोलीबारी,59
उपयोगिता,41
अवशेष,116
व्यवस्थाओं,3
आवेदनों,174
चौकसी,96
जगतार,83
कागजी,174
फंदा,108
खुदकुशी,59
मजबूरन,72
रैन,184
बयां,109
अधूरी,9
पर्चे,69
बंदर,39
शख्स,115
इनकार,136
अफवाह,195
नयी,42
चूक,163
रहेंगी,143
सेतु,104
मंडप,116
कीमतों,41
जता,136
शिक्षाधिकारी,140
रूपए,16
बदलकर,126
नाग,44
रोपाई,65
नौबत,172
बढ़ेगा,21
अविश्वास,11
नामों,146
जोड़े,120
नाते,156
चुप,92
प्रज्वलित,93
गुरदेव,83
श्रोताओं,127
चकबंदी,52
धुन,127
शान,34
परमानंद,32
विधेयक,51
बेहोशी,76
त्रिवेणी,171
पीडि़त,115
दुग्ध,62
इरशाद,164
तौल,0
वैभव,47
बेला,58
खोकर,84
शीतला,58
स्कार्पियो,106
विविध,10
गर्व,121
छत्तीसगढ़,86
संगठित,19
गाड़ी,106
उठता,68
तटबंध,105
सवारियों,106
पुस्तकों,57
सूखा,60
जयंत,17
यौन,191
सदा,20
आहूत,167
छप्पर,105
सड़कों,33
पैतृक,15
बत्ती,132
बादलों,60
अग्रणी,89
बस्तियों,192
साकेत,180
भगदड़,153
शाखाओं,154
उत्पादों,62
पहने,159
सकुशल,193
कुआं,43
गतिविधि,10
हटवाने,152
अनुमोदन,100
जनरेटर,186
चेतन,180
चरखी,106
जमाने,138
चेताया,136
अपराधों,30
मुश्किलों,145
विद्यापीठ,198
सद्भावना,150
कनिष्ठ,156
धरोहर,47
वीणा,91
दावेदार,177
नेट,69
शीर्ष,45
बंगला,113
कठिनाई,11
लुत्फ,55
आड़े,120
साहित्यकार,89
बैंकिंग,154
मुकाम,138
मिसाल,34
क्षेत्रवासियों,182
अग्निकांड,26
प्रतिकूल,11
ओलंपिक,27
चंचल,180
गुस्से,145
जिलास्तरीय,8
चेकअप,22
बाई,58
टूटकर,105
चिंगारी,26
मुकम्मल,119
पोषाहार,12
संशोधित,122
स्त्री,129
पिलाई,135
खुशियां,23
नवनिर्मित,116
हंस,39
जन्मोत्सव,187
शीशे,158
स्वर्गीय,15
बापू,162
मृत्युंजय,32
साड़ी,159
किताबों,57
हंसराज,83
चित्रकला,113
रत्न,47
कामों,196
सृजन,73
पक्के,33
बरी,48
उद्यमी,89
सेक्टरों,192
झंडे,159
असिस्टेंट,190
विशेषकर,75
दिलचस्पी,1
पहलवानों,27
जुगाड़,120
पढ़े,110
दीनानाथ,32
रोहिणी,58
कूपन,123
पुस्तिका,57
कॉपी,69
साढे़,66
प्रयुक्त,53
मात,84
जुटाने,125
भूमिगत,43
पैरों,124
लादकर,0
खस्ताहाल,71
अपमान,163
प्रतिनियुक्ति,14
पीर,164
सरपंचों,8
इशारे,4
खेली,84
आलोचना,163
कत्ल,115
पढ़ाया,198
सुमित्रा,58
मकर,131
ध्वज,51
सस्ते,90
चर्चित,89
मनमाने,163
चाल,146
जन्माष्टमी,141
पढ़ी,157
जननी,54
मुकुल,17
हटाओ,4
समझने,125
झोंक,26
दीवाली,187
रसायन,62
नतीजतन,138
नन्हें,129
रोड़,29
खानापूर्ति,196
पटाखों,132
मानकर,166
सोलह,66
निविदा,174
गतिविधियां,10
जलजमाव,182
सेविकाओं,12
पल्ला,159
आहार,191
कमेटियों,8
भोजपुरी,113
पायल,194
सचल,186
हौसले,119
बजकर,25
फैले,195
तत्परता,96
एहसास,185
वृक्षारोपण,181
जगी,172
उज्जवल,73
नगीना,47
लाईन,104
सुलभ,54
दुर्घटनाएं,59
मूल्यों,77
आयोजकों,167
विरासत,77
उन्मूलन,122
उतरकर,137
सरिया,0
मुठभेड़,115
देशभक्ति,127
वैद्य,44
उदासीन,145
ताक,137
प्रेक्षक,156
भरमार,71
लाइनें,104
घोसी,111
फरियाद,48
रामा,58
मुसलमानों,164
बकरी,39
उर्वरक,65
दफ्तरों,196
प्रेमियों,31
हैदराबाद,86
प्रधानाध्यापिका,12
सर्वप्रथम,45
थमने,112
केरोसिन,132
ग्रामसभा,8
उत्पात,153
कॉलोनियों,192
महाशिवरात्रि,141
कच्चा,6
नौवीं,176
अमीन,164
खस्ता,71
ध्वनि,91
अलमारी,158
संवेदना,150
आंगन,116
बोलते,170
बिरसा,180
पाएगी,118
तबाह,61
व्यवस्थापक,156
वैध,174
शशिकांत,17
आपात,54
लकड़ा,83
विस्थापितों,192
पीटने,151
दस्ता,46
सैकड़ों,74
अखबार,7
समूहों,31
मिलनी,72
बोगी,104
सूचनाएं,10
खादी,169
पौधारोपण,181
प्रधानाध्यापकों,12
अनहोनी,59
परमेश्वर,20
प्रश्नपत्र,189
सलामी,46
पहनाकर,159
बेवजह,145
मिलावट,97
बलराज,83
व्यवस्थाएं,3
सरेआम,4
ग्रस्त,11
प्रभा,194
सभाओं,8
जरूरतमंदों,13
फरियादियों,140
गर्भ,129
सिमट,126
अभद्र,163
अत्याधुनिक,62
इशारा,136
मक्का,164
सुलह,79
गुरुकुल,198
परम,20
अवरुद्ध,122
बनवाया,152
करवाएं,87
लिफ्ट,158
साधा,49
खिलाडि़यों,27
फंदे,108
गुरनाम,83
बुआई,65
बचाई,4
बूंदाबांदी,60
नतीजे,177
प्रतिभाओं,27
आकस्मिक,185
दबाकर,4
विकराल,26
मारवाड़ी,113
बांधा,108
पात्रता,189
विज्ञप्ति,7
बलवान,131
कानूनगो,78
श्रृंगार,169
चाबी,67
घटित,185
टमाटर,6
गर्दन,124
शास्त्र,20
गाकर,127
बहाव,171
अंग्रेजों,5
चुंगी,29
फौज,46
अवहेलना,96
बिंदु,166
मांगपत्र,102
बंदोबस्त,3
अस्त,131
कन्याओं,129
आनी,9
वांछित,122
चलाता,68
बयानों,30
दोस्ती,150
निपटाने,125
अकेली,88
भल्ला,83
दुर्दशा,71
लेगा,118
रेडियो,7
परचम,161
जतायी,100
कड़ाके,128
मोर,39
कुर्बानी,164
प्रदेशों,192
चौड़ीकरण,104
पैनी,96
धक्के,4
नशीली,135
अलका,194
गुलदार,39
चाहा,72
मिटाने,125
जबाव,197
आयुर्वेद,22
अभिनय,147
गाने,127
अर्बन,190
पदयात्रा,193
मिलीं,56
दोष,163
दांव,177
निचले,95
चोटिल,84
सच्चे,162
किश्त,42
उड़ान,165
तारीफ,34
जबरदस्ती,163
नहाने,171
काटी,9
थानाध्यक्षों,70
लीक,40
दामोदर,32
भयभीत,130
वायु,146
मुकदमों,48
कीट,39
विवादों,197
गुणा,16
गांजा,135
गहराई,73
लड्डू,6
एम्बुलेंस,106
तैसे,76
दया,150
बंधे,108
क्षेत्रफल,166
उतना,24
हैरान,92
अभिमन्यु,44
अत्यधिक,160
तुम,142
सहयोगियों,31
रेस्टोरेंट,123
हरसंभव,38
सीखने,198
किस्मत,119
लेखपालों,140
परिवेश,113
सहूलियत,1
संभावनाएं,11
कुरीतियों,5
सेब,6
वरदान,20
महापंचायत,8
चारदीवारी,33
असहाय,13
हावी,145
मध्यम,62
उच्चतर,122
छोर,95
जुड़ने,1
तेरह,66
काव्य,57
अंदेशा,11
बनाम,48
बेखौफ,155
चौथा,133
मशाल,132
पदभार,173
मायूस,145
रोकना,72
फटने,105
अकाल,60
पड़ता,72
पौड़ी,86
शिखा,194
निशांत,17
पड़ी,9
फिरौती,98
लोकपाल,51
दबा,4
बदनाम,163
हुनर,34
पांचवीं,176
दोपहिया,106
उठकर,184
जानकारों,31
लेनदेन,174
मनोबल,150
बुराइयों,5
औसत,160
पुत्रों,15
लेखक,89
गृहस्थी,81
सभापति,2
वरना,24
वापिस,179
नवाब,28
बेरी,117
आंतरिक,146
पासबुक,69
अंगूठी,159
पार्टियां,177
दंपति,88
कैशियर,28
उपवास,141
सियासत,119
भगाने,125
उपमुख्यमंत्री,2
अतिक्रमणकारियों,196
स्वार्थ,150
खुलवाया,67
सपनों,119
खाकी,85
क्रमिक,122
लगीं,56
रोकर,76
चचेरे,15
एंव,10
वास्तव,24
दस्त,22
रिकवरी,190
मायने,138
तहसीलों,8
दावों,30
थमा,4
रुके,112
मुरली,58
बताये,110
सम्पर्क,10
प्रत्यक्षदर्शियों,59
आरोपित,115
वर्णन,18
बताती,134
मेहमानों,81
नवदीप,83
हल्के,85
शासकीय,154
जलाया,132
चलो,112
सरोवर,116
आपका,133
कोषागार,174
जमाया,133
बढ़त,84
सौजन्य,180
खरा,63
प्रारूप,51
नाका,29
राना,17
दोहरे,146
सोम,180
अलीगंज,29
प्रसन्न,121
धुआं,132
नलकूपों,43
दर्शाया,18
महागठबंधन,177
चार्जशीट,48
अनुपस्थिति,11
संक्रमण,22
पौध,117
औषधि,22
जीवित,191
दूभर,72
परवाह,1
प्रतिष्ठित,89
नमक,6
अंतराल,166
रौंद,4
रुका,112
चिराग,132
डूबे,171
महंगे,90
सौंदर्यीकरण,182
परिवारीजनों,115
आध्यात्मिक,20
वर्षीया,88
त्यौहार,187
कड़ी,42
हैरत,92
मूर्तियों,35
गिरते,105
प्रतीक्षा,122
भटकना,72
मातृ,129
देशराज,83
हाहाकार,153
फुल,40
दूरदराज,192
बेशक,24
सम्बोधित,167
फिराक,38
उन्नति,73
आनन्द,23
बिखरा,76
एकाएक,112
रुकी,112
मजाक,165
बहा,171
चौड़ा,120
जीती,9
मस्जिदों,164
रिहाई,115
तफ्तीश,30
अस्सी,66
चकिया,111
सर्विलांस,40
सैलाब,171
अता,164
पावरकॉम,182
इस्पात,62
उपयोगी,10
काका,28
प्रशिक्षुओं,80
वसूले,16
खालिद,164
भरपाई,61
चूल्हे,132
छात्रवृति,80
महापर्व,141
महल,116
चास,111
दिवंगत,15
मैराथन,27
गेंद,84
गुरचरण,83
गोपी,58
शिवाजी,180
प्रज्जवलित,93
शांतिपूर्वक,102
दरिया,171
मानसी,194
प्रभातफेरी,35
मर्जी,100
दिव्या,194
सीटी,91
हटवाया,152
रंगे,103
समाजिक,19
उखाड़,120
मजार,164
सीने,124
निकायों,31
घूमते,170
हरेन्द्र,17
गुड़िया,88
सौर,186
प्रतिष्ठानों,154
अभिनेता,147
तेजाब,26
हॉस्पिटल,22
वृक्षों,181
आत्मनिर्भर,191
दौड़े,120
पहुंचीं,56
खाया,6
बाघ,39
संक्रांति,141
विपणन,62
पटाखा,123
केमिकल,190
ठिकाने,126
जमे,137
दबाने,125
परीक्षक,189
जन्मदिवस,187
हत्यारे,115
हास्य,147
आदत,145
असल,24
बरसाती,60
गणपति,35
सावधान,191
उसपर,24
गेंहू,65
बहल,17
लोहड़ी,187
निर्देशक,147
पूंजी,101
नैन,180
प्रतिमाओं,35
पहलू,109
कमाने,101
मक्खन,6
बैल,52
सच्चिदानंद,32
बेकाबू,76
शुरुआती,37
बस्ते,0
रोते,76
सस्ती,160
गर्मियों,144
असुरक्षित,191
नन्हे,129
झुलसी,26
अग्रहरि,17
आपातकालीन,54
खरीदकर,90
खासे,145
ठंडी,128
धीर,180
मुबारक,164
सजावट,169
पुरोहित,44
टीके,22
रक्षाबंधन,187
छोड़,168
सैर,193
सोचा,18
छोड़े,168
लगवा,152
लाइनमैन,78
वीडियोग्राफी,40
गिट्टी,0
आश्रितों,14
कीर्ति,180
छिपे,126
प्रदर्शनकारी,102
नाके,29
हरिश्चंद्र,32
अप्रिय,185
कारी,164
गयीं,56
शिवरात्रि,141
दीवारों,33
रेशम,62
स्वराज,180
आकार,146
कैमरों,40
उम्मीदें,119
दिलवाने,64
प्रजाति,39
बिस्तर,184
पैमाइश,52
गुम,76
भ्रष्ट,163
कोयले,0
समर्थित,122
आश्रित,122
काफिला,193
मेहंदी,117
सबकी,160
उलझ,197
कतारें,172
औपचारिकता,107
धज्जियां,165
आंशिक,122
दीवानी,48
सीरीज,84
यादगार,34
दावेदारी,177
तिरंगा,159
असंतोष,11
सेंध,98
सृष्टि,20
तेंदुए,39
एक्सरे,40
रिफर,76
शिष्य,162
उधार,101
बंगाली,113
जरुरी,72
कदाचार,5
गुजारा,101
गलियां,33
चप्पे,46
किराना,123
खामियों,3
निष्कासित,136
सुल्तान,164
उनपर,75
ठहरने,193
विश्वविद्यालयों,80
खुशहाली,23
जौहर,180
सच्ची,109
जादू,34
भोज,81
झुग्गी,33
तथ्यों,166
लूटकर,98
सीढ़ी,36
प्रणव,44
अड़े,79
सुंदरीकरण,182
सती,58
पर्दा,55
नेत्री,2
आजकल,75
छलांग,4
होलिका,132
तराई,192
गवाहों,48
प्रखण्ड,86
दिनांक,174
चाहिये,72
मंत्रिमंडल,2
कुंज,117
छतों,33
टकराई,105
सोनम,194
पर्वतीय,192
जमीनों,52
आईटीआई,190
अचेत,76
एसबीआइ,190
सजी,9
ट्रेनर,190
नीम,117
सभ्यता,77
दुरूस्त,182
सलाम,121
गोपनीय,154
पेंच,108
कुष्ठ,22
नजरअंदाज,136
संतान,15
उपप्रमुख,82
अदालतों,48
वायदा,136
जिम्मेवार,163
करीबी,15
प्रश्नों,197
रोके,112
गोलियों,151
आंकलन,166
कंधे,124
समूचे,74
जेठ,88
असमर्थ,38
सिगरेट,135
विदा,81
नोकझोंक,79
राजभवन,116
झूम,161
बसेरा,39
हैरानी,92
काजी,164
महबूब,164
खंडों,57
परिवर्तित,122
हमलोग,24
औसतन,66
मौखिक,10
जत्थे,193
निकलता,68
गैरहाजिर,140
उदघाटन,167
साहस,150
प्रसारण,7
दंश,26
स्रोत,10
लदी,0
बागान,199
बुद्धि,73
कलम,175
तहकीकात,30
सातवीं,176
जुड़े,10
बैठाकर,137
झूठी,163
दशकों,66
मोर्चे,46
शशांक,17
पालकी,193
अलबत्ता,24
तख्त,137
तालियां,161
चना,6
लंबाई,104
दवाइयों,22
रिश्ता,150
कहता,68
सांगवान,83
प्रीत,194
अगुआई,180
माथे,124
नसबंदी,129
ग्रामों,192
पडे़,76
ठेला,106
जलाशय,43
शनि,131
खिलाड़ी,27
दिमाग,191
फर्श,33
नंबरों,189
शीशा,158
नाजायज,163
राजकुमारी,88
बैराज,43
विकासखंड,8
गोदामों,123
अपनाया,94
उगाही,97
बैठकें,167
पट्टा,108
भूरा,85
प्रमंडलीय,78
झेलना,72
डायरी,57
विनीता,194
प्रशस्ति,121
बलात्कार,30
जानकार,142
सस्ता,94
संरक्षित,191
घने,181
संयोजन,146
आईं,56
पहुंचती,134
बंधी,108
सेकेंड,66
निराला,180
दरकिनार,136
लाठियां,151
बुराई,163
रूपी,20
संबधित,10
आत्मदाह,102
सर्द,128
वारंटी,51
उम्मीदों,119
फोड़,120
नगरीय,192
उद्योगपति,89
स्पर्धा,27
रथयात्रा,141
बताएं,142
उपयुक्त,122
डग्गामार,106
निमंत्रण,49
इमारतों,33
कस्बों,188
रखती,134
सम्राट,44
जाहिद,164
राजमहल,116
श्मशान,116
मधुमेह,22
ठिकाना,23
स्वस्थ्य,191
कबूल,136
रूचि,73
बारीकी,96
सृजित,14
अभियोग,48
धैर्य,150
गल्ला,123
दीक्षांत,167
चाक,124
व्यायाम,191
असीम,150
दिनचर्या,191
सम्मिलित,122
स्वयंसेवक,54
उतनी,160
जागृत,73
पुस्तिकाओं,69
आदिवासियों,192
निरंकारी,162
चक्की,186
गेंदबाजी,84
नाबार्ड,54
छीनकर,4
रुझान,73
प्यारे,28
गान,127
मेधा,73
अफीम,135
मनमोहक,34
विभोर,92
व्याख्यान,167
शिथिलता,11
त्रिलोक,44
शर्ट,159
पंडालों,35
चकमा,4
दंगा,5
बेची,90
गिराने,125
मर्यादा,150
दांतों,124
फायदे,61
बंधु,180
चढ़े,36
पोषक,191
छीना,4
बिचौलियों,97
चलाये,110
निरीक्षकों,70
अगला,133
जिनसे,75
तंगी,145
आकृष्ट,122
शिवलिंग,35
पढ़कर,92
चीजें,9
ज्यों,180
पंचायतें,8
झूठ,163
पहुंचाना,61
बैरंग,179
टैगोर,45
प्रचारक,162
कारों,106
सेवानिवृत्ति,14
झूमने,161
करारी,177
तोहफा,49
डकैतों,155
झुंड,39
पड़े,72
खंडेलवाल,17
बताओ,142
पंचमी,141
चहारदीवारी,33
जुबान,67
न्यास,54
सुनीं,157
कृषकों,52
ऊपरी,95
गढ्डे,33
मुनाफा,101
घाटे,61
गोबर,52
अनुकूल,191
संयोग,185
प्रवर्तन,51
दबदबा,133
नक्शे,166
उनलोगों,157
रेलखंड,104
भट्टी,132
संलिप्तता,30
देखें,178
बुंदेलखंड,86
हानि,61
उतरा,179
बेरहमी,4
चकराता,86
इंजीनियरों,190
भूस्खलन,59
हमलोगों,20
अध्यक्षा,82
मिलावटी,123
फंसी,9
ग्रसित,11
बढ़ाना,72
ठिकानों,46
बनवारी,32
मशीनरी,62
रहस्यमय,185
ग्राम्य,113
वाणी,20
नारियल,6
तबियत,139
मंजर,119
धरपकड़,103
अंकिता,194
तीज,141
रशीद,164
मुख्यालयों,196
बखूबी,107
दखल,136
प्रबल,73
उपेक्षित,13
खेप,0
बेचकर,90
निपटा,179
दफा,42
साध,130
छापामार,46
पशुपालकों,52
पेंशनरों,196
सच्चा,162
कष्ट,11
माननीय,2
भरना,148
रिश्तेदारी,81
पंखा,186
निजीकरण,41
प्रधानाचार्यो,80
लड़की,88
बहुजन,19
हरिजन,13
पीपल,117
प्रेरकों,12
दर्दनाक,59
खिसक,137
कटकर,105
जिलाधीश,78
झूमे,161
पाप,163
मिर्च,6
उल्लास,187
बताना,72
हटने,136
करूंगा,21
सीमांत,192
व्यापारिक,154
आयोजनों,167
गृहस्वामी,88
पूर्वोत्तर,86
दावत,81
सुनाकर,157
पते,174
जाग,184
कासिम,164
पढ़ते,170
ब्रांड,123
भागों,95
व्यवस्थित,94
तलाशने,125
ट्रॉली,106
रोकी,112
त्योहारों,187
खर्चा,101
रामलखन,32
अग्रसर,122
ब्रह्मा,44
कांता,194
देहाती,113
सीसे,158
क्रिया,146
वाटिका,117
नौकर,28
कुंभ,141
साधे,130
सफाईकर्मी,199
तबके,13
आपत्तिजनक,163
साले,28
अपनों,119
खटीमा,86
अभिजीत,194
जिम्मेदारों,196
खिलाकर,6
संबंधों,150
सरना,180
मटर,6
फाड़,120
संपदा,47
असमंजस,145
बढ़ाते,112
हेराफेरी,97
अनावश्यक,163
बहनोई,15
परीक्षाफल,189
अंग्रेज,89
वाहवाही,34
भयंकर,26
पीलिया,22
सौगात,49
फेरबदल,14
डालें,178
त्रिभुवन,180
राई,6
अन्दर,126
गड्ढा,33
आफत,71
पिछड़ी,13
आन्दोलन,19
चुनी,9
अर्थात,24
सूखने,60
मेहर,180
मुसलमान,164
बमुश्किल,66
चौड़ी,120
सुस्त,145
परेशानियां,145
प्रस्तावों,100
अनेकों,74
खरे,180
पोखरे,43
जयकारे,35
बकरीद,187
बरामदे,137
निराधार,63
जवाबदेही,96
चिंताजनक,139
वायदे,177
सता,130
तीखी,79
कटा,124
कलह,79
लखविंदर,83
पहुंचता,68
बीजद,177
अंश,166
सांसदों,31
लाएं,178
महानिरीक्षक,70
यापन,13
आशु,17
लोकायुक्त,2
मण्डल,45
ट्रॉफी,84
सैंकड़ों,74
कब्जों,196
राही,180
भागा,179
अन्यत्र,168
मोहर,180
दाग,124
अजीज,164
बौद्धिक,19
प्राय,146
प्रगतिशील,19
डिब्बे,158
पंचम,131
मनाए,187
अराजकता,195
साईं,35
जिसपर,24
दुश्मन,46
अपेक्षित,122
खसरा,22
लटके,137
दिग्गज,89
आचरण,163
पेय,135
दयाराम,32
शराबी,135
कारखाने,62
झुलसे,26
घुसा,126
प्रतिपक्ष,2
करवाते,87
आगनबाड़ी,190
हलचल,153
हेलीकॉप्टर,193
झाड़ियों,120
मुकदमें,48
चौकीदारों,196
पहुंचाई,61
लगानी,50
ग्राफ,166
गोकुल,180
सुगम,94
समाधि,20
वारदातें,98
परवान,36
घाटशिला,111
प्रेसवार्ता,167
सर्वजीत,83
प्राणी,39
कुपोषित,129
जताने,136
उन्नत,191
भतीजा,15
रोचक,34
दंगे,5
धमाके,59
आश्चर्य,185
सचान,17
दायित्वों,107
सज्जन,28
दुबारा,179
नवमी,141
सर्वागीण,73
अनजान,130
जुडे़,10
कटे,124
रोने,92
शिक्षिकाएं,12
फतेह,164
ईमानदार,89
बल्लेबाज,84
अराजक,19
तोड़,126
हरेक,74
बंटवारे,95
आत्मसमर्पण,136
हेमराज,83
बयानबाजी,79
हुजूम,161
मजा,49
जातियों,192
कवियों,31
ऊंचे,36
माओवादी,114
कड़ाई,96
पत्रिका,7
गोवंश,52
छिपा,126
आसन,137
अर्चन,35
शोकसभा,167
निरोधक,22
खंभों,33
सिखों,162
बिकने,90
भट्टाचार्य,17
आनाकानी,136
क्षतिपूर्ति,61
चमक,34
हरिहर,32
भाईयों,15
जसप्रीत,83
बिगड़ी,139
मार्गों,104
गुटखा,135
आधिकारिक,45
दिनहाटा,111
मानसिकता,5
सर्वशिक्षा,12
श्रमदान,54
परिश्रम,101
झाड़ू,120
अरोरा,17
खूंटी,108
कार्यकत्री,140
भूजल,43
माधुरी,194
मानो,24
बैनामा,174
उम्रकैद,115
यकीन,63
ब्लू,40
कटी,9
अवस्थित,45
जलकल,182
बनाएंगे,21
रुकवा,152
कहें,178
छूटे,168
इरादे,1
गुणवत्तापूर्ण,122
मनाते,187
युवराज,84
छाप,69
पल्सर,186
अंशकालिक,156
अध्ययनरत,80
फर्जीवाड़ा,97
दीदार,49
पत्रक,69
एतराज,136
फरीद,164
रास,161
गनीमत,138
फुसलाकर,115
बुझा,132
अनुश्रवण,41
टिकी,9
सुन्दर,34
बिन,164
तरीकों,94
इंच,66
जलवा,34
खेतीबाड़ी,52
भागकर,126
विरोधियों,5
गरम,128
चार्ट,166
पेड़,181
लिंग,146
बल्ब,186
जनों,31
कसा,108
विराट,44
आत्मविश्वास,73
बेचे,90
चेहरों,109
बाजपुर,111
पेशे,89
प्रस्थान,193
गुड़,6
छिपी,9
प्रतिस्पर्धा,27
बेचते,90
शासनकाल,51
मिलें,178
खलिहान,52
दामन,168
भयावह,185
नाट्य,147
बाट,16
जिनको,75
गोमती,171
होनहार,89
खुशहाल,23
पुरजोर,136
अपार,150
वरीयता,166
सुर,127
मैचों,84
दंत,22
वकालत,1
सट्टा,97
टकराव,79
भेजना,72
लपटें,26
हरित,62
अभिकर्ता,156
सिक्के,158
पिलाकर,135
ढुलाई,104
आदेशानुसार,48
युवतियां,129
सुलझा,197
बेसहारा,13
मानवीय,19
महत्वाकांक्षी,89
विस्फोटक,175
आशियाना,119
बोध,73
बराबरी,183
दुपहिया,106
रविकांत,17
खीर,6
शक्ल,109
रसोइया,12
आकांक्षा,73
दबे,0
कर्मजीत,83
दरार,105
फौरन,136
संप्रदाय,162
श्रृंखला,37
ढूंढने,125
प्रसन्नता,23
खोजने,125
बॉलीवुड,147
खजाना,47
रूटों,104
उपासना,20
संग्रहालय,116
श्रद्धासुमन,121
मादक,135
प्रत्यक्ष,146
पारदर्शी,94
राहों,119
रखाव,41
दोहन,41
निषेध,122
रिटायर,14
जीजा,15
मुक्की,79
निर्यात,62
आजीविका,101
मनायी,187
जली,132
बिछाई,9
पच्चीस,66
शिवराज,180
निकटवर्ती,192
दृष्टिकोण,94
दांत,124
कृत्रिम,146
मूर्तियां,116
बेघर,13
लोडिंग,106
लाद,0
भटकते,76
गहनता,73
चिकित्सीय,22
पदम,180
कानों,124
रियाज,164
यंत्रों,186
पटरियों,104
विराम,122
फैंसी,169
शाहगंज,111
पलटी,4
चौड़ाई,120
रईस,28
मरे,59
जीविका,101
दंडित,163
एग्रो,190
विचारधारा,19
अख्तियार,94
पहाड़ों,120
जुर्म,115
वीआइपी,193
मंडलों,31
सशक्तिकरण,54
पुनर्गठन,14
मोड़,138
शीर्षक,57
खंगाला,126
बचाना,72
हितैषी,54
उपलब्धियां,73
गुरुद्वारे,116
समृद्ध,191
किशोरियों,129
पोखरा,86
रूख,94
जुटने,38
वृद्धावस्था,129
भागते,76
डूबा,171
चारपाई,137
परीक्षकों,189
स्नेह,150
ननद,88
आदर्शो,77
खासतौर,138
उपाधि,198
झूला,108
राजगीर,86
विराजमान,137
आंदोलनकारी,102
सिलेंडरों,158
अल्पसंख्यकों,13
कूदकर,4
काफिले,106
मंजिला,116
पाला,39
समझकर,163
नामी,89
माताओं,129
चिकित्सकीय,22
लोकतांत्रिक,19
जोहड़,43
जूते,159
बोधगया,116
टोपी,159
बनवाए,152
चढ़ाया,36
शिकस्त,84
सरकारें,19
थानांतर्गत,111
संतुलित,191
जहमत,55
सहमे,130
मुद्रा,146
स्वाति,194
उपमुखिया,2
संभवत,24
रीति,77
गुत्थी,197
दिलशाद,164
प्रवासी,113
घरवालों,81
रिसाव,43
तपिश,26
सैलानियों,144
सिखाया,18
पुतले,132
लड़ी,183
आजिज,145
नामांकित,14
बलि,36
घाटा,61
बढ़चढ़,167
बदसलूकी,79
चुस्त,191
भरते,148
फेंके,4
विकलांगता,22
पुर,180
नूतन,194
पापा,15
स्मरण,121
प्रक्षेत्र,62
शिखर,36
होशियार,28
अफसोस,49
मायूसी,145
खूनी,183
खडे़,137
मेंहदी,117
यूनियनों,199
श्रुति,194
जख्म,124
फीडिंग,69
कराएगा,87
तीव्र,73
जीवनी,57
शौक,49
कुंडल,159
जलमग्न,43
किसने,51
समझी,157
मोक्ष,20
पट्टे,52
बचाकर,126
खानपान,191
इनामी,155
फहराया,18
खुदरा,123
शेरपुर,111
निर्भय,180
बजाने,91
सुनसान,116
बेबुनियाद,163
वहन,173
हवालात,115
क्षत्रिय,44
किरदार,109
डोडा,86
अभिकरण,156
पत्थरों,33
पुलों,104
धरा,20
महापात्र,32
खिल,117
जगाने,184
झूले,137
आमसभा,167
प्रशिक्षकों,80
भिजवा,152
बनें,178
जनमानस,19
लगवाए,152
स्वाद,6
अंत्योदय,13
खड़े,137
केला,6
तारिक,164
प्यारा,133
चारो,74
पहरा,96
निगमों,154
परे,126
विद्वान,89
जनसेवा,54
जोड़ों,120
रीढ़,124
उठाएं,55
लाते,170
व्यर्थ,63
दरकार,1
उतारकर,159
महक,117
गजल,127
गाजे,161
गृहमंत्री,2
लोकप्रिय,89
कमियों,11
सेनानियों,46
गाए,127
कुल्हाड़ी,4
कारीगर,199
अनियमित,146
द्वारिका,32
आहुति,93
शास्त्रीय,113
इंटरसिटी,104
ढाका,86
समाजसेवा,54
प्रबंधों,3
बजरी,0
पटल,109
ठेले,123
नजीर,164
गुंजन,194
जाप,35
पखवाड़े,187
सटीक,94
निकाह,81
परगना,86
बादशाह,28
संस्थागत,154
स्वामियों,154
घात,4
अनुमंडलीय,78
स्थलीय,192
पत्रावली,140
शतरंज,27
मौसमी,60
अंशु,194
चुन,126
सुनाते,170
दुर्गापूजा,187
पहुंचेगा,21
कूड़ेदान,33
पौराणिक,77
दबकर,105
दिखता,68
पीले,85
कायरें,73
मृदा,181
हत्यारोपियों,115
योगा,198
दौलत,47
मन्दिर,116
फर्ज,107
कुचलकर,4
व्यतीत,122
मांगते,170
गुण,146
बेल,117
अटूट,150
सूफी,162
ऋतु,144
ताजिया,164
पूछ,142
प्रमाणित,63
संस्कारों,77
प्रतिद्वंद्वी,27
संशय,11
सेवादार,162
जच्चा,129
धनखड़,83
फिसल,105
खूबसूरत,34
बैठेंगे,21
रूपया,16
भुखमरी,71
सभाकक्ष,167
कागजातों,174
नहरी,43
सिखाने,198
माहिर,38
सेल्समैन,123
कंटेनर,158
विक्रांत,17
जिम,190
धरे,137
अधीनस्थ,14
चप्पल,159
सीआइएसएफ,70
बनीं,56
अंधाधुंध,163
मोहर्रम,187
एजेंसियां,196
गंडक,171
हजारी,180
मीर,164
उमंग,23
पीला,85
प्रवाहित,171
आदी,145
शहरवासी,182
चिंतन,73
बांटकर,95
जलेसर,86
कबाड़,90
पर्वत,36
करनेवाले,53
भाड़ा,16
सदमे,59
बांधने,108
आधारभूत,10
थाली,6
उतारू,172
खांसी,22
नोटों,158
महंती,32
खिचड़ी,6
धोने,169
सहायकों,14
मुनीष,83
फरियादी,48
दबंगई,79
दोहरी,42
प्रतियोगी,189
बच्चन,180
जोगेंद्रनगर,29
वर्चस्व,19
महापुरुषों,162
कट्टा,175
जनविरोधी,5
हुंकार,148
मोमबत्ती,132
जीवों,39
संगीन,30
शुमार,89
समायोजित,122
हालातों,139
खजाने,47
झमाझम,60
मीठा,6
आंगनबाड़ी,12
डांट,151
नेक,164
सवालिया,197
संरचना,146
प्रभावितों,61
शफीक,164
चरमरा,71
अलविदा,168
सद्भाव,150
खरीदना,90
निचली,48
हेमा,194
नील,85
डुबकी,171
घटा,16
दुष्यंत,44
अन्न,6
खड़ा,137
घुटने,124
एजेंटों,196
मारामारी,79
डालना,72
मैक्स,190
भूखे,13
प्रभाग,45
लाभकारी,63
प्रवृत्ति,73
पधारे,167
तेंदुआ,39
अपराधिक,30
दौड़,27
दही,6
दंग,92
चारे,52
उड़ाने,165
असंतुलित,191
दिलाए,64
पीना,135
सत्यवान,44
खरी,157
घूमकर,126
भ्रम,11
बकाए,16
चिल्लाने,92
कूच,193
कायाकल्प,73
खुशियों,23
संवैधानिक,19
बोलकर,92
मनोरमा,194
बहनें,88
उपद्रव,153
उपराज्यपाल,2
चुनने,125
टकराने,105
आमतौर,75
माओवादियों,114
ससमय,122
आपने,18
सज्जा,169
बैसाखी,187
बीड़ी,135
सिद्धांत,94
गांववासियों,192
क्रांतिकारी,19
प्रख्यात,89
खातुन,164
प्रश्नोत्तरी,10
लगाएंगे,50
सब्जियां,6
उदयवीर,83
कर्तव्यों,51
लपटों,26
बाधक,11
निकालना,72
छाई,9
डोली,81
काटते,170
चूल्हा,132
अर्से,138
स्कीमों,196
कान्वेंट,198
वत्स,44
राग,127
भूगोल,19
बजरंगी,32
लेफ्टिनेंट,46
अंचलों,192
किसके,51
लौटाने,125
सूचक,166
तपन,26
प्राक्कलन,166
जेलों,71
प्रभावशाली,89
शराबबंदी,135
दलील,48
स्त्रोत,10
बुरे,163
गिर्द,126
पहन,159
परिचर्चा,167
आभा,194
जाखड़,83
ज्वाला,93
रची,9
मंत्रोच्चारण,35
घोटालों,97
चरणबद्ध,122
उखड़,120
दूल्हे,81
सांख्यिकी,166
दक्षता,73
वित्तविहीन,12
अरसे,138
झुलसा,26
निकालते,170
तालीम,198
बकायेदारों,196
मूंग,65
देवा,44
आगाह,136
अष्टमी,141
नेत्रदान,54
लौह,62
गजेन्द्र,83
लेंगी,118
दायरा,112
खुलेगा,67
घटने,172
परिधि,166
उपचाराधीन,22
सुशासन,19
प्रीती,194
सिखाए,198
श्रोता,127
उमड़े,161
प्रबुद्ध,89
जौहरी,17
हड़पने,97
कानूनों,51
पत्राचार,174
पीली,85
चुनौतियों,197
खदेड़,4
अतरौली,111
उत्पादक,62
सत्तर,66
बेचैनी,145
उद्योगपतियों,31
सूक्ष्म,146
शायर,89
लथपथ,76
व्यवधान,11
भुइयां,111
पुरातत्व,77
नाटिका,147
अनावरण,167
अनुचित,163
अभियंत्रण,78
चाहत,119
कटवा,152
अंजान,130
प्रिय,89
इबादत,164
नकाबपोश,155
संभाली,173
झरिया,111
जानबूझकर,163
घिरे,130
दुर्भाग्यपूर्ण,163
मूक,147
संवारने,125
औपचारिकताएं,174
भुवन,180
बजते,91
प्रवास,193
रूक,112
एजेंडा,19
बोलबाला,195
जानना,142
दवाब,11
लिखाई,198
ऋषभ,44
बकाएदारों,196
बैरक,46
गंगाजल,171
चैत्र,141
लेखाधिकारी,78
फंसाया,97
अधिप्राप्ति,41
बरसे,60
रिश्तों,150
पंडितों,31
तमन्ना,119
प्राध्यापकों,80
बोतलें,158
अपितु,24
राधाकृष्ण,32
कयास,50
पिलर,105
खड़ी,9
बढ़ना,112
हवेली,116
रहस्य,109
त्वचा,124
शुभारम्भ,37
हिस्सेदारी,41
असलहे,175
प्रेमनगर,29
साधू,162
पलटा,4
सत्ताधारी,177
पन्द्रह,66
पीरो,164
उल्टा,163
संयम,96
रोड़ा,120
सूरी,44
स्क्रीन,40
ठेकेदारी,97
तेरे,119
कांटे,117
फंसने,97
जद्दोजहद,38
व्रतियों,141
शिल्पी,44
फुटपाथों,33
सिरदर्द,22
प्रस्तुतियों,147
पंचों,8
मुनासिब,72
परसा,111
अमावस्या,141
स्थिर,191
बैट्री,186
निखारने,125
खींचने,125
बिगुल,91
निर्धन,13
समझना,72
पात,117
परिणामों,166
आपबीती,157
दरम्यान,138
पिकनिक,144
आहवान,102
खंभा,105
मंहगाई,101
पगड़ी,159
मेजबान,27
गुटबाजी,79
बरसी,176
त्रासदी,109
वालीबॉल,27
अद्यतन,122
संवर्ग,14
पालना,96
लौटकर,179
कुत्ता,39
सानिध्य,162
प्रावधानों,51
वस्तुएं,90
औपचारिक,122
करवाएंगे,87
घोषणाएं,196
दबोचे,103
लटकी,9
कैसा,142
सर्वोदय,54
सांय,25
कक्कड़,17
सशक्तीकरण,54
बेतरतीब,33
उफान,171
रंगीन,169
मुश्ताक,164
आशाओं,119
बनाओ,178
जागीर,52
सोते,184
तुषार,17
नीतियां,19
गुजरती,134
गर्भपात,129
दाह,132
पहनने,159
दूरसंचार,62
सुंदरता,34
छिपाने,125
पकड़,103
संक्षिप्त,166
कांडों,30
समझाकर,136
चर्चाएं,79
देंगी,118
मान्य,122
रैकेट,97
भिड़े,79
शाल,159
फजीहत,79
तांत्रिक,20
विभूति,180
पकड़ा,103
बरतें,96
सजाने,125
सुरक्षाकर्मी,46
बड़ों,129
जोखा,166
उठाएंगे,55
निकटतम,86
अरमान,119
गतिरोध,197
सरोकार,19
टुकड़े,120
छुड़ाने,168
जवाबी,46
अथारिटी,190
पूर्णत,122
धनी,89
बिगड़ती,139
बसर,71
सुस्ती,145
जयकारों,35
एचआइवी,22
तलाक,48
सजे,161
फाइलें,196
परचून,123
प्रवाह,171
दिलों,119
दुर्लभ,47
मोटे,95
पिकेट,29
रोमांचक,185
बुद्धिजीवियों,31
त्रुटि,11
ट्रासफार्मर,186
रासायनिक,146
कोटेदारों,140
उड़ाया,165
आतंकवादी,114
जीवंत,34
देह,20
स्वाभाविक,11
खामी,11
श्रीमद्,44
काज,196
फरोख्त,97
आधारशिला,166
स्टाप,106
नारों,161
भराव,43
भूसा,0
खनिज,62
बासमती,65
निगाहें,9
गलन,128
सदुपयोग,73
रातभर,184
पत्रकारिता,7
खागा,111
सताने,172
रचा,18
चौंकाने,30
ढाणी,83
प्रारम्भ,37
जातीय,19
दिखाना,72
नवाज,164
सुपरिंटेंडेंट,70
लहराया,161
तोड़े,120
ढांचे,19
केंद्रित,1
रोना,76
अथक,38
मनोकामना,35
गेंदबाज,84
गजराज,32
नकलची,163
चन्द,180
उपनगर,188
तपस्या,20
कराता,87
पालीथिन,0
उच्चस्तरीय,122
दुर्गम,192
पीतल,158
सैकड़ा,66
धमाल,153
फैक्ट्रियों,199
जिलांतर्गत,111
बदन,124
शंभु,32
बनाता,68
अर्जन,41
जल्दबाजी,145
बुवाई,65
कुंडी,67
समाना,72
सहमत,100
सूट,159
प्रायोगिक,10
जानता,68
समानता,150
भुक्तभोगी,115
नगरवासियों,182
विख्यात,89
संभल,86
छाता,159
बैठते,137
कमा,101
उस्मान,164
हनन,51
भिन्न,146
पहनकर,159
एहतियात,96
लाचार,71
पीते,135
घोड़े,120
सुपारी,117
बैठाने,125
छुट्टियों,144
बंधा,108
रोजमर्रा,146
परिक्षेत्र,86
मसलन,75
सूखी,60
प्रोफेशनल,190
अध्यादेश,51
आहट,130
गद्दी,137
उतारी,9
बहता,171
प्रयोगात्मक,146
अनाथ,129
मतभेद,197
छापने,7
किसे,142
खर्चे,101
विकट,11
गुरुजी,162
दहाड़े,4
सोचने,142
सतवीर,83
कपास,65
शाहबाद,111
ब्लास्ट,59
लगवाया,152
अखाड़े,120
चौसा,111
हिंदुस्तान,74
सुर्खियों,138
जहरीले,135
खिलाने,6
भुगतने,163
इंसपेक्टर,70
ढांचा,19
घनी,160
चिलचिलाती,128
पालकों,129
दर्शनों,20
किनारों,171
शीतलहर,128
नाश्ता,6
चुराने,98
सूचियों,174
नान,6
बाथरूम,158
ठेस,61
निकलती,134
वैवाहिक,81
दिलचस्प,34
कृत्य,163
सनसनीखेज,30
बुलाए,110
मूलरूप,86
बकायदा,40
अबकी,42
जाओ,137
थानान्तर्गत,111
अमलीजामा,159
फलदार,181
हिमालय,192
नाना,15
भूतपूर्व,89
गम्भीर,11
दाने,6
पतंग,165
वैली,190
पुत्रगण,83
फलस्वरूप,11
खोखे,175
सुकून,23
रखनी,9
गायिका,127
जगजीवन,32
संदिग्धों,115
बांसी,111
राजभाषा,45
सोचना,72
दलदल,33
तिल,6
भिखारी,28
ड्रामा,147
खुलते,67
गमगीन,76
कामगार,199
ठहराते,163
पहुचने,193
दिलाना,64
लम्बी,160
दिखायी,134
कुरान,164
बैठना,137
थैला,0
कहावत,157
सांकेतिक,146
गुफा,116
दूंगा,118
वनों,181
नाच,161
पंपों,43
दार्जिलिंग,86
घोड़ा,120
शशी,194
कामगारों,199
जुल्म,5
बेहतरी,1
बखान,34
ज्ञापित,121
भेद,146
बिस्कुट,6
तरजीह,1
याचिकाकर्ता,48
बैद्यनाथ,32
मयूर,44
मुल्क,164
चर्चाओं,197
प्रलोभन,97
गाते,127
सत्याग्रह,102
खेमे,177
रोहन,17
नीलकंठ,32
छोड़ना,168
शिवालयों,35
सादा,6
बेमियादी,102
अनामिका,194
बुआ,88
सौतेला,15
विंध्याचल,86
तकरार,79
धर्मराज,44
आंवला,117
लात,151
महफूज,164
वंश,77
सुजाता,194
दफन,59
विलास,180
हानिकारक,191
अनिवार्यता,122
रहमत,164
प्रकाशोत्सव,187
चुनार,86
बीर,180
मिष्ठान,6
दिवाली,187
हटवा,152
मातहतों,196
निगल,4
सामग्रियों,41
इतर,10
गुरुदेव,162
पहर,184
जनवितरण,41
संजीवनी,54
लड़ाई,183
वृहद,73
समरसता,150
घुसपैठ,46
धमकियां,115
विक्षिप्त,76
गोपनीयता,154
पाठ्य,198
मेहरबान,49
रैंप,36
सेवायोजन,78
कराएगी,87
पहना,159
समीकरण,166
पालियों,189
सरैया,111
प्रदेशभर,192
दुखद,185
आठवें,176
अखंडता,150
पॉलीटेक्निक,190
फिल्में,147
घबरा,92
संचालिका,88
देय,16
टकराकर,105
धमका,4
लगाव,150
नित्य,20
आपत्तियां,100
मैदानी,192
कर्मवीर,180
बिछा,137
उल्टे,163
रखेगी,143
त्राहि,153
पौष्टिक,191
शौकीन,49
दरें,16
सिक्का,158
भौगोलिक,146
समझे,110
एकादशी,141
विनायक,180
उछाल,4
निभाते,107
करतब,34
रेफरी,27
निर्वाचक,177
रामवृक्ष,32
बीआरपी,12
बक्से,158
धमकाने,125
अनुमानित,16
ढ़ाई,66
ग्रामोद्योग,62
पलक,124
बली,131
मुख्याध्यापक,12
सर्दियों,144
अनाधिकृत,154
विषम,146
जानबूझ,163
विद्यासागर,32
हटाना,72
मुस्लिमों,164
मस्त,34
शगुन,81
ढोने,0
प्रांतों,192
कार्डधारकों,140
धूरी,183
काल्पनिक,109
गुजरा,138
अनवरत,122
सौभाग्य,49
बांधे,108
जानमाल,61
कुंडली,131
देखेंगे,21
ईनाम,16
कम्युनिटी,190
मुस्तैदी,96
गल्ले,90
अन्नपूर्णा,58
त्रिलोचन,32
गालियां,151
घंटी,91
दूरस्थ,192
सोए,184
गुजरे,138
मारते,4
रसोइयों,12
मोबाईल,40
कीड़े,120
नैतिकता,19
कार्यान्वयन,41
औचित्य,166
बेमौसम,60
अपनाई,94
अभिनेत्री,147
नकारात्मक,11
उतरते,36
इंजीनियर्स,190
ससुरालीजनों,81
मंदी,62
फर्जीवाड़े,97
गिराया,4
झूमते,161
बदलना,72
कुलभूषण,44
रिक्शे,106
लटकता,108
खट्टर,180
कैफे,123
शाखाएं,154
देवाशीष,17
केवट,32
उबाल,6
हकदार,51
किले,116
करवट,184
साधनों,146
अहमियत,138
टोनी,180
मसला,197
बचना,72
छूटने,168
ताऊ,28
वचन,20
अनुबंधित,14
धोखे,97
अंगुली,124
नलों,43
ढूंढ,126
ज्वालामुखी,116
आदान,10
चुराकर,98
परिचालकों,196
मनमर्जी,97
निभाया,107
भट्ठों,199
वार्डेन,140
सुखद,185
आपत्तियों,100
कर्बला,164
बुद्धिजीवी,89
उठती,134
आएंगी,143
रिचार्ज,43
खोखा,175
तान,175
बिन्दुओं,166
वाजिब,163
भंडाफोड़,97
लगाता,50
केसर,117
अभिरक्षा,48
अर्थव्यवस्था,62
गुलाबी,85
अंधकार,20
जीरा,6
जलती,132
तेरा,133
दोगुना,16
श्रेया,194
गिरता,105
बिगाड़ने,125
दैवीय,20
सूचनाओं,10
बीएसएल,70
हुड़दंग,153
ढलते,184
बीघे,52
रेलमंत्री,2
चौकियों,46
वर्षगांठ,187
तानाशाही,5
हिंसक,5
परत,36
गुणों,146
महफिल,127
घोल,6
निवेशकों,31
वित्तमंत्री,2
ढक्कन,158
खटखटाया,67
मौज,165
अवमानना,48
बनाएगी,143
मंत्रोच्चार,35
टेकने,137
दूल्हा,81
ज्योतिष,131
बानगी,109
मेघा,194
अमूमन,75
कढ़ाई,169
शॉल,159
सोया,184
पर्दे,109
उद्भेदन,30
मिलेंगी,143
पीटना,151
महारानी,58
लड़कियों,129
थानेदारों,70
स्तुति,121
कक्षों,116
समितियां,8
अनियमितताओं,196
व्यथा,157
सम्बन्धित,10
टांग,108
लोकप्रियता,34
जबर्दस्त,34
नाकेबंदी,102
ठगा,97
बुजुर्गों,129
विस्तारपूर्वक,166
बजा,91
शराबियों,135
बंजर,52
छटा,34
प्रण,121
कसी,9
गाया,127
हैसियत,154
खुदा,119
गोताखोरों,43
सुअर,39
इकलौता,133
निबंधक,78
मौतों,59
क्रमांक,174
रामराज,32
जुटाई,9
नयन,180
जस्सी,83
फूंकने,132
स्वर्णकारों,123
आकाशीय,186
सकेंगी,118
आयाम,73
जलवायु,128
पक्षपात,163
गुंडा,155
राष्ट्रपिता,162
खामोश,130
ख्वाजा,164
आक्सीजन,186
बरते,96
घटती,112
प्रसारित,7
लाटरी,97
दमखम,34
प्रायोजित,122
हिंदुओं,77
कथावाचक,162
जांचने,125
अतिसंवेदनशील,11
जोड़ना,72
घंटो,66
मदरसे,164
क्षण,185
अक्षर,146
खुलेंगे,67
कुछेक,75
प्रतिद्वंदी,177
एकादश,131
खिला,6
डायन,88
सलाखों,124
मिठाइयां,6
मोहलत,136
चोरियों,98
छाती,124
दीर्घायु,191
बटन,40
ब्रह्म,20
तेरी,119
नीली,85
बरस,66
तकलीफ,145
उड़ाए,165
आमंत्रण,49
बिगाड़,139
पशुपालक,52
नाकाफी,63
पहनाने,159
नाबाद,84
सबों,121
सन्,53
जटिल,197
नुमाइश,172
तीर,175
मुखातिब,49
कर्मकार,199
कतरा,138
लड़ा,183
दिनकर,180
शौर्य,46
लेख,57
सुखी,23
सब्र,145
असमर्थता,100
मसाला,6
त्रिलोकी,32
उड़ाई,165
साख,154
अनिश्चित,11
प्रचंड,26
तांडव,153
गिरिराज,32
कोटि,20
चढ़ाकर,36
सरासर,163
संलग्न,122
खोया,133
गवर्नर,2
गोलमाल,97
फौजदारी,48
हर्षित,121
नौकरियों,196
घोषणाओं,196
काटना,72
प्रैक्टिस,190
एयरफोर्स,46
भागी,4
मजीठिया,28
संपादक,156
घेरने,125
भावभीनी,121
तनावपूर्ण,191
वजूद,119
रखवाली,52
स्वावलंबी,13
खींचतान,79
हल्दी,6
थप्पड़,4
मालाओं,0
मोटरसाइकिलों,106
कार्पोरेशन,190
उड़े,165
अतिशीघ्र,122
मिलाप,150
नमो,180
संभावनाओं,1
साहित्यिक,113
टेढ़ी,9
हथियारबंद,114
सीढि़यों,36
नस्ल,39
पाइपलाइन,43
मुकुट,159
दुर्भाग्य,11
सुरक्षाकर्मियों,46
सुरंग,104
शीत,128
डलहौजी,86
इज्जत,150
दर्शाता,166
एकतरफा,150
रिवाज,77
गुंडागर्दी,5
मैया,58
ट्रालियों,106
मापदंड,166
नाथनगर,111
पंथ,162
सफाईकर्मियों,199
मिलाने,125
जगपाल,83
जानें,142
कटाक्ष,163
भीख,101
तकनीकि,10
दौड़ते,120
अनुदेशकों,12
परिवारीजन,115
स्वयंसेवियों,80
हिलसा,116
दीदी,194
मिलाया,18
दंगों,5
चढ़ाई,36
हाकिम,28
कुलश्रेष्ठ,17
पुनर्निर्माण,37
मोटा,133
प्रार्थनापत्र,140
उच्चाधिकारी,196
जया,194
समझें,178
हलवाई,28
साबुन,169
फकीर,162
नजरें,9
खेलना,84
स्वदेशी,62
भयमुक्त,191
हीलाहवाली,140
भाषाओं,113
उच्चतम,48
जनजातीय,45
बंदरबांट,97
संग्रामपुर,111
आत्मसात,73
सांई,35
अनुदानित,12
बाहुल्य,192
भतीजी,88
सटा,130
आतंकवादियों,114
विक्रय,41
धुएं,132
पकड़े,103
झोला,0
चैतन्य,20
पर्यवेक्षिका,156
तल्ख,79
गहमागहमी,79
झूल,137
सौंदर्य,73
बही,171
थोड़े,120
रानीखेत,86
शिशुओं,129
दक्ष,89
मस्तिष्क,191
खंडहर,116
अव्यवस्थाओं,196
धनघटा,111
पार्लर,190
सम्पूर्ण,122
कसबा,111
पालक,6
धराए,155
नाटकों,147
झांसे,97
चलाएं,178
मुसाफिर,193
प्रसूता,129
पड़ेंगे,21
अपनाना,94
धमाका,59
पैंट,159
उपायों,94
मानचित्र,166
पायदान,36
गांठ,108
अहंकार,150
कनेक्शनों,182
दौड़ने,172
जलाई,132
मनचलों,155
वास्तविकता,109
निवासीगण,111
दिखती,134
उपद्रवियों,114
क्रिकेटर,84
जनजागरण,54
कट्टे,175
पर्यवेक्षण,156
आगोश,119
हेलीपैड,116
कम्युनिस्ट,114
शुभकामना,121
धनुष,175
प्रतिपूर्ति,41
प्रजातियों,39
जहाज,193
पखवारा,187
बेबस,76
भेजें,178
पत्ते,117
शिवपूजन,32
आंध्र,86
अपनाकर,94
उपजाऊ,52
बैठाया,137
किशोरों,129
कांति,194
नकार,136
लाभदायक,63
पाटिल,180
शूटर,27
बनाती,134
वैसा,24
जूता,159
रेप,30
उद्देश्यों,10
अकेडमी,190
समता,150
उठते,170
ठगने,97
खलील,164
चाट,6
चुकाने,16
प्रशस्त,122
बेचना,90
हड़ताली,102
झेलने,145
पालिसी,190
इचार्ज,190
कांफ्रेंसिंग,40
अपनाए,94
रेलकर्मी,70
दबी,9
रचनात्मक,73
इकट्ठे,126
राजस्थानी,113
कदमों,112
इस्तीफे,136
हालचाल,49
चौंक,92
पूर्वजों,77
चलेंगी,143
सामंजस्य,150
गुंजायमान,161
मासूमों,129
रिमझिम,60
किनारा,171
उमड़ा,161
बूढ़े,129
गंवा,61
पारिश्रमिक,101
इसरार,164
विडंबना,109
जागो,131
महाआरती,35
जनाधार,177
रेडीमेड,169
शिवानंद,32
बंगले,116
दारू,135
आदर,121
विभाजन,95
धमकाया,136
मलिन,163
बुनकरों,199
मंडरा,130
जलाए,132
मैकेनिकल,190
लश्कर,46
पत्रांक,78
मन्नत,35
माइक,40
तदर्थ,14
अद्भुत,34
सुखराम,83
सभाएं,8
सीखा,18
अदद,138
थैले,0
महामाया,58
दिव्यांग,13
असलहों,175
ज्ञातव्य,63
अनापत्ति,174
कॉरपोरेशन,190
गाना,127
उत्खनन,62
रेलगाड़ी,104
नाता,150
पोर्टल,7
मुर्गी,39
नाश,61
कंधों,173
बटोरी,9
कमजोरी,11
अक्षम,191
सिफारिशों,100
कराह,76
होम्योपैथिक,22
भंडरा,111
कांटा,117
उपकेन्द्र,186
टूरिज्म,190
बोरियो,0
कविताओं,57
घटक,146
साक्ष्यों,30
आखों,124
तालियों,161
कुर्सियां,137
विषयक,10
हराम,163
कठिनाइयों,11
व्यंजन,6
बेमानी,63
अपमानित,163
निकास,182
देखिए,142
चलेंगे,21
बताता,68
बनवाकर,152
खींचकर,126
त्यों,42
भीड़भाड़,188
मानिक,180
सीमाओं,51
वरिष्ठता,14
आत्मरक्षा,151
मानती,63
चलन,77
माप,166
अटैची,158
तिहाई,95
कतिपय,122
अनभिज्ञता,11
आंगनवाड़ी,12
ठगे,97
पिछड़,13
अनुदेशक,12
सांझा,1
नीले,85
असंभव,72
कारीगरों,199
चौथ,141
बन्द,67
भावुक,185
सुरभि,194
कबाड़ी,90
बढ़नी,112
एकड़,52
जेईई,189
दलबल,70
लगवाई,152
कोशिशों,38
संपति,154
मार्कशीट,69
कराती,87
बॉल,84
ढीली,9
उपदेश,20
ढेरों,74
प्रशिक्षणार्थियों,80
जालसाजी,97
दिमागी,191
भूमिहीन,13
छूने,125
इंसानियत,150
छेड़ा,183
शर्मनाक,163
चाही,9
हिल,137
सोमा,58
खोद,33
आजतक,24
श्रावणी,141
सौंपते,173
जुकाम,22
क्षमा,121
चपरासी,28
रंगमंच,147
पम्प,43
पिला,135
लेखाकार,78
रचनाओं,57
व्यवहारिक,94
सुधरने,139
ऊंट,39
मेवा,6
टीसी,190
आश्रय,20
जूझते,145
लोकगीत,127
वाचक,20
समेट,126
हरकतों,163
महादलितों,13
पुष्टाहार,12
स्वभाव,146
चित्रों,57
स्वेटर,159
औषधीय,181
तृतीया,141
छोड़कर,168
पाठ्यक्रमों,80
बोरियों,0
कुचला,4
जनसमस्याओं,196
फायदेमंद,63
परिणामस्वरूप,11
बीवी,88
भाड़े,120
यथा,122
कीमतें,16
प्रतिरक्षण,22
निगमायुक्त,78
वर्गीय,19
नवयुवक,129
ननिहाल,15
पागल,76
बच्चू,28
प्रियदर्शी,17
बालकों,129
सम्बन्ध,10
अनुमोदित,122
शीट,69
प्रविष्टि,166
कैरो,164
विवेचक,30
गजब,34
गदगद,92
तवज्जो,49
भराई,148
मनाना,187
परियोजनाएं,41
रौंदा,4
शिशिर,17
कंधा,124
रंगा,85
एथलीट,27
हबीब,164
तापस,180
मुगल,45
जिसमे,24
नीलाम,90
पूर्णाहुति,141
उन्नयन,41
भागीरथी,171
जोड़ने,125
सिद्धांतों,19
हार्दिक,121
भयानक,185
करोड़ों,74
कुम्हार,28
बनानी,9
मीठे,6
बुनकर,199
सुबूत,30
संभाले,173
पखवाड़ा,187
कौम,164
सेवादल,82
प्रस्तुतियां,147
यथावत,122
उतारे,110
कोरी,109
प्रदेशीय,45
संगीतमय,127
भरवाने,148
सजाई,9
राजनेता,89
झोली,148
वास,20
घेरकर,4
सहेली,88
राजनेताओं,31
चोक,29
मदरसों,12
मतपत्र,177
घिर,130
डरा,130
बेचैन,76
राशनकार्ड,174
हंसी,109
बुझाई,26
उन्होनें,18
अपनाते,94
घूस,97
दोहरा,163
सभ्रवाल,83
लोकदल,177
रामानुज,32
विटामिन,6
थाम,112
बाड़ी,52
नाज,164
हरकतें,163
ख्याति,89
बिसौली,111
अतीत,77
रंगाई,169
शिवालय,35
धोबी,28
पूंजीपतियों,199
उलट,138
सवेरे,184
पिलाया,135
वारिस,15
पीडि़ता,115
मूकदर्शक,130
बचें,178
मौसी,88
ढाबों,123
राष्ट्रवादी,19
घटकर,16
चौरासी,66
हटकर,126
जिम्मेदारियों,107
विवाहित,88
लगनी,172
खरीदारों,123
असंगठित,199
कर्ता,20
अराजपत्रित,14
भेजते,170
अवरोध,11
निंदनीय,163
लुटेरा,155
पत्ता,117
रखीं,9
प्रादेशिक,45
माघ,141
गूंजा,161
समतल,52
दलहन,65
बजाकर,91
अजब,34
विषाक्त,191
व्रती,141
कव्वाली,127
शिशुपाल,44
जिन्हे,75
जैव,62
हकीम,164
पदोन्नत,14
आत्मिक,20
भूत,109
दोहराया,18
सेमीनार,167
चलीं,56
अटका,138
अध्यात्म,20
छुट्टियां,144
मदनलाल,180
साधकों,162
सुनाए,92
सैल,190
महाभारत,44
ठगों,155
कुरावली,111
बाड़ा,120
छठा,133
उत्साहवर्धन,121
निश्चय,122
गेंदों,84
आशाराम,32
वाह,34
व्यस्तता,11
साया,119
मुर्गा,39
भ्रूणहत्या,129
विसर्जित,35
खरीदते,90
महासम्मेलन,167
शीतकालीन,144
उपसमाहर्ता,78
काश्तकारों,52
आभूषणों,169
पर्यवेक्षकों,31
सिवाय,24
शीश,116
अभियोजक,48
बच्चो,129
लिंगानुपात,129
श्यामसुंदर,32
बंटवारा,95
उच्चारण,146
छिन,71
निष्क्रिय,191
नवविवाहिता,81
मुनीम,28
चोटी,36
मधुकर,32
क्षय,22
प्रगट,121
नानी,88
अंधविश्वास,195
लाठियों,151
तस्वीरें,40
समीपवर्ती,192
जुड़ी,10
डाकघरों,196
फैक्स,174
साधते,170
चढ़ी,36
उतरेंगे,21
इसने,18
प्रचलन,77
परमाणु,186
लीवर,22
टिकटों,90
पत्ती,117
इलेक्ट्रॉनिक,186
अल्प,122
बिजेन्द्र,83
चने,6
जुड़कर,54
स्वर्ग,20
अनुपमा,194
विनाश,61
बनवाई,152
संचयन,57
अभिशाप,163
असलियत,109
पढ़ती,198
ईटों,33
भूना,6
बेअसर,63
गायकों,127
पार्थिव,15
कार्यवाई,30
कार्टून,7
उद्धार,20
शीशम,117
खदानों,199
विशेषता,146
पुताई,33
अनुसरण,122
स्टेशनरी,69
होनेवाले,146
आंदोलित,102
विद्यानंद,32
अंतरिम,48
विद्वानों,31
आंखे,124
करायें,87
निर्मली,111
गोरा,85
घटतौली,97
धूम्रपान,135
बागवानों,65
डेरे,116
तबतक,143
शिक्षामंत्री,2
पंक्ति,42
साहित्यकारों,31
झपट,4
ताकतों,19
अपात्र,13
प्रेषण,41
संकल्पित,122
किसानी,52
कटवाने,152
ठंडक,128
फुटकर,123
सदी,37
लुभाने,125
चश्मा,159
भांजे,15
पैगाम,23
जमानती,48
गानों,127
बारादरी,29
लाडली,88
सुई,175
पड़ोसी,188
हर्षवर्धन,44
दिहाड़ी,199
चंपत,98
करुणा,150
किसकी,51
प्रणाम,121
समुद्र,171
निर्बाध,122
अमूल्य,47
सुश्री,194
खानी,9
मांझा,108
नदियां,171
ढुल,83
तैराकी,27
कैसी,142
संक्रमित,22
स्वेच्छा,54
सीआइडी,70
नियुक्तियां,14
सतगुरु,162
मुकर,136
मचाते,153
करतूत,163
राजेश्वरी,58
भीमसेन,44
गहलोत,2
इक्का,28
समुदायों,192
गरमा,128
खिलौने,90
रासलीला,147
लाये,110
उठाये,55
ठेकों,97
सपरिवार,144
दौड़ाकर,4
फूस,33
म्यूनिसिपल,190
ढिलाई,96
कटोच,83
जायें,178
निपटारे,48
योगाभ्यास,20
चुपचाप,137
बेतहाशा,101
निवासिनी,58
संतोषी,58
छेड़,183
शक्तियों,146
यथाशीघ्र,122
भट्ठी,128
व्यवसाई,123
टालमटोल,136
पढ़ता,68
आमलोगों,31
किन्नर,44
रखेगा,143
पहाड़ी,192
धुंआ,132
प्रतिबद्ध,1
हड़प,120
परमहंस,32
बर्तनों,158
मुहूर्त,131
सहसचिव,82
स्रोतों,10
बदलवाने,125
शंका,11
मोहताज,49
लीची,117
निर्वाह,107
निभाएंगे,107
पढ़ना,72
उत्सुकता,185
नाममात्र,122
सदियों,77
शक्तिपीठ,35
कूड़ा,33
मानों,185
कलाई,108
कसरत,191
सत्यापित,174
मालिकाना,154
भूगर्भ,43
हमलों,46
तनख्वाह,101
फिसलने,105
हाय,92
कविताएं,57
साधक,20
तोले,16
उपमुख्य,156
वृद्धों,129
चालीसा,35
कारखानों,199
जगरूप,83
जानकर,92
बीजों,65
बिखर,105
घमासान,153
चहेतों,196
कनपटी,175
भूरे,85
अधिकाधिक,122
लीलाओं,20
अपूर्ण,122
सर्वोत्तम,191
मरा,59
मुझसे,142
मिट,71
वैसी,160
जलनिगम,182
बिलकुल,24
मूंगफली,6
साम्राज्य,45
एथलेटिक,27
जलनिकासी,182
बरातियों,81
श्रमायुक्त,78
हुकूमत,5
मेज,137
डकैत,155
खचाखच,148
हस्तशिल्प,62
जैकेट,159
पिछला,133
अनार,117
तीमारदार,76
सेंधमारी,98
हारे,177
निरुद्ध,115
दिखते,170
मनाएं,187
शासक,45
सबमर्सिबल,43
दुश्मनी,150
चढ़ाव,11
खरीदार,90
पांचाल,44
उतरना,72
सातों,66
रियासत,86
मरहम,124
कुदरत,119
बिखरे,74
मोहब्बत,119
ढांढस,76
जरुर,49
चौके,84
चूड़ी,159
हिमपात,144
थाप,91
सुनियोजित,73
फेंककर,4
मछलियों,39
फुसला,97
स्थानान्तरण,14
पहिए,106
पूर्णतया,122
टेंशन,145
वतन,119
जमाए,137
तोड़ी,120
कौमी,164
अंत्येष्टि,59
तिथियों,141
रचने,125
सड़के,33
न्यायालयों,48
गुरुओं,162
अधिकारिक,45
सत्रह,66
अलवर,86
याची,48
व्यंजनों,6
बूढ़ी,88
मत्था,35
शुक्र,131
बॉर्डर,46
उपभोग,41
उतने,74
प्रतिभावान,89
धूमिल,109
अशांति,11
लहरा,161
दरारें,105
मनीराम,83
इंद्री,44
लड़ेंगे,183
अंर्तगत,51
सर्वोपरि,122
पंजिका,174
दबोचने,103
रोपड़,111
साईकिल,106
अड्डों,104
मम्मी,88
मंद,160
भारतीयों,74
चाची,88
स्पर्श,146
पड़ेगा,72
नक्षत्र,131
बसाने,125
करारा,34
इरादा,136
दिशानिर्देश,100
असमाजिक,5
लालबत्ती,106
वल्लभ,32
पांचवे,66
सुंदरी,58
दिलाते,64
जापानी,113
हल्दिया,86
नमस्कार,121
नाचते,161
लिपिकों,196
निवेदन,121
सहम,130
हर्रैया,111
रातों,184
साला,28
मनचले,155
जंजीर,108
ठहरा,163
गोभी,6
भेजेंगे,21
जुनून,119
फर्राटा,148
प्यासे,76
मण्डी,123
वादन,91
श्रीधर,32
अखबारों,7
रीतेश,17
सुने,92
संगठनात्मक,19
तोड़ते,120
मनिहारी,111
लड़ते,183
पिछड़ों,13
मानता,68
मक्खी,39
भरो,148
ऑक्सीजन,191
स्वैच्छिक,54
रहेगे,143
खड़ंजा,111
हड़कंप,153
विधवाओं,13
फूले,161
अनियमितताएं,196
अहिंसा,20
जुटाए,110
हताहत,59
बजने,91
निजाम,164
आयात,62
क्षेत्रवासी,192
पहुचा,61
जामिया,164
प्यारी,88
दमन,5
बुनियाद,19
सटी,9
अर्पण,121
बाशिंदों,192
वनस्पति,181
संकरी,33
विसंगति,11
नाई,28
पालम,29
फव्वारा,116
पडे़गा,72
डाका,98
शीशपाल,83
परवरिश,129
डिस्चार्ज,22
कृष्णानंद,32
निखार,34
कार्बन,186
समयावधि,122
जेठानी,88
चराने,52
अभिव्यक्ति,73
मंत्रों,20
पिपरी,111
सत्तारूढ़,177
क्रियान्वित,122
लोहार,28
हस्तांतरित,122
बहार,117
निष्पादित,122
पालने,125
उपकेंद्रों,182
सुनेंगे,21
मशरूम,6
फिक्र,145
बिके,90
फूटा,105
लायी,56
बैलों,52
अनुशासित,191
माटी,117
आंकी,16
कलेर,83
वक्तव्य,100
घिरा,126
अनुमंडलाधिकारी,78
विस्थापन,192
भट्टा,52
तीखे,197
परिसदन,78
तुरन्त,136
बाजू,124
बिरंगे,169
उत्तेजित,191
दिनोंदिन,112
साजन,58
कुश,44
रामकथा,113
कृति,57
प्रमुखों,31
शादीशुदा,88
सहायिकाओं,12
कमांडो,46
उग्रवाद,114
पहनाया,159
दर्जे,146
मोतियाबिंद,22
मिनटों,66
इकाइयां,62
विसंगतियों,197
कामिनी,194
प्रत्यारोप,79
विक्षोभ,11
कार्याें,3
मचाना,153
दिलाकर,64
बेरुखी,145
घाव,124
दीवारें,33
जूट,62
स्थली,20
कृतित्व,73
विस्तारीकरण,104
मशगूल,38
मदों,41
महरूम,71
खिली,117
भुगत,71
खुलवा,67
अनुभूति,185
वाममोर्चा,177
दिखेगा,21
बड़सर,111
जामुन,117
मुख्यधारा,19
बेसब्री,49
बगीचा,117
चरितार्थ,122
जगदंबा,32
मौरंग,0
मैनेजिंग,190
चरमराई,71
दीजिए,178
मनोविज्ञान,73
जिताने,177
रेलकर्मियों,196
अपरान्ह,25
रैलियों,177
धराशायी,105
छुड़ा,168
बेसुध,76
सिराज,164
दिलवाया,64
प्रबंधकीय,156
लूटकांड,98
प्रत्यारोपण,22
कोंच,111
खिले,117
हिना,164
तिपहिया,106
पंख,165
निकलेगी,21
पैठ,9
परमवीर,46
स्वाहा,93
डूबी,171
आनेवाले,74
प्रभागीय,78
नींबू,6
ज्येष्ठ,15
बहाया,171
अनुयायियों,162
बंसी,91
एकमुश्त,101
रघुराज,17
सायंकाल,25
शमन,93
कोस,66
अजीब,185
किलोवाट,186
फैसलों,31
हिदायतें,96
सदस्या,156
भूरी,85
अमरूद,117
अधीनस्थों,196
पांचवी,176
ललक,172
आधुनिकता,77
बताएंगे,142
पूज्य,162
भागदौड़,145
सफलतापूर्वक,122
कटों,182
कारणवश,11
घुसी,126
सुदीप,17
विलुप्त,39
जलसे,167
महामारी,22
चरखारी,111
उड़ने,165
विविधता,73
फैलता,195
तौबा,153
दागी,177
गृहकर,182
छीनी,9
अपेक्षाकृत,160
इनवर्टर,186
सम्मति,100
स्टेंड,29
सुरक्षाबलों,114
अनुग्रह,121
सुखचैन,83
कार्यकत्र्ता,82
फैलती,195
युद्धस्तर,38
ऑपरेटरों,196
त्यागपत्र,136
संरक्षा,3
पोखरों,43
दुबके,130
आभास,185
कैप्सूल,158
सर्प,39
अड़चन,120
गुपचुप,97
दुष्प्रभाव,11
गंगानगर,86
धारी,85
ट्रांसफारमर,182
मनमाना,163
हाशमी,164
कोसा,71
आरपार,183
खोखला,63
पाएं,178
कालिंदी,58
शुद्धता,166
विभाजित,95
सूचीबद्ध,122
हैंडबाल,27
सुनायी,157
तारें,186
ग्यारहवीं,176
संग्रहण,10
बहु,88
तकिया,124
दोगुनी,16
नवसृजित,8
सिलिंडर,158
रैयतों,52
फार्मो,41
पकवान,6
नतीजों,177
अनुभवी,89
शिवभक्तों,35
भड़ास,79
नौका,193
नमूनों,166
बहेड़ी,111
कुर्बान,119
बेनकाब,97
हुकुम,28
जसवाल,83
भांग,135
कतराते,170
पशुधन,52
पटवारियों,196
गोताखोर,43
प्राचार्यो,80
यद्यपि,24
सांझ,184
चबूतरे,116
रंजिशन,115
सैलानी,193
नशेड़ी,155
जंतु,39
जनकल्याण,54
टिक,137
निर्मम,5
पनपने,172
इकलौते,15
जुताई,52
नाकामी,145
बिंदू,194
गिरिजा,58
उत्पीड़न,5
मन्नू,28
बौछार,151
निकलवाने,152
शर्मसार,163
नेत्रहीन,13
व्याख्या,166
असंतुष्ट,145
संयोजिका,82
स्टालों,123
बकाये,16
जुआरियों,155
मिलीमीटर,60
अनुभाग,166
परंपराओं,77
बारातियों,81
रक्तचाप,22
बदस्तूर,138
स्तंभ,116
वानिकी,181
वाहिद,164
बचते,170
सुनाने,92
एलडीएम,140
काहलों,83
दर्शना,194
मंगाया,179
बुढ़ापा,191
पहुंचाएं,178
राष्ट्रव्यापी,54
कुंआ,43
खिलाया,6
दिग्गजों,31
मोहिनी,58
आपदाओं,61
रोपित,181
रचित,57
स्टैण्ड,29
पद्मश्री,180
दिलायी,64
पाबंद,96
कपाट,67
प्रधानी,8
बांग्ला,113
उपरान्त,37
प्रतिरोध,5
गढ्डों,33
हमसे,142
सुसज्जित,122
मोचन,35
मूसलाधार,60
मर्ज,22
विभागाध्यक्षों,78
चैम्पियनशिप,27
कुकर्म,163
उत्पादकों,62
एलबम,127
सबने,157
हिरण,39
युद्धवीर,83
कर्णप्रयाग,86
दाता,54
बगीचे,117
पनीर,6
उचक्कों,155
फांदकर,126
जर्नादन,32
जादूगर,89
प्रतिवाद,5
जोरशोर,38
पेशकश,1
निबटने,96
टहलने,184
ऊधम,153
भंगड़ा,161
बरसाना,151
छुपाने,125
रजाई,128
करबला,164
तनातनी,79
सूझबूझ,34
लगाती,50
भैंसों,52
हताश,145
टीएन,180
सादगी,34
यादें,119
जिंदाबाद,46
बेचता,90
फिजिकल,190
इलेक्ट्रानिक्स,186
महबूबा,119
अध्यापन,198
तड़प,26
समन्वयकों,78
समझाते,170
वाकई,24
अनुकंपा,14
आबाद,192
आंदोलनरत,102
मसलों,197
अनशनकारियों,102
टंकियों,43
मंडराने,172
शर्म,163
कोड़ा,120
समाहित,122
चेकडैम,43
नौनिहाल,129
नियुक्तियों,14
चपत,16
मैगी,6
परिभ्रमण,193
चौखट,137
कुटीर,62
सुझावों,100
सकीं,56
महंथ,32
बकरियों,39
बिटिया,88
लिफाफे,69
राजरानी,58
सफाया,183
घायलावस्था,76
शुरूआती,37
लीं,56
मिठाइयों,123
कमोवेश,138
कोशिशें,38
साधने,125
रियायत,100
शाहदेव,180
आवंटियों,196
पेशा,133
मुसाफिरों,104
टावरों,186
पहाड़ियों,120
मन्नतें,35
पोते,15
आकृति,146
डालेंगे,21
दिखावा,150
मालगोदाम,29
अनुज्ञप्ति,174
शील,73
दिखाएंगे,21
ध्यानी,44
भाड़,120
लड़े,183
चुनरी,159
जघन्य,163
धुनों,127
भौतिकी,186
आधुनिकीकरण,62
बहती,171
कारगुजारी,196
निकलेगा,21
प्रज्ज्वलन,93
पैटर्न,146
छिटपुट,95
श्रद्धापूर्वक,35
अधिग्रहीत,41
प्रवृति,11
समाजसेवियों,31
कुटिया,116
वनाधिकारी,78
भइया,28
बर्दास्त,145
रुकावट,11
किरायेदार,88
सलामत,23
अंदरूनी,95
मनसा,58
आपातकाल,5
किराएदार,88
बहादुरी,46
अहीर,180
तीक्ष्ण,73
सीएसआर,54
ठान,38
अदालती,48
ख्वाब,119
लहराते,161
चढ़ते,36
चाहें,178
परम्परा,77
चबूतरा,116
हटे,137
देखता,68
गाल,124
मेलों,192
ट्रैक्टरों,106
जानती,142
तबदील,71
आनंदी,58
संतुष्टि,23
बास्केटबॉल,27
प्लेटफॉर्म,40
भेड़,120
ठहरे,28
तपती,128
बुझाया,132
फेरे,81
कुमकुम,194
खदेड़ा,4
पिच,84
शमा,132
तकदीर,119
वामपंथी,114
शारदीय,141
भेंटकर,121
निष्कर्ष,166
तख्तियां,69
जूं,124
फोटोयुक्त,174
खूबसूरती,34
निबंधित,174
जड़ा,120
वाणिज्यकर,78
ब्रह्मानंद,32
नफरत,150
अनुरक्षण,54
सीखे,198
परी,88
शिवाला,116
तेजा,83
सजाए,169
निष्क्रियता,11
अमरपाल,83
उमड़ने,172
निवाला,6
चौकों,84
जानकारियों,10
गुणात्मक,73
इमारतें,116
प्रोफाइल,40
यहाँ,24
दुहाई,136
वेश,169
मछलियां,39
महाकुंभ,141
पीए,135
ईलाज,22
झाडू,33
हेपेटाइटिस,22
भुला,119
सोई,184
बहकावे,163
कारवां,193
डांडिया,161
लीन,20
लाभांवित,13
क्रोध,145
शर्बत,135
गठजोड़,97
जगमग,93
संभालेंगे,173
फिजीशियन,190
सहानुभूति,150
जांचोपरांत,140
नामकरण,122
पूर्ववर्ती,122
आशियाने,119
उर्वरा,65
उत्कर्ष,73
वातानुकूलित,128
मजे,49
जमीर,164
गैरकानूनी,163
गुजारिश,136
छेड़छाड़,30
पाइपों,43
हस्तांतरण,41
बकरा,39
पुरातन,77
महानगरों,188
दौड़कर,120
प्रदत्त,51
डूबकर,171
एनएचएआइ,104
बगावत,5
बनवाना,152
संज्ञा,51
बंधुओं,31
गड़बड़,120
बचाए,61
मजहब,164
नामचीन,89
बीता,138
रुद्र,44
गौरवान्वित,121
आमजनों,31
पूछते,142
संकलन,57
पतन,11
अनुभवों,73
पेयजलापूर्ति,182
चहेते,89
प्रार्थी,48
पसंदीदा,34
भाला,175
शिल्प,113
बिगड़ते,139
डिब्बा,158
सोची,125
कुलाधिपति,156
खाल,39
सीनेट,2
अनुशासनहीनता,5
शर्ते,100
घटों,66
बिठा,137
खोदकर,43
चुनौतियां,197
दूज,141
बाराहाट,111
क्रूरता,5
पुस्तिकाएं,69
सांठगांठ,97
राजदीप,17
चुनिंदा,74
जिज्ञासा,197
कहेंगे,142
निर्दल,177
संस्कारशाला,77
शैल,180
भ्रमित,163
हकों,183
कुओं,43
सौहार्दपूर्ण,150
बदहवास,76
वेशभूषा,169
बराती,81
प्रसूति,129
परिधान,169
आमादा,38
जांची,69
पृष्ठभूमि,109
पाठकों,7
सतह,146
गांववासी,192
पूर्वानुमान,166
कब्र,116
शिक्षाविद्,89
ड्राइंग,198
भुलाया,18
संभालते,173
तेजवीर,83
तोड़कर,126
खोलते,67
कारें,106
प्रवचनों,162
बिछाया,137
नशाखोरी,5
कलंक,163
मैगजीन,7
बाएं,124
अनुरुप,122
नीरा,194
यमुनोत्री,86
इसलिये,24
अपनाएं,94
हामी,148
बालिकाएं,129
स्तनपान,129
मसीहा,13
अजगर,39
चेयरमेन,82
राजनारायण,32
तुम्हारे,74
टकराया,105
रचनाएं,57
साइकिलों,106
पवित्रता,150
बास,91
बनाएगा,21
आउटसोर्सिग,190
इतिश्री,107
ठेंगा,96
समूचा,74
लिखना,72
प्रकरणों,30
उदयराज,83
प्रचलित,77
निहित,166
संवर्धन,54
बधिर,129
बोरियां,0
पांचवां,133
कंकाल,39
मलाल,49
पीडि़तों,115
गुजरता,138
खंगालने,125
जहरखुरानों,155
लालटेन,132
मिलजुल,150
गंदी,163
शादियों,81
बब्बन,83
बुध,131
बागडोर,173
मनाएंगे,187
कोसते,170
घटाकर,16
उड़ी,165
फूटी,9
तीरंदाजी,27
इन्हे,75
आकाशवाणी,7
बेदखल,136
चलाएगी,143
छपी,57
इकाईयों,62
कांच,158
खासियत,34
खोलना,67
सरहद,46
कनक,194
बर्खास्तगी,14
कोयल,117
बहुचर्चित,89
न्यौता,136
काबिल,49
कायस्थ,44
सांगठनिक,19
फार्मासिस्टों,196
अंगों,146
पांडव,44
बांधी,108
बालियां,159
स्टीकर,40
सलोनी,194
लाज,159
खुशनुमा,185
जगा,184
अफवाहों,195
वर्गों,13
कोसों,126
बिन्दु,166
सजगता,96
चकाचक,33
संचय,41
नतमस्तक,121
संवेदनशीलता,73
आगंतुकों,193
हिदायतों,96
मौतें,59
शिक्षाविद,89
नीलगाय,39
बंटा,95
कंठ,91
धंसने,105
सिंतबर,149
नशों,135
मनन,73
चहुंमुखी,73
दानी,44
जत्थों,46
उलझा,197
मोहसिन,164
बुझ,132
पर्याय,146
निकलवाया,152
आसरा,119
उधम,153
पूर्वांचल,86
लगाएगा,50
एहसान,164
पिहानी,111
देशवासियों,74
यूएस,190
मिश्रित,146
झाड़ी,120
पादरी,162
गहराया,197
वर्जित,122
दुआएं,23
मद्य,135
मचाई,153
लीजिए,178
परिकल्पना,166
कायदे,96
अटकी,9
तिजोरी,158
रक्षकों,46
सौंपेंगे,173
पकड़ने,103
जमाना,133
छूटा,168
संबधी,10
फफूंद,117
विद्युतापूर्ति,182
शतप्रतिशत,166
प्रवक्ताओं,31
शोहरतगढ़,111
आयीं,56
आवाम,164
संगतों,162
मातृत्व,129
बंधाया,108
शस्त्रों,175
बेखबर,130
प्रमाणिक,166
फॉगिंग,182
गुजारने,138
उंगली,124
रुककर,112
बीचों,116
दिलवाई,64
टहल,137
अफसरशाही,196
पहुंचाते,170
बुराईयों,5
वधू,81
सत्कार,121
मैत्री,150
हटाई,9
दीये,132
व्यापी,122
स्थितियों,146
डिब्बों,158
कैंपों,46
जलसा,167
हलफनामा,48
धमक,130
भूखंडों,41
अरबों,74
उपखंड,78
छर्रा,111
प्रतिभाएं,27
कंक्रीट,33
अंडा,6
उस्मानी,164
पेशाब,135
पौत्र,15
पोषित,54
इसमे,24
ठहर,112
उग्रवादियों,114
मरी,9
मध्यस्थता,100
गवां,76
बेअदबी,163
नाती,15
अध्याय,166
जमात,164
कुलवीर,83
नंगे,124
पहुंचाए,61
बवाना,29
साम्प्रदायिक,5
हार्डवेयर,186
घोंटकर,4
दुखों,119
नकारा,63
असमय,59
रैलियां,177
उग्रवादी,114
बाते,157
मुकामी,164
किन्हीं,146
अनदेखा,163
ब्लेड,175
पारितोषिक,121
गुज्जर,83
मौनी,32
डरे,130
जूही,194
साइकिलें,106
छिड़क,135
नसीर,164
उकलाना,83
रोजे,164
चलाएंगे,21
रंगेहाथ,103
बरसा,60
अक्षत,93
खेद,11
जन्मे,89
गिलास,158
भरसक,38
मणिपुर,86
अप्रत्याशित,185
खुदकशी,115
भांजी,88
जमादार,28
श्राद्ध,141
पढ़ाते,198
निरोधात्मक,122
तिरंगे,159
सुमंत,17
प्रतिबद्धता,1
छुपा,126
फेंकी,9
रवानगी,193
धोना,72
लीपापोती,30
हटेंगे,21
बाराती,81
सभ्याचारक,167
चित्रांकन,109
वचनबद्ध,107
आलाधिकारियों,140
बारीकियों,73
निष्पक्षता,96
बिखेर,161
जातिवाद,5
अनुयायी,162
कालोनियां,33
हरिनाम,32
चूड़ियां,159
बिलखते,76
परीक्षित,44
तबादलों,196
छक्के,84
नवी,176
ओले,60
कीर्तिमान,34
गोसाई,32
दुलारी,58
देररात,25
नवीनतम,10
देरशाम,25
दशम,131
ग्रामवासियों,192
बाबुओं,196
नियमितीकरण,14
नजाकत,34
नजरों,163
समयबद्ध,41
निकलवा,152
योजनाबद्ध,94
यादों,119
खाए,6
उपकार,54
भुवनेश,17
लाहौर,86
टला,26
बाध्यता,100
साली,88
अभिकर्ताओं,154
गाँव,188
चारधाम,193
नाप,166
साहसिक,34
मुनी,44
एलआईसी,190
संवाददाताओं,7
उद्घोष,161
करिश्मा,194
बकरियां,52
सीमांकन,51
ओढ़ाकर,159
मंगलसूत्र,159
अभियन्ता,78
बंदा,28
शुद्धि,20
दमा,22
निभाएं,107
कपड़े,169
खामोशी,130
भालू,39
डलवाने,152
उस्ताद,28
भोलू,28
चाभी,67
पकडे़,103
वादाखिलाफी,102
पंचायतीराज,8
अविवाहित,88
जलते,132
डेरापुर,111
खजूर,6
शिवनंदन,32
जनकल्याणकारी,54
रोको,102
कठिनाईयों,11
चादरपोशी,164
मेधावियों,80
भटकने,76
गुनाह,163
चौतरफा,5
फतह,164
देखो,142
परास्नातक,198
खोने,61
संदेहास्पद,63
कुर्ता,159
सांड,39
लोभ,97
बंध,108
श्रीमति,194
कसना,108
धागा,108
शातिरों,155
प्रबन्धक,156
व्यंग्य,109
लुप्त,77
बल्ला,84
दसवें,66
आर्शीवाद,121
समर्थ,191
रुपेश,17
चिड़ियाघर,39
फुर्सत,49
पूरक,146
लगाएगी,50
अछूता,138
भागीदार,156
जलपान,6
हुक्म,136
शंखनाद,183
कांप,92
रहन,169
रिझाने,125
कलशयात्रा,141
सार,20
निर्माणों,33
पदस्थापन,14
खोदने,125
कृत,180
शाप,163
संबद्धता,122
सिद्धि,20
रुकते,112
पथरी,22
मोल,90
थोड़ी,160
खोटी,157
कमोबेश,138
कुटी,116
सायरन,91
घटाने,125
पटक,4
दुधारू,52
आक्रामक,191
शोरगुल,153
तोता,39
उत्पादकता,62
छिप,126
प्रमाणपत्रों,174
वीरता,46
बोई,65
गिने,110
जायदाद,47
सितारा,116
हजम,6
अविरल,171
कुमुद,194
चर्म,169
झडी,172
सुधरी,139
अजायब,28
सामंत,180
सांसें,124
निरोग,191
पुत्रियों,15
जलाशयों,43
बिठाकर,137
ग्रामवासी,192
जेहन,138
आहुतियां,93
महकमों,196
प्रभावती,58
नौकरानी,88
ब्रजमोहन,32
तनिक,11
द्वेष,150
आज्ञा,100
होनेवाली,160
दूरदर्शन,7
सुहेल,164
तटवर्ती,192
दौड़ाया,4
किस्मों,65
मिठास,150
ससुरालीजन,81
बरतते,96
दूत,156
स्वदेश,193
जिलामंत्री,82
मुंडन,81
केले,6
ढील,96
अनूठी,34
गुरुजनों,80
तमाशा,147
तीरथ,32
शिक्षणेत्तर,12
शोधन,62
साग,6
बिका,90
चौका,84
प्रासंगिक,10
लड़ेगी,183
फैलाई,195
भंवर,171
सुपरवाइजरों,196
छिपाकर,126
पड़ताल,30
छत्रपति,180
रूझान,73
अध्यक्षीय,167
आतुर,38
गहनों,169
लोकनिर्माण,78
पुनरावृत्ति,122
अनपढ़,13
समावेश,10
अशिक्षा,5
सुभद्रा,58
सेव,6
जंगलराज,5
राष्ट्रीयकृत,154
लड़ना,183
संघर्षरत,183
रुकवाने,152
करवाचौथ,141
तरंग,186
ग्लास,158
गैलन,43
उर्वरकों,65
अनिमेष,17
अभिन्न,146
नवरात्रों,141
गण्यमान्य,31
महारैली,102
कनेक्टिविटी,104
शमशान,116
बिरजू,28
लावारिश,76
धीमा,112
भूसे,0
पुनर्विचार,100
शवगृह,76
धरनास्थल,102
आंनद,23
जांचा,166
पोलिथिन,0
संघों,31
ग्रह,131
वयोवृद्ध,89
चिकित्सालयों,22
पराग,117
कौड़ी,120
छलावा,63
झोपड़ियों,33
दूतावास,154
विशेश्वर,32
झुग्गियों,33
अधिग्रहित,41
निलेश,17
प्रतीक्षालय,116
नौंवी,176
पड़ना,72
रघु,44
भूतल,116
किसानो,52
फांक,6
सुहाना,60
प्राविधिक,45
असहायों,13
लोचन,32
प्रशंसनीय,121
बिगड़े,139
उत्पादित,62
खुलता,67
पहचानने,125
कसते,108
बगिया,117
अंडे,6
उद्यम,62
उलझी,197
बिचौलिए,97
विधा,113
मलय,180
खानापूरी,196
रोकते,170
निकालेंगे,21
चौपारण,111
उजाला,93
फिसड्डी,63
नीला,85
षडयंत्र,5
कांधला,86
प्रखर,89
हाजरी,152
भावनाएं,150
बिचौलिया,97
गायकी,127
दुनियां,74
पिया,135
गोलीकांड,115
जायरीन,164
स्ट्रोक,84
कुव्यवस्था,5
मंसूबे,38
फिजा,99
वारिसों,15
दवाईयां,22
लोकनृत्य,45
शतक,84
पछुआ,128
बिताने,144
इंस्पेक्टरों,70
फांस,108
मुजाहिद,164
नागवार,138
समीक्षात्मक,73
विचरण,122
सम्मुख,137
सालभर,66
सूने,130
मनवाया,63
पदार्थों,146
श्मशानघाट,116
मुर्दाबाद,5
बदलेगी,143
क्षत,105
इस्लामिक,164
शांतिभंग,115
बढ़ाएं,178
वायुसेना,46
भात,6
पढ़ाना,198
बीचोबीच,116
बिखरी,99
धरी,9
तरबूज,6
ढलाई,62
वगैरह,152
हारने,177
निपट,145
बाकि,24
भक्तजनों,35
कमाया,101
प्रतिभाशाली,89
उलझे,197
दुकाने,123
खंडित,122
वरन,24
जवाबदेह,96
फ्रेंचाइजी,123
पर्चियां,69
चौपहिया,106
ऑडिशन,49
बरतनी,96
बीन,91
घपले,97
गलतियों,163
नैनो,186
दलीय,19
राखियां,159
आयेंगे,21
पुरूषों,129
नम्रता,194
शिकारियों,39
खिड़कियों,158
सभ्य,191
अंपायर,84
पसार,195
पालतू,39
लकड़ी,158
बच्चियां,129
आयेगी,143
चीखने,92
नवगठित,86
अमानवीय,5
लहजे,113
खुलेगी,67
नमाजियों,164
सुलझ,197
बहुमूल्य,47
महामहिम,2
आवश्यकतानुसार,122
गिरती,134
अंतरराज्यीय,104
उपसचिव,82
टेबिल,137
खात्मे,183
दौराला,29
दर्जकर,115
अनसुना,92
भक्तजन,35
अधिकारिता,51
गौरवशाली,77
बहुओं,88
भरवाया,148
खेलकर,84
उड़ाते,165
कार्यमुक्त,14
ग्रीष्मकालीन,144
धन्य,121
चहुंओर,195
छतरी,116
पड़ने,172
तथाकथित,19
शास्त्रों,20
टुकड़ों,120
प्रियांशु,17
मुख्यअतिथि,167
मंत्रणा,100
भीग,60
पंचर,106
तेजस्वी,180
नौवें,66
परिदृश्य,109
कैंब्रिज,198
बताएगा,21
दाहिने,124
विक्रमादित्य,44
वस्तुस्थिति,166
दगा,119
देवगम,32
बंटे,95
काठगढ़,86
गिराकर,105
नगराधीश,83
व्यवस्थापकों,3
झुलसने,26
पुंज,180
संवेदकों,186
घटते,112
लेजर,186
नथुनी,159
किश्तों,16
खेमका,180
शिकारी,39
सरपरस्त,164
विक्षत,76
आसीन,137
हवस,26
भगाया,4
एप्लीकेशन,190
ताल्लुक,138
ट्रेक,104
दीपों,132
मालवाहक,106
शायरी,113
रसोईया,6
किसका,51
बारूद,175
म्यूजियम,116
उठायी,55
दंडाधिकारियों,78
परख,166
मनोहारी,34
सारिणी,166
खोदे,43
पहिये,106
पोती,88
अपशब्द,163
अंशिका,194
वनवासी,192
तरैया,111
रैबीज,22
माखन,6
सजने,172
प्रतियोगियों,189
प्रस्तावक,156
गुरुद्वारों,162
मुख,124
शिष्यों,162
दमदार,34
ढीले,108
डिफाल्टर,97
बोतलों,158
विपक्षियों,177
विश्लेषण,166
अनुशासनात्मक,96
हड्डियों,124
दशमी,141
मुखाग्नि,15
माँग,102
चित्रा,194
रेलमार्ग,104
निषेधाज्ञा,48
हंसते,92
दीनबंधु,32
एकलव्य,44
बचकर,126
खोजी,7
खीरा,6
बकरे,39
बहकर,171
श्वेत,85
मेहरबानी,49
गालीगलौज,79
गोले,175
धुलाई,169
अमानत,47
शराफत,164
ताड़ी,135
गंाव,111
अराजकतत्वों,196
वाद्य,91
मंदबुद्धि,129
हतप्रभ,92
वीरान,71
पड़ीं,56
थामा,168
बिछाकर,137
नमकीन,6
जाँच,30
सिंथेटिक,169
विज्ञानी,89
खजांची,28
लकड़ियों,120
बेपटरी,104
फटा,105
ईश्वरी,58
नवनिर्माण,37
तोला,16
विफलता,11
कूड़ादान,33
गिनाई,157
हिफाजत,96
अयोग्य,163
माध्यमों,7
छलक,161
ढहने,105
वितरक,62
वास्ता,133
कुनाल,17
समाजशास्त्र,19
छप्पन,66
अभिवादन,121
गरज,60
गुजराती,113
बोगियों,104
सबूतों,30
बजाते,91
नहाते,171
पिचकारी,151
लग्न,131
प्रकल्प,54
मांगलिक,131
भूदेव,32
रणजी,84
सिंधु,171
पाश्चात्य,77
छेड़ने,183
गर्मजोशी,34
मैदानों,192
फीका,85
मकबूल,164
प्राणों,20
विलीन,171
लगकर,172
कुर्क,52
गीतकार,127
थान,159
क्वार्सी,29
प्रतिलिपि,69
मटका,0
लाइनमैनों,196
अप्रशिक्षित,14
योजनाकार,156
दौड़ी,120
जुड़ाव,150
जहाँ,24
मुहाने,171
मल्लाह,28
सटाकर,137
मुमकिन,72
चिमनी,132
नहरें,43
नरक,20
गोलबंद,183
खड्डा,111
ताप,128
ढुलमुल,19
एकीकृत,122
मालाकार,32
कसे,108
पोस्टरों,40
अन्नदाता,13
पीटीआई,7
रेलपार,104
भागना,72
धकेल,4
अभिलाषा,121
खुशखबरी,49
बेकसूर,115
दीया,132
कोषाधिकारी,78
इच्छाशक्ति,73
छुड़ाया,168
अभूतपूर्व,34
मादा,39
टेप,40
असुरक्षा,145
बेशकीमती,47
सेनानायक,46
जलेबी,6
सेटेलाइट,40
सिवा,119
लहसुन,6
दर्रे,104
उपजे,11
दुकानदारी,123
सीना,124
मंदाकिनी,171
थिरके,161
इमामबाड़ा,164
खाबड़,120
शर्मिला,194
छीने,98
परास्त,183
तपा,26
चटकाए,84
जिलास्तर,8
रूकने,112
सत्यता,166
कूदने,36
बचेगा,21
शक्तिशाली,191
कोख,129
पटाक्षेप,30
सेनापति,46
जलता,132
वाहक,54
बीचोंबीच,116
सर्कस,147
लांग,190
झपटमार,98
अपहरणकर्ताओं,115
कशिश,119
सलामती,23
सातवां,133
खिलाई,6
अपहर्ताओं,115
पकाने,6
पस्त,76
कछुआ,39
आयशा,164
नियति,109
बैनीवाल,83
मरणासन्न,76
मुंहतोड़,46
तहस,71
खाती,134
युवजन,82
मनाही,172
चिल्ला,92
हुर्रियत,114
सारथी,44
इंद्रधनुष,85
बटेश्वर,86
बोलना,72
स्वप्न,119
जुए,97
ग्रंथों,57
मधुमक्खी,39
बोरों,0
पीतांबर,32
रुदौली,111
सट्टे,97
शहद,6
कथनी,150
जुबानी,109
झपटमारी,98
करनेवालों,53
अध्यात्मिक,20
थकान,185
मंगवाई,152
पक्षधर,19
शूट,40
सरंक्षण,54
छायादार,181
कालिका,58
सुलेख,198
वस्त्रों,169
लगेंगी,143
बाइस,66
लगान,101
जालसाज,97
रेस्तरां,123
संबंधियों,15
दलीलें,48
रहनेवाले,192
जोड़ते,120
खादों,65
मारना,4
अंकपत्र,189
हस्तियों,31
मुशायरे,167
सीवेज,182
मध्यान्ह,12
निकलें,178
कार्यस्थल,199
अनूठा,34
झकझोर,130
झड़ी,172
दिव्यांगों,13
न्यायधीश,48
मनवाने,125
किरकिरी,79
हिला,92
चुटकी,124
ओलंपियाड,27
यामीन,164
लहरी,91
ताश,158
उड़ती,165
सरस,113
छात्रनेता,80
मरम्मती,182
गेटमैन,70
तबला,91
संपादित,57
गड़गड़ाहट,161
चैनलों,7
उगी,9
पूछी,157
अप्रत्यक्ष,146
बक्शा,115
कुशलता,34
आयुवर्ग,129
अंत्यपरीक्षण,115
डब्ल्यू,190
कर्मो,20
बेपरवाह,145
कास्य,27
हसीन,119
चमकाने,125
उजड़,71
अत्याधिक,160
कर्मठ,89
झोपड़ियां,33
डाट,190
कटघरे,48
चलाएगा,21
प्रजनन,39
साठगांठ,97
लेखकों,31
आइना,109
निपटाया,179
दबने,105
धारणा,11
अस्वस्थ,191
चुनकर,126
मंगाकर,152
मारूति,106
परखने,125
सकरा,111
धरोहरों,47
सुखा,60
होम्योपैथी,22
नरम,128
लल्ला,58
रंगकर्मी,147
गृहणी,88
बदलती,134
रुकवाया,152
छोड़ते,168
कुचलने,125
अनबन,79
पुत्रियां,88
बंसीलाल,83
कोयलांचल,192
सोचते,142
जागे,184
हत्याओं,30
लेंटर,33
नन्हीं,88
अखाड़ों,120
रक्तदाताओं,22
उठाता,55
चेत,180
वाचन,167
वायदों,177
स्वास्थ्यकर्मी,22
निभानी,107
जननायक,89
जुबां,119
प्रतियां,69
परमार्थ,54
बारीकियां,198
माचिस,132
काजू,6
सर्वदलीय,102
भोली,58
शहनाई,91
पनकी,111
कांटी,111
अवसरों,146
सिक्कों,158
त्रुटियों,11
भूले,49
तम्बाकू,135
सम्बंधित,10
शासित,45
नायाब,47
वशिष्ट,44
ब्रह्मचारी,32
पड़ती,134
कामधेनु,52
फार्मेसिस्ट,190
कातिल,115
शीशी,158
गुब्बारे,165
छंटनी,199
टयूबवेल,43
नीर,171
नाचने,161
खाएं,6
सप्तमी,141
तारे,186
तीव्रता,73
गहराने,172
पोस्टमास्टर,78
निरक्षर,13
जिन्दगी,119
मच्छरदानी,184
लटकते,137
लौटाया,179
घपला,97
दालों,65
परिधानों,169
खरपतवार,65
मुनाफे,101
धोती,159
मुग्ध,92
मालामाल,97
बुलावा,179
जुटेंगे,21
पीक,36
अनौपचारिक,45
बदलता,68
अकादमिक,19
कतारबद्ध,137
कैंची,175
इंतकाल,164
नजरिया,94
मुख्तयार,83
कपडे़,169
चमेली,117
ठप्प,71
झपटी,4
दामिनी,194
नोंक,175
टोका,28
वन्यजीव,39
महती,107
छोड़ने,168
प्रागंण,116
मुकीम,164
छेद,158
सुंडी,117
गोरक्षा,54
शंख,91
राष्ट्रगान,127
कस्तूरी,39
बमबम,111
ढर्रे,138
औरत,88
झरना,171
रौब,28
कार्यक्षेत्र,156
वेल,190
जायेंगी,118
पुश्तैनी,15
अलगाववादी,114
अधीक्षकों,70
निर्णयों,31
फोटोग्राफर,40
कसम,119
फेहरिस्त,49
थिरकते,161
अधमरा,4
चेस,190
वली,164
अल्का,194
कम्यूनिकेशन,190
कछला,111
लगवाकर,152
कीजिए,178
पटवार,8
दरवाजों,67
संकोच,11
पैंतीस,66
जनेश्वर,32
मृदुला,194
फहराने,36
आइए,142
काश्तकार,52
चलंत,40
बजरिया,111
रुद्राभिषेक,35
वेदांत,20
खोदी,33
ऐतराज,136
रहूंगा,68
भावपूर्ण,121
शान्ति,23
स्टाम्प,174
निराशाजनक,63
स्मारिका,57
हिरन,39
रिफंड,174
प्राणियों,39
पत्थरबाजी,151
अधिकता,11
आटे,6
मंडलाध्यक्ष,82
चुराई,9
बाड़े,120
अनभिज्ञ,11
हजारा,180
मिश्री,6
सुनहरा,49
ब्रह्मदेव,44
बरकत,164
भड़की,26
अकीदतमंदों,164
मसाले,6
सोचकर,142
सत्यार्थी,44
तुम्हें,142
उत्सुक,38
उजाड़,120
दुश्मनों,46
सुबेदार,83
जनसमूह,161
दिलावर,164
सगाई,81
आरम्भ,37
ठूंस,148
गाजर,6
ताजपोशी,177
टिन,158
ढाल,36
गुलामी,5
उचक्के,155
हथकंडे,94
खोखले,63
जागा,184
फैलते,195
जिमखाना,190
तुलाराम,83
बनेंगी,143
प्रसंस्करण,62
क्रियाओं,146
हटाये,110
लालसा,172
पीढि़यों,77
टैबलेट,40
नेटवर्किंग,154
कसौटी,166
अधिसूचित,14
लकड़ा,17
अपहरणकर्ता,115
राजमिस्त्री,199
सुंदरकांड,35
बैलगाड़ी,106
आदिम,77
छूटी,9
अढ़ाई,66
सूजन,124
भांजा,15
चश्मे,159
सूनी,71
रसायनिक,146
करवाता,87
छपने,57
स्वर्णिम,77
दर्पण,109
बचाते,170
बर्ताव,163
ईसा,20
वर्धन,73
बल्लेबाजों,84
पेंशनधारियों,196
पिलाना,135
गरजे,161
देशद्रोह,5
बाजा,91
टकटकी,137
देवरानी,88
तलहटी,171
फरमाया,164
लड़ने,183
रूपों,146
चहलकदमी,130
अशोका,116
सीढि़यां,36
रिजेक्ट,136
खुलती,67
कातिलाना,115
काबीना,2
सर्वधर्म,150
जनसेवक,2
टेक्नोलाजी,190
विद्यापति,32
परिप्रेक्ष्य,73
यांत्रिक,186
चित्रण,109
कॉरपोरेट,154
वेदों,20
वाम,19
सर्वांगीण,73
टीजीटी,189
शुष्क,128
निर्यातकों,62
सेहरा,108
सैद्धांतिक,19
चिंहित,182
निर्यातक,62
देखती,134
चिता,132
कसाना,83
पंचमुखी,35
कारनामे,34
अपर्णा,194
गरुड़,120
ताकीद,96
पतली,160
मेहनताना,101
उम्मीदवारी,177
मंगाने,152
खात्मा,183
आलिया,194
परोपकार,54
टुकड़ा,120
सजाकर,126
