word,cluster
में,96
लिए,95
किया,191
गया,191
हैं,193
नहीं,43
सिंह,145
पुलिस,28
दिया,191
करने,95
कहा,155
रहे,18
बाद,160
करें,83
साथ,96
रहा,191
रही,38
बताया,155
हुए,18
लोगों,98
उन्होंने,155
होने,190
गांव,10
लेकर,95
जिला,76
इसके,43
एवं,72
क्षेत्र,31
द्वारा,165
हुई,111
लेकिन,43
लिया,191
सरकार,139
अपने,96
विभाग,178
मोबाइल,196
वाले,95
दौरान,160
आदि,72
सभी,72
मौके,197
फोटो,196
देखने,95
जागरण,129
जाने,95
दिन,160
नगर,10
तथा,72
जाएं,83
निवासी,10
लोग,18
बैठक,26
शुरू,144
कोई,43
हुआ,191
ताजा,82
करते,190
खबरें,129
समय,160
जाएगा,61
तीन,30
मामले,53
रुपये,24
कारण,123
पहले,160
थाना,76
पूर्व,31
विकास,179
संवाददाता,129
अन्य,72
जानकारी,86
कुछ,96
दर्ज,12
शर्मा,172
जांच,86
अध्यक्ष,137
स्कूल,164
यहां,96
अधिकारी,178
किसी,96
उनके,96
कार्य,165
पास,96
स्थित,171
कार्यक्रम,197
अस्पताल,112
वहीं,43
पंचायत,32
बात,155
पानी,77
किए,190
मांग,140
बच्चों,50
खिलाफ,12
बार,160
रूप,135
बजे,160
काम,95
उन्हें,193
कार्रवाई,12
तरह,101
देने,95
प्रदेश,31
महिला,139
उसे,43
वर्ष,160
मौजूद,18
अपनी,195
उसके,96
शहर,10
चुनाव,7
हजार,30
सूचना,196
दोनों,96
केंद्र,32
निर्माण,42
सहित,72
टीम,89
देवी,39
घटना,28
सड़क,57
विद्यालय,69
मुख्य,72
शिक्षा,37
चार,30
बीच,97
प्रशासन,137
बिजली,77
रात,160
शामिल,165
जिले,76
होगा,61
कार्यालय,178
संवाद,94
इससे,43
मौत,4
उपस्थित,197
करीब,119
लाख,30
सुबह,160
दिए,36
नाम,165
पांच,30
अधिकारियों,114
कराया,190
जाएगी,61
आयोजित,197
राम,187
कहना,43
जारी,157
इसी,43
निर्देश,140
काफी,25
करना,144
प्रधान,137
जाता,191
प्रखंड,76
जबकि,43
व्यवस्था,16
आने,96
प्रसाद,172
घायल,4
आरोप,12
किसानों,79
योजना,192
तहत,32
लगा,191
आयोजन,197
वाली,195
अवसर,197
सोमवार,73
संख्या,92
अधिक,25
शिकायत,12
ग्रामीणों,98
उनकी,195
बंद,21
इसमें,43
राज्य,139
समिति,137
परीक्षा,164
अलावा,43
अभियान,32
मामला,12
ऐसे,193
अनुसार,165
चाहिए,144
युवक,116
मंदिर,171
पहुंचे,111
सचिव,137
ग्राम,76
रोड,76
पत्र,129
पुत्र,35
मंगलवार,73
उसकी,195
जहां,43
होगी,61
शनिवार,73
मिल,168
कराने,190
पूरी,195
बुधवार,73
शुक्रवार,73
छात्र,164
पार्टी,7
विभिन्न,72
रविवार,73
फिर,43
मंत्री,137
शाम,73
साल,30
अभी,43
आरोपी,59
गयी,38
जाए,191
स्वास्थ्य,112
जिसमें,43
वहां,96
गिरफ्तार,59
स्थानीय,139
निगम,137
विधायक,137
प्रभारी,178
समेत,72
बनाने,95
माह,160
लाल,93
श्री,172
परिवार,116
दिनों,160
प्रदर्शन,198
इसकी,195
प्रयास,108
सरकारी,139
सामने,96
ग्रामीण,32
जिससे,43
सदस्य,137
बैंक,32
समाज,159
सुरक्षा,16
वाहन,138
समस्या,123
किसान,79
पूरा,165
देश,31
बारे,86
चलते,18
लगाया,191
हत्या,59
रहने,95
मिलने,168
बाहर,96
बाजार,20
सहयोगी,137
स्थिति,123
दूसरे,96
लगे,18
पदाधिकारी,137
चोरी,59
शिक्षक,69
प्रतियोगिता,89
भाग,31
मार्ग,171
मुख्यमंत्री,137
स्थान,171
प्रतिनिधि,137
सफाई,142
सकता,191
छात्रों,164
मंडल,137
मिली,168
होती,38
कर्मचारियों,114
आदेश,140
पहुंच,111
पिछले,30
लेने,95
होता,43
विरोध,198
नेता,7
प्राप्त,168
जगह,195
तैयार,95
सेवा,16
उनका,43
परिजनों,116
अपना,96
देर,156
जनता,7
चालक,138
प्रति,154
मिला,168
गंभीर,123
संबंध,97
संघ,137
अलग,72
जमीन,79
भवन,42
अध्यक्षता,137
जाती,38
वालों,95
उक्त,72
कर्मचारी,114
जल्द,101
प्रकाश,186
राष्ट्रीय,139
गुरुवार,73
बना,36
जाम,73
करेंगे,61
विशेष,72
स्तर,139
स्टेशन,171
व्यक्ति,50
लगी,38
महिलाओं,50
थाने,28
होकर,18
कमेटी,137
गये,18
राय,172
उसने,43
परिसर,171
देते,18
देकर,36
संबंधित,72
तरफ,96
पूरे,31
समारोह,197
उपलब्ध,190
प्रथम,139
सात,30
शिविर,197
शिक्षकों,114
भारत,31
सभा,137
बच्चे,50
लगभग,119
इसका,43
आगे,92
विजय,172
राशि,24
भर्ती,194
अशोक,172
दूर,101
वर्ग,98
परिषद,137
दिवस,27
मां,39
लाइन,132
होते,18
मारपीट,99
घंटे,160
पंजाब,31
प्रमुख,139
पिता,116
रखा,157
छात्राओं,164
पहुंची,111
आया,191
उसका,43
अवैध,59
इसे,43
दुकान,121
अगर,43
पता,86
इलाज,112
जमा,24
जिस,43
कोतवाली,76
आधार,165
विद्यार्थियों,164
जेल,59
नजर,18
मतदान,7
ज्यादा,25
लगाने,95
जिलाधिकारी,178
खेल,89
यदि,43
कर्मियों,114
दोपहर,73
सबसे,25
बोर्ड,137
चौक,73
भाई,35
प्रशिक्षण,37
शराब,49
ट्रक,138
सवार,138
बावजूद,43
पूजा,100
सदर,76
जाते,18
डीएम,178
करोड़,30
हालत,4
गांवों,10
निरीक्षण,86
आरोपियों,59
हालांकि,43
युवा,139
चुकी,38
सदस्यों,137
वाहनों,138
सके,190
कार,138
बरामद,59
विद्युत,34
पड़ा,184
भारी,25
भेज,36
अनिल,172
बड़ी,195
चुके,18
जिसके,43
जीवन,186
नेतृत्व,137
चला,191
सहयोग,16
मनोज,172
भारतीय,139
वापस,36
बनाया,191
मार्च,160
वितरण,16
कुमारी,39
परेशानी,123
करके,190
कंपनी,20
प्राथमिक,32
प्रकार,72
कार्यकर्ताओं,98
कही,155
कराई,190
वजह,123
कृषि,79
पति,116
ध्यान,157
कोर्ट,53
संगठन,137
होना,144
जाएंगे,61
दूसरी,195
संबोधित,155
आपूर्ति,16
ताकि,190
लाभ,16
माध्यम,165
निर्णय,53
हाथ,151
बढ़,92
मुताबिक,101
बारिश,113
मिले,168
होंगे,61
सामान,106
विवाद,199
पाया,191
ऐसा,43
वाला,9
राज,35
सकते,83
संचालन,16
बिना,96
अजय,172
आंदोलन,198
जाना,191
वरिष्ठ,137
विधानसभा,7
देख,18
कुल,30
हाल,101
आवेदन,165
बने,18
भेजा,36
देखते,18
रखने,157
मंडी,20
तेज,54
चुका,191
मुकदमा,12
धरना,198
जिलाध्यक्ष,137
भूमि,79
ठाकुर,172
अदालत,53
पत्नी,116
इसलिए,43
बनी,195
रैली,26
जैसे,43
प्रतिशत,30
कहीं,43
भीड़,71
सूत्र,154
फरार,59
क्या,43
सूची,5
परेशान,123
तैनात,152
साफ,142
तहसील,76
बनाए,157
अंदर,96
शासन,16
सुविधा,192
गाव,79
भगवान,66
दर्जन,30
बाबा,148
लगातार,160
उधर,18
पक्ष,154
समस्याओं,123
अतिथि,197
क्षेत्रों,72
अभियंता,178
मुख्यालय,139
फसल,104
मुखिया,137
करता,190
यात्रा,171
निदेशक,137
आवास,32
चर्चा,26
शादी,116
सहायक,34
थानाध्यक्ष,178
उपाध्यक्ष,137
वर्षीय,30
सांसद,137
निजी,16
आसपास,10
सकती,38
दास,172
जान,86
प्रत्याशी,7
तैयारी,95
ब्लाक,76
बाल,50
सिविल,164
भुगतान,24
पीड़ित,50
पहचान,86
खराब,123
सेक्टर,164
पूछताछ,86
सम्मानित,165
जनवरी,160
अधीक्षक,178
ज्ञापन,140
प्रवेश,165
स्थल,171
प्रबंधक,137
प्रक्रिया,16
विचार,154
उच्च,139
कभी,43
बड़े,25
पीछे,96
लगाए,18
कमी,123
इलाके,10
जाकर,96
जमकर,99
आश्वासन,140
वेतन,114
जून,160
सप्ताह,160
तहरीर,116
यही,43
रेल,57
हासिल,168
बताते,155
विश्वविद्यालय,139
यूनियन,137
केवल,43
मदद,95
उत्तर,31
मैदान,169
खंड,32
मौसम,54
मरीजों,112
मगर,43
स्वागत,197
मकान,10
रोक,21
निर्धारित,165
खुद,101
बेहतर,82
नदी,64
पुल,171
अंतिम,160
ठीक,43
पेश,165
लगाई,111
खर्च,149
सड़कों,57
सिर्फ,43
लूट,59
बहुत,25
जरूरत,86
कार्यकर्ता,137
प्रभावित,154
बेटी,116
कर्मी,114
राजीव,172
द्वितीय,139
गाड़ी,138
दें,83
नेताओं,98
घरों,10
उपचार,112
महतो,172
केन्द्र,139
समीप,171
सही,86
उपायुक्त,178
मार,151
जनपद,76
तौर,135
योजनाओं,192
हादसे,4
उर्फ,172
विद्यालयों,32
लगाकर,36
यात्रियों,57
अंतर्गत,32
फरवरी,160
संयुक्त,139
चेयरमैन,137
हड़ताल,198
पार्षद,137
लगने,95
संस्था,137
गेहूं,104
मृतक,116
देखा,191
दीपक,172
रहता,43
उद्घाटन,197
कल्याण,56
राहत,123
संतोष,172
प्रदीप,172
घोषित,165
प्रस्ताव,140
सफल,108
नामांकन,32
पाल,172
आयोग,137
लोक,139
पेयजल,77
मीटर,77
जुलाई,160
पहली,88
प्रबंधन,16
कक्षा,164
न्यायालय,53
प्रदान,165
रहते,18
बदमाशों,59
गंगा,64
धान,104
सीमा,31
करवाया,190
सामना,123
दिसंबर,160
इधर,18
मांगों,198
महासचिव,137
अतिक्रमण,12
जीत,89
स्थानों,72
पदाधिकारियों,114
तलाश,86
टक्कर,4
नुकसान,3
माता,39
अज्ञात,59
लागू,165
जरूरी,144
मंच,197
राजकीय,32
बीडीओ,178
युवकों,98
दिशा,154
अतिरिक्त,72
शीघ्र,165
दिवसीय,197
उसी,96
पार्क,171
प्रेम,97
रास्ते,171
चलने,95
प्रत्येक,72
ऐसी,195
संस्थान,139
विरुद्ध,12
घोषणा,140
पड़े,184
सुभाष,172
प्राथमिकी,12
बल्कि,43
चौकी,152
चंद,172
चंद्र,172
कब्जे,59
मनाया,127
केंद्रीय,139
तभी,43
कहते,43
रखे,157
गोली,49
बयान,78
जवाब,199
प्रयोग,165
युवाओं,98
गर्मी,54
पड़ी,184
रखी,157
सामाजिक,34
आनंद,186
चयन,165
लक्ष्य,165
किशोर,172
नीचे,81
आते,110
सरपंच,8
गुरु,118
केंद्रों,32
महीने,160
प्राचार्य,69
लापरवाही,12
कोशिश,108
तीनों,72
बजट,16
पड़ता,184
क्योंकि,43
प्रधानमंत्री,137
किनारे,171
चोरों,59
पेंशन,32
युवती,116
समाधान,16
पहुंचने,95
समाप्त,21
पालिका,137
श्रद्धालुओं,100
तमाम,72
प्रस्तुत,165
कदम,154
बनने,95
संजीव,172
सवाल,199
खरीद,20
वोट,7
चिकित्सक,112
शाखा,137
गैस,40
अचानक,160
करती,38
इनमें,193
जिसे,43
चले,18
पवन,172
नवंबर,160
जागरूक,50
करवाने,190
व्यक्त,155
छोटे,25
हिस्सा,9
मतदाता,7
देना,144
सुधार,16
विभागीय,178
विषय,37
संघर्ष,154
दुर्घटना,4
चेतावनी,140
मध्य,31
रहती,38
बता,155
अगस्त,160
सम्मेलन,197
आयुक्त,137
गिरफ्तारी,59
संपन्न,197
मेला,127
अक्टूबर,160
किये,190
दुकानों,121
थीं,38
हजारों,30
यातायात,16
प्रताप,145
छोड़,41
साइकिल,138
काबू,131
तालाब,77
खाली,36
खेत,79
समीक्षा,16
लिये,95
संबंधी,72
मेले,197
मोटरसाइकिल,138
सैकड़ों,41
शांति,186
पूर्ण,165
कड़ी,41
गायब,36
हंगामा,71
समक्ष,165
मात्र,30
आकर,96
उससे,43
अधिकार,16
परिजन,116
आलम,134
स्वामी,118
हमला,153
दिखाई,18
बड़ा,25
कब्जा,79
कानून,53
लेते,18
दर्जनों,98
चिकित्सा,112
दवा,49
चलाया,36
बनाकर,36
संपर्क,165
बीते,160
गठन,165
चपेट,4
रोजगार,32
महाविद्यालय,164
सौंपा,165
माध्यमिक,32
भविष्य,154
विज्ञान,34
तत्काल,21
सम्मान,90
सत्र,160
दुष्कर्म,12
चरण,160
हेतु,165
निरीक्षक,178
जिन,193
क्रम,154
फैसला,53
समर्थन,140
आर्थिक,34
रुपए,24
परियोजना,16
अवगत,155
साढ़े,30
पुरस्कार,139
चिकित्सकों,112
लाखों,98
बैठे,18
डेढ़,30
एक्सप्रेस,129
रोकने,95
बस्ती,10
सामान्य,34
भूमिका,94
पंकज,172
सैनी,8
मजदूर,98
खड़े,18
वर्षो,30
स्थापित,165
पाई,38
राजकुमार,35
दर्शन,37
निज,186
शुभारंभ,197
राजस्व,16
निकाली,111
मिलकर,155
माहौल,71
दूसरा,9
बेटे,116
वर्तमान,42
योग,118
उम्मीद,195
स्थापना,42
साहिब,134
फीसद,30
बनाई,195
पढ़ाई,164
डिग्री,164
विश्व,139
एसडीओ,178
जिम्मेदारी,86
रहेगा,61
सफलता,168
आवश्यक,165
करेगी,61
सितंबर,160
परिणाम,154
भगत,187
सहायता,16
पहुंचकर,111
गंदगी,142
मजदूरों,98
स्वयं,165
धर्म,159
मनरेगा,32
पर्व,127
संत,118
रवाना,111
इंतजार,160
राशन,20
आधा,30
रोष,131
तरीके,82
सुनवाई,53
बातचीत,26
गलत,12
झारखंड,31
खिलाड़ियों,89
मालिक,20
मामलों,53
हमारे,96
घायलों,4
प्रमाण,165
लाने,95
बिल,70
जख्मी,4
चोर,59
प्रशासनिक,16
धमकी,140
ट्रैक्टर,138
महिलाएं,50
क्षेत्रीय,139
क्रिकेट,89
फिलहाल,43
गरीब,67
खत्म,21
प्रधानाचार्य,69
लौट,36
पंचायतों,32
अधिवक्ता,53
उपभोक्ताओं,70
यात्री,138
दुकानदारों,20
इनके,193
तोड़,41
पटना,76
दैनिक,129
निकट,171
पहल,108
मरम्मत,77
जायेगा,61
मोर्चा,7
अरुण,172
उसमें,43
विद्यार्थी,164
होली,127
हमें,43
आगामी,160
रवि,172
पक्षों,72
तार,151
इलाहाबाद,76
दाखिल,36
मिलेगा,61
जाति,159
डाला,36
भ्रष्टाचार,12
प्रचार,159
बचाने,95
मिलते,18
निकाला,36
करनी,190
साबित,13
पाए,18
पकड़,41
तृतीय,32
उठाया,199
पुत्री,39
ऊपर,96
हिरासत,59
स्तरीय,139
सजा,12
मरीज,112
जुड़े,41
वक्त,101
कमरे,177
पशु,6
असर,101
पर्यावरण,56
व्यापारियों,98
नया,9
दौड़,41
नियुक्ति,5
अंजाम,86
घाट,171
रंग,93
खबर,129
इतना,25
ताला,177
पहला,9
चली,111
व्यापारी,20
तहसीलदार,178
जागरूकता,50
पाने,168
अभाव,154
उनसे,155
विभागों,114
संचालित,165
देखकर,128
परंतु,43
निर्वाचन,137
खेती,79
देंगे,61
कस्बे,10
सूत्रों,196
अंक,129
शुल्क,24
जयंती,27
उठा,36
ज्ञान,37
आह्वान,197
टिकट,20
पटेल,172
पैसे,149
नारेबाजी,198
पेड़,104
वसूली,70
लगाते,18
चलाने,95
पार,171
रात्रि,160
नौकरी,149
शहीद,152
कराए,190
जुलूस,73
निकल,36
नहर,77
दिलाने,168
करे,190
रानी,39
चालकों,138
बढ़ाने,92
मुक्त,165
संयोजक,137
तिथि,27
शौचालय,142
अगले,160
सांस्कृतिक,159
भोजन,40
संभव,43
राजनीतिक,7
खाद्य,40
कला,1
जिसकी,195
कैसे,83
संरक्षण,56
पंडित,172
बीमारी,112
खड़ा,41
वार्ता,26
नियमित,37
फर्जी,174
उद्देश्य,165
खड़ी,111
करेगा,61
आगरा,76
बदमाश,59
बरसात,113
खुशी,168
मशीन,196
दुकानदार,20
शिकार,50
दिये,36
महत्वपूर्ण,82
जोर,151
मैं,96
ठंड,54
तीसरे,160
कीमत,85
वितरित,165
कथा,1
मतदाताओं,7
तुरंत,155
खास,82
पालन,165
रहेगी,61
मुश्किल,120
जिसका,43
मिनट,160
धारा,64
शुरुआत,160
किलो,106
पैसा,149
बूथ,196
पैदा,123
सिंचाई,77
विजेता,89
जन्म,27
दावा,174
लड़की,55
जिलों,32
मजबूर,140
छापेमारी,59
आशा,186
करवा,190
प्रत्याशियों,7
इलाकों,10
खेतों,79
मौका,168
बढ़ा,92
मिट्टी,29
विशाल,34
हटाने,95
अरविंद,172
मानव,34
रहीं,38
भरा,36
रांची,76
संदेश,154
बालिका,39
निकाल,36
बचाव,95
लोकसभा,7
बधाई,82
नाथ,172
विस्तार,165
पुरानी,195
सिर,102
ठेकेदार,149
आर्य,159
उपाध्याय,172
उचित,165
बसों,57
होटल,171
बातें,195
वैसे,43
क्यों,43
व्यापार,16
कटौती,70
सेना,152
दबाव,123
नशे,49
परिवहन,16
मार्केट,20
जब्त,59
अफसरों,114
आशंका,189
उत्पादन,34
अपराध,12
पाठक,1
पुराने,101
समापन,197
मान,155
उद्योग,34
हालात,123
संकट,123
जताया,155
योगदान,82
पीने,49
सुशील,172
नियमों,16
प्रबंध,16
मारने,95
दहेज,116
उनको,193
बिक्री,20
बाढ़,113
परिवारों,98
रोडवेज,73
सख्त,12
महामंत्री,137
लागत,16
संदिग्ध,59
गली,10
अध्यापक,69
बहादुर,145
लाया,191
पकड़े,41
सामग्री,34
विधान,137
रहेंगे,61
अधिकांश,72
रोग,112
जताई,155
अर्चना,100
तापमान,54
प्रतिदिन,160
संभावना,189
अपहरण,59
स्वच्छता,142
महाराज,118
आरक्षण,16
करवाई,190
विनय,172
मुआवजा,33
शहरी,10
संकल्प,185
निकले,18
पूजन,100
स्पष्ट,154
इस्तेमाल,95
खाते,40
मोहल्ला,10
लिखा,155
मुहैया,190
गीत,109
कार्यरत,114
खनन,29
बहन,39
खाद,104
गंभीरता,86
मांगी,140
हमेशा,96
न्याय,53
मोड़,41
जूनियर,89
गौरव,90
माल,20
मिलेगी,61
गठित,165
किशोरी,39
गणेश,66
माना,191
सुरक्षित,157
तत्वावधान,197
ज्योति,186
शरीर,50
नीरज,172
शांत,131
किलोमीटर,171
मनीष,172
अपराधियों,59
पिटाई,99
धार्मिक,159
आदर्श,159
रास्ता,171
मुकाबले,89
बाबू,187
नवीन,34
उमेश,172
याद,168
अभिभावकों,50
बढ़ने,92
मजबूत,34
सिपाही,152
छानबीन,86
मजिस्ट्रेट,178
मीडिया,129
कश्मीर,31
सौंप,36
महेंद्र,172
निस्तारण,53
चारों,96
घटनाओं,154
आबादी,10
कक्ष,177
दोषी,12
कन्या,44
ब्यूरो,32
होनी,190
चक्कर,151
महोत्सव,197
अच्छी,195
गुहार,140
ग्रहण,165
प्रतिमा,29
ढंग,82
सोनी,172
पदों,114
भक्तों,100
जवानों,152
दौरा,26
लंबी,195
आये,110
उम्मीदवार,7
सोने,176
कमल,150
शक्ति,186
सुविधाएं,192
नृत्य,109
अहम,82
राजनीति,7
जायजा,86
नीति,16
गति,34
अनेक,72
मास्टर,35
सुमन,172
जंगल,79
शोर,71
पैदल,171
खाने,40
फाइनल,89
गीता,39
दूरी,171
सुनिश्चित,165
गरीबों,67
बीज,104
लंबे,25
कार्यशाला,197
लेना,144
हूं,43
उपभोक्ता,20
संस्कृति,159
मोटर,138
गृह,139
प्रवीण,172
भीतर,96
खूब,82
अनुमति,140
खुले,18
अखिलेश,7
दीप,75
आती,38
चौराहे,73
सब्जी,40
चालू,21
दूध,40
बादल,113
नियुक्त,137
वीरवार,73
नियंत्रण,126
कार्यकारिणी,137
अनुमंडल,178
सक्रिय,34
जवान,152
प्रवक्ता,137
ओमप्रकाश,172
आता,110
लिखित,1
काट,151
जर्जर,81
अध्यापकों,114
अफसर,152
नकदी,106
वार्षिक,139
संचालक,137
अजीत,172
आदमी,101
मिलता,43
विवाह,97
विश्वास,185
वृद्धि,92
नाले,77
विरोधी,159
डाल,36
यज्ञ,197
निकासी,77
निकला,36
इन्हें,193
कार्यक्रमों,197
चालान,70
सुविधाओं,192
सभागार,197
बच्ची,39
किस,139
शेष,19
शपथ,90
राजा,35
बीस,30
आक्रोश,131
इकाई,16
गैर,139
लाइसेंस,20
डाक्टर,112
पुरुष,50
दरबार,35
धनराशि,24
दोबारा,101
न्यायिक,53
खिलाड़ी,89
इनकी,193
पाठ,37
तैनाती,152
बताई,155
गन्ना,104
बालक,35
तकनीकी,34
उपस्थिति,154
वही,43
लक्ष्मी,39
जुर्माना,24
उपयोग,165
संगठनों,98
कमिश्नर,178
वित्तीय,16
जुट,108
निकलने,95
जैसी,195
धरने,198
उम्र,30
साथी,35
प्रतिभा,82
जगहों,57
समूह,72
आवश्यकता,165
रक्षा,56
बतौर,94
वित्त,16
भरने,95
श्रद्धालु,100
डालने,95
प्रदूषण,123
पौधे,104
दौर,101
सर्वे,32
कंप्यूटर,196
टूट,81
घटनास्थल,28
चाहते,144
बकाया,70
हवा,54
महत्व,154
अभिषेक,172
भजन,109
सुधीर,172
गुप्त,196
आजाद,90
प्रेरित,165
लुधियाना,8
दिखा,36
अनशन,198
बाधित,21
पकड़ा,41
बजाय,95
लगता,43
सामुदायिक,32
छोड़कर,41
सीधे,96
अलीगढ़,76
जाच,86
हमले,153
रफ्तार,138
आना,144
तेल,40
विधि,16
स्वच्छ,142
बदल,2
दुकानें,121
पशुओं,6
पहुंचाने,95
पेट्रोल,138
उठाने,95
इसको,43
वंचित,168
अंत,160
अधिनियम,16
बुरी,195
एकड़,79
भेजी,111
आशीष,172
पूर्वी,31
प्रधानाध्यापक,69
खाना,40
पाकर,168
गौरतलब,43
चुनावी,7
विकेट,89
आश्रम,118
उत्साह,90
बेहद,25
कहां,101
रोशन,52
पंप,77
क्षतिग्रस्त,4
मूल्य,20
संस्कार,159
महज,30
चिकित्सालय,112
मृत,4
ट्रेनों,57
रोज,101
छोटी,195
साथियों,98
लंबित,53
बेचने,20
वक्ताओं,26
बढ़ती,92
आपदा,16
कारोबार,20
हिमाचल,31
बाकी,19
प्रारंभ,165
हिसाब,2
नजदीक,171
कराकर,190
प्रार्थना,140
कुलपति,137
पुतला,75
दिक्कत,123
मुलाकात,26
धूप,54
इंचार्ज,178
भेजने,95
सोसायटी,137
लड़कियों,55
मतगणना,7
देता,43
जिम्मेदार,12
इतनी,195
मेहता,130
नियम,16
सार्वजनिक,16
सर्जन,112
जायेगी,61
कांड,28
कोषाध्यक्ष,137
स्कूली,164
पुष्टि,86
पड़ेगा,184
अखिल,139
अच्छा,82
अनाज,40
धर्मशाला,171
बीमा,16
कानूनी,53
मात्रा,40
वीरेंद्र,172
समस्याएं,123
विहार,171
आवागमन,171
खतरा,123
प्रतिनिधियों,98
रखते,157
मांगा,140
भरे,18
लें,83
विद्या,186
फुटपाथ,57
मजदूरी,149
श्रेणी,139
कौन,35
यमुना,64
खोलने,95
सुंदर,82
चीनी,40
मारकर,151
भ्रमण,37
आत्महत्या,116
पोल,151
नागरिक,74
अंचल,31
जिनमें,193
चयनित,165
लेंगे,61
ससुराल,116
सामूहिक,16
रक्तदान,112
जुटे,108
निकालने,95
पदक,89
मिलती,168
महंगाई,123
चिंता,123
क्षमता,154
निर्मल,186
समर्थकों,98
गोदाम,106
आक्रोशित,198
मुंह,151
भाव,154
फायदा,3
कौशल,16
पत्रकारों,98
अमर,145
मुद्दे,199
अंकित,165
पीड़िता,116
अच्छे,25
प्रदर्शनी,197
बृहस्पतिवार,73
टूर्नामेंट,89
फसलों,104
काली,93
निगरानी,16
न्यायाधीश,53
स्वरूप,154
कार्यवाही,12
याचिका,53
भरोसा,185
भेंट,105
भेजे,140
समुदाय,98
अनुसूचित,32
घंटों,160
पहुंचाया,36
हाथों,151
गुणवत्ता,34
बांध,151
करायी,190
कस्बा,76
एडवोकेट,8
ढाई,30
नाटक,94
धीरे,101
दुरुस्त,86
रुपया,24
फूल,150
हमारी,195
मानदेय,114
सकेंगे,61
गुरुद्वारा,146
उनमें,193
सागर,171
ममता,39
बदलाव,2
गिरने,81
व्यवसायी,35
मेहनत,168
सेवक,137
बुलाया,155
संध्या,197
कूड़ा,142
अभ्यर्थियों,114
परीक्षण,165
काटने,151
इंतजाम,95
हरी,93
फैसले,53
मना,140
हथियार,153
दफ्तर,178
पर्यटन,139
धूमधाम,127
पर्याप्त,34
घेराव,198
पुरस्कृत,165
सौंपी,86
स्वर्ण,176
मेरे,96
स्व,186
ऑटो,138
टाटा,35
फीस,24
शाह,134
सदन,137
प्राथमिकता,16
पूनम,39
भव्य,197
मोहल्ले,10
कैलाश,172
कलाकारों,94
सत्ता,7
आरती,100
संगीत,109
पश्चिम,31
टीमों,89
प्रभाव,154
अस्पतालों,112
संसाधन,16
त्यागी,172
भारद्वाज,172
लड़ाई,41
बेटा,35
विशेषज्ञ,112
तत्कालीन,31
नामक,1
लापता,4
बोल,22
निकली,111
दीवार,181
खाता,40
शुरु,144
पत्थर,29
राजमार्ग,171
शिक्षण,37
राजधानी,139
उपरांत,160
राज्यों,31
देखरेख,16
जोड़ने,41
डाक्टरों,112
रेखा,39
साहब,134
अवकाश,160
रुप,135
बच्चा,50
सड़क,57
भरी,195
व्याप्त,123
आपसी,97
अगुवाई,26
चावल,40
भले,43
संपत्ति,16
औद्योगिक,34
बढ़ी,92
पश्चिमी,31
दर्द,49
रोजाना,101
रखकर,157
जिन्हें,193
आभार,82
वरीय,137
सारी,195
बताए,155
चलता,43
इनका,193
कायम,157
एकता,159
सुनाई,128
दलों,7
हादसा,4
पूछा,155
हवाले,36
डॉक्टरों,112
राख,75
मुस्लिम,159
नाराजगी,99
मंत्रालय,139
सलाह,140
अनुदान,24
निधन,27
रणनीति,16
सूरज,54
गोष्ठी,197
मुझे,43
नये,42
छूट,140
श्रद्धांजलि,27
बहाल,21
जुटी,108
बीमार,112
स्वीकृति,140
कंपनियों,20
मंदिरों,100
लीटर,49
तीसरा,9
कपड़े,62
भागने,95
भक्ति,186
प्रेस,129
इतिहास,159
दिलाया,168
समझ,86
गड़बड़ी,86
विकसित,34
हित,56
पड़ताल,86
अमन,134
बढ़ावा,95
शोक,186
सहमति,140
फीसदी,30
बिहारी,172
मुहल्ला,10
सूबे,31
सकें,190
समान,34
शोभायात्रा,73
वातावरण,34
जाएंगी,38
दुनिया,101
अपराधी,59
प्रेमी,35
लाठी,151
जानी,195
कीर्तन,100
अंग्रेजी,1
खरीदने,20
परिवर्तन,2
तोड़कर,41
स्वीकृत,165
उत्पन्न,21
भावना,154
उतर,111
माने,35
राज्यपाल,137
अभिभावक,50
आरंभ,165
नागरिकों,74
घुस,36
नाला,77
अधिकतर,193
बदले,2
चोट,4
बदलने,2
छुट्टी,160
बैठा,36
कार्यपालक,137
अक्सर,101
विगत,30
हों,83
खून,64
आचार्य,118
पीड़ितों,67
सत्यापन,165
समन्वयक,32
व्यवहार,154
लिखे,158
सुनने,128
जाया,36
मूल,34
अवधेश,145
मुहिम,108
बीएसए,178
मूल्यांकन,16
हड़कंप,71
गुजर,101
दायर,53
पढ़ने,37
निलंबित,12
हत्याकांड,28
बीमारियों,112
पोलियो,50
न्यूनतम,16
क्रय,20
वर्षा,113
बुजुर्ग,116
पैर,151
कराना,190
तैयारियां,26
भूषण,172
नीतियों,192
करवाए,190
बंसल,172
सचिन,35
अथवा,72
आवासीय,32
मांगे,140
मानें,83
करोड़ों,149
सफर,101
भाषा,1
प्रस्तुति,82
रहना,144
आयु,30
गतिविधियों,16
दीक्षित,172
चौराहा,73
दर्जा,168
ऑनलाइन,129
जलकर,75
दीपावली,127
हस्ताक्षर,165
नाराज,99
खोल,36
तलाशी,59
फांसी,151
दाम,20
समाचार,129
दिखाया,155
बनकर,36
अंतरराष्ट्रीय,139
शिरकत,197
निशान,151
तनाव,123
बाग,171
सुनकर,128
विवाहिता,116
सदस्यता,7
मैनपुरी,76
तैयारियों,26
फैल,111
आवंटन,16
चंदन,172
डीजल,138
नशा,49
कविता,1
दरअसल,43
देरी,21
ऊर्जा,34
कोतवाल,178
बसें,57
मान्यता,165
जोरदार,82
देहात,10
सालों,30
अदा,94
प्रावधान,16
महाप्रबंधक,178
संस्थाओं,98
कपूर,172
प्रगति,179
पंजीकरण,16
छापामारी,59
सोच,2
मालूम,43
सीटों,7
पदार्थ,40
दलित,122
गले,151
पचास,30
रोका,21
उत्सव,127
विश्वकर्मा,66
बाजारों,20
बैठ,18
बदायूं,76
बाहरी,34
प्रस्तावित,16
डेंगू,112
परीक्षार्थी,164
कारणों,72
स्वीकार,165
ललित,172
केन्द्रों,32
कागजात,106
मूर्ति,29
राष्ट्रपति,137
मनमानी,12
सेवानिवृत्त,137
दहशत,71
समाजसेवी,137
कार्यकारी,137
महसूस,43
चलाई,111
चाय,49
थानों,28
खरीदारी,20
अर्पित,27
सारे,96
उम्मीदवारों,7
मस्जिद,134
महानगर,10
सेवाएं,16
बगैर,101
खेलों,89
शिकायतों,12
विदेशी,139
मानसिक,50
अनुपस्थित,178
पड़ने,184
चुना,155
करार,140
लिहाजा,43
आखिर,43
घरेलू,139
मुजफ्फरपुर,76
हिदायत,140
डाक,129
धाम,171
एकत्र,165
पीटा,36
पारा,54
सेहत,49
शिकायतें,12
ट्रैक,57
आसमान,113
योजनाएं,192
सिलसिला,160
देती,38
राहगीरों,57
वकील,53
पुराना,9
कार्यकाल,137
लक्ष्मण,172
पेपर,164
गिरी,81
मनाने,127
बचने,95
निवास,171
सहारा,95
आवंटित,79
मांगने,95
शरण,118
आयी,111
एकत्रित,165
पड़ोसी,10
श्रम,16
सेमिनार,197
बंगाल,31
प्रणाली,16
व्यक्तियों,98
गलियों,10
विमर्श,199
सूर्य,147
मचा,71
आग्रह,140
मनोहर,187
अधिकतम,16
पंजाबी,1
काला,93
सौरभ,172
बंदी,59
उल्लेखनीय,82
चुनौती,123
प्रांगण,171
हार,89
पाते,18
इंकार,140
दिल,60
जिंदगी,60
प्रसार,34
परमजीत,8
किरण,186
परिचय,154
खोला,36
पानीपत,76
जवाहर,187
श्रमिकों,98
अवतार,159
वृद्ध,50
पंजीकृत,165
त्योहार,127
आधारित,34
वैज्ञानिक,34
अनदेखी,99
तले,81
स्वतंत्रता,90
सारा,96
गाड़ियों,57
कहने,155
थोड़ी,156
ठोस,34
चलेगा,61
ग्राहकों,20
शिशु,50
मुफ्त,20
पकड़ने,95
नाबालिग,116
मृतका,116
परीक्षार्थियों,114
बीती,101
फेंक,36
अंतर,154
पाली,76
मृत्यु,27
द्वार,171
विकलांग,139
साजिश,174
स्मृति,186
कलश,176
भीषण,123
सर्विस,164
काउंटर,132
अवधि,160
मंजू,39
तीस,30
समस्त,72
टीमें,89
बालू,29
स्नान,171
राष्ट्र,139
कुरुक्षेत्र,169
डाली,36
बचा,19
संगत,154
भक्त,118
प्रकट,165
बारह,30
आंखों,60
चेहरे,60
स्थायी,16
शिनाख्त,86
तारीख,160
बनवाने,95
भोला,35
सुझाव,140
चलाए,95
बर्बाद,36
सचिवालय,137
संज्ञान,12
बहिष्कार,198
मारी,151
प्रेरणा,168
बांका,76
शारीरिक,50
व्यापक,34
पड़ती,184
हमारा,9
कामना,168
उत्पीड़न,12
समाजवादी,7
सहकारी,32
मुक्ति,168
प्रतिभागियों,89
कैद,59
समझा,191
विदेश,139
नकल,101
सायं,73
जिनके,193
हमीरपुर,76
तत्वों,72
अनियमितता,12
पंच,35
सख्ती,12
बुरा,43
चांदी,176
चन्द्र,172
स्टोर,20
वीर,145
बीत,160
हवन,100
निधि,16
नगरपालिका,137
मौलाना,134
लघु,1
नायक,94
छेड़छाड़,12
हादसों,4
पंचायती,32
देखी,111
गार्ड,152
सराहना,168
शुरूआत,160
गश्त,152
अनिवार्य,165
संग,60
रिक्त,114
वेलफेयर,32
चुनावों,7
पटरी,57
खुला,157
कैमरे,196
मौजूदा,16
पारित,165
मंगल,147
विजयी,89
मौजूदगी,86
समझौता,140
रखना,157
पार्षदों,137
नरेन्द्र,172
बैठने,177
शानदार,82
सुरजीत,8
बर्दाश्त,99
होंगी,38
रोशनी,52
इतने,25
आसानी,86
देवघर,76
लगते,18
चेन,176
संसदीय,7
अभियुक्त,59
सरदार,8
दान,67
डालकर,36
कार्यालयों,114
सैनिक,152
खुली,195
जबरन,59
नोट,106
रिक्शा,138
शोभा,39
दक्षिण,31
तलब,86
पट्टी,171
ग्रेटर,31
स्थलों,72
गाय,6
आपस,97
चाहती,144
सीडीओ,178
कमजोर,50
भाषण,26
बराबर,101
परेशानियों,123
निरस्त,21
मायके,116
हिंदू,159
रखें,83
तस्करी,59
पलट,36
अनियंत्रित,50
टेंपो,138
पहुंचते,111
ऐतिहासिक,82
वंदना,39
पेट,49
विशिष्ट,72
रेट,20
बागपत,76
मेरी,195
दरवाजे,177
खारिज,140
छोटा,9
हैंडपंप,77
बुखार,112
ढेर,142
उसको,43
नाली,77
राह,60
कवायद,108
रहें,83
छावनी,152
नष्ट,21
कप्तान,89
पौधरोपण,197
मशक्कत,108
पश्चात,160
आजादी,90
शिक्षिका,69
शशि,172
आस्था,159
मनाई,127
गाजीपुर,76
कचहरी,76
बनाना,144
बढ़ता,92
घटनाएं,123
हटा,36
ज्यादातर,101
पत्रों,129
खेला,89
दिखाकर,36
आधुनिक,42
उदय,186
प्रभात,172
प्रतिनिधिमंडल,137
उल्लंघन,12
यहीं,96
उठाए,199
प्रकाशित,129
हिंदी,1
मुकाबला,89
एकजुट,7
गईं,38
अमल,140
सहारे,101
उठे,199
सेंट्रल,31
खेलकूद,89
आधे,30
मोहित,35
शहरों,10
हुये,18
कबड्डी,89
संस्थानों,98
बोले,155
अगली,88
अधिग्रहण,79
सास,39
छापा,129
कैंसर,112
मुहल्ले,10
गिरा,81
दिखे,18
लेखपाल,178
खतरे,123
सलाहकार,137
आलू,40
लकड़ी,176
कोयला,29
सड़कें,57
छात्रवृत्ति,164
पोस्टर,1
प्रजापति,172
कुशीनगर,76
अनुरूप,165
भाइयों,116
काटकर,36
संहिता,16
छीन,36
भूख,123
हटाया,36
क्षति,3
पीछा,59
सेल्सियस,54
सूचित,165
उपकरण,196
चित्र,125
रंजिश,116
स्वस्थ,50
अतिथियों,197
सांस,49
नींद,103
सभासद,137
उपजिलाधिकारी,178
अल्पसंख्यक,32
गाली,22
लूटपाट,59
सत्संग,118
बंधक,59
क्विंटल,106
तकरीबन,119
रूपये,24
चाहे,43
हिस्से,31
ठेका,149
प्रांतीय,137
निकालकर,36
निश्चित,165
बदला,2
बचाओ,90
दौरे,26
शांतिपूर्ण,198
बिलासपुर,76
प्रकोष्ठ,137
शोषण,12
नमाज,73
गर्म,65
बुलंदशहर,76
साइंस,164
दबोच,59
मानक,16
जीता,89
गौर,86
नायब,178
नकद,24
कवि,1
महीनों,160
मित्र,35
बढ़ते,92
सर्व,159
महादेव,66
बढ़ोतरी,92
सर्दी,54
वासियों,98
उपलक्ष्य,27
चलें,83
दूबे,172
विवश,140
पंद्रह,30
प्रसिद्ध,82
दशा,154
मासूम,4
मार्गो,57
दाखिला,164
संरक्षक,137
डेरा,171
सेवन,49
सर्वाधिक,139
फाटक,171
मारा,36
नारे,90
गोल,89
नवरात्र,127
पात्र,94
रोगियों,112
करंट,4
उठाई,111
चुने,137
दर्शकों,94
अभय,172
किराया,24
विस्तृत,34
गावों,10
शैक्षणिक,164
नलकूप,77
संस्कृत,1
झुलस,4
तकनीक,34
जेवर,176
मांगें,91
समर्थक,7
पूछे,199
अनुरोध,140
सुख,186
प्रशांत,172
दरभंगा,76
रहकर,96
उठाकर,36
पहलवान,89
सवा,30
निशाना,153
अवस्था,154
समर्पित,165
देगी,61
विदाई,27
वार्डो,32
जनप्रतिनिधियों,98
सर्वसम्मति,137
अति,25
निकाय,137
चलाकर,36
लाकर,36
बारी,195
गणित,37
नतीजा,43
नालियों,77
विषयों,72
व्यस्त,95
आकाश,186
जिन्होंने,193
बनाये,157
महात्मा,118
संदर्भ,154
प्रतियोगिताओं,89
दोस्त,35
दशक,30
गर्भवती,50
चाकू,151
मालिकों,98
स्थगित,21
लाश,4
हाजी,134
इटावा,76
बढ़ाया,92
टोल,57
घुसकर,59
खुल,111
पत्रकार,129
प्लान,95
तालाबों,77
जेब,106
फूंका,75
अवश्य,165
आचार,159
संचालकों,114
परिस्थितियों,154
दबिश,59
कितने,25
टूटी,81
संगीता,39
बैठकर,18
कुंवर,145
जहर,49
पुलिसकर्मियों,28
पुलिया,77
विष्णु,66
बीएलओ,178
टीकाकरण,112
कार्यों,16
वेबसाइट,129
फंसे,18
चलती,111
गन्ने,104
वापसी,21
मैन,35
झंडी,140
फिरोजपुर,76
सिख,159
प्रसव,112
गंदा,142
खाद्यान्न,40
उत्पाद,20
सराहनीय,82
जल्दी,43
दिखाने,95
सूरत,60
गुजरने,101
आएगी,61
जगत,186
यानी,43
हराया,89
मुद्दों,199
संवेदनशील,154
बगल,177
भेजकर,36
रिश्तेदार,116
फीट,171
वैन,138
शिलान्यास,42
दायित्व,16
कैंट,76
जुड़ी,41
पर्चा,106
तस्वीर,195
जाट,8
परिचालन,16
फीडर,77
कराते,190
हेक्टेयर,79
अनुज,172
जताते,155
गला,151
खातून,134
लुटेरों,59
डाले,36
कामकाज,16
सुनी,128
मानना,43
अभ्यर्थी,114
किल्लत,123
मिलाकर,40
आबकारी,178
दंडाधिकारी,178
शोध,37
मारे,4
खुलने,95
देगा,61
मुकदमे,53
ससुर,116
सील,176
घंटा,160
निंदा,12
लगेगा,61
मिलन,97
ध्वस्त,81
उच्चाधिकारियों,178
पथराव,28
तीसरी,88
रेवाड़ी,57
आतंकी,153
निदान,112
सत्य,186
आत्मा,186
लेन,171
विरूद्ध,12
मनोरंजन,82
हकीकत,174
प्रखंडों,32
महासंघ,137
आपराधिक,12
कलाकार,94
लड़के,55
वेद,159
ओझा,172
आला,134
घोटाले,149
निपटने,123
खेलने,89
भागवत,172
सीता,39
साधन,16
पिछड़ा,122
विमल,172
कैबिनेट,137
बवाल,71
नितिन,172
साहित्य,1
मामूली,101
अकादमी,139
चाहता,144
बेच,20
लाई,36
पसंद,144
रजिस्ट्रेशन,164
स्नातक,107
बसंत,54
राज्यमंत्री,137
हवाई,139
जाये,191
गठबंधन,7
गणमान्य,98
विधायकों,7
जानने,86
कहकर,155
रामचंद्र,172
चौथे,160
इंटरनेशनल,139
हर्ष,186
सदस्यीय,137
चार्ज,70
शाही,152
भागीदारी,16
जानलेवा,49
कराएं,190
माफिया,59
आगमन,165
आएंगे,61
मंजूर,140
मंचन,197
पुस्तक,1
पूर्ति,165
श्रद्धा,186
कंबल,62
लिपिक,178
छोड़ने,41
विक्रेता,20
लंगर,73
ताले,176
उतार,11
देखे,18
मिठाई,40
कटान,79
गोस्वामी,172
जलापूर्ति,77
लगाना,144
कारोबारी,20
दिनभर,73
दसवीं,88
जैसा,43
महासभा,137
जलभराव,77
दिलाई,168
ग्यारह,30
तिलक,187
खासकर,43
परंपरा,159
मेरा,9
माल्यार्पण,197
मानते,43
बीबी,39
उपमंडल,8
खुर्द,76
चाचा,35
तब्दील,36
आधी,195
मासिक,129
इंस्टीट्यूट,164
जीटी,73
ऊधमपुर,76
स्पष्टीकरण,154
कोहराम,71
फटकार,99
लोगो,98
प्यार,97
कामयाब,108
कमला,39
पुलिसकर्मी,28
बाला,187
देशों,98
रजिस्टर,196
कूड़े,142
तोड़फोड़,71
दक्षिणी,31
आसान,120
दमकल,28
भूकंप,31
बुलाकर,155
व्यवसाय,16
बाधा,21
आपत्ति,140
होश,49
ग्राहक,20
विधिक,53
जागरुकता,50
अनुराग,172
काटा,36
मजबूती,195
बताने,95
प्रदर्शनकारियों,198
दुख,123
हरकत,99
पहाड़ी,171
प्रतिबंध,140
लिखकर,36
संविदा,114
गुलाब,150
बेटियों,116
प्रमाणपत्र,32
गुजरात,31
दोषियों,12
सटे,10
अधीन,165
वाद,53
वकीलों,53
तोड़ने,41
जेवरात,106
संसद,139
आशीर्वाद,168
पौधों,104
कोहरे,54
जलस्तर,77
शुद्ध,34
चैंपियनशिप,89
रक्त,64
बचे,19
भीम,35
सरिता,39
वादा,140
चलना,144
निभाई,94
प्रतीक,90
धोखाधड़ी,174
ठगी,59
उत्तम,82
बजाए,95
उजागर,86
सवारी,138
पाठशाला,32
लौटने,95
सुबोध,172
उत्तरी,31
सेवाओं,16
दूषित,142
काले,93
अविलंब,140
हमने,43
ऊना,8
बेरोजगार,114
आदिवासी,98
कर्ज,24
बेहोश,4
लाभार्थियों,32
विकल्प,16
बीए,164
जोड़ा,41
वार,151
रसोई,177
बातों,154
गुस्सा,131
बनता,43
लड़ने,95
शहीदों,90
समस्तीपुर,76
संशोधन,16
जरिये,95
गीतों,109
अंधेरे,101
करेंगी,38
पक्का,185
योग्य,165
समुचित,16
चौकीदार,152
पंडाल,100
सराय,76
पुष्पा,39
टैंकर,77
शारदा,39
इन्कार,140
विपरीत,154
धीरज,131
सैनिकों,152
निर्वाचित,137
विलंब,21
कमर,151
ज्ञात,165
सूत्री,32
पेड़ों,104
गिरकर,81
एजेंसियों,16
मकसद,95
नकली,174
दावे,174
तर्ज,101
रोटी,40
प्राकृतिक,34
निष्पादन,16
चिन्हित,165
करोड़,30
अनुसंधान,34
टंकी,77
वासी,31
खोले,32
खुश,128
घनश्याम,172
जिनका,193
सहनी,3
शौच,142
कहानी,1
अड्डा,171
धरती,31
हाजिर,178
लगती,38
उपेक्षा,154
कूद,151
मलेरिया,112
आपको,43
बुझाने,75
पवित्र,159
कचरा,142
सेविका,39
जनहित,53
कुर्सी,177
बनेगा,61
आकर्षक,82
सकारात्मक,154
आकर्षण,82
नालों,77
घूम,18
नारी,50
निष्पक्ष,154
श्रीमती,39
लटका,151
जिनकी,193
बोतल,49
नोडल,32
शिक्षित,37
पोषण,16
धाराओं,64
प्रवचन,118
बुलंद,115
प्रधानों,114
मेजर,152
सीडीपीओ,178
अनुमान,154
रंगारंग,197
रुक,21
प्रकोप,123
निषाद,172
कितना,25
छाया,186
दरोगा,178
कुश्ती,89
प्रभावी,16
लोकतंत्र,7
समितियों,137
अव्वल,89
गंदे,142
विश्वनाथ,172
बांटे,143
नगदी,106
गुरूवार,73
प्रीति,39
बोझ,123
मुख्यातिथि,197
उपाय,16
पराजित,89
भरपूर,168
भार,16
टूटने,81
पूर्वक,165
प्रशिक्षक,89
सर्किट,171
बल्लेबाजी,89
निर्मित,42
धर्मपाल,8
प्रोग्राम,164
बरकरार,157
भेदभाव,12
जनसंपर्क,137
हाथी,6
भरकर,106
काटे,151
कपड़ा,62
अन्यथा,43
पान,40
त्वरित,16
भवनों,42
रुचि,37
इत्यादि,72
फुटबाल,89
व्यय,16
बनाते,18
प्वाइंट,171
झगड़ा,99
पदोन्नति,5
डकैती,59
लगाये,18
समझाने,95
पहिया,138
फेडरेशन,137
हमलावरों,153
लालू,7
सोना,176
लौटा,36
पीढ़ी,101
रेस,89
पूछने,155
बीघा,79
पुख्ता,86
दवाओं,49
आंधी,113
अपेक्षा,154
सुधारने,95
अध्ययन,37
अन्तर्गत,72
जंग,152
सिरे,101
धक्का,151
पड़ोस,10
चिकित्साधिकारी,178
व्रत,127
चतुर्थ,32
लड़कों,55
कच्ची,195
निदेशालय,32
उपलब्धि,168
संविधान,139
गढ़वा,76
इंद्रजीत,8
केन्द्रीय,139
झंडा,90
लहर,71
मंशा,86
प्राप्ति,168
क्षेत्राधिकारी,178
पुजारी,118
उद्यान,171
स्टेशनों,57
तंग,188
चढ़कर,105
आरक्षित,16
खिताब,89
अधिकारों,16
नगरी,171
किलोग्राम,106
धूल,54
छोड़ा,41
अक्षय,186
पीठ,151
जलाकर,75
रंगदारी,59
संस्थापक,137
बहाने,95
स्थानांतरण,5
दबोचा,59
कतार,132
देशी,34
चोटें,4
किंतु,43
वर्षों,30
गलती,86
दिक्कतों,123
डोर,151
सीधा,101
दुमका,76
इन्होंने,193
तारों,171
घाटों,171
परीक्षाओं,164
कर्नल,152
बढ़कर,92
हॉल,177
कहासुनी,99
निर्माणाधीन,42
उग्र,198
ठेके,149
कड़े,41
मौन,186
विधवा,67
जनप्रतिनिधि,137
तबादला,5
दंपती,116
पैमाने,25
रजनीश,172
बुलाई,26
बिगड़,41
आदेशों,53
भंडारी,172
आमंत्रित,165
सुचारू,16
निवासियों,10
मैंने,43
पाक,153
अलाव,75
आरएस,8
मानी,195
गायक,109
उपकेंद्र,77
कारतूस,106
सीटें,7
दबंगों,59
बढ़ाकर,92
कराये,190
आवाजाही,57
हल्की,195
गणतंत्र,90
सुन,128
हृदय,186
आभूषण,176
निरंजन,172
लौटे,18
शेर,6
किराए,20
मंजिल,171
पिछली,88
वसूल,149
इस्लाम,159
संदेह,86
पाती,38
सेवकों,114
कमरों,177
निर्देशों,165
दहन,75
हीरा,176
पकड़कर,151
निशा,39
पर्स,106
ट्रकों,138
उन्हीं,193
तस्करों,59
खोज,86
दाल,40
अनुभव,37
महान,159
मुआयना,86
टकरा,81
चांद,171
संबोधन,197
एड्स,50
गाड़ियां,57
कटाई,104
उतरने,95
आफिस,178
निर्देशित,165
बीईओ,178
मेल,196
पारिवारिक,97
जला,75
कमान,152
गोद,151
महायज्ञ,197
निरंतर,154
परन्तु,43
मतों,7
ताकत,195
अमेरिका,139
गहरा,97
पार्टियों,7
आरोपों,174
भूल,101
चिह्नित,165
शैक्षिक,34
नेत्र,186
स्मारक,29
गरीबी,123
कागज,176
विसर्जन,100
माला,11
इजाफा,92
मकानों,10
भगवती,39
संपूर्ण,31
चुरा,36
निर्धारण,165
इच्छा,168
मजबूरी,123
लाए,36
प्रारंभिक,34
बदहाल,67
ऋषि,118
चूंकि,43
प्रीतम,172
ठेकेदारों,149
अमृत,186
उतरे,18
इंसान,101
खुदाई,29
तमंचा,106
आएगा,61
सकेगी,61
जिम्मा,95
पर्यवेक्षक,137
कितनी,195
बृजेश,172
काशी,171
नम्बर,196
हलका,93
निकाले,36
चौराहों,57
पढ़ें,83
टूटा,81
घेर,36
विशेषज्ञों,98
एलान,140
हितों,56
जिम्मेवारी,86
दुर्घटनाओं,4
हस्तक्षेप,16
उठाना,144
अस्तित्व,154
दृष्टि,154
गुलाम,134
भंडारे,100
उड़ा,167
विपक्ष,7
मचाया,71
बेहाल,123
रसीद,106
सिपाहियों,152
हवाला,140
निशुल्क,32
गौड़,172
मुआवजे,33
कैदियों,98
डीडीसी,178
डाकघर,32
बाध्य,140
कांस्टेबल,152
भंग,21
फौजी,152
मुलायम,7
बाजी,89
अभ्यास,37
पुष्प,150
बहाली,16
भांति,101
सोलर,77
बहस,199
कथित,174
जीतने,89
रजनी,39
अपराह्न,160
मैट्रिक,164
मधु,39
रमजान,127
फैली,111
पुरुषों,50
उदासीनता,123
पर्ची,106
बहनों,116
संचार,34
धारण,165
व्यवसायियों,98
इन्हीं,193
पकड़ी,111
चिन्ह,90
संगोष्ठी,197
निराकरण,165
जुटा,108
पर्यटकों,98
खराबी,123
घटिया,12
दोनो,96
संभाल,157
इंटरनेट,196
मछली,6
आयकर,16
प्रयासों,108
निर्देशन,94
रोगी,112
उठाते,18
आपके,96
भैंस,6
अगवा,59
आखिरी,160
हमलावर,153
चापाकल,77
उठानी,3
पोशाक,62
पहाड़,171
परीक्षाएं,164
शिकायतकर्ता,178
बर्तन,176
धर्मेन्द्र,172
संसाधनों,16
तुलना,154
इमारत,42
सीमित,154
राखी,127
बढ़े,92
उत्थान,179
यूं,101
सेठ,35
मानसून,113
प्रवीन,172
सफेद,93
बनती,38
दवाएं,49
एयरपोर्ट,171
दिवाकर,172
जोड़,41
भोग,186
निर्गत,165
उमड़,71
तीर्थ,171
जीव,6
प्रताड़ित,12
दायरे,45
प्रोत्साहन,16
साक्षात्कार,129
सावन,58
कहर,183
शर्त,140
फरमान,140
कड़ा,41
छिड़काव,104
मचाने,71
ब्याज,24
क्रांति,34
जलाने,75
नवजात,50
निर्णायक,89
लोहे,176
अंदाजा,86
कल्पना,154
बचत,16
गिरावट,92
आतंक,153
बढ़ाई,92
पूर्णिमा,127
प्रोत्साहित,165
जिक्र,155
नक्सली,153
मुसीबत,123
प्रभार,178
कारोबारियों,98
रोगों,112
निर्मला,39
सुना,128
माले,171
विधिवत,165
साधना,118
पीडब्ल्यूडी,77
जिंदा,4
तिराहे,73
सापेक्ष,154
हिन्दी,1
कहती,39
जनजाति,139
कारावास,59
तफरी,71
फैला,36
संकेत,154
बड़ी,195
सघन,34
युवतियों,98
फूलों,150
विवरण,165
हथियारों,153
हिस्सों,31
सम्भल,36
नजारा,71
जनसंख्या,139
अभियुक्तों,53
घटे,92
नक्सलियों,153
बुजुर्गो,98
वृद्धा,116
मिलेंगे,61
प्रिया,39
प्रमंडल,178
उत्तीर्ण,164
बैठी,111
कमाई,149
युद्ध,152
अधूरा,101
वृक्ष,104
केशव,172
इमाम,134
टूटे,81
हलके,93
डंडे,151
कक्षाओं,164
जोकि,43
खामियाजा,3
लावारिस,67
बिल्कुल,43
परेड,152
फैलने,95
नर्सरी,164
जुड़ा,41
नियमानुसार,165
जनसभा,26
शाहिद,134
लूटने,59
सबको,155
कैदी,152
उत्क्रमित,32
निवारण,165
घाटी,171
देखभाल,16
उतरी,111
नदियों,64
छात्रावास,164
निर्भर,165
कीमती,176
चलेगी,61
संभावित,72
मेहमान,94
ट्यूबवेल,77
कोठी,171
उदाहरण,154
सोलन,8
ईमानदारी,86
चलकर,101
झेल,3
गुस्साए,198
अकेले,96
महकमे,178
बीआरसी,32
फैलाने,95
दाखिले,164
प्रकृति,154
कांफ्रेंस,26
प्राचार्या,69
खाक,75
गायन,109
युग,42
किराये,57
बाप,35
प्लास्टिक,176
परिषदीय,32
हरा,93
एजेंट,20
जिसको,43
खतरनाक,50
धीमी,21
कोचिंग,164
रखरखाव,16
वारदातों,59
जश्न,127
अनुपालन,165
समझौते,16
विदित,165
जीतकर,89
आठवीं,88
गोलियां,49
भड़क,71
सन्नाटा,71
कर्म,159
दलाल,20
प्रशंसा,168
डेयरी,40
शिकंजा,151
कुंदन,172
बताकर,155
ट्रेनें,57
दिसम्बर,160
बोली,39
मिलीभगत,174
भ्रूण,50
बारात,162
तुलसी,187
सुनाया,128
सच्चाई,174
अखंड,186
उपेंद्र,172
रखेंगे,157
व्यक्तिगत,154
उर्मिला,39
परिक्रमा,171
अनुशासन,37
कार्यप्रणाली,16
चेतना,186
कपड़ों,62
आगाज,197
अधिसूचना,32
गोला,176
बहू,39
भगा,36
झील,171
ठोकर,81
कर्तव्य,159
चौपाल,26
खाई,81
अश्विनी,172
वजन,40
कुएं,77
सवालों,199
रजा,134
धूम,71
परमात्मा,186
भरोसे,185
नाकाम,108
प्रतिबंधित,140
रवैया,2
गहरी,195
तारा,39
देखना,144
पाएगा,61
करवाकर,190
धनंजय,172
रवैये,99
अर्जी,140
टैक्सी,138
सम्पन्न,197
धारकों,114
टोली,98
बेहतरीन,82
कोट,62
जाल,151
मूलभूत,34
बिक,20
पायी,38
रोकथाम,16
लिखी,1
गूंज,71
शकील,134
डूब,36
जीते,89
रचना,1
वसूला,70
कालोनियों,10
कंचन,39
वैश्य,35
सिद्ध,13
गिरि,172
परिचालक,178
तंत्र,16
निपटारा,53
शातिर,59
विफल,108
बेंच,53
जरूरतमंद,67
कुलवंत,8
स्थानांतरित,5
चालीस,30
साक्ष्य,87
ऐलान,140
मोह,186
पाये,18
सेमीफाइनल,89
रोटरी,137
हिम्मत,185
लगायी,75
इकट्ठा,95
बेरोजगारों,114
हरियाली,54
बनना,144
सावित्री,39
पड़ते,184
चलाते,18
जन्मदिन,27
पुरुषोत्तम,172
रेत,29
हराकर,89
ख्याल,157
कालाबाजारी,20
महकमा,178
वर्दी,62
चहल,73
प्रतिवेदन,165
नौजवान,98
विद्युतीकरण,77
बांटा,143
जायेंगे,61
देसी,40
वैदिक,159
शवों,4
आयोजक,197
गवाह,174
नाजुक,4
शब्द,1
इस्तीफा,140
निशानदेही,59
पदार्थो,40
गुलशन,172
पुस्तकालय,1
दोस्तों,35
सतर्कता,16
खेलते,18
विक्रेताओं,20
हॉकी,89
कन्नौज,76
धांधली,149
समन्वय,16
खेले,89
अंधेरा,54
कीचड़,142
अंदाज,82
शिकायती,178
तमंचे,59
कार्यभार,137
दून,169
आखिरकार,43
जबरदस्त,82
वीरभद्र,35
सौंपने,95
प्रदेशाध्यक्ष,137
निकलना,144
कर्ण,35
कठिन,120
मवेशी,6
मेधावी,164
कृपा,186
रिकॉर्ड,196
दामों,20
जितनी,195
विश्राम,171
वर्करों,114
जंगली,6
दूसरों,154
सर्वेश,172
क्लीनिक,112
चरित्र,94
बीडीसी,8
सीमेंट,29
अबतक,101
मंत्रियों,98
एकमात्र,9
खरीदा,20
स्थाई,16
अश्लील,12
भुगतना,3
हाजिरी,114
खोजबीन,86
मरने,4
बुला,155
पांव,151
नवम्बर,160
मणि,186
करेगे,61
गुणगान,90
सीख,37
नगद,24
सूत्रीय,198
सक्षम,165
नसीब,60
पर्यटक,171
लगवाने,95
छेड़खानी,12
दिखाते,18
बहरहाल,43
संगम,171
शिक्षामित्रों,114
भंडारा,100
बेगम,134
प्रपत्र,165
रिश्वत,149
सब्जियों,40
पार्वती,66
करवाना,190
विभागाध्यक्ष,69
हाट,20
लैस,196
छात्रसंघ,137
सतर्क,86
शासनादेश,32
वरुण,35
व्यास,172
शीतल,54
सुध,195
खंभे,77
रौनक,127
वार्षिकोत्सव,197
चीख,128
भनक,86
उमस,54
युक्त,34
गुमराह,174
भजनों,109
माया,39
वाहिनी,152
सहकारिता,16
मिस्त्री,35
जीने,60
सूखे,104
मीट,40
समीर,172
धंधा,149
क्रियान्वयन,16
प्रसंग,154
बचाया,36
डयूटी,178
मनीषा,39
खिड़की,177
पलायन,123
अनिश्चितकालीन,198
निहाल,8
लंबा,160
तत्व,34
मंथन,37
वेतनमान,114
पुण्य,27
दिखाए,18
उत्कृष्ट,82
निर्वाची,137
नुक्कड़,57
सरसों,104
मानने,95
डालते,18
आराम,49
हरिओम,172
कान,151
संसार,186
मंडियों,20
पड़,184
निराश,128
थोड़ा,25
बाइपास,171
लेनी,195
प्रतिष्ठा,168
पाना,144
रिश्तेदारों,116
राजनैतिक,7
गिरफ्त,59
पुनीत,172
शरीफ,134
रिहा,140
विजेताओं,89
शौचालयों,142
मोहाली,8
रजिस्ट्रार,178
पढ़ाने,37
बुनियादी,34
माफी,140
जानवरों,6
नमूने,29
वोल्टेज,77
हीं,101
लूटी,59
लिख,1
मतलब,43
विवेचना,86
दीवान,35
समर,186
महंगा,20
दुआ,60
जिसने,43
पड़ाव,171
लायक,95
पीटकर,151
झोपड़ी,57
बंदियों,98
उत्साहित,155
बालिकाओं,32
दहिया,8
बांटने,143
सुधा,39
उतारने,11
कागजों,101
महिमा,186
मंडलायुक्त,178
लैपटॉप,196
कोटेदार,178
दबंग,35
जलने,75
टैंक,77
लाना,144
उतारा,11
चढ़ा,105
किताब,1
पुरवा,76
बेदी,172
सैयद,134
अर्थ,154
महर्षि,118
गौरी,39
अस्थायी,16
झगड़े,99
जाली,176
अभद्रता,99
पैदावार,104
वस्तु,154
शून्य,154
सुपुर्द,36
हत्यारों,59
मुंशी,187
वैकल्पिक,16
व्यक्तित्व,154
बीतने,160
आतिशबाजी,170
तरक्की,179
विज्ञापन,129
सेनानी,35
परियोजनाओं,192
बूंद,64
आवेदकों,114
राजाराम,172
जोश,90
गोशाला,6
निर्विरोध,137
कहे,155
शब्दों,154
अंचलाधिकारी,178
चक्का,138
कगार,123
संग्रह,1
अनुबंध,16
रूबरू,155
आमजन,98
हां,43
साधु,118
तड़के,73
हिन्दू,159
अधीक्षण,178
महादलित,122
विनीत,172
बुद्ध,118
नियोजित,16
कदर,60
त्याग,165
प्रशिक्षु,114
ब्योरा,196
नहरों,77
किस्म,34
निकलते,18
ऊंची,195
सुदर्शन,172
नेताजी,35
संकाय,164
प्रभारियों,114
घास,104
पंत,172
बटालियन,152
खातों,16
हफ्ते,160
शस्त्र,159
सार्थक,82
साहिल,60
लुटेरे,59
मार्गदर्शन,165
इसीलिए,43
तादाद,92
आमरण,198
दिक्कतें,123
रुकने,21
तरुण,172
बनेगी,61
प्रेषित,165
कामयाबी,108
चरणों,186
प्राण,186
वादों,53
गिनती,92
घटी,92
सूख,104
उठने,199
योग्यता,16
सनातन,159
शहरवासियों,98
कठोर,12
अंप्र,151
शुभ,147
मनप्रीत,8
पारदर्शिता,16
गंगवार,172
अधूरे,101
पाबंदी,140
सिनेमा,94
दरगाह,134
महुआ,76
उद्योगों,34
सनसनी,71
हवाओं,54
लेती,38
बचपन,101
बावत,178
दशहरा,127
रुपयों,24
हवलदार,152
ऊषा,39
शरद,172
जानकारियां,196
उपरोक्त,72
टिप्पणी,154
निभा,94
उपचुनाव,7
महोबा,76
निबंधन,178
संबद्ध,72
जितना,43
एकल,34
कुसुम,39
अरविन्द,172
जहरीला,49
कराएंगे,190
स्टाल,20
शिवानी,39
सक्रियता,154
खुलासे,174
आशय,154
थानेदार,178
प्रहार,151
मिलों,20
जागृति,186
जगजीत,8
खुलेआम,59
करण,35
जोरों,71
पाएंगे,61
पासपोर्ट,196
हिंसा,153
खाकर,40
झूठे,174
संतुलन,16
कच्चे,40
अभियंताओं,114
बदतर,123
प्रकाशन,129
राजभर,172
असली,174
त्रिवेदी,130
नारा,90
देन,159
विपक्षी,7
चमन,150
प्याज,40
जीना,144
समझाया,155
मसले,199
पृथ्वी,31
कोमल,39
पठन,37
महीना,58
सिलसिले,160
लदे,106
हेलमेट,62
व्यवसायिक,16
दस्तक,54
सर्वश्रेष्ठ,139
पाठन,37
टेलीफोन,196
डूबने,4
बढ़ोत्तरी,92
अपनाने,95
सशक्त,82
झटका,151
मानवाधिकार,12
सिद्धार्थ,172
सर्राफ,172
उद्यमियों,98
काजल,39
वैज्ञानिकों,98
गणना,16
आतंकियों,153
सबक,37
बची,19
पुनर्वास,16
केसरी,129
यानि,43
वादी,53
भटक,18
सिमडेगा,76
अग्रिम,16
बिगड़ने,41
उमड़ी,71
हटाकर,36
तंबाकू,49
मास,58
यंत्र,196
अंग,50
नियंत्रित,126
आवारा,6
भतीजे,116
नींव,42
तर्क,154
प्रतिभागी,89
आतंकवाद,153
अनंत,186
बेकार,101
भट्ठा,181
देवता,159
घुसे,18
कांग्रेसियों,98
पाउडर,40
लक्षण,154
पड़ेगी,184
वादे,174
मुलाजिमों,114
गुटों,153
उल्लेख,165
उपहार,82
भागे,18
देवर,116
इनसे,193
साप्ताहिक,129
पुकार,128
शिक्षामित्र,114
आंकड़ों,174
रोजा,73
परिस्थिति,123
शहादत,90
मोती,176
सिलाई,62
उपलब्धता,16
जानवर,6
पंखे,177
प्रबंधकों,114
लटक,151
हड़ताल,198
उपलब्धियों,154
भौतिक,34
अत्याचार,12
खैर,43
कांस्य,89
बाराबंकी,76
आकर्षित,82
गहन,37
मसीह,159
सपने,60
कुत्तों,6
पाठ्यक्रम,164
कुंतल,106
आंसू,64
गबन,149
मामा,35
निर्दलीय,7
जलाभिषेक,100
गुलाल,127
समाप्ति,21
पलटने,4
आंखें,60
पक्की,195
अभिनंदन,197
सुचारु,16
सीधी,195
ओंकार,172
बरात,162
सामानों,176
मानकों,16
स्वरोजगार,32
निर्देशानुसार,165
दर्शक,94
पीकर,49
भिड़ंत,4
प्रतिमाह,24
क्रिसमस,127
तेवर,2
पौधा,104
सबके,96
पारी,89
लोहा,176
डिमांड,20
स्वतंत्र,165
साध्वी,118
शिरोमणि,118
वस्त्र,62
खरीदी,20
बदली,2
ठहराव,21
धरातल,154
प्रमुखता,129
ताज,171
भोले,35
न्यायमूर्ति,53
जुर्माने,24
पेशी,53
मुकाबलों,89
दराज,10
गश्ती,152
भलाई,56
कृषक,79
सर्वेक्षण,16
शुभकामनाएं,27
कसर,195
जनगणना,32
बोलने,22
चादर,62
इजहार,155
दवाई,49
प्रतिभाग,197
नियंत्रक,16
नाव,171
चारा,6
तोड़ा,41
नीलामी,20
संस्तुति,140
जानते,43
घोर,12
अंकों,89
कारागार,178
उपकरणों,196
निलंबन,12
लगाम,151
साकार,165
बनाएं,83
मच्छरों,49
राज्यसभा,137
बिंदुओं,154
प्यास,49
विकलांगों,32
वस्तुओं,72
लिहाज,86
लूटा,59
तालाबंदी,198
किला,171
कक्षाएं,164
कार्यशैली,86
वक्ता,137
बौद्ध,159
उठी,111
असामाजिक,12
सदैव,154
मुहर,140
चिह्न,154
रोककर,36
पटवारी,178
रास्तों,57
अभिलेख,178
चुप्पी,99
श्वेता,39
जितने,25
नजदीकी,97
भाईचारे,159
बारहवीं,88
पढ़ा,155
स्नातकोत्तर,107
हंगामे,71
प्रज्ज्वलित,75
आजसू,7
संकीर्तन,100
किरन,39
निकेतन,187
कसने,151
आवेदक,178
बर्बादी,123
प्रदर्शित,165
मानवता,159
चंदा,149
बीमारियां,49
बीएसएफ,152
चाह,168
हटाए,36
कल्याणकारी,192
विरेंद्र,8
गुरू,118
कोटे,32
गड्ढों,77
खोलकर,36
सिफारिश,140
साक्षी,186
कोष,16
अहसास,60
कचरे,142
बर्फबारी,113
चक्रवर्ती,172
मित्रों,98
धंधे,149
उपनिरीक्षक,178
आयुष,112
घेराबंदी,153
बांट,143
कार्ययोजना,32
सितम्बर,160
किताबें,1
पढ़,128
बुलाने,95
मवेशियों,6
संतों,118
कांप्लेक्स,169
आंकड़े,174
मुक्तसर,8
बनते,18
कैमरा,196
दंगल,89
नाक,151
जनपदों,32
पूर्वाह्न,160
कुलसचिव,178
पटाखे,170
घूमने,171
धोखा,174
अभियोजन,53
लड़कियां,55
बदहाली,123
अटल,186
अधिवेशन,197
फेंकने,95
खुशबू,54
इजाजत,140
अध्यक्षों,137
मृतकों,4
ईदगाह,73
प्रतियोगिताएं,89
नीयत,86
पावन,27
क्षुब्ध,99
सीडी,196
पीड़ा,123
कापी,106
अवलोकन,37
ऊंचा,90
बैडमिंटन,89
शकुंतला,39
घोटाला,149
ओलावृष्टि,113
मत्स्य,6
आकलन,16
गुजरना,144
अव्यवस्था,123
विचारों,154
बदौलत,168
हौसला,185
दुरुपयोग,12
किन्तु,43
अपहृत,59
फंसा,36
साक्षर,32
तालमेल,16
साठ,30
इच्छुक,95
भंडार,29
पड़ोसियों,116
रंगों,93
स्वर्णकार,172
संकुल,32
नक्शा,171
पात्रों,94
लता,39
दादा,35
आवासों,32
घाघरा,171
खुराक,49
बंदरों,6
गिरे,81
प्रोन्नति,5
माजरा,8
गारंटी,16
रोजी,123
मोहल्लों,10
व्यावसायिक,34
ठंडे,65
प्रतिनिधित्व,165
गहरे,93
लगन,185
दलितों,122
समग्र,16
फेंका,36
विस्फोट,153
सेवानिवृत,137
नववर्ष,127
सजग,154
आराधना,186
प्रदूषित,142
पालिकाध्यक्ष,137
दिखने,95
भोर,160
नैतिक,154
झाविमो,7
शिक्षिकाओं,69
मोटी,195
निर्वहन,165
रद्द,21
सुनते,128
अनमोल,186
जूझना,123
बोरी,106
बर्खास्त,12
नौजवानों,98
दृश्य,82
बैठकों,26
बोरा,106
लैपटाप,196
चिंतित,123
पद्धति,37
कराटे,89
ताल,171
भिड़,41
लेगी,61
कुत्ते,6
चेहरा,60
घटनाक्रम,154
चीज,195
जागरुक,50
पांचों,72
विहीन,34
मंडलीय,178
दिनदहाड़े,141
नवनिर्वाचित,137
हल्का,93
नियत,165
ईंट,181
इनको,193
लाभार्थी,32
आढ़तियों,20
प्रधानाचार्या,69
समृद्धि,179
बिरादरी,159
निखिल,172
आंकड़ा,30
नालियां,77
कुशल,35
सहन,3
सेशन,164
लिखने,1
प्रथा,159
डिप्लोमा,164
गायों,6
लौटना,144
रश्मि,39
बड़े,25
फसलें,104
पिछड़े,122
पैरवी,53
लेखन,1
उठाव,106
मनोनीत,137
निकलकर,111
जरुरत,86
चक्र,186
बोला,155
सिकंदर,134
जोड़ी,41
संभालने,95
अफरातफरी,71
पीस,40
तरस,101
पुण्यतिथि,27
पारंपरिक,34
पिलाने,23
विमान,138
गुना,30
भाजपाइयों,7
संतुष्ट,168
रस्म,127
निराशा,123
चरम,154
कमांडर,152
सशस्त्र,152
नमी,54
ब्राह्मण,159
साधारण,34
पहुंचना,144
जंगलों,79
मताधिकार,7
प्रयासरत,108
जुड़,41
अस्थाई,21
कालीन,176
पसीना,54
प्रतिष्ठान,16
हत्यारोपी,116
वास्तविक,154
चलाना,144
आढ़ती,20
इंसाफ,53
महत्ता,154
फलों,104
मलबा,77
फूट,81
लालच,149
डटे,18
बदबू,142
मांस,40
बतायी,86
गुजरते,18
मंत्रमुग्ध,128
तूफान,113
टाल,36
मुफ्ती,134
प्रेमिका,116
रहित,154
ग्रंथ,1
मुस्कान,60
प्रयोगशाला,34
चौदह,30
गहने,176
कारखाना,176
डंडा,151
दस्ते,152
बंदूक,151
उपनिदेशक,178
जरा,86
मच्छर,6
खुफिया,196
गगन,186
जनार्दन,172
कूलर,177
कोने,177
सूबेदार,152
अघोषित,70
शिष्टमंडल,137
रामनवमी,127
तत्वाधान,197
इसपर,43
अन्याय,12
चौथी,88
खींच,36
क्रीड़ा,186
रामनाथ,172
जुआ,59
संग्राम,159
अनुशंसा,140
आत्म,186
रंगोली,127
उपाधीक्षक,178
भीड़,71
पहुंचेगी,61
खण्ड,32
प्रांत,31
खदान,29
कुख्यात,59
मौर्या,172
नियमावली,16
बदलते,2
भला,43
प्रतिक्रिया,154
किस्त,24
शताब्दी,88
दंड,12
पसरा,71
असफल,108
ऊंचाई,171
ठहराया,155
माफ,140
अभिलेखों,178
अर्जित,168
पदस्थापित,5
संभाला,36
नेपाली,139
अनुष्ठान,159
सचिवों,114
नवनियुक्त,137
शैली,1
सौहार्द,97
इंजेक्शन,17
लोकार्पण,197
जोखिम,123
वसूलने,149
रामायण,14
पक्षी,6
राजकिशोर,172
मधुबन,76
छठी,88
प्रतिवर्ष,30
मंत्र,118
टीईटी,114
नवोदय,32
बिजलीघर,77
सहभागिता,16
आर्मी,152
ध्वजारोहण,197
फेरी,57
लड़का,55
प्रतीत,154
धारक,16
चैंपियन,89
किन,101
संवेदक,196
आसार,123
खुलवाने,95
सावधानी,86
वन्य,6
लगेगी,61
भाग्य,147
आहत,99
प्राधिकार,16
विवादित,199
दूरभाष,196
कहाकि,155
जले,75
घातक,50
सिम,196
महाविद्यालयों,164
रिहायशी,10
बांधकर,151
सालाना,24
गवाही,174
मस्ती,109
उल्टी,49
विमोचन,197
खरीददारी,20
घेरे,18
चौटाला,8
पर्दाफाश,174
माथा,151
अत्यंत,25
आश्वस्त,155
स्कूटर,138
झटके,151
धड़ल्ले,57
संयंत्र,34
दुर्घटनाग्रस्त,4
देवताओं,159
सांप्रदायिक,159
धार,64
सर्राफा,20
अधिशाषी,178
तत्पर,95
पंचनामा,86
कमाल,82
दामाद,116
परामर्श,16
उज्ज्वल,52
बनेंगे,61
रखता,157
लूटे,59
धारदार,151
खबरों,129
संतोषजनक,16
आगजनी,28
निभाने,94
सांप,6
फीता,62
हाथियों,6
एकजुटता,90
निर्दोष,13
सेक्शन,164
नशीला,49
दीक्षा,118
नामित,165
जनजीवन,31
मुनि,118
लौटते,18
बागवानी,104
अल्लाह,134
सगे,116
गढ़,169
चूना,29
तलवार,151
भाईचारा,159
हड्डी,151
थोक,20
लौटी,111
प्रहलाद,172
पहुंचेंगे,61
डंडों,151
देशभर,98
मिजाज,2
बीएन,172
नमूना,82
संक्रामक,50
बुझाकर,75
भड़के,71
खुलकर,155
छापे,59
पहलुओं,154
तबादले,5
बर्फ,54
सौदा,20
तथ्य,154
निबंध,1
लगेंगे,61
लदा,106
रामानंद,187
अध्यापिका,69
मशीनें,176
बांस,104
भास्कर,172
मालगाड़ी,57
तबाही,71
खरीदे,20
सबूत,174
दुराचार,12
आयुर्वेदिक,112
शरारती,35
आरक्षी,178
दादी,39
बहुमत,7
अर्थदंड,24
ब्रज,31
एथलेटिक्स,89
संलिप्त,12
सरयू,64
बढ़ेगी,92
मंगला,39
तत्पश्चात,160
कंपनियां,20
सहायिका,39
गुमशुदगी,116
दुखी,128
कतई,43
कटाव,77
कब्रिस्तान,29
परहेज,95
क्रेडिट,20
बढ़ाए,92
जोड़कर,41
सांत्वना,186
सहज,154
अभिनव,34
आजीवन,50
रौशन,52
पुस्तकें,1
प्रतिनियुक्त,5
सरकारों,98
पक्षियों,6
बिछाने,95
माली,35
आमदनी,149
परंपरागत,34
बेटियां,39
झूठा,174
जैविक,34
अनुपात,92
सुलझाने,161
कार्यदायी,77
सर्वोच्च,139
स्वर,186
कार्मिक,178
समायोजन,16
होड़,71
जनस्वास्थ्य,32
फिल्मों,94
अकेला,9
त्रिस्तरीय,32
समझते,18
छोड़ी,41
ठंडा,65
प्रशासक,137
रस्सी,151
मुश्किलें,123
बंधन,97
कमलजीत,8
नसीहत,140
सबका,186
धुनाई,151
नशीले,49
कोहरा,54
रिश्ते,97
खरीफ,104
फाइलों,196
झांसी,76
तबीयत,195
लापरवाह,12
झड़प,99
छाए,113
ढोल,80
सराहा,155
ब्यौरा,196
बच्चियों,50
उपविजेता,89
नाकाबंदी,152
चढ़ने,105
नमन,27
खोली,111
निशाने,153
लगाएं,83
पांचवें,160
कीटनाशक,49
हाथापाई,99
पढ़ाओ,32
पार्को,57
राजी,140
समर्पण,90
चौपट,123
छठे,160
निष्ठा,90
छुटकारा,168
लगना,144
दीन,134
डीलरों,20
दलालों,149
दिला,168
विस्थापित,79
झाड़,41
अग्नि,186
चांदनी,54
राज्यस्तरीय,139
नवीनीकरण,16
भक्तिमय,100
अनारक्षित,32
इकाइयों,16
टॉप,164
बहने,64
सातवें,160
टीका,1
दस्तावेजों,174
पसीने,49
मातम,71
उर्स,127
गरिमा,90
अखाड़ा,71
मौलिक,34
अदायगी,94
बलिदान,90
प्रताड़ना,12
भैया,35
सौंपकर,36
प्री,164
उपज,104
टेक,164
क्लर्क,178
अमीर,35
जायज,12
मशहूर,82
श्रेष्ठ,82
मुहल्लों,10
प्राध्यापक,69
परमार,172
पेटी,106
घेरा,36
अंबार,142
खामियां,86
बड़ा,9
बडे़,25
निर्माता,94
दिव्य,186
वें,160
खत्री,172
आपकी,195
विचाराधीन,53
झलक,195
खलबली,71
बेचा,20
प्रेरक,82
साझा,165
महंगी,195
पंडा,172
अंतर्राष्ट्रीय,139
घड़ी,41
खौफ,71
खफा,99
स्वयंसेवी,32
तरीका,95
कार्यवाहक,137
घुसने,36
आंदोलनकारियों,198
असुविधा,123
सचेत,154
बहाना,95
त्रस्त,123
मयंक,172
आटा,40
स्वाभिमान,90
भावनाओं,154
पैसों,149
गौशाला,6
भाभी,39
खपत,92
लहूलुहान,4
मंडली,94
अधिकृत,165
जमावड़ा,71
पॉलीथिन,106
गंतव्य,171
बीडी,172
टेम्पो,138
कुपोषण,50
चढ़ाने,105
बिलों,70
रूपरेखा,16
सरल,34
चरस,106
दौड़ा,151
अंजली,39
प्रौद्योगिकी,34
शिविरों,98
मॉल,20
छीनने,95
ताबड़तोड़,153
हर्षोल्लास,127
निस्तारित,53
सरगना,59
पुरूष,50
सबकुछ,101
बनायी,195
दुल्हन,162
कुचल,4
विदेशों,31
सभासदों,137
परिचित,154
बेटों,116
मलबे,81
सैन्य,152
रक्षक,159
तिराहा,76
खातिर,95
चीजों,101
ज्ञानी,118
गोलीबारी,153
उपयोगिता,16
अवशेष,29
व्यवस्थाओं,16
आवेदनों,114
चौकसी,152
जगतार,8
कागजी,16
फंदा,151
खुदकुशी,116
मजबूरन,144
रैन,171
बयां,60
अधूरी,195
पर्चे,49
बंदर,6
शख्स,35
इनकार,140
अफवाह,71
नयी,195
चूक,86
रहेंगी,38
सेतु,171
मंडप,162
कीमतों,20
जता,155
शिक्षाधिकारी,178
रूपए,24
बदलकर,2
नाग,6
रोपाई,104
नौबत,123
बढ़ेगा,61
अविश्वास,12
नामों,72
जोड़े,41
नाते,35
चुप,128
प्रज्वलित,75
गुरदेव,8
श्रोताओं,109
चकबंदी,79
धुन,109
शान,90
परमानंद,172
विधेयक,53
बेहोशी,49
त्रिवेणी,1
पीडि़त,116
दुग्ध,40
इरशाद,134
तौल,106
वैभव,186
बेला,39
खोकर,168
शीतला,100
स्कार्पियो,138
विविध,72
गर्व,90
छत्तीसगढ़,31
संगठित,165
गाड़ी,138
उठता,199
तटबंध,77
सवारियों,138
पुस्तकों,1
सूखा,104
जयंत,172
यौन,50
सदा,186
आहूत,26
छप्पर,181
सड़कों,57
पैतृक,79
बत्ती,75
बादलों,113
अग्रणी,34
बस्तियों,10
साकेत,172
भगदड़,71
शाखाओं,72
उत्पादों,20
पहने,11
सकुशल,36
कुआं,77
गतिविधि,16
हटवाने,95
अनुमोदन,165
जनरेटर,77
चेतन,186
चरखी,138
जमाने,101
चेताया,155
अपराधों,12
मुश्किलों,123
विद्यापीठ,164
सद्भावना,159
कनिष्ठ,137
धरोहर,159
वीणा,80
दावेदार,7
नेट,164
शीर्ष,139
बंगला,171
कठिनाई,123
लुत्फ,82
आड़े,41
साहित्यकार,1
बैंकिंग,16
मुकाम,168
मिसाल,82
क्षेत्रवासियों,98
अग्निकांड,28
प्रतिकूल,154
ओलंपिक,89
चंचल,186
गुस्से,131
जिलास्तरीय,32
चेकअप,112
बाई,39
टूटकर,81
चिंगारी,75
मुकम्मल,60
पोषाहार,40
संशोधित,165
स्त्री,50
पिलाई,23
खुशियां,127
नवनिर्मित,42
हंस,6
जन्मोत्सव,127
शीशे,176
स्वर्गीय,35
बापू,187
मृत्युंजय,66
साड़ी,62
किताबों,1
हंसराज,172
चित्रकला,1
रत्न,186
कामों,98
सृजन,1
पक्के,35
बरी,53
उद्यमी,35
सेक्टरों,98
झंडे,90
असिस्टेंट,164
विशेषकर,31
दिलचस्पी,86
पहलवानों,89
जुगाड़,41
पढ़े,158
दीनानाथ,172
रोहिणी,39
कूपन,20
पुस्तिका,129
कॉपी,164
साढे़,30
प्रयुक्त,72
मात,89
जुटाने,95
भूमिगत,77
पैरों,151
लादकर,138
खस्ताहाल,77
अपमान,12
प्रतिनियुक्ति,5
पीर,134
सरपंचों,98
इशारे,155
खेली,89
आलोचना,99
कत्ल,59
पढ़ाया,37
सुमित्रा,39
मकर,147
ध्वज,90
सस्ते,20
चर्चित,1
मनमाने,12
चाल,2
जन्माष्टमी,127
पढ़ी,1
जननी,186
मुकुल,172
हटाओ,36
समझने,95
झोंक,75
दीवाली,127
रसायन,34
नतीजतन,43
नन्हें,35
रोड़,57
खानापूर्ति,86
पटाखों,170
मानकर,165
सोलह,30
निविदा,16
गतिविधियां,16
जलजमाव,77
सेविकाओं,114
पल्ला,151
आहार,40
कमेटियों,137
भोजपुरी,1
पायल,39
सचल,73
हौसले,185
बजकर,160
फैले,31
तत्परता,86
एहसास,60
वृक्षारोपण,104
जगी,103
उज्जवल,52
नगीना,76
लाईन,132
सुलभ,34
दुर्घटनाएं,123
मूल्यों,159
आयोजकों,197
विरासत,159
उन्मूलन,16
उतरकर,111
सरिया,181
मुठभेड़,153
देशभक्ति,90
वैद्य,172
उदासीन,154
ताक,157
प्रेक्षक,137
भरमार,101
लाइनें,132
घोसी,76
फरियाद,128
रामा,187
मुसलमानों,159
बकरी,6
उर्वरक,104
दफ्तरों,98
प्रेमियों,98
हैदराबाद,31
प्रधानाध्यापिका,69
सर्वप्रथम,42
थमने,71
केरोसिन,106
ग्रामसभा,79
उत्पात,71
कॉलोनियों,10
महाशिवरात्रि,127
कच्चा,40
नौवीं,88
अमीन,134
खस्ता,195
ध्वनि,34
अलमारी,177
संवेदना,154
आंगन,177
बोलते,22
बिरसा,79
पाएगी,61
तबाह,36
व्यवस्थापक,137
वैध,16
शशिकांत,172
आपात,16
लकड़ा,8
विस्थापितों,98
पीटने,151
दस्ता,152
सैकड़ों,98
अखबार,129
समूहों,98
मिलनी,168
बोगी,57
सूचनाएं,196
खादी,62
पौधारोपण,197
प्रधानाध्यापकों,114
अनहोनी,123
परमेश्वर,186
प्रश्नपत्र,164
सलामी,90
पहनाकर,11
बेवजह,99
मिलावट,40
बलराज,8
व्यवस्थाएं,16
सरेआम,59
ग्रस्त,50
प्रभा,39
सभाओं,26
जरूरतमंदों,67
फरियादियों,178
गर्भ,50
सिमट,101
अभद्र,12
अत्याधुनिक,34
इशारा,155
मक्का,40
सुलह,97
गुरुकुल,164
परम,186
अवरुद्ध,21
बनवाया,36
करवाएं,190
लिफ्ट,138
साधा,155
खिलाडि़यों,89
फंदे,151
गुरनाम,8
बुआई,104
बचाई,4
बूंदाबांदी,113
नतीजे,7
प्रतिभाओं,98
आकस्मिक,16
दबाकर,151
विकराल,123
मारवाड़ी,159
बांधा,36
पात्रता,16
विज्ञप्ति,129
बलवान,35
कानूनगो,178
श्रृंगार,186
चाबी,106
घटित,154
टमाटर,40
गर्दन,151
शास्त्र,37
गाकर,109
बहाव,64
अंग्रेजों,31
चुंगी,76
फौज,152
अवहेलना,12
बिंदु,154
मांगपत्र,198
बंदोबस्त,16
अस्त,147
कन्याओं,44
आनी,195
वांछित,154
चलाता,36
बयानों,78
दोस्ती,97
निपटाने,95
अकेली,111
भल्ला,8
दुर्दशा,123
लेगा,61
रेडियो,129
परचम,90
जतायी,155
कड़ाके,54
मोर,6
कुर्बानी,90
प्रदेशों,31
चौड़ीकरण,57
पैनी,195
धक्के,151
नशीली,49
अलका,39
गुलदार,6
चाहा,144
मिटाने,95
जबाव,199
आयुर्वेद,112
अभिनय,94
गाने,109
अर्बन,8
पदयात्रा,26
मिलीं,38
दोष,154
दांव,89
निचले,31
चोटिल,4
सच्चे,118
किश्त,24
उड़ान,167
तारीफ,155
जबरदस्ती,36
नहाने,142
काटी,151
थानाध्यक्षों,178
लीक,196
दामोदर,172
भयभीत,128
वायु,34
मुकदमों,53
कीट,104
विवादों,199
गुणा,92
गांजा,49
गहराई,86
लड्डू,40
एम्बुलेंस,112
तैसे,36
दया,186
बंधे,151
क्षेत्रफल,31
उतना,25
हैरान,128
अभिमन्यु,35
अत्यधिक,25
तुम,96
सहयोगियों,98
रेस्टोरेंट,40
हरसंभव,108
सीखने,37
किस्मत,60
लेखपालों,114
परिवेश,34
सहूलियत,95
संभावनाएं,123
कुरीतियों,117
सेब,40
वरदान,186
महापंचायत,26
चारदीवारी,177
असहाय,67
हावी,101
मध्यम,34
उच्चतर,34
छोर,171
जुड़ने,41
तेरह,30
काव्य,1
अंदेशा,123
बनाम,53
बेखौफ,59
चौथा,9
मशाल,75
पदभार,137
मायूस,60
रोकना,144
फटने,81
अकाल,123
पड़ता,144
पौड़ी,57
शिखा,39
निशांत,172
पड़ी,184
फिरौती,59
लोकपाल,53
दबा,36
बदनाम,12
हुनर,60
पांचवीं,88
दोपहिया,138
उठकर,111
जानकारों,98
लेनदेन,16
मनोबल,185
बुराइयों,117
औसत,139
पुत्रों,116
लेखक,1
गृहस्थी,116
सभापति,137
वरना,43
वापिस,36
नवाब,134
बेरी,8
आंतरिक,34
पासबुक,106
अंगूठी,176
पार्टियां,7
दंपति,116
कैशियर,178
उपवास,127
सियासत,7
भगाने,95
उपमुख्यमंत्री,137
अतिक्रमणकारियों,98
स्वार्थ,159
खुलवाया,36
सपनों,60
खाकी,62
क्रमिक,154
लगीं,38
रोकर,128
चचेरे,116
एंव,34
वास्तव,43
दस्त,49
रिकवरी,16
मायने,82
तहसीलों,32
दावों,174
थमा,36
रुके,18
मुरली,172
बताये,155
सम्पर्क,165
प्रत्यक्षदर्शियों,28
आरोपित,12
वर्णन,154
बताती,38
मेहमानों,177
नवदीप,8
हल्के,93
शासकीय,32
जलाया,75
चलो,155
सरोवर,171
आपका,96
कोषागार,178
जमाया,36
बढ़त,89
सौजन्य,129
खरा,154
प्रारूप,16
नाका,73
राना,145
दोहरे,154
सोम,186
अलीगंज,76
प्रसन्न,186
धुआं,75
नलकूपों,77
दर्शाया,154
महागठबंधन,7
चार्जशीट,174
अनुपस्थिति,154
संक्रमण,50
पौध,104
औषधि,49
जीवित,186
दूभर,144
परवाह,140
प्रतिष्ठित,139
नमक,40
अंतराल,160
रौंद,4
रुका,21
चिराग,75
डूबे,18
महंगे,20
सौंदर्यीकरण,77
परिवारीजनों,136
आध्यात्मिक,118
वर्षीया,39
त्यौहार,127
कड़ी,195
हैरत,128
मूर्तियों,29
गिरते,81
प्रतीक्षा,21
भटकना,144
मातृ,27
देशराज,8
हाहाकार,71
फुल,164
दूरदराज,31
बेशक,43
सम्बोधित,155
फिराक,95
उन्नति,179
आनन्द,186
बिखरा,36
एकाएक,101
रुकी,111
मजाक,167
बहा,64
चौड़ा,151
जीती,89
मस्जिदों,98
रिहाई,140
तफ्तीश,86
अस्सी,30
चकिया,76
सर्विलांस,196
सैलाब,71
अता,163
पावरकॉम,70
इस्पात,34
उपयोगी,34
काका,187
प्रशिक्षुओं,114
वसूले,70
खालिद,134
भरपाई,3
चूल्हे,177
छात्रवृति,164
महापर्व,127
महल,171
चास,76
दिवंगत,35
मैराथन,89
गेंद,151
गुरचरण,8
गोपी,172
शिवाजी,66
प्रज्जवलित,75
शांतिपूर्वक,198
दरिया,64
मानसी,39
प्रभातफेरी,73
मर्जी,101
दिव्या,39
सीटी,80
हटवाया,36
रंगे,93
समाजिक,50
उखाड़,41
मजार,134
सीने,151
निकायों,32
घूमते,18
हरेन्द्र,172
गुड़िया,39
सौर,34
प्रतिष्ठानों,98
अभिनेता,94
तेजाब,49
हॉस्पिटल,112
वृक्षों,104
आत्मनिर्भर,50
दौड़े,18
पहुंचीं,111
खाया,40
बाघ,6
संक्रांति,127
विपणन,16
पटाखा,170
केमिकल,49
ठिकाने,36
जमे,18
दबाने,95
परीक्षक,178
जन्मदिवस,27
हत्यारे,59
हास्य,1
आदत,195
असल,43
बरसाती,113
गणपति,66
सावधान,86
उसपर,101
गेंहू,40
बहल,172
लोहड़ी,127
निर्देशक,94
पूंजी,16
नैन,60
प्रतिमाओं,29
पहलू,154
कमाने,149
मक्खन,40
बैल,6
सच्चिदानंद,172
बेकाबू,71
शुरुआती,160
बस्ते,151
रोते,128
सस्ती,20
गर्मियों,54
असुरक्षित,50
नन्हे,35
झुलसी,4
अग्रहरि,172
आपातकालीन,16
खरीदकर,20
खासे,25
ठंडी,54
धीर,186
मुबारक,134
सजावट,176
पुरोहित,172
टीके,49
रक्षाबंधन,127
छोड़,36
सैर,171
सोचा,43
छोड़े,41
लगवा,36
लाइनमैन,114
वीडियोग्राफी,196
गिट्टी,77
आश्रितों,114
कीर्ति,186
छिपे,18
प्रदर्शनकारी,198
नाके,73
हरिश्चंद्र,187
अप्रिय,154
कारी,134
गयीं,38
शिवरात्रि,127
दीवारों,181
रेशम,176
स्वराज,90
आकार,25
कैमरों,196
उम्मीदें,60
दिलवाने,168
प्रजाति,6
बिस्तर,177
पैमाइश,79
गुम,101
भ्रष्ट,12
कोयले,29
समर्थित,165
आश्रित,165
काफिला,73
मेहंदी,134
सबकी,195
उलझ,161
कतारें,132
औपचारिकता,86
धज्जियां,167
आंशिक,154
दीवानी,53
सीरीज,89
यादगार,82
दावेदारी,7
तिरंगा,90
असंतोष,123
सेंध,59
सृष्टि,186
तेंदुए,6
एक्सरे,112
रिफर,4
शिष्य,118
उधार,24
बंगाली,159
जरुरी,144
कदाचार,12
गुजारा,101
गलियां,57
चप्पे,152
किराना,20
खामियों,86
निष्कासित,12
सुल्तान,134
उनपर,101
ठहरने,171
विश्वविद्यालयों,164
खुशहाली,179
जौहर,90
सच्ची,195
जादू,94
भोज,127
झुग्गी,10
तथ्यों,174
लूटकर,59
सीढ़ी,171
प्रणव,172
अड़े,41
सुंदरीकरण,77
सती,39
पर्दा,151
नेत्री,39
आजकल,43
छलांग,151
होलिका,127
तराई,31
गवाहों,174
प्रखण्ड,76
दिनांक,32
चाहिये,144
मंत्रिमंडल,137
कुंज,171
छतों,57
टकराई,81
सोनम,39
पर्वतीय,31
जमीनों,79
आईटीआई,164
अचेत,4
एसबीआइ,32
सजी,195
ट्रेनर,152
नीम,104
सभ्यता,159
दुरूस्त,86
सलाम,90
गोपनीय,196
पेंच,151
कुष्ठ,112
नजरअंदाज,86
संतान,50
उपप्रमुख,137
अदालतों,53
वायदा,140
जिम्मेवार,12
करीबी,97
प्रश्नों,199
रोके,21
गोलियों,49
आंकलन,86
कंधे,151
समूचे,31
जेठ,58
असमर्थ,95
सिगरेट,49
विदा,155
नोकझोंक,99
राजभवन,171
झूम,109
बसेरा,171
हैरानी,155
काजी,134
महबूब,134
खंडों,32
परिवर्तित,165
हमलोग,18
औसतन,30
मौखिक,154
जत्थे,73
निकलता,43
गैरहाजिर,178
उदघाटन,197
साहस,185
प्रसारण,129
दंश,3
स्रोत,34
लदी,106
बागान,79
बुद्धि,186
कलम,1
तहकीकात,86
सातवीं,88
जुड़े,72
बैठाकर,36
झूठी,174
दशकों,30
मोर्चे,152
शशांक,172
पालकी,73
अलबत्ता,43
तख्त,177
तालियां,80
चना,40
लंबाई,195
दवाइयों,49
रिश्ता,97
कहता,43
सांगवान,8
प्रीत,150
अगुआई,26
माथे,151
नसबंदी,112
ग्रामों,32
पडे़,184
ठेला,138
जलाशय,77
शनि,147
खिलाड़ी,89
दिमाग,101
फर्श,177
नंबरों,196
शीशा,176
नाजायज,12
राजकुमारी,39
बैराज,77
विकासखंड,32
गोदामों,106
अपनाया,2
उगाही,149
बैठकें,26
पट्टा,79
भूरा,93
प्रमंडलीय,178
झेलना,3
डायरी,1
विनीता,39
प्रशस्ति,186
बलात्कार,12
जानकार,155
सस्ता,20
संरक्षित,165
घने,171
संयोजन,82
आईं,38
पहुंचती,111
बंधी,195
सेकेंड,160
निराला,187
दरकिनार,140
लाठियां,151
बुराई,117
रूपी,186
संबधित,72
आत्मदाह,198
सर्द,54
वारंटी,16
उम्मीदों,60
फोड़,41
नगरीय,32
उद्योगपति,35
स्पर्धा,89
रथयात्रा,127
बताएं,83
उपयुक्त,34
डग्गामार,138
निमंत्रण,155
इमारतों,57
कस्बों,10
रखती,157
सम्राट,35
जाहिद,134
राजमहल,171
श्मशान,171
मधुमेह,49
ठिकाना,171
स्वस्थ्य,50
कबूल,155
रूचि,37
बारीकी,86
सृजित,165
अभियोग,12
धैर्य,131
गल्ला,106
दीक्षांत,164
चाक,29
व्यायाम,37
असीम,186
दिनचर्या,37
सम्मिलित,165
स्वयंसेवक,137
उतनी,195
जागृत,103
पुस्तिकाओं,129
आदिवासियों,98
निरंकारी,118
चक्की,151
गेंदबाजी,89
नाबार्ड,32
छीनकर,36
रुझान,92
प्यारे,35
गान,109
मेधा,186
अफीम,49
मनमोहक,82
विभोर,128
व्याख्यान,37
शिथिलता,123
त्रिलोक,172
शर्ट,62
पंडालों,100
चकमा,59
दंगा,71
बेची,20
गिराने,95
मर्यादा,159
दांतों,176
फायदे,16
बंधु,35
चढ़े,105
पोषक,34
छीना,36
बिचौलियों,20
चलाये,95
निरीक्षकों,114
अगला,9
जिनसे,193
तंगी,123
आकृष्ट,154
शिवलिंग,29
पढ़कर,128
चीजें,195
ज्यों,101
पंचायतें,32
झूठ,174
पहुंचाना,144
बैरंग,36
टैगोर,187
प्रचारक,159
कारों,138
सेवानिवृत्ति,16
झूमने,109
करारी,7
तोहफा,82
डकैतों,59
झुंड,6
पड़े,184
खंडेलवाल,172
बताओ,155
पंचमी,127
चहारदीवारी,77
जुबान,22
न्यास,137
सुनीं,128
कृषकों,79
ऊपरी,171
गढ्डे,77
मुनाफा,149
घाटे,149
गोबर,142
अनुकूल,34
संयोग,154
प्रवर्तन,16
दबदबा,89
नक्शे,31
उनलोगों,101
रेलखंड,76
भट्टी,75
संलिप्तता,12
देखें,83
बुंदेलखंड,31
हानि,3
उतरा,36
बेरहमी,59
चकराता,171
इंजीनियरों,114
भूस्खलन,113
हमलोगों,101
अध्यक्षा,137
मिलावटी,40
फंसी,111
ग्रसित,50
बढ़ाना,144
ठिकानों,153
बनवारी,172
मशीनरी,16
रहस्यमय,82
ग्राम्य,32
वाणी,186
नारियल,40
तबियत,112
मंजर,71
धरपकड़,59
अंकिता,39
तीज,127
रशीद,134
मुख्यालयों,114
बखूबी,86
दखल,53
प्रबल,154
उपेक्षित,154
खेप,106
बेचकर,20
निपटा,36
दफा,101
साध,151
छापामार,152
पशुपालकों,6
पेंशनरों,114
सच्चा,118
कष्ट,3
माननीय,137
भरना,144
रिश्तेदारी,116
पंखा,177
निजीकरण,16
प्रधानाचार्यो,175
लड़की,55
बहुजन,7
हरिजन,187
पीपल,171
प्रेरकों,114
दर्दनाक,4
खिसक,81
कटकर,81
जिलाधीश,178
झूमे,109
पाप,159
मिर्च,40
उल्लास,127
बताना,144
हटने,95
करूंगा,61
सीमांत,31
व्यापारिक,34
आयोजनों,197
गृहस्वामी,116
पूर्वोत्तर,31
दावत,127
सुनाकर,128
पते,5
जाग,103
कासिम,134
पढ़ते,18
ब्रांड,20
भागों,31
व्यवस्थित,165
तलाशने,95
ट्रॉली,138
रोकी,111
त्योहारों,127
खर्चा,149
रामलखन,172
अग्रसर,165
ब्रह्मा,66
कांता,39
देहाती,10
सीसे,176
क्रिया,154
वाटिका,171
नौकर,35
कुंभ,147
साधे,18
सफाईकर्मी,114
तबके,98
आपत्तिजनक,12
साले,35
अपनों,60
खटीमा,76
अभिजीत,35
जिम्मेदारों,86
खिलाकर,40
संबंधों,97
सरना,8
मटर,40
फाड़,151
संपदा,16
असमंजस,123
बढ़ाते,92
हेराफेरी,149
अनावश्यक,154
बहनोई,116
परीक्षाफल,164
अंग्रेज,152
वाहवाही,168
भयंकर,123
पीलिया,49
सौगात,60
फेरबदल,5
डालें,83
त्रिभुवन,172
राई,40
अन्दर,96
गड्ढा,77
आफत,113
पिछड़ी,122
आन्दोलन,198
चुनी,195
अर्थात,186
सूखने,104
मेहर,134
मुसलमान,159
बमुश्किल,30
चौड़ी,57
सुस्त,101
परेशानियां,123
प्रस्तावों,16
अनेकों,72
खरे,172
पोखरे,77
जयकारे,100
बकरीद,127
बरामदे,177
निराधार,174
जवाबदेही,16
चिंताजनक,123
वायदे,7
सता,123
तीखी,99
कटा,151
कलह,123
लखविंदर,8
पहुंचता,111
बीजद,7
अंश,154
सांसदों,7
लाएं,83
महानिरीक्षक,178
यापन,165
आशु,172
लोकायुक्त,53
मण्डल,137
ट्रॉफी,89
सैंकड़ों,98
कब्जों,79
राही,35
भागा,36
अन्यत्र,72
मोहर,75
दाग,151
अजीज,134
बौद्धिक,34
प्राय,31
प्रगतिशील,34
डिब्बे,176
पंचम,35
मनाए,127
अराजकता,71
साईं,148
जिसपर,43
दुश्मन,152
अपेक्षित,154
खसरा,79
लटके,151
दिग्गज,7
आचरण,154
पेय,40
दयाराम,172
शराबी,49
कारखाने,176
झुलसे,4
घुसा,36
प्रतिपक्ष,7
करवाते,190
आगनबाड़ी,32
हलचल,71
हेलीकॉप्टर,152
झाड़ियों,57
मुकदमें,53
चौकीदारों,114
पहुंचाई,111
लगानी,184
ग्राफ,92
गोकुल,172
सुगम,16
समाधि,118
वारदातें,59
परवान,105
घाटशिला,76
प्रेसवार्ता,26
सर्वजीत,8
प्राणी,6
कुपोषित,50
जताने,155
उन्नत,34
भतीजा,35
रोचक,82
दंगे,71
धमाके,153
आश्चर्य,155
सचान,172
दायित्वों,16
सज्जन,35
दुबारा,101
नवमी,127
सर्वागीण,179
अनजान,101
जुडे़,166
कटे,151
रोने,128
शिक्षिकाएं,69
फतेह,145
ईमानदार,35
बल्लेबाज,89
अराजक,12
तोड़,36
हरेक,101
बंटवारे,143
आत्मसमर्पण,140
हेमराज,8
बयानबाजी,99
हुजूम,71
मजा,82
जातियों,159
कवियों,1
ऊंचे,25
माओवादी,153
कड़ाई,12
पत्रिका,129
गोवंश,6
छिपा,157
आसन,171
अर्चन,100
शोकसभा,26
निरोधक,50
खंभों,77
सिखों,159
बिकने,20
भट्टाचार्य,130
आनाकानी,140
क्षतिपूर्ति,16
चमक,52
हरिहर,172
भाईयों,116
जसप्रीत,8
बिगड़ी,195
मार्गों,57
गुटखा,49
आधिकारिक,139
दिनहाटा,76
मानसिकता,50
सर्वशिक्षा,32
श्रमदान,77
परिश्रम,37
झाड़ू,142
अरोरा,172
खूंटी,151
कार्यकत्री,39
भूजल,77
माधुरी,39
मानो,43
बैनामा,79
उम्रकैद,59
यकीन,185
ब्लू,93
कटी,151
अवस्थित,171
जलकल,77
बनाएंगे,61
रुकवा,36
कहें,83
छूटे,151
इरादे,95
गुणवत्तापूर्ण,34
मनाते,127
युवराज,35
छाप,195
पल्सर,138
अंशकालिक,114
अध्ययनरत,164
फर्जीवाड़ा,174
दीदार,60
पत्रक,178
एतराज,155
फरीद,134
रास,101
गनीमत,43
फुसलाकर,59
बुझा,75
अनुश्रवण,16
टिकी,195
सुन्दर,82
बिन,134
तरीकों,16
इंच,30
जलवा,60
खेतीबाड़ी,79
भागकर,111
विरोधियों,153
गरम,65
चार्ट,16
पेड़,104
लिंग,50
बल्ब,177
जनों,98
कसा,151
विराट,186
आत्मविश्वास,185
बेचे,20
चेहरों,60
बाजपुर,76
पेशे,35
प्रस्थान,165
गुड़,40
छिपी,195
प्रतिस्पर्धा,89
बेचते,20
शासनकाल,31
मिलें,83
खलिहान,79
दामन,60
भयावह,123
नाट्य,94
बाट,176
जिनको,193
गोमती,171
होनहार,35
खुशहाल,35
पुरजोर,140
अपार,186
वरीयता,16
सुर,109
मैचों,89
दंत,34
वकालत,53
सट्टा,20
टकराव,99
भेजना,144
लपटें,75
हरित,104
अभिकर्ता,137
सिक्के,176
पिलाकर,23
ढुलाई,57
आदेशानुसार,178
युवतियां,98
सुलझा,161
बेसहारा,67
मानवीय,34
महत्वाकांक्षी,192
विस्फोटक,153
आशियाना,60
बोध,154
बराबरी,89
दुपहिया,138
रविकांत,172
खीर,40
शक्ल,195
रसोइया,40
आकांक्षा,186
दबे,81
कर्मजीत,8
दरार,81
फौरन,155
संप्रदाय,159
श्रृंखला,1
ढूंढने,95
प्रसन्नता,186
खोजने,95
बॉलीवुड,94
खजाना,29
रूटों,57
उपासना,186
संग्रहालय,139
श्रद्धासुमन,27
मादक,49
प्रत्यक्ष,154
पारदर्शी,16
राहों,60
रखाव,16
दोहन,34
निषेध,165
रिटायर,35
जीजा,116
मुक्की,99
निर्यात,20
आजीविका,16
मनायी,127
जली,75
बिछाई,77
पच्चीस,30
शिवराज,35
निकटवर्ती,10
दृष्टिकोण,154
दांत,176
कृत्रिम,34
मूर्तियां,29
बेघर,67
लोडिंग,138
लाद,36
भटकते,18
गहनता,86
चिकित्सीय,112
पदम,8
कानों,128
रियाज,134
यंत्रों,196
पटरियों,57
विराम,21
फैंसी,176
शाहगंज,76
पलटी,4
चौड़ाई,57
रईस,134
मरे,4
जीविका,16
दंडित,12
एग्रो,20
विचारधारा,159
अख्तियार,2
पहाड़ों,171
जुर्म,12
वीआइपी,57
मंडलों,137
सशक्तिकरण,50
पुनर्गठन,16
मोड़,171
शीर्षक,1
खंगाला,86
बचाना,144
हितैषी,56
उपलब्धियां,16
गुरुद्वारे,146
समृद्ध,34
किशोरियों,50
पोखरा,171
रूख,2
जुटने,95
वृद्धावस्था,50
भागते,18
डूबा,36
चारपाई,177
परीक्षकों,114
स्नेह,97
ननद,39
आदर्शो,159
खासतौर,101
उपाधि,107
झूला,171
राजगीर,171
विराजमान,171
आंदोलनकारी,198
सिलेंडरों,106
अल्पसंख्यकों,122
कूदकर,151
काफिले,73
मंजिला,171
पाला,6
समझकर,36
नामी,35
माताओं,50
चिकित्सकीय,112
लोकतांत्रिक,7
जोहड़,77
जूते,62
बोधगया,171
टोपी,62
बनवाए,77
चढ़ाया,105
शिकस्त,89
सरकारें,7
थानांतर्गत,84
संतुलित,154
जहमत,86
सहमे,18
मुद्रा,16
स्वाति,39
उपमुखिया,137
संभवत,43
रीति,159
गुत्थी,161
दिलशाद,134
प्रवासी,139
घरवालों,116
रिसाव,77
तपिश,54
सैलानियों,171
सिखाया,144
पुतले,75
लड़ी,41
आजिज,99
नामांकित,165
बलि,105
घाटा,149
बढ़चढ़,197
बदसलूकी,99
चुस्त,82
भरते,18
फेंके,36
विकलांगता,50
पुर,134
नूतन,186
पापा,35
स्मरण,186
प्रक्षेत्र,32
शिखर,171
होशियार,35
अफसोस,155
मायूसी,60
खूनी,153
खडे़,18
मेंहदी,134
यूनियनों,98
श्रुति,39
जख्म,4
फीडिंग,32
कराएगा,61
तीव्र,34
जीवनी,1
शौक,101
कुंडल,151
जलमग्न,77
किसने,155
समझी,195
मोक्ष,186
पट्टे,79
बचाकर,157
खानपान,40
इनामी,24
फहराया,90
खुदरा,20
शेरपुर,76
निर्भय,186
बजाने,80
सुनसान,171
बेबुनियाद,174
वहन,165
हवालात,59
क्षत्रिय,159
किरदार,94
डोडा,8
अभिकरण,32
पत्थरों,29
पुलों,57
धरा,186
महापात्र,172
खिल,150
जगाने,103
झूले,171
आमसभा,26
प्रशिक्षकों,114
भिजवा,36
बनें,83
जनमानस,98
लगवाए,36
स्वाद,40
अंत्योदय,32
खड़े,18
केला,40
तारिक,134
प्यारा,9
चारो,171
पहरा,152
निगमों,16
परे,101
विद्वान,118
जनसेवा,32
जोड़ों,41
रीढ़,195
उठाएं,83
लाते,18
व्यर्थ,186
दरकार,168
उतारकर,11
महक,54
गजल,1
गाजे,73
गृहमंत्री,137
लोकप्रिय,82
कमियों,86
सेनानियों,98
गाए,109
कुल्हाड़ी,151
कारीगर,176
अनियमित,50
द्वारिका,171
आहुति,186
शास्त्रीय,37
इंटरसिटी,76
ढाका,31
समाजसेवा,56
प्रबंधों,16
बजरी,106
पटल,196
ठेले,57
नजीर,134
गुंजन,172
जाप,100
पखवाड़े,160
सटीक,154
निकाह,116
परगना,76
बादशाह,134
संस्थागत,16
स्वामियों,98
घात,153
अनुमंडलीय,178
स्थलीय,34
पत्रावली,178
शतरंज,89
मौसमी,54
अंशु,172
चुन,36
सुनाते,128
दुर्गापूजा,127
पहुंचेगा,61
कूड़ेदान,142
पौराणिक,159
दबकर,81
दिखता,43
पीले,93
कायरें,16
मृदा,104
हत्यारोपियों,59
योगा,164
दौलत,60
मन्दिर,171
फर्ज,90
कुचलकर,4
व्यतीत,37
मांगते,18
गुण,154
बेल,104
अटूट,97
सूफी,118
ऋतु,54
ताजिया,73
पूछ,155
प्रमाणित,165
संस्कारों,159
प्रतिद्वंद्वी,89
संशय,199
सेवादार,8
जच्चा,112
धनखड़,8
फिसल,81
खूबसूरत,82
बैठेंगे,61
रूपया,24
भुखमरी,123
सभाकक्ष,197
कागजातों,196
नहरी,77
सिखाने,95
माहिर,95
सेल्समैन,20
कंटेनर,176
विक्रांत,172
जिम,35
धरे,18
अधीनस्थ,178
चप्पल,62
सीआइएसएफ,152
बनीं,38
अंधाधुंध,153
मोहर्रम,127
एजेंसियां,16
गंडक,171
हजारी,187
मीर,134
उमंग,186
पीला,93
प्रवाहित,64
आदी,101
शहरवासी,73
चिंतन,37
बांटकर,143
जलेसर,76
कबाड़,106
पर्वत,171
करनेवाले,190
भाड़ा,57
सदमे,4
बांधने,95
आधारभूत,34
थाली,40
उतारू,95
खांसी,49
नोटों,106
महंती,172
खिचड़ी,40
धोने,142
सहायकों,114
मुनीष,8
फरियादी,178
दबंगई,99
दोहरी,195
प्रतियोगी,89
बच्चन,187
जोगेंद्रनगर,76
वर्चस्व,159
महापुरुषों,118
कट्टा,106
जनविरोधी,12
हुंकार,90
मोमबत्ती,75
जीवों,6
संगीन,12
शुमार,101
समायोजित,165
हालातों,123
खजाने,29
झमाझम,113
मीठा,40
आंगनबाड़ी,32
डांट,99
नेक,35
सवालिया,199
संरचना,34
प्रभावितों,98
शफीक,134
चरमरा,81
अलविदा,155
सद्भाव,159
खरीदना,20
निचली,53
हेमा,39
नील,171
डुबकी,64
घटा,92
दुष्यंत,172
अन्न,40
खड़ा,36
घुटने,151
एजेंटों,98
मारामारी,71
डालना,144
मैक्स,35
भूखे,67
प्रभाग,16
लाभकारी,16
प्रवृत्ति,154
पधारे,197
तेंदुआ,6
अपराधिक,12
दौड़,89
दही,40
दंग,128
चारे,104
उड़ाने,167
असंतुलित,50
दिलाए,168
पीना,49
सत्यवान,35
खरी,195
घूमकर,18
भ्रम,154
बकाए,70
चिल्लाने,128
कूच,171
कायाकल्प,16
खुशियों,60
संवैधानिक,53
बोलकर,22
मनोरमा,39
बहनें,39
उपद्रव,71
उपराज्यपाल,137
चुनने,95
टकराने,81
आमतौर,43
माओवादियों,153
ससमय,16
आपने,43
सज्जा,176
बैसाखी,127
बीड़ी,49
सिद्धांत,154
गांववासियों,98
क्रांतिकारी,159
प्रख्यात,139
खातुन,134
प्रश्नोत्तरी,139
लगाएंगे,61
सब्जियां,40
उदयवीर,8
कर्तव्यों,16
लपटों,75
बाधक,154
निकालना,144
छाई,71
डोली,39
काटते,18
चूल्हा,177
अर्से,101
स्कीमों,192
कान्वेंट,164
वत्स,172
राग,186
भूगोल,31
बजरंगी,172
लेफ्टिनेंट,152
अंचलों,31
किसके,101
लौटाने,95
सूचक,154
तपन,54
प्राक्कलन,137
जेलों,98
प्रभावशाली,82
शराबबंदी,53
दलील,53
स्त्रोत,34
बुरे,101
गिर्द,101
पहन,11
परिचर्चा,197
आभा,186
जाखड़,8
ज्वाला,75
रची,195
मंत्रोच्चारण,100
घोटालों,149
चरणबद्ध,16
उखड़,41
दूल्हे,162
सांख्यिकी,16
दक्षता,16
वित्तविहीन,32
अरसे,101
झुलसा,4
निकालते,18
तालीम,134
बकायेदारों,70
मूंग,40
देवा,35
आगाह,155
अष्टमी,127
नेत्रदान,186
लौह,29
गजेन्द्र,172
लेंगी,38
दायरा,92
खुलेगा,61
घटने,92
परिधि,171
उपचाराधीन,4
सुशासन,7
प्रीती,39
सिखाए,37
श्रोता,128
उमड़े,71
प्रबुद्ध,98
जौहरी,172
हड़पने,149
कानूनों,53
पत्राचार,129
पीली,93
चुनौतियों,123
खदेड़,36
अतरौली,76
उत्पादक,34
सत्तर,30
बेचैनी,123
उद्योगपतियों,98
सूक्ष्म,34
शायर,134
लथपथ,4
व्यवधान,21
भुइयां,76
पुरातत्व,29
नाटिका,94
अनावरण,197
अनुचित,12
अभियंत्रण,32
चाहत,60
कटवा,151
अंजान,101
प्रिय,35
इबादत,60
नकाबपोश,59
संभाली,195
झरिया,76
जानबूझकर,12
घिरे,18
दुर्भाग्यपूर्ण,12
मूक,94
संवारने,95
औपचारिकताएं,16
भुवन,172
बजते,80
प्रवास,37
रूक,21
एजेंडा,7
बोलबाला,101
जानना,144
दवाब,123
लिखाई,101
ऋषभ,172
बकाएदारों,70
बैरक,152
गंगाजल,64
चैत्र,58
लेखाधिकारी,178
फंसाया,174
अधिप्राप्ति,16
बरसे,113
रिश्तों,97
पंडितों,98
तमन्ना,60
प्राध्यापकों,114
बोतलें,49
अपितु,43
राधाकृष्ण,187
कयास,101
पिलर,77
खड़ी,111
बढ़ना,144
हवेली,171
रहस्य,186
त्वचा,50
शुभारम्भ,197
हिस्सेदारी,20
असलहे,59
प्रेमनगर,76
साधू,118
पलटा,36
सत्ताधारी,7
पन्द्रह,30
पीरो,134
उल्टा,151
संयम,131
रोड़ा,41
सूरी,35
स्क्रीन,196
ठेकेदारी,149
तेरे,51
कांटे,151
फंसने,151
जद्दोजहद,108
व्रतियों,127
शिल्पी,35
फुटपाथों,57
सिरदर्द,49
प्रस्तुतियों,82
पंचों,98
मुनासिब,144
परसा,76
अमावस्या,127
स्थिर,154
बैट्री,77
निखारने,95
खींचने,95
बिगुल,80
निर्धन,67
समझना,144
पात,151
परिणामों,154
आपबीती,128
दरम्यान,101
पिकनिक,171
आहवान,197
खंभा,77
मंहगाई,123
पगड़ी,62
मेजबान,89
गुटबाजी,99
बरसी,27
त्रासदी,123
वालीबॉल,89
अद्यतन,165
संवर्ग,114
पालना,144
लौटकर,96
कुत्ता,6
सानिध्य,118
प्रावधानों,16
वस्तुएं,176
औपचारिक,16
करवाएंगे,190
घोषणाएं,192
दबोचे,59
लटकी,151
कैसा,43
सर्वोदय,32
सांय,73
कक्कड़,172
सशक्तीकरण,50
बेतरतीब,101
उफान,71
रंगीन,93
मुश्ताक,134
आशाओं,60
बनाओ,61
जागीर,79
सोते,103
तुषार,172
नीतियां,192
गुजरती,111
गर्भपात,50
दाह,186
पहनने,11
दूरसंचार,16
सुंदरता,82
छिपाने,95
पकड़,151
संक्षिप्त,154
कांडों,12
समझाकर,155
चर्चाएं,26
देंगी,38
मान्य,165
रैकेट,59
भिड़े,99
शाल,62
फजीहत,99
तांत्रिक,118
विभूति,186
पकड़ा,59
बरतें,83
सजाने,95
सुरक्षाकर्मी,152
बड़ों,50
जोखा,101
उठाएंगे,61
निकटतम,171
अरमान,60
गतिरोध,123
सरोकार,154
टुकड़े,41
छुड़ाने,95
जवाबी,153
अथारिटी,53
पूर्णत,165
धनी,35
बिगड़ती,195
बसर,101
सुस्ती,123
जयकारों,100
एचआइवी,50
तलाक,116
सजे,176
फाइलें,196
परचून,121
प्रवाह,64
दिलों,60
दुर्लभ,82
मोटे,25
पिकेट,28
रोमांचक,82
बुद्धिजीवियों,98
त्रुटि,154
ट्रासफार्मर,77
रासायनिक,34
कोटेदारों,70
उड़ाया,167
आतंकवादी,153
जीवंत,82
देह,186
स्वाभाविक,154
खामी,86
श्रीमद्,118
काज,101
फरोख्त,20
आधारशिला,42
स्टाप,57
नारों,90
भराव,77
भूसा,106
खनिज,34
बासमती,40
निगाहें,60
गलन,54
सदुपयोग,37
रातभर,103
पत्रकारिता,129
खागा,76
सताने,95
रचा,180
चौंकाने,174
ढाणी,8
प्रारम्भ,165
जातीय,159
दिखाना,144
नवाज,134
सुपरिंटेंडेंट,178
लहराया,90
तोड़े,41
ढांचे,16
केंद्रित,154
रोना,128
अथक,108
मनोकामना,127
गेंदबाज,89
गजराज,172
नकलची,164
चन्द,172
उपनगर,10
तपस्या,186
कराता,190
पालीथिन,106
उच्चस्तरीय,16
दुर्गम,171
पीतल,176
सैकड़ा,30
धमाल,109
फैक्ट्रियों,57
जिलांतर्गत,76
बदन,60
शंभु,172
बनाता,43
अर्जन,186
जल्दबाजी,86
बुवाई,104
कुंडी,177
समाना,144
सहमत,140
सूट,62
प्रायोगिक,34
जानता,43
समानता,154
भुक्तभोगी,116
नगरवासियों,98
विख्यात,139
संभल,101
छाता,62
बैठते,18
कमा,149
उस्मान,134
हनन,12
भिन्न,72
पहनकर,11
एहतियात,86
लाचार,67
पीते,18
घोड़े,6
सुपारी,59
बैठाने,95
छुट्टियों,160
बंधा,151
रोजमर्रा,101
परिक्षेत्र,32
मसलन,43
सूखी,54
प्रोफेशनल,164
अध्यादेश,53
आहट,60
गद्दी,151
उतारी,11
बहता,64
प्रयोगात्मक,34
अनाथ,67
मतभेद,199
छापने,129
किसे,155
खर्चे,149
विकट,123
गुरुजी,118
दहाड़े,141
सोचने,95
सतवीर,8
कपास,104
शाहबाद,76
ब्लास्ट,153
लगवाया,36
अखाड़े,57
चौसा,76
हिंदुस्तान,31
सुर्खियों,101
जहरीले,49
खिलाने,40
भुगतने,3
इंसपेक्टर,178
ढांचा,16
घनी,195
चिलचिलाती,54
पालकों,6
दर्शनों,159
किनारों,171
शीतलहर,54
नाश्ता,40
चुराने,59
सूचियों,5
नान,40
बाथरूम,177
ठेस,99
निकलती,111
वैवाहिक,97
दिलचस्प,82
कृत्य,12
सनसनीखेज,174
बुलाए,155
मूलरूप,76
बकायदा,196
अबकी,7
जाओ,18
थानान्तर्गत,76
अमलीजामा,11
फलदार,104
हिमालय,31
नाना,35
भूतपूर्व,137
गम्भीर,199
दाने,40
पतंग,167
वैली,171
पुत्रगण,172
फलस्वरूप,154
खोखे,106
सुकून,60
रखनी,157
गायिका,39
जगजीवन,187
संदिग्धों,59
बांसी,76
राजभाषा,139
सोचना,144
दलदल,171
तिल,40
भिखारी,67
ड्रामा,94
खुलते,18
गमगीन,71
कामगार,98
ठहराते,12
पहुचने,95
दिलाना,168
लम्बी,195
दिखायी,18
कुरान,159
बैठना,144
थैला,106
कहावत,101
सांकेतिक,154
गुफा,171
दूंगा,61
वनों,79
नाच,109
पंपों,77
दार्जिलिंग,31
घोड़ा,6
शशी,172
कामगारों,98
जुल्म,12
बेहतरी,56
बखान,155
ज्ञापित,197
भेद,154
बिस्कुट,40
तरजीह,140
याचिकाकर्ता,53
बैद्यनाथ,172
मयूर,172
मुल्क,134
चर्चाओं,26
प्रलोभन,95
गाते,109
सत्याग्रह,198
खेमे,7
रोहन,35
नीलकंठ,171
छोड़ना,144
शिवालयों,100
सादा,40
बेमियादी,198
अनामिका,39
बुआ,39
सौतेला,35
विंध्याचल,76
तकरार,99
धर्मराज,35
आंवला,76
लात,151
महफूज,134
वंश,159
सुजाता,39
दफन,29
विलास,186
हानिकारक,49
अनिवार्यता,154
रहमत,134
प्रकाशोत्सव,127
चुनार,76
बीर,145
मिष्ठान,40
दिवाली,127
हटवा,36
मातहतों,178
निगल,36
सामग्रियों,72
इतर,72
गुरुदेव,118
पहर,160
जनवितरण,16
संजीवनी,186
लड़ाई,152
वृहद,34
समरसता,159
घुसपैठ,153
धमकियां,99
विक्षिप्त,50
गोपनीयता,16
पाठ्य,1
मेहरबान,60
रैंप,57
सेवायोजन,178
कराएगी,190
पहना,11
समीकरण,154
पालियों,114
सरैया,76
प्रदेशभर,32
दुखद,82
आठवें,160
अखंडता,90
पॉलीटेक्निक,164
फिल्में,94
घबरा,128
संचालिका,39
देय,24
टकराकर,81
धमका,59
लगाव,97
नित्य,186
आपत्तियां,140
मैदानी,31
कर्मवीर,187
बिछा,36
उल्टे,151
रखेगी,157
त्राहि,71
पौष्टिक,40
शौकीन,35
दरें,92
सिक्का,176
भौगोलिक,34
समझे,18
एकादशी,127
विनायक,172
उछाल,151
निभाते,94
करतब,94
रेफरी,89
निर्वाचक,137
रामवृक्ष,172
बीआरपी,32
बक्से,176
धमकाने,95
अनुमानित,165
ढ़ाई,30
ग्रामोद्योग,32
पलक,39
बली,147
मुख्याध्यापक,69
सर्दियों,54
अनाधिकृत,59
विषम,154
जानबूझ,12
विद्यासागर,172
हटाना,144
मुस्लिमों,159
मस्त,109
शगुन,39
ढोने,95
प्रांतों,31
कार्डधारकों,70
धूरी,151
काल्पनिक,154
गुजरा,101
अनवरत,64
सौभाग्य,168
बांधे,157
जानमाल,28
कुंडली,147
देखेंगे,61
ईनाम,24
कम्युनिटी,164
मुस्तैदी,152
गल्ले,106
अन्नपूर्णा,39
त्रिलोचन,172
गालियां,22
घंटी,80
दूरस्थ,32
सोए,103
गुजरे,101
मारते,18
रसोइयों,114
मोबाईल,196
कीड़े,104
नैतिकता,159
कार्यान्वयन,16
औचित्य,154
बेमौसम,113
अपनाई,165
अभिनेत्री,94
नकारात्मक,154
उतरते,18
इंजीनियर्स,164
ससुरालीजनों,116
मंदी,123
फर्जीवाड़े,174
गिराया,36
झूमते,109
बदलना,2
कुलभूषण,35
रिक्शे,138
लटकता,151
खट्टर,35
कैफे,171
शाखाएं,104
देवाशीष,172
केवट,187
उबाल,40
हकदार,168
किले,171
करवट,2
साधनों,16
अहमियत,195
टोनी,35
मसला,199
बचना,144
छूटने,95
ताऊ,35
वचन,186
अनुबंधित,165
धोखे,174
अंगुली,151
नलों,77
ढूंढ,36
ज्वालामुखी,171
आदान,196
चुराकर,36
परिचालकों,114
मनमर्जी,149
निभाया,94
भट्ठों,181
वार्डेन,69
सुखद,82
आपत्तियों,199
कर्बला,76
बुद्धिजीवी,98
उठती,111
आएंगी,38
रिचार्ज,77
खोखा,106
तान,151
बिन्दुओं,154
वाजिब,199
भंडाफोड़,59
लगाता,36
केसर,40
अभिरक्षा,59
अर्थव्यवस्था,16
गुलाबी,93
अंधकार,52
जीरा,40
जलती,75
तेरा,51
दोगुना,92
श्रेया,39
गिरता,81
बिगाड़ने,95
दैवीय,186
सूचनाओं,196
बीएसएल,178
हुड़दंग,71
ढलते,54
बीघे,79
रेलमंत्री,137
चौकियों,152
वर्षगांठ,27
तानाशाही,12
हिंसक,153
परत,176
गुणों,154
महफिल,109
घोल,49
निवेशकों,98
वित्तमंत्री,137
ढक्कन,176
खटखटाया,155
मौज,149
अवमानना,12
बनाएगी,61
मंत्रोच्चार,100
टेकने,151
दूल्हा,162
ज्योतिष,147
बानगी,1
मेघा,39
अमूमन,101
कढ़ाई,176
शॉल,62
सोया,103
पर्दे,94
उद्भेदन,160
मिलेंगी,38
पीटना,144
महारानी,39
लड़कियों,50
थानेदारों,178
स्तुति,186
कक्षों,177
समितियां,137
अनियमितताओं,12
व्यथा,128
सम्बन्धित,72
टांग,151
लोकप्रियता,92
जबर्दस्त,82
नाकेबंदी,153
ठगा,174
बुजुर्गों,98
विस्तारपूर्वक,86
बजा,80
शराबियों,49
बंजर,79
छटा,186
प्रण,90
कसी,195
गाया,109
हैसियत,195
खुदा,60
गोताखोरों,77
सुअर,6
इकलौता,9
निबंधक,178
मौतों,50
क्रमांक,32
रामराज,172
जुटाई,86
नयन,186
जस्सी,8
फूंकने,75
स्वर्णकारों,98
आकाशीय,171
सकेंगी,38
आयाम,154
जलवायु,34
पक्षपात,12
गुंडा,59
राष्ट्रपिता,27
खामोश,128
ख्वाजा,134
आक्सीजन,49
बरते,86
घटती,92
प्रसारित,129
लाटरी,149
दमखम,89
प्रायोजित,129
हिंदुओं,159
कथावाचक,118
जांचने,86
अतिसंवेदनशील,50
जोड़ना,41
घंटो,160
मदरसे,134
क्षण,186
अक्षर,1
खुलेंगे,61
कुछेक,101
प्रतिद्वंदी,7
एकादश,89
खिला,150
डायन,50
सलाखों,151
मिठाइयां,40
मोहलत,140
चोरियों,59
छाती,151
दीर्घायु,186
बटन,196
ब्रह्म,186
तेरी,51
नीली,93
बरस,30
तकलीफ,123
उड़ाए,167
आमंत्रण,165
बिगाड़,41
पशुपालक,6
नाकाफी,108
पहनाने,11
नाबाद,89
सबों,98
सन्,160
जटिल,34
नुमाइश,71
तीर,151
मुखातिब,155
कर्मकार,35
कतरा,60
लड़ा,41
दिनकर,187
शौर्य,90
लेख,1
सुखी,186
सब्र,131
असमर्थता,123
मसाला,40
त्रिलोकी,172
उड़ाई,167
साख,16
अनिश्चित,154
प्रचंड,186
तांडव,71
गिरिराज,172
कोटि,154
चढ़ाकर,105
सरासर,12
संलग्न,165
खोया,168
गवर्नर,137
गोलमाल,149
फौजदारी,53
हर्षित,186
नौकरियों,114
घोषणाओं,192
काटना,144
प्रैक्टिस,164
एयरफोर्स,152
भागी,111
मजीठिया,8
संपादक,129
घेरने,95
भावभीनी,27
तनावपूर्ण,123
वजूद,60
रखवाली,152
स्वावलंबी,32
खींचतान,99
हल्दी,40
थप्पड़,151
मालाओं,100
मोटरसाइकिलों,138
कार्पोरेशन,20
उड़े,167
अतिशीघ्र,165
मिलाप,97
नमो,186
संभावनाओं,154
साहित्यिक,1
टेढ़ी,195
हथियारबंद,152
सीढि़यों,171
नस्ल,6
पाइपलाइन,77
मुकुट,11
दुर्भाग्य,43
सुरक्षाकर्मियों,152
सुरंग,171
शीत,54
डलहौजी,171
इज्जत,90
दर्शाता,154
एकतरफा,99
रिवाज,159
गुंडागर्दी,12
मैया,39
ट्रालियों,138
मापदंड,16
नाथनगर,76
पंथ,159
सफाईकर्मियों,114
मिलाने,95
जगपाल,8
जानें,83
कटाक्ष,99
भीख,67
तकनीकि,34
दौड़ते,18
अनुदेशकों,114
परिवारीजन,136
स्वयंसेवियों,98
हिलसा,171
दीदी,39
मिलाया,155
दंगों,28
चढ़ाई,105
हाकिम,134
कुलश्रेष्ठ,172
पुनर्निर्माण,42
मोटा,25
प्रार्थनापत्र,178
उच्चाधिकारी,178
जया,39
समझें,83
हलवाई,35
साबुन,142
फकीर,118
नजरें,195
खेलना,144
स्वदेशी,34
भयमुक्त,165
हीलाहवाली,70
भाषाओं,72
उच्चतम,139
जनजातीय,139
बंदरबांट,149
संग्रामपुर,76
आत्मसात,165
सांई,148
अनुदानित,32
बाहुल्य,159
भतीजी,39
सटा,151
आतंकवादियों,153
विक्रय,20
धुएं,75
पकड़े,59
झोला,106
चैतन्य,186
पर्यवेक्षिका,69
तल्ख,99
गहमागहमी,71
झूल,151
सौंदर्य,186
बही,64
थोड़े,25
रानीखेत,76
शिशुओं,50
दक्ष,34
मस्तिष्क,50
खंडहर,29
अव्यवस्थाओं,123
धनघटा,76
पार्लर,20
सम्पूर्ण,34
कसबा,76
पालक,40
धराए,59
नाटकों,94
झांसे,174
चलाएं,83
मुसाफिर,60
प्रसूता,112
पड़ेंगे,184
अपनाना,144
धमाका,153
पैंट,62
उपायों,16
मानचित्र,31
पायदान,171
गांठ,151
अहंकार,186
कनेक्शनों,70
दौड़ने,95
जलाई,75
मनचलों,59
वास्तविकता,154
निवासीगण,84
दिखती,38
उपद्रवियों,28
क्रिकेटर,35
जनजागरण,198
कट्टे,106
पर्यवेक्षण,16
आगोश,60
हेलीपैड,171
कम्युनिस्ट,7
शुभकामना,127
धनुष,151
प्रतिपूर्ति,16
प्रजातियों,104
जहाज,171
पखवारा,160
बेबस,67
भेजें,83
पत्ते,104
शिवपूजन,172
आंध्र,31
अपनाकर,2
उपजाऊ,79
बैठाया,36
किशोरों,50
कांति,186
नकार,155
लाभदायक,34
पाटिल,172
शूटर,89
बनाती,38
वैसा,43
जूता,62
रेप,59
उद्देश्यों,16
अकेडमी,164
समता,186
उठते,199
ठगने,59
खलील,134
चाट,40
चुकाने,24
प्रशस्त,165
बेचना,144
हड़ताली,198
झेलने,3
पालिसी,16
इचार्ज,49
कांफ्रेंसिंग,196
अपनाए,2
रेलकर्मी,28
दबी,195
रचनात्मक,82
इकट्ठे,18
राजस्थानी,1
कदमों,101
इस्तीफे,140
हालचाल,155
चौंक,128
पूर्वजों,159
चलेंगी,38
सामंजस्य,97
गुंजायमान,100
मासूमों,67
रिमझिम,113
किनारा,171
उमड़ा,71
बूढ़े,35
गंवा,36
पारिश्रमिक,24
इसरार,134
विडंबना,154
जागो,90
महाआरती,100
जनाधार,7
रेडीमेड,62
शिवानंद,172
बंगले,171
दारू,49
आदर,90
विभाजन,143
धमकाया,155
मलिन,186
बुनकरों,98
मंडरा,18
जलाए,75
मैकेनिकल,164
लश्कर,153
पत्रांक,178
मन्नत,127
माइक,35
तदर्थ,16
अद्भुत,82
सुखराम,8
सभाएं,26
सीखा,155
अदद,101
थैले,106
महामाया,39
दिव्यांग,32
असलहों,59
ज्ञातव्य,154
अनापत्ति,140
कॉरपोरेशन,16
गाना,109
उत्खनन,29
रेलगाड़ी,57
नाता,97
पोर्टल,129
मुर्गी,6
नाश,186
कंधों,151
बटोरी,168
कमजोरी,123
अक्षम,95
सिफारिशों,140
कराह,128
होम्योपैथिक,112
भंडरा,76
कांटा,151
उपकेन्द्र,32
टूरिज्म,171
बोरियो,106
कविताओं,1
घटक,34
साक्ष्यों,87
आखों,60
तालियों,80
कुर्सियां,177
विषयक,72
हराम,49
कठिनाइयों,123
व्यंजन,40
बेमानी,101
अपमानित,12
निकास,77
देखिए,83
चलेंगे,61
बताता,43
बनवाकर,36
खींचकर,36
त्यों,101
भीड़भाड़,57
मानिक,172
सीमाओं,31
वरिष्ठता,5
आत्मरक्षा,50
मानती,43
चलन,2
माप,16
अटैची,106
तिहाई,30
कतिपय,72
अनभिज्ञता,86
आंगनवाड़ी,32
ठगे,59
पिछड़,41
अनुदेशक,114
सांझा,165
नीले,93
असंभव,144
कारीगरों,98
चौथ,127
बन्द,21
भावुक,128
सुरभि,39
कबाड़ी,20
बढ़नी,92
एकड़,79
जेईई,164
दलबल,73
लगवाई,75
कोशिशों,108
संपति,149
मार्कशीट,164
कराती,190
बॉल,151
ढीली,195
उपदेश,118
ढेरों,82
प्रशिक्षणार्थियों,114
जालसाजी,174
दिमागी,50
भूमिहीन,79
छूने,95
इंसानियत,159
छेड़ा,41
शर्मनाक,12
चाही,195
हिल,171
सोमा,39
खोद,29
आजतक,101
श्रावणी,127
सौंपते,165
जुकाम,49
क्षमा,140
चपरासी,178
रंगमंच,94
पम्प,77
पिला,23
लेखाकार,178
रचनाओं,1
व्यवहारिक,34
सुधरने,95
ऊंट,6
मेवा,40
टीसी,164
आश्रय,186
जूझते,123
लोकगीत,109
वाचक,35
समेट,36
हरकतों,99
महादलितों,122
पुष्टाहार,32
स्वभाव,154
चित्रों,125
स्वेटर,62
औषधीय,104
तृतीया,127
छोड़कर,36
पाठ्यक्रमों,164
बोरियों,106
कुचला,4
जनसमस्याओं,98
फायदेमंद,49
परिणामस्वरूप,154
बीवी,116
भाड़े,57
यथा,72
कीमतें,20
प्रतिरक्षण,16
निगमायुक्त,178
वर्गीय,98
नवयुवक,98
ननिहाल,116
पागल,128
बच्चू,172
प्रियदर्शी,172
बालकों,50
सम्बन्ध,97
अनुमोदित,165
शीट,176
प्रविष्टि,1
कैरो,8
विवेचक,178
गजब,82
गदगद,128
तवज्जो,86
भराई,77
मनाना,127
परियोजनाएं,192
रौंदा,4
शिशिर,172
कंधा,151
रंगा,93
एथलीट,89
हबीब,134
तापस,172
मुगल,31
जिसमे,43
नीलाम,20
पूर्णाहुति,197
उन्नयन,34
भागीरथी,64
जोड़ने,95
सिद्धांतों,154
हार्दिक,27
भयानक,123
करोड़ों,149
कुम्हार,35
बनानी,195
मीठे,40
बुनकर,98
सुबूत,174
संभाले,18
पखवाड़ा,127
कौम,159
सेवादल,137
प्रस्तुतियां,82
यथावत,165
उतारे,11
कोरी,195
प्रदेशीय,139
संगीतमय,109
भरवाने,95
सजाई,127
राजनेता,7
झोली,60
वास,186
घेरकर,36
सहेली,39
राजनेताओं,98
चोक,77
मदरसों,32
मतपत्र,7
घिर,123
डरा,36
बेचैन,128
राशनकार्ड,32
हंसी,128
बुझाई,75
उन्होनें,155
अपनाते,2
घूस,149
दोहरा,154
सभ्रवाल,8
लोकदल,7
रामानुज,172
विटामिन,49
थाम,151
बाड़ी,79
नाज,90
हरकतें,99
ख्याति,168
बिसौली,76
अतीत,154
रंगाई,176
शिवालय,171
धोबी,35
पूंजीपतियों,98
उलट,2
सवेरे,160
पिलाया,23
वारिस,134
पीडि़ता,116
मूकदर्शक,28
बचें,83
मौसी,39
ढाबों,57
राष्ट्रवादी,7
घटकर,92
चौरासी,30
हटकर,101
जिम्मेदारियों,16
विवाहित,116
लगनी,75
खरीदारों,20
असंगठित,98
कर्ता,165
अराजपत्रित,114
भेजते,18
अवरोध,21
निंदनीय,12
लुटेरा,59
पत्ता,104
रखीं,38
प्रादेशिक,139
माघ,58
गूंजा,71
समतल,79
दलहन,104
बजाकर,80
अजब,60
विषाक्त,49
व्रती,127
कव्वाली,109
शिशुपाल,35
जिन्हे,193
जैव,34
हकीम,134
पदोन्नत,5
आत्मिक,186
भूत,101
दोहराया,155
सेमीनार,197
चलीं,38
अटका,151
अध्यात्म,118
छुट्टियां,160
मदनलाल,172
साधकों,118
सुनाए,128
सैल,8
महाभारत,14
ठगों,59
कुरावली,76
बाड़ा,79
छठा,9
उत्साहवर्धन,197
निश्चय,185
गेंदों,176
आशाराम,172
वाह,82
व्यस्तता,123
साया,60
मुर्गा,6
भ्रूणहत्या,50
विसर्जित,36
खरीदते,68
महासम्मेलन,197
शीतकालीन,139
उपसमाहर्ता,178
काश्तकारों,173
आभूषणों,176
पर्यवेक्षकों,114
सिवाय,43
शीश,90
अभियोजक,53
बच्चो,50
लिंगानुपात,50
श्यामसुंदर,172
बंटवारा,143
उच्चारण,154
छिन,36
निष्क्रिय,16
नवविवाहिता,116
मुनीम,35
चोटी,171
मधुकर,172
क्षय,50
प्रगट,186
नानी,39
अंधविश्वास,159
लाठियों,28
तस्वीरें,196
समीपवर्ती,31
जुड़ी,195
डाकघरों,32
फैक्स,196
साधते,18
चढ़ी,105
उतरेंगे,61
इसने,43
प्रचलन,165
परमाणु,34
लीवर,49
टिकटों,20
पत्ती,104
इलेक्ट्रॉनिक,196
अल्प,34
बिजेन्द्र,8
चने,40
जुड़कर,41
स्वर्ग,186
अनुपमा,39
विनाश,159
बनवाई,195
संचयन,16
अभिशाप,50
असलियत,174
पढ़ती,111
ईटों,181
भूना,40
बेअसर,49
गायकों,109
पार्थिव,186
कार्यवाई,12
कार्टून,129
उद्धार,186
शीशम,104
खदानों,29
विशेषता,154
पुताई,77
अनुसरण,165
स्टेशनरी,20
होनेवाले,72
आंदोलित,198
विद्यानंद,172
अंतरिम,53
विद्वानों,98
आंखे,60
करायें,190
निर्मली,76
गोरा,93
घटतौली,106
धूम्रपान,49
बागवानों,104
डेरे,171
तबतक,101
शिक्षामंत्री,137
पंक्ति,1
साहित्यकारों,98
झपट,151
ताकतों,7
अपात्र,32
प्रेषण,16
संकल्पित,165
किसानी,79
कटवाने,95
ठंडक,54
फुटकर,20
सदी,88
लुभाने,95
चश्मा,62
भांजे,35
पैगाम,60
जमानती,12
गानों,109
बारादरी,73
लाडली,39
सुई,151
पड़ोसी,10
हर्षवर्धन,172
दिहाड़ी,57
चंपत,59
करुणा,186
किसकी,195
प्रणाम,155
समुद्र,171
निर्बाध,64
अमूल्य,186
सुश्री,39
खानी,49
मांझा,151
नदियां,64
ढुल,8
तैराकी,89
कैसी,195
संक्रमित,50
स्वेच्छा,165
सीआइडी,178
नियुक्तियां,114
सतगुरु,118
मुकर,140
मचाते,71
करतूत,12
राजेश्वरी,39
भीमसेन,172
गहलोत,8
इक्का,35
समुदायों,98
गरमा,65
खिलौने,176
रासलीला,127
लाये,36
उठाये,199
ठेकों,149
सपरिवार,127
दौड़ाकर,151
फूस,181
म्यूनिसिपल,10
ढिलाई,12
कटोच,8
जायें,83
निपटारे,53
योगाभ्यास,37
चुपचाप,128
बेतहाशा,92
निवासिनी,39
संतोषी,39
छेड़,41
शक्तियों,154
यथाशीघ्र,165
भट्ठी,181
व्यवसाई,20
टालमटोल,99
पढ़ता,101
आमलोगों,98
किन्नर,35
रखेगा,157
पहाड़ी,171
धुंआ,75
प्रतिबद्ध,165
हड़प,149
परमहंस,118
बर्तनों,176
मुहूर्त,147
सहसचिव,137
स्रोतों,72
बदलवाने,95
शंका,199
मोहताज,168
लीची,104
निर्वाह,0
निभाएंगे,94
पढ़ना,144
उत्सुकता,195
नाममात्र,101
सदियों,101
शक्तिपीठ,171
कूड़ा,142
मानों,101
कलाई,151
कसरत,49
सत्यापित,165
मालिकाना,79
भूगर्भ,29
हमलों,153
तनख्वाह,149
फिसलने,81
हाय,128
कविताएं,1
साधक,118
तोले,106
उपमुख्य,137
वृद्धों,50
चालीसा,100
कारखानों,57
जगरूप,8
जानकर,128
बीजों,104
बिखर,81
घमासान,71
चहेतों,114
कनपटी,151
भूरे,93
अधिकाधिक,124
लीलाओं,186
अपूर्ण,154
सर्वोत्तम,82
मरा,4
मुझसे,155
मिट,101
वैसी,195
जलनिगम,77
बिलकुल,43
मूंगफली,40
साम्राज्य,31
एथलेटिक,89
जलनिकासी,77
बरातियों,162
श्रमायुक्त,178
हुकूमत,101
मेज,177
डकैत,59
खचाखच,71
हस्तशिल्प,176
जैकेट,62
पिछला,9
अनार,104
तीमारदार,112
सेंधमारी,59
हारे,89
निरुद्ध,59
दिखते,18
मनाएं,127
शासक,137
सबमर्सिबल,77
दुश्मनी,97
चढ़ाव,154
खरीदार,20
पांचाल,172
उतरना,144
सातों,160
रियासत,31
मरहम,60
कुदरत,60
बिखरे,18
मोहब्बत,60
ढांढस,151
जरुर,61
चौके,177
चूड़ी,62
हिमपात,113
थाप,80
सुनियोजित,153
फेंककर,36
मछलियों,6
फुसला,36
स्थानान्तरण,5
पहिए,138
पूर्णतया,165
टेंशन,123
वतन,90
जमाए,157
तोड़ी,41
कौमी,134
अंत्येष्टि,159
तिथियों,160
रचने,95
सड़के,57
न्यायालयों,53
गुरुओं,118
अधिकारिक,139
सत्रह,30
अलवर,31
याची,53
व्यंजनों,40
बूढ़ी,39
मत्था,151
शुक्र,147
बॉर्डर,152
उपभोग,16
उतने,25
प्रतिभावान,82
धूमिल,154
अशांति,123
लहरा,90
दरारें,81
मनीराम,8
इंद्री,8
लड़ेंगे,61
अंर्तगत,32
सर्वोपरि,165
पंजिका,178
दबोचने,59
रोपड़,84
साईकिल,138
अड्डों,57
मम्मी,39
मंद,186
भारतीयों,98
चाची,39
स्पर्श,186
पड़ेगा,144
नक्षत्र,147
बसाने,95
करारा,153
इरादा,185
दिशानिर्देश,16
असमाजिक,12
लालबत्ती,138
वल्लभ,182
पांचवे,160
सुंदरी,39
दिलाते,168
जापानी,139
हल्दिया,171
नमस्कार,27
नाचते,109
लिपिकों,114
निवेदन,140
सहम,128
हर्रैया,76
रातों,101
साला,35
मनचले,59
जंजीर,151
ठहरा,36
गोभी,40
भेजेंगे,61
जुनून,90
फर्राटा,138
प्यासे,67
मण्डी,20
वादन,80
श्रीधर,172
अखबारों,129
रीतेश,172
सुने,128
संगठनात्मक,16
तोड़ते,41
मनिहारी,76
लड़ते,41
पिछड़ों,122
मानता,43
मक्खी,6
भरो,198
ऑक्सीजन,49
स्वैच्छिक,16
रहेगे,61
खड़ंजा,84
हड़कंप,71
विधवाओं,67
फूले,151
अनियमितताएं,12
अहिंसा,159
जुटाए,36
हताहत,152
बजने,80
निजाम,134
आयात,20
क्षेत्रवासी,98
पहुचा,36
जामिया,134
प्यारी,39
दमन,12
बुनियाद,42
सटी,111
अर्पण,186
बाशिंदों,10
वनस्पति,104
संकरी,171
विसंगति,154
नाई,35
पालम,171
फव्वारा,171
पडे़गा,144
डाका,59
शीशपाल,8
परवरिश,50
डिस्चार्ज,77
कृष्णानंद,172
निखार,82
कार्बन,34
समयावधि,16
जेठानी,39
चराने,6
अभिव्यक्ति,154
मंत्रों,100
पिपरी,76
सत्तारूढ़,7
क्रियान्वित,165
लोहार,35
हस्तांतरित,165
बहार,54
निष्पादित,165
पालने,95
उपकेंद्रों,77
सुनेंगे,61
मशरूम,104
फिक्र,101
बिके,20
फूटा,131
लायी,111
बैलों,6
अनुशासित,37
माटी,29
आंकी,195
कलेर,8
वक्तव्य,78
घिरा,171
अनुमंडलाधिकारी,178
विस्थापन,79
भट्टा,79
तीखे,199
परिसदन,178
तुरन्त,155
बाजू,151
बिरंगे,93
उत्तेजित,154
दिनोंदिन,92
साजन,39
कुश,35
रामकथा,1
कृति,1
प्रमुखों,98
शादीशुदा,116
सहायिकाओं,114
कमांडो,152
उग्रवाद,153
पहनाया,11
दर्जे,139
मोतियाबिंद,112
मिनटों,101
इकाइयां,16
विसंगतियों,123
कामिनी,39
प्रत्यारोप,99
विक्षोभ,154
कार्याें,192
मचाना,71
दिलाकर,168
बेरुखी,99
घाव,151
दीवारें,181
जूट,106
स्थली,171
कृतित्व,154
विस्तारीकरण,16
मशगूल,18
मदों,72
महरूम,60
खिली,54
भुगत,3
खुलवा,36
अनुभूति,186
वाममोर्चा,7
दिखेगा,61
बड़सर,84
जामुन,104
मुख्यधारा,98
बेसब्री,160
बगीचा,171
चरितार्थ,165
जगदंबा,172
मौरंग,106
मैनेजिंग,137
चरमराई,123
दीजिए,83
मनोविज्ञान,37
जिताने,7
रेलकर्मियों,114
अपरान्ह,73
रैलियों,26
धराशायी,81
छुड़ा,36
बेसुध,128
सिराज,134
दिलवाया,168
प्रबंधकीय,16
लूटकांड,59
प्रत्यारोपण,112
कोंच,76
खिले,150
हिना,134
तिपहिया,138
पंख,151
निकलेगी,61
पैठ,195
परमवीर,152
स्वाहा,75
डूबी,60
आनेवाले,101
प्रभागीय,178
नींबू,40
ज्येष्ठ,58
बहाया,64
अनुयायियों,98
बंसी,80
एकमुश्त,24
रघुराज,145
सायंकाल,73
शमन,154
कोस,171
अजीब,101
किलोवाट,77
फैसलों,53
हिदायतें,140
सदस्या,137
भूरी,93
अमरूद,104
अधीनस्थों,178
पांचवी,88
ललक,168
आधुनिकता,159
बताएंगे,61
पूज्य,118
भागदौड़,123
सफलतापूर्वक,165
कटों,70
कारणवश,101
घुसी,111
सुदीप,172
विलुप्त,6
जलसे,197
महामारी,50
चरखारी,76
उड़ने,167
विविधता,34
फैलता,101
तौबा,101
दागी,7
गृहकर,70
छीनी,59
अपेक्षाकृत,25
इनवर्टर,77
सम्मति,165
स्टेंड,57
सुरक्षाबलों,153
अनुग्रह,186
सुखचैन,8
कार्यकत्र्ता,7
फैलती,111
युद्धस्तर,77
ऑपरेटरों,114
त्यागपत्र,140
संरक्षा,16
पोखरों,77
दुबके,18
आभास,154
कैप्सूल,49
सर्प,6
अड़चन,133
गुपचुप,101
दुष्प्रभाव,50
गंगानगर,8
धारी,151
ट्रांसफारमर,77
मनमाना,12
हाशमी,134
कोसा,155
आरपार,151
खोखला,174
पाएं,83
कालिंदी,171
शुद्धता,154
विभाजित,143
सूचीबद्ध,165
हैंडबाल,89
सुनायी,128
तारें,77
ग्यारहवीं,88
संग्रहण,16
बहु,34
तकिया,177
दोगुनी,92
नवसृजित,32
सिलिंडर,177
रैयतों,79
फार्मो,32
पकवान,40
नतीजों,7
अनुभवी,35
शिवभक्तों,100
भड़ास,99
नौका,171
नमूनों,29
बहेड़ी,84
कुर्बान,90
बेनकाब,174
हुकुम,134
जसवाल,8
भांग,49
कतराते,18
पशुधन,6
पटवारियों,114
गोताखोर,77
प्राचार्यो,175
यद्यपि,43
सांझ,54
चबूतरे,171
रंजिशन,116
सैलानी,171
नशेड़ी,59
जंतु,6
जनकल्याण,192
टिक,36
निर्मम,12
पनपने,95
इकलौते,35
जुताई,104
नाकामी,108
बिंदू,39
गिरिजा,39
उत्पीड़न,12
मन्नू,35
बौछार,113
निकलवाने,95
शर्मसार,12
नेत्रहीन,50
व्याख्या,154
असंतुष्ट,99
संयोजिका,39
स्टालों,57
बकाये,70
जुआरियों,59
मिलीमीटर,113
अनुभाग,16
परंपराओं,159
बारातियों,162
रक्तचाप,49
बदस्तूर,101
स्तंभ,129
वानिकी,32
वाहिद,134
बचते,18
सुनाने,128
एलडीएम,178
काहलों,8
दर्शना,39
मंगाया,36
बुढ़ापा,50
पहुंचाएं,83
राष्ट्रव्यापी,139
कुंआ,77
खिलाया,36
दिग्गजों,98
मोहिनी,39
आपदाओं,123
रोपित,104
रचित,1
स्टैण्ड,57
पद्मश्री,35
दिलायी,168
पाबंद,140
कपाट,171
प्रधानी,7
बांग्ला,1
उपरान्त,160
प्रतिरोध,154
गढ्डों,57
हमसे,101
सुसज्जित,165
मोचन,186
मूसलाधार,113
मर्ज,112
विभागाध्यक्षों,114
चैम्पियनशिप,89
कुकर्म,12
उत्पादकों,20
एलबम,109
सबने,155
हिरण,6
युद्धवीर,8
कर्णप्रयाग,76
दाता,186
बगीचे,104
पनीर,40
उचक्कों,59
फांदकर,181
जर्नादन,172
जादूगर,94
प्रतिवाद,199
जोरशोर,71
पेशकश,140
निबटने,123
टहलने,171
ऊधम,71
भंगड़ा,109
बरसाना,171
छुपाने,95
रजाई,177
करबला,73
तनातनी,99
सूझबूझ,86
लगाती,38
भैंसों,6
हताश,128
टीएन,172
सादगी,90
यादें,60
जिंदाबाद,90
बेचता,20
फिजिकल,164
इलेक्ट्रानिक्स,164
महबूबा,134
अध्यापन,37
तड़प,60
समन्वयकों,114
समझाते,155
वाकई,43
अनुकंपा,186
आबाद,10
आंदोलनरत,198
मसलों,199
अनशनकारियों,198
टंकियों,77
मंडराने,18
शर्म,90
कोड़ा,151
समाहित,165
चेकडैम,77
नौनिहाल,8
नियुक्तियों,114
चपत,151
मैगी,40
परिभ्रमण,37
चौखट,177
कुटीर,171
सुझावों,16
सकीं,38
महंथ,118
बकरियों,6
बिटिया,39
लिफाफे,106
राजरानी,39
सफाया,36
घायलावस्था,4
शुरूआती,101
लीं,38
मिठाइयों,40
कमोवेश,101
कोशिशें,108
साधने,95
रियायत,140
शाहदेव,172
आवंटियों,70
पेशा,101
मुसाफिरों,57
टावरों,77
पहाड़ियों,171
मन्नतें,127
पोते,35
आकृति,29
डालेंगे,61
दिखावा,174
मालगोदाम,76
अनुज्ञप्ति,16
शील,186
दिखाएंगे,61
ध्यानी,118
भाड़,41
लड़े,41
चुनरी,62
जघन्य,12
धुनों,109
भौतिकी,34
आधुनिकीकरण,16
बहती,64
कारगुजारी,12
निकलेगा,61
प्रज्ज्वलन,197
पैटर्न,154
छिटपुट,72
श्रद्धापूर्वक,100
अधिग्रहीत,79
प्रवृति,154
समाजसेवियों,98
कुटिया,171
वनाधिकारी,178
भइया,35
बर्दास्त,99
रुकावट,21
किरायेदार,79
सलामत,60
अंदरूनी,101
मनसा,186
आपातकाल,7
किराएदार,116
बहादुरी,90
अहीर,35
तीक्ष्ण,154
सीएसआर,32
ठान,185
अदालती,53
ख्वाब,60
लहराते,18
चढ़ते,105
चाहें,83
परम्परा,159
चबूतरा,171
हटे,18
देखता,18
गाल,151
मेलों,98
ट्रैक्टरों,138
जानती,47
तबदील,36
आनंदी,39
संतुष्टि,168
बास्केटबॉल,89
प्लेटफॉर्म,57
भेड़,6
ठहरे,18
तपती,54
बुझाया,75
फेरे,151
कुमकुम,147
खदेड़ा,36
पिच,171
शमा,75
तकदीर,60
वामपंथी,7
शारदीय,127
भेंटकर,197
निष्कर्ष,154
तख्तियां,132
जूं,49
फोटोयुक्त,32
खूबसूरती,82
निबंधित,32
जड़ा,151
वाणिज्यकर,178
ब्रह्मानंद,172
नफरत,99
अनुरक्षण,16
सीखे,101
परी,39
शिवाला,76
तेजा,8
सजाए,176
निष्क्रियता,154
अमरपाल,8
उमड़ने,71
निवाला,40
चौकों,57
जानकारियों,196
गुणात्मक,34
इमारतें,57
प्रोफाइल,196
यहाँ,96
दुहाई,140
वेश,62
मछलियां,6
महाकुंभ,159
पीए,49
ईलाज,112
झाडू,142
हेपेटाइटिस,49
भुला,101
सोई,103
बहकावे,174
कारवां,60
डांडिया,109
लीन,186
लाभांवित,32
क्रोध,131
शर्बत,49
गठजोड़,7
जगमग,52
संभालेंगे,61
फिजीशियन,112
सहानुभूति,154
जांचोपरांत,178
नामकरण,165
पूर्ववर्ती,154
आशियाने,60
उर्वरा,104
उत्कर्ष,186
वातानुकूलित,177
मजे,18
जमीर,134
गैरकानूनी,12
गुजारिश,140
छेड़छाड़,12
पाइपों,77
हस्तांतरण,16
बकरा,6
पुरातन,159
महानगरों,10
दौड़कर,151
प्रदत्त,165
डूबकर,64
एनएचएआइ,16
बगावत,7
बनवाना,144
संज्ञा,154
बंधुओं,98
गड़बड़,86
बचाए,157
मजहब,159
नामचीन,98
बीता,101
रुद्र,66
गौरवान्वित,90
आमजनों,98
पूछते,155
संकलन,1
पतन,154
अनुभवों,154
पेयजलापूर्ति,77
चहेते,35
प्रार्थी,178
पसंदीदा,82
भाला,151
शिल्प,29
बिगड़ते,41
डिब्बा,176
सोची,95
कुलाधिपति,137
खाल,6
सीनेट,137
अनुशासनहीनता,12
शर्ते,140
घटों,30
बिठा,36
खोदकर,29
चुनौतियां,123
दूज,127
बाराहाट,76
क्रूरता,12
पुस्तिकाएं,129
सांठगांठ,174
राजदीप,172
चुनिंदा,72
जिज्ञासा,199
कहेंगे,61
निर्दल,7
संस्कारशाला,159
शैल,29
भ्रमित,154
हकों,98
कुओं,77
सौहार्दपूर्ण,97
बदहवास,4
वेशभूषा,62
बराती,162
प्रसूति,112
परिधान,62
आमादा,95
जांची,86
पृष्ठभूमि,154
पाठकों,1
सतह,34
गांववासी,8
पूर्वानुमान,154
कब्र,29
शिक्षाविद्,137
ड्राइंग,164
भुलाया,90
संभालते,18
तेजवीर,8
तोड़कर,36
खोलते,18
कारें,138
प्रवचनों,118
बिछाया,36
नशाखोरी,50
कलंक,50
मैगजीन,129
बाएं,151
अनुरुप,165
नीरा,39
यमुनोत्री,171
इसलिये,43
अपनाएं,83
हामी,155
बालिकाएं,32
स्तनपान,50
मसीहा,159
अजगर,6
चेयरमेन,137
राजनारायण,172
तुम्हारे,96
टकराया,81
रचनाएं,1
साइकिलों,138
पवित्रता,186
बास,171
बनाएगा,61
आउटसोर्सिग,114
इतिश्री,86
ठेंगा,90
समूचा,31
लिखना,144
प्रकरणों,53
उदयराज,8
प्रचलित,72
निहित,154
संवर्धन,56
बधिर,50
बोरियां,106
पांचवां,9
कंकाल,29
मलाल,60
पीडि़तों,28
गुजरता,101
खंगालने,86
जहरखुरानों,59
लालटेन,75
मिलजुल,159
गंदी,142
शादियों,127
बब्बन,172
बुध,147
बागडोर,7
मनाएंगे,127
कोसते,18
घटाकर,92
उड़ी,167
फूटी,195
तीरंदाजी,89
इन्हे,193
आकाशवाणी,129
बेदखल,79
चलाएगी,61
छपी,129
इकाईयों,16
कांच,176
खासियत,195
खोलना,144
सरहद,152
कनक,39
बर्खास्तगी,12
कोयल,39
बहुचर्चित,1
न्यौता,155
काबिल,35
कायस्थ,159
सांगठनिक,7
फार्मासिस्टों,114
अंगों,50
पांडव,169
बांधी,151
बालियां,176
स्टीकर,62
सलोनी,39
लाज,90
खुशनुमा,82
जगा,103
अफवाहों,99
वर्गों,98
कोसों,101
बिन्दु,154
सजगता,154
चकाचक,57
संचय,16
नतमस्तक,90
संवेदनशीलता,154
आगंतुकों,171
हिदायतों,140
मौतें,4
शिक्षाविद,137
नीलगाय,6
बंटा,143
कंठ,186
धंसने,81
सिंतबर,160
नशों,49
मनन,37
चहुंमुखी,179
दानी,35
जत्थों,73
उलझा,161
मोहसिन,134
बुझ,75
पर्याय,154
निकलवाया,36
आसरा,60
उधम,8
पूर्वांचल,31
लगाएगा,61
एहसान,134
पिहानी,76
देशवासियों,90
यूएस,164
मिश्रित,34
झाड़ी,41
पादरी,118
गहराया,123
वर्जित,165
दुआएं,60
मद्य,49
मचाई,71
लीजिए,83
परिकल्पना,154
कायदे,101
अटकी,48
तिजोरी,176
रक्षकों,152
सौंपेंगे,61
पकड़ने,95
जमाना,101
छूटा,101
संबधी,72
फफूंद,104
विद्युतापूर्ति,77
शतप्रतिशत,32
प्रवक्ताओं,114
शोहरतगढ़,76
आयीं,38
आवाम,98
संगतों,118
मातृत्व,50
बंधाया,168
शस्त्रों,152
बेखबर,128
प्रमाणिक,154
फॉगिंग,77
गुजारने,160
उंगली,151
रुककर,171
बीचों,171
दिलवाई,168
टहल,18
अफसरशाही,98
पहुंचाते,18
बुराईयों,117
वधू,162
सत्कार,155
मैत्री,97
हटाई,111
दीये,75
व्यापी,198
स्थितियों,154
डिब्बों,176
कैंपों,152
जलसा,197
हलफनामा,53
धमक,71
भूखंडों,79
अरबों,149
उपखंड,178
छर्रा,76
प्रतिभाएं,89
कंक्रीट,29
अंडा,40
उस्मानी,134
पेशाब,49
पौत्र,35
पोषित,165
इसमे,43
ठहर,18
उग्रवादियों,153
मरी,111
मध्यस्थता,16
गवां,36
बेअदबी,99
नाती,35
अध्याय,159
जमात,98
कुलवीर,8
नंगे,18
पहुंचाए,36
बवाना,76
साम्प्रदायिक,159
हार्डवेयर,196
घोंटकर,151
दुखों,123
नकारा,86
असमय,50
रैलियां,26
उग्रवादी,153
बाते,195
मुकामी,134
किन्हीं,72
अनदेखा,86
ब्लेड,151
पारितोषिक,168
गुज्जर,8
मौनी,172
डरे,18
जूही,39
साइकिलें,138
छिड़क,75
नसीर,134
उकलाना,8
रोजे,134
चलाएंगे,61
रंगेहाथ,59
बरसा,113
अक्षत,186
खेद,155
जन्मे,35
गिलास,49
भरसक,108
मणिपुर,31
अप्रत्याशित,154
खुदकशी,4
भांजी,39
जमादार,152
श्राद्ध,127
पढ़ाते,37
निरोधात्मक,154
तिरंगे,90
सुमंत,130
प्रतिबद्धता,154
छुपा,157
फेंकी,111
रवानगी,195
धोना,144
लीपापोती,86
हटेंगे,61
बाराती,162
सभ्याचारक,197
चित्रांकन,1
वचनबद्ध,165
आलाधिकारियों,178
बारीकियों,86
निष्पक्षता,154
बिखेर,36
जातिवाद,159
अनुयायी,159
कालोनियां,10
हरिनाम,186
चूड़ियां,176
बिलखते,128
परीक्षित,35
तबादलों,5
छक्के,151
नवी,134
ओले,113
कीर्तिमान,89
गोसाई,172
दुलारी,39
देररात,73
नवीनतम,129
देरशाम,73
दशम,147
ग्रामवासियों,98
बाबुओं,114
नियमितीकरण,114
नजाकत,134
नजरों,101
समयबद्ध,16
निकलवा,36
योजनाबद्ध,16
यादों,60
खाए,40
उपकार,186
भुवनेश,172
लाहौर,31
टला,71
बाध्यता,140
साली,39
अभिकर्ताओं,16
गाँव,10
चारधाम,171
नाप,151
साहसिक,82
मुनी,172
एलआईसी,32
संवाददाताओं,26
उद्घोष,90
करिश्मा,39
बकरियां,6
सीमांकन,79
ओढ़ाकर,11
मंगलसूत्र,176
अभियन्ता,178
बंदा,35
शुद्धि,159
दमा,49
निभाएं,94
कपड़े,62
खामोशी,60
भालू,6
डलवाने,95
उस्ताद,134
भोलू,35
चाभी,177
पकडे़,59
वादाखिलाफी,12
पंचायतीराज,32
अविवाहित,116
जलते,75
डेरापुर,76
खजूर,40
शिवनंदन,172
जनकल्याणकारी,192
रोको,198
कठिनाईयों,123
चादरपोशी,73
मेधावियों,164
भटकने,95
गुनाह,13
चौतरफा,153
फतह,90
देखो,155
परास्नातक,107
खोने,168
संदेहास्पद,86
कुर्ता,62
सांड,6
लोभ,149
बंध,151
श्रीमति,39
कसना,151
धागा,176
शातिरों,59
प्रबन्धक,137
व्यंग्य,1
लुप्त,101
बल्ला,151
दसवें,160
आर्शीवाद,186
समर्थ,165
रुपेश,172
चिड़ियाघर,6
फुर्सत,101
पूरक,16
लगाएगी,61
अछूता,101
भागीदार,16
जलपान,40
हुक्म,140
शंखनाद,90
कांप,128
रहन,159
रिझाने,95
कलशयात्रा,73
सार,154
निर्माणों,77
पदस्थापन,5
खोदने,29
कृत,186
शाप,186
संबद्धता,16
सिद्धि,186
रुकते,18
पथरी,49
मोल,20
थोड़ी,156
खोटी,99
कमोबेश,101
कुटी,171
सायरन,80
घटाने,95
पटक,151
दुधारू,6
आक्रामक,154
शोरगुल,71
तोता,6
उत्पादकता,16
छिप,18
प्रमाणपत्रों,114
वीरता,90
बोई,104
गिने,101
जायदाद,79
सितारा,171
हजम,149
अविरल,64
कुमुद,172
चर्म,46
झडी,151
सुधरी,195
अजायब,8
सामंत,35
सांसें,60
निरोग,186
पुत्रियों,116
जलाशयों,77
बिठाकर,36
ग्रामवासी,79
जेहन,60
आहुतियां,100
महकमों,114
प्रभावती,39
नौकरानी,39
ब्रजमोहन,172
तनिक,86
द्वेष,186
आज्ञा,140
होनेवाली,195
दूरदर्शन,129
सुहेल,134
तटवर्ती,31
दौड़ाया,36
किस्मों,104
मिठास,40
ससुरालीजन,116
बरतते,86
दूत,186
स्वदेश,186
जिलामंत्री,137
मुंडन,127
केले,40
ढील,140
अनूठी,82
गुरुजनों,118
तमाशा,94
तीरथ,172
शिक्षणेत्तर,114
शोधन,16
साग,40
बिका,20
चौका,151
प्रासंगिक,154
लड़ेगी,7
फैलाई,71
भंवर,64
सुपरवाइजरों,114
छिपाकर,157
पड़ताल,86
छत्रपति,66
रूझान,92
अध्यक्षीय,137
आतुर,95
गहनों,176
लोकनिर्माण,137
पुनरावृत्ति,154
अनपढ़,35
समावेश,165
अशिक्षा,50
सुभद्रा,39
सेव,40
जंगलराज,7
राष्ट्रीयकृत,32
लड़ना,144
संघर्षरत,168
रुकवाने,95
करवाचौथ,127
तरंग,186
ग्लास,176
गैलन,77
उर्वरकों,104
अनिमेष,172
अभिन्न,159
नवरात्रों,127
गण्यमान्य,98
महारैली,26
कनेक्टिविटी,196
शमशान,171
बिरजू,35
लावारिश,4
धीमा,21
भूसे,106
पुनर्विचार,140
शवगृह,4
धरनास्थल,198
आंनद,186
जांचा,86
पोलिथिन,106
संघों,98
ग्रह,147
वयोवृद्ध,35
चिकित्सालयों,112
पराग,150
कौड़ी,149
छलावा,174
झोपड़ियों,57
दूतावास,139
विशेश्वर,172
झुग्गियों,10
अधिग्रहित,79
निलेश,172
प्रतीक्षालय,171
नौंवी,88
पड़ना,184
रघु,172
भूतल,171
किसानो,79
फांक,151
सुहाना,54
प्राविधिक,34
असहायों,67
लोचन,172
प्रशंसनीय,82
बिगड़े,41
उत्पादित,165
खुलता,171
पहचानने,86
कसते,151
बगिया,150
अंडे,40
उद्यम,16
उलझी,161
बिचौलिए,20
विधा,1
मलय,172
खानापूरी,86
रोकते,18
निकालेंगे,61
चौपारण,76
उजाला,129
फिसड्डी,89
नीला,93
षडयंत्र,12
कांधला,76
प्रखर,186
हाजरी,73
भावनाएं,154
बिचौलिया,20
गायकी,109
दुनियां,101
पिया,49
गोलीकांड,28
जायरीन,73
स्ट्रोक,89
कुव्यवस्था,123
मंसूबे,95
फिजा,71
वारिसों,98
दवाईयां,49
लोकनृत्य,109
शतक,89
पछुआ,54
बिताने,160
इंस्पेक्टरों,114
फांस,151
मुजाहिद,134
नागवार,99
समीक्षात्मक,154
विचरण,37
सम्मुख,186
सालभर,101
सूने,171
मनवाया,155
पदार्थों,72
श्मशानघाट,73
मुर्दाबाद,90
बदलेगी,2
क्षत,4
इस्लामिक,159
शांतिभंग,59
बढ़ाएं,83
वायुसेना,152
भात,40
पढ़ाना,144
बीचोबीच,171
बिखरी,111
धरी,195
तरबूज,40
ढलाई,176
वगैरह,95
हारने,89
निपट,36
बाकि,19
भक्तजनों,100
कमाया,149
प्रतिभाशाली,82
उलझे,161
दुकाने,121
खंडित,154
वरन,43
जवाबदेह,16
फ्रेंचाइजी,20
पर्चियां,106
चौपहिया,138
ऑडिशन,94
बरतनी,86
बीन,80
घपले,149
गलतियों,86
नैनो,34
दलीय,7
राखियां,176
आयेंगे,61
पुरूषों,50
नम्रता,186
शिकारियों,6
खिड़कियों,177
सभ्य,159
अंपायर,89
पसार,151
पालतू,6
लकड़ी,29
बच्चियां,50
आयेगी,61
चीखने,128
नवगठित,137
अमानवीय,12
लहजे,155
खुलेगी,61
नमाजियों,73
सुलझ,161
बहुमूल्य,82
महामहिम,137
आवश्यकतानुसार,16
गिरती,81
अंतरराज्यीय,31
उपसचिव,137
टेबिल,177
खात्मे,95
दौराला,76
दर्जकर,59
अनसुना,128
भक्तजन,100
अधिकारिता,53
गौरवशाली,90
बहुओं,116
भरवाया,36
खेलकर,89
उड़ाते,167
कार्यमुक्त,5
ग्रीष्मकालीन,139
धन्य,186
चहुंओर,71
छतरी,171
पड़ने,184
तथाकथित,98
शास्त्रों,159
टुकड़ों,41
प्रियांशु,172
मुख्यअतिथि,197
मंत्रणा,26
भीग,113
पंचर,138
तेजस्वी,186
नौवें,160
परिदृश्य,34
कैंब्रिज,164
बताएगा,61
दाहिने,151
विक्रमादित्य,35
वस्तुस्थिति,154
दगा,60
देवगम,159
बंटे,143
काठगढ़,76
गिराकर,81
नगराधीश,8
व्यवस्थापकों,114
झुलसने,4
पुंज,186
संवेदकों,196
घटते,92
लेजर,196
नथुनी,39
किश्तों,24
खेमका,172
शिकारी,6
सरपरस्त,134
विक्षत,4
आसीन,137
हवस,59
भगाया,36
एप्लीकेशन,164
ताल्लुक,101
ट्रेक,171
दीपों,127
मालवाहक,138
शायरी,1
रसोईया,40
किसका,101
बारूद,176
म्यूजियम,29
उठायी,111
दंडाधिकारियों,178
परख,86
मनोहारी,82
सारिणी,5
खोदे,77
पहिये,138
पोती,39
अपशब्द,22
अंशिका,39
वनवासी,98
तरैया,76
रैबीज,112
माखन,40
सजने,127
प्रतियोगियों,89
प्रस्तावक,137
गुरुद्वारों,146
मुख,186
शिष्यों,118
दमदार,82
ढीले,151
डिफाल्टर,70
बोतलों,49
विपक्षियों,7
विश्लेषण,154
अनुशासनात्मक,12
हड्डियों,29
दशमी,127
मुखाग्नि,116
माँग,140
चित्रा,39
रेलमार्ग,57
निषेधाज्ञा,53
हंसते,18
दीनबंधु,172
एकलव्य,35
बचकर,18
खोजी,86
खीरा,40
बकरे,6
बहकर,64
श्वेत,93
मेहरबानी,195
गालीगलौज,99
गोले,176
धुलाई,142
अमानत,15
शराफत,134
ताड़ी,49
गंाव,63
अराजकतत्वों,28
वाद्य,80
मंदबुद्धि,50
हतप्रभ,128
वीरान,171
पड़ीं,184
थामा,151
बिछाकर,36
नमकीन,40
जाँच,86
सिंथेटिक,176
विज्ञानी,34
खजांची,35
लकड़ियों,57
बेपटरी,4
फटा,62
ईश्वरी,39
नवनिर्माण,42
तोला,106
विफलता,123
कूड़ादान,142
गिनाई,195
हिफाजत,90
अयोग्य,12
माध्यमों,196
छलक,60
ढहने,81
वितरक,20
वास्ता,101
कुनाल,172
समाजशास्त्र,37
छप्पन,30
अभिवादन,155
गरज,113
गुजराती,1
बोगियों,57
सबूतों,174
बजाते,80
नहाते,18
पिचकारी,151
लग्न,147
प्रकल्प,32
मांगलिक,147
भूदेव,172
रणजी,89
सिंधु,64
पाश्चात्य,159
छेड़ने,41
गर्मजोशी,155
मैदानों,31
फीका,93
मकबूल,134
प्राणों,186
विलीन,186
लगकर,132
कुर्क,79
गीतकार,35
थान,176
क्वार्सी,28
प्रतिलिपि,1
मटका,151
लाइनमैनों,114
अप्रशिक्षित,114
योजनाकार,137
दौड़ी,111
जुड़ाव,41
जहाँ,96
मुहाने,171
मल्लाह,35
सटाकर,151
मुमकिन,144
चिमनी,177
नहरें,77
नरक,159
गोलबंद,7
खड्डा,76
ताप,54
ढुलमुल,99
एकीकृत,34
मालाकार,172
कसे,151
पोस्टरों,57
अन्नदाता,67
पीटीआई,129
रेलपार,171
भागना,144
धकेल,36
अभिलाषा,186
खुशखबरी,195
बेकसूर,13
दीया,75
कोषाधिकारी,178
इच्छाशक्ति,185
छुड़ाया,36
अभूतपूर्व,82
मादा,6
टेप,196
असुरक्षा,123
बेशकीमती,176
सेनानायक,152
जलेबी,40
सेटेलाइट,196
सिवा,95
लहसुन,40
दर्रे,171
उपजे,199
दुकानदारी,20
सीना,151
मंदाकिनी,39
थिरके,109
इमामबाड़ा,134
खाबड़,57
शर्मिला,39
छीने,59
परास्त,89
तपा,54
चटकाए,151
जिलास्तर,32
रूकने,171
सत्यता,86
कूदने,95
बचेगा,61
शक्तिशाली,34
कोख,50
पटाक्षेप,160
सेनापति,152
जलता,75
वाहक,34
बीचोंबीच,171
सर्कस,94
लांग,171
झपटमार,59
अपहरणकर्ताओं,59
कशिश,60
सलामती,60
सातवां,9
खिलाई,40
अपहर्ताओं,59
पकाने,40
पस्त,81
कछुआ,6
आयशा,134
नियति,154
बैनीवाल,8
मरणासन्न,4
मुंहतोड़,153
तहस,36
खाती,111
युवजन,7
मनाही,140
चिल्ला,128
हुर्रियत,153
सारथी,35
इंद्रधनुष,93
बटेश्वर,76
बोलना,22
स्वप्न,186
जुए,149
ग्रंथों,159
मधुमक्खी,6
बोरों,106
पीतांबर,172
रुदौली,76
सट्टे,149
शहद,40
कथनी,195
जुबानी,128
झपटमारी,59
करनेवालों,95
अध्यात्मिक,118
थकान,49
मंगवाई,111
पक्षधर,159
शूट,36
सरंक्षण,56
छायादार,104
कालिका,39
सुलेख,1
वस्त्रों,62
लगेंगी,38
बाइस,30
लगान,79
जालसाज,59
रेस्तरां,20
संबंधियों,116
दलीलें,174
रहनेवाले,31
जोड़ते,41
खादों,104
मारना,144
अंकपत्र,164
हस्तियों,98
मुशायरे,197
सीवेज,77
मध्यान्ह,32
निकलें,83
कार्यस्थल,16
अनूठा,82
झकझोर,128
झड़ी,113
दिव्यांगों,32
न्यायधीश,53
मनवाने,95
किरकिरी,99
हिला,36
चुटकी,151
ओलंपियाड,89
यामीन,134
लहरी,186
ताश,176
उड़ती,167
सरस,1
छात्रनेता,137
मरम्मती,77
गेटमैन,28
तबला,80
संपादित,165
गड़गड़ाहट,71
चैनलों,129
उगी,104
पूछी,155
अप्रत्यक्ष,154
बक्शा,59
कुशलता,154
आयुवर्ग,50
अंत्यपरीक्षण,165
डब्ल्यू,35
कर्मो,159
बेपरवाह,101
कास्य,89
हसीन,60
चमकाने,95
उजड़,79
अत्याधिक,34
कर्मठ,35
झोपड़ियां,57
डाट,151
कटघरे,53
चलाएगा,61
प्रजनन,50
साठगांठ,149
लेखकों,98
आइना,60
निपटाया,36
दबने,81
धारणा,154
अस्वस्थ,50
चुनकर,36
मंगाकर,36
मारूति,138
परखने,86
सकरा,76
धरोहरों,98
सुखा,36
होम्योपैथी,112
नरम,40
लल्ला,172
रंगकर्मी,94
गृहणी,39
बदलती,2
रुकवाया,36
छोड़ते,41
कुचलने,95
अनबन,97
पुत्रियां,39
बंसीलाल,8
कोयलांचल,31
सोचते,18
जागे,103
हत्याओं,12
लेंटर,77
नन्हीं,39
अखाड़ों,57
रक्तदाताओं,112
उठाता,199
चेत,35
वाचन,37
वायदों,7
स्वास्थ्यकर्मी,112
निभानी,94
जननायक,90
जुबां,60
प्रतियां,129
परमार्थ,186
बारीकियां,86
माचिस,75
काजू,40
सर्वदलीय,26
भोली,39
शहनाई,80
पनकी,76
कांटी,76
अवसरों,154
सिक्कों,176
त्रुटियों,154
भूले,101
तम्बाकू,49
सम्बंधित,72
शासित,31
नायाब,82
वशिष्ट,172
ब्रह्मचारी,118
पड़ती,184
कामधेनु,186
फार्मेसिस्ट,112
कातिल,59
शीशी,49
गुब्बारे,151
छंटनी,114
टयूबवेल,77
नीर,64
नाचने,109
खाएं,40
सप्तमी,127
तारे,186
तीव्रता,154
गहराने,123
पोस्टमास्टर,178
निरक्षर,50
जिन्दगी,60
मच्छरदानी,177
लटकते,18
लौटाया,36
घपला,149
दालों,40
परिधानों,62
खरपतवार,104
मुनाफे,149
धोती,62
मुग्ध,128
मालामाल,149
बुलावा,155
जुटेंगे,61
पीक,171
अनौपचारिक,16
बदलता,2
अकादमिक,164
कतारबद्ध,132
कैंची,151
इंतकाल,134
नजरिया,2
मुख्तयार,8
कपडे़,62
चमेली,39
ठप्प,21
झपटी,151
दामिनी,39
नोंक,151
टोका,155
वन्यजीव,6
महती,186
छोड़ने,95
प्रागंण,171
मुकीम,134
छेद,151
सुंडी,104
गोरक्षा,159
शंख,80
राष्ट्रगान,109
कस्तूरी,6
बमबम,172
ढर्रे,2
औरत,39
झरना,171
रौब,151
कार्यक्षेत्र,16
वेल,151
जायेंगी,38
पुश्तैनी,79
अलगाववादी,153
अधीक्षकों,178
निर्णयों,53
फोटोग्राफर,35
कसम,90
फेहरिस्त,101
थिरकते,109
अधमरा,36
चेस,89
वली,134
अल्का,39
कम्यूनिकेशन,164
कछला,76
लगवाकर,36
कीजिए,83
पटवार,178
दरवाजों,177
संकोच,155
पैंतीस,30
जनेश्वर,172
मृदुला,39
फहराने,90
आइए,83
काश्तकार,173
चलंत,57
बजरिया,76
रुद्राभिषेक,100
वेदांत,118
खोदी,29
ऐतराज,140
रहूंगा,61
भावपूर्ण,82
शान्ति,186
स्टाम्प,20
निराशाजनक,82
स्मारिका,129
हिरन,6
रिफंड,70
प्राणियों,50
पत्थरबाजी,153
अधिकता,123
आटे,40
मंडलाध्यक्ष,137
चुराई,59
बाड़े,6
अनभिज्ञ,101
हजारा,187
मिश्री,40
सुनहरा,93
ब्रह्मदेव,66
बरकत,134
भड़की,71
अकीदतमंदों,73
मसाले,40
सोचकर,43
सत्यार्थी,172
तुम्हें,96
उत्सुक,95
उजाड़,79
दुश्मनों,152
सुबेदार,8
जनसमूह,98
दिलावर,134
सगाई,97
आरम्भ,165
ठूंस,36
गाजर,40
ताजपोशी,7
टिन,176
ढाल,2
गुलामी,159
उचक्के,59
हथकंडे,95
खोखले,174
जागा,103
फैलते,18
जिमखाना,164
तुलाराम,8
बनेंगी,38
प्रसंस्करण,34
क्रियाओं,72
हटाये,36
लालसा,168
पीढि़यों,98
टैबलेट,196
नेटवर्किंग,164
कसौटी,154
अधिसूचित,165
लकड़ा,172
अपहरणकर्ता,59
राजमिस्त्री,98
सुंदरकांड,100
बैलगाड़ी,138
आदिम,34
छूटी,111
अढ़ाई,30
सूजन,49
भांजा,35
चश्मे,62
सूनी,195
रसायनिक,34
करवाता,190
छपने,129
स्वर्णिम,186
दर्पण,129
बचाते,18
बर्ताव,12
ईसा,159
वर्धन,186
बल्लेबाजों,89
पेंशनधारियों,114
पिलाना,23
गरजे,71
देशद्रोह,12
बाजा,80
टकटकी,151
देवरानी,39
तलहटी,171
फरमाया,155
लड़ने,95
रूपों,72
चहलकदमी,71
अशोका,39
सीढि़यां,171
रिजेक्ट,155
खुलती,111
कातिलाना,153
काबीना,137
सर्वधर्म,159
जनसेवक,137
टेक्नोलाजी,164
विद्यापति,187
परिप्रेक्ष्य,154
यांत्रिक,34
चित्रण,154
कॉरपोरेट,16
वेदों,159
वाम,7
सर्वांगीण,179
टीजीटी,114
शुष्क,34
निर्यातकों,20
सेहरा,60
सैद्धांतिक,34
चिंहित,70
निर्यातक,20
देखती,111
चिता,75
कसाना,8
पंचमुखी,66
कारनामे,174
अपर्णा,39
गरुड़,6
ताकीद,140
पतली,195
मेहनताना,24
उम्मीदवारी,7
मंगाने,95
खात्मा,153
आलिया,39
परोपकार,56
टुकड़ा,41
सजाकर,36
