word,cluster
में,158
लिए,158
किया,158
गया,85
हैं,85
नहीं,158
सिंह,77
पुलिस,155
दिया,85
करने,158
कहा,85
रहे,85
बाद,125
करें,85
साथ,48
रहा,85
रही,85
बताया,85
हुए,85
लोगों,158
उन्होंने,170
होने,158
गांव,158
लेकर,158
जिला,13
इसके,48
एवं,48
क्षेत्र,13
द्वारा,115
हुई,85
लेकिन,198
लिया,158
सरकार,194
अपने,48
विभाग,62
मोबाइल,142
वाले,85
दौरान,125
आदि,48
सभी,48
मौके,158
फोटो,142
देखने,85
जागरण,153
जाने,85
दिन,125
नगर,13
तथा,48
जाएं,26
निवासी,158
लोग,85
बैठक,106
शुरू,196
कोई,158
हुआ,85
ताजा,153
करते,85
खबरें,153
समय,125
जाएगा,26
तीन,100
मामले,158
रुपये,189
कारण,158
पहले,125
थाना,175
पूर्व,13
विकास,27
संवाददाता,153
अन्य,48
जानकारी,115
कुछ,48
दर्ज,158
शर्मा,77
जांच,73
अध्यक्ष,49
स्कूल,17
यहां,158
अधिकारी,62
किसी,48
उनके,48
कार्य,115
पास,48
स्थित,13
कार्यक्रम,106
अस्पताल,157
वहीं,158
पंचायत,146
बात,158
पानी,158
किए,85
मांग,197
बच्चों,158
खिलाफ,158
बार,158
रूप,115
बजे,11
काम,158
उन्हें,170
कार्रवाई,158
तरह,48
देने,158
प्रदेश,13
महिला,186
उसे,158
वर्ष,125
मौजूद,48
अपनी,87
उसके,158
शहर,13
चुनाव,117
हजार,189
सूचना,115
दोनों,48
केंद्र,158
निर्माण,115
सहित,48
टीम,105
देवी,1
घटना,184
सड़क,53
विद्यालय,17
मुख्य,158
शिक्षा,115
चार,100
बीच,48
प्रशासन,62
बिजली,180
रात,11
शामिल,48
जिले,13
होगा,26
कार्यालय,158
संवाद,48
इससे,158
मौत,184
उपस्थित,158
करीब,100
लाख,189
सुबह,11
दिए,85
नाम,158
पांच,100
अधिकारियों,62
कराया,108
जाएगी,26
आयोजित,106
राम,77
कहना,85
जारी,196
इसी,48
निर्देश,115
काफी,21
करना,85
प्रधान,146
जाता,85
प्रखंड,35
जबकि,198
व्यवस्था,115
आने,85
प्रसाद,77
घायल,150
आरोप,158
किसानों,158
योजना,115
तहत,115
लगा,176
आयोजन,106
वाली,85
अवसर,158
सोमवार,80
संख्या,158
अधिक,21
शिकायत,158
ग्रामीणों,128
उनकी,87
बंद,196
इसमें,48
राज्य,13
समिति,49
परीक्षा,193
अलावा,48
अभियान,110
मामला,158
ऐसे,48
अनुसार,115
चाहिए,85
युवक,186
मंदिर,1
पहुंचे,158
सचिव,49
ग्राम,146
रोड,172
पत्र,178
पुत्र,151
मंगलवार,80
उसकी,87
जहां,158
होगी,26
शनिवार,80
मिल,85
कराने,108
पूरी,158
बुधवार,80
शुक्रवार,80
छात्र,17
पार्टी,70
विभिन्न,48
रविवार,80
फिर,158
मंत्री,194
शाम,11
साल,125
अभी,158
आरोपी,0
गयी,85
जाए,26
स्वास्थ्य,27
जिसमें,48
वहां,158
गिरफ्तार,158
स्थानीय,158
निगम,173
विधायक,70
प्रभारी,49
समेत,48
बनाने,5
माह,125
लाल,56
श्री,77
परिवार,48
दिनों,125
प्रदर्शन,158
इसकी,87
प्रयास,14
सरकारी,158
सामने,158
ग्रामीण,13
जिससे,158
सदस्य,49
बैंक,173
समाज,27
सुरक्षा,158
वाहन,147
समस्या,116
किसान,158
पूरा,158
देश,158
बारे,158
चलते,158
लगाया,176
हत्या,0
रहने,85
मिलने,85
बाहर,111
बाजार,90
सहयोगी,48
स्थिति,158
दूसरे,48
लगे,85
पदाधिकारी,49
चोरी,78
शिक्षक,17
प्रतियोगिता,105
भाग,158
मार्ग,53
मुख्यमंत्री,194
स्थान,158
प्रतिनिधि,49
सफाई,158
सकता,85
छात्रों,17
मंडल,49
मिली,85
होती,85
कर्मचारियों,158
आदेश,115
पहुंच,4
पिछले,125
लेने,158
होता,85
विरोध,158
नेता,70
प्राप्त,158
जगह,158
तैयार,158
सेवा,115
उनका,87
परिजनों,12
अपना,158
देर,158
जनता,70
चालक,147
प्रति,110
मिला,85
गंभीर,110
संबंध,48
संघ,49
अलग,48
जमीन,165
भवन,34
अध्यक्षता,106
जाती,85
वालों,158
उक्त,158
कर्मचारी,158
जल्द,183
प्रकाश,192
राष्ट्रीय,158
गुरुवार,80
बना,5
जाम,53
करेंगे,26
विशेष,48
स्तर,158
स्टेशन,53
व्यक्ति,158
लगी,85
महिलाओं,186
थाने,62
होकर,158
कमेटी,49
गये,85
राय,115
उसने,158
परिसर,34
देते,85
देकर,158
संबंधित,48
तरफ,158
पूरे,158
समारोह,106
उपलब्ध,115
प्रथम,158
सात,100
शिविर,106
शिक्षकों,17
भारत,13
सभा,115
बच्चे,158
लगभग,100
इसका,170
आगे,57
विजय,27
राशि,177
भर्ती,47
अशोक,195
दूर,158
वर्ग,137
परिषद,49
दिवस,65
मां,151
लाइन,152
होते,85
मारपीट,29
घंटे,125
पंजाब,13
प्रमुख,158
पिता,151
रखा,5
छात्राओं,17
पहुंची,4
आया,85
उसका,87
अवैध,115
इसे,170
दुकान,90
अगर,158
पता,85
इलाज,157
जमा,158
जिस,48
कोतवाली,175
आधार,115
विद्यार्थियों,17
जेल,44
नजर,85
मतदान,117
ज्यादा,21
लगाने,176
जिलाधिकारी,62
खेल,2
यदि,158
कर्मियों,158
दोपहर,11
सबसे,21
बोर्ड,49
चौक,172
भाई,151
प्रशिक्षण,17
शराब,76
ट्रक,147
सवार,53
बावजूद,158
पूजा,1
सदर,175
जाते,85
डीएम,62
करोड़,189
हालत,72
गांवों,13
निरीक्षण,115
आरोपियों,0
हालांकि,198
युवा,92
चुकी,52
सदस्यों,158
वाहनों,147
सके,26
कार,147
बरामद,140
विद्युत,180
पड़ा,109
भारी,21
भेज,38
अनिल,195
बड़ी,21
चुके,85
जिसके,48
जीवन,27
नेतृत्व,158
चला,85
सहयोग,115
मनोज,195
भारतीय,158
वापस,71
बनाया,5
मार्च,60
वितरण,115
कुमारी,81
परेशानी,116
करके,158
कंपनी,158
प्राथमिक,17
प्रकार,48
कार्यकर्ताओं,70
कही,85
कराई,108
वजह,158
कृषि,158
पति,12
ध्यान,158
कोर्ट,185
संगठन,158
होना,85
जाएंगे,26
दूसरी,158
संबोधित,106
आपूर्ति,180
ताकि,26
लाभ,110
माध्यम,115
निर्णय,115
हाथ,101
बढ़,57
मुताबिक,115
बारिश,124
मिले,85
होंगे,26
सामान,107
विवाद,29
पाया,85
ऐसा,158
वाला,158
राज,158
सकते,85
संचालन,115
बिना,158
अजय,195
आंदोलन,158
जाना,85
वरिष्ठ,188
विधानसभा,117
देख,85
कुल,158
हाल,158
आवेदन,158
बने,5
भेजा,38
देखते,85
रखने,5
मंडी,149
तेज,15
चुका,85
मुकदमा,185
धरना,79
जिलाध्यक्ष,49
भूमि,165
ठाकुर,77
अदालत,185
पत्नी,12
इसलिए,198
बनी,85
रैली,106
जैसे,48
प्रतिशत,189
कहीं,158
भीड़,123
सूत्र,115
फरार,158
क्या,158
सूची,115
परेशान,162
तैनात,155
साफ,158
तहसील,175
बनाए,5
अंदर,111
शासन,115
सुविधा,115
गाव,158
भगवान,1
दर्जन,100
बाबा,191
लगातार,125
उधर,18
पक्ष,158
समस्याओं,116
अतिथि,122
क्षेत्रों,13
अभियंता,62
मुख्यालय,158
फसल,22
मुखिया,158
करता,85
यात्रा,18
निदेशक,49
आवास,34
चर्चा,106
शादी,12
सहायक,158
थानाध्यक्ष,62
उपाध्यक्ष,49
वर्षीय,158
सांसद,194
निजी,158
आसपास,13
सकती,85
दास,77
जान,158
प्रत्याशी,117
तैयारी,14
ब्लाक,146
बाल,158
सिविल,158
भुगतान,177
पीड़ित,98
पहचान,158
खराब,72
सेक्टर,158
पूछताछ,73
सम्मानित,188
जनवरी,60
अधीक्षक,62
ज्ञापन,38
प्रवेश,111
स्थल,18
प्रबंधक,62
प्रक्रिया,115
विचार,115
उच्च,115
कभी,158
बड़े,21
पीछे,158
लगाए,176
कमी,158
इलाके,13
जाकर,158
जमकर,15
आश्वासन,158
वेतन,177
जून,60
सप्ताह,125
तहरीर,158
यही,158
रेल,152
हासिल,158
बताते,85
विश्वविद्यालय,17
यूनियन,9
केवल,158
मदद,14
उत्तर,13
मैदान,158
खंड,62
मौसम,75
मरीजों,157
मगर,198
स्वागत,122
मकान,34
रोक,158
निर्धारित,115
खुद,158
बेहतर,15
नदी,169
पुल,53
अंतिम,158
ठीक,158
पेश,158
लगाई,176
खर्च,189
सड़कों,172
सिर्फ,158
लूट,78
बहुत,21
जरूरत,85
कार्यकर्ता,70
प्रभावित,158
बेटी,151
कर्मी,155
राजीव,195
द्वितीय,158
गाड़ी,53
दें,26
नेताओं,70
घरों,34
उपचार,158
महतो,77
केन्द्र,158
समीप,48
सही,158
उपायुक्त,62
मार,166
जनपद,13
तौर,158
योजनाओं,115
हादसे,184
उर्फ,77
विद्यालयों,17
लगाकर,176
यात्रियों,152
अंतर्गत,115
फरवरी,60
संयुक्त,13
चेयरमैन,49
हड़ताल,79
पार्षद,146
लगने,85
संस्था,158
गेहूं,149
मृतक,3
देखा,85
दीपक,138
रहता,85
उद्घाटन,196
कल्याण,27
राहत,98
संतोष,27
प्रदीप,195
घोषित,158
प्रस्ताव,115
सफल,14
नामांकन,115
पाल,77
आयोग,115
लोक,158
पेयजल,180
मीटर,96
जुलाई,60
पहली,158
प्रबंधन,115
कक्षा,17
न्यायालय,185
प्रदान,115
रहते,85
बदमाशों,78
गंगा,169
धान,22
सीमा,158
करवाया,108
सामना,116
दिसंबर,60
इधर,18
मांगों,79
महासचिव,49
अतिक्रमण,158
जीत,141
स्थानों,158
पदाधिकारियों,49
तलाश,73
टक्कर,84
नुकसान,110
माता,1
अज्ञात,158
लागू,115
जरूरी,85
मंच,106
राजकीय,17
बीडीओ,179
युवकों,186
दिशा,13
अतिरिक्त,48
शीघ्र,183
दिवसीय,106
उसी,48
पार्क,158
प्रेम,158
रास्ते,53
चलने,158
प्रत्येक,48
ऐसी,158
संस्थान,17
विरुद्ध,158
घोषणा,196
पड़े,109
सुभाष,77
प्राथमिकी,158
बल्कि,198
चौकी,155
चंद,77
चंद्र,199
कब्जे,165
मनाया,65
केंद्रीय,194
तभी,198
कहते,85
रखे,5
गोली,166
बयान,158
जवाब,139
प्रयोग,115
युवाओं,92
गर्मी,75
पड़ी,109
रखी,5
सामाजिक,27
आनंद,27
चयन,5
लक्ष्य,115
किशोर,158
नीचे,158
आते,85
सरपंच,146
गुरु,191
केंद्रों,158
महीने,125
प्राचार्य,17
लापरवाही,148
कोशिश,14
तीनों,48
बजट,194
पड़ता,109
क्योंकि,198
प्रधानमंत्री,194
किनारे,158
चोरों,78
पेंशन,7
युवती,186
समाधान,158
पहुंचने,4
समाप्त,196
पालिका,49
श्रद्धालुओं,18
तमाम,48
प्रस्तुत,158
कदम,54
बनने,85
संजीव,195
सवाल,139
खरीद,42
वोट,117
चिकित्सक,157
शाखा,173
गैस,160
अचानक,158
करती,85
इनमें,48
जिसे,170
चले,158
पवन,195
नवंबर,60
जागरूक,110
करवाने,108
व्यक्त,126
छोटे,21
हिस्सा,158
मतदाता,117
देना,85
सुधार,158
विभागीय,62
विषय,158
संघर्ष,158
दुर्घटना,184
चेतावनी,115
मध्य,13
रहती,85
बता,85
अगस्त,60
सम्मेलन,106
आयुक्त,62
गिरफ्तारी,0
संपन्न,27
मेला,158
अक्टूबर,60
किये,85
दुकानों,90
थीं,52
हजारों,136
यातायात,53
प्रताप,77
छोड़,74
साइकिल,147
काबू,158
तालाब,63
खाली,158
खेत,22
समीक्षा,115
लिये,158
संबंधी,48
मेले,158
मोटरसाइकिल,147
सैकड़ों,136
शांति,97
पूर्ण,158
कड़ी,158
गायब,158
हंगामा,64
समक्ष,158
मात्र,158
आकर,158
उससे,21
अधिकार,115
परिजन,12
आलम,46
स्वामी,77
हमला,158
दिखाई,85
बड़ा,21
कब्जा,158
कानून,115
लेते,85
दर्जनों,136
चिकित्सा,158
दवा,83
चलाया,182
बनाकर,5
संपर्क,48
बीते,125
गठन,115
चपेट,150
रोजगार,158
महाविद्यालय,17
सौंपा,38
माध्यमिक,17
भविष्य,27
विज्ञान,27
तत्काल,183
सम्मान,27
सत्र,196
दुष्कर्म,98
चरण,158
हेतु,115
निरीक्षक,62
जिन,48
क्रम,115
फैसला,115
समर्थन,115
आर्थिक,27
रुपए,189
परियोजना,115
अवगत,85
साढ़े,100
पुरस्कार,188
चिकित्सकों,157
लाखों,136
बैठे,135
डेढ़,100
एक्सप्रेस,152
रोकने,158
बस्ती,34
सामान्य,48
भूमिका,37
पंकज,195
सैनी,156
मजदूर,9
खड़े,135
वर्षो,125
स्थापित,115
पाई,85
राजकुमार,77
दर्शन,27
निज,27
शुभारंभ,196
राजस्व,62
निकाली,129
मिलकर,48
माहौल,158
दूसरा,158
बेटे,151
वर्तमान,158
योग,27
उम्मीद,110
स्थापना,196
साहिब,191
फीसद,189
बनाई,5
पढ़ाई,17
डिग्री,17
विश्व,158
एसडीओ,180
जिम्मेदारी,0
रहेगा,26
सफलता,14
आवश्यक,115
करेगी,26
सितंबर,60
परिणाम,110
भगत,158
सहायता,115
पहुंचकर,158
गंदगी,167
मजदूरों,9
स्वयं,158
धर्म,27
मनरेगा,158
पर्व,103
संत,191
रवाना,158
इंतजार,158
राशन,149
आधा,100
रोष,126
तरीके,158
सुनवाई,185
बातचीत,158
गलत,158
झारखंड,35
खिलाड़ियों,105
मालिक,34
मामलों,158
हमारे,87
घायलों,150
प्रमाण,178
लाने,158
बिल,177
जख्मी,150
चोर,78
प्रशासनिक,158
धमकी,166
ट्रैक्टर,147
महिलाएं,186
क्षेत्रीय,158
क्रिकेट,105
फिलहाल,198
गरीब,7
खत्म,196
प्रधानाचार्य,179
लौट,71
पंचायतों,146
अधिवक्ता,185
उपभोक्ताओं,90
यात्री,152
दुकानदारों,90
इनके,170
तोड़,95
पटना,35
दैनिक,153
निकट,199
पहल,158
मरम्मत,196
जायेगा,26
मोर्चा,70
अरुण,195
उसमें,48
विद्यार्थी,17
होली,158
हमें,87
आगामी,125
रवि,195
पक्षों,48
तार,180
इलाहाबाद,175
दाखिल,185
मिलेगा,26
जाति,137
डाला,5
भ्रष्टाचार,158
प्रचार,158
बचाने,158
मिलते,85
निकाला,129
करनी,85
साबित,158
पाए,85
पकड़,140
तृतीय,158
उठाया,54
पुत्री,1
ऊपर,158
हिरासत,158
स्तरीय,158
सजा,0
मरीज,157
जुड़े,40
वक्त,125
कमरे,111
पशु,61
असर,110
पर्यावरण,158
व्यापारियों,90
नया,158
दौड़,164
नियुक्ति,47
अंजाम,110
घाट,3
रंग,56
खबर,153
इतना,21
ताला,107
पहला,158
चली,85
व्यापारी,90
तहसीलदार,62
जागरूकता,110
पाने,158
अभाव,158
उनसे,170
विभागों,158
संचालित,115
देखकर,162
परंतु,198
निर्वाचन,117
खेती,22
देंगे,26
कस्बे,13
सूत्रों,115
अंक,158
शुल्क,177
जयंती,65
उठा,54
ज्ञान,27
आह्वान,158
टिकट,53
पटेल,77
पैसे,189
नारेबाजी,79
पेड़,187
वसूली,177
लगाते,176
चलाने,182
पार,111
रात्रि,11
नौकरी,158
शहीद,155
कराए,108
जुलूस,106
निकल,129
नहर,169
दिलाने,99
करे,26
रानी,1
चालकों,147
बढ़ाने,57
मुक्त,158
संयोजक,49
तिथि,158
शौचालय,158
अगले,125
सांस्कृतिक,27
भोजन,161
संभव,85
राजनीतिक,70
खाद्य,93
कला,158
जिसकी,158
कैसे,158
संरक्षण,115
पंडित,77
बीमारी,144
खड़ा,135
वार्ता,106
नियमित,158
फर्जी,178
उद्देश्य,115
खड़ी,135
करेगा,26
आगरा,175
बदमाश,78
बरसात,124
खुशी,27
मशीन,115
दुकानदार,90
शिकार,51
दिये,5
महत्वपूर्ण,15
जोर,158
मैं,87
ठंड,75
तीसरे,55
कीमत,149
वितरित,115
कथा,158
मतदाताओं,117
तुरंत,183
खास,48
पालन,115
रहेगी,26
मुश्किल,85
जिसका,48
मिनट,125
धारा,169
शुरुआत,196
किलो,96
पैसा,189
बूथ,117
पैदा,158
सिंचाई,63
विजेता,105
जन्म,158
दावा,158
लड़की,186
जिलों,13
मजबूर,14
छापेमारी,153
आशा,110
करवा,108
प्रत्याशियों,117
इलाकों,13
खेतों,22
मौका,27
बढ़ा,57
मिट्टी,159
विशाल,158
हटाने,127
अरविंद,195
मानव,27
रहीं,52
भरा,158
रांची,35
संदेश,38
बालिका,158
निकाल,129
बचाव,158
लोकसभा,117
बधाई,122
नाथ,77
विस्तार,115
पुरानी,158
सिर,101
ठेकेदार,62
आर्य,27
उपाध्याय,77
उचित,115
बसों,152
होटल,90
बातें,158
वैसे,198
क्यों,139
व्यापार,90
कटौती,180
सेना,155
दबाव,5
नशे,76
परिवहन,53
मार्केट,90
जब्त,140
अफसरों,62
आशंका,110
उत्पादन,115
अपराध,0
पाठक,158
पुराने,158
समापन,196
मान,85
उद्योग,90
हालात,72
संकट,110
जताया,126
योगदान,15
पीने,161
सुशील,195
नियमों,115
प्रबंध,115
मारने,166
दहेज,12
उनको,170
बिक्री,90
बाढ़,169
परिवारों,158
रोडवेज,53
सख्त,148
महामंत्री,49
लागत,189
संदिग्ध,158
गली,172
अध्यापक,17
बहादुर,77
लाया,5
पकड़े,140
सामग्री,115
विधान,117
रहेंगे,26
अधिकांश,48
रोग,144
जताई,126
अर्चना,1
तापमान,75
प्रतिदिन,125
संभावना,110
अपहरण,30
स्वच्छता,110
महाराज,77
आरक्षण,47
करवाई,108
विनय,195
मुआवजा,177
शहरी,13
संकल्प,158
निकले,129
पूजन,132
स्पष्ट,158
इस्तेमाल,158
खाते,161
मोहल्ला,172
लिखा,158
मुहैया,115
गीत,66
कार्यरत,47
खनन,159
बहन,151
खाद,22
गंभीरता,110
मांगी,197
हमेशा,158
न्याय,115
मोड़,53
जूनियर,158
गौरव,27
माल,158
मिलेगी,26
गठित,49
किशोरी,186
गणेश,1
माना,85
सुरक्षित,158
तत्वावधान,106
ज्योति,192
शरीर,27
नीरज,195
शांत,158
किलोमीटर,96
मनीष,195
अपराधियों,0
पिटाई,166
धार्मिक,27
आदर्श,27
रास्ता,53
मुकाबले,158
बाबू,77
नवीन,158
उमेश,195
याद,158
अभिभावकों,17
बढ़ने,57
मजबूत,158
सिपाही,155
छानबीन,73
मजिस्ट्रेट,62
मीडिया,153
कश्मीर,158
सौंप,38
महेंद्र,77
निस्तारण,121
चारों,48
घटनाओं,184
आबादी,158
कक्ष,34
दोषी,0
कन्या,158
ब्यूरो,158
होनी,85
चक्कर,176
महोत्सव,106
अच्छी,158
गुहार,158
ग्रहण,158
प्रतिमा,1
ढंग,158
सोनी,77
पदों,47
भक्तों,18
जवानों,155
दौरा,158
लंबी,96
आये,85
उम्मीदवार,117
सोने,107
कमल,168
शक्ति,27
सुविधाएं,115
नृत्य,158
अहम,37
राजनीति,70
जायजा,158
नीति,115
गति,15
अनेक,48
मास्टर,17
सुमन,81
जंगल,51
शोर,64
पैदल,53
खाने,161
फाइनल,105
गीता,77
दूरी,96
सुनिश्चित,115
गरीबों,7
बीज,22
लंबे,125
कार्यशाला,106
लेना,85
हूं,85
उपभोक्ता,90
संस्कृति,27
मोटर,147
गृह,194
प्रवीण,195
भीतर,111
खूब,15
अनुमति,115
खुले,16
अखिलेश,70
दीप,192
आती,85
चौराहे,172
सब्जी,39
चालू,196
दूध,161
बादल,110
नियुक्त,47
वीरवार,80
नियंत्रण,115
कार्यकारिणी,49
अनुमंडल,35
सक्रिय,158
जवान,155
प्रवक्ता,49
ओमप्रकाश,77
आता,85
लिखित,154
काट,114
जर्जर,72
अध्यापकों,17
अफसर,155
नकदी,107
वार्षिक,158
संचालक,49
अजीत,195
आदमी,158
मिलता,85
विवाह,12
विश्वास,27
वृद्धि,57
नाले,63
विरोधी,70
डाल,5
यज्ञ,132
निकासी,63
निकला,129
इन्हें,170
कार्यक्रमों,158
चालान,177
सुविधाओं,115
सभागार,106
बच्ची,158
किस,115
शेष,158
शपथ,158
राजा,158
बीस,120
आक्रोश,110
इकाई,173
गैर,158
लाइसेंस,178
डाक्टर,157
पुरुष,186
दरबार,158
धनराशि,177
दोबारा,158
न्यायिक,185
खिलाड़ी,105
इनकी,170
पाठ,17
तैनाती,47
बताई,85
गन्ना,149
बालक,158
तकनीकी,115
उपस्थिति,158
वही,158
लक्ष्मी,1
जुर्माना,177
उपयोग,115
संगठनों,70
कमिश्नर,62
वित्तीय,173
जुट,14
निकलने,129
जैसी,158
धरने,79
उम्र,125
साथी,48
प्रतिभा,15
जगहों,158
समूह,158
आवश्यकता,115
रक्षा,27
बतौर,158
वित्त,194
भरने,158
श्रद्धालु,18
डालने,5
प्रदूषण,158
पौधे,187
दौर,196
सर्वे,110
कंप्यूटर,142
टूट,158
घटनास्थल,150
चाहते,85
बकाया,177
हवा,158
महत्व,158
अभिषेक,195
भजन,66
सुधीर,195
गुप्त,102
आजाद,158
प्रेरित,14
लुधियाना,13
दिखा,130
अनशन,79
बाधित,196
पकड़ा,140
बजाय,158
लगता,85
सामुदायिक,158
छोड़कर,74
सीधे,158
अलीगढ़,175
जाच,73
हमले,118
रफ्तार,15
आना,85
तेल,149
विधि,115
स्वच्छ,27
बदल,171
दुकानें,90
पशुओं,61
पहुंचाने,4
पेट्रोल,160
उठाने,54
इसको,170
वंचित,158
अंत,196
अधिनियम,115
बुरी,158
एकड़,165
भेजी,38
आशीष,195
पूर्वी,13
प्रधानाध्यापक,179
खाना,161
पाकर,85
गौरतलब,198
चुनावी,117
विकेट,89
आश्रम,191
उत्साह,33
बेहद,21
कहां,158
रोशन,192
पंप,160
क्षतिग्रस्त,196
मूल्य,149
संस्कार,3
महज,158
चिकित्सालय,157
मृत,3
ट्रेनों,152
रोज,125
छोटी,158
साथियों,48
लंबित,121
बेचने,42
वक्ताओं,106
बढ़ती,57
आपदा,158
कारोबार,90
हिमाचल,13
बाकी,48
प्रारंभ,196
हिसाब,115
नजदीक,48
कराकर,108
प्रार्थना,27
कुलपति,17
पुतला,138
दिक्कत,116
मुलाकात,158
धूप,75
इंचार्ज,62
भेजने,38
सोसायटी,49
लड़कियों,186
मतगणना,117
देता,85
जिम्मेदार,0
इतनी,21
मेहता,77
नियम,115
सार्वजनिक,158
सर्जन,157
जायेगी,26
कांड,98
कोषाध्यक्ष,49
स्कूली,17
पुष्टि,73
पड़ेगा,109
अखिल,158
अच्छा,15
अनाज,149
धर्मशाला,158
बीमा,173
कानूनी,115
मात्रा,158
वीरेंद्र,195
समस्याएं,116
विहार,158
आवागमन,53
खतरा,110
प्रतिनिधियों,158
रखते,5
मांगा,197
भरे,158
लें,26
विद्या,27
फुटपाथ,172
मजदूरी,9
श्रेणी,115
कौन,158
यमुना,169
खोलने,16
सुंदर,15
चीनी,149
मारकर,166
भ्रमण,18
आत्महत्या,98
पोल,16
नागरिक,158
अंचल,13
जिनमें,170
चयनित,5
लेंगे,26
ससुराल,12
सामूहिक,158
रक्तदान,7
जुटे,14
निकालने,129
पदक,105
मिलती,85
महंगाई,149
चिंता,110
क्षमता,158
निर्मल,158
समर्थकों,70
गोदाम,149
आक्रोशित,29
मुंह,101
भाव,27
फायदा,54
कौशल,158
पत्रकारों,188
अमर,158
मुद्दे,48
अंकित,158
पीड़िता,98
अच्छे,158
प्रदर्शनी,106
बृहस्पतिवार,80
टूर्नामेंट,105
फसलों,22
काली,56
निगरानी,115
न्यायाधीश,185
स्वरूप,158
कार्यवाही,158
याचिका,185
भरोसा,158
भेंट,94
भेजे,38
समुदाय,137
अनुसूचित,137
घंटों,125
पहुंचाया,4
हाथों,101
गुणवत्ता,115
बांध,45
करायी,108
कस्बा,13
एडवोकेट,185
ढाई,100
नाटक,112
धीरे,158
दुरुस्त,158
रुपया,189
फूल,168
हमारी,87
मानदेय,177
सकेंगे,26
गुरुद्वारा,191
उनमें,48
सागर,13
ममता,158
बदलाव,171
गिरने,84
व्यवसायी,90
मेहनत,14
सेवक,158
बुलाया,38
संध्या,11
कूड़ा,167
अभ्यर्थियों,193
परीक्षण,73
काटने,114
इंतजाम,158
हरी,56
फैसले,185
मना,158
हथियार,133
दफ्तर,158
पर्यटन,18
धूमधाम,65
पर्याप्त,115
घेराव,79
पुरस्कृत,188
सौंपी,38
स्वर्ण,107
मेरे,87
स्व,27
ऑटो,147
टाटा,158
फीस,177
शाह,158
सदन,194
प्राथमिकता,115
पूनम,81
भव्य,15
मोहल्ले,172
कैलाश,77
कलाकारों,188
सत्ता,70
आरती,1
संगीत,66
पश्चिम,13
टीमों,105
प्रभाव,110
अस्पतालों,157
संसाधन,115
त्यागी,77
भारद्वाज,195
लड़ाई,181
बेटा,151
विशेषज्ञ,115
तत्कालीन,13
नामक,154
लापता,73
बोल,158
निकली,129
दीवार,111
खाता,158
शुरु,196
पत्थर,159
राजमार्ग,53
शिक्षण,17
राजधानी,13
उपरांत,196
राज्यों,13
देखरेख,115
जोड़ने,40
डाक्टरों,157
रेखा,48
साहब,158
अवकाश,18
रुप,158
बच्चा,131
सड़क,53
भरी,158
व्याप्त,50
आपसी,48
अगुवाई,158
चावल,149
भले,158
संपत्ति,165
औद्योगिक,158
बढ़ी,57
पश्चिमी,13
दर्द,101
रोजाना,27
रखकर,5
जिन्हें,170
आभार,122
वरीय,62
सारी,158
बताए,85
चलता,85
इनका,170
कायम,5
एकता,97
सुनाई,145
दलों,70
हादसा,184
पूछा,139
हवाले,38
डॉक्टरों,157
राख,138
मुस्लिम,137
नाराजगी,126
मंत्रालय,194
सलाह,115
अनुदान,177
निधन,27
रणनीति,115
सूरज,192
गोष्ठी,106
मुझे,87
नये,158
छूट,158
श्रद्धांजलि,122
बहाल,196
जुटी,14
बीमार,158
स्वीकृति,115
कंपनियों,173
मंदिरों,1
लीटर,160
तीसरा,55
कपड़े,6
भागने,158
भक्ति,27
प्रेस,153
इतिहास,27
दिलाया,99
समझ,85
गड़बड़ी,104
विकसित,115
हित,27
पड़ताल,73
अमन,97
बढ़ावा,115
शोक,27
सहमति,115
फीसदी,189
बिहारी,91
मुहल्ला,172
सूबे,158
सकें,26
समान,48
शोभायात्रा,158
वातावरण,158
जाएंगी,52
दुनिया,158
अपराधी,0
प्रेमी,48
लाठी,166
जानी,85
कीर्तन,158
अंग्रेजी,91
खरीदने,42
परिवर्तन,158
तोड़कर,95
स्वीकृत,115
उत्पन्न,196
भावना,110
उतर,10
माने,85
राज्यपाल,194
अभिभावक,158
आरंभ,196
नागरिकों,158
घुस,111
नाला,63
अधिकतर,48
बदले,171
चोट,150
बदलने,171
छुट्टी,125
बैठा,135
कार्यपालक,62
अक्सर,48
विगत,125
हों,85
खून,169
आचार्य,191
पीड़ितों,98
सत्यापन,178
समन्वयक,49
व्यवहार,158
लिखे,158
सुनने,145
जाया,85
मूल,115
अवधेश,77
मुहिम,14
बीएसए,179
मूल्यांकन,115
हड़कंप,64
गुजर,67
दायर,185
पढ़ने,88
निलंबित,196
हत्याकांड,0
बीमारियों,144
पोलियो,144
न्यूनतम,115
क्रय,115
वर्षा,124
बुजुर्ग,92
पैर,101
कराना,108
तैयारियां,158
भूषण,158
नीतियों,115
करवाए,108
बंसल,195
सचिन,158
अथवा,48
आवासीय,34
मांगे,197
मानें,85
करोड़ों,136
सफर,53
भाषा,91
प्रस्तुति,122
रहना,85
आयु,125
गतिविधियों,115
दीक्षित,195
चौराहा,172
दर्जा,115
ऑनलाइन,115
जलकर,138
दीपावली,192
हस्ताक्षर,158
नाराज,162
खोल,16
तलाशी,153
फांसी,82
दाम,149
समाचार,153
दिखाया,130
बनकर,5
अंतरराष्ट्रीय,158
शिरकत,106
निशान,158
तनाव,110
बाग,168
सुनकर,162
विवाहिता,12
सदस्यता,49
मैनपुरी,175
तैयारियों,115
फैल,50
आवंटन,115
चंदन,158
डीजल,160
नशा,76
कविता,154
दरअसल,198
देरी,196
ऊर्जा,115
कोतवाल,62
बसें,152
मान्यता,115
जोरदार,15
देहात,13
सालों,125
अदा,37
प्रावधान,115
महाप्रबंधक,49
संस्थाओं,173
कपूर,195
प्रगति,27
पंजीकरण,178
छापामारी,153
सोच,158
मालूम,85
सीटों,117
पदार्थ,93
दलित,137
गले,101
पचास,120
रोका,158
उत्सव,65
विश्वकर्मा,77
बाजारों,90
बैठ,135
बदायूं,175
बाहरी,48
प्रस्तावित,115
डेंगू,144
परीक्षार्थी,193
कारणों,48
स्वीकार,115
ललित,195
केन्द्रों,158
कागजात,178
मूर्ति,1
राष्ट्रपति,194
मनमानी,158
सेवानिवृत्त,47
दहशत,158
समाजसेवी,188
कार्यकारी,49
महसूस,27
चलाई,158
चाय,161
थानों,62
खरीदारी,90
अर्पित,122
सारे,48
उम्मीदवारों,158
मस्जिद,58
महानगर,13
सेवाएं,115
बगैर,85
खेलों,105
शिकायतों,158
विदेशी,158
मानसिक,27
अनुपस्थित,158
पड़ने,109
चुना,5
करार,0
लिहाजा,198
आखिर,158
घरेलू,115
मुजफ्फरपुर,35
हिदायत,148
डाक,173
धाम,18
एकत्र,158
पीटा,166
पारा,75
सेहत,158
शिकायतें,158
ट्रैक,152
आसमान,192
योजनाएं,115
सिलसिला,196
देती,85
राहगीरों,128
वकील,185
पुराना,158
कार्यकाल,125
लक्ष्मण,77
पेपर,193
गिरी,84
मनाने,65
बचने,158
निवास,34
सहारा,158
आवंटित,115
मांगने,197
शरण,158
आयी,85
एकत्रित,14
पड़ोसी,48
श्रम,9
सेमिनार,106
बंगाल,13
प्रणाली,115
व्यक्तियों,48
गलियों,172
विमर्श,106
सूर्य,199
मचा,64
आग्रह,115
मनोहर,15
अधिकतम,115
पंजाबी,91
काला,56
सौरभ,195
बंदी,44
उल्लेखनीय,158
चुनौती,116
प्रांगण,34
हार,141
पाते,85
इंकार,158
दिल,27
जिंदगी,27
प्रसार,158
परमजीत,156
किरण,158
परिचय,85
खोला,16
पानीपत,175
जवाहर,158
श्रमिकों,9
अवतार,1
वृद्ध,92
पंजीकृत,178
त्योहार,192
आधारित,115
वैज्ञानिक,115
अनदेखी,158
तले,102
स्वतंत्रता,158
सारा,158
गाड़ियों,53
कहने,158
थोड़ी,21
ठोस,158
चलेगा,26
ग्राहकों,90
शिशु,131
मुफ्त,7
पकड़ने,140
नाबालिग,98
मृतका,12
परीक्षार्थियों,193
बीती,158
फेंक,5
अंतर,48
पाली,158
मृत्यु,184
द्वार,111
विकलांग,7
साजिश,158
स्मृति,27
कलश,158
भीषण,110
सर्विस,115
काउंटर,90
अवधि,125
मंजू,81
तीस,120
समस्त,48
टीमें,105
बालू,159
स्नान,158
राष्ट्र,13
कुरुक्षेत्र,158
डाली,5
बचा,158
संगत,158
भक्त,191
प्रकट,126
बारह,100
आंखों,192
चेहरे,192
स्थायी,115
शिनाख्त,73
तारीख,60
बनवाने,176
भोला,77
सुझाव,115
चलाए,182
बर्बाद,196
सचिवालय,34
संज्ञान,158
बहिष्कार,158
मारी,166
प्रेरणा,115
बांका,35
शारीरिक,27
व्यापक,115
पड़ती,109
हमारा,87
कामना,122
उत्पीड़न,98
समाजवादी,70
सहकारी,173
मुक्ति,27
प्रतिभागियों,105
कैद,44
समझा,85
विदेश,158
नकल,158
सायं,11
जिनके,170
हमीरपुर,175
तत्वों,93
अनियमितता,104
पंच,146
सख्ती,148
बुरा,158
चांदी,107
चन्द्र,77
स्टोर,90
वीर,27
बीत,125
हवन,132
निधि,158
नगरपालिका,13
मौलाना,46
लघु,158
नायक,158
छेड़छाड़,98
हादसों,184
पंचायती,146
देखी,85
गार्ड,155
सराहना,15
शुरूआत,196
गश्त,155
अनिवार्य,85
संग,48
रिक्त,47
वेलफेयर,49
चुनावों,117
पटरी,152
खुला,16
कैमरे,142
मौजूदा,158
पारित,115
मंगल,199
विजयी,141
मौजूदगी,158
समझौता,115
रखना,5
पार्षदों,146
नरेन्द्र,77
बैठने,135
शानदार,15
सुरजीत,156
बर्दाश्त,110
होंगी,52
रोशनी,192
इतने,21
आसानी,158
देवघर,35
लगते,85
चेन,107
संसदीय,70
अभियुक्त,185
सरदार,156
दान,7
डालकर,5
कार्यालयों,173
सैनिक,155
खुली,16
जबरन,30
नोट,107
रिक्शा,147
शोभा,27
दक्षिण,13
तलब,158
पट्टी,45
ग्रेटर,13
स्थलों,18
गाय,61
आपस,48
चाहती,85
सीडीओ,179
कमजोर,7
भाषण,106
बराबर,158
परेशानियों,116
निरस्त,196
मायके,12
हिंदू,137
रखें,5
तस्करी,76
पलट,158
अनियंत्रित,158
टेंपो,147
पहुंचते,4
ऐतिहासिक,27
वंदना,1
पेट,101
विशिष्ट,48
रेट,149
बागपत,175
मेरी,87
दरवाजे,111
खारिज,158
छोटा,158
हैंडपंप,160
बुखार,144
ढेर,167
उसको,170
नाली,63
राह,53
कवायद,14
रहें,85
छावनी,155
नष्ट,196
कप्तान,105
पौधरोपण,187
मशक्कत,14
पश्चात,196
आजादी,158
शिक्षिका,179
शशि,195
आस्था,27
मनाई,65
गाजीपुर,175
कचहरी,185
बनाना,5
बढ़ता,57
घटनाएं,184
हटा,127
ज्यादातर,48
पत्रों,153
खेला,2
दिखाकर,130
आधुनिक,27
उदय,192
प्रभात,153
प्रतिनिधिमंडल,106
उल्लंघन,115
यहीं,158
उठाए,54
प्रकाशित,154
हिंदी,91
मुकाबला,158
एकजुट,158
गईं,52
अमल,115
सहारे,158
उठे,54
सेंट्रल,158
खेलकूद,105
आधे,100
मोहित,162
शहरों,13
हुये,85
कबड्डी,105
संस्थानों,17
बोले,158
अगली,158
अधिग्रहण,165
सास,12
छापा,153
कैंसर,144
मुहल्ले,172
गिरा,84
दिखे,85
लेखपाल,62
खतरे,110
सलाहकार,49
आलू,39
लकड़ी,158
कोयला,159
सड़कें,53
छात्रवृत्ति,17
पोस्टर,154
प्रजापति,77
कुशीनगर,175
अनुरूप,115
भाइयों,151
काटकर,114
संहिता,115
छीन,86
भूख,158
हटाया,127
क्षति,150
पीछा,74
सेल्सियस,75
सूचित,115
उपकरण,115
चित्र,158
रंजिश,29
स्वस्थ,27
अतिथियों,122
सांस,27
नींद,24
सभासद,146
उपजिलाधिकारी,62
अल्पसंख्यक,137
गाली,166
लूटपाट,78
सत्संग,191
बंधक,30
क्विंटल,149
तकरीबन,100
रूपये,189
चाहे,85
हिस्से,158
ठेका,158
प्रांतीय,13
निकालकर,129
निश्चित,115
बदला,171
बचाओ,158
दौरे,18
शांतिपूर्ण,158
बिलासपुर,13
प्रकोष्ठ,49
शोषण,98
नमाज,58
गर्म,75
बुलंदशहर,175
साइंस,115
दबोच,140
मानक,115
जीता,141
गौर,158
नायब,62
नकद,189
कवि,154
महीनों,125
मित्र,48
बढ़ते,57
सर्व,115
महादेव,1
बढ़ोतरी,57
सर्दी,75
वासियों,128
उपलक्ष्य,65
चलें,26
दूबे,77
विवश,14
पंद्रह,120
प्रसिद्ध,188
दशा,72
मासूम,158
मार्गो,53
दाखिला,17
संरक्षक,115
डेरा,5
सेवन,158
सर्वाधिक,13
फाटक,53
मारा,166
नारे,59
गोल,105
नवरात्र,103
पात्र,158
रोगियों,157
करंट,180
उठाई,54
चुने,5
दर्शकों,158
अभय,195
किराया,34
विस्तृत,115
गावों,13
शैक्षणिक,158
नलकूप,160
संस्कृत,91
झुलस,150
तकनीक,115
जेवर,107
मांगें,197
समर्थक,70
पूछे,139
अनुरोध,115
सुख,27
प्रशांत,13
दरभंगा,35
रहकर,158
उठाकर,54
पहलवान,23
सवा,100
निशाना,134
अवस्था,158
समर्पित,158
देगी,26
विदाई,122
वार्डो,117
जनप्रतिनिधियों,70
सर्वसम्मति,115
अति,21
निकाय,13
चलाकर,182
लाकर,5
बारी,158
गणित,27
नतीजा,110
नालियों,63
विषयों,48
व्यस्त,27
आकाश,192
जिन्होंने,170
बनाये,5
महात्मा,158
संदर्भ,115
प्रतियोगिताओं,105
दोस्त,48
दशक,125
गर्भवती,131
चाकू,133
मालिकों,158
स्थगित,196
लाश,3
हाजी,46
इटावा,175
बढ़ाया,57
टोल,177
घुसकर,111
खुल,16
पत्रकार,188
प्लान,115
तालाबों,63
जेब,189
फूंका,158
अवश्य,158
आचार,115
संचालकों,158
परिस्थितियों,110
दबिश,153
कितने,21
टूटी,158
संगीता,81
बैठकर,135
कुंवर,77
जहर,93
पुलिसकर्मियों,155
पुलिया,53
विष्णु,1
बीएलओ,117
टीकाकरण,144
कार्यों,115
वेबसाइट,115
फंसे,190
चलती,158
गन्ने,22
वापसी,71
मैन,53
झंडी,130
फिरोजपुर,13
सिख,191
प्रसव,131
गंदा,167
खाद्यान्न,149
उत्पाद,90
सराहनीय,15
जल्दी,183
दिखाने,130
सूरत,158
गुजरने,67
आएगी,26
जगत,158
यानी,198
हराया,141
मुद्दों,48
संवेदनशील,110
बगल,101
भेजकर,38
रिश्तेदार,48
फीट,96
वैन,147
शिलान्यास,196
दायित्व,0
कैंट,175
जुड़ी,40
पर्चा,154
तस्वीर,142
जाट,158
परिचालन,115
फीडर,180
कराते,108
हेक्टेयर,165
अनुज,195
जताते,126
गला,101
खातून,46
लुटेरों,78
डाले,5
कामकाज,158
सुनी,145
मानना,85
अभ्यर्थी,193
किल्लत,158
मिलाकर,158
आबकारी,62
दंडाधिकारी,62
शोध,115
मारे,150
खुलने,16
देगा,26
मुकदमे,185
ससुर,12
सील,95
घंटा,125
निंदा,15
लगेगा,26
मिलन,48
ध्वस्त,196
उच्चाधिकारियों,62
पथराव,29
तीसरी,20
रेवाड़ी,158
आतंकी,118
निदान,158
सत्य,158
आत्मा,27
लेन,53
विरूद्ध,158
मनोरंजन,158
हकीकत,158
प्रखंडों,158
महासंघ,49
आपराधिक,0
कलाकार,188
लड़के,186
वेद,132
ओझा,195
आला,62
घोटाले,104
निपटने,158
खेलने,2
भागवत,77
सीता,1
साधन,115
पिछड़ा,137
विमल,195
कैबिनेट,194
बवाल,64
नितिन,195
साहित्य,158
मामूली,158
अकादमी,188
चाहता,85
बेच,42
लाई,5
पसंद,85
रजिस्ट्रेशन,178
स्नातक,17
बसंत,75
राज्यमंत्री,194
हवाई,53
जाये,26
गठबंधन,70
गणमान्य,122
विधायकों,70
जानने,73
कहकर,158
रामचंद्र,77
चौथे,55
इंटरनेशनल,158
हर्ष,162
सदस्यीय,49
चार्ज,142
शाही,158
भागीदारी,158
जानलेवा,93
कराएं,108
माफिया,158
आगमन,158
आएंगे,26
मंजूर,115
मंचन,112
पुस्तक,154
पूर्ति,115
श्रद्धा,27
कंबल,6
लिपिक,62
छोड़ने,74
विक्रेता,90
लंगर,58
ताले,107
उतार,10
देखे,85
मिठाई,161
कटान,169
गोस्वामी,77
जलापूर्ति,180
लगाना,176
कारोबारी,90
दिनभर,11
दसवीं,20
जैसा,158
महासभा,49
जलभराव,63
दिलाई,99
ग्यारह,100
तिलक,158
खासकर,198
परंपरा,3
मेरा,87
माल्यार्पण,122
मानते,85
बीबी,12
उपमंडल,13
खुर्द,175
चाचा,151
तब्दील,158
आधी,158
मासिक,153
इंस्टीट्यूट,17
जीटी,53
ऊधमपुर,175
स्पष्टीकरण,115
कोहराम,64
फटकार,115
लोगो,48
प्यार,48
कामयाब,14
कमला,1
पुलिसकर्मी,155
बाला,81
देशों,13
रजिस्टर,178
कूड़े,167
तोड़फोड़,29
दक्षिणी,13
आसान,15
दमकल,158
भूकंप,158
बुलाकर,135
व्यवसाय,90
बाधा,196
आपत्ति,126
होश,150
ग्राहक,90
विधिक,185
जागरुकता,110
अनुराग,195
काटा,114
मजबूती,158
बताने,85
प्रदर्शनकारियों,79
दुख,27
हरकत,158
पहाड़ी,119
प्रतिबंध,113
लिखकर,158
संविदा,158
गुलाब,168
बेटियों,151
प्रमाणपत्र,178
गुजरात,13
दोषियों,0
सटे,13
अधीन,115
वाद,158
वकीलों,185
तोड़ने,95
जेवरात,107
संसद,194
आशीर्वाद,122
पौधों,187
कोहरे,75
जलस्तर,169
शुद्ध,27
चैंपियनशिप,105
रक्त,27
बचे,158
भीम,77
सरिता,81
वादा,36
चलना,158
निभाई,37
प्रतीक,158
धोखाधड़ी,104
ठगी,78
उत्तम,15
बजाए,14
उजागर,158
सवारी,53
पाठशाला,17
लौटने,71
सुबोध,195
उत्तरी,13
सेवाओं,115
दूषित,93
काले,56
अविलंब,183
हमने,87
ऊना,13
बेरोजगार,92
आदिवासी,137
कर्ज,177
बेहोश,150
लाभार्थियों,7
विकल्प,5
बीए,17
जोड़ा,40
वार,133
रसोई,158
बातों,158
गुस्सा,110
बनता,5
लड़ने,181
शहीदों,155
समस्तीपुर,35
संशोधन,115
जरिये,158
गीतों,66
अंधेरे,192
करेंगी,26
पक्का,158
योग्य,158
समुचित,115
चौकीदार,155
पंडाल,158
सराय,175
पुष्पा,81
टैंकर,53
शारदा,1
इन्कार,158
विपरीत,110
धीरज,33
सैनिकों,155
निर्वाचित,115
विलंब,158
कमर,101
ज्ञात,85
सूत्री,115
पेड़ों,187
गिरकर,84
एजेंसियों,173
मकसद,158
नकली,158
दावे,36
तर्ज,158
रोटी,149
प्राकृतिक,27
निष्पादन,115
चिन्हित,115
करोड़,189
अनुसंधान,115
टंकी,160
वासी,158
खोले,16
खुश,162
घनश्याम,77
जिनका,170
सहनी,109
शौच,158
कहानी,154
अड्डा,53
धरती,158
हाजिर,158
लगती,85
उपेक्षा,110
कूद,164
मलेरिया,144
आपको,87
बुझाने,138
पवित्र,27
कचरा,167
सेविका,179
जनहित,27
कुर्सी,135
बनेगा,26
आकर्षक,15
सकारात्मक,158
आकर्षण,15
नालों,63
घूम,18
नारी,186
निष्पक्ष,0
श्रीमती,81
लटका,82
जिनकी,170
बोतल,158
नोडल,62
शिक्षित,110
पोषण,115
धाराओं,169
प्रवचन,191
बुलंद,33
प्रधानों,146
मेजर,155
सीडीपीओ,179
अनुमान,110
रंगारंग,106
रुक,28
प्रकोप,144
निषाद,77
कितना,21
छाया,192
दरोगा,155
कुश्ती,23
प्रभावी,115
लोकतंत्र,70
समितियों,49
अव्वल,158
गंदे,167
विश्वनाथ,77
बांटे,25
नगदी,107
गुरूवार,80
प्रीति,81
बोझ,158
मुख्यातिथि,158
उपाय,158
पराजित,141
भरपूर,27
भार,101
टूटने,84
पूर्वक,158
प्रशिक्षक,17
सर्किट,180
बल्लेबाजी,89
निर्मित,115
धर्मपाल,156
प्रोग्राम,142
बरकरार,5
भेदभाव,98
जनसंपर्क,158
हाथी,51
भरकर,158
काटे,114
कपड़ा,6
अन्यथा,158
पान,158
त्वरित,15
भवनों,34
रुचि,143
इत्यादि,48
फुटबाल,105
व्यय,189
बनाते,5
प्वाइंट,158
झगड़ा,29
पदोन्नति,47
डकैती,78
लगाये,176
समझाने,85
पहिया,147
फेडरेशन,49
हमलावरों,118
लालू,70
सोना,107
लौटा,71
पीढ़ी,158
रेस,164
पूछने,139
बीघा,165
पुख्ता,178
दवाओं,83
आंधी,75
अपेक्षा,21
सुधारने,158
अध्ययन,115
अन्तर्गत,115
जंग,158
सिरे,158
धक्का,166
पड़ोस,186
चिकित्साधिकारी,62
व्रत,103
चतुर्थ,158
लड़कों,186
कच्ची,53
निदेशालय,62
उपलब्धि,158
संविधान,115
गढ़वा,35
इंद्रजीत,156
केन्द्रीय,194
झंडा,32
लहर,27
मंशा,158
प्राप्ति,27
क्षेत्राधिकारी,62
पुजारी,1
उद्यान,168
स्टेशनों,152
तंग,98
चढ़कर,94
आरक्षित,115
खिताब,141
अधिकारों,115
नगरी,13
किलोग्राम,96
धूल,158
छोड़ा,74
अक्षय,195
पीठ,101
जलाकर,138
रंगदारी,158
संस्थापक,49
बहाने,158
स्थानांतरण,47
दबोचा,140
कतार,53
देशी,133
चोटें,150
किंतु,198
वर्षों,125
गलती,163
दिक्कतों,116
डोर,45
सीधा,158
दुमका,35
इन्होंने,170
तारों,180
घाटों,1
परीक्षाओं,193
कर्नल,155
बढ़कर,57
हॉल,34
कहासुनी,29
निर्माणाधीन,34
उग्र,110
ठेके,158
कड़े,115
मौन,134
विधवा,7
जनप्रतिनिधि,70
तबादला,47
दंपती,12
पैमाने,158
रजनीश,195
बुलाई,106
बिगड़,72
आदेशों,115
भंडारी,77
आमंत्रित,115
सुचारू,115
निवासियों,158
मैंने,87
पाक,155
अलाव,138
आरएस,156
मानी,85
गायक,66
उपकेंद्र,180
कारतूस,133
सीटें,117
दबंगों,158
बढ़ाकर,57
कराये,108
आवाजाही,53
हल्की,158
गणतंत्र,70
सुन,145
हृदय,27
आभूषण,107
निरंजन,77
लौटे,71
शेर,51
किराए,34
मंजिल,34
पिछली,158
वसूल,177
इस्लाम,137
संदेह,110
पाती,85
सेवकों,158
कमरों,111
निर्देशों,115
दहन,138
हीरा,158
पकड़कर,140
निशा,81
पर्स,107
ट्रकों,147
उन्हीं,170
तस्करों,140
खोज,73
दाल,149
अनुभव,27
महान,188
मुआयना,158
टकरा,84
चांद,192
संबोधन,106
एड्स,144
गाड़ियां,53
कटाई,22
उतरने,10
आफिस,173
निर्देशित,115
बीईओ,179
मेल,38
पारिवारिक,27
जला,138
कमान,38
गोद,158
महायज्ञ,132
निरंतर,158
परन्तु,198
मतों,117
ताकत,27
अमेरिका,13
गहरा,110
पार्टियों,70
आरोपों,158
भूल,158
चिह्नित,115
शैक्षिक,115
नेत्र,192
स्मारक,3
गरीबी,7
कागज,158
विसर्जन,1
माला,168
इजाफा,57
मकानों,34
भगवती,1
संपूर्ण,158
चुरा,78
निर्धारण,115
इच्छा,143
मजबूरी,158
लाए,5
प्रारंभिक,125
बदहाल,72
ऋषि,77
चूंकि,198
प्रीतम,156
ठेकेदारों,62
अमृत,158
उतरे,10
इंसान,27
खुदाई,63
तमंचा,133
आएगा,26
सकेगी,26
जिम्मा,38
पर्यवेक्षक,62
कितनी,21
बृजेश,195
काशी,1
नम्बर,142
हलका,56
निकाले,129
चौराहों,172
पढ़ें,85
टूटा,158
घेर,48
विशेषज्ञों,115
एलान,196
हितों,27
जिम्मेवारी,0
दुर्घटनाओं,184
हस्तक्षेप,158
उठाना,54
अस्तित्व,158
दृष्टि,158
गुलाम,158
भंडारे,18
उड़ा,69
विपक्ष,70
मचाया,64
बेहाल,158
रसीद,177
सिपाहियों,155
हवाला,85
निशुल्क,7
गौड़,195
मुआवजे,177
कैदियों,44
डीडीसी,62
डाकघर,173
बाध्य,14
कांस्टेबल,155
भंग,196
फौजी,155
मुलायम,70
बाजी,166
अभ्यास,27
पुष्प,168
बहाली,196
भांति,48
सोलर,180
बहस,106
कथित,158
जीतने,141
रजनी,81
अपराह्न,11
मैट्रिक,17
मधु,81
रमजान,58
फैली,50
पुरुषों,186
उदासीनता,110
पर्ची,154
बहनों,151
संचार,115
धारण,158
व्यवसायियों,90
इन्हीं,48
पकड़ी,140
चिन्ह,158
संगोष्ठी,106
निराकरण,121
जुटा,14
पर्यटकों,18
खराबी,158
घटिया,158
दोनो,48
संभाल,38
इंटरनेट,142
मछली,63
आयकर,153
प्रयासों,14
निर्देशन,158
रोगी,157
उठाते,54
आपके,87
भैंस,61
अगवा,30
आखिरी,125
हमलावर,118
चापाकल,63
उठानी,54
पोशाक,6
पहाड़,119
परीक्षाएं,193
शिकायतकर्ता,185
बर्तन,158
धर्मेन्द्र,195
संसाधनों,115
तुलना,21
इमारत,34
सीमित,158
राखी,45
बढ़े,57
उत्थान,27
यूं,158
सेठ,77
मानसून,124
प्रवीन,195
सफेद,56
बनती,85
दवाएं,83
एयरपोर्ट,53
दिवाकर,77
जोड़,40
भोग,27
निर्गत,47
उमड़,123
तीर्थ,18
जीव,93
प्रताड़ित,98
दायरे,111
प्रोत्साहन,115
साक्षात्कार,158
सावन,124
कहर,158
शर्त,115
फरमान,115
कड़ा,115
छिड़काव,22
मचाने,64
ब्याज,177
क्रांति,158
जलाने,138
नवजात,131
निर्णायक,158
लोहे,159
अंदाजा,176
कल्पना,143
बचत,189
गिरावट,149
आतंक,118
बढ़ाई,57
पूर्णिमा,103
प्रोत्साहित,14
जिक्र,158
नक्सली,118
मुसीबत,116
प्रभार,194
कारोबारियों,90
रोगों,144
निर्मला,81
सुना,145
माले,55
विधिवत,158
साधना,27
पीडब्ल्यूडी,62
जिंदा,3
तिराहे,172
सापेक्ष,158
हिन्दी,91
कहती,85
जनजाति,137
कारावास,44
तफरी,64
फैला,50
संकेत,158
बड़ी,158
सघन,158
युवतियों,186
फूलों,168
विवरण,115
हथियारों,133
हिस्सों,48
सम्भल,158
नजारा,15
जनसंख्या,158
अभियुक्तों,185
घटे,57
नक्सलियों,118
बुजुर्गो,92
वृद्धा,92
मिलेंगे,26
प्रिया,81
प्रमंडल,35
उत्तीर्ण,193
बैठी,135
कमाई,189
युद्ध,158
अधूरा,158
वृक्ष,187
केशव,77
इमाम,46
टूटे,158
हलके,56
डंडे,166
कक्षाओं,17
जोकि,48
खामियाजा,110
लावारिस,3
बिल्कुल,158
परेड,106
फैलने,50
नर्सरी,158
जुड़ा,40
नियमानुसार,115
जनसभा,106
शाहिद,46
लूटने,86
सबको,87
कैदी,44
उत्क्रमित,17
निवारण,158
घाटी,158
देखभाल,115
उतरी,10
नदियों,169
छात्रावास,17
निर्भर,158
कीमती,107
चलेगी,26
संभावित,110
मेहमान,122
ट्यूबवेल,160
कोठी,34
उदाहरण,158
सोलन,13
ईमानदारी,0
चलकर,158
झेल,110
गुस्साए,29
अकेले,85
महकमे,62
बीआरसी,179
फैलाने,50
दाखिले,193
प्रकृति,27
कांफ्रेंस,106
प्राचार्या,179
खाक,138
गायन,66
युग,27
किराये,34
बाप,151
प्लास्टिक,158
परिषदीय,179
हरा,56
एजेंट,173
जिसको,170
खतरनाक,93
धीमी,15
कोचिंग,17
रखरखाव,115
वारदातों,184
जश्न,65
अनुपालन,115
समझौते,115
विदित,85
जीतकर,141
आठवीं,20
गोलियां,133
भड़क,29
सन्नाटा,134
कर्म,27
दलाल,90
प्रशंसा,15
डेयरी,158
शिकंजा,8
कुंदन,195
बताकर,85
ट्रेनें,152
दिसम्बर,60
बोली,158
मिलीभगत,104
भ्रूण,131
बारात,31
तुलसी,158
सुनाया,145
सच्चाई,158
अखंड,158
उपेंद्र,77
रखेंगे,26
व्यक्तिगत,158
उर्मिला,81
परिक्रमा,199
अनुशासन,115
कार्यप्रणाली,158
चेतना,110
कपड़ों,6
आगाज,196
अधिसूचना,47
गोला,133
बहू,12
भगा,158
झील,63
ठोकर,166
कर्तव्य,0
चौपाल,106
खाई,63
अश्विनी,195
वजन,96
कुएं,63
सवालों,139
रजा,46
धूम,64
परमात्मा,27
भरोसे,158
नाकाम,14
प्रतिबंधित,115
रवैया,110
गहरी,158
तारा,192
देखना,85
पाएगा,26
करवाकर,108
धनंजय,195
रवैये,110
अर्जी,185
टैक्सी,147
सम्पन्न,106
धारकों,7
टोली,158
बेहतरीन,15
कोट,6
जाल,190
मूलभूत,115
बिक,42
पायी,85
रोकथाम,158
लिखी,154
गूंज,158
शकील,46
डूब,190
जीते,141
रचना,154
वसूला,177
कालोनियों,34
कंचन,81
वैश्य,158
सिद्ध,158
गिरि,77
परिचालक,53
तंत्र,115
निपटारा,121
शातिर,78
विफल,14
बेंच,135
जरूरतमंद,7
कुलवंत,156
स्थानांतरित,47
चालीस,120
साक्ष्य,178
ऐलान,196
मोह,27
पाये,85
सेमीफाइनल,105
रोटरी,49
हिम्मत,33
लगायी,176
इकट्ठा,14
बेरोजगारों,158
हरियाली,187
बनना,85
सावित्री,1
पड़ते,109
चलाते,182
जन्मदिन,65
पुरुषोत्तम,77
रेत,159
हराकर,141
ख्याल,5
कालाबाजारी,149
महकमा,62
वर्दी,6
चहल,156
प्रतिवेदन,115
नौजवान,92
विद्युतीकरण,180
बांटा,25
जायेंगे,26
देसी,133
वैदिक,27
शवों,3
आयोजक,106
गवाह,178
नाजुक,158
शब्द,158
इस्तीफा,194
निशानदेही,73
पदार्थो,93
गुलशन,195
पुस्तकालय,154
दोस्तों,48
सतर्कता,148
खेलते,2
विक्रेताओं,90
हॉकी,105
कन्नौज,175
धांधली,104
समन्वय,115
खेले,2
अंधेरा,192
कीचड़,167
अंदाज,158
शिकायती,158
तमंचे,133
कार्यभार,38
दून,158
आखिरकार,198
जबरदस्त,15
वीरभद्र,194
सौंपने,38
प्रदेशाध्यक्ष,49
निकलना,129
कर्ण,77
कठिन,15
मवेशी,61
मेधावी,17
कृपा,27
रिकॉर्ड,158
दामों,149
जितनी,21
विश्राम,158
वर्करों,158
जंगली,51
दूसरों,27
सर्वेश,77
क्लीनिक,157
चरित्र,158
बीडीसी,146
सीमेंट,159
अबतक,125
मंत्रियों,194
एकमात्र,158
खरीदा,42
स्थाई,158
अश्लील,98
भुगतना,110
हाजिरी,158
खोजबीन,73
मरने,3
बुला,38
पांव,101
नवम्बर,60
मणि,158
करेगे,26
गुणगान,27
सीख,19
नगद,189
सूत्रीय,115
सक्षम,14
नसीब,27
पर्यटक,18
लगवाने,176
छेड़खानी,98
दिखाते,130
बहरहाल,198
संगम,158
शिक्षामित्रों,17
भंडारा,158
बेगम,158
प्रपत्र,178
रिश्वत,189
सब्जियों,39
पार्वती,1
करवाना,108
विभागाध्यक्ष,17
हाट,90
लैस,133
छात्रसंघ,17
सतर्क,110
शासनादेश,115
वरुण,77
व्यास,77
शीतल,75
सुध,199
खंभे,180
रौनक,158
वार्षिकोत्सव,106
चीख,145
भनक,85
उमस,75
युक्त,158
गुमराह,158
भजनों,66
माया,27
वाहिनी,158
सहकारिता,173
मिस्त्री,9
जीने,27
सूखे,158
मीट,158
समीर,195
धंधा,90
क्रियान्वयन,115
प्रसंग,158
बचाया,158
डयूटी,158
मनीषा,81
खिड़की,111
पलायन,98
अनिश्चितकालीन,79
निहाल,156
लंबा,96
तत्व,93
मंथन,158
वेतनमान,47
पुण्य,27
दिखाए,130
उत्कृष्ट,15
निर्वाची,158
नुक्कड़,112
सरसों,149
मानने,85
डालते,5
आराम,27
हरिओम,77
कान,101
संसार,27
मंडियों,149
पड़,109
निराश,162
थोड़ा,21
बाइपास,172
लेनी,85
प्रतिष्ठा,27
पाना,85
रिश्तेदारों,48
राजनैतिक,70
गिरफ्त,140
पुनीत,195
शरीफ,158
रिहा,44
विजेताओं,105
शौचालयों,110
मोहाली,13
रजिस्ट्रार,62
पढ़ाने,17
बुनियादी,115
माफी,197
जानवरों,51
नमूने,15
वोल्टेज,180
हीं,158
लूटी,86
लिख,154
मतलब,158
विवेचना,73
दीवान,158
समर,158
महंगा,15
दुआ,197
जिसने,170
पड़ाव,53
लायक,14
पीटकर,166
झोपड़ी,34
बंदियों,44
उत्साहित,162
बालिकाओं,158
दहिया,156
बांटने,25
सुधा,81
उतारने,10
कागजों,178
महिमा,27
मंडलायुक्त,62
लैपटॉप,142
कोटेदार,149
दबंग,158
जलने,138
टैंक,160
लाना,5
उतारा,10
चढ़ा,94
किताब,154
पुरवा,175
बेदी,158
सैयद,46
अर्थ,158
महर्षि,77
गौरी,1
अस्थायी,158
झगड़े,29
जाली,178
अभद्रता,29
पैदावार,22
वस्तु,158
शून्य,158
सुपुर्द,38
हत्यारों,0
मुंशी,77
वैकल्पिक,158
व्यक्तित्व,27
बीतने,125
आतिशबाजी,192
तरक्की,27
विज्ञापन,153
सेनानी,70
परियोजनाओं,115
बूंद,169
आवेदकों,193
राजाराम,77
जोश,33
गोशाला,61
निर्विरोध,158
कहे,85
शब्दों,158
अंचलाधिकारी,62
चक्का,147
कगार,196
संग्रह,154
अनुबंध,158
रूबरू,85
आमजन,128
हां,198
साधु,191
तड़के,11
हिन्दू,137
अधीक्षण,62
महादलित,137
विनीत,195
बुद्ध,27
नियोजित,115
कदर,158
त्याग,27
प्रशिक्षु,17
ब्योरा,178
नहरों,63
किस्म,48
निकलते,129
ऊंची,96
सुदर्शन,77
नेताजी,70
संकाय,17
प्रभारियों,62
घास,158
पंत,77
बटालियन,155
खातों,173
हफ्ते,125
शस्त्र,133
सार्थक,15
साहिल,195
लुटेरे,78
मार्गदर्शन,115
इसीलिए,198
तादाद,158
आमरण,79
दिक्कतें,116
रुकने,28
तरुण,195
बनेगी,26
प्रेषित,38
कामयाबी,14
चरणों,158
प्राण,27
वादों,36
गिनती,158
घटी,184
सूख,169
उठने,54
योग्यता,158
सनातन,27
शहरवासियों,128
कठोर,115
अंप्र,158
शुभ,199
मनप्रीत,156
पारदर्शिता,0
गंगवार,77
अधूरे,143
पाबंदी,115
सिनेमा,188
दरगाह,58
महुआ,187
उद्योगों,158
सनसनी,50
हवाओं,75
लेती,26
बचपन,158
बावत,158
दशहरा,103
रुपयों,189
हवलदार,155
ऊषा,81
शरद,195
जानकारियां,115
उपरोक्त,48
टिप्पणी,158
निभा,37
उपचुनाव,117
महोबा,175
निबंधन,62
संबद्ध,48
जितना,21
एकल,158
कुसुम,81
अरविन्द,195
जहरीला,93
कराएंगे,108
स्टाल,90
शिवानी,81
सक्रियता,110
खुलासे,158
आशय,158
थानेदार,155
प्रहार,15
मिलों,149
जागृति,110
जगजीत,156
खुलेआम,158
करण,195
जोरों,158
पाएंगे,26
पासपोर्ट,178
हिंसा,29
खाकर,161
झूठे,158
संतुलन,158
कच्चे,149
अभियंताओं,62
बदतर,72
प्रकाशन,154
राजभर,77
असली,158
त्रिवेदी,195
नारा,59
देन,158
विपक्षी,70
चमन,168
प्याज,39
जीना,27
समझाया,85
मसले,48
पृथ्वी,199
कोमल,15
पठन,88
महीना,125
सिलसिले,158
लदे,159
हेलमेट,6
व्यवसायिक,158
दस्तक,111
सर्वश्रेष्ठ,15
पाठन,158
टेलीफोन,142
डूबने,190
बढ़ोत्तरी,57
अपनाने,68
सशक्त,15
झटका,158
मानवाधिकार,115
सिद्धार्थ,195
सर्राफ,77
उद्यमियों,90
काजल,158
वैज्ञानिकों,115
गणना,115
आतंकियों,118
सबक,19
बची,158
पुनर्वास,98
केसरी,153
यानि,198
वादी,185
भटक,18
सिमडेगा,35
अग्रिम,158
बिगड़ने,72
उमड़ी,123
हटाकर,127
तंबाकू,113
मास,125
यंत्र,115
अंग,27
नियंत्रित,115
आवारा,51
भतीजे,151
नींव,5
तर्क,158
प्रतिभागी,105
आतंकवाद,118
अनंत,27
बेकार,158
भट्ठा,159
देवता,1
घुसे,111
कांग्रेसियों,70
पाउडर,149
लक्षण,144
पड़ेगी,109
वादे,36
मुलाजिमों,62
गुटों,29
उल्लेख,115
उपहार,15
भागे,164
देवर,12
इनसे,170
साप्ताहिक,153
पुकार,145
शिक्षामित्र,179
आंकड़ों,110
रोजा,58
परिस्थिति,110
शहादत,155
मोती,158
सिलाई,158
उपलब्धता,115
जानवर,51
पंखे,82
प्रबंधकों,158
लटक,82
हड़ताल,79
उपलब्धियों,115
भौतिक,93
अत्याचार,98
खैर,198
कांस्य,105
बाराबंकी,175
आकर्षित,158
गहन,110
मसीह,27
सपने,143
कुत्तों,51
पाठ्यक्रम,17
कुंतल,149
आंसू,169
गबन,104
मामा,151
निर्दलीय,117
जलाभिषेक,18
गुलाल,158
समाप्ति,196
पलटने,158
आंखें,192
पक्की,53
अभिनंदन,122
सुचारु,115
सीधी,158
ओंकार,77
बरात,31
सामानों,107
मानकों,115
स्वरोजगार,158
निर्देशानुसार,115
दर्शक,158
पीकर,161
भिड़ंत,29
प्रतिमाह,189
क्रिसमस,27
तेवर,110
पौधा,187
सबके,87
पारी,89
लोहा,159
डिमांड,158
स्वतंत्र,158
साध्वी,191
शिरोमणि,191
वस्त्र,6
खरीदी,42
बदली,171
ठहराव,53
धरातल,158
प्रमुखता,158
ताज,158
भोले,1
न्यायमूर्ति,185
जुर्माने,189
पेशी,185
मुकाबलों,105
दराज,13
गश्ती,155
भलाई,27
कृषक,165
सर्वेक्षण,110
शुभकामनाएं,122
कसर,74
जनगणना,158
बोलने,158
चादर,158
इजहार,126
दवाई,83
प्रतिभाग,105
नियंत्रक,62
नाव,190
चारा,158
तोड़ा,95
नीलामी,42
संस्तुति,115
जानते,85
घोर,110
अंकों,158
कारागार,44
उपकरणों,115
निलंबन,196
लगाम,8
साकार,143
बनाएं,5
मच्छरों,144
राज्यसभा,115
बिंदुओं,48
प्यास,138
विकलांगों,7
वस्तुओं,93
लिहाज,158
लूटा,86
तालाबंदी,79
किला,34
कक्षाएं,17
कार्यशैली,158
वक्ता,106
बौद्ध,27
उठी,54
असामाजिक,93
सदैव,158
मुहर,176
चिह्न,158
रोककर,158
पटवारी,62
रास्तों,53
अभिलेख,178
चुप्पी,134
श्वेता,81
जितने,21
नजदीकी,48
भाईचारे,97
बारहवीं,20
पढ़ा,88
स्नातकोत्तर,17
हंगामे,64
प्रज्ज्वलित,192
आजसू,35
संकीर्तन,158
किरन,81
निकेतन,158
कसने,8
आवेदक,193
बर्बादी,189
प्रदर्शित,115
मानवता,27
चंदा,189
बीमारियां,144
बीएसएफ,155
चाह,143
हटाए,127
कल्याणकारी,115
विरेंद्र,77
गुरू,191
कोटे,158
गड्ढों,63
खोलकर,16
सिफारिश,115
साक्षी,178
कोष,115
अहसास,15
कचरे,167
बर्फबारी,124
चक्रवर्ती,195
मित्रों,48
धंधे,90
उपनिरीक्षक,62
आयुष,83
घेराबंदी,153
बांट,25
कार्ययोजना,115
सितम्बर,60
किताबें,154
पढ़,88
बुलाने,38
मवेशियों,61
संतों,191
कांप्लेक्स,34
आंकड़े,110
मुक्तसर,156
बनते,5
कैमरा,142
दंगल,23
नाक,101
जनपदों,13
पूर्वाह्न,11
कुलसचिव,17
पटाखे,192
घूमने,18
धोखा,158
अभियोजन,185
लड़कियां,186
बदहाली,72
अटल,158
अधिवेशन,106
फेंकने,5
खुशबू,168
इजाजत,115
अध्यक्षों,49
मृतकों,3
ईदगाह,58
प्रतियोगिताएं,105
नीयत,158
पावन,27
क्षुब्ध,162
सीडी,158
पीड़ा,98
कापी,154
अवलोकन,115
ऊंचा,96
बैडमिंटन,105
शकुंतला,81
घोटाला,104
ओलावृष्टि,124
मत्स्य,63
आकलन,115
गुजरना,67
अव्यवस्था,158
विचारों,115
बदौलत,158
हौसला,33
दुरुपयोग,115
किन्तु,198
अपहृत,30
फंसा,190
साक्षर,7
तालमेल,135
साठ,120
इच्छुक,158
भंडार,158
पड़ोसियों,48
रंगों,158
स्वर्णकार,77
संकुल,158
नक्शा,158
पात्रों,158
लता,66
दादा,151
आवासों,34
घाघरा,169
खुराक,83
बंदरों,51
गिरे,84
प्रोन्नति,47
माजरा,158
गारंटी,115
रोजी,189
मोहल्लों,172
व्यावसायिक,173
ठंडे,75
प्रतिनिधित्व,115
गहरे,56
लगन,27
दलितों,137
समग्र,115
फेंका,5
विस्फोट,118
सेवानिवृत,47
नववर्ष,122
सजग,110
आराधना,1
प्रदूषित,93
पालिकाध्यक्ष,49
दिखने,85
भोर,11
नैतिक,27
झाविमो,35
शिक्षिकाओं,179
मोटी,158
निर्वहन,37
रद्द,196
सुनते,145
अनमोल,15
जूझना,116
बोरी,149
बर्खास्त,196
नौजवानों,92
दृश्य,15
बैठकों,106
बोरा,149
लैपटाप,142
चिंतित,162
पद्धति,115
कराटे,158
ताल,63
भिड़,29
लेगी,26
कुत्ते,51
चेहरा,192
घटनाक्रम,184
चीज,158
जागरुक,110
पांचों,100
विहीन,158
मंडलीय,62
दिनदहाड़े,158
नवनिर्वाचित,49
हल्का,56
नियत,158
ईंट,159
इनको,170
लाभार्थी,7
आढ़तियों,149
प्रधानाचार्या,179
समृद्धि,27
बिरादरी,158
निखिल,195
आंकड़ा,189
नालियां,63
कुशल,158
सहन,110
सेशन,185
लिखने,158
प्रथा,3
डिप्लोमा,17
गायों,61
लौटना,71
रश्मि,81
बड़े,21
फसलें,22
पिछड़े,137
पैरवी,185
लेखन,158
उठाव,149
मनोनीत,5
निकलकर,129
जरुरत,85
चक्र,27
बोला,158
सिकंदर,158
जोड़ी,40
संभालने,38
अफरातफरी,64
पीस,158
तरस,161
पुण्यतिथि,65
पारंपरिक,27
पिलाने,161
विमान,53
गुना,57
भाजपाइयों,70
संतुष्ट,162
रस्म,3
निराशा,110
चरम,158
कमांडर,155
सशस्त्र,155
नमी,158
ब्राह्मण,137
साधारण,158
पहुंचना,4
जंगलों,119
मताधिकार,117
प्रयासरत,14
जुड़,40
अस्थाई,115
कालीन,27
पसीना,169
प्रतिष्ठान,158
हत्यारोपी,158
वास्तविक,158
चलाना,182
आढ़ती,90
इंसाफ,98
महत्ता,27
फलों,39
मलबा,158
फूट,158
लालच,27
डटे,135
बदबू,167
मांस,158
बतायी,85
गुजरते,67
मंत्रमुग्ध,162
तूफान,124
टाल,158
मुफ्ती,46
प्रेमिका,12
रहित,158
ग्रंथ,154
मुस्कान,192
प्रयोगशाला,115
चौदह,100
गहने,107
कारखाना,158
डंडा,166
दस्ते,155
बंदूक,133
उपनिदेशक,49
जरा,21
मच्छर,144
खुफिया,173
गगन,192
जनार्दन,77
कूलर,180
कोने,158
सूबेदार,155
अघोषित,115
शिष्टमंडल,106
रामनवमी,103
तत्वाधान,106
इसपर,48
अन्याय,98
चौथी,20
खींच,158
क्रीड़ा,158
रामनाथ,77
जुआ,2
संग्राम,70
अनुशंसा,115
आत्म,27
रंगोली,41
उपाधीक्षक,62
भीड़,123
पहुंचेगी,4
खण्ड,158
प्रांत,13
खदान,159
कुख्यात,188
मौर्या,77
नियमावली,115
बदलते,171
भला,158
प्रतिक्रिया,158
किस्त,177
शताब्दी,125
दंड,0
पसरा,192
असफल,14
ऊंचाई,96
ठहराया,0
माफ,197
अभिलेखों,178
अर्जित,27
पदस्थापित,47
संभाला,38
नेपाली,91
अनुष्ठान,132
सचिवों,49
नवनियुक्त,49
शैली,158
सौहार्द,97
इंजेक्शन,83
लोकार्पण,196
जोखिम,110
वसूलने,177
रामायण,158
पक्षी,158
राजकिशोर,77
मधुबन,175
छठी,20
प्रतिवर्ष,158
मंत्र,132
टीईटी,193
नवोदय,17
बिजलीघर,180
सहभागिता,158
आर्मी,155
ध्वजारोहण,106
फेरी,158
लड़का,186
प्रतीत,85
धारक,7
चैंपियन,105
किन,110
संवेदक,115
आसार,110
खुलवाने,16
सावधानी,148
वन्य,93
लगेगी,26
भाग्य,27
आहत,110
प्राधिकार,115
विवादित,158
दूरभाष,142
कहाकि,158
जले,138
घातक,93
सिम,142
महाविद्यालयों,17
रिहायशी,34
बांधकर,45
सालाना,189
गवाही,185
मस्ती,27
उल्टी,158
विमोचन,154
खरीददारी,90
घेरे,111
चौटाला,77
पर्दाफाश,158
माथा,101
अत्यंत,21
आश्वस्त,110
स्कूटर,147
झटके,158
धड़ल्ले,158
संयंत्र,115
दुर्घटनाग्रस्त,184
देवताओं,1
सांप्रदायिक,29
धार,133
सर्राफा,90
अधिशाषी,62
तत्पर,14
पंचनामा,158
कमाल,130
दामाद,151
परामर्श,115
उज्ज्वल,192
बनेंगे,26
रखता,5
लूटे,86
धारदार,133
खबरों,153
संतोषजनक,158
आगजनी,29
निभाने,37
सांप,93
फीता,158
हाथियों,51
एकजुटता,97
निर्दोष,0
सेक्शन,152
नशीला,76
दीक्षा,27
नामित,5
जनजीवन,158
मुनि,191
लौटते,71
बागवानी,158
अल्लाह,27
सगे,151
गढ़,34
चूना,159
तलवार,133
भाईचारा,97
हड्डी,101
थोक,90
लौटी,71
प्रहलाद,77
पहुंचेंगे,158
डंडों,166
देशभर,158
मिजाज,110
बीएन,77
नमूना,15
संक्रामक,144
बुझाकर,138
भड़के,29
खुलकर,158
छापे,153
पहलुओं,48
तबादले,47
बर्फ,75
सौदा,158
तथ्य,158
निबंध,154
लगेंगे,26
लदा,159
रामानंद,77
अध्यापिका,179
मशीनें,115
बांस,187
भास्कर,153
मालगाड़ी,152
तबाही,158
खरीदे,42
सबूत,178
दुराचार,98
आयुर्वेदिक,83
शरारती,93
आरक्षी,62
दादी,151
बहुमत,117
अर्थदंड,177
ब्रज,77
एथलेटिक्स,105
संलिप्त,158
सरयू,169
बढ़ेगी,57
मंगला,1
तत्पश्चात,196
कंपनियां,173
सहायिका,179
गुमशुदगी,73
दुखी,162
कतई,158
कटाव,169
कब्रिस्तान,3
परहेज,158
क्रेडिट,177
बढ़ाए,57
जोड़कर,40
सांत्वना,27
सहज,15
अभिनव,158
आजीवन,158
रौशन,192
पुस्तकें,154
प्रतिनियुक्त,47
सरकारों,70
पक्षियों,158
बिछाने,5
माली,168
आमदनी,189
परंपरागत,3
बेटियां,151
झूठा,158
जैविक,93
अनुपात,158
सुलझाने,121
कार्यदायी,158
सर्वोच्च,185
स्वर,66
कार्मिक,158
समायोजन,158
होड़,164
जनस्वास्थ्य,158
फिल्मों,188
अकेला,85
त्रिस्तरीय,146
समझते,85
छोड़ी,74
ठंडा,75
प्रशासक,158
रस्सी,45
मुश्किलें,116
बंधन,45
कमलजीत,156
नसीहत,148
सबका,87
धुनाई,166
नशीले,76
कोहरा,75
रिश्ते,48
खरीफ,22
फाइलों,178
झांसी,175
तबीयत,72
लापरवाह,110
झड़प,29
छाए,110
ढोल,43
सराहा,15
ब्यौरा,115
बच्चियों,186
उपविजेता,105
नाकाबंदी,155
चढ़ने,94
नमन,122
खोली,16
निशाने,134
लगाएं,26
पांचवें,55
कीटनाशक,93
हाथापाई,29
पढ़ाओ,158
पार्को,34
राजी,115
समर्पण,27
चौपट,72
छठे,55
निष्ठा,27
छुटकारा,158
लगना,176
दीन,7
डीलरों,90
दलालों,90
दिला,99
विस्थापित,98
झाड़,158
अग्नि,192
चांदनी,192
राज्यस्तरीय,158
नवीनीकरण,196
भक्तिमय,158
अनारक्षित,117
इकाइयों,173
टॉप,158
बहने,169
सातवें,55
टीका,144
दस्तावेजों,178
पसीने,169
मातम,158
उर्स,58
गरिमा,27
अखाड़ा,23
मौलिक,115
अदायगी,177
बलिदान,155
प्रताड़ना,98
भैया,151
सौंपकर,38
प्री,158
उपज,22
टेक,101
क्लर्क,62
अमीर,7
जायज,0
मशहूर,188
श्रेष्ठ,15
मुहल्लों,172
प्राध्यापक,17
परमार,77
पेटी,149
घेरा,5
अंबार,167
खामियां,163
बड़ा,158
बडे़,21
निर्माता,158
दिव्य,27
वें,55
खत्री,77
आपकी,87
विचाराधीन,185
झलक,85
खलबली,64
बेचा,42
प्रेरक,158
साझा,48
महंगी,15
पंडा,77
अंतर्राष्ट्रीय,158
घड़ी,158
खौफ,110
खफा,162
स्वयंसेवी,70
तरीका,15
कार्यवाहक,49
घुसने,111
आंदोलनकारियों,79
असुविधा,116
सचेत,110
बहाना,158
त्रस्त,162
मयंक,195
आटा,149
स्वाभिमान,27
भावनाओं,27
पैसों,189
गौशाला,61
भाभी,151
खपत,158
लहूलुहान,150
मंडली,158
अधिकृत,115
जमावड़ा,123
पॉलीथिन,113
गंतव्य,53
बीडी,113
टेम्पो,147
कुपोषण,158
चढ़ाने,94
बिलों,177
रूपरेखा,115
सरल,15
चरस,76
दौड़ा,164
अंजली,81
प्रौद्योगिकी,115
शिविरों,106
मॉल,90
छीनने,86
ताबड़तोड़,29
हर्षोल्लास,65
निस्तारित,121
सरगना,158
पुरूष,186
सबकुछ,158
बनायी,5
दुल्हन,31
कुचल,102
विदेशों,13
सभासदों,146
परिचित,85
बेटों,151
मलबे,158
सैन्य,155
रक्षक,27
तिराहा,172
खातिर,27
चीजों,93
ज्ञानी,191
गोलीबारी,158
उपयोगिता,115
अवशेष,158
व्यवस्थाओं,115
आवेदनों,193
चौकसी,155
जगतार,156
कागजी,158
फंदा,82
खुदकुशी,158
मजबूरन,109
रैन,34
बयां,158
अधूरी,158
पर्चे,154
बंदर,51
शख्स,158
इनकार,158
अफवाह,50
नयी,158
चूक,163
रहेंगी,52
सेतु,53
मंडप,31
कीमतों,149
जता,126
शिक्षाधिकारी,179
रूपए,189
बदलकर,171
नाग,93
रोपाई,22
नौबत,116
बढ़ेगा,57
अविश्वास,115
नामों,48
जोड़े,40
नाते,48
चुप,134
प्रज्वलित,192
गुरदेव,156
श्रोताओं,158
चकबंदी,165
धुन,66
शान,27
परमानंद,77
विधेयक,115
बेहोशी,150
त्रिवेणी,169
पीडि़त,98
दुग्ध,61
इरशाद,46
तौल,149
वैभव,27
बेला,11
खोकर,158
शीतला,1
स्कार्पियो,147
विविध,48
गर्व,27
छत्तीसगढ़,13
संगठित,158
गाड़ी,147
उठता,54
तटबंध,169
सवारियों,53
पुस्तकों,154
सूखा,169
जयंत,195
यौन,98
सदा,158
आहूत,106
छप्पर,34
सड़कों,172
पैतृक,158
बत्ती,158
बादलों,199
अग्रणी,188
बस्तियों,34
साकेत,77
भगदड़,64
शाखाओं,173
उत्पादों,90
पहने,6
सकुशल,71
कुआं,63
गतिविधि,115
हटवाने,127
अनुमोदन,115
जनरेटर,180
चेतन,27
चरखी,158
जमाने,158
चेताया,110
अपराधों,0
मुश्किलों,116
विद्यापीठ,17
सद्भावना,97
कनिष्ठ,62
धरोहर,27
वीणा,43
दावेदार,117
नेट,142
शीर्ष,158
बंगला,91
कठिनाई,116
लुत्फ,54
आड़े,158
साहित्यकार,188
बैंकिंग,173
मुकाम,158
मिसाल,158
क्षेत्रवासियों,128
अग्निकांड,158
प्रतिकूल,110
ओलंपिक,105
चंचल,15
गुस्से,29
जिलास्तरीय,158
चेकअप,157
बाई,1
टूटकर,84
चिंगारी,138
मुकम्मल,158
पोषाहार,179
संशोधित,115
स्त्री,186
पिलाई,161
खुशियां,27
नवनिर्मित,34
हंस,158
जन्मोत्सव,65
शीशे,158
स्वर्गीय,27
बापू,191
मृत्युंजय,77
साड़ी,6
किताबों,154
हंसराज,195
चित्रकला,158
रत्न,15
कामों,158
सृजन,158
पक्के,34
बरी,0
उद्यमी,90
सेक्टरों,173
झंडे,32
असिस्टेंट,62
विशेषकर,13
दिलचस्पी,143
पहलवानों,23
जुगाड़,158
पढ़े,88
दीनानाथ,77
रोहिणी,199
कूपन,177
पुस्तिका,154
कॉपी,154
साढे़,100
प्रयुक्त,115
मात,141
जुटाने,14
भूमिगत,158
पैरों,101
लादकर,159
खस्ताहाल,72
अपमान,158
प्रतिनियुक्ति,47
पीर,191
सरपंचों,146
इशारे,158
खेली,2
आलोचना,15
कत्ल,0
पढ़ाया,19
सुमित्रा,81
मकर,199
ध्वज,32
सस्ते,149
चर्चित,188
मनमाने,158
चाल,15
जन्माष्टमी,103
पढ़ी,88
जननी,131
मुकुल,195
हटाओ,59
समझने,85
झोंक,133
दीवाली,192
रसायन,93
नतीजतन,198
नन्हें,158
रोड़,53
खानापूर्ति,0
पटाखों,192
मानकर,85
सोलह,100
निविदा,115
गतिविधियां,115
जलजमाव,63
सेविकाओं,179
पल्ला,158
आहार,27
कमेटियों,49
भोजपुरी,91
पायल,158
सचल,158
हौसले,33
बजकर,11
फैले,50
तत्परता,110
एहसास,27
वृक्षारोपण,187
जगी,24
उज्जवल,192
नगीना,15
लाईन,53
सुलभ,15
दुर्घटनाएं,184
मूल्यों,27
आयोजकों,106
विरासत,27
उन्मूलन,196
उतरकर,10
सरिया,159
मुठभेड़,118
देशभक्ति,158
वैद्य,157
उदासीन,110
ताक,5
प्रेक्षक,62
भरमार,158
लाइनें,53
घोसी,175
फरियाद,158
रामा,1
मुसलमानों,137
बकरी,61
उर्वरक,22
दफ्तरों,158
प्रेमियों,158
हैदराबाद,13
प्रधानाध्यापिका,179
सर्वप्रथम,158
थमने,158
केरोसिन,160
ग्रामसभा,146
उत्पात,64
कॉलोनियों,34
महाशिवरात्रि,103
कच्चा,158
नौवीं,20
अमीन,46
खस्ता,72
ध्वनि,15
अलमारी,107
संवेदना,110
आंगन,111
बोलते,158
बिरसा,158
पाएगी,26
तबाह,196
व्यवस्थापक,115
वैध,115
शशिकांत,195
आपात,158
लकड़ा,156
विस्थापितों,98
पीटने,166
दस्ता,155
सैकड़ों,136
अखबार,153
समूहों,158
मिलनी,85
बोगी,152
सूचनाएं,115
खादी,6
पौधारोपण,187
प्रधानाध्यापकों,179
अनहोनी,110
परमेश्वर,27
प्रश्नपत्र,193
सलामी,158
पहनाकर,6
बेवजह,158
मिलावट,93
बलराज,156
व्यवस्थाएं,115
सरेआम,158
ग्रस्त,98
प्रभा,81
सभाओं,106
जरूरतमंदों,7
फरियादियों,158
गर्भ,131
सिमट,158
अभद्र,29
अत्याधुनिक,115
इशारा,158
मक्का,149
सुलह,29
गुरुकुल,191
परम,191
अवरुद्ध,196
बनवाया,176
करवाएं,108
लिफ्ट,158
साधा,134
खिलाडि़यों,105
फंदे,82
गुरनाम,156
बुआई,22
बचाई,158
बूंदाबांदी,124
नतीजे,110
प्रतिभाओं,92
आकस्मिक,184
दबाकर,102
विकराल,110
मारवाड़ी,91
बांधा,45
पात्रता,115
विज्ञप्ति,158
बलवान,27
कानूनगो,62
श्रृंगार,158
चाबी,107
घटित,184
टमाटर,39
गर्दन,101
शास्त्र,27
गाकर,66
बहाव,169
अंग्रेजों,158
चुंगी,172
फौज,155
अवहेलना,115
बिंदु,48
मांगपत्र,158
बंदोबस्त,115
अस्त,199
कन्याओं,158
आनी,85
वांछित,115
चलाता,182
बयानों,158
दोस्ती,48
निपटाने,121
अकेली,85
भल्ला,156
दुर्दशा,72
लेगा,26
रेडियो,153
परचम,32
जतायी,126
कड़ाके,75
मोर,158
कुर्बानी,155
प्रदेशों,13
चौड़ीकरण,53
पैनी,15
धक्के,166
नशीली,76
अलका,81
गुलदार,51
चाहा,85
मिटाने,158
जबाव,139
आयुर्वेद,83
अभिनय,112
गाने,66
अर्बन,173
पदयात्रा,106
मिलीं,52
दोष,158
दांव,2
निचले,158
चोटिल,150
सच्चे,158
किश्त,177
उड़ान,69
तारीफ,15
जबरदस्ती,158
नहाने,190
काटी,114
थानाध्यक्षों,62
लीक,158
दामोदर,77
भयभीत,162
वायु,158
मुकदमों,185
कीट,158
विवादों,158
गुणा,57
गांजा,76
गहराई,110
लड्डू,161
एम्बुलेंस,157
तैसे,158
दया,27
बंधे,45
क्षेत्रफल,96
उतना,21
हैरान,162
अभिमन्यु,195
अत्यधिक,21
तुम,87
सहयोगियों,48
रेस्टोरेंट,90
हरसंभव,14
सीखने,19
किस्मत,27
लेखपालों,62
परिवेश,158
सहूलियत,115
संभावनाएं,110
कुरीतियों,163
सेब,39
वरदान,27
महापंचायत,106
चारदीवारी,111
असहाय,7
हावी,158
मध्यम,158
उच्चतर,115
छोर,13
जुड़ने,40
तेरह,100
काव्य,154
अंदेशा,110
बनाम,185
बेखौफ,158
चौथा,55
मशाल,138
पदभार,38
मायूस,162
रोकना,85
फटने,158
अकाल,158
पड़ता,109
पौड़ी,53
शिखा,81
निशांत,195
पड़ी,109
फिरौती,30
लोकपाल,115
दबा,102
बदनाम,158
हुनर,130
पांचवीं,20
दोपहिया,147
उठकर,158
जानकारों,85
लेनदेन,158
मनोबल,33
बुराइयों,163
औसत,158
पुत्रों,151
लेखक,188
गृहस्थी,12
सभापति,49
वरना,158
वापिस,71
नवाब,158
बेरी,156
आंतरिक,158
पासबुक,173
अंगूठी,107
पार्टियां,70
दंपति,12
कैशियर,173
उपवास,103
सियासत,70
भगाने,158
उपमुख्यमंत्री,194
अतिक्रमणकारियों,158
स्वार्थ,27
खुलवाया,16
सपनों,143
खाकी,6
क्रमिक,158
लगीं,52
रोकर,158
चचेरे,151
एंव,48
वास्तव,198
दस्त,144
रिकवरी,177
मायने,158
तहसीलों,13
दावों,36
थमा,158
रुके,28
मुरली,77
बताये,85
सम्पर्क,48
प्रत्यक्षदर्शियों,158
आरोपित,158
वर्णन,115
बताती,85
मेहमानों,122
नवदीप,156
हल्के,56
शासकीय,17
जलाया,138
चलो,87
सरोवर,63
आपका,87
कोषागार,62
जमाया,158
बढ़त,158
सौजन्य,158
खरा,10
प्रारूप,115
नाका,172
राना,77
दोहरे,115
सोम,199
अलीगंज,175
प्रसन्न,162
धुआं,113
नलकूपों,160
दर्शाया,85
महागठबंधन,70
चार्जशीट,185
अनुपस्थिति,158
संक्रमण,144
पौध,22
औषधि,83
जीवित,3
दूभर,85
परवाह,158
प्रतिष्ठित,188
नमक,161
अंतराल,125
रौंद,102
रुका,28
चिराग,138
डूबे,190
महंगे,15
सौंदर्यीकरण,196
परिवारीजनों,12
आध्यात्मिक,27
वर्षीया,158
त्यौहार,192
कड़ी,158
हैरत,162
मूर्तियों,1
गिरते,84
प्रतीक्षा,53
भटकना,18
मातृ,131
देशराज,156
हाहाकार,64
फुल,158
दूरदराज,119
बेशक,198
सम्बोधित,106
फिराक,14
उन्नति,27
आनन्द,27
बिखरा,158
एकाएक,158
रुकी,28
मजाक,69
बहा,169
चौड़ा,96
जीती,141
मस्जिदों,58
रिहाई,44
तफ्तीश,73
अस्सी,120
चकिया,175
सर्विलांस,140
सैलाब,123
अता,85
पावरकॉम,180
इस्पात,159
उपयोगी,15
काका,77
प्रशिक्षुओं,17
वसूले,177
खालिद,46
भरपाई,177
चूल्हे,158
छात्रवृति,17
महापर्व,103
महल,34
चास,35
दिवंगत,122
मैराथन,164
गेंद,89
गुरचरण,156
गोपी,77
शिवाजी,77
प्रज्जवलित,192
शांतिपूर्वक,27
दरिया,190
मानसी,81
प्रभातफेरी,158
मर्जी,158
दिव्या,81
सीटी,43
हटवाया,127
रंगे,140
समाजिक,27
उखाड़,95
मजार,58
सीने,101
निकायों,13
घूमते,18
हरेन्द्र,77
गुड़िया,158
सौर,180
प्रतिष्ठानों,158
अभिनेता,188
तेजाब,158
हॉस्पिटल,157
वृक्षों,187
आत्मनिर्भर,158
दौड़े,164
पहुंचीं,52
खाया,161
बाघ,51
संक्रांति,103
विपणन,115
पटाखा,192
केमिकल,93
ठिकाने,153
जमे,85
दबाने,102
परीक्षक,193
जन्मदिवस,65
हत्यारे,0
हास्य,158
आदत,158
असल,198
बरसाती,124
गणपति,1
सावधान,110
उसपर,48
गेंहू,149
बहल,195
लोहड़ी,192
निर्देशक,188
पूंजी,158
नैन,158
प्रतिमाओं,1
पहलू,158
कमाने,189
मक्खन,149
बैल,61
सच्चिदानंद,77
बेकाबू,158
शुरुआती,125
बस्ते,5
रोते,158
सस्ती,15
गर्मियों,75
असुरक्षित,110
नन्हे,158
झुलसी,150
अग्रहरि,77
आपातकालीन,158
खरीदकर,42
खासे,162
ठंडी,75
धीर,158
मुबारक,122
सजावट,41
पुरोहित,77
टीके,144
रक्षाबंधन,158
छोड़,158
सैर,18
सोचा,85
छोड़े,74
लगवा,176
लाइनमैन,180
वीडियोग्राफी,142
गिट्टी,159
आश्रितों,7
कीर्ति,27
छिपे,102
प्रदर्शनकारी,79
नाके,155
हरिश्चंद्र,77
अप्रिय,110
कारी,158
गयीं,52
शिवरात्रि,103
दीवारों,111
रेशम,158
स्वराज,158
आकार,96
कैमरों,142
उम्मीदें,110
दिलवाने,99
प्रजाति,158
बिस्तर,158
पैमाइश,165
गुम,73
भ्रष्ट,70
कोयले,159
समर्थित,115
आश्रित,158
काफिला,158
मेहंदी,41
सबकी,87
उलझ,121
कतारें,53
औपचारिकता,158
धज्जियां,69
आंशिक,158
दीवानी,185
सीरीज,105
यादगार,15
दावेदारी,117
तिरंगा,32
असंतोष,110
सेंध,78
सृष्टि,27
तेंदुए,51
एक्सरे,158
रिफर,150
शिष्य,191
उधार,177
बंगाली,91
जरुरी,85
कदाचार,158
गुजारा,67
गलियां,172
चप्पे,155
किराना,90
खामियों,163
निष्कासित,158
सुल्तान,158
उनपर,170
ठहरने,158
विश्वविद्यालयों,17
खुशहाली,27
जौहर,130
सच्ची,158
जादू,130
भोज,158
झुग्गी,34
तथ्यों,178
लूटकर,86
सीढ़ी,158
प्रणव,77
अड़े,158
सुंदरीकरण,115
सती,1
पर्दा,54
नेत्री,70
आजकल,48
छलांग,164
होलिका,138
तराई,119
गवाहों,185
प्रखण्ड,175
दिनांक,158
चाहिये,85
मंत्रिमंडल,194
कुंज,158
छतों,34
टकराई,84
सोनम,195
पर्वतीय,119
जमीनों,165
आईटीआई,17
अचेत,150
एसबीआइ,173
सजी,41
ट्रेनर,17
नीम,187
सभ्यता,27
दुरूस्त,158
सलाम,122
गोपनीय,158
पेंच,158
कुष्ठ,144
नजरअंदाज,158
संतान,1
उपप्रमुख,49
अदालतों,185
वायदा,36
जिम्मेवार,0
करीबी,48
प्रश्नों,139
रोके,158
गोलियों,166
आंकलन,110
कंधे,101
समूचे,158
जेठ,12
असमर्थ,14
सिगरेट,113
विदा,71
नोकझोंक,29
राजभवन,194
झूम,174
बसेरा,34
हैरानी,162
काजी,46
महबूब,46
खंडों,158
परिवर्तित,171
हमलोग,85
औसतन,125
मौखिक,48
जत्थे,158
निकलता,129
गैरहाजिर,179
उदघाटन,196
साहस,33
प्रसारण,153
दंश,110
स्रोत,115
लदी,159
बागान,158
बुद्धि,27
कलम,133
तहकीकात,73
सातवीं,20
जुड़े,40
बैठाकर,135
झूठी,158
दशकों,125
मोर्चे,70
शशांक,195
पालकी,158
अलबत्ता,198
तख्त,135
तालियां,43
चना,149
लंबाई,96
दवाइयों,83
रिश्ता,48
कहता,85
सांगवान,156
प्रीत,156
अगुआई,158
माथे,101
नसबंदी,131
ग्रामों,146
पडे़,109
ठेला,90
जलाशय,63
शनि,199
खिलाड़ी,105
दिमाग,27
फर्श,111
नंबरों,193
शीशा,158
नाजायज,115
राजकुमारी,1
बैराज,169
विकासखंड,146
गोदामों,149
अपनाया,68
उगाही,177
बैठकें,106
पट्टा,165
भूरा,56
प्रमंडलीय,62
झेलना,110
डायरी,154
विनीता,81
प्रशस्ति,122
बलात्कार,98
जानकार,85
सस्ता,15
संरक्षित,27
घने,158
संयोजन,115
आईं,52
पहुंचती,4
बंधी,45
सेकेंड,96
निराला,154
दरकिनार,158
लाठियां,166
बुराई,163
रूपी,158
संबधित,48
आत्मदाह,98
सर्द,75
वारंटी,115
उम्मीदों,158
फोड़,95
नगरीय,13
उद्योगपति,90
स्पर्धा,105
रथयात्रा,106
बताएं,85
उपयुक्त,115
डग्गामार,147
निमंत्रण,38
इमारतों,34
कस्बों,13
रखती,5
सम्राट,158
जाहिद,46
राजमहल,34
श्मशान,3
मधुमेह,144
ठिकाना,27
स्वस्थ्य,27
कबूल,158
रूचि,143
बारीकी,110
सृजित,158
अभियोग,185
धैर्य,33
गल्ला,90
दीक्षांत,106
चाक,159
व्यायाम,27
असीम,27
दिनचर्या,27
सम्मिलित,48
स्वयंसेवक,49
उतनी,21
जागृत,24
पुस्तिकाओं,154
आदिवासियों,137
निरंकारी,191
चक्की,149
गेंदबाजी,89
नाबार्ड,173
छीनकर,86
रुझान,143
प्यारे,48
गान,66
मेधा,15
अफीम,76
मनमोहक,15
विभोर,174
व्याख्यान,106
शिथिलता,110
त्रिलोक,77
शर्ट,6
पंडालों,158
चकमा,140
दंगा,29
बेची,42
गिराने,84
मर्यादा,27
दांतों,101
फायदे,110
बंधु,48
चढ़े,94
पोषक,93
छीना,86
बिचौलियों,90
चलाये,182
निरीक्षकों,62
अगला,158
जिनसे,170
तंगी,116
आकृष्ट,158
शिवलिंग,1
पढ़कर,88
चीजें,158
ज्यों,158
पंचायतें,146
झूठ,158
पहुंचाना,4
बैरंग,71
टैगोर,158
प्रचारक,158
कारों,147
सेवानिवृत्ति,47
झूमने,174
करारी,141
तोहफा,15
डकैतों,78
झुंड,61
पड़े,109
खंडेलवाल,195
बताओ,139
पंचमी,103
चहारदीवारी,111
जुबान,158
न्यास,49
सुनीं,145
कृषकों,165
ऊपरी,158
गढ्डे,63
मुनाफा,189
घाटे,189
गोबर,167
अनुकूल,110
संयोग,15
प्रवर्तन,115
दबदबा,130
नक्शे,158
उनलोगों,87
रेलखंड,152
भट्टी,159
संलिप्तता,158
देखें,85
बुंदेलखंड,13
हानि,110
उतरा,10
बेरहमी,166
चकराता,158
इंजीनियरों,62
भूस्खलन,158
हमलोगों,87
अध्यक्षा,49
मिलावटी,161
फंसी,82
ग्रसित,144
बढ़ाना,57
ठिकानों,153
बनवारी,77
मशीनरी,115
रहस्यमय,15
ग्राम्य,13
वाणी,158
नारियल,39
तबियत,72
मंजर,15
धरपकड़,158
अंकिता,81
तीज,103
रशीद,46
मुख्यालयों,158
बखूबी,158
दखल,158
प्रबल,15
उपेक्षित,137
खेप,158
बेचकर,42
निपटा,121
दफा,125
साध,134
छापामार,153
पशुपालकों,61
पेंशनरों,7
सच्चा,191
कष्ट,116
माननीय,194
भरना,158
रिश्तेदारी,48
पंखा,180
निजीकरण,115
प्रधानाचार्यो,179
लड़की,186
बहुजन,137
हरिजन,137
पीपल,187
प्रेरकों,158
दर्दनाक,184
खिसक,158
कटकर,84
जिलाधीश,62
झूमे,174
पाप,27
मिर्च,158
उल्लास,27
बताना,85
हटने,127
करूंगा,85
सीमांत,13
व्यापारिक,90
आयोजनों,158
गृहस्वामी,12
पूर्वोत्तर,13
दावत,158
सुनाकर,145
पते,38
जाग,24
कासिम,46
पढ़ते,88
ब्रांड,90
भागों,158
व्यवस्थित,115
तलाशने,73
ट्रॉली,147
रोकी,158
त्योहारों,192
खर्चा,189
रामलखन,77
अग्रसर,196
ब्रह्मा,1
कांता,81
देहाती,13
सीसे,133
क्रिया,115
वाटिका,168
नौकर,158
कुंभ,158
साधे,134
सफाईकर्मी,158
तबके,137
आपत्तिजनक,158
साले,151
अपनों,48
खटीमा,175
अभिजीत,195
जिम्मेदारों,0
खिलाकर,161
संबंधों,48
सरना,156
मटर,39
फाड़,95
संपदा,27
असमंजस,110
बढ़ाते,57
हेराफेरी,104
अनावश्यक,158
बहनोई,151
परीक्षाफल,193
अंग्रेज,158
वाहवाही,15
भयंकर,110
पीलिया,144
सौगात,27
फेरबदल,47
डालें,5
त्रिभुवन,77
राई,149
अन्दर,111
गड्ढा,63
आफत,110
पिछड़ी,137
आन्दोलन,158
चुनी,5
अर्थात,48
सूखने,158
मेहर,156
मुसलमान,137
बमुश्किल,100
चौड़ी,96
सुस्त,15
परेशानियां,116
प्रस्तावों,115
अनेकों,48
खरे,10
पोखरे,63
जयकारे,59
बकरीद,58
बरामदे,111
निराधार,158
जवाबदेही,0
चिंताजनक,110
वायदे,36
सता,110
तीखी,15
कटा,114
कलह,29
लखविंदर,156
पहुंचता,4
बीजद,70
अंश,158
सांसदों,70
लाएं,5
महानिरीक्षक,62
यापन,27
आशु,195
लोकायुक्त,194
मण्डल,115
ट्रॉफी,105
सैंकड़ों,136
कब्जों,165
राही,53
भागा,164
अन्यत्र,158
मोहर,176
दाग,158
अजीज,46
बौद्धिक,27
प्राय,198
प्रगतिशील,70
डिब्बे,152
पंचम,158
मनाए,65
अराजकता,29
साईं,191
जिसपर,48
दुश्मन,48
अपेक्षित,85
खसरा,144
लटके,82
दिग्गज,188
आचरण,27
पेय,93
दयाराम,77
शराबी,76
कारखाने,158
झुलसे,150
घुसा,111
प्रतिपक्ष,70
करवाते,108
आगनबाड़ी,179
हलचल,64
हेलीकॉप्टर,53
झाड़ियों,119
मुकदमें,185
चौकीदारों,155
पहुंचाई,4
लगानी,176
ग्राफ,158
गोकुल,77
सुगम,15
समाधि,3
वारदातें,184
परवान,94
घाटशिला,35
प्रेसवार्ता,106
सर्वजीत,156
प्राणी,93
कुपोषित,158
जताने,126
उन्नत,115
भतीजा,151
रोचक,15
दंगे,29
धमाके,118
आश्चर्य,162
सचान,195
दायित्वों,0
सज्जन,158
दुबारा,158
नवमी,103
सर्वागीण,27
अनजान,85
जुडे़,40
कटे,114
रोने,158
शिक्षिकाएं,179
फतेह,158
ईमानदार,0
बल्लेबाज,89
अराजक,93
तोड़,95
हरेक,48
बंटवारे,29
आत्मसमर्पण,158
हेमराज,77
बयानबाजी,158
हुजूम,123
मजा,27
जातियों,137
कवियों,154
ऊंचे,158
माओवादी,118
कड़ाई,148
पत्रिका,153
गोवंश,61
छिपा,102
आसन,135
अर्चन,132
शोकसभा,106
निरोधक,115
खंभों,180
सिखों,191
बिकने,42
भट्टाचार्य,195
आनाकानी,158
क्षतिपूर्ति,177
चमक,192
हरिहर,77
भाईयों,151
जसप्रीत,156
बिगड़ी,72
मार्गों,53
गुटखा,113
आधिकारिक,115
दिनहाटा,175
मानसिकता,158
सर्वशिक्षा,158
श्रमदान,115
परिश्रम,14
झाड़ू,167
अरोरा,195
खूंटी,101
कार्यकत्री,179
भूजल,158
माधुरी,81
मानो,158
बैनामा,165
उम्रकैद,0
यकीन,158
ब्लू,56
कटी,114
अवस्थित,13
जलकल,180
बनाएंगे,26
रुकवा,127
कहें,85
छूटे,74
इरादे,158
गुणवत्तापूर्ण,115
मनाते,65
युवराज,77
छाप,74
पल्सर,147
अंशकालिक,17
अध्ययनरत,17
फर्जीवाड़ा,104
दीदार,143
पत्रक,178
एतराज,126
फरीद,46
रास,85
गनीमत,198
फुसलाकर,158
बुझा,138
अनुश्रवण,115
टिकी,158
सुन्दर,15
बिन,158
तरीकों,158
इंच,96
जलवा,130
खेतीबाड़ी,22
भागकर,158
विरोधियों,70
गरम,75
चार्ट,115
पेड़,187
लिंग,158
बल्ब,180
जनों,48
कसा,8
विराट,158
आत्मविश्वास,33
बेचे,42
चेहरों,192
बाजपुर,175
पेशे,158
प्रस्थान,158
गुड़,149
छिपी,102
प्रतिस्पर्धा,105
बेचते,42
शासनकाल,115
मिलें,26
खलिहान,22
दामन,101
भयावह,110
नाट्य,112
बाट,158
जिनको,170
गोमती,169
होनहार,92
खुशहाल,27
पुरजोर,14
अपार,27
वरीयता,115
सुर,66
मैचों,105
दंत,101
वकालत,185
सट्टा,2
टकराव,29
भेजना,38
लपटें,138
हरित,158
अभिकर्ता,173
सिक्के,107
पिलाकर,161
ढुलाई,53
आदेशानुसार,115
युवतियां,186
सुलझा,121
बेसहारा,7
मानवीय,27
महत्वाकांक्षी,115
विस्फोटक,133
आशियाना,34
बोध,27
बराबरी,158
दुपहिया,147
रविकांत,195
खीर,161
शक्ल,158
रसोइया,179
आकांक्षा,143
दबे,102
कर्मजीत,156
दरार,48
फौरन,183
संप्रदाय,191
श्रृंखला,158
ढूंढने,73
प्रसन्नता,162
खोजने,73
बॉलीवुड,188
खजाना,15
रूटों,152
उपासना,1
संग्रहालय,158
श्रद्धासुमन,122
मादक,76
प्रत्यक्ष,158
पारदर्शी,0
राहों,53
रखाव,115
दोहन,115
निषेध,113
रिटायर,47
जीजा,151
मुक्की,166
निर्यात,90
आजीविका,189
मनायी,65
जली,138
बिछाई,5
पच्चीस,120
शिवराज,194
निकटवर्ती,13
दृष्टिकोण,115
दांत,101
कृत्रिम,27
मूर्तियां,1
बेघर,34
लोडिंग,53
लाद,159
भटकते,18
गहनता,73
चिकित्सीय,157
पदम,156
कानों,145
रियाज,46
यंत्रों,115
पटरियों,152
विराम,158
फैंसी,6
शाहगंज,175
पलटी,84
चौड़ाई,96
रईस,158
मरे,3
जीविका,189
दंडित,98
एग्रो,173
विचारधारा,70
अख्तियार,158
पहाड़ों,119
जुर्म,0
वीआइपी,53
मंडलों,49
सशक्तिकरण,186
पुनर्गठन,115
मोड़,53
शीर्षक,154
खंगाला,73
बचाना,85
हितैषी,158
उपलब्धियां,115
गुरुद्वारे,191
समृद्ध,27
किशोरियों,186
पोखरा,63
रूख,110
जुटने,123
वृद्धावस्था,92
भागते,164
डूबा,190
चारपाई,158
परीक्षकों,193
स्नेह,27
ननद,12
आदर्शो,27
खासतौर,198
उपाधि,17
झूला,82
राजगीर,35
विराजमान,135
आंदोलनकारी,79
सिलेंडरों,160
अल्पसंख्यकों,137
कूदकर,164
काफिले,53
मंजिला,34
पाला,158
समझकर,85
नामी,188
माताओं,158
चिकित्सकीय,157
लोकतांत्रिक,70
जोहड़,63
जूते,6
बोधगया,35
टोपी,6
बनवाए,176
चढ़ाया,94
शिकस्त,141
सरकारें,70
थानांतर्गत,175
संतुलित,27
जहमत,54
सहमे,162
मुद्रा,107
स्वाति,81
उपमुखिया,194
संभवत,198
रीति,3
गुत्थी,121
दिलशाद,46
प्रवासी,158
घरवालों,12
रिसाव,158
तपिश,75
सैलानियों,18
सिखाया,19
पुतले,138
लड़ी,181
आजिज,162
नामांकित,5
बलि,132
घाटा,189
बढ़चढ़,106
बदसलूकी,29
चुस्त,27
भरते,158
फेंके,5
विकलांगता,7
पुर,175
नूतन,27
पापा,151
स्मरण,27
प्रक्षेत्र,13
शिखर,119
होशियार,158
अफसोस,126
मायूसी,110
खूनी,158
खडे़,135
मेंहदी,41
यूनियनों,9
श्रुति,81
जख्म,150
फीडिंग,158
कराएगा,108
तीव्र,15
जीवनी,154
शौक,143
कुंडल,107
जलमग्न,169
किसने,158
समझी,85
मोक्ष,27
पट्टे,165
बचाकर,158
खानपान,161
इनामी,189
फहराया,32
खुदरा,90
शेरपुर,175
निर्भय,158
बजाने,43
सुनसान,53
बेबुनियाद,158
वहन,189
हवालात,44
क्षत्रिय,158
किरदार,158
डोडा,158
अभिकरण,173
पत्थरों,159
पुलों,53
धरा,158
महापात्र,77
खिल,168
जगाने,24
झूले,82
आमसभा,106
प्रशिक्षकों,17
भिजवा,38
बनें,5
जनमानस,70
लगवाए,176
स्वाद,161
अंत्योदय,7
खड़े,135
केला,39
तारिक,46
प्यारा,15
चारो,48
पहरा,155
निगमों,173
परे,111
विद्वान,188
जनसेवा,70
जोड़ों,101
रीढ़,101
उठाएं,54
लाते,5
व्यर्थ,196
दरकार,85
उतारकर,10
महक,168
गजल,154
गाजे,158
गृहमंत्री,194
लोकप्रिय,188
कमियों,163
सेनानियों,155
गाए,66
कुल्हाड़ी,158
कारीगर,9
अनियमित,158
द्वारिका,1
आहुति,132
शास्त्रीय,66
इंटरसिटी,152
ढाका,91
समाजसेवा,70
प्रबंधों,115
बजरी,159
पटल,158
ठेले,90
नजीर,46
गुंजन,195
जाप,132
पखवाड़े,125
सटीक,15
निकाह,12
परगना,13
बादशाह,158
संस्थागत,158
स्वामियों,158
घात,176
अनुमंडलीय,62
स्थलीय,199
पत्रावली,178
शतरंज,2
मौसमी,158
अंशु,195
चुन,5
सुनाते,145
दुर्गापूजा,103
पहुंचेगा,4
कूड़ेदान,167
पौराणिक,27
दबकर,102
दिखता,85
पीले,56
कायरें,115
मृदा,93
हत्यारोपियों,0
योगा,27
दौलत,27
मन्दिर,1
फर्ज,37
कुचलकर,102
व्यतीत,18
मांगते,197
गुण,93
बेल,187
अटूट,48
सूफी,191
ऋतु,75
ताजिया,58
पूछ,139
प्रमाणित,178
संस्कारों,3
प्रतिद्वंद्वी,48
संशय,110
सेवादार,191
जच्चा,131
धनखड़,156
फिसल,84
खूबसूरत,15
बैठेंगे,135
रूपया,189
भुखमरी,158
सभाकक्ष,106
कागजातों,178
नहरी,63
सिखाने,19
माहिर,14
सेल्समैन,90
कंटेनर,152
विक्रांत,195
जिम,27
धरे,140
अधीनस्थ,62
चप्पल,6
सीआइएसएफ,155
बनीं,52
अंधाधुंध,158
मोहर्रम,58
एजेंसियां,173
गंडक,169
हजारी,158
मीर,46
उमंग,27
पीला,56
प्रवाहित,169
आदी,85
शहरवासी,128
चिंतन,110
बांटकर,25
जलेसर,175
कबाड़,167
पर्वत,119
करनेवाले,85
भाड़ा,34
सदमे,110
बांधने,45
आधारभूत,115
थाली,161
उतारू,14
खांसी,144
नोटों,107
महंती,77
खिचड़ी,161
धोने,158
सहायकों,158
मुनीष,195
फरियादी,62
दबंगई,29
दोहरी,158
प्रतियोगी,193
बच्चन,158
जोगेंद्रनगर,175
वर्चस्व,158
महापुरुषों,191
कट्टा,133
जनविरोधी,70
हुंकार,158
मोमबत्ती,138
जीवों,93
संगीन,0
शुमार,158
समायोजित,158
हालातों,72
खजाने,15
झमाझम,124
मीठा,161
आंगनबाड़ी,179
डांट,166
नेक,27
सवालिया,158
संरचना,115
प्रभावितों,98
शफीक,46
चरमरा,72
अलविदा,158
सद्भाव,97
खरीदना,42
निचली,158
हेमा,81
नील,158
डुबकी,190
घटा,57
दुष्यंत,77
अन्न,149
खड़ा,135
घुटने,101
एजेंटों,173
मारामारी,29
डालना,5
मैक्स,158
भूखे,158
प्रभाग,62
लाभकारी,15
प्रवृत्ति,110
पधारे,158
तेंदुआ,51
अपराधिक,0
दौड़,164
दही,161
दंग,162
चारे,61
उड़ाने,69
असंतुलित,27
दिलाए,99
पीना,161
सत्यवान,77
खरी,10
घूमकर,18
भ्रम,110
बकाए,177
चिल्लाने,158
कूच,71
कायाकल्प,196
खुशियों,27
संवैधानिक,70
बोलकर,158
मनोरमा,81
बहनें,151
उपद्रव,29
उपराज्यपाल,194
चुनने,5
टकराने,84
आमतौर,48
माओवादियों,118
ससमय,115
आपने,87
सज्जा,158
बैसाखी,103
बीड़ी,113
सिद्धांत,115
गांववासियों,128
क्रांतिकारी,70
प्रख्यात,188
खातुन,46
प्रश्नोत्तरी,48
लगाएंगे,26
सब्जियां,39
उदयवीर,77
कर्तव्यों,0
लपटों,138
बाधक,196
निकालना,129
छाई,158
डोली,31
काटते,114
चूल्हा,158
अर्से,125
स्कीमों,115
कान्वेंट,17
वत्स,195
राग,66
भूगोल,27
बजरंगी,77
लेफ्टिनेंट,155
अंचलों,13
किसके,158
लौटाने,71
सूचक,158
तपन,75
प्राक्कलन,115
जेलों,44
प्रभावशाली,15
शराबबंदी,76
दलील,185
स्त्रोत,115
बुरे,27
गिर्द,18
पहन,6
परिचर्चा,106
आभा,192
जाखड़,156
ज्वाला,192
रची,154
मंत्रोच्चारण,132
घोटालों,104
चरणबद्ध,115
उखड़,158
दूल्हे,31
सांख्यिकी,115
दक्षता,158
वित्तविहीन,17
अरसे,125
झुलसा,150
निकालते,129
तालीम,158
बकायेदारों,177
मूंग,149
देवा,195
आगाह,110
अष्टमी,103
नेत्रदान,7
लौह,159
गजेन्द्र,77
लेंगी,26
दायरा,48
खुलेगा,16
घटने,57
परिधि,111
उपचाराधीन,150
सुशासन,158
प्रीती,81
सिखाए,19
श्रोता,158
उमड़े,123
प्रबुद्ध,158
जौहरी,195
हड़पने,158
कानूनों,115
पत्राचार,178
पीली,56
चुनौतियों,116
खदेड़,158
अतरौली,175
उत्पादक,90
सत्तर,120
बेचैनी,110
उद्योगपतियों,90
सूक्ष्म,158
शायर,154
लथपथ,150
व्यवधान,196
भुइयां,158
पुरातत्व,27
नाटिका,112
अनावरण,196
अनुचित,158
अभियंत्रण,62
चाहत,143
कटवा,114
अंजान,85
प्रिय,48
इबादत,27
नकाबपोश,78
संभाली,38
झरिया,35
जानबूझकर,158
घिरे,48
दुर्भाग्यपूर्ण,110
मूक,158
संवारने,158
औपचारिकताएं,158
भुवन,77
बजते,43
प्रवास,18
रूक,28
एजेंडा,158
बोलबाला,158
जानना,85
दवाब,5
लिखाई,158
ऋषभ,195
बकाएदारों,177
बैरक,44
गंगाजल,158
चैत्र,103
लेखाधिकारी,62
फंसाया,158
अधिप्राप्ति,115
बरसे,124
रिश्तों,48
पंडितों,158
तमन्ना,143
प्राध्यापकों,17
बोतलें,152
अपितु,198
राधाकृष्ण,77
कयास,176
पिलर,53
खड़ी,135
बढ़ना,57
हवेली,34
रहस्य,102
त्वचा,158
शुभारम्भ,196
हिस्सेदारी,158
असलहे,133
प्रेमनगर,175
साधू,191
पलटा,158
सत्ताधारी,70
पन्द्रह,120
पीरो,175
उल्टा,158
संयम,148
रोड़ा,53
सूरी,195
स्क्रीन,142
ठेकेदारी,90
तेरे,87
कांटे,168
फंसने,190
जद्दोजहद,14
व्रतियों,103
शिल्पी,9
फुटपाथों,172
सिरदर्द,144
प्रस्तुतियों,158
पंचों,146
मुनासिब,85
परसा,175
अमावस्या,103
स्थिर,158
बैट्री,142
निखारने,158
खींचने,158
बिगुल,43
निर्धन,7
समझना,85
पात,158
परिणामों,110
आपबीती,145
दरम्यान,125
पिकनिक,18
आहवान,106
खंभा,180
मंहगाई,149
पगड़ी,6
मेजबान,105
गुटबाजी,29
बरसी,65
त्रासदी,98
वालीबॉल,105
अद्यतन,115
संवर्ग,158
पालना,115
लौटकर,71
कुत्ता,51
सानिध्य,191
प्रावधानों,115
वस्तुएं,158
औपचारिक,158
करवाएंगे,108
घोषणाएं,36
दबोचे,140
लटकी,82
कैसा,158
सर्वोदय,191
सांय,11
कक्कड़,195
सशक्तीकरण,186
बेतरतीब,158
उफान,169
रंगीन,15
मुश्ताक,46
आशाओं,27
बनाओ,87
जागीर,165
सोते,24
तुषार,195
नीतियां,70
गुजरती,67
गर्भपात,131
दाह,3
पहनने,6
दूरसंचार,142
सुंदरता,15
छिपाने,102
पकड़,140
संक्षिप्त,115
कांडों,98
समझाकर,85
चर्चाएं,106
देंगी,26
मान्य,115
रैकेट,158
भिड़े,29
शाल,6
फजीहत,29
तांत्रिक,191
विभूति,158
पकड़ा,140
बरतें,148
सजाने,41
सुरक्षाकर्मी,155
बड़ों,92
जोखा,115
उठाएंगे,54
निकटतम,48
अरमान,143
गतिरोध,29
सरोकार,48
टुकड़े,158
छुड़ाने,74
जवाबी,158
अथारिटी,173
पूर्णत,158
धनी,7
बिगड़ती,72
बसर,27
सुस्ती,110
जयकारों,158
एचआइवी,144
तलाक,12
सजे,41
फाइलें,178
परचून,90
प्रवाह,169
दिलों,158
दुर्लभ,15
मोटे,21
पिकेट,155
रोमांचक,15
बुद्धिजीवियों,188
त्रुटि,163
ट्रासफार्मर,180
रासायनिक,93
कोटेदारों,149
उड़ाया,69
आतंकवादी,118
जीवंत,15
देह,27
स्वाभाविक,15
खामी,163
श्रीमद्,77
काज,158
फरोख्त,42
आधारशिला,196
स्टाप,53
नारों,59
भराव,63
भूसा,149
खनिज,93
बासमती,149
निगाहें,192
गलन,75
सदुपयोग,115
रातभर,24
पत्रकारिता,158
खागा,175
सताने,110
रचा,5
चौंकाने,158
ढाणी,128
प्रारम्भ,196
जातीय,137
दिखाना,130
नवाज,158
सुपरिंटेंडेंट,62
लहराया,32
तोड़े,95
ढांचे,115
केंद्रित,158
रोना,158
अथक,14
मनोकामना,197
गेंदबाज,89
गजराज,77
नकलची,158
चन्द,77
उपनगर,13
तपस्या,27
कराता,108
पालीथिन,158
उच्चस्तरीय,115
दुर्गम,119
पीतल,158
सैकड़ा,158
धमाल,64
फैक्ट्रियों,9
जिलांतर्गत,158
बदन,101
शंभु,77
बनाता,5
अर्जन,27
जल्दबाजी,158
बुवाई,22
कुंडी,111
समाना,85
सहमत,115
सूट,6
प्रायोगिक,115
जानता,85
समानता,158
भुक्तभोगी,98
नगरवासियों,128
विख्यात,188
संभल,158
छाता,158
बैठते,135
कमा,189
उस्मान,46
हनन,98
भिन्न,48
पहनकर,6
एहतियात,148
लाचार,7
पीते,161
घोड़े,164
सुपारी,158
बैठाने,135
छुट्टियों,18
बंधा,45
रोजमर्रा,27
परिक्षेत्र,13
मसलन,198
सूखी,158
प्रोफेशनल,158
अध्यादेश,115
आहट,158
गद्दी,135
उतारी,10
बहता,169
प्रयोगात्मक,115
अनाथ,7
मतभेद,29
छापने,153
किसे,158
खर्चे,189
विकट,110
गुरुजी,191
दहाड़े,158
सोचने,158
सतवीर,156
कपास,149
शाहबाद,175
ब्लास्ट,118
लगवाया,176
अखाड़े,23
चौसा,175
हिंदुस्तान,158
सुर्खियों,153
जहरीले,93
खिलाने,161
भुगतने,110
इंसपेक्टर,155
ढांचा,115
घनी,158
चिलचिलाती,75
पालकों,158
दर्शनों,18
किनारों,158
शीतलहर,75
नाश्ता,161
चुराने,78
सूचियों,158
नान,149
बाथरूम,111
ठेस,110
निकलती,129
वैवाहिक,12
दिलचस्प,15
कृत्य,98
सनसनीखेज,158
बुलाए,38
मूलरूप,158
बकायदा,158
अबकी,158
जाओ,87
थानान्तर्गत,175
अमलीजामा,6
फलदार,187
हिमालय,119
नाना,151
भूतपूर्व,158
गम्भीर,110
दाने,149
पतंग,158
वैली,158
पुत्रगण,77
फलस्वरूप,196
खोखे,133
सुकून,27
रखनी,5
गायिका,66
जगजीवन,77
संदिग्धों,118
बांसी,175
राजभाषा,91
सोचना,85
दलदल,190
तिल,149
भिखारी,158
ड्रामा,112
खुलते,16
गमगीन,158
कामगार,9
ठहराते,0
पहुचने,4
दिलाना,99
लम्बी,158
दिखायी,130
कुरान,137
बैठना,135
थैला,107
कहावत,158
सांकेतिक,158
गुफा,1
दूंगा,26
वनों,158
नाच,174
पंपों,160
दार्जिलिंग,13
घोड़ा,164
शशी,81
कामगारों,9
जुल्म,98
बेहतरी,158
बखान,27
ज्ञापित,122
भेद,158
बिस्कुट,161
तरजीह,115
याचिकाकर्ता,185
बैद्यनाथ,1
मयूर,195
मुल्क,158
चर्चाओं,106
प्रलोभन,27
गाते,66
सत्याग्रह,158
खेमे,70
रोहन,195
नीलकंठ,1
छोड़ना,74
शिवालयों,1
सादा,15
बेमियादी,79
अनामिका,81
बुआ,151
सौतेला,158
विंध्याचल,175
तकरार,29
धर्मराज,77
आंवला,187
लात,166
महफूज,27
वंश,158
सुजाता,81
दफन,3
विलास,27
हानिकारक,93
अनिवार्यता,115
रहमत,27
प्रकाशोत्सव,158
चुनार,175
बीर,77
मिष्ठान,161
दिवाली,192
हटवा,127
मातहतों,62
निगल,93
सामग्रियों,93
इतर,48
गुरुदेव,191
पहर,11
जनवितरण,115
संजीवनी,27
लड़ाई,158
वृहद,158
समरसता,97
घुसपैठ,118
धमकियां,29
विक्षिप्त,158
गोपनीयता,0
पाठ्य,154
मेहरबान,27
रैंप,10
सेवायोजन,62
कराएगी,108
पहना,6
समीकरण,115
पालियों,193
सरैया,175
प्रदेशभर,13
दुखद,184
आठवें,55
अखंडता,27
पॉलीटेक्निक,17
फिल्में,154
घबरा,162
संचालिका,179
देय,177
टकराकर,84
धमका,166
लगाव,143
नित्य,27
आपत्तियां,158
मैदानी,119
कर्मवीर,77
बिछा,5
उल्टे,158
रखेगी,26
त्राहि,64
पौष्टिक,93
शौकीन,143
दरें,149
सिक्का,107
भौगोलिक,27
समझे,85
एकादशी,103
विनायक,1
उछाल,149
निभाते,37
करतब,130
रेफरी,158
निर्वाचक,117
रामवृक्ष,77
बीआरपी,158
बक्से,107
धमकाने,166
अनुमानित,189
ढ़ाई,100
ग्रामोद्योग,158
पलक,192
बली,61
मुख्याध्यापक,179
सर्दियों,75
अनाधिकृत,115
विषम,110
जानबूझ,158
विद्यासागर,77
हटाना,127
मुस्लिमों,137
मस्त,27
शगुन,31
ढोने,158
प्रांतों,13
कार्डधारकों,7
धूरी,18
काल्पनिक,158
गुजरा,67
अनवरत,169
सौभाग्य,27
बांधे,45
जानमाल,110
कुंडली,199
देखेंगे,26
ईनाम,189
कम्युनिटी,158
मुस्तैदी,148
गल्ले,90
अन्नपूर्णा,1
त्रिलोचन,77
गालियां,166
घंटी,43
दूरस्थ,13
सोए,24
गुजरे,67
मारते,166
रसोइयों,179
मोबाईल,142
कीड़े,158
नैतिकता,27
कार्यान्वयन,115
औचित्य,158
बेमौसम,124
अपनाई,68
अभिनेत्री,188
नकारात्मक,110
उतरते,10
इंजीनियर्स,17
ससुरालीजनों,12
मंदी,149
फर्जीवाड़े,104
गिराया,84
झूमते,174
बदलना,171
कुलभूषण,158
रिक्शे,147
लटकता,82
खट्टर,77
कैफे,90
शाखाएं,173
देवाशीष,195
केवट,77
उबाल,75
हकदार,158
किले,34
करवट,171
साधनों,115
अहमियत,158
टोनी,156
मसला,121
बचना,85
छूटने,74
ताऊ,151
वचन,27
अनुबंधित,158
धोखे,158
अंगुली,101
नलों,160
ढूंढ,73
ज्वालामुखी,158
आदान,48
चुराकर,86
परिचालकों,53
मनमर्जी,115
निभाया,37
भट्ठों,159
वार्डेन,179
सुखद,15
आपत्तियों,158
कर्बला,58
बुद्धिजीवी,70
उठती,54
आएंगी,52
रिचार्ज,142
खोखा,133
तान,133
बिन्दुओं,48
वाजिब,158
भंडाफोड़,158
लगाता,176
केसर,168
अभिरक्षा,158
अर्थव्यवस्था,158
गुलाबी,56
अंधकार,192
जीरा,149
जलती,138
तेरा,87
दोगुना,57
श्रेया,81
गिरता,84
बिगाड़ने,72
दैवीय,27
सूचनाओं,153
बीएसएल,158
हुड़दंग,64
ढलते,11
बीघे,165
रेलमंत्री,194
चौकियों,155
वर्षगांठ,65
तानाशाही,70
हिंसक,93
परत,158
गुणों,93
महफिल,158
घोल,161
निवेशकों,90
वित्तमंत्री,194
ढक्कन,158
खटखटाया,158
मौज,27
अवमानना,98
बनाएगी,26
मंत्रोच्चार,132
टेकने,101
दूल्हा,31
ज्योतिष,199
बानगी,158
मेघा,195
अमूमन,48
कढ़ाई,6
शॉल,6
सोया,24
पर्दे,158
उद्भेदन,158
मिलेंगी,52
पीटना,166
महारानी,1
लड़कियों,186
थानेदारों,62
स्तुति,1
कक्षों,34
समितियां,49
अनियमितताओं,104
व्यथा,158
सम्बन्धित,48
टांग,101
लोकप्रियता,158
जबर्दस्त,15
नाकेबंदी,155
ठगा,162
बुजुर्गों,92
विस्तारपूर्वक,115
बजा,43
शराबियों,76
बंजर,165
छटा,15
प्रण,158
कसी,8
गाया,66
हैसियत,27
खुदा,27
गोताखोरों,190
सुअर,51
इकलौता,158
निबंधक,62
मौतों,184
क्रमांक,158
रामराज,77
जुटाई,14
नयन,192
जस्सी,156
फूंकने,158
स्वर्णकारों,90
आकाशीय,180
सकेंगी,26
आयाम,158
जलवायु,158
पक्षपात,158
गुंडा,78
राष्ट्रपिता,158
खामोश,134
ख्वाजा,158
आक्सीजन,27
बरते,148
घटती,57
प्रसारित,153
लाटरी,2
दमखम,130
प्रायोजित,115
हिंदुओं,137
कथावाचक,158
जांचने,73
अतिसंवेदनशील,110
जोड़ना,40
घंटो,125
मदरसे,158
क्षण,158
अक्षर,158
खुलेंगे,16
कुछेक,48
प्रतिद्वंदी,70
एकादश,158
खिला,161
डायन,27
सलाखों,44
मिठाइयां,161
मोहलत,197
चोरियों,78
छाती,101
दीर्घायु,27
बटन,102
ब्रह्म,77
तेरी,87
नीली,56
बरस,125
तकलीफ,116
उड़ाए,69
आमंत्रण,38
बिगाड़,72
पशुपालक,61
नाकाफी,14
पहनाने,6
नाबाद,89
सबों,87
सन्,60
जटिल,15
नुमाइश,41
तीर,134
मुखातिब,158
कर्मकार,9
कतरा,169
लड़ा,181
दिनकर,77
शौर्य,33
लेख,158
सुखी,27
सब्र,33
असमर्थता,126
मसाला,158
त्रिलोकी,77
उड़ाई,69
साख,158
अनिश्चित,158
प्रचंड,15
तांडव,64
गिरिराज,77
कोटि,15
चढ़ाकर,94
सरासर,158
संलग्न,115
खोया,158
गवर्नर,194
गोलमाल,104
फौजदारी,185
हर्षित,162
नौकरियों,158
घोषणाओं,36
काटना,114
प्रैक्टिस,185
एयरफोर्स,155
भागी,164
मजीठिया,156
संपादक,153
घेरने,158
भावभीनी,122
तनावपूर्ण,158
वजूद,158
रखवाली,155
स्वावलंबी,7
खींचतान,29
हल्दी,158
थप्पड़,166
मालाओं,168
मोटरसाइकिलों,147
कार्पोरेशन,173
उड़े,69
अतिशीघ्र,183
मिलाप,48
नमो,132
संभावनाओं,110
साहित्यिक,27
टेढ़ी,158
हथियारबंद,118
सीढि़यों,158
नस्ल,158
पाइपलाइन,63
मुकुट,6
दुर्भाग्य,27
सुरक्षाकर्मियों,155
सुरंग,53
शीत,75
डलहौजी,158
इज्जत,27
दर्शाता,85
एकतरफा,158
रिवाज,3
गुंडागर्दी,29
मैया,1
ट्रालियों,159
मापदंड,115
नाथनगर,175
पंथ,191
सफाईकर्मियों,158
मिलाने,158
जगपाल,156
जानें,85
कटाक्ष,15
भीख,197
तकनीकि,115
दौड़ते,164
अनुदेशकों,17
परिवारीजन,12
स्वयंसेवियों,158
हिलसा,35
दीदी,151
मिलाया,158
दंगों,29
चढ़ाई,94
हाकिम,158
कुलश्रेष्ठ,195
पुनर्निर्माण,196
मोटा,96
प्रार्थनापत्र,158
उच्चाधिकारी,62
जया,81
समझें,85
हलवाई,161
साबुन,158
फकीर,191
नजरें,192
खेलना,2
स्वदेशी,158
भयमुक्त,158
हीलाहवाली,158
भाषाओं,91
उच्चतम,185
जनजातीय,137
बंदरबांट,104
संग्रामपुर,175
आत्मसात,158
सांई,191
अनुदानित,17
बाहुल्य,137
भतीजी,151
सटा,158
आतंकवादियों,118
विक्रय,90
धुएं,113
पकड़े,140
झोला,107
चैतन्य,27
पर्यवेक्षिका,179
तल्ख,110
गहमागहमी,29
झूल,82
सौंदर्य,15
बही,169
थोड़े,21
रानीखेत,175
शिशुओं,131
दक्ष,158
मस्तिष्क,27
खंडहर,34
अव्यवस्थाओं,158
धनघटा,175
पार्लर,158
सम्पूर्ण,158
कसबा,175
पालक,158
धराए,140
नाटकों,112
झांसे,158
चलाएं,182
मुसाफिर,152
प्रसूता,131
पड़ेंगे,109
अपनाना,68
धमाका,118
पैंट,6
उपायों,158
मानचित्र,158
पायदान,158
गांठ,45
अहंकार,27
कनेक्शनों,177
दौड़ने,164
जलाई,138
मनचलों,186
वास्तविकता,158
निवासीगण,158
दिखती,85
उपद्रवियों,29
क्रिकेटर,105
जनजागरण,110
कट्टे,133
पर्यवेक्षण,115
आगोश,158
हेलीपैड,53
कम्युनिस्ट,70
शुभकामना,122
धनुष,133
प्रतिपूर्ति,177
प्रजातियों,158
जहाज,53
पखवारा,125
बेबस,7
भेजें,38
पत्ते,187
शिवपूजन,77
आंध्र,13
अपनाकर,68
उपजाऊ,165
बैठाया,135
किशोरों,158
कांति,192
नकार,158
लाभदायक,93
पाटिल,77
शूटर,158
बनाती,5
वैसा,21
जूता,6
रेप,98
उद्देश्यों,115
अकेडमी,188
समता,115
उठते,54
ठगने,158
खलील,46
चाट,158
चुकाने,177
प्रशस्त,53
बेचना,42
हड़ताली,79
झेलने,110
पालिसी,173
इचार्ज,142
कांफ्रेंसिंग,106
अपनाए,68
रेलकर्मी,152
दबी,102
रचनात्मक,158
इकट्ठे,85
राजस्थानी,91
कदमों,54
इस्तीफे,194
हालचाल,139
चौंक,162
पूर्वजों,27
चलेंगी,52
सामंजस्य,135
गुंजायमान,59
मासूमों,158
रिमझिम,124
किनारा,158
उमड़ा,123
बूढ़े,92
गंवा,158
पारिश्रमिक,177
इसरार,46
विडंबना,158
जागो,24
महाआरती,158
जनाधार,70
रेडीमेड,6
शिवानंद,77
बंगले,34
दारू,76
आदर,122
विभाजन,158
धमकाया,166
मलिन,34
बुनकरों,9
मंडरा,110
जलाए,138
मैकेनिकल,17
लश्कर,118
पत्रांक,158
मन्नत,197
माइक,142
तदर्थ,47
अद्भुत,15
सुखराम,77
सभाएं,106
सीखा,19
अदद,158
थैले,107
महामाया,1
दिव्यांग,7
असलहों,133
ज्ञातव्य,85
अनापत्ति,178
कॉरपोरेशन,173
गाना,66
उत्खनन,159
रेलगाड़ी,152
नाता,48
पोर्टल,115
मुर्गी,158
नाश,196
कंधों,101
बटोरी,15
कमजोरी,27
अक्षम,14
सिफारिशों,115
कराह,158
होम्योपैथिक,83
भंडरा,175
कांटा,168
उपकेन्द्र,180
टूरिज्म,18
बोरियो,159
कविताओं,154
घटक,158
साक्ष्यों,178
आखों,192
तालियों,158
कुर्सियां,135
विषयक,48
हराम,27
कठिनाइयों,116
व्यंजन,161
बेमानी,85
अपमानित,98
निकास,115
देखिए,26
चलेंगे,26
बताता,85
बनवाकर,176
खींचकर,158
त्यों,57
भीड़भाड़,53
मानिक,77
सीमाओं,111
वरिष्ठता,47
आत्मरक्षा,133
मानती,85
चलन,27
माप,115
अटैची,107
तिहाई,158
कतिपय,48
अनभिज्ञता,126
आंगनवाड़ी,179
ठगे,158
पिछड़,137
अनुदेशक,17
सांझा,48
नीले,56
असंभव,85
कारीगरों,9
चौथ,103
बन्द,196
भावुक,162
सुरभि,81
कबाड़ी,167
बढ़नी,57
एकड़,165
जेईई,193
दलबल,62
लगवाई,176
कोशिशों,14
संपति,165
मार्कशीट,193
कराती,108
बॉल,158
ढीली,8
उपदेश,191
ढेरों,48
प्रशिक्षणार्थियों,17
जालसाजी,104
दिमागी,27
भूमिहीन,165
छूने,158
इंसानियत,27
छेड़ा,181
शर्मनाक,98
चाही,85
हिल,53
सोमा,81
खोद,63
आजतक,158
श्रावणी,103
सौंपते,38
जुकाम,144
क्षमा,197
चपरासी,158
रंगमंच,112
पम्प,160
पिला,161
लेखाकार,62
रचनाओं,154
व्यवहारिक,115
सुधरने,72
ऊंट,61
मेवा,161
टीसी,158
आश्रय,34
जूझते,116
लोकगीत,66
वाचक,158
समेट,158
हरकतों,158
महादलितों,137
पुष्टाहार,179
स्वभाव,27
चित्रों,158
स्वेटर,6
औषधीय,93
तृतीया,103
छोड़कर,74
पाठ्यक्रमों,17
बोरियों,149
कुचला,102
जनसमस्याओं,158
फायदेमंद,93
परिणामस्वरूप,196
बीवी,12
भाड़े,34
यथा,48
कीमतें,149
प्रतिरक्षण,144
निगमायुक्त,62
वर्गीय,158
नवयुवक,186
ननिहाल,12
पागल,158
बच्चू,77
प्रियदर्शी,195
बालकों,158
सम्बन्ध,48
अनुमोदित,115
शीट,158
प्रविष्टि,115
कैरो,156
विवेचक,73
गजब,15
गदगद,162
तवज्जो,158
भराई,159
मनाना,65
परियोजनाएं,173
रौंदा,102
शिशिर,75
कंधा,101
रंगा,56
एथलीट,105
हबीब,46
तापस,195
मुगल,158
जिसमे,48
नीलाम,42
पूर्णाहुति,132
उन्नयन,115
भागीरथी,169
जोड़ने,158
सिद्धांतों,115
हार्दिक,122
भयानक,110
करोड़ों,136
कुम्हार,9
बनानी,5
मीठे,161
बुनकर,9
सुबूत,178
संभाले,38
पखवाड़ा,125
कौम,158
सेवादल,49
प्रस्तुतियां,158
यथावत,158
उतारे,10
कोरी,158
प्रदेशीय,13
संगीतमय,66
भरवाने,158
सजाई,41
राजनेता,70
झोली,158
वास,34
घेरकर,5
सहेली,158
राजनेताओं,70
चोक,63
मदरसों,137
मतपत्र,117
घिर,48
डरा,162
बेचैन,162
राशनकार्ड,178
हंसी,158
बुझाई,138
उन्होनें,170
अपनाते,68
घूस,158
दोहरा,158
सभ्रवाल,77
लोकदल,70
रामानुज,77
विटामिन,93
थाम,101
बाड़ी,158
नाज,27
हरकतें,29
ख्याति,27
बिसौली,175
अतीत,27
रंगाई,158
शिवालय,1
धोबी,158
पूंजीपतियों,158
उलट,158
सवेरे,11
पिलाया,161
वारिस,27
पीडि़ता,98
मूकदर्शक,158
बचें,85
मौसी,151
ढाबों,90
राष्ट्रवादी,70
घटकर,57
चौरासी,100
हटकर,158
जिम्मेदारियों,0
विवाहित,12
लगनी,176
खरीदारों,90
असंगठित,9
कर्ता,158
अराजपत्रित,158
भेजते,38
अवरोध,196
निंदनीय,98
लुटेरा,78
पत्ता,187
रखीं,52
प्रादेशिक,158
माघ,103
गूंजा,59
समतल,165
दलहन,149
बजाकर,43
अजब,15
विषाक्त,93
व्रती,103
कव्वाली,66
शिशुपाल,77
जिन्हे,170
जैव,93
हकीम,158
पदोन्नत,47
आत्मिक,27
भूत,27
दोहराया,85
सेमीनार,106
चलीं,52
अटका,82
अध्यात्म,27
छुट्टियां,18
मदनलाल,77
साधकों,191
सुनाए,145
सैल,156
महाभारत,77
ठगों,78
कुरावली,175
बाड़ा,158
छठा,55
उत्साहवर्धन,122
निश्चय,158
गेंदों,89
आशाराम,191
वाह,15
व्यस्तता,27
साया,110
मुर्गा,158
भ्रूणहत्या,98
विसर्जित,169
खरीदते,42
महासम्मेलन,106
शीतकालीन,75
उपसमाहर्ता,62
काश्तकारों,165
आभूषणों,107
पर्यवेक्षकों,62
सिवाय,158
शीश,101
अभियोजक,185
बच्चो,158
लिंगानुपात,158
श्यामसुंदर,77
बंटवारा,25
उच्चारण,132
छिन,86
निष्क्रिय,14
नवविवाहिता,12
मुनीम,158
चोटी,119
मधुकर,77
क्षय,144
प्रगट,126
नानी,151
अंधविश्वास,27
लाठियों,166
तस्वीरें,142
समीपवर्ती,13
जुड़ी,48
डाकघरों,173
फैक्स,38
साधते,134
चढ़ी,94
उतरेंगे,10
इसने,170
प्रचलन,27
परमाणु,115
लीवर,144
टिकटों,53
पत्ती,187
इलेक्ट्रॉनिक,115
अल्प,15
बिजेन्द्र,77
चने,149
जुड़कर,40
स्वर्ग,27
अनुपमा,81
विनाश,196
बनवाई,176
संचयन,154
अभिशाप,27
असलियत,158
पढ़ती,88
ईटों,159
भूना,158
बेअसर,14
गायकों,66
पार्थिव,3
कार्यवाई,158
कार्टून,154
उद्धार,196
शीशम,187
खदानों,159
विशेषता,15
पुताई,158
अनुसरण,115
स्टेशनरी,158
होनेवाले,85
आंदोलित,110
विद्यानंद,77
अंतरिम,115
विद्वानों,188
आंखे,192
करायें,108
निर्मली,35
गोरा,56
घटतौली,149
धूम्रपान,113
बागवानों,158
डेरे,158
तबतक,26
शिक्षामंत्री,194
पंक्ति,154
साहित्यकारों,188
झपट,86
ताकतों,70
अपात्र,7
प्रेषण,38
संकल्पित,14
किसानी,22
कटवाने,114
ठंडक,75
फुटकर,90
सदी,125
लुभाने,158
चश्मा,6
भांजे,151
पैगाम,27
जमानती,158
गानों,66
बारादरी,158
लाडली,1
सुई,133
पड़ोसी,48
हर्षवर्धन,195
दिहाड़ी,9
चंपत,78
करुणा,27
किसकी,158
प्रणाम,122
समुद्र,158
निर्बाध,169
अमूल्य,15
सुश्री,81
खानी,109
मांझा,158
नदियां,169
ढुल,156
तैराकी,105
कैसी,158
संक्रमित,144
स्वेच्छा,158
सीआइडी,155
नियुक्तियां,47
सतगुरु,191
मुकर,36
मचाते,64
करतूत,158
राजेश्वरी,1
भीमसेन,77
गहलोत,77
इक्का,158
समुदायों,158
गरमा,75
खिलौने,158
रासलीला,158
लाये,5
उठाये,54
ठेकों,158
सपरिवार,71
दौड़ाकर,164
फूस,34
म्यूनिसिपल,49
ढिलाई,148
कटोच,195
जायें,26
निपटारे,121
योगाभ्यास,27
चुपचाप,135
बेतहाशा,57
निवासिनी,1
संतोषी,1
छेड़,181
शक्तियों,27
यथाशीघ्र,183
भट्ठी,159
व्यवसाई,90
टालमटोल,158
पढ़ता,88
आमलोगों,70
किन्नर,186
रखेगा,26
पहाड़ी,119
धुंआ,113
प्रतिबद्ध,14
हड़प,158
परमहंस,191
बर्तनों,158
मुहूर्त,199
सहसचिव,49
स्रोतों,115
बदलवाने,158
शंका,110
मोहताज,85
लीची,39
निर्वाह,0
निभाएंगे,37
पढ़ना,88
उत्सुकता,143
नाममात्र,48
सदियों,125
शक्तिपीठ,1
कूड़ा,167
मानों,158
कलाई,45
कसरत,27
सत्यापित,178
मालिकाना,165
भूगर्भ,158
हमलों,118
तनख्वाह,189
फिसलने,158
हाय,27
कविताएं,154
साधक,191
तोले,107
उपमुख्य,194
वृद्धों,92
चालीसा,132
कारखानों,9
जगरूप,156
जानकर,162
बीजों,22
बिखर,84
घमासान,29
चहेतों,158
कनपटी,133
भूरे,56
अधिकाधिक,158
लीलाओं,158
अपूर्ण,158
सर्वोत्तम,15
मरा,3
मुझसे,87
मिट,196
वैसी,21
जलनिगम,180
बिलकुल,158
मूंगफली,149
साम्राज्य,158
एथलेटिक,105
जलनिकासी,63
बरातियों,31
श्रमायुक्त,62
हुकूमत,98
मेज,135
डकैत,78
खचाखच,158
हस्तशिल्प,158
जैकेट,6
पिछला,125
अनार,39
तीमारदार,157
सेंधमारी,78
हारे,141
निरुद्ध,44
दिखते,85
मनाएं,65
शासक,158
सबमर्सिबल,160
दुश्मनी,29
चढ़ाव,158
खरीदार,90
पांचाल,77
उतरना,10
सातों,100
रियासत,158
मरहम,158
कुदरत,27
बिखरे,158
मोहब्बत,27
ढांढस,158
जरुर,85
चौके,89
चूड़ी,158
हिमपात,124
थाप,43
सुनियोजित,158
फेंककर,5
मछलियों,63
फुसला,158
स्थानान्तरण,47
पहिए,147
पूर्णतया,158
टेंशन,110
वतन,158
जमाए,158
तोड़ी,95
कौमी,97
अंत्येष्टि,3
तिथियों,125
रचने,158
सड़के,53
न्यायालयों,185
गुरुओं,191
अधिकारिक,115
सत्रह,120
अलवर,175
याची,185
व्यंजनों,161
बूढ़ी,92
मत्था,101
शुक्र,199
बॉर्डर,155
उपभोग,115
उतने,21
प्रतिभावान,92
धूमिल,110
अशांति,29
लहरा,32
दरारें,111
मनीराम,77
इंद्री,156
लड़ेंगे,181
अंर्तगत,115
सर्वोपरि,158
पंजिका,178
दबोचने,140
रोपड़,158
साईकिल,147
अड्डों,53
मम्मी,151
मंद,15
भारतीयों,158
चाची,151
स्पर्श,158
पड़ेगा,109
नक्षत्र,199
बसाने,34
करारा,139
इरादा,158
दिशानिर्देश,115
असमाजिक,93
लालबत्ती,53
वल्लभ,77
पांचवे,55
सुंदरी,1
दिलाते,99
जापानी,158
हल्दिया,13
नमस्कार,122
नाचते,174
लिपिकों,62
निवेदन,115
सहम,162
हर्रैया,175
रातों,158
साला,151
मनचले,186
जंजीर,45
ठहरा,0
गोभी,39
भेजेंगे,38
जुनून,143
फर्राटा,164
प्यासे,169
मण्डी,149
वादन,43
श्रीधर,195
अखबारों,153
रीतेश,195
सुने,145
संगठनात्मक,158
तोड़ते,95
मनिहारी,35
लड़ते,181
पिछड़ों,137
मानता,85
मक्खी,144
भरो,158
ऑक्सीजन,27
स्वैच्छिक,7
रहेगे,26
खड़ंजा,63
हड़कंप,64
विधवाओं,7
फूले,158
अनियमितताएं,104
अहिंसा,27
जुटाए,14
हताहत,150
बजने,43
निजाम,158
आयात,90
क्षेत्रवासी,128
पहुचा,4
जामिया,17
प्यारी,15
दमन,98
बुनियाद,158
सटी,111
अर्पण,122
बाशिंदों,128
वनस्पति,93
संकरी,172
विसंगति,163
नाई,158
पालम,53
फव्वारा,158
पडे़गा,109
डाका,5
शीशपाल,156
परवरिश,158
डिस्चार्ज,142
कृष्णानंद,77
निखार,158
कार्बन,158
समयावधि,158
जेठानी,12
चराने,61
अभिव्यक्ति,27
मंत्रों,132
पिपरी,175
सत्तारूढ़,70
क्रियान्वित,115
लोहार,9
हस्तांतरित,115
बहार,158
निष्पादित,115
पालने,158
उपकेंद्रों,180
सुनेंगे,26
मशरूम,22
फिक्र,110
बिके,42
फूटा,158
लायी,5
बैलों,61
अनुशासित,115
माटी,158
आंकी,189
कलेर,156
वक्तव्य,106
घिरा,48
अनुमंडलाधिकारी,62
विस्थापन,98
भट्टा,159
तीखे,15
परिसदन,34
तुरन्त,183
बाजू,101
बिरंगे,41
उत्तेजित,162
दिनोंदिन,57
साजन,158
कुश,158
रामकथा,158
कृति,154
प्रमुखों,70
शादीशुदा,12
सहायिकाओं,179
कमांडो,155
उग्रवाद,118
पहनाया,6
दर्जे,158
मोतियाबिंद,144
मिनटों,125
इकाइयां,173
विसंगतियों,163
कामिनी,81
प्रत्यारोप,158
विक्षोभ,110
कार्याें,115
मचाना,64
दिलाकर,99
बेरुखी,110
घाव,101
दीवारें,111
जूट,149
स्थली,27
कृतित्व,158
विस्तारीकरण,115
मशगूल,158
मदों,115
महरूम,27
खिली,168
भुगत,110
खुलवा,16
अनुभूति,27
वाममोर्चा,70
दिखेगा,26
बड़सर,158
जामुन,187
मुख्यधारा,158
बेसब्री,158
बगीचा,168
चरितार्थ,158
जगदंबा,1
मौरंग,159
मैनेजिंग,49
चरमराई,72
दीजिए,26
मनोविज्ञान,27
जिताने,141
रेलकर्मियों,152
अपरान्ह,11
रैलियों,106
धराशायी,158
छुड़ा,74
बेसुध,150
सिराज,46
दिलवाया,99
प्रबंधकीय,158
लूटकांड,158
प्रत्यारोपण,27
कोंच,175
खिले,168
हिना,46
तिपहिया,147
पंख,158
निकलेगी,129
पैठ,158
परमवीर,33
स्वाहा,132
डूबी,190
आनेवाले,85
प्रभागीय,62
नींबू,39
ज्येष्ठ,151
बहाया,169
अनुयायियों,191
बंसी,43
एकमुश्त,177
रघुराज,77
सायंकाल,11
शमन,158
कोस,100
अजीब,15
किलोवाट,96
फैसलों,115
हिदायतें,148
सदस्या,49
भूरी,56
अमरूद,39
अधीनस्थों,62
पांचवी,20
ललक,143
आधुनिकता,27
बताएंगे,26
पूज्य,191
भागदौड़,27
सफलतापूर्वक,158
कटों,180
कारणवश,48
घुसी,111
सुदीप,195
विलुप्त,158
जलसे,106
महामारी,144
चरखारी,175
उड़ने,69
विविधता,27
फैलता,50
तौबा,64
दागी,70
गृहकर,177
छीनी,86
अपेक्षाकृत,21
इनवर्टर,180
सम्मति,115
स्टेंड,53
सुरक्षाबलों,118
अनुग्रह,27
सुखचैन,156
कार्यकत्र्ता,70
फैलती,50
युद्धस्तर,115
ऑपरेटरों,158
त्यागपत्र,194
संरक्षा,115
पोखरों,63
दुबके,111
आभास,85
कैप्सूल,83
सर्प,93
अड़चन,158
गुपचुप,158
दुष्प्रभाव,110
गंगानगर,13
धारी,133
ट्रांसफारमर,180
मनमाना,158
हाशमी,46
कोसा,158
आरपार,158
खोखला,158
पाएं,26
कालिंदी,1
शुद्धता,27
विभाजित,25
सूचीबद्ध,115
हैंडबाल,105
सुनायी,145
तारें,180
ग्यारहवीं,20
संग्रहण,115
बहु,12
तकिया,101
दोगुनी,57
नवसृजित,158
सिलिंडर,160
रैयतों,165
फार्मो,158
पकवान,161
नतीजों,110
अनुभवी,158
शिवभक्तों,18
भड़ास,129
नौका,190
नमूनों,158
बहेड़ी,175
कुर्बान,155
बेनकाब,158
हुकुम,158
जसवाल,156
भांग,76
कतराते,85
पशुधन,61
पटवारियों,62
गोताखोर,190
प्राचार्यो,179
यद्यपि,198
सांझ,11
चबूतरे,34
रंजिशन,29
सैलानी,18
नशेड़ी,76
जंतु,93
जनकल्याण,27
टिक,158
निर्मम,98
पनपने,158
इकलौते,158
जुताई,22
नाकामी,14
बिंदू,48
गिरिजा,1
उत्पीड़न,98
मन्नू,81
बौछार,124
निकलवाने,158
शर्मसार,158
नेत्रहीन,7
व्याख्या,115
असंतुष्ट,162
संयोजिका,49
स्टालों,90
बकाये,177
जुआरियों,2
मिलीमीटर,96
अनुभाग,158
परंपराओं,3
बारातियों,31
रक्तचाप,144
बदस्तूर,196
स्तंभ,158
वानिकी,158
वाहिद,46
बचते,85
सुनाने,145
एलडीएम,62
काहलों,156
दर्शना,81
मंगाया,38
बुढ़ापा,92
पहुंचाएं,4
राष्ट्रव्यापी,158
कुंआ,63
खिलाया,161
दिग्गजों,70
मोहिनी,1
आपदाओं,184
रोपित,187
रचित,188
स्टैण्ड,53
पद्मश्री,188
दिलायी,99
पाबंद,148
कपाट,16
प्रधानी,146
बांग्ला,91
उपरान्त,196
प्रतिरोध,98
गढ्डों,53
हमसे,87
सुसज्जित,41
मोचन,158
मूसलाधार,124
मर्ज,83
विभागाध्यक्षों,17
चैम्पियनशिप,105
कुकर्म,98
उत्पादकों,90
एलबम,66
सबने,87
हिरण,51
युद्धवीर,156
कर्णप्रयाग,175
दाता,7
बगीचे,168
पनीर,39
उचक्कों,78
फांदकर,111
जर्नादन,77
जादूगर,158
प्रतिवाद,158
जोरशोर,158
पेशकश,115
निबटने,158
टहलने,18
ऊधम,64
भंगड़ा,174
बरसाना,124
छुपाने,102
रजाई,75
करबला,58
तनातनी,29
सूझबूझ,33
लगाती,176
भैंसों,61
हताश,162
टीएन,195
सादगी,15
यादें,27
जिंदाबाद,59
बेचता,42
फिजिकल,27
इलेक्ट्रानिक्स,115
महबूबा,158
अध्यापन,17
तड़प,158
समन्वयकों,179
समझाते,85
वाकई,158
अनुकंपा,47
आबाद,34
आंदोलनरत,79
मसलों,48
अनशनकारियों,79
टंकियों,160
मंडराने,110
शर्म,27
कोड़ा,158
समाहित,158
चेकडैम,63
नौनिहाल,158
नियुक्तियों,47
चपत,189
मैगी,161
परिभ्रमण,18
चौखट,111
कुटीर,158
सुझावों,115
सकीं,52
महंथ,191
बकरियों,61
बिटिया,151
लिफाफे,158
राजरानी,81
सफाया,196
घायलावस्था,150
शुरूआती,125
लीं,52
मिठाइयों,161
कमोवेश,198
कोशिशें,14
साधने,134
रियायत,115
शाहदेव,158
आवंटियों,165
पेशा,27
मुसाफिरों,152
टावरों,34
पहाड़ियों,119
मन्नतें,197
पोते,151
आकृति,158
डालेंगे,5
दिखावा,158
मालगोदाम,172
अनुज्ञप्ति,178
शील,27
दिखाएंगे,130
ध्यानी,77
भाड़,123
लड़े,181
चुनरी,6
जघन्य,98
धुनों,66
भौतिकी,93
आधुनिकीकरण,115
बहती,169
कारगुजारी,158
निकलेगा,129
प्रज्ज्वलन,192
पैटर्न,158
छिटपुट,158
श्रद्धापूर्वक,122
अधिग्रहीत,165
प्रवृति,110
समाजसेवियों,70
कुटिया,34
वनाधिकारी,62
भइया,77
बर्दास्त,110
रुकावट,196
किरायेदार,34
सलामत,27
अंदरूनी,48
मनसा,1
आपातकाल,158
किराएदार,34
बहादुरी,33
अहीर,175
तीक्ष्ण,15
सीएसआर,173
ठान,26
अदालती,185
ख्वाब,143
लहराते,32
चढ़ते,94
चाहें,85
परम्परा,3
चबूतरा,63
हटे,127
देखता,85
गाल,101
मेलों,158
ट्रैक्टरों,147
जानती,85
तबदील,196
आनंदी,81
संतुष्टि,27
बास्केटबॉल,105
प्लेटफॉर्म,152
भेड़,61
ठहरे,28
तपती,75
बुझाया,138
फेरे,31
कुमकुम,158
खदेड़ा,158
पिच,89
शमा,138
तकदीर,27
वामपंथी,70
शारदीय,103
भेंटकर,122
निष्कर्ष,110
तख्तियां,154
जूं,101
फोटोयुक्त,178
खूबसूरती,15
निबंधित,158
जड़ा,158
वाणिज्यकर,62
ब्रह्मानंद,77
नफरत,48
अनुरक्षण,115
सीखे,19
परी,1
शिवाला,1
तेजा,156
सजाए,41
निष्क्रियता,110
अमरपाल,156
उमड़ने,123
निवाला,161
चौकों,89
जानकारियों,115
गुणात्मक,115
इमारतें,34
प्रोफाइल,48
यहाँ,158
दुहाई,158
वेश,6
मछलियां,63
महाकुंभ,158
पीए,161
ईलाज,157
झाडू,167
हेपेटाइटिस,144
भुला,158
सोई,24
बहकावे,158
कारवां,158
डांडिया,174
लीन,27
लाभांवित,7
क्रोध,27
शर्बत,161
गठजोड़,70
जगमग,192
संभालेंगे,38
फिजीशियन,157
सहानुभूति,110
जांचोपरांत,73
नामकरण,48
पूर्ववर्ती,158
आशियाने,34
उर्वरा,22
उत्कर्ष,27
वातानुकूलित,34
मजे,27
जमीर,158
गैरकानूनी,115
गुजारिश,115
छेड़छाड़,98
पाइपों,63
हस्तांतरण,115
बकरा,61
पुरातन,27
महानगरों,13
दौड़कर,164
प्रदत्त,115
डूबकर,190
एनएचएआइ,53
बगावत,158
बनवाना,176
संज्ञा,115
बंधुओं,151
गड़बड़,158
बचाए,5
मजहब,137
नामचीन,188
बीता,125
रुद्र,1
गौरवान्वित,27
आमजनों,70
पूछते,139
संकलन,154
पतन,196
अनुभवों,27
पेयजलापूर्ति,180
चहेते,70
प्रार्थी,158
पसंदीदा,15
भाला,133
शिल्प,158
बिगड़ते,72
डिब्बा,152
सोची,85
कुलाधिपति,17
खाल,51
सीनेट,115
अनुशासनहीनता,29
शर्ते,115
घटों,125
बिठा,135
खोदकर,63
चुनौतियां,116
दूज,192
बाराहाट,175
क्रूरता,98
पुस्तिकाएं,154
सांठगांठ,158
राजदीप,156
चुनिंदा,48
जिज्ञासा,143
कहेंगे,26
निर्दल,117
संस्कारशाला,3
शैल,158
भ्रमित,110
हकों,158
कुओं,63
सौहार्दपूर्ण,158
बदहवास,150
वेशभूषा,6
बराती,31
प्रसूति,131
परिधान,6
आमादा,14
जांची,73
पृष्ठभूमि,158
पाठकों,188
सतह,158
गांववासी,128
पूर्वानुमान,110
कब्र,3
शिक्षाविद्,188
ड्राइंग,158
भुलाया,158
संभालते,38
तेजवीर,156
तोड़कर,95
खोलते,16
कारें,147
प्रवचनों,191
बिछाया,5
नशाखोरी,76
कलंक,27
मैगजीन,153
बाएं,101
अनुरुप,115
नीरा,81
यमुनोत्री,53
इसलिये,198
अपनाएं,68
हामी,158
बालिकाएं,186
स्तनपान,131
मसीहा,7
अजगर,51
चेयरमेन,49
राजनारायण,77
तुम्हारे,87
टकराया,84
रचनाएं,154
साइकिलों,147
पवित्रता,27
बास,43
बनाएगा,26
आउटसोर्सिग,158
इतिश्री,0
ठेंगा,130
समूचा,158
लिखना,158
प्रकरणों,185
उदयराज,77
प्रचलित,27
निहित,27
संवर्धन,115
बधिर,7
बोरियां,159
पांचवां,55
कंकाल,3
मलाल,158
पीडि़तों,98
गुजरता,67
खंगालने,73
जहरखुरानों,78
लालटेन,192
मिलजुल,97
गंदी,158
शादियों,12
बब्बन,77
बुध,199
बागडोर,38
मनाएंगे,65
कोसते,85
घटाकर,57
उड़ी,69
फूटी,158
तीरंदाजी,105
इन्हे,170
आकाशवाणी,153
बेदखल,158
चलाएगी,182
छपी,153
इकाईयों,173
कांच,158
खासियत,15
खोलना,16
सरहद,155
कनक,81
बर्खास्तगी,47
कोयल,158
बहुचर्चित,188
न्यौता,38
काबिल,158
कायस्थ,137
सांगठनिक,70
फार्मासिस्टों,157
अंगों,27
पांडव,77
बांधी,45
बालियां,107
स्टीकर,158
सलोनी,81
लाज,27
खुशनुमा,15
जगा,24
अफवाहों,153
वर्गों,48
कोसों,158
बिन्दु,48
सजगता,110
चकाचक,158
संचय,115
नतमस्तक,122
संवेदनशीलता,110
आगंतुकों,18
हिदायतों,148
मौतें,184
शिक्षाविद,188
नीलगाय,51
बंटा,25
कंठ,158
धंसने,158
सिंतबर,60
नशों,76
मनन,158
चहुंमुखी,27
दानी,7
जत्थों,158
उलझा,121
मोहसिन,46
बुझ,138
पर्याय,115
निकलवाया,158
आसरा,34
उधम,64
पूर्वांचल,13
लगाएगा,176
एहसान,27
पिहानी,175
देशवासियों,158
यूएस,13
मिश्रित,48
झाड़ी,158
पादरी,158
गहराया,110
वर्जित,115
दुआएं,197
मद्य,113
मचाई,64
लीजिए,26
परिकल्पना,158
कायदे,115
अटकी,82
तिजोरी,107
रक्षकों,158
सौंपेंगे,38
पकड़ने,140
जमाना,158
छूटा,74
संबधी,48
फफूंद,144
विद्युतापूर्ति,180
शतप्रतिशत,115
प्रवक्ताओं,158
शोहरतगढ़,175
आयीं,52
आवाम,158
संगतों,191
मातृत्व,131
बंधाया,158
शस्त्रों,133
बेखबर,110
प्रमाणिक,115
फॉगिंग,144
गुजारने,27
उंगली,101
रुककर,28
बीचों,13
दिलवाई,99
टहल,18
अफसरशाही,70
पहुंचाते,4
बुराईयों,163
वधू,158
सत्कार,122
मैत्री,97
हटाई,127
दीये,138
व्यापी,158
स्थितियों,110
डिब्बों,152
कैंपों,158
जलसा,106
हलफनामा,185
धमक,158
भूखंडों,165
अरबों,136
उपखंड,62
छर्रा,175
प्रतिभाएं,92
कंक्रीट,159
अंडा,158
उस्मानी,46
पेशाब,161
पौत्र,151
पोषित,115
इसमे,48
ठहर,28
उग्रवादियों,118
मरी,3
मध्यस्थता,115
गवां,158
बेअदबी,191
नाती,151
अध्याय,154
जमात,70
कुलवीर,156
नंगे,101
पहुंचाए,4
बवाना,175
साम्प्रदायिक,29
हार्डवेयर,142
घोंटकर,166
दुखों,27
नकारा,85
असमय,184
रैलियां,106
उग्रवादी,118
बाते,158
मुकामी,158
किन्हीं,48
अनदेखा,158
ब्लेड,133
पारितोषिक,188
गुज्जर,156
मौनी,158
डरे,162
जूही,81
साइकिलें,147
छिड़क,158
नसीर,46
उकलाना,158
रोजे,58
चलाएंगे,182
रंगेहाथ,140
बरसा,124
अक्षत,158
खेद,126
जन्मे,158
गिलास,161
भरसक,14
मणिपुर,13
अप्रत्याशित,184
खुदकशी,158
भांजी,151
जमादार,155
श्राद्ध,103
पढ़ाते,88
निरोधात्मक,158
तिरंगे,32
सुमंत,195
प्रतिबद्धता,158
छुपा,102
फेंकी,5
रवानगी,158
धोना,158
लीपापोती,158
हटेंगे,26
बाराती,31
सभ्याचारक,158
चित्रांकन,158
वचनबद्ध,14
आलाधिकारियों,62
बारीकियों,158
निष्पक्षता,0
बिखेर,5
जातिवाद,158
अनुयायी,191
कालोनियां,34
हरिनाम,1
चूड़ियां,107
बिलखते,150
परीक्षित,77
तबादलों,47
छक्के,89
नवी,158
ओले,124
कीर्तिमान,158
गोसाई,77
दुलारी,1
देररात,80
नवीनतम,115
देरशाम,80
दशम,158
ग्रामवासियों,128
बाबुओं,62
नियमितीकरण,47
नजाकत,158
नजरों,85
समयबद्ध,115
निकलवा,158
योजनाबद्ध,115
यादों,27
खाए,161
उपकार,7
भुवनेश,195
लाहौर,13
टला,110
बाध्यता,115
साली,151
अभिकर्ताओं,173
गाँव,13
चारधाम,18
नाप,96
साहसिक,158
मुनी,77
एलआईसी,173
संवाददाताओं,158
उद्घोष,59
करिश्मा,81
बकरियां,61
सीमांकन,158
ओढ़ाकर,122
मंगलसूत्र,107
अभियन्ता,62
बंदा,158
शुद्धि,27
दमा,144
निभाएं,37
कपड़े,6
खामोशी,134
भालू,51
डलवाने,5
उस्ताद,191
भोलू,158
चाभी,107
पकडे़,140
वादाखिलाफी,36
पंचायतीराज,146
अविवाहित,12
जलते,138
डेरापुर,175
खजूर,39
शिवनंदन,77
जनकल्याणकारी,27
रोको,158
कठिनाईयों,116
चादरपोशी,58
मेधावियों,17
भटकने,18
गुनाह,0
चौतरफा,15
फतह,158
देखो,87
परास्नातक,17
खोने,158
संदेहास्पद,158
कुर्ता,6
सांड,61
लोभ,27
बंध,45
श्रीमति,81
कसना,8
धागा,45
शातिरों,78
प्रबन्धक,62
व्यंग्य,154
लुप्त,196
बल्ला,89
दसवें,55
आर्शीवाद,122
समर्थ,14
रुपेश,195
चिड़ियाघर,51
फुर्सत,27
पूरक,158
लगाएगी,26
अछूता,158
भागीदार,158
जलपान,158
हुक्म,115
शंखनाद,59
कांप,162
रहन,158
रिझाने,158
कलशयात्रा,158
सार,158
निर्माणों,34
पदस्थापन,47
खोदने,63
कृत,158
शाप,27
संबद्धता,48
सिद्धि,27
रुकते,28
पथरी,144
मोल,158
थोड़ी,21
खोटी,145
कमोबेश,198
कुटी,158
सायरन,43
घटाने,57
पटक,158
दुधारू,61
आक्रामक,158
शोरगुल,64
तोता,51
उत्पादकता,115
छिप,102
प्रमाणपत्रों,178
वीरता,33
बोई,22
गिने,85
जायदाद,165
सितारा,192
हजम,158
अविरल,169
कुमुद,81
चर्म,144
झडी,158
सुधरी,72
अजायब,156
सामंत,158
सांसें,28
निरोग,27
पुत्रियों,151
जलाशयों,63
बिठाकर,135
ग्रामवासी,128
जेहन,27
आहुतियां,132
महकमों,62
प्रभावती,1
नौकरानी,12
ब्रजमोहन,77
तनिक,21
द्वेष,27
आज्ञा,115
होनेवाली,158
दूरदर्शन,153
सुहेल,46
तटवर्ती,13
दौड़ाया,164
किस्मों,158
मिठास,161
ससुरालीजन,12
बरतते,148
दूत,38
स्वदेश,71
जिलामंत्री,49
मुंडन,3
केले,39
ढील,148
अनूठी,15
गुरुजनों,92
तमाशा,158
तीरथ,1
शिक्षणेत्तर,17
शोधन,158
साग,39
बिका,42
चौका,89
प्रासंगिक,15
लड़ेगी,181
फैलाई,50
भंवर,190
सुपरवाइजरों,62
छिपाकर,102
पड़ताल,73
छत्रपति,77
रूझान,143
अध्यक्षीय,49
आतुर,14
गहनों,107
लोकनिर्माण,115
पुनरावृत्ति,158
अनपढ़,7
समावेश,48
अशिक्षा,27
सुभद्रा,81
सेव,158
जंगलराज,70
राष्ट्रीयकृत,173
लड़ना,181
संघर्षरत,14
रुकवाने,158
करवाचौथ,103
तरंग,27
ग्लास,158
गैलन,160
उर्वरकों,22
अनिमेष,195
अभिन्न,158
नवरात्रों,103
गण्यमान्य,48
महारैली,106
कनेक्टिविटी,142
शमशान,3
बिरजू,77
लावारिश,3
धीमा,15
भूसे,149
पुनर्विचार,115
शवगृह,3
धरनास्थल,79
आंनद,27
जांचा,73
पोलिथिन,167
संघों,49
ग्रह,199
वयोवृद्ध,92
चिकित्सालयों,157
पराग,168
कौड़ी,158
छलावा,158
झोपड़ियों,34
दूतावास,158
विशेश्वर,77
झुग्गियों,34
अधिग्रहित,165
निलेश,195
प्रतीक्षालय,53
नौंवी,20
पड़ना,109
रघु,195
भूतल,34
किसानो,158
फांक,158
सुहाना,15
प्राविधिक,115
असहायों,7
लोचन,77
प्रशंसनीय,122
बिगड़े,72
उत्पादित,115
खुलता,16
पहचानने,73
कसते,8
बगिया,168
अंडे,158
उद्यम,90
उलझी,121
बिचौलिए,90
विधा,154
मलय,158
खानापूरी,158
रोकते,158
निकालेंगे,129
चौपारण,158
उजाला,192
फिसड्डी,158
नीला,56
षडयंत्र,158
कांधला,175
प्रखर,15
हाजरी,176
भावनाएं,110
बिचौलिया,90
गायकी,66
दुनियां,27
पिया,161
गोलीकांड,158
जायरीन,58
स्ट्रोक,158
कुव्यवस्था,158
मंसूबे,14
फिजा,158
वारिसों,165
दवाईयां,83
लोकनृत्य,158
शतक,89
पछुआ,75
बिताने,18
इंस्पेक्टरों,62
फांस,82
मुजाहिद,46
नागवार,67
समीक्षात्मक,115
विचरण,18
सम्मुख,158
सालभर,125
सूने,34
मनवाया,158
पदार्थों,93
श्मशानघाट,3
मुर्दाबाद,59
बदलेगी,171
क्षत,150
इस्लामिक,137
शांतिभंग,158
बढ़ाएं,57
वायुसेना,155
भात,149
पढ़ाना,88
बीचोबीच,13
बिखरी,158
धरी,5
तरबूज,39
ढलाई,159
वगैरह,48
हारने,141
निपट,121
बाकि,48
भक्तजनों,18
कमाया,189
प्रतिभाशाली,92
उलझे,121
दुकाने,90
खंडित,196
वरन,198
जवाबदेह,0
फ्रेंचाइजी,105
पर्चियां,154
चौपहिया,147
ऑडिशन,158
बरतनी,148
बीन,43
घपले,104
गलतियों,163
नैनो,115
दलीय,70
राखियां,158
आयेंगे,26
पुरूषों,186
नम्रता,27
शिकारियों,51
खिड़कियों,111
सभ्य,27
अंपायर,89
पसार,50
पालतू,51
लकड़ी,158
बच्चियां,186
आयेगी,26
चीखने,158
नवगठित,49
अमानवीय,98
लहजे,158
खुलेगी,16
नमाजियों,58
सुलझ,121
बहुमूल्य,15
महामहिम,194
आवश्यकतानुसार,48
गिरती,84
अंतरराज्यीय,53
उपसचिव,49
टेबिल,135
खात्मे,196
दौराला,175
दर्जकर,73
अनसुना,145
भक्तजन,18
अधिकारिता,158
गौरवशाली,27
बहुओं,151
भरवाया,158
खेलकर,2
उड़ाते,69
कार्यमुक्त,47
ग्रीष्मकालीन,105
धन्य,27
चहुंओर,158
छतरी,158
पड़ने,109
तथाकथित,158
शास्त्रों,132
टुकड़ों,158
प्रियांशु,81
मुख्यअतिथि,106
मंत्रणा,106
भीग,124
पंचर,147
तेजस्वी,15
नौवें,55
परिदृश्य,158
कैंब्रिज,17
बताएगा,26
दाहिने,101
विक्रमादित्य,77
वस्तुस्थिति,158
दगा,27
देवगम,158
बंटे,25
काठगढ़,175
गिराकर,84
नगराधीश,156
व्यवस्थापकों,115
झुलसने,150
पुंज,192
संवेदकों,115
घटते,57
लेजर,115
नथुनी,107
किश्तों,177
खेमका,77
शिकारी,51
सरपरस्त,158
विक्षत,150
आसीन,135
हवस,98
भगाया,166
एप्लीकेशन,142
ताल्लुक,48
ट्रेक,152
दीपों,192
मालवाहक,152
शायरी,154
रसोईया,179
किसका,158
बारूद,133
म्यूजियम,158
उठायी,54
दंडाधिकारियों,62
परख,73
मनोहारी,15
सारिणी,115
खोदे,63
पहिये,147
पोती,151
अपशब्द,29
अंशिका,81
वनवासी,137
तरैया,175
रैबीज,144
माखन,158
सजने,41
प्रतियोगियों,105
प्रस्तावक,115
गुरुद्वारों,58
मुख,158
शिष्यों,191
दमदार,15
ढीले,8
डिफाल्टर,177
बोतलों,152
विपक्षियों,70
विश्लेषण,115
अनुशासनात्मक,115
हड्डियों,101
दशमी,103
मुखाग्नि,3
माँग,197
चित्रा,81
रेलमार्ग,152
निषेधाज्ञा,115
हंसते,158
दीनबंधु,77
एकलव्य,158
बचकर,129
खोजी,73
खीरा,39
बकरे,61
बहकर,190
श्वेत,56
मेहरबानी,27
गालीगलौज,29
गोले,5
धुलाई,158
अमानत,27
शराफत,27
ताड़ी,76
गंाव,175
अराजकतत्वों,158
वाद्य,43
मंदबुद्धि,7
हतप्रभ,162
वीरान,34
पड़ीं,109
थामा,101
बिछाकर,135
नमकीन,161
जाँच,73
सिंथेटिक,93
विज्ञानी,115
खजांची,158
लकड़ियों,158
बेपटरी,152
फटा,158
ईश्वरी,1
नवनिर्माण,34
तोला,107
विफलता,14
कूड़ादान,167
गिनाई,158
हिफाजत,27
अयोग्य,0
माध्यमों,153
छलक,123
ढहने,158
वितरक,90
वास्ता,48
कुनाल,195
समाजशास्त्र,27
छप्पन,100
अभिवादन,122
गरज,158
गुजराती,91
बोगियों,152
सबूतों,178
बजाते,43
नहाते,190
पिचकारी,158
लग्न,199
प्रकल्प,115
मांगलिक,27
भूदेव,77
रणजी,105
सिंधु,169
पाश्चात्य,27
छेड़ने,181
गर्मजोशी,122
मैदानों,119
फीका,56
मकबूल,46
प्राणों,132
विलीन,158
लगकर,53
कुर्क,165
गीतकार,66
थान,158
क्वार्सी,175
प्रतिलिपि,178
मटका,158
लाइनमैनों,180
अप्रशिक्षित,17
योजनाकार,158
दौड़ी,164
जुड़ाव,40
जहाँ,158
मुहाने,169
मल्लाह,77
सटाकर,133
मुमकिन,85
चिमनी,159
नहरें,63
नरक,27
गोलबंद,158
खड्डा,175
ताप,75
ढुलमुल,110
एकीकृत,115
मालाकार,77
कसे,8
पोस्टरों,154
अन्नदाता,7
पीटीआई,153
रेलपार,53
भागना,158
धकेल,158
अभिलाषा,143
खुशखबरी,27
बेकसूर,0
दीया,138
कोषाधिकारी,62
इच्छाशक्ति,33
छुड़ाया,74
अभूतपूर्व,15
मादा,158
टेप,158
असुरक्षा,110
बेशकीमती,15
सेनानायक,155
जलेबी,161
सेटेलाइट,142
सिवा,158
लहसुन,39
दर्रे,119
उपजे,110
दुकानदारी,90
सीना,101
मंदाकिनी,169
थिरके,174
इमामबाड़ा,58
खाबड़,119
शर्मिला,158
छीने,86
परास्त,141
तपा,75
चटकाए,89
जिलास्तर,158
रूकने,28
सत्यता,73
कूदने,164
बचेगा,26
शक्तिशाली,15
कोख,131
पटाक्षेप,196
सेनापति,155
जलता,138
वाहक,53
बीचोंबीच,13
सर्कस,158
लांग,158
झपटमार,78
अपहरणकर्ताओं,30
कशिश,15
सलामती,27
सातवां,55
खिलाई,161
अपहर्ताओं,30
पकाने,161
पस्त,33
कछुआ,93
आयशा,158
नियति,27
बैनीवाल,77
मरणासन्न,150
मुंहतोड़,139
तहस,196
खाती,85
युवजन,49
मनाही,115
चिल्ला,158
हुर्रियत,118
सारथी,158
इंद्रधनुष,192
बटेश्वर,1
बोलना,158
स्वप्न,143
जुए,2
ग्रंथों,154
मधुमक्खी,158
बोरों,149
पीतांबर,77
रुदौली,175
सट्टे,2
शहद,158
कथनी,158
जुबानी,158
झपटमारी,78
करनेवालों,85
अध्यात्मिक,191
थकान,27
मंगवाई,38
पक्षधर,158
शूट,142
सरंक्षण,115
छायादार,187
कालिका,1
सुलेख,158
वस्त्रों,6
लगेंगी,52
बाइस,120
लगान,177
जालसाज,78
रेस्तरां,90
संबंधियों,48
दलीलें,178
रहनेवाले,85
जोड़ते,40
खादों,22
मारना,166
अंकपत्र,193
हस्तियों,188
मुशायरे,106
सीवेज,63
मध्यान्ह,11
निकलें,129
कार्यस्थल,158
अनूठा,15
झकझोर,102
झड़ी,158
दिव्यांगों,7
न्यायधीश,185
मनवाने,158
किरकिरी,158
हिला,102
चुटकी,158
ओलंपियाड,105
यामीन,46
लहरी,158
ताश,2
उड़ती,69
सरस,15
छात्रनेता,17
मरम्मती,115
गेटमैन,53
तबला,43
संपादित,154
गड़गड़ाहट,158
चैनलों,153
उगी,158
पूछी,139
अप्रत्यक्ष,158
बक्शा,158
कुशलता,158
आयुवर्ग,158
अंत्यपरीक्षण,158
डब्ल्यू,158
कर्मो,27
बेपरवाह,110
कास्य,105
हसीन,15
चमकाने,158
उजड़,34
अत्याधिक,21
कर्मठ,70
झोपड़ियां,34
डाट,158
कटघरे,135
चलाएगा,182
प्रजनन,131
साठगांठ,158
लेखकों,188
आइना,130
निपटाया,121
दबने,102
धारणा,158
अस्वस्थ,27
चुनकर,5
मंगाकर,38
मारूति,147
परखने,73
सकरा,175
धरोहरों,27
सुखा,169
होम्योपैथी,83
नरम,75
लल्ला,77
रंगकर्मी,112
गृहणी,158
बदलती,171
रुकवाया,158
छोड़ते,74
कुचलने,102
अनबन,29
पुत्रियां,151
बंसीलाल,77
कोयलांचल,35
सोचते,85
जागे,24
हत्याओं,0
लेंटर,158
नन्हीं,158
अखाड़ों,23
रक्तदाताओं,7
उठाता,54
चेत,77
वाचन,158
वायदों,36
स्वास्थ्यकर्मी,157
निभानी,37
जननायक,70
जुबां,158
प्रतियां,154
परमार्थ,27
बारीकियां,19
माचिस,113
काजू,39
सर्वदलीय,106
भोली,158
शहनाई,43
पनकी,175
कांटी,175
अवसरों,158
सिक्कों,107
त्रुटियों,163
भूले,158
तम्बाकू,113
सम्बंधित,48
शासित,13
नायाब,15
वशिष्ट,77
ब्रह्मचारी,77
पड़ती,109
कामधेनु,61
फार्मेसिस्ट,157
कातिल,0
शीशी,158
गुब्बारे,69
छंटनी,158
टयूबवेल,160
नीर,169
नाचने,174
खाएं,161
सप्तमी,103
तारे,192
तीव्रता,15
गहराने,110
पोस्टमास्टर,173
निरक्षर,7
जिन्दगी,27
मच्छरदानी,144
लटकते,82
लौटाया,71
घपला,104
दालों,149
परिधानों,6
खरपतवार,22
मुनाफे,189
धोती,6
मुग्ध,162
मालामाल,189
बुलावा,38
जुटेंगे,26
पीक,158
अनौपचारिक,158
बदलता,171
अकादमिक,17
कतारबद्ध,135
कैंची,133
इंतकाल,158
नजरिया,110
मुख्तयार,156
कपडे़,6
चमेली,168
ठप्प,196
झपटी,86
दामिनी,98
नोंक,133
टोका,158
वन्यजीव,51
महती,37
छोड़ने,74
प्रागंण,34
मुकीम,46
छेद,111
सुंडी,158
गोरक्षा,61
शंख,43
राष्ट्रगान,66
कस्तूरी,51
बमबम,195
ढर्रे,158
औरत,186
झरना,169
रौब,130
कार्यक्षेत्र,158
वेल,158
जायेंगी,52
पुश्तैनी,34
अलगाववादी,118
अधीक्षकों,62
निर्णयों,115
फोटोग्राफर,142
कसम,161
फेहरिस्त,158
थिरकते,174
अधमरा,166
चेस,158
वली,46
अल्का,81
कम्यूनिकेशन,142
कछला,175
लगवाकर,176
कीजिए,26
पटवार,62
दरवाजों,111
संकोच,158
पैंतीस,120
जनेश्वर,77
मृदुला,81
फहराने,32
आइए,26
काश्तकार,165
चलंत,53
बजरिया,172
रुद्राभिषेक,132
वेदांत,27
खोदी,63
ऐतराज,126
रहूंगा,85
भावपूर्ण,122
शान्ति,97
स्टाम्प,158
निराशाजनक,14
स्मारिका,154
हिरन,51
रिफंड,177
प्राणियों,93
पत्थरबाजी,29
अधिकता,158
आटे,149
मंडलाध्यक्ष,49
चुराई,78
बाड़े,158
अनभिज्ञ,85
हजारा,158
मिश्री,161
सुनहरा,27
ब्रह्मदेव,1
बरकत,27
भड़की,29
अकीदतमंदों,58
मसाले,158
सोचकर,162
सत्यार्थी,77
तुम्हें,87
उत्सुक,143
उजाड़,34
दुश्मनों,48
सुबेदार,155
जनसमूह,123
दिलावर,46
सगाई,158
आरम्भ,196
ठूंस,5
गाजर,39
ताजपोशी,158
टिन,152
ढाल,158
गुलामी,158
उचक्के,78
हथकंडे,68
खोखले,158
जागा,24
फैलते,50
जिमखाना,158
तुलाराम,156
बनेंगी,26
प्रसंस्करण,115
क्रियाओं,115
हटाये,127
लालसा,143
पीढि़यों,125
टैबलेट,142
नेटवर्किंग,142
कसौटी,8
अधिसूचित,115
लकड़ा,77
अपहरणकर्ता,30
राजमिस्त्री,9
सुंदरकांड,158
बैलगाड़ी,53
आदिम,137
छूटी,74
अढ़ाई,100
सूजन,144
भांजा,151
चश्मे,192
सूनी,34
रसायनिक,93
करवाता,108
छपने,153
स्वर्णिम,27
दर्पण,158
बचाते,158
बर्ताव,158
ईसा,125
वर्धन,27
बल्लेबाजों,89
पेंशनधारियों,7
पिलाना,161
गरजे,158
देशद्रोह,185
बाजा,43
टकटकी,192
देवरानी,12
तलहटी,119
फरमाया,158
लड़ने,158
रूपों,48
चहलकदमी,18
अशोका,158
सीढि़यां,94
रिजेक्ट,158
खुलती,16
कातिलाना,158
काबीना,194
सर्वधर्म,97
जनसेवक,70
टेक्नोलाजी,115
विद्यापति,154
परिप्रेक्ष्य,110
यांत्रिक,115
चित्रण,15
कॉरपोरेट,173
वेदों,132
वाम,70
सर्वांगीण,27
टीजीटी,17
शुष्क,158
निर्यातकों,90
सेहरा,45
सैद्धांतिक,115
चिंहित,158
निर्यातक,90
देखती,85
चिता,3
कसाना,156
पंचमुखी,1
कारनामे,158
अपर्णा,81
गरुड़,164
ताकीद,148
पतली,158
मेहनताना,189
उम्मीदवारी,117
मंगाने,38
खात्मा,196
आलिया,158
परोपकार,7
टुकड़ा,158
सजाकर,41
