word,cluster
में,94
लिए,80
किया,72
गया,72
हैं,67
नहीं,135
सिंह,132
पुलिस,165
दिया,72
करने,80
कहा,72
रहे,67
बाद,41
करें,88
साथ,130
रहा,72
रही,152
बताया,72
हुए,67
लोगों,169
उन्होंने,139
होने,122
गांव,158
लेकर,80
जिला,45
इसके,15
एवं,7
क्षेत्र,53
द्वारा,85
हुई,152
लेकिन,15
लिया,72
सरकार,48
अपने,94
विभाग,184
मोबाइल,93
वाले,94
दौरान,41
आदि,29
सभी,7
मौके,57
फोटो,191
देखने,80
जागरण,38
जाने,111
दिन,41
नगर,45
तथा,7
जाएं,88
निवासी,174
लोग,67
बैठक,166
शुरू,41
कोई,135
हुआ,72
ताजा,160
करते,67
खबरें,123
समय,41
जाएगा,144
तीन,59
मामले,153
रुपये,18
कारण,122
पहले,41
थाना,174
पूर्व,41
विकास,131
संवाददाता,190
अन्य,7
जानकारी,29
कुछ,135
दर्ज,153
शर्मा,143
जांच,153
अध्यक्ष,28
स्कूल,49
यहां,8
अधिकारी,184
किसी,94
उनके,94
कार्य,131
पास,115
स्थित,107
कार्यक्रम,20
अस्पताल,185
वहीं,15
पंचायत,22
बात,26
पानी,77
किए,111
मांग,197
बच्चों,87
खिलाफ,1
बार,8
रूप,85
बजे,58
काम,80
उन्हें,139
कार्रवाई,151
तरह,39
देने,80
प्रदेश,107
महिला,120
उसे,135
वर्ष,41
मौजूद,67
अपनी,39
उसके,135
शहर,44
चुनाव,181
हजार,18
सूचना,29
दोनों,130
केंद्र,190
निर्माण,131
सहित,7
टीम,98
देवी,90
घटना,160
सड़क,199
विद्यालय,175
मुख्य,102
शिक्षा,49
चार,59
बीच,130
प्रशासन,184
बिजली,66
रात,58
शामिल,85
जिले,45
होगा,144
कार्यालय,184
संवाद,114
इससे,15
मौत,177
उपस्थित,20
करीब,59
लाख,18
सुबह,58
दिए,111
नाम,72
पांच,59
अधिकारियों,184
कराया,9
जाएगी,51
आयोजित,20
राम,34
कहना,133
जारी,92
इसी,15
निर्देश,151
काफी,94
करना,133
प्रधान,28
जाता,72
प्रखंड,3
जबकि,15
व्यवस्था,48
आने,46
प्रसाद,143
घायल,177
आरोप,60
किसानों,158
योजना,190
तहत,193
लगा,82
आयोजन,20
वाली,39
अवसर,20
सोमवार,58
संख्या,79
अधिक,94
शिकायत,151
ग्रामीणों,158
उनकी,39
बंद,149
इसमें,15
राज्य,107
समिति,190
परीक्षा,109
अलावा,15
अभियान,1
मामला,155
ऐसे,94
अनुसार,193
चाहिए,133
युवक,120
मंदिर,138
पहुंचे,46
सचिव,28
ग्राम,158
रोड,167
पत्र,56
पुत्र,23
मंगलवार,58
उसकी,39
जहां,15
होगी,51
शनिवार,58
मिल,30
कराने,9
पूरी,39
बुधवार,58
शुक्रवार,58
छात्र,49
पार्टी,159
विभिन्न,7
रविवार,58
फिर,135
मंत्री,28
शाम,58
साल,41
अभी,135
आरोपी,136
गयी,4
जाए,88
स्वास्थ्य,128
जिसमें,15
वहां,46
गिरफ्तार,136
स्थानीय,102
निगम,66
विधायक,28
प्रभारी,28
समेत,7
बनाने,80
माह,41
लाल,50
श्री,34
परिवार,17
दिनों,41
प्रदर्शन,85
इसकी,39
प्रयास,70
सरकारी,175
सामने,115
ग्रामीण,53
जिससे,15
सदस्य,190
बैंक,190
समाज,38
सुरक्षा,121
वाहन,179
समस्या,172
किसान,158
पूरा,135
देश,94
बारे,29
चलते,122
लगाया,82
हत्या,136
रहने,183
मिलने,30
बाहर,115
बाजार,76
सहयोगी,190
स्थिति,162
दूसरे,94
लगे,67
पदाधिकारी,28
चोरी,137
शिक्षक,49
प्रतियोगिता,113
भाग,7
मार्ग,199
मुख्यमंत्री,28
स्थान,102
प्रतिनिधि,190
सफाई,71
सकता,72
छात्रों,49
मंडल,190
मिली,30
होती,148
कर्मचारियों,192
आदेश,151
पहुंच,46
पिछले,41
लेने,80
होता,148
विरोध,1
नेता,159
प्राप्त,85
जगह,125
तैयार,80
सेवा,190
उनका,135
परिजनों,177
अपना,135
देर,58
जनता,159
चालक,179
प्रति,189
मिला,30
गंभीर,160
संबंध,29
संघ,190
अलग,94
जमीन,125
भवन,118
अध्यक्षता,28
जाती,148
वालों,80
उक्त,29
कर्मचारी,184
जल्द,135
प्रकाश,126
राष्ट्रीय,102
गुरुवार,58
बना,72
जाम,199
करेंगे,144
विशेष,29
स्तर,102
स्टेशन,95
व्यक्ति,182
लगी,152
महिलाओं,120
थाने,45
होकर,115
कमेटी,28
गये,111
राय,143
उसने,139
परिसर,118
देते,67
देकर,30
संबंधित,29
तरफ,115
पूरे,94
समारोह,20
उपलब्ध,9
प्रथम,102
सात,59
शिविर,20
शिक्षकों,192
भारत,107
सभा,166
बच्चे,87
लगभग,59
इसका,15
आगे,79
विजय,81
राशि,83
भर्ती,97
अशोक,81
दूर,122
वर्ग,53
परिषद,190
दिवस,57
मां,17
लाइन,95
होते,67
मारपीट,75
घंटे,59
पंजाब,73
प्रमुख,102
पिता,17
रखा,72
छात्राओं,49
पहुंची,152
आया,72
उसका,135
अवैध,60
इसे,135
दुकान,76
अगर,88
पता,180
इलाज,185
जमा,83
जिस,15
कोतवाली,45
आधार,193
विद्यार्थियों,49
जेल,136
नजर,115
मतदान,181
ज्यादा,94
लगाने,82
जिलाधिकारी,124
खेल,98
यदि,88
कर्मियों,192
दोपहर,58
सबसे,94
बोर्ड,109
चौक,167
भाई,65
प्रशिक्षण,156
शराब,61
ट्रक,179
सवार,179
बावजूद,15
पूजा,198
सदर,45
जाते,67
डीएम,124
करोड़,18
हालत,162
गांवों,44
निरीक्षण,131
आरोपियों,136
हालांकि,15
युवा,120
चुकी,152
सदस्यों,169
वाहनों,179
सके,88
कार,179
बरामद,25
विद्युत,66
पड़ा,133
भारी,122
भेज,46
अनिल,81
बड़ी,39
चुके,67
जिसके,15
जीवन,38
नेतृत्व,1
चला,72
सहयोग,131
मनोज,81
भारतीय,102
वापस,46
बनाया,72
मार्च,127
वितरण,131
कुमारी,90
परेशानी,172
करके,9
कंपनी,21
प्राथमिक,175
प्रकार,7
कार्यकर्ताओं,169
कही,4
कराई,9
वजह,15
कृषि,21
पति,17
ध्यान,24
कोर्ट,196
संगठन,190
होना,133
जाएंगे,144
दूसरी,39
संबोधित,20
आपूर्ति,66
ताकि,88
लाभ,2
माध्यम,85
निर्णय,24
हाथ,40
बढ़,79
मुताबिक,153
बारिश,5
मिले,30
होंगे,144
सामान,96
विवाद,155
पाया,72
ऐसा,135
वाला,80
राज,143
सकते,67
संचालन,131
बिना,111
अजय,81
आंदोलन,1
जाना,72
वरिष्ठ,182
विधानसभा,166
देख,115
कुल,7
हाल,8
आवेदन,56
बने,67
भेजा,72
देखते,67
रखने,92
मंडी,73
तेज,5
चुका,72
मुकदमा,136
धरना,36
जिलाध्यक्ष,28
भूमि,84
ठाकुर,143
अदालत,196
पत्नी,17
इसलिए,15
बनी,4
रैली,64
जैसे,15
प्रतिशत,18
कहीं,135
भीड़,64
सूत्र,106
फरार,136
क्या,180
सूची,193
परेशान,146
तैनात,97
साफ,135
तहसील,45
बनाए,92
अंदर,115
शासन,48
सुविधा,2
गाव,158
भगवान,138
दर्जन,59
बाबा,12
लगातार,79
उधर,115
पक्ष,24
समस्याओं,172
अतिथि,20
क्षेत्रों,44
अभियंता,184
मुख्यालय,190
फसल,173
मुखिया,28
करता,148
यात्रा,46
निदेशक,184
आवास,53
चर्चा,168
शादी,171
सहायक,184
थानाध्यक्ष,124
उपाध्यक्ष,28
वर्षीय,17
सांसद,166
निजी,175
आसपास,44
सकती,148
दास,143
जान,180
प्रत्याशी,181
तैयारी,109
ब्लाक,45
बाल,87
सिविल,52
भुगतान,83
पीड़ित,185
पहचान,191
खराब,162
सेक्टर,52
पूछताछ,153
सम्मानित,89
जनवरी,127
अधीक्षक,184
ज्ञापन,197
प्रवेश,85
स्थल,138
प्रबंधक,35
प्रक्रिया,193
विचार,24
उच्च,102
कभी,135
बड़े,94
पीछे,115
लगाए,82
कमी,172
इलाके,44
जाकर,46
जमकर,75
आश्वासन,197
वेतन,83
जून,127
सप्ताह,41
तहरीर,153
यही,15
रेल,95
हासिल,30
बताते,67
विश्वविद्यालय,49
यूनियन,52
केवल,15
मदद,80
उत्तर,107
मैदान,98
खंड,193
मौसम,5
मरीजों,185
मगर,15
स्वागत,20
मकान,187
रोक,145
निर्धारित,193
खुद,135
बेहतर,2
नदी,110
पुल,199
अंतिम,41
ठीक,135
पेश,85
लगाई,82
खर्च,83
सड़कों,199
सिर्फ,15
लूट,137
बहुत,94
जरूरत,2
कार्यकर्ता,182
प्रभावित,122
बेटी,17
कर्मी,184
राजीव,81
द्वितीय,102
गाड़ी,179
दें,88
नेताओं,169
घरों,44
उपचार,128
महतो,34
केन्द्र,190
समीप,167
सही,2
उपायुक्त,184
मार,75
जनपद,45
तौर,94
योजनाओं,131
हादसे,177
उर्फ,23
विद्यालयों,49
लगाकर,82
यात्रियों,95
अंतर्गत,193
फरवरी,127
संयुक्त,102
चेयरमैन,28
हड़ताल,36
पार्षद,22
लगने,82
संस्था,190
गेहूं,173
मृतक,177
देखा,72
दीपक,81
रहता,148
उद्घाटन,20
कल्याण,190
राहत,178
संतोष,81
प्रदीप,81
घोषित,72
प्रस्ताव,24
सफल,70
नामांकन,181
पाल,143
आयोग,190
लोक,38
पेयजल,66
मीटर,18
जुलाई,127
पहली,140
प्रबंधन,131
कक्षा,156
न्यायालय,196
प्रदान,85
रहते,67
बदमाशों,137
गंगा,110
धान,173
सीमा,193
करवाया,9
सामना,172
दिसंबर,127
इधर,115
मांगों,36
महासचिव,28
अतिक्रमण,145
जीत,113
स्थानों,44
पदाधिकारियों,22
तलाश,25
टक्कर,75
नुकसान,122
माता,87
अज्ञात,177
लागू,193
जरूरी,2
मंच,20
राजकीय,175
बीडीओ,124
युवकों,120
दिशा,54
अतिरिक्त,7
शीघ्र,151
दिवसीय,20
उसी,135
पार्क,167
प्रेम,195
रास्ते,199
चलने,80
प्रत्येक,7
ऐसी,39
संस्थान,190
विरुद्ध,1
घोषणा,197
पड़े,133
सुभाष,143
प्राथमिकी,153
बल्कि,15
चौकी,167
चंद,143
चंद्र,143
कब्जे,25
मनाया,57
केंद्रीय,102
तभी,135
कहते,67
रखे,111
गोली,75
बयान,168
जवाब,168
प्रयोग,85
युवाओं,120
गर्मी,5
पड़ी,152
रखी,4
सामाजिक,38
आनंद,81
चयन,193
लक्ष्य,54
किशोर,143
नीचे,115
आते,67
सरपंच,22
गुरु,12
केंद्रों,44
महीने,41
प्राचार्य,49
लापरवाही,112
कोशिश,70
तीनों,7
बजट,166
पड़ता,133
क्योंकि,15
प्रधानमंत्री,166
किनारे,110
चोरों,137
पेंशन,83
युवती,120
समाधान,155
पहुंचने,46
समाप्त,41
पालिका,22
श्रद्धालुओं,157
तमाम,94
प्रस्तुत,85
कदम,47
बनने,80
संजीव,81
सवाल,168
खरीद,76
वोट,181
चिकित्सक,128
शाखा,190
गैस,173
अचानक,115
करती,148
इनमें,15
जिसे,15
चले,46
पवन,100
नवंबर,127
जागरूक,146
करवाने,9
व्यक्त,26
छोटे,94
हिस्सा,161
मतदाता,181
देना,133
सुधार,131
विभागीय,184
विषय,29
संघर्ष,1
दुर्घटना,160
चेतावनी,145
मध्य,107
रहती,148
बता,180
अगस्त,127
सम्मेलन,20
आयुक्त,184
गिरफ्तारी,136
संपन्न,85
मेला,157
अक्टूबर,127
किये,111
दुकानों,76
थीं,152
हजारों,169
यातायात,199
प्रताप,23
छोड़,16
साइकिल,179
काबू,25
तालाब,77
खाली,91
खेत,116
समीक्षा,151
लिये,80
संबंधी,29
मेले,157
मोटरसाइकिल,179
सैकड़ों,169
शांति,195
पूर्ण,85
कड़ी,151
गायब,161
हंगामा,42
समक्ष,151
मात्र,7
आकर,115
उससे,135
अधिकार,121
परिजन,177
आलम,37
स्वामी,34
हमला,165
दिखाई,148
बड़ा,94
कब्जा,92
कानून,48
लेते,67
दर्जनों,169
चिकित्सा,128
दवा,185
चलाया,72
बनाकर,31
संपर्क,85
बीते,8
गठन,190
चपेट,177
रोजगार,53
महाविद्यालय,175
सौंपा,154
माध्यमिक,175
भविष्य,0
विज्ञान,38
तत्काल,151
सम्मान,89
सत्र,166
दुष्कर्म,13
चरण,41
हेतु,85
निरीक्षक,184
जिन,139
क्रम,54
फैसला,24
समर्थन,24
आर्थिक,38
रुपए,18
परियोजना,190
अवगत,151
साढ़े,59
पुरस्कार,89
चिकित्सकों,128
लाखों,169
बैठे,31
डेढ़,59
एक्सप्रेस,95
रोकने,80
बस्ती,125
सामान्य,54
भूमिका,141
पंकज,81
सैनी,132
मजदूर,158
खड़े,115
वर्षो,41
स्थापित,85
पाई,4
राजकुमार,23
दर्शन,12
निज,195
शुभारंभ,20
राजस्व,19
निकाली,4
मिलकर,130
माहौल,142
दूसरा,102
बेटे,17
वर्तमान,7
योग,12
उम्मीद,134
स्थापना,190
साहिब,73
फीसद,18
बनाई,4
पढ़ाई,49
डिग्री,156
विश्व,102
एसडीओ,66
जिम्मेदारी,164
रहेगा,144
सफलता,70
आवश्यक,2
करेगी,51
सितंबर,127
परिणाम,54
भगत,34
सहायता,85
पहुंचकर,46
गंदगी,71
मजदूरों,21
स्वयं,7
धर्म,108
मनरेगा,158
पर्व,57
संत,12
रवाना,46
इंतजार,8
राशन,173
आधा,59
रोष,26
तरीके,2
सुनवाई,196
बातचीत,130
गलत,60
झारखंड,3
खिलाड़ियों,98
मालिक,35
मामलों,29
हमारे,94
घायलों,177
प्रमाण,56
लाने,80
बिल,166
जख्मी,177
चोर,137
प्रशासनिक,184
धमकी,197
ट्रैक्टर,179
महिलाएं,120
क्षेत्रीय,102
क्रिकेट,98
फिलहाल,15
गरीब,104
खत्म,145
प्रधानाचार्य,11
लौट,46
पंचायतों,22
अधिवक्ता,196
उपभोक्ताओं,66
यात्री,95
दुकानदारों,76
इनके,94
तोड़,43
पटना,3
दैनिक,101
निकट,167
पहल,70
मरम्मत,199
जायेगा,144
मोर्चा,159
अरुण,81
उसमें,15
विद्यार्थी,49
होली,57
हमें,135
आगामी,41
रवि,81
पक्षों,130
तार,43
इलाहाबाद,107
दाखिल,153
मिलेगा,144
जाति,108
डाला,72
भ्रष्टाचार,60
प्रचार,131
बचाने,80
मिलते,67
निकाला,72
करनी,133
साबित,70
पाए,111
पकड़,16
तृतीय,102
उठाया,47
पुत्री,17
ऊपर,115
हिरासत,136
स्तरीय,102
सजा,136
मरीज,185
जुड़े,29
वक्त,8
कमरे,187
पशु,10
असर,122
पर्यावरण,84
व्यापारियों,76
नया,135
दौड़,16
नियुक्ति,97
अंजाम,8
घाट,138
रंग,50
खबर,160
इतना,135
ताला,149
पहला,102
चली,152
व्यापारी,76
तहसीलदार,124
जागरूकता,189
पाने,30
अभाव,122
उनसे,139
विभागों,184
संचालित,85
देखकर,135
परंतु,15
निर्वाचन,181
खेती,158
देंगे,144
कस्बे,45
सूत्रों,29
अंक,176
शुल्क,83
जयंती,57
उठा,47
ज्ञान,195
आह्वान,1
टिकट,187
पटेल,143
पैसे,83
नारेबाजी,36
पेड़,116
वसूली,83
लगाते,82
चलाने,80
पार,110
रात्रि,58
नौकरी,97
शहीद,89
कराए,9
जुलूस,64
निकल,46
नहर,77
दिलाने,30
करे,88
रानी,90
चालकों,179
बढ़ाने,79
मुक्त,85
संयोजक,28
तिथि,193
शौचालय,77
अगले,41
सांस्कृतिक,38
भोजन,78
संभव,2
राजनीतिक,38
खाद्य,129
कला,38
जिसकी,39
कैसे,180
संरक्षण,84
पंडित,34
बीमारी,185
खड़ा,16
वार्ता,151
नियमित,193
फर्जी,56
उद्देश्य,85
खड़ी,16
करेगा,144
आगरा,45
बदमाश,137
बरसात,5
खुशी,178
मशीन,93
दुकानदार,76
शिकार,13
दिये,111
महत्वपूर्ण,29
जोर,75
मैं,135
ठंड,5
तीसरे,140
कीमत,173
वितरित,85
कथा,101
मतदाताओं,181
तुरंत,145
खास,94
पालन,85
रहेगी,51
मुश्किल,133
जिसका,15
मिनट,59
धारा,110
शुरुआत,41
किलो,18
पैसा,83
बूथ,181
पैदा,122
सिंचाई,66
विजेता,113
जन्म,41
दावा,24
लड़की,120
जिलों,44
मजबूर,70
छापेमारी,25
आशा,134
करवा,9
प्रत्याशियों,181
इलाकों,44
खेतों,116
मौका,30
बढ़ा,79
मिट्टी,33
विशाल,62
हटाने,80
अरविंद,81
मानव,84
रहीं,152
भरा,91
रांची,3
संदेश,54
बालिका,175
निकाल,161
बचाव,80
लोकसभा,166
बधाई,89
नाथ,143
विस्तार,131
पुरानी,39
सिर,40
ठेकेदार,35
आर्य,143
उपाध्याय,143
उचित,2
बसों,95
होटल,187
बातें,32
वैसे,15
क्यों,180
व्यापार,19
कटौती,83
सेना,165
दबाव,122
नशे,61
परिवहन,199
मार्केट,76
जब्त,25
अफसरों,184
आशंका,26
उत्पादन,21
अपराध,13
पाठक,101
पुराने,94
समापन,20
मान,24
उद्योग,21
हालात,162
संकट,172
जताया,26
योगदान,89
पीने,61
सुशील,81
नियमों,48
प्रबंध,35
मारने,75
दहेज,171
उनको,139
बिक्री,76
बाढ़,110
परिवारों,169
रोडवेज,95
सख्त,186
महामंत्री,28
लागत,83
संदिग्ध,165
गली,167
अध्यापक,49
बहादुर,23
लाया,72
पकड़े,16
सामग्री,29
विधान,166
रहेंगे,144
अधिकांश,94
रोग,185
जताई,26
अर्चना,198
तापमान,5
प्रतिदिन,58
संभावना,122
अपहरण,13
स्वच्छता,131
महाराज,34
आरक्षण,108
करवाई,9
विनय,81
मुआवजा,83
शहरी,53
संकल्प,24
निकले,46
पूजन,198
स्पष्ट,24
इस्तेमाल,80
खाते,78
मोहल्ला,103
लिखा,72
मुहैया,9
गीत,68
कार्यरत,97
खनन,33
बहन,17
खाद,173
गंभीरता,189
मांगी,197
हमेशा,135
न्याय,121
मोड़,16
जूनियर,113
गौरव,89
माल,76
मिलेगी,51
गठित,190
किशोरी,90
गणेश,34
माना,72
सुरक्षित,2
तत्वावधान,190
ज्योति,63
शरीर,105
नीरज,81
शांत,142
किलोमीटर,199
मनीष,81
अपराधियों,13
पिटाई,75
धार्मिक,38
आदर्श,62
रास्ता,199
मुकाबले,113
बाबू,143
नवीन,93
उमेश,81
याद,8
अभिभावकों,87
बढ़ने,79
मजबूत,2
सिपाही,165
छानबीन,153
मजिस्ट्रेट,196
मीडिया,169
कश्मीर,107
सौंप,154
महेंद्र,23
निस्तारण,151
चारों,7
घटनाओं,123
आबादी,53
कक्ष,118
दोषी,13
कन्या,175
ब्यूरो,52
होनी,4
चक्कर,82
महोत्सव,20
अच्छी,39
गुहार,197
ग्रहण,85
प्रतिमा,138
ढंग,2
सोनी,143
पदों,97
भक्तों,157
जवानों,165
दौरा,46
लंबी,39
आये,67
उम्मीदवार,181
सोने,96
कमल,100
शक्ति,195
सुविधाएं,93
नृत्य,68
अहम,141
राजनीति,159
जायजा,153
नीति,48
गति,54
अनेक,7
मास्टर,52
सुमन,6
जंगल,116
शोर,42
पैदल,199
खाने,78
फाइनल,113
गीता,90
दूरी,199
सुनिश्चित,85
गरीबों,104
बीज,116
लंबे,94
कार्यशाला,20
लेना,133
हूं,180
उपभोक्ता,21
संस्कृति,38
मोटर,179
गृह,175
प्रवीण,81
भीतर,115
खूब,135
अनुमति,85
खुले,149
अखिलेश,23
दीप,63
आती,148
चौराहे,167
सब्जी,78
चालू,149
दूध,78
बादल,126
नियुक्त,97
वीरवार,58
नियंत्रण,54
कार्यकारिणी,28
अनुमंडल,3
सक्रिय,85
जवान,165
प्रवक्ता,28
ओमप्रकाश,132
आता,148
लिखित,29
काट,75
जर्जर,162
अध्यापकों,192
अफसर,184
नकदी,83
वार्षिक,102
संचालक,35
अजीत,81
आदमी,182
मिलता,148
विवाह,171
विश्वास,189
वृद्धि,79
नाले,77
विरोधी,1
डाल,161
यज्ञ,63
निकासी,77
निकला,72
इन्हें,139
कार्यक्रमों,131
चालान,56
सुविधाओं,131
सभागार,20
बच्ची,87
किस,180
शेष,7
शपथ,166
राजा,23
बीस,59
आक्रोश,178
इकाई,190
गैर,102
लाइसेंस,56
डाक्टर,185
पुरुष,120
दरबार,118
धनराशि,83
दोबारा,8
न्यायिक,196
खिलाड़ी,98
इनकी,39
पाठ,106
तैनाती,97
बताई,4
गन्ना,173
बालक,87
तकनीकी,93
उपस्थिति,54
वही,135
लक्ष्मी,90
जुर्माना,83
उपयोग,85
संगठनों,190
कमिश्नर,184
वित्तीय,19
जुट,70
निकलने,46
जैसी,39
धरने,36
उम्र,41
साथी,182
प्रतिभा,89
जगहों,44
समूह,190
आवश्यकता,2
रक्षा,121
बतौर,114
वित्त,19
भरने,91
श्रद्धालु,157
डालने,80
प्रदूषण,84
पौधे,116
दौर,8
सर्वे,52
कंप्यूटर,93
टूट,43
घटनास्थल,177
चाहते,133
बकाया,83
हवा,5
महत्व,2
अभिषेक,81
भजन,68
सुधीर,81
गुप्त,143
आजाद,34
प्रेरित,85
लुधियाना,73
दिखा,27
अनशन,36
बाधित,122
पकड़ा,16
बजाय,80
लगता,148
सामुदायिक,53
छोड़कर,16
सीधे,69
अलीगढ़,45
जाच,153
हमले,165
रफ्तार,79
आना,133
तेल,119
विधि,193
स्वच्छ,142
बदल,161
दुकानें,76
पशुओं,10
पहुंचाने,80
पेट्रोल,173
उठाने,47
इसको,135
वंचित,121
अंत,41
अधिनियम,193
बुरी,39
एकड़,18
भेजी,4
आशीष,81
पूर्वी,107
प्रधानाध्यापक,11
खाना,78
पाकर,30
गौरतलब,15
चुनावी,181
विकेट,98
आश्रम,12
उत्साह,134
बेहद,62
कहां,180
रोशन,126
पंप,77
क्षतिग्रस्त,177
मूल्य,173
संस्कार,163
महज,59
चिकित्सालय,128
मृत,177
ट्रेनों,95
रोज,8
छोटी,39
साथियों,169
लंबित,151
बेचने,76
वक्ताओं,20
बढ़ती,79
आपदा,84
कारोबार,19
हिमाचल,107
बाकी,135
प्रारंभ,41
हिसाब,83
नजदीक,167
कराकर,9
प्रार्थना,195
कुलपति,49
पुतला,117
दिक्कत,172
मुलाकात,46
धूप,5
इंचार्ज,52
भेजने,80
सोसायटी,190
लड़कियों,120
मतगणना,181
देता,148
जिम्मेदार,164
इतनी,39
मेहता,143
नियम,48
सार्वजनिक,102
सर्जन,128
जायेगी,51
कांड,136
कोषाध्यक्ष,28
स्कूली,49
पुष्टि,153
पड़ेगा,133
अखिल,102
अच्छा,2
अनाज,173
धर्मशाला,167
बीमा,128
कानूनी,121
मात्रा,129
वीरेंद्र,23
समस्याएं,172
विहार,138
आवागमन,199
खतरा,122
प्रतिनिधियों,22
रखते,67
मांगा,197
भरे,91
लें,88
विद्या,106
फुटपाथ,125
मजदूरी,83
श्रेणी,193
कौन,180
यमुना,110
खोलने,149
सुंदर,62
चीनी,21
मारकर,75
भ्रमण,46
आत्महत्या,13
पोल,149
नागरिक,121
अंचल,53
जिनमें,15
चयनित,193
लेंगे,144
ससुराल,17
सामूहिक,131
रक्तदान,104
जुटे,70
निकालने,80
पदक,113
मिलती,148
महंगाई,173
चिंता,26
क्षमता,189
निर्मल,100
समर्थकों,169
गोदाम,33
आक्रोशित,36
मुंह,40
भाव,54
फायदा,47
कौशल,131
पत्रकारों,169
अमर,34
मुद्दे,168
अंकित,191
पीड़िता,136
अच्छे,94
प्रदर्शनी,20
बृहस्पतिवार,58
टूर्नामेंट,113
फसलों,173
काली,138
निगरानी,131
न्यायाधीश,196
स्वरूप,54
कार्यवाही,151
याचिका,196
भरोसा,92
भेंट,89
भेजे,111
समुदाय,53
अनुसूचित,53
घंटों,8
पहुंचाया,72
हाथों,40
गुणवत्ता,131
बांध,43
करायी,9
कस्बा,45
एडवोकेट,28
ढाई,59
नाटक,114
धीरे,79
दुरुस्त,92
रुपया,18
फूल,116
हमारी,39
मानदेय,192
सकेंगे,144
गुरुद्वारा,73
उनमें,15
सागर,110
ममता,90
बदलाव,54
गिरने,177
व्यवसायी,182
मेहनत,70
सेवक,182
बुलाया,72
संध्या,6
कूड़ा,71
अभ्यर्थियों,176
परीक्षण,128
काटने,80
इंतजाम,112
हरी,34
फैसले,24
मना,145
हथियार,165
दफ्तर,184
पर्यटन,38
धूमधाम,57
पर्याप्त,2
घेराव,36
पुरस्कृत,89
सौंपी,154
स्वर्ण,113
मेरे,135
स्व,34
ऑटो,179
टाटा,52
फीस,83
शाह,37
सदन,166
प्राथमिकता,2
पूनम,6
भव्य,62
मोहल्ले,167
कैलाश,138
कलाकारों,114
सत्ता,159
आरती,198
संगीत,68
पश्चिम,107
टीमों,113
प्रभाव,122
अस्पतालों,185
संसाधन,84
त्यागी,143
भारद्वाज,143
लड़ाई,1
बेटा,17
विशेषज्ञ,128
तत्कालीन,7
नामक,101
लापता,177
बोल,32
निकली,152
दीवार,125
खाता,149
शुरु,41
पत्थर,33
राजमार्ग,199
शिक्षण,49
राजधानी,107
उपरांत,41
राज्यों,44
देखरेख,131
जोड़ने,80
डाक्टरों,185
रेखा,191
साहब,37
अवकाश,57
रुप,54
बच्चा,87
सड़क,199
भरी,91
व्याप्त,86
आपसी,130
अगुवाई,1
चावल,78
भले,15
संपत्ति,121
औद्योगिक,21
बढ़ी,79
पश्चिमी,107
दर्द,178
रोजाना,8
रखकर,31
जिन्हें,139
आभार,89
वरीय,113
सारी,39
बताए,111
चलता,148
इनका,15
कायम,92
एकता,108
सुनाई,32
दलों,159
हादसा,160
पूछा,180
हवाले,153
डॉक्टरों,185
राख,117
मुस्लिम,108
नाराजगी,26
मंत्रालय,190
सलाह,24
अनुदान,83
निधन,41
रणनीति,1
सूरज,126
गोष्ठी,20
मुझे,135
नये,94
छूट,83
श्रद्धांजलि,89
बहाल,92
जुटी,70
बीमार,185
स्वीकृति,193
कंपनियों,21
मंदिरों,138
लीटर,18
तीसरा,102
कपड़े,96
भागने,25
भक्ति,195
प्रेस,52
इतिहास,38
दिलाया,30
समझ,180
गड़बड़ी,60
विकसित,85
हित,121
पड़ताल,153
अमन,55
बढ़ावा,80
शोक,178
सहमति,24
फीसदी,18
बिहारी,143
मुहल्ला,167
सूबे,107
सकें,88
समान,7
शोभायात्रा,64
वातावरण,142
जाएंगी,51
दुनिया,94
अपराधी,13
प्रेमी,182
लाठी,75
जानी,4
कीर्तन,198
अंग्रेजी,101
खरीदने,76
परिवर्तन,54
तोड़कर,43
स्वीकृत,193
उत्पन्न,122
भावना,189
उतर,14
माने,111
राज्यपाल,166
अभिभावक,87
आरंभ,41
नागरिकों,169
घुस,115
नाला,77
अधिकतर,15
बदले,197
चोट,177
बदलने,80
छुट्टी,57
बैठा,31
कार्यपालक,184
अक्सर,15
विगत,41
हों,88
खून,105
आचार्य,34
पीड़ितों,104
सत्यापन,56
समन्वयक,11
व्यवहार,54
लिखे,111
सुनने,32
जाया,72
मूल,102
अवधेश,23
मुहिम,1
बीएसए,124
मूल्यांकन,193
हड़कंप,42
गुजर,8
दायर,196
पढ़ने,80
निलंबित,97
हत्याकांड,136
बीमारियों,185
पोलियो,185
न्यूनतम,193
क्रय,173
वर्षा,5
बुजुर्ग,120
पैर,40
कराना,9
तैयारियां,112
भूषण,143
नीतियों,48
करवाए,9
बंसल,143
सचिन,81
अथवा,7
आवासीय,53
मांगे,197
मानें,88
करोड़ों,83
सफर,8
भाषा,101
प्रस्तुति,20
रहना,133
आयु,41
गतिविधियों,131
दीक्षित,143
चौराहा,167
दर्जा,30
ऑनलाइन,176
जलकर,117
दीपावली,57
हस्ताक्षर,56
नाराज,146
खोल,149
तलाशी,25
फांसी,136
दाम,173
समाचार,101
दिखाया,72
बनकर,115
अंतरराष्ट्रीय,102
शिरकत,20
निशान,40
तनाव,130
बाग,118
सुनकर,32
विवाहिता,17
सदस्यता,190
मैनपुरी,45
तैयारियों,131
फैल,86
आवंटन,193
चंदन,100
डीजल,173
नशा,61
कविता,101
दरअसल,15
देरी,122
ऊर्जा,84
कोतवाल,124
बसें,95
मान्यता,193
जोरदार,188
देहात,45
सालों,41
अदा,141
प्रावधान,193
महाप्रबंधक,184
संस्थाओं,190
कपूर,143
प्रगति,131
पंजीकरण,56
छापामारी,25
सोच,105
मालूम,180
सीटों,181
पदार्थ,129
दलित,108
गले,40
पचास,59
रोका,145
उत्सव,57
विश्वकर्मा,143
बाजारों,76
बैठ,31
बदायूं,45
बाहरी,94
प्रस्तावित,193
डेंगू,185
परीक्षार्थी,176
कारणों,122
स्वीकार,24
ललित,81
केन्द्रों,44
कागजात,56
मूर्ति,138
राष्ट्रपति,166
मनमानी,48
सेवानिवृत्त,97
दहशत,86
समाजसेवी,182
कार्यकारी,190
महसूस,146
चलाई,4
चाय,61
थानों,44
खरीदारी,76
अर्पित,89
सारे,94
उम्मीदवारों,181
मस्जिद,118
महानगर,44
सेवाएं,93
बगैर,111
खेलों,113
शिकायतों,151
विदेशी,102
मानसिक,128
अनुपस्थित,183
पड़ने,16
चुना,72
करार,27
लिहाजा,15
आखिर,180
घरेलू,102
मुजफ्फरपुर,3
हिदायत,112
डाक,184
धाम,138
एकत्र,85
पीटा,75
पारा,5
सेहत,162
शिकायतें,112
ट्रैक,95
आसमान,126
योजनाएं,131
सिलसिला,8
देती,148
राहगीरों,177
वकील,196
पुराना,94
कार्यकाल,41
लक्ष्मण,34
पेपर,176
गिरी,177
मनाने,57
बचने,80
निवास,183
सहारा,80
आवंटित,193
मांगने,197
शरण,46
आयी,152
एकत्रित,85
पड़ोसी,65
श्रम,21
सेमिनार,20
बंगाल,107
प्रणाली,93
व्यक्तियों,169
गलियों,125
विमर्श,24
सूर्य,126
मचा,42
आग्रह,24
मनोहर,34
अधिकतम,193
पंजाबी,73
काला,50
सौरभ,81
बंदी,136
उल्लेखनीय,29
चुनौती,172
प्रांगण,118
हार,113
पाते,67
इंकार,24
दिल,105
जिंदगी,150
प्रसार,131
परमजीत,132
किरण,126
परिचय,29
खोला,149
पानीपत,73
जवाहर,34
श्रमिकों,21
अवतार,34
वृद्ध,120
पंजीकृत,56
त्योहार,57
आधारित,29
वैज्ञानिक,38
अनदेखी,60
तले,161
स्वतंत्रता,121
सारा,135
गाड़ियों,179
कहने,32
थोड़ी,39
ठोस,186
चलेगा,144
ग्राहकों,76
शिशु,87
मुफ्त,104
पकड़ने,25
नाबालिग,120
मृतका,17
परीक्षार्थियों,176
बीती,58
फेंक,71
अंतर,54
पाली,45
मृत्यु,41
द्वार,149
विकलांग,104
साजिश,60
स्मृति,191
कलश,198
भीषण,160
सर्विस,52
काउंटर,76
अवधि,41
मंजू,90
तीस,59
समस्त,7
टीमें,113
बालू,33
स्नान,157
राष्ट्र,102
कुरुक्षेत्र,73
डाली,4
बचा,161
संगत,54
भक्त,12
प्रकट,26
बारह,59
आंखों,126
चेहरे,40
स्थायी,102
शिनाख्त,153
तारीख,41
बनवाने,80
भोला,34
सुझाव,24
चलाए,111
बर्बाद,161
सचिवालय,166
संज्ञान,151
बहिष्कार,1
मारी,75
प्रेरणा,134
बांका,3
शारीरिक,128
व्यापक,54
पड़ती,148
हमारा,135
कामना,195
उत्पीड़न,13
समाजवादी,159
सहकारी,190
मुक्ति,195
प्रतिभागियों,113
कैद,136
समझा,72
विदेश,102
नकल,176
सायं,58
जिनके,139
हमीरपुर,45
तत्वों,129
अनियमितता,60
पंच,22
सख्ती,112
बुरा,180
चांदी,96
चन्द्र,143
स्टोर,103
वीर,34
बीत,41
हवन,63
निधि,190
नगरपालिका,22
मौलाना,37
लघु,21
नायक,114
छेड़छाड़,13
हादसों,123
पंचायती,22
देखी,4
गार्ड,52
सराहना,89
शुरूआत,41
गश्त,25
अनिवार्य,193
संग,150
रिक्त,91
वेलफेयर,52
चुनावों,181
पटरी,95
खुला,149
कैमरे,191
मौजूदा,94
पारित,166
मंगल,34
विजयी,113
मौजूदगी,153
समझौता,24
रखना,133
पार्षदों,22
नरेन्द्र,34
बैठने,31
शानदार,62
सुरजीत,132
बर्दाश्त,145
होंगी,51
रोशनी,126
इतने,94
आसानी,2
देवघर,3
लगते,67
चेन,96
संसदीय,166
अभियुक्त,136
सरदार,73
दान,104
डालकर,119
कार्यालयों,44
सैनिक,165
खुली,149
जबरन,27
नोट,96
रिक्शा,179
शोभा,90
दक्षिण,107
तलब,153
पट्टी,50
ग्रेटर,107
स्थलों,44
गाय,10
आपस,130
चाहती,133
सीडीओ,124
कमजोर,122
भाषण,20
बराबर,54
परेशानियों,172
निरस्त,193
मायके,17
हिंदू,108
रखें,88
तस्करी,13
पलट,27
अनियंत्रित,122
टेंपो,179
पहुंचते,46
ऐतिहासिक,38
वंदना,6
पेट,74
विशिष्ट,29
रेट,173
बागपत,45
मेरी,39
दरवाजे,149
खारिज,27
छोटा,94
हैंडपंप,77
बुखार,185
ढेर,71
उसको,135
नाली,77
राह,150
कवायद,70
रहें,67
छावनी,73
नष्ट,122
कप्तान,98
पौधरोपण,116
मशक्कत,70
पश्चात,41
आजादी,121
शिक्षिका,11
शशि,81
आस्था,189
मनाई,57
गाजीपुर,45
कचहरी,167
बनाना,133
बढ़ता,79
घटनाएं,123
हटा,145
ज्यादातर,94
पत्रों,56
खेला,98
दिखाकर,27
आधुनिक,163
उदय,126
प्रभात,81
प्रतिनिधिमंडल,28
उल्लंघन,145
यहीं,8
उठाए,47
प्रकाशित,101
हिंदी,101
मुकाबला,1
एकजुट,1
गईं,152
अमल,24
सहारे,115
उठे,115
सेंट्रल,52
खेलकूद,98
आधे,59
मोहित,81
शहरों,44
हुये,67
कबड्डी,98
संस्थानों,49
बोले,180
अगली,140
अधिग्रहण,193
सास,17
छापा,75
कैंसर,185
मुहल्ले,167
गिरा,43
दिखे,67
लेखपाल,124
खतरे,122
सलाहकार,190
आलू,78
लकड़ी,33
कोयला,33
सड़कें,125
छात्रवृत्ति,49
पोस्टर,188
प्रजापति,143
कुशीनगर,45
अनुरूप,193
भाइयों,65
काटकर,43
संहिता,106
छीन,161
भूख,74
हटाया,72
क्षति,122
पीछा,25
सेल्सियस,5
सूचित,151
उपकरण,93
चित्र,191
रंजिश,130
स्वस्थ,183
अतिथियों,20
सांस,40
नींद,150
सभासद,22
उपजिलाधिकारी,124
अल्पसंख्यक,108
गाली,75
लूटपाट,137
सत्संग,12
बंधक,137
क्विंटल,18
तकरीबन,59
रूपये,18
चाहे,88
हिस्से,94
ठेका,19
प्रांतीय,102
निकालकर,31
निश्चित,2
बदला,72
बचाओ,188
दौरे,46
शांतिपूर्ण,142
बिलासपुर,3
प्रकोष्ठ,190
शोषण,13
नमाज,64
गर्म,5
बुलंदशहर,45
साइंस,52
दबोच,25
मानक,193
जीता,113
गौर,8
नायब,170
नकद,83
कवि,182
महीनों,41
मित्र,182
बढ़ते,79
सर्व,195
महादेव,138
बढ़ोतरी,79
सर्दी,5
वासियों,169
उपलक्ष्य,57
चलें,88
दूबे,143
विवश,70
पंद्रह,59
प्रसिद्ध,182
दशा,162
मासूम,87
मार्गो,199
दाखिला,156
संरक्षक,190
डेरा,73
सेवन,61
सर्वाधिक,102
फाटक,167
मारा,75
नारे,188
गोल,98
नवरात्र,198
पात्र,114
रोगियों,185
करंट,177
उठाई,47
चुने,111
दर्शकों,114
अभय,81
किराया,187
विस्तृत,29
गावों,44
शैक्षणिक,49
नलकूप,77
संस्कृत,106
झुलस,177
तकनीक,93
जेवर,96
मांगें,197
समर्थक,159
पूछे,168
अनुरोध,24
सुख,195
प्रशांत,81
दरभंगा,3
रहकर,183
उठाकर,47
पहलवान,113
सवा,59
निशाना,69
अवस्था,54
समर्पित,85
देगी,51
विदाई,171
वार्डो,22
जनप्रतिनिधियों,22
सर्वसम्मति,166
अति,62
निकाय,181
चलाकर,75
लाकर,31
बारी,32
गणित,49
नतीजा,15
नालियों,77
विषयों,29
व्यस्त,183
आकाश,126
जिन्होंने,139
बनाये,92
महात्मा,12
संदर्भ,29
प्रतियोगिताओं,113
दोस्त,65
दशक,41
गर्भवती,87
चाकू,75
मालिकों,169
स्थगित,145
लाश,177
हाजी,37
इटावा,45
बढ़ाया,79
टोल,199
घुसकर,75
खुल,149
पत्रकार,182
प्लान,52
तालाबों,77
जेब,96
फूंका,188
अवश्य,88
आचार,48
संचालकों,35
परिस्थितियों,172
दबिश,25
कितने,94
टूटी,43
संगीता,90
बैठकर,31
कुंवर,23
जहर,61
पुलिसकर्मियों,165
पुलिया,199
विष्णु,34
बीएलओ,124
टीकाकरण,185
कार्यों,131
वेबसाइट,29
फंसे,155
चलती,148
गन्ने,173
वापसी,46
मैन,52
झंडी,197
फिरोजपुर,73
सिख,73
प्रसव,128
गंदा,71
खाद्यान्न,173
उत्पाद,21
सराहनीय,89
जल्दी,135
दिखाने,80
सूरत,162
गुजरने,8
आएगी,51
जगत,38
यानी,15
हराया,113
मुद्दों,168
संवेदनशील,146
बगल,115
भेजकर,46
रिश्तेदार,65
फीट,18
वैन,179
शिलान्यास,199
दायित्व,164
कैंट,73
जुड़ी,29
पर्चा,176
तस्वीर,191
जाट,73
परिचालन,131
फीडर,66
कराते,9
हेक्टेयर,18
अनुज,81
जताते,26
गला,40
खातून,37
लुटेरों,137
डाले,111
कामकाज,131
सुनी,32
मानना,15
अभ्यर्थी,176
किल्लत,173
मिलाकर,119
आबकारी,184
दंडाधिकारी,196
शोध,29
मारे,177
खुलने,149
देगा,144
मुकदमे,136
ससुर,17
सील,43
घंटा,59
निंदा,13
लगेगा,144
मिलन,130
ध्वस्त,43
उच्चाधिकारियों,124
पथराव,75
तीसरी,140
रेवाड़ी,73
आतंकी,165
निदान,128
सत्य,195
आत्मा,195
लेन,199
विरूद्ध,1
मनोरंजन,114
हकीकत,150
प्रखंडों,3
महासंघ,190
आपराधिक,13
कलाकार,114
लड़के,120
वेद,106
ओझा,143
आला,184
घोटाले,60
निपटने,172
खेलने,98
भागवत,34
सीता,90
साधन,2
पिछड़ा,53
विमल,143
कैबिनेट,166
बवाल,42
नितिन,81
साहित्य,101
मामूली,39
अकादमी,190
चाहता,133
बेच,76
लाई,4
पसंद,2
रजिस्ट्रेशन,56
स्नातक,156
बसंत,100
राज्यमंत्री,28
हवाई,102
जाये,88
गठबंधन,159
गणमान्य,169
विधायकों,166
जानने,80
कहकर,27
रामचंद्र,34
चौथे,140
इंटरनेशनल,52
हर्ष,178
सदस्यीय,190
चार्ज,83
शाही,118
भागीदारी,131
जानलेवा,185
कराएं,9
माफिया,137
आगमन,46
आएंगे,144
मंजूर,197
मंचन,20
पुस्तक,101
पूर्ति,193
श्रद्धा,189
कंबल,96
लिपिक,184
छोड़ने,16
विक्रेता,76
लंगर,157
ताले,149
उतार,14
देखे,111
मिठाई,78
कटान,199
गोस्वामी,143
जलापूर्ति,66
लगाना,82
कारोबारी,19
दिनभर,58
दसवीं,140
जैसा,135
महासभा,28
जलभराव,77
दिलाई,30
ग्यारह,59
तिलक,34
खासकर,15
परंपरा,163
मेरा,135
माल्यार्पण,89
मानते,67
बीबी,37
उपमंडल,73
खुर्द,45
चाचा,65
तब्दील,161
आधी,39
मासिक,101
इंस्टीट्यूट,52
जीटी,167
ऊधमपुर,45
स्पष्टीकरण,24
कोहराम,42
फटकार,32
लोगो,169
प्यार,178
कामयाब,70
कमला,90
पुलिसकर्मी,165
बाला,90
देशों,44
रजिस्टर,56
कूड़े,71
तोड़फोड़,123
दक्षिणी,107
आसान,2
दमकल,66
भूकंप,84
बुलाकर,27
व्यवसाय,19
बाधा,122
आपत्ति,26
होश,8
ग्राहक,76
विधिक,196
जागरुकता,189
अनुराग,81
काटा,72
मजबूती,189
बताने,80
प्रदर्शनकारियों,36
दुख,178
हरकत,13
पहाड़ी,116
प्रतिबंध,145
लिखकर,27
संविदा,192
गुलाब,119
बेटियों,17
प्रमाणपत्र,56
गुजरात,107
दोषियों,136
सटे,167
अधीन,193
वाद,155
वकीलों,196
तोड़ने,43
जेवरात,96
संसद,166
आशीर्वाद,89
पौधों,116
कोहरे,5
जलस्तर,110
शुद्ध,195
चैंपियनशिप,113
रक्त,105
बचे,67
भीम,34
सरिता,90
वादा,197
चलना,133
निभाई,141
प्रतीक,195
धोखाधड़ी,60
ठगी,137
उत्तम,2
बजाए,80
उजागर,60
सवारी,179
पाठशाला,175
लौटने,46
सुबोध,81
उत्तरी,107
सेवाओं,131
दूषित,142
काले,50
अविलंब,151
हमने,139
ऊना,73
बेरोजगार,120
आदिवासी,53
कर्ज,83
बेहोश,177
लाभार्थियों,104
विकल्प,2
बीए,109
जोड़ा,72
वार,69
रसोई,78
बातों,168
गुस्सा,178
बनता,148
लड़ने,1
शहीदों,89
समस्तीपुर,3
संशोधन,193
जरिये,80
गीतों,68
अंधेरे,126
करेंगी,51
पक्का,135
योग्य,85
समुचित,2
चौकीदार,184
पंडाल,198
सराय,167
पुष्पा,90
टैंकर,77
शारदा,90
इन्कार,24
विपरीत,15
धीरज,81
सैनिकों,165
निर्वाचित,166
विलंब,122
कमर,194
ज्ञात,85
सूत्री,197
पेड़ों,116
गिरकर,177
एजेंसियों,190
मकसद,70
नकली,60
दावे,168
तर्ज,107
रोटी,78
प्राकृतिक,84
निष्पादन,131
चिन्हित,193
करोड़,18
अनुसंधान,131
टंकी,77
वासी,158
खोले,149
खुश,146
घनश्याम,34
जिनका,15
सहनी,23
शौच,77
कहानी,101
अड्डा,167
धरती,84
हाजिर,151
लगती,148
उपेक्षा,164
कूद,99
मलेरिया,185
आपको,135
बुझाने,117
पवित्र,195
कचरा,71
सेविका,11
जनहित,48
कुर्सी,31
बनेगा,144
आकर्षक,62
सकारात्मक,54
आकर्षण,62
नालों,77
घूम,115
नारी,120
निष्पक्ष,151
श्रीमती,90
लटका,115
जिनकी,39
बोतल,61
नोडल,184
शिक्षित,53
पोषण,128
धाराओं,110
प्रवचन,12
बुलंद,188
प्रधानों,22
मेजर,132
सीडीपीओ,124
अनुमान,54
रंगारंग,20
रुक,145
प्रकोप,185
निषाद,23
कितना,135
छाया,126
दरोगा,124
कुश्ती,113
प्रभावी,2
लोकतंत्र,121
समितियों,190
अव्वल,140
गंदे,71
विश्वनाथ,34
बांटे,111
नगदी,137
गुरूवार,58
प्रीति,6
बोझ,164
मुख्यातिथि,20
उपाय,2
पराजित,113
भरपूर,2
भार,154
टूटने,43
पूर्वक,189
प्रशिक्षक,98
सर्किट,93
बल्लेबाजी,98
निर्मित,85
धर्मपाल,132
प्रोग्राम,93
बरकरार,92
भेदभाव,108
जनसंपर्क,184
हाथी,10
भरकर,91
काटे,111
कपड़ा,96
अन्यथा,88
पान,78
त्वरित,151
भवनों,125
रुचि,134
इत्यादि,29
फुटबाल,98
व्यय,83
बनाते,67
प्वाइंट,103
झगड़ा,130
पदोन्नति,97
डकैती,137
लगाये,82
समझाने,80
पहिया,179
फेडरेशन,52
हमलावरों,165
लालू,159
सोना,96
लौटा,46
पीढ़ी,163
रेस,113
पूछने,180
बीघा,18
पुख्ता,153
दवाओं,185
आंधी,5
अपेक्षा,2
सुधारने,80
अध्ययन,29
अन्तर्गत,7
जंग,1
सिरे,94
धक्का,75
पड़ोस,65
चिकित्साधिकारी,124
व्रत,106
चतुर्थ,140
लड़कों,120
कच्ची,125
निदेशालय,184
उपलब्धि,89
संविधान,166
गढ़वा,3
इंद्रजीत,132
केन्द्रीय,102
झंडा,147
लहर,86
मंशा,26
प्राप्ति,195
क्षेत्राधिकारी,124
पुजारी,138
उद्यान,118
स्टेशनों,95
तंग,186
चढ़कर,99
आरक्षित,193
खिताब,113
अधिकारों,121
नगरी,138
किलोग्राम,18
धूल,71
छोड़ा,16
अक्षय,81
पीठ,40
जलाकर,117
रंगदारी,137
संस्थापक,35
बहाने,80
स्थानांतरण,97
दबोचा,25
कतार,115
देशी,21
चोटें,177
किंतु,15
वर्षों,41
गलती,164
दिक्कतों,172
डोर,43
सीधा,69
दुमका,3
इन्होंने,139
तारों,126
घाटों,157
परीक्षाओं,109
कर्नल,132
बढ़कर,79
हॉल,118
कहासुनी,130
निर्माणाधीन,199
उग्र,36
ठेके,19
कड़े,186
मौन,12
विधवा,17
जनप्रतिनिधि,22
तबादला,97
दंपती,17
पैमाने,94
रजनीश,81
बुलाई,4
बिगड़,162
आदेशों,48
भंडारी,143
आमंत्रित,20
सुचारू,131
निवासियों,169
मैंने,139
पाक,165
अलाव,117
आरएस,132
मानी,4
गायक,182
उपकेंद्र,66
कारतूस,96
सीटें,181
दबंगों,137
बढ़ाकर,79
कराये,9
आवाजाही,199
हल्की,39
गणतंत्र,57
सुन,32
हृदय,105
आभूषण,96
निरंजन,143
लौटे,46
शेर,10
किराए,187
मंजिल,150
पिछली,140
वसूल,83
इस्लाम,108
संदेह,26
पाती,148
सेवकों,192
कमरों,187
निर्देशों,48
दहन,117
हीरा,170
पकड़कर,16
निशा,6
पर्स,96
ट्रकों,179
उन्हीं,139
तस्करों,25
खोज,85
दाल,78
अनुभव,54
महान,182
मुआयना,153
टकरा,115
चांद,126
संबोधन,20
एड्स,185
गाड़ियां,179
कटाई,116
उतरने,14
आफिस,52
निर्देशित,114
बीईओ,124
मेल,56
पारिवारिक,38
जला,117
कमान,154
गोद,87
महायज्ञ,63
निरंतर,54
परन्तु,15
मतों,181
ताकत,189
अमेरिका,102
गहरा,54
पार्टियों,159
आरोपों,60
भूल,180
चिह्नित,193
शैक्षिक,49
नेत्र,128
स्मारक,118
गरीबी,74
कागज,96
विसर्जन,198
माला,90
इजाफा,79
मकानों,125
भगवती,90
संपूर्ण,7
चुरा,161
निर्धारण,193
इच्छा,134
मजबूरी,164
लाए,111
प्रारंभिक,41
बदहाल,162
ऋषि,12
चूंकि,15
प्रीतम,132
ठेकेदारों,169
अमृत,119
उतरे,14
इंसान,55
खुदाई,33
तमंचा,137
आएगा,144
सकेगी,51
जिम्मा,154
पर्यवेक्षक,184
कितनी,39
बृजेश,23
काशी,138
नम्बर,176
हलका,73
निकाले,111
चौराहों,167
पढ़ें,88
टूटा,43
घेर,115
विशेषज्ञों,169
एलान,197
हितों,121
जिम्मेवारी,164
दुर्घटनाओं,123
हस्तक्षेप,1
उठाना,47
अस्तित्व,54
दृष्टि,38
गुलाम,37
भंडारे,157
उड़ा,16
विपक्ष,166
मचाया,42
बेहाल,162
रसीद,56
सिपाहियों,165
हवाला,197
निशुल्क,104
गौड़,143
मुआवजे,83
कैदियों,136
डीडीसी,52
डाकघर,184
बाध्य,24
कांस्टेबल,52
भंग,145
फौजी,165
मुलायम,159
बाजी,75
अभ्यास,128
पुष्प,116
बहाली,97
भांति,7
सोलर,52
बहस,168
कथित,60
जीतने,113
रजनी,6
अपराह्न,58
मैट्रिक,109
मधु,6
रमजान,57
फैली,86
पुरुषों,120
उदासीनता,189
पर्ची,56
बहनों,17
संचार,93
धारण,85
व्यवसायियों,169
इन्हीं,7
पकड़ी,16
चिन्ह,191
संगोष्ठी,20
निराकरण,151
जुटा,70
पर्यटकों,157
खराबी,93
घटिया,60
दोनो,130
संभाल,154
इंटरनेट,93
मछली,10
आयकर,83
प्रयासों,70
निर्देशन,114
रोगी,185
उठाते,47
आपके,135
भैंस,10
अगवा,25
आखिरी,8
हमलावर,165
चापाकल,77
उठानी,47
पोशाक,50
पहाड़,116
परीक्षाएं,109
शिकायतकर्ता,196
बर्तन,96
धर्मेन्द्र,81
संसाधनों,84
तुलना,54
इमारत,118
सीमित,85
राखी,57
बढ़े,79
उत्थान,38
यूं,8
सेठ,143
मानसून,5
प्रवीन,81
सफेद,50
बनती,148
दवाएं,185
एयरपोर्ट,95
दिवाकर,143
जोड़,43
भोग,195
निर्गत,193
उमड़,16
तीर्थ,138
जीव,84
प्रताड़ित,13
दायरे,193
प्रोत्साहन,131
साक्षात्कार,29
सावन,5
कहर,5
शर्त,197
फरमान,145
कड़ा,186
छिड़काव,119
मचाने,42
ब्याज,83
क्रांति,1
जलाने,117
नवजात,87
निर्णायक,1
लोहे,33
अंदाजा,8
कल्पना,191
बचत,83
गिरावट,79
आतंक,86
बढ़ाई,79
पूर्णिमा,157
प्रोत्साहित,85
जिक्र,8
नक्सली,165
मुसीबत,172
प्रभार,184
कारोबारियों,76
रोगों,185
निर्मला,90
सुना,32
माले,187
विधिवत,193
साधना,12
पीडब्ल्यूडी,66
जिंदा,92
तिराहे,167
सापेक्ष,193
हिन्दी,101
कहती,148
जनजाति,53
कारावास,136
तफरी,42
फैला,86
संकेत,54
बड़ी,39
सघन,142
युवतियों,120
फूलों,116
विवरण,29
हथियारों,165
हिस्सों,44
सम्भल,115
नजारा,8
जनसंख्या,53
अभियुक्तों,136
घटे,79
नक्सलियों,165
बुजुर्गो,169
वृद्धा,177
मिलेंगे,144
प्रिया,6
प्रमंडल,3
उत्तीर्ण,109
बैठी,152
कमाई,83
युद्ध,1
अधूरा,135
वृक्ष,116
केशव,34
इमाम,37
टूटे,43
हलके,40
डंडे,75
कक्षाओं,156
जोकि,15
खामियाजा,164
लावारिस,71
बिल्कुल,135
परेड,64
फैलने,86
नर्सरी,116
जुड़ा,29
नियमानुसार,193
जनसभा,64
शाहिद,37
लूटने,137
सबको,135
कैदी,136
उत्क्रमित,175
निवारण,151
घाटी,107
देखभाल,128
उतरी,14
नदियों,110
छात्रावास,175
निर्भर,85
कीमती,170
चलेगी,51
संभावित,122
मेहमान,171
ट्यूबवेल,77
कोठी,118
उदाहरण,54
सोलन,73
ईमानदारी,189
चलकर,139
झेल,172
गुस्साए,36
अकेले,183
महकमे,184
बीआरसी,192
फैलाने,80
दाखिले,156
प्रकृति,84
कांफ्रेंस,52
प्राचार्या,11
खाक,117
गायन,68
युग,163
किराये,187
बाप,87
प्लास्टिक,71
परिषदीय,192
हरा,147
एजेंट,52
जिसको,135
खतरनाक,160
धीमी,79
कोचिंग,109
रखरखाव,131
वारदातों,123
जश्न,57
अनुपालन,193
समझौते,24
विदित,7
जीतकर,113
आठवीं,140
गोलियां,75
भड़क,16
सन्नाटा,86
कर्म,106
दलाल,76
प्रशंसा,89
डेयरी,21
शिकंजा,194
कुंदन,143
बताकर,27
ट्रेनें,95
दिसम्बर,127
बोली,180
मिलीभगत,60
भ्रूण,87
बारात,171
तुलसी,34
सुनाया,32
सच्चाई,60
अखंड,63
उपेंद्र,23
रखेंगे,144
व्यक्तिगत,29
उर्मिला,90
परिक्रमा,157
अनुशासन,186
कार्यप्रणाली,48
चेतना,38
कपड़ों,96
आगाज,20
अधिसूचना,97
गोला,63
बहू,17
भगा,75
झील,110
ठोकर,75
कर्तव्य,164
चौपाल,158
खाई,78
अश्विनी,81
वजन,79
कुएं,77
सवालों,168
रजा,37
धूम,42
परमात्मा,195
भरोसे,92
नाकाम,70
प्रतिबंधित,145
रवैया,48
गहरी,39
तारा,90
देखना,133
पाएगा,144
करवाकर,9
धनंजय,81
रवैये,48
अर्जी,197
टैक्सी,187
सम्पन्न,85
धारकों,56
टोली,64
बेहतरीन,170
कोट,50
जाल,155
मूलभूत,121
बिक,76
पायी,4
रोकथाम,185
लिखी,4
गूंज,188
शकील,37
डूब,110
जीते,113
रचना,101
वसूला,83
कालोनियों,125
कंचन,6
वैश्य,143
सिद्ध,85
गिरि,34
परिचालक,35
तंत्र,54
निपटारा,155
शातिर,137
विफल,70
बेंच,196
जरूरतमंद,104
कुलवंत,132
स्थानांतरित,85
चालीस,59
साक्ष्य,153
ऐलान,197
मोह,122
पाये,111
सेमीफाइनल,113
रोटरी,52
हिम्मत,134
लगायी,82
इकट्ठा,80
बेरोजगारों,192
हरियाली,116
बनना,133
सावित्री,90
पड़ते,16
चलाते,67
जन्मदिन,57
पुरुषोत्तम,34
रेत,33
हराकर,113
ख्याल,105
कालाबाजारी,173
महकमा,184
वर्दी,50
चहल,64
प्रतिवेदन,151
नौजवान,120
विद्युतीकरण,66
बांटा,72
जायेंगे,144
देसी,61
वैदिक,106
शवों,177
आयोजक,35
गवाह,136
नाजुक,162
शब्द,54
इस्तीफा,197
निशानदेही,25
पदार्थो,129
गुलशन,100
पुस्तकालय,118
दोस्तों,65
सतर्कता,189
खेलते,98
विक्रेताओं,76
हॉकी,98
कन्नौज,45
धांधली,60
समन्वय,131
खेले,98
अंधेरा,126
कीचड़,71
अंदाज,8
शिकायती,124
तमंचे,137
कार्यभार,154
दून,73
आखिरकार,8
जबरदस्त,62
वीरभद्र,34
सौंपने,154
प्रदेशाध्यक्ष,28
निकलना,133
कर्ण,143
कठिन,133
मवेशी,10
मेधावी,182
कृपा,195
रिकॉर्ड,92
दामों,173
जितनी,39
विश्राम,46
वर्करों,52
जंगली,10
दूसरों,55
सर्वेश,23
क्लीनिक,103
चरित्र,54
बीडीसी,22
सीमेंट,33
अबतक,8
मंत्रियों,166
एकमात्र,102
खरीदा,72
स्थाई,102
अश्लील,13
भुगतना,133
हाजिरी,112
खोजबीन,153
मरने,177
बुला,46
पांव,40
नवम्बर,127
मणि,143
करेगे,144
गुणगान,89
सीख,133
नगद,83
सूत्रीय,197
सक्षम,85
नसीब,8
पर्यटक,157
लगवाने,82
छेड़खानी,13
दिखाते,67
बहरहाल,15
संगम,110
शिक्षामित्रों,192
भंडारा,157
बेगम,37
प्रपत्र,56
रिश्वत,60
सब्जियों,78
पार्वती,90
करवाना,9
विभागाध्यक्ष,184
हाट,76
लैस,93
छात्रसंघ,28
सतर्क,146
शासनादेश,192
वरुण,81
व्यास,143
शीतल,100
सुध,164
खंभे,125
रौनक,198
वार्षिकोत्सव,20
चीख,32
भनक,112
उमस,5
युक्त,85
गुमराह,60
भजनों,68
माया,90
वाहिनी,190
सहकारिता,190
मिस्त्री,143
जीने,183
सूखे,5
मीट,78
समीर,100
धंधा,19
क्रियान्वयन,131
प्रसंग,29
बचाया,72
डयूटी,112
मनीषा,6
खिड़की,149
पलायन,46
अनिश्चितकालीन,36
निहाल,73
लंबा,8
तत्व,129
मंथन,24
वेतनमान,97
पुण्य,195
दिखाए,111
उत्कृष्ट,62
निर्वाची,181
नुक्कड़,167
सरसों,119
मानने,24
डालते,67
आराम,46
हरिओम,23
कान,40
संसार,7
मंडियों,173
पड़,133
निराश,146
थोड़ा,135
बाइपास,199
लेनी,133
प्रतिष्ठा,195
पाना,133
रिश्तेदारों,65
राजनैतिक,38
गिरफ्त,25
पुनीत,81
शरीफ,37
रिहा,136
विजेताओं,113
शौचालयों,77
मोहाली,73
रजिस्ट्रार,184
पढ़ाने,49
बुनियादी,121
माफी,197
जानवरों,10
नमूने,170
वोल्टेज,66
हीं,135
लूटी,137
लिख,135
मतलब,15
विवेचना,153
दीवान,143
समर,100
महंगा,133
दुआ,55
जिसने,139
पड़ाव,8
लायक,2
पीटकर,75
झोपड़ी,125
बंदियों,136
उत्साहित,146
बालिकाओं,11
दहिया,132
बांटने,80
सुधा,6
उतारने,14
कागजों,112
महिमा,195
मंडलायुक्त,124
लैपटॉप,96
कोटेदार,124
दबंग,137
जलने,117
टैंक,77
लाना,133
उतारा,14
चढ़ा,99
किताब,101
पुरवा,45
बेदी,143
सैयद,37
अर्थ,54
महर्षि,12
गौरी,6
अस्थायी,97
झगड़े,130
जाली,96
अभद्रता,13
पैदावार,173
वस्तु,129
शून्य,54
सुपुर्द,153
हत्यारों,136
मुंशी,23
वैकल्पिक,128
व्यक्तित्व,38
बीतने,41
आतिशबाजी,57
तरक्की,55
विज्ञापन,19
सेनानी,182
परियोजनाओं,131
बूंद,119
आवेदकों,56
राजाराम,23
जोश,134
गोशाला,10
निर्विरोध,28
कहे,111
शब्दों,54
अंचलाधिकारी,124
चक्का,179
कगार,122
संग्रह,101
अनुबंध,193
रूबरू,8
आमजन,169
हां,180
साधु,12
तड़के,58
हिन्दू,108
अधीक्षण,184
महादलित,53
विनीत,81
बुद्ध,12
नियोजित,131
कदर,86
त्याग,195
प्रशिक्षु,97
ब्योरा,56
नहरों,77
किस्म,129
निकलते,67
ऊंची,99
सुदर्शन,34
नेताजी,159
संकाय,156
प्रभारियों,124
घास,116
पंत,143
बटालियन,165
खातों,56
हफ्ते,41
शस्त्र,106
सार्थक,2
साहिल,81
लुटेरे,137
मार्गदर्शन,85
इसीलिए,15
तादाद,64
आमरण,36
दिक्कतें,172
रुकने,46
तरुण,81
बनेगी,51
प्रेषित,85
कामयाबी,70
चरणों,131
प्राण,195
वादों,48
गिनती,79
घटी,160
सूख,119
उठने,47
योग्यता,193
सनातन,106
शहरवासियों,66
कठोर,186
अंप्र,74
शुभ,57
मनप्रीत,132
पारदर्शिता,189
गंगवार,143
अधूरे,150
पाबंदी,145
सिनेमा,114
दरगाह,157
महुआ,3
उद्योगों,21
सनसनी,86
हवाओं,5
लेती,148
बचपन,87
बावत,151
दशहरा,57
रुपयों,18
हवलदार,132
ऊषा,6
शरद,81
जानकारियां,29
उपरोक्त,7
टिप्पणी,168
निभा,141
उपचुनाव,181
महोबा,45
निबंधन,56
संबद्ध,29
जितना,135
एकल,102
कुसुम,6
अरविन्द,81
जहरीला,129
कराएंगे,9
स्टाल,76
शिवानी,6
सक्रियता,189
खुलासे,60
आशय,24
थानेदार,124
प्रहार,69
मिलों,21
जागृति,38
जगजीत,132
खुलेआम,60
करण,100
जोरों,5
पाएंगे,144
पासपोर्ट,56
हिंसा,13
खाकर,78
झूठे,60
संतुलन,54
कच्चे,129
अभियंताओं,184
बदतर,162
प्रकाशन,101
राजभर,23
असली,94
त्रिवेदी,143
नारा,188
देन,163
विपक्षी,159
चमन,100
प्याज,78
जीना,133
समझाया,72
मसले,155
पृथ्वी,84
कोमल,186
पठन,101
महीना,41
सिलसिले,153
लदे,33
हेलमेट,179
व्यवसायिक,19
दस्तक,5
सर्वश्रेष्ठ,102
पाठन,49
टेलीफोन,93
डूबने,110
बढ़ोत्तरी,79
अपनाने,80
सशक्त,62
झटका,40
मानवाधिकार,121
सिद्धार्थ,81
सर्राफ,143
उद्यमियों,21
काजल,100
वैज्ञानिकों,169
गणना,193
आतंकियों,165
सबक,1
बची,152
पुनर्वास,128
केसरी,34
यानि,15
वादी,196
भटक,115
सिमडेगा,3
अग्रिम,151
बिगड़ने,162
उमड़ी,64
हटाकर,27
तंबाकू,61
मास,41
यंत्र,93
अंग,54
नियंत्रित,85
आवारा,10
भतीजे,65
नींव,163
तर्क,24
प्रतिभागी,113
आतंकवाद,165
अनंत,195
बेकार,133
भट्ठा,33
देवता,138
घुसे,115
कांग्रेसियों,159
पाउडर,119
लक्षण,54
पड़ेगी,51
वादे,197
मुलाजिमों,36
गुटों,130
उल्लेख,85
उपहार,170
भागे,115
देवर,17
इनसे,139
साप्ताहिक,101
पुकार,32
शिक्षामित्र,192
आंकड़ों,168
रोजा,64
परिस्थिति,172
शहादत,89
मोती,170
सिलाई,96
उपलब्धता,193
जानवर,10
पंखे,96
प्रबंधकों,35
लटक,115
हड़ताल,36
उपलब्धियों,131
भौतिक,84
अत्याचार,13
खैर,180
कांस्य,113
बाराबंकी,45
आकर्षित,146
गहन,29
मसीह,195
सपने,150
कुत्तों,10
पाठ्यक्रम,156
कुंतल,18
आंसू,178
गबन,60
मामा,65
निर्दलीय,181
जलाभिषेक,157
गुलाल,119
समाप्ति,41
पलटने,177
आंखें,40
पक्की,39
अभिनंदन,89
सुचारु,66
सीधी,39
ओंकार,34
बरात,171
सामानों,96
मानकों,193
स्वरोजगार,53
निर्देशानुसार,151
दर्शक,114
पीकर,61
भिड़ंत,16
प्रतिमाह,18
क्रिसमस,57
तेवर,186
पौधा,116
सबके,135
पारी,98
लोहा,33
डिमांड,173
स्वतंत्र,102
साध्वी,12
शिरोमणि,34
वस्त्र,50
खरीदी,76
बदली,4
ठहराव,54
धरातल,142
प्रमुखता,29
ताज,118
भोले,138
न्यायमूर्ति,196
जुर्माने,83
पेशी,136
मुकाबलों,113
दराज,44
गश्ती,165
भलाई,55
कृषक,158
सर्वेक्षण,193
शुभकामनाएं,57
कसर,112
जनगणना,53
बोलने,32
चादर,50
इजहार,26
दवाई,185
प्रतिभाग,20
नियंत्रक,184
नाव,110
चारा,10
तोड़ा,43
नीलामी,19
संस्तुति,193
जानते,180
घोर,186
अंकों,176
कारागार,136
उपकरणों,93
निलंबन,97
लगाम,194
साकार,150
बनाएं,88
मच्छरों,185
राज्यसभा,166
बिंदुओं,29
प्यास,74
विकलांगों,104
वस्तुओं,129
लिहाज,2
लूटा,137
तालाबंदी,36
किला,118
कक्षाएं,156
कार्यशैली,48
वक्ता,182
बौद्ध,38
उठी,152
असामाजिक,13
सदैव,183
मुहर,82
चिह्न,191
रोककर,145
पटवारी,158
रास्तों,199
अभिलेख,56
चुप्पी,168
श्वेता,6
जितने,94
नजदीकी,130
भाईचारे,108
बारहवीं,140
पढ़ा,72
स्नातकोत्तर,156
हंगामे,42
प्रज्ज्वलित,63
आजसू,159
संकीर्तन,198
किरन,6
निकेतन,175
कसने,194
आवेदक,56
बर्बादी,74
प्रदर्शित,85
मानवता,55
चंदा,83
बीमारियां,185
बीएसएफ,165
चाह,134
हटाए,111
कल्याणकारी,48
विरेंद्र,132
गुरू,12
कोटे,192
गड्ढों,33
खोलकर,149
सिफारिश,197
साक्षी,6
कोष,190
अहसास,8
कचरे,71
बर्फबारी,5
चक्रवर्ती,143
मित्रों,169
धंधे,19
उपनिरीक्षक,184
आयुष,128
घेराबंदी,25
बांट,161
कार्ययोजना,131
सितम्बर,127
किताबें,101
पढ़,32
बुलाने,46
मवेशियों,10
संतों,12
कांप्लेक्स,103
आंकड़े,168
मुक्तसर,73
बनते,67
कैमरा,93
दंगल,113
नाक,40
जनपदों,44
पूर्वाह्न,58
कुलसचिव,184
पटाखे,71
घूमने,46
धोखा,27
अभियोजन,196
लड़कियां,120
बदहाली,162
अटल,195
अधिवेशन,166
फेंकने,71
खुशबू,119
इजाजत,145
अध्यक्षों,22
मृतकों,177
ईदगाह,167
प्रतियोगिताएं,113
नीयत,60
पावन,195
क्षुब्ध,146
सीडी,93
पीड़ा,178
कापी,176
अवलोकन,85
ऊंचा,99
बैडमिंटन,113
शकुंतला,90
घोटाला,60
ओलावृष्टि,5
मत्स्य,84
आकलन,193
गुजरना,133
अव्यवस्था,162
विचारों,38
बदौलत,92
हौसला,134
दुरुपयोग,60
किन्तु,15
अपहृत,25
फंसा,155
साक्षर,53
तालमेल,131
साठ,59
इच्छुक,85
भंडार,84
पड़ोसियों,65
रंगों,50
स्वर्णकार,143
संकुल,131
नक्शा,191
पात्रों,114
लता,6
दादा,65
आवासों,125
घाघरा,110
खुराक,185
बंदरों,10
गिरे,115
प्रोन्नति,97
माजरा,73
गारंटी,197
रोजी,74
मोहल्लों,44
व्यावसायिक,102
ठंडे,5
प्रतिनिधित्व,85
गहरे,94
लगन,134
दलितों,108
समग्र,54
फेंका,71
विस्फोट,177
सेवानिवृत,97
नववर्ष,57
सजग,146
आराधना,195
प्रदूषित,142
पालिकाध्यक्ष,28
दिखने,62
भोर,58
नैतिक,121
झाविमो,159
शिक्षिकाओं,11
मोटी,39
निर्वहन,164
रद्द,145
सुनते,32
अनमोल,170
जूझना,172
बोरी,33
बर्खास्त,97
नौजवानों,120
दृश्य,191
बैठकों,22
बोरा,33
लैपटाप,96
चिंतित,146
पद्धति,163
कराटे,113
ताल,68
भिड़,16
लेगी,51
कुत्ते,10
चेहरा,40
घटनाक्रम,160
चीज,39
जागरुक,146
पांचों,7
विहीन,54
मंडलीय,184
दिनदहाड़े,137
नवनिर्वाचित,28
हल्का,119
नियत,193
ईंट,33
इनको,139
लाभार्थी,104
आढ़तियों,76
प्रधानाचार्या,11
समृद्धि,195
बिरादरी,169
निखिल,81
आंकड़ा,18
नालियां,77
कुशल,182
सहन,178
सेशन,196
लिखने,80
प्रथा,163
डिप्लोमा,156
गायों,10
लौटना,46
रश्मि,6
बड़े,94
फसलें,116
पिछड़े,53
पैरवी,197
लेखन,101
उठाव,33
मनोनीत,181
निकलकर,115
जरुरत,2
चक्र,54
बोला,180
सिकंदर,37
जोड़ी,16
संभालने,154
अफरातफरी,42
पीस,119
तरस,74
पुण्यतिथि,57
पारंपरिक,163
पिलाने,61
विमान,95
गुना,18
भाजपाइयों,159
संतुष्ट,146
रस्म,171
निराशा,178
चरम,54
कमांडर,165
सशस्त्र,165
नमी,5
ब्राह्मण,106
साधारण,62
पहुंचना,133
जंगलों,116
मताधिकार,121
प्रयासरत,70
जुड़,16
अस्थाई,97
कालीन,38
पसीना,40
प्रतिष्ठान,190
हत्यारोपी,136
वास्तविक,54
चलाना,133
आढ़ती,76
इंसाफ,55
महत्ता,164
फलों,129
मलबा,33
फूट,43
लालच,60
डटे,115
बदबू,71
मांस,78
बतायी,4
गुजरते,8
मंत्रमुग्ध,62
तूफान,5
टाल,145
मुफ्ती,37
प्रेमिका,17
रहित,122
ग्रंथ,106
मुस्कान,178
प्रयोगशाला,93
चौदह,59
गहने,96
कारखाना,21
डंडा,75
दस्ते,165
बंदूक,75
उपनिदेशक,184
जरा,180
मच्छर,185
खुफिया,165
गगन,100
जनार्दन,34
कूलर,5
कोने,115
सूबेदार,37
अघोषित,121
शिष्टमंडल,28
रामनवमी,57
तत्वाधान,20
इसपर,135
अन्याय,13
चौथी,140
खींच,161
क्रीड़ा,98
रामनाथ,23
जुआ,19
संग्राम,1
अनुशंसा,193
आत्म,195
रंगोली,198
उपाधीक्षक,184
भीड़,64
पहुंचेगी,51
खण्ड,7
प्रांत,107
खदान,33
कुख्यात,13
मौर्या,143
नियमावली,193
बदलते,54
भला,180
प्रतिक्रिया,151
किस्त,140
शताब्दी,140
दंड,13
पसरा,86
असफल,70
ऊंचाई,99
ठहराया,72
माफ,197
अभिलेखों,56
अर्जित,85
पदस्थापित,97
संभाला,154
नेपाली,102
अनुष्ठान,106
सचिवों,22
नवनियुक्त,28
शैली,163
सौहार्द,108
इंजेक्शन,185
लोकार्पण,20
जोखिम,122
वसूलने,83
रामायण,106
पक्षी,10
राजकिशोर,23
मधुबन,45
छठी,140
प्रतिवर्ष,18
मंत्र,106
टीईटी,176
नवोदय,175
बिजलीघर,66
सहभागिता,131
आर्मी,165
ध्वजारोहण,147
फेरी,64
लड़का,65
प्रतीत,148
धारक,56
चैंपियन,113
किन,180
संवेदक,93
आसार,122
खुलवाने,149
सावधानी,189
वन्य,84
लगेगी,51
भाग्य,195
आहत,146
प्राधिकार,121
विवादित,168
दूरभाष,93
कहाकि,139
जले,117
घातक,160
सिम,93
महाविद्यालयों,49
रिहायशी,125
बांधकर,43
सालाना,83
गवाही,153
मस्ती,68
उल्टी,74
विमोचन,20
खरीददारी,76
घेरे,115
चौटाला,132
पर्दाफाश,60
माथा,40
अत्यंत,62
आश्वस्त,146
स्कूटर,179
झटके,40
धड़ल्ले,16
संयंत्र,21
दुर्घटनाग्रस्त,177
देवताओं,138
सांप्रदायिक,108
धार,110
सर्राफा,76
अधिशाषी,66
तत्पर,70
पंचनामा,153
कमाल,170
दामाद,17
परामर्श,24
उज्ज्वल,126
बनेंगे,144
रखता,92
लूटे,137
धारदार,75
खबरों,168
संतोषजनक,2
आगजनी,123
निभाने,141
सांप,10
फीता,50
हाथियों,10
एकजुटता,189
निर्दोष,136
सेक्शन,52
नशीला,61
दीक्षा,12
नामित,193
जनजीवन,38
मुनि,12
लौटते,46
बागवानी,116
अल्लाह,55
सगे,65
गढ़,118
चूना,33
तलवार,40
भाईचारा,108
हड्डी,194
थोक,76
लौटी,46
प्रहलाद,34
पहुंचेंगे,144
डंडों,75
देशभर,44
मिजाज,162
बीएन,143
नमूना,170
संक्रामक,185
बुझाकर,117
भड़के,16
खुलकर,168
छापे,111
पहलुओं,29
तबादले,97
बर्फ,5
सौदा,19
तथ्य,29
निबंध,101
लगेंगे,144
लदा,33
रामानंद,34
अध्यापिका,11
मशीनें,93
बांस,116
भास्कर,81
मालगाड़ी,95
तबाही,42
खरीदे,76
सबूत,153
दुराचार,13
आयुर्वेदिक,128
शरारती,87
आरक्षी,184
दादी,17
बहुमत,181
अर्थदंड,83
ब्रज,34
एथलेटिक्स,113
संलिप्त,60
सरयू,110
बढ़ेगी,51
मंगला,90
तत्पश्चात,41
कंपनियां,21
सहायिका,11
गुमशुदगी,153
दुखी,146
कतई,24
कटाव,199
कब्रिस्तान,118
परहेज,2
क्रेडिट,19
बढ़ाए,79
जोड़कर,16
सांत्वना,178
सहज,62
अभिनव,93
आजीवन,183
रौशन,126
पुस्तकें,101
प्रतिनियुक्त,97
सरकारों,48
पक्षियों,10
बिछाने,199
माली,158
आमदनी,83
परंपरागत,163
बेटियां,17
झूठा,60
जैविक,129
अनुपात,54
सुलझाने,155
कार्यदायी,66
सर्वोच्च,102
स्वर,68
कार्मिक,184
समायोजन,54
होड़,16
जनस्वास्थ्य,66
फिल्मों,114
अकेला,183
त्रिस्तरीय,22
समझते,67
छोड़ी,16
ठंडा,5
प्रशासक,182
रस्सी,194
मुश्किलें,172
बंधन,43
कमलजीत,132
नसीहत,55
सबका,135
धुनाई,75
नशीले,61
कोहरा,5
रिश्ते,130
खरीफ,173
फाइलों,56
झांसी,45
तबीयत,162
लापरवाह,146
झड़प,130
छाए,86
ढोल,68
सराहा,72
ब्यौरा,29
बच्चियों,87
उपविजेता,113
नाकाबंदी,165
चढ़ने,99
नमन,89
खोली,149
निशाने,69
लगाएं,82
पांचवें,140
कीटनाशक,129
हाथापाई,75
पढ़ाओ,188
पार्को,125
राजी,24
समर्पण,189
चौपट,162
छठे,140
निष्ठा,189
छुटकारा,30
लगना,82
दीन,55
डीलरों,76
दलालों,76
दिला,30
विस्थापित,53
झाड़,16
अग्नि,63
चांदनी,126
राज्यस्तरीय,102
नवीनीकरण,193
भक्तिमय,198
अनारक्षित,181
इकाइयों,21
टॉप,176
बहने,110
सातवें,140
टीका,185
दस्तावेजों,56
पसीने,40
मातम,57
उर्स,157
गरिमा,189
अखाड़ा,16
मौलिक,121
अदायगी,83
बलिदान,89
प्रताड़ना,13
भैया,65
सौंपकर,154
प्री,109
उपज,173
टेक,93
क्लर्क,184
अमीर,182
जायज,197
मशहूर,182
श्रेष्ठ,62
मुहल्लों,44
प्राध्यापक,49
परमार,143
पेटी,96
घेरा,43
अंबार,71
खामियां,112
बड़ा,94
बडे़,94
निर्माता,35
दिव्य,195
वें,140
खत्री,143
आपकी,39
विचाराधीन,196
झलक,134
खलबली,42
बेचा,72
प्रेरक,62
साझा,85
महंगी,173
पंडा,34
अंतर्राष्ट्रीय,102
घड़ी,96
खौफ,86
खफा,146
स्वयंसेवी,190
तरीका,2
कार्यवाहक,28
घुसने,145
आंदोलनकारियों,36
असुविधा,172
सचेत,146
बहाना,27
त्रस्त,146
मयंक,81
आटा,119
स्वाभिमान,89
भावनाओं,105
पैसों,83
गौशाला,10
भाभी,65
खपत,173
लहूलुहान,177
मंडली,68
अधिकृत,193
जमावड़ा,64
पॉलीथिन,71
गंतव्य,46
बीडी,61
टेम्पो,179
कुपोषण,74
चढ़ाने,99
बिलों,83
रूपरेखा,191
सरल,62
चरस,61
दौड़ा,16
अंजली,6
प्रौद्योगिकी,93
शिविरों,128
मॉल,167
छीनने,80
ताबड़तोड़,16
हर्षोल्लास,57
निस्तारित,151
सरगना,137
पुरूष,120
सबकुछ,135
बनायी,4
दुल्हन,171
कुचल,75
विदेशों,44
सभासदों,22
परिचित,85
बेटों,17
मलबे,33
सैन्य,165
रक्षक,128
तिराहा,167
खातिर,55
चीजों,129
ज्ञानी,182
गोलीबारी,165
उपयोगिता,54
अवशेष,138
व्यवस्थाओं,48
आवेदनों,56
चौकसी,189
जगतार,132
कागजी,112
फंदा,194
खुदकुशी,177
मजबूरन,133
रैन,150
बयां,8
अधूरी,39
पर्चे,176
बंदर,10
शख्स,8
इनकार,24
अफवाह,86
नयी,39
चूक,164
रहेंगी,51
सेतु,199
मंडप,171
कीमतों,173
जता,26
शिक्षाधिकारी,124
रूपए,18
बदलकर,27
नाग,138
रोपाई,116
नौबत,145
बढ़ेगा,144
अविश्वास,122
नामों,29
जोड़े,16
नाते,164
चुप,146
प्रज्वलित,63
गुरदेव,132
श्रोताओं,20
चकबंदी,158
धुन,68
शान,89
परमानंद,34
विधेयक,166
बेहोशी,177
त्रिवेणी,110
पीडि़त,185
दुग्ध,21
इरशाद,37
तौल,173
वैभव,195
बेला,6
खोकर,161
शीतला,138
स्कार्पियो,179
विविध,38
गर्व,89
छत्तीसगढ़,107
संगठित,1
गाड़ी,179
उठता,148
तटबंध,199
सवारियों,95
पुस्तकों,101
सूखा,5
जयंत,81
यौन,13
सदा,183
आहूत,20
छप्पर,125
सड़कों,199
पैतृक,175
बत्ती,117
बादलों,126
अग्रणी,182
बस्तियों,125
साकेत,34
भगदड़,42
शाखाओं,44
उत्पादों,21
पहने,50
सकुशल,46
कुआं,77
गतिविधि,131
हटवाने,145
अनुमोदन,193
जनरेटर,66
चेतन,34
चरखी,96
जमाने,163
चेताया,145
अपराधों,13
मुश्किलों,172
विद्यापीठ,175
सद्भावना,108
कनिष्ठ,175
धरोहर,38
वीणा,68
दावेदार,181
नेट,176
शीर्ष,102
बंगला,118
कठिनाई,172
लुत्फ,47
आड़े,16
साहित्यकार,182
बैंकिंग,93
मुकाम,92
मिसाल,170
क्षेत्रवासियों,66
अग्निकांड,160
प्रतिकूल,122
ओलंपिक,113
चंचल,100
गुस्से,178
जिलास्तरीय,22
चेकअप,185
बाई,90
टूटकर,43
चिंगारी,117
मुकम्मल,8
पोषाहार,78
संशोधित,193
स्त्री,120
पिलाई,61
खुशियां,57
नवनिर्मित,175
हंस,100
जन्मोत्सव,57
शीशे,43
स्वर्गीय,34
बापू,12
मृत्युंजय,34
साड़ी,96
किताबों,101
हंसराज,132
चित्रकला,191
रत्न,89
कामों,131
सृजन,54
पक्के,125
बरी,136
उद्यमी,182
सेक्टरों,44
झंडे,147
असिस्टेंट,52
विशेषकर,15
दिलचस्पी,134
पहलवानों,113
जुगाड़,16
पढ़े,111
दीनानाथ,34
रोहिणी,90
कूपन,76
पुस्तिका,101
कॉपी,176
साढे़,59
प्रयुक्त,85
मात,113
जुटाने,80
भूमिगत,77
पैरों,40
लादकर,179
खस्ताहाल,162
अपमान,13
प्रतिनियुक्ति,97
पीर,37
सरपंचों,22
इशारे,27
खेली,98
आलोचना,168
कत्ल,136
पढ़ाया,49
सुमित्रा,90
मकर,142
ध्वज,147
सस्ते,173
चर्चित,101
मनमाने,48
चाल,54
जन्माष्टमी,57
पढ़ी,4
जननी,195
मुकुल,81
हटाओ,188
समझने,80
झोंक,75
दीवाली,57
रसायन,129
नतीजतन,15
नन्हें,87
रोड़,167
खानापूर्ति,112
पटाखों,71
मानकर,27
सोलह,59
निविदा,193
गतिविधियां,131
जलजमाव,77
सेविकाओं,11
पल्ला,27
आहार,78
कमेटियों,22
भोजपुरी,114
पायल,6
सचल,93
हौसले,134
बजकर,58
फैले,86
तत्परता,189
एहसास,8
वृक्षारोपण,116
जगी,134
उज्जवल,126
नगीना,118
लाईन,95
सुलभ,62
दुर्घटनाएं,123
मूल्यों,38
आयोजकों,20
विरासत,38
उन्मूलन,1
उतरकर,14
सरिया,33
मुठभेड़,165
देशभक्ति,68
वैद्य,143
उदासीन,146
ताक,92
प्रेक्षक,184
भरमार,60
लाइनें,95
घोसी,45
फरियाद,32
रामा,34
मुसलमानों,108
बकरी,10
उर्वरक,21
दफ्तरों,44
प्रेमियों,169
हैदराबाद,107
प्रधानाध्यापिका,11
सर्वप्रथम,102
थमने,86
केरोसिन,173
ग्रामसभा,22
उत्पात,42
कॉलोनियों,44
महाशिवरात्रि,157
कच्चा,78
नौवीं,140
अमीन,37
खस्ता,162
ध्वनि,93
अलमारी,96
संवेदना,178
आंगन,118
बोलते,67
बिरसा,3
पाएगी,51
तबाह,161
व्यवस्थापक,35
वैध,193
शशिकांत,81
आपात,128
लकड़ा,132
विस्थापितों,169
पीटने,75
दस्ता,165
सैकड़ों,169
अखबार,101
समूहों,169
मिलनी,30
बोगी,95
सूचनाएं,29
खादी,21
पौधारोपण,116
प्रधानाध्यापकों,192
अनहोनी,160
परमेश्वर,195
प्रश्नपत्र,176
सलामी,147
पहनाकर,50
बेवजह,27
मिलावट,129
बलराज,132
व्यवस्थाएं,48
सरेआम,75
ग्रस्त,122
प्रभा,6
सभाओं,22
जरूरतमंदों,104
फरियादियों,124
गर्भ,87
सिमट,161
अभद्र,13
अत्याधुनिक,93
इशारा,27
मक्का,78
सुलह,130
गुरुकुल,175
परम,195
अवरुद्ध,145
बनवाया,72
करवाएं,9
लिफ्ट,187
साधा,69
खिलाडि़यों,98
फंदे,194
गुरनाम,132
बुआई,173
बचाई,177
बूंदाबांदी,5
नतीजे,8
प्रतिभाओं,89
आकस्मिक,160
दबाकर,40
विकराल,162
मारवाड़ी,53
बांधा,72
पात्रता,193
विज्ञप्ति,193
बलवान,34
कानूनगो,184
श्रृंगार,198
चाबी,96
घटित,160
टमाटर,78
गर्दन,40
शास्त्र,106
गाकर,68
बहाव,110
अंग्रेजों,1
चुंगी,167
फौज,165
अवहेलना,145
बिंदु,54
मांगपत्र,197
बंदोबस्त,83
अस्त,126
कन्याओं,171
आनी,4
वांछित,193
चलाता,148
बयानों,168
दोस्ती,130
निपटाने,155
अकेली,152
भल्ला,143
दुर्दशा,162
लेगा,144
रेडियो,93
परचम,147
जतायी,26
कड़ाके,5
मोर,10
कुर्बानी,55
प्रदेशों,44
चौड़ीकरण,199
पैनी,189
धक्के,75
नशीली,61
अलका,6
गुलदार,10
चाहा,133
मिटाने,80
जबाव,168
आयुर्वेद,128
अभिनय,114
गाने,68
अर्बन,52
पदयात्रा,64
मिलीं,152
दोष,122
दांव,98
निचले,94
चोटिल,177
सच्चे,12
किश्त,83
उड़ान,150
तारीफ,170
जबरदस्ती,27
नहाने,110
काटी,4
थानाध्यक्षों,124
लीक,176
दामोदर,34
भयभीत,146
वायु,84
मुकदमों,196
कीट,84
विवादों,155
गुणा,79
गांजा,61
गहराई,110
लड्डू,78
एम्बुलेंस,179
तैसे,115
दया,195
बंधे,43
क्षेत्रफल,53
उतना,135
हैरान,146
अभिमन्यु,81
अत्यधिक,122
तुम,180
सहयोगियों,169
रेस्टोरेंट,187
हरसंभव,70
सीखने,80
किस्मत,150
लेखपालों,124
परिवेश,142
सहूलियत,2
संभावनाएं,122
कुरीतियों,163
सेब,78
वरदान,195
महापंचायत,158
चारदीवारी,125
असहाय,104
हावी,86
मध्यम,94
उच्चतर,175
छोर,167
जुड़ने,80
तेरह,59
काव्य,101
अंदेशा,26
बनाम,196
बेखौफ,137
चौथा,102
मशाल,117
पदभार,154
मायूस,146
रोकना,133
फटने,177
अकाल,74
पड़ता,133
पौड़ी,174
शिखा,6
निशांत,81
पड़ी,152
फिरौती,137
लोकपाल,166
दबा,161
बदनाम,60
हुनर,170
पांचवीं,140
दोपहिया,179
उठकर,115
जानकारों,169
लेनदेन,19
मनोबल,189
बुराइयों,55
औसत,193
पुत्रों,17
लेखक,182
गृहस्थी,183
सभापति,28
वरना,88
वापिस,46
नवाब,37
बेरी,73
आंतरिक,54
पासबुक,56
अंगूठी,96
पार्टियां,159
दंपति,17
कैशियर,184
उपवास,74
सियासत,159
भगाने,80
उपमुख्यमंत्री,28
अतिक्रमणकारियों,125
स्वार्थ,55
खुलवाया,149
सपनों,150
खाकी,50
क्रमिक,54
लगीं,152
रोकर,178
चचेरे,65
एंव,7
वास्तव,15
दस्त,74
रिकवरी,52
मायने,2
तहसीलों,44
दावों,168
थमा,27
रुके,46
मुरली,34
बताये,111
सम्पर्क,85
प्रत्यक्षदर्शियों,177
आरोपित,136
वर्णन,85
बताती,148
मेहमानों,171
नवदीप,132
हल्के,40
शासकीय,175
जलाया,117
चलो,180
सरोवर,138
आपका,135
कोषागार,184
जमाया,92
बढ़त,79
सौजन्य,191
खरा,14
प्रारूप,193
नाका,167
राना,132
दोहरे,186
सोम,34
अलीगंज,45
प्रसन्न,146
धुआं,117
नलकूपों,66
दर्शाया,72
महागठबंधन,159
चार्जशीट,153
अनुपस्थिति,164
संक्रमण,185
पौध,116
औषधि,128
जीवित,183
दूभर,133
परवाह,26
प्रतिष्ठित,182
नमक,119
अंतराल,41
रौंद,75
रुका,145
चिराग,117
डूबे,110
महंगे,94
सौंदर्यीकरण,199
परिवारीजनों,17
आध्यात्मिक,12
वर्षीया,11
त्यौहार,57
कड़ी,151
हैरत,180
मूर्तियों,198
गिरते,115
प्रतीक्षा,151
भटकना,133
मातृ,89
देशराज,132
हाहाकार,42
फुल,52
दूरदराज,44
बेशक,15
सम्बोधित,20
फिराक,70
उन्नति,38
आनन्द,195
बिखरा,161
एकाएक,115
रुकी,152
मजाक,27
बहा,110
चौड़ा,199
जीती,113
मस्जिदों,125
रिहाई,136
तफ्तीश,153
अस्सी,59
चकिया,45
सर्विलांस,153
सैलाब,110
अता,37
पावरकॉम,66
इस्पात,21
उपयोगी,2
काका,34
प्रशिक्षुओं,156
वसूले,83
खालिद,37
भरपाई,83
चूल्हे,117
छात्रवृति,49
महापर्व,57
महल,118
चास,174
दिवंगत,182
मैराथन,113
गेंद,98
गुरचरण,132
गोपी,34
शिवाजी,34
प्रज्जवलित,63
शांतिपूर्वक,142
दरिया,110
मानसी,6
प्रभातफेरी,64
मर्जी,164
दिव्या,6
सीटी,68
हटवाया,145
रंगे,50
समाजिक,38
उखाड़,16
मजार,157
सीने,40
निकायों,22
घूमते,115
हरेन्द्र,23
गुड़िया,96
सौर,84
प्रतिष्ठानों,21
अभिनेता,114
तेजाब,119
हॉस्पिटल,185
वृक्षों,116
आत्मनिर्भर,53
दौड़े,16
पहुंचीं,152
खाया,78
बाघ,10
संक्रांति,57
विपणन,21
पटाखा,76
केमिकल,129
ठिकाने,25
जमे,115
दबाने,80
परीक्षक,109
जन्मदिवस,57
हत्यारे,136
हास्य,114
आदत,162
असल,15
बरसाती,5
गणपति,198
सावधान,146
उसपर,135
गेंहू,173
बहल,81
लोहड़ी,57
निर्देशक,114
पूंजी,19
नैन,100
प्रतिमाओं,198
पहलू,54
कमाने,19
मक्खन,78
बैल,10
सच्चिदानंद,34
बेकाबू,162
शुरुआती,41
बस्ते,96
रोते,115
सस्ती,173
गर्मियों,5
असुरक्षित,146
नन्हे,87
झुलसी,177
अग्रहरि,143
आपातकालीन,128
खरीदकर,76
खासे,146
ठंडी,5
धीर,100
मुबारक,57
सजावट,62
पुरोहित,143
टीके,185
रक्षाबंधन,57
छोड़,46
सैर,46
सोचा,180
छोड़े,16
लगवा,82
लाइनमैन,66
वीडियोग्राफी,153
गिट्टी,33
आश्रितों,192
कीर्ति,34
छिपे,115
प्रदर्शनकारी,36
नाके,167
हरिश्चंद्र,23
अप्रिय,160
कारी,37
गयीं,152
शिवरात्रि,157
दीवारों,125
रेशम,21
स्वराज,1
आकार,54
कैमरों,93
उम्मीदें,134
दिलवाने,30
प्रजाति,84
बिस्तर,96
पैमाइश,153
गुम,161
भ्रष्ट,60
कोयले,33
समर्थित,85
आश्रित,183
काफिला,64
मेहंदी,119
सबकी,39
उलझ,155
कतारें,125
औपचारिकता,112
धज्जियां,48
आंशिक,193
दीवानी,196
सीरीज,113
यादगार,170
दावेदारी,181
तिरंगा,147
असंतोष,122
सेंध,82
सृष्टि,195
तेंदुए,10
एक्सरे,93
रिफर,177
शिष्य,12
उधार,83
बंगाली,182
जरुरी,2
कदाचार,60
गुजारा,8
गलियां,125
चप्पे,125
किराना,76
खामियों,172
निष्कासित,145
सुल्तान,37
उनपर,139
ठहरने,46
विश्वविद्यालयों,49
खुशहाली,55
जौहर,143
सच्ची,39
जादू,170
भोज,171
झुग्गी,125
तथ्यों,29
लूटकर,137
सीढ़ी,99
प्रणव,81
अड़े,16
सुंदरीकरण,199
सती,90
पर्दा,47
नेत्री,159
आजकल,15
छलांग,99
होलिका,117
तराई,107
गवाहों,153
प्रखण्ड,3
दिनांक,193
चाहिये,133
मंत्रिमंडल,166
कुंज,138
छतों,125
टकराई,177
सोनम,6
पर्वतीय,107
जमीनों,125
आईटीआई,52
अचेत,177
एसबीआइ,52
सजी,198
ट्रेनर,52
नीम,116
सभ्यता,163
दुरूस्त,92
सलाम,89
गोपनीय,29
पेंच,194
कुष्ठ,185
नजरअंदाज,27
संतान,17
उपप्रमुख,28
अदालतों,196
वायदा,197
जिम्मेवार,164
करीबी,130
प्रश्नों,168
रोके,145
गोलियों,75
आंकलन,193
कंधे,40
समूचे,7
जेठ,17
असमर्थ,70
सिगरेट,61
विदा,46
नोकझोंक,130
राजभवन,118
झूम,68
बसेरा,150
हैरानी,26
काजी,37
महबूब,37
खंडों,44
परिवर्तित,85
हमलोग,135
औसतन,59
मौखिक,29
जत्थे,64
निकलता,148
गैरहाजिर,192
उदघाटन,20
साहस,189
प्रसारण,20
दंश,178
स्रोत,29
लदी,33
बागान,116
बुद्धि,105
कलम,40
तहकीकात,153
सातवीं,140
जुड़े,29
बैठाकर,31
झूठी,60
दशकों,41
मोर्चे,1
शशांक,81
पालकी,64
अलबत्ता,15
तख्त,31
तालियां,68
चना,78
लंबाई,199
दवाइयों,185
रिश्ता,130
कहता,180
सांगवान,132
प्रीत,100
अगुआई,1
माथे,40
नसबंदी,128
ग्रामों,44
पडे़,133
ठेला,179
जलाशय,77
शनि,138
खिलाड़ी,98
दिमाग,105
फर्श,33
नंबरों,176
शीशा,43
नाजायज,60
राजकुमारी,90
बैराज,199
विकासखंड,45
गोदामों,173
अपनाया,72
उगाही,83
बैठकें,112
पट्टा,96
भूरा,50
प्रमंडलीय,3
झेलना,133
डायरी,101
विनीता,6
प्रशस्ति,89
बलात्कार,13
जानकार,182
सस्ता,173
संरक्षित,85
घने,116
संयोजन,54
आईं,152
पहुंचती,148
बंधी,43
सेकेंड,59
निराला,34
दरकिनार,27
लाठियां,75
बुराई,55
रूपी,195
संबधित,29
आत्मदाह,36
सर्द,5
वारंटी,193
उम्मीदों,150
फोड़,43
नगरीय,53
उद्योगपति,182
स्पर्धा,113
रथयात्रा,64
बताएं,180
उपयुक्त,2
डग्गामार,179
निमंत्रण,46
इमारतों,125
कस्बों,44
रखती,92
सम्राट,182
जाहिद,37
राजमहल,118
श्मशान,138
मधुमेह,185
ठिकाना,8
स्वस्थ्य,183
कबूल,153
रूचि,134
बारीकी,153
सृजित,85
अभियोग,136
धैर्य,189
गल्ला,76
दीक्षांत,20
चाक,186
व्यायाम,128
असीम,195
दिनचर्या,183
सम्मिलित,85
स्वयंसेवक,190
उतनी,39
जागृत,134
पुस्तिकाओं,176
आदिवासियों,53
निरंकारी,12
चक्की,33
गेंदबाजी,98
नाबार्ड,190
छीनकर,75
रुझान,79
प्यारे,87
गान,68
मेधा,176
अफीम,61
मनमोहक,62
विभोर,89
व्याख्यान,20
शिथिलता,122
त्रिलोक,34
शर्ट,50
पंडालों,198
चकमा,25
दंगा,108
बेची,76
गिराने,80
मर्यादा,164
दांतों,40
फायदे,2
बंधु,182
चढ़े,99
पोषक,129
छीना,161
बिचौलियों,76
चलाये,111
निरीक्षकों,184
अगला,8
जिनसे,139
तंगी,172
आकृष्ट,146
शिवलिंग,138
पढ़कर,32
चीजें,129
ज्यों,100
पंचायतें,22
झूठ,60
पहुंचाना,133
बैरंग,46
टैगोर,143
प्रचारक,182
कारों,179
सेवानिवृत्ति,97
झूमने,68
करारी,159
तोहफा,170
डकैतों,137
झुंड,10
पड़े,133
खंडेलवाल,143
बताओ,180
पंचमी,57
चहारदीवारी,125
जुबान,149
न्यास,190
सुनीं,32
कृषकों,158
ऊपरी,40
गढ्डे,77
मुनाफा,19
घाटे,19
गोबर,71
अनुकूल,142
संयोग,160
प्रवर्तन,193
दबदबा,92
नक्शे,191
उनलोगों,139
रेलखंड,95
भट्टी,117
संलिप्तता,60
देखें,88
बुंदेलखंड,107
हानि,122
उतरा,14
बेरहमी,75
चकराता,45
इंजीनियरों,93
भूस्खलन,199
हमलोगों,135
अध्यक्षा,28
मिलावटी,129
फंसी,155
ग्रसित,185
बढ़ाना,79
ठिकानों,44
बनवारी,23
मशीनरी,21
रहस्यमय,62
ग्राम्य,53
वाणी,195
नारियल,119
तबियत,162
मंजर,8
धरपकड़,25
अंकिता,6
तीज,57
रशीद,37
मुख्यालयों,44
बखूबी,164
दखल,145
प्रबल,122
उपेक्षित,146
खेप,173
बेचकर,76
निपटा,155
दफा,8
साध,69
छापामार,1
पशुपालकों,10
पेंशनरों,192
सच्चा,12
कष्ट,178
माननीय,196
भरना,91
रिश्तेदारी,65
पंखा,96
निजीकरण,48
प्रधानाचार्यो,11
लड़की,120
बहुजन,159
हरिजन,158
पीपल,116
प्रेरकों,192
दर्दनाक,160
खिसक,115
कटकर,177
जिलाधीश,184
झूमे,68
पाप,13
मिर्च,119
उल्लास,57
बताना,133
हटने,145
करूंगा,144
सीमांत,107
व्यापारिक,19
आयोजनों,20
गृहस्वामी,17
पूर्वोत्तर,107
दावत,171
सुनाकर,32
पते,56
जाग,134
कासिम,37
पढ़ते,67
ब्रांड,21
भागों,44
व्यवस्थित,2
तलाशने,0
ट्रॉली,179
रोकी,145
त्योहारों,57
खर्चा,83
रामलखन,23
अग्रसर,85
ब्रह्मा,138
कांता,90
देहाती,53
सीसे,119
क्रिया,54
वाटिका,118
नौकर,17
कुंभ,157
साधे,69
सफाईकर्मी,192
तबके,169
आपत्तिजनक,13
साले,65
अपनों,55
खटीमा,45
अभिजीत,81
जिम्मेदारों,112
खिलाकर,78
संबंधों,130
सरना,132
मटर,78
फाड़,16
संपदा,84
असमंजस,172
बढ़ाते,79
हेराफेरी,60
अनावश्यक,122
बहनोई,65
परीक्षाफल,109
अंग्रेज,182
वाहवाही,68
भयंकर,160
पीलिया,185
सौगात,150
फेरबदल,193
डालें,88
त्रिभुवन,34
राई,119
अन्दर,115
गड्ढा,33
आफत,5
पिछड़ी,53
आन्दोलन,1
चुनी,4
अर्थात,7
सूखने,119
मेहर,37
मुसलमान,108
बमुश्किल,59
चौड़ी,125
सुस्त,186
परेशानियां,172
प्रस्तावों,131
अनेकों,7
खरे,14
पोखरे,77
जयकारे,188
बकरीद,57
बरामदे,115
निराधार,60
जवाबदेही,164
चिंताजनक,160
वायदे,197
सता,86
तीखी,168
कटा,40
कलह,130
लखविंदर,132
पहुंचता,148
बीजद,159
अंश,29
सांसदों,166
लाएं,88
महानिरीक्षक,184
यापन,183
आशु,81
लोकायुक्त,166
मण्डल,190
ट्रॉफी,113
सैंकड़ों,169
कब्जों,125
राही,37
भागा,115
अन्यत्र,7
मोहर,82
दाग,119
अजीज,37
बौद्धिक,38
प्राय,7
प्रगतिशील,38
डिब्बे,95
पंचम,143
मनाए,57
अराजकता,86
साईं,12
जिसपर,15
दुश्मन,55
अपेक्षित,193
खसरा,185
लटके,115
दिग्गज,182
आचरण,48
पेय,61
दयाराम,23
शराबी,61
कारखाने,21
झुलसे,177
घुसा,115
प्रतिपक्ष,166
करवाते,9
आगनबाड़ी,52
हलचल,42
हेलीकॉप्टर,199
झाड़ियों,116
मुकदमें,136
चौकीदारों,124
पहुंचाई,4
लगानी,82
ग्राफ,79
गोकुल,34
सुगम,2
समाधि,12
वारदातें,123
परवान,99
घाटशिला,3
प्रेसवार्ता,20
सर्वजीत,132
प्राणी,84
कुपोषित,87
जताने,26
उन्नत,93
भतीजा,65
रोचक,62
दंगे,108
धमाके,177
आश्चर्य,26
सचान,143
दायित्वों,164
सज्जन,182
दुबारा,135
नवमी,198
सर्वागीण,53
अनजान,146
जुडे़,29
कटे,40
रोने,32
शिक्षिकाएं,11
फतेह,37
ईमानदार,182
बल्लेबाज,98
अराजक,142
तोड़,43
हरेक,94
बंटवारे,130
आत्मसमर्पण,136
हेमराज,23
बयानबाजी,168
हुजूम,64
मजा,8
जातियों,169
कवियों,169
ऊंचे,94
माओवादी,165
कड़ाई,48
पत्रिका,101
गोवंश,10
छिपा,161
आसन,31
अर्चन,198
शोकसभा,64
निरोधक,128
खंभों,125
सिखों,73
बिकने,76
भट्टाचार्य,143
आनाकानी,197
क्षतिपूर्ति,83
चमक,126
हरिहर,34
भाईयों,65
जसप्रीत,132
बिगड़ी,162
मार्गों,199
गुटखा,61
आधिकारिक,102
दिनहाटा,174
मानसिकता,163
सर्वशिक्षा,192
श्रमदान,77
परिश्रम,186
झाड़ू,71
अरोरा,143
खूंटी,40
कार्यकत्री,11
भूजल,84
माधुरी,6
मानो,135
बैनामा,56
उम्रकैद,136
यकीन,8
ब्लू,50
कटी,40
अवस्थित,107
जलकल,66
बनाएंगे,144
रुकवा,145
कहें,88
छूटे,161
इरादे,70
गुणवत्तापूर्ण,131
मनाते,57
युवराज,98
छाप,191
पल्सर,179
अंशकालिक,192
अध्ययनरत,49
फर्जीवाड़ा,60
दीदार,150
पत्रक,56
एतराज,26
फरीद,37
रास,68
गनीमत,112
फुसलाकर,27
बुझा,117
अनुश्रवण,151
टिकी,194
सुन्दर,62
बिन,37
तरीकों,131
इंच,18
जलवा,92
खेतीबाड़ी,158
भागकर,115
विरोधियों,159
गरम,119
चार्ट,193
पेड़,116
लिंग,54
बल्ब,126
जनों,169
कसा,194
विराट,98
आत्मविश्वास,189
बेचे,111
चेहरों,169
बाजपुर,45
पेशे,182
प्रस्थान,46
गुड़,119
छिपी,152
प्रतिस्पर्धा,113
बेचते,76
शासनकाल,121
मिलें,88
खलिहान,116
दामन,40
भयावह,160
नाट्य,114
बाट,96
जिनको,139
गोमती,110
होनहार,182
खुशहाल,183
पुरजोर,70
अपार,178
वरीयता,193
सुर,68
मैचों,98
दंत,128
वकालत,197
सट्टा,19
टकराव,130
भेजना,133
लपटें,117
हरित,84
अभिकर्ता,184
सिक्के,96
पिलाकर,61
ढुलाई,33
आदेशानुसार,196
युवतियां,120
सुलझा,155
बेसहारा,104
मानवीय,38
महत्वाकांक्षी,182
विस्फोटक,129
आशियाना,150
बोध,54
बराबरी,121
दुपहिया,179
रविकांत,81
खीर,78
शक्ल,191
रसोइया,11
आकांक्षा,134
दबे,115
कर्मजीत,132
दरार,130
फौरन,145
संप्रदाय,108
श्रृंखला,191
ढूंढने,80
प्रसन्नता,178
खोजने,80
बॉलीवुड,114
खजाना,170
रूटों,95
उपासना,195
संग्रहालय,118
श्रद्धासुमन,89
मादक,61
प्रत्यक्ष,54
पारदर्शी,142
राहों,150
रखाव,131
दोहन,84
निषेध,145
रिटायर,97
जीजा,65
मुक्की,75
निर्यात,21
आजीविका,53
मनायी,57
जली,117
बिछाई,4
पच्चीस,59
शिवराज,34
निकटवर्ती,7
दृष्टिकोण,54
दांत,40
कृत्रिम,84
मूर्तियां,138
बेघर,125
लोडिंग,95
लाद,33
भटकते,115
गहनता,153
चिकित्सीय,128
पदम,132
कानों,32
रियाज,37
यंत्रों,93
पटरियों,95
विराम,145
फैंसी,50
शाहगंज,45
पलटी,75
चौड़ाई,199
रईस,37
मरे,177
जीविका,19
दंडित,13
एग्रो,52
विचारधारा,38
अख्तियार,92
पहाड़ों,116
जुर्म,13
वीआइपी,95
मंडलों,22
सशक्तिकरण,53
पुनर्गठन,193
मोड़,167
शीर्षक,101
खंगाला,153
बचाना,133
हितैषी,182
उपलब्धियां,131
गुरुद्वारे,73
समृद्ध,38
किशोरियों,120
पोखरा,3
रूख,48
जुटने,64
वृद्धावस्था,128
भागते,115
डूबा,110
चारपाई,31
परीक्षकों,109
स्नेह,178
ननद,17
आदर्शो,48
खासतौर,15
उपाधि,89
झूला,118
राजगीर,3
विराजमान,138
आंदोलनकारी,36
सिलेंडरों,173
अल्पसंख्यकों,108
कूदकर,99
काफिले,64
मंजिला,118
पाला,10
समझकर,27
नामी,182
माताओं,87
चिकित्सकीय,128
लोकतांत्रिक,121
जोहड़,77
जूते,96
बोधगया,3
टोपी,50
बनवाए,111
चढ़ाया,99
शिकस्त,113
सरकारें,48
थानांतर्गत,174
संतुलित,2
जहमत,47
सहमे,115
मुद्रा,19
स्वाति,6
उपमुखिया,28
संभवत,15
रीति,163
गुत्थी,155
दिलशाद,37
प्रवासी,102
घरवालों,65
रिसाव,77
तपिश,5
सैलानियों,157
सिखाया,72
पुतले,117
लड़ी,16
आजिज,162
नामांकित,181
बलि,10
घाटा,19
बढ़चढ़,64
बदसलूकी,13
चुस्त,186
भरते,91
फेंके,71
विकलांगता,128
पुर,37
नूतन,6
पापा,65
स्मरण,195
प्रक्षेत्र,53
शिखर,102
होशियार,146
अफसोस,26
मायूसी,178
खूनी,1
खडे़,115
मेंहदी,119
यूनियनों,36
श्रुति,6
जख्म,91
फीडिंग,56
कराएगा,9
तीव्र,122
जीवनी,101
शौक,134
कुंडल,96
जलमग्न,77
किसने,180
समझी,4
मोक्ष,195
पट्टे,193
बचाकर,161
खानपान,78
इनामी,137
फहराया,147
खुदरा,76
शेरपुर,45
निर्भय,100
बजाने,68
सुनसान,167
बेबुनियाद,60
वहन,83
हवालात,136
क्षत्रिय,106
किरदार,114
डोडा,73
अभिकरण,190
पत्थरों,33
पुलों,199
धरा,161
महापात्र,143
खिल,161
जगाने,134
झूले,116
आमसभा,64
प्रशिक्षकों,192
भिजवा,46
बनें,88
जनमानस,38
लगवाए,82
स्वाद,78
अंत्योदय,104
खड़े,115
केला,78
तारिक,37
प्यारा,62
चारो,86
पहरा,145
निगमों,44
परे,161
विद्वान,182
जनसेवा,104
जोड़ों,185
रीढ़,194
उठाएं,47
लाते,67
व्यर्थ,122
दरकार,70
उतारकर,14
महक,119
गजल,68
गाजे,64
गृहमंत्री,28
लोकप्रिय,62
कमियों,172
सेनानियों,169
गाए,68
कुल्हाड़ी,75
कारीगर,21
अनियमित,84
द्वारिका,138
आहुति,63
शास्त्रीय,106
इंटरसिटी,95
ढाका,107
समाजसेवा,104
प्रबंधों,131
बजरी,33
पटल,191
ठेले,76
नजीर,37
गुंजन,6
जाप,12
पखवाड़े,57
सटीक,2
निकाह,171
परगना,3
बादशाह,37
संस्थागत,131
स्वामियों,169
घात,75
अनुमंडलीय,3
स्थलीय,84
पत्रावली,56
शतरंज,113
मौसमी,5
अंशु,81
चुन,161
सुनाते,32
दुर्गापूजा,57
पहुंचेगा,144
कूड़ेदान,71
पौराणिक,38
दबकर,177
दिखता,148
पीले,50
कायरें,131
मृदा,84
हत्यारोपियों,136
योगा,12
दौलत,55
मन्दिर,138
फर्ज,164
कुचलकर,75
व्यतीत,183
मांगते,197
गुण,129
बेल,116
अटूट,189
सूफी,12
ऋतु,100
ताजिया,64
पूछ,180
प्रमाणित,85
संस्कारों,163
प्रतिद्वंद्वी,113
संशय,122
सेवादार,73
जच्चा,87
धनखड़,132
फिसल,161
खूबसूरत,62
बैठेंगे,144
रूपया,18
भुखमरी,74
सभाकक्ष,20
कागजातों,56
नहरी,77
सिखाने,80
माहिर,80
सेल्समैन,76
कंटेनर,33
विक्रांत,143
जिम,35
धरे,115
अधीनस्थ,184
चप्पल,96
सीआइएसएफ,165
बनीं,152
अंधाधुंध,129
मोहर्रम,57
एजेंसियां,190
गंडक,110
हजारी,143
मीर,37
उमंग,134
पीला,50
प्रवाहित,110
आदी,183
शहरवासी,66
चिंतन,38
बांटकर,161
जलेसर,45
कबाड़,71
पर्वत,138
करनेवाले,67
भाड़ा,187
सदमे,160
बांधने,80
आधारभूत,29
थाली,78
उतारू,145
खांसी,185
नोटों,96
महंती,143
खिचड़ी,78
धोने,40
सहायकों,192
मुनीष,132
फरियादी,124
दबंगई,137
दोहरी,39
प्रतियोगी,109
बच्चन,143
जोगेंद्रनगर,45
वर्चस्व,92
महापुरुषों,12
कट्टा,137
जनविरोधी,48
हुंकार,188
मोमबत्ती,117
जीवों,84
संगीन,13
शुमार,92
समायोजित,193
हालातों,162
खजाने,83
झमाझम,5
मीठा,78
आंगनबाड़ी,11
डांट,75
नेक,55
सवालिया,168
संरचना,54
प्रभावितों,169
शफीक,37
चरमरा,162
अलविदा,46
सद्भाव,108
खरीदना,76
निचली,196
हेमा,90
नील,100
डुबकी,110
घटा,79
दुष्यंत,81
अन्न,78
खड़ा,115
घुटने,40
एजेंटों,169
मारामारी,42
डालना,133
मैक्स,93
भूखे,74
प्रभाग,190
लाभकारी,2
प्रवृत्ति,54
पधारे,20
तेंदुआ,10
अपराधिक,13
दौड़,113
दही,78
दंग,115
चारे,10
उड़ाने,16
असंतुलित,122
दिलाए,30
पीना,61
सत्यवान,23
खरी,14
घूमकर,115
भ्रम,122
बकाए,83
चिल्लाने,32
कूच,46
कायाकल्प,131
खुशियों,150
संवैधानिक,121
बोलकर,27
मनोरमा,90
बहनें,17
उपद्रव,42
उपराज्यपाल,166
चुनने,80
टकराने,43
आमतौर,15
माओवादियों,165
ससमय,151
आपने,139
सज्जा,62
बैसाखी,57
बीड़ी,61
सिद्धांत,54
गांववासियों,158
क्रांतिकारी,182
प्रख्यात,182
खातुन,37
प्रश्नोत्तरी,29
लगाएंगे,82
सब्जियां,78
उदयवीर,23
कर्तव्यों,164
लपटों,117
बाधक,122
निकालना,133
छाई,86
डोली,171
काटते,115
चूल्हा,117
अर्से,8
स्कीमों,48
कान्वेंट,175
वत्स,143
राग,68
भूगोल,38
बजरंगी,34
लेफ्टिनेंट,52
अंचलों,44
किसके,180
लौटाने,80
सूचक,54
तपन,100
प्राक्कलन,193
जेलों,136
प्रभावशाली,62
शराबबंदी,61
दलील,197
स्त्रोत,29
बुरे,94
गिर्द,115
पहन,50
परिचर्चा,20
आभा,126
जाखड़,132
ज्वाला,63
रची,4
मंत्रोच्चारण,198
घोटालों,60
चरणबद्ध,131
उखड़,16
दूल्हे,171
सांख्यिकी,93
दक्षता,189
वित्तविहीन,192
अरसे,8
झुलसा,5
निकालते,67
तालीम,49
बकायेदारों,66
मूंग,78
देवा,34
आगाह,146
अष्टमी,198
नेत्रदान,104
लौह,129
गजेन्द्र,132
लेंगी,51
दायरा,79
खुलेगा,149
घटने,79
परिधि,7
उपचाराधीन,177
सुशासन,48
प्रीती,6
सिखाए,111
श्रोता,32
उमड़े,64
प्रबुद्ध,182
जौहरी,143
हड़पने,16
कानूनों,48
पत्राचार,156
पीली,50
चुनौतियों,172
खदेड़,16
अतरौली,45
उत्पादक,21
सत्तर,59
बेचैनी,178
उद्योगपतियों,169
सूक्ष्म,84
शायर,182
लथपथ,177
व्यवधान,122
भुइयां,3
पुरातत्व,38
नाटिका,114
अनावरण,85
अनुचित,122
अभियंत्रण,184
चाहत,134
कटवा,40
अंजान,150
प्रिय,62
इबादत,55
नकाबपोश,137
संभाली,154
झरिया,3
जानबूझकर,27
घिरे,86
दुर्भाग्यपूर्ण,160
मूक,114
संवारने,0
औपचारिकताएं,112
भुवन,34
बजते,68
प्रवास,46
रूक,145
एजेंडा,159
बोलबाला,86
जानना,180
दवाब,122
लिखाई,153
ऋषभ,81
बकाएदारों,66
बैरक,118
गंगाजल,119
चैत्र,57
लेखाधिकारी,184
फंसाया,60
अधिप्राप्ति,193
बरसे,69
रिश्तों,130
पंडितों,169
तमन्ना,134
प्राध्यापकों,49
बोतलें,61
अपितु,7
राधाकृष्ण,34
कयास,82
पिलर,199
खड़ी,152
बढ़ना,79
हवेली,118
रहस्य,155
त्वचा,128
शुभारम्भ,20
हिस्सेदारी,19
असलहे,137
प्रेमनगर,45
साधू,12
पलटा,145
सत्ताधारी,159
पन्द्रह,59
पीरो,174
उल्टा,27
संयम,189
रोड़ा,16
सूरी,143
स्क्रीन,191
ठेकेदारी,19
तेरे,150
कांटे,40
फंसने,155
जद्दोजहद,70
व्रतियों,198
शिल्पी,143
फुटपाथों,125
सिरदर्द,185
प्रस्तुतियों,20
पंचों,22
मुनासिब,133
परसा,174
अमावस्या,157
स्थिर,183
बैट्री,66
निखारने,0
खींचने,80
बिगुल,188
निर्धन,104
समझना,133
पात,119
परिणामों,54
आपबीती,32
दरम्यान,8
पिकनिक,142
आहवान,1
खंभा,43
मंहगाई,173
पगड़ी,50
मेजबान,113
गुटबाजी,159
बरसी,57
त्रासदी,160
वालीबॉल,98
अद्यतन,193
संवर्ग,192
पालना,164
लौटकर,46
कुत्ता,10
सानिध्य,12
प्रावधानों,48
वस्तुएं,129
औपचारिक,193
करवाएंगे,9
घोषणाएं,112
दबोचे,25
लटकी,194
कैसा,180
सर्वोदय,175
सांय,58
कक्कड़,81
सशक्तीकरण,53
बेतरतीब,125
उफान,110
रंगीन,50
मुश्ताक,37
आशाओं,150
बनाओ,144
जागीर,158
सोते,115
तुषार,100
नीतियां,48
गुजरती,148
गर्भपात,128
दाह,117
पहनने,50
दूरसंचार,93
सुंदरता,62
छिपाने,80
पकड़,25
संक्षिप्त,29
कांडों,13
समझाकर,27
चर्चाएं,112
देंगी,51
मान्य,193
रैकेट,60
भिड़े,16
शाल,96
फजीहत,112
तांत्रिक,12
विभूति,34
पकड़ा,25
बरतें,189
सजाने,0
सुरक्षाकर्मी,165
बड़ों,87
जोखा,92
उठाएंगे,47
निकटतम,102
अरमान,150
गतिरोध,130
सरोकार,38
टुकड़े,161
छुड़ाने,25
जवाबी,165
अथारिटी,52
पूर्णत,7
धनी,182
बिगड़ती,162
बसर,183
सुस्ती,74
जयकारों,198
एचआइवी,185
तलाक,171
सजे,198
फाइलें,112
परचून,76
प्रवाह,110
दिलों,55
दुर्लभ,170
मोटे,94
पिकेट,167
रोमांचक,62
बुद्धिजीवियों,169
त्रुटि,122
ट्रासफार्मर,66
रासायनिक,129
कोटेदारों,124
उड़ाया,16
आतंकवादी,165
जीवंत,62
देह,195
स्वाभाविक,122
खामी,112
श्रीमद्,34
काज,131
फरोख्त,76
आधारशिला,131
स्टाप,167
नारों,188
भराव,77
भूसा,71
खनिज,129
बासमती,119
निगाहें,152
गलन,5
सदुपयोग,131
रातभर,58
पत्रकारिता,101
खागा,45
सताने,146
रचा,72
चौंकाने,160
ढाणी,158
प्रारम्भ,41
जातीय,108
दिखाना,133
नवाज,37
सुपरिंटेंडेंट,184
लहराया,147
तोड़े,43
ढांचे,131
केंद्रित,85
रोना,178
अथक,70
मनोकामना,157
गेंदबाज,98
गजराज,23
नकलची,176
चन्द,143
उपनगर,167
तपस्या,195
कराता,9
पालीथिन,71
उच्चस्तरीय,131
दुर्गम,199
पीतल,96
सैकड़ा,59
धमाल,42
फैक्ट्रियों,21
जिलांतर्गत,174
बदन,40
शंभु,34
बनाता,148
अर्जन,83
जल्दबाजी,24
बुवाई,173
कुंडी,149
समाना,133
सहमत,24
सूट,50
प्रायोगिक,93
जानता,180
समानता,121
भुक्तभोगी,160
नगरवासियों,66
विख्यात,182
संभल,8
छाता,96
बैठते,31
कमा,83
उस्मान,37
हनन,121
भिन्न,7
पहनकर,50
एहतियात,112
लाचार,162
पीते,61
घोड़े,16
सुपारी,119
बैठाने,31
छुट्टियों,57
बंधा,43
रोजमर्रा,172
परिक्षेत्र,184
मसलन,15
सूखी,119
प्रोफेशनल,52
अध्यादेश,166
आहट,150
गद्दी,31
उतारी,14
बहता,110
प्रयोगात्मक,128
अनाथ,87
मतभेद,130
छापने,80
किसे,180
खर्चे,83
विकट,172
गुरुजी,12
दहाड़े,75
सोचने,105
सतवीर,132
कपास,21
शाहबाद,45
ब्लास्ट,165
लगवाया,82
अखाड़े,16
चौसा,174
हिंदुस्तान,107
सुर्खियों,8
जहरीले,129
खिलाने,78
भुगतने,136
इंसपेक्टर,52
ढांचा,131
घनी,125
चिलचिलाती,5
पालकों,10
दर्शनों,157
किनारों,110
शीतलहर,5
नाश्ता,78
चुराने,80
सूचियों,193
नान,78
बाथरूम,115
ठेस,27
निकलती,148
वैवाहिक,171
दिलचस्प,170
कृत्य,13
सनसनीखेज,60
बुलाए,46
मूलरूप,45
बकायदा,112
अबकी,180
जाओ,46
थानान्तर्गत,174
अमलीजामा,48
फलदार,116
हिमालय,107
नाना,34
भूतपूर्व,182
गम्भीर,160
दाने,119
पतंग,100
वैली,52
पुत्रगण,23
फलस्वरूप,122
खोखे,96
सुकून,178
रखनी,88
गायिका,90
जगजीवन,34
संदिग्धों,25
बांसी,45
राजभाषा,102
सोचना,133
दलदल,110
तिल,119
भिखारी,104
ड्रामा,114
खुलते,149
गमगीन,177
कामगार,21
ठहराते,27
पहुचने,46
दिलाना,30
लम्बी,39
दिखायी,148
कुरान,106
बैठना,31
थैला,96
कहावत,163
सांकेतिक,191
गुफा,138
दूंगा,144
वनों,116
नाच,68
पंपों,77
दार्जिलिंग,3
घोड़ा,16
शशी,6
कामगारों,21
जुल्म,13
बेहतरी,55
बखान,89
ज्ञापित,89
भेद,54
बिस्कुट,78
तरजीह,197
याचिकाकर्ता,196
बैद्यनाथ,3
मयूर,100
मुल्क,55
चर्चाओं,168
प्रलोभन,27
गाते,68
सत्याग्रह,1
खेमे,159
रोहन,81
नीलकंठ,138
छोड़ना,133
शिवालयों,198
सादा,69
बेमियादी,36
अनामिका,6
बुआ,65
सौतेला,65
विंध्याचल,138
तकरार,130
धर्मराज,23
आंवला,45
लात,75
महफूज,37
वंश,163
सुजाता,90
दफन,177
विलास,34
हानिकारक,129
अनिवार्यता,193
रहमत,37
प्रकाशोत्सव,157
चुनार,45
बीर,34
मिष्ठान,78
दिवाली,57
हटवा,145
मातहतों,124
निगल,161
सामग्रियों,129
इतर,29
गुरुदेव,12
पहर,58
जनवितरण,173
संजीवनी,128
लड़ाई,1
वृहद,38
समरसता,108
घुसपैठ,165
धमकियां,123
विक्षिप्त,177
गोपनीयता,121
पाठ्य,49
मेहरबान,8
रैंप,14
सेवायोजन,184
कराएगी,9
पहना,50
समीकरण,54
पालियों,109
सरैया,45
प्रदेशभर,44
दुखद,160
आठवें,140
अखंडता,189
पॉलीटेक्निक,175
फिल्में,114
घबरा,146
संचालिका,11
देय,83
टकराकर,43
धमका,137
लगाव,189
नित्य,106
आपत्तियां,151
मैदानी,107
कर्मवीर,34
बिछा,31
उल्टे,27
रखेगी,51
त्राहि,42
पौष्टिक,78
शौकीन,62
दरें,173
सिक्का,96
भौगोलिक,38
समझे,111
एकादशी,157
विनायक,34
उछाल,75
निभाते,141
करतब,98
रेफरी,98
निर्वाचक,181
रामवृक्ष,23
बीआरपी,192
बक्से,96
धमकाने,80
अनुमानित,193
ढ़ाई,59
ग्रामोद्योग,21
पलक,6
बली,34
मुख्याध्यापक,11
सर्दियों,5
अनाधिकृत,145
विषम,172
जानबूझ,27
विद्यासागर,34
हटाना,133
मुस्लिमों,108
मस्त,62
शगुन,171
ढोने,33
प्रांतों,44
कार्डधारकों,56
धूरी,73
काल्पनिक,191
गुजरा,8
अनवरत,54
सौभाग्य,89
बांधे,92
जानमाल,123
कुंडली,106
देखेंगे,144
ईनाम,83
कम्युनिटी,52
मुस्तैदी,189
गल्ले,76
अन्नपूर्णा,138
त्रिलोचन,34
गालियां,75
घंटी,68
दूरस्थ,53
सोए,115
गुजरे,8
मारते,75
रसोइयों,192
मोबाईल,93
कीड़े,71
नैतिकता,189
कार्यान्वयन,131
औचित्य,24
बेमौसम,5
अपनाई,4
अभिनेत्री,114
नकारात्मक,122
उतरते,14
इंजीनियर्स,52
ससुरालीजनों,17
मंदी,19
फर्जीवाड़े,60
गिराया,75
झूमते,68
बदलना,133
कुलभूषण,34
रिक्शे,179
लटकता,115
खट्टर,143
कैफे,118
शाखाएं,44
देवाशीष,81
केवट,34
उबाल,119
हकदार,197
किले,118
करवट,150
साधनों,131
अहमियत,164
टोनी,81
मसला,155
बचना,133
छूटने,46
ताऊ,65
वचन,24
अनुबंधित,193
धोखे,60
अंगुली,40
नलों,77
ढूंढ,161
ज्वालामुखी,84
आदान,85
चुराकर,161
परिचालकों,192
मनमर्जी,48
निभाया,141
भट्ठों,33
वार्डेन,11
सुखद,62
आपत्तियों,168
कर्बला,64
बुद्धिजीवी,182
उठती,148
आएंगी,51
रिचार्ज,77
खोखा,33
तान,68
बिन्दुओं,29
वाजिब,197
भंडाफोड़,60
लगाता,82
केसर,119
अभिरक्षा,136
अर्थव्यवस्था,19
गुलाबी,50
अंधकार,126
जीरा,119
जलती,117
तेरा,135
दोगुना,79
श्रेया,6
गिरता,115
बिगाड़ने,80
दैवीय,195
सूचनाओं,29
बीएसएल,52
हुड़दंग,42
ढलते,126
बीघे,18
रेलमंत्री,95
चौकियों,165
वर्षगांठ,57
तानाशाही,48
हिंसक,13
परत,84
गुणों,129
महफिल,68
घोल,119
निवेशकों,169
वित्तमंत्री,166
ढक्कन,71
खटखटाया,149
मौज,83
अवमानना,196
बनाएगी,51
मंत्रोच्चार,198
टेकने,40
दूल्हा,171
ज्योतिष,106
बानगी,170
मेघा,6
अमूमन,15
कढ़ाई,96
शॉल,96
सोया,78
पर्दे,114
उद्भेदन,151
मिलेंगी,51
पीटना,75
महारानी,90
लड़कियों,120
थानेदारों,124
स्तुति,195
कक्षों,118
समितियां,190
अनियमितताओं,60
व्यथा,178
सम्बन्धित,29
टांग,40
लोकप्रियता,79
जबर्दस्त,62
नाकेबंदी,165
ठगा,27
बुजुर्गों,169
विस्तारपूर्वक,29
बजा,68
शराबियों,61
बंजर,116
छटा,126
प्रण,89
कसी,194
गाया,68
हैसियत,164
खुदा,55
गोताखोरों,77
सुअर,10
इकलौता,102
निबंधक,184
मौतों,123
क्रमांक,193
रामराज,23
जुटाई,4
नयन,100
जस्सी,73
फूंकने,0
स्वर्णकारों,169
आकाशीय,84
सकेंगी,51
आयाम,54
जलवायु,84
पक्षपात,60
गुंडा,137
राष्ट्रपिता,89
खामोश,8
ख्वाजा,37
आक्सीजन,142
बरते,189
घटती,79
प्रसारित,85
लाटरी,19
दमखम,92
प्रायोजित,190
हिंदुओं,108
कथावाचक,182
जांचने,153
अतिसंवेदनशील,146
जोड़ना,133
घंटो,8
मदरसे,49
क्षण,8
अक्षर,191
खुलेंगे,149
कुछेक,94
प्रतिद्वंदी,159
एकादश,98
खिला,78
डायन,27
सलाखों,136
मिठाइयां,78
मोहलत,197
चोरियों,123
छाती,40
दीर्घायु,195
बटन,50
ब्रह्म,106
तेरी,39
नीली,50
बरस,59
तकलीफ,178
उड़ाए,16
आमंत्रण,20
बिगाड़,162
पशुपालक,10
नाकाफी,70
पहनाने,80
नाबाद,98
सबों,139
सन्,127
जटिल,155
नुमाइश,64
तीर,69
मुखातिब,146
कर्मकार,143
कतरा,161
लड़ा,16
दिनकर,34
शौर्य,89
लेख,101
सुखी,183
सब्र,178
असमर्थता,26
मसाला,78
त्रिलोकी,34
उड़ाई,16
साख,19
अनिश्चित,122
प्रचंड,5
तांडव,42
गिरिराज,34
कोटि,195
चढ़ाकर,99
सरासर,60
संलग्न,85
खोया,161
गवर्नर,166
गोलमाल,60
फौजदारी,196
हर्षित,100
नौकरियों,97
घोषणाओं,48
काटना,133
प्रैक्टिस,103
एयरफोर्स,52
भागी,115
मजीठिया,73
संपादक,35
घेरने,80
भावभीनी,89
तनावपूर्ण,130
वजूद,92
रखवाली,10
स्वावलंबी,53
खींचतान,130
हल्दी,119
थप्पड़,75
मालाओं,198
मोटरसाइकिलों,179
कार्पोरेशन,52
उड़े,16
अतिशीघ्र,151
मिलाप,130
नमो,188
संभावनाओं,54
साहित्यिक,101
टेढ़ी,194
हथियारबंद,165
सीढि़यों,99
नस्ल,10
पाइपलाइन,199
मुकुट,50
दुर्भाग्य,160
सुरक्षाकर्मियों,165
सुरंग,199
शीत,5
डलहौजी,73
इज्जत,55
दर्शाता,54
एकतरफा,24
रिवाज,163
गुंडागर्दी,13
मैया,138
ट्रालियों,179
मापदंड,193
नाथनगर,45
पंथ,108
सफाईकर्मियों,192
मिलाने,80
जगपाल,132
जानें,180
कटाक्ष,69
भीख,197
तकनीकि,93
दौड़ते,16
अनुदेशकों,192
परिवारीजन,17
स्वयंसेवियों,169
हिलसा,3
दीदी,90
मिलाया,72
दंगों,108
चढ़ाई,99
हाकिम,37
कुलश्रेष्ठ,143
पुनर्निर्माण,131
मोटा,94
प्रार्थनापत्र,124
उच्चाधिकारी,184
जया,90
समझें,88
हलवाई,76
साबुन,119
फकीर,12
नजरें,115
खेलना,98
स्वदेशी,21
भयमुक्त,142
हीलाहवाली,112
भाषाओं,101
उच्चतम,196
जनजातीय,53
बंदरबांट,60
संग्रामपुर,45
आत्मसात,85
सांई,12
अनुदानित,49
बाहुल्य,53
भतीजी,17
सटा,115
आतंकवादियों,165
विक्रय,19
धुएं,117
पकड़े,25
झोला,96
चैतन्य,34
पर्यवेक्षिका,11
तल्ख,168
गहमागहमी,42
झूल,115
सौंदर्य,62
बही,110
थोड़े,16
रानीखेत,45
शिशुओं,87
दक्ष,93
मस्तिष्क,105
खंडहर,118
अव्यवस्थाओं,48
धनघटा,174
पार्लर,103
सम्पूर्ण,7
कसबा,174
पालक,78
धराए,137
नाटकों,114
झांसे,27
चलाएं,88
मुसाफिर,95
प्रसूता,128
पड़ेंगे,144
अपनाना,133
धमाका,177
पैंट,50
उपायों,131
मानचित्र,191
पायदान,140
गांठ,194
अहंकार,195
कनेक्शनों,66
दौड़ने,16
जलाई,117
मनचलों,120
वास्तविकता,54
निवासीगण,174
दिखती,148
उपद्रवियों,165
क्रिकेटर,98
जनजागरण,1
कट्टे,137
पर्यवेक्षण,131
आगोश,150
हेलीपैड,199
कम्युनिस्ट,159
शुभकामना,57
धनुष,40
प्रतिपूर्ति,193
प्रजातियों,84
जहाज,33
पखवारा,57
बेबस,162
भेजें,88
पत्ते,116
शिवपूजन,23
आंध्र,107
अपनाकर,27
उपजाऊ,84
बैठाया,31
किशोरों,120
कांति,100
नकार,27
लाभदायक,2
पाटिल,143
शूटर,113
बनाती,148
वैसा,135
जूता,96
रेप,13
उद्देश्यों,131
अकेडमी,52
समता,121
उठते,67
ठगने,137
खलील,37
चाट,78
चुकाने,83
प्रशस्त,85
बेचना,133
हड़ताली,36
झेलने,172
पालिसी,52
इचार्ज,52
कांफ्रेंसिंग,93
अपनाए,111
रेलकर्मी,95
दबी,152
रचनात्मक,38
इकट्ठे,115
राजस्थानी,101
कदमों,48
इस्तीफे,197
हालचाल,65
चौंक,115
पूर्वजों,163
चलेंगी,51
सामंजस्य,142
गुंजायमान,68
मासूमों,87
रिमझिम,5
किनारा,110
उमड़ा,64
बूढ़े,87
गंवा,161
पारिश्रमिक,83
इसरार,37
विडंबना,160
जागो,188
महाआरती,198
जनाधार,159
रेडीमेड,96
शिवानंद,34
बंगले,118
दारू,61
आदर,89
विभाजन,54
धमकाया,27
मलिन,186
बुनकरों,21
मंडरा,86
जलाए,117
मैकेनिकल,93
लश्कर,165
पत्रांक,56
मन्नत,157
माइक,35
तदर्थ,97
अद्भुत,62
सुखराम,132
सभाएं,64
सीखा,139
अदद,96
थैले,96
महामाया,138
दिव्यांग,104
असलहों,137
ज्ञातव्य,29
अनापत्ति,56
कॉरपोरेशन,52
गाना,68
उत्खनन,33
रेलगाड़ी,95
नाता,43
पोर्टल,29
मुर्गी,10
नाश,122
कंधों,40
बटोरी,152
कमजोरी,74
अक्षम,70
सिफारिशों,48
कराह,177
होम्योपैथिक,128
भंडरा,174
कांटा,40
उपकेन्द्र,66
टूरिज्म,52
बोरियो,33
कविताओं,101
घटक,54
साक्ष्यों,153
आखों,126
तालियों,68
कुर्सियां,125
विषयक,29
हराम,55
कठिनाइयों,172
व्यंजन,78
बेमानी,2
अपमानित,27
निकास,77
देखिए,180
चलेंगे,144
बताता,180
बनवाकर,31
खींचकर,115
त्यों,115
भीड़भाड़,167
मानिक,143
सीमाओं,48
वरिष्ठता,97
आत्मरक्षा,121
मानती,148
चलन,163
माप,193
अटैची,96
तिहाई,59
कतिपय,7
अनभिज्ञता,26
आंगनवाड़ी,192
ठगे,111
पिछड़,53
अनुदेशक,192
सांझा,85
नीले,50
असंभव,133
कारीगरों,21
चौथ,57
बन्द,149
भावुक,146
सुरभि,6
कबाड़ी,76
बढ़नी,79
एकड़,18
जेईई,109
दलबल,174
लगवाई,82
कोशिशों,70
संपति,83
मार्कशीट,176
कराती,9
बॉल,98
ढीली,194
उपदेश,12
ढेरों,94
प्रशिक्षणार्थियों,192
जालसाजी,60
दिमागी,105
भूमिहीन,158
छूने,40
इंसानियत,55
छेड़ा,16
शर्मनाक,160
चाही,4
हिल,115
सोमा,90
खोद,33
आजतक,139
श्रावणी,157
सौंपते,154
जुकाम,185
क्षमा,195
चपरासी,184
रंगमंच,114
पम्प,77
पिला,61
लेखाकार,184
रचनाओं,101
व्यवहारिक,2
सुधरने,162
ऊंट,10
मेवा,78
टीसी,52
आश्रय,195
जूझते,172
लोकगीत,68
वाचक,32
समेट,161
हरकतों,48
महादलितों,53
पुष्टाहार,192
स्वभाव,142
चित्रों,191
स्वेटर,96
औषधीय,129
तृतीया,198
छोड़कर,46
पाठ्यक्रमों,156
बोरियों,33
कुचला,177
जनसमस्याओं,168
फायदेमंद,2
परिणामस्वरूप,122
बीवी,17
भाड़े,187
यथा,7
कीमतें,173
प्रतिरक्षण,128
निगमायुक्त,28
वर्गीय,175
नवयुवक,120
ननिहाल,65
पागल,146
बच्चू,23
प्रियदर्शी,81
बालकों,87
सम्बन्ध,29
अनुमोदित,193
शीट,176
प्रविष्टि,193
कैरो,73
विवेचक,153
गजब,170
गदगद,146
तवज्जो,197
भराई,33
मनाना,57
परियोजनाएं,131
रौंदा,177
शिशिर,100
कंधा,40
रंगा,50
एथलीट,113
हबीब,37
तापस,100
मुगल,107
जिसमे,15
नीलाम,83
पूर्णाहुति,63
उन्नयन,131
भागीरथी,110
जोड़ने,80
सिद्धांतों,48
हार्दिक,89
भयानक,160
करोड़ों,83
कुम्हार,158
बनानी,4
मीठे,78
बुनकर,158
सुबूत,153
संभाले,154
पखवाड़ा,57
कौम,55
सेवादल,28
प्रस्तुतियां,20
यथावत,92
उतारे,14
कोरी,143
प्रदेशीय,107
संगीतमय,68
भरवाने,91
सजाई,198
राजनेता,182
झोली,91
वास,138
घेरकर,75
सहेली,90
राजनेताओं,169
चोक,77
मदरसों,49
मतपत्र,181
घिर,86
डरा,86
बेचैन,146
राशनकार्ड,56
हंसी,178
बुझाई,117
उन्होनें,139
अपनाते,67
घूस,60
दोहरा,54
सभ्रवाल,132
लोकदल,159
रामानुज,34
विटामिन,129
थाम,40
बाड़ी,158
नाज,89
हरकतें,13
ख्याति,89
बिसौली,45
अतीत,163
रंगाई,50
शिवालय,138
धोबी,158
पूंजीपतियों,169
उलट,27
सवेरे,58
पिलाया,61
वारिस,37
पीडि़ता,136
मूकदर्शक,115
बचें,88
मौसी,65
ढाबों,167
राष्ट्रवादी,159
घटकर,79
चौरासी,59
हटकर,115
जिम्मेदारियों,164
विवाहित,17
लगनी,82
खरीदारों,76
असंगठित,53
कर्ता,35
अराजपत्रित,192
भेजते,67
अवरोध,122
निंदनीय,160
लुटेरा,137
पत्ता,116
रखीं,152
प्रादेशिक,102
माघ,157
गूंजा,188
समतल,199
दलहन,173
बजाकर,68
अजब,170
विषाक्त,129
व्रती,198
कव्वाली,68
शिशुपाल,23
जिन्हे,139
जैव,84
हकीम,37
पदोन्नत,97
आत्मिक,195
भूत,105
दोहराया,72
सेमीनार,20
चलीं,152
अटका,155
अध्यात्म,12
छुट्टियां,57
मदनलाल,132
साधकों,12
सुनाए,32
सैल,103
महाभारत,106
ठगों,137
कुरावली,45
बाड़ा,116
छठा,102
उत्साहवर्धन,89
निश्चय,24
गेंदों,98
आशाराम,23
वाह,170
व्यस्तता,172
साया,86
मुर्गा,10
भ्रूणहत्या,13
विसर्जित,198
खरीदते,76
महासम्मेलन,20
शीतकालीन,166
उपसमाहर्ता,3
काश्तकारों,158
आभूषणों,96
पर्यवेक्षकों,192
सिवाय,15
शीश,138
अभियोजक,196
बच्चो,87
लिंगानुपात,53
श्यामसुंदर,23
बंटवारा,130
उच्चारण,54
छिन,161
निष्क्रिय,85
नवविवाहिता,171
मुनीम,23
चोटी,99
मधुकर,34
क्षय,122
प्रगट,26
नानी,17
अंधविश्वास,86
लाठियों,75
तस्वीरें,191
समीपवर्ती,107
जुड़ी,29
डाकघरों,44
फैक्स,56
साधते,69
चढ़ी,99
उतरेंगे,14
इसने,139
प्रचलन,163
परमाणु,102
लीवर,105
टिकटों,95
पत्ती,116
इलेक्ट्रॉनिक,93
अल्प,7
बिजेन्द्र,132
चने,78
जुड़कर,38
स्वर्ग,195
अनुपमा,6
विनाश,122
बनवाई,4
संचयन,101
अभिशाप,160
असलियत,27
पढ़ती,152
ईटों,33
भूना,119
बेअसर,70
गायकों,68
पार्थिव,175
कार्यवाई,151
कार्टून,191
उद्धार,195
शीशम,116
खदानों,33
विशेषता,54
पुताई,125
अनुसरण,24
स्टेशनरी,96
होनेवाले,122
आंदोलित,36
विद्यानंद,34
अंतरिम,193
विद्वानों,169
आंखे,149
करायें,9
निर्मली,3
गोरा,50
घटतौली,173
धूम्रपान,61
बागवानों,116
डेरे,73
तबतक,145
शिक्षामंत्री,28
पंक्ति,54
साहित्यकारों,169
झपट,75
ताकतों,48
अपात्र,104
प्रेषण,193
संकल्पित,85
किसानी,158
कटवाने,80
ठंडक,5
फुटकर,76
सदी,140
लुभाने,80
चश्मा,50
भांजे,65
पैगाम,55
जमानती,13
गानों,68
बारादरी,118
लाडली,90
सुई,96
पड़ोसी,65
हर्षवर्धन,81
दिहाड़ी,158
चंपत,137
करुणा,178
किसकी,180
प्रणाम,89
समुद्र,110
निर्बाध,142
अमूल्य,170
सुश्री,90
खानी,78
मांझा,96
नदियां,110
ढुल,132
तैराकी,113
कैसी,180
संक्रमित,185
स्वेच्छा,104
सीआइडी,153
नियुक्तियां,97
सतगुरु,12
मुकर,197
मचाते,42
करतूत,60
राजेश्वरी,90
भीमसेन,23
गहलोत,143
इक्का,100
समुदायों,169
गरमा,5
खिलौने,96
रासलीला,198
लाये,111
उठाये,47
ठेकों,19
सपरिवार,46
दौड़ाकर,16
फूस,125
म्यूनिसिपल,52
ढिलाई,112
कटोच,132
जायें,88
निपटारे,155
योगाभ्यास,12
चुपचाप,115
बेतहाशा,79
निवासिनी,90
संतोषी,90
छेड़,16
शक्तियों,121
यथाशीघ्र,151
भट्ठी,33
व्यवसाई,76
टालमटोल,197
पढ़ता,148
आमलोगों,169
किन्नर,120
रखेगा,144
पहाड़ी,138
धुंआ,117
प्रतिबद्ध,70
हड़प,83
परमहंस,12
बर्तनों,96
मुहूर्त,106
सहसचिव,28
स्रोतों,29
बदलवाने,80
शंका,26
मोहताज,92
लीची,78
निर्वाह,164
निभाएंगे,141
पढ़ना,133
उत्सुकता,134
नाममात्र,83
सदियों,163
शक्तिपीठ,138
कूड़ा,71
मानों,115
कलाई,194
कसरत,105
सत्यापित,56
मालिकाना,121
भूगर्भ,84
हमलों,165
तनख्वाह,83
फिसलने,99
हाय,180
कविताएं,101
साधक,12
तोले,18
उपमुख्य,184
वृद्धों,104
चालीसा,198
कारखानों,21
जगरूप,132
जानकर,180
बीजों,116
बिखर,161
घमासान,42
चहेतों,169
कनपटी,40
भूरे,50
अधिकाधिक,131
लीलाओं,198
अपूर्ण,193
सर्वोत्तम,2
मरा,177
मुझसे,180
मिट,161
वैसी,39
जलनिगम,66
बिलकुल,135
मूंगफली,78
साम्राज्य,38
एथलेटिक,113
जलनिकासी,77
बरातियों,171
श्रमायुक्त,184
हुकूमत,1
मेज,96
डकैत,137
खचाखच,64
हस्तशिल्प,21
जैकेट,50
पिछला,54
अनार,116
तीमारदार,185
सेंधमारी,137
हारे,113
निरुद्ध,136
दिखते,67
मनाएं,57
शासक,182
सबमर्सिबल,77
दुश्मनी,130
चढ़ाव,54
खरीदार,76
पांचाल,143
उतरना,14
सातों,7
रियासत,107
मरहम,119
कुदरत,170
बिखरे,161
मोहब्बत,150
ढांढस,178
जरुर,88
चौके,98
चूड़ी,96
हिमपात,5
थाप,68
सुनियोजित,131
फेंककर,75
मछलियों,10
फुसला,27
स्थानान्तरण,97
पहिए,179
पूर्णतया,7
टेंशन,178
वतन,55
जमाए,92
तोड़ी,43
कौमी,108
अंत्येष्टि,175
तिथियों,193
रचने,80
सड़के,125
न्यायालयों,196
गुरुओं,12
अधिकारिक,102
सत्रह,59
अलवर,73
याची,196
व्यंजनों,78
बूढ़ी,90
मत्था,157
शुक्र,106
बॉर्डर,165
उपभोग,129
उतने,94
प्रतिभावान,182
धूमिल,126
अशांति,86
लहरा,147
दरारें,125
मनीराम,23
इंद्री,73
लड़ेंगे,144
अंर्तगत,193
सर्वोपरि,195
पंजिका,56
दबोचने,25
रोपड़,174
साईकिल,179
अड्डों,44
मम्मी,65
मंद,100
भारतीयों,169
चाची,65
स्पर्श,195
पड़ेगा,133
नक्षत्र,106
बसाने,80
करारा,69
इरादा,24
दिशानिर्देश,193
असमाजिक,13
लालबत्ती,179
वल्लभ,34
पांचवे,140
सुंदरी,90
दिलाते,30
जापानी,102
हल्दिया,199
नमस्कार,89
नाचते,68
लिपिकों,184
निवेदन,24
सहम,115
हर्रैया,45
रातों,150
साला,65
मनचले,120
जंजीर,43
ठहरा,27
गोभी,78
भेजेंगे,144
जुनून,134
फर्राटा,91
प्यासे,74
मण्डी,173
वादन,68
श्रीधर,34
अखबारों,101
रीतेश,81
सुने,32
संगठनात्मक,131
तोड़ते,43
मनिहारी,3
लड़ते,16
पिछड़ों,53
मानता,148
मक्खी,10
भरो,91
ऑक्सीजन,142
स्वैच्छिक,190
रहेगे,144
खड़ंजा,174
हड़कंप,42
विधवाओं,104
फूले,40
अनियमितताएं,112
अहिंसा,195
जुटाए,111
हताहत,177
बजने,68
निजाम,37
आयात,173
क्षेत्रवासी,66
पहुचा,46
जामिया,49
प्यारी,39
दमन,1
बुनियाद,92
सटी,125
अर्पण,89
बाशिंदों,169
वनस्पति,84
संकरी,125
विसंगति,54
नाई,158
पालम,73
फव्वारा,77
पडे़गा,133
डाका,137
शीशपाल,132
परवरिश,87
डिस्चार्ज,185
कृष्णानंद,34
निखार,0
कार्बन,129
समयावधि,193
जेठानी,17
चराने,10
अभिव्यक्ति,54
मंत्रों,106
पिपरी,174
सत्तारूढ़,159
क्रियान्वित,85
लोहार,158
हस्तांतरित,85
बहार,161
निष्पादित,85
पालने,10
उपकेंद्रों,66
सुनेंगे,144
मशरूम,78
फिक्र,146
बिके,76
फूटा,43
लायी,4
बैलों,10
अनुशासित,186
माटी,119
आंकी,18
कलेर,132
वक्तव्य,168
घिरा,86
अनुमंडलाधिकारी,124
विस्थापन,54
भट्टा,158
तीखे,168
परिसदन,3
तुरन्त,145
बाजू,40
बिरंगे,50
उत्तेजित,146
दिनोंदिन,79
साजन,100
कुश,143
रामकथा,163
कृति,101
प्रमुखों,22
शादीशुदा,17
सहायिकाओं,192
कमांडो,165
उग्रवाद,165
पहनाया,72
दर्जे,94
मोतियाबिंद,185
मिनटों,8
इकाइयां,21
विसंगतियों,172
कामिनी,90
प्रत्यारोप,60
विक्षोभ,122
कार्याें,131
मचाना,42
दिलाकर,30
बेरुखी,162
घाव,91
दीवारें,125
जूट,21
स्थली,138
कृतित्व,89
विस्तारीकरण,199
मशगूल,8
मदों,129
महरूम,92
खिली,5
भुगत,27
खुलवा,149
अनुभूति,178
वाममोर्चा,159
दिखेगा,144
बड़सर,174
जामुन,116
मुख्यधारा,38
बेसब्री,134
बगीचा,118
चरितार्थ,85
जगदंबा,34
मौरंग,33
मैनेजिंग,52
चरमराई,162
दीजिए,88
मनोविज्ञान,38
जिताने,159
रेलकर्मियों,95
अपरान्ह,58
रैलियों,64
धराशायी,43
छुड़ा,25
बेसुध,177
सिराज,37
दिलवाया,30
प्रबंधकीय,131
लूटकांड,137
प्रत्यारोपण,128
कोंच,45
खिले,116
हिना,37
तिपहिया,179
पंख,150
निकलेगी,51
पैठ,86
परमवीर,89
स्वाहा,63
डूबी,110
आनेवाले,94
प्रभागीय,184
नींबू,119
ज्येष्ठ,23
बहाया,110
अनुयायियों,12
बंसी,68
एकमुश्त,83
रघुराज,23
सायंकाल,58
शमन,122
कोस,59
अजीब,160
किलोवाट,18
फैसलों,48
हिदायतें,112
सदस्या,190
भूरी,50
अमरूद,78
अधीनस्थों,184
पांचवी,140
ललक,134
आधुनिकता,163
बताएंगे,180
पूज्य,12
भागदौड़,183
सफलतापूर्वक,85
कटों,66
कारणवश,122
घुसी,152
सुदीप,81
विलुप्त,84
जलसे,64
महामारी,185
चरखारी,45
उड़ने,16
विविधता,38
फैलता,86
तौबा,42
दागी,159
गृहकर,66
छीनी,137
अपेक्षाकृत,94
इनवर्टर,66
सम्मति,24
स्टेंड,167
सुरक्षाबलों,165
अनुग्रह,195
सुखचैन,132
कार्यकत्र्ता,159
फैलती,86
युद्धस्तर,131
ऑपरेटरों,93
त्यागपत्र,197
संरक्षा,131
पोखरों,77
दुबके,115
आभास,54
कैप्सूल,119
सर्प,138
अड़चन,16
गुपचुप,27
दुष्प्रभाव,122
गंगानगर,73
धारी,50
ट्रांसफारमर,66
मनमाना,83
हाशमी,37
कोसा,27
आरपार,1
खोखला,91
पाएं,88
कालिंदी,138
शुद्धता,189
विभाजित,85
सूचीबद्ध,193
हैंडबाल,113
सुनायी,32
तारें,126
ग्यारहवीं,140
संग्रहण,85
बहु,17
तकिया,96
दोगुनी,79
नवसृजित,192
सिलिंडर,173
रैयतों,158
फार्मो,56
पकवान,78
नतीजों,181
अनुभवी,182
शिवभक्तों,157
भड़ास,16
नौका,110
नमूनों,129
बहेड़ी,174
कुर्बान,55
बेनकाब,60
हुकुम,37
जसवाल,132
भांग,61
कतराते,67
पशुधन,10
पटवारियों,192
गोताखोर,77
प्राचार्यो,192
यद्यपि,15
सांझ,126
चबूतरे,138
रंजिशन,137
सैलानी,157
नशेड़ी,137
जंतु,84
जनकल्याण,131
टिक,161
निर्मम,186
पनपने,122
इकलौते,182
जुताई,116
नाकामी,70
बिंदू,90
गिरिजा,90
उत्पीड़न,13
मन्नू,90
बौछार,168
निकलवाने,80
शर्मसार,160
नेत्रहीन,104
व्याख्या,54
असंतुष्ट,146
संयोजिका,11
स्टालों,76
बकाये,83
जुआरियों,137
मिलीमीटर,18
अनुभाग,193
परंपराओं,163
बारातियों,171
रक्तचाप,185
बदस्तूर,92
स्तंभ,101
वानिकी,84
वाहिद,37
बचते,67
सुनाने,32
एलडीएम,124
काहलों,73
दर्शना,90
मंगाया,72
बुढ़ापा,0
पहुंचाएं,88
राष्ट्रव्यापी,102
कुंआ,77
खिलाया,78
दिग्गजों,169
मोहिनी,90
आपदाओं,84
रोपित,116
रचित,101
स्टैण्ड,167
पद्मश्री,89
दिलायी,30
पाबंद,112
कपाट,149
प्रधानी,22
बांग्ला,101
उपरान्त,41
प्रतिरोध,1
गढ्डों,125
हमसे,180
सुसज्जित,85
मोचन,138
मूसलाधार,5
मर्ज,185
विभागाध्यक्षों,184
चैम्पियनशिप,113
कुकर्म,13
उत्पादकों,21
एलबम,68
सबने,139
हिरण,10
युद्धवीर,132
कर्णप्रयाग,45
दाता,104
बगीचे,116
पनीर,78
उचक्कों,137
फांदकर,115
जर्नादन,23
जादूगर,170
प्रतिवाद,168
जोरशोर,47
पेशकश,197
निबटने,155
टहलने,46
ऊधम,42
भंगड़ा,68
बरसाना,138
छुपाने,80
रजाई,96
करबला,64
तनातनी,130
सूझबूझ,189
लगाती,82
भैंसों,10
हताश,146
टीएन,143
सादगी,189
यादें,150
जिंदाबाद,188
बेचता,76
फिजिकल,52
इलेक्ट्रानिक्स,93
महबूबा,37
अध्यापन,49
तड़प,74
समन्वयकों,192
समझाते,67
वाकई,135
अनुकंपा,195
आबाद,125
आंदोलनरत,36
मसलों,168
अनशनकारियों,36
टंकियों,77
मंडराने,86
शर्म,178
कोड़ा,16
समाहित,85
चेकडैम,77
नौनिहाल,87
नियुक्तियों,97
चपत,82
मैगी,78
परिभ्रमण,142
चौखट,125
कुटीर,21
सुझावों,48
सकीं,152
महंथ,34
बकरियों,10
बिटिया,17
लिफाफे,96
राजरानी,90
सफाया,1
घायलावस्था,177
शुरूआती,41
लीं,152
मिठाइयों,78
कमोवेश,15
कोशिशें,70
साधने,69
रियायत,197
शाहदेव,34
आवंटियों,66
पेशा,19
मुसाफिरों,95
टावरों,125
पहाड़ियों,116
मन्नतें,157
पोते,17
आकृति,191
डालेंगे,144
दिखावा,60
मालगोदाम,167
अनुज्ञप्ति,56
शील,195
दिखाएंगे,144
ध्यानी,143
भाड़,16
लड़े,16
चुनरी,50
जघन्य,13
धुनों,68
भौतिकी,93
आधुनिकीकरण,131
बहती,110
कारगुजारी,60
निकलेगा,144
प्रज्ज्वलन,63
पैटर्न,54
छिटपुट,123
श्रद्धापूर्वक,89
अधिग्रहीत,193
प्रवृति,122
समाजसेवियों,169
कुटिया,138
वनाधिकारी,124
भइया,65
बर्दास्त,145
रुकावट,122
किरायेदार,187
सलामत,92
अंदरूनी,130
मनसा,138
आपातकाल,48
किराएदार,187
बहादुरी,89
अहीर,158
तीक्ष्ण,186
सीएसआर,52
ठान,70
अदालती,196
ख्वाब,150
लहराते,147
चढ़ते,99
चाहें,88
परम्परा,163
चबूतरा,138
हटे,115
देखता,148
गाल,40
मेलों,44
ट्रैक्टरों,179
जानती,180
तबदील,161
आनंदी,90
संतुष्टि,2
बास्केटबॉल,98
प्लेटफॉर्म,95
भेड़,10
ठहरे,115
तपती,5
बुझाया,117
फेरे,171
कुमकुम,6
खदेड़ा,16
पिच,98
शमा,117
तकदीर,150
वामपंथी,159
शारदीय,198
भेंटकर,89
निष्कर्ष,24
तख्तियां,188
जूं,119
फोटोयुक्त,56
खूबसूरती,62
निबंधित,193
जड़ा,43
वाणिज्यकर,184
ब्रह्मानंद,34
नफरत,108
अनुरक्षण,193
सीखे,139
परी,90
शिवाला,138
तेजा,132
सजाए,198
निष्क्रियता,122
अमरपाल,132
उमड़ने,64
निवाला,78
चौकों,125
जानकारियों,29
गुणात्मक,54
इमारतें,125
प्रोफाइल,191
यहाँ,135
दुहाई,197
वेश,50
मछलियां,10
महाकुंभ,157
पीए,61
ईलाज,185
झाडू,71
हेपेटाइटिस,185
भुला,161
सोई,152
बहकावे,27
कारवां,64
डांडिया,68
लीन,12
लाभांवित,104
क्रोध,178
शर्बत,61
गठजोड़,159
जगमग,126
संभालेंगे,154
फिजीशियन,52
सहानुभूति,178
जांचोपरांत,151
नामकरण,163
पूर्ववर्ती,163
आशियाने,150
उर्वरा,84
उत्कर्ष,195
वातानुकूलित,187
मजे,8
जमीर,37
गैरकानूनी,13
गुजारिश,197
छेड़छाड़,13
पाइपों,77
हस्तांतरण,85
बकरा,10
पुरातन,163
महानगरों,44
दौड़कर,16
प्रदत्त,121
डूबकर,110
एनएचएआइ,199
बगावत,1
बनवाना,133
संज्ञा,54
बंधुओं,169
गड़बड़,16
बचाए,92
मजहब,108
नामचीन,182
बीता,8
रुद्र,34
गौरवान्वित,89
आमजनों,169
पूछते,180
संकलन,101
पतन,122
अनुभवों,29
पेयजलापूर्ति,66
चहेते,182
प्रार्थी,151
पसंदीदा,62
भाला,75
शिल्प,38
बिगड़ते,162
डिब्बा,96
सोची,4
कुलाधिपति,28
खाल,10
सीनेट,166
अनुशासनहीनता,13
शर्ते,197
घटों,59
बिठा,31
खोदकर,33
चुनौतियां,172
दूज,57
बाराहाट,45
क्रूरता,13
पुस्तिकाएं,176
सांठगांठ,60
राजदीप,81
चुनिंदा,94
जिज्ञासा,134
कहेंगे,144
निर्दल,181
संस्कारशाला,163
शैल,84
भ्रमित,146
हकों,121
कुओं,77
सौहार्दपूर्ण,142
बदहवास,177
वेशभूषा,50
बराती,171
प्रसूति,128
परिधान,50
आमादा,70
जांची,153
पृष्ठभूमि,38
पाठकों,101
सतह,84
गांववासी,158
पूर्वानुमान,54
कब्र,118
शिक्षाविद्,182
ड्राइंग,191
भुलाया,72
संभालते,154
तेजवीर,132
तोड़कर,43
खोलते,149
कारें,179
प्रवचनों,12
बिछाया,31
नशाखोरी,13
कलंक,13
मैगजीन,101
बाएं,40
अनुरुप,142
नीरा,6
यमुनोत्री,199
इसलिये,15
अपनाएं,88
हामी,91
बालिकाएं,11
स्तनपान,128
मसीहा,55
अजगर,10
चेयरमेन,28
राजनारायण,23
तुम्हारे,135
टकराया,43
रचनाएं,101
साइकिलों,179
पवित्रता,195
बास,68
बनाएगा,144
आउटसोर्सिग,21
इतिश्री,164
ठेंगा,27
समूचा,7
लिखना,133
प्रकरणों,151
उदयराज,23
प्रचलित,163
निहित,54
संवर्धन,131
बधिर,104
बोरियां,33
पांचवां,102
कंकाल,191
मलाल,178
पीडि़तों,104
गुजरता,8
खंगालने,153
जहरखुरानों,137
लालटेन,117
मिलजुल,55
गंदी,39
शादियों,171
बब्बन,23
बुध,106
बागडोर,154
मनाएंगे,57
कोसते,27
घटाकर,79
उड़ी,16
फूटी,43
तीरंदाजी,113
इन्हे,139
आकाशवाणी,20
बेदखल,27
चलाएगी,51
छपी,101
इकाईयों,21
कांच,96
खासियत,170
खोलना,149
सरहद,165
कनक,100
बर्खास्तगी,97
कोयल,100
बहुचर्चित,101
न्यौता,46
काबिल,170
कायस्थ,108
सांगठनिक,159
फार्मासिस्टों,192
अंगों,105
पांडव,138
बांधी,194
बालियां,96
स्टीकर,96
सलोनी,6
लाज,89
खुशनुमा,142
जगा,134
अफवाहों,86
वर्गों,169
कोसों,161
बिन्दु,54
सजगता,189
चकाचक,112
संचय,54
नतमस्तक,89
संवेदनशीलता,189
आगंतुकों,157
हिदायतों,48
मौतें,123
शिक्षाविद,182
नीलगाय,10
बंटा,161
कंठ,68
धंसने,177
सिंतबर,127
नशों,61
मनन,12
चहुंमुखी,131
दानी,104
जत्थों,64
उलझा,155
मोहसिन,37
बुझ,117
पर्याय,54
निकलवाया,72
आसरा,150
उधम,42
पूर्वांचल,107
लगाएगा,82
एहसान,55
पिहानी,45
देशवासियों,169
यूएस,52
मिश्रित,142
झाड़ी,16
पादरी,182
गहराया,155
वर्जित,145
दुआएं,55
मद्य,61
मचाई,42
लीजिए,88
परिकल्पना,54
कायदे,48
अटकी,152
तिजोरी,96
रक्षकों,169
सौंपेंगे,154
पकड़ने,25
जमाना,8
छूटा,161
संबधी,29
फफूंद,119
विद्युतापूर्ति,66
शतप्रतिशत,193
प्रवक्ताओं,192
शोहरतगढ़,45
आयीं,152
आवाम,55
संगतों,12
मातृत्व,128
बंधाया,178
शस्त्रों,106
बेखबर,146
प्रमाणिक,29
फॉगिंग,66
गुजारने,8
उंगली,40
रुककर,46
बीचों,167
दिलवाई,30
टहल,115
अफसरशाही,48
पहुंचाते,67
बुराईयों,55
वधू,171
सत्कार,89
मैत्री,102
हटाई,4
दीये,117
व्यापी,1
स्थितियों,172
डिब्बों,95
कैंपों,165
जलसा,64
हलफनामा,197
धमक,86
भूखंडों,125
अरबों,83
उपखंड,184
छर्रा,45
प्रतिभाएं,113
कंक्रीट,33
अंडा,78
उस्मानी,37
पेशाब,61
पौत्र,23
पोषित,85
इसमे,15
ठहर,115
उग्रवादियों,165
मरी,152
मध्यस्थता,155
गवां,161
बेअदबी,55
नाती,17
अध्याय,106
जमात,169
कुलवीर,132
नंगे,115
पहुंचाए,111
बवाना,73
साम्प्रदायिक,108
हार्डवेयर,93
घोंटकर,75
दुखों,178
नकारा,27
असमय,160
रैलियां,64
उग्रवादी,165
बाते,32
मुकामी,153
किन्हीं,7
अनदेखा,27
ब्लेड,40
पारितोषिक,89
गुज्जर,73
मौनी,34
डरे,146
जूही,6
साइकिलें,179
छिड़क,119
नसीर,37
उकलाना,73
रोजे,92
चलाएंगे,144
रंगेहाथ,25
बरसा,75
अक्षत,119
खेद,26
जन्मे,182
गिलास,61
भरसक,70
मणिपुर,107
अप्रत्याशित,160
खुदकशी,177
भांजी,17
जमादार,23
श्राद्ध,106
पढ़ाते,49
निरोधात्मक,151
तिरंगे,147
सुमंत,81
प्रतिबद्धता,189
छुपा,161
फेंकी,4
रवानगी,112
धोना,133
लीपापोती,60
हटेंगे,144
बाराती,171
सभ्याचारक,73
चित्रांकन,191
वचनबद्ध,197
आलाधिकारियों,124
बारीकियों,29
निष्पक्षता,189
बिखेर,161
जातिवाद,108
अनुयायी,12
कालोनियां,125
हरिनाम,34
चूड़ियां,96
बिलखते,177
परीक्षित,143
तबादलों,97
छक्के,98
नवी,37
ओले,5
कीर्तिमान,92
गोसाई,34
दुलारी,90
देररात,58
नवीनतम,93
देरशाम,174
दशम,106
ग्रामवासियों,158
बाबुओं,184
नियमितीकरण,97
नजाकत,162
नजरों,27
समयबद्ध,131
निकलवा,27
योजनाबद्ध,131
यादों,150
खाए,78
उपकार,55
भुवनेश,81
लाहौर,73
टला,145
बाध्यता,193
साली,17
अभिकर्ताओं,184
गाँव,158
चारधाम,157
नाप,96
साहसिक,62
मुनी,34
एलआईसी,52
संवाददाताओं,168
उद्घोष,188
करिश्मा,6
बकरियां,10
सीमांकन,193
ओढ़ाकर,89
मंगलसूत्र,96
अभियन्ता,184
बंदा,73
शुद्धि,195
दमा,185
निभाएं,141
कपड़े,96
खामोशी,86
भालू,10
डलवाने,80
उस्ताद,37
भोलू,65
चाभी,96
पकडे़,25
वादाखिलाफी,197
पंचायतीराज,22
अविवाहित,120
जलते,117
डेरापुर,45
खजूर,78
शिवनंदन,23
जनकल्याणकारी,48
रोको,145
कठिनाईयों,172
चादरपोशी,64
मेधावियों,49
भटकने,46
गुनाह,13
चौतरफा,86
फतह,1
देखो,180
परास्नातक,156
खोने,178
संदेहास्पद,60
कुर्ता,50
सांड,10
लोभ,195
बंध,43
श्रीमति,90
कसना,194
धागा,96
शातिरों,137
प्रबन्धक,35
व्यंग्य,101
लुप्त,161
बल्ला,98
दसवें,140
आर्शीवाद,89
समर्थ,85
रुपेश,81
चिड़ियाघर,118
फुर्सत,8
पूरक,128
लगाएगी,82
अछूता,86
भागीदार,54
जलपान,78
हुक्म,145
शंखनाद,188
कांप,115
रहन,142
रिझाने,80
कलशयात्रा,64
सार,106
निर्माणों,125
पदस्थापन,97
खोदने,33
कृत,34
शाप,145
संबद्धता,193
सिद्धि,195
रुकते,46
पथरी,185
मोल,161
थोड़ी,39
खोटी,32
कमोबेश,15
कुटी,138
सायरन,68
घटाने,80
पटक,75
दुधारू,10
आक्रामक,186
शोरगुल,42
तोता,10
उत्पादकता,21
छिप,115
प्रमाणपत्रों,56
वीरता,89
बोई,4
गिने,111
जायदाद,83
सितारा,126
हजम,78
अविरल,110
कुमुद,6
चर्म,128
झडी,168
सुधरी,162
अजायब,118
सामंत,34
सांसें,40
निरोग,183
पुत्रियों,17
जलाशयों,77
बिठाकर,31
ग्रामवासी,158
जेहन,105
आहुतियां,63
महकमों,184
प्रभावती,90
नौकरानी,17
ब्रजमोहन,143
तनिक,146
द्वेष,108
आज्ञा,24
होनेवाली,39
दूरदर्शन,114
सुहेल,37
तटवर्ती,107
दौड़ाया,16
किस्मों,129
मिठास,78
ससुरालीजन,17
बरतते,189
दूत,195
स्वदेश,46
जिलामंत्री,28
मुंडन,171
केले,78
ढील,145
अनूठी,170
गुरुजनों,12
तमाशा,114
तीरथ,34
शिक्षणेत्तर,192
शोधन,195
साग,78
बिका,76
चौका,75
प्रासंगिक,29
लड़ेगी,159
फैलाई,86
भंवर,110
सुपरवाइजरों,192
छिपाकर,27
पड़ताल,153
छत्रपति,34
रूझान,79
अध्यक्षीय,28
आतुर,146
गहनों,96
लोकनिर्माण,184
पुनरावृत्ति,54
अनपढ़,53
समावेश,29
अशिक्षा,53
सुभद्रा,90
सेव,78
जंगलराज,159
राष्ट्रीयकृत,21
लड़ना,133
संघर्षरत,1
रुकवाने,145
करवाचौथ,57
तरंग,54
ग्लास,61
गैलन,77
उर्वरकों,173
अनिमेष,81
अभिन्न,38
नवरात्रों,198
गण्यमान्य,169
महारैली,64
कनेक्टिविटी,93
शमशान,138
बिरजू,34
लावारिश,177
धीमा,122
भूसे,71
पुनर्विचार,24
शवगृह,177
धरनास्थल,36
आंनद,34
जांचा,153
पोलिथिन,71
संघों,190
ग्रह,84
वयोवृद्ध,182
चिकित्सालयों,128
पराग,6
कौड़ी,18
छलावा,60
झोपड़ियों,125
दूतावास,102
विशेश्वर,34
झुग्गियों,125
अधिग्रहित,193
निलेश,81
प्रतीक्षालय,95
नौंवी,140
पड़ना,133
रघु,81
भूतल,84
किसानो,158
फांक,119
सुहाना,5
प्राविधिक,93
असहायों,104
लोचन,34
प्रशंसनीय,62
बिगड़े,162
उत्पादित,21
खुलता,149
पहचानने,80
कसते,194
बगिया,116
अंडे,78
उद्यम,21
उलझी,155
बिचौलिए,76
विधा,101
मलय,100
खानापूरी,112
रोकते,145
निकालेंगे,144
चौपारण,3
उजाला,126
फिसड्डी,98
नीला,50
षडयंत्र,60
कांधला,45
प्रखर,182
हाजरी,82
भावनाएं,134
बिचौलिया,76
गायकी,68
दुनियां,150
पिया,61
गोलीकांड,136
जायरीन,157
स्ट्रोक,113
कुव्यवस्था,48
मंसूबे,70
फिजा,86
वारिसों,169
दवाईयां,185
लोकनृत्य,68
शतक,98
पछुआ,5
बिताने,46
इंस्पेक्टरों,184
फांस,194
मुजाहिद,37
नागवार,8
समीक्षात्मक,101
विचरण,183
सम्मुख,115
सालभर,8
सूने,115
मनवाया,72
पदार्थों,129
श्मशानघाट,167
मुर्दाबाद,188
बदलेगी,51
क्षत,177
इस्लामिक,108
शांतिभंग,136
बढ़ाएं,88
वायुसेना,165
भात,78
पढ़ाना,49
बीचोबीच,167
बिखरी,161
धरी,4
तरबूज,78
ढलाई,33
वगैरह,96
हारने,113
निपट,155
बाकि,135
भक्तजनों,157
कमाया,72
प्रतिभाशाली,182
उलझे,155
दुकाने,76
खंडित,43
वरन,7
जवाबदेह,164
फ्रेंचाइजी,76
पर्चियां,56
चौपहिया,179
ऑडिशन,20
बरतनी,189
बीन,68
घपले,60
गलतियों,48
नैनो,93
दलीय,159
राखियां,96
आयेंगे,144
पुरूषों,120
नम्रता,189
शिकारियों,10
खिड़कियों,125
सभ्य,163
अंपायर,98
पसार,86
पालतू,10
लकड़ी,33
बच्चियां,87
आयेगी,51
चीखने,32
नवगठित,28
अमानवीय,13
लहजे,32
खुलेगी,149
नमाजियों,64
सुलझ,155
बहुमूल्य,170
महामहिम,89
आवश्यकतानुसार,193
गिरती,148
अंतरराज्यीय,107
उपसचिव,28
टेबिल,96
खात्मे,1
दौराला,45
दर्जकर,153
अनसुना,32
भक्तजन,157
अधिकारिता,53
गौरवशाली,38
बहुओं,17
भरवाया,91
खेलकर,98
उड़ाते,16
कार्यमुक्त,97
ग्रीष्मकालीन,102
धन्य,89
चहुंओर,86
छतरी,118
पड़ने,122
तथाकथित,94
शास्त्रों,106
टुकड़ों,161
प्रियांशु,81
मुख्यअतिथि,20
मंत्रणा,131
भीग,161
पंचर,179
तेजस्वी,182
नौवें,140
परिदृश्य,38
कैंब्रिज,49
बताएगा,144
दाहिने,40
विक्रमादित्य,34
वस्तुस्थिति,29
दगा,150
देवगम,34
बंटे,130
काठगढ़,174
गिराकर,75
नगराधीश,132
व्यवस्थापकों,35
झुलसने,177
पुंज,126
संवेदकों,93
घटते,79
लेजर,93
नथुनी,96
किश्तों,83
खेमका,143
शिकारी,10
सरपरस्त,55
विक्षत,177
आसीन,31
हवस,74
भगाया,75
एप्लीकेशन,93
ताल्लुक,92
ट्रेक,199
दीपों,126
मालवाहक,95
शायरी,170
रसोईया,11
किसका,180
बारूद,33
म्यूजियम,118
उठायी,47
दंडाधिकारियों,196
परख,153
मनोहारी,62
सारिणी,193
खोदे,77
पहिये,179
पोती,17
अपशब्द,32
अंशिका,6
वनवासी,53
तरैया,45
रैबीज,185
माखन,78
सजने,198
प्रतियोगियों,113
प्रस्तावक,193
गुरुद्वारों,157
मुख,40
शिष्यों,12
दमदार,62
ढीले,186
डिफाल्टर,83
बोतलों,61
विपक्षियों,159
विश्लेषण,54
अनुशासनात्मक,151
हड्डियों,40
दशमी,57
मुखाग्नि,17
माँग,197
चित्रा,90
रेलमार्ग,199
निषेधाज्ञा,145
हंसते,115
दीनबंधु,34
एकलव्य,34
बचकर,115
खोजी,93
खीरा,78
बकरे,10
बहकर,110
श्वेत,50
मेहरबानी,55
गालीगलौज,75
गोले,119
धुलाई,119
अमानत,37
शराफत,37
ताड़ी,61
गंाव,174
अराजकतत्वों,125
वाद्य,68
मंदबुद्धि,87
हतप्रभ,146
वीरान,125
पड़ीं,152
थामा,40
बिछाकर,31
नमकीन,78
जाँच,153
सिंथेटिक,129
विज्ञानी,182
खजांची,37
लकड़ियों,125
बेपटरी,95
फटा,177
ईश्वरी,90
नवनिर्माण,0
तोला,18
विफलता,122
कूड़ादान,71
गिनाई,4
हिफाजत,164
अयोग्य,122
माध्यमों,29
छलक,161
ढहने,177
वितरक,35
वास्ता,55
कुनाल,81
समाजशास्त्र,38
छप्पन,59
अभिवादन,89
गरज,5
गुजराती,101
बोगियों,95
सबूतों,153
बजाते,68
नहाते,110
पिचकारी,75
लग्न,106
प्रकल्प,190
मांगलिक,171
भूदेव,143
रणजी,98
सिंधु,110
पाश्चात्य,163
छेड़ने,16
गर्मजोशी,142
मैदानों,98
फीका,50
मकबूल,37
प्राणों,195
विलीन,161
लगकर,115
कुर्क,83
गीतकार,182
थान,96
क्वार्सी,45
प्रतिलिपि,191
मटका,96
लाइनमैनों,66
अप्रशिक्षित,192
योजनाकार,182
दौड़ी,16
जुड़ाव,38
जहाँ,15
मुहाने,110
मल्लाह,23
सटाकर,40
मुमकिन,133
चिमनी,33
नहरें,125
नरक,195
गोलबंद,1
खड्डा,45
ताप,84
ढुलमुल,48
एकीकृत,85
मालाकार,143
कसे,194
पोस्टरों,188
अन्नदाता,158
पीटीआई,52
रेलपार,3
भागना,133
धकेल,115
अभिलाषा,134
खुशखबरी,134
बेकसूर,136
दीया,117
कोषाधिकारी,124
इच्छाशक्ति,189
छुड़ाया,25
अभूतपूर्व,1
मादा,10
टेप,93
असुरक्षा,86
बेशकीमती,170
सेनानायक,182
जलेबी,78
सेटेलाइट,93
सिवा,135
लहसुन,119
दर्रे,199
उपजे,122
दुकानदारी,76
सीना,40
मंदाकिनी,110
थिरके,68
इमामबाड़ा,118
खाबड़,199
शर्मिला,90
छीने,161
परास्त,1
तपा,117
चटकाए,98
जिलास्तर,22
रूकने,46
सत्यता,153
कूदने,99
बचेगा,144
शक्तिशाली,62
कोख,87
पटाक्षेप,155
सेनापति,182
जलता,117
वाहक,54
बीचोंबीच,167
सर्कस,114
लांग,52
झपटमार,137
अपहरणकर्ताओं,25
कशिश,6
सलामती,55
सातवां,140
खिलाई,78
अपहर्ताओं,25
पकाने,78
पस्त,162
कछुआ,10
आयशा,37
नियति,54
बैनीवाल,132
मरणासन्न,177
मुंहतोड़,168
तहस,161
खाती,148
युवजन,159
मनाही,145
चिल्ला,32
हुर्रियत,165
सारथी,34
इंद्रधनुष,126
बटेश्वर,138
बोलना,133
स्वप्न,150
जुए,19
ग्रंथों,106
मधुमक्खी,10
बोरों,33
पीतांबर,143
रुदौली,45
सट्टे,19
शहद,119
कथनी,189
जुबानी,32
झपटमारी,137
करनेवालों,80
अध्यात्मिक,12
थकान,74
मंगवाई,4
पक्षधर,121
शूट,114
सरंक्षण,84
छायादार,116
कालिका,138
सुलेख,191
वस्त्रों,50
लगेंगी,51
बाइस,59
लगान,83
जालसाज,137
रेस्तरां,187
संबंधियों,169
दलीलें,32
रहनेवाले,183
जोड़ते,16
खादों,173
मारना,75
अंकपत्र,176
हस्तियों,169
मुशायरे,20
सीवेज,77
मध्यान्ह,192
निकलें,88
कार्यस्थल,142
अनूठा,170
झकझोर,105
झड़ी,168
दिव्यांगों,104
न्यायधीश,196
मनवाने,27
किरकिरी,60
हिला,115
चुटकी,119
ओलंपियाड,113
यामीन,37
लहरी,68
ताश,98
उड़ती,16
सरस,62
छात्रनेता,28
मरम्मती,66
गेटमैन,95
तबला,68
संपादित,101
गड़गड़ाहट,64
चैनलों,169
उगी,116
पूछी,4
अप्रत्यक्ष,54
बक्शा,137
कुशलता,189
आयुवर्ग,120
अंत्यपरीक्षण,151
डब्ल्यू,35
कर्मो,106
बेपरवाह,146
कास्य,113
हसीन,150
चमकाने,0
उजड़,125
अत्याधिक,122
कर्मठ,182
झोपड़ियां,125
डाट,35
कटघरे,168
चलाएगा,144
प्रजनन,128
साठगांठ,60
लेखकों,169
आइना,150
निपटाया,155
दबने,177
धारणा,163
अस्वस्थ,183
चुनकर,181
मंगाकर,4
मारूति,179
परखने,80
सकरा,174
धरोहरों,38
सुखा,119
होम्योपैथी,128
नरम,186
लल्ला,23
रंगकर्मी,114
गृहणी,90
बदलती,148
रुकवाया,145
छोड़ते,16
कुचलने,1
अनबन,130
पुत्रियां,17
बंसीलाल,132
कोयलांचल,3
सोचते,67
जागे,134
हत्याओं,123
लेंटर,33
नन्हीं,87
अखाड़ों,64
रक्तदाताओं,104
उठाता,47
चेत,34
वाचन,20
वायदों,48
स्वास्थ्यकर्मी,128
निभानी,141
जननायक,89
जुबां,149
प्रतियां,56
परमार्थ,195
बारीकियां,29
माचिस,117
काजू,78
सर्वदलीय,166
भोली,39
शहनाई,68
पनकी,174
कांटी,174
अवसरों,131
सिक्कों,96
त्रुटियों,172
भूले,8
तम्बाकू,61
सम्बंधित,29
शासित,107
नायाब,170
वशिष्ट,143
ब्रह्मचारी,12
पड़ती,148
कामधेनु,138
फार्मेसिस्ट,52
कातिल,136
शीशी,119
गुब्बारे,96
छंटनी,97
टयूबवेल,77
नीर,100
नाचने,68
खाएं,78
सप्तमी,198
तारे,126
तीव्रता,54
गहराने,86
पोस्टमास्टर,184
निरक्षर,53
जिन्दगी,150
मच्छरदानी,96
लटकते,115
लौटाया,72
घपला,60
दालों,173
परिधानों,50
खरपतवार,116
मुनाफे,19
धोती,50
मुग्ध,146
मालामाल,19
बुलावा,46
जुटेंगे,144
पीक,99
अनौपचारिक,102
बदलता,148
अकादमिक,49
कतारबद्ध,115
कैंची,40
इंतकाल,8
नजरिया,54
मुख्तयार,132
कपडे़,96
चमेली,119
ठप्प,145
झपटी,75
दामिनी,6
नोंक,75
टोका,145
वन्यजीव,84
महती,141
छोड़ने,46
प्रागंण,118
मुकीम,37
छेद,91
सुंडी,116
गोरक्षा,108
शंख,138
राष्ट्रगान,68
कस्तूरी,10
बमबम,174
ढर्रे,48
औरत,120
झरना,110
रौब,27
कार्यक्षेत्र,131
वेल,52
जायेंगी,51
पुश्तैनी,158
अलगाववादी,165
अधीक्षकों,184
निर्णयों,48
फोटोग्राफर,182
कसम,78
फेहरिस्त,153
थिरकते,68
अधमरा,75
चेस,52
वली,37
अल्का,6
कम्यूनिकेशन,52
कछला,174
लगवाकर,82
कीजिए,88
पटवार,184
दरवाजों,149
संकोच,178
पैंतीस,59
जनेश्वर,23
मृदुला,6
फहराने,147
आइए,180
काश्तकार,158
चलंत,191
बजरिया,174
रुद्राभिषेक,157
वेदांत,106
खोदी,33
ऐतराज,26
रहूंगा,144
भावपूर्ण,62
शान्ति,195
स्टाम्प,56
निराशाजनक,160
स्मारिका,101
हिरन,10
रिफंड,83
प्राणियों,84
पत्थरबाजी,123
अधिकता,122
आटे,119
मंडलाध्यक्ष,28
चुराई,4
बाड़े,16
अनभिज्ञ,146
हजारा,73
मिश्री,119
सुनहरा,126
ब्रह्मदेव,34
बरकत,37
भड़की,16
अकीदतमंदों,64
मसाले,78
सोचकर,180
सत्यार्थी,143
तुम्हें,180
उत्सुक,146
उजाड़,125
दुश्मनों,55
सुबेदार,132
जनसमूह,64
दिलावर,37
सगाई,171
आरम्भ,41
ठूंस,91
गाजर,78
ताजपोशी,159
टिन,33
ढाल,99
गुलामी,163
उचक्के,137
हथकंडे,70
खोखले,186
जागा,134
फैलते,86
जिमखाना,52
तुलाराम,23
बनेंगी,51
प्रसंस्करण,21
क्रियाओं,54
हटाये,111
लालसा,134
पीढि़यों,163
टैबलेट,93
नेटवर्किंग,93
कसौटी,194
अधिसूचित,193
लकड़ा,132
अपहरणकर्ता,25
राजमिस्त्री,158
सुंदरकांड,198
बैलगाड़ी,179
आदिम,163
छूटी,152
अढ़ाई,59
सूजन,185
भांजा,65
चश्मे,50
सूनी,150
रसायनिक,129
करवाता,9
छपने,101
स्वर्णिम,89
दर्पण,191
बचाते,67
बर्ताव,13
ईसा,140
वर्धन,81
बल्लेबाजों,98
पेंशनधारियों,192
पिलाना,61
गरजे,188
देशद्रोह,13
बाजा,68
टकटकी,115
देवरानी,90
तलहटी,138
फरमाया,180
लड़ने,1
रूपों,54
चहलकदमी,115
अशोका,118
सीढि़यां,99
रिजेक्ट,197
खुलती,149
कातिलाना,136
काबीना,28
सर्वधर्म,108
जनसेवक,182
टेक्नोलाजी,93
विद्यापति,34
परिप्रेक्ष्य,54
यांत्रिक,93
चित्रण,191
कॉरपोरेट,52
वेदों,106
वाम,159
सर्वांगीण,131
टीजीटी,192
शुष्क,84
निर्यातकों,21
सेहरा,40
सैद्धांतिक,54
चिंहित,66
निर्यातक,21
देखती,148
चिता,117
कसाना,132
पंचमुखी,138
कारनामे,60
अपर्णा,6
गरुड़,16
ताकीद,112
पतली,39
मेहनताना,83
उम्मीदवारी,181
मंगाने,80
खात्मा,1
आलिया,6
परोपकार,195
टुकड़ा,119
सजाकर,198
