word,cluster
में,8
लिए,4
किया,0
गया,8
हैं,3
नहीं,0
सिंह,8
पुलिस,8
दिया,0
करने,4
कहा,0
रहे,0
बाद,8
करें,13
साथ,0
रहा,13
रही,0
बताया,8
हुए,0
लोगों,0
उन्होंने,0
होने,4
गांव,8
लेकर,0
जिला,8
इसके,8
एवं,4
क्षेत्र,8
द्वारा,4
हुई,8
लेकिन,0
लिया,0
सरकार,4
अपने,0
विभाग,4
मोबाइल,4
वाले,0
दौरान,8
आदि,4
सभी,4
मौके,0
फोटो,4
देखने,3
जागरण,8
जाने,4
दिन,0
नगर,8
तथा,4
जाएं,0
निवासी,8
लोग,0
बैठक,4
शुरू,8
कोई,0
हुआ,8
ताजा,3
करते,0
खबरें,8
समय,4
जाएगा,0
तीन,8
मामले,4
रुपये,4
कारण,4
पहले,0
थाना,8
पूर्व,8
विकास,4
संवाददाता,8
अन्य,4
जानकारी,4
कुछ,0
दर्ज,8
शर्मा,8
जांच,4
अध्यक्ष,4
स्कूल,4
यहां,8
अधिकारी,4
किसी,0
उनके,0
कार्य,4
पास,0
स्थित,8
कार्यक्रम,4
अस्पताल,4
वहीं,0
पंचायत,8
बात,0
पानी,3
किए,0
मांग,4
बच्चों,0
खिलाफ,8
बार,0
रूप,4
बजे,4
काम,0
उन्हें,0
कार्रवाई,4
तरह,0
देने,4
प्रदेश,8
महिला,4
उसे,0
वर्ष,8
मौजूद,0
अपनी,0
उसके,0
शहर,8
चुनाव,4
हजार,8
सूचना,4
दोनों,0
केंद्र,4
निर्माण,4
सहित,4
टीम,8
देवी,8
घटना,4
विद्यालय,4
मुख्य,4
शिक्षा,4
चार,8
बीच,0
प्रशासन,4
बिजली,4
रात,0
शामिल,8
जिले,8
होगा,0
कार्यालय,4
संवाद,4
इससे,0
मौत,0
उपस्थित,3
करीब,4
लाख,4
सुबह,0
दिए,0
नाम,8
पांच,8
अधिकारियों,4
कराया,8
जाएगी,0
आयोजित,8
राम,8
कहना,0
जारी,8
इसी,0
निर्देश,4
काफी,4
करना,4
प्रधान,4
जाता,3
प्रखंड,8
जबकि,0
व्यवस्था,4
आने,0
प्रसाद,8
घायल,8
आरोप,8
किसानों,4
योजना,4
तहत,4
लगा,0
आयोजन,8
वाली,4
अवसर,8
सोमवार,4
संख्या,8
अधिक,4
शिकायत,4
ग्रामीणों,4
उनकी,0
बंद,3
इसमें,0
राज्य,4
समिति,4
परीक्षा,4
अलावा,8
अभियान,8
मामला,0
ऐसे,0
अनुसार,8
चाहिए,4
युवक,8
मंदिर,8
पहुंचे,0
सचिव,4
ग्राम,8
रोड,8
पत्र,8
पुत्र,8
मंगलवार,4
उसकी,0
जहां,4
होगी,0
शनिवार,4
मिल,0
कराने,4
पूरी,0
बुधवार,4
शुक्रवार,4
छात्र,4
पार्टी,4
विभिन्न,4
रविवार,4
फिर,0
मंत्री,4
शाम,0
साल,8
अभी,13
आरोपी,8
गयी,8
जाए,0
स्वास्थ्य,4
जिसमें,8
वहां,4
गिरफ्तार,8
स्थानीय,4
निगम,4
विधायक,4
प्रभारी,4
समेत,8
बनाने,4
माह,4
लाल,3
श्री,8
परिवार,8
दिनों,0
प्रदर्शन,8
इसकी,8
प्रयास,4
सरकारी,4
सामने,0
ग्रामीण,4
जिससे,4
सदस्य,4
बैंक,4
समाज,4
सुरक्षा,4
वाहन,4
समस्या,4
किसान,4
पूरा,0
देश,4
बारे,0
चलते,0
लगाया,4
हत्या,0
रहने,0
मिलने,0
बाहर,3
बाजार,4
सहयोगी,8
स्थिति,4
दूसरे,0
लगे,0
पदाधिकारी,4
चोरी,0
शिक्षक,4
प्रतियोगिता,8
भाग,8
मार्ग,8
मुख्यमंत्री,4
स्थान,8
प्रतिनिधि,4
सफाई,3
सकता,4
छात्रों,4
मंडल,4
मिली,8
होती,3
कर्मचारियों,4
आदेश,0
पहुंच,8
पिछले,8
लेने,4
होता,3
विरोध,8
नेता,8
प्राप्त,4
जगह,0
तैयार,4
सेवा,4
उनका,0
परिजनों,4
अपना,0
देर,3
जनता,4
चालक,4
प्रति,4
मिला,8
गंभीर,4
संबंध,4
संघ,4
अलग,4
जमीन,3
भवन,4
अध्यक्षता,4
जाती,3
वालों,0
उक्त,4
कर्मचारी,4
जल्द,0
प्रकाश,4
राष्ट्रीय,4
गुरुवार,4
बना,0
जाम,0
करेंगे,0
विशेष,4
स्तर,4
स्टेशन,4
व्यक्ति,4
लगी,0
महिलाओं,4
थाने,8
होकर,0
कमेटी,8
गये,8
राय,8
उसने,0
परिसर,8
देते,0
देकर,0
संबंधित,4
तरफ,0
पूरे,8
समारोह,8
उपलब्ध,4
प्रथम,8
सात,8
शिविर,8
शिक्षकों,4
भारत,4
सभा,4
बच्चे,0
लगभग,8
इसका,8
आगे,0
विजय,8
राशि,4
भर्ती,4
अशोक,8
दूर,8
वर्ग,8
परिषद,4
दिवस,8
मां,8
लाइन,4
होते,3
मारपीट,13
घंटे,4
पंजाब,8
प्रमुख,4
पिता,8
रखा,0
छात्राओं,8
पहुंची,0
आया,0
उसका,0
अवैध,4
इसे,8
दुकान,4
अगर,0
पता,4
इलाज,4
जमा,0
जिस,0
कोतवाली,19
आधार,8
विद्यार्थियों,4
जेल,8
नजर,0
मतदान,4
ज्यादा,0
लगाने,4
जिलाधिकारी,8
खेल,8
यदि,0
कर्मियों,4
दोपहर,0
सबसे,8
बोर्ड,4
चौक,8
भाई,0
प्रशिक्षण,4
शराब,3
ट्रक,4
सवार,0
बावजूद,0
पूजा,8
सदर,8
जाते,3
डीएम,129
हालत,0
गांवों,4
निरीक्षण,4
आरोपियों,8
हालांकि,4
युवा,8
चुकी,0
सदस्यों,4
वाहनों,4
सके,4
कार,4
बरामद,8
विद्युत,4
भारी,3
भेज,0
अनिल,8
चुके,0
जिसके,0
जीवन,8
नेतृत्व,8
चला,0
सहयोग,4
मनोज,8
भारतीय,4
वापस,0
बनाया,0
मार्च,8
वितरण,4
कुमारी,8
परेशानी,0
करके,0
कंपनी,4
प्राथमिक,4
प्रकार,4
कार्यकर्ताओं,8
कही,0
कराई,4
वजह,0
कृषि,4
पति,8
ध्यान,4
कोर्ट,8
संगठन,4
होना,4
जाएंगे,4
दूसरी,0
संबोधित,8
आपूर्ति,4
ताकि,0
लाभ,4
माध्यम,4
निर्णय,4
हाथ,0
बढ़,0
मुताबिक,8
बारिश,3
मिले,8
होंगे,0
सामान,0
विवाद,4
पाया,3
ऐसा,0
वाला,0
राज,8
सकते,4
संचालन,4
बिना,4
अजय,8
आंदोलन,8
जाना,4
वरिष्ठ,4
विधानसभा,4
देख,0
कुल,4
हाल,0
आवेदन,4
बने,8
भेजा,0
देखते,0
रखने,4
मंडी,8
तेज,3
चुका,0
मुकदमा,8
धरना,8
जिलाध्यक्ष,82
भूमि,3
ठाकुर,8
अदालत,8
पत्नी,8
इसलिए,0
बनी,8
रैली,8
जैसे,3
प्रतिशत,4
कहीं,0
सूत्र,4
फरार,8
क्या,0
सूची,4
परेशान,0
तैनात,8
साफ,13
तहसील,8
बनाए,0
अंदर,3
शासन,8
सुविधा,4
गाव,8
भगवान,8
दर्जन,8
बाबा,8
लगातार,8
उधर,0
पक्ष,4
समस्याओं,4
अतिथि,8
क्षेत्रों,8
अभियंता,4
मुख्यालय,4
फसल,3
मुखिया,8
करता,0
यात्रा,4
निदेशक,4
आवास,4
चर्चा,8
शादी,8
सहायक,4
थानाध्यक्ष,199
उपाध्यक्ष,4
वर्षीय,8
सांसद,4
निजी,4
आसपास,8
सकती,4
दास,8
जान,0
प्रत्याशी,4
तैयारी,8
ब्लाक,4
बाल,8
सिविल,4
भुगतान,4
पहचान,4
खराब,4
सेक्टर,4
पूछताछ,0
सम्मानित,8
जनवरी,8
अधीक्षक,4
ज्ञापन,4
प्रवेश,8
स्थल,8
प्रबंधक,4
प्रक्रिया,4
विचार,4
उच्च,4
कभी,0
पीछे,0
लगाए,0
कमी,4
इलाके,8
जाकर,0
जमकर,8
आश्वासन,4
वेतन,4
जून,8
सप्ताह,4
तहरीर,0
यही,0
रेल,4
हासिल,0
बताते,8
विश्वविद्यालय,4
यूनियन,8
केवल,4
मदद,0
उत्तर,8
मैदान,8
खंड,4
मौसम,3
मरीजों,4
मगर,0
स्वागत,8
मकान,13
रोक,0
निर्धारित,4
खुद,0
बेहतर,0
नदी,8
पुल,8
अंतिम,4
ठीक,0
पेश,0
लगाई,0
खर्च,4
सिर्फ,0
लूट,0
बहुत,0
जरूरत,4
कार्यकर्ता,8
प्रभावित,4
बेटी,8
कर्मी,4
राजीव,8
द्वितीय,8
दें,13
नेताओं,8
घरों,0
उपचार,4
महतो,8
केन्द्र,4
समीप,8
सही,4
उपायुक्त,4
मार,0
जनपद,8
तौर,4
योजनाओं,4
हादसे,0
उर्फ,8
विद्यालयों,4
लगाकर,0
यात्रियों,4
अंतर्गत,4
फरवरी,8
संयुक्त,8
चेयरमैन,8
पार्षद,8
लगने,3
संस्था,4
गेहूं,3
मृतक,4
देखा,0
दीपक,8
रहता,3
उद्घाटन,8
कल्याण,4
राहत,4
संतोष,0
प्रदीप,0
घोषित,4
प्रस्ताव,4
सफल,0
नामांकन,8
पाल,8
आयोग,4
लोक,4
पेयजल,4
मीटर,8
जुलाई,8
पहली,8
प्रबंधन,4
कक्षा,4
न्यायालय,4
प्रदान,4
रहते,0
बदमाशों,0
गंगा,8
धान,3
सीमा,8
करवाया,8
सामना,8
दिसंबर,8
इधर,0
मांगों,4
महासचिव,4
अतिक्रमण,4
जीत,8
स्थानों,8
पदाधिकारियों,4
तलाश,0
टक्कर,4
नुकसान,4
माता,8
अज्ञात,4
लागू,4
जरूरी,4
मंच,8
राजकीय,4
बीडीओ,21
युवकों,8
दिशा,3
अतिरिक्त,4
शीघ्र,0
दिवसीय,8
उसी,0
पार्क,8
प्रेम,0
रास्ते,0
चलने,8
प्रत्येक,4
ऐसी,0
संस्थान,4
विरुद्ध,4
घोषणा,4
सुभाष,8
प्राथमिकी,192
बल्कि,0
चौकी,8
चंद,8
चंद्र,8
कब्जे,8
मनाया,8
केंद्रीय,4
तभी,13
कहते,0
रखे,0
गोली,8
बयान,0
जवाब,0
प्रयोग,4
युवाओं,4
गर्मी,3
रखी,0
सामाजिक,4
आनंद,8
चयन,4
लक्ष्य,4
किशोर,8
नीचे,3
आते,3
सरपंच,8
गुरु,8
केंद्रों,4
महीने,0
प्राचार्य,8
लापरवाही,8
कोशिश,0
तीनों,8
बजट,4
क्योंकि,0
प्रधानमंत्री,4
किनारे,8
चोरों,0
पेंशन,4
युवती,8
समाधान,4
पहुंचने,8
समाप्त,4
पालिका,4
श्रद्धालुओं,8
तमाम,0
प्रस्तुत,8
कदम,4
बनने,8
संजीव,8
सवाल,0
खरीद,4
वोट,4
चिकित्सक,4
शाखा,8
गैस,4
अचानक,3
करती,4
इनमें,3
जिसे,0
चले,0
पवन,3
नवंबर,8
जागरूक,4
करवाने,4
व्यक्त,4
छोटे,3
हिस्सा,0
मतदाता,4
देना,4
सुधार,4
विभागीय,4
विषय,8
संघर्ष,8
दुर्घटना,4
चेतावनी,4
मध्य,8
रहती,3
बता,0
अगस्त,8
सम्मेलन,4
आयुक्त,4
गिरफ्तारी,8
संपन्न,4
मेला,8
अक्टूबर,8
किये,4
दुकानों,4
थीं,8
हजारों,8
यातायात,4
प्रताप,8
साइकिल,4
काबू,0
तालाब,3
खाली,3
खेत,3
समीक्षा,8
लिये,3
संबंधी,4
मेले,8
मोटरसाइकिल,4
शांति,8
पूर्ण,4
गायब,3
हंगामा,104
समक्ष,8
मात्र,4
आकर,0
उससे,0
अधिकार,4
परिजन,0
आलम,0
स्वामी,8
हमला,8
दिखाई,3
कब्जा,8
कानून,4
लेते,0
दर्जनों,8
चिकित्सा,4
दवा,4
चलाया,8
बनाकर,0
संपर्क,4
बीते,0
गठन,4
चपेट,8
रोजगार,4
महाविद्यालय,4
सौंपा,4
माध्यमिक,4
भविष्य,4
विज्ञान,4
तत्काल,4
सम्मान,8
सत्र,8
दुष्कर्म,0
चरण,4
हेतु,4
निरीक्षक,0
जिन,0
क्रम,4
फैसला,0
समर्थन,4
आर्थिक,4
रुपए,4
परियोजना,4
अवगत,0
साढ़े,8
पुरस्कार,8
चिकित्सकों,4
लाखों,8
बैठे,0
डेढ़,8
एक्सप्रेस,4
रोकने,4
बस्ती,8
सामान्य,4
भूमिका,8
पंकज,8
सैनी,8
मजदूर,4
वर्षो,8
स्थापित,4
पाई,3
राजकुमार,8
दर्शन,8
निज,8
शुभारंभ,8
राजस्व,4
निकाली,3
मिलकर,0
माहौल,4
दूसरा,8
बेटे,0
वर्तमान,4
योग,8
उम्मीद,0
स्थापना,4
साहिब,8
फीसद,24
बनाई,8
पढ़ाई,4
डिग्री,3
विश्व,8
जिम्मेदारी,4
रहेगा,0
सफलता,0
आवश्यक,4
करेगी,4
सितंबर,8
परिणाम,4
भगत,8
सहायता,4
पहुंचकर,8
गंदगी,3
मजदूरों,4
स्वयं,8
धर्म,8
मनरेगा,4
पर्व,8
संत,8
रवाना,0
इंतजार,8
राशन,4
आधा,0
रोष,8
तरीके,4
सुनवाई,8
बातचीत,0
गलत,4
झारखंड,4
मालिक,0
मामलों,4
हमारे,0
घायलों,175
प्रमाण,8
लाने,0
बिल,4
जख्मी,8
चोर,0
प्रशासनिक,4
धमकी,0
ट्रैक्टर,4
महिलाएं,4
क्षेत्रीय,4
क्रिकेट,8
फिलहाल,8
गरीब,4
खत्म,0
प्रधानाचार्य,8
लौट,0
पंचायतों,4
अधिवक्ता,4
उपभोक्ताओं,4
यात्री,4
दुकानदारों,4
इनके,8
पटना,8
दैनिक,4
निकट,8
पहल,4
मरम्मत,4
जायेगा,4
मोर्चा,8
अरुण,8
उसमें,0
विद्यार्थी,4
होली,8
हमें,0
आगामी,8
रवि,8
पक्षों,4
तार,4
इलाहाबाद,8
दाखिल,13
मिलेगा,0
जाति,8
डाला,0
भ्रष्टाचार,4
प्रचार,8
बचाने,0
मिलते,8
निकाला,0
करनी,4
साबित,0
पाए,3
तृतीय,8
उठाया,0
पुत्री,8
ऊपर,3
हिरासत,8
स्तरीय,4
सजा,8
मरीज,4
वक्त,0
कमरे,3
पशु,3
असर,4
पर्यावरण,4
व्यापारियों,4
नया,4
नियुक्ति,4
अंजाम,0
घाट,8
रंग,3
खबर,0
इतना,0
ताला,13
पहला,8
चली,0
व्यापारी,4
तहसीलदार,8
जागरूकता,4
पाने,4
अभाव,4
उनसे,0
विभागों,4
संचालित,4
देखकर,0
परंतु,4
निर्वाचन,4
खेती,3
देंगे,0
कस्बे,8
सूत्रों,4
अंक,8
शुल्क,4
जयंती,8
उठा,0
ज्ञान,8
आह्वान,8
टिकट,4
पटेल,8
पैसे,4
नारेबाजी,141
वसूली,4
लगाते,0
चलाने,4
पार,8
रात्रि,8
नौकरी,4
शहीद,0
कराए,4
जुलूस,8
निकल,0
नहर,8
दिलाने,0
करे,0
रानी,8
चालकों,4
बढ़ाने,4
मुक्त,4
संयोजक,4
तिथि,8
शौचालय,4
अगले,0
सांस्कृतिक,8
भोजन,3
संभव,4
राजनीतिक,8
खाद्य,4
कला,8
जिसकी,0
कैसे,13
संरक्षण,4
पंडित,8
बीमारी,4
वार्ता,8
नियमित,4
फर्जी,4
उद्देश्य,4
करेगा,0
आगरा,8
बदमाश,45
बरसात,27
खुशी,0
मशीन,4
दुकानदार,13
शिकार,3
दिये,8
महत्वपूर्ण,8
जोर,4
मैं,0
ठंड,3
तीसरे,8
कीमत,4
वितरित,4
कथा,8
मतदाताओं,4
तुरंत,4
खास,8
पालन,8
रहेगी,0
मुश्किल,4
जिसका,0
मिनट,4
धारा,4
शुरुआत,8
किलो,3
पैसा,4
बूथ,4
पैदा,0
सिंचाई,3
विजेता,8
जन्म,8
दावा,4
जिलों,4
मजबूर,0
छापेमारी,8
आशा,0
करवा,8
प्रत्याशियों,8
इलाकों,8
खेतों,3
मौका,8
बढ़ा,0
मिट्टी,3
विशाल,8
हटाने,4
अरविंद,8
मानव,4
रहीं,8
भरा,3
रांची,4
संदेश,4
बालिका,4
निकाल,0
बचाव,4
लोकसभा,4
बधाई,8
नाथ,8
विस्तार,8
पुरानी,8
सिर,3
ठेकेदार,4
आर्य,8
उपाध्याय,8
उचित,4
बसों,4
होटल,8
बातें,0
वैसे,3
क्यों,0
व्यापार,4
कटौती,4
सेना,8
दबाव,4
नशे,0
परिवहन,4
मार्केट,8
जब्त,8
अफसरों,8
आशंका,0
उत्पादन,4
अपराध,4
पाठक,8
पुराने,8
समापन,8
मान,4
उद्योग,4
हालात,0
संकट,4
जताया,0
योगदान,4
पीने,3
सुशील,8
नियमों,4
प्रबंध,4
मारने,0
दहेज,8
उनको,0
बिक्री,4
बाढ़,3
परिवारों,4
रोडवेज,4
सख्त,0
महामंत्री,8
लागत,4
संदिग्ध,0
गली,3
अध्यापक,4
बहादुर,8
लाया,0
सामग्री,4
विधान,4
रहेंगे,0
अधिकांश,3
रोग,4
जताई,8
अर्चना,8
तापमान,3
प्रतिदिन,3
संभावना,4
अपहरण,8
स्वच्छता,4
महाराज,8
आरक्षण,4
करवाई,8
विनय,8
मुआवजा,4
शहरी,4
संकल्प,8
निकले,0
पूजन,8
स्पष्ट,8
इस्तेमाल,4
खाते,0
मोहल्ला,8
लिखा,8
मुहैया,4
गीत,8
कार्यरत,4
खनन,4
बहन,8
खाद,3
गंभीरता,4
मांगी,8
हमेशा,0
न्याय,8
जूनियर,8
गौरव,8
माल,0
मिलेगी,0
गठित,4
किशोरी,8
गणेश,8
माना,8
सुरक्षित,4
तत्वावधान,4
ज्योति,8
शरीर,4
नीरज,8
शांत,8
किलोमीटर,8
मनीष,8
अपराधियों,0
पिटाई,34
धार्मिक,8
आदर्श,4
रास्ता,0
मुकाबले,8
बाबू,8
नवीन,4
उमेश,8
याद,0
अभिभावकों,4
बढ़ने,4
मजबूत,4
सिपाही,8
छानबीन,0
मजिस्ट्रेट,8
मीडिया,8
कश्मीर,8
सौंप,4
महेंद्र,8
निस्तारण,4
चारों,3
घटनाओं,4
आबादी,8
कक्ष,3
दोषी,4
कन्या,8
ब्यूरो,4
होनी,4
चक्कर,3
महोत्सव,8
अच्छी,0
गुहार,34
ग्रहण,8
प्रतिमा,8
ढंग,4
सोनी,8
पदों,4
भक्तों,8
जवानों,8
दौरा,8
लंबी,3
आये,8
उम्मीदवार,4
सोने,3
कमल,8
शक्ति,4
सुविधाएं,4
नृत्य,8
अहम,8
राजनीति,8
जायजा,8
नीति,4
गति,4
अनेक,4
मास्टर,8
सुमन,8
जंगल,3
शोर,8
पैदल,8
खाने,3
फाइनल,8
गीता,8
दूरी,8
सुनिश्चित,4
गरीबों,4
बीज,3
लंबे,3
कार्यशाला,4
लेना,4
हूं,0
उपभोक्ता,4
संस्कृति,8
मोटर,4
गृह,4
प्रवीण,8
भीतर,4
खूब,0
अनुमति,4
खुले,0
अखिलेश,8
दीप,8
आती,3
चौराहे,3
सब्जी,3
चालू,4
दूध,3
बादल,0
नियुक्त,4
वीरवार,8
नियंत्रण,4
कार्यकारिणी,4
अनुमंडल,8
सक्रिय,4
जवान,0
प्रवक्ता,8
ओमप्रकाश,8
आता,3
लिखित,8
काट,0
जर्जर,186
अध्यापकों,4
अफसर,8
नकदी,4
वार्षिक,4
संचालक,4
अजीत,8
आदमी,0
मिलता,8
विवाह,8
विश्वास,8
वृद्धि,4
नाले,3
विरोधी,8
डाल,0
यज्ञ,8
निकासी,4
निकला,0
इन्हें,8
कार्यक्रमों,4
चालान,4
सुविधाओं,4
सभागार,8
बच्ची,8
किस,0
शेष,8
शपथ,4
राजा,8
बीस,8
आक्रोश,8
इकाई,4
गैर,4
लाइसेंस,4
डाक्टर,13
पुरुष,0
दरबार,8
धनराशि,4
दोबारा,0
न्यायिक,4
इनकी,8
पाठ,4
तैनाती,4
बताई,8
गन्ना,3
बालक,8
तकनीकी,4
उपस्थिति,4
वही,0
लक्ष्मी,8
जुर्माना,0
उपयोग,4
संगठनों,4
कमिश्नर,8
वित्तीय,4
जुट,0
निकलने,3
जैसी,3
धरने,132
उम्र,0
साथी,0
प्रतिभा,8
जगहों,8
समूह,4
आवश्यकता,4
रक्षा,4
बतौर,8
वित्त,4
भरने,4
श्रद्धालु,8
डालने,0
प्रदूषण,4
पौधे,3
दौर,8
सर्वे,8
कंप्यूटर,4
टूट,0
घटनास्थल,8
चाहते,0
बकाया,4
हवा,3
महत्व,4
अभिषेक,8
भजन,8
सुधीर,8
गुप्त,8
आजाद,8
प्रेरित,4
लुधियाना,8
दिखा,0
अनशन,8
बाधित,4
बजाय,4
लगता,3
सामुदायिक,4
सीधे,0
अलीगढ़,8
जाच,4
हमले,8
रफ्तार,4
आना,3
तेल,3
विधि,4
स्वच्छ,3
बदल,13
दुकानें,4
पशुओं,3
पहुंचाने,4
पेट्रोल,4
उठाने,0
इसको,0
वंचित,4
अंत,4
अधिनियम,4
बुरी,0
भेजी,0
आशीष,38
पूर्वी,8
प्रधानाध्यापक,8
खाना,3
पाकर,0
गौरतलब,8
चुनावी,4
विकेट,8
आश्रम,8
उत्साह,8
बेहद,0
कहां,13
रोशन,0
पंप,4
क्षतिग्रस्त,3
मूल्य,4
संस्कार,8
महज,0
चिकित्सालय,4
मृत,0
ट्रेनों,4
रोज,0
छोटी,3
साथियों,0
लंबित,4
बेचने,4
वक्ताओं,0
बढ़ती,4
आपदा,0
कारोबार,4
हिमाचल,4
बाकी,4
प्रारंभ,4
हिसाब,0
नजदीक,8
कराकर,8
प्रार्थना,0
कुलपति,4
पुतला,0
दिक्कत,0
मुलाकात,8
धूप,3
इंचार्ज,0
भेजने,4
सोसायटी,4
मतगणना,4
देता,0
जिम्मेदार,4
इतनी,0
मेहता,8
नियम,4
सार्वजनिक,4
सर्जन,4
जायेगी,4
कांड,8
कोषाध्यक्ष,8
स्कूली,4
पुष्टि,4
अखिल,4
अच्छा,0
अनाज,3
धर्मशाला,8
बीमा,4
कानूनी,4
मात्रा,4
वीरेंद्र,8
समस्याएं,4
विहार,8
आवागमन,4
खतरा,4
प्रतिनिधियों,4
रखते,0
मांगा,8
भरे,3
लें,13
विद्या,8
फुटपाथ,36
मजदूरी,4
श्रेणी,8
कौन,0
यमुना,8
खोलने,4
सुंदर,8
चीनी,8
मारकर,0
भ्रमण,8
आत्महत्या,8
पोल,4
नागरिक,4
अंचल,8
जिनमें,3
चयनित,4
लेंगे,0
ससुराल,8
सामूहिक,8
रक्तदान,4
जुटे,0
निकालने,4
पदक,8
मिलती,8
महंगाई,74
चिंता,4
क्षमता,4
निर्मल,8
समर्थकों,8
गोदाम,4
आक्रोशित,8
मुंह,3
भाव,8
फायदा,0
कौशल,4
पत्रकारों,8
अमर,8
मुद्दे,4
अंकित,8
अच्छे,0
प्रदर्शनी,8
बृहस्पतिवार,18
टूर्नामेंट,8
फसलों,3
काली,3
निगरानी,4
न्यायाधीश,4
स्वरूप,4
कार्यवाही,4
याचिका,4
भरोसा,0
भेंट,8
भेजे,0
समुदाय,8
अनुसूचित,4
घंटों,3
पहुंचाया,0
हाथों,0
गुणवत्ता,4
बांध,3
करायी,4
कस्बा,8
एडवोकेट,8
ढाई,8
नाटक,8
धीरे,3
दुरुस्त,0
रुपया,4
फूल,3
हमारी,0
मानदेय,4
सकेंगे,0
गुरुद्वारा,8
उनमें,0
सागर,8
ममता,8
बदलाव,4
गिरने,3
व्यवसायी,4
मेहनत,0
सेवक,8
बुलाया,0
संध्या,0
अभ्यर्थियों,4
परीक्षण,4
काटने,3
इंतजाम,8
हरी,3
फैसले,8
मना,0
हथियार,8
दफ्तर,0
पर्यटन,8
धूमधाम,8
पर्याप्त,4
घेराव,0
पुरस्कृत,8
सौंपी,4
स्वर्ण,8
मेरे,0
स्व,4
ऑटो,4
टाटा,4
फीस,4
शाह,8
सदन,4
प्राथमिकता,4
पूनम,90
भव्य,8
मोहल्ले,8
कैलाश,8
कलाकारों,8
सत्ता,8
आरती,8
संगीत,8
पश्चिम,8
टीमों,8
प्रभाव,4
अस्पतालों,4
संसाधन,4
त्यागी,8
भारद्वाज,8
बेटा,0
विशेषज्ञ,4
तत्कालीन,8
नामक,8
लापता,0
बोल,0
निकली,8
दीवार,8
खाता,4
शुरु,8
पत्थर,8
राजमार्ग,4
शिक्षण,4
राजधानी,8
उपरांत,8
राज्यों,4
देखरेख,4
डाक्टरों,80
रेखा,3
साहब,8
अवकाश,8
रुप,4
बच्चा,0
सड़क,4
भरी,0
व्याप्त,4
आपसी,8
अगुवाई,8
चावल,3
भले,0
संपत्ति,4
औद्योगिक,4
बढ़ी,0
पश्चिमी,8
दर्द,4
रोजाना,3
रखकर,3
जिन्हें,0
आभार,0
वरीय,4
सारी,0
बताए,0
चलता,3
इनका,8
कायम,8
एकता,4
सुनाई,0
दलों,4
हादसा,76
पूछा,0
हवाले,0
डॉक्टरों,4
राख,3
मुस्लिम,8
नाराजगी,8
मंत्रालय,4
सलाह,4
अनुदान,4
निधन,8
रणनीति,4
सूरज,0
गोष्ठी,8
मुझे,0
नये,4
छूट,4
श्रद्धांजलि,8
बहाल,4
जुटी,72
बीमार,0
स्वीकृति,4
कंपनियों,4
मंदिरों,8
लीटर,3
तीसरा,8
भागने,0
भक्ति,8
प्रेस,8
इतिहास,8
दिलाया,0
समझ,0
विकसित,4
हित,4
अमन,0
बढ़ावा,4
शोक,0
सहमति,4
फीसदी,4
बिहारी,8
मुहल्ला,90
सूबे,8
सकें,4
समान,4
शोभायात्रा,50
वातावरण,4
जाएंगी,4
दुनिया,0
अपराधी,0
प्रेमी,8
लाठी,0
जानी,4
कीर्तन,8
अंग्रेजी,8
खरीदने,4
परिवर्तन,4
स्वीकृत,4
उत्पन्न,4
भावना,4
उतर,0
माने,8
राज्यपाल,4
अभिभावक,4
आरंभ,4
नागरिकों,4
घुस,0
नाला,3
अधिकतर,3
बदले,0
चोट,4
बदलने,4
छुट्टी,8
बैठा,0
कार्यपालक,4
अक्सर,4
विगत,0
हों,0
खून,3
आचार्य,8
सत्यापन,4
समन्वयक,4
व्यवहार,4
लिखे,8
सुनने,0
जाया,0
मूल,4
अवधेश,8
मुहिम,0
बीएसए,109
मूल्यांकन,4
गुजर,8
दायर,8
पढ़ने,13
निलंबित,4
हत्याकांड,8
बीमारियों,4
पोलियो,0
न्यूनतम,4
क्रय,4
वर्षा,3
बुजुर्ग,8
पैर,3
कराना,4
तैयारियां,10
भूषण,8
नीतियों,4
करवाए,4
बंसल,8
सचिन,8
अथवा,4
आवासीय,4
मांगे,8
मानें,0
सफर,0
भाषा,8
प्रस्तुति,8
रहना,3
आयु,4
गतिविधियों,4
दीक्षित,8
चौराहा,34
दर्जा,8
ऑनलाइन,4
जलकर,3
दीपावली,8
हस्ताक्षर,4
नाराज,8
खोल,13
तलाशी,8
फांसी,8
दाम,4
समाचार,8
दिखाया,0
बनकर,0
अंतरराष्ट्रीय,8
शिरकत,0
निशान,3
तनाव,4
बाग,8
सुनकर,0
विवाहिता,0
सदस्यता,4
मैनपुरी,8
तैयारियों,8
फैल,8
आवंटन,4
चंदन,3
डीजल,4
नशा,0
कविता,8
दरअसल,8
देरी,4
ऊर्जा,4
कोतवाल,8
बसें,4
मान्यता,8
जोरदार,0
देहात,8
सालों,8
अदा,0
प्रावधान,4
महाप्रबंधक,8
संस्थाओं,4
कपूर,8
प्रगति,4
पंजीकरण,4
छापामारी,42
सोच,13
मालूम,0
सीटों,4
पदार्थ,4
दलित,8
गले,3
पचास,8
रोका,0
उत्सव,8
विश्वकर्मा,8
बाजारों,4
बैठ,0
बदायूं,8
बाहरी,4
प्रस्तावित,4
डेंगू,124
परीक्षार्थी,8
कारणों,4
स्वीकार,8
ललित,8
केन्द्रों,4
कागजात,8
मूर्ति,8
राष्ट्रपति,4
मनमानी,4
सेवानिवृत्त,4
दहशत,0
समाजसेवी,8
कार्यकारी,4
महसूस,4
चलाई,4
चाय,3
थानों,4
खरीदारी,4
अर्पित,8
सारे,0
उम्मीदवारों,4
मस्जिद,8
महानगर,4
सेवाएं,4
बगैर,0
खेलों,8
शिकायतों,4
विदेशी,4
मानसिक,4
अनुपस्थित,1
चुना,4
करार,4
लिहाजा,39
आखिर,0
घरेलू,4
मुजफ्फरपुर,8
हिदायत,0
डाक,4
धाम,8
एकत्र,3
पीटा,36
पारा,3
सेहत,4
शिकायतें,4
ट्रैक,4
आसमान,0
योजनाएं,4
सिलसिला,0
देती,3
राहगीरों,0
वकील,8
पुराना,8
कार्यकाल,4
लक्ष्मण,8
पेपर,4
गिरी,8
मनाने,8
बचने,4
निवास,8
सहारा,0
आवंटित,4
मांगने,8
शरण,0
आयी,0
एकत्रित,4
श्रम,4
सेमिनार,4
बंगाल,8
प्रणाली,4
व्यक्तियों,4
गलियों,3
विमर्श,8
सूर्य,3
मचा,0
आग्रह,8
मनोहर,8
अधिकतम,4
पंजाबी,8
काला,3
सौरभ,8
बंदी,8
उल्लेखनीय,8
चुनौती,4
प्रांगण,8
हार,8
पाते,3
इंकार,8
दिल,0
जिंदगी,0
प्रसार,4
परमजीत,46
किरण,8
परिचय,8
खोला,8
पानीपत,8
जवाहर,8
श्रमिकों,4
अवतार,8
वृद्ध,8
पंजीकृत,4
त्योहार,8
आधारित,4
वैज्ञानिक,4
अनदेखी,8
तले,3
स्वतंत्रता,8
सारा,0
कहने,0
ठोस,4
चलेगा,0
ग्राहकों,4
शिशु,4
मुफ्त,4
नाबालिग,8
परीक्षार्थियों,8
बीती,8
फेंक,0
अंतर,4
पाली,8
मृत्यु,0
द्वार,8
विकलांग,4
साजिश,8
स्मृति,4
कलश,8
भीषण,8
सर्विस,8
काउंटर,4
अवधि,4
मंजू,8
तीस,8
समस्त,8
टीमें,8
बालू,3
स्नान,8
राष्ट्र,4
कुरुक्षेत्र,8
डाली,0
बचा,0
संगत,4
भक्त,8
प्रकट,8
बारह,8
आंखों,3
चेहरे,3
स्थायी,4
शिनाख्त,0
तारीख,4
बनवाने,8
भोला,141
सुझाव,4
चलाए,4
बर्बाद,0
सचिवालय,4
संज्ञान,4
बहिष्कार,8
मारी,0
प्रेरणा,4
बांका,8
शारीरिक,4
व्यापक,4
हमारा,0
कामना,0
समाजवादी,8
सहकारी,4
मुक्ति,8
प्रतिभागियों,4
कैद,0
समझा,0
विदेश,4
नकल,3
सायं,8
जिनके,0
हमीरपुर,8
तत्वों,4
अनियमितता,4
पंच,4
सख्ती,0
बुरा,0
चांदी,3
चन्द्र,8
स्टोर,13
वीर,8
बीत,0
हवन,8
निधि,4
नगरपालिका,4
मौलाना,8
लघु,4
नायक,8
हादसों,71
पंचायती,4
देखी,3
गार्ड,8
सराहना,8
शुरूआत,8
गश्त,4
अनिवार्य,4
संग,154
रिक्त,13
वेलफेयर,8
चुनावों,4
पटरी,3
खुला,0
कैमरे,4
मौजूदा,4
पारित,4
मंगल,3
विजयी,0
मौजूदगी,4
समझौता,4
रखना,4
पार्षदों,8
नरेन्द्र,4
बैठने,0
शानदार,8
सुरजीत,8
बर्दाश्त,0
होंगी,0
रोशनी,3
इतने,0
आसानी,4
देवघर,8
लगते,3
चेन,4
संसदीय,4
अभियुक्त,8
सरदार,0
दान,8
डालकर,3
कार्यालयों,4
सैनिक,8
खुली,0
जबरन,8
नोट,4
रिक्शा,8
शोभा,8
दक्षिण,8
तलब,0
पट्टी,3
ग्रेटर,4
स्थलों,8
गाय,3
आपस,0
चाहती,0
सीडीओ,108
कमजोर,4
भाषण,8
बराबर,0
परेशानियों,13
निरस्त,4
मायके,8
हिंदू,8
रखें,13
तस्करी,8
पलट,0
अनियंत्रित,4
टेंपो,4
पहुंचते,3
ऐतिहासिक,8
वंदना,8
पेट,3
विशिष्ट,4
रेट,8
बागपत,8
मेरी,0
दरवाजे,8
खारिज,8
छोटा,8
हैंडपंप,3
बुखार,4
ढेर,0
उसको,0
नाली,3
राह,0
कवायद,4
रहें,0
छावनी,8
नष्ट,4
कप्तान,8
पौधरोपण,4
मशक्कत,76
पश्चात,0
आजादी,8
शिक्षिका,8
शशि,8
आस्था,8
मनाई,8
गाजीपुर,8
कचहरी,18
बनाना,4
बढ़ता,4
घटनाएं,4
हटा,13
ज्यादातर,4
पत्रों,8
खेला,8
दिखाकर,4
आधुनिक,8
उदय,8
प्रभात,0
प्रतिनिधिमंडल,4
उल्लंघन,0
यहीं,8
उठाए,0
प्रकाशित,8
हिंदी,8
मुकाबला,8
एकजुट,8
गईं,8
अमल,0
सहारे,3
उठे,0
सेंट्रल,4
खेलकूद,4
आधे,4
मोहित,8
शहरों,8
हुये,8
कबड्डी,8
संस्थानों,4
बोले,0
अगली,8
अधिग्रहण,4
सास,8
छापा,19
कैंसर,4
मुहल्ले,4
गिरा,0
दिखे,8
लेखपाल,8
खतरे,4
सलाहकार,4
आलू,3
कोयला,4
छात्रवृत्ति,4
पोस्टर,8
प्रजापति,8
कुशीनगर,8
अनुरूप,4
भाइयों,0
काटकर,8
संहिता,8
छीन,0
भूख,3
हटाया,4
क्षति,4
पीछा,0
सेल्सियस,3
सूचित,4
उपकरण,4
चित्र,8
रंजिश,145
स्वस्थ,4
अतिथियों,0
सांस,4
नींद,3
सभासद,8
उपजिलाधिकारी,2
अल्पसंख्यक,8
गाली,8
लूटपाट,8
सत्संग,8
बंधक,4
क्विंटल,3
तकरीबन,4
रूपये,4
चाहे,0
हिस्से,0
ठेका,4
प्रांतीय,4
निकालकर,3
निश्चित,4
बदला,0
बचाओ,0
दौरे,8
शांतिपूर्ण,8
बिलासपुर,4
प्रकोष्ठ,4
शोषण,8
नमाज,0
गर्म,3
बुलंदशहर,8
साइंस,4
दबोच,191
मानक,4
जीता,8
गौर,8
नायब,0
नकद,4
कवि,8
महीनों,0
मित्र,0
बढ़ते,4
सर्व,8
महादेव,8
बढ़ोतरी,0
सर्दी,3
वासियों,8
उपलक्ष्य,8
चलें,0
दूबे,8
विवश,0
पंद्रह,8
प्रसिद्ध,8
दशा,0
मासूम,0
मार्गो,8
दाखिला,4
संरक्षक,0
डेरा,8
सेवन,4
सर्वाधिक,8
फाटक,172
मारा,0
नारे,8
गोल,3
नवरात्र,8
पात्र,8
रोगियों,4
करंट,4
उठाई,8
चुने,4
दर्शकों,8
अभय,8
किराया,4
विस्तृत,8
गावों,126
शैक्षणिक,4
नलकूप,3
संस्कृत,8
झुलस,81
तकनीक,4
जेवर,0
मांगें,125
समर्थक,8
पूछे,13
अनुरोध,4
सुख,8
प्रशांत,8
दरभंगा,8
रहकर,0
उठाकर,0
पहलवान,8
सवा,3
निशाना,8
अवस्था,4
समर्पित,8
देगी,0
विदाई,8
वार्डो,31
जनप्रतिनिधियों,48
सर्वसम्मति,4
अति,4
निकाय,4
चलाकर,4
लाकर,0
बारी,0
गणित,4
नतीजा,0
नालियों,3
विषयों,4
व्यस्त,4
आकाश,0
जिन्होंने,0
बनाये,4
महात्मा,8
संदर्भ,4
प्रतियोगिताओं,8
दोस्त,0
दशक,8
गर्भवती,0
चाकू,3
मालिकों,4
स्थगित,4
लाश,0
हाजी,8
इटावा,8
बढ़ाया,4
टोल,4
घुसकर,0
खुल,0
पत्रकार,8
प्लान,4
तालाबों,3
जेब,3
फूंका,0
अवश्य,0
आचार,8
संचालकों,4
परिस्थितियों,4
कितने,0
टूटी,3
संगीता,8
बैठकर,0
कुंवर,8
जहर,4
पुलिसकर्मियों,8
पुलिया,3
विष्णु,8
टीकाकरण,4
कार्यों,4
वेबसाइट,4
फंसे,0
चलती,8
गन्ने,3
वापसी,8
मैन,8
झंडी,8
फिरोजपुर,8
सिख,8
प्रसव,4
गंदा,90
खाद्यान्न,3
उत्पाद,4
सराहनीय,4
जल्दी,0
दिखाने,13
सूरत,0
गुजरने,3
आएगी,0
जगत,8
यानी,0
हराया,8
मुद्दों,4
संवेदनशील,4
बगल,35
भेजकर,0
रिश्तेदार,0
फीट,8
वैन,8
शिलान्यास,8
दायित्व,4
कैंट,184
पर्चा,1
तस्वीर,8
जाट,8
परिचालन,4
फीडर,23
कराते,4
हेक्टेयर,3
अनुज,8
जताते,0
गला,3
खातून,145
लुटेरों,8
डाले,0
कामकाज,4
सुनी,0
मानना,0
अभ्यर्थी,4
किल्लत,52
मिलाकर,3
आबकारी,4
दंडाधिकारी,8
शोध,4
मारे,0
खुलने,4
देगा,0
मुकदमे,8
ससुर,90
सील,3
घंटा,4
निंदा,8
लगेगा,0
मिलन,0
ध्वस्त,8
उच्चाधिकारियों,111
पथराव,0
तीसरी,8
आतंकी,8
निदान,4
सत्य,8
आत्मा,8
लेन,8
विरूद्ध,8
मनोरंजन,8
हकीकत,13
प्रखंडों,3
महासंघ,8
आपराधिक,8
कलाकार,8
वेद,8
ओझा,8
आला,0
घोटाले,8
निपटने,4
खेलने,8
भागवत,8
सीता,8
साधन,4
विमल,8
कैबिनेट,4
बवाल,0
नितिन,8
साहित्य,8
मामूली,0
अकादमी,8
चाहता,0
बेच,4
लाई,3
पसंद,8
रजिस्ट्रेशन,4
स्नातक,4
बसंत,8
राज्यमंत्री,4
हवाई,4
जाये,13
गठबंधन,4
गणमान्य,8
विधायकों,4
जानने,0
कहकर,0
रामचंद्र,8
चौथे,8
इंटरनेशनल,8
हर्ष,8
सदस्यीय,4
चार्ज,4
शाही,8
भागीदारी,4
जानलेवा,2
कराएं,8
माफिया,8
आगमन,8
आएंगे,104
मंजूर,0
मंचन,8
पुस्तक,8
पूर्ति,4
श्रद्धा,8
कंबल,3
लिपिक,4
विक्रेता,4
लंगर,0
ताले,0
उतार,0
देखे,3
मिठाई,3
कटान,182
गोस्वामी,8
जलापूर्ति,3
लगाना,3
कारोबारी,4
दिनभर,8
दसवीं,8
जैसा,3
महासभा,4
जलभराव,4
दिलाई,0
ग्यारह,8
तिलक,8
खासकर,4
परंपरा,8
मेरा,0
माल्यार्पण,8
मानते,0
बीबी,0
उपमंडल,126
खुर्द,8
चाचा,8
तब्दील,4
आधी,0
मासिक,4
इंस्टीट्यूट,4
जीटी,174
ऊधमपुर,160
स्पष्टीकरण,4
कोहराम,117
फटकार,0
लोगो,0
प्यार,8
कामयाब,0
कमला,8
पुलिसकर्मी,0
बाला,0
देशों,4
रजिस्टर,4
दक्षिणी,8
आसान,0
दमकल,184
भूकंप,4
बुलाकर,8
व्यवसाय,4
बाधा,4
आपत्ति,8
होश,0
ग्राहक,4
विधिक,4
जागरुकता,4
अनुराग,8
काटा,3
मजबूती,4
बताने,13
प्रदर्शनकारियों,8
दुख,0
हरकत,0
प्रतिबंध,4
लिखकर,8
संविदा,4
गुलाब,8
बेटियों,8
प्रमाणपत्र,4
गुजरात,8
दोषियों,4
सटे,8
अधीन,4
वाद,4
वकीलों,8
जेवरात,176
संसद,4
आशीर्वाद,8
पौधों,3
कोहरे,3
जलस्तर,3
शुद्ध,4
चैंपियनशिप,8
रक्त,4
बचे,0
भीम,8
सरिता,8
वादा,0
चलना,0
निभाई,8
प्रतीक,4
ठगी,4
उत्तम,0
बजाए,13
उजागर,8
सवारी,0
पाठशाला,8
लौटने,0
सुबोध,8
उत्तरी,8
सेवाओं,4
दूषित,4
काले,3
अविलंब,3
हमने,0
ऊना,8
बेरोजगार,4
आदिवासी,8
कर्ज,4
बेहोश,3
लाभार्थियों,4
विकल्प,4
बीए,4
वार,0
रसोई,3
बातों,0
गुस्सा,13
बनता,4
शहीदों,0
समस्तीपुर,8
संशोधन,4
जरिये,4
गीतों,8
अंधेरे,0
करेंगी,0
पक्का,0
योग्य,4
समुचित,4
चौकीदार,39
पंडाल,181
सराय,8
पुष्पा,8
टैंकर,64
शारदा,8
इन्कार,0
विपरीत,4
धीरज,48
सैनिकों,8
निर्वाचित,4
विलंब,4
कमर,3
ज्ञात,8
सूत्री,4
गिरकर,0
एजेंसियों,4
मकसद,8
नकली,4
दावे,0
तर्ज,8
रोटी,3
प्राकृतिक,4
निष्पादन,4
चिन्हित,129
करोड़,4
अनुसंधान,4
टंकी,3
वासी,158
खोले,4
खुश,0
घनश्याम,8
जिनका,3
सहनी,22
शौच,0
कहानी,8
अड्डा,4
धरती,0
हाजिर,0
लगती,3
उपेक्षा,8
कूद,0
मलेरिया,4
आपको,13
बुझाने,3
पवित्र,8
कचरा,4
सेविका,8
जनहित,4
कुर्सी,3
बनेगा,175
आकर्षक,8
सकारात्मक,4
आकर्षण,8
नालों,3
घूम,3
नारी,8
निष्पक्ष,4
श्रीमती,8
लटका,0
जिनकी,0
बोतल,3
नोडल,4
शिक्षित,8
पोषण,4
धाराओं,3
प्रवचन,8
बुलंद,8
प्रधानों,181
मेजर,8
सीडीपीओ,4
अनुमान,4
रंगारंग,4
रुक,3
प्रकोप,0
निषाद,8
कितना,3
छाया,8
दरोगा,59
कुश्ती,8
प्रभावी,4
लोकतंत्र,8
समितियों,4
अव्वल,0
गंदे,3
विश्वनाथ,8
बांटे,5
नगदी,4
गुरूवार,13
प्रीति,51
बोझ,0
उपाय,4
पराजित,8
भरपूर,0
भार,4
टूटने,3
पूर्वक,4
प्रशिक्षक,8
सर्किट,4
बल्लेबाजी,8
निर्मित,4
धर्मपाल,8
प्रोग्राम,4
बरकरार,8
भेदभाव,8
जनसंपर्क,164
हाथी,3
भरकर,3
काटे,3
अन्यथा,4
पान,49
त्वरित,4
भवनों,8
रुचि,8
इत्यादि,4
फुटबाल,8
व्यय,4
बनाते,3
प्वाइंट,8
पदोन्नति,4
डकैती,8
लगाये,4
समझाने,0
पहिया,3
फेडरेशन,8
हमलावरों,8
लालू,8
सोना,3
लौटा,0
पीढ़ी,4
रेस,8
पूछने,8
बीघा,8
पुख्ता,0
दवाओं,4
आंधी,3
अपेक्षा,4
सुधारने,4
अध्ययन,4
अन्तर्गत,8
जंग,0
सिरे,3
धक्का,8
चिकित्साधिकारी,15
व्रत,8
चतुर्थ,8
कच्ची,3
निदेशालय,4
उपलब्धि,4
संविधान,4
गढ़वा,8
इंद्रजीत,8
केन्द्रीय,4
झंडा,8
लहर,9
मंशा,8
प्राप्ति,8
क्षेत्राधिकारी,8
पुजारी,8
उद्यान,3
स्टेशनों,4
तंग,0
चढ़कर,8
आरक्षित,4
खिताब,8
अधिकारों,4
नगरी,8
किलोग्राम,3
धूल,3
अक्षय,8
पीठ,0
जलाकर,3
संस्थापक,8
बहाने,0
स्थानांतरण,4
दबोचा,0
कतार,3
देशी,4
चोटें,0
किंतु,4
वर्षों,8
गलती,4
दिक्कतों,41
डोर,174
सीधा,0
दुमका,8
इन्होंने,8
तारों,3
घाटों,8
परीक्षाओं,4
कर्नल,8
बढ़कर,0
हॉल,8
कहासुनी,131
निर्माणाधीन,4
उग्र,4
ठेके,4
मौन,8
विधवा,8
जनप्रतिनिधि,64
तबादला,8
दंपती,8
पैमाने,4
रजनीश,8
बुलाई,8
आदेशों,0
भंडारी,8
आमंत्रित,8
सुचारू,4
निवासियों,8
मैंने,0
पाक,0
अलाव,21
आरएस,153
मानी,8
गायक,8
उपकेंद्र,1
कारतूस,8
सीटें,4
दबंगों,104
बढ़ाकर,4
कराये,4
आवाजाही,4
हल्की,3
गणतंत्र,8
सुन,0
हृदय,4
आभूषण,3
निरंजन,8
लौटे,0
शेर,3
किराए,4
मंजिल,8
पिछली,8
वसूल,4
इस्लाम,8
संदेह,0
पाती,3
सेवकों,8
कमरों,8
निर्देशों,4
दहन,4
हीरा,3
निशा,13
पर्स,199
ट्रकों,4
उन्हीं,0
तस्करों,4
खोज,4
दाल,3
अनुभव,4
महान,8
मुआयना,4
टकरा,0
चांद,8
संबोधन,8
एड्स,4
कटाई,3
उतरने,0
आफिस,8
निर्देशित,8
मेल,4
पारिवारिक,8
जला,3
कमान,8
गोद,8
महायज्ञ,8
निरंतर,4
परन्तु,0
मतों,8
ताकत,0
अमेरिका,8
गहरा,8
पार्टियों,4
आरोपों,8
भूल,0
चिह्नित,4
शैक्षिक,4
नेत्र,4
स्मारक,8
गरीबी,4
कागज,4
विसर्जन,3
माला,8
इजाफा,4
मकानों,3
भगवती,8
संपूर्ण,4
चुरा,3
निर्धारण,4
इच्छा,8
मजबूरी,0
लाए,0
प्रारंभिक,4
बदहाल,85
ऋषि,8
चूंकि,4
प्रीतम,8
ठेकेदारों,4
अमृत,8
उतरे,0
इंसान,8
खुदाई,8
तमंचा,149
आएगा,0
सकेगी,0
जिम्मा,8
पर्यवेक्षक,4
कितनी,0
बृजेश,182
काशी,8
नम्बर,8
हलका,3
निकाले,8
चौराहों,90
पढ़ें,13
टूटा,0
घेर,0
विशेषज्ञों,4
एलान,0
हितों,4
जिम्मेवारी,4
दुर्घटनाओं,4
हस्तक्षेप,4
उठाना,0
अस्तित्व,4
दृष्टि,8
गुलाम,0
भंडारे,178
विपक्ष,4
मचाया,196
बेहाल,195
रसीद,4
सिपाहियों,8
हवाला,0
निशुल्क,4
मुआवजे,4
कैदियों,8
डीडीसी,129
डाकघर,4
बाध्य,4
कांस्टेबल,102
भंग,4
फौजी,8
मुलायम,3
बाजी,8
अभ्यास,4
पुष्प,3
बहाली,4
भांति,8
सोलर,4
बहस,0
कथित,8
जीतने,8
रजनी,8
अपराह्न,18
मैट्रिक,4
मधु,8
रमजान,8
फैली,8
पुरुषों,0
उदासीनता,8
पर्ची,8
बहनों,8
संचार,4
धारण,8
व्यवसायियों,4
इन्हीं,8
चिन्ह,3
संगोष्ठी,4
निराकरण,4
जुटा,0
पर्यटकों,8
खराबी,4
घटिया,6
दोनो,0
संभाल,8
इंटरनेट,4
मछली,3
आयकर,4
प्रयासों,4
निर्देशन,8
रोगी,4
उठाते,0
आपके,13
भैंस,3
अगवा,44
आखिरी,0
हमलावर,8
चापाकल,27
उठानी,0
पोशाक,3
परीक्षाएं,8
शिकायतकर्ता,4
बर्तन,3
धर्मेन्द्र,8
संसाधनों,4
तुलना,4
इमारत,8
सीमित,4
राखी,8
बढ़े,0
उत्थान,8
यूं,0
सेठ,8
मानसून,3
प्रवीन,106
सफेद,3
बनती,3
दवाएं,4
एयरपोर्ट,4
दिवाकर,8
भोग,8
निर्गत,13
तीर्थ,8
जीव,3
दायरे,4
प्रोत्साहन,4
साक्षात्कार,8
सावन,8
कहर,173
शर्त,8
फरमान,0
मचाने,0
ब्याज,4
क्रांति,8
जलाने,3
नवजात,4
निर्णायक,8
लोहे,3
अंदाजा,8
कल्पना,8
बचत,4
गिरावट,4
आतंक,8
बढ़ाई,3
पूर्णिमा,8
प्रोत्साहित,4
जिक्र,0
नक्सली,8
मुसीबत,0
प्रभार,4
कारोबारियों,4
रोगों,4
निर्मला,8
सुना,0
माले,0
विधिवत,4
साधना,8
पीडब्ल्यूडी,6
जिंदा,3
तिराहे,8
सापेक्ष,4
हिन्दी,8
कहती,8
जनजाति,8
कारावास,8
तफरी,140
फैला,8
संकेत,4
बड़ी,0
सघन,3
युवतियों,8
फूलों,3
विवरण,4
हथियारों,8
हिस्सों,8
सम्भल,8
नजारा,8
जनसंख्या,8
अभियुक्तों,8
घटे,84
नक्सलियों,2
बुजुर्गो,8
वृद्धा,0
मिलेंगे,0
प्रिया,8
प्रमंडल,112
उत्तीर्ण,4
बैठी,0
कमाई,0
युद्ध,8
अधूरा,8
वृक्ष,3
केशव,8
इमाम,8
टूटे,0
हलके,3
डंडे,3
कक्षाओं,4
जोकि,4
खामियाजा,192
लावारिस,104
बिल्कुल,0
परेड,8
फैलने,4
नर्सरी,4
नियमानुसार,3
जनसभा,8
शाहिद,8
लूटने,8
सबको,0
कैदी,0
उत्क्रमित,8
निवारण,4
घाटी,8
देखभाल,4
उतरी,0
नदियों,8
छात्रावास,4
निर्भर,4
कीमती,3
चलेगी,145
संभावित,4
मेहमान,0
ट्यूबवेल,114
कोठी,8
उदाहरण,4
सोलन,4
ईमानदारी,8
चलकर,8
झेल,0
गुस्साए,4
अकेले,0
महकमे,0
बीआरसी,158
फैलाने,0
दाखिले,8
प्रकृति,8
कांफ्रेंस,8
प्राचार्या,4
खाक,8
गायन,8
युग,8
किराये,4
बाप,0
प्लास्टिक,3
परिषदीय,4
हरा,3
एजेंट,4
जिसको,0
खतरनाक,4
धीमी,4
कोचिंग,4
रखरखाव,4
वारदातों,8
जश्न,8
अनुपालन,4
समझौते,4
विदित,8
जीतकर,8
आठवीं,8
गोलियां,8
सन्नाटा,0
कर्म,0
दलाल,4
प्रशंसा,0
डेयरी,3
शिकंजा,3
कुंदन,8
बताकर,8
ट्रेनें,4
दिसम्बर,8
बोली,0
मिलीभगत,4
भ्रूण,4
बारात,8
तुलसी,8
सुनाया,0
सच्चाई,0
अखंड,8
उपेंद्र,8
रखेंगे,0
व्यक्तिगत,4
उर्मिला,8
परिक्रमा,3
अनुशासन,8
कार्यप्रणाली,4
चेतना,8
आगाज,8
अधिसूचना,4
गोला,3
बहू,8
भगा,8
झील,8
ठोकर,15
कर्तव्य,8
चौपाल,36
खाई,0
अश्विनी,8
वजन,3
कुएं,3
सवालों,8
रजा,8
धूम,8
परमात्मा,8
भरोसे,4
नाकाम,0
प्रतिबंधित,4
रवैया,0
गहरी,8
तारा,3
देखना,13
पाएगा,0
करवाकर,154
धनंजय,8
रवैये,8
अर्जी,13
टैक्सी,4
सम्पन्न,8
धारकों,4
टोली,0
बेहतरीन,8
कोट,8
जाल,3
मूलभूत,4
बिक,8
पायी,3
रोकथाम,4
लिखी,8
गूंज,3
शकील,0
डूब,0
जीते,8
रचना,8
वसूला,4
कालोनियों,97
कंचन,8
वैश्य,8
सिद्ध,8
गिरि,8
परिचालक,4
तंत्र,4
निपटारा,4
शातिर,9
विफल,4
बेंच,8
जरूरतमंद,4
कुलवंत,106
स्थानांतरित,4
चालीस,0
साक्ष्य,4
ऐलान,8
मोह,0
पाये,3
सेमीफाइनल,8
रोटरी,4
हिम्मत,0
लगायी,0
इकट्ठा,0
बेरोजगारों,4
हरियाली,8
बनना,0
सावित्री,8
चलाते,3
जन्मदिन,8
पुरुषोत्तम,8
रेत,3
हराकर,8
ख्याल,0
कालाबाजारी,8
महकमा,8
वर्दी,8
चहल,3
प्रतिवेदन,4
नौजवान,0
विद्युतीकरण,4
बांटा,8
जायेंगे,0
देसी,13
वैदिक,8
शवों,118
आयोजक,4
गवाह,0
नाजुक,3
शब्द,4
इस्तीफा,8
निशानदेही,4
पदार्थो,4
गुलशन,8
पुस्तकालय,8
दोस्तों,0
सतर्कता,4
खेलते,8
विक्रेताओं,4
हॉकी,8
कन्नौज,8
धांधली,4
समन्वय,4
खेले,8
अंधेरा,0
अंदाज,8
शिकायती,135
तमंचे,8
कार्यभार,4
दून,0
आखिरकार,0
जबरदस्त,0
वीरभद्र,8
सौंपने,0
प्रदेशाध्यक्ष,58
निकलना,3
कर्ण,8
कठिन,3
मवेशी,0
मेधावी,8
कृपा,0
रिकॉर्ड,8
दामों,4
जितनी,3
विश्राम,3
वर्करों,4
जंगली,3
दूसरों,0
सर्वेश,90
क्लीनिक,4
चरित्र,8
बीडीसी,18
सीमेंट,4
अबतक,13
मंत्रियों,4
एकमात्र,8
खरीदा,4
स्थाई,4
अश्लील,0
भुगतना,171
हाजिरी,152
खोजबीन,91
मरने,0
बुला,0
पांव,3
नवम्बर,8
मणि,8
करेगे,169
गुणगान,0
सीख,13
नगद,4
सूत्रीय,0
सक्षम,4
नसीब,0
पर्यटक,8
लगवाने,4
दिखाते,0
बहरहाल,0
संगम,8
भंडारा,8
बेगम,0
प्रपत्र,4
रिश्वत,0
सब्जियों,3
पार्वती,8
करवाना,4
विभागाध्यक्ष,8
हाट,8
लैस,4
छात्रसंघ,37
सतर्क,4
शासनादेश,4
वरुण,8
व्यास,3
शीतल,3
सुध,17
खंभे,8
रौनक,8
वार्षिकोत्सव,0
चीख,13
भनक,0
उमस,3
युक्त,3
गुमराह,0
भजनों,8
माया,8
वाहिनी,8
सहकारिता,4
मिस्त्री,164
जीने,8
सूखे,3
मीट,3
समीर,8
धंधा,8
क्रियान्वयन,4
प्रसंग,8
बचाया,0
डयूटी,145
मनीषा,8
पलायन,8
अनिश्चितकालीन,191
निहाल,0
लंबा,8
तत्व,4
मंथन,8
वेतनमान,4
पुण्य,8
दिखाए,0
उत्कृष्ट,8
नुक्कड़,3
सरसों,3
मानने,0
डालते,0
आराम,3
हरिओम,51
कान,0
संसार,8
मंडियों,131
पड़,3
निराश,0
बाइपास,6
लेनी,4
प्रतिष्ठा,8
पाना,4
रिश्तेदारों,0
राजनैतिक,8
गिरफ्त,0
पुनीत,8
शरीफ,8
रिहा,8
विजेताओं,8
शौचालयों,4
मोहाली,8
रजिस्ट्रार,4
पढ़ाने,8
बुनियादी,4
माफी,0
जानवरों,3
नमूने,4
वोल्टेज,4
हीं,0
लूटी,17
लिख,13
मतलब,0
विवेचना,4
दीवान,8
समर,8
महंगा,4
दुआ,0
जिसने,0
लायक,4
पीटकर,3
बंदियों,8
उत्साहित,8
बालिकाओं,4
दहिया,8
बांटने,4
सुधा,8
उतारने,0
कागजों,21
महिमा,8
मंडलायुक्त,80
लैपटॉप,4
दबंग,97
जलने,3
टैंक,4
लाना,4
उतारा,0
चढ़ा,0
किताब,0
पुरवा,8
बेदी,8
सैयद,8
अर्थ,4
महर्षि,8
गौरी,8
अस्थायी,4
जाली,3
अभद्रता,4
पैदावार,3
वस्तु,4
शून्य,3
सुपुर्द,160
हत्यारों,24
मुंशी,8
वैकल्पिक,4
व्यक्तित्व,4
बीतने,189
आतिशबाजी,38
तरक्की,8
विज्ञापन,8
सेनानी,8
परियोजनाओं,4
बूंद,3
आवेदकों,4
राजाराम,8
जोश,0
गोशाला,77
निर्विरोध,4
कहे,8
शब्दों,4
अंचलाधिकारी,8
चक्का,34
कगार,3
संग्रह,8
अनुबंध,8
रूबरू,0
आमजन,0
हां,13
साधु,8
हिन्दू,8
अधीक्षण,4
महादलित,95
विनीत,0
बुद्ध,8
नियोजित,4
कदर,0
त्याग,8
प्रशिक्षु,4
ब्योरा,4
नहरों,8
किस्म,3
निकलते,3
ऊंची,8
सुदर्शन,8
नेताजी,8
संकाय,4
प्रभारियों,4
घास,3
पंत,8
बटालियन,8
खातों,4
हफ्ते,0
शस्त्र,8
सार्थक,4
साहिल,8
लुटेरे,8
मार्गदर्शन,0
इसीलिए,8
तादाद,8
आमरण,8
दिक्कतें,71
रुकने,3
तरुण,8
बनेगी,4
प्रेषित,4
कामयाबी,0
चरणों,4
प्राण,0
वादों,4
गिनती,0
घटी,8
सूख,3
उठने,0
योग्यता,4
सनातन,8
शहरवासियों,8
कठोर,0
शुभ,0
मनप्रीत,8
पारदर्शिता,4
गंगवार,154
अधूरे,161
पाबंदी,51
सिनेमा,8
दरगाह,8
महुआ,3
उद्योगों,4
सनसनी,8
हवाओं,0
लेती,3
बचपन,8
बावत,8
दशहरा,8
रुपयों,4
हवलदार,0
ऊषा,13
शरद,8
जानकारियां,13
उपरोक्त,8
टिप्पणी,8
निभा,8
उपचुनाव,8
महोबा,8
निबंधन,4
संबद्ध,4
जितना,3
एकल,4
कुसुम,8
अरविन्द,8
जहरीला,150
कराएंगे,13
स्टाल,8
शिवानी,8
सक्रियता,4
खुलासे,8
आशय,4
थानेदार,4
प्रहार,8
मिलों,4
जागृति,8
जगजीत,0
खुलेआम,4
करण,8
जोरों,0
पाएंगे,13
पासपोर्ट,4
हिंसा,8
खाकर,0
झूठे,0
संतुलन,4
कच्चे,3
अभियंताओं,4
बदतर,0
प्रकाशन,8
राजभर,8
असली,0
त्रिवेदी,8
नारा,8
देन,8
विपक्षी,4
चमन,8
प्याज,3
जीना,0
समझाया,0
मसले,0
पृथ्वी,3
कोमल,3
पठन,4
महीना,0
सिलसिले,0
लदे,0
हेलमेट,3
व्यवसायिक,4
दस्तक,0
सर्वश्रेष्ठ,8
पाठन,57
टेलीफोन,4
डूबने,0
बढ़ोत्तरी,0
अपनाने,4
सशक्त,8
झटका,4
मानवाधिकार,4
सिद्धार्थ,8
सर्राफ,176
उद्यमियों,4
काजल,3
वैज्ञानिकों,4
गणना,8
आतंकियों,8
सबक,8
बची,0
पुनर्वास,4
केसरी,8
यानि,0
वादी,60
भटक,0
सिमडेगा,8
अग्रिम,4
हटाकर,0
तंबाकू,3
मास,8
यंत्र,4
अंग,4
नियंत्रित,4
आवारा,0
भतीजे,8
नींव,8
तर्क,4
प्रतिभागी,4
आतंकवाद,8
अनंत,8
बेकार,0
भट्ठा,3
देवता,8
घुसे,0
कांग्रेसियों,8
पाउडर,3
लक्षण,4
वादे,0
मुलाजिमों,48
गुटों,8
उल्लेख,8
उपहार,8
भागे,0
देवर,8
इनसे,0
साप्ताहिक,8
पुकार,0
रोजा,8
परिस्थिति,4
शहादत,0
मोती,3
सिलाई,3
उपलब्धता,4
जानवर,3
पंखे,3
प्रबंधकों,4
लटक,11
हड़ताल,8
उपलब्धियों,4
भौतिक,4
अत्याचार,0
खैर,8
कांस्य,8
बाराबंकी,8
आकर्षित,8
गहन,4
मसीह,8
सपने,0
कुत्तों,3
पाठ्यक्रम,4
कुंतल,72
आंसू,0
गबन,9
मामा,8
निर्दलीय,4
जलाभिषेक,8
गुलाल,8
समाप्ति,4
पलटने,0
आंखें,0
पक्की,8
अभिनंदन,8
सुचारु,4
सीधी,0
ओंकार,8
बरात,181
सामानों,4
मानकों,4
स्वरोजगार,4
निर्देशानुसार,154
दर्शक,8
पीकर,0
प्रतिमाह,4
क्रिसमस,8
तेवर,8
पौधा,3
सबके,0
पारी,8
लोहा,3
डिमांड,4
स्वतंत्र,8
साध्वी,8
शिरोमणि,8
वस्त्र,3
खरीदी,4
बदली,3
ठहराव,18
धरातल,3
प्रमुखता,8
ताज,8
भोले,159
न्यायमूर्ति,4
जुर्माने,4
पेशी,4
मुकाबलों,8
दराज,94
गश्ती,4
भलाई,0
कृषक,4
सर्वेक्षण,4
शुभकामनाएं,8
कसर,195
जनगणना,8
बोलने,0
चादर,3
इजहार,8
दवाई,4
प्रतिभाग,18
नियंत्रक,4
नाव,0
चारा,3
नीलामी,4
संस्तुति,4
जानते,0
घोर,8
अंकों,8
कारागार,0
उपकरणों,4
निलंबन,4
लगाम,36
साकार,8
बनाएं,13
मच्छरों,3
राज्यसभा,4
बिंदुओं,4
प्यास,3
विकलांगों,4
वस्तुओं,4
लिहाज,4
लूटा,0
तालाबंदी,4
किला,8
कक्षाएं,4
कार्यशैली,46
वक्ता,8
बौद्ध,8
उठी,0
असामाजिक,4
सदैव,0
मुहर,0
चिह्न,4
रोककर,3
पटवारी,112
रास्तों,0
अभिलेख,13
चुप्पी,13
श्वेता,8
जितने,0
नजदीकी,4
भाईचारे,8
बारहवीं,8
पढ़ा,13
स्नातकोत्तर,4
हंगामे,69
प्रज्ज्वलित,8
आजसू,4
संकीर्तन,8
किरन,8
निकेतन,8
कसने,0
आवेदक,4
बर्बादी,4
प्रदर्शित,8
मानवता,4
चंदा,8
बीमारियां,4
बीएसएफ,8
चाह,0
हटाए,13
कल्याणकारी,4
विरेंद्र,48
गुरू,8
कोटे,8
गड्ढों,3
खोलकर,0
सिफारिश,4
साक्षी,0
कोष,4
अहसास,8
कचरे,4
बर्फबारी,3
चक्रवर्ती,8
मित्रों,0
धंधे,194
उपनिरीक्षक,101
आयुष,4
घेराबंदी,8
बांट,8
कार्ययोजना,4
सितम्बर,8
किताबें,0
पढ़,13
बुलाने,0
मवेशियों,0
संतों,8
कांप्लेक्स,4
मुक्तसर,182
बनते,3
कैमरा,4
दंगल,8
नाक,3
जनपदों,8
पूर्वाह्न,4
कुलसचिव,3
पटाखे,80
घूमने,3
धोखा,0
अभियोजन,8
बदहाली,110
अटल,0
अधिवेशन,8
फेंकने,8
खुशबू,3
इजाजत,8
अध्यक्षों,4
मृतकों,38
ईदगाह,0
प्रतियोगिताएं,8
नीयत,0
पावन,8
क्षुब्ध,8
सीडी,4
कापी,4
अवलोकन,4
ऊंचा,8
बैडमिंटन,8
शकुंतला,8
घोटाला,8
ओलावृष्टि,2
मत्स्य,8
आकलन,4
गुजरना,4
अव्यवस्था,8
विचारों,4
बदौलत,0
हौसला,195
दुरुपयोग,4
किन्तु,0
अपहृत,8
फंसा,16
साक्षर,8
तालमेल,4
साठ,8
इच्छुक,4
भंडार,4
रंगों,3
स्वर्णकार,192
संकुल,13
नक्शा,3
पात्रों,8
लता,8
दादा,0
आवासों,3
घाघरा,8
खुराक,4
बंदरों,8
गिरे,3
प्रोन्नति,4
माजरा,0
गारंटी,4
रोजी,0
मोहल्लों,126
व्यावसायिक,4
ठंडे,3
प्रतिनिधित्व,4
गहरे,3
लगन,8
दलितों,8
समग्र,4
फेंका,0
विस्फोट,4
सेवानिवृत,8
नववर्ष,8
सजग,8
आराधना,8
प्रदूषित,4
दिखने,3
भोर,8
नैतिक,4
शिक्षिकाओं,199
मोटी,3
निर्वहन,4
रद्द,4
सुनते,0
अनमोल,8
जूझना,131
बोरी,27
बर्खास्त,8
नौजवानों,52
दृश्य,4
बैठकों,4
बोरा,70
लैपटाप,135
चिंतित,0
पद्धति,8
कराटे,54
ताल,8
लेगी,0
कुत्ते,3
चेहरा,3
घटनाक्रम,8
चीज,4
जागरुक,0
पांचों,8
विहीन,8
मंडलीय,8
नवनिर्वाचित,8
हल्का,3
नियत,0
ईंट,163
इनको,0
लाभार्थी,4
आढ़तियों,4
प्रधानाचार्या,165
समृद्धि,8
बिरादरी,8
निखिल,8
नालियां,3
कुशल,8
सहन,3
सेशन,8
लिखने,13
प्रथा,8
डिप्लोमा,4
गायों,3
लौटना,0
रश्मि,8
बड़े,0
फसलें,3
पैरवी,0
लेखन,8
उठाव,80
मनोनीत,4
निकलकर,3
जरुरत,4
चक्र,3
बोला,0
सिकंदर,8
संभालने,8
अफरातफरी,141
पीस,3
तरस,0
पुण्यतिथि,8
पारंपरिक,4
पिलाने,3
विमान,4
गुना,0
संतुष्ट,8
रस्म,0
निराशा,8
चरम,8
कमांडर,8
सशस्त्र,8
नमी,3
ब्राह्मण,8
साधारण,4
पहुंचना,4
जंगलों,3
मताधिकार,4
प्रयासरत,4
अस्थाई,35
कालीन,8
पसीना,3
प्रतिष्ठान,4
हत्यारोपी,8
वास्तविक,4
चलाना,13
आढ़ती,126
इंसाफ,195
महत्ता,8
फलों,3
मलबा,3
फूट,0
लालच,0
डटे,0
बदबू,3
मांस,3
बतायी,8
गुजरते,3
मंत्रमुग्ध,4
तूफान,0
टाल,0
मुफ्ती,8
प्रेमिका,8
रहित,4
ग्रंथ,8
मुस्कान,8
प्रयोगशाला,4
चौदह,8
गहने,3
कारखाना,4
डंडा,3
दस्ते,8
बंदूक,8
उपनिदेशक,4
जरा,3
मच्छर,3
खुफिया,8
गगन,195
जनार्दन,8
कूलर,4
कोने,8
सूबेदार,0
अघोषित,3
शिष्टमंडल,8
रामनवमी,8
तत्वाधान,4
इसपर,0
अन्याय,0
चौथी,8
खींच,0
रामनाथ,8
जुआ,0
संग्राम,8
अनुशंसा,4
आत्म,4
रंगोली,8
उपाधीक्षक,17
भीड़,0
पहुंचेगी,0
खण्ड,4
प्रांत,8
खदान,3
कुख्यात,8
मौर्या,8
नियमावली,4
बदलते,4
भला,0
प्रतिक्रिया,4
किस्त,4
शताब्दी,8
दंड,0
पसरा,8
असफल,4
ऊंचाई,8
ठहराया,0
माफ,0
अभिलेखों,8
अर्जित,8
पदस्थापित,8
संभाला,4
नेपाली,8
अनुष्ठान,8
सचिवों,4
नवनियुक्त,126
शैली,8
सौहार्द,8
इंजेक्शन,4
लोकार्पण,8
जोखिम,4
वसूलने,4
रामायण,8
पक्षी,3
राजकिशोर,4
मधुबन,8
छठी,8
प्रतिवर्ष,4
मंत्र,8
नवोदय,0
बिजलीघर,3
सहभागिता,4
आर्मी,8
ध्वजारोहण,8
फेरी,0
प्रतीत,8
धारक,4
चैंपियन,8
किन,164
संवेदक,4
आसार,157
खुलवाने,197
सावधानी,4
वन्य,3
लगेगी,0
भाग्य,8
आहत,8
प्राधिकार,4
विवादित,8
दूरभाष,4
कहाकि,22
जले,3
घातक,4
सिम,4
महाविद्यालयों,4
रिहायशी,4
बांधकर,3
सालाना,4
गवाही,0
मस्ती,0
उल्टी,4
विमोचन,8
खरीददारी,3
घेरे,0
चौटाला,8
पर्दाफाश,99
माथा,3
अत्यंत,4
आश्वस्त,8
स्कूटर,4
झटके,3
संयंत्र,4
दुर्घटनाग्रस्त,0
देवताओं,8
सांप्रदायिक,8
धार,8
सर्राफा,23
अधिशाषी,16
तत्पर,8
पंचनामा,16
कमाल,8
दामाद,8
परामर्श,4
उज्ज्वल,0
बनेंगे,4
रखता,0
लूटे,155
धारदार,4
खबरों,13
संतोषजनक,4
आगजनी,8
निभाने,8
सांप,3
फीता,94
हाथियों,3
एकजुटता,4
निर्दोष,8
सेक्शन,4
नशीला,4
दीक्षा,8
नामित,8
जनजीवन,8
मुनि,8
लौटते,0
बागवानी,4
अल्लाह,0
सगे,0
गढ़,0
चूना,3
तलवार,0
भाईचारा,8
हड्डी,4
थोक,4
लौटी,18
प्रहलाद,8
पहुंचेंगे,0
डंडों,16
देशभर,4
मिजाज,13
बीएन,8
नमूना,3
संक्रामक,4
बुझाकर,3
खुलकर,0
छापे,3
पहलुओं,4
तबादले,4
बर्फ,3
सौदा,4
तथ्य,4
निबंध,8
लगेंगे,0
लदा,157
रामानंद,8
अध्यापिका,8
मशीनें,4
बांस,3
भास्कर,8
तबाही,0
खरीदे,4
सबूत,0
दुराचार,8
आयुर्वेदिक,4
शरारती,8
आरक्षी,23
दादी,8
बहुमत,4
अर्थदंड,0
ब्रज,8
एथलेटिक्स,8
संलिप्त,55
सरयू,8
बढ़ेगी,112
मंगला,39
तत्पश्चात,8
कंपनियां,4
सहायिका,6
गुमशुदगी,4
दुखी,0
कतई,0
कटाव,3
कब्रिस्तान,8
परहेज,4
क्रेडिट,4
बढ़ाए,175
सांत्वना,191
सहज,8
अभिनव,8
आजीवन,8
रौशन,0
पुस्तकें,8
प्रतिनियुक्त,4
सरकारों,4
पक्षियों,3
बिछाने,3
माली,8
आमदनी,4
परंपरागत,4
बेटियां,8
झूठा,0
जैविक,4
अनुपात,4
सुलझाने,4
सर्वोच्च,4
स्वर,4
कार्मिक,4
समायोजन,4
जनस्वास्थ्य,4
फिल्मों,8
अकेला,0
त्रिस्तरीय,112
समझते,0
ठंडा,3
प्रशासक,8
रस्सी,0
मुश्किलें,6
बंधन,4
कमलजीत,0
नसीहत,0
सबका,0
धुनाई,154
नशीले,8
कोहरा,142
रिश्ते,0
खरीफ,3
फाइलों,4
झांसी,8
तबीयत,0
लापरवाह,63
छाए,0
ढोल,8
सराहा,8
ब्यौरा,4
बच्चियों,0
उपविजेता,8
नाकाबंदी,8
चढ़ने,0
नमन,8
खोली,8
निशाने,0
लगाएं,4
पांचवें,8
कीटनाशक,3
हाथापाई,64
पढ़ाओ,8
पार्को,57
राजी,8
समर्पण,8
चौपट,98
छठे,8
निष्ठा,8
छुटकारा,0
लगना,3
दीन,0
डीलरों,8
दलालों,4
दिला,0
विस्थापित,4
अग्नि,8
चांदनी,3
राज्यस्तरीय,160
नवीनीकरण,4
भक्तिमय,67
अनारक्षित,4
इकाइयों,4
टॉप,8
बहने,8
सातवें,8
टीका,4
दस्तावेजों,4
पसीने,4
मातम,72
उर्स,8
गरिमा,8
मौलिक,4
अदायगी,4
बलिदान,8
भैया,8
सौंपकर,8
प्री,190
उपज,3
टेक,8
क्लर्क,8
अमीर,0
जायज,75
मशहूर,0
श्रेष्ठ,8
मुहल्लों,13
प्राध्यापक,8
परमार,8
पेटी,154
घेरा,0
अंबार,8
खामियां,0
बड़ा,0
बडे़,3
निर्माता,8
दिव्य,8
वें,4
खत्री,8
आपकी,13
विचाराधीन,4
झलक,8
खलबली,9
बेचा,4
प्रेरक,4
साझा,4
महंगी,4
पंडा,8
अंतर्राष्ट्रीय,8
खौफ,0
खफा,0
स्वयंसेवी,4
तरीका,4
कार्यवाहक,4
घुसने,8
आंदोलनकारियों,8
असुविधा,4
सचेत,0
बहाना,0
त्रस्त,0
मयंक,176
आटा,3
स्वाभिमान,8
भावनाओं,8
पैसों,4
गौशाला,3
भाभी,8
खपत,4
लहूलुहान,149
मंडली,8
अधिकृत,4
पॉलीथिन,182
गंतव्य,4
बीडी,40
टेम्पो,148
कुपोषण,4
चढ़ाने,3
बिलों,4
रूपरेखा,4
सरल,4
चरस,174
अंजली,135
प्रौद्योगिकी,4
शिविरों,8
मॉल,8
छीनने,3
हर्षोल्लास,8
निस्तारित,3
सरगना,13
पुरूष,154
सबकुछ,0
बनायी,8
दुल्हन,8
कुचल,0
विदेशों,4
सभासदों,75
परिचित,8
बेटों,0
मलबे,4
सैन्य,8
रक्षक,0
तिराहा,8
खातिर,8
चीजों,4
ज्ञानी,8
गोलीबारी,8
उपयोगिता,4
अवशेष,8
व्यवस्थाओं,4
आवेदनों,4
चौकसी,68
जगतार,13
कागजी,8
फंदा,9
खुदकुशी,97
मजबूरन,8
रैन,73
बयां,74
अधूरी,8
पर्चे,4
बंदर,3
शख्स,0
इनकार,0
अफवाह,0
नयी,8
चूक,0
रहेंगी,4
सेतु,4
मंडप,3
कीमतों,4
जता,0
रूपए,4
बदलकर,8
नाग,8
रोपाई,4
नौबत,0
बढ़ेगा,112
अविश्वास,0
नामों,8
नाते,8
चुप,13
प्रज्वलित,3
गुरदेव,119
श्रोताओं,8
चकबंदी,4
धुन,8
शान,0
परमानंद,8
विधेयक,4
बेहोशी,3
त्रिवेणी,8
पीडि़त,13
दुग्ध,3
इरशाद,0
तौल,3
वैभव,8
बेला,8
खोकर,0
शीतला,8
विविध,4
गर्व,8
छत्तीसगढ़,8
संगठित,8
गाड़ी,4
उठता,3
तटबंध,88
सवारियों,0
पुस्तकों,8
सूखा,3
जयंत,8
यौन,4
सदा,8
आहूत,33
छप्पर,36
सड़कों,4
पैतृक,8
बत्ती,3
बादलों,0
अग्रणी,4
बस्तियों,0
साकेत,8
शाखाओं,8
उत्पादों,4
पहने,3
सकुशल,8
कुआं,8
गतिविधि,4
हटवाने,95
अनुमोदन,4
जनरेटर,4
चेतन,8
चरखी,8
जमाने,8
चेताया,8
अपराधों,4
मुश्किलों,0
विद्यापीठ,4
सद्भावना,8
कनिष्ठ,4
धरोहर,8
वीणा,3
दावेदार,0
नेट,4
शीर्ष,8
बंगला,8
कठिनाई,3
लुत्फ,0
साहित्यकार,8
बैंकिंग,4
मुकाम,8
मिसाल,0
क्षेत्रवासियों,70
अग्निकांड,2
प्रतिकूल,4
ओलंपिक,8
चंचल,186
गुस्से,0
जिलास्तरीय,12
चेकअप,116
बाई,8
टूटकर,3
चिंगारी,0
मुकम्मल,8
पोषाहार,4
संशोधित,4
स्त्री,0
पिलाई,0
खुशियां,8
नवनिर्मित,8
हंस,8
जन्मोत्सव,8
शीशे,0
स्वर्गीय,8
बापू,8
मृत्युंजय,60
किताबों,0
हंसराज,8
चित्रकला,8
रत्न,8
कामों,0
सृजन,4
पक्के,0
बरी,0
उद्यमी,4
सेक्टरों,4
झंडे,8
असिस्टेंट,13
विशेषकर,4
दिलचस्पी,0
पहलवानों,8
पढ़े,13
दीनानाथ,8
रोहिणी,8
कूपन,4
पुस्तिका,4
कॉपी,79
साढे़,67
प्रयुक्त,4
मात,0
जुटाने,4
भूमिगत,4
पैरों,3
लादकर,34
खस्ताहाल,8
अपमान,0
प्रतिनियुक्ति,4
पीर,8
सरपंचों,30
इशारे,0
खेली,8
आलोचना,8
कत्ल,0
पढ़ाया,8
सुमित्रा,186
मकर,8
ध्वज,8
सस्ते,4
चर्चित,8
मनमाने,4
चाल,0
जन्माष्टमी,8
पढ़ी,0
जननी,8
मुकुल,43
हटाओ,8
समझने,0
झोंक,0
दीवाली,8
रसायन,4
नतीजतन,4
नन्हें,24
खानापूर्ति,8
पटाखों,194
मानकर,8
सोलह,8
निविदा,4
गतिविधियां,4
जलजमाव,3
सेविकाओं,168
पल्ला,8
आहार,3
कमेटियों,8
भोजपुरी,8
पायल,8
सचल,154
हौसले,0
बजकर,8
फैले,8
तत्परता,4
एहसास,0
वृक्षारोपण,4
जगी,145
उज्जवल,165
नगीना,96
लाईन,4
सुलभ,4
दुर्घटनाएं,85
मूल्यों,4
आयोजकों,8
विरासत,8
उन्मूलन,4
उतरकर,8
सरिया,8
देशभक्ति,8
वैद्य,8
उदासीन,4
ताक,0
प्रेक्षक,3
भरमार,3
लाइनें,4
घोसी,8
फरियाद,0
रामा,98
मुसलमानों,8
बकरी,3
उर्वरक,4
दफ्तरों,192
प्रेमियों,8
हैदराबाद,8
प्रधानाध्यापिका,118
सर्वप्रथम,4
थमने,27
केरोसिन,89
ग्रामसभा,0
उत्पात,36
कॉलोनियों,8
महाशिवरात्रि,8
कच्चा,3
नौवीं,8
अमीन,0
खस्ता,3
ध्वनि,4
अलमारी,49
संवेदना,4
आंगन,172
बोलते,0
बिरसा,8
पाएगी,13
तबाह,0
व्यवस्थापक,165
वैध,4
शशिकांत,154
आपात,4
विस्थापितों,8
पीटने,3
दस्ता,0
सैकड़ों,8
अखबार,8
समूहों,4
मिलनी,58
बोगी,164
सूचनाएं,4
खादी,4
पौधारोपण,30
प्रधानाध्यापकों,182
अनहोनी,18
परमेश्वर,51
प्रश्नपत्र,8
सलामी,8
पहनाकर,8
बेवजह,4
मिलावट,3
बलराज,8
व्यवस्थाएं,20
सरेआम,8
ग्रस्त,0
प्रभा,8
सभाओं,4
जरूरतमंदों,51
गर्भ,3
सिमट,0
अभद्र,8
अत्याधुनिक,4
इशारा,0
मक्का,0
सुलह,0
गुरुकुल,8
परम,8
अवरुद्ध,4
बनवाया,8
करवाएं,4
लिफ्ट,4
साधा,60
खिलाडि़यों,8
फंदे,159
गुरनाम,128
बुआई,3
बचाई,2
बूंदाबांदी,8
नतीजे,0
प्रतिभाओं,4
आकस्मिक,4
दबाकर,3
विकराल,142
बांधा,63
पात्रता,4
विज्ञप्ति,13
बलवान,116
कानूनगो,8
श्रृंगार,8
चाबी,3
घटित,4
टमाटर,3
गर्दन,3
शास्त्र,8
गाकर,8
बहाव,3
अंग्रेजों,8
चुंगी,98
फौज,8
अवहेलना,0
बिंदु,4
मांगपत्र,104
बंदोबस्त,4
अस्त,0
कन्याओं,8
आनी,67
वांछित,4
चलाता,4
बयानों,8
दोस्ती,0
निपटाने,4
अकेली,0
भल्ला,8
दुर्दशा,0
लेगा,0
रेडियो,8
परचम,11
जतायी,8
मोर,3
कुर्बानी,0
प्रदेशों,4
पैनी,52
धक्के,0
नशीली,4
अलका,8
गुलदार,144
चाहा,0
मिटाने,13
जबाव,8
आयुर्वेद,4
अभिनय,8
गाने,8
अर्बन,8
पदयात्रा,8
मिलीं,8
दोष,3
दांव,0
निचले,3
चोटिल,109
सच्चे,0
किश्त,4
तारीफ,0
जबरदस्ती,13
नहाने,0
काटी,3
लीक,4
दामोदर,8
भयभीत,0
वायु,4
मुकदमों,8
कीट,3
विवादों,4
गुणा,3
गांजा,0
गहराई,3
लड्डू,3
एम्बुलेंस,4
तैसे,19
दया,0
बंधे,8
क्षेत्रफल,8
उतना,3
हैरान,0
अभिमन्यु,8
अत्यधिक,4
तुम,0
सहयोगियों,8
रेस्टोरेंट,4
हरसंभव,4
सीखने,13
किस्मत,3
लेखपालों,105
परिवेश,4
सहूलियत,132
संभावनाएं,4
कुरीतियों,8
सेब,3
वरदान,8
महापंचायत,109
चारदीवारी,8
असहाय,0
हावी,0
मध्यम,4
उच्चतर,4
छोर,8
तेरह,8
काव्य,8
अंदेशा,0
बनाम,8
बेखौफ,0
चौथा,8
मशाल,0
पदभार,4
मायूस,0
रोकना,0
फटने,3
अकाल,8
पड़ता,3
शिखा,8
निशांत,8
पड़ी,0
फिरौती,17
लोकपाल,8
दबा,0
बदनाम,0
हुनर,4
पांचवीं,8
दोपहिया,8
उठकर,0
जानकारों,8
लेनदेन,4
मनोबल,4
बुराइयों,0
औसत,3
पुत्रों,8
लेखक,8
गृहस्थी,8
सभापति,4
वरना,0
वापिस,8
नवाब,8
बेरी,8
आंतरिक,4
पासबुक,4
अंगूठी,3
पार्टियां,8
दंपति,8
कैशियर,66
उपवास,8
सियासत,8
भगाने,0
उपमुख्यमंत्री,8
अतिक्रमणकारियों,0
स्वार्थ,8
खुलवाया,62
सपनों,0
खाकी,144
क्रमिक,4
लगीं,0
रोकर,0
चचेरे,8
एंव,8
वास्तव,4
दस्त,3
रिकवरी,4
मायने,0
तहसीलों,8
दावों,4
थमा,35
रुके,8
मुरली,8
बताये,8
सम्पर्क,4
प्रत्यक्षदर्शियों,8
आरोपित,4
वर्णन,4
बताती,0
मेहमानों,0
नवदीप,8
हल्के,3
शासकीय,4
जलाया,3
चलो,0
सरोवर,8
आपका,13
कोषागार,151
जमाया,8
बढ़त,8
सौजन्य,184
खरा,0
प्रारूप,4
नाका,27
राना,154
दोहरे,0
सोम,8
अलीगंज,8
प्रसन्न,0
धुआं,3
नलकूपों,3
दर्शाया,4
महागठबंधन,4
चार्जशीट,185
अनुपस्थिति,4
संक्रमण,4
पौध,4
औषधि,4
जीवित,0
दूभर,0
परवाह,0
प्रतिष्ठित,8
नमक,3
अंतराल,4
रौंद,0
रुका,169
चिराग,0
डूबे,0
महंगे,4
सौंदर्यीकरण,8
परिवारीजनों,182
आध्यात्मिक,8
वर्षीया,104
त्यौहार,8
कड़ी,13
हैरत,0
मूर्तियों,8
गिरते,0
प्रतीक्षा,0
भटकना,0
मातृ,4
देशराज,8
हाहाकार,83
फुल,174
दूरदराज,4
बेशक,0
सम्बोधित,8
फिराक,8
उन्नति,8
आनन्द,8
बिखरा,135
एकाएक,3
रुकी,105
मजाक,0
बहा,0
जीती,8
मस्जिदों,0
रिहाई,8
तफ्तीश,77
अस्सी,8
चकिया,8
सर्विलांस,56
सैलाब,0
अता,0
इस्पात,4
उपयोगी,4
काका,8
प्रशिक्षुओं,4
वसूले,4
खालिद,8
भरपाई,4
चूल्हे,3
छात्रवृति,8
महापर्व,8
महल,8
चास,8
दिवंगत,8
मैराथन,106
गेंद,8
गुरचरण,133
गोपी,8
शिवाजी,8
प्रज्जवलित,88
शांतिपूर्वक,8
दरिया,0
मानसी,8
प्रभातफेरी,34
मर्जी,126
दिव्या,8
सीटी,3
हटवाया,149
रंगे,0
समाजिक,8
मजार,8
सीने,3
निकायों,4
घूमते,3
हरेन्द्र,8
सौर,3
प्रतिष्ठानों,4
अभिनेता,8
तेजाब,0
हॉस्पिटल,4
वृक्षों,3
आत्मनिर्भर,8
पहुंचीं,42
खाया,3
बाघ,3
संक्रांति,8
विपणन,4
पटाखा,39
केमिकल,8
ठिकाने,0
जमे,0
दबाने,8
परीक्षक,4
जन्मदिवस,8
हत्यारे,0
हास्य,8
आदत,0
असल,0
बरसाती,8
गणपति,8
सावधान,0
उसपर,0
गेंहू,3
बहल,3
निर्देशक,8
पूंजी,4
नैन,8
प्रतिमाओं,8
पहलू,0
कमाने,4
मक्खन,3
बैल,3
सच्चिदानंद,8
बेकाबू,8
शुरुआती,8
बस्ते,138
रोते,0
सस्ती,4
गर्मियों,3
असुरक्षित,4
नन्हे,36
झुलसी,1
अग्रहरि,8
आपातकालीन,4
खरीदकर,8
खासे,8
ठंडी,3
धीर,8
मुबारक,0
सजावट,3
पुरोहित,8
टीके,4
रक्षाबंधन,8
छोड़,0
सैर,3
सोचा,13
लगवा,8
लाइनमैन,132
वीडियोग्राफी,8
गिट्टी,4
आश्रितों,4
कीर्ति,8
छिपे,0
प्रदर्शनकारी,8
नाके,0
हरिश्चंद्र,8
अप्रिय,0
कारी,0
गयीं,0
शिवरात्रि,8
दीवारों,8
रेशम,3
स्वराज,8
आकार,3
कैमरों,13
उम्मीदें,0
दिलवाने,8
प्रजाति,3
बिस्तर,3
पैमाइश,112
गुम,0
भ्रष्ट,8
कोयले,4
समर्थित,4
आश्रित,4
काफिला,0
मेहंदी,8
सबकी,0
उलझ,0
कतारें,3
औपचारिकता,8
धज्जियां,30
आंशिक,4
दीवानी,8
सीरीज,8
यादगार,0
दावेदारी,8
तिरंगा,8
असंतोष,8
सेंध,0
सृष्टि,8
तेंदुए,3
एक्सरे,4
शिष्य,8
उधार,4
बंगाली,8
जरुरी,4
कदाचार,4
गुजारा,3
गलियां,8
चप्पे,3
किराना,4
खामियों,41
निष्कासित,4
सुल्तान,0
उनपर,0
ठहरने,0
विश्वविद्यालयों,4
खुशहाली,4
जौहर,8
सच्ची,0
जादू,0
भोज,8
झुग्गी,32
तथ्यों,4
लूटकर,8
सीढ़ी,0
प्रणव,8
सती,8
पर्दा,0
नेत्री,29
आजकल,4
छलांग,96
होलिका,107
तराई,8
गवाहों,0
प्रखण्ड,8
दिनांक,4
चाहिये,13
मंत्रिमंडल,4
कुंज,8
छतों,8
टकराई,3
सोनम,8
पर्वतीय,8
जमीनों,4
आईटीआई,4
अचेत,0
एसबीआइ,49
सजी,3
ट्रेनर,8
नीम,3
सभ्यता,8
दुरूस्त,0
सलाम,0
गोपनीय,4
पेंच,0
कुष्ठ,4
नजरअंदाज,9
संतान,0
उपप्रमुख,8
अदालतों,8
वायदा,0
जिम्मेवार,13
करीबी,8
प्रश्नों,4
रोके,0
गोलियों,8
आंकलन,4
कंधे,3
समूचे,4
जेठ,8
असमर्थ,4
सिगरेट,3
विदा,0
नोकझोंक,8
राजभवन,8
झूम,8
बसेरा,3
हैरानी,194
काजी,19
महबूब,8
खंडों,4
परिवर्तित,4
हमलोग,78
औसतन,4
मौखिक,4
जत्थे,0
निकलता,3
गैरहाजिर,4
उदघाटन,8
साहस,8
प्रसारण,8
दंश,3
स्रोत,3
लदी,0
बागान,4
बुद्धि,8
कलम,8
तहकीकात,13
सातवीं,8
जुड़े,4
बैठाकर,118
झूठी,0
दशकों,8
मोर्चे,8
शशांक,8
पालकी,8
अलबत्ता,0
तख्त,0
तालियां,187
चना,3
लंबाई,8
दवाइयों,3
रिश्ता,0
कहता,0
सांगवान,106
प्रीत,175
अगुआई,8
माथे,0
नसबंदी,8
ग्रामों,8
पडे़,8
ठेला,107
जलाशय,3
शनि,3
खिलाड़ी,8
दिमाग,3
फर्श,3
नंबरों,40
शीशा,3
नाजायज,8
राजकुमारी,8
बैराज,94
विकासखंड,8
गोदामों,6
अपनाया,8
उगाही,4
बैठकें,4
पट्टा,4
भूरा,3
प्रमंडलीय,8
झेलना,178
डायरी,8
विनीता,88
प्रशस्ति,8
बलात्कार,8
जानकार,4
सस्ता,4
संरक्षित,4
घने,3
संयोजन,4
आईं,8
पहुंचती,4
बंधी,3
सेकेंड,3
निराला,8
दरकिनार,8
लाठियां,8
बुराई,0
रूपी,3
संबधित,4
आत्मदाह,0
सर्द,0
वारंटी,4
उम्मीदों,4
नगरीय,8
उद्योगपति,4
स्पर्धा,8
रथयात्रा,8
बताएं,8
उपयुक्त,4
निमंत्रण,8
इमारतों,8
कस्बों,4
रखती,3
सम्राट,8
जाहिद,20
राजमहल,8
श्मशान,8
मधुमेह,4
ठिकाना,0
स्वस्थ्य,4
कबूल,0
रूचि,8
बारीकी,4
सृजित,4
अभियोग,8
धैर्य,0
गल्ला,0
दीक्षांत,8
चाक,3
व्यायाम,4
असीम,8
दिनचर्या,8
सम्मिलित,8
स्वयंसेवक,8
उतनी,3
जागृत,8
पुस्तिकाओं,29
आदिवासियों,8
निरंकारी,8
चक्की,4
गेंदबाजी,8
नाबार्ड,4
छीनकर,8
रुझान,4
प्यारे,0
गान,8
मेधा,8
अफीम,8
मनमोहक,8
विभोर,63
व्याख्यान,8
शिथिलता,4
त्रिलोक,8
शर्ट,3
पंडालों,3
चकमा,8
दंगा,8
बेची,4
गिराने,8
मर्यादा,0
दांतों,3
फायदे,0
बंधु,8
चढ़े,0
पोषक,4
छीना,8
बिचौलियों,4
चलाये,8
निरीक्षकों,13
अगला,13
जिनसे,0
तंगी,0
आकृष्ट,8
शिवलिंग,8
पढ़कर,0
चीजें,0
ज्यों,3
पंचायतें,4
झूठ,0
पहुंचाना,3
टैगोर,8
प्रचारक,8
कारों,4
सेवानिवृत्ति,4
झूमने,37
करारी,8
तोहफा,0
डकैतों,165
झुंड,3
पड़े,0
खंडेलवाल,8
बताओ,0
पंचमी,8
चहारदीवारी,8
जुबान,0
न्यास,4
सुनीं,9
कृषकों,4
ऊपरी,3
गढ्डे,3
मुनाफा,4
घाटे,0
गोबर,3
अनुकूल,4
संयोग,4
प्रवर्तन,4
दबदबा,8
नक्शे,96
उनलोगों,35
रेलखंड,8
भट्टी,3
संलिप्तता,30
देखें,4
बुंदेलखंड,8
हानि,4
उतरा,0
बेरहमी,8
चकराता,82
इंजीनियरों,4
भूस्खलन,4
हमलोगों,8
अध्यक्षा,4
मिलावटी,35
फंसी,60
ग्रसित,4
बढ़ाना,4
ठिकानों,8
बनवारी,8
मशीनरी,4
रहस्यमय,8
ग्राम्य,8
वाणी,8
नारियल,3
तबियत,0
मंजर,8
अंकिता,152
तीज,8
रशीद,8
मुख्यालयों,8
बखूबी,0
दखल,8
प्रबल,4
उपेक्षित,8
खेप,4
बेचकर,4
निपटा,4
दफा,0
साध,8
छापामार,8
पशुपालकों,1
पेंशनरों,112
सच्चा,0
कष्ट,0
माननीय,4
भरना,13
रिश्तेदारी,11
पंखा,34
निजीकरण,4
लड़की,8
बहुजन,8
हरिजन,8
पीपल,3
प्रेरकों,28
दर्दनाक,0
खिसक,0
कटकर,0
जिलाधीश,8
झूमे,46
पाप,8
मिर्च,3
उल्लास,8
बताना,13
हटने,8
करूंगा,0
सीमांत,8
व्यापारिक,4
आयोजनों,8
गृहस्वामी,4
पूर्वोत्तर,4
दावत,0
सुनाकर,8
पते,4
जाग,0
कासिम,8
पढ़ते,0
ब्रांड,8
भागों,8
व्यवस्थित,4
तलाशने,80
ट्रॉली,8
रोकी,4
त्योहारों,8
खर्चा,4
रामलखन,8
अग्रसर,4
ब्रह्मा,8
कांता,8
देहाती,0
सीसे,3
क्रिया,4
वाटिका,8
नौकर,0
कुंभ,8
साधे,4
सफाईकर्मी,106
तबके,0
आपत्तिजनक,4
साले,116
अपनों,0
खटीमा,8
अभिजीत,8
जिम्मेदारों,8
खिलाकर,3
संबंधों,4
सरना,8
मटर,3
संपदा,4
असमंजस,6
बढ़ाते,0
हेराफेरी,8
अनावश्यक,4
बहनोई,8
परीक्षाफल,4
अंग्रेज,8
वाहवाही,8
भयंकर,8
पीलिया,4
सौगात,52
फेरबदल,4
डालें,13
त्रिभुवन,8
राई,0
अन्दर,3
गड्ढा,8
आफत,0
आन्दोलन,8
चुनी,4
अर्थात,3
सूखने,3
मेहर,0
मुसलमान,8
बमुश्किल,96
सुस्त,191
परेशानियां,3
प्रस्तावों,4
अनेकों,8
खरे,0
पोखरे,56
जयकारे,4
बकरीद,0
बरामदे,4
निराधार,74
जवाबदेही,4
चिंताजनक,42
वायदे,0
सता,8
तीखी,8
कटा,3
कलह,8
लखविंदर,14
पहुंचता,3
अंश,3
सांसदों,4
लाएं,13
महानिरीक्षक,8
यापन,3
आशु,63
लोकायुक्त,8
मण्डल,8
ट्रॉफी,8
कब्जों,4
राही,8
भागा,0
अन्यत्र,8
मोहर,0
दाग,3
अजीज,8
बौद्धिक,4
प्राय,4
प्रगतिशील,8
डिब्बे,4
पंचम,8
मनाए,8
अराजकता,8
साईं,8
जिसपर,0
दुश्मन,0
अपेक्षित,4
खसरा,4
लटके,0
दिग्गज,8
आचरण,8
पेय,3
दयाराम,27
शराबी,8
कारखाने,4
झुलसे,0
घुसा,3
प्रतिपक्ष,164
करवाते,8
हलचल,8
हेलीकॉप्टर,4
मुकदमें,8
चौकीदारों,168
पहुंचाई,4
लगानी,4
ग्राफ,3
गोकुल,8
सुगम,4
समाधि,8
वारदातें,103
परवान,0
घाटशिला,106
सर्वजीत,127
प्राणी,3
कुपोषित,4
जताने,90
उन्नत,4
भतीजा,8
रोचक,8
दंगे,8
धमाके,0
आश्चर्य,0
सचान,3
दायित्वों,4
सज्जन,0
दुबारा,0
नवमी,8
सर्वागीण,98
अनजान,13
जुडे़,32
कटे,3
रोने,0
फतेह,0
ईमानदार,0
बल्लेबाज,8
अराजक,8
तोड़,0
हरेक,0
बंटवारे,8
आत्मसमर्पण,8
हेमराज,99
बयानबाजी,4
हुजूम,0
मजा,3
जातियों,8
कवियों,8
ऊंचे,8
माओवादी,8
पत्रिका,8
गोवंश,8
छिपा,0
आसन,3
अर्चन,8
शोकसभा,8
निरोधक,4
खंभों,8
सिखों,8
बिकने,8
भट्टाचार्य,8
आनाकानी,33
क्षतिपूर्ति,4
चमक,3
हरिहर,8
भाईयों,0
जसप्रीत,33
मार्गों,8
गुटखा,3
आधिकारिक,8
मानसिकता,8
सर्वशिक्षा,4
श्रमदान,175
परिश्रम,8
अरोरा,125
खूंटी,96
कार्यकत्री,46
भूजल,4
माधुरी,8
मानो,0
बैनामा,4
उम्रकैद,8
यकीन,0
ब्लू,8
कटी,0
अवस्थित,8
जलकल,73
बनाएंगे,179
रुकवा,30
कहें,0
छूटे,52
इरादे,0
गुणवत्तापूर्ण,4
मनाते,8
युवराज,8
छाप,8
पल्सर,3
अंशकालिक,4
अध्ययनरत,8
दीदार,9
पत्रक,3
एतराज,3
फरीद,8
रास,8
गनीमत,8
फुसलाकर,60
बुझा,0
अनुश्रवण,4
टिकी,191
सुन्दर,8
बिन,8
तरीकों,4
इंच,4
जलवा,109
भागकर,0
विरोधियों,8
गरम,3
चार्ट,8
पेड़,3
लिंग,3
बल्ब,4
जनों,8
कसा,3
विराट,8
आत्मविश्वास,8
बेचे,4
चेहरों,0
बाजपुर,8
पेशे,4
प्रस्थान,8
छिपी,0
प्रतिस्पर्धा,8
बेचते,4
शासनकाल,8
मिलें,4
खलिहान,155
दामन,0
भयावह,8
नाट्य,8
बाट,0
जिनको,0
गोमती,8
होनहार,8
खुशहाल,0
पुरजोर,164
अपार,8
वरीयता,4
सुर,3
मैचों,8
दंत,3
वकालत,8
सट्टा,40
टकराव,8
भेजना,13
लपटें,8
हरित,4
अभिकर्ता,4
सिक्के,8
पिलाकर,3
ढुलाई,4
आदेशानुसार,8
युवतियां,74
सुलझा,4
बेसहारा,130
मानवीय,4
महत्वाकांक्षी,8
विस्फोटक,4
आशियाना,4
बोध,8
बराबरी,8
दुपहिया,150
रविकांत,175
खीर,3
शक्ल,23
रसोइया,40
आकांक्षा,8
दबे,0
कर्मजीत,190
दरार,0
फौरन,0
संप्रदाय,8
श्रृंखला,8
ढूंढने,13
प्रसन्नता,0
खोजने,4
बॉलीवुड,8
खजाना,8
रूटों,8
उपासना,8
संग्रहालय,8
श्रद्धासुमन,8
मादक,4
प्रत्यक्ष,4
पारदर्शी,4
राहों,3
रखाव,3
दोहन,4
निषेध,8
रिटायर,8
जीजा,0
मुक्की,17
निर्यात,4
आजीविका,0
मनायी,8
जली,91
बिछाई,0
पच्चीस,8
शिवराज,8
निकटवर्ती,8
दृष्टिकोण,4
दांत,3
कृत्रिम,4
मूर्तियां,8
बेघर,104
लोडिंग,13
लाद,0
भटकते,0
गहनता,8
चिकित्सीय,4
पदम,8
कानों,0
रियाज,107
यंत्रों,4
पटरियों,4
विराम,13
फैंसी,13
शाहगंज,145
पलटी,8
रईस,8
मरे,0
जीविका,8
दंडित,8
एग्रो,4
विचारधारा,4
अख्तियार,0
जुर्म,0
वीआइपी,4
मंडलों,8
सशक्तिकरण,4
पुनर्गठन,4
मोड़,9
शीर्षक,8
खंगाला,62
बचाना,167
हितैषी,0
उपलब्धियां,4
गुरुद्वारे,8
समृद्ध,8
किशोरियों,4
पोखरा,8
रूख,8
जुटने,19
वृद्धावस्था,4
भागते,0
डूबा,0
चारपाई,172
परीक्षकों,4
स्नेह,8
ननद,8
आदर्शो,8
खासतौर,3
उपाधि,8
झूला,26
राजगीर,8
विराजमान,8
आंदोलनकारी,8
सिलेंडरों,4
अल्पसंख्यकों,8
कूदकर,8
काफिले,53
मंजिला,8
पाला,0
समझकर,0
नामी,0
माताओं,4
चिकित्सकीय,4
लोकतांत्रिक,8
जूते,3
बोधगया,8
टोपी,3
बनवाए,8
चढ़ाया,0
शिकस्त,0
सरकारें,8
संतुलित,4
जहमत,97
सहमे,0
मुद्रा,8
स्वाति,8
संभवत,8
रीति,4
गुत्थी,53
दिलशाद,8
प्रवासी,8
घरवालों,0
रिसाव,4
तपिश,36
सैलानियों,8
सिखाया,0
पुतले,39
आजिज,112
नामांकित,8
बलि,8
घाटा,0
बढ़चढ़,0
बदसलूकी,8
चुस्त,3
भरते,0
फेंके,0
विकलांगता,4
पुर,8
नूतन,4
पापा,13
स्मरण,0
प्रक्षेत्र,3
शिखर,8
होशियार,0
अफसोस,0
मायूसी,27
खूनी,8
खडे़,0
मेंहदी,44
यूनियनों,8
श्रुति,8
जख्म,3
फीडिंग,3
कराएगा,0
तीव्र,4
जीवनी,8
शौक,0
कुंडल,26
जलमग्न,3
किसने,0
समझी,0
मोक्ष,8
पट्टे,0
बचाकर,0
खानपान,3
इनामी,3
फहराया,8
खुदरा,4
शेरपुर,8
निर्भय,8
बजाने,3
सुनसान,24
बेबुनियाद,0
वहन,4
हवालात,0
क्षत्रिय,8
किरदार,8
डोडा,3
अभिकरण,4
पत्थरों,8
पुलों,8
धरा,0
महापात्र,141
खिल,0
जगाने,8
झूले,0
आमसभा,8
प्रशिक्षकों,8
भिजवा,8
बनें,8
जनमानस,8
लगवाए,8
स्वाद,3
अंत्योदय,101
खड़े,0
केला,3
तारिक,8
प्यारा,8
चारो,8
पहरा,0
निगमों,4
परे,8
विद्वान,8
जनसेवा,13
रीढ़,4
उठाएं,49
लाते,0
व्यर्थ,3
दरकार,165
उतारकर,0
महक,36
गजल,0
गाजे,3
गृहमंत्री,8
लोकप्रिय,8
कमियों,4
सेनानियों,8
गाए,8
कारीगर,3
अनियमित,4
द्वारिका,8
आहुति,8
शास्त्रीय,8
इंटरसिटी,4
ढाका,8
समाजसेवा,8
प्रबंधों,44
बजरी,3
पटल,4
ठेले,173
नजीर,8
गुंजन,3
जाप,8
सटीक,4
निकाह,0
परगना,8
बादशाह,0
संस्थागत,4
स्वामियों,104
घात,3
स्थलीय,3
पत्रावली,48
शतरंज,8
मौसमी,3
अंशु,4
चुन,0
सुनाते,0
दुर्गापूजा,112
पहुंचेगा,142
पौराणिक,8
दबकर,56
दिखता,3
पीले,3
मृदा,4
योगा,8
दौलत,0
मन्दिर,8
फर्ज,0
कुचलकर,8
व्यतीत,8
मांगते,0
गुण,4
बेल,3
अटूट,8
सूफी,8
ऋतु,3
ताजिया,147
पूछ,0
प्रमाणित,4
संस्कारों,8
प्रतिद्वंद्वी,8
संशय,8
सेवादार,8
जच्चा,0
फिसल,3
खूबसूरत,8
बैठेंगे,0
रूपया,11
भुखमरी,8
सभाकक्ष,79
कागजातों,8
नहरी,40
सिखाने,13
माहिर,0
सेल्समैन,4
कंटेनर,4
विक्रांत,90
जिम,8
धरे,191
अधीनस्थ,4
चप्पल,34
बनीं,8
अंधाधुंध,8
मोहर्रम,99
एजेंसियां,4
गंडक,8
हजारी,8
मीर,8
उमंग,8
पीला,3
प्रवाहित,3
आदी,8
शहरवासी,152
चिंतन,4
बांटकर,8
जलेसर,8
पर्वत,8
करनेवाले,0
सदमे,0
बांधने,43
आधारभूत,4
थाली,3
उतारू,0
खांसी,4
नोटों,4
धोने,3
सहायकों,0
फरियादी,63
दोहरी,0
प्रतियोगी,8
बच्चन,8
वर्चस्व,8
महापुरुषों,8
कट्टा,71
जनविरोधी,90
हुंकार,8
मोमबत्ती,152
जीवों,3
संगीन,0
शुमार,0
समायोजित,4
हालातों,4
खजाने,8
झमाझम,110
मीठा,3
आंगनबाड़ी,4
डांट,130
नेक,0
सवालिया,161
संरचना,4
प्रभावितों,4
शफीक,97
चरमरा,8
अलविदा,8
सद्भाव,8
खरीदना,4
निचली,3
हेमा,43
नील,8
डुबकी,8
घटा,4
दुष्यंत,8
अन्न,3
खड़ा,0
घुटने,3
एजेंटों,4
मारामारी,125
डालना,0
मैक्स,8
भूखे,0
प्रभाग,4
लाभकारी,4
प्रवृत्ति,4
पधारे,8
तेंदुआ,3
अपराधिक,124
दौड़,0
दही,3
दंग,8
चारे,3
असंतुलित,4
दिलाए,93
पीना,0
सत्यवान,0
खरी,0
घूमकर,8
भ्रम,4
बकाए,105
चिल्लाने,0
कूच,8
कायाकल्प,164
खुशियों,165
संवैधानिक,4
बोलकर,0
मनोरमा,8
बहनें,8
उपद्रव,0
उपराज्यपाल,4
चुनने,4
टकराने,4
आमतौर,4
माओवादियों,8
ससमय,144
आपने,13
सज्जा,3
बैसाखी,8
सिद्धांत,4
गांववासियों,49
क्रांतिकारी,8
प्रख्यात,8
प्रश्नोत्तरी,4
लगाएंगे,10
सब्जियां,3
उदयवीर,8
कर्तव्यों,4
लपटों,3
बाधक,4
निकालना,3
छाई,0
डोली,73
काटते,3
चूल्हा,4
अर्से,8
स्कीमों,4
कान्वेंट,8
वत्स,8
राग,8
भूगोल,8
बजरंगी,88
लेफ्टिनेंट,8
अंचलों,4
किसके,0
लौटाने,0
सूचक,4
तपन,51
प्राक्कलन,4
जेलों,8
प्रभावशाली,8
शराबबंदी,8
दलील,0
स्त्रोत,4
बुरे,0
गिर्द,0
पहन,3
परिचर्चा,4
आभा,8
ज्वाला,3
रची,8
मंत्रोच्चारण,8
घोटालों,8
चरणबद्ध,4
दूल्हे,0
सांख्यिकी,4
दक्षता,4
अरसे,8
झुलसा,0
निकालते,0
तालीम,0
मूंग,3
देवा,8
आगाह,0
अष्टमी,8
नेत्रदान,8
लौह,3
गजेन्द्र,8
लेंगी,11
दायरा,4
खुलेगा,25
घटने,4
परिधि,3
उपचाराधीन,35
सुशासन,8
प्रीती,8
सिखाए,0
श्रोता,13
प्रबुद्ध,8
जौहरी,8
कानूनों,4
पत्राचार,8
पीली,3
चुनौतियों,4
अतरौली,8
उत्पादक,4
सत्तर,0
बेचैनी,0
उद्योगपतियों,4
सूक्ष्म,4
शायर,0
लथपथ,8
व्यवधान,4
भुइयां,8
पुरातत्व,8
नाटिका,13
अनावरण,8
अनुचित,4
अभियंत्रण,4
चाहत,0
कटवा,0
अंजान,190
प्रिय,0
इबादत,0
नकाबपोश,63
संभाली,8
झरिया,126
जानबूझकर,0
घिरे,8
दुर्भाग्यपूर्ण,8
मूक,8
संवारने,4
औपचारिकताएं,4
भुवन,8
बजते,3
प्रवास,8
रूक,0
एजेंडा,4
बोलबाला,8
जानना,0
दवाब,121
लिखाई,13
ऋषभ,8
बकाएदारों,4
बैरक,97
गंगाजल,76
चैत्र,8
लेखाधिकारी,113
फंसाया,79
अधिप्राप्ति,4
बरसे,0
रिश्तों,8
पंडितों,8
तमन्ना,0
प्राध्यापकों,115
बोतलें,4
अपितु,4
राधाकृष्ण,8
कयास,0
पिलर,8
खड़ी,8
बढ़ना,4
हवेली,8
रहस्य,8
त्वचा,4
शुभारम्भ,8
हिस्सेदारी,4
असलहे,0
प्रेमनगर,8
साधू,8
पलटा,0
सत्ताधारी,8
पन्द्रह,8
पीरो,96
उल्टा,3
संयम,8
सूरी,8
स्क्रीन,4
ठेकेदारी,126
तेरे,0
कांटे,3
फंसने,4
जद्दोजहद,8
व्रतियों,8
शिल्पी,8
फुटपाथों,0
सिरदर्द,4
प्रस्तुतियों,8
पंचों,8
मुनासिब,0
परसा,33
अमावस्या,8
स्थिर,4
बैट्री,168
निखारने,13
खींचने,3
बिगुल,8
निर्धन,8
समझना,0
पात,3
परिणामों,4
आपबीती,194
दरम्यान,4
पिकनिक,8
आहवान,157
खंभा,8
मंहगाई,4
मेजबान,4
गुटबाजी,112
बरसी,0
त्रासदी,8
वालीबॉल,77
अद्यतन,4
संवर्ग,4
पालना,97
लौटकर,0
कुत्ता,0
सानिध्य,8
प्रावधानों,4
वस्तुएं,3
औपचारिक,4
करवाएंगे,105
घोषणाएं,4
दबोचे,8
लटकी,0
कैसा,0
सर्वोदय,8
सांय,3
सशक्तीकरण,4
बेतरतीब,40
उफान,27
रंगीन,3
मुश्ताक,8
आशाओं,4
बनाओ,0
जागीर,8
सोते,0
तुषार,3
नीतियां,4
गुजरती,8
गर्भपात,4
दाह,3
पहनने,3
दूरसंचार,4
सुंदरता,8
छिपाने,0
पकड़,0
संक्षिप्त,4
कांडों,42
समझाकर,165
चर्चाएं,4
देंगी,0
मान्य,4
रैकेट,17
शाल,8
फजीहत,22
तांत्रिक,8
विभूति,8
पकड़ा,0
बरतें,171
सजाने,8
सुरक्षाकर्मी,83
जोखा,79
उठाएंगे,4
निकटतम,4
अरमान,98
गतिरोध,8
सरोकार,164
जवाबी,8
अथारिटी,13
पूर्णत,4
धनी,8
बसर,0
सुस्ती,3
जयकारों,82
एचआइवी,4
तलाक,8
सजे,3
फाइलें,4
परचून,163
प्रवाह,4
दिलों,0
दुर्लभ,3
मोटे,3
पिकेट,18
रोमांचक,8
बुद्धिजीवियों,8
त्रुटि,4
रासायनिक,4
आतंकवादी,8
जीवंत,8
देह,3
स्वाभाविक,4
खामी,3
श्रीमद्,8
काज,0
फरोख्त,0
आधारशिला,0
स्टाप,62
नारों,8
भराव,4
भूसा,3
खनिज,4
बासमती,4
निगाहें,0
गलन,3
सदुपयोग,4
रातभर,8
पत्रकारिता,8
खागा,57
सताने,84
रचा,8
चौंकाने,8
ढाणी,58
प्रारम्भ,8
जातीय,8
दिखाना,13
नवाज,8
सुपरिंटेंडेंट,4
लहराया,8
ढांचे,4
केंद्रित,4
रोना,131
अथक,8
मनोकामना,8
गेंदबाज,8
गजराज,8
नकलची,72
चन्द,0
उपनगर,4
तपस्या,8
कराता,4
उच्चस्तरीय,4
दुर्गम,8
पीतल,3
धमाल,8
फैक्ट्रियों,150
जिलांतर्गत,8
बदन,0
शंभु,36
बनाता,3
अर्जन,4
जल्दबाजी,8
बुवाई,3
कुंडी,95
समाना,130
सहमत,4
सूट,4
प्रायोगिक,4
जानता,0
समानता,4
भुक्तभोगी,38
नगरवासियों,8
विख्यात,8
संभल,8
छाता,6
बैठते,0
कमा,0
उस्मान,8
हनन,4
भिन्न,4
पहनकर,3
एहतियात,0
लाचार,0
पीते,3
सुपारी,3
बैठाने,8
छुट्टियों,8
बंधा,43
रोजमर्रा,4
परिक्षेत्र,31
मसलन,8
सूखी,3
प्रोफेशनल,8
अध्यादेश,4
आहट,0
गद्दी,8
उतारी,0
बहता,3
प्रयोगात्मक,4
अनाथ,0
मतभेद,0
छापने,4
किसे,171
खर्चे,4
विकट,8
गुरुजी,8
सोचने,13
कपास,3
शाहबाद,130
ब्लास्ट,118
लगवाया,8
चौसा,8
हिंदुस्तान,8
सुर्खियों,8
जहरीले,3
खिलाने,0
भुगतने,46
इंसपेक्टर,175
ढांचा,4
घनी,3
चिलचिलाती,94
पालकों,0
दर्शनों,8
किनारों,3
शीतलहर,4
नाश्ता,3
चुराने,3
सूचियों,13
नान,0
बाथरूम,4
ठेस,8
निकलती,3
वैवाहिक,8
दिलचस्प,8
कृत्य,4
सनसनीखेज,8
बुलाए,0
मूलरूप,8
बकायदा,6
अबकी,0
जाओ,0
थानान्तर्गत,8
अमलीजामा,134
फलदार,2
हिमालय,8
नाना,8
भूतपूर्व,4
गम्भीर,0
दाने,3
पतंग,3
वैली,8
पुत्रगण,125
फलस्वरूप,4
खोखे,4
सुकून,24
रखनी,3
गायिका,8
जगजीवन,8
संदिग्धों,145
बांसी,8
राजभाषा,4
सोचना,13
दलदल,8
तिल,3
भिखारी,8
ड्रामा,8
खुलते,3
गमगीन,73
कामगार,4
ठहराते,0
पहुचने,8
दिलाना,0
लम्बी,8
दिखायी,0
कुरान,0
बैठना,0
थैला,3
कहावत,194
सांकेतिक,3
गुफा,8
दूंगा,0
वनों,3
नाच,8
पंपों,3
दार्जिलिंग,8
शशी,8
कामगारों,4
जुल्म,0
बेहतरी,0
बखान,8
ज्ञापित,45
भेद,8
बिस्कुट,8
तरजीह,0
याचिकाकर्ता,17
बैद्यनाथ,8
मयूर,8
मुल्क,0
चर्चाओं,8
प्रलोभन,8
गाते,8
सत्याग्रह,8
खेमे,4
रोहन,8
नीलकंठ,8
शिवालयों,90
सादा,13
अनामिका,8
बुआ,8
सौतेला,8
विंध्याचल,8
तकरार,8
धर्मराज,8
आंवला,3
लात,9
महफूज,96
वंश,8
सुजाता,8
दफन,8
विलास,8
हानिकारक,4
अनिवार्यता,8
रहमत,0
प्रकाशोत्सव,0
चुनार,8
बीर,8
मिष्ठान,70
दिवाली,0
हटवा,27
मातहतों,156
निगल,3
सामग्रियों,4
इतर,0
गुरुदेव,8
पहर,0
जनवितरण,121
संजीवनी,71
लड़ाई,0
वृहद,4
समरसता,8
घुसपैठ,8
धमकियां,151
विक्षिप्त,32
गोपनीयता,4
पाठ्य,4
मेहरबान,0
रैंप,94
सेवायोजन,4
कराएगी,4
पहना,3
समीकरण,4
पालियों,23
सरैया,8
दुखद,0
आठवें,8
अखंडता,4
पॉलीटेक्निक,77
फिल्में,8
घबरा,0
संचालिका,20
देय,4
टकराकर,3
धमका,99
लगाव,8
नित्य,8
आपत्तियां,4
मैदानी,8
कर्मवीर,8
बिछा,0
उल्टे,0
रखेगी,0
त्राहि,3
पौष्टिक,3
शौकीन,3
दरें,4
सिक्का,8
भौगोलिक,8
समझे,0
एकादशी,8
विनायक,8
उछाल,8
निभाते,4
करतब,8
रेफरी,8
निर्वाचक,4
रामवृक्ष,8
बक्से,8
धमकाने,0
अनुमानित,4
ढ़ाई,34
ग्रामोद्योग,4
पलक,0
बली,8
मुख्याध्यापक,20
सर्दियों,3
अनाधिकृत,4
विषम,4
जानबूझ,0
विद्यासागर,8
हटाना,13
मुस्लिमों,8
मस्त,0
शगुन,0
ढोने,3
प्रांतों,4
कार्डधारकों,4
धूरी,48
काल्पनिक,4
गुजरा,56
अनवरत,8
सौभाग्य,0
बांधे,43
जानमाल,0
कुंडली,3
देखेंगे,0
ईनाम,0
कम्युनिटी,8
मुस्तैदी,92
गल्ले,0
अन्नपूर्णा,8
त्रिलोचन,8
गालियां,36
घंटी,6
दूरस्थ,4
सोए,9
गुजरे,8
मारते,0
रसोइयों,4
मोबाईल,4
नैतिकता,4
कार्यान्वयन,4
औचित्य,8
बेमौसम,3
अपनाई,0
अभिनेत्री,8
नकारात्मक,4
उतरते,0
इंजीनियर्स,8
मंदी,4
गिराया,8
झूमते,8
बदलना,4
कुलभूषण,8
रिक्शे,117
लटकता,3
खट्टर,8
कैफे,4
शाखाएं,8
केवट,88
उबाल,3
हकदार,4
किले,8
करवट,0
साधनों,4
अहमियत,0
टोनी,8
मसला,13
बचना,0
छूटने,0
ताऊ,8
वचन,0
अनुबंधित,8
धोखे,0
अंगुली,3
नलों,3
ढूंढ,49
ज्वालामुखी,8
आदान,4
चुराकर,84
परिचालकों,53
मनमर्जी,72
निभाया,8
भट्ठों,64
वार्डेन,4
सुखद,0
आपत्तियों,60
कर्बला,63
बुद्धिजीवी,8
उठती,3
आएंगी,4
रिचार्ज,4
खोखा,3
तान,0
बिन्दुओं,3
वाजिब,0
लगाता,0
केसर,3
अभिरक्षा,4
अर्थव्यवस्था,4
गुलाबी,3
अंधकार,8
जीरा,3
जलती,3
तेरा,0
दोगुना,0
श्रेया,8
गिरता,0
दैवीय,8
सूचनाओं,4
बीएसएल,4
ढलते,3
बीघे,84
रेलमंत्री,4
चौकियों,77
वर्षगांठ,8
तानाशाही,8
हिंसक,8
परत,3
गुणों,4
महफिल,0
घोल,4
निवेशकों,4
वित्तमंत्री,8
ढक्कन,3
खटखटाया,156
मौज,0
अवमानना,8
बनाएगी,121
मंत्रोच्चार,3
टेकने,8
दूल्हा,8
ज्योतिष,8
बानगी,3
मेघा,194
अमूमन,3
कढ़ाई,3
शॉल,3
सोया,8
पर्दे,0
उद्भेदन,3
मिलेंगी,0
पीटना,2
महारानी,8
लड़कियों,0
स्तुति,8
कक्षों,3
समितियां,4
अनियमितताओं,4
व्यथा,8
सम्बन्धित,4
टांग,3
लोकप्रियता,8
जबर्दस्त,8
नाकेबंदी,4
ठगा,175
बुजुर्गों,4
विस्तारपूर्वक,138
बजा,0
शराबियों,171
बंजर,3
छटा,8
प्रण,8
कसी,9
गाया,8
हैसियत,0
खुदा,0
गोताखोरों,3
सुअर,3
इकलौता,8
निबंधक,58
मौतों,8
क्रमांक,4
रामराज,43
जुटाई,105
नयन,8
जस्सी,34
फूंकने,156
स्वर्णकारों,11
आकाशीय,3
सकेंगी,86
आयाम,4
जलवायु,3
पक्षपात,8
गुंडा,124
राष्ट्रपिता,8
खामोश,8
ख्वाजा,8
आक्सीजन,4
बरते,161
घटती,4
प्रसारित,8
लाटरी,4
दमखम,96
प्रायोजित,8
हिंदुओं,8
कथावाचक,8
जांचने,4
अतिसंवेदनशील,4
घंटो,4
मदरसे,8
क्षण,8
अक्षर,4
खुलेंगे,50
कुछेक,4
प्रतिद्वंदी,0
एकादश,8
खिला,0
डायन,8
सलाखों,4
मिठाइयां,3
मोहलत,0
चोरियों,18
छाती,3
दीर्घायु,36
बटन,4
ब्रह्म,8
तेरी,0
नीली,3
बरस,0
तकलीफ,3
आमंत्रण,165
पशुपालक,3
नाकाफी,134
पहनाने,8
नाबाद,8
सबों,0
सन्,8
जटिल,4
नुमाइश,73
तीर,0
मुखातिब,118
कर्मकार,4
कतरा,0
दिनकर,8
शौर्य,8
लेख,8
सुखी,8
सब्र,0
असमर्थता,4
मसाला,3
त्रिलोकी,8
साख,4
अनिश्चित,4
प्रचंड,0
तांडव,8
गिरिराज,8
कोटि,8
चढ़ाकर,141
सरासर,0
संलग्न,4
खोया,8
गवर्नर,4
गोलमाल,0
फौजदारी,8
हर्षित,7
नौकरियों,4
घोषणाओं,13
काटना,3
प्रैक्टिस,8
एयरफोर्स,8
भागी,0
मजीठिया,8
संपादक,8
घेरने,191
भावभीनी,8
तनावपूर्ण,4
वजूद,8
रखवाली,8
स्वावलंबी,4
खींचतान,3
हल्दी,3
मालाओं,8
मोटरसाइकिलों,174
कार्पोरेशन,4
अतिशीघ्र,121
मिलाप,0
नमो,8
संभावनाओं,4
साहित्यिक,8
टेढ़ी,3
हथियारबंद,8
सीढि़यों,173
नस्ल,0
पाइपलाइन,4
मुकुट,8
दुर्भाग्य,0
सुरक्षाकर्मियों,8
सुरंग,8
शीत,3
डलहौजी,8
इज्जत,0
दर्शाता,8
एकतरफा,8
रिवाज,0
गुंडागर्दी,80
मैया,8
मापदंड,4
नाथनगर,8
पंथ,8
सफाईकर्मियों,52
मिलाने,3
जगपाल,21
जानें,0
कटाक्ष,8
भीख,0
तकनीकि,8
अनुदेशकों,4
स्वयंसेवियों,6
हिलसा,70
दीदी,8
मिलाया,3
दंगों,8
चढ़ाई,8
हाकिम,0
कुलश्रेष्ठ,8
पुनर्निर्माण,8
मोटा,3
प्रार्थनापत्र,4
उच्चाधिकारी,4
जया,8
समझें,0
हलवाई,36
साबुन,3
फकीर,0
नजरें,127
खेलना,8
स्वदेशी,4
भयमुक्त,8
हीलाहवाली,115
भाषाओं,8
उच्चतम,4
जनजातीय,8
संग्रामपुर,8
आत्मसात,8
सांई,4
अनुदानित,165
बाहुल्य,3
भतीजी,8
सटा,8
आतंकवादियों,8
विक्रय,4
धुएं,3
पकड़े,0
झोला,3
चैतन्य,8
तल्ख,56
गहमागहमी,4
झूल,0
सौंदर्य,8
बही,4
रानीखेत,8
शिशुओं,4
दक्ष,8
मस्तिष्क,4
खंडहर,8
अव्यवस्थाओं,100
धनघटा,8
पार्लर,8
सम्पूर्ण,8
कसबा,8
पालक,3
नाटकों,8
झांसे,4
चलाएं,49
मुसाफिर,95
प्रसूता,4
अपनाना,4
धमाका,0
पैंट,3
उपायों,4
मानचित्र,8
पायदान,8
गांठ,3
अहंकार,8
कनेक्शनों,4
जलाई,4
वास्तविकता,0
दिखती,3
उपद्रवियों,109
क्रिकेटर,8
जनजागरण,8
कट्टे,8
पर्यवेक्षण,4
आगोश,184
हेलीपैड,70
कम्युनिस्ट,8
शुभकामना,4
धनुष,8
प्रतिपूर्ति,4
प्रजातियों,3
जहाज,4
पखवारा,8
बेबस,0
भेजें,4
पत्ते,3
शिवपूजन,8
आंध्र,4
अपनाकर,4
उपजाऊ,3
बैठाया,8
किशोरों,4
कांति,8
नकार,8
लाभदायक,4
पाटिल,8
शूटर,8
बनाती,3
वैसा,0
जूता,33
रेप,30
उद्देश्यों,4
अकेडमी,8
समता,4
उठते,0
ठगने,4
खलील,164
चाट,3
चुकाने,4
प्रशस्त,8
बेचना,4
झेलने,0
पालिसी,4
कांफ्रेंसिंग,4
अपनाए,4
दबी,0
रचनात्मक,4
इकट्ठे,0
राजस्थानी,8
कदमों,4
इस्तीफे,8
हालचाल,10
चौंक,3
पूर्वजों,8
चलेंगी,74
सामंजस्य,4
गुंजायमान,8
मासूमों,8
रिमझिम,66
किनारा,3
बूढ़े,0
गंवा,8
पारिश्रमिक,0
इसरार,0
विडंबना,4
जागो,124
महाआरती,10
जनाधार,8
रेडीमेड,100
शिवानंद,0
बंगले,8
दारू,3
आदर,0
विभाजन,8
धमकाया,167
मलिन,3
बुनकरों,4
मंडरा,169
जलाए,24
मैकेनिकल,8
लश्कर,0
मन्नत,36
माइक,8
तदर्थ,4
अद्भुत,8
सुखराम,4
सभाएं,8
सीखा,8
अदद,34
थैले,8
महामाया,8
दिव्यांग,4
असलहों,8
ज्ञातव्य,16
अनापत्ति,4
कॉरपोरेशन,4
गाना,8
उत्खनन,3
नाता,0
पोर्टल,4
मुर्गी,3
नाश,8
कंधों,3
बटोरी,34
कमजोरी,4
अक्षम,4
सिफारिशों,4
कराह,151
होम्योपैथिक,4
कांटा,3
उपकेन्द्र,118
टूरिज्म,101
बोरियो,134
कविताओं,8
घटक,4
साक्ष्यों,8
आखों,0
तालियों,4
कुर्सियां,3
विषयक,4
हराम,0
कठिनाइयों,4
व्यंजन,3
बेमानी,8
अपमानित,0
निकास,4
देखिए,8
चलेंगे,0
बताता,13
बनवाकर,39
खींचकर,3
त्यों,3
मानिक,125
सीमाओं,8
वरिष्ठता,4
आत्मरक्षा,8
मानती,8
चलन,0
माप,4
अटैची,0
तिहाई,0
कतिपय,4
अनभिज्ञता,76
ठगे,8
अनुदेशक,4
सांझा,3
नीले,3
असंभव,4
कारीगरों,3
चौथ,8
बन्द,13
भावुक,8
सुरभि,8
बढ़नी,80
एकड़,3
जेईई,160
दलबल,168
लगवाई,73
कोशिशों,8
संपति,63
मार्कशीट,175
कराती,4
बॉल,8
ढीली,3
उपदेश,8
ढेरों,8
प्रशिक्षणार्थियों,3
जालसाजी,4
दिमागी,4
भूमिहीन,4
छूने,3
इंसानियत,8
शर्मनाक,30
चाही,0
हिल,8
सोमा,132
खोद,3
आजतक,8
श्रावणी,8
सौंपते,13
जुकाम,4
क्षमा,0
चपरासी,90
रंगमंच,8
पम्प,4
पिला,0
लेखाकार,4
रचनाओं,8
व्यवहारिक,4
सुधरने,4
ऊंट,3
मेवा,0
टीसी,4
आश्रय,8
जूझते,8
लोकगीत,8
वाचक,164
समेट,0
हरकतों,0
पुष्टाहार,3
स्वभाव,8
चित्रों,8
स्वेटर,3
औषधीय,4
तृतीया,8
छोड़कर,0
पाठ्यक्रमों,4
बोरियों,3
कुचला,17
फायदेमंद,3
परिणामस्वरूप,4
बीवी,0
यथा,4
कीमतें,4
प्रतिरक्षण,4
निगमायुक्त,8
वर्गीय,8
नवयुवक,0
ननिहाल,8
पागल,13
प्रियदर्शी,8
बालकों,8
सम्बन्ध,8
अनुमोदित,4
शीट,4
प्रविष्टि,4
कैरो,23
विवेचक,8
गजब,6
गदगद,10
तवज्जो,0
भराई,0
मनाना,8
परियोजनाएं,4
रौंदा,131
शिशिर,8
कंधा,69
रंगा,8
एथलीट,8
हबीब,0
तापस,8
मुगल,8
जिसमे,8
नीलाम,97
पूर्णाहुति,8
उन्नयन,4
भागीरथी,8
जोड़ने,4
सिद्धांतों,4
हार्दिक,8
भयानक,8
करोड़ों,27
कुम्हार,8
बनानी,4
मीठे,3
बुनकर,112
सुबूत,0
संभाले,75
कौम,0
सेवादल,8
प्रस्तुतियां,8
यथावत,0
उतारे,90
कोरी,8
प्रदेशीय,14
संगीतमय,8
भरवाने,4
सजाई,8
राजनेता,4
झोली,37
वास,8
घेरकर,0
सहेली,8
राजनेताओं,8
चोक,3
मदरसों,1
मतपत्र,4
घिर,0
डरा,0
बेचैन,0
राशनकार्ड,165
हंसी,8
बुझाई,0
उन्होनें,0
अपनाते,0
घूस,30
दोहरा,0
लोकदल,8
रामानुज,8
विटामिन,4
थाम,0
नाज,98
हरकतें,0
ख्याति,8
बिसौली,8
अतीत,8
रंगाई,3
शिवालय,8
धोबी,3
पूंजीपतियों,8
उलट,0
सवेरे,0
पिलाया,0
वारिस,0
मूकदर्शक,29
बचें,0
मौसी,190
ढाबों,13
राष्ट्रवादी,8
घटकर,4
चौरासी,8
हटकर,0
जिम्मेदारियों,4
विवाहित,8
लगनी,4
खरीदारों,4
असंगठित,4
कर्ता,4
अराजपत्रित,4
भेजते,0
अवरोध,4
निंदनीय,4
लुटेरा,147
पत्ता,4
रखीं,0
प्रादेशिक,4
माघ,8
गूंजा,46
समतल,3
दलहन,3
बजाकर,3
अजब,0
विषाक्त,4
व्रती,8
कव्वाली,8
शिशुपाल,8
जिन्हे,0
जैव,4
हकीम,0
पदोन्नत,8
आत्मिक,8
भूत,4
दोहराया,4
सेमीनार,4
चलीं,8
अटका,0
अध्यात्म,8
छुट्टियां,3
मदनलाल,8
साधकों,8
सुनाए,0
सैल,4
महाभारत,8
ठगों,8
कुरावली,8
छठा,8
उत्साहवर्धन,71
निश्चय,0
गेंदों,8
आशाराम,23
वाह,0
व्यस्तता,165
साया,8
मुर्गा,3
भ्रूणहत्या,4
विसर्जित,3
खरीदते,4
महासम्मेलन,20
शीतकालीन,8
काश्तकारों,4
आभूषणों,3
पर्यवेक्षकों,4
सिवाय,0
शीश,8
अभियोजक,80
बच्चो,13
लिंगानुपात,8
श्यामसुंदर,8
बंटवारा,8
उच्चारण,4
छिन,0
निष्क्रिय,4
नवविवाहिता,38
मुनीम,8
चोटी,8
मधुकर,8
क्षय,4
प्रगट,0
नानी,0
अंधविश्वास,8
लाठियों,0
तस्वीरें,8
समीपवर्ती,8
जुड़ी,4
डाकघरों,80
फैक्स,8
साधते,69
चढ़ी,3
उतरेंगे,42
इसने,8
प्रचलन,4
परमाणु,4
लीवर,4
टिकटों,8
पत्ती,3
इलेक्ट्रॉनिक,4
अल्प,4
बिजेन्द्र,159
चने,3
स्वर्ग,8
अनुपमा,184
विनाश,4
बनवाई,8
संचयन,4
अभिशाप,8
असलियत,165
पढ़ती,8
ईटों,3
भूना,110
बेअसर,13
गायकों,8
पार्थिव,8
कार्यवाई,0
कार्टून,8
उद्धार,8
शीशम,3
खदानों,3
विशेषता,4
पुताई,62
अनुसरण,0
स्टेशनरी,4
होनेवाले,0
आंदोलित,8
विद्यानंद,118
अंतरिम,4
विद्वानों,8
आंखे,131
करायें,48
निर्मली,100
गोरा,83
धूम्रपान,4
बागवानों,4
डेरे,65
तबतक,161
शिक्षामंत्री,8
पंक्ति,4
साहित्यकारों,8
झपट,0
ताकतों,8
अपात्र,4
प्रेषण,4
संकल्पित,4
किसानी,3
कटवाने,57
ठंडक,0
फुटकर,4
सदी,8
लुभाने,0
चश्मा,0
भांजे,8
पैगाम,0
जमानती,4
गानों,8
बारादरी,61
लाडली,8
सुई,3
पड़ोसी,8
हर्षवर्धन,8
चंपत,0
करुणा,8
किसकी,0
प्रणाम,8
समुद्र,8
निर्बाध,4
अमूल्य,8
सुश्री,8
खानी,36
मांझा,8
नदियां,8
ढुल,39
तैराकी,8
कैसी,0
संक्रमित,4
स्वेच्छा,8
सीआइडी,157
नियुक्तियां,4
सतगुरु,8
मुकर,169
मचाते,0
करतूत,0
राजेश्वरी,94
भीमसेन,8
गहलोत,4
इक्का,3
समुदायों,8
गरमा,64
खिलौने,3
रासलीला,8
लाये,4
उठाये,4
ठेकों,23
सपरिवार,8
फूस,82
म्यूनिसिपल,58
ढिलाई,107
कटोच,124
जायें,13
निपटारे,4
योगाभ्यास,8
चुपचाप,0
बेतहाशा,37
निवासिनी,72
संतोषी,8
शक्तियों,4
यथाशीघ्र,4
भट्ठी,3
व्यवसाई,4
टालमटोल,63
पढ़ता,0
आमलोगों,94
किन्नर,8
रखेगा,0
पहाड़ी,8
धुंआ,3
प्रतिबद्ध,4
परमहंस,8
बर्तनों,3
मुहूर्त,8
सहसचिव,11
स्रोतों,3
बदलवाने,9
शंका,0
मोहताज,0
लीची,3
निर्वाह,8
निभाएंगे,8
पढ़ना,13
उत्सुकता,8
नाममात्र,4
सदियों,8
शक्तिपीठ,8
कूड़ा,79
मानों,3
कलाई,3
कसरत,0
सत्यापित,4
मालिकाना,4
भूगर्भ,4
हमलों,8
तनख्वाह,4
फिसलने,0
हाय,0
कविताएं,8
साधक,8
तोले,18
उपमुख्य,30
वृद्धों,4
चालीसा,8
कारखानों,4
जानकर,0
बीजों,3
बिखर,8
घमासान,19
कनपटी,161
भूरे,3
अधिकाधिक,4
लीलाओं,8
अपूर्ण,4
सर्वोत्तम,4
मरा,0
मुझसे,0
मिट,0
वैसी,0
बिलकुल,0
मूंगफली,3
साम्राज्य,8
एथलेटिक,8
जलनिकासी,82
बरातियों,3
श्रमायुक्त,129
हुकूमत,0
मेज,3
डकैत,132
खचाखच,100
हस्तशिल्प,3
जैकेट,3
पिछला,13
अनार,3
सेंधमारी,51
हारे,0
निरुद्ध,86
दिखते,3
मनाएं,0
शासक,8
दुश्मनी,0
चढ़ाव,0
खरीदार,4
पांचाल,8
उतरना,0
सातों,0
रियासत,8
मरहम,171
कुदरत,0
बिखरे,3
मोहब्बत,0
ढांढस,125
जरुर,8
चौके,3
हिमपात,3
थाप,45
सुनियोजित,8
फेंककर,4
मछलियों,3
फुसला,110
स्थानान्तरण,4
पहिए,3
पूर्णतया,4
टेंशन,114
वतन,0
जमाए,0
कौमी,8
अंत्येष्टि,8
तिथियों,8
रचने,8
न्यायालयों,4
गुरुओं,8
अधिकारिक,8
सत्रह,8
अलवर,8
याची,91
व्यंजनों,3
बूढ़ी,0
मत्था,8
शुक्र,0
बॉर्डर,24
उपभोग,4
उतने,3
प्रतिभावान,8
धूमिल,20
अशांति,8
लहरा,8
दरारें,3
मनीराम,8
इंद्री,162
अंर्तगत,14
सर्वोपरि,8
पंजिका,4
दबोचने,124
साईकिल,8
अड्डों,4
मम्मी,40
मंद,4
भारतीयों,8
चाची,8
स्पर्श,4
पड़ेगा,0
नक्षत्र,3
बसाने,8
करारा,8
इरादा,0
दिशानिर्देश,4
असमाजिक,8
वल्लभ,8
पांचवे,8
सुंदरी,8
दिलाते,0
जापानी,8
हल्दिया,4
नमस्कार,8
नाचते,3
लिपिकों,4
निवेदन,8
सहम,0
हर्रैया,3
रातों,0
साला,3
मनचले,187
जंजीर,9
ठहरा,0
गोभी,3
भेजेंगे,8
जुनून,0
प्यासे,0
मण्डी,4
वादन,8
श्रीधर,8
अखबारों,8
रीतेश,13
सुने,0
संगठनात्मक,4
मनिहारी,61
मानता,0
मक्खी,3
भरो,133
ऑक्सीजन,4
स्वैच्छिक,4
रहेगे,0
हड़कंप,24
विधवाओं,8
फूले,3
अनियमितताएं,35
अहिंसा,8
जुटाए,0
हताहत,8
बजने,6
निजाम,8
आयात,4
क्षेत्रवासी,104
पहुचा,0
जामिया,4
प्यारी,13
दमन,8
बुनियाद,0
सटी,3
अर्पण,8
बाशिंदों,4
वनस्पति,3
संकरी,8
विसंगति,4
नाई,8
पालम,4
फव्वारा,96
पडे़गा,8
डाका,190
शीशपाल,75
परवरिश,0
डिस्चार्ज,150
कृष्णानंद,52
निखार,0
कार्बन,4
समयावधि,8
जेठानी,32
चराने,3
अभिव्यक्ति,4
मंत्रों,8
पिपरी,3
सत्तारूढ़,4
क्रियान्वित,4
लोहार,2
हस्तांतरित,4
बहार,0
निष्पादित,4
पालने,0
उपकेंद्रों,74
सुनेंगे,0
मशरूम,3
फिक्र,0
बिके,35
फूटा,8
लायी,62
बैलों,3
अनुशासित,8
माटी,0
आंकी,4
कलेर,8
वक्तव्य,8
घिरा,8
अनुमंडलाधिकारी,8
विस्थापन,4
भट्टा,0
तीखे,13
तुरन्त,8
बाजू,13
बिरंगे,8
उत्तेजित,4
दिनोंदिन,131
साजन,8
कुश,8
रामकथा,8
कृति,8
प्रमुखों,4
शादीशुदा,8
सहायिकाओं,82
कमांडो,4
उग्रवाद,4
पहनाया,0
दर्जे,0
मोतियाबिंद,4
मिनटों,3
इकाइयां,4
विसंगतियों,4
कामिनी,0
प्रत्यारोप,0
विक्षोभ,44
मचाना,42
दिलाकर,137
बेरुखी,42
घाव,4
दीवारें,8
जूट,4
स्थली,8
कृतित्व,8
विस्तारीकरण,4
मशगूल,4
मदों,4
महरूम,0
खिली,27
भुगत,8
खुलवा,61
अनुभूति,8
वाममोर्चा,17
दिखेगा,92
जामुन,3
मुख्यधारा,8
बेसब्री,0
बगीचा,8
चरितार्थ,29
जगदंबा,8
मैनेजिंग,4
चरमराई,37
दीजिए,0
मनोविज्ञान,4
जिताने,4
रेलकर्मियों,8
अपरान्ह,8
रैलियों,8
धराशायी,24
बेसुध,0
सिराज,106
दिलवाया,0
प्रबंधकीय,4
प्रत्यारोपण,4
कोंच,8
खिले,3
हिना,8
तिपहिया,190
पंख,3
निकलेगी,45
पैठ,0
परमवीर,8
स्वाहा,8
डूबी,43
आनेवाले,3
प्रभागीय,114
नींबू,3
ज्येष्ठ,8
बहाया,8
अनुयायियों,8
बंसी,0
एकमुश्त,8
रघुराज,33
सायंकाल,0
शमन,4
कोस,8
अजीब,0
किलोवाट,4
फैसलों,8
हिदायतें,58
सदस्या,8
भूरी,3
अमरूद,3
अधीनस्थों,0
पांचवी,8
ललक,8
आधुनिकता,8
बताएंगे,4
पूज्य,0
सफलतापूर्वक,4
कारणवश,8
घुसी,0
सुदीप,8
विलुप्त,3
जलसे,0
महामारी,4
चरखारी,8
विविधता,3
फैलता,4
तौबा,0
दागी,3
गृहकर,4
छीनी,8
अपेक्षाकृत,4
इनवर्टर,133
सम्मति,7
स्टेंड,62
सुरक्षाबलों,8
अनुग्रह,0
सुखचैन,141
फैलती,3
ऑपरेटरों,4
त्यागपत्र,4
संरक्षा,4
पोखरों,0
दुबके,189
आभास,8
कैप्सूल,3
सर्प,8
गुपचुप,13
दुष्प्रभाव,4
गंगानगर,8
धारी,0
मनमाना,4
हाशमी,8
कोसा,4
आरपार,3
खोखला,3
पाएं,0
कालिंदी,50
शुद्धता,4
विभाजित,8
सूचीबद्ध,4
हैंडबाल,8
सुनायी,0
तारें,4
ग्यारहवीं,8
संग्रहण,4
बहु,4
तकिया,0
दोगुनी,0
नवसृजित,8
सिलिंडर,4
रैयतों,86
फार्मो,4
पकवान,3
नतीजों,86
अनुभवी,8
शिवभक्तों,8
नौका,0
नमूनों,4
कुर्बान,80
बेनकाब,9
हुकुम,21
जसवाल,8
भांग,3
कतराते,0
पशुधन,4
पटवारियों,8
गोताखोर,8
प्राचार्यो,8
यद्यपि,8
सांझ,3
चबूतरे,8
सैलानी,8
जंतु,3
जनकल्याण,8
टिक,9
निर्मम,0
पनपने,8
इकलौते,8
जुताई,3
नाकामी,8
बिंदू,4
गिरिजा,8
उत्पीड़न,8
मन्नू,8
बौछार,3
निकलवाने,25
शर्मसार,110
नेत्रहीन,8
व्याख्या,4
असंतुष्ट,8
संयोजिका,31
स्टालों,154
बकाये,121
जुआरियों,5
मिलीमीटर,3
अनुभाग,4
परंपराओं,8
बारातियों,4
रक्तचाप,4
बदस्तूर,91
स्तंभ,3
वानिकी,4
वाहिद,175
बचते,0
सुनाने,13
काहलों,8
दर्शना,99
मंगाया,3
बुढ़ापा,0
पहुंचाएं,56
राष्ट्रव्यापी,8
कुंआ,33
खिलाया,3
दिग्गजों,8
मोहिनी,8
आपदाओं,4
रोपित,3
रचित,8
स्टैण्ड,4
पद्मश्री,8
दिलायी,0
पाबंद,17
कपाट,3
प्रधानी,3
बांग्ला,8
उपरान्त,8
प्रतिरोध,4
गढ्डों,4
हमसे,0
सुसज्जित,8
मोचन,4
मूसलाधार,0
मर्ज,4
विभागाध्यक्षों,130
चैम्पियनशिप,8
कुकर्म,186
उत्पादकों,4
एलबम,8
सबने,0
हिरण,3
युद्धवीर,0
कर्णप्रयाग,8
दाता,0
बगीचे,8
पनीर,3
जर्नादन,124
जादूगर,0
प्रतिवाद,195
जोरशोर,0
पेशकश,8
निबटने,4
टहलने,3
ऊधम,0
बरसाना,8
छुपाने,13
रजाई,136
करबला,99
तनातनी,98
सूझबूझ,0
लगाती,3
भैंसों,3
हताश,0
टीएन,4
सादगी,8
यादें,8
जिंदाबाद,8
बेचता,4
फिजिकल,4
इलेक्ट्रानिक्स,4
महबूबा,112
अध्यापन,4
समन्वयकों,93
समझाते,8
वाकई,13
अनुकंपा,149
आबाद,0
आंदोलनरत,60
मसलों,4
टंकियों,3
मंडराने,13
शर्म,13
समाहित,4
नौनिहाल,64
नियुक्तियों,4
चपत,87
मैगी,30
परिभ्रमण,88
चौखट,172
कुटीर,4
सुझावों,4
सकीं,8
महंथ,8
बकरियों,3
बिटिया,8
लिफाफे,6
राजरानी,195
सफाया,8
घायलावस्था,4
शुरूआती,8
लीं,0
मिठाइयों,3
कमोवेश,74
कोशिशें,8
साधने,69
रियायत,4
शाहदेव,39
पेशा,8
मुसाफिरों,0
टावरों,3
मन्नतें,99
पोते,8
आकृति,3
डालेंगे,0
दिखावा,11
मालगोदाम,189
अनुज्ञप्ति,4
शील,8
दिखाएंगे,41
ध्यानी,50
चुनरी,107
जघन्य,8
धुनों,8
भौतिकी,4
आधुनिकीकरण,4
बहती,8
कारगुजारी,8
निकलेगा,0
पैटर्न,4
छिटपुट,97
श्रद्धापूर्वक,8
अधिग्रहीत,4
प्रवृति,4
समाजसेवियों,142
कुटिया,8
वनाधिकारी,52
भइया,8
बर्दास्त,90
रुकावट,4
किरायेदार,13
सलामत,0
अंदरूनी,3
मनसा,8
आपातकाल,4
किराएदार,35
बहादुरी,8
अहीर,8
तीक्ष्ण,4
सीएसआर,4
ठान,0
अदालती,8
ख्वाब,0
लहराते,3
चढ़ते,0
चाहें,0
परम्परा,8
चबूतरा,8
हटे,0
देखता,0
गाल,3
मेलों,8
ट्रैक्टरों,3
जानती,13
तबदील,0
आनंदी,8
संतुष्टि,4
बास्केटबॉल,8
प्लेटफॉर्म,4
ठहरे,0
तपती,3
बुझाया,118
फेरे,0
कुमकुम,3
पिच,8
शमा,168
तकदीर,0
वामपंथी,8
शारदीय,8
भेंटकर,8
निष्कर्ष,4
तख्तियां,159
जूं,3
फोटोयुक्त,160
खूबसूरती,8
निबंधित,105
ब्रह्मानंद,8
नफरत,0
अनुरक्षण,4
सीखे,13
परी,191
शिवाला,8
तेजा,8
सजाए,3
निष्क्रियता,4
अमरपाल,67
निवाला,0
चौकों,107
जानकारियों,4
गुणात्मक,4
इमारतें,8
प्रोफाइल,13
यहाँ,8
दुहाई,8
वेश,8
मछलियां,3
महाकुंभ,0
पीए,38
ईलाज,3
झाडू,0
हेपेटाइटिस,4
भुला,0
सोई,8
बहकावे,19
कारवां,61
डांडिया,3
लीन,8
लाभांवित,4
क्रोध,0
शर्बत,3
जगमग,8
संभालेंगे,8
फिजीशियन,79
सहानुभूति,8
नामकरण,4
पूर्ववर्ती,4
आशियाने,8
उर्वरा,3
उत्कर्ष,8
वातानुकूलित,4
मजे,0
जमीर,67
गैरकानूनी,4
गुजारिश,8
छेड़छाड़,13
पाइपों,3
हस्तांतरण,4
बकरा,155
पुरातन,8
महानगरों,4
प्रदत्त,4
डूबकर,0
बगावत,8
बनवाना,39
संज्ञा,4
बंधुओं,8
बचाए,0
मजहब,0
नामचीन,8
बीता,8
रुद्र,8
गौरवान्वित,8
आमजनों,4
पूछते,0
संकलन,8
पतन,8
अनुभवों,4
चहेते,8
प्रार्थी,4
पसंदीदा,8
भाला,9
शिल्प,8
डिब्बा,3
सोची,8
कुलाधिपति,8
खाल,3
सीनेट,4
अनुशासनहीनता,4
शर्ते,4
घटों,3
बिठा,19
खोदकर,3
चुनौतियां,4
दूज,8
बाराहाट,3
क्रूरता,8
पुस्तिकाएं,8
सांठगांठ,0
राजदीप,8
चुनिंदा,4
जिज्ञासा,8
कहेंगे,0
निर्दल,4
संस्कारशाला,8
शैल,3
भ्रमित,150
हकों,153
कुओं,3
सौहार्दपूर्ण,4
बदहवास,0
वेशभूषा,8
प्रसूति,4
परिधान,0
आमादा,0
जांची,81
पृष्ठभूमि,4
पाठकों,8
सतह,3
गांववासी,0
पूर्वानुमान,4
कब्र,8
शिक्षाविद्,4
ड्राइंग,13
भुलाया,4
संभालते,8
तोड़कर,0
खोलते,35
कारें,4
प्रवचनों,0
बिछाया,0
नशाखोरी,4
कलंक,4
मैगजीन,8
बाएं,3
अनुरुप,4
नीरा,8
यमुनोत्री,8
इसलिये,3
अपनाएं,4
हामी,0
बालिकाएं,8
स्तनपान,4
मसीहा,0
अजगर,3
चेयरमेन,26
राजनारायण,8
तुम्हारे,0
टकराया,8
रचनाएं,8
साइकिलों,8
पवित्रता,8
बास,8
बनाएगा,0
इतिश्री,100
ठेंगा,120
समूचा,131
लिखना,13
प्रकरणों,8
उदयराज,151
प्रचलित,8
निहित,4
संवर्धन,4
बधिर,165
बोरियां,112
पांचवां,8
कंकाल,3
मलाल,171
पीडि़तों,4
गुजरता,3
खंगालने,4
लालटेन,4
मिलजुल,0
गंदी,3
शादियों,38
बब्बन,141
बुध,3
बागडोर,8
मनाएंगे,4
कोसते,0
घटाकर,4
फूटी,0
तीरंदाजी,8
इन्हे,4
आकाशवाणी,8
बेदखल,8
चलाएगी,8
छपी,8
इकाईयों,4
कांच,3
खासियत,3
खोलना,4
सरहद,8
कनक,8
बर्खास्तगी,8
कोयल,36
बहुचर्चित,8
न्यौता,149
काबिल,8
कायस्थ,8
सांगठनिक,4
फार्मासिस्टों,8
अंगों,4
पांडव,8
बांधी,0
बालियां,3
स्टीकर,4
सलोनी,3
लाज,8
खुशनुमा,3
जगा,0
अफवाहों,8
वर्गों,4
कोसों,0
बिन्दु,3
सजगता,177
चकाचक,130
संचय,4
नतमस्तक,137
संवेदनशीलता,4
आगंतुकों,4
हिदायतों,0
मौतें,8
शिक्षाविद,8
नीलगाय,3
बंटा,8
कंठ,3
धंसने,68
सिंतबर,8
नशों,23
मनन,8
चहुंमुखी,164
दानी,0
जत्थों,8
उलझा,8
मोहसिन,8
बुझ,3
पर्याय,4
निकलवाया,77
आसरा,0
उधम,8
पूर्वांचल,8
लगाएगा,4
एहसान,0
पिहानी,134
देशवासियों,8
यूएस,8
मिश्रित,3
पादरी,8
गहराया,148
वर्जित,0
दुआएं,0
मद्य,3
मचाई,8
लीजिए,0
परिकल्पना,4
कायदे,0
अटकी,188
तिजोरी,4
रक्षकों,0
सौंपेंगे,36
पकड़ने,3
जमाना,0
छूटा,75
संबधी,4
फफूंद,3
विद्युतापूर्ति,3
शतप्रतिशत,4
प्रवक्ताओं,8
आयीं,0
आवाम,13
संगतों,72
मातृत्व,4
बंधाया,77
शस्त्रों,8
बेखबर,0
प्रमाणिक,8
गुजारने,8
उंगली,3
रुककर,194
बीचों,8
दिलवाई,98
टहल,155
अफसरशाही,97
पहुंचाते,3
बुराईयों,112
वधू,74
सत्कार,0
मैत्री,8
हटाई,4
दीये,8
व्यापी,74
स्थितियों,4
डिब्बों,4
कैंपों,179
जलसा,149
हलफनामा,13
धमक,93
भूखंडों,23
अरबों,8
उपखंड,4
छर्रा,6
प्रतिभाएं,164
कंक्रीट,3
अंडा,3
उस्मानी,8
पेशाब,3
पौत्र,8
पोषित,4
इसमे,0
ठहर,0
उग्रवादियों,0
मरी,3
मध्यस्थता,4
गवां,184
बेअदबी,54
नाती,8
अध्याय,4
जमात,8
नंगे,3
पहुंचाए,90
बवाना,8
साम्प्रदायिक,8
हार्डवेयर,4
घोंटकर,43
दुखों,8
नकारा,96
असमय,161
रैलियां,8
उग्रवादी,8
बाते,0
मुकामी,4
किन्हीं,4
अनदेखा,13
ब्लेड,4
पारितोषिक,0
गुज्जर,8
मौनी,151
डरे,0
जूही,8
साइकिलें,198
नसीर,8
उकलाना,162
रोजे,0
चलाएंगे,154
बरसा,0
अक्षत,8
खेद,13
जन्मे,8
गिलास,3
भरसक,8
मणिपुर,4
अप्रत्याशित,13
खुदकशी,106
भांजी,13
जमादार,71
श्राद्ध,8
पढ़ाते,0
निरोधात्मक,4
तिरंगे,8
सुमंत,183
प्रतिबद्धता,4
छुपा,0
फेंकी,198
रवानगी,103
धोना,8
लीपापोती,62
हटेंगे,73
बाराती,159
चित्रांकन,3
वचनबद्ध,4
बारीकियों,4
निष्पक्षता,4
बिखेर,0
जातिवाद,8
अनुयायी,8
कालोनियां,3
हरिनाम,8
बिलखते,8
परीक्षित,8
तबादलों,4
छक्के,8
नवी,8
ओले,96
कीर्तिमान,8
गोसाई,8
दुलारी,54
देररात,4
नवीनतम,4
दशम,8
ग्रामवासियों,190
बाबुओं,13
नियमितीकरण,70
नजाकत,114
नजरों,17
समयबद्ध,4
निकलवा,0
योजनाबद्ध,4
यादों,8
खाए,3
उपकार,0
भुवनेश,8
लाहौर,8
टला,143
बाध्यता,4
साली,0
अभिकर्ताओं,4
गाँव,8
चारधाम,8
नाप,3
साहसिक,8
मुनी,8
एलआईसी,4
संवाददाताओं,4
उद्घोष,8
करिश्मा,8
बकरियां,191
सीमांकन,4
ओढ़ाकर,8
मंगलसूत्र,8
अभियन्ता,4
बंदा,0
शुद्धि,8
दमा,4
निभाएं,112
कपड़े,3
खामोशी,8
भालू,3
डलवाने,20
उस्ताद,0
भोलू,76
चाभी,4
पकडे़,8
पंचायतीराज,4
अविवाहित,8
जलते,3
डेरापुर,48
खजूर,3
जनकल्याणकारी,8
रोको,0
कठिनाईयों,8
मेधावियों,39
भटकने,0
गुनाह,0
चौतरफा,58
फतह,8
देखो,0
परास्नातक,4
खोने,8
संदेहास्पद,4
कुर्ता,0
सांड,32
लोभ,0
बंध,4
श्रीमति,8
कसना,39
धागा,3
प्रबन्धक,4
व्यंग्य,8
लुप्त,8
बल्ला,8
दसवें,8
आर्शीवाद,173
समर्थ,4
रुपेश,66
फुर्सत,149
पूरक,4
लगाएगी,24
अछूता,54
भागीदार,4
जलपान,3
हुक्म,0
शंखनाद,8
कांप,98
रहन,3
रिझाने,8
कलशयात्रा,112
सार,4
निर्माणों,4
पदस्थापन,162
खोदने,3
कृत,8
शाप,8
संबद्धता,4
सिद्धि,8
रुकते,8
पथरी,4
मोल,0
थोड़ी,3
खोटी,15
कमोबेश,4
कुटी,8
सायरन,40
घटाने,4
पटक,0
दुधारू,3
आक्रामक,8
शोरगुल,3
तोता,36
उत्पादकता,4
छिप,0
प्रमाणपत्रों,4
वीरता,8
बोई,3
गिने,8
जायदाद,126
सितारा,8
हजम,3
अविरल,8
कुमुद,175
चर्म,12
झडी,105
सुधरी,56
अजायब,36
सामंत,8
सांसें,4
निरोग,8
पुत्रियों,8
जलाशयों,3
बिठाकर,61
ग्रामवासी,27
जेहन,0
आहुतियां,3
महकमों,52
प्रभावती,8
नौकरानी,8
ब्रजमोहन,141
तनिक,0
द्वेष,0
आज्ञा,8
होनेवाली,0
दूरदर्शन,8
सुहेल,190
तटवर्ती,8
किस्मों,3
मिठास,3
बरतते,157
दूत,0
स्वदेश,8
मुंडन,8
केले,3
ढील,0
अनूठी,8
गुरुजनों,8
तमाशा,0
तीरथ,191
शोधन,4
साग,3
बिका,10
चौका,43
प्रासंगिक,4
फैलाई,34
भंवर,162
सुपरवाइजरों,160
छिपाकर,0
पड़ताल,4
छत्रपति,8
रूझान,8
अध्यक्षीय,4
आतुर,8
गहनों,76
लोकनिर्माण,48
पुनरावृत्ति,4
अनपढ़,0
समावेश,4
अशिक्षा,33
सुभद्रा,8
सेव,8
राष्ट्रीयकृत,4
संघर्षरत,8
रुकवाने,8
करवाचौथ,8
तरंग,4
ग्लास,3
गैलन,64
उर्वरकों,3
अनिमेष,191
अभिन्न,8
नवरात्रों,8
गण्यमान्य,8
महारैली,153
कनेक्टिविटी,4
शमशान,8
बिरजू,66
लावारिश,135
धीमा,4
भूसे,3
पुनर्विचार,4
शवगृह,150
आंनद,74
जांचा,4
पोलिथिन,110
संघों,4
ग्रह,3
वयोवृद्ध,8
चिकित्सालयों,164
पराग,3
छलावा,8
दूतावास,8
विशेश्वर,125
झुग्गियों,115
अधिग्रहित,4
निलेश,128
प्रतीक्षालय,141
नौंवी,8
रघु,8
भूतल,3
किसानो,164
फांक,138
सुहाना,0
प्राविधिक,4
असहायों,121
लोचन,8
प्रशंसनीय,0
उत्पादित,4
खुलता,3
पहचानने,4
कसते,3
बगिया,4
अंडे,3
उद्यम,4
उलझी,171
बिचौलिए,4
विधा,8
मलय,8
खानापूरी,197
रोकते,0
निकालेंगे,0
उजाला,8
फिसड्डी,131
नीला,3
षडयंत्र,8
प्रखर,8
हाजरी,136
भावनाएं,8
बिचौलिया,78
गायकी,8
दुनियां,66
पिया,0
गोलीकांड,51
जायरीन,3
स्ट्रोक,8
कुव्यवस्था,147
मंसूबे,196
फिजा,0
वारिसों,0
दवाईयां,121
लोकनृत्य,8
शतक,8
पछुआ,3
बिताने,8
इंस्पेक्टरों,73
फांस,8
मुजाहिद,116
नागवार,0
समीक्षात्मक,8
विचरण,3
सम्मुख,8
सालभर,3
सूने,3
मनवाया,8
पदार्थों,4
श्मशानघाट,84
मुर्दाबाद,75
बदलेगी,8
क्षत,3
इस्लामिक,8
शांतिभंग,55
बढ़ाएं,4
वायुसेना,8
भात,3
पढ़ाना,13
बीचोबीच,8
बिखरी,3
धरी,3
तरबूज,3
ढलाई,3
वगैरह,0
हारने,8
निपट,15
बाकि,8
भक्तजनों,8
कमाया,0
प्रतिभाशाली,8
उलझे,0
दुकाने,3
खंडित,4
वरन,191
जवाबदेह,8
फ्रेंचाइजी,8
पर्चियां,105
चौपहिया,26
ऑडिशन,8
बरतनी,6
बीन,3
घपले,4
गलतियों,4
नैनो,4
दलीय,4
राखियां,0
आयेंगे,13
पुरूषों,12
नम्रता,13
शिकारियों,3
सभ्य,8
अंपायर,8
पसार,8
पालतू,3
लकड़ी,3
बच्चियां,2
आयेगी,67
चीखने,6
नवगठित,4
अमानवीय,8
लहजे,0
खुलेगी,8
नमाजियों,99
सुलझ,8
बहुमूल्य,3
महामहिम,8
आवश्यकतानुसार,4
गिरती,8
अंतरराज्यीय,4
उपसचिव,98
टेबिल,4
खात्मे,155
अनसुना,8
भक्तजन,8
अधिकारिता,4
गौरवशाली,0
बहुओं,113
भरवाया,185
खेलकर,8
कार्यमुक्त,4
ग्रीष्मकालीन,8
धन्य,8
चहुंओर,8
छतरी,8
पड़ने,3
तथाकथित,8
शास्त्रों,8
प्रियांशु,105
मंत्रणा,4
भीग,3
पंचर,134
तेजस्वी,8
नौवें,8
परिदृश्य,4
कैंब्रिज,8
बताएगा,4
दाहिने,3
विक्रमादित्य,8
वस्तुस्थिति,0
दगा,0
देवगम,8
बंटे,8
गिराकर,56
व्यवस्थापकों,104
झुलसने,3
पुंज,3
संवेदकों,70
घटते,4
लेजर,4
नथुनी,3
किश्तों,4
खेमका,4
शिकारी,3
सरपरस्त,0
विक्षत,108
आसीन,8
हवस,0
भगाया,8
एप्लीकेशन,4
ताल्लुक,8
ट्रेक,8
दीपों,30
मालवाहक,94
शायरी,0
रसोईया,171
किसका,0
बारूद,8
म्यूजियम,8
उठायी,0
दंडाधिकारियों,4
परख,74
मनोहारी,8
सारिणी,4
खोदे,3
पहिये,3
पोती,8
अपशब्द,0
वनवासी,8
तरैया,0
रैबीज,66
माखन,131
सजने,102
प्रतियोगियों,8
प्रस्तावक,13
गुरुद्वारों,62
मुख,3
शिष्यों,8
दमदार,132
ढीले,3
बोतलों,4
विपक्षियों,8
विश्लेषण,4
अनुशासनात्मक,4
हड्डियों,3
दशमी,8
मुखाग्नि,8
माँग,0
चित्रा,8
रेलमार्ग,4
निषेधाज्ञा,4
हंसते,190
दीनबंधु,4
एकलव्य,8
बचकर,0
खोजी,56
खीरा,3
बकरे,173
बहकर,8
श्वेत,3
मेहरबानी,0
गालीगलौज,84
गोले,3
धुलाई,3
अमानत,0
शराफत,8
वाद्य,3
मंदबुद्धि,4
हतप्रभ,4
वीरान,0
थामा,0
बिछाकर,21
नमकीन,3
जाँच,4
सिंथेटिक,4
विज्ञानी,4
खजांची,4
फटा,0
ईश्वरी,8
नवनिर्माण,8
तोला,0
विफलता,4
गिनाई,8
हिफाजत,4
अयोग्य,4
माध्यमों,4
छलक,84
ढहने,13
वितरक,4
वास्ता,0
कुनाल,8
समाजशास्त्र,8
छप्पन,107
अभिवादन,0
गरज,0
गुजराती,8
बोगियों,4
सबूतों,4
बजाते,3
नहाते,4
पिचकारी,3
लग्न,8
प्रकल्प,32
मांगलिक,8
भूदेव,8
रणजी,8
सिंधु,8
पाश्चात्य,8
गर्मजोशी,8
मैदानों,3
फीका,4
मकबूल,8
प्राणों,0
विलीन,8
लगकर,8
कुर्क,4
गीतकार,8
थान,39
प्रतिलिपि,4
मटका,3
अप्रशिक्षित,150
योजनाकार,30
जहाँ,0
मुहाने,8
मल्लाह,85
सटाकर,17
मुमकिन,0
चिमनी,3
नहरें,0
नरक,0
गोलबंद,93
खड्डा,9
ताप,4
ढुलमुल,74
एकीकृत,4
मालाकार,39
कसे,3
पोस्टरों,165
अन्नदाता,116
पीटीआई,8
भागना,0
धकेल,4
अभिलाषा,8
खुशखबरी,0
बेकसूर,52
दीया,3
कोषाधिकारी,4
इच्छाशक्ति,4
अभूतपूर्व,8
मादा,3
टेप,8
असुरक्षा,8
बेशकीमती,3
सेनानायक,8
जलेबी,3
सेटेलाइट,4
सिवा,0
लहसुन,3
दर्रे,8
उपजे,37
दुकानदारी,137
सीना,0
मंदाकिनी,8
शर्मिला,8
छीने,8
परास्त,8
तपा,49
चटकाए,8
जिलास्तर,74
रूकने,3
सत्यता,4
कूदने,3
बचेगा,26
शक्तिशाली,8
कोख,8
पटाक्षेप,122
सेनापति,8
जलता,3
वाहक,4
बीचोंबीच,8
सर्कस,3
लांग,8
अपहरणकर्ताओं,64
कशिश,141
सलामती,0
सातवां,8
खिलाई,3
अपहर्ताओं,8
पकाने,3
पस्त,0
कछुआ,10
आयशा,0
नियति,8
बैनीवाल,118
मरणासन्न,8
तहस,0
खाती,3
युवजन,8
मनाही,0
चिल्ला,0
हुर्रियत,8
सारथी,8
इंद्रधनुष,91
बटेश्वर,8
बोलना,13
स्वप्न,0
जुए,0
ग्रंथों,8
मधुमक्खी,3
बोरों,97
पीतांबर,10
रुदौली,8
सट्टे,126
शहद,3
कथनी,7
जुबानी,4
करनेवालों,0
अध्यात्मिक,8
थकान,3
मंगवाई,148
पक्षधर,8
शूट,8
सरंक्षण,8
छायादार,36
कालिका,8
सुलेख,66
वस्त्रों,3
लगेंगी,56
बाइस,0
लगान,4
जालसाज,113
रेस्तरां,8
संबंधियों,8
दलीलें,0
रहनेवाले,0
खादों,3
मारना,0
अंकपत्र,4
हस्तियों,8
मुशायरे,8
सीवेज,80
मध्यान्ह,103
निकलें,0
कार्यस्थल,4
अनूठा,8
झकझोर,42
न्यायधीश,8
मनवाने,63
किरकिरी,4
हिला,0
चुटकी,21
ओलंपियाड,4
यामीन,0
लहरी,8
ताश,13
सरस,8
छात्रनेता,4
मरम्मती,64
तबला,3
संपादित,4
चैनलों,4
उगी,3
पूछी,0
अप्रत्यक्ष,4
बक्शा,112
कुशलता,8
आयुवर्ग,8
अंत्यपरीक्षण,99
डब्ल्यू,8
कर्मो,8
बेपरवाह,0
कास्य,79
हसीन,0
चमकाने,4
अत्याधिक,8
कर्मठ,131
डाट,4
कटघरे,4
चलाएगा,7
प्रजनन,3
साठगांठ,57
लेखकों,8
आइना,8
निपटाया,4
दबने,3
धारणा,4
अस्वस्थ,4
चुनकर,0
मंगाकर,198
मारूति,195
परखने,48
सकरा,26
धरोहरों,8
सुखा,3
होम्योपैथी,4
नरम,3
लल्ला,8
रंगकर्मी,137
गृहणी,34
बदलती,4
रुकवाया,175
कुचलने,0
अनबन,8
पुत्रियां,77
बंसीलाल,168
कोयलांचल,4
सोचते,13
जागे,38
हत्याओं,8
नन्हीं,103
रक्तदाताओं,4
उठाता,0
चेत,52
वाचन,4
वायदों,5
स्वास्थ्यकर्मी,3
निभानी,4
जननायक,8
जुबां,131
प्रतियां,8
परमार्थ,8
बारीकियां,116
माचिस,3
काजू,3
सर्वदलीय,8
भोली,52
शहनाई,3
पनकी,8
कांटी,8
अवसरों,4
सिक्कों,8
त्रुटियों,4
भूले,0
तम्बाकू,3
सम्बंधित,8
शासित,4
नायाब,2
वशिष्ट,137
ब्रह्मचारी,8
पड़ती,3
कामधेनु,8
फार्मेसिस्ट,23
कातिल,100
शीशी,107
गुब्बारे,148
छंटनी,4
नीर,1
नाचने,3
खाएं,3
सप्तमी,8
तारे,3
तीव्रता,4
गहराने,112
पोस्टमास्टर,8
निरक्षर,23
जिन्दगी,0
मच्छरदानी,137
लटकते,3
लौटाया,8
घपला,147
दालों,3
परिधानों,3
खरपतवार,3
मुनाफे,4
धोती,3
मुग्ध,8
मालामाल,19
बुलावा,8
जुटेंगे,101
पीक,4
अनौपचारिक,4
बदलता,4
अकादमिक,4
कतारबद्ध,87
कैंची,3
इंतकाल,137
नजरिया,4
कपडे़,174
चमेली,3
ठप्प,3
झपटी,8
दामिनी,0
नोंक,3
टोका,8
वन्यजीव,3
महती,8
छोड़ने,0
प्रागंण,3
मुकीम,24
छेद,3
सुंडी,8
गोरक्षा,8
शंख,8
राष्ट्रगान,8
कस्तूरी,3
ढर्रे,0
औरत,0
झरना,8
रौब,0
कार्यक्षेत्र,4
वेल,8
जायेंगी,8
पुश्तैनी,56
अलगाववादी,8
अधीक्षकों,98
निर्णयों,4
फोटोग्राफर,8
कसम,0
फेहरिस्त,24
थिरकते,10
अधमरा,182
चेस,8
वली,0
अल्का,8
कम्यूनिकेशन,170
कछला,70
लगवाकर,3
कीजिए,0
पटवार,78
दरवाजों,8
संकोच,4
पैंतीस,101
जनेश्वर,136
मृदुला,4
फहराने,8
आइए,4
काश्तकार,4
चलंत,112
बजरिया,0
रुद्राभिषेक,167
वेदांत,8
खोदी,66
ऐतराज,8
रहूंगा,8
भावपूर्ण,8
शान्ति,0
स्टाम्प,4
निराशाजनक,8
स्मारिका,8
हिरन,3
रिफंड,4
प्राणियों,3
पत्थरबाजी,4
अधिकता,3
आटे,3
चुराई,0
अनभिज्ञ,4
हजारा,107
मिश्री,3
सुनहरा,3
ब्रह्मदेव,8
बरकत,0
मसाले,3
सोचकर,0
सत्यार्थी,8
तुम्हें,0
उत्सुक,8
दुश्मनों,0
सुबेदार,0
जनसमूह,0
दिलावर,8
सगाई,8
आरम्भ,8
ठूंस,36
गाजर,3
ताजपोशी,38
टिन,3
ढाल,8
गुलामी,0
उचक्के,0
हथकंडे,0
खोखले,3
जागा,171
फैलते,3
जिमखाना,98
तुलाराम,8
बनेंगी,118
प्रसंस्करण,4
क्रियाओं,4
हटाये,3
लालसा,0
पीढि़यों,4
टैबलेट,4
नेटवर्किंग,4
कसौटी,0
अधिसूचित,4
लकड़ा,3
अपहरणकर्ता,38
राजमिस्त्री,81
सुंदरकांड,8
आदिम,8
छूटी,70
अढ़ाई,154
सूजन,4
भांजा,75
चश्मे,0
सूनी,34
रसायनिक,4
करवाता,4
छपने,8
स्वर्णिम,8
दर्पण,8
बचाते,0
बर्ताव,13
ईसा,8
वर्धन,4
बल्लेबाजों,8
पेंशनधारियों,32
पिलाना,4
गरजे,71
देशद्रोह,8
बाजा,3
टकटकी,159
देवरानी,8
तलहटी,8
फरमाया,0
लड़ने,0
रूपों,4
चहलकदमी,91
अशोका,8
सीढि़यां,8
रिजेक्ट,44
खुलती,4
कातिलाना,76
काबीना,26
सर्वधर्म,54
जनसेवक,8
टेक्नोलाजी,4
विद्यापति,8
परिप्रेक्ष्य,4
यांत्रिक,4
चित्रण,8
कॉरपोरेट,4
वेदों,8
वाम,8
सर्वांगीण,4
शुष्क,3
निर्यातकों,4
सेहरा,72
सैद्धांतिक,4
चिंहित,64
निर्यातक,4
देखती,0
चिता,0
कसाना,8
पंचमुखी,8
कारनामे,24
अपर्णा,8
ताकीद,0
पतली,3
मेहनताना,8
उम्मीदवारी,8
मंगाने,151
खात्मा,171
आलिया,105
परोपकार,8
सजाकर,183
लड़के,0
सोमेश्वर,8
मित्रता,0
बिल्ली,3
तीर्थनगरी,8
टोलों,2
मेघनाथ,145
सत्रों,8
भद्रकाली,8
व्यावहारिक,4
जनाब,168
बाशिंदे,0
मिहिर,8
किन्नरों,8
ज्वार,3
बिखेरा,42
नागा,8
छज्जा,27
टिका,8
ठोक,46
भांप,157
निपटाए,100
सलाहकारों,8
निष्कासन,4
पत्तों,3
वाणिज्यिक,4
आवश्यकताओं,4
फूंककर,146
संचिका,4
होर्डिंग,44
इनलोगों,1
जर्सी,8
अपहर्ता,4
दोहराई,0
भावविभोर,8
संवत,8
विश्वासघात,0
यूनानी,8
सकल,4
फिरनी,3
भैंसा,8
संपादन,8
साये,0
निर्जला,0
बशर्ते,4
विधाओं,8
डराने,0
फैन,35
लाएंगे,0
दिवसों,4
पापों,8
रवी,0
पथरा,0
अपूर्व,8
अध्यापिकाओं,66
मेघ,8
अनुकरणीय,8
कलई,0
सलिल,8
काठगोदाम,8
सिखलाई,199
प्रपत्रों,4
झंझट,3
संजीदगी,13
बादाम,3
ब्याह,98
जुदा,0
क्रियाकलापों,4
बचता,0
कूट,3
सत्तापक्ष,8
चौथाई,0
हरिश्चन्द्र,8
बचाएं,113
प्रसाधन,3
टीला,8
ताजमहल,8
जख्मों,3
केश,3
लुढ़क,3
ठिठुरते,75
योगासन,37
बननी,8
गूंजे,14
शक्त,113
निवेशक,4
दर्शाने,4
गृहिणी,8
हारी,0
डाकबंगला,8
पितृ,4
घूमता,3
पेशेवर,8
महापुरुष,8
गंगे,8
पीटते,36
पॉजिटिव,3
सुपुर्दगी,4
उगल,180
जानेवाली,3
जोगिया,3
झांकने,4
बख्श,0
ठोकरें,184
छोड़ा,0
तलाशा,13
बच्चें,8
करायेंगे,4
डरने,0
मिटा,13
देवभूमि,8
नगराध्यक्ष,188
रफीगंज,8
मृदुल,0
करियाना,40
शोषित,4
कथक,3
ग्वार,3
खेलें,3
मोहंती,8
भिक्षु,8
धोखाधड़ी,4
कार्यकताओं,49
काटनी,3
नाकों,90
बिछी,3
अवधारणा,4
सुधारा,4
अंतरिक्ष,4
निदेशिका,68
फसली,179
राजाजी,8
हलक,4
हरण,8
मेजबानी,8
बहुतकनीकी,100
तोड़ने,0
पूर्वाभ्यास,8
मतपेटी,38
अस्थि,4
नगण्य,4
चलाती,4
फंसाकर,3
दरी,3
प्रतिरोधक,4
बदनामी,0
दंडात्मक,4
दुर्ग,8
वृन्दावन,8
दलाली,4
इंगलिश,8
दस्यु,8
जमाबंदी,8
तिमाही,4
किस्तों,4
कपिला,8
मंगाए,42
अधिष्ठाता,8
खिलाफी,183
प्रवर,58
चंबल,8
पीपा,27
पंसद,4
सुजान,8
बुर्ज,8
यादगारी,8
स्वामित्व,4
अतिक्रमणकारी,42
उच्चीकरण,4
नारियों,8
स्त्रोतों,4
स्तरों,4
खजूरी,8
परिभाषा,4
जाले,0
दागकर,23
पाहन,36
अन्तिम,0
जोड़ा,4
कठपुतली,8
लोकनायक,8
डिमरी,8
नारायणी,8
बिकी,8
पोस्त,0
शिकायतकर्ताओं,87
हसरत,0
जुड़ा,4
परस्पर,4
निष्काम,8
मुशायरा,3
गहलौत,29
लकीरें,3
तुर्की,8
कलाओं,8
चाहरदीवारी,0
वैष्णव,8
मुठभेड़,0
वनवास,8
नासूर,4
कार्यवाह,128
तहसीलदारों,41
छूटकर,101
जगाई,13
बायोमीट्रिक,33
खेमा,55
असाध्य,171
जनसम्पर्क,4
चूर,0
कलियुग,8
सोय,3
निपुण,8
रहो,0
सार्थकता,4
सगी,8
डटकर,8
तांगा,8
हत्याएं,0
मापदंडों,4
कोचों,4
भुगतनी,0
मनोयोग,8
संतरा,3
तूफानी,191
नशामुक्ति,132
गिरना,0
कन्यादान,13
उछल,9
अस्त्र,8
क्षोभ,37
गूंजता,8
पसरी,148
सोये,8
गोमांस,179
चचेरा,8
बंधुआ,171
टैंकों,8
मालाएं,23
उच्चीकृत,4
परिपूर्ण,8
मंगवा,163
निर्भीक,0
तरल,4
लिखते,8
भरेंगे,0
गोरखधंधा,88
दाव,43
तीखा,18
भली,0
मुट्ठी,0
चम्मच,3
जोड़ी,8
करौं,3
हजूरी,8
थानेसर,8
फटे,3
शायरों,0
गड़बड़ी,4
परिचितों,142
नाश्ते,3
करेगें,0
वसूलते,4
टोकरी,3
कीटों,3
सम्बद्ध,4
बालों,3
नगरवासी,155
ट्रांसफॉर्मर,4
भुलाकर,90
लार्वा,3
अच्छाई,0
बढ़चढ़कर,0
कुर्सियों,0
चाहर,8
सिंदूर,8
अवाक,53
इस्लामी,8
बसने,8
निशंक,4
गुलदस्ता,33
तिथियां,94
आढ़त,4
घुसते,76
राशी,4
घिरी,8
लौकी,3
कारनामा,8
ट्यूबवेलों,98
आदित्यनाथ,8
कठघरे,144
मिश्रण,3
ढोरी,157
अनुवाद,8
अलकनंदा,8
कीपर,8
दुस्साहस,8
रंगीला,8
सुनना,13
प्यारों,8
समानांतर,3
नगरपाल,8
डूबते,36
खाय,186
महिलायें,8
तृप्ति,8
आरोग्य,8
जन्नत,0
उकसाने,4
सूना,115
कद्र,42
तकनीशियन,4
टापू,8
आराध्य,8
टायरों,3
वादक,3
बौखला,0
चोटों,4
पिछड़ा,8
आडिटोरियम,70
जीआर,4
स्वास्थ्यकर्मियों,3
परिस्थितियां,4
अलौकिक,8
हीरे,3
अज्ञानता,0
इश्क,8
सूखाग्रस्त,0
मनमुटाव,0
श्रीमद,8
खरीदनी,4
मांगता,0
जलन,3
खतरों,4
कॉपियों,4
रक्षपाल,13
सजीव,4
गुरुचरण,162
रखवाया,0
परोसा,3
प्रतिज्ञा,0
दफना,8
रुस्तम,8
सुपरिटेंडेंट,132
पन्नों,13
स्याही,3
धातु,4
नवीकरण,4
काश,0
मोटापा,4
असंवैधानिक,8
विशिष्ठ,4
दिगम्बर,8
सहेजने,13
मगरमच्छ,3
मीनार,8
अगरबत्ती,70
लुभाया,0
रोमांच,8
गाढ़ी,3
यार,0
समकालीन,8
जयकार,165
न्यायपालिका,4
पृथक,8
कट्ठा,107
एक्सिस,30
पहुंचाकर,68
करूंगी,11
भूपाल,4
शबाब,90
बांसुरी,3
कर्कट,4
दूधिया,3
निहार,3
चुकता,4
नगमा,8
रुमाल,8
चाकुओं,3
एकाध,3
भव्यता,8
समतलीकरण,49
दुघर्टना,27
पुरोहितों,8
सुधरेगी,73
टालने,0
आसरे,80
वनकर्मियों,4
खलीफा,8
रूमाल,9
भावनात्मक,4
बहुमंजिला,8
जागी,8
अंगूठा,136
इंडिगो,4
योद्धा,8
अश्लीलता,0
कंगन,0
दीवाना,0
अनिकेत,67
बढ़ेंगे,155
महाराजपुर,8
मंसूबों,127
जगाया,0
भरवाए,0
होगे,0
तुम्हारी,0
छुपी,45
पड़ोस,8
उपक्रम,4
पनाह,0
हत्यारा,34
कलसी,3
चीता,3
स्थगन,4
बिफर,0
समारोहों,8
साक्षात,8
नब्ज,7
तबका,114
आयेगा,0
बोने,3
नाटकीय,8
निदेशकों,4
हथियाने,8
बाजरे,3
समझता,0
ओला,126
हौंसले,87
अहसान,13
मुंसिफ,8
पहनी,3
ऊनी,3
रिव्यू,8
ताना,0
दाउदपुर,34
सदभावना,45
व्यस्ततम,4
ठीकठाक,0
जलाते,56
मछुआरों,8
भीमताल,8
ग्राट,59
बर्फीली,3
हर्जाना,4
परखा,0
फिरने,0
महाधिवक्ता,163
मोटरसाइकिलें,174
दुविधा,0
चन्दन,8
उपतहसील,8
टोक,4
रफूचक्कर,8
पहुंचाएंगे,0
दबाया,167
अंतराष्ट्रीय,8
फफक,74
सूर्योदय,8
साइट्स,4
भ्रष्टाचारियों,0
नित,103
शिवभक्त,8
उपद्रवी,63
फरक्का,8
उठना,0
विचारण,4
अरमानों,105
मदिरा,3
मंगवाया,17
विद्यमान,4
सखी,8
भरता,3
सांसे,116
विद्रोही,8
काई,0
जलाल,0
बरगद,3
चूरा,131
वैधता,4
ढलने,145
भेल,151
गूंजते,8
मेमो,4
चुकाना,4
हैरतअंगेज,134
बूझकर,0
करों,0
हथेली,3
सिखाई,0
बगान,8
बेर,3
सीमाएं,8
रेखांकित,13
जंजाल,88
टाई,8
शक्तियां,4
सम्मानजनक,8
ढिबरी,0
पहुचाने,62
जनसभाओं,4
नाइंसाफी,4
शिद्दत,0
भिजवाने,4
दशहरे,8
पोता,0
चढ़ाए,131
उतरवा,0
झूलते,3
कंपोस्ट,113
ईपीएफ,126
चॉकलेट,3
सादी,3
खाद्यान,4
ठोंक,3
छायाप्रति,4
ब्राह्मणों,8
चाहकर,64
घबराए,0
परिसरों,4
चाहने,0
कसूर,0
दीमक,3
कीटनाशकों,3
अनैतिक,8
गुरबाणी,8
सूबा,8
पहेली,96
ब्रजभूषण,8
जगन,8
संजोए,8
वर्णित,4
जातिसूचक,8
तालिका,4
हुजूर,8
बंपर,36
वैधानिक,4
गहराता,4
मेहनती,63
लोकमान्य,8
बिट्टा,195
बदलेगा,4
सांप्रदायिकता,8
इण्डिया,8
सड़कें,4
बूट,13
सेवाकाल,4
दोहरीकरण,134
चुराया,9
तुम्हारा,0
सेवारत,4
मुसाफिरखाना,77
सरीखे,142
पुरस्कारों,8
दिखावे,0
दिखीं,3
महापुराण,8
सत्तासीन,8
आपाधापी,105
सहेलियों,183
इकरार,10
रक्षित,175
जनशक्ति,0
कद्दू,3
रवैए,60
पेड़ों,3
बाधाओं,4
चन्द्रा,8
दिलाएंगे,21
बंदकर,4
सदनों,4
निकलेंगे,0
बाघिन,104
लक्षणों,4
सहभागी,0
टोलियां,109
चकनाचूर,0
खंगाले,177
जीर्ण,3
स्वीकारी,23
चिपका,13
महाप्रभु,8
बांटते,186
जमींदार,4
ओतप्रोत,8
ढका,3
नामावली,4
संचित,4
मिसाइल,4
बैंककर्मी,164
नृशंस,8
सुदृढ़ीकरण,4
लीलाधर,8
पायेगा,4
उगाने,3
जयकारा,8
बिछ,158
इमली,3
कोना,8
कन्नी,186
सुचना,4
फब्तियां,63
हाता,3
बतातें,4
नरमी,0
पाठयक्रम,4
डालर,4
जवानी,0
मुख्यमार्ग,116
झालरों,8
जनसंघ,4
पाइपें,99
कुठाराघात,61
भटके,0
चाहेंगे,13
रेंगते,3
मोची,159
वर्गमीटर,112
उपस्वास्थ्य,51
चेचक,4
तस्वीरों,8
उद्यमिता,4
स्तब्ध,0
पन्ने,13
ग्रामीणो,154
आसमानी,0
अपहृता,52
पतंगबाजी,184
क्षितिज,3
घराने,51
विवशता,49
बुढ़ापे,0
अर्ध,3
बुलायी,8
जीविकोपार्जन,0
संकलित,8
गमछा,3
दास्तां,8
फरारी,3
मांगो,0
गोलचक्कर,3
नगरनिगम,8
सुनहरे,3
स्वरूपों,4
चित्रकार,8
फेंकना,0
ज्ञानेश्वर,8
सांझी,4
जनसूचना,4
इनायत,0
अनोखी,8
स्थायीकरण,4
झटकों,3
पोलो,8
सुगंध,3
सुअरों,3
चकाचौंध,8
टॉयलेट,73
गेंदा,3
असहज,8
भिंडी,21
उत्तराधिकारी,0
वाट,4
इंतजामों,13
सेवादारों,43
विद्यालयी,8
परखच्चे,129
क्रांतिकारियों,8
दुलार,36
नाल,3
मोरी,85
पलटवार,0
अंशदान,4
नगरों,8
नावों,8
शुक्रिया,0
सुनार,3
भिड़ंत,8
मनपसंद,4
अभियांत्रिकी,4
तोड़ा,0
स्वाधीनता,8
बहते,3
कजरा,75
हटाते,140
खाताधारक,4
प्रतिकर,4
धर्मपत्नी,8
कोठरी,8
गूंजने,140
दागे,0
वेंटीलेटर,114
जुआरी,157
भूमिहीनों,4
वॉलीबॉल,8
धुना,42
फीकी,3
पंजा,49
कबूतर,3
चमत्कार,8
उतरेगी,0
किसको,0
चोरियां,102
बरपाया,62
निवृत्त,4
रोमांचित,56
दहलीज,140
अनजाने,0
जुगनू,37
धक्कामुक्की,8
कारनामों,0
प्रतिपदा,8
थैली,3
इत्र,3
दुर्गंध,3
प्रांजल,8
मातहत,8
थमी,0
बजाया,3
ग्रामप्रधान,35
आदतों,4
सभ्याचार,13
कैंसिल,34
डरते,0
शिला,8
चूके,0
दर्शाते,4
मिनिस्ट्रीयल,151
बुलवाया,51
सूअर,3
विकार,4
खंगाली,4
चकित,0
फांद,57
डगर,0
मुसीबतों,0
बलबूते,8
मायनों,0
नवरात्रि,8
बसाया,8
सुनंदा,8
पाटने,4
असफलता,4
अचार,3
लाइलाज,171
त्रुटियां,4
तेनुघाट,110
आहरण,4
ठनका,2
पहुंचें,4
पुर्नवास,86
लौटेंगे,0
औरतों,0
विलंबित,0
परिचायक,4
कर्मचंद,8
मैला,8
निकलीं,3
दिलाएं,131
धाराएं,3
माकूल,3
उजाले,0
व्याकुल,0
असरदार,27
सुनहरी,3
जाइए,0
मांगकर,82
अनोखा,8
सम्मन,5
कुंअर,8
जबसे,8
आंचलिक,4
बिछाए,0
किससे,4
हठधर्मिता,18
मूंदे,100
विस्तारक,3
लील,165
साझेदारी,4
चश्मदीद,0
चुपके,0
ध्येय,0
पूर्ववत,8
मार्फत,0
बुलंदियों,16
खपरैल,3
वृद्धाश्रम,174
चिढ़ा,171
विचित्र,4
शरबत,3
बाले,0
गायें,3
बिंदा,131
निर्वाण,8
प्रोटीन,4
जानेवाले,0
टाऊन,4
पुलकित,4
फटी,0
शाला,3
राजपत्रित,4
सूटकेस,39
भोगी,3
सुलझाया,8
अतिवृष्टि,86
हिन्द,8
अवरूद्ध,4
नामोनिशान,3
चित्तरंजन,8
गिराए,3
वर्दियां,3
नफे,0
चुकानी,6
घुटनों,3
लौटाए,0
शादियां,98
तरसना,8
हलवा,3
फैलाकर,149
हेक्टेअर,3
तंज,8
अफसाना,0
पेटियां,100
चढ़ता,3
नागरिकता,4
सहजता,132
पुनर्जीवित,8
जमीनें,8
दिखाता,0
सर्जिकल,4
सीएनटी,3
हिन्दुओं,8
बरबाद,0
उतारना,3
गैराज,13
जन्मतिथि,8
भागेदारी,4
तहजीब,0
लिखाने,8
व्याख्याता,8
बनबसा,176
आवाजें,13
गांवो,57
असामयिक,8
मार्गदर्शक,0
सिगनल,4
बूंदें,3
सुप्रसिद्ध,8
पुष्पवर्षा,186
मांगना,4
मनाकर,84
बाण,8
कुचले,80
फैक्टर,4
सेवानिवृति,4
फिसलन,36
आजमाइश,132
शवदाह,3
अनाथालय,8
कानूनन,4
मीडियाकर्मियों,110
चतुर्थी,8
कारक,4
सजायाफ्ता,0
दलहनी,3
लजीज,0
भ्रामक,4
जन्मभूमि,8
डंका,8
छठवें,8
मुखियों,166
शिकंजे,3
लगाओ,0
झूलों,3
ब्राडबैंड,79
रहनी,13
हटवाकर,8
सुशोभित,8
किराने,18
वादियों,195
व्यथित,8
तपोवन,8
बैठता,3
दलीलों,0
उमड़ी,0
भट्ठियों,3
सुनता,0
महादान,168
कथन,4
इशारों,3
समकक्ष,4
घुमाने,3
अभिभूत,8
नौटंकी,33
पटी,179
देशभक्त,8
तबस्सुम,8
कुदरती,6
खोजा,4
करवाएगा,137
चिश्ती,8
चाकलेट,3
कुंवारी,159
उड़ा,0
झुक,0
पंचवटी,8
अनुसंधानकर्ता,4
अनसुनी,164
बंशी,36
फूंके,51
पंचवर्षीय,4
पहचाना,4
गहना,163
मुस्करा,180
झोले,45
गोलिया,179
धर्मातरण,3
अंधकारमय,0
बिखेरी,39
आठवां,8
बैठती,3
मागें,0
तंबू,73
छात्रावासों,4
थाईलैंड,8
बरसाने,8
प्रचारित,8
दहला,4
पलों,92
मालकिन,13
हिम,8
अवरोधक,4
सोंधी,167
मुझ,0
योगाचार्य,4
ईटें,0
उठाती,0
अकारण,0
कायल,8
भगाकर,8
छेड़खानी,6
बावन,8
उत्तरदायित्व,4
जीतना,8
चिरैया,171
घण्टे,8
गौड,8
चित,45
राष्ट्रहित,4
घबराने,70
बाजों,82
एकबार,22
भावों,8
स्टैंडर्ड,4
जंतुओं,3
क्रियाशील,4
शल्य,4
नौकरियां,4
धमाकों,8
लम्बित,8
तरफा,30
चालित,4
उपन्यास,8
घरवाले,0
घूमती,3
गरमी,3
खटारा,116
उठेगा,8
बाधाएं,4
कड़ा,4
किताबी,63
एक्टिंग,8
सूत्रधार,8
पिताजी,8
सिंहासन,0
फौजदार,8
लिखेंगे,0
दोगुने,174
बाल्मिकी,8
समाजवाद,8
शिथिल,4
अशिक्षित,8
मानहानि,8
दूरगामी,4
प्रयत्न,4
क्लीनिकों,132
रजामंदी,52
राष्ट्रमंडल,8
तिलहन,3
व्यवसाइयों,89
दिखानी,108
सूचि,18
सदमा,0
राखियों,6
रुकना,35
सुकन्या,8
ढांचागत,4
करीना,8
कर्जदार,4
हेतू,4
तोहफे,0
सिंचित,3
चट्टान,8
कुशासन,8
रेती,8
निबटारा,0
विचलित,0
ठहराने,0
मंडावली,8
कम्बल,83
बर्बरता,8
दस्तखत,66
अन्यों,13
सर्तकता,33
सुखमय,8
मनोरंजक,8
बुलाना,0
प्रजापत,8
बुखारी,8
कार्डधारी,150
अंगरक्षक,8
हश्र,0
पलीता,154
चचेरी,8
प्रदर्शनों,8
झेलते,0
परनीत,8
ताने,0
नाखुश,0
प्रसून,8
वंदे,8
शिक्षाओं,8
कदापि,0
घाटो,3
मर्माहत,155
मैना,8
हसीना,8
स्थानान्तरित,4
इन्वर्टर,4
विशालकाय,4
प्रजेंटेशन,177
अवशेषों,8
जनधन,164
उपसरपंच,4
भूखा,0
सवर्ण,8
बेलसंड,85
पंजाबियों,4
लपेट,3
गोलक,4
कुरूक्षेत्र,41
इकलौती,8
लड़कों,0
बेनतीजा,63
मीठी,3
दुष्परिणाम,3
लानी,159
सितम,0
खिलने,3
हारकर,8
पंचशील,4
जागता,39
प्रत्यक्षदर्शी,80
सोचे,117
मातृभाषा,8
स्पर्धाओं,8
कंडा,60
पहचानपत्र,4
गुस्साई,145
एलर्ट,80
खाताधारकों,4
शरत,8
मार्मिक,8
लघुशंका,3
उन्नीस,0
बचती,188
पका,3
लाखो,3
मोदक,179
हालिया,4
बरसों,0
दीघा,8
कोठे,3
चढ़ावा,8
रूका,83
इबारत,180
आक्रमण,8
सुनें,36
फूला,0
संदेशों,4
छान,0
प्राध्यापिका,8
बोलती,8
गुमशुदा,0
शिष्टाचार,8
छपाई,13
ढोलक,8
असंतुलन,4
क्लासेज,147
वेल्डिंग,4
नसरीन,8
बाबुल,8
कुदाल,140
दुरूपयोग,4
पेंसिल,3
भूलते,8
विषपान,8
कोढ़,181
किरणों,4
गलतियां,4
टंकियां,146
कतारों,3
पगडंडी,4
लाईसेंस,64
डकार,2
मुक्केबाजी,8
असुविधाओं,16
चौकियां,4
खटाई,154
दुष्प्रचार,4
क्षणों,8
घोषणापत्र,8
बिठाया,8
छाये,45
नरसंहार,8
स्वचालित,4
तीर्थयात्रियों,8
भरती,8
कोऑर्डिनेटर,175
पंखों,3
संवारा,162
खोदा,140
अखाड़ा,8
नीचा,0
रूपाली,8
दर्शनार्थियों,8
लोकमंच,8
लहराने,13
पपीता,3
हस्त,8
राज्यभर,4
ढ़ेर,0
जीवनशैली,4
वर्मन,8
कपड़ा,3
इसबार,53
धारियों,3
शीर्ण,76
भूलकर,145
सपूत,8
गलियारों,8
अशासकीय,159
इलाही,0
गूंजी,196
रुकती,8
महांती,138
बिचौलिये,192
गौरीकुंड,59
मिठाईयां,3
पंडौल,95
पत्तियों,3
आईना,97
मंगवाकर,8
खींची,3
बैरागी,8
गड्डी,35
मियाद,0
शत्रु,0
समेटे,8
एकांकी,8
असैनिक,4
मनोवैज्ञानिक,4
झपट्टा,140
गुरूद्वारा,8
दोराहा,28
उंची,4
अपंग,4
बदतमीजी,60
विलाप,132
आतंकित,8
ऐच्छिक,4
संकेतक,4
परमेश्वरी,8
झुलसकर,47
कोरे,67
निगलने,3
सम्बंध,8
रवींद्रनाथ,8
मेहताब,195
लगवाना,3
प्रबोध,4
नगेंद्र,8
निभाना,8
दुलारे,90
उल्लघंन,4
क्षेत्री,191
लटकाया,0
कातिलों,11
घुमाया,3
पकने,3
थ्रेसर,4
कष्टों,0
कड़े,4
पताका,8
संस्करण,8
बदबूदार,3
कुंए,56
गेंदबाजों,8
आंदोलनों,8
बहुउद्देशीय,8
धर्मावलंबियों,8
सब्जबाग,4
बेचू,8
लटकती,3
हैंडबॉल,3
झगड़ा,0
बागानों,4
करवाएगी,41
स्वीकारा,8
केलिए,4
प्रद्युम्न,8
कुली,8
परोसने,3
भाले,0
विधियों,4
पहचाने,4
गारमेंट,150
जूझने,164
अनगिनत,8
नवीं,8
बढ़ाये,4
गुणवता,4
अपरिहार्य,8
बाटी,8
दिखेगी,24
आघात,4
बहुतायत,3
कलक्टर,62
सचेतक,5
लिफाफा,4
ध्वजा,137
रसिया,7
सिने,8
लक्ष्यों,4
निभायी,8
तनुज,58
जुटाकर,4
बाजीगर,76
मूत्र,4
विधानमंडल,4
एनीमिया,4
बरसने,0
आत्मघाती,8
जनादेश,4
प्रौढ़,3
वैशाखी,8
स्मारकों,8
हमलाकर,116
मूली,3
अर्हता,4
शिष्या,8
अविलम्ब,4
नाइट्रोजन,4
रस्साकशी,175
मधुमक्खियों,3
हटेगा,86
मुसीबतें,0
शाश्वत,8
करवाये,4
एकाग्रता,4
कॉलम,122
झपकते,195
आनंदित,8
सुविधाजनक,4
तैर,0
लकीर,96
चारागाह,3
जानिए,164
कॉपियां,0
येलो,8
एकदिवसीय,8
सबल,8
रोती,3
कहानियों,8
पुनरीक्षित,4
समूची,8
बदलनी,21
रसूख,3
बुलावे,8
गर्भावस्था,4
सिफारिशें,4
गुरुग्रंथ,36
हितकारी,54
नकारते,50
लाती,3
दर्शाए,4
दुबक,3
खरीददार,4
निरक्षरों,3
पहाड़,8
क्रियाएं,4
छर्रे,3
धमकाकर,8
संकीर्ण,3
सारणी,4
बेमौसमी,8
हिलाकर,3
आपसे,13
बिठाने,3
रामरूप,125
टोलियों,30
प्रसंगों,8
दिलदार,77
प्राथमिकताओं,4
कलाकृतियों,8
उड़ान,4
बैकुंठ,8
नामुमकिन,9
सूझ,0
कहानियां,8
स्वादिष्ट,3
खिन्न,8
दफनाने,46
भंडारों,4
हटते,28
आहूति,86
कब्जाने,199
पंक्तियां,8
डायलिसिस,3
वरण,4
संवेदनहीनता,180
सेविकाएं,83
टूटते,186
झासा,3
रहनेवाला,0
ऐश्वर्या,8
हुलिया,46
तरसते,8
लगवाएं,167
सुरों,136
पायेंगे,0
रिपोर्टिग,4
नजराना,8
रिश्वतखोरी,25
बिता,8
मोहक,8
रोया,144
रियायती,4
नापाक,0
लस्सी,3
मंहगा,114
कमीज,3
प्रजातियां,3
अष्टम,8
चढ़ाते,0
आजमाने,8
भड़के,98
सितारे,0
मक्के,0
लाएगी,0
डॉक्टरी,4
आइपी,116
सर्वजन,8
जनसैलाब,8
मालिनी,43
सलाद,3
गिनाते,8
मध्यरात्रि,8
किरणें,4
समझदारी,13
छायी,0
बिताए,8
नुकसानदायक,3
अस्वाभाविक,95
स्वर्णरेखा,3
प्रासंगिकता,4
घोंट,3
प्रणय,8
मटकी,113
बढ़ें,4
धागे,3
नापी,3
निमित्त,4
अन्त,0
नोंकझोंक,74
मंदार,8
मनवा,107
जागने,159
लहरों,0
कवच,3
नन्ही,8
वीरों,8
चिंतक,8
दहल,0
उलझन,0
अग्रसारित,4
गार्डर,31
खुशगवार,0
प्रशंसकों,8
बंटने,191
जुटाया,8
दाएं,3
स्वंय,8
क्षेत्रिय,8
रामावतार,8
नुमाइंदों,125
दर्जी,8
आरोही,3
जलसंकट,4
ढूंढते,0
सरोकारों,44
बुनाई,3
छुपे,13
लोकवाणी,3
क्षम्य,179
नाबालिगों,4
विलम्ब,0
महोदय,8
तटीय,8
बटोर,38
टीले,8
गंवानी,8
त्रिपुरा,4
पतियों,0
चुराए,99
हमको,0
सचमुच,13
रामपुकार,184
शिवाय,8
हदें,0
विमुख,0
पराजय,8
करूं,0
चाहिएं,4
करंसी,0
सेवई,31
तलाशते,4
सोनार,174
लिबास,0
आचार्यो,8
अत्याचारों,8
परिर्वतन,1
फूलमाला,192
गुनाहों,0
पाएंगी,3
आदेशित,4
शिक्षको,4
कव्वाल,38
बोलीं,136
लाओ,0
अटकलों,8
योगिता,105
रंगत,4
अनुसूची,4
सजावटी,3
ख्वाहिश,0
बहना,37
पगार,94
बलगम,4
जयकृष्ण,81
महाबली,8
नरेगा,4
स्वावलंबन,4
मराठा,8
कब्जाधारियों,12
अवतरण,0
गोहत्या,8
खरीदें,4
बेलदार,31
रुकेगी,8
बिताया,8
खोजते,8
कुंजी,4
षष्ठी,168
चौकन्ना,27
अलार्म,4
बाघा,8
नुक्सान,0
भीतरी,3
विकासात्मक,4
आननफानन,3
स्नेही,8
राज्यव्यापी,8
सांसारिक,0
देशहित,8
रसायनों,4
आलीशान,0
सत्तू,3
रामभजन,36
बैंगन,3
हंडिया,8
बिस्तरों,0
तोड़फोड़,0
मतपत्रों,30
न्यायोचित,4
प्रकोष्ठों,4
हुक्का,48
अंगूर,3
कैसेट,4
मानवाधिकारों,4
समझती,13
दिखाती,8
राजपथ,8
अलगाववादियों,182
धंधेबाजों,82
दर्शाई,0
औपचारिकताओं,4
सौतेले,0
नीच,3
विमानों,4
अनर्गल,186
अनोखे,44
जनसुनवाई,189
कुसुमलता,8
हैैं,8
लाउड,87
विकल्पों,4
पथिक,165
दादर,8
कुनबे,0
रहम,0
विश्वस्तरीय,4
दवाईयों,4
काया,8
मनमीत,0
आश्चर्यजनक,8
वायरिंग,3
कान्फ्रेंस,8
ऊहापोह,8
गढ़ा,0
रबर,3
सुहावना,0
रामनंदन,54
सुपरवाईजर,7
ताली,166
निर्भरता,4
सीखी,8
मिटटी,0
गौड़,8
बीचबचाव,37
निराश्रित,8
सेक्रेड,165
गैप,174
प्रजातंत्र,4
न्यौछावर,8
चिप,4
चकेरी,3
करीबियों,8
नदिया,8
विश्वकप,8
द्वीप,8
तुझे,0
बसेरों,3
संयंत्रों,4
सराज,104
ट्यूमर,4
मंडलियों,29
अवतरित,0
बागों,0
कुर्मी,8
ओजोन,4
इसाई,8
दाढ़ी,0
रसोईघर,3
बालश्रम,4
चलानी,8
पूछकर,114
ढककर,3
जागकर,8
मूर्तिकार,8
मतपेटियों,99
फूफा,30
अबोध,43
लड़,0
आशाएं,0
कॉमेडी,8
कुन्दन,8
दूरियां,4
विज्ञापनों,8
ऐंठ,187
चिंतामणि,8
फैलाते,0
करुंगा,29
निर्भया,101
चिन्ता,0
करवाती,4
फैलाया,0
बैरकों,8
बेसन,3
खिलौना,0
मिलीलीटर,3
वेतनभोगी,4
सहनशीलता,4
बाघों,134
राजकीयकृत,5
अव्यवस्थित,4
आध्यात्म,8
करवायी,8
खर्चो,17
बिगड़,0
हराने,8
सुधारीकरण,196
मंगवाने,4
पर्वो,10
दर्शाती,4
टोह,0
गुरुवाणी,10
अनुच्छेद,4
टाला,0
कैल्शियम,4
सन्नाटे,169
मौसा,42
नाशक,4
तब्दीली,148
सोयाबीन,3
बरसाई,0
असहिष्णुता,8
उठीं,172
फरसा,8
कम्पनियों,4
निर्माताओं,8
सिंध,8
मिशाल,8
अष्टधातु,3
दिखाये,20
पत्रकारवार्ता,17
मोंटी,8
मैनेज,4
लटकने,3
साधुवाद,4
द्विवार्षिक,8
एशियाई,8
सूत,8
मुर्गे,71
मरते,0
बर्फी,36
ऑडियो,4
स्वयंवर,8
खोरी,4
कहलाने,8
मजेदार,13
बान,0
कईयों,8
दुपट्टे,0
लखपत,8
घटता,3
हीन,3
तस्लीम,0
तटबंधों,130
संप्रेक्षण,74
शाकाहारी,3
रूके,0
ज्योतिषाचार्य,8
पहुंचाता,3
परिवारवालों,165
डालता,0
बिलख,85
दिखेंगे,13
रचाने,8
विष,3
हफ्तों,4
आंकड़ों,4
लुभा,8
आशंकित,69
वंशज,8
विवेचनाओं,25
असमानता,8
अपशिष्ट,4
सुधरे,0
तुला,3
असहयोग,8
तरकुलवा,0
लतीफी,75
रिफाइंड,10
महापात्रा,50
परम्परागत,4
रक्तदाता,19
पृष्ठ,4
अपाहिज,13
पुष्पराज,8
गुस्साये,157
दुष्कर्मी,81
निकलवाकर,0
पथों,3
ताजिये,8
बासा,8
यज्ञशाला,8
दबाए,167
निष्ठावान,0
नजरिए,4
बढ़वाने,4
आभारी,0
रसपान,8
डंक,3
सिधारी,178
मुख्यद्वार,8
समावेशी,4
हस्ताक्षरित,4
रोबोट,13
त्यौहारों,8
उत्पल,8
ईमान,0
रेशमी,3
बटोरने,30
दबोचकर,143
मगन,45
बहे,189
बंजारा,8
प्राधिकारी,4
असत्य,0
माताएं,103
जलाना,3
हारमोनियम,22
हिमांशी,101
यथासंभव,4
पीएं,3
बनवाएं,168
शोकाकुल,0
चलवाने,39
बिजलीघरों,43
स्थितियां,4
सुनो,0
लाशों,3
तांबे,3
एमकॉम,4
तिरछे,96
चमका,36
एलटीसी,13
तांबा,3
तमाशबीन,0
खोलेंगे,4
कंगना,8
जिदंगी,139
चंद्रमणि,21
तोल,132
भुनाने,4
मुण्डा,8
कृष्णनंदन,67
पांचवा,8
हौंसला,163
कतराने,0
फ्रेम,3
सुनिए,182
गंध,3
सुधारी,4
नग्न,3
परोक्ष,0
हनुमत,77
मिश्रीलाल,154
मजहबी,0
नजारे,8
विसंगतियां,4
फेंकते,3
साधुओं,8
ओछी,8
खिसकने,3
रामचरित्र,162
अशोभनीय,0
दुनियाभर,8
आएदिन,76
अभियानों,8
खटखटाने,132
बैठाए,103
हीर,8
लाभों,4
वनभोज,115
पहुँच,0
गिले,158
महकमें,35
संकायों,4
मंतव्य,20
बुझाते,136
उन्होंनें,0
सैकडों,8
भाषी,8
अभिलेखागार,13
जांघ,3
पितरों,8
संगिनी,4
राजनीतिज्ञ,4
मुहब्बत,140
बक्सों,3
चुनौतीपूर्ण,4
ईंधन,4
ग्लेशियर,8
अदरक,3
गलियारे,8
कॉफी,3
दरबारी,8
घबराहट,0
अंधेरी,8
बढ़ाएंगे,8
श्वास,4
धब्बे,3
गृहणियों,0
शवयात्रा,8
विज्ञानियों,4
पकड़ी,0
शिकवे,0
पूर,141
घबराकर,0
समेटने,0
अपेक्षाओं,4
कटहल,8
दहशतजदा,4
मोटरसाईकिल,112
महाधिवेशन,8
गुटखे,38
चंदे,8
विद्रोह,8
बांह,3
उदास,13
धौंस,8
दुपट्टा,173
कलंकित,0
खंडन,8
धर्मार्थ,4
स्तूप,8
उधारी,4
अमीरों,8
मंजरी,8
महासंपर्क,4
जलावन,0
जनचेतना,52
भागो,0
औषधालय,70
मरणोपरांत,8
फलक,3
माणिक,8
एमएमएस,8
अधर्म,0
कूदे,0
ज्योत,89
कली,3
बहुराष्ट्रीय,4
रुई,4
वहाँ,0
कलात्मक,8
फेक,0
सीखना,13
नगरपरिषद,8
जुलकर,0
दलिया,3
सुनिश्चत,189
संस्कारित,8
पहनना,3
अनुपयोगी,4
फुहार,22
विघ्न,0
फौजियों,20
लिपि,8
मीता,37
धारावाहिक,8
विनती,8
जोड़,4
जनलोकपाल,8
तबले,3
रत्ती,3
मनाये,8
ग्रीष्मावकाश,109
चेता,1
शख्सियत,8
कृष्णन,8
बांझपन,81
बधाइयां,18
हमदर्द,0
संगीतकार,8
हस्तियां,8
बेलसर,8
अनुरागी,8
इरादों,8
स्वार्थी,57
फूलने,3
विश्रामगृह,8
भत्तों,4
लालमणि,176
चिपक,3
नुमाइंदे,8
अंतरजनपदीय,8
करी,8
मध्यांतर,4
लाडले,77
प्रोग्रेसिव,8
कालाधन,26
निवृत,0
रुकेगा,32
त्रिपक्षीय,171
गूंजती,8
इक्कीस,43
संगठक,8
सिखाता,0
प्रतीकात्मक,8
समयानुसार,4
गैरसरकारी,4
बजाई,6
पलंग,3
बढ़ाता,0
प्रेरणास्रोत,8
सुव्यवस्थित,4
मनोरम,8
पोलियों,55
चिपके,3
ईंटों,8
दागा,8
महात्माओं,8
प्रबंधतंत्र,58
त्रिशूल,8
फंसते,8
गोलाबारी,8
कलेजा,194
क्रीड़ा,8
प्रक्रियाओं,4
वीरांगना,8
बेफिक्र,139
भेजता,0
पर्यावरणीय,4
कर्ताओं,86
उठाएगा,0
भड़क,0
भिक्षाटन,185
भादो,8
स्वभाविक,142
सोता,71
वादकारी,42
कील,3
सत्यवती,8
विलोम,115
घोंप,24
पदनाम,4
पशुशाला,167
संग्रहित,4
पटरियां,3
राजनीतिज्ञों,8
स्टेयरिंग,0
अनिश्चितकाल,8
शीतगृह,148
इलावा,0
हिचकोले,4
ताकतें,8
संदूक,36
गर्त,3
निस्वार्थ,0
धमकाते,61
गृहस्थ,8
फूंकी,0
वर्षाें,41
बीनने,170
चखा,0
फैलाना,14
मौकों,8
खींचे,3
आकाशदीप,8
अर्की,55
भरें,4
बरामदा,8
मल्हार,8
खुटहन,3
प्रतिवादी,60
आयुर्विज्ञान,4
पुनर्मतदान,75
भेंटों,161
लेटे,132
टूटती,83
हमदर्दी,72
दोषमुक्त,159
झड़प,55
धंधों,4
गुंडों,8
पुलियों,4
सुलग,4
रवीना,8
विशु,8
प्रचारकों,8
पैमाना,4
लॉग,13
संभालना,4
झुग्गियां,8
यान,4
नेकी,0
जगमगा,0
खेर,8
धनिया,3
लिखें,13
गांधीवादी,4
अक्षरों,4
पट्टों,3
कब्रिस्तानों,173
प्रफुल्लित,45
सुखाने,3
सिकन्दर,8
गिना,8
खुजली,4
सहपाठी,8
लाचारी,5
बिल्डर्स,4
डाकखाना,8
हलफनामे,0
उगाई,3
बढ़ानी,4
उत्पत्ति,8
ढलान,3
जियारत,36
धावक,8
अभिमान,8
माथापच्ची,8
राक्षस,8
पिलाएं,3
लगें,0
प्रतिकिलो,149
मधू,4
कूड़े,4
कुनबा,54
अरूप,8
सुहास,8
जगद्गुरु,8
रूई,3
नकलचियों,57
दिलाता,0
गिरेगी,166
दीपशिखा,66
बेंचने,4
शीघ्रता,4
उदीयमान,4
मातृभूमि,8
कजरी,8
न्यायाधीशों,4
मनुष्यों,0
तिलकुट,59
मनमोह,26
विनियमित,4
बनियान,23
सौम्य,4
पतला,3
चूहे,3
फिसलकर,166
मढ़,91
बाह्य,4
फेरा,0
श्रंगार,97
झुकाव,3
सप्तशती,8
सपूतों,8
झोंके,0
दुर्गति,7
सलवार,17
कात्यायनी,8
सर्टीफिकेट,8
चौकाने,78
सुरजन,8
ठोका,60
विषयवार,4
एकमत,23
औरों,0
लाभप्रद,4
नामाकंन,20
थोड़ा,3
भक्तगण,8
जमाकर,0
अकालियों,52
बीओपी,76
सांझे,8
अंगूठे,3
इंसानों,3
केंद्रो,137
फाटकों,180
नुक्कड़,8
गोत्र,8
ठेलों,188
शोधार्थियों,8
अस्मत,61
ललकारा,8
मिटने,71
वनपाल,8
पंक्तियों,4
कुकर,8
असहनीय,0
कोक,3
मंगवाए,72
होगें,0
अंगूरी,3
बिकता,3
फाल्गुन,8
बायकाट,6
प्रहर,8
गिरफतार,50
चक्के,158
रसिक,8
सोती,0
गजाधर,184
हलांकि,4
राजीनामा,8
समपार,3
उड़,3
चीर,0
भविष्यवाणी,4
आखें,98
कापरी,174
संदिग्धावस्था,8
पुजारियों,8
सम्भव,0
यातनाएं,8
नितांत,8
पथरगामा,3
बढ़ाती,4
मूल्याकन,4
बागियों,8
अप्राकृतिक,150
मिर्गी,4
गोपियों,8
सात्विक,8
याचना,0
दीपमाला,0
सौतेली,8
ग्वाल,117
टैक्सियों,8
भक्तिभाव,8
यत्र,9
ताकतवर,8
मनमाफिक,4
मुख्तियार,22
मारवाड़ी,0
रुखसाना,127
स्वांग,0
रौद्र,8
वेग,4
संवेदनहीन,32
सितारों,0
पाशा,8
प्रेक्षकों,165
मसौदा,13
चतुर्भुज,3
चुनना,13
क्रियाकलाप,4
कार्यान्वित,4
हलधर,8
दुश्वारियों,4
विमुक्त,4
उगते,3
बांधों,4
आबरू,0
पिटारा,8
गाये,8
पक्षकारों,4
रेडिएशन,3
हटना,52
चीत्कार,0
हटी,0
तरसे,3
सहने,0
उपसभापति,4
दफ्तरी,134
दीपोत्सव,8
कंपाउंडर,170
पटे,33
निविदाएं,4
छींटे,4
तेवरों,33
उतारते,0
दुष्प्रभावों,4
जाएगें,0
बांटना,33
एमएसएमई,4
विदेशियों,8
फव्वारे,8
सूर्यास्त,8
परोसे,3
मारपीटकर,91
गंवाकर,183
हैक्टेयर,3
चौपालों,97
याचिकाओं,60
विद्याभूषण,8
शहरियों,8
निगहबानी,160
बनवाये,8
शिल्पकार,3
बामुश्किल,0
अगवाई,122
भद्दी,6
बेबसी,0
प्रेजेंटेशन,4
श्रमजीवी,24
हताशा,4
तन्मयता,8
विधानसभाओं,4
ज्वलनशील,4
खाज,3
स्थिरता,4
फैक्ट्रियां,22
बंसत,8
अग्रहरी,8
राजहंस,8
दानव,3
चटक,3
रिक्तियों,4
कुमाऊंनी,179
नंगा,141
अभिभाषण,8
डालनी,176
धनाभाव,8
संपोषित,4
पोस्टों,38
ऋणी,4
कर्मशाला,4
पड़ोसियों,0
टपक,90
काठ,3
सूचियां,4
हिंदु,8
डिवीजनों,4
थमाया,38
प्रतिशोध,8
रातें,0
पलटते,0
अन्तर्राष्ट्रीय,4
वाक्य,4
यूनिवर्सल,8
विकल,137
मुखबिरी,19
छात्रसभा,15
सर्वपक्षीय,19
अस्तव्यस्त,165
लड़कियां,0
ढहाने,20
बूंदे,3
वसीयत,0
चोटियों,8
धोकर,3
कैच,8
आश्चर्यचकित,8
भेजेगा,0
उत्साहपूर्वक,10
एकांत,8
पूर्णकालिक,8
दोहराते,13
हैवानियत,8
स्वीकारते,8
भदानी,3
बिछिया,95
अछूते,8
महामंत्र,13
भेजेगी,160
रस्सा,3
बाजारी,4
सेवामुक्त,8
झाकी,72
सेन्टर,4
भूला,0
कॉन्वेंट,8
उपले,4
पहरे,19
दाखिलों,104
झाग,3
अभ्यार्थियों,8
शावक,3
ढूंढ़ने,4
उभरकर,8
घूंघट,0
सुमेधा,169
निशानेबाजी,8
टांक,39
मूल्यवृद्धि,198
महाप्रसाद,3
खेलेंगे,8
चतुर्दशी,8
उल्लू,3
अटकलें,0
सभाजीत,49
रखेंगी,123
डिस्ट्रीब्यूटर,10
लोकगीतों,8
आश्रमों,8
बिकती,198
नहीें,0
खुन्नस,47
तन्मय,8
नक्सलवाद,8
टली,37
किरायेदारों,32
निरंकार,121
मुख्यमंत्रियों,8
जनमत,8
रौंदते,8
स्तन,4
अनुपलब्धता,4
मईया,149
मनोकामनाएं,8
सरलता,4
जांबाज,0
कोऑपरेटिव,175
चित्रकारी,8
धन्ना,8
उतरेगा,8
बबूल,3
अचंभित,103
नमामि,4
तेरहवीं,8
उभरे,3
ढैंचा,153
जूतों,3
उसमान,74
रूकी,8
अटी,152
पुष्ट,4
कृमि,3
प्रधानाचार्यों,4
जकात,79
घसीटते,0
भाली,18
प्राक्टर,33
भंडरिया,33
कालकाजी,30
रतनी,8
चलित,4
रोटियां,3
एकीकरण,8
दारागंज,8
बेलपत्र,172
दुस्साहसिक,167
दीवारी,8
जलाएं,95
यथार्थ,8
मचाकर,75
बौखलाए,145
कदमताल,83
दिशाओं,3
विश्वसनीयता,4
बदरंग,8
सितार,3
ओलंपियन,4
बूढ़ा,0
जिम्मेदाराना,161
गद्दे,36
लटककर,170
लुभावने,8
सरगर्मियां,1
आवेदनकर्ता,8
चुटिया,8
पड़ाव,8
करेला,8
मेदांता,42
परवल,3
करतीं,4
रात्रिकालीन,3
नजरबंद,171
हफ्ता,11
द्विपक्षीय,4
खिंचाई,3
पुर्जे,4
झुका,0
क्षेत्रवाद,1
गोष्ठियों,13
खटक,0
पढ़ाए,130
उबरने,4
युधिष्ठिर,8
सौदागरों,72
आसनों,4
शर्तों,4
टॉकीज,8
अंधे,0
अक्षित,4
उल्टियां,81
ब्रहम,86
शराबे,84
महावर,3
राजयोग,10
कत्थक,8
अचेतावस्था,140
झंडारोहण,8
यथास्थिति,4
अधिकारीगण,4
अनुलोम,28
खूंखार,98
चालाकी,0
अशक्त,4
नवयुवकों,8
कैथोलिक,8
अन्वेषण,4
जलकुंभी,116
भैंसे,3
प्रकाशक,8
जनतंत्र,8
अपेक्षाएं,4
तात्कालिक,4
पेंशनधारकों,4
पोटाश,3
वैराग्य,8
चक्रमण,175
पुराणों,8
निशानी,0
दानपात्र,8
वाशिंगटन,8
परिषदों,4
प्रश्नपत्रों,93
वेदना,4
एन्क्लेव,8
पतित,0
रमणीक,8
मिलनसार,4
सुप्रीमकोर्ट,8
दीपदान,172
विभक्त,8
उहापोह,8
गुढ़ा,168
छिड़काव,3
सहमी,0
बाबजूद,8
चित्त,8
चक्रव्यूह,8
कर्मा,8
जासूसी,0
शमिल,4
मीलों,8
छुरा,8
संभ्रांत,63
तसल्ली,0
जलूस,36
मेन्यू,13
बेगुनाह,165
त्रुटिपूर्ण,4
एसवी,39
चूका,8
खरीददारों,4
पकड़कर,0
ओझल,0
पांडा,81
मुदित,8
सरपट,175
सहमा,138
आवाहन,8
सप्तम,8
दातों,6
अद्वितीय,4
दाहिना,13
कटाने,0
महासमर,9
पूर्वज,8
भलीभांति,4
कटेगा,17
लूंगा,0
जाबिर,125
बोलता,13
छूकर,117
फुटा,134
कुबूल,0
छानी,10
खोए,8
नीतिगत,4
छक्का,0
भ्रष्टाचारी,3
जनसाधारण,8
रामदुलारे,34
नोच,117
संहार,8
मराठी,8
जलीय,4
दसवां,4
निर्णायकों,182
क्यूं,2
निभाता,4
भिडंत,24
लाट,8
प्रतिफल,4
वृत्त,3
अष्टभुजा,70
कपड़ों,3
रोपने,3
बबुआ,83
प्रेत,8
बैठेगा,142
पहुँचे,0
आलिम,0
अफ्रीकी,8
चालन,4
सीखें,158
अस्वीकृत,4
पूर्णमासी,3
गद्दीनशीन,147
लपट,0
आठों,8
कर्मचारियो,4
पंसारी,8
विश्वस्त,8
जनांदोलन,8
विभीषिका,74
कलाकृति,8
पहियों,4
वायुमंडल,4
उद्घोषक,4
सुला,169
लटकाने,9
गुणवत्तायुक्त,4
मेवाती,8
रोकें,13
दण्डाधिकारी,30
चलनी,0
शेरों,0
शरारत,0
सदल,80
भैंसें,92
हमराहियों,0
कांफ्रेसिंग,4
रोता,180
सताता,149
शहीदे,100
उसमे,0
परिनिर्वाण,8
उबारने,4
आषाढ़,8
जमीं,0
साहसी,8
पर्चियों,49
निलम्बित,4
चटाई,3
उन्माद,0
टपकने,3
आहरित,4
चुकीं,0
रूह,0
पक्षीय,18
सतरंगी,3
संचरण,4
नाचे,179
वर्दीधारी,86
पारंगत,8
हरीपर्वत,53
पाचवीं,194
वाशिंदों,4
मिचौनी,9
नवसाक्षरों,140
दृश्यता,3
ऋतुराज,8
भेजनी,8
सर्वेयर,8
उपक्रमों,4
गम्भीरता,0
धधक,116
बैशाखी,13
विषैले,4
पतवार,46
कश्मीरियों,98
मांगेंगे,4
शोधार्थी,8
पलटन,24
कोरा,155
बायां,3
बौर,0
टैक्टर,174
कोला,174
घुल,4
लकवा,4
मूर्ख,13
दिलाये,4
पंचांग,13
बढ़ायी,4
विलक्षण,8
दबाब,8
ऐंठने,0
जनसहयोग,4
न्योछावर,8
लाएगा,0
सहुलियत,4
नौसेना,8
शिक्षाविदों,4
डलवाया,162
दिखना,3
बूझ,0
गौवंश,168
गोवध,4
पर्यावरणविद्,14
कार्यकर्ताओ,8
यक्ष,8
कन्याएं,8
मिलाते,3
करूणा,84
परवाना,4
बारीक,3
राष्ट्रवाद,8
नवयुग,8
मढ़ा,148
तपस्वी,8
गुब्बारा,3
सौदे,4
बगीचों,8
भूलना,46
सकने,4
कलमबद्ध,116
सियार,3
कर्जे,0
जबर्दस्ती,8
उभरते,4
सदाचार,8
गरमाया,105
पत्तियां,3
बढे़,4
ढोलना,157
बेचारे,0
त्रैमासिक,4
फूलन,8
क्लेश,4
उदासी,0
संघर्षशील,8
अव्यवस्थाएं,95
हिमायत,0
पालिकाओं,4
जांचे,87
मौला,38
विहंगम,8
लूटेरों,170
तिलकधारी,62
नृत्यांगना,8
मिशनरी,8
यमराज,8
अस्वीकार,4
मारता,0
क्रूर,0
टिफिन,14
बिंदी,8
रडार,4
भूकंपरोधी,4
सर्वहितकारी,182
विश्वसनीय,4
स्पर्शाघात,127
मध्यमा,4
उकेरा,3
डटी,171
निमित,60
तौहीद,0
फुलवारी,10
पटवाई,111
एलोपैथिक,8
तलाब,3
जमुनिया,33
हनुमंत,141
तोरण,3
गर्भाधान,4
बूंदाबादी,8
साइटों,4
कराके,22
तराशने,3
बमबाजी,157
समंदर,79
फंसता,65
छिपकर,0
छुपाकर,13
स्मार्टफोन,4
पढ़ेंगे,192
श्रोत,4
अंबुज,121
प्रकाशकों,8
किराएदारों,143
प्रयत्नशील,4
स्वामीजी,8
टहलते,70
स्पार्किंग,146
कहलाता,4
जीए,3
त्यागने,0
रोपा,3
समझो,0
मान्यताओं,8
खुलना,8
सहमती,8
विसरा,18
शूरवीर,8
विकासशील,4
धमाकेदार,174
कूपों,174
ताबूत,13
अजनबी,0
सानी,0
शिकागो,8
भीगने,3
वामन,8
पट्ट,3
सवेरा,25
अन्तर,8
पहनें,32
उलटा,87
समयसीमा,4
विवादास्पद,4
कंसल्टेंट,4
प्राप्तांक,4
दिलासा,196
जीभ,3
मोहभंग,8
आक्रांत,4
बुझने,156
पाठशालाओं,8
स्थानक,8
रातोंरात,0
सूरजमुखी,3
जिधर,0
संबल,20
उन्मुखीकरण,4
बरतना,2
लादने,186
सुगंधित,3
सोचता,13
भोजराज,8
वन्दना,8
मर्मज्ञ,8
कटोरा,8
अपर्याप्त,4
खोई,0
मोमबत्तियां,8
अशांत,157
मिटाना,13
ग्रीष्म,3
गतिशील,4
आदर्शों,4
सम्यक,4
प्रत्यक्षण,4
बस्ता,0
नियमत,52
दृश्यों,8
बिसात,8
लिफाफों,174
निर्वस्त्र,8
बंदे,8
परायण,8
भोजनालय,8
अदब,0
हुनरमंद,8
बैकलॉग,82
जड़,3
प्रश्नकाल,4
गुणवत्तापरक,53
रामगंज,184
क्षेत्रवार,4
न्यायलय,4
हजूर,33
चुनचुन,143
निकालें,13
कॉम्प्लेक्स,8
जुटाना,4
पल्लेदार,51
अदालतें,4
नम्बरदार,13
विभूतियों,8
बैंककर्मियों,35
आडिशन,127
जुटते,92
गठिया,4
चन्द्रमोहन,0
नीबू,3
एक्सल,40
टूटता,83
अटके,90
मुरादें,0
त्रिकोणीय,3
समधी,8
उत्तरदायी,4
बाटने,116
तारी,0
हिचक,4
अस्थिरता,4
भूतेश्वर,8
आंसुओं,90
कांग्रेसजनों,160
बछिया,138
कडे़,3
मतदानकर्मियों,147
उत्तराधिकार,8
प्रलय,8
राज्याभिषेक,8
द्वारों,8
निरस्तीकरण,4
ठोंका,64
सौदेबाजी,13
मकबरा,8
चिनाब,8
ज्योतिबा,8
परिभाषित,4
घसीट,0
लाशें,8
गस्त,8
पोस्टकार्ड,173
तड़के,0
वीरा,157
नवोदित,8
पिंजरे,3
कोप,142
निभाती,4
क्षेत्ररक्षण,8
वयस्क,4
कंगाल,131
भाग्यशाली,0
दिनरात,134
मुक्केबाज,8
शैतान,0
अवनीत,74
डराया,0
थपथपाई,139
राजपति,14
लावा,8
चिल्लाते,0
ढूंढे,13
खिलवाड़,8
सोकर,13
बहुप्रतीक्षित,8
हेल्मेट,15
महाकवि,8
चिकनी,3
प्रस्तुती,34
अधिसंख्य,106
मंचों,4
डोरी,8
मैट,8
यदा,150
सम्मलेन,8
कौतूहल,8
तुलनात्मक,4
गोवंशीय,103
जुटना,79
क्रंदन,20
जलधारा,3
सम्प्रदाय,8
बालीबाल,31
पल्लव,8
कथाओं,8
औलाद,0
फटकारा,11
कुंद्रा,8
नौकरशाही,8
पड़ते,0
मिलजुलकर,3
उपमा,8
खिलौनों,4
उंचाई,3
थोप,0
चिन्हों,3
जातीं,3
भुवनेश्वरी,8
बकरों,3
महानायक,8
कालिख,3
प्रताड़ना,65
बोया,3
विपत्ति,8
प्रायोजक,8
शहंशाह,8
जीवाणु,4
पेटियों,12
डालती,4
अमर्यादित,8
उभारने,8
ब्रह्मलीन,8
सिखाती,98
चूहों,3
शौकीनों,3
पंथक,24
महासंग्राम,14
खंबे,8
सुलझने,8
चढ़ावे,172
सुधारों,4
मंगलमय,8
सभास्थल,8
फूलमालाओं,183
उत्साही,8
आयामों,4
निर्विघ्न,8
खेलता,8
सोपान,8
उलाहना,66
जुझारू,0
आंकड़ा,4
सट्टेबाजी,4
धराशाई,4
सिकरी,3
उभरा,8
सेवाश्रम,4
तराजू,0
मूलवासी,8
बूटियों,3
दीवाने,0
फुहारों,3
तटों,8
लक्षित,4
नौकरों,8
दंपतियों,24
सबला,152
बहेगी,8
इम्तिहान,0
राजाओं,8
जुड़,4
लिपटा,6
वसुधा,8
शिष्ट,8
पदकों,8
तीनो,8
घिनौनी,181
तयशुदा,13
झेलम,8
पीडीएफ,4
नौकरशाहों,4
रचाई,83
सीआइआइ,24
कदा,150
सम्मेलनों,4
नकाब,4
स्थानीयता,8
सावधानियों,86
राष्ट्रीयता,8
आदमकद,8
कुर्बानियों,0
खुलवाए,41
आरंभिक,4
जिनपर,0
ठिठुर,0
लुटने,84
धड़ल्ले,0
तानाशाह,8
पुट,8
चुनें,13
अन्त्य,143
नवजीवन,8
मौसेरे,168
पतंगों,3
हिमगिरी,4
टांके,3
झोंकने,0
निडर,117
हिलने,0
सदभाव,80
विग्रह,8
थामने,3
ज्ञानेश,55
गुलमोहर,3
बहुमुखी,8
बेदाग,4
मनीषी,8
निगला,131
नाखून,3
अशरफी,8
अनूठे,8
सेनीटेशन,190
जनशताब्दी,8
गिरफ्तारियां,8
संगीतमयी,74
धर्मनिरपेक्ष,8
कपाल,3
कारिंदे,24
विच्छेदन,4
प्रभावों,4
हृदयाघात,4
चोरो,12
सर्वत्र,8
सहूलियतें,8
पाश,69
काटता,3
आवेश,4
हलकी,3
सिमटी,69
दुखियों,103
मंहगी,4
शैय्या,4
गिद्ध,3
प्रबन्ध,8
वन्यजीवों,8
नाकामयाब,8
जीवनदायिनी,27
मैदा,48
बदलें,13
अंगुलियां,3
उनकों,0
प्रतिवेदित,4
खट्टा,3
बचेगी,0
कार्यवश,99
वियोग,8
गोसेवा,19
भाल,0
त्रेहन,8
प्रस्तुतीकरण,177
हेमन्त,8
नाविकों,8
मफलर,195
विन्देश्वरी,111
गोचर,3
गिराई,33
घसीटा,11
मस्ताना,32
मनाएगा,4
पहुंचेंगी,79
निरोगी,3
मालगाड़ी,73
प्रशिक्षितों,87
पालिटेक्निक,12
परिणय,8
चन्देश्वर,8
चूकते,8
प्रस्तुतिकरण,13
संकटमोचन,8
डीग,8
दफनाया,8
अधीर,137
भरेगा,0
लहलहा,155
दमयंती,118
सहसंयोजक,3
पीड़ित,4
ज्वर,4
मोटरों,3
निरंकुश,8
अरोप,12
गांजे,70
उमड़,0
प्रजा,8
कर्मभूमि,8
विकारों,4
धानी,196
धर्मशालाओं,107
उत्तरपुस्तिकाओं,13
बेघरों,90
कालागढ़,8
जीर्णोद्वार,8
अंधी,0
रूसी,8
चुराते,0
गोता,46
समुद्री,8
बिड,70
उभरी,3
हौज,14
सेकंड,4
घेरेबंदी,0
दास्तान,8
कबूला,117
बौखलाहट,11
मुर्दा,0
पकी,3
नवविवाहित,191
समझाना,0
नाविक,8
ओवरसीज,8
प्रज्वलन,3
पट्टीदारों,132
मूरत,3
बिगड़ने,171
वार्तालाप,13
पक्षकार,4
फेलोशिप,8
जाऊंगा,13
उदयन,8
रुतबा,0
बल्लियों,3
तनिष्क,8
कंडाघाट,34
अतरी,18
हमराही,3
सूती,3
पंगु,4
नवसाक्षर,175
अर्थशास्त्री,4
हांलाकि,8
अंगुलियों,3
कथाकार,8
सुननी,0
वितरकों,4
बनावट,3
लिपट,0
दर्शायी,4
डेयरियों,3
बनिहाल,3
आकाओं,8
महायोजना,105
उतरता,3
ऊंच,103
उछलकर,3
प्रमाणीकरण,4
संघर्षो,147
पट्टीदार,78
विशेषताओं,4
कच्छा,112
गमले,3
गजानन,168
मचाए,8
मूंद,57
बोलो,36
परोसी,148
वात्सल्य,8
झुके,0
नौकरीपेशा,90
सुहानी,8
हस्तगत,8
प्रतिघंटा,8
प्रयोगशालाओं,4
छज्जे,3
मेहनतकश,3
विनाशकारी,4
वजीफे,8
दूरबीन,3
मोटरें,3
अमान्य,4
तैल,3
नर्सों,4
मोर्चो,48
पुतलों,145
जेहाद,0
शोधित,4
पूछना,0
छत्ता,85
अटे,8
निरोधी,4
ऑटोमोबाइल,4
लेखनी,8
अत्यन्त,0
झांक,0
धानक,19
गीली,0
धनसार,61
खच्चर,3
भिक्षुओं,8
दुबकने,29
भूली,0
फरमाते,0
विचारक,4
उपमहानिरीक्षक,38
इंगित,4
कोपा,8
निहंग,97
क्षीण,4
जीवनदान,8
उठवा,0
गर्भाशय,4
राक्षसों,8
थलग,0
कट्टरपंथी,8
सामग्रियां,3
मुख्याध्यापिका,83
आतिथ्य,0
कमाऊ,116
तरणताल,191
प्रश्नचिन्ह,121
सुसंगत,4
आंकड़े,4
निपटाएं,140
परदेश,172
छूते,0
बोझा,3
पत्नियों,0
सिमकार्ड,4
जाग्रति,4
बढ़ीं,70
बस्तियां,8
मामलें,0
गिरोहों,0
राष्ट्रभाषा,4
लोट,8
बढ़ेंगी,95
छुआछूत,8
ममेरे,51
बेवकूफ,0
मंडराते,1
बिजौली,131
हिंदुस्तानी,8
महालेखाकार,4
इतिहासकार,8
सहायतार्थ,4
बरसाए,0
खोमचे,4
मुरीद,0
मूसलधार,73
ग्रामोदय,8
शक्तिमान,0
हंगामेदार,8
दस्तों,0
ब्याही,51
ऑर्गेनाइजेशन,8
रसोईयों,4
कचरों,4
महाशय,8
बढ़ई,12
ठाकुरजी,4
बिखेरे,138
पोटली,188
मंत्रीमंडल,4
प्रेरणादायक,163
बहुसंख्यक,8
राजमार्गो,4
प्यासा,0
खोलेगा,21
महाकाल,8
झंडों,4
बारदाने,63
परामर्शी,4
सिरका,3
संस्मरण,8
जीओ,5
चीखपुकार,0
गैरमौजूदगी,4
कलाकृतियां,3
उर्सला,88
सूर्यवंशी,8
धुरी,3
खींचते,0
सायंकालीन,0
अलमारियों,102
पाचवें,8
प्रवेशपत्र,4
झुकना,0
पहुंचाती,4
गोते,0
दरिंदों,15
जानो,0
इंकलाबी,8
लपटे,0
किस्में,3
मंगली,8
खेतिहर,4
फायदों,4
दूंगी,16
उसरी,68
दोस्ताना,8
विद्यार्थियो,4
जलवे,8
अंबे,10
झोपड़ी,8
वीवीआईपी,8
उद्गम,8
छत्तीस,137
समूहगान,6
कार्यशालाओं,4
तुष्टीकरण,8
भगाना,136
उपदेशों,8
तरबतर,4
सासंद,153
छला,0
मनचाहे,3
खाएंगे,139
बटोरीं,195
जयहिंद,3
घृणा,8
जयन्ती,8
विस्तारित,4
पांडवों,8
आईबी,4
सांभर,3
डांटा,49
शिक्षकगण,146
पंछी,71
उपेक्षापूर्ण,72
कुप्रभाव,8
निरक्षरता,8
बैरी,8
शालीनता,51
सीलन,3
बदलेंगे,42
ठहाके,156
मूलमंत्र,8
अंगदान,0
कंबलों,3
कृतियों,8
जियो,4
घूमे,8
उत्कृष्टता,4
आत्मबल,4
यात्राओं,8
सुहागिन,137
गजलों,72
भटकता,0
विशेषाधिकार,4
बीजी,4
हस्तकला,3
मास्टरों,76
पाताल,8
शुदा,0
धर्मों,8
समीकरणों,4
कस्सी,189
वसूलना,4
नेत्रों,3
छपे,8
बायोटेक,4
नाकामियों,105
तीर्थकर,8
सशंकित,112
उपजा,8
पदस्थ,4
इजाफे,8
सिंधू,8
प्रतिमूर्ति,8
धर्मकांटा,116
रीचार्ज,13
मामी,8
उपनगरी,3
दिनदहाड़े,8
मिर्ची,140
अंधा,0
सौंपना,4
अग्निशामक,3
अनुक्रमांक,92
शहरीकरण,4
निभाए,8
गड्ढ़े,3
समस्यायें,171
रजिस्ट्रीकरण,4
पिंडी,8
अनिश्चितता,4
अपराहन,11
लोटपोट,90
इंवर्टर,87
कप्तानी,8
कार्डों,4
इर्दगिर्द,3
गुमान,0
तौलिया,3
भतीजों,0
सामाग्री,4
झुकने,0
गिटार,3
वैष्णों,77
पीता,3
कछुए,3
जोतने,14
देवों,8
कारतूसों,198
ताज्जुब,0
सचखंड,8
पुकारा,0
प्रशंसक,8
मंदा,129
असुर,8
सहपाठियों,8
संक्राति,141
सुरक्षात्मक,3
दाताओं,4
होजरी,44
फसाद,0
धावकों,174
गुप्तचर,4
निशी,54
कीचड़,3
पट्टिका,3
उगा,3
आरोपपत्र,0
कावेरी,8
बौना,3
कायदों,159
टपकता,3
किशोरावस्था,8
एकरूपता,4
सप्ताहभर,28
मदनपाल,84
घृणित,4
स्तरोन्नत,4
देशवासी,0
कोपभाजन,8
हैलीपैड,26
सशर्त,4
सोसायटियों,4
समीति,28
फासला,127
फहराकर,8
अनुष्ठानों,8
युगों,8
रखवाने,3
हृदयगति,3
वीरगंज,27
निराकार,8
लेखिका,8
नवरात्रा,8
चाबुक,9
रोशनदान,122
टेढ़ा,0
राबिया,157
चक्रधर,8
मुल्कों,8
सहना,8
श्रद्धाभाव,0
सुधारक,8
फैलाए,0
गीला,3
खलिहानों,71
लोटा,71
दृष्टिहीन,8
स्वरूपानंद,8
टेक्निशियन,33
धुत्त,78
बचेंगे,27
ढली,179
हैजा,4
पसारने,1
किस्से,0
तांगे,194
आबोहवा,109
खुमारी,31
अहित,0
प्राणघातक,4
कर्णधार,13
कीटाणु,3
रूपक,8
श्राप,0
नातिन,4
चौंका,18
पटकथा,8
नृत्यों,8
अंकतालिका,34
मोहरा,177
दरक,6
गृहरक्षक,40
महारत,0
सुगमता,4
मतपेटिका,185
डलवाई,125
सजाओ,49
परामर्शदाता,4
दोना,3
बेजुबान,0
हिमायती,0
बुलाते,0
जानेंगे,25
छुप,0
कमेंट्री,8
गिन,0
मुल्तानी,8
धुल,8
तर्कसंगत,4
संयत्र,3
पाचन,4
खौफनाक,173
डाक्यूमेंट्री,174
रिजवाना,92
चुनेंगे,8
एंकर,40
प्रोटोकाल,4
मनोचिकित्सक,4
जनहानि,8
पकाया,3
समान्य,4
नोटरी,4
सदगुरु,159
जोड़े,3
सुर्खियां,63
संजीवन,61
शिवमय,8
समझदार,0
कफन,8
कलुआ,192
सुबूतों,8
टहनी,0
खरोंच,3
जन्मों,8
जिन्दा,0
सर्वमान्य,4
चादरें,3
केन्द्रित,8
शंखधार,129
पहुँची,0
तमाचा,174
वफादार,8
वधु,8
फिरता,0
इश्तेहार,164
अपराजिता,8
निर्मलता,4
शीशों,3
छात्रहित,129
सम्बन्धी,4
कांगड़ा,8
पीटे,145
रेंगी,93
ओरियंटल,4
परित्याग,8
लटकाए,192
मसानी,0
बहुमंजिली,68
कमाना,4
दानवीर,8
सहकर्मी,165
अर्धसैनिक,4
स्वीकारोक्ति,8
ऑल्टो,174
विकृत,4
आड़े,0
बेमिसाल,8
फलाहार,3
रतजगा,24
पहरेदारी,170
ओली,190
सुपुत्र,8
निपटना,4
खड्डों,8
पडा,8
पर्वतारोहण,4
जोताई,3
लौटाई,22
देशद्रोही,8
चोखा,113
पंजे,3
रहस्यमयी,8
अनुपूरक,4
आयुक्तों,4
रिवाजों,8
शरणार्थी,8
जन्मी,8
ठुमके,8
ग्रामपंचायत,8
गृहों,4
अर्दली,4
सदस्यगण,189
पिंडदान,8
संपुष्टि,13
थाल,0
दाहिनी,3
फिदा,90
झपकी,144
जुटती,21
जेवरों,3
रेललाइन,19
तुमने,0
नन्हा,90
उठवाने,108
गदर,8
मिलवाया,8
रहनुमा,0
अलंकृत,8
जागते,0
अफवाहें,8
दिलवाए,8
कतारे,3
झपटकर,3
परमाध्यक्ष,8
ओढ़,0
जुगलबंदी,13
लेटा,0
जाओगे,0
भवसागर,99
दंडनीय,4
पढ़ाएंगे,137
पकवानों,0
राजवंश,8
बजती,43
माडलिंग,3
अनुकरण,4
कटार,90
थपथपा,69
लगवाये,8
इन्दु,8
मुहैय्या,0
चढ़ना,0
ऋषियों,8
झोंका,0
मुखबिरों,8
मिटाकर,13
सांपों,3
उतरीं,198
दर्शनीय,8
उपकुलपति,8
वास्तु,8
अम्बा,8
जलस्रोत,3
ढीला,3
शिरोमणी,8
वादिनी,8
गैरहाजिरी,4
अनन्त,8
इतवार,13
खेतासराय,4
मक्खियों,3
जयमाला,8
दमनकारी,8
झाला,26
पिछड़े,4
समंवयक,120
दानों,3
संघर्षपूर्ण,23
हारा,8
गतिमान,3
लिखवाने,66
परमपिता,8
दीप्ती,8
मूर्तरूप,8
स्टेडियमों,46
साढ़ू,119
बेडों,4
पिचकारियों,18
प्राधिकृत,4
सीम,13
सीखेंगे,8
कार्याधिकारी,197
त्रिलोकपुरी,8
भाषणों,8
खोलेगी,96
सारंग,8
छोड़ी,0
जगे,8
निकालेगी,9
प्रान्तीय,151
कोठा,10
लिखवाया,8
दर्शनशास्त्र,8
गोधन,45
फिटर,8
संतो,8
तैराक,3
कमाते,0
चूने,3
निकुंज,8
धमकियों,4
घुटना,3
रस्में,3
कुरीतियां,155
कुचक्र,8
डरी,124
कांजी,3
सटोरियों,21
प्रचुर,3
सिनेमाघरों,8
गगनभेदी,16
लोकसेवा,8
रेहड़ी,20
जयंति,8
सामरिक,4
सोचें,44
पहचानते,0
कुशाग्र,8
गिनाया,4
अध्यनरत,8
पात्रो,4
कब्जाया,8
विंध्य,8
बैर,0
घुमंतू,8
महासमिति,8
क्षेत्राधिकार,4
चेतक,23
हुस्न,0
हीमोग्लोबिन,4
दबाना,40
गुंडई,127
लम्बा,8
मोटापे,4
रिक्तियां,4
झगड़े,0
चौकीदारी,3
रूस्तम,8
सहिष्णुता,8
टकराते,9
निबटाने,171
अंगवस्त्र,151
सजाएं,3
अक्षुण्ण,8
झिझक,8
करनेवाली,0
मिलाई,3
वाचस्पति,8
भ्रमणशील,165
टूटना,3
निन्दा,8
सिखाएंगे,166
जाऐंगे,0
समूल,8
असावधानी,0
मसालों,3
फैलाव,3
नत्थी,8
ऋषिकुल,107
असंख्य,4
लालायित,74
सरलीकरण,4
तनदेही,8
करोगे,0
रचनाकार,8
बलपूर्वक,8
बैठेगी,130
पाटनी,18
फूटे,3
चिपकाया,3
उदयशंकर,137
देगें,0
पहुंचायी,35
छत्र,0
ईनामी,21
तत्क्षण,96
उपराष्ट्रपति,4
बनायें,20
व्यायामशाला,102
परदेसी,0
गुजारे,8
भटकती,165
सौन्दर्यीकरण,67
उगे,159
बिखराव,69
ढूंढना,73
धुरंधर,8
प्रबुद्धजनों,131
मैथ्स,21
सिक्ख,8
कलापों,80
इल्जाम,0
कांपते,24
कताई,94
चिर,37
जमीला,154
दोहपर,19
बायीं,3
ग्लैमर,8
घपलेबाजी,39
मुक्तिधाम,114
चटनी,3
शरणार्थियों,8
शाकाहार,4
व्याकरण,8
लतिका,34
गुंबद,8
औषधियों,4
सिरफिरे,129
नौवां,8
सीखते,0
यजमानों,8
अखण्ड,8
वर्णनीय,44
तोपखाना,8
नवग्रह,8
क्रेता,4
आविष्कार,4
बीमारों,0
अलाप,51
भर्तियों,4
खिलाड़ियों,8
संतोषप्रद,4
बहाई,0
जनजातियों,8
हिन्दु,8
गाइडों,3
संपादकीय,8
विच्छेद,4
अधिष्ठापन,4
काफूर,0
इस्तकबाल,179
वर्तिका,8
बीतता,0
हिंदुत्व,8
फरमा,0
मिलीग्राम,3
अजीबोगरीब,94
दौरों,4
दुधारु,8
माहिरों,4
स्नानार्थियों,8
सामुहिक,8
आजमाया,8
इंसानी,39
कुंडे,0
कोटेशन,4
बहुआयामी,8
मेंं,8
उठापटक,157
बरगलाने,196
दाद,0
दूजे,8
ट्राइसाइकिल,3
तर्को,8
आलेख,8
बेदम,80
जाग्रत,8
भक्तिरस,8
वचनों,8
बुराइयां,38
ताता,71
रामदुलारी,8
कुटाई,20
साहूकारों,4
छुटटी,35
सिनेमाघर,8
छोले,8
झुमका,10
लंगूर,3
गुनी,3
कराएंगी,155
आयें,0
कोमा,4
कमाकर,104
आनेवाली,0
आयेाजन,54
पायेगी,8
गुजरेगी,138
रंगी,195
उतारेगी,4
श्वान,161
रोकेंगे,0
सुनामी,4
गोसदन,79
गाढ़ा,3
कार्यसाधक,0
पत्तन,4
स्वास्थय,3
हाशिए,13
नशापान,145
नीलमणि,26
पचा,14
सराही,8
खिड़की,3
भस्म,3
तेरहवें,8
खंती,11
खयानत,4
आर्दश,25
कंप्यूटरों,4
कांटों,3
वसूलता,28
बैटरियां,4
महानदी,8
लांघ,56
उड़ाया,0
फूलो,3
कूदा,187
वर्गीकरण,4
भूभाग,8
उलझने,6
पुष्पक,8
तैरता,3
उद्घोषणा,4
गिरजाघर,8
सहेज,13
अनुशंसित,4
पारितोष,162
प्रतिष्ठापित,8
उम्रदराज,71
माडलों,4
सरगम,8
करिए,199
विधाता,8
रहस्यों,4
लपेटे,0
झलकती,0
बदइंतजामी,68
अथाह,3
यात्राएं,8
दागदार,94
किशोरियां,37
अंदरुनी,3
सर्वानंद,32
ललकार,0
जगाना,48
पड़ेगी,0
सौपेंगे,4
अविस्मरणीय,8
दालें,3
टोकने,139
मौजे,168
परिपथ,4
भूमाफियाओं,62
ढोंग,8
बुलंदी,8
नोटीफिकेशन,38
नाचन,8
गणमान्यों,8
फंसना,12
औंधे,0
साझे,8
बच्चेदानी,124
फूलबाग,128
अमृतवाणी,4
जलस्रोतों,3
जीतते,8
बहाते,103
काउंटिंग,4
जनसमर्थन,157
उत्तरपुस्तिका,4
काण्ड,8
चमकने,191
निष्ठापूर्वक,0
स्वायत्त,4
मैली,8
सृजनात्मक,8
प्यासी,103
बंदिश,8
छिनने,108
फिरते,0
फंडा,4
फाल्गुनी,8
प्राथमिकताएं,3
उपसमिति,4
बरई,8
मर्म,8
पुरुषोतम,152
चमकाया,8
बुलानी,164
बूंदों,3
तलवारबाजी,184
तामझाम,8
झाड़ू,37
खिंचवाने,96
तीर्थयात्री,8
योजनान्तर्गत,4
शिक्षार्थियों,4
नुकसानदेह,1
बेमतलब,11
त्रिदिवसीय,112
चमके,2
प्रवर्तक,8
गत्ता,3
सौंपेगा,0
समझनी,155
तलाशना,33
प्रशासकीय,4
दिग्भ्रमित,4
बदलावों,4
देशभक्तों,8
द्वापर,8
सिखाते,0
बंदरगाह,8
विनम्रता,0
तर्कशील,44
स्पंज,3
सेंकने,3
अपंगता,198
भिड़े,0
कटेहरी,3
झाकियां,0
पेटिका,13
सूनसान,89
स्त्रियों,0
स्कैनर,4
बर्बर,8
बहानेबाजी,8
कास्मेटिक,3
सेवाभाव,0
सलाना,52
मौजी,133
मांगती,24
गुफ्तगू,0
निर्वाहन,4
लज्जा,8
खोजना,170
रिक्शों,52
गमलों,3
काबिलियत,170
गमन,8
सर्वस्व,8
जनसंचार,4
कंपन,4
रहनुमाई,0
बरसती,0
खीरों,193
दीर्घ,4
ईरा,93
जुड़ने,4
निशानेबाज,8
रजिस्टरों,4
दार्शनिक,4
लौटेगी,3
व्यंग,8
चिह्नीकरण,89
हाजियों,0
अज्ञान,8
तुष्टिकरण,145
ब्रह्मांड,4
सुधारना,0
मानसूनी,3
बंकर,63
निबटा,18
वज्र,8
टेलीकाम,8
अनेकता,4
थिरक,84
छीनाझपटी,1
मनोरथ,8
टिकाऊ,4
सहदेई,8
भूलने,8
डलवाकर,0
पर्वतारोही,4
पीड़िता,124
फिजूलखर्ची,145
कालरात्रि,100
गतिविधिया,34
थरूर,8
कोसने,131
ताई,175
सैंया,135
लौंग,3
गमछे,8
पूजनीय,8
रेडिमेड,148
लादे,0
संप्रदायों,8
संवर,8
कमानी,3
डेरों,0
यशस्वी,8
भिखारियों,4
मखाना,10
चतुर,13
छत्रछाया,8
प्रश्नचिह्न,80
लिपटे,0
सुविधायें,4
रॉयल्टी,4
विरोधाभास,4
शाबाशी,8
पढ़ाती,8
मुलतानी,4
गुदगुदाया,5
चन्द्रमा,3
खैनी,3
भोट,8
इन्ही,8
वेंटिलेटर,46
मोरनी,3
जनशिकायत,8
गाती,8
बजाना,3
नारंगी,3
पिछडे़,4
भागता,75
अकुशल,74
मिलाजुला,8
फ्लॉप,8
यातना,0
प्रतिकार,145
लैंगिक,4
सनम,8
द्रोण,8
घुसपैठियों,4
मटके,78
धर्मसभा,4
उतरती,0
कांवड़,8
कार्यकलापों,4
छकाया,4
असहमति,8
ग्रहों,3
गुटबंदी,45
दायक,3
स्कैनिंग,4
कुरीति,132
फिक्रमंद,4
उभरने,0
सामान्यत,4
अमूल,4
कटती,157
जंघई,23
झोक,0
लड़का,0
अपमानजनक,0
पेचीदा,13
भेजती,4
संजोने,8
टोना,51
नवां,14
मुरझा,3
चेरीटेबल,8
महिलाए,3
घूमना,0
सजन,0
अनुशासनिक,4
छुरी,0
आंतकी,8
पिराई,29
हतोत्साहित,4
स्मृतिचिह्न,190
क्लासिक,8
ओलों,0
मुसलिम,8
मुल्जिम,8
आगंतुक,3
द्रव्य,4
धर्मस्थल,8
प्रारुप,4
बैठें,0
बरता,133
खुमार,157
जाफरपुर,8
गरजा,45
अंध,177
झूमर,70
रेलमंडल,26
बायें,3
अनायास,4
दिखाएगी,92
स्टीमर,0
पुरुषार्थ,8
कालांतर,8
गुमनाम,8
निर्देशिका,13
आरामदायक,0
दोहराने,4
प्रथमदृष्टया,4
फलफूल,8
हौसलों,87
सूफियाना,25
मंगलाचरण,8
मंहगे,4
दक्षिणांचल,4
टिकटें,4
वरियाम,4
चाहेगा,0
बांटेंगे,159
रूकवा,133
तानकर,16
खाट,141
रंगरोगन,4
सेहतमंद,45
खिदमत,42
ज्ञानदीप,62
तंद्रा,0
घुमा,9
उपादान,8
कहार,8
अंकुरित,3
मध्यमवर्गीय,132
नक्शों,3
नौकरशाह,0
ठहरी,82
घूंसों,131
स्वयंसेविकाओं,125
पितृपक्ष,39
उत्सर्जन,4
ढहाया,8
अपशब्दों,157
मुहुर्त,4
सहकर्मियों,4
अनुपालना,4
आपूर्तिकर्ता,4
धीमे,4
बैंडबाजे,168
कव्वालों,142
आगणन,108
झपटने,141
अबला,137
रक्तस्राव,4
चीकू,3
बेईमानी,0
ढिंढोरा,8
विदुषी,8
खरीदता,4
जेवरातों,3
निर्दोषों,41
परिजनो,3
गुल्लक,198
पडे़गी,119
पौधशाला,189
होशियारी,154
वजहों,20
कार्यदिवस,4
शक्कर,3
अनुत्तीर्ण,164
लेटी,139
संयमित,4
नागपंचमी,8
संयोजकों,133
खानदान,0
हीरोइन,0
लुटा,30
सिखाना,4
इच्छानुसार,175
सबर,4
सरोवरों,3
भारतवर्ष,8
आत्माओं,8
उतरवाया,67
परिसंपत्तियों,4
गृहविज्ञान,8
शयनयान,4
बिमारियों,77
गुर्दा,4
गोमुख,8
बहुउद्देश्यीय,8
दयावती,92
जयपुरिया,179
मोटाई,3
मार्कण्डेय,8
हंसाया,70
अफगान,8
बालकनी,3
मोरों,8
रुद्राक्ष,8
राष्ट्रभक्ति,8
चुंगल,23
देवोत्थान,8
त्यागकर,8
तापीय,4
खोट,0
जुटें,2
बुना,3
बेलन,3
भर्तियां,39
क्लेरिकल,118
बिखेरने,155
कर्तव्यनिष्ठा,8
परिव्यय,4
डूबता,42
छक्कों,4
अंकन,4
निराली,8
तालों,3
कवयित्री,8
लखपति,139
जांचें,13
नागिन,8
अशुद्ध,140
प्रयोगों,4
दोहा,8
मर्यादाओं,8
यमन,8
मानवी,4
नायकों,8
पंजीरी,46
गरमाने,4
सहभोज,14
योगीराज,101
चढ़ती,0
रुलाया,27
कारिंदों,21
समझाए,8
जीतेगा,8
भाऊ,19
उपप्राचार्य,160
कृतसंकल्प,74
कुलियों,169
बरसते,0
विनम्र,0
मंत्रालयों,4
हथकंडा,47
बांधना,169
कोठियों,27
वीरानी,0
ताउम्र,191
विपदा,161
प्रबन्धन,4
लाठ,0
अमीना,9
परतें,3
संभलकर,8
बैरल,4
पूछता,13
घूंसे,167
पिलाते,0
संस्कृतियों,8
उलटी,0
कलंदर,70
कटोरी,3
अग्र,3
मृत्युदर,4
राजबाग,8
गिरेबान,0
जमींदारी,4
कालेधन,8
लहुलुहान,141
पुनरुद्धार,4
ठेल,85
मानदंड,4
फिजूल,4
रोषपूर्ण,41
भौंरा,39
निरर्थक,8
जमना,4
बेवफाई,168
श्वांस,191
पूंछ,3
राष्ट्रविरोधी,0
मंजी,8
सम्भावना,0
निखर,50
साहूकार,4
दिव्यानंद,8
कॉज,160
खिलाफत,8
अंधता,189
इत्तेफाक,93
ध्यानाकर्षण,0
तिकोना,3
समझेंगे,151
जोड़कर,4
नजरिये,8
पैगम्बर,8
असामान्य,4
खटास,14
बिताना,8
लोभियों,0
उड़ाने,0
बुद्धू,104
बिहारियों,116
खपाने,4
अमीरी,59
पलटे,0
न्यायसंगत,0
बढ़ाएगा,0
जांचों,46
दिलाती,8
टीशर्ट,3
खेमों,8
पारम्परिक,8
शावकों,3
बेबाक,0
वाशिंदे,9
संतानों,4
सिखाएगी,120
बहुएं,0
दयालु,0
भरनी,0
महामृत्युंजय,162
निपटाकर,68
बाजना,8
विधायिका,4
फालतू,159
पिंक,8
डाकखाने,41
परिवारजनों,31
सत्संगी,113
आदमखोर,136
अविरलता,8
बुलवाकर,122
सखा,8
गुंडे,0
निद्रा,0
चौड़ीकरण,8
योग्यताधारी,89
खोजे,4
जमाखोरी,4
आत्मनिर्भरता,8
संवेदनाओं,8
पीड़ा,4
उत्तरीय,32
विभिन्नता,4
प्रेरणास्त्रोत,8
क्षरण,3
क्रियात्मक,4
बंधाते,150
शायरा,8
अप्रेल,8
बॉक्साइट,3
अभि,13
कूदी,9
मध्यस्थ,4
शालिग्राम,8
खेलो,129
पायजामा,0
पिलायी,0
घड़ी,0
तरकीब,0
आंतक,137
लेखाजोखा,4
लोभी,8
ढोकर,0
रफादफा,36
छमाही,4
छात्रो,4
मुझको,0
सुलझी,194
सोफा,78
चौपाई,8
बिकते,174
प्रसिद्धि,8
लेमन,196
प्रसादी,138
उपचारित,4
प्रतियोगता,4
पीटता,68
कटते,77
चरखा,3
अल्कोहल,4
इमारती,3
झीलों,8
सुधरेगा,43
उड़ाए,0
नर्सरियों,4
बैंको,4
घूमा,8
निपटे,19
टायफाइड,118
भोगता,0
शिल्पकारों,8
सुचेता,8
स्ववित्तपोषित,4
रिएक्शन,174
नर्क,8
संचिकाओं,4
चिपकाने,74
प्रतीक्षारत,108
ओजस्वी,8
खुशाल,189
निभाएगा,105
उतारु,27
दूरदर्शी,4
टिक्का,126
रघुपति,8
चिपकाए,9
पंहुचे,178
खुलवाना,88
इंटर्नशिप,4
अक्षमता,4
गंधर्व,118
मेलजोल,112
मिठाईयों,3
कलेजे,0
खूबियों,39
वर्षभर,3
कुलपतियों,4
मिस्त्रियों,130
पूर्णरूप,3
करदाताओं,13
अभिनन्दन,8
रिकार्डिंग,13
चूहा,3
उपवन,8
निगाहों,0
प्ररेणा,8
निशक्त,175
मापने,4
मानेंगे,0
रामचरितमानस,8
धुंए,3
खोखो,191
ट्रॉलियों,76
चौंकी,184
विश्वंभर,8
अचरज,8
परिसंघ,8
क्रोधित,0
सुघर,51
आयेाजित,11
फागुन,71
सहोदर,9
इंकलाब,83
एलीमेंटरी,8
लाभांश,4
महाअभियान,94
सर्वसम्मत,8
तपोभूमि,8
बढ़ाएगी,8
डब्बा,4
बंजारी,73
श्रेष्ठता,0
थरथरी,3
साड़ी,3
आइडियल,111
बेबाकी,0
दिल्लीवासियों,4
मुचलका,8
उत्प्रेरण,4
जीतेंगे,197
धनबल,8
समोसा,8
उबले,3
स्वास्तिक,8
ऑक्सफोर्ड,8
कुहासे,3
सज्जनों,8
उदार,0
कार्यकुशलता,4
विदारक,8
युगेश्वर,8
बेनामी,69
अटरिया,176
दण्ड,8
कार्यपरिषद,4
किरकिरा,191
बेहिसाब,0
पंचतत्व,43
उलंघन,104
बचाता,0
विखंडन,4
रुपरेखा,8
अतुलनीय,8
चारदिवारी,21
कलशों,112
औद्यानिक,76
हिस्सेदार,148
जनसभाएं,41
अस्थिर,4
थैलियों,3
सकतीं,3
सुमधुर,8
कल्पवास,8
सुरक्षाबल,33
घोंपकर,8
दिलाएगा,4
छिपने,0
रेलयात्रियों,3
रंगने,3
ज्योतिषी,8
उज्ज्वला,54
पहनावे,3
डोरे,0
उबल,0
कटवाकर,12
जातियां,8
कुन्तल,13
समझाई,0
चंडिका,8
चबाने,3
धौला,56
जुम्मा,24
पारो,8
धोएं,3
सफेदा,3
हराभरा,0
हिंदूवादी,195
परलोक,0
पुनर्वासित,8
लिखाया,8
याचिकाएं,4
वृज,107
सेनाध्यक्ष,8
जनक्रांति,8
शीतकाल,3
आशंकाओं,4
स्फूर्ति,44
श्यामसुन्दर,8
लहलहाती,147
प्रेमदास,4
लंढौरा,74
कटेगी,8
पंचामृत,3
बमों,13
कृत्यों,4
भाईजान,88
उदारता,8
निकलवाए,37
सरांय,8
किलकारी,4
घिनौना,187
कामनाएं,8
निर्बल,0
पनपता,34
कराहते,8
अधिभार,4
गुझिया,90
इशिका,191
तूने,0
हस्ती,0
मिन्नत,4
छलने,169
दीयों,8
मंसूबा,42
कार्यमंत्री,8
होड़,4
समावेशन,4
विरुद्घ,199
दृढ़ता,4
ट्रेने,8
भुक्तभोगियों,28
जिन्न,0
सामयिक,4
देखनी,72
नाद,8
जनाजा,8
त्रिलोकीनाथ,36
कराओ,0
पाठों,4
गरबा,3
दस्ताने,3
मारती,3
बाबूजी,184
सप्तक्रांति,8
अन्तरराष्ट्रीय,4
घुमने,8
दांपत्य,8
बिताई,8
कर्मयोगी,8
छठीं,8
जन्मस्थान,8
उपहारों,8
रचनात्मकता,4
करतूतों,0
फलदायी,8
महाशक्ति,4
धर्मावलंबी,8
छारा,0
अव्यवहारिक,31
गंवाए,4
बंबे,3
तलाशे,24
अभिरुचि,4
प्रेरणादायी,8
हटाएं,20
इच्छाओं,0
ओढ़ा,0
बचायी,8
सुगंधा,3
अर्थदण्ड,4
बीड़ी,14
पांडियन,85
मापक,3
संघचालक,8
बनिया,8
उपजी,4
मजलूमों,19
रोकता,0
संस्तुतियों,4
लगवाते,4
निरन्तर,8
जासूस,0
फासले,156
तात्पर्य,4
भैयादूज,13
धर्मनिरपेक्षता,8
देखीं,163
पर्यावरणविद,199
पत्तल,3
प्रगाढ़,8
जमाई,43
गर्भधारण,4
भूलवश,11
पूर्णता,8
चक्रवात,4
कसता,59
तैरते,3
शख्सियतों,100
यौवन,8
विभव,4
चिन्हीकरण,150
शोधकर्ताओं,4
सौंधी,4
जिंदगियां,69
बैठाई,3
सींग,3
सरक,43
तेजवंत,71
ईंटें,12
सुकांत,115
संबंधितों,8
काना,126
गाउन,101
निशि,8
इनमे,4
तापते,7
सन्यासी,8
बहाए,0
पुश्ता,68
भीगते,184
पत्रिकाओं,8
साढ़,8
रणक्षेत्र,8
भिन्नता,4
प्रवेशद्वार,8
परिलक्षित,4
तुरहा,120
छाते,10
उपासक,8
हुलास,161
शीरा,0
कप्तानों,24
घुट,0
कुर्ते,0
सदाबहार,0
गूंगी,125
सांध्यकालीन,4
टहनियों,3
सुरीली,8
उपमंत्री,4
बचाओं,174
अधिष्ठान,3
हिन्दुस्तानी,8
गंभीरतापूर्वक,0
चढ़ाना,3
कम्यूनिस्ट,8
गुप्तांग,168
तारिणी,115
नियमानुकूल,152
नाटककार,8
होतीं,3
निवारक,4
बूंदी,8
ऊंटों,26
धर्मांतरण,0
नूपुर,46
नेतागण,54
मोबाइलों,30
वंचितों,8
अंतर्राज्यीय,57
छिपकली,3
कमलापति,8
यत्न,8
लिखापढ़ी,58
हंसने,0
पदमश्री,16
पैरोकार,98
उगने,3
राममंदिर,8
लौटीं,0
पटकनी,3
हांफ,8
अकूत,8
रखो,0
पचपन,168
गामी,177
बिग्रेडियर,105
पिंजरा,26
जादुई,8
अलंकार,8
अप्रवासी,8
जताकर,82
चेष्टा,8
संपन्नता,57
सूदखोरों,126
शाकिब,8
भगदड़,39
चिंताएं,4
बट्टा,4
दुष्परिणामों,4
दिखाएगा,0
मुद्रिका,8
भाइचारे,4
सवैया,8
तारामंडल,3
खोलें,2
फलीभूत,52
पलटकर,0
उलझकर,157
पूंजीपति,4
प्रदर्शक,8
झिलमिल,3
लिटा,4
बोलचाल,8
तिरछी,3
अर्धनग्न,3
बिछने,0
जूझता,8
जगराज,18
हमार,0
दरियादिली,24
अवैधानिक,74
बैठीं,42
भरावन,3
वाल्मीकी,20
भरपेट,9
डिलिवरी,13
कारे,4
अंगवस्त्रम,22
छापेमार,0
प्रारम्भिक,8
कमाए,0
संधारित,73
डाकिया,151
उलटफेर,0
कठिनाइयां,4
खारे,3
कोकिला,8
बीसीसी,4
औरतें,0
भटका,0
भूसी,3
संगमरमर,8
हिरणों,8
लहरें,0
खमियाजा,150
खोये,8
खुलीं,128
गिरजाघरों,8
मनगढ़ंत,102
टंगा,38
विषमता,0
चटकी,115
बिरहा,32
कसकर,3
लिपटी,3
लुढ़का,84
राकेट,4
निरीह,23
योनि,3
समाया,51
मुंडारी,0
अजान,8
गैसों,4
कल्याणार्थ,8
ऐश्वर्य,8
मुर्गियों,6
समाजसेविका,8
छटपटा,20
छतें,0
वंदेमातरम,8
संघीय,4
युक्ति,13
तनावमुक्त,4
बक्श,8
टाफी,158
अनादि,8
कनिष्क,8
दौड़ा,149
समोसे,80
पंजोखरा,185
संदर्भित,4
बाढ़ग्रस्त,150
क्षमताओं,4
पगडंडियों,3
जनमुक्ति,0
गुमनामी,53
शोधपत्र,4
उतरवाने,36
नवाया,22
बेशुमार,0
औजारों,4
सूखते,169
ओहदे,0
शालीन,8
दुर्घटनास्थल,140
चुस्ती,70
टेरी,8
मूल्याकंन,4
कृपया,13
मिन्नतें,8
डिब्बी,195
कढ़ी,14
हर्षदेव,154
हरिकीर्तन,10
उत्पाती,8
परदे,0
पुष्पगुच्छ,3
सत्कर्म,0
जरुरतमंद,55
मुआयने,25
नंगी,0
भगाओ,0
तोप,8
लाजवाब,0
रूहानी,0
चिंतनीय,8
कारो,111
निहायत,0
टंगे,191
तमगा,8
हाशिये,18
विजिटर,133
चेकबुक,85
बेचनी,63
इंजनों,4
पहुंचेगे,45
तैरने,3
उठवाया,143
देवशरण,75
महात्म्य,8
पककर,14
सम्बोधन,8
मनचाहा,112
प्रेमवीर,4
आंकडे़,54
सुखों,8
घनघोर,185
शरणम,4
अनुशरण,8
करेंगें,0
देवालय,3
रॉकेट,4
कसमें,0
झपटा,11
तलवारें,8
कारज,95
पेटेंट,4
भूचाल,0
कार्यकलाप,4
हमसफर,8
इत्तफाकिया,15
अपवाद,4
दुनी,50
विजयश्री,8
जंजीरों,171
कोण,3
भौचक,104
असाधारण,8
फैंक,199
अवांछित,4
कुचलते,3
वैसाखी,124
अम्पायर,8
कुपवाड़ा,122
कलयुगी,151
रहनेवाली,0
वारे,97
लेप,3
सुशिक्षित,8
जर्जरता,8
दहाई,0
गीले,3
कटवाया,138
भिड़,0
असंतोषजनक,4
देखेगी,13
मुखौटा,8
कलेंडर,118
थमे,47
अंगिका,51
देवियों,8
जगने,91
स्वरूपा,8
शुभचिंतकों,8
कुकृत्य,150
चप्पलें,94
आपदाग्रस्त,8
अनियोजित,4
त्रेता,8
पुस्तकालयों,4
जैनेंद्र,8
कंपकंपी,3
मजनू,54
मानदंडों,4
बहाकर,3
गोधाम,173
सतनारायण,67
प्रदर्श,197
दीवानों,99
धवल,8
खरीखोटी,8
शामलात,131
अंगूठियां,16
छिपाया,13
अमोनिया,4
चप्पलों,174
विभू,59
निहारते,134
खुलेंगी,4
युवको,18
संवेदनाएं,25
गुजरेगा,142
इजाद,3
जन्में,8
किस्सा,0
सहते,8
सीबीसीएस,55
राज्यस्तर,76
ठिठुरने,174
फॉर्मूले,3
तीर्थराज,8
दिलेरी,135
बुझी,0
बहरी,8
सदस्यो,8
बिगड़ी,171
उलटे,0
किलों,8
रिश्तेदारियों,4
द्वितीया,8
गुनहगार,26
सताती,17
प्रपंच,4
आदम,0
बंदों,112
ब्योरे,161
शासकों,8
नापने,4
सुनती,0
लेटकर,26
बेकरार,163
मानवरहित,4
खुरपका,31
अबूझ,20
गत्ते,4
बेहिचक,4
सलाहाकार,175
प्रशान्त,8
झरने,8
पातीं,3
खलनायक,8
फिनाले,4
पांडु,3
पाईं,177
विवाहोत्सव,4
गिरेगा,63
रक्तरंजित,8
शौहर,0
तंदरुस्त,159
खटखटा,171
जगदम्बिका,135
भीगे,71
मरना,0
कौटिल्य,8
रसीदें,4
गुने,3
कर्मियो,10
जन्मजात,4
यज्ञोपवीत,8
फूटने,3
दीवानगी,0
जिहाद,0
संरचनाओं,4
साइफन,3
अंधापन,189
समेटकर,199
स्थिती,4
राजसी,8
भटकाव,2
सावरकर,8
विर्मश,4
घटाव,3
ठण्ड,3
खार,8
मीन,3
उभरती,4
शिवम्,186
चौड़ा,8
मुफलिसी,0
भ्रांतियां,74
सेवाकर,4
सेनाओं,8
बताईं,148
मर्द,0
पॉलिथीन,3
सूदखोर,22
चटका,3
सजधज,0
गुब्बारों,3
स्वयंभू,8
अशुभ,0
दागने,129
एकबारगी,0
कार्यक्षमता,4
क्षेत्रो,8
वर्तन,143
प्रतियों,8
निरपेक्ष,4
जमावड़ा,8
चाव,8
आवेदनकर्ताओं,133
ग्वाला,8
पितामह,8
समाजसेवक,8
देशप्रेम,8
पहुंचाएगी,19
बीतते,6
बिल्डिंगों,4
दादू,8
मंत्रिपरिषद,4
गेहूँ,3
सजना,73
पढ़ाकर,36
सदाकत,0
राजतिलक,8
तदोपरांत,8
जहान,0
पायलटों,4
डॉक्यूमेंट्री,127
समाए,18
बटों,32
प्रयोजन,4
चिल्लाना,145
प्रियव्रत,75
आकांक्षाओं,8
मुवक्किल,126
नृपेंद्र,58
पाँच,8
कुप्रथा,13
सीरत,3
देवस्थान,8
कत्लेआम,8
मोतीचूर,3
मिटाया,13
सर्जनों,4
छन्ना,9
अतंर्गत,74
मालियों,73
सटकर,26
थोपने,4
बताएगी,4
कंपा,117
संबन्धित,8
तृप्त,4
रूबीना,141
स्वीकार्य,4
गिनी,8
योद्धाओं,8
सबंधित,4
ज्ञानवर्धक,4
मंडराता,8
शयन,8
दिशानिर्देशों,4
रंगबिरंगी,8
वित्तरहित,1
चिन्हांकन,13
सतयुग,8
वेतनवृद्धि,4
संवदेनशील,3
थोपे,0
जमानतीय,93
पूंजीवादी,8
घुटन,0
उतराता,106
फतवा,8
गढ्ढे,3
तोरणद्वार,3
नबाव,8
मंडियां,148
शोषितों,18
मनुहार,3
फेरों,0
पेठा,3
दखलंदाजी,23
धकेलने,165
देवालयों,8
व्यवसायीकरण,4
गणेशोत्सव,0
चुस्की,194
योगगुरु,8
बांधते,3
ताजे,3
टैक्सियां,4
अनसुलझे,8
रामायणी,142
दासी,0
लौटेगा,36
थके,84
टहनियां,3
साजिशकर्ता,4
कितनों,97
सेबी,4
टकराए,8
बला,0
पट्टियां,3
फलां,60
छटनी,119
जरुरतमंदों,14
मिलाए,3
प्रहरियों,0
रचते,0
वफादारी,8
ढेला,3
हलवाइयों,12
झाड़,3
करायेगा,151
बंधों,3
रचयिता,8
पंहुच,4
आत्मप्रकाश,0
खाताधारी,18
अधिगृहित,4
विभूषित,8
अंगीठी,3
भूगर्भीय,77
गिनाने,88
खलती,164
ऋणों,4
डालेगा,0
तलाकशुदा,30
प्रत्यूष,170
देनेवाले,0
ताव,47
लटकाकर,102
नीतिया,4
कछुओं,4
विकृति,4
स्थानातरण,8
आदमियों,0
विशुद्ध,8
पूर्वाहन,59
घेरेंगे,68
गन्दगी,0
भ्रांतियों,54
बूढ़ों,0
डायलॉग,13
घूरा,47
जिज्ञासु,8
प्रभुनारायण,8
वजनी,77
भण्डारे,8
दादागिरी,134
विजयदशमी,8
जनाजे,73
स्मृतियों,8
दुरंतो,4
पदचिन्हों,0
पहाड़ों,8
अधीक्षिका,180
टरबाइन,3
खूबियां,139
दुर्भावना,8
रक्षामंत्री,62
पुलिसवालों,39
सुधारे,51
भारोत्तोलन,8
यूनाईटेड,8
सूअरों,3
मॉड्यूल,4
बिखरने,143
बागची,8
एथलीटों,8
संकरे,3
महानता,8
गटक,197
पोत,4
वैशाख,8
सिद्धिदात्री,8
वामदलों,33
पोस्टआफिस,50
खामिया,125
फैलाएं,70
दिलवाना,8
थैलों,85
शांतिमय,4
कड़ाके,91
वाचनालय,4
निखरती,3
फॉर्मूला,4
जुलूसों,22
रंगकर्मियों,8
मकबरे,8
उन्नतशील,4
ठूंसकर,145
बेदखली,162
हटेगी,182
अम्बाला,8
विधिविधान,8
न्यारे,26
बैठाना,134
स्वाध्याय,8
फरमाइश,0
जनपथ,4
नेत्रहीनों,8
आध्यात्मिकता,8
वर्षापात,93
शहजादी,195
गोष्ठियां,4
गजक,3
विध्वंस,8
सरजमीं,8
पुर्ननिर्माण,8
मछुआरे,159
यथोचित,4
राजकोट,4
अगुवा,13
शंकाओं,4
धोया,3
मनू,8
भद्दा,0
मूत्रालय,3
थोपा,74
कृपालु,0
भाजी,82
मैत्रेय,8
सेवायत,8
उदारवादी,8
दिशाहीन,24
खोलता,13
फली,3
इंद्रियों,4
घूमी,47
ददरी,106
कब्ज,4
धब्बा,3
उतारें,139
सजती,113
कारीगरी,8
भैरवी,8
जोरी,172
पनपते,3
एकलौता,8
गौरवमयी,60
बदलवाया,163
मसरूर,156
डरकर,13
चूर्ण,3
गुंजा,107
बटवारे,8
लम्बाई,8
महंतों,0
अनन्य,4
जिंदगियों,0
बिजनेसमैन,82
संजो,137
असेंबली,4
झूलती,3
भरोसेमंद,4
पदमुक्त,4
सचित्र,29
गेस्टहाउस,8
पापी,0
माताजी,8
आत्मानंद,115
तने,3
विश्रामालय,69
गुजारते,3
छुड़ाने,0
बेझिझक,61
उबालकर,3
शब्दावली,4
कम्प्यूटरीकृत,4
निर्वाध,150
जेबकतरे,187
किफायती,4
धुंधली,3
मान्यवर,149
पशुपतिनाथ,76
सुधरेंगे,0
अरसा,0
अभिलाषी,137
पराक्रम,8
सांडों,197
निरजन,72
अयोजन,4
मूंछ,46
युनुस,0
रंगशाला,8
क्षेत्रांतर्गत,4
ढोते,0
नोबल,8
घटाया,4
दुल्हा,90
संवाहक,161
छूटते,0
परचा,3
बैठाते,189
अधिष्ठात्री,8
पहुचेंगे,8
नजमुल,139
वृत,4
पदचिह्नों,157
सहतवार,22
ठूस,143
इकाईयां,48
पीपे,3
धुआंधार,8
देवाल,8
बढ़वा,0
प्लाई,34
अचूक,8
सेंक,3
तौला,0
मनचाही,0
पंडिता,8
सूर्योपासना,8
राहे,0
जताए,171
टोपियां,3
प्रतिभागिता,4
नेताओ,8
पीया,136
बसाई,0
मंगलकामना,60
जटिया,75
महीन,3
जहन,76
बाड़ा,3
न्यारा,80
बेईमान,0
महापरिनिर्वाण,8
नुपूर,8
पढ़ो,0
रूची,125
रुपाली,196
पर्चो,126
उपनियंत्रक,145
सुमति,8
प्रचारिणी,8
स्थापन,4
बटाई,122
चारित्रिक,8
टकसाल,8
भटकाने,23
खिलाते,0
कुंद,76
मदारी,8
बेंचों,112
गुणी,8
गुलदस्ते,188
समन्वित,4
तसर,142
प्रेमानंद,8
खिंच,9
कशमकश,8
निर्जन,8
आमलोग,8
आदिनाथ,8
शत्रुधन,147
छिन्न,28
त्रिमूर्ति,8
प्रक्रियाएं,4
चक्रपाणि,8
झटक,71
निभाएगी,8
पिघल,3
नवाचार,4
कर्मठता,8
ट्राफिक,4
दर्शनी,56
सुझाया,13
कुक्कुट,3
फुफेरे,8
कहिए,0
उठो,0
पीताम्बर,8
खाये,3
लगायें,3
चुनते,4
कुवंर,110
सुधरा,4
मंजिले,26
कहो,0
लिखावट,18
याचिकाकर्ताओं,199
विषैला,4
पढ़ाता,184
कंजूसी,0
जन्तु,3
ताती,5
फीसों,143
बुद्धिराम,8
किलोलीटर,27
रुबरु,0
विडम्बना,8
कानी,115
देवयानी,8
उंगलियों,3
आवरण,3
चरवाहों,8
कानन,67
कृतज्ञता,0
अधिगम,4
सट्टेबाजों,35
अद्वैत,8
हालंाकि,70
हरख,141
चीरा,3
जताना,0
जीर्णशीर्ण,82
पादुका,8
तेइस,25
जेबों,113
झूलने,9
खिलाना,0
आवेदनपत्र,4
झंकार,36
टालते,142
मनाती,8
देखिये,8
जनसंघर्ष,4
उद्घोषित,134
डिजाइनों,4
सोसाईटी,40
पुर्नगठन,164
फुल्की,97
बगलामुखी,77
टलने,65
दखलअंदाजी,179
हरगिज,110
खोखली,3
लौहनगरी,139
डलिया,3
बेरहम,102
बंधने,4
झलकी,16
भूलें,0
मीठापुर,67
दायीं,3
खेमराज,176
कयासों,158
कपट,75
अपनायी,4
मंधना,196
तत्कालिक,57
दिवाना,113
सीलबंद,3
बुलाये,8
विजयगढ़,8
मस्तक,8
निराले,0
भोगना,145
मनाता,8
चादरों,3
नाको,4
निर्वासित,0
नर्तकी,8
बारूदी,8
प्रौद्योगिक,4
पुष्पों,3
निरंतरता,4
जड़ा,3
दुग्धाभिषेक,3
खूंटा,89
वर्ण,4
सन्यास,8
पुनर्मूल्यांकन,4
शोधकर्ता,4
तीर्थस्थल,8
कराहती,47
अफेयर,8
गिरनी,88
नोकझोक,168
परदा,0
अफगानी,0
घसीटकर,0
आतिफ,54
गुमसुम,176
सिवाए,0
पीरजादा,174
वफा,0
खिलाडिय़ों,77
नायिका,8
विकासखंडों,8
तांत्रिकों,88
बुत,0
शर्तें,4
हिमस्खलन,19
किरदारों,8
विघटन,4
नसों,4
सोयी,83
बनवाते,136
चक्रों,4
मिस्ड,55
उत्सवों,8
भेट,0
पैना,4
सगा,194
भतेरी,153
कमलाकर,8
भौंचक,101
पूर्णानंद,8
तार्किक,4
कुल्फी,48
चहक,175
खिलाए,0
कठायत,100
रजिस्ट्रियां,86
घेरते,3
अजंता,8
वशीभूत,0
पुस्तैनी,31
पूर्णचंद्र,39
हाकिमों,0
पावती,4
अखरोट,3
मारो,0
खच्चरों,4
टेपों,160
उपप्रधानाचार्य,4
फूलमालाएं,40
गिराना,74
छिपाए,0
आलोचक,8
दुखदायी,6
फलाफल,0
प्रतिद्वंद्वियों,8
डेरवा,8
दोषपूर्ण,4
चुकाया,8
नागार्जुन,8
डैनी,8
सोचती,0
उदारीकरण,4
धामों,8
झाडि़यों,33
आमीन,51
वीकेंड,139
मृग,3
संयोगवश,8
समाचारों,8
पुकारते,0
जहांआरा,97
तकादा,21
मारूफ,148
स्थगनादेश,114
छापर,3
लूटते,141
पटका,0
तानाबाना,116
जनतांत्रिक,8
अवैतनिक,8
सिखाये,8
धनौली,77
मकरंद,3
सारंगी,107
फहराएंगे,8
सरे,0
स्टूल,8
सजदा,0
रुकेंगे,197
चाहेगी,4
राजमा,8
विद्वेष,0
रूपेण,4
कव्वालियों,86
कसक,165
ओढ़े,136
नुस्खे,3
योजनायें,4
एकाग्र,0
सरीखा,198
परीचौक,8
झांककर,90
सुराही,3
पादुकोण,8
घनत्व,3
वारा,4
राजलक्ष्मी,8
बीजा,8
यांत्रिकीकरण,100
पाखंड,157
खेलेगी,8
हस्ताक्षरों,4
पके,3
पौष,8
पद्धतियों,4
आक्सफोर्ड,8
अगम,8
देवो,8
बिरयानी,36
पहनते,3
प्रोमोशन,8
बायपास,4
सिद्धपुर,0
जनसुविधाओं,125
अलंकरण,8
मंजूषा,8
छिटक,8
सुयोग्य,8
नानकी,8
वृतांत,8
यौगिक,4
अलताफ,164
निहत्थे,0
परंपराएं,8
आधारहीन,28
गलने,3
बिठाए,161
परखचे,93
सर्वथा,8
डोले,8
हस्तलिखित,8
इहलीला,8
गिनने,3
गरुड़,8
अधिकरियों,30
झेला,8
महारथी,8
कटुता,8
गुड़,3
घमंड,0
कैलाशी,176
उगलने,8
सुनाएंगे,180
तारीखें,105
जानेमाने,8
आयो,3
बौने,3
जांचकर्ता,13
संबंधन,35
अपनाये,0
गौण,4
शोरी,8
वनभूमि,4
बालियों,3
ईजाद,0
त्रयोदशी,8
हेलिकॉप्टर,4
निपटाना,74
बढ़ाव,3
कुम्हारों,154
हैलीकाप्टर,0
मुददे,4
झोंककर,8
पछतावा,0
छात्रायें,25
व्यसन,4
अहम्,8
दिली,0
अहंकारी,90
सबंधी,96
कुर्बानियां,0
मंजिलों,3
करायेगी,69
रामभक्त,8
कंडे,3
मावे,176
बतादें,17
सर्वाइकल,3
तुमको,0
जनभावनाओं,8
प्राधिकरणों,4
प्रणामी,4
सिद्धी,8
पृच्छा,4
अप्राप्त,128
नाहक,0
चिह्नों,4
सांसों,3
सहर्ष,8
केसाथ,165
फुर्ती,190
मानविकी,4
बंधुत्व,8
सुनीति,1
प्रबंधकारिणी,4
गौरक्षा,145
दुत्कार,165
अलकायदा,8
काटती,3
स्ववित्त,28
चुटकुले,44
आगबबूला,199
अगामी,40
तना,3
लहराए,98
आयातित,4
जीतो,8
घोलकर,3
शीतलहरी,3
दिलेर,0
कैलोरी,4
पिरोने,122
खरीदेंगे,4
सत्याग्रहियों,8
घोंपा,0
धनवान,8
मरता,140
टिप्पणियां,8
संगर,159
अगाध,8
पहचानना,4
अपरिचित,13
धकेला,3
इष्ट,8
दूकान,160
उछला,145
बेचें,109
आंवले,3
समुंद्र,8
अपनाएंगे,67
देही,0
गहराती,149
सहस्रधारा,3
लूंगी,136
आद्रता,3
पक्षपातपूर्ण,8
बजता,8
तूती,4
लीलाएं,8
दनादन,143
तख्तियों,0
मतभेदों,8
बिखेरेंगे,124
दमनात्मक,50
गुमानी,8
पिलानी,8
नैसर्गिक,8
उदभेदन,192
मुजरिम,0
सरंक्षक,8
पुनर्गठित,4
मूर्छित,0
रूठे,28
चलचित्र,8
श्लोकों,8
गफलत,13
अवेहलना,144
जयललिता,8
जलना,3
घिनौने,111
बिजी,4
मनबोध,3
जलाये,61
सुखाकर,3
सक्रांति,8
नामांतरण,140
प्रोडक्ट्स,4
अभयानंद,149
अलोकतांत्रिक,45
शुभांरभ,8
लेड,3
दम्पति,63
स्लेट,3
केमिकल्स,174
भट्टों,3
अड़े,0
चलवाया,8
शहजादे,0
निराई,140
सताए,0
ढहाए,22
गिरीराज,173
देवगण,8
जलवाए,17
रुकता,4
पदार्पण,8
पोलीथिन,160
ढाकी,141
रगों,83
चट्टानी,8
कतर,8
खूबी,0
विलोपित,13
नमस्ते,13
निहारने,8
खातेदार,4
बसते,0
टमटम,19
कसूरवार,17
इलायची,3
नंदादेवी,8
छिलका,3
स्वरचित,8
जूझती,0
सूरमा,3
डिग्रियों,4
अंडमान,8
रहूंगी,22
बैंकिग,4
आवश्यक्ता,178
पिटे,55
ढाया,0
हैें,11
उपमण्डल,8
भूखों,51
औकात,164
पुरुस्कार,8
क्यारी,3
चिट्ठा,8
बदनीयती,57
हुलिए,136
कुंडों,3
इनदिनों,64
निकालेगा,8
शिकवा,0
विधिपूर्वक,4
भांपकर,175
संकुचित,4
वनरक्षक,8
मैथिल,8
रिहायसी,4
पहरेदार,186
प्रदर्शनियों,8
विप्र,8
गाँधी,8
चेला,107
अंडों,3
सेवाभावी,8
भंडारित,4
आबंटित,4
मुक्केबाजों,3
वृष्टि,3
खुदवा,70
समझाबुझाकर,8
सुफल,43
घबराई,0
प्रोद्योगिकी,4
संजोया,8
बोलेंगे,0
हौजखास,157
निर्ममता,90
तबकों,4
राहें,0
अमादा,178
इतवारी,21
पुर्जा,164
डिजायन,94
ढाले,117
खिलाडी,8
हिली,49
बैलट,164
अब्दुस,42
वेश्यावृत्ति,104
गागर,8
मिलाना,136
आरे,54
बनायेंगे,50
कुल्हाड़ी,0
अछूती,0
बंधनमुक्त,119
मुकरने,8
पाटीदार,8
अनुजा,57
देखेगा,0
जीवात्मा,8
घिरने,144
अवांछनीय,4
घराना,51
जेबकतरों,8
जिज्ञासाओं,115
भाबर,3
हांडी,3
ध्वनिमत,0
घटनायें,73
पहलु,39
पनबिजली,4
कमलों,3
चरवाहे,0
मेढ़,130
थामी,156
आर्थोपेडिक,3
संताप,0
समभाव,8
चित्कार,174
मद्यपान,0
लहराकर,140
शेडों,150
मल्टीमीडिया,4
पहुंचाएगा,104
गंगेश्वरी,142
सडकों,8
मालन,48
पारकर,8
उन्ही,0
बेइज्जत,158
पर्सनेलिटी,8
गिनाए,0
चिन्मयानंद,8
स्वान,8
नवजातों,4
सींच,4
जिलावार,48
भेदभावपूर्ण,35
भीगा,2
रूधौली,4
निर्मोही,8
गुजरेंगे,126
ताकते,65
मामू,0
कूल्हे,3
पालते,117
स्वायत्तता,8
लपेटकर,3
उड़ाई,0
किसलय,73
प्रार्थियों,4
सिसक,194
पुनर्जीवन,28
बहसबाजी,56
ढालने,8
सिखाएं,30
मर्यादित,4
त्रियुगी,156
शरणस्थली,8
छठें,3
पुष्टी,2
सुरा,4
निचला,3
श्रीराधा,129
धमकाना,123
बिताते,3
सस्वर,194
गर्जना,6
उठवाकर,57
विवेकाधीन,4
पुरखों,70
साक्षरों,0
चिरंजीवी,8
रोकनी,4
भांबरी,184
परिसंपत्ति,4
कुर्ती,112
मांसपेशियों,4
हलुआ,148
सिमेंट,4
महानगरी,8
समझौतों,4
बाल्टियों,3
महाभिषेक,88
गंवारा,48
खिल्ली,8
दुधिया,111
अजेय,8
दुर्गोत्सव,36
नौकायन,8
मालिश,4
जुगाड़,6
ओलम्पिक,8
ललकारने,98
त्रि,4
सुधारें,13
देहदान,64
शूर,8
उमड़े,51
रचनाकारों,8
शीतलता,3
ढांक,71
तीरंदाज,3
मिथ्या,8
ठिठक,13
रूकावट,0
स्याह,0
सपाटे,155
तल्लीन,8
बीजोपचार,3
द्रवित,3
ठहराए,0
यकीनन,0
फूलगोभी,81
ब्रह्मचारिणी,88
मांसाहारी,3
कटना,0
फिजीकल,165
लेबिल,189
कामेश,0
धोते,169
वहशी,0
कैथा,19
सदमें,0
मोटरसायकिल,110
अपनानी,13
क्रमबद्ध,4
पहचानें,89
चिकनगुनिया,7
छपवाने,34
बालगृह,80
समझाएं,111
निकालता,0
सलीके,131
युगलों,196
खरबूजा,4
तपेदिक,4
कयामत,0
घोटकर,3
नापजोख,189
प्रतिस्पर्धाओं,8
रथों,8
तिरछा,4
अतएव,8
सनबीम,159
पुस्तकालयाध्यक्ष,52
मेवे,3
स्पर्धाएं,8
ताबड़तोड़,0
लोकलाज,15
सेंकते,3
झलकियां,96
भौतिकवादी,8
आशंकाएं,3
कब्जेदार,154
बौछारें,3
जनाधिकार,116
जनआंदोलन,8
गदा,8
निपटाते,125
हत्याकाण्ड,8
टांगे,0
खोलती,4
जेआरएफ,41
बंधनों,8
तनावग्रस्त,4
खाओ,0
जनोपयोगी,4
सोचनीय,175
मटमैला,3
डेसीबल,4
श्रद्धांजली,8
ठुमरी,3
पूर्णरूपेण,8
खैराती,90
खोते,145
खातिरदारी,97
बुझे,4
महापुरूषों,8
बिपाशा,8
घग्घर,94
दिलवाले,8
खिलाएं,3
मुद्राओं,8
क्लियरेंस,4
दर्शनार्थ,8
पैदाइश,0
जोडे़,114
कांपने,3
महीप,8
ताजगी,0
दुआओं,0
गीतांजली,4
अग्निपरीक्षा,8
कामनवेल्थ,8
निभाकर,8
तैरती,8
चलिए,13
अठखेलियां,8
मंत्रोचारण,3
जेएसपीएल,38
उछाला,132
गुरुमुख,8
शिकन,0
सैन्यकर्मी,4
क्वायल,104
कवियत्री,8
इमानदार,33
बुझाना,21
विशम्भर,101
फेकने,8
हेर,0
बाटकर,188
खटपट,19
शेरकोट,8
थकावट,4
फंसती,131
पैंतालीस,101
पिटता,157
साधकर,4
कैमिकल,4
अदाकारी,8
समस्याओ,114
म्याऊं,16
उठेंगे,0
जाएंगें,0
संशोधनों,4
कबाब,3
इत्मीनान,0
निपटेगी,66
तैराकों,3
नौलखा,51
अधिनियमों,4
कर्तव्यनिष्ठ,103
ठाठ,0
टूटेगा,9
ह्रदय,4
इन्तजार,157
अनसुलझी,140
गणितज्ञ,4
कृपाण,69
सराहते,84
मूल्यवान,4
धर्मगुरुओं,8
दरिंदे,19
बफर,4
डालडा,50
अणु,4
रमानी,13
पहुँचा,0
ठहरते,115
ब्राह्मणी,8
रेगिस्तान,8
बतलाया,8
बंदूकें,8
खरगोश,3
सीखकर,8
सफेदी,3
सुतली,3
अधिवक्तागण,190
शून्यकाल,30
मुलाकातियों,94
अष्ट,8
तिरस्कार,8
प्रतिशतता,4
मुख्यमन्त्री,4
झूलकर,108
छत्रधारी,8
पंजों,3
दवायें,4
हजाम,0
अखर,82
जन्मदाता,4
उखाड़,0
महंतो,95
भूतत्व,4
व्यवसायों,4
डांटने,83
शहतूत,3
चश्में,0
दुल्हे,55
परिंदों,0
चीखते,96
भागमभाग,24
गवारा,4
छापी,13
खंगालना,4
प्राचीनतम,8
बमबारी,8
महामंडल,151
स्वजातीय,16
भाऊपुर,4
ओहदा,4
रिपुदमन,185
नुपुर,17
ईगल,4
केंचुआ,4
पिछड़ी,4
उतरवाकर,60
नाथी,94
जीवनलीला,88
होंठ,3
विजिटिंग,4
प्रतिष्ठापना,8
राजेसुल्तानपुर,8
काठी,3
सुरुचि,66
इंतजामात,13
रेंगती,8
उबला,3
परामर्शदात्री,4
लौटता,0
चीखें,157
अंतर्कलह,85
निवाले,38
अमुक,3
न्यायवादी,42
किंगफिशर,4
नेतागिरी,86
फोड़,178
सत्ते,137
गृहमंत्रालय,8
थमाकर,0
जोट,150
स्वर्णलता,4
उजियारा,63
फलाहारी,8
मेंबरशिप,3
सुहाने,0
शिक्षाशास्त्र,8
पिटायी,186
वसा,4
नवचेतना,8
दुगनी,96
पैंसठ,4
टोटियों,17
फटाफट,9
विश्वबंधु,8
कौआ,138
जटा,8
मुखालफत,23
दरिद्र,137
ज्योतिसर,8
चरमराने,121
दरख्वास्त,0
नौरंग,0
प्रस्तावकों,196
कहानीकार,8
फुहारें,136
करदाता,4
अटपटा,61
तारो,13
इसलाम,0
फुलवारीशरीफ,93
कुंठित,23
निकटस्थ,83
उड़ी,3
लॉरेंस,8
घुमाते,3
जनसेवकों,4
सौभाग्यशाली,0
आंखमिचौनी,66
किश्तें,8
लाइसेंसधारी,105
भेंटें,51
जनेऊ,8
गंवाई,74
ज्योंही,139
पसरे,2
झोंकों,3
मरीजो,8
पूस,8
चुक,0
लाडला,16
बाबाजी,8
चावलों,3
मुद्रित,4
सबद,8
स्वर्गवास,8
शांतिप्रिय,164
हरदम,117
खेसर,8
पढे़,8
आतिश,0
ग्रामसभाओं,172
राजनयिक,4
निर्माणी,4
उकसाया,0
संवेदन,4
बरसाकर,15
तेजस,57
गुजरकर,171
खींचना,6
आंतकवाद,4
फुरसत,169
बत्तीस,8
मालगुजारी,42
छाले,3
पिटने,40
सरकारीकरण,106
रोड़ा,8
बरबादी,0
जीवनकाल,8
बसाए,0
बहुद्देश्यीय,148
लेगें,0
रिस,59
बेइज्जती,26
उलझता,8
मूकबधिर,8
मस्तानी,8
विनिमय,4
गोरखाओं,8
अग्रदूत,8
गूंगा,4
बसती,0
कटु,8
लौटाना,100
दरारों,3
ईमाम,85
आंदोलनात्मक,54
नावें,8
एबीएम,0
कलरव,194
जगतगुरु,8
संगति,8
चखने,0
जीवनभर,131
जयते,8
गूढ़,8
रचे,8
द्वारचार,0
बर्फीले,3
कुरियर,3
भागती,8
गूजर,8
भण्डार,3
तीर्थो,8
तुमसे,0
वानर,21
जातपात,8
शेषनाग,8
काव्यपाठ,8
फूंकते,22
विष्णुपद,8
बोए,56
व्यस्क,4
अक्षम्य,175
तौलने,3
पेंशनधारक,166
बसंतोत्सव,152
तोड़ी,19
जिलेवार,33
विनियोग,4
नटखट,100
लूटना,74
झलकता,8
झूलाघाट,3
गुरुजन,175
घुमाकर,3
लालिमा,3
अनुवादक,8
तबदीली,91
कायनात,0
खानाबदोश,4
स्नातकों,4
मंदर,92
टीकों,4
जगदंबिका,8
अपव्यय,89
स्नानागार,8
जाऊंगी,148
धर्माचार्य,8
दंगाइयों,8
पूजे,8
धूलिया,8
नहला,173
राजनीतिशास्त्र,4
शम्भु,8
देहातों,4
बटोरे,4
मैग्जीन,8
दुहराया,39
उलझते,199
जनहितकारी,4
आइएपी,45
पहनाए,0
व्यापम,4
खानों,4
मातृशक्ति,164
सुन्न,8
अदूरदर्शिता,8
वसीर,164
कसीदे,24
मापा,4
बेचेंगे,150
गौशालाओं,12
डाकू,0
भाड़ा,4
खोजकर,8
मति,137
संक्षेप,4
प्रतिद्वंद्विता,8
जर्दा,150
प्रविष्ट,13
मुरब्बा,146
अग्निकांडों,4
भाषाई,8
नमित,151
उल्लेखित,13
इंटीरियर,4
चमकी,4
फेरने,0
प्रश्नोत्तर,8
कुंभकार,147
फोटोग्राफरों,13
दंडवत,8
आपलोग,4
छायाकार,8
सजातीय,14
सन्त,8
फूली,3
घोंटने,21
फारुखी,8
सेमिनारों,4
ठूंठ,3
फटते,186
नवमीं,27
लहंगा,4
इन्सान,0
परिपाटी,4
जुलुस,8
वायुयान,4
अपूर्णीय,50
पकाई,3
कबूतरों,3
घोड़ा,3
सुपरस्टार,8
गोधना,170
करनेवाला,0
वरमाला,0
प्रतिनिध,4
कालचक्र,99
हैपेटाइटिस,4
जोड़ों,4
भरवाई,3
जिद्द,0
सरहदों,4
प्राणप्रतिष्ठा,168
सहा,0
आपलोगों,4
चौमुखी,76
व्यस्तम,182
घोटालेबाजों,160
पूछो,0
लौटती,190
क्षेत्रपाल,8
तीर्थयात्रा,8
रस्मों,8
अधजला,50
झण्डी,125
उद्भव,8
संचिता,8
आखरी,8
तपोस्थली,8
ममेरा,28
सहानुभूतिपूर्वक,4
कोकीन,8
भेदी,13
बचित्तर,54
अलगाव,8
मुरझाए,4
घूसखोरी,30
प्रत्यारोपित,4
गठरी,188
करमापा,34
विश्लेषक,4
टांगों,3
खराबा,8
दिवार,124
रटाया,40
विफलताओं,4
अक्स,70
निवर्हन,4
वृद्धजनों,164
भण्डारण,4
कथाएं,8
दयानिधि,4
कार्डियोलॉजी,22
साधी,20
उपाए,34
अर्धशतक,8
पूंजीवाद,8
शर्मिदा,13
कुट्टी,195
जुआं,17
शरदोत्सव,178
भिजवाए,111
उमड़ा,164
मरवा,8
आचमन,8
एंजल्स,35
बेचारा,8
रामराज्य,8
पेशगी,164
कड़ाई,4
निशानेबाजों,116
बंगलों,0
अभ्यार्थी,58
मंसा,8
वत्सल,8
अन्यायपूर्ण,8
फूटकर,141
रिसने,3
फसले,3
कतराती,8
छपवाकर,4
टटोली,174
कब्जाधारी,76
घुन,3
बनावटी,4
सूजी,3
खलेगी,3
मांसाहार,4
उभय,4
तलवारों,8
कुश्तियां,20
नवसंवत्सर,8
संस्कारी,81
जंगले,3
विशेषताएं,4
प्रतिभूति,4
गुदा,4
सरसा,106
चतुराई,75
खोता,8
भण्डारा,113
जायगा,13
बढ़ाओ,0
मंगाना,8
उत्तेजना,4
कौस्तुभ,8
कट्टर,8
ऑक्साइड,4
चबूतरों,8
लगाएंगी,4
मसाज,3
तुल्य,3
निर्माणधीन,3
बजेगा,144
सुलझाते,197
सूचनानुसार,82
पैकेटों,4
यौनाचार,136
विशेषज्ञता,4
सौंपनी,4
बिछायी,3
उपनिर्वाचन,33
श्रद्धालुओ,3
गरमपानी,3
ढही,0
महाप्रबन्धक,198
बिंदिया,8
थें,8
पंचगछिया,112
लुढ़कने,4
कलाकारी,8
छीनना,80
क्षणिक,4
तैलीय,3
माहवार,4
सुनिधि,8
हकीमों,54
बितानी,51
साप्रदायिक,8
आजमाए,139
चमचमाती,70
शासनादेशों,161
तटीकरण,41
बिन्दुवार,3
घबराना,92
सालो,8
विधियां,4
इण्टरमीडिएट,8
काष्ठ,3
वामपंथियों,8
परिपत्र,4
कराऊंगा,16
नस्लों,0
जागना,117
दुर्जन,8
टैक्सटाइल,3
वासना,0
रौंदने,58
हुड़दंग,19
कंप्रेशर,4
अहर्ता,151
आस्तिक,8
संभलने,48
अंशकालीन,0
घुंघरू,23
मंहत,141
आशान्वित,8
खगोलीय,3
पीरों,0
उगले,158
तराइ,106
अदभुत,8
असीमित,4
जनमेजय,8
सभ्रांत,90
पंगा,132
गप्पे,24
ठसाठस,8
घोलने,3
जिताया,8
बादशाही,0
प्रदूषणमुक्त,8
दहलाने,73
मदमस्त,3
यतींद्र,8
जनसामान्य,8
एलोपैथी,4
सारांश,13
नुकीले,3
दिलवाकर,74
सुलझाए,8
थप्पड़,0
माइलेज,174
पूर्वाग्रह,8
संजोये,8
जलसंरक्षण,30
नागराज,8
प्रोस्पेक्टस,189
उत्साहजनक,61
उच्चायुक्त,156
विस्फोटकों,4
अंधेर,173
श्रद्धालुगण,73
नाशपाती,3
नेत्रालय,162
मुख्त्यार,195
शीशियां,4
राष्ट्रीयकरण,4
रामलीलाओं,14
रुचिकर,0
गेरुआ,8
दबाते,13
संवददाता,28
मनभावन,8
दूरदर्शिता,8
कार्यशालाएं,4
पिलाए,139
वृत्ति,4
वैर,54
सहप्रभारी,0
कंटीले,8
पोलिटेक्निक,135
आइये,56
मोक्षदायिनी,107
एकाधिकार,4
राष्टीय,8
उतावले,115
लायें,159
बंटाधार,8
शोरशराबा,62
सारिक,32
पीत,4
सप्त,8
पूछिए,19
खोना,6
सहसा,0
महाबल,56
प्रस्तावना,8
शरीयत,0
सपेरा,10
शिक्षाप्रद,0
चमकते,0
सयंत्र,4
लेागों,0
गुनगुनी,124
प्राणि,3
एमडीबी,87
होठों,136
तिनका,71
पाठयक्रमों,4
जिस्मफरोशी,78
खूंटे,44
नजदीकियों,22
सत्यमेव,8
कालिदास,8
अस्थियों,3
उत्तरा,36
न्यूक्लियर,77
ध्यानपूर्वक,0
सहूलियतों,69
चित्रकारों,8
बहुद्देशीय,80
पैंशन,163
चलवाकर,3
नुमाइंदगी,13
परिपक्वता,4
महत्वाकांक्षा,8
परिसेवा,56
सुनेगा,138
निर्धनों,164
भोगने,0
तालीमी,118
डिग्रीधारी,3
घोड़े,3
तंदुरुस्त,4
फैलेगी,4
छिलके,3
असुरों,8
सबस्टेशनों,4
रंगरेलियां,108
लोकगायक,8
टकरायी,0
दायें,3
भटकी,189
स्कीइंग,4
झुमके,75
उपनयन,8
फिल्मकार,98
समझाबुझा,48
बढावा,4
थमाए,66
उपहास,0
ठनी,178
धरौली,25
परिंदा,55
रामजन्मभूमि,8
ध्रुवीकरण,4
न्यायाधिकरण,4
धिक्कार,0
धोखेबाज,156
शतकीय,8
विश्वविख्यात,8
कनिष्का,27
टंगी,122
वसूलती,1
शुद्धीकरण,150
धरपकड़,0
सुलझाना,55
नखरे,0
एस्कॉर्ट,118
पण्डित,8
कायदा,8
फटकने,0
बृहस्पति,3
हिमाकत,151
प्रस्तुतिया,7
गलियारा,94
आदतें,40
सखियों,137
परम्पराओं,8
डसने,16
पुखराज,119
संग्रहीत,4
बरतेंगे,145
वादियां,126
बंधवाने,8
राष्ट्रद्रोह,67
शिल्पग्राम,8
हितकर,149
सुनारों,3
स्तम्भ,3
प्राचार्यों,13
चट्टानों,8
लिखवाकर,8
निसंदेह,44
अणुव्रत,8
प्रकारेण,4
भट्टियां,3
बोधि,8
जगदगुरु,172
कैटवॉक,125
पंचनामे,124
अंगहीन,159
साफा,136
कालचीनी,37
चालानों,4
खम्भे,3
आशीर्वचन,67
दारु,3
पदयात्रियों,4
जज्बात,89
जटिलता,4
गुर्गों,9
जमाते,8
हिचकते,13
हफ्तेभर,18
थर्रा,8
बैशाख,134
आऊंगा,180
निकालनी,0
संर्घष,8
अस्पष्ट,4
सम्बंधी,4
मजूदरों,0
चयनकर्ता,198
झुलसाने,3
अजीबो,4
कुंओं,17
पंक्तिबद्ध,0
बिछावन,36
टपका,19
शिल्पियों,74
जुटाते,0
एक्साईज,3
सहचालक,35
मिलावटखोर,21
साझीदार,0
दर्शनार्थी,8
चालाक,104
कौंध,169
बाँध,8
सुयश,185
बगले,0
तकलीफों,0
जमाये,3
पियुष,174
विनिवेश,4
चौपाइयों,8
औलिया,8
गौरवपूर्ण,8
लचीला,4
सारगर्भित,4
सोल्यूशन,4
कूचों,80
भील,8
विचलन,4
सहायिकाएं,8
सैंकड़ों,8
विश्वासी,63
लगातर,0
संगीनों,49
चयनकर्ताओं,164
गिनाईं,62
डरता,0
वातारण,28
समसामयिक,4
काबलियत,0
वचनबद्धता,4
संगीतज्ञ,8
रजनीगंधा,88
मृदुभाषी,1
टेनरी,3
भंडाफोड़,11
डिगा,0
सम्पदा,8
शान्त,8
गिरवा,8
संभवतया,29
भरेगी,0
तितली,3
लड़ेंगे,0
रोमांस,8
पतले,3
अवसरवादी,164
पित्त,4
पछुवा,71
इन्टर,142
वैरागी,63
ढूंढकर,3
मंडलियां,37
दमक,3
टेढ़े,159
अविकसित,3
रुहानी,157
हड़पने,8
भींग,180
इसबीच,8
दिनोदिन,8
पलाश,36
राज्यरानी,40
मचाती,8
बिछे,0
नसें,3
राजनीतिकरण,164
पोजिशन,8
रोकती,0
तैरना,144
फरसे,38
इफ्तिखार,8
सुरही,14
होनेवाला,3
भटककर,0
भाषाएं,8
संकल्पों,4
सौतन,187
उपकेन्द्रों,4
क्षत्रियों,8
नबाब,8
ठोंकी,17
अनादर,0
पटककर,8
सजकर,0
धातुओं,4
उन्मुक्त,4
कब्रों,0
उग्रतारा,8
दोषारोपण,8
चम्पत,116
बनाएंगी,50
पहनावा,3
परिचारक,4
डायरेक्टरी,13
समाई,0
बढोत्तरी,4
बुन,175
प्रणायाम,4
विकेटकीपर,8
कोनों,8
सुन्दरीकरण,4
रस्से,71
टिप्पणियों,8
ढोया,112
अलबेला,22
लेटेस्ट,3
बतायें,13
पंचदेव,85
उमसभरी,148
बहरा,0
प्रमाणिकता,164
सुलझे,8
जिम्मेवारियों,4
प्रवासियों,8
उद्घाटित,8
पिलाएंगे,191
बताइए,0
समाजशास्त्री,4
मनोवांछित,8
बिछाना,14
ढोना,3
जातिवादी,20
विजयोत्सव,4
जलज,3
आसुरी,14
प्राधानाचार्य,182
मृतप्राय,0
जनमंच,0
हैवान,0
व्यापारीकरण,74
मिथक,8
मुर्दे,0
दर्शी,53
उपलब्धिया,4
चर्मरोग,3
आर्ट्स,8
रिक्टर,4
मझोले,12
तैय्यब,4
गुच्छा,3
प्रक्षेत्रीय,129
आत्मीय,13
वीरांगनाओं,100
वीडियों,40
प्रवचनकर्ता,3
चिह्नांकन,13
दुर्बल,4
दूरवर्ती,0
योनियों,8
सेमिनरी,56
खरीदती,4
छिना,0
स्वर्णाभूषण,102
फलस्वरुप,8
लिखता,13
गिला,8
त्रिकोण,3
झोल,32
वनमाली,194
माननी,8
डालेगी,0
बाउंसरों,49
समयबद्धता,4
मध्यावधि,4
जोशीला,0
लालफीताशाही,20
निवृत्ति,4
उत्तरोत्तर,4
प्रदोष,8
शिक्षार्थी,4
समतुल्य,4
चाहूंगा,4
रामेश्वरम,8
मंथरा,65
दुश्वारी,0
जलाएंगे,3
कणों,4
हस्तशिल्पियों,69
रंगरूटों,8
आतंरिक,4
अतिआवश्यक,0
वृहस्पतिवार,40
कोशिकाओं,4
गायिकी,8
अमावस,39
तमाशे,0
मंडपों,3
घटेगी,0
जुटकर,24
प्रशस्तिपत्र,4
झेली,8
अल्पाहार,3
इमरती,8
निरोध,4
बेचती,4
नासमझी,0
हमराह,0
डगमगा,0
गठजोड़,8
पंचायतो,99
सोख्ता,14
गोमूत्र,8
बंदिशों,8
दुर्गन्ध,3
उड़े,0
समुंदर,8
ललकारते,83
समेटा,8
कर्मों,0
ब्रांडों,4
प्राप्तियों,4
आईटीसी,4
इक्के,179
ओवरहैड,164
पदोन्नतियां,4
परिचयपत्र,8
ब्रॉडगेज,8
थमाई,56
चमकदार,3
भिक्षा,8
सुपरहिट,8
खिचड़ी,193
बंदगी,176
नवरत्न,8
दवात,129
चौड़ाई,3
बिखेरते,8
बाइकर,8
इति,8
हिन्दुत्व,8
संवरने,125
रात्री,157
कार्बनिक,4
सिंहों,8
पूछेंगे,0
जलयात्रा,8
धोए,3
भाषियों,0
चूजे,123
चित्रलेखा,8
नरकंकाल,153
लड़ी,8
पोषाक,3
गरमाहट,26
उपलों,131
बोतलबंद,4
बृजवासी,39
विश्वशांति,199
जुल,0
दूनी,0
किधर,0
मसालेदार,3
खातेदारों,101
भूकम्प,4
अपनापन,3
परंपरानुसार,8
रखवाले,8
जगाते,145
बारंबार,13
पनपे,8
घुसना,177
ढाढ़स,85
रुदायन,8
झण्डा,141
इंडियंस,8
तेंदुओं,3
पगड़ी,3
अनुमंडलों,117
पहुंचनी,4
दरबदर,3
जिता,22
रस्सियों,0
उन्मुख,4
बचाएंगे,0
रूपपुर,8
बेकारी,8
विक्रमाजीत,128
कठोरता,4
ढंकने,3
भीगी,3
अतिशय,4
अंगीकार,8
प्रजातांत्रिक,8
ढकी,3
कृषिमंत्री,74
सेवायें,4
उपमंडलों,4
जनरेटरों,4
आश्वास्त,44
पद्मभूषण,8
परिक्षण,4
थकते,0
घेरी,96
अध्यापकगण,62
उपार्जित,4
पहचानो,0
संजोकर,132
खडी,0
प्रश्नावली,4
दत्तक,8
घटेगा,0
पंडितजी,8
लेनेवाले,0
मनोदशा,8
बिरौली,14
पारिजात,8
चतुर्दिक,0
फिल्माए,8
सुपूर्द,4
कार्यपालिका,4
बवंडर,3
निर्धनता,0
लिपिका,8
कल्प,8
सबमें,0
गोश्त,3
हलाल,0
कूदते,35
गजलें,8
स्वरों,4
ढोंगी,0
आधुनिकतम,4
कीकर,3
मानुष,0
एकपक्षीय,4
दिक्कते,13
शर्मिदगी,37
परोपकारी,4
परिवर्तनकारी,4
बालाओं,168
कटवाए,67
देशद्रोहियों,104
बुझेगी,47
कार्यशील,4
प्रीतिभोज,178
बाबु,8
प्रक्षेपण,4
सताया,0
तेजतर्रार,8
आवारागर्दी,121
सूपा,127
निर्गुण,8
दौड़े,0
नशाबंदी,4
बाजीगरी,94
राजगद्दी,8
अग्रसारण,9
रक्षासूत्र,8
तोहमत,0
हेडलाइट,4
यज्ञस्थल,3
धूर,94
बरतेगा,166
अटैचमेंट,70
पालित,100
पैराशूट,4
बंदूकों,8
छटपटाने,3
कटता,113
इच्छाएं,94
तराश,0
प्रामाणिक,8
याददाश्त,0
दीर्घकालीन,4
कोर्सों,184
एनेस्थीसिया,119
बूढे़,171
संभालकर,8
अंगुठी,34
नहाए,45
दोगे,0
कुपित,3
ज्ञाता,8
बुझती,3
सांध्य,8
द्वारे,8
लहराएगा,64
विश्वदाय,8
निगलकर,0
बगावती,8
खैरियत,132
सुनाएगी,0
रिहाइशी,15
एरोबिक्स,3
वास्तुकला,8
पखवाड़े,4
निर्माणकर्ता,159
आपदाएं,4
गृहणियां,11
भोगियों,4
शुभचिंतक,0
लिटाकर,37
मुलाकाती,58
हट्टी,10
पिसाई,3
निशानों,0
जाऐगा,0
बुद्धिमान,13
संस्थापिका,8
दम्पती,0
आवर्ती,8
सतगुरू,174
घनमीटर,28
खिंचने,4
बागीचे,79
शेरनी,163
उपेक्षात्मक,32
नहाना,35
गोसाईं,8
अंगारों,0
लम्हों,1
चिरौंजी,77
अल्पमत,8
अमिय,8
स्थानो,8
पारियों,8
पैथोलॉजिस्ट,41
आहिस्ता,0
क्रान्ति,8
छेना,3
माफीनामा,61
मृत्युदंड,8
पूछती,6
लंबोदर,117
जागती,8
घुमावदार,3
सौन्दर्य,8
कंसलटेंसी,178
बीएमडब्ल्यू,4
भंवरा,69
गहराते,112
बुनने,3
आत्मीयता,8
इंसुलिन,4
छोडे़,172
इकठ्ठा,8
चराया,3
काक,8
बहिन,141
डलवाए,43
उपप्रधानमंत्री,8
पल्टन,22
रखूंगा,0
जीतीं,0
रसोइये,90
अपरंपार,137
बाल्टियां,88
भारतवासी,42
लपेटा,0
डाककर्मियों,0
उतरेंगी,169
नवरंग,82
गेंहूं,3
दबाई,73
डाकबंगले,135
समयसारिणी,36
कूटा,8
पुनरावृति,0
लहरियों,177
कूड़ेदान,134
डकारने,109
ठोकी,98
सिरा,3
हंसिया,91
उगला,122
केबाद,1
बल्लियां,40
लालची,98
चिल्लाई,172
वेटलिफ्टिंग,164
तपसी,3
श्रद्धेय,8
करतबों,183
उनमे,0
सुरूर,8
मस्जिदें,0
साम्प्रदायिकता,72
दरारे,22
अस्वस्थता,171
गुण्डा,4
नम्बरों,97
स्वराज्य,8
मेष,8
सकून,66
ब्यौरे,182
पंहुचा,69
रोकटोक,41
कमाता,0
सुलगती,0
छापों,8
मांगेगी,4
तानी,68
हानियों,4
लंगरों,191
दुराचारी,0
दवाखाना,8
बेचारी,155
सूर्यमुखी,2
भ्रांति,60
रोमांटिक,8
झुकी,0
गरमाई,30
लुभावन,172
रुबरू,54
टेकते,8
पुलिसवाले,8
थमाने,3
रसगुल्ला,88
नवरतन,8
आदतन,3
अलगाववाद,8
सत्तन,4
मित्रवत,9
इश्तहार,127
चंद्रग्रहण,183
लुटे,166
दुक्के,48
मुर्गियां,3
छुपकर,0
नेतृत्वकर्ता,0
लिखवाई,8
शैवाल,3
विरूद्व,13
कारकों,4
निविदाओं,4
कुंभी,197
सिरकी,112
अपंजीकृत,4
दुष्टों,8
पापियों,137
पांडुलिपियों,8
दलदली,8
गवर्नेंस,8
अतुल्य,164
आशातीत,161
घूसे,120
एवम,8
रहमोकरम,8
धंसे,3
झांका,91
जीवनरक्षक,109
रीत,0
लिपटकर,123
निर्जल,3
ब्रह्मापुत्र,6
सजायी,82
घबराएं,4
बचाये,154
रिकी,8
शीशमहल,82
बेगुनाहों,183
व्रतधारी,8
रणनीतिकार,8
गणितीय,4
राष्ट्रकवि,8
पंचकल्याणक,168
खिसका,13
उठेगी,0
उत्तरायण,8
मंत्रीजी,197
संभालेगी,81
रीपर,76
साकारात्मक,9
महीनें,0
ठोकने,77
घीया,19
टका,4
ढूढ़ने,142
पाक्षिक,8
नज़र,0
चर्चे,165
डुगडुगी,115
रखवाकर,53
निपुणता,8
शकीना,60
किश्ती,3
वनस्पतियों,3
बरामदों,73
अनुनय,6
लूटेरे,9
आयोजनकर्ता,4
पोशाकों,4
आदिकाल,8
वीभत्स,8
कुच्छल,147
रोकेगा,17
दुकानदारो,106
मोरध्वज,8
मुकदमेबाजी,4
मूंदकर,55
पहलवानी,8
समाजहित,52
आलस्य,171
थमता,3
बंटवाने,8
किचकिच,48
तीली,3
फरेब,0
ऐतिहासिकता,8
संकटों,175
पिघलने,3
तकाजा,8
तुफानी,30
मिटाओ,29
सजनी,8
चीना,111
चिंताओं,4
विविधिकरण,112
गैरजमानती,4
थूक,3
फिल्माया,8
बसता,115
बालो,0
निखारना,48
मठों,8
जाको,22
वीडियोग्राफर,20
भूलता,0
नचाया,27
गंतव्यों,4
चौड़ी,8
दगाबाजी,37
घटाएं,13
सचिवालयों,4
विधानपरिषद,8
रियासतों,4
नगरपालिकाओं,8
रूकते,62
किन्ही,4
खदानें,3
संप्रभुता,8
राडार,4
भरतनाट्यम,8
नवागंतुक,8
बढ़वार,3
मंगवाना,129
गढ़े,3
विभूषण,8
जना,0
उगलते,8
केद्र,4
खपा,4
तसदीक,0
इन्द्रमणि,8
मिलनेवाली,0
चुलबुल,8
राशियों,8
जन्मा,8
वंशजों,8
बिकाऊ,39
खैरात,0
प्रतिक्रियाएं,4
गूंगे,137
मुखौटे,24
नौकरिया,7
क्लासरूम,59
फोटोकॉपी,4
तबेला,3
बांटता,4
सुनाये,0
घंटियां,3
सहस्त्र,8
खुदवाकर,124
क्लिनिकों,150
दिखाएंगी,3
टिकिया,3
कुटुंब,4
आत्महत्याएं,132
जीरे,31
दरबान,186
तकनीशियनों,4
मनुज,0
उरद,3
यूनिटें,4
दिखाओ,0
छिपाई,8
रोमांचकारी,8
भौतिकता,9
पहचानता,4
ससम्मान,8
शिक्षाएं,60
उत्सर्ग,8
दूल्हों,26
पिछड़ों,30
भूमिपूजन,88
फुस्स,0
दीर्घकालिक,4
सूत्रपात,8
परसों,145
बिलबिलाते,15
चलाऊ,8
अम्मी,0
प्रधानता,8
खिंचे,0
कम्पाउंडर,65
वसंतोत्सव,164
करूण,3
दुर्भाग्यवश,8
भिजवाकर,9
घावों,4
अनुभागों,4
क्यूरेटर,4
तारीक,0
रोए,9
भैय्या,8
चश्मों,0
प्रशिक्षार्थियों,118
अनुतोष,4
डीडीआर,144
वधशाला,176
फारिग,0
मुंडी,0
अभिव्यक्त,4
फैलाता,3
खण्डपीठ,4
धुरंधरों,4
गौमाता,178
समलैंगिक,8
संतरे,3
गणतांत्रिक,8
पुननिर्माण,4
जिनमे,8
तिलमिला,157
देशसेवा,8
खपाया,20
दरमियान,0
छबीला,162
महाअष्टमी,79
सहयोगात्मक,4
आनंदमय,8
पुलाव,22
सोचेंगे,97
शरिया,8
हायतौबा,69
मातरम्,8
खुर,3
चितवन,8
भद्रक,8
लगायेंगे,144
ननकाना,8
जैनुद्दीन,27
बाबाओं,8
अरिंदम,8
मद्यनिषेध,116
वंशवाद,157
गालियों,8
बेताबी,4
राजनिवास,8
अस्प्ताल,14
शामियाना,3
जयजय,123
प्रयोगशालाएं,4
कुंठा,4
खेतो,3
वालीं,8
संगठनकर्ता,4
जोकर,117
गिद्धों,21
दवे,8
पलभर,3
कामायनी,8
कंगाली,125
पदाधिकारीगण,13
गणराज्य,8
रियायतें,4
सब्बल,193
गडढों,44
अनल,139
लडकी,0
कीटनाशी,3
चिपकाकर,148
चुगली,11
माइक्रोसॉफ्ट,4
सुदर्शना,58
अधजली,43
चित्रित,8
प्रखंडो,57
यूए,95
देनेवालों,0
बहरे,0
आलौकिक,8
मधुरिमा,8
चमकता,0
पूर्णाहूति,3
बसही,8
बेजान,0
रहेगें,0
भूस्वामी,4
मछुआरा,157
न्यायायिक,99
पादप,3
कमांडों,2
सिद्धातों,4
खोदना,3
पतंगें,18
मजलूम,38
भाद्रपद,8
गोलों,8
बनवायी,8
वैमनस्यता,63
चलाओ,147
अज्ञातवास,8
स्कार्फ,3
सुजित,23
तोते,36
नागदेव,100
मनचला,77
लागी,8
खालों,0
ठोंकने,3
कहूंगा,13
बैण्ड,109
जुमले,24
तोड़े,192
श्राद्धकर्म,8
काश्तकारी,4
पसारना,74
उत्कृष्ठ,8
निधार्रित,112
आत्मज्ञान,4
तौले,29
पठारी,8
पदोन्नतियों,18
मोतियों,44
झंडियां,54
बोझिल,3
सूचकांक,4
फाँसी,8
खुदवाने,19
कतरे,4
छोड़ना,13
दिलबर,85
संकल्पना,4
अगाह,65
भारतीयता,8
पहनाना,0
अपीलों,4
उतरवाई,0
छुटपुट,57
करुंगी,0
मांगीं,103
बलिहारी,89
मौजमस्ती,3
उभरेगी,8
औषधियां,4
सजाते,70
पारस्परिक,4
बढती,3
बुलाएंगे,181
धुंधला,22
बरतता,61
अंतरा,8
क्यारियों,3
पोलिथीन,8
परिंदे,8
खरबूजे,3
जमाखोरों,47
असंसदीय,63
सजाना,8
वर्गफीट,98
महावत,8
समरस,74
स्कैंडल,8
चोकर,3
चरवाहा,180
खेडी,3
आवश्यकताएं,4
पुतली,3
पश्चात्,8
जुटता,168
उदगार,8
आशुलिपिक,4
चमत्कारी,3
फंसाना,92
अरिजीत,8
रसातल,8
भुना,0
ज्ञानोदय,8
तापने,110
अभिप्रमाणित,4
चरनी,190
बरा,29
विह्वल,194
स्मरणीय,8
पैरोकारी,8
पर्यन्त,8
मुर्गो,59
भूअर्जन,126
शुभकामनाओं,4
दैत्य,8
लोटे,8
उपभोक्ताओ,4
ग्राउण्ड,39
जुराबें,3
बौरी,100
अनाजों,3
सुलहनामा,121
उलझाने,4
गजा,8
शक्तिपीठों,8
मोटरयान,4
सातो,8
बैठकी,8
छुपाया,0
उकेरे,152
स्वाधीन,8
अमृतपान,4
छुटे,160
म्युनिसिपल,4
नगरपंचायत,145
रेजगारी,4
टपकती,0
स्वागताध्यक्ष,8
हितार्थ,93
खुशनसीब,133
बंदिशें,8
कौओं,161
प्रभास,8
रसगुल्ले,8
गद्दारी,8
निकटता,0
मारक,8
लिखाकर,7
पशुचारा,8
चलाईं,148
खाद्यान्नों,4
जोड़ना,4
नाभि,3
दुष्ट,0
खदेड़ा,164
आनंदमयी,8
घोंटा,66
सतही,4
संसारिक,8
दमदम,8
आत्मसम्मान,8
कराईं,8
अर्धनिर्मित,82
सूखता,3
खदेड़,8
घसीटने,155
वीरगति,8
हाइड्रोजन,4
खरीदेगी,4
नरभक्षी,8
वारी,57
कोफ्ता,8
पुनर्निरीक्षण,4
उतरें,69
दमकलकर्मी,8
पौष्टिकता,193
नवें,8
तैंतीस,8
दुल्हनों,4
बदकिस्मती,13
तंदूर,0
होठ,83
खट्टी,3
बाल्यकाल,8
सम्मोहित,0
आचार्यों,8
विशेषतौर,0
वैश्यों,8
विक्षुब्ध,4
चिकनपॉक्स,3
आमों,3
हिलाने,83
सुकृति,193
घबराते,8
एसएएस,4
पाषाण,8
बॉयो,182
हजयात्रियों,85
बेदा,4
लोंगो,98
नपे,71
बरसाते,0
गंजा,81
कहेगा,0
विग्रहों,86
बैसाख,8
विवेचनाएं,51
इत्तफाक,69
निरूपमा,117
धानिक,146
फजले,70
आंटी,139
चेले,8
सत्यार्थ,8
ऐहतियात,4
जलायी,2
तनूजा,8
अधजले,123
ऑडीटोरियम,174
कब्रगाह,8
सतपथी,8
कहतें,3
कान्फ्रेंसिंग,4
रुखसत,82
पहलूओं,4
कैफियत,168
चुकाए,4
ओढ़कर,84
छोडऩे,8
बाईं,3
चक्रवती,4
खुरपी,8
दोहे,8
चढ़ेगा,146
बहलाकर,8
जगमगाने,0
सवर्णो,8
ओढ़ने,3
वर्षगाठ,4
प्रेमजाल,112
सींचने,3
नंदीशाला,86
एजे,164
फुलकारी,142
निहितार्थ,4
अदाओं,24
उछलने,8
सूखती,0
लौकिक,8
आगन्तुकों,3
नशेबाजी,76
मूंगा,51
कैलकुलेटर,54
महासागर,8
राजगुरू,8
सयुंक्त,8
करवाएंगी,197
रक्तस्त्राव,4
नाट्यशाला,33
विधवाएं,141
खुशबु,38
दद्दा,8
मुस्कुराहट,9
डाइवर्जन,166
बैचेन,171
योगाश्रम,8
बग्घी,8
भैसों,3
बतानी,149
निर्माणकार्य,8
कामचलाऊ,165
परिवर्तनों,4
जोशीले,8
लीडिंग,8
स्वीकारने,8
अवतारों,8
प्रज्ञान,177
सोफे,73
एकदूसरे,0
गेंदे,3
देवकाली,8
भगतों,8
पालता,123
कम्प्यूटराइज्ड,8
ऑलराउंडर,8
परिणीति,160
बुद्धिस्ट,8
थैलियां,3
बेलने,8
चंद्रलोक,8
नश्वर,8
दुगुना,189
गुणे,95
जिन्होने,0
छिपाते,0
मोहरे,0
तशरीफ,74
मिलवाने,43
कर्मचरियों,4
उपभोक्तओं,4
चौकन्नी,94
दिखेंगी,38
गेरूआ,3
निराश्रितों,0
उपाध्यक्षा,4
आदिशक्ति,8
उपासकों,8
बोलेगा,162
दोषों,4
अदाकारा,174
कलियुगी,29
सुनाना,13
छुड़ा,0
कटेंगे,123
गैसें,4
रणभेरी,151
माहिल,76
तैलचित्र,62
कटघरा,22
महालेखा,4
वंशावली,8
ललई,8
खुदवाया,8
राष्ट्रभक्त,8
जपने,8
मण्डलीय,8
ठाणे,8
बनके,0
संबंधि,8
श्रेणियां,4
टीएमटी,87
भूषा,154
एलोपैथ,78
महानवमी,8
गोभक्त,36
बिगड़ती,4
करौंदा,19
फीसें,43
विराटनगर,8
अंतरप्रांतीय,129
मूलवासियों,184
गांधीगिरी,141
झलका,158
वालिद,0
गड्ढ़ा,176
गोठ,77
धनिक,8
महाजनों,186
बादशाहत,0
पट्टिकाएं,74
तृष्णा,8
बेगार,63
कार्याध्यक्ष,26
रिझाया,159
ठहरना,0
मदहोश,0
मुरादाबादी,8
चायपत्ती,3
बहुतों,0
गोंदा,89
दिलखुश,94
निधान,8
संकल्पबद्ध,4
क्यो,0
अफसरान,151
सिमटे,116
दहशतगर्दी,48
मोमबत्तियों,3
बकवास,0
अंपायरिंग,8
होमियोपैथी,8
एल्यूमिनियम,4
जुल्मों,8
रौंदकर,84
श्वसन,4
कार्यबल,4
रामभक्तों,8
अकुंश,147
खटखटाना,44
रणनीतिकारों,46
घटाए,4
गोटियां,31
प्रशिक्षणों,8
स्थायित्व,4
हरने,8
बुने,3
निरपेक्षता,8
उपसंभागीय,14
गर्मियां,4
भूखी,164
श्रोतों,2
नादान,0
विचारणीय,4
पिट्ठू,30
महन्त,8
मनौतियां,183
मसूदी,8
बोना,3
झूमकर,40
ऑटोमैटिक,174
चमकेगा,47
दरखास्त,160
तराने,8
उगाकर,0
रचाया,8
श्रीमान,13
रहवासियों,4
वाद्ययंत्रों,3
अर्जियां,160
आइने,8
रंगदार,4
दस्तकारों,175
खोलो,5
सून,4
आशिकी,8
धनलक्ष्मी,95
उपग्रह,4
उपस्थितजनों,5
निपटाई,4
बचानी,17
निर्णयानुसार,3
परछाई,3
बघौरा,8
दण्डित,8
छठवां,111
बन्दी,0
संवारे,103
उच्चायोग,63
अजूबा,3
युवावस्था,0
धुम्रपान,3
अनुयाइयों,8
जीताने,8
जेसीटी,25
उपधारा,4
टूटेगी,0
उठायेंगे,73
टुर्नामेंट,61
गिरीं,3
मन्दिरों,8
ढेरियों,153
उर्वरता,3
सोचिए,85
हर्जाने,8
कोकिल,8
जनशिकायतों,8
विधेयकों,4
बावलियों,0
मागते,163
मुरझाने,3
गैरइरादतन,12
प्याला,3
पनपा,164
वनस्थली,196
लड्डुओं,8
ईसाइयों,8
तजुर्बा,30
सद्गुणों,8
पुलक,158
संरक्षिका,0
शाक,3
पिए,175
कटोरे,3
ऋग्वेद,8
आराध्या,8
रोबोटिक्स,2
पाऊंगा,149
छूना,0
न्यून,4
देतीं,61
पल्ले,0
अधिकरण,4
तरण,174
बोलें,169
बचाती,187
जिलें,4
मढ़ैया,3
अमंगल,82
राजकोष,4
पेचकस,57
निकलनी,145
पालनहार,86
माइक्रोवेव,4
तरंगों,4
कवायदों,165
तला,3
लेनादेना,8
ओलम्पियाड,97
सीजीएचएस,108
चिल्लाती,161
विकेंद्रीकरण,4
मूर्तिकारों,8
अट्ठारह,14
औैर,32
पुनर्जागरण,8
दरिद्रता,8
उपर्युक्त,4
शौकिया,8
समझिए,32
बुकी,77
अम्बुज,4
पैंतरा,11
एफडीआर,72
पद्मावत,8
मांगेगा,93
विश्वासियों,61
ब्रह्मज्ञान,8
दांवपेंच,11
मकरध्वज,168
समीक्षक,8
बोलियां,3
गर्माने,79
साझेदार,0
अौर,0
छाल,3
नहाया,8
मरीं,141
ज्योंहि,8
हाथोंहाथ,0
छानने,3
प्रभावकारी,4
सुप्रभात,39
रहूं,0
बदसुलूकी,0
अनाचार,8
समाजवादियों,8
दावतों,8
चक्षु,3
उभरता,3
सल्तनत,0
गाँवों,8
अकस्मात,83
उपन्यासकार,8
वटवृक्ष,8
रेस्टोरेंटों,8
मिष्ठान्न,101
लौटाकर,0
महीनेभर,3
उद्वेलित,157
मिलाएं,13
इश्तिहार,105
मचाता,81
खबरदार,42
खाले,0
न्यूरोलॉजी,4
पॉलिश,3
छाछ,3
राष्ट्रध्वज,8
मिसरी,57
खुखरी,195
पौरुष,156
बदसूरत,36
बुझायी,4
लिखेगा,84
मार्केटों,20
सुखदा,20
धमकाता,35
खंगालते,4
भड़की,33
पचहत्तर,175
फुटबॉलर,8
एनिमेशन,8
तफतीश,100
निभाएंगी,8
तपस्थली,8
खायी,187
सीसा,3
गधे,0
छिटककर,85
निपटेगा,32
विरोधाभासी,4
अल्सर,4
श्रृद्धालुओं,8
भिजवाएं,8
निकलेंगी,45
लाईनों,3
कमजोरियों,13
वंशीय,8
सर्फ,0
खडा,9
खंजर,3
किस्तें,4
सरेबाजार,156
देगे,0
राजघराने,8
ब्रजवासियों,3
विकेटों,8
ग्लोब,8
सिमटता,3
गदाधर,8
तीरंदाजों,0
जूठे,132
उत्प्रेरित,4
उगाया,3
वर्णमाला,4
बुढ़ा,0
डण्डों,147
कम्युनिष्ट,20
फिनाइल,12
मुनाफाखोरी,95
पकाते,0
ढंककर,78
घटाई,4
सघनता,4
भयवश,8
प्राकृति,0
घटाना,3
मैक्सिको,8
भूमिकाओं,8
गुणवंत,62
प्रत्याशा,4
ग्रीष्मोत्सव,30
स्वाभिमानी,8
टाईप,43
वृष,8
निवार्चन,21
रहस्मय,3
हंसमुख,13
प्रबंधनों,4
मैत्रीपूर्ण,8
हटता,96
शुक्रगुजार,161
हेवी,8
गोदी,3
सत्ताइस,4
अतिविशिष्ट,4
गपशप,13
स्मॉल,4
पपीते,3
श्रृष्टि,16
बरकतों,0
इम्तहान,8
जनहितैषी,52
सदस्याएं,8
लॉट,8
घोटालेबाज,44
भंगी,136
जनसमुदाय,4
टांगने,176
उपनेता,8
कजली,3
लिखती,13
आस्ट्रेलियाई,129
कहलाती,4
बवासीर,3
वनक्षेत्र,3
भुजबल,5
सपाटा,77
शिवमंदिरों,3
सोंच,180
कंपकपी,83
जानिब,0
हलवे,3
सुविधायुक्त,93
गरजी,36
धर्मी,0
सम्मानपूर्वक,0
अधिवास,57
खिंची,0
घनघनाने,8
ख्यात,4
मानववाद,8
ब्रह्मर्षि,8
निकम्मी,159
पंचेश्वर,3
आईए,0
मैल,3
भरवाना,30
चमत्कारिक,8
जरीब,14
प्रश्नमंच,79
गुरुघर,151
शीतगृहों,13
घसीटता,25
पचासों,42
मठाधीश,8
छिद्र,3
बताशे,8
जाला,87
रक्षण,3
सांची,8
होमगार्डों,13
छटाई,3
रूपांतरण,4
जनसहभागिता,4
उत्तरों,0
ढाचा,4
ऊंचाइयां,175
पीडितों,104
हरिपद,98
षष्टम,8
गतिशीलता,4
नवज्योति,98
बोतले,106
विरह,8
कहलाए,8
निशाद,96
वार्ताकारों,8
उलझाया,113
जनजागृति,4
गृहकलह,149
कलाएं,8
ग्रन्थ,8
रसोइए,8
सुपुर्दे,188
सप्ताहिक,8
दसों,11
जिम्नेजियम,155
मिर्चा,7
फुलका,0
कांटेदार,59
वत्सला,136
हैे,3
जालियां,8
बलिदानी,0
अभेद्य,3
मातारानी,147
ब्राम्हण,8
रणभूमि,8
रोकेगी,4
दिखलाई,3
कूटनीति,8
पटके,156
कुरेदने,0
आकृतियां,8
खीरे,3
कराहने,158
डूबती,84
बर्बरतापूर्ण,0
कबीरपंथी,8
जांएगे,0
टांगा,97
अक्रूर,8
अतिथिगृह,4
बलदाऊ,145
छैल,0
प्रतिघंटे,100
निश्छल,8
भेड़,3
वाद्ययंत्र,3
झुकाकर,0
अपनाता,4
सराहे,98
एनसीसीएफ,13
निपटाये,193
जेनरेटरों,69
कुलदेवी,8
शान्तिपूर्ण,0
गंधक,4
बलात्कारियों,75
दुलारा,4
पराया,68
ठहाकों,121
ऊबकर,8
सॉस,3
लदाई,4
खुलवाई,8
कृतार्थ,8
टटोला,0
लिखीं,8
चलवाई,8
खद्दर,8
ब्लाउज,8
जनभावना,8
वर्षवार,101
कथामृत,68
गन्तव्य,3
बेचेगा,4
सीखता,171
शोहदा,0
बहुलता,8
फकरुद्दीन,8
मोजा,100
कायरता,0
घिरते,56
चिंगारियां,4
फिनायल,16
सुहागिनें,171
पखेरू,118
भूलेख,8
रूखी,3
पचना,123
चौदहवें,8
मालुम,0
छपते,8
पैतीस,19
दीपकों,154
अबाध,8
ज्योतिषियों,96
बचाएगा,0
तगा,158
नबंर,8
अविष्कार,4
हूँ,0
बेंत,82
प्रशासकों,8
भेदने,23
पीटती,171
सहेलियां,183
मल्लाहों,31
रंगरूट,4
संवादहीनता,98
वालें,0
डांटकर,16
डूबो,0
नकारने,101
गर्वित,69
घनिष्ठ,0
शरदकालीन,20
लड़ेगी,72
खूर्द,24
जेनरेट,89
यांत्रिकी,4
आइफोन,4
जलेगा,3
उल्फत,80
ठप्पा,0
रूला,125
भूलती,91
उदर,4
धधकती,57
जनसुविधाएं,191
सिला,0
उन्नतिशील,4
गुनगुना,32
आरटी,174
विधिसम्मत,23
फुलवा,0
पौना,0
वर्धक,4
मोलभाव,4
जीतता,8
मध्यांचल,7
साम्राज्यवाद,8
जामनगर,30
घाटियों,8
थमते,3
अखाड़े,8
नादानी,0
प्रान्त,8
कथानक,8
चटकाकर,3
आपमें,8
विश्वयुद्ध,8
बनायेगी,3
कल्पनाओं,8
अभिनेताओं,8
तथ्यहीन,60
दुखिया,82
ग्यारहवें,8
दाम्पत्य,74
रेसलर,163
प्रतिरूप,4
फड़,179
राष्ट्रप्रेम,8
शपथग्रहण,112
प्रविष्टियां,4
मुख्यरूप,8
तालुकदार,8
मुद्रक,29
टहला,8
हाथापायी,62
घण्टों,8
नैवेद्य,8
संभालती,148
पर्यवेक्षणीय,4
रेडियोग्राफर,17
कुरमी,10
रेंगकर,21
फूलना,3
कमांडरों,8
अडडा,8
बजाती,8
मंगाये,148
उद्यमों,4
स्पंदन,3
निखरने,4
राउंडर,184
दुष्कर,193
वेष,8
पीठों,0
मणिकर्णिका,8
जयहिन्द,4
गोकर्णनाथ,8
आयोडिन,4
निहारा,3
विलायत,8
फोटोकापी,4
चौरंगी,56
सांयकाल,3
उल्लिखित,4
निर्विवाद,8
बारहवें,8
हालाँकि,0
सतत्,4
ब्लॉग,4
बनवाला,68
रजिस्ट्रियों,194
अराध्य,39
बालयोगी,125
क्षयरोग,171
गिराते,3
विमुक्ति,154
जाइये,8
विनाशक,8
किलकारियां,3
धुलने,135
गैरजिम्मेदाराना,17
आवाजों,157
यदाकदा,81
बहुविकल्पीय,4
काऊ,4
पीढी,8
खण्डों,4
बेंचे,4
हर्ज,0
दलबदल,8
बौछारों,3
वनीकरण,4
कामराज,8
ख्यातिलब्ध,164
सहगामी,0
रोधक,3
उगलती,8
कनीज,50
आर्कषण,160
जिम्मेवारियां,72
निकालती,3
मनकी,4
अग्निदेव,36
मिलीजुली,175
सृजना,4
आडंबर,188
फिरंगी,8
अहं,8
कायापलट,157
कईं,8
व्याधि,12
बरसानी,4
समानों,8
मृत्युजंय,53
मूर्तिकला,8
साफतौर,0
चिल्लाकर,3
अवकाशप्राप्त,8
बाड़ी,90
ठठेरा,81
सहायतित,129
मददगारों,0
जमाकर्ताओं,4
पूछें,13
चपाती,111
सूफिया,81
सुल्तानी,30
पर्वों,8
बैटरियों,4
जटिलताओं,4
श्रीफल,39
अत्याचारी,0
नारियां,8
वनविभाग,4
दिखें,8
अनीमिया,95
वस्त्रालय,70
टिक्की,4
उभरेगा,160
बुलाता,0
विलासिता,4
उगाए,3
गर्जन,46
शरणागत,8
खासमखास,3
अमरुद,3
उठायें,5
उपकर,4
प्राचीनकाल,8
ज्ञानपीठ,8
स्थानातंरण,2
आंतों,3
पधारने,8
चलनेवाली,177
बालिक,194
पुरूषोतम,8
कटवाना,60
लुहार,8
एसएसजे,178
महलों,8
चिकित्साकर्मियों,4
संवर्गो,158
विधानसभाध्यक्ष,43
तैरकर,24
संभालेगा,75
अतिश्योक्ति,8
ताबीज,3
भयाक्रांत,18
रुकेंगी,185
भक्षक,3
गैंडा,3
सम्बद्धता,8
शैंपू,26
साहिबजादे,69
हांफते,22
सूंघ,0
निर्देशकों,8
सिमटने,171
बुधिराम,159
खेलेगा,24
गुरूद्वारे,8
जगाती,69
घोंसले,3
फटका,3
टांगें,3
कलाइयों,80
खों,133
मलाईदार,3
नास्ता,3
नगालैंड,192
सोहा,9
समितिया,4
बसाना,4
संवारना,39
सत्याग्रही,8
लांघा,193
दधीचि,8
पेशबंदी,0
पाओगे,0
रिकॉर्डिंग,8
महत्वकांक्षी,80
चमकती,0
बेपरवाही,108
साजिशों,8
छुड़ाया,72
संभालनी,23
मुंशियों,52
कबाड़,52
निलम्बन,4
मनगढंत,165
पाणि,88
मिटेगा,103
राजमिस्त्रियों,68
दैविक,8
कबूतरबाजी,4
कर्जदारों,4
भारतवर्षीय,66
खोजों,4
गद्दार,8
क्रमानुसार,3
गुनाहगार,0
किशमिश,3
रेस्त्रां,3
पैथोलोजी,4
खौलता,0
माणक,158
नीरस,8
जूझे,120
भक्तिपूर्ण,8
फरिश्ते,0
गोरक्षपीठाधीश्वर,8
काटो,102
प्रणालियों,4
लेखों,8
जलाओ,1
हरना,29
लिटाया,21
जरुरतों,164
सत्यकाम,8
तलाशती,27
सेवार्थ,113
फिसला,0
नवाजिश,8
चील,3
ऑडी,43
परिचारिका,64
कष्टदायक,135
छुपाए,0
छटपटाहट,8
अभावों,8
समाग्री,4
डिजिटाइजेशन,198
तहलका,8
मंगाते,3
गोंद,3
गोदना,3
जनजन,8
कार्यावधि,8
आत्मकथा,8
प्रमंडलों,81
मानेगी,41
काकी,8
फेशियल,4
सेंसेटिव,4
सुरंगों,8
सचित,4
शिवकुंड,22
बाये,13
धुनें,177
अभ्युदय,8
युवाशक्ति,4
किश्तवाड़,8
कष्टकारी,42
डरती,131
घंटेभर,4
उपाधियां,4
अभिरूचि,4
बिगाड़ने,0
देवर्षि,8
फर्जीवाड़े,3
बंधना,187
विच्छेदित,88
फिरना,0
जलधर,4
खटिया,14
परिचालित,4
विदायगी,168
बसस्टैंड,0
कैरोसिन,0
प्रतिरोधी,4
तिथिवार,40
चराते,0
बहका,0
सन्देश,0
व्याख्याताओं,4
हींग,3
बतायेगा,8
थमेगा,157
सर्वनाश,8
कांस्यकार,4
नुकीली,3
रसीला,3
टपरी,46
कहतीं,138
सत्तारुढ़,30
हीनता,8
अमनचैन,69
साइकलिंग,18
पाद,3
चूम,13
छूटना,4
नज्म,8
धनुषधारी,57
इन्द्रधनुष,3
उफनती,8
अभिशप्त,3
अम्बर,8
कसें,0
दुकानो,36
अलमारियां,3
गालिया,5
विश्वबैंक,126
जुड़कर,3
एशोसिएशन,8
मिरगी,4
रेंगने,64
प्रार्थनापत्रों,4
तेरहवां,29
युगुल,8
दूरंतो,14
उद्धारक,8
तेईस,137
क्रीडा,8
उपदान,4
सपाट,3
छोटों,197
शूल,37
फुटबालर,4
मैन्यूफैक्चरिंग,126
हृदयरोग,86
पुर्नजीवित,3
चौमुखा,8
शकरकंद,3
संभाषण,17
बिकेगा,67
घबराया,118
ट्रॉलियां,156
राइफलें,59
कुश्तियों,8
कुल्ला,81
खंबों,82
योगासनों,28
विशिष्टता,4
गुस्ताखी,199
सगुन,37
शिक्षाकर्मियों,0
उठक,87
बिछाये,145
ट्रस्टियों,4
गोशालाएं,81
सौभाग्यवती,8
पखवाड़ा,95
सहभाग,94
पुकारने,0
लम्हा,134
चढ़ाये,154
प्रवरण,121
प्रचालन,4
विखंडित,4
एकाकी,8
छल्ले,3
ओवन,4
करधनी,166
समदर्शी,8
जुर्रत,99
रागों,8
औद्योगिकीकरण,4
जलप्रपात,8
चबा,3
महाकाव्य,8
दस्तकारी,8
कुरबान,38
बरपाने,11
टेकन,51
दूरियों,3
सिफारिशी,0
टाईब्रेकर,46
अभयारण्य,3
अर्जुनदेव,8
घुलने,3
ज्ञानवर्धन,132
दाब,4
जूती,62
मत्स्यपालन,3
विकृतियों,4
खुदे,82
शूरू,4
डंडी,4
कामनाओं,0
अभावग्रस्त,48
विराजे,197
रती,8
तख्तों,0
हृदयघात,8
जलेगी,3
मानिए,0
दिवाला,95
गुनहगारों,4
परिदर्शन,4
परिवारो,4
अविभाजित,48
दानदाता,163
प्लेटफार्मों,4
सीखो,0
ठुकराया,0
बावला,26
मचना,0
मासूमियत,72
शोधों,3
आंकने,66
उपनिषद,8
कानाफूसी,0
कर्मस्थली,8
भाईजी,98
हंसता,31
एकजूट,124
एलोवेरा,4
बहिष्कृत,8
सफा,120
नापा,4
सदनीय,8
हिलोरें,53
छड़ी,0
मधुरता,8
बिगाड़,0
बेवफा,8
श्रेयस्कर,0
धागों,3
अजातशत्रु,8
प्रांशु,154
मुख्यसचिव,8
उफन,4
वयस्कों,4
फिल्मांकन,8
अनुकृति,3
बदलो,0
कहलाते,4
बनमाली,179
घुली,9
उलझती,67
गांठें,37
राजद्रोह,8
एकत्रीकरण,4
चिकना,3
गोपियां,3
पोशी,4
लूटमार,8
यारी,0
दर्शाना,4
चरखे,147
चकरी,96
मिटता,146
बत्तियों,35
अभिप्राय,8
कालिक,4
फैलना,124
खींचातानी,8
त्यागना,8
पड़ेंगे,0
चिढ़ाते,3
मिटी,0
गुरुमंत्र,137
उपार्जन,6
बांधती,3
हटाएंगे,4
रखिए,41
जड़ी,3
गमला,75
तबेले,95
महामानव,175
छुए,90
कर्ताधर्ता,8
उभारा,0
बीजे,58
गिट्टियों,4
गोंडवाना,8
मद्रासी,94
रोपकर,3
दादीजी,129
तेलुगू,8
रुद्रप्रताप,8
उजला,12
मुर्दो,0
बसना,97
सरदर्द,80
आरएसी,8
खता,46
बीजने,63
अंको,3
मान्यताएं,83
रूपन,59
वायलिन,3
फाइनेंसरों,4
जीवांश,4
द्वादशी,8
ठंडाई,27
बेतुके,0
टोटका,8
प्रतिवादियों,4
हिजरी,8
थूकने,3
पावडर,71
अंगीकृत,4
मुंहमांगी,134
कमलनयन,117
निर्दलीयों,100
छलके,3
चट्टा,82
खगौल,52
गाथाओं,8
प्रदर्शनियां,70
बूटों,88
जनजागरुकता,8
पहनाते,36
सजाये,3
पिछड़,0
पृष्ठों,8
बुलाएं,0
चिमनियों,4
गैंगस्टरों,33
चीरते,61
गाइडलाइंस,165
विनियमन,4
मार्गदर्शिका,4
कल्पवृक्ष,8
ट्राम,3
वैद्यों,4
उगली,8
कुण्डल,8
रखाना,6
भांपने,4
जूलूस,8
खेतीबाड़ी,0
उत्पीडऩ,145
खर्ची,139
भ्राता,8
लगुन,3
बोवाई,3
शागिर्द,51
क्षतविक्षत,67
सूखकर,0
करू,136
योगिनी,8
उतारेंगे,67
पोंछने,8
तजुर्बे,4
फीके,3
घोला,173
सुखाया,3
गिराये,8
विलायती,8
आचार्यश्री,82
साईबर,4
पक्षाघात,4
ऑटोरिक्शा,8
उखड़,0
फलने,105
छबीले,1
खिजरी,18
मटकों,79
देवलोक,8
महिने,0
आत्ममंथन,97
आतीं,4
टालना,8
सुलक्षणा,8
गाठ,8
दमकलों,0
पम्पों,4
अंतरंग,8
कांपी,65
घायलो,14
दुखहरण,7
अपनत्व,50
बरना,90
धूलकण,58
पिंडारी,23
सुरक्षागार्ड,64
नाटिकाओं,8
उछालने,6
साध्य,4
नमस्तस्यै,141
गंगातट,8
प्रतिनिधिमण्डल,61
मझधार,10
बनवासी,8
स्वर्णजयंती,4
सम्मनित,8
रोगमुक्त,3
झकझोरा,8
सप्रू,8
रोगग्रस्त,4
कैबिन,174
विरुद्व,98
अंगारे,0
गोलगप्पे,3
धर्मस्थलों,106
रंगो,3
हस्तकरघा,0
पत्रिकाएं,4
पीलापन,4
सर्वसहमति,52
स्वायत्तशासी,8
बस्तों,152
दाहसंस्कार,8
चूल्हों,3
आस्थावान,8
पराठा,3
सुन्दरी,8
प्रतिद्वंदियों,164
मध्यवर्गीय,8
उतराई,143
कीड़े,3
कालीपूजा,8
फूलदार,8
कौतुहल,170
पुनर्नियुक्ति,4
पदच्युत,4
रूककर,3
थपथपाने,23
पर्चों,4
हांफने,40
लुभावनी,8
वजहें,76
प्रभुत्व,8
शक्तिधर,196
मचायी,81
बदनुमा,0
पथरीली,3
पट्टेदार,3
थलसेना,8
संतरो,4
बांज,3
पत्तेदार,3
छटपटाते,194
महगे,151
पलकों,3
संभालेंगी,0
जलमार्ग,4
मशीनीकरण,4
पिटा,165
ग्लेशियरों,3
गृहिणियों,8
रफू,128
छत्ते,3
उगता,3
भक्तो,8
स्की,4
मृदंग,44
प्रतिरक्षित,4
कौवों,14
पिटना,58
चौगुनी,164
दुखती,91
पदमाकर,28
मलते,194
मुस्कराते,8
भड़ास,4
राज्यवासियों,2
जगती,3
लालपानी,118
रसास्वादन,0
बायकॉट,0
सलीका,108
बैंकें,4
झंकृत,44
दोगुणा,3
अन्त्येष्टि,8
पिस्ता,3
समर्थको,164
खानदानी,8
नन्दा,8
व्यसनों,135
मौसेरा,4
भारतवासियों,8
अवशिष्ट,8
पुनस्र्थापन,153
खेलेंगी,4
रीच,39
जानकरी,0
मिलिए,20
लपके,0
मट्ठा,41
मुहाना,8
रघुकुल,8
असंवेदनशील,3
पोले,3
पोर्टिको,8
मंगवाते,8
जुटानी,4
सफाए,10
भाता,100
मौसेरी,72
चिल्लाता,3
छिन्नमस्तिका,0
चेताने,171
शिवगोपाल,99
विनियम,4
पहाडि़यों,8
दलन,43
संध्याकालीन,8
कर्मयोग,8
खिलते,3
तपते,132
उपाध्यक्षों,4
दहाड़े,0
कुंवारे,0
नार,0
मार्गशीर्ष,8
बन्धु,3
पनिहार,39
राष्ट्रों,4
गुणकारी,3
उपयोजना,192
अनचाहे,186
इसीलिये,8
आयटम,92
स्वालंबी,13
बाल्यावस्था,4
अपरहण,0
स्त्रियां,8
बिठाना,147
पुकारे,0
क्रिकेटर्स,8
जबिक,3
पयर्टन,184
तरफदारी,52
छाना,77
बहत्तर,136
चटकने,3
जगाओ,3
सुसंस्कृत,8
उतारेगा,53
निष्प्रभावी,4
पोतों,4
सराह,76
साभार,8
नापसंद,8
शिल्पकला,8
झोकों,88
देवत्व,8
लाइफलाइन,4
रफ्ता,0
फोड़ा,4
संसोधन,4
नाइस,8
पशुचिकित्सा,4
अपनाती,4
महाप्रबंधकों,8
ऐंठे,8
सर्वविदित,4
मचती,0
अनछुए,118
गिरफ्तारियों,20
सबेर,3
बनवास,4
विवरणिका,4
घटकों,4
मजाकिया,199
काटेंगे,123
जनकवि,8
तीतर,3
खोदते,3
उफनाने,108
पिस्तोल,9
डिहाइड्रेशन,167
पढ़ीं,0
भाती,0
गगनचुंबी,3
स्वामिनी,137
हुजूरी,0
अर्थात्,4
रौंदी,0
दिहाड़ी,4
शनै,3
पद्वति,4
सपेरे,3
असंगत,4
दयामय,72
अभिहीत,60
फारूखी,115
डेसिबल,4
ललाट,3
ब्रह्मचर्य,8
फीचर्स,4
सांचे,8
कराहता,44
सिन्धु,8
खरीदीं,158
राफ्ट,99
रेफ्रिजरेटर,4
बेतुका,8
सन्मार्ग,8
लेटने,6
वासुकी,8
मती,8
चुभन,21
मंझला,3
दोराहे,41
अनियमिताएं,27
सोसाइटियों,4
प्रतिपादित,4
मौलानाओं,8
मिलो,0
चट्टे,54
महरुम,0
फैलेगा,28
चेतन्य,0
कठिनाईयां,57
ऋतंभरा,8
गलाने,3
वनदेवी,113
लांघकर,9
संस्कारयुक्त,56
भेंजे,4
मध्यकालीन,8
कमाएं,8
आलोकित,137
सिनेमाहाल,181
जिए,187
बोधी,162
डोसा,3
मतवाला,29
रीठा,8
पैडल,3
एकसूत्र,62
योगमाया,8
गृहस्वामिनी,118
स्वशासन,8
पदो,4
मार्गीय,8
तदनुसार,4
बेनाम,13
शरमा,144
कमंडल,8
भिगो,3
पछताना,65
दिवालिया,4
इकाइया,3
दौड़ाकर,112
अटकाने,4
ढंके,3
पायरिया,95
बाईस,8
फैलाएंगे,37
गुजिया,104
एकाग्रचित,116
परजीवी,3
पंहुची,8
महाशा,4
उच्चत्तर,158
अभिजात,9
कम्पनियां,4
संवादों,13
छेड़,0
क्षत्रीय,4
प्रतिपालक,23
छोरों,3
न्यूनीकरण,4
ताम्र,3
मेंढक,3
यमदूत,8
सुनेगी,85
दुर्दशाग्रस्त,0
ईंटे,8
दैहिक,4
सुनाएं,0
बढ़ो,0
सोचो,78
घासफूस,3
आतिशी,81
अंतर्जनपदीय,197
अखाड़ों,179
मुददों,175
भगोड़ा,4
शिक्षाकर्मी,120
कुलेश्वर,8
छोडकर,4
रुतबे,0
उतम,90
रील,4
स्वंयसेवी,4
कचहरियों,4
स्मृतियां,8
पाजामा,136
लोकों,8
आयोगों,4
सौगंध,0
विषयवस्तु,8
सिनौली,8
जुएं,0
समष्टि,4
बंधकों,8
आधीन,51
बर्ष,8
घिसटती,3
सुपुत्री,8
कालीमंदिर,134
चिन्तित,145
कालीनों,3
गमों,8
सीमापार,3
परिस्थतियों,67
साइडों,4
मंगायी,3
अपरोक्ष,8
जगाएंगे,128
तहसीलें,8
चूस,3
रूपयों,198
विरक्त,0
परिणामस्वरुप,4
बिकेगी,79
संतानें,14
उजले,16
अनुज्ञप्तिधारियों,107
स्मृतिचिन्ह,36
लुटाने,122
बिट्टी,25
जलशोधन,79
छिपते,108
बिलखता,127
तोड़ते,0
अखण्डता,8
ढूंढ़ते,70
मनसुख,100
सेकने,3
गुरुवचन,23
अंगरक्षकों,97
सैकेंड,154
डरना,0
निपटेंगे,53
प्रियतम,8
धूलभरी,86
सुन्दरता,8
एंजियोप्लास्टी,4
यारों,39
भंजन,81
एकलाख,29
अवयस्क,4
शीर्षस्थ,8
बुर्जुग,10
धमनियों,4
भरवाये,114
आकृतियों,3
चरित्रों,8
तेलों,3
हबीबुल्ला,8
तत्समय,4
बैठके,38
रांझा,0
निकालीं,0
झुलाया,10
नजला,139
पीडिता,184
जुटीं,163
बुलाती,0
चश्मदीदों,101
होंगें,0
धाराशायी,3
डराना,0
सौदों,4
याशिका,9
एटलस,177
स्थापत्य,8
वहिष्कार,8
भूंकप,3
निंद्रा,17
नक्षत्रों,3
झुकाया,8
मजाल,0
छूता,62
दिलवाएंगे,190
दोहरायी,132
निखरी,141
दिवानी,112
गद्दों,1
सौंफ,3
अछूत,8
सींचा,8
ऐवज,0
इंस्टाग्राम,8
दानदाताओं,4
चमाचम,3
उगलवा,80
मृदु,3
बेतुकी,29
चीखती,0
उत्सर्जित,4
कलाबाजी,3
आक्रोशपूर्ण,8
चकबन्दी,176
पायजेब,132
काउण्टर,64
मूल्यांकित,4
खाईं,29
कबूतरी,65
रखनेवाले,0
अच्छाइयों,8
जानेवाला,0
खिंचवाई,6
छेदक,22
देखादेखी,8
अभिलेखीय,112
घिसटता,55
जहाजों,4
बोलियों,8
वॉट,3
विश्वव्यापी,4
कांटेक्ट,128
दशानन,107
थोड़े,0
घेरना,8
महाष्टमी,8
उच्चशिक्षा,0
खोलनी,86
बहुप्रतिक्षित,143
चीरती,0
रोई,4
स्लॉटर,190
श्रेष्ठतम,8
सत्संगियों,143
पतंगे,133
अराजनैतिक,174
ज्येष्ठता,10
टोटके,41
प्रलयंकारी,8
तनीषा,8
बांटें,91
कार्यरूप,4
बेदर्दी,95
कसबे,8
निरुत्तर,59
सहकार,4
चांटा,8
जुगनी,8
अनुचर,8
खंडीय,4
पंचायतघर,18
युद्धों,8
लोकमित्र,106
बहनजी,63
बिकीं,8
रखवाला,0
भूमिकाएं,8
जमानतदार,2
दूतों,8
कद्रदान,37
मूलधन,0
बतायेंगे,121
रंगीली,39
पुर्जो,71
उद्योगमंत्री,23
दरबारों,8
लिखवाए,44
आनलाईन,4
मंजिलें,3
कलपुर्जे,82
पहुँचने,0
स्वतन्त्रता,8
थोपना,34
मुसलाधार,0
भीतरघात,164
दातून,8
विद्रोहियों,8
गृहस्वामियों,8
दशमलव,3
तन्हा,0
नशेड़ी,9
ज्ञानार्जन,4
गाएं,134
रूपवती,36
सम्पत,8
नजारों,3
लाइसेंसधारियों,7
खिंचवा,70
नियुक्तिपत्र,8
हममें,0
खर्राटे,3
उत्तेजक,4
चाहतीं,75
कंकर,0
जगरानी,147
सोएं,41
पलने,0
आशावादी,8
फिल्मोत्सव,8
तटस्थ,4
व्यवस्थायें,4
बरतन,3
झलकने,21
छोटो,8
दुराचारियों,0
मनोभाव,8
तिल्ली,4
जन्मांतर,193
हंसाने,72
मोर्चाबंदी,4
गर्द,0
मसान,16
कृतज्ञ,0
ड्रैस,4
डोलियों,137
नौकाओं,0
हमलावार,118
पांवों,0
तुक,0
दीए,8
रिक्शाचालक,3
ऑटोग्राफ,8
पतों,4
फलदायक,8
पूजते,0
सहनशील,0
लीबिया,8
व्याधियों,4
कोरियन,34
मायानगरी,6
फुंकी,161
संघर्षों,8
पशुबलि,8
प्रतिबिंब,4
पेंशनों,4
उक्ति,8
लेखाकारों,4
यतीम,0
कत्था,3
घुलनशील,4
दुर्दात,4
रौंदता,92
प्रत्यायन,4
डिजायनर,0
विज्ञापित,4
फव्वारों,8
विराजित,8
टुकडे़,21
टकराती,3
बिकना,91
टंकण,4
मृतिका,7
रीछ,3
चुटकुलों,13
अंतर्मन,8
थामकर,87
पछता,42
हृदयविदारक,25
आईएमटी,30
तिलांजलि,4
अंतरात्मा,8
मुख्यमंत्रित्व,151
भिक्षुक,8
मधुशाला,0
व्यापरियों,58
उपला,26
श्रोतागण,97
इष्टदेव,8
केज,3
लुढ़की,3
अपराधीकरण,8
बंधकर,3
महामन्त्री,74
जुदाई,0
कबाड़ी,13
अस्ताचल,86
चंकी,190
लकवाग्रस्त,4
कालाबाजार,101
न्यायमित्र,86
गुलबहार,8
कविगुरु,8
शय्या,141
मसोस,0
लहराता,37
मलहम,3
सैन्यकर्मियों,4
नर्तकियों,43
सांड़,6
संशो,39
राजाज्ञा,22
न्यारी,4
मुगलकाल,8
समयाभाव,4
साध्वियों,8
मंझे,120
नवाबी,8
सिमटती,3
लम्हे,39
गिरिजाघरों,8
बेंदी,166
मंचीय,8
वरिष्ठों,13
उदाहरणों,4
भौतिकवाद,4
डांटते,183
उगाते,0
बुलन्द,0
कम्प्यूटरीकरण,4
वामपंथ,8
कुतिया,127
चरते,3
वीरभूमि,8
खींचता,191
उड़ता,46
समझाएंगे,89
ट्रैकों,4
उपनाम,8
वास्तुकार,8
बखिया,3
व्यवस्थागत,4
रीडरों,101
छोरी,3
गिरफतारी,3
किशोरवय,8
स्फूर्त,4
सरकंडा,185
धन्वंतरि,8
सांकृत्यायन,8
ब्रहमचारी,8
मर्दानी,6
सम्भावित,4
रेलों,4
अप्रतिम,8
प्रविष्टियों,4
सहकर,8
चोंटे,3
लुढ़ककर,3
सुलगने,3
सोहारी,58
पंड्या,8
भौजाई,3
सेवायोजना,8
लिखनी,6
माधवन,8
रक्षार्थ,8
खगोल,4
मैंस,183
आयोजना,68
उलझाकर,2
निवेदित,18
अज्ञानी,0
साथा,199
दानवों,8
पूज्यनीय,8
सिरों,3
पिरोकर,81
मध्यक्रम,134
चट्टानें,8
पैंतालिस,76
हरजी,141
नियोगी,127
असहयोगात्मक,113
उवर्रक,3
फतवे,8
वृश्चिक,182
धर्मशालाएं,8
भौचक्के,61
इमारते,73
विश्वनाथन,165
ओढ़नी,3
प्रतीक्षित,61
भगाते,70
खेतीबारी,14
पनघट,159
शस्य,26
मुवक्किलों,184
बुर्का,4
झल्ला,3
दरियाओं,0
रंगबिरंगे,8
विभेद,0
डसा,52
तराशा,26
सुधारात्मक,4
तुझको,0
गयो,34
उदघोष,28
डरें,0
नर्तक,8
भड़काऊ,4
एम्पायर,8
हक्के,81
जहन्नुम,0
अत्यावश्यक,4
खुल्ला,0
मारेंगे,0
लड़ते,0
संदेहजनक,178
उसूलों,8
नाकारा,0
बांटती,8
वकालतनामा,4
हुकुमत,8
फेका,23
रेलपथ,73
डिबिया,73
मुस्कुरा,23
सत्यवादी,0
बट्टे,4
गरजने,142
भीगकर,136
पलता,167
तारण,8
चाइल्डलाइन,81
वृद्धाओं,109
डली,3
बन्दूक,8
धर्मग्रंथ,8
डण्डे,108
हुरियारे,3
उपनगरों,4
बांझ,0
फेरियां,8
सार्वदेशिक,8
उत्तरवाहिनी,8
रखवाई,8
धांधलियों,8
अवकाशों,145
आक्रमक,8
मजारों,68
ओहदेदारों,8
बुद्धवार,8
कृष्णमय,52
सुनाईं,180
मोबाइल्स,8
प्रास्पेक्टस,8
तुच्छ,0
मैती,8
झालरें,8
जन्मशती,8
बुद्धिमता,4
थोडी,8
छूटती,4
सटोरिये,3
उपजातियों,3
मानवतावादी,8
चिकित्साकर्मी,12
कंठस्थ,8
दीवारे,3
अकेलेपन,91
रजऊ,91
ठोकरों,8
रचाकर,54
जीवनसाथी,13
फरमानों,17
सम्पादित,4
कलाकरों,184
भौंकने,3
चाहो,0
दफनाए,52
पहचानकर,8
स्टंप,3
दौड़ते,0
मंगलकारी,8
पराई,36
छींटा,134
प्रत्यर्पण,4
निष्फल,4
बननेवाले,3
नाचती,36
संभालता,4
अतिक्रमणों,124
भये,172
नुस्खा,4
चॉक,73
तख्ता,164
अधरंग,8
बाहुबलियों,58
आंतकियों,20
अरुणोदय,8
खर्चीला,4
छप्परों,27
भाड़े,4
पाठशालाएं,103
हटाएगा,80
मलमूत्र,3
नेस्तनाबूद,0
लड़ना,0
अड़चन,74
सर्वहारा,8
ठहरता,66
निशानियों,0
घरेलु,8
थका,0
फरमाने,94
नाखुशी,0
वर्दियों,3
पंजाबियत,8
सरोबार,8
रंगेहाथों,27
जगता,45
भाजे,3
कठोरतम,137
छानती,21
डराकर,80
धर्माचार्यो,11
बगलें,79
प्रबंधिका,135
पंसदीदा,8
कहेगी,0
उड़ने,3
विद्याओं,8
अश्रु,83
बारहसिंघा,3
बजाता,96
चिकनाई,3
घोट,49
मानवीयता,8
चहेता,8
सुलभता,4
दरगाहों,8
परायणता,0
चंद्रोदय,8
पहचानी,116
तीर्थंकर,8
नहाकर,3
संदर्भो,8
ज्योतिर्लिग,8
ताशे,3
बुझकर,0
कौवे,3
जगतनारायण,8
लीडरों,0
लेके,117
तोलने,154
जवाबों,49
रसीदों,4
सोलहवीं,8
घुसता,27
दरबाजा,56
पारिस्थितिकी,3
अजैविक,4
इनामों,171
बिछुआ,4
सूक्ष्मता,4
फैलायी,8
घोडे़,145
तिनके,3
खौलते,0
सहजन,20
पिताम्बर,83
दिखनी,73
काउंटी,8
बिरले,188
ऐनक,3
आवर्धन,165
न्यायपीठ,4
विद्वता,4
फंसाते,165
चूमती,159
बलिदानों,155
रूढि़वादी,8
प्रतिस्पर्धी,8
टुकड़ों,3
बरसता,0
सूझा,0
स्नानघर,79
बेगाना,4
अनुभवहीन,8
हिचकिचाहट,8
गोरैया,3
प्रत्यय,4
विश्वगुरु,49
आइंदा,101
भाषणबाजी,199
विघटनकारी,157
मजनूं,136
उड़ाते,0
नकदीकरण,4
पल्लवित,8
संकीर्णता,8
मायाजाल,8
परिवर्तनशील,4
षष्ठम,4
मुर्गीपालन,3
निर्भीकता,8
लगाईं,4
अरबपति,8
कुलदेव,8
प्रतिद्वंदिता,4
रातोरात,0
हैरतंगेज,0
द्रव्यों,4
आक्षेप,0
पंचक,14
सुलाने,74
तथ्यात्मक,4
मेहमाननवाजी,20
अभिज्ञान,4
बजीं,33
उत्तराधिकारियों,8
श्रृंखलाबद्ध,68
गरमागरम,23
पार्टटाइम,144
चिल्लाया,0
अठन्नी,57
रिसाइकिल,3
चक्रधारी,171
कुटुम्ब,4
मगरमच्छों,8
टोयोटा,4
गाता,3
सर्दियां,3
सदाफल,3
मंजन,4
गिरिजाघर,38
दादाजी,0
जिंदगानी,8
पढें,8
मरवाने,8
ब्रह्मस्वरूप,8
परिस्थति,4
विषैली,3
निषादों,181
सुस्ता,8
उपदेशक,8
जिताना,191
ट्राफियां,8
तरना,59
सिखाकर,121
अभयदान,8
वृद्घा,44
सनशाइन,8
क्षैतिज,3
बुदबुद,3
सिक्खों,8
दूब,8
रहनुमाओं,0
फिसली,4
रस्मी,81
बांयी,85
घमंडी,0
पूजने,0
बाउण्ड्री,94
सिलने,71
उपजाने,2
सूतक,36
अल्पकालीन,4
रेजर,45
उठाओ,0
कूंचा,8
गुफाओं,8
प्रेमभाव,0
छानकर,3
बुराईयां,177
टिकने,0
रीतियों,3
अंशदायी,4
जिनेंद्र,53
सदाचारी,8
बाइ,8
मलीन,11
बुरादा,3
करुणानिधि,18
राजवर्धन,66
सेकेण्ड्री,189
राजशाही,8
टेलीस्कोप,71
प्रखण्डों,184
पहचानती,65
बंधियों,20
अर्जियों,109
आंगनवाड़ी,4
उपखण्ड,4
रुकावटें,54
लपक,0
कूचे,51
जियोलॉजी,4
फिटकरी,3
झूमी,3
भ्रुण,4
शनिधाम,28
जुड़ाव,4
टांका,3
झंडू,90
मनीषियों,8
विरासतों,33
महाकौशल,8
सिसकियां,44
तरकश,44
अपनाओ,0
हाटों,8
उपली,8
रुकीं,3
नीलगिरी,3
वृत्तचित्र,8
रसायनशास्त्र,4
फकीरों,8
पनडुब्बी,4
पीपों,3
जिल्लत,21
सर्वव्यापी,4
यातनाओं,32
मंगलगीत,3
जिन्दाबाद,8
चालों,9
ठहराना,57
खुराफात,182
संबन्ध,4
पीसने,3
अकादमियों,4
झटकने,112
बम्बा,0
पटाने,120
टेलीग्राम,8
बंजारों,8
सपंर्क,0
गिरगिट,3
कटीले,181
हथियाना,99
लेखानुदान,64
तिब्बतियन,94
टेके,0
हस्तशिल्पी,101
झमेला,188
गद्य,8
कीर्ती,76
संसारी,8
धर्ममय,5
सन्दर्भ,4
अपनाएगी,4
अनोखेलाल,144
सुलझाई,13
बंबई,8
तलक,168
निजता,4
उपचुनावों,4
तम्बू,51
सुहागन,8
प्रक्षेप,3
लड़े,0
बैनामों,8
फंसाये,113
पाखंडी,8
सर्कुलेशन,142
सहती,3
सुनाती,24
विकृतियां,3
स्नेहिल,147
राजपरिवार,8
महापुरूष,118
धन्नो,16
अभ्यस्त,3
टालता,116
भण्डारी,117
शत्रुओं,0
भेंटवार्ता,35
सति,8
जीवाश्म,3
पुरातत्वविद,83
ढकोसला,0
नोटो,8
भटूरे,197
हिरनों,20
सीरियलों,165
परिहवन,151
सहेजकर,112
बहकाने,49
छुटभैया,22
व्यूह,8
झुकाने,4
फास्टफूड,3
खीझ,70
मसजिद,27
माइक्रोस्कोप,3
संवत्,8
ईमानदारीपूर्वक,4
पसली,37
बढ़ावे,8
सैकड़ा,143
अनुमानत,3
मुंहतोड़,8
भक्तगणों,33
छूटता,3
लहलहाते,10
ख्यातिप्राप्त,8
सेंटीग्रेड,3
शर्करा,4
विकासखण्ड,3
पीहर,137
सुरीले,55
मौते,126
हंसना,0
दिलाओ,0
पूर्णागिरी,8
स्पीकरों,3
अरण्य,8
अलापने,20
उलझाए,0
निर्दयता,157
बेगानी,59
बंधपत्र,4
मान्यताप्राप्त,4
खदेड़ने,0
पण्डाल,165
छिनी,95
सम्पत्तियों,4
मजबूरियों,0
राष्ट्रगीत,8
चलायें,13
नर्सरियां,113
लौहपुरुष,98
सर्वदा,3
अनिष्ट,0
संक्रान्ति,8
पाबंदियों,3
बोझे,0
मौहल्ले,118
तपने,3
वेटरिनरी,58
जैतून,3
फटकारते,83
भूस्वामियों,4
उभार,3
नपुंसक,1
प्राचीनता,8
छींक,167
उतराते,3
महका,191
खिसकते,96
विश्वस्तर,24
बेरंग,92
पगला,34
करवायें,130
देवकुंड,112
सावरिया,127
मण्डप,8
कार्यपूर्ति,3
कट्टरपंथियों,120
खिंचाव,3
विकासकारी,4
ढूंढ़ना,4
गुनगुनाते,3
ख्वाबों,28
ढलती,8
सत्यनिष्ठा,0
समानान्तर,3
तौहीन,150
चक्रानुक्रम,192
भक्तिगीत,88
भारतमाता,8
रजाइयों,3
खुशामद,13
अदंर,137
चुकें,0
पियें,4
बताशा,4
जगाए,12
चलाएंगी,117
परदादा,11
रीतिरिवाज,8
कालापानी,2
खंडवार,33
प्रशसनीय,8
हिमखंड,8
केन्द्रो,5
सुलगते,13
विश्वरूप,8
ट्यूबलाइट,4
धारावाहिकों,8
चिन्ताजनक,21
नामांकनों,8
त्रुटिरहित,4
दुर्घटनावश,162
सिरी,159
लॉलीपॉप,190
टायफायड,32
धूना,8
फेरते,0
खटोला,3
नर्म,0
प्रणीत,8
आक्रामकता,4
बारुद,98
नागवंशी,8
मुझमें,0
कूड़ादान,82
अंगना,21
फैनी,174
निमेश,32
हरिदर्शन,8
लांघने,8
मंझली,3
आवासी,4
बंदगोभी,3
छूत,94
दस्तकार,129
फूलबदन,4
भूदेवी,90
विवेकशील,4
हड़प,0
चींटी,3
कालीमाटी,78
घेरेगी,3
सामाजिकता,164
मुंडेर,86
बताएंगी,66
साहिर,8
तमाशबीनों,104
पहनेंगे,72
गौसेवा,142
अतिथिशाला,15
तीरे,8
फिरती,0
धोखेबाजी,28
जीवंतता,13
एरोन,174
माँगी,0
झेलता,89
विवेचन,4
बहक,0
किलेबंदी,4
बिछानी,3
पढ़ेगा,36
डालियों,3
इंद्रधनुषी,71
जुराब,112
झुण्ड,3
बंधेगा,4
सेगमेंट,4
श्रीचरण,3
भूमंडलीकरण,4
दहकते,189
तरसता,0
लोंग,38
झुककर,0
शैशव,8
चुस्कियों,165
बिछाते,3
कंघी,3
खर्चों,4
खिसकता,9
छानते,3
भट्टियों,3
सांढ़,31
जायेगें,18
खुश्क,3
मारेगा,0
बटवारा,84
अविभावकों,0
तात्कालीन,8
बॉयफ्रेंड,20
खिलाती,158
आसना,93
पागलपन,4
सांवला,65
तकलीफें,0
मंडराया,193
तवे,3
नियंत्रकों,4
सूरतेहाल,75
रुदन,132
मरघट,36
चतुर्वेद,4
नेग,170
जीवाणुओं,4
निरुपम,190
व्यापकता,4
ढूंढती,0
पधारो,67
विस्फोटों,4
त्रिगुणायत,8
अनुपलब्ध,13
व्याघ्र,3
मनवांछित,173
मनवाते,4
राउंडअप,3
व्योम,8
शॉक,3
बनाईं,191
मंझले,52
आईसक्रीम,125
चमकीला,3
गन्दा,3
चिताओं,90
दौड़ी,3
दर्शाये,3
प्याली,0
भालुओं,3
चलायेगी,0
गद्दारों,8
तिरूपति,62
अनानास,3
निषिद्ध,8
जागेगा,191
जगहें,73
रंज,0
मापन,4
इमला,8
खेदजनक,8
अमृतधारी,32
कोरमा,3
बादामी,3
प्रकांड,8
गॉव,0
पुनि,10
रोचकता,8
गारा,3
विरल,4
जलेंगे,15
नौंवा,114
भड़का,0
कीटाणुओं,4
नौरंगी,65
आईने,4
एडमिनिस्ट्रेटिव,81
तलाशनी,109
पुनरोद्धार,3
पदवी,8
आस्तीन,21
गंवाया,10
अपवित्र,0
नवम्,33
धर्मग्रंथों,8
अदाकार,174
लहसून,3
मायना,3
बचीं,121
भुलाने,8
जनशिक्षा,119
सेखुई,151
पाकशाला,23
अग्रज,8
रसधारा,10
बायोपिक,190
अरुचि,4
तरसा,37
सडकें,3
साम्राज्यवादी,8
डराते,0
गुनगुने,3
सफलताओं,8
पढ़नी,4
कश्ती,0
भुजंगासन,27
घरौंदे,66
गैंडे,8
दोतरफा,13
बरसना,158
कर्णधारों,4
भेंटे,19
शराबखोरी,8
हटती,9
आजमाई,27
संर्पक,8
तिलमिलाए,8
धुकधुकी,37
क्रेनों,54
सभाध्यक्ष,8
लाओगे,0
हुक्के,172
औद्योगीकरण,8
उगलना,158
विध्वंसक,8
सूंघने,4
नवान्न,67
चिढ़ाने,80
अतिमहत्वपूर्ण,4
पर्वतों,8
आनेवाला,157
मनस्वी,8
स्थनीय,12
नपाई,116
तानों,3
चुंबकीय,4
असक्षम,41
लुप्तप्राय,3
सावधानीपूर्वक,4
मझले,129
नापतौल,164
खुदवाए,8
प्रकाशमान,0
खालें,0
छल्ला,3
अभिनेत्रियों,8
महोगनी,3
आरोहण,137
गोकुला,91
लाभान्वितों,58
सगंठन,4
खिलायी,4
युक्तिकरण,4
पंचगव्य,34
मचाये,145
महगांव,154
सेतू,29
सार्जेंट,8
जनभागीदारी,8
जुटाएंगे,35
नामुराद,0
कॅालेज,49
अंत्याक्षरी,4
जताता,0
हस्तनिर्मित,3
घिसट,6
जनप्रिय,8
गर्मागर्म,164
ग्रीष्मकाल,3
संपदाओं,74
जैनियों,8
सार्वभौमिक,4
तास,8
पदाभिहित,4
ब्रम्हा,8
अश्वगंधा,4
ताल्लुकात,199
भुजा,3
आयत,0
फहराए,8
जन्तुओं,3
चढ़ाएं,180
छत्तीसगढ़ी,8
सड़,0
बेदर्द,136
सफलताएं,0
प्रपात,8
सौतेलापन,0
उत्तरदायित्वों,4
जगमगाते,3
मिलनेवाले,59
किताबे,0
पचाने,4
पिटते,189
ढक्कनों,3
वृद्धजन,4
टांगकर,117
अपीलकर्ता,124
प्रसिद्घ,8
दिखावटी,3
परीक्षायें,8
घोड़ी,3
संध्याओं,14
मसलक,8
सलटाने,152
सताएगी,62
हृदयस्थली,6
तरु,92
अनुवांशिक,4
वास्तुविद,4
आयुसीमा,4
किरायों,4
हिलते,133
अतिव्यस्त,74
फफूंदी,3
तरसती,4
सुहावने,148
शूरवीरों,98
जाएंगीं,89
पदयात्री,75
नहींं,4
दिव्यता,8
विषमताओं,4
फैलाती,3
मखमली,3
कौरवों,8
श्रेयांस,8
रंगकर्म,8
प्रादुर्भाव,8
जीतें,174
नेमप्लेट,186
नागों,8
लूडो,4
रामायन,8
रेडियोलोजिस्ट,35
महाराजाओं,8
उर्वर,8
पंक्षी,8
कलमा,0
करामात,8
