word,cluster
में,6
लिए,41
किया,100
गया,0
हैं,1
नहीं,48
सिंह,167
पुलिस,90
दिया,126
करने,41
कहा,25
रहे,126
बाद,90
करें,154
साथ,146
रहा,188
रही,54
बताया,45
हुए,126
लोगों,25
उन्होंने,126
होने,5
गांव,186
लेकर,74
जिला,186
इसके,6
एवं,149
क्षेत्र,3
द्वारा,170
हुई,46
लेकिन,146
लिया,126
सरकार,96
अपने,126
विभाग,30
मोबाइल,141
वाले,114
दौरान,0
आदि,149
सभी,36
मौके,146
फोटो,141
देखने,16
जागरण,11
जाने,116
दिन,74
नगर,186
तथा,149
जाएं,19
निवासी,158
लोग,25
बैठक,96
शुरू,0
कोई,48
हुआ,60
ताजा,68
करते,48
खबरें,101
समय,174
जाएगा,19
तीन,174
मामले,87
रुपये,140
कारण,12
पहले,126
थाना,120
पूर्व,6
विकास,198
संवाददाता,146
अन्य,163
जानकारी,141
कुछ,48
दर्ज,0
शर्मा,11
जांच,41
अध्यक्ष,96
स्कूल,135
यहां,184
अधिकारी,92
किसी,19
उनके,25
कार्य,198
पास,126
स्थित,186
कार्यक्रम,30
अस्पताल,116
वहीं,42
पंचायत,120
बात,25
पानी,97
किए,19
मांग,30
बच्चों,116
खिलाफ,90
बार,146
रूप,162
बजे,62
काम,19
उन्हें,126
कार्रवाई,41
तरह,22
देने,19
प्रदेश,186
महिला,93
उसे,25
वर्ष,6
मौजूद,22
अपनी,126
उसके,25
शहर,62
चुनाव,96
हजार,174
सूचना,170
दोनों,48
केंद्र,158
निर्माण,161
सहित,30
टीम,180
देवी,21
घटना,65
विद्यालय,135
मुख्य,3
शिक्षा,135
चार,174
बीच,3
प्रशासन,96
बिजली,33
रात,74
शामिल,0
जिले,186
होगा,19
कार्यालय,30
संवाद,32
इससे,114
मौत,126
उपस्थित,14
करीब,62
लाख,3
सुबह,46
दिए,19
नाम,80
पांच,174
अधिकारियों,96
कराया,192
जाएगी,19
आयोजित,0
राम,150
कहना,25
जारी,0
इसी,6
निर्देश,92
काफी,116
करना,14
प्रधान,92
जाता,172
प्रखंड,186
जबकि,185
व्यवस्था,92
आने,46
प्रसाद,11
घायल,90
आरोप,87
किसानों,129
योजना,30
तहत,30
लगा,74
आयोजन,143
वाली,177
अवसर,54
सोमवार,143
संख्या,138
अधिक,163
शिकायत,87
ग्रामीणों,129
उनकी,126
बंद,181
इसमें,48
राज्य,158
समिति,96
परीक्षा,100
अलावा,6
अभियान,90
मामला,100
ऐसे,19
अनुसार,6
चाहिए,14
युवक,148
मंदिर,21
पहुंचे,90
सचिव,96
ग्राम,129
रोड,62
पत्र,84
पुत्र,150
मंगलवार,143
उसकी,25
जहां,170
होगी,19
शनिवार,143
मिल,46
कराने,92
पूरी,19
बुधवार,143
शुक्रवार,143
छात्र,135
पार्टी,96
विभिन्न,163
रविवार,143
फिर,25
मंत्री,96
शाम,46
साल,0
अभी,46
आरोपी,87
गयी,90
जाए,19
स्वास्थ्य,198
जिसमें,101
वहां,63
गिरफ्तार,126
स्थानीय,158
निगम,30
विधायक,167
प्रभारी,96
समेत,120
बनाने,33
माह,143
लाल,179
श्री,11
परिवार,84
दिनों,53
प्रदर्शन,34
इसकी,3
प्रयास,13
सरकारी,30
सामने,25
ग्रामीण,158
जिससे,172
सदस्य,96
बैंक,30
समाज,189
सुरक्षा,30
वाहन,33
समस्या,12
किसान,129
पूरा,19
देश,158
बारे,45
चलते,46
लगाया,41
हत्या,126
रहने,46
मिलने,53
बाहर,16
बाजार,140
सहयोगी,0
स्थिति,12
दूसरे,114
लगे,25
पदाधिकारी,127
चोरी,176
शिक्षक,135
प्रतियोगिता,180
भाग,3
मार्ग,15
मुख्यमंत्री,167
स्थान,161
प्रतिनिधि,96
सफाई,195
सकता,163
छात्रों,135
मंडल,120
मिली,148
होती,172
कर्मचारियों,30
आदेश,100
पहुंच,140
पिछले,0
लेने,87
होता,138
विरोध,83
नेता,83
प्राप्त,14
जगह,46
तैयार,19
सेवा,30
उनका,126
परिजनों,166
अपना,126
देर,114
जनता,83
चालक,181
प्रति,14
मिला,148
गंभीर,5
संबंध,36
संघ,96
अलग,185
जमीन,177
भवन,54
अध्यक्षता,96
जाती,1
वालों,25
उक्त,92
कर्मचारी,170
जल्द,126
प्रकाश,10
राष्ट्रीय,158
गुरुवार,143
बना,46
जाम,46
करेंगे,19
विशेष,163
स्तर,163
स्टेशन,62
व्यक्ति,14
लगी,74
महिलाओं,116
थाने,193
होकर,74
कमेटी,96
गये,83
राय,84
उसने,126
परिसर,62
देते,48
देकर,126
संबंधित,198
तरफ,22
पूरे,3
समारोह,143
उपलब्ध,141
प्रथम,80
सात,174
शिविर,90
शिक्षकों,135
भारत,167
सभा,167
बच्चे,116
लगभग,3
इसका,138
आगे,74
विजय,60
राशि,170
भर्ती,87
अशोक,60
दूर,15
वर्ग,3
परिषद,96
दिवस,143
मां,148
लाइन,62
होते,37
मारपीट,111
घंटे,62
पंजाब,167
प्रमुख,158
पिता,148
रखा,126
छात्राओं,86
पहुंची,90
आया,126
उसका,25
अवैध,153
इसे,145
दुकान,140
अगर,22
पता,32
इलाज,5
जमा,59
जिस,25
कोतवाली,106
आधार,6
विद्यार्थियों,135
जेल,90
नजर,146
मतदान,96
ज्यादा,116
लगाने,41
जिलाधिकारी,186
खेल,180
यदि,14
कर्मियों,30
दोपहर,46
सबसे,3
बोर्ड,30
चौक,62
भाई,126
प्रशिक्षण,30
शराब,97
ट्रक,181
सवार,74
बावजूद,146
पूजा,21
सदर,120
जाते,1
डीएम,133
हालत,22
गांवों,129
निरीक्षण,170
आरोपियों,175
हालांकि,41
युवा,84
चुकी,126
सदस्यों,96
वाहनों,33
सके,14
कार,181
बरामद,193
विद्युत,33
भारी,104
भेज,126
अनिल,148
चुके,126
जिसके,19
जीवन,50
नेतृत्व,83
चला,74
सहयोग,13
मनोज,148
भारतीय,167
वापस,146
बनाया,46
मार्च,0
वितरण,163
कुमारी,11
परेशानी,116
करके,48
कंपनी,30
प्राथमिक,163
प्रकार,138
कार्यकर्ताओं,83
कही,25
कराई,66
वजह,22
कृषि,129
पति,148
ध्यान,36
कोर्ट,87
संगठन,198
होना,14
जाएंगे,66
दूसरी,46
संबोधित,54
आपूर्ति,33
ताकि,48
लाभ,14
माध्यम,163
निर्णय,92
हाथ,74
बढ़,114
मुताबिक,188
बारिश,177
मिले,46
होंगे,19
सामान,104
विवाद,13
पाया,37
ऐसा,19
वाला,114
राज,60
सकते,14
संचालन,30
बिना,14
अजय,148
आंदोलन,83
जाना,35
वरिष्ठ,96
विधानसभा,167
देख,25
कुल,3
हाल,22
आवेदन,170
बने,161
भेजा,126
देखते,25
रखने,41
मंडी,88
तेज,16
चुका,25
मुकदमा,87
धरना,193
जिलाध्यक्ष,139
भूमि,3
ठाकुर,11
अदालत,87
पत्नी,148
इसलिए,48
बनी,46
रैली,90
जैसे,172
प्रतिशत,33
कहीं,48
सूत्र,149
फरार,193
क्या,25
सूची,32
परेशान,146
तैनात,90
साफ,154
तहसील,186
बनाए,19
अंदर,145
शासन,60
सुविधा,141
गाव,88
भगवान,21
दर्जन,182
बाबा,21
लगातार,116
उधर,74
पक्ष,87
समस्याओं,36
अतिथि,148
क्षेत्रों,3
अभियंता,101
मुख्यालय,62
फसल,129
मुखिया,96
करता,14
यात्रा,62
निदेशक,30
आवास,30
चर्चा,50
शादी,148
सहायक,59
थानाध्यक्ष,17
उपाध्यक्ष,96
वर्षीय,0
सांसद,167
निजी,30
आसपास,184
सकती,5
दास,11
जान,25
प्रत्याशी,96
तैयारी,90
ब्लाक,120
बाल,86
सिविल,92
भुगतान,170
पहचान,141
खराब,116
सेक्टर,30
पूछताछ,76
सम्मानित,84
जनवरी,0
अधीक्षक,193
ज्ञापन,153
प्रवेश,15
स्थल,161
प्रबंधक,153
प्रक्रिया,163
विचार,36
उच्च,198
कभी,114
पीछे,74
लगाए,19
कमी,5
इलाके,3
जाकर,74
जमकर,63
आश्वासन,13
वेतन,170
जून,0
सप्ताह,116
तहरीर,176
यही,25
रेल,62
हासिल,146
बताते,45
विश्वविद्यालय,135
यूनियन,0
केवल,14
मदद,146
उत्तर,186
मैदान,184
खंड,170
मौसम,177
मरीजों,5
मगर,22
स्वागत,143
मकान,72
रोक,19
निर्धारित,170
खुद,22
बेहतर,22
नदी,184
पुल,62
अंतिम,32
ठीक,114
पेश,100
लगाई,104
खर्च,140
सिर्फ,22
लूट,63
बहुत,1
जरूरत,41
कार्यकर्ता,83
प्रभावित,162
बेटी,148
कर्मी,118
राजीव,167
द्वितीय,60
दें,154
नेताओं,83
घरों,46
उपचार,5
महतो,86
केन्द्र,158
समीप,184
सही,14
उपायुक्त,66
मार,126
जनपद,186
तौर,41
योजनाओं,30
हादसे,191
उर्फ,167
विद्यालयों,135
लगाकर,114
यात्रियों,62
अंतर्गत,170
फरवरी,0
संयुक्त,0
चेयरमैन,0
पार्षद,133
लगने,16
संस्था,30
गेहूं,68
मृतक,43
देखा,74
दीपक,148
रहता,1
उद्घाटन,143
कल्याण,189
राहत,66
संतोष,171
प्रदीप,171
घोषित,96
प्रस्ताव,96
सफल,146
नामांकन,0
पाल,167
आयोग,96
लोक,92
पेयजल,129
मीटर,184
जुलाई,0
पहली,0
प्रबंधन,30
कक्षा,10
न्यायालय,92
प्रदान,198
रहते,1
बदमाशों,47
गंगा,21
धान,68
सीमा,3
करवाया,161
सामना,90
दिसंबर,0
इधर,74
मांगों,13
महासचिव,96
अतिक्रमण,100
जीत,180
स्थानों,184
पदाधिकारियों,118
तलाश,134
टक्कर,65
नुकसान,116
माता,150
अज्ञात,32
लागू,170
जरूरी,41
मंच,54
राजकीय,158
बीडीओ,78
युवकों,83
दिशा,145
अतिरिक्त,138
शीघ्र,55
दिवसीय,180
उसी,25
पार्क,62
प्रेम,42
रास्ते,46
चलने,46
प्रत्येक,14
ऐसी,19
संस्थान,135
विरुद्ध,100
घोषणा,0
सुभाष,83
प्राथमिकी,193
बल्कि,25
चौकी,88
चंद,192
चंद्र,11
कब्जे,90
मनाया,143
केंद्रीय,30
तभी,113
कहते,1
रखे,19
गोली,191
बयान,22
जवाब,154
प्रयोग,163
युवाओं,54
गर्मी,177
रखी,46
सामाजिक,36
आनंद,113
चयन,141
लक्ष्य,41
किशोर,148
नीचे,1
आते,184
सरपंच,120
गुरु,150
केंद्रों,30
महीने,174
प्राचार्य,86
लापरवाही,85
कोशिश,146
तीनों,91
बजट,30
क्योंकि,114
प्रधानमंत्री,96
किनारे,184
चोरों,63
पेंशन,170
युवती,148
समाधान,36
पहुंचने,65
समाप्त,41
पालिका,120
श्रद्धालुओं,21
तमाम,22
प्रस्तुत,36
कदम,13
बनने,0
संजीव,148
सवाल,146
खरीद,140
वोट,96
चिकित्सक,5
शाखा,80
गैस,172
अचानक,114
करती,172
इनमें,138
जिसे,46
चले,126
पवन,123
नवंबर,0
जागरूक,54
करवाने,87
व्यक्त,36
छोटे,37
हिस्सा,46
मतदाता,96
देना,14
सुधार,198
विभागीय,66
विषय,50
संघर्ष,83
दुर्घटना,65
चेतावनी,153
मध्य,3
रहती,1
बता,25
अगस्त,0
सम्मेलन,96
आयुक्त,92
गिरफ्तारी,87
संपन्न,189
मेला,21
अक्टूबर,0
किये,41
दुकानों,140
थीं,148
हजारों,88
यातायात,62
प्रताप,167
साइकिल,181
काबू,116
तालाब,88
खाली,153
खेत,97
समीक्षा,41
लिये,138
संबंधी,198
मेले,21
मोटरसाइकिल,181
शांति,83
पूर्ण,36
गायब,117
हंगामा,101
समक्ष,92
मात्र,149
आकर,74
उससे,25
अधिकार,92
परिजन,40
आलम,176
स्वामी,150
हमला,90
दिखाई,1
कब्जा,90
कानून,13
लेते,48
दर्जनों,49
चिकित्सा,5
दवा,5
चलाया,90
बनाकर,48
संपर्क,32
बीते,171
गठन,96
चपेट,116
रोजगार,30
महाविद्यालय,135
सौंपा,96
माध्यमिक,135
भविष्य,198
विज्ञान,162
तत्काल,41
सम्मान,84
सत्र,0
दुष्कर्म,40
चरण,141
हेतु,92
निरीक्षक,66
जिन,48
क्रम,138
फैसला,126
समर्थन,13
आर्थिक,198
रुपए,170
परियोजना,141
अवगत,100
साढ़े,174
पुरस्कार,34
चिकित्सकों,5
लाखों,88
बैठे,25
डेढ़,174
एक्सप्रेस,62
रोकने,116
बस्ती,46
सामान्य,163
भूमिका,34
पंकज,148
सैनी,120
मजदूर,83
वर्षो,189
स्थापित,158
पाई,37
राजकुमार,60
दर्शन,89
निज,9
शुभारंभ,54
राजस्व,30
निकाली,104
मिलकर,46
माहौल,54
दूसरा,174
बेटे,126
वर्तमान,158
योग,149
उम्मीद,22
स्थापना,158
साहिब,192
फीसद,119
बनाई,181
पढ़ाई,135
डिग्री,177
विश्व,158
जिम्मेदारी,13
रहेगा,19
सफलता,146
आवश्यक,163
करेगी,66
सितंबर,0
परिणाम,12
भगत,192
सहायता,14
पहुंचकर,53
गंदगी,160
मजदूरों,13
स्वयं,55
धर्म,29
मनरेगा,118
पर्व,21
संत,150
रवाना,90
इंतजार,76
राशन,59
आधा,104
रोष,51
तरीके,41
सुनवाई,87
बातचीत,146
गलत,32
झारखंड,186
मालिक,22
मामलों,41
हमारे,25
घायलों,166
प्रमाण,55
लाने,19
बिल,87
जख्मी,191
चोर,53
प्रशासनिक,158
धमकी,126
ट्रैक्टर,181
महिलाएं,116
क्षेत्रीय,30
क्रिकेट,180
फिलहाल,0
गरीब,54
खत्म,146
प्रधानाचार्य,86
लौट,126
पंचायतों,118
अधिवक्ता,66
उपभोक्ताओं,198
यात्री,62
दुकानदारों,160
इनके,80
पटना,186
दैनिक,84
निकट,15
पहल,54
मरम्मत,181
जायेगा,153
मोर्चा,90
अरुण,86
उसमें,48
विद्यार्थी,135
होली,143
हमें,25
आगामी,0
रवि,148
पक्षों,66
तार,181
इलाहाबाद,186
दाखिल,76
मिलेगा,19
जाति,80
डाला,74
भ्रष्टाचार,13
प्रचार,189
बचाने,74
मिलते,80
निकाला,114
करनी,14
साबित,22
पाए,37
तृतीय,80
उठाया,126
पुत्री,150
ऊपर,1
हिरासत,87
स्तरीय,30
सजा,87
मरीज,5
वक्त,22
कमरे,49
पशु,37
असर,116
पर्यावरण,198
व्यापारियों,158
नया,32
नियुक्ति,92
अंजाम,146
घाट,184
रंग,37
खबर,146
इतना,48
ताला,153
पहला,0
चली,74
व्यापारी,140
तहसीलदार,193
जागरूकता,198
पाने,41
अभाव,12
उनसे,25
विभागों,30
संचालित,62
देखकर,42
परंतु,149
निर्वाचन,167
खेती,97
देंगे,25
कस्बे,186
सूत्रों,149
अंक,32
शुल्क,170
जयंती,143
उठा,74
ज्ञान,55
आह्वान,189
टिकट,62
पटेल,167
पैसे,140
नारेबाजी,56
वसूली,170
लगाते,48
चलाने,141
पार,184
रात्रि,21
नौकरी,84
शहीद,192
कराए,66
जुलूस,143
निकल,74
नहर,184
दिलाने,83
करे,19
रानी,60
चालकों,181
बढ़ाने,198
मुक्त,12
संयोजक,144
तिथि,32
शौचालय,160
अगले,146
सांस्कृतिक,158
भोजन,97
संभव,163
राजनीतिक,13
खाद्य,33
कला,152
जिसकी,46
कैसे,154
संरक्षण,198
पंडित,11
बीमारी,5
वार्ता,13
नियमित,141
फर्जी,193
उद्देश्य,198
करेगा,19
आगरा,186
बदमाश,69
बरसात,183
खुशी,176
मशीन,141
दुकानदार,24
शिकार,179
दिये,192
महत्वपूर्ण,162
जोर,36
मैं,25
ठंड,177
तीसरे,174
कीमत,140
वितरित,141
कथा,89
मतदाताओं,96
तुरंत,41
खास,49
पालन,14
रहेगी,19
मुश्किल,116
जिसका,6
मिनट,62
धारा,170
शुरुआत,0
किलो,177
पैसा,140
बूथ,133
पैदा,48
सिंचाई,129
विजेता,180
जन्म,6
दावा,87
जिलों,186
मजबूर,126
छापेमारी,35
आशा,100
करवा,192
प्रत्याशियों,193
इलाकों,3
खेतों,97
मौका,146
बढ़ा,19
मिट्टी,97
विशाल,161
हटाने,41
अरविंद,86
मानव,162
रहीं,148
भरा,1
रांची,62
संदेश,153
बालिका,86
निकाल,114
बचाव,116
लोकसभा,96
बधाई,54
नाथ,11
विस्तार,158
पुरानी,80
सिर,16
ठेकेदार,59
आर्य,29
उपाध्याय,11
उचित,14
बसों,62
होटल,62
बातें,25
वैसे,91
क्यों,25
व्यापार,30
कटौती,170
सेना,90
दबाव,172
नशे,114
परिवहन,33
मार्केट,140
जब्त,87
अफसरों,90
आशंका,185
उत्पादन,33
अपराध,87
पाठक,152
पुराने,6
समापन,0
मान,138
उद्योग,33
हालात,22
संकट,13
जताया,166
योगदान,135
पीने,97
सुशील,86
नियमों,14
प्रबंध,198
मारने,74
दहेज,51
उनको,25
बिक्री,140
बाढ़,184
परिवारों,158
रोडवेज,120
सख्त,22
महामंत्री,193
लागत,33
संदिग्ध,100
गली,49
अध्यापक,135
बहादुर,167
लाया,19
सामग्री,163
विधान,167
रहेंगे,48
अधिकांश,6
रोग,5
जताई,90
अर्चना,21
तापमान,177
प्रतिदिन,129
संभावना,163
अपहरण,90
स्वच्छता,129
महाराज,150
आरक्षण,92
करवाई,192
विनय,112
मुआवजा,59
शहरी,158
संकल्प,92
निकले,74
पूजन,21
स्पष्ट,55
इस्तेमाल,163
खाते,19
मोहल्ला,88
लिखा,45
मुहैया,30
गीत,148
कार्यरत,30
खनन,33
बहन,148
खाद,129
गंभीरता,110
मांगी,87
हमेशा,22
न्याय,50
जूनियर,0
गौरव,11
माल,19
मिलेगी,19
गठित,96
किशोरी,148
गणेश,21
माना,6
सुरक्षित,153
तत्वावधान,54
ज्योति,91
शरीर,5
नीरज,86
शांत,113
किलोमीटर,184
मनीष,86
अपराधियों,100
पिटाई,193
धार्मिक,29
आदर्श,36
रास्ता,46
मुकाबले,93
बाबू,11
नवीन,149
उमेश,86
याद,25
अभिभावकों,110
बढ़ने,116
मजबूत,198
सिपाही,90
छानबीन,66
मजिस्ट्रेट,87
मीडिया,0
कश्मीर,167
सौंप,90
महेंद्र,86
निस्तारण,85
चारों,1
घटनाओं,162
आबादी,3
कक्ष,145
दोषी,87
कन्या,150
ब्यूरो,30
होनी,14
चक्कर,114
महोत्सव,143
अच्छी,48
गुहार,51
ग्रहण,50
प्रतिमा,21
ढंग,36
सोनी,34
पदों,92
भक्तों,21
जवानों,63
दौरा,0
लंबी,145
आये,60
उम्मीदवार,96
सोने,8
कमल,21
शक्ति,14
सुविधाएं,30
नृत्य,125
अहम,158
राजनीति,83
जायजा,193
नीति,13
गति,138
अनेक,149
मास्टर,84
सुमन,148
जंगल,184
शोर,181
पैदल,88
खाने,97
फाइनल,180
गीता,89
दूरी,184
सुनिश्चित,198
गरीबों,54
बीज,37
लंबे,145
कार्यशाला,54
लेना,14
हूं,50
उपभोक्ता,141
संस्कृति,80
मोटर,33
गृह,96
प्रवीण,86
भीतर,138
खूब,22
अनुमति,41
खुले,104
अखिलेश,86
दीप,77
आती,1
चौराहे,88
सब्जी,68
चालू,141
दूध,97
बादल,1
नियुक्त,96
वीरवार,56
नियंत्रण,41
कार्यकारिणी,96
अनुमंडल,120
सक्रिय,41
जवान,53
प्रवक्ता,84
ओमप्रकाश,86
आता,1
लिखित,84
काट,74
जर्जर,187
अध्यापकों,135
अफसर,90
नकदी,140
वार्षिक,30
संचालक,54
अजीत,86
आदमी,22
मिलता,80
विवाह,150
विश्वास,50
वृद्धि,163
नाले,123
विरोधी,13
डाल,48
यज्ञ,89
निकासी,33
निकला,74
इन्हें,80
कार्यक्रमों,30
चालान,59
सुविधाओं,30
सभागार,49
बच्ची,148
किस,48
शेष,123
शपथ,96
राजा,60
बीस,174
आक्रोश,51
इकाई,163
गैर,41
लाइसेंस,141
डाक्टर,76
पुरुष,91
दरबार,60
धनराशि,170
दोबारा,22
न्यायिक,92
इनकी,80
पाठ,32
तैनाती,65
बताई,91
गन्ना,129
बालक,150
तकनीकी,198
उपस्थिति,12
वही,25
लक्ष्मी,21
जुर्माना,87
उपयोग,163
संगठनों,30
कमिश्नर,193
वित्तीय,30
जुट,193
निकलने,1
जैसी,185
धरने,28
उम्र,146
साथी,126
प्रतिभा,152
जगहों,184
समूह,163
आवश्यकता,163
रक्षा,13
बतौर,148
वित्त,30
भरने,181
श्रद्धालु,21
डालने,114
प्रदूषण,33
पौधे,37
दौर,0
सर्वे,4
कंप्यूटर,141
टूट,74
घटनास्थल,136
चाहते,154
बकाया,59
हवा,1
महत्व,149
अभिषेक,148
भजन,150
सुधीर,86
गुप्त,60
आजाद,83
प्रेरित,36
लुधियाना,120
दिखा,25
अनशन,193
बाधित,41
बजाय,41
लगता,16
सामुदायिक,30
सीधे,19
अलीगढ़,186
जाच,64
हमले,90
रफ्तार,181
आना,114
तेल,33
विधि,14
स्वच्छ,129
बदल,154
दुकानें,62
पशुओं,37
पहुंचाने,116
पेट्रोल,33
उठाने,19
इसको,48
वंचित,100
अंत,32
अधिनियम,170
बुरी,74
भेजी,126
आशीष,56
पूर्वी,3
प्रधानाध्यापक,86
खाना,97
पाकर,42
गौरतलब,187
चुनावी,166
विकेट,180
आश्रम,150
उत्साह,189
बेहद,146
कहां,53
रोशन,148
पंप,172
क्षतिग्रस्त,116
मूल्य,170
संस्कार,150
महज,146
चिकित्सालय,43
मृत,185
ट्रेनों,62
रोज,49
छोटी,37
साथियों,126
लंबित,66
बेचने,140
वक्ताओं,4
बढ़ती,172
आपदा,100
कारोबार,140
हिमाचल,186
बाकी,93
प्रारंभ,32
हिसाब,19
नजदीक,62
कराकर,118
प्रार्थना,42
कुलपति,135
पुतला,47
दिक्कत,76
मुलाकात,146
धूप,97
इंचार्ज,38
भेजने,153
सोसायटी,135
मतगणना,18
देता,48
जिम्मेदार,41
इतनी,114
मेहता,11
नियम,14
सार्वजनिक,30
सर्जन,43
जायेगी,153
कांड,77
कोषाध्यक्ष,133
स्कूली,135
पुष्टि,100
अखिल,135
अच्छा,48
अनाज,97
धर्मशाला,88
बीमा,170
कानूनी,13
मात्रा,172
वीरेंद्र,86
समस्याएं,5
विहार,161
आवागमन,62
खतरा,116
प्रतिनिधियों,96
रखते,48
मांगा,101
भरे,104
लें,154
विद्या,89
फुटपाथ,191
मजदूरी,170
श्रेणी,138
कौन,25
यमुना,21
खोलने,153
सुंदर,161
चीनी,3
मारकर,74
भ्रमण,21
आत्महत्या,110
पोल,49
नागरिक,96
अंचल,120
जिनमें,144
चयनित,153
लेंगे,134
ससुराल,148
सामूहिक,6
रक्तदान,56
जुटे,86
निकालने,172
पदक,180
मिलती,184
महंगाई,73
चिंता,116
क्षमता,163
निर्मल,9
समर्थकों,90
गोदाम,59
आक्रोशित,166
मुंह,114
भाव,149
फायदा,22
कौशल,198
पत्रकारों,84
अमर,11
मुद्दे,13
अंकित,91
अच्छे,48
प्रदर्शनी,143
बृहस्पतिवार,56
टूर्नामेंट,180
फसलों,129
काली,184
निगरानी,41
न्यायाधीश,87
स्वरूप,149
कार्यवाही,87
याचिका,87
भरोसा,25
भेंट,143
भेजे,134
समुदाय,158
अनुसूचित,92
घंटों,116
पहुंचाया,46
हाथों,74
गुणवत्ता,198
बांध,184
करायी,54
कस्बा,186
एडवोकेट,166
ढाई,88
नाटक,152
धीरे,145
दुरुस्त,47
रुपया,59
फूल,37
हमारी,25
मानदेय,118
सकेंगे,19
गुरुद्वारा,192
उनमें,48
सागर,184
ममता,148
बदलाव,163
गिरने,1
व्यवसायी,84
मेहनत,176
सेवक,42
बुलाया,126
संध्या,171
अभ्यर्थियों,66
परीक्षण,163
काटने,16
इंतजाम,72
हरी,97
फैसले,87
मना,126
हथियार,90
दफ्तर,176
पर्यटन,62
धूमधाम,21
पर्याप्त,163
घेराव,178
पुरस्कृत,84
सौंपी,66
स्वर्ण,174
मेरे,25
स्व,189
ऑटो,141
टाटा,62
फीस,170
शाह,60
सदन,92
प्राथमिकता,41
पूनम,86
भव्य,161
मोहल्ले,72
कैलाश,21
कलाकारों,34
सत्ता,189
आरती,21
संगीत,34
पश्चिम,3
टीमों,180
प्रभाव,12
अस्पतालों,116
संसाधन,198
त्यागी,86
भारद्वाज,11
बेटा,126
विशेषज्ञ,41
तत्कालीन,167
नामक,80
लापता,193
बोल,126
निकली,1
दीवार,145
खाता,59
शुरु,6
पत्थर,1
राजमार्ग,62
शिक्षण,135
राजधानी,3
उपरांत,150
राज्यों,158
देखरेख,54
डाक्टरों,43
रेखा,145
साहब,192
अवकाश,54
रुप,32
बच्चा,114
सड़क,62
भरी,104
व्याप्त,189
आपसी,13
अगुवाई,90
चावल,68
भले,50
संपत्ति,170
औद्योगिक,33
बढ़ी,116
पश्चिमी,3
दर्द,5
रोजाना,49
रखकर,14
जिन्हें,48
आभार,171
वरीय,85
सारी,25
बताए,50
चलता,117
इनका,80
कायम,13
एकता,189
सुनाई,53
दलों,96
हादसा,111
पूछा,126
हवाले,22
डॉक्टरों,116
राख,104
मुस्लिम,29
नाराजगी,166
मंत्रालय,30
सलाह,87
अनुदान,30
निधन,167
रणनीति,41
सूरज,46
गोष्ठी,9
मुझे,25
नये,118
छूट,170
श्रद्धांजलि,143
बहाल,90
जुटी,173
बीमार,176
स्वीकृति,92
कंपनियों,30
मंदिरों,161
लीटर,33
तीसरा,174
भागने,74
भक्ति,89
प्रेस,84
इतिहास,80
दिलाया,126
समझ,25
विकसित,163
हित,92
अमन,22
बढ़ावा,198
शोक,42
सहमति,13
फीसदी,140
बिहारी,11
मुहल्ला,112
सूबे,127
सकें,14
समान,138
शोभायात्रा,26
वातावरण,12
जाएंगी,59
दुनिया,22
अपराधी,100
प्रेमी,148
लाठी,74
जानी,66
कीर्तन,77
अंग्रेजी,84
खरीदने,140
परिवर्तन,163
स्वीकृत,92
उत्पन्न,138
भावना,36
उतर,74
माने,89
राज्यपाल,96
अभिभावक,76
आरंभ,32
नागरिकों,13
घुस,74
नाला,88
अधिकतर,185
बदले,19
चोट,116
बदलने,141
छुट्टी,193
बैठा,74
कार्यपालक,66
अक्सर,116
विगत,100
हों,19
खून,114
आचार्य,89
सत्यापन,153
समन्वयक,118
व्यवहार,36
लिखे,152
सुनने,25
जाया,46
मूल,162
अवधेश,133
मुहिम,176
बीएसए,115
मूल्यांकन,198
गुजर,72
दायर,87
पढ़ने,45
निलंबित,41
हत्याकांड,193
बीमारियों,5
पोलियो,116
न्यूनतम,163
क्रय,170
वर्षा,177
बुजुर्ग,120
पैर,16
कराना,144
तैयारियां,72
भूषण,11
नीतियों,13
करवाए,166
बंसल,86
सचिन,148
अथवा,138
आवासीय,62
मांगे,66
मानें,134
सफर,46
भाषा,80
प्रस्तुति,34
रहना,114
आयु,174
गतिविधियों,198
दीक्षित,11
चौराहा,120
दर्जा,158
ऑनलाइन,141
जलकर,104
दीपावली,21
हस्ताक्षर,153
नाराज,146
खोल,154
तलाशी,66
फांसी,90
दाम,59
समाचार,84
दिखाया,146
बनकर,74
अंतरराष्ट्रीय,0
शिरकत,176
निशान,16
तनाव,5
बाग,161
सुनकर,42
विवाहिता,171
सदस्यता,153
मैनपुरी,186
तैयारियों,166
फैल,46
आवंटन,59
चंदन,183
डीजल,33
नशा,159
कविता,152
दरअसल,110
देरी,41
ऊर्जा,172
कोतवाल,63
बसें,62
मान्यता,189
जोरदार,146
देहात,120
सालों,0
अदा,22
प्रावधान,170
महाप्रबंधक,101
संस्थाओं,198
कपूर,34
प्रगति,198
पंजीकरण,30
छापामारी,72
सोच,110
मालूम,25
सीटों,96
पदार्थ,172
दलित,83
गले,114
पचास,174
रोका,114
उत्सव,143
विश्वकर्मा,91
बाजारों,140
बैठ,74
बदायूं,120
बाहरी,145
प्रस्तावित,30
डेंगू,155
परीक्षार्थी,43
कारणों,12
स्वीकार,189
ललित,152
केन्द्रों,30
कागजात,118
मूर्ति,21
राष्ट्रपति,96
मनमानी,166
सेवानिवृत्त,96
दहशत,176
समाजसेवी,86
कार्यकारी,96
महसूस,110
चलाई,63
चाय,68
थानों,18
खरीदारी,140
अर्पित,150
सारे,25
उम्मीदवारों,96
मस्जिद,192
महानगर,62
सेवाएं,30
बगैर,47
खेलों,180
शिकायतों,92
विदेशी,30
मानसिक,36
अनुपस्थित,85
चुना,0
करार,170
लिहाजा,130
आखिर,146
घरेलू,33
मुजफ्फरपुर,186
हिदायत,22
डाक,153
धाम,21
एकत्र,185
पीटा,191
पारा,195
सेहत,116
शिकायतें,66
ट्रैक,101
आसमान,22
योजनाएं,30
सिलसिला,176
देती,16
राहगीरों,106
वकील,87
पुराना,161
कार्यकाल,96
लक्ष्मण,150
पेपर,141
गिरी,15
मनाने,143
बचने,116
निवास,21
सहारा,123
आवंटित,30
मांगने,51
शरण,42
आयी,22
एकत्रित,144
श्रम,198
सेमिनार,54
बंगाल,167
प्रणाली,163
व्यक्तियों,198
गलियों,49
विमर्श,189
सूर्य,10
मचा,134
आग्रह,189
मनोहर,11
अधिकतम,163
पंजाबी,11
काला,179
सौरभ,86
बंदी,90
उल्लेखनीय,152
चुनौती,13
प्रांगण,161
हार,90
पाते,114
इंकार,87
दिल,22
जिंदगी,146
प्रसार,162
परमजीत,99
किरण,10
परिचय,152
खोला,62
पानीपत,60
जवाहर,167
श्रमिकों,198
अवतार,89
वृद्ध,9
पंजीकृत,30
त्योहार,143
आधारित,162
वैज्ञानिक,162
अनदेखी,166
तले,81
स्वतंत्रता,83
सारा,53
कहने,25
ठोस,172
चलेगा,134
ग्राहकों,140
शिशु,159
मुफ्त,141
नाबालिग,18
परीक्षार्थियों,43
बीती,130
फेंक,74
अंतर,163
पाली,88
मृत्यु,42
द्वार,161
विकलांग,43
साजिश,90
स्मृति,32
कलश,21
भीषण,188
सर्विस,0
काउंटर,59
अवधि,170
मंजू,86
तीस,174
समस्त,149
टीमें,180
बालू,1
स्नान,21
राष्ट्र,13
कुरुक्षेत्र,150
डाली,74
बचा,48
संगत,36
भक्त,89
प्रकट,55
बारह,174
आंखों,16
चेहरे,114
स्थायी,41
शिनाख्त,47
तारीख,170
बनवाने,88
भोला,122
सुझाव,41
चलाए,19
बर्बाद,22
सचिवालय,92
संज्ञान,43
बहिष्कार,83
मारी,46
प्रेरणा,152
बांका,72
शारीरिक,5
व्यापक,162
हमारा,25
कामना,42
समाजवादी,83
सहकारी,170
मुक्ति,189
प्रतिभागियों,54
कैद,126
समझा,19
विदेश,96
नकल,153
सायं,115
जिनके,48
हमीरपुर,186
तत्वों,12
अनियमितता,85
पंच,91
सख्ती,22
बुरा,25
चांदी,8
चन्द्र,11
स्टोर,153
वीर,150
बीत,42
हवन,91
निधि,170
नगरपालिका,62
मौलाना,192
लघु,141
नायक,148
हादसों,131
पंचायती,118
देखी,1
गार्ड,65
सराहना,54
शुरूआत,0
गश्त,130
अनिवार्य,14
संग,122
रिक्त,153
वेलफेयर,118
चुनावों,96
पटरी,181
खुला,46
कैमरे,181
मौजूदा,141
पारित,92
मंगल,10
विजयी,126
मौजूदगी,116
समझौता,13
रखना,14
पार्षदों,190
नरेन्द्र,167
बैठने,53
शानदार,143
सुरजीत,86
बर्दाश्त,176
होंगी,19
रोशनी,16
इतने,81
आसानी,172
देवघर,77
लगते,114
चेन,181
संसदीय,96
अभियुक्त,87
सरदार,126
दान,42
डालकर,97
कार्यालयों,30
सैनिक,90
खुली,48
जबरन,90
नोट,141
रिक्शा,120
शोभा,15
दक्षिण,3
तलब,176
पट्टी,145
ग्रेटर,62
स्थलों,161
गाय,97
आपस,48
चाहती,146
सीडीओ,197
कमजोर,116
भाषण,83
बराबर,48
परेशानियों,110
निरस्त,41
मायके,139
हिंदू,29
रखें,154
तस्करी,116
पलट,126
अनियंत्रित,159
टेंपो,124
पहुंचते,123
ऐतिहासिक,80
वंदना,77
पेट,114
विशिष्ट,163
रेट,59
बागपत,120
मेरी,25
दरवाजे,49
खारिज,87
छोटा,145
हैंडपंप,28
बुखार,5
ढेर,104
उसको,25
नाली,195
राह,25
कवायद,115
रहें,48
छावनी,63
नष्ट,12
कप्तान,180
पौधरोपण,18
मशक्कत,58
पश्चात,100
आजादी,83
शिक्षिका,86
शशि,148
आस्था,29
मनाई,143
गाजीपुर,186
कचहरी,63
बनाना,144
बढ़ता,172
घटनाएं,116
हटा,154
ज्यादातर,116
पत्रों,84
खेला,180
दिखाकर,171
आधुनिक,162
उदय,80
प्रभात,171
प्रतिनिधिमंडल,13
उल्लंघन,100
यहीं,21
उठाए,19
प्रकाशित,84
हिंदी,152
मुकाबला,90
एकजुट,13
गईं,90
अमल,22
सहारे,16
उठे,74
सेंट्रल,62
खेलकूद,54
आधे,177
मोहित,53
शहरों,62
हुये,150
कबड्डी,93
संस्थानों,135
बोले,25
अगली,146
अधिग्रहण,30
सास,24
छापा,76
कैंसर,5
मुहल्ले,56
गिरा,74
दिखे,146
लेखपाल,133
खतरे,116
सलाहकार,96
आलू,68
कोयला,33
छात्रवृत्ति,135
पोस्टर,101
प्रजापति,89
कुशीनगर,186
अनुरूप,36
भाइयों,126
काटकर,1
संहिता,92
छीन,126
भूख,114
हटाया,41
क्षति,5
पीछा,74
सेल्सियस,177
सूचित,41
उपकरण,163
चित्र,32
रंजिश,2
स्वस्थ,5
अतिथियों,171
सांस,16
नींद,114
सभासद,31
उपजिलाधिकारी,133
अल्पसंख्यक,158
गाली,173
लूटपाट,188
सत्संग,77
बंधक,59
क्विंटल,95
तकरीबन,62
रूपये,59
चाहे,48
हिस्से,177
ठेका,59
प्रांतीय,96
निकालकर,114
निश्चित,14
बदला,25
बचाओ,176
दौरे,0
शांतिपूर्ण,13
बिलासपुर,186
प्रकोष्ठ,144
शोषण,13
नमाज,176
गर्म,177
बुलंदशहर,120
साइंस,135
दबोच,61
मानक,163
जीता,180
गौर,86
नायब,176
नकद,170
कवि,152
महीनों,116
मित्र,126
बढ़ते,116
सर्व,91
महादेव,21
बढ़ोतरी,144
सर्दी,177
वासियों,188
उपलक्ष्य,143
चलें,199
दूबे,86
विवश,100
पंद्रह,174
प्रसिद्ध,80
दशा,14
मासूम,187
मार्गो,123
दाखिला,84
संरक्षक,100
डेरा,63
सेवन,5
सर्वाधिक,80
फाटक,106
मारा,126
नारे,83
गोल,145
नवरात्र,77
पात्र,101
रोगियों,5
करंट,58
उठाई,87
चुने,96
दर्शकों,34
अभय,86
किराया,140
विस्तृत,80
गावों,75
शैक्षणिक,135
नलकूप,105
संस्कृत,89
झुलस,142
तकनीक,163
जेवर,47
मांगें,18
समर्थक,83
पूछे,154
अनुरोध,87
सुख,42
प्रशांत,3
दरभंगा,186
रहकर,42
उठाकर,74
पहलवान,93
सवा,88
निशाना,90
अवस्था,138
समर्पित,143
देगी,19
विदाई,86
वार्डो,133
जनप्रतिनिधियों,151
सर्वसम्मति,96
अति,138
निकाय,92
चलाकर,181
लाकर,74
बारी,81
गणित,162
नतीजा,22
नालियों,104
विषयों,36
व्यस्त,153
आकाश,1
जिन्होंने,126
बनाये,93
महात्मा,83
संदर्भ,36
प्रतियोगिताओं,180
दोस्त,22
दशक,0
गर्भवती,159
चाकू,191
मालिकों,140
स्थगित,87
लाश,176
हाजी,192
इटावा,186
बढ़ाया,100
टोल,18
घुसकर,81
खुल,74
पत्रकार,84
प्लान,101
तालाबों,177
जेब,191
फूंका,142
अवश्य,55
आचार,36
संचालकों,118
परिस्थितियों,12
कितने,48
टूटी,105
संगीता,86
बैठकर,53
कुंवर,192
जहर,159
पुलिसकर्मियों,193
पुलिया,160
विष्णु,89
टीकाकरण,5
कार्यों,198
वेबसाइट,141
फंसे,111
चलती,46
गन्ने,68
वापसी,0
मैन,34
झंडी,115
फिरोजपुर,120
सिख,29
प्रसव,5
गंदा,160
खाद्यान्न,129
उत्पाद,33
सराहनीय,54
जल्दी,114
दिखाने,154
सूरत,176
गुजरने,145
आएगी,19
जगत,113
यानी,35
हराया,180
मुद्दों,198
संवेदनशील,12
बगल,79
भेजकर,63
रिश्तेदार,24
फीट,184
वैन,101
शिलान्यास,127
दायित्व,92
कैंट,44
पर्चा,133
तस्वीर,153
जाट,167
परिचालन,30
फीडर,78
कराते,144
हेक्टेयर,129
अनुज,150
जताते,176
गला,16
खातून,43
लुटेरों,188
डाले,48
कामकाज,92
सुनी,134
मानना,29
अभ्यर्थी,118
किल्लत,44
मिलाकर,68
आबकारी,118
दंडाधिकारी,133
शोध,162
मारे,126
खुलने,129
देगा,25
मुकदमे,87
ससुर,38
सील,181
घंटा,145
निंदा,83
लगेगा,154
मिलन,55
ध्वस्त,90
उच्चाधिकारियों,35
पथराव,40
तीसरी,174
आतंकी,90
निदान,5
सत्य,55
आत्मा,42
लेन,140
विरूद्ध,13
मनोरंजन,34
हकीकत,51
प्रखंडों,18
महासंघ,93
आपराधिक,87
कलाकार,34
वेद,89
ओझा,77
आला,47
घोटाले,90
निपटने,41
खेलने,180
भागवत,89
सीता,150
साधन,149
विमल,86
कैबिनेट,96
बवाल,7
नितिन,86
साहित्य,152
मामूली,116
अकादमी,84
चाहता,25
बेच,140
लाई,104
पसंद,49
रजिस्ट्रेशन,59
स्नातक,135
बसंत,28
राज्यमंत्री,127
हवाई,62
जाये,76
गठबंधन,96
गणमान्य,86
विधायकों,118
जानने,50
कहकर,42
रामचंद्र,11
चौथे,174
इंटरनेशनल,0
हर्ष,150
सदस्यीय,96
चार्ज,181
शाही,60
भागीदारी,30
जानलेवा,159
कराएं,107
माफिया,101
आगमन,80
आएंगे,17
मंजूर,66
मंचन,148
पुस्तक,152
पूर्ति,198
श्रद्धा,89
कंबल,95
लिपिक,85
विक्रेता,140
लंगर,7
ताले,47
उतार,74
देखे,1
मिठाई,68
कटान,160
गोस्वामी,11
जलापूर्ति,123
लगाना,14
कारोबारी,59
दिनभर,160
दसवीं,80
जैसा,185
महासभा,83
जलभराव,23
दिलाई,126
ग्यारह,174
तिलक,11
खासकर,116
परंपरा,89
मेरा,25
माल्यार्पण,82
मानते,29
बीबी,22
उपमंडल,120
खुर्द,120
चाचा,148
तब्दील,65
आधी,46
मासिक,59
इंस्टीट्यूट,135
जीटी,120
ऊधमपुर,156
स्पष्टीकरण,66
कोहराम,38
फटकार,176
लोगो,134
प्यार,148
कामयाब,22
कमला,11
पुलिसकर्मी,191
बाला,176
देशों,158
रजिस्टर,59
दक्षिणी,3
आसान,154
दमकल,58
भूकंप,123
बुलाकर,63
व्यवसाय,30
बाधा,12
आपत्ति,50
होश,81
ग्राहक,140
विधिक,92
जागरुकता,54
अनुराग,148
काटा,145
मजबूती,144
बताने,45
प्रदर्शनकारियों,90
दुख,42
हरकत,22
प्रतिबंध,41
लिखकर,45
संविदा,170
गुलाब,49
बेटियों,176
प्रमाणपत्र,66
गुजरात,167
दोषियों,166
सटे,184
अधीन,92
वाद,87
वकीलों,87
जेवरात,151
संसद,96
आशीर्वाद,150
पौधों,37
कोहरे,123
जलस्तर,123
शुद्ध,138
चैंपियनशिप,180
रक्त,5
बचे,46
भीम,150
सरिता,86
वादा,100
चलना,114
निभाई,34
प्रतीक,32
ठगी,165
उत्तम,55
बजाए,153
उजागर,110
सवारी,46
पाठशाला,86
लौटने,90
सुबोध,94
उत्तरी,3
सेवाओं,30
दूषित,12
काले,37
अविलंब,157
हमने,25
ऊना,120
बेरोजगार,118
आदिवासी,158
कर्ज,59
बेहोश,114
लाभार्थियों,59
विकल्प,141
बीए,135
वार,176
रसोई,68
बातों,25
गुस्सा,176
बनता,172
शहीदों,192
समस्तीपुर,120
संशोधन,92
जरिये,41
गीतों,152
अंधेरे,117
करेंगी,171
पक्का,134
योग्य,14
समुचित,14
चौकीदार,72
पंडाल,108
सराय,186
पुष्पा,86
टैंकर,181
शारदा,11
इन्कार,22
विपरीत,12
धीरज,56
सैनिकों,90
निर्वाचित,96
विलंब,59
कमर,16
ज्ञात,138
सूत्री,85
गिरकर,104
एजेंसियों,30
मकसद,146
नकली,191
दावे,22
तर्ज,54
रोटी,68
प्राकृतिक,37
निष्पादन,170
चिन्हित,85
करोड़,3
अनुसंधान,198
टंकी,195
वासी,147
खोले,118
खुश,22
घनश्याम,86
जिनका,55
सहनी,175
शौच,109
कहानी,34
अड्डा,62
धरती,55
हाजिर,31
लगती,1
उपेक्षा,50
कूद,191
मलेरिया,5
आपको,76
बुझाने,183
पवित्र,21
कचरा,153
सेविका,86
जनहित,66
कुर्सी,191
बनेगा,63
आकर्षक,161
सकारात्मक,41
आकर्षण,161
नालों,123
घूम,145
नारी,113
निष्पक्ष,92
श्रीमती,84
लटका,74
जिनकी,48
बोतल,68
नोडल,30
शिक्षित,189
पोषण,5
धाराओं,138
प्रवचन,150
बुलंद,188
प्रधानों,38
मेजर,0
सीडीपीओ,99
अनुमान,163
रंगारंग,26
रुक,114
प्रकोप,185
निषाद,91
कितना,14
छाया,1
दरोगा,119
कुश्ती,93
प्रभावी,41
लोकतंत्र,13
समितियों,92
अव्वल,176
गंदे,160
विश्वनाथ,11
बांटे,175
नगदी,59
गुरूवार,86
प्रीति,86
बोझ,48
उपाय,14
पराजित,60
भरपूर,15
भार,138
टूटने,16
पूर्वक,113
प्रशिक्षक,93
सर्किट,141
बल्लेबाजी,180
निर्मित,161
धर्मपाल,86
प्रोग्राम,141
बरकरार,93
भेदभाव,13
जनसंपर्क,18
हाथी,179
भरकर,104
काटे,98
अन्यथा,14
पान,173
त्वरित,141
भवनों,161
रुचि,152
इत्यादि,138
फुटबाल,93
व्यय,170
बनाते,114
प्वाइंट,181
पदोन्नति,87
डकैती,193
लगाये,191
समझाने,25
पहिया,181
फेडरेशन,93
हमलावरों,188
लालू,127
सोना,8
लौटा,126
पीढ़ी,162
रेस,101
पूछने,76
बीघा,120
पुख्ता,47
दवाओं,5
आंधी,123
अपेक्षा,14
सुधारने,198
अध्ययन,162
अन्तर्गत,186
जंग,176
सिरे,1
धक्का,191
चिकित्साधिकारी,71
व्रत,150
चतुर्थ,80
कच्ची,8
निदेशालय,30
उपलब्धि,36
संविधान,96
गढ़वा,120
इंद्रजीत,86
केन्द्रीय,92
झंडा,72
लहर,117
मंशा,166
प्राप्ति,149
क्षेत्राधिकारी,38
पुजारी,21
उद्यान,184
स्टेशनों,62
तंग,74
चढ़कर,15
आरक्षित,170
खिताब,180
अधिकारों,13
नगरी,21
किलोग्राम,177
धूल,1
अक्षय,86
पीठ,74
जलाकर,104
संस्थापक,84
बहाने,134
स्थानांतरण,163
दबोचा,40
कतार,191
देशी,158
चोटें,40
किंतु,149
वर्षों,6
गलती,146
दिक्कतों,4
डोर,70
सीधा,48
दुमका,120
इन्होंने,11
तारों,10
घाटों,123
परीक्षाओं,135
कर्नल,90
बढ़कर,48
हॉल,101
कहासुनी,190
निर्माणाधीन,62
उग्र,110
ठेके,59
मौन,50
विधवा,148
जनप्रतिनिधि,133
तबादला,193
दंपती,197
पैमाने,33
रजनीश,86
बुलाई,166
आदेशों,66
भंडारी,86
आमंत्रित,84
सुचारू,144
निवासियों,3
मैंने,134
पाक,22
अलाव,121
आरएस,127
मानी,80
गायक,34
उपकेंद्र,102
कारतूस,191
सीटें,96
दबंगों,58
बढ़ाकर,59
कराये,118
आवाजाही,118
हल्की,104
गणतंत्र,158
सुन,25
हृदय,159
आभूषण,8
निरंजन,86
लौटे,90
शेर,179
किराए,140
मंजिल,161
पिछली,101
वसूल,170
इस्लाम,29
संदेह,55
पाती,16
सेवकों,63
कमरों,49
निर्देशों,170
दहन,172
हीरा,8
निशा,86
पर्स,166
ट्रकों,181
उन्हीं,25
तस्करों,99
खोज,32
दाल,68
अनुभव,36
महान,29
मुआयना,43
टकरा,81
चांद,88
संबोधन,54
एड्स,116
कटाई,129
उतरने,46
आफिस,86
निर्देशित,34
मेल,120
पारिवारिक,110
जला,74
कमान,90
गोद,148
महायज्ञ,91
निरंतर,198
परन्तु,42
मतों,29
ताकत,146
अमेरिका,0
गहरा,113
पार्टियों,96
आरोपों,87
भूल,25
चिह्नित,153
शैक्षिक,135
नेत्र,159
स्मारक,161
गरीबी,13
कागज,8
विसर्जन,159
माला,21
इजाफा,128
मकानों,123
भगवती,21
संपूर्ण,149
चुरा,191
निर्धारण,170
इच्छा,42
मजबूरी,176
लाए,48
प्रारंभिक,162
बदहाल,40
ऋषि,89
चूंकि,41
प्रीतम,148
ठेकेदारों,59
अमृत,150
उतरे,171
इंसान,117
खुदाई,161
तमंचा,27
आएगा,134
सकेगी,19
जिम्मा,101
पर्यवेक्षक,65
कितनी,48
बृजेश,72
काशी,150
नम्बर,153
हलका,104
निकाले,6
चौराहों,57
पढ़ें,153
टूटा,154
घेर,74
विशेषज्ञों,198
एलान,176
हितों,13
जिम्मेवारी,193
दुर्घटनाओं,116
हस्तक्षेप,13
उठाना,19
अस्तित्व,36
दृष्टि,149
गुलाम,192
भंडारे,106
विपक्ष,96
मचाया,7
बेहाल,31
रसीद,59
सिपाहियों,63
हवाला,146
निशुल्क,118
मुआवजे,66
कैदियों,90
डीडीसी,43
डाकघर,120
बाध्य,66
कांस्टेबल,115
भंग,87
फौजी,188
मुलायम,37
बाजी,192
अभ्यास,110
पुष्प,37
बहाली,166
भांति,91
सोलर,181
बहस,146
कथित,87
जीतने,180
रजनी,86
अपराह्न,85
मैट्रिक,135
मधु,183
रमजान,157
फैली,184
पुरुषों,185
उदासीनता,110
पर्ची,196
बहनों,148
संचार,141
धारण,91
व्यवसायियों,54
इन्हीं,149
चिन्ह,98
संगोष्ठी,54
निराकरण,149
जुटा,51
पर्यटकों,62
खराबी,159
घटिया,160
दोनो,81
संभाल,90
इंटरनेट,141
मछली,97
आयकर,170
प्रयासों,198
निर्देशन,34
रोगी,5
उठाते,176
आपके,76
भैंस,179
अगवा,115
आखिरी,146
हमलावर,90
चापाकल,23
उठानी,40
पोशाक,49
परीक्षाएं,118
शिकायतकर्ता,66
बर्तन,8
धर्मेन्द्र,148
संसाधनों,198
तुलना,163
इमारत,161
सीमित,163
राखी,86
बढ़े,185
उत्थान,189
यूं,22
सेठ,148
मानसून,177
प्रवीन,26
सफेद,37
बनती,37
दवाएं,5
एयरपोर्ट,62
दिवाकर,86
भोग,91
निर्गत,153
तीर्थ,21
जीव,37
दायरे,198
प्रोत्साहन,198
साक्षात्कार,110
सावन,77
कहर,199
शर्त,87
फरमान,176
मचाने,7
ब्याज,170
क्रांति,83
जलाने,104
नवजात,5
निर्णायक,13
लोहे,8
अंदाजा,117
कल्पना,113
बचत,33
गिरावट,116
आतंक,188
बढ़ाई,104
पूर्णिमा,21
प्रोत्साहित,198
जिक्र,45
नक्सली,193
मुसीबत,22
प्रभार,170
कारोबारियों,18
रोगों,5
निर्मला,86
सुना,25
माले,47
विधिवत,66
साधना,89
पीडब्ल्यूडी,133
जिंदा,49
तिराहे,52
सापेक्ष,138
हिन्दी,11
कहती,148
जनजाति,158
कारावास,87
तफरी,147
फैला,184
संकेत,12
बड़ी,46
सघन,177
युवतियों,9
फूलों,37
विवरण,32
हथियारों,65
हिस्सों,3
सम्भल,26
नजारा,88
जनसंख्या,3
अभियुक्तों,193
घटे,103
नक्सलियों,166
बुजुर्गो,194
वृद्धा,171
मिलेंगे,81
प्रिया,148
प्रमंडल,127
उत्तीर्ण,135
बैठी,53
कमाई,100
युद्ध,60
अधूरा,45
वृक्ष,1
केशव,11
इमाम,192
टूटे,104
हलके,104
डंडे,160
कक्षाओं,162
जोकि,158
खामियाजा,128
लावारिस,56
बिल्कुल,48
परेड,143
फैलने,116
नर्सरी,95
नियमानुसार,85
जनसभा,51
शाहिद,148
लूटने,63
सबको,25
कैदी,176
उत्क्रमित,99
निवारण,14
घाटी,184
देखभाल,116
उतरी,40
नदियों,184
छात्रावास,135
निर्भर,163
कीमती,8
चलेगी,197
संभावित,163
मेहमान,176
ट्यूबवेल,156
कोठी,63
उदाहरण,163
सोलन,182
ईमानदारी,189
चलकर,80
झेल,176
गुस्साए,78
अकेले,114
महकमे,18
बीआरसी,165
फैलाने,185
दाखिले,118
प्रकृति,149
कांफ्रेंस,166
प्राचार्या,73
खाक,72
गायन,125
युग,80
किराये,140
बाप,25
प्लास्टिक,172
परिषदीय,127
हरा,46
एजेंट,41
जिसको,48
खतरनाक,116
धीमी,114
कोचिंग,101
रखरखाव,30
वारदातों,166
जश्न,143
अनुपालन,100
समझौते,13
विदित,149
जीतकर,60
आठवीं,80
गोलियां,116
सन्नाटा,124
कर्म,55
दलाल,59
प्रशंसा,42
डेयरी,129
शिकंजा,23
कुंदन,86
बताकर,50
ट्रेनें,62
दिसम्बर,0
बोली,80
मिलीभगत,24
भ्रूण,5
बारात,148
तुलसी,21
सुनाया,45
सच्चाई,25
अखंड,113
उपेंद्र,86
रखेंगे,176
व्यक्तिगत,36
उर्मिला,86
परिक्रमा,10
अनुशासन,36
कार्यप्रणाली,14
चेतना,113
आगाज,127
अधिसूचना,66
गोला,145
बहू,148
भगा,188
झील,184
ठोकर,124
कर्तव्य,189
चौपाल,79
खाई,15
अश्विनी,86
वजन,172
कुएं,88
सवालों,166
रजा,192
धूम,125
परमात्मा,89
भरोसे,51
नाकाम,146
प्रतिबंधित,41
रवैया,110
गहरी,123
तारा,10
देखना,154
पाएगा,134
करवाकर,133
धनंजय,86
रवैये,146
अर्जी,76
टैक्सी,62
सम्पन्न,189
धारकों,170
टोली,111
बेहतरीन,49
कोट,49
जाल,145
मूलभूत,162
बिक,101
पायी,37
रोकथाम,5
लिखी,152
गूंज,70
शकील,111
डूब,74
जीते,180
रचना,152
वसूला,59
कालोनियों,72
कंचन,26
वैश्य,150
सिद्ध,149
गिरि,77
परिचालक,85
तंत्र,163
निपटारा,66
शातिर,115
विफल,153
बेंच,101
जरूरतमंद,118
कुलवंत,115
स्थानांतरित,0
चालीस,46
साक्ष्य,87
ऐलान,188
मोह,42
पाये,37
सेमीफाइनल,180
रोटरी,181
हिम्मत,22
लगायी,176
इकट्ठा,48
बेरोजगारों,119
हरियाली,184
बनना,176
सावित्री,86
चलाते,191
जन्मदिन,143
पुरुषोत्तम,150
रेत,177
हराकर,60
ख्याल,22
कालाबाजारी,99
महकमा,133
वर्दी,93
चहल,79
प्रतिवेदन,92
नौजवान,176
विद्युतीकरण,118
बांटा,3
जायेंगे,76
देसी,49
वैदिक,89
शवों,105
आयोजक,153
गवाह,25
नाजुक,116
शब्द,80
इस्तीफा,96
निशानदेही,107
पदार्थो,172
गुलशन,86
पुस्तकालय,135
दोस्तों,146
सतर्कता,118
खेलते,180
विक्रेताओं,140
हॉकी,180
कन्नौज,186
धांधली,175
समन्वय,36
खेले,180
अंधेरा,81
अंदाज,111
शिकायती,61
तमंचे,39
कार्यभार,96
दून,46
आखिरकार,146
जबरदस्त,146
वीरभद्र,77
सौंपने,176
प्रदेशाध्यक्ष,133
निकलना,114
कर्ण,91
कठिन,12
मवेशी,95
मेधावी,189
कृपा,42
रिकॉर्ड,0
दामों,59
जितनी,114
विश्राम,16
वर्करों,190
जंगली,179
दूसरों,50
सर्वेश,102
क्लीनिक,59
चरित्र,152
बीडीसी,175
सीमेंट,33
अबतक,153
मंत्रियों,96
एकमात्र,0
खरीदा,140
स्थाई,144
अश्लील,100
भुगतना,128
हाजिरी,111
खोजबीन,35
मरने,74
बुला,126
पांव,16
नवम्बर,0
मणि,77
करेगे,47
गुणगान,171
सीख,45
नगद,118
सूत्रीय,18
सक्षम,141
नसीब,134
पर्यटक,62
लगवाने,119
दिखाते,134
बहरहाल,22
संगम,21
भंडारा,26
बेगम,192
प्रपत्र,170
रिश्वत,176
सब्जियों,68
पार्वती,21
करवाना,118
विभागाध्यक्ष,86
हाट,182
लैस,65
छात्रसंघ,155
सतर्क,110
शासनादेश,133
वरुण,10
व्यास,10
शीतल,68
सुध,108
खंभे,98
रौनक,88
वार्षिकोत्सव,194
चीख,53
भनक,176
उमस,61
युक्त,138
गुमराह,22
भजनों,182
माया,113
वाहिनी,159
सहकारिता,129
मिस्त्री,122
जीने,110
सूखे,97
मीट,101
समीर,148
धंधा,175
क्रियान्वयन,198
प्रसंग,32
बचाया,53
डयूटी,58
मनीषा,86
पलायन,188
अनिश्चितकालीन,197
निहाल,134
लंबा,145
तत्व,138
मंथन,91
वेतनमान,66
पुण्य,91
दिखाए,154
उत्कृष्ट,152
नुक्कड़,64
सरसों,68
मानने,42
डालते,48
आराम,114
हरिओम,187
कान,114
संसार,55
मंडियों,130
पड़,114
निराश,42
बाइपास,99
लेनी,66
प्रतिष्ठा,189
पाना,12
रिश्तेदारों,176
राजनैतिक,83
गिरफ्त,47
पुनीत,86
शरीफ,192
रिहा,90
विजेताओं,54
शौचालयों,183
मोहाली,120
रजिस्ट्रार,66
पढ़ाने,45
बुनियादी,198
माफी,22
जानवरों,97
नमूने,145
वोल्टेज,181
हीं,176
लूटी,24
लिख,154
मतलब,117
विवेचना,149
दीवान,192
समर,148
महंगा,181
दुआ,22
जिसने,126
लायक,49
पीटकर,105
बंदियों,193
उत्साहित,146
बालिकाओं,118
दहिया,52
बांटने,118
सुधा,86
उतारने,81
कागजों,173
महिमा,42
मंडलायुक्त,78
लैपटॉप,181
दबंग,119
जलने,114
टैंक,181
लाना,19
उतारा,134
चढ़ा,74
किताब,25
पुरवा,120
बेदी,148
सैयद,192
अर्थ,149
महर्षि,89
गौरी,150
अस्थायी,41
जाली,8
अभद्रता,4
पैदावार,97
वस्तु,138
शून्य,98
सुपुर्द,193
हत्यारों,173
मुंशी,11
वैकल्पिक,163
व्यक्तित्व,152
बीतने,175
आतिशबाजी,151
तरक्की,166
विज्ञापन,141
सेनानी,167
परियोजनाओं,30
बूंद,105
आवेदकों,66
राजाराम,86
जोश,176
गोशाला,44
निर्विरोध,166
कहे,42
शब्दों,149
अंचलाधिकारी,133
चक्का,31
कगार,123
संग्रह,152
अनुबंध,140
रूबरू,176
आमजन,194
हां,76
साधु,150
हिन्दू,29
अधीक्षण,66
महादलित,133
विनीत,171
बुद्ध,150
नियोजित,141
कदर,176
त्याग,42
प्रशिक्षु,101
ब्योरा,175
नहरों,15
किस्म,97
निकलते,1
ऊंची,184
सुदर्शन,150
नेताजी,83
संकाय,135
प्रभारियों,35
घास,177
पंत,11
बटालियन,90
खातों,170
हफ्ते,146
शस्त्र,173
सार्थक,36
साहिल,27
लुटेरे,111
मार्गदर्शन,55
इसीलिए,149
तादाद,188
आमरण,193
दिक्कतें,164
रुकने,191
तरुण,86
बनेगी,66
प्रेषित,153
कामयाबी,22
चरणों,144
प्राण,42
वादों,166
गिनती,46
घटी,124
सूख,97
उठने,185
योग्यता,135
सनातन,89
शहरवासियों,115
कठोर,55
शुभ,42
मनप्रीत,122
पारदर्शिता,144
गंगवार,133
अधूरे,39
पाबंदी,166
सिनेमा,34
दरगाह,192
महुआ,95
उद्योगों,33
सनसनी,112
हवाओं,46
लेती,16
बचपन,148
बावत,18
दशहरा,21
रुपयों,59
हवलदार,193
ऊषा,77
शरद,86
जानकारियां,18
उपरोक्त,6
टिप्पणी,32
निभा,54
उपचुनाव,166
महोबा,120
निबंधन,66
संबद्ध,198
जितना,114
एकल,141
कुसुम,182
अरविन्द,11
जहरीला,195
कराएंगे,175
स्टाल,71
शिवानी,86
सक्रियता,144
खुलासे,193
आशय,14
थानेदार,193
प्रहार,191
मिलों,129
जागृति,189
जगजीत,72
खुलेआम,166
करण,86
जोरों,23
पाएंगे,154
पासपोर्ट,101
हिंसा,13
खाकर,81
झूठे,25
संतुलन,12
कच्चे,33
अभियंताओं,35
बदतर,176
प्रकाशन,84
राजभर,108
असली,146
त्रिवेदी,86
नारा,83
देन,113
विपक्षी,96
चमन,182
प्याज,68
जीना,171
समझाया,45
मसले,176
पृथ्वी,10
कोमल,16
पठन,32
महीना,95
सिलसिले,100
लदे,81
हेलमेट,191
व्यवसायिक,54
दस्तक,136
सर्वश्रेष्ठ,34
पाठन,94
टेलीफोन,141
डूबने,74
बढ़ोत्तरी,185
अपनाने,13
सशक्त,189
झटका,191
मानवाधिकार,13
सिद्धार्थ,148
सर्राफ,139
उद्यमियों,54
काजल,49
वैज्ञानिकों,162
गणना,6
आतंकियों,193
सबक,51
बची,104
पुनर्वास,30
केसरी,86
यानि,46
वादी,63
भटक,134
सिमडेगा,133
अग्रिम,170
हटाकर,63
तंबाकू,68
मास,77
यंत्र,138
अंग,149
नियंत्रित,163
आवारा,176
भतीजे,60
नींव,189
तर्क,36
प्रतिभागी,54
आतंकवाद,13
अनंत,113
बेकार,47
भट्ठा,168
देवता,89
घुसे,47
कांग्रेसियों,51
पाउडर,68
लक्षण,5
वादे,100
मुलाजिमों,175
गुटों,188
उल्लेख,89
उपहार,143
भागे,74
देवर,86
इनसे,48
साप्ताहिक,84
पुकार,134
रोजा,115
परिस्थिति,36
शहादत,176
मोती,15
सिलाई,160
उपलब्धता,33
जानवर,179
पंखे,16
प्रबंधकों,198
लटक,165
हड़ताल,90
उपलब्धियों,54
भौतिक,162
अत्याचार,100
खैर,120
कांस्य,93
बाराबंकी,120
आकर्षित,49
गहन,36
मसीह,6
सपने,148
कुत्तों,179
पाठ्यक्रम,135
कुंतल,52
आंसू,53
गबन,187
मामा,148
निर्दलीय,167
जलाभिषेक,77
गुलाल,27
समाप्ति,32
पलटने,40
आंखें,16
पक्की,46
अभिनंदन,86
सुचारु,118
सीधी,46
ओंकार,77
बरात,190
सामानों,181
मानकों,198
स्वरोजगार,118
निर्देशानुसार,118
दर्शक,101
पीकर,142
प्रतिमाह,66
क्रिसमस,143
तेवर,173
पौधा,37
सबके,25
पारी,180
लोहा,8
डिमांड,59
स्वतंत्र,13
साध्वी,26
शिरोमणि,77
वस्त्र,8
खरीदी,140
बदली,154
ठहराव,35
धरातल,138
प्रमुखता,80
ताज,161
भोले,187
न्यायमूर्ति,87
जुर्माने,66
पेशी,5
मुकाबलों,93
दराज,69
गश्ती,65
भलाई,25
कृषक,129
सर्वेक्षण,158
शुभकामनाएं,54
कसर,7
जनगणना,186
बोलने,46
चादर,1
इजहार,193
दवाई,159
प्रतिभाग,133
नियंत्रक,141
नाव,15
चारा,97
नीलामी,140
संस्तुति,118
जानते,25
घोर,42
अंकों,32
कारागार,100
उपकरणों,163
निलंबन,85
लगाम,136
साकार,189
बनाएं,154
मच्छरों,159
राज्यसभा,96
बिंदुओं,138
प्यास,114
विकलांगों,118
वस्तुओं,138
लिहाज,127
लूटा,60
तालाबंदी,85
किला,161
कक्षाएं,18
कार्यशैली,85
वक्ता,45
बौद्ध,29
उठी,53
असामाजिक,43
सदैव,55
मुहर,100
चिह्न,32
रोककर,191
पटवारी,133
रास्तों,46
अभिलेख,153
चुप्पी,112
श्वेता,86
जितने,48
नजदीकी,62
भाईचारे,51
बारहवीं,80
पढ़ा,45
स्नातकोत्तर,135
हंगामे,168
प्रज्ज्वलित,77
आजसू,147
संकीर्तन,77
किरन,86
निकेतन,86
कसने,169
आवेदक,170
बर्बादी,61
प्रदर्शित,32
मानवता,189
चंदा,193
बीमारियां,5
बीएसएफ,175
चाह,134
हटाए,153
कल्याणकारी,189
विरेंद्र,9
गुरू,150
कोटे,127
गड्ढों,104
खोलकर,134
सिफारिश,66
साक्षी,42
कोष,170
अहसास,110
कचरे,181
बर्फबारी,123
चक्रवर्ती,11
मित्रों,45
धंधे,75
उपनिरीक्षक,72
आयुष,118
घेराबंदी,90
बांट,165
कार्ययोजना,118
सितम्बर,0
किताबें,45
पढ़,154
बुलाने,134
मवेशियों,95
संतों,89
कांप्लेक्स,122
मुक्तसर,119
बनते,172
कैमरा,32
दंगल,122
नाक,16
जनपदों,77
पूर्वाह्न,153
कुलसचिव,168
पटाखे,28
घूमने,145
धोखा,134
अभियोजन,66
बदहाली,197
अटल,171
अधिवेशन,83
फेंकने,191
खुशबू,68
इजाजत,87
अध्यक्षों,66
मृतकों,115
ईदगाह,194
प्रतियोगिताएं,93
नीयत,176
पावन,21
क्षुब्ध,51
सीडी,85
कापी,153
अवलोकन,162
ऊंचा,184
बैडमिंटन,93
शकुंतला,86
घोटाला,59
ओलावृष्टि,123
मत्स्य,88
आकलन,198
गुजरना,43
अव्यवस्था,188
विचारों,36
बदौलत,22
हौसला,63
दुरुपयोग,41
किन्तु,55
अपहृत,166
फंसा,142
साक्षर,127
तालमेल,198
साठ,174
इच्छुक,100
भंडार,33
रंगों,37
स्वर्णकार,151
संकुल,85
नक्शा,153
पात्रों,152
लता,125
दादा,126
आवासों,129
घाघरा,88
खुराक,5
बंदरों,179
गिरे,104
प्रोन्नति,118
माजरा,17
गारंटी,170
रोजी,40
मोहल्लों,193
व्यावसायिक,30
ठंडे,177
प्रतिनिधित्व,96
गहरे,1
लगन,189
दलितों,83
समग्र,198
फेंका,74
विस्फोट,65
सेवानिवृत,166
नववर्ष,127
सजग,110
आराधना,89
प्रदूषित,195
दिखने,16
भोर,26
नैतिक,36
शिक्षिकाओं,75
मोटी,1
निर्वहन,92
रद्द,153
सुनते,25
अनमोल,125
जूझना,107
बोरी,38
बर्खास्त,90
नौजवानों,51
दृश्य,32
बैठकों,92
बोरा,28
लैपटाप,103
चिंतित,146
पद्धति,6
कराटे,136
ताल,125
लेगी,100
कुत्ते,179
चेहरा,146
घटनाक्रम,188
चीज,14
जागरुक,24
पांचों,77
विहीन,173
मंडलीय,133
नवनिर्वाचित,166
हल्का,16
नियत,19
ईंट,173
इनको,48
लाभार्थी,59
आढ़तियों,18
प्रधानाचार्या,86
समृद्धि,54
बिरादरी,127
निखिल,86
नालियां,123
कुशल,54
सहन,185
सेशन,193
लिखने,45
प्रथा,189
डिप्लोमा,135
गायों,95
लौटना,134
रश्मि,147
बड़े,46
फसलें,129
पैरवी,22
लेखन,152
उठाव,105
मनोनीत,96
निकलकर,1
जरुरत,41
चक्र,138
बोला,74
सिकंदर,60
संभालने,90
अफरातफरी,112
पीस,101
तरस,17
पुण्यतिथि,63
पारंपरिक,162
पिलाने,142
विमान,65
गुना,47
संतुष्ट,50
रस्म,176
निराशा,110
चरम,80
कमांडर,90
सशस्त्र,90
नमी,172
ब्राह्मण,89
साधारण,138
पहुंचना,85
जंगलों,184
मताधिकार,13
प्रयासरत,118
अस्थाई,153
कालीन,161
पसीना,159
प्रतिष्ठान,30
हत्यारोपी,56
वास्तविक,36
चलाना,153
आढ़ती,105
इंसाफ,72
महत्ता,149
फलों,97
मलबा,181
फूट,74
लालच,176
डटे,176
बदबू,160
मांस,97
बतायी,91
गुजरते,123
मंत्रमुग्ध,119
तूफान,46
टाल,134
मुफ्ती,192
प्रेमिका,148
रहित,138
ग्रंथ,89
मुस्कान,86
प्रयोगशाला,163
चौदह,174
गहने,8
कारखाना,33
डंडा,169
दस्ते,90
बंदूक,191
उपनिदेशक,118
जरा,117
मच्छर,185
खुफिया,90
गगन,86
जनार्दन,77
कूलर,160
कोने,184
सूबेदार,60
अघोषित,99
शिष्टमंडल,54
रामनवमी,77
तत्वाधान,18
इसपर,55
अन्याय,50
चौथी,174
खींच,114
रामनाथ,86
जुआ,176
संग्राम,83
अनुशंसा,41
आत्म,36
रंगोली,28
उपाधीक्षक,71
भीड़,53
पहुंचेगी,2
खण्ड,80
प्रांत,3
खदान,160
कुख्यात,90
मौर्या,52
नियमावली,66
बदलते,144
भला,25
प्रतिक्रिया,41
किस्त,59
शताब्दी,80
दंड,87
पसरा,26
असफल,153
ऊंचाई,184
ठहराया,100
माफ,22
अभिलेखों,80
अर्जित,170
पदस्थापित,99
संभाला,167
नेपाली,11
अनुष्ठान,89
सचिवों,118
नवनियुक्त,122
शैली,152
सौहार्द,54
इंजेक्शन,5
लोकार्पण,86
जोखिम,41
वसूलने,63
रामायण,89
पक्षी,179
राजकिशोर,31
मधुबन,120
छठी,80
प्रतिवर्ष,129
मंत्र,89
नवोदय,155
बिजलीघर,123
सहभागिता,198
आर्मी,90
ध्वजारोहण,72
फेरी,81
प्रतीत,149
धारक,170
चैंपियन,180
किन,47
संवेदक,98
आसार,7
खुलवाने,75
सावधानी,12
वन्य,179
लगेगी,81
भाग्य,110
आहत,193
प्राधिकार,66
विवादित,188
दूरभाष,153
कहाकि,2
जले,160
घातक,5
सिम,18
महाविद्यालयों,135
रिहायशी,133
बांधकर,183
सालाना,62
गवाही,134
मस्ती,53
उल्टी,159
विमोचन,101
खरीददारी,18
घेरे,1
चौटाला,86
पर्दाफाश,197
माथा,79
अत्यंत,149
आश्वस्त,110
स्कूटर,101
झटके,16
संयंत्र,33
दुर्घटनाग्रस्त,65
देवताओं,89
सांप्रदायिक,83
धार,123
सर्राफा,155
अधिशाषी,121
तत्पर,50
पंचनामा,27
कमाल,176
दामाद,192
परामर्श,92
उज्ज्वल,40
बनेंगे,51
रखता,48
लूटे,173
धारदार,70
खबरों,101
संतोषजनक,144
आगजनी,193
निभाने,146
सांप,16
फीता,160
हाथियों,179
एकजुटता,51
निर्दोष,50
सेक्शन,101
नशीला,128
दीक्षा,150
नामित,0
जनजीवन,189
मुनि,89
लौटते,53
बागवानी,129
अल्लाह,55
सगे,53
गढ़,46
चूना,8
तलवार,53
भाईचारा,51
हड्डी,5
थोक,140
लौटी,56
प्रहलाद,77
पहुंचेंगे,71
डंडों,124
देशभर,54
मिजाज,103
बीएन,86
नमूना,32
संक्रामक,5
बुझाकर,124
खुलकर,171
छापे,153
पहलुओं,36
तबादले,127
बर्फ,177
सौदा,100
तथ्य,36
निबंध,152
लगेंगे,81
लदा,103
रामानंद,150
अध्यापिका,38
मशीनें,33
बांस,179
भास्कर,11
तबाही,134
खरीदे,140
सबूत,41
दुराचार,166
आयुर्वेदिक,144
शरारती,111
आरक्षी,173
दादी,148
बहुमत,96
अर्थदंड,100
ब्रज,21
एथलेटिक्स,93
संलिप्त,85
सरयू,88
बढ़ेगी,99
मंगला,26
तत्पश्चात,174
कंपनियां,30
सहायिका,196
गुमशुदगी,20
दुखी,42
कतई,176
कटाव,177
कब्रिस्तान,88
परहेज,116
क्रेडिट,140
बढ़ाए,58
सांत्वना,86
सहज,113
अभिनव,113
आजीवन,87
रौशन,22
पुस्तकें,152
प्रतिनियुक्त,18
सरकारों,30
पक्षियों,179
बिछाने,104
माली,127
आमदनी,140
परंपरागत,162
बेटियां,86
झूठा,25
जैविक,172
अनुपात,163
सुलझाने,13
सर्वोच्च,96
स्वर,113
कार्मिक,66
समायोजन,170
जनस्वास्थ्य,118
फिल्मों,34
अकेला,134
त्रिस्तरीय,118
समझते,25
ठंडा,177
प्रशासक,92
रस्सी,104
मुश्किलें,196
बंधन,12
कमलजीत,2
नसीहत,134
सबका,134
धुनाई,79
नशीले,116
कोहरा,123
रिश्ते,146
खरीफ,95
फाइलों,153
झांसी,186
तबीयत,176
लापरवाह,44
छाए,7
ढोल,125
सराहा,34
ब्यौरा,66
बच्चियों,196
उपविजेता,93
नाकाबंदी,175
चढ़ने,46
नमन,77
खोली,72
निशाने,176
लगाएं,195
पांचवें,174
कीटनाशक,195
हाथापाई,136
पढ़ाओ,139
पार्को,124
राजी,90
समर्पण,189
चौपट,7
छठे,174
निष्ठा,189
छुटकारा,48
लगना,159
दीन,25
डीलरों,59
दलालों,59
दिला,171
विस्थापित,65
अग्नि,91
चांदनी,49
राज्यस्तरीय,18
नवीनीकरण,101
भक्तिमय,26
अनारक्षित,120
इकाइयों,33
टॉप,101
बहने,184
सातवें,174
टीका,149
दस्तावेजों,170
पसीने,159
मातम,119
उर्स,192
गरिमा,189
मौलिक,36
अदायगी,59
बलिदान,42
भैया,86
सौंपकर,9
प्री,101
उपज,129
टेक,101
क्लर्क,101
अमीर,192
जायज,115
मशहूर,148
श्रेष्ठ,152
मुहल्लों,169
प्राध्यापक,84
परमार,60
पेटी,70
घेरा,15
अंबार,112
खामियां,85
बड़ा,46
बडे़,38
निर्माता,34
दिव्य,89
वें,174
खत्री,11
आपकी,76
विचाराधीन,66
झलक,152
खलबली,193
बेचा,140
प्रेरक,36
साझा,141
महंगी,101
पंडा,182
अंतर्राष्ट्रीय,0
खौफ,176
खफा,176
स्वयंसेवी,54
तरीका,12
कार्यवाहक,166
घुसने,191
आंदोलनकारियों,51
असुविधा,159
सचेत,55
बहाना,176
त्रस्त,40
मयंक,27
आटा,68
स्वाभिमान,51
भावनाओं,110
पैसों,140
गौशाला,56
भाभी,148
खपत,33
लहूलुहान,142
मंडली,27
अधिकृत,92
पॉलीथिन,27
गंतव्य,153
बीडी,73
टेम्पो,133
कुपोषण,116
चढ़ाने,8
बिलों,59
रूपरेखा,162
सरल,138
चरस,122
अंजली,27
प्रौद्योगिकी,198
शिविरों,188
मॉल,101
छीनने,115
हर्षोल्लास,77
निस्तारित,195
सरगना,166
पुरूष,107
सबकुछ,40
बनायी,49
दुल्हन,148
कुचल,63
विदेशों,54
सभासदों,190
परिचित,45
बेटों,126
मलबे,181
सैन्य,90
रक्षक,100
तिराहा,26
खातिर,51
चीजों,12
ज्ञानी,42
गोलीबारी,90
उपयोगिता,163
अवशेष,161
व्यवस्थाओं,13
आवेदनों,66
चौकसी,102
जगतार,168
कागजी,43
फंदा,132
खुदकुशी,124
मजबूरन,176
रैन,93
बयां,115
अधूरी,94
पर्चे,193
बंदर,179
शख्स,22
इनकार,100
अफवाह,146
नयी,84
चूक,19
रहेंगी,2
सेतु,88
मंडप,161
कीमतों,33
जता,47
रूपए,59
बदलकर,63
नाग,21
रोपाई,95
नौबत,176
बढ़ेगा,58
अविश्वास,100
नामों,80
नाते,83
चुप,53
प्रज्वलित,183
गुरदेव,178
श्रोताओं,110
चकबंदी,118
धुन,125
शान,46
परमानंद,9
विधेयक,92
बेहोशी,114
त्रिवेणी,88
पीडि़त,43
दुग्ध,129
इरशाद,176
तौल,81
वैभव,150
बेला,125
खोकर,171
शीतला,77
विविध,162
गर्व,189
छत्तीसगढ़,186
संगठित,13
गाड़ी,181
उठता,1
तटबंध,106
सवारियों,47
पुस्तकों,152
सूखा,97
जयंत,86
यौन,5
सदा,42
आहूत,133
छप्पर,183
सड़कों,62
पैतृक,86
बत्ती,160
बादलों,1
अग्रणी,0
बस्तियों,46
साकेत,77
शाखाओं,144
उत्पादों,33
पहने,49
सकुशल,9
कुआं,88
गतिविधि,163
हटवाने,27
अनुमोदन,170
जनरेटर,181
चेतन,113
चरखी,72
जमाने,192
चेताया,166
अपराधों,87
मुश्किलों,166
विद्यापीठ,135
सद्भावना,54
कनिष्ठ,66
धरोहर,161
वीणा,125
दावेदार,100
नेट,141
शीर्ष,0
बंगला,11
कठिनाई,14
लुत्फ,47
साहित्यकार,11
बैंकिंग,30
मुकाम,51
मिसाल,134
क्षेत्रवासियों,99
अग्निकांड,115
प्रतिकूल,14
ओलंपिक,180
चंचल,56
गुस्से,22
जिलास्तरीय,151
चेकअप,115
बाई,148
टूटकर,185
चिंगारी,176
मुकम्मल,52
पोषाहार,118
संशोधित,41
स्त्री,42
पिलाई,47
खुशियां,27
नवनिर्मित,88
हंस,125
जन्मोत्सव,77
शीशे,104
स्वर्गीय,11
बापू,86
मृत्युंजय,56
किताबों,45
हंसराज,86
चित्रकला,161
रत्न,11
कामों,48
सृजन,198
पक्के,74
बरी,176
उद्यमी,30
सेक्टरों,118
झंडे,188
असिस्टेंट,193
विशेषकर,162
दिलचस्पी,146
पहलवानों,93
पढ़े,45
दीनानाथ,86
रोहिणी,77
कूपन,59
पुस्तिका,153
कॉपी,153
साढे़,108
प्रयुक्त,138
मात,40
जुटाने,30
भूमिगत,62
पैरों,16
लादकर,38
खस्ताहाल,18
अपमान,42
प्रतिनियुक्ति,118
पीर,192
सरपंचों,73
इशारे,176
खेली,180
आलोचना,110
कत्ल,176
पढ़ाया,45
सुमित्रा,86
मकर,88
ध्वज,127
सस्ते,33
चर्चित,11
मनमाने,85
चाल,114
जन्माष्टमी,77
पढ़ी,22
जननी,9
मुकुल,86
हटाओ,31
समझने,36
झोंक,134
दीवाली,143
रसायन,172
नतीजतन,116
नन्हें,61
खानापूर्ति,187
पटाखों,28
मानकर,6
सोलह,174
निविदा,59
गतिविधियां,198
जलजमाव,165
सेविकाओं,164
पल्ला,9
आहार,5
कमेटियों,72
भोजपुरी,11
पायल,187
सचल,132
हौसले,176
बजकर,193
फैले,184
तत्परता,144
एहसास,146
वृक्षारोपण,129
जगी,112
उज्जवल,40
नगीना,182
लाईन,120
सुलभ,144
दुर्घटनाएं,105
मूल्यों,36
आयोजकों,54
विरासत,158
उन्मूलन,13
उतरकर,123
सरिया,178
देशभक्ति,189
वैद्य,9
उदासीन,113
ताक,81
प्रेक्षक,98
भरमार,182
लाइनें,181
घोसी,120
फरियाद,47
रामा,86
मुसलमानों,29
बकरी,179
उर्वरक,33
दफ्तरों,193
प्रेमियों,88
हैदराबाद,62
प्रधानाध्यापिका,155
सर्वप्रथम,80
थमने,132
केरोसिन,18
ग्रामसभा,197
उत्पात,2
कॉलोनियों,133
महाशिवरात्रि,21
कच्चा,33
नौवीं,127
अमीन,176
खस्ता,169
ध्वनि,32
अलमारी,28
संवेदना,113
आंगन,79
बोलते,46
बिरसा,120
पाएगी,168
तबाह,22
व्यवस्थापक,153
वैध,41
शशिकांत,166
आपात,41
विस्थापितों,122
पीटने,103
दस्ता,47
सैकड़ों,88
अखबार,84
समूहों,163
मिलनी,99
बोगी,39
सूचनाएं,141
खादी,129
पौधारोपण,160
प्रधानाध्यापकों,111
अनहोनी,24
परमेश्वर,9
प्रश्नपत्र,85
सलामी,93
पहनाकर,164
बेवजह,27
मिलावट,185
बलराज,86
व्यवस्थाएं,118
सरेआम,63
ग्रस्त,185
प्रभा,86
सभाओं,92
जरूरतमंदों,106
गर्भ,91
सिमट,176
अभद्र,112
अत्याधुनिक,54
इशारा,117
मक्का,46
सुलह,176
गुरुकुल,150
परम,89
अवरुद्ध,159
बनवाया,161
करवाएं,151
लिफ्ट,181
साधा,78
खिलाडि़यों,20
फंदे,105
गुरनाम,119
बुआई,95
बचाई,111
बूंदाबांदी,168
नतीजे,176
प्रतिभाओं,54
आकस्मिक,41
दबाकर,98
विकराल,173
बांधा,70
पात्रता,59
विज्ञप्ति,153
बलवान,171
कानूनगो,26
श्रृंगार,113
चाबी,191
घटित,185
टमाटर,68
गर्दन,114
शास्त्र,149
गाकर,9
बहाव,177
अंग्रेजों,83
चुंगी,183
फौज,90
अवहेलना,100
बिंदु,138
मांगपत्र,59
बंदोबस्त,63
अस्त,108
कन्याओं,9
आनी,40
वांछित,163
चलाता,19
बयानों,166
दोस्ती,22
निपटाने,66
अकेली,171
भल्ला,86
दुर्दशा,51
लेगा,19
रेडियो,141
परचम,196
जतायी,31
मोर,49
कुर्बानी,176
प्रदेशों,3
पैनी,117
धक्के,47
नशीली,116
अलका,86
गुलदार,57
चाहा,25
मिटाने,153
जबाव,153
आयुर्वेद,91
अभिनय,34
गाने,34
अर्बन,101
पदयात्रा,26
मिलीं,101
दोष,14
दांव,93
निचले,145
चोटिल,93
सच्चे,25
किश्त,85
तारीफ,176
जबरदस्ती,176
नहाने,104
काटी,183
लीक,101
दामोदर,167
भयभीत,53
वायु,172
मुकदमों,87
कीट,37
विवादों,13
गुणा,138
गांजा,130
गहराई,145
लड्डू,88
एम्बुलेंस,31
तैसे,61
दया,42
बंधे,117
क्षेत्रफल,3
उतना,14
हैरान,176
अभिमन्यु,77
अत्यधिक,163
तुम,25
सहयोगियों,13
रेस्टोरेंट,49
हरसंभव,166
सीखने,110
किस्मत,176
लेखपालों,111
परिवेश,162
सहूलियत,119
संभावनाएं,129
कुरीतियों,51
सेब,68
वरदान,150
महापंचायत,190
चारदीवारी,88
असहाय,171
हावी,134
मध्यम,33
उच्चतर,14
छोर,184
तेरह,174
काव्य,152
अंदेशा,173
बनाम,87
बेखौफ,119
चौथा,174
मशाल,63
पदभार,96
मायूस,22
रोकना,116
फटने,16
अकाल,63
पड़ता,1
शिखा,82
निशांत,52
पड़ी,74
फिरौती,18
लोकपाल,166
दबा,74
बदनाम,166
हुनर,176
पांचवीं,101
दोपहिया,35
उठकर,171
जानकारों,194
लेनदेन,170
मनोबल,166
बुराइयों,55
औसत,177
पुत्रों,150
लेखक,152
गृहस्थी,56
सभापति,96
वरना,22
वापिस,90
नवाब,60
बेरी,101
आंतरिक,163
पासबुक,59
अंगूठी,117
पार्टियां,166
दंपति,56
कैशियर,122
उपवास,77
सियासत,122
भगाने,124
उपमुख्यमंत्री,86
अतिक्रमणकारियों,40
स्वार्थ,50
खुलवाया,56
सपनों,110
खाकी,27
क्रमिक,12
लगीं,53
रोकर,17
चचेरे,148
एंव,94
वास्तव,55
दस्त,114
रिकवरी,181
मायने,176
तहसीलों,120
दावों,41
थमा,191
रुके,72
मुरली,86
बताये,94
सम्पर्क,32
प्रत्यक्षदर्शियों,147
आरोपित,14
वर्णन,89
बताती,146
मेहमानों,176
नवदीप,122
हल्के,172
शासकीय,92
जलाया,183
चलो,134
सरोवर,21
आपका,76
कोषागार,35
जमाया,188
बढ़त,93
सौजन्य,86
खरा,7
प्रारूप,32
नाका,156
राना,182
दोहरे,181
सोम,77
अलीगंज,186
प्रसन्न,42
धुआं,195
नलकूपों,123
दर्शाया,162
महागठबंधन,122
चार्जशीट,166
अनुपस्थिति,41
संक्रमण,5
पौध,144
औषधि,5
जीवित,185
दूभर,176
परवाह,22
प्रतिष्ठित,189
नमक,97
अंतराल,145
रौंद,63
रुका,132
चिराग,115
डूबे,117
महंगे,181
सौंदर्यीकरण,78
परिवारीजनों,78
आध्यात्मिक,89
वर्षीया,193
त्यौहार,143
कड़ी,146
हैरत,176
मूर्तियों,161
गिरते,114
प्रतीक्षा,40
भटकना,119
मातृ,94
देशराज,26
हाहाकार,122
फुल,49
दूरदराज,129
बेशक,22
सम्बोधित,11
फिराक,72
उन्नति,189
आनन्द,42
बिखरा,26
एकाएक,16
रुकी,28
मजाक,146
बहा,15
जीती,180
मस्जिदों,176
रिहाई,176
तफ्तीश,165
अस्सी,174
चकिया,120
सर्विलांस,130
सैलाब,47
अता,22
इस्पात,33
उपयोगी,163
काका,86
प्रशिक्षुओं,118
वसूले,133
खालिद,192
भरपाई,59
चूल्हे,195
छात्रवृति,18
महापर्व,77
महल,161
चास,155
दिवंगत,148
मैराथन,115
गेंद,93
गुरचरण,111
गोपी,86
शिवाजी,167
प्रज्जवलित,27
शांतिपूर्वक,51
दरिया,46
मानसी,78
प्रभातफेरी,106
मर्जी,63
दिव्या,86
सीटी,159
हटवाया,122
रंगे,81
समाजिक,189
मजार,192
सीने,114
निकायों,92
घूमते,16
हरेन्द्र,56
सौर,10
प्रतिष्ठानों,30
अभिनेता,34
तेजाब,183
हॉस्पिटल,101
वृक्षों,37
आत्मनिर्भर,144
पहुंचीं,119
खाया,97
बाघ,179
संक्रांति,77
विपणन,30
पटाखा,156
केमिकल,101
ठिकाने,74
जमे,134
दबाने,188
परीक्षक,59
जन्मदिवस,86
हत्यारे,146
हास्य,34
आदत,114
असल,22
बरसाती,123
गणपति,77
सावधान,55
उसपर,48
गेंहू,95
बहल,86
निर्देशक,34
पूंजी,170
नैन,137
प्रतिमाओं,161
पहलू,110
कमाने,140
मक्खन,68
बैल,179
सच्चिदानंद,9
बेकाबू,64
शुरुआती,0
बस्ते,111
रोते,134
सस्ती,33
गर्मियों,177
असुरक्षित,116
नन्हे,142
झुलसी,137
अग्रहरि,86
आपातकालीन,41
खरीदकर,128
खासे,147
ठंडी,177
धीर,108
मुबारक,176
सजावट,8
पुरोहित,150
टीके,5
रक्षाबंधन,77
छोड़,126
सैर,49
सोचा,146
लगवा,75
लाइनमैन,71
वीडियोग्राफी,18
गिट्टी,99
आश्रितों,66
कीर्ति,150
छिपे,134
प्रदर्शनकारी,115
नाके,47
हरिश्चंद्र,11
अप्रिय,55
कारी,47
गयीं,176
शिवरात्रि,21
दीवारों,161
रेशम,97
स्वराज,83
आकार,145
कैमरों,85
उम्मीदें,176
दिलवाने,193
प्रजाति,37
बिस्तर,16
पैमाइश,139
गुम,154
भ्रष्ट,87
कोयले,33
समर्थित,153
आश्रित,149
काफिला,119
मेहंदी,27
सबकी,134
उलझ,24
कतारें,88
औपचारिकता,137
धज्जियां,111
आंशिक,163
दीवानी,87
सीरीज,180
यादगार,148
दावेदारी,166
तिरंगा,63
असंतोष,83
सेंध,142
सृष्टि,89
तेंदुए,179
एक्सरे,172
शिष्य,89
उधार,170
बंगाली,11
जरुरी,41
कदाचार,66
गुजारा,195
गलियां,178
चप्पे,70
किराना,182
खामियों,85
निष्कासित,159
सुल्तान,60
उनपर,48
ठहरने,46
विश्वविद्यालयों,135
खुशहाली,51
जौहर,148
सच्ची,25
जादू,134
भोज,150
झुग्गी,122
तथ्यों,36
लूटकर,63
सीढ़ी,81
प्रणव,86
सती,150
पर्दा,81
नेत्री,115
आजकल,138
छलांग,191
होलिका,183
तराई,184
गवाहों,47
प्रखण्ड,186
दिनांक,153
चाहिये,76
मंत्रिमंडल,96
कुंज,86
छतों,15
टकराई,44
सोनम,115
पर्वतीय,184
जमीनों,18
आईटीआई,118
अचेत,2
एसबीआइ,103
सजी,49
ट्रेनर,101
नीम,68
सभ्यता,80
दुरूस्त,47
सलाम,134
गोपनीय,153
पेंच,104
कुष्ठ,159
नजरअंदाज,85
संतान,42
उपप्रमुख,127
अदालतों,87
वायदा,22
जिम्मेवार,128
करीबी,90
प्रश्नों,36
रोके,134
गोलियों,191
आंकलन,85
कंधे,16
समूचे,83
जेठ,106
असमर्थ,153
सिगरेट,160
विदा,42
नोकझोंक,194
राजभवन,26
झूम,106
बसेरा,123
हैरानी,112
काजी,192
महबूब,192
खंडों,145
परिवर्तित,163
हमलोग,121
औसतन,177
मौखिक,12
जत्थे,176
निकलता,1
गैरहाजिर,43
उदघाटन,54
साहस,189
प्रसारण,0
दंश,9
स्रोत,163
लदी,7
बागान,129
बुद्धि,55
कलम,182
तहकीकात,18
सातवीं,80
जुड़े,163
बैठाकर,70
झूठी,134
दशकों,0
मोर्चे,188
शशांक,86
पालकी,88
अलबत्ता,22
तख्त,47
तालियां,196
चना,68
लंबाई,145
दवाइयों,159
रिश्ता,146
कहता,25
सांगवान,58
प्रीत,86
अगुआई,166
माथे,16
नसबंदी,70
ग्रामों,158
पडे़,35
ठेला,124
जलाशय,184
शनि,10
खिलाड़ी,180
दिमाग,110
फर्श,145
नंबरों,64
शीशा,8
नाजायज,166
राजकुमारी,60
बैराज,123
विकासखंड,123
गोदामों,160
अपनाया,189
उगाही,59
बैठकें,66
पट्टा,59
भूरा,37
प्रमंडलीय,133
झेलना,115
डायरी,84
विनीता,26
प्रशस्ति,11
बलात्कार,146
जानकार,45
सस्ता,33
संरक्षित,3
घने,184
संयोजन,163
आईं,148
पहुंचती,186
बंधी,117
सेकेंड,153
निराला,11
दरकिनार,193
लाठियां,156
बुराई,25
रूपी,91
संबधित,118
आत्मदाह,168
सर्द,46
वारंटी,85
उम्मीदों,110
नगरीय,158
उद्योगपति,84
स्पर्धा,93
रथयात्रा,77
बताएं,85
उपयुक्त,163
निमंत्रण,148
इमारतों,161
कस्बों,62
रखती,185
सम्राट,60
जाहिद,58
राजमहल,161
श्मशान,77
मधुमेह,5
ठिकाना,134
स्वस्थ्य,43
कबूल,63
रूचि,110
बारीकी,144
सृजित,141
अभियोग,87
धैर्य,55
गल्ला,47
दीक्षांत,54
चाक,98
व्यायाम,5
असीम,113
दिनचर्या,113
सम्मिलित,92
स्वयंसेवक,83
उतनी,14
जागृत,189
पुस्तिकाओं,153
आदिवासियों,158
निरंकारी,86
चक्की,183
गेंदबाजी,180
नाबार्ड,118
छीनकर,63
रुझान,110
प्यारे,176
गान,125
मेधा,86
अफीम,195
मनमोहक,161
विभोर,71
व्याख्यान,84
शिथिलता,43
त्रिलोक,108
शर्ट,93
पंडालों,182
चकमा,136
दंगा,193
बेची,140
गिराने,191
मर्यादा,42
दांतों,159
फायदे,19
बंधु,86
चढ़े,81
पोषक,37
छीना,196
बिचौलियों,85
चलाये,54
निरीक्षकों,85
अगला,153
जिनसे,48
तंगी,134
आकृष्ट,113
शिवलिंग,21
पढ़कर,171
चीजें,117
ज्यों,1
पंचायतें,133
झूठ,25
पहुंचाना,175
टैगोर,11
प्रचारक,83
कारों,22
सेवानिवृत्ति,87
झूमने,20
करारी,24
तोहफा,47
डकैतों,24
झुंड,179
पड़े,25
खंडेलवाल,182
बताओ,134
पंचमी,21
चहारदीवारी,88
जुबान,7
न्यास,170
सुनीं,71
कृषकों,129
ऊपरी,145
गढ्डे,132
मुनाफा,140
घाटे,19
गोबर,97
अनुकूल,14
संयोग,149
प्रवर्तन,92
दबदबा,166
नक्शे,153
उनलोगों,101
रेलखंड,26
भट्टी,104
संलिप्तता,166
देखें,32
बुंदेलखंड,80
हानि,14
उतरा,46
बेरहमी,115
चकराता,26
इंजीनियरों,141
भूस्खलन,123
हमलोगों,99
अध्यक्षा,54
मिलावटी,160
फंसी,111
ग्रसित,5
बढ़ाना,198
ठिकानों,65
बनवारी,86
मशीनरी,33
रहस्यमय,110
ग्राम्य,158
वाणी,42
नारियल,68
तबियत,76
मंजर,79
अंकिता,31
तीज,77
रशीद,192
मुख्यालयों,120
बखूबी,176
दखल,166
प्रबल,12
उपेक्षित,189
खेप,165
बेचकर,18
निपटा,59
दफा,22
साध,56
छापामार,188
पशुपालकों,190
पेंशनरों,72
सच्चा,25
कष्ट,42
माननीय,96
भरना,59
रिश्तेदारी,78
पंखा,23
निजीकरण,118
लड़की,148
बहुजन,127
हरिजन,51
पीपल,49
प्रेरकों,31
दर्दनाक,22
खिसक,81
कटकर,40
जिलाधीश,139
झूमे,79
पाप,42
मिर्च,68
उल्लास,113
बताना,76
हटने,166
करूंगा,2
सीमांत,133
व्यापारिक,158
आयोजनों,143
गृहस्वामी,64
पूर्वोत्तर,3
दावत,176
सुनाकर,106
पते,141
जाग,53
कासिम,192
पढ़ते,134
ब्रांड,140
भागों,3
व्यवस्थित,36
तलाशने,131
ट्रॉली,28
रोकी,175
त्योहारों,143
खर्चा,59
रामलखन,133
अग्रसर,55
ब्रह्मा,89
कांता,86
देहाती,176
सीसे,8
क्रिया,138
वाटिका,88
नौकर,176
कुंभ,77
साधे,199
सफाईकर्मी,57
तबके,176
आपत्तिजनक,166
साले,44
अपनों,171
खटीमा,120
अभिजीत,86
जिम्मेदारों,78
खिलाकर,95
संबंधों,13
सरना,26
मटर,68
संपदा,30
असमंजस,171
बढ़ाते,114
हेराफेरी,166
अनावश्यक,12
बहनोई,26
परीक्षाफल,147
अंग्रेज,83
वाहवाही,151
भयंकर,15
पीलिया,159
सौगात,38
फेरबदल,85
डालें,154
त्रिभुवन,52
राई,47
अन्दर,1
गड्ढा,191
आफत,47
आन्दोलन,83
चुनी,153
अर्थात,91
सूखने,104
मेहर,176
मुसलमान,29
बमुश्किल,111
सुस्त,160
परेशानियां,71
प्रस्तावों,92
अनेकों,162
खरे,176
पोखरे,31
जयकारे,26
बकरीद,24
बरामदे,49
निराधार,171
जवाबदेही,66
चिंताजनक,103
वायदे,22
सता,194
तीखी,105
कटा,70
कलह,51
लखविंदर,121
पहुंचता,16
अंश,138
सांसदों,96
लाएं,2
महानिरीक्षक,133
यापन,91
आशु,56
लोकायुक्त,175
मण्डल,186
ट्रॉफी,180
कब्जों,64
राही,86
भागा,74
अन्यत्र,149
मोहर,47
दाग,159
अजीज,127
बौद्धिक,36
प्राय,138
प्रगतिशील,189
डिब्बे,181
पंचम,150
मनाए,143
अराजकता,188
साईं,120
जिसपर,15
दुश्मन,22
अपेक्षित,170
खसरा,43
लटके,105
दिग्गज,146
आचरण,36
पेय,97
दयाराम,26
शराबी,115
कारखाने,33
झुलसे,112
घुसा,38
प्रतिपक्ष,51
करवाते,43
हलचल,52
हेलीकॉप्टर,120
मुकदमें,87
चौकीदारों,64
पहुंचाई,197
लगानी,160
ग्राफ,98
गोकुल,150
सुगम,185
समाधि,150
वारदातें,175
परवान,157
घाटशिला,26
सर्वजीत,72
प्राणी,37
कुपोषित,133
जताने,75
उन्नत,163
भतीजा,86
रोचक,152
दंगे,188
धमाके,46
आश्चर्य,42
सचान,102
दायित्वों,92
सज्जन,171
दुबारा,146
नवमी,21
सर्वागीण,130
अनजान,153
जुडे़,31
कटे,104
रोने,53
फतेह,22
ईमानदार,22
बल्लेबाज,180
अराजक,106
तोड़,74
हरेक,40
बंटवारे,166
आत्मसमर्पण,90
हेमराज,63
बयानबाजी,102
हुजूम,47
मजा,49
जातियों,80
कवियों,152
ऊंचे,184
माओवादी,166
पत्रिका,84
गोवंश,28
छिपा,74
आसन,91
अर्चन,9
शोकसभा,136
निरोधक,116
खंभों,88
सिखों,192
बिकने,101
भट्टाचार्य,11
आनाकानी,131
क्षतिपूर्ति,170
चमक,10
हरिहर,77
भाईयों,176
जसप्रीत,56
मार्गों,15
गुटखा,132
आधिकारिक,0
मानसिकता,110
सर्वशिक्षा,118
श्रमदान,35
परिश्रम,50
अरोरा,119
खूंटी,160
कार्यकत्री,44
भूजल,123
माधुरी,11
मानो,48
बैनामा,133
उम्रकैद,31
यकीन,146
ब्लू,101
कटी,104
अवस्थित,3
जलकल,18
बनाएंगे,24
रुकवा,57
कहें,50
छूटे,17
इरादे,22
गुणवत्तापूर्ण,54
मनाते,143
युवराज,148
छाप,113
पल्सर,18
अंशकालिक,54
अध्ययनरत,4
दीदार,121
पत्रक,153
एतराज,187
फरीद,192
रास,77
गनीमत,157
फुसलाकर,78
बुझा,7
अनुश्रवण,144
टिकी,165
सुन्दर,21
बिन,192
तरीकों,163
इंच,98
जलवा,119
भागकर,63
विरोधियों,90
गरम,172
चार्ट,101
पेड़,37
लिंग,91
बल्ब,23
जनों,51
कसा,70
विराट,150
आत्मविश्वास,110
बेचे,140
चेहरों,176
बाजपुर,120
पेशे,135
प्रस्थान,174
छिपी,55
प्रतिस्पर्धा,0
बेचते,140
शासनकाल,60
मिलें,95
खलिहान,124
दामन,47
भयावह,111
नाट्य,152
बाट,124
जिनको,48
गोमती,88
होनहार,86
खुशहाल,171
पुरजोर,51
अपार,77
वरीयता,153
सुर,125
मैचों,180
दंत,159
वकालत,83
सट्टा,18
टकराव,188
भेजना,153
लपटें,151
हरित,129
अभिकर्ता,66
सिक्के,8
पिलाकर,124
ढुलाई,181
आदेशानुसार,24
युवतियां,115
सुलझा,71
बेसहारा,56
मानवीय,36
महत्वाकांक्षी,54
विस्फोटक,181
आशियाना,35
बोध,149
बराबरी,93
दुपहिया,156
रविकांत,86
खीर,77
शक्ल,117
रसोइया,115
आकांक्षा,189
दबे,81
कर्मजीत,139
दरार,1
फौरन,22
संप्रदाय,29
श्रृंखला,0
ढूंढने,153
प्रसन्नता,171
खोजने,32
बॉलीवुड,34
खजाना,63
रूटों,130
उपासना,89
संग्रहालय,161
श्रद्धासुमन,86
मादक,116
प्रत्यक्ष,14
पारदर्शी,163
राहों,142
रखाव,118
दोहन,144
निषेध,36
रिटायर,101
जीजा,102
मुक्की,44
निर्यात,33
आजीविका,100
मनायी,127
जली,160
बिछाई,44
पच्चीस,174
शिवराज,86
निकटवर्ती,15
दृष्टिकोण,36
दांत,16
कृत्रिम,172
मूर्तियां,161
बेघर,115
लोडिंग,153
लाद,103
भटकते,134
गहनता,85
चिकित्सीय,5
पदम,26
कानों,74
रियाज,86
यंत्रों,138
पटरियों,181
विराम,32
फैंसी,164
शाहगंज,133
पलटी,75
रईस,63
मरे,74
जीविका,118
दंडित,87
एग्रो,107
विचारधारा,189
अख्तियार,51
जुर्म,176
वीआइपी,164
मंडलों,133
सशक्तिकरण,118
पुनर्गठन,92
मोड़,117
शीर्षक,32
खंगाला,194
बचाना,142
हितैषी,40
उपलब्धियां,54
गुरुद्वारे,88
समृद्ध,80
किशोरियों,147
पोखरा,106
रूख,166
जुटने,112
वृद्धावस्था,159
भागते,74
डूबा,117
चारपाई,124
परीक्षकों,59
स्नेह,113
ननद,86
आदर्शो,51
खासतौर,116
उपाधि,84
झूला,88
राजगीर,88
विराजमान,21
आंदोलनकारी,115
सिलेंडरों,133
अल्पसंख्यकों,158
कूदकर,26
काफिले,188
मंजिला,161
पाला,46
समझकर,42
नामी,176
माताओं,116
चिकित्सकीय,5
लोकतांत्रिक,13
जूते,191
बोधगया,88
टोपी,49
बनवाए,161
चढ़ाया,183
शिकस्त,22
सरकारें,13
संतुलित,12
जहमत,156
सहमे,7
मुद्रा,170
स्वाति,86
संभवत,80
रीति,14
गुत्थी,57
दिलशाद,26
प्रवासी,158
घरवालों,40
रिसाव,172
तपिश,99
सैलानियों,88
सिखाया,134
पुतले,67
आजिज,27
नामांकित,34
बलि,150
घाटा,19
बढ़चढ़,176
बदसलूकी,136
चुस्त,49
भरते,104
फेंके,191
विकलांगता,59
पुर,120
नूतन,113
पापा,115
स्मरण,42
प्रक्षेत्र,70
शिखर,161
होशियार,176
अफसोस,22
मायूसी,119
खूनी,63
खडे़,69
मेंहदी,26
यूनियनों,118
श्रुति,91
जख्म,47
फीडिंग,195
कराएगा,40
तीव्र,12
जीवनी,152
शौक,148
कुंडल,79
जलमग्न,123
किसने,134
समझी,66
मोक्ष,89
पट्टे,59
बचाकर,40
खानपान,68
इनामी,103
फहराया,72
खुदरा,140
शेरपुर,120
निर्भय,56
बजाने,125
सुनसान,165
बेबुनियाद,2
वहन,170
हवालात,115
क्षत्रिय,150
किरदार,34
डोडा,28
अभिकरण,66
पत्थरों,161
पुलों,123
धरा,47
महापात्र,26
खिल,7
जगाने,189
झूले,7
आमसभा,133
प्रशिक्षकों,85
भिजवा,193
बनें,176
जनमानस,189
लगवाए,106
स्वाद,97
अंत्योदय,73
खड़े,74
केला,68
तारिक,166
प्यारा,115
चारो,15
पहरा,194
निगमों,30
परे,113
विद्वान,29
जनसेवा,190
रीढ़,16
उठाएं,71
लाते,48
व्यर्थ,55
दरकार,64
उतारकर,53
महक,38
गजल,86
गाजे,52
गृहमंत्री,166
लोकप्रिय,34
कमियों,144
सेनानियों,83
गाए,148
कारीगर,8
अनियमित,5
द्वारिका,150
आहुति,77
शास्त्रीय,152
इंटरसिटी,120
ढाका,158
समाजसेवा,51
प्रबंधों,75
बजरी,123
पटल,32
ठेले,61
नजीर,136
गुंजन,67
जाप,91
सटीक,163
निकाह,47
परगना,120
बादशाह,192
संस्थागत,198
स्वामियों,99
घात,81
स्थलीय,177
पत्रावली,43
शतरंज,93
मौसमी,177
अंशु,156
चुन,154
सुनाते,134
दुर्गापूजा,26
पहुंचेगा,121
पौराणिक,89
दबकर,124
दिखता,145
पीले,37
मृदा,37
योगा,28
दौलत,22
मन्दिर,21
फर्ज,47
कुचलकर,128
व्यतीत,150
मांगते,176
गुण,138
बेल,181
अटूट,113
सूफी,29
ऋतु,177
ताजिया,106
पूछ,134
प्रमाणित,41
संस्कारों,89
प्रतिद्वंद्वी,93
संशय,9
सेवादार,79
जच्चा,122
फिसल,142
खूबसूरत,161
बैठेंगे,7
रूपया,142
भुखमरी,128
सभाकक्ष,72
कागजातों,99
नहरी,69
सिखाने,45
माहिर,176
सेल्समैन,136
कंटेनर,181
विक्रांत,120
जिम,101
धरे,107
अधीनस्थ,92
चप्पल,31
बनीं,148
अंधाधुंध,173
मोहर्रम,52
एजेंसियां,144
गंडक,88
हजारी,86
मीर,192
उमंग,182
पीला,37
प्रवाहित,1
आदी,27
शहरवासी,196
चिंतन,36
बांटकर,71
जलेसर,120
पर्वत,184
करनेवाले,55
सदमे,142
बांधने,105
आधारभूत,36
थाली,183
उतारू,106
खांसी,5
नोटों,59
धोने,8
सहायकों,199
फरियादी,44
दोहरी,81
प्रतियोगी,0
बच्चन,148
वर्चस्व,188
महापुरुषों,77
कट्टा,69
जनविरोधी,51
हुंकार,187
मोमबत्ती,160
जीवों,37
संगीन,27
शुमार,46
समायोजित,141
हालातों,166
खजाने,63
झमाझम,121
मीठा,97
आंगनबाड़ी,118
डांट,121
नेक,22
सवालिया,99
संरचना,163
प्रभावितों,115
शफीक,20
चरमरा,173
अलविदा,72
सद्भाव,189
खरीदना,140
निचली,145
हेमा,86
नील,177
डुबकी,88
घटा,59
दुष्यंत,86
अन्न,95
खड़ा,74
घुटने,16
एजेंटों,41
मारामारी,82
डालना,114
मैक्स,101
भूखे,142
प्रभाग,30
लाभकारी,144
प्रवृत्ति,36
पधारे,150
तेंदुआ,179
अपराधिक,156
दौड़,46
दही,68
दंग,20
चारे,68
असंतुलित,159
दिलाए,40
पीना,142
सत्यवान,40
खरी,47
घूमकर,26
भ्रम,12
बकाए,196
चिल्लाने,169
कूच,63
कायाकल्प,156
खुशियों,112
संवैधानिक,96
बोलकर,171
मनोरमा,86
बहनें,148
उपद्रव,185
उपराज्यपाल,66
चुनने,153
टकराने,65
आमतौर,163
माओवादियों,130
ससमय,78
आपने,45
सज्जा,49
बैसाखी,88
सिद्धांत,36
गांववासियों,197
क्रांतिकारी,83
प्रख्यात,152
प्रश्नोत्तरी,85
लगाएंगे,107
सब्जियां,68
उदयवीर,77
कर्तव्यों,92
लपटों,183
बाधक,50
निकालना,14
छाई,81
डोली,26
काटते,104
चूल्हा,195
अर्से,173
स्कीमों,118
कान्वेंट,72
वत्स,150
राग,113
भूगोल,162
बजरंगी,122
लेफ्टिनेंट,90
अंचलों,190
किसके,134
लौटाने,59
सूचक,138
तपन,56
प्राक्कलन,66
जेलों,193
प्रभावशाली,110
शराबबंदी,27
दलील,22
स्त्रोत,144
बुरे,25
गिर्द,22
पहन,49
परिचर्चा,4
आभा,49
ज्वाला,183
रची,152
मंत्रोच्चारण,9
घोटालों,166
चरणबद्ध,144
दूल्हे,112
सांख्यिकी,162
दक्षता,198
अरसे,188
झुलसा,47
निकालते,114
तालीम,22
मूंग,95
देवा,86
आगाह,22
अष्टमी,21
नेत्रदान,147
लौह,8
गजेन्द्र,182
लेंगी,2
दायरा,94
खुलेगा,20
घटने,159
परिधि,145
उपचाराधीन,82
सुशासन,118
प्रीती,86
सिखाए,176
श्रोता,32
प्रबुद्ध,189
जौहरी,49
कानूनों,13
पत्राचार,118
पीली,177
चुनौतियों,198
अतरौली,186
उत्पादक,33
सत्तर,176
बेचैनी,114
उद्योगपतियों,166
सूक्ष्म,138
शायर,192
लथपथ,20
व्यवधान,144
भुइयां,187
पुरातत्व,161
नाटिका,27
अनावरण,101
अनुचित,14
अभियंत्रण,4
चाहत,171
कटवा,176
अंजान,111
प्रिय,42
इबादत,22
नकाबपोश,28
संभाली,60
झरिया,72
जानबूझकर,100
घिरे,184
दुर्भाग्यपूर्ण,51
मूक,148
संवारने,43
औपचारिकताएं,118
भुवन,182
बजते,102
प्रवास,54
रूक,185
एजेंडा,166
बोलबाला,51
जानना,50
दवाब,103
लिखाई,81
ऋषभ,77
बकाएदारों,139
बैरक,165
गंगाजल,26
चैत्र,21
लेखाधिकारी,196
फंसाया,131
अधिप्राप्ति,118
बरसे,47
रिश्तों,54
पंडितों,150
तमन्ना,22
प्राध्यापकों,18
बोतलें,160
अपितु,149
राधाकृष्ण,150
कयास,176
पिलर,196
खड़ी,15
बढ़ना,159
हवेली,88
रहस्य,113
त्वचा,5
शुभारम्भ,101
हिस्सेदारी,140
असलहे,187
प्रेमनगर,182
साधू,77
पलटा,197
सत्ताधारी,171
पन्द्रह,174
पीरो,102
उल्टा,98
संयम,50
सूरी,60
स्क्रीन,32
ठेकेदारी,35
तेरे,81
कांटे,105
फंसने,58
जद्दोजहद,115
व्रतियों,106
शिल्पी,77
फुटपाथों,130
सिरदर्द,5
प्रस्तुतियों,101
पंचों,107
मुनासिब,22
परसा,157
अमावस्या,77
स्थिर,138
बैट्री,160
निखारने,57
खींचने,98
बिगुल,63
निर्धन,50
समझना,14
पात,104
परिणामों,163
आपबीती,56
दरम्यान,65
पिकनिक,88
आहवान,175
खंभा,169
मंहगाई,85
मेजबान,93
गुटबाजी,187
बरसी,171
त्रासदी,110
वालीबॉल,119
अद्यतन,32
संवर्ग,118
पालना,130
लौटकर,74
कुत्ता,179
सानिध्य,86
प्रावधानों,92
वस्तुएं,8
औपचारिक,13
करवाएंगे,147
घोषणाएं,18
दबोचे,24
लटकी,160
कैसा,25
सर्वोदय,86
सांय,119
सशक्तीकरण,54
बेतरतीब,105
उफान,23
रंगीन,145
मुश्ताक,93
आशाओं,51
बनाओ,134
जागीर,192
सोते,104
तुषार,155
नीतियां,198
गुजरती,184
गर्भपात,159
दाह,9
पहनने,49
दूरसंचार,30
सुंदरता,161
छिपाने,81
पकड़,74
संक्षिप्त,32
कांडों,190
समझाकर,9
चर्चाएं,111
देंगी,27
मान्य,149
रैकेट,191
शाल,49
फजीहत,103
तांत्रिक,89
विभूति,77
पकड़ा,74
बरतें,99
सजाने,132
सुरक्षाकर्मी,24
जोखा,197
उठाएंगे,51
निकटतम,62
अरमान,86
गतिरोध,166
सरोकार,51
जवाबी,166
अथारिटी,166
पूर्णत,149
धनी,189
बसर,47
सुस्ती,47
जयकारों,39
एचआइवी,43
तलाक,146
सजे,49
फाइलें,153
परचून,31
प्रवाह,172
दिलों,134
दुर्लभ,37
मोटे,37
पिकेट,101
रोमांचक,34
बुद्धिजीवियों,189
त्रुटि,153
रासायनिक,172
आतंकवादी,90
जीवंत,152
देह,91
स्वाभाविक,36
खामी,43
श्रीमद्,9
काज,7
फरोख्त,47
आधारशिला,189
स्टाप,18
नारों,51
भराव,183
भूसा,195
खनिज,172
बासमती,95
निगाहें,40
गलन,195
सदुपयोग,118
रातभर,28
पत्रकारिता,84
खागा,120
सताने,173
रचा,45
चौंकाने,178
ढाणी,194
प्रारम्भ,11
जातीय,158
दिखाना,154
नवाज,188
सुपरिंटेंडेंट,26
लहराया,122
ढांचे,198
केंद्रित,198
रोना,142
अथक,189
मनोकामना,77
गेंदबाज,180
गजराज,56
नकलची,103
चन्द,22
उपनगर,62
तपस्या,150
कराता,144
उच्चस्तरीय,118
दुर्गम,184
पीतल,8
धमाल,28
फैक्ट्रियों,118
जिलांतर्गत,187
बदन,81
शंभु,86
बनाता,172
अर्जन,170
जल्दबाजी,111
बुवाई,95
कुंडी,78
समाना,44
सहमत,13
सूट,101
प्रायोगिक,162
जानता,25
समानता,36
भुक्तभोगी,56
नगरवासियों,73
विख्यात,11
संभल,186
छाता,160
बैठते,134
कमा,176
उस्मान,192
हनन,166
भिन्न,138
पहनकर,49
एहतियात,47
लाचार,53
पीते,97
सुपारी,68
बैठाने,70
छुट्टियों,143
बंधा,117
रोजमर्रा,110
परिक्षेत्र,106
मसलन,47
सूखी,97
प्रोफेशनल,101
अध्यादेश,66
आहट,142
गद्दी,60
उतारी,40
बहता,1
प्रयोगात्मक,162
अनाथ,171
मतभेद,29
छापने,76
किसे,51
खर्चे,59
विकट,51
गुरुजी,77
सोचने,110
कपास,129
शाहबाद,26
ब्लास्ट,160
लगवाया,194
चौसा,136
हिंदुस्तान,188
सुर्खियों,166
जहरीले,159
खिलाने,142
भुगतने,176
इंसपेक्टर,18
ढांचा,144
घनी,46
चिलचिलाती,111
पालकों,76
दर्शनों,89
किनारों,145
शीतलहर,123
नाश्ता,160
चुराने,191
सूचियों,153
नान,47
बाथरूम,160
ठेस,193
निकलती,1
वैवाहिक,189
दिलचस्प,49
कृत्य,92
सनसनीखेज,101
बुलाए,134
मूलरूप,28
बकायदा,35
अबकी,47
जाओ,25
थानान्तर्गत,194
अमलीजामा,115
फलदार,95
हिमालय,184
नाना,9
भूतपूर्व,167
गम्भीर,50
दाने,97
पतंग,49
वैली,62
पुत्रगण,136
फलस्वरूप,12
खोखे,156
सुकून,28
रखनी,14
गायिका,34
जगजीवन,193
संदिग्धों,193
बांसी,106
राजभाषा,92
सोचना,76
दलदल,177
तिल,68
भिखारी,182
ड्रामा,34
खुलते,98
गमगीन,128
कामगार,66
ठहराते,134
पहुचने,130
दिलाना,50
लम्बी,184
दिखायी,117
कुरान,22
बैठना,47
थैला,183
कहावत,112
सांकेतिक,190
गुफा,161
दूंगा,71
वनों,177
नाच,125
पंपों,181
दार्जिलिंग,120
शशी,75
कामगारों,59
जुल्म,22
बेहतरी,176
बखान,9
ज्ञापित,156
भेद,149
बिस्कुट,112
तरजीह,176
याचिकाकर्ता,131
बैद्यनाथ,26
मयूर,77
मुल्क,22
चर्चाओं,189
प्रलोभन,51
गाते,125
सत्याग्रह,83
खेमे,115
रोहन,193
नीलकंठ,77
शिवालयों,124
सादा,153
अनामिका,108
बुआ,86
सौतेला,102
विंध्याचल,88
तकरार,166
धर्मराज,150
आंवला,95
लात,142
महफूज,112
वंश,60
सुजाता,86
दफन,188
विलास,77
हानिकारक,5
अनिवार्यता,189
रहमत,22
प्रकाशोत्सव,63
चुनार,88
बीर,88
मिष्ठान,139
दिवाली,77
हटवा,137
मातहतों,165
निगल,185
सामग्रियों,141
इतर,55
गुरुदेव,113
पहर,81
जनवितरण,71
संजीवनी,77
लड़ाई,126
वृहद,94
समरसता,189
घुसपैठ,188
धमकियां,166
विक्षिप्त,31
गोपनीयता,41
पाठ्य,32
मेहरबान,22
रैंप,165
सेवायोजन,4
कराएगी,18
पहना,49
समीकरण,138
पालियों,28
सरैया,194
दुखद,55
आठवें,174
अखंडता,190
पॉलीटेक्निक,133
फिल्में,34
घबरा,81
संचालिका,130
देय,170
टकराकर,98
धमका,63
लगाव,113
नित्य,89
आपत्तियां,31
मैदानी,184
कर्मवीर,86
बिछा,104
उल्टे,81
रखेगी,17
त्राहि,64
पौष्टिक,159
शौकीन,49
दरें,170
सिक्का,106
भौगोलिक,3
समझे,19
एकादशी,21
विनायक,11
उछाल,181
निभाते,116
करतब,142
रेफरी,93
निर्वाचक,66
रामवृक्ष,86
बक्से,153
धमकाने,7
अनुमानित,3
ढ़ाई,18
ग्रामोद्योग,118
पलक,81
बली,108
मुख्याध्यापक,71
सर्दियों,177
अनाधिकृत,85
विषम,138
जानबूझ,134
विद्यासागर,86
हटाना,153
मुस्लिमों,188
मस्त,53
शगुन,176
ढोने,95
प्रांतों,158
कार्डधारकों,85
धूरी,44
काल्पनिक,34
गुजरा,111
अनवरत,113
सौभाग्य,56
बांधे,164
जानमाल,185
कुंडली,98
देखेंगे,134
ईनाम,176
कम्युनिटी,101
मुस्तैदी,109
गल्ले,47
अन्नपूर्णा,26
त्रिलोचन,86
गालियां,57
घंटी,160
दूरस्थ,153
सोए,187
गुजरे,117
मारते,74
रसोइयों,132
मोबाईल,101
नैतिकता,36
कार्यान्वयन,198
औचित्य,50
बेमौसम,175
अपनाई,100
अभिनेत्री,34
नकारात्मक,116
उतरते,15
इंजीनियर्स,101
मंदी,140
गिराया,65
झूमते,187
बदलना,32
कुलभूषण,86
रिक्शे,38
लटकता,98
खट्टर,86
कैफे,101
शाखाएं,144
केवट,9
उबाल,195
हकदार,170
किले,161
करवट,7
साधनों,36
अहमियत,197
टोनी,146
मसला,166
बचना,159
छूटने,63
ताऊ,187
वचन,42
अनुबंधित,101
धोखे,134
अंगुली,98
नलों,195
ढूंढ,71
ज्वालामुखी,177
आदान,144
चुराकर,103
परिचालकों,133
मनमर्जी,151
निभाया,34
भट्ठों,70
वार्डेन,178
सुखद,113
आपत्तियों,18
कर्बला,63
बुद्धिजीवी,189
उठती,1
आएंगी,197
रिचार्ज,181
खोखा,105
तान,81
बिन्दुओं,98
वाजिब,47
लगाता,185
केसर,68
अभिरक्षा,66
अर्थव्यवस्था,30
गुलाबी,145
अंधकार,91
जीरा,68
जलती,183
तेरा,81
दोगुना,181
श्रेया,86
गिरता,1
दैवीय,113
सूचनाओं,141
बीएसएल,102
ढलते,183
बीघे,194
रेलमंत्री,133
चौकियों,123
वर्षगांठ,54
तानाशाही,188
हिंसक,188
परत,172
गुणों,149
महफिल,176
घोल,172
निवेशकों,30
वित्तमंत्री,193
ढक्कन,160
खटखटाया,147
मौज,47
अवमानना,87
बनाएगी,35
मंत्रोच्चार,108
टेकने,35
दूल्हा,73
ज्योतिष,149
बानगी,67
मेघा,86
अमूमन,165
कढ़ाई,49
शॉल,160
सोया,195
पर्दे,81
उद्भेदन,123
मिलेंगी,196
पीटना,107
महारानी,60
लड़कियों,176
स्तुति,89
कक्षों,98
समितियां,118
अनियमितताओं,85
व्यथा,113
सम्बन्धित,149
टांग,16
लोकप्रियता,34
जबर्दस्त,188
नाकेबंदी,166
ठगा,111
बुजुर्गों,43
विस्तारपूर्वक,91
बजा,81
शराबियों,43
बंजर,123
छटा,49
प्रण,171
कसी,128
गाया,148
हैसियत,100
खुदा,22
गोताखोरों,61
सुअर,179
इकलौता,127
निबंधक,194
मौतों,116
क्रमांक,32
रामराज,102
जुटाई,40
नयन,117
जस्सी,122
फूंकने,71
स्वर्णकारों,156
आकाशीय,10
सकेंगी,85
आयाम,162
जलवायु,177
पक्षपात,50
गुंडा,115
राष्ट्रपिता,127
खामोश,112
ख्वाजा,192
आक्सीजन,172
बरते,147
घटती,172
प्रसारित,34
लाटरी,59
दमखम,197
प्रायोजित,30
हिंदुओं,29
कथावाचक,9
जांचने,85
अतिसंवेदनशील,159
घंटो,107
मदरसे,106
क्षण,113
अक्षर,32
खुलेंगे,85
कुछेक,160
प्रतिद्वंदी,93
एकादश,174
खिला,142
डायन,111
सलाखों,111
मिठाइयां,68
मोहलत,22
चोरियों,133
छाती,16
दीर्घायु,183
बटन,153
ब्रह्म,89
तेरी,81
नीली,16
बरस,22
तकलीफ,114
आमंत्रण,76
पशुपालक,95
नाकाफी,67
पहनाने,190
नाबाद,180
सबों,31
सन्,167
जटिल,163
नुमाइश,136
तीर,53
मुखातिब,130
कर्मकार,66
कतरा,134
दिनकर,86
शौर्य,150
लेख,84
सुखी,42
सब्र,22
असमर्थता,159
मसाला,68
त्रिलोकी,56
साख,59
अनिश्चित,12
प्रचंड,185
तांडव,77
गिरिराज,77
कोटि,149
चढ़ाकर,79
सरासर,47
संलग्न,141
खोया,86
गवर्नर,96
गोलमाल,47
फौजदारी,87
हर्षित,40
नौकरियों,13
घोषणाओं,85
काटना,160
प्रैक्टिस,101
एयरफोर्स,78
भागी,40
मजीठिया,86
संपादक,84
घेरने,165
भावभीनी,119
तनावपूर्ण,166
वजूद,102
रखवाली,61
स्वावलंबी,118
खींचतान,156
हल्दी,68
मालाओं,79
मोटरसाइकिलों,181
कार्पोरेशन,62
अतिशीघ्र,156
मिलाप,7
नमो,77
संभावनाओं,198
साहित्यिक,152
टेढ़ी,70
हथियारबंद,188
सीढि़यों,169
नस्ल,179
पाइपलाइन,181
मुकुट,88
दुर्भाग्य,100
सुरक्षाकर्मियों,20
सुरंग,123
शीत,177
डलहौजी,63
इज्जत,24
दर्शाता,6
एकतरफा,166
रिवाज,77
गुंडागर्दी,175
मैया,9
मापदंड,144
नाथनगर,120
पंथ,29
सफाईकर्मियों,103
मिलाने,195
जगपाल,155
जानें,47
कटाक्ष,187
भीख,24
तकनीकि,118
अनुदेशकों,151
स्वयंसेवियों,99
हिलसा,56
दीदी,115
मिलाया,68
दंगों,90
चढ़ाई,15
हाकिम,7
कुलश्रेष्ठ,26
पुनर्निर्माण,158
मोटा,37
प्रार्थनापत्र,85
उच्चाधिकारी,118
जया,148
समझें,47
हलवाई,165
साबुन,8
फकीर,176
नजरें,165
खेलना,93
स्वदेशी,54
भयमुक्त,9
हीलाहवाली,151
भाषाओं,80
उच्चतम,92
जनजातीय,158
संग्रामपुर,120
आत्मसात,189
सांई,151
अनुदानित,18
बाहुल्य,15
भतीजी,148
सटा,88
आतंकवादियों,90
विक्रय,170
धुएं,195
पकड़े,74
झोला,70
चैतन्य,113
तल्ख,139
गहमागहमी,61
झूल,47
सौंदर्य,113
बही,185
रानीखेत,186
शिशुओं,5
दक्ष,91
मस्तिष्क,5
खंडहर,161
अव्यवस्थाओं,57
धनघटा,26
पार्लर,31
सम्पूर्ण,149
कसबा,28
पालक,95
नाटकों,152
झांसे,157
चलाएं,153
मुसाफिर,115
प्रसूता,70
अपनाना,14
धमाका,191
पैंट,191
उपायों,198
मानचित्र,32
पायदान,101
गांठ,105
अहंकार,42
कनेक्शनों,153
जलाई,183
वास्तविकता,55
दिखती,49
उपद्रवियों,128
क्रिकेटर,180
जनजागरण,86
कट्टे,108
पर्यवेक्षण,66
आगोश,107
हेलीपैड,196
कम्युनिस्ट,83
शुभकामना,18
धनुष,91
प्रतिपूर्ति,59
प्रजातियों,37
जहाज,65
पखवारा,196
बेबस,134
भेजें,153
पत्ते,97
शिवपूजन,86
आंध्र,186
अपनाकर,50
उपजाऊ,184
बैठाया,44
किशोरों,116
कांति,79
नकार,110
लाभदायक,5
पाटिल,167
शूटर,101
बनाती,37
वैसा,134
जूता,160
रेप,193
उद्देश्यों,198
अकेडमी,101
समता,189
उठते,81
ठगने,190
खलील,197
चाट,95
चुकाने,59
प्रशस्त,189
बेचना,140
झेलने,47
पालिसी,66
कांफ्रेंसिंग,72
अपनाए,100
दबी,185
रचनात्मक,36
इकट्ठे,74
राजस्थानी,11
कदमों,54
इस्तीफे,166
हालचाल,190
चौंक,142
पूर्वजों,80
चलेंगी,122
सामंजस्य,36
गुंजायमान,124
मासूमों,27
रिमझिम,67
किनारा,98
बूढ़े,53
गंवा,93
पारिश्रमिक,100
इसरार,47
विडंबना,175
जागो,27
महाआरती,39
जनाधार,168
रेडीमेड,133
शिवानंद,9
बंगले,49
दारू,106
आदर,42
विभाजन,158
धमकाया,193
मलिन,61
बुनकरों,118
मंडरा,156
जलाए,199
मैकेनिकल,181
लश्कर,22
मन्नत,7
माइक,0
तदर्थ,118
अद्भुत,89
सुखराम,133
सभाएं,18
सीखा,45
अदद,103
थैले,160
महामाया,77
दिव्यांग,118
असलहों,121
ज्ञातव्य,194
अनापत्ति,59
कॉरपोरेशन,0
गाना,34
उत्खनन,161
नाता,176
पोर्टल,141
मुर्गी,95
नाश,91
कंधों,16
बटोरी,119
कमजोरी,5
अक्षम,153
सिफारिशों,92
कराह,105
होम्योपैथिक,43
कांटा,57
उपकेन्द्र,18
टूरिज्म,28
बोरियो,147
कविताओं,152
घटक,163
साक्ष्यों,77
आखों,142
तालियों,132
कुर्सियां,160
विषयक,149
हराम,134
कठिनाइयों,36
व्यंजन,68
बेमानी,173
अपमानित,100
निकास,145
देखिए,76
चलेंगे,47
बताता,117
बनवाकर,38
खींचकर,98
त्यों,124
मानिक,26
सीमाओं,144
वरिष्ठता,118
आत्मरक्षा,51
मानती,110
चलन,81
माप,138
अटैची,136
तिहाई,46
कतिपय,149
अनभिज्ञता,24
ठगे,147
अनुदेशक,23
सांझा,23
नीले,145
असंभव,12
कारीगरों,8
चौथ,88
बन्द,154
भावुक,110
सुरभि,56
बढ़नी,20
एकड़,62
जेईई,147
दलबल,119
लगवाई,164
कोशिशों,166
संपति,66
मार्कशीट,196
कराती,144
बॉल,93
ढीली,98
उपदेश,89
ढेरों,88
प्रशिक्षणार्थियों,118
जालसाजी,85
दिमागी,159
भूमिहीन,118
छूने,16
इंसानियत,2
शर्मनाक,24
चाही,7
हिल,62
सोमा,61
खोद,105
आजतक,86
श्रावणी,88
सौंपते,51
जुकाम,159
क्षमा,55
चपरासी,72
रंगमंच,152
पम्प,181
पिला,81
लेखाकार,66
रचनाओं,152
व्यवहारिक,36
सुधरने,196
ऊंट,95
मेवा,47
टीसी,197
आश्रय,113
जूझते,51
लोकगीत,125
वाचक,94
समेट,81
हरकतों,176
पुष्टाहार,123
स्वभाव,113
चित्रों,161
स्वेटर,20
औषधीय,37
तृतीया,77
छोड़कर,25
पाठ्यक्रमों,135
बोरियों,160
कुचला,64
फायदेमंद,116
परिणामस्वरूप,41
बीवी,22
यथा,170
कीमतें,140
प्रतिरक्षण,159
निगमायुक्त,26
वर्गीय,51
नवयुवक,171
ननिहाल,86
पागल,53
प्रियदर्शी,52
बालकों,50
सम्बन्ध,55
अनुमोदित,170
शीट,181
प्रविष्टि,141
कैरो,111
विवेचक,18
गजब,39
गदगद,75
तवज्जो,176
भराई,160
मनाना,9
परियोजनाएं,30
रौंदा,112
शिशिर,28
कंधा,103
रंगा,49
एथलीट,93
हबीब,176
तापस,108
मुगल,60
जिसमे,0
नीलाम,193
पूर्णाहुति,86
उन्नयन,144
भागीरथी,88
जोड़ने,141
सिद्धांतों,36
हार्दिक,54
भयानक,53
करोड़ों,95
कुम्हार,26
बनानी,85
मीठे,97
बुनकर,151
सुबूत,47
संभाले,136
कौम,176
सेवादल,193
प्रस्तुतियां,101
यथावत,40
उतारे,81
कोरी,56
प्रदेशीय,31
संगीतमय,125
भरवाने,139
सजाई,79
राजनेता,167
झोली,20
वास,77
घेरकर,185
सहेली,148
राजनेताओं,83
चोक,115
मदरसों,190
मतपत्र,59
घिर,176
डरा,134
बेचैन,176
राशनकार्ड,82
हंसी,111
बुझाई,17
उन्होनें,45
अपनाते,55
घूस,122
दोहरा,154
लोकदल,63
रामानुज,77
विटामिन,5
थाम,81
नाज,187
हरकतें,111
ख्याति,152
बिसौली,35
अतीत,113
रंगाई,8
शिवालय,88
धोबी,26
पूंजीपतियों,190
उलट,134
सवेरे,81
पिलाया,142
वारिस,126
मूकदर्शक,156
बचें,185
मौसी,86
ढाबों,109
राष्ट्रवादी,83
घटकर,181
चौरासी,77
हटकर,55
जिम्मेदारियों,13
विवाहित,148
लगनी,160
खरीदारों,140
असंगठित,118
कर्ता,9
अराजपत्रित,118
भेजते,134
अवरोध,5
निंदनीय,115
लुटेरा,136
पत्ता,105
रखीं,171
प्रादेशिक,92
माघ,21
गूंजा,119
समतल,145
दलहन,95
बजाकर,125
अजब,22
विषाक्त,5
व्रती,77
कव्वाली,9
शिशुपाल,9
जिन्हे,176
जैव,163
हकीम,22
पदोन्नत,0
आत्मिक,113
भूत,113
दोहराया,146
सेमीनार,139
चलीं,102
अटका,128
अध्यात्म,89
छुट्टियां,49
मदनलाल,63
साधकों,113
सुनाए,171
सैल,85
महाभारत,89
ठगों,27
कुरावली,178
छठा,174
उत्साहवर्धन,115
निश्चय,55
गेंदों,93
आशाराम,72
वाह,76
व्यस्तता,107
साया,176
मुर्गा,179
भ्रूणहत्या,57
विसर्जित,183
खरीदते,140
महासम्मेलन,56
शीतकालीन,180
काश्तकारों,197
आभूषणों,8
पर्यवेक्षकों,166
सिवाय,100
शीश,77
अभियोजक,78
बच्चो,4
लिंगानुपात,120
श्यामसुंदर,86
बंटवारा,118
उच्चारण,80
छिन,63
निष्क्रिय,153
नवविवाहिता,106
मुनीम,86
चोटी,184
मधुकर,86
क्षय,172
प्रगट,124
नानी,176
अंधविश्वास,113
लाठियों,136
तस्वीरें,49
समीपवर्ती,123
जुड़ी,144
डाकघरों,59
फैक्स,153
साधते,61
चढ़ी,98
उतरेंगे,7
इसने,0
प्रचलन,80
परमाणु,172
लीवर,159
टिकटों,101
पत्ती,37
इलेक्ट्रॉनिक,141
अल्प,172
बिजेन्द्र,28
चने,68
स्वर्ग,91
अनुपमा,119
विनाश,185
बनवाई,161
संचयन,144
अभिशाप,51
असलियत,190
पढ़ती,115
ईटों,79
भूना,142
बेअसर,111
गायकों,125
पार्थिव,91
कार्यवाई,171
कार्टून,34
उद्धार,91
शीशम,95
खदानों,123
विशेषता,162
पुताई,165
अनुसरण,55
स्टेशनरी,59
होनेवाले,14
आंदोलित,51
विद्यानंद,38
अंतरिम,96
विद्वानों,89
आंखे,117
करायें,107
निर्मली,28
गोरा,130
धूम्रपान,5
बागवानों,109
डेरे,38
तबतक,2
शिक्षामंत्री,133
पंक्ति,32
साहित्यकारों,152
झपट,122
ताकतों,188
अपात्र,107
प्रेषण,141
संकल्पित,18
किसानी,194
कटवाने,57
ठंडक,185
फुटकर,59
सदी,80
लुभाने,115
चश्मा,81
भांजे,86
पैगाम,187
जमानती,59
गानों,34
बारादरी,121
लाडली,86
सुई,159
पड़ोसी,3
हर्षवर्धन,77
चंपत,47
करुणा,113
किसकी,134
प्रणाम,150
समुद्र,184
निर्बाध,144
अमूल्य,189
सुश्री,86
खानी,112
मांझा,23
नदियां,184
ढुल,64
तैराकी,93
कैसी,134
संक्रमित,5
स्वेच्छा,100
सीआइडी,115
नियुक्तियां,118
सतगुरु,192
मुकर,17
मचाते,40
करतूत,7
राजेश्वरी,151
भीमसेन,150
गहलोत,86
इक्का,175
समुदायों,158
गरमा,130
खिलौने,49
रासलीला,86
लाये,64
उठाये,190
ठेकों,131
सपरिवार,86
फूस,70
म्यूनिसिपल,156
ढिलाई,75
कटोच,122
जायें,76
निपटारे,66
योगाभ्यास,56
चुपचाप,53
बेतहाशा,178
निवासिनी,124
संतोषी,86
शक्तियों,13
यथाशीघ्र,66
भट्ठी,8
व्यवसाई,35
टालमटोल,2
पढ़ता,134
आमलोगों,133
किन्नर,77
रखेगा,19
पहाड़ी,184
धुंआ,183
प्रतिबद्ध,13
परमहंस,150
बर्तनों,8
मुहूर्त,91
सहसचिव,182
स्रोतों,144
बदलवाने,193
शंका,50
मोहताज,47
लीची,95
निर्वाह,50
निभाएंगे,101
पढ़ना,45
उत्सुकता,110
नाममात्र,158
सदियों,80
शक्तिपीठ,21
कूड़ा,183
मानों,114
कलाई,16
कसरत,47
सत्यापित,66
मालिकाना,140
भूगर्भ,123
हमलों,90
तनख्वाह,18
फिसलने,61
हाय,40
कविताएं,113
साधक,89
तोले,82
उपमुख्य,139
वृद्धों,43
चालीसा,194
कारखानों,33
जानकर,50
बीजों,37
बिखर,117
घमासान,63
कनपटी,70
भूरे,37
अधिकाधिक,36
लीलाओं,113
अपूर्ण,113
सर्वोत्तम,54
मरा,176
मुझसे,134
मिट,154
वैसी,48
बिलकुल,48
मूंगफली,68
साम्राज्य,60
एथलेटिक,93
जलनिकासी,196
बरातियों,73
श्रमायुक्त,39
हुकूमत,22
मेज,191
डकैत,115
खचाखच,31
हस्तशिल्प,129
जैकेट,191
पिछला,153
अनार,95
सेंधमारी,175
हारे,176
निरुद्ध,66
दिखते,16
मनाएं,190
शासक,60
दुश्मनी,176
चढ़ाव,2
खरीदार,59
पांचाल,77
उतरना,81
सातों,81
रियासत,167
मरहम,195
कुदरत,22
बिखरे,1
मोहब्बत,22
ढांढस,115
जरुर,76
चौके,142
हिमपात,177
थाप,28
सुनियोजित,118
फेंककर,191
मछलियों,37
फुसला,107
स्थानान्तरण,144
पहिए,181
पूर्णतया,138
टेंशन,71
वतन,176
जमाए,81
कौमी,166
अंत्येष्टि,77
तिथियों,94
रचने,45
न्यायालयों,92
गुरुओं,150
अधिकारिक,93
सत्रह,174
अलवर,88
याची,18
व्यंजनों,68
बूढ़ी,47
मत्था,26
शुक्र,22
बॉर्डर,93
उपभोग,14
उतने,14
प्रतिभावान,86
धूमिल,111
अशांति,188
लहरा,7
दरारें,123
मनीराम,26
इंद्री,168
अंर्तगत,118
सर्वोपरि,189
पंजिका,85
दबोचने,124
साईकिल,112
अड्डों,62
मम्मी,160
मंद,172
भारतीयों,83
चाची,148
स्पर्श,113
पड़ेगा,19
नक्षत्र,10
बसाने,63
करारा,72
इरादा,126
दिशानिर्देश,198
असमाजिक,51
वल्लभ,11
पांचवे,174
सुंदरी,77
दिलाते,171
जापानी,65
हल्दिया,28
नमस्कार,91
नाचते,125
लिपिकों,43
निवेदन,76
सहम,47
हर्रैया,196
रातों,22
साला,196
मनचले,39
जंजीर,160
ठहरा,134
गोभी,95
भेजेंगे,18
जुनून,176
प्यासे,47
मण्डी,88
वादन,125
श्रीधर,11
अखबारों,84
रीतेश,27
सुने,154
संगठनात्मक,198
मनिहारी,139
मानता,50
मक्खी,185
भरो,44
ऑक्सीजन,172
स्वैच्छिक,198
रहेगे,47
हड़कंप,43
विधवाओं,118
फूले,61
अनियमितताएं,85
अहिंसा,189
जुटाए,187
हताहत,166
बजने,76
निजाम,192
आयात,153
क्षेत्रवासी,168
पहुचा,47
जामिया,54
प्यारी,176
दमन,83
बुनियाद,176
सटी,123
अर्पण,108
बाशिंदों,128
वनस्पति,37
संकरी,123
विसंगति,85
नाई,77
पालम,120
फव्वारा,88
पडे़गा,43
डाका,136
शीशपाल,75
परवरिश,176
डिस्चार्ज,160
कृष्णानंद,26
निखार,171
कार्बन,172
समयावधि,59
जेठानी,43
चराने,142
अभिव्यक्ति,36
मंत्रों,89
पिपरी,131
सत्तारूढ़,13
क्रियान्वित,144
लोहार,107
हस्तांतरित,66
बहार,46
निष्पादित,141
पालने,22
उपकेंद्रों,118
सुनेंगे,81
मशरूम,95
फिक्र,47
बिके,101
फूटा,72
लायी,160
बैलों,95
अनुशासित,189
माटी,56
आंकी,144
कलेर,196
वक्तव्य,13
घिरा,184
अनुमंडलाधिकारी,133
विस्थापन,138
भट्टा,128
तीखे,105
तुरन्त,53
बाजू,98
बिरंगे,49
उत्तेजित,5
दिनोंदिन,118
साजन,86
कुश,88
रामकथा,113
कृति,152
प्रमुखों,54
शादीशुदा,86
सहायिकाओं,137
कमांडो,101
उग्रवाद,188
पहनाया,176
दर्जे,22
मोतियाबिंद,159
मिनटों,159
इकाइयां,33
विसंगतियों,85
कामिनी,27
प्रत्यारोप,115
विक्षोभ,98
मचाना,173
दिलाकर,193
बेरुखी,18
घाव,5
दीवारें,145
जूट,129
स्थली,88
कृतित्व,189
विस्तारीकरण,85
मशगूल,111
मदों,170
महरूम,47
खिली,79
भुगत,78
खुलवा,38
अनुभूति,113
वाममोर्चा,35
दिखेगा,76
जामुन,68
मुख्यधारा,110
बेसब्री,142
बगीचा,88
चरितार्थ,94
जगदंबा,115
मैनेजिंग,72
चरमराई,187
दीजिए,22
मनोविज्ञान,36
जिताने,28
रेलकर्मियों,75
अपरान्ह,26
रैलियों,72
धराशायी,115
बेसुध,40
सिराज,115
दिलवाया,176
प्रबंधकीय,66
प्रत्यारोपण,5
कोंच,120
खिले,7
हिना,119
तिपहिया,23
पंख,37
निकलेगी,58
पैठ,171
परमवीर,120
स्वाहा,108
डूबी,79
आनेवाले,185
प्रभागीय,139
नींबू,68
ज्येष्ठ,150
बहाया,197
अनुयायियों,29
बंसी,38
एकमुश्त,59
रघुराज,182
सायंकाल,40
शमन,12
कोस,88
अजीब,117
किलोवाट,181
फैसलों,166
हिदायतें,35
सदस्या,86
भूरी,95
अमरूद,95
अधीनस्थों,40
पांचवी,26
ललक,171
आधुनिकता,189
बताएंगे,18
पूज्य,55
सफलतापूर्वक,65
कारणवश,123
घुसी,132
सुदीप,86
विलुप्त,179
जलसे,193
महामारी,116
चरखारी,133
विविधता,162
फैलता,5
तौबा,134
दागी,27
गृहकर,190
छीनी,136
अपेक्षाकृत,163
इनवर्टर,160
सम्मति,173
स्टेंड,88
सुरक्षाबलों,166
अनुग्रह,55
सुखचैन,122
फैलती,16
ऑपरेटरों,140
त्यागपत्र,96
संरक्षा,118
पोखरों,82
दुबके,38
आभास,113
कैप्सूल,181
सर्प,91
गुपचुप,115
दुष्प्रभाव,5
गंगानगर,120
धारी,120
मनमाना,175
हाशमी,86
कोसा,156
आरपार,145
खोखला,98
पाएं,71
कालिंदी,26
शुद्धता,14
विभाजित,138
सूचीबद्ध,141
हैंडबाल,133
सुनायी,53
तारें,178
ग्यारहवीं,80
संग्रहण,141
बहु,141
तकिया,81
दोगुनी,181
नवसृजित,75
सिलिंडर,181
रैयतों,139
फार्मो,190
पकवान,68
नतीजों,43
अनुभवी,54
शिवभक्तों,26
नौका,15
नमूनों,145
कुर्बान,24
बेनकाब,85
हुकुम,132
जसवाल,122
भांग,95
कतराते,40
पशुधन,129
पटवारियों,133
गोताखोर,103
प्राचार्यो,190
यद्यपि,149
सांझ,67
चबूतरे,161
सैलानी,88
जंतु,37
जनकल्याण,9
टिक,102
निर्मम,51
पनपने,130
इकलौते,86
जुताई,95
नाकामी,18
बिंदू,44
गिरिजा,86
उत्पीड़न,100
मन्नू,86
बौछार,123
निकलवाने,107
शर्मसार,197
नेत्रहीन,130
व्याख्या,36
असंतुष्ट,83
संयोजिका,35
स्टालों,183
बकाये,175
जुआरियों,173
मिलीमीटर,177
अनुभाग,141
परंपराओं,29
बारातियों,119
रक्तचाप,5
बदस्तूर,111
स्तंभ,161
वानिकी,129
वाहिद,196
बचते,134
सुनाने,45
काहलों,139
दर्शना,26
मंगाया,165
बुढ़ापा,47
पहुंचाएं,156
राष्ट्रव्यापी,54
कुंआ,79
खिलाया,95
दिग्गजों,101
मोहिनी,53
आपदाओं,144
रोपित,95
रचित,152
स्टैण्ड,165
पद्मश्री,11
दिलायी,176
पाबंद,196
कपाट,98
प्रधानी,109
बांग्ला,11
उपरान्त,150
प्रतिरोध,12
गढ्डों,70
हमसे,134
सुसज्जित,161
मोचन,59
मूसलाधार,47
मर्ज,197
विभागाध्यक्षों,35
चैम्पियनशिप,180
कुकर्म,199
उत्पादकों,33
एलबम,101
सबने,134
हिरण,179
युद्धवीर,40
कर्णप्रयाग,186
दाता,14
बगीचे,49
पनीर,68
जर्नादन,196
जादूगर,134
प्रतिवाद,166
जोरशोर,112
पेशकश,0
निबटने,118
टहलने,142
ऊधम,199
बरसाना,77
छुपाने,153
रजाई,112
करबला,188
तनातनी,196
सूझबूझ,171
लगाती,191
भैंसों,95
हताश,187
टीएन,31
सादगी,113
यादें,110
जिंदाबाद,193
बेचता,101
फिजिकल,101
इलेक्ट्रानिक्स,101
महबूबा,7
अध्यापन,135
समन्वयकों,99
समझाते,113
वाकई,111
अनुकंपा,9
आबाद,22
आंदोलनरत,57
मसलों,51
टंकियों,195
मंडराने,147
शर्म,112
समाहित,32
नौनिहाल,156
नियुक्तियों,66
चपत,20
मैगी,101
परिभ्रमण,98
चौखट,169
कुटीर,129
सुझावों,54
सकीं,28
महंथ,26
बकरियों,95
बिटिया,122
लिफाफे,23
राजरानी,136
सफाया,116
घायलावस्था,56
शुरूआती,0
लीं,63
मिठाइयों,195
कमोवेश,124
कोशिशें,166
साधने,175
रियायत,59
शाहदेव,79
पेशा,51
मुसाफिरों,47
टावरों,181
मन्नतें,108
पोते,192
आकृति,145
डालेंगे,81
दिखावा,111
मालगोदाम,61
अनुज्ञप्ति,59
शील,113
दिखाएंगे,103
ध्यानी,9
चुनरी,194
जघन्य,193
धुनों,125
भौतिकी,162
आधुनिकीकरण,30
बहती,184
कारगुजारी,73
निकलेगा,81
पैटर्न,163
छिटपुट,78
श्रद्धापूर्वक,77
अधिग्रहीत,101
प्रवृति,12
समाजसेवियों,72
कुटिया,77
वनाधिकारी,43
भइया,86
बर्दास्त,20
रुकावट,159
किरायेदार,69
सलामत,176
अंदरूनी,145
मनसा,9
आपातकाल,96
किराएदार,99
बहादुरी,188
अहीर,120
तीक्ष्ण,159
सीएसआर,118
ठान,134
अदालती,166
ख्वाब,47
लहराते,49
चढ़ते,81
चाहें,48
परम्परा,89
चबूतरा,79
हटे,47
देखता,25
गाल,105
मेलों,88
ट्रैक्टरों,195
जानती,76
तबदील,47
आनंदी,86
संतुष्टि,14
बास्केटबॉल,93
प्लेटफॉर्म,141
ठहरे,81
तपती,157
बुझाया,52
फेरे,134
कुमकुम,39
पिच,93
शमा,78
तकदीर,176
वामपंथी,83
शारदीय,77
भेंटकर,61
निष्कर्ष,12
तख्तियां,61
जूं,95
फोटोयुक्त,75
खूबसूरती,161
निबंधित,85
ब्रह्मानंद,94
नफरत,22
अनुरक्षण,144
सीखे,176
परी,93
शिवाला,26
तेजा,182
सजाए,61
निष्क्रियता,159
अमरपाल,178
निवाला,7
चौकों,99
जानकारियों,153
गुणात्मक,144
इमारतें,161
प्रोफाइल,153
यहाँ,184
दुहाई,112
वेश,150
मछलियां,179
महाकुंभ,26
पीए,133
ईलाज,159
झाडू,142
हेपेटाइटिस,159
भुला,134
सोई,111
बहकावे,171
कारवां,78
डांडिया,20
लीन,150
लाभांवित,190
क्रोध,42
शर्बत,95
जगमग,106
संभालेंगे,133
फिजीशियन,43
सहानुभूति,110
नामकरण,80
पूर्ववर्ती,149
आशियाने,133
उर्वरा,95
उत्कर्ष,189
वातानुकूलित,181
मजे,47
जमीर,178
गैरकानूनी,87
गुजारिश,18
छेड़छाड़,85
पाइपों,181
हस्तांतरण,59
बकरा,44
पुरातन,80
महानगरों,120
प्रदत्त,170
डूबकर,40
बगावत,188
बनवाना,24
संज्ञा,149
बंधुओं,86
बचाए,176
मजहब,173
नामचीन,86
बीता,148
रुद्र,77
गौरवान्वित,51
आमजनों,175
पूछते,134
संकलन,152
पतन,60
अनुभवों,36
चहेते,171
प्रार्थी,131
पसंदीदा,153
भाला,102
शिल्प,161
डिब्बा,160
सोची,78
कुलाधिपति,54
खाल,97
सीनेट,96
अनुशासनहीनता,193
शर्ते,18
घटों,124
बिठा,7
खोदकर,95
चुनौतियां,54
दूज,26
बाराहाट,178
क्रूरता,188
पुस्तिकाएं,137
सांठगांठ,63
राजदीप,56
चुनिंदा,141
जिज्ञासा,113
कहेंगे,48
निर्दल,27
संस्कारशाला,168
शैल,145
भ्रमित,117
हकों,103
कुओं,123
सौहार्दपूर्ण,51
बदहवास,47
वेशभूषा,125
प्रसूति,43
परिधान,49
आमादा,47
जांची,85
पृष्ठभूमि,32
पाठकों,152
सतह,172
गांववासी,73
पूर्वानुमान,163
कब्र,192
शिक्षाविद्,189
ड्राइंग,153
भुलाया,171
संभालते,166
तोड़कर,104
खोलते,183
कारें,181
प्रवचनों,9
बिछाया,81
नशाखोरी,151
कलंक,50
मैगजीन,101
बाएं,16
अनुरुप,99
नीरा,75
यमुनोत्री,88
इसलिये,91
अपनाएं,99
हामी,176
बालिकाएं,156
स्तनपान,159
मसीहा,176
अजगर,179
चेयरमेन,122
राजनारायण,86
तुम्हारे,25
टकराया,191
रचनाएं,152
साइकिलों,181
पवित्रता,42
बास,125
बनाएगा,154
इतिश्री,69
ठेंगा,156
समूचा,190
लिखना,45
प्रकरणों,94
उदयराज,26
प्रचलित,6
निहित,36
संवर्धन,198
बधिर,56
बोरियां,69
पांचवां,174
कंकाल,105
मलाल,58
पीडि़तों,39
गुजरता,145
खंगालने,35
लालटेन,183
मिलजुल,176
गंदी,160
शादियों,139
बब्बन,86
बुध,10
बागडोर,188
मनाएंगे,72
कोसते,2
घटाकर,59
फूटी,171
तीरंदाजी,93
इन्हे,94
आकाशवाणी,11
बेदखल,51
चलाएगी,190
छपी,84
इकाईयों,144
कांच,8
खासियत,49
खोलना,153
सरहद,188
कनक,182
बर्खास्तगी,101
कोयल,179
बहुचर्चित,86
न्यौता,193
काबिल,78
कायस्थ,86
सांगठनिक,118
फार्मासिस्टों,73
अंगों,5
पांडव,77
बांधी,27
बालियां,183
स्टीकर,35
सलोनी,38
लाज,9
खुशनुमा,56
जगा,7
अफवाहों,101
वर्गों,36
कोसों,190
बिन्दु,98
सजगता,43
चकाचक,31
संचय,14
नतमस्तक,171
संवेदनशीलता,12
आगंतुकों,49
हिदायतों,176
मौतें,116
शिक्षाविद,84
नीलगाय,179
बंटा,3
कंठ,40
धंसने,123
सिंतबर,31
नशों,107
मनन,113
चहुंमुखी,118
दानी,7
जत्थों,194
उलझा,112
मोहसिन,31
बुझ,173
पर्याय,149
निकलवाया,124
आसरा,142
उधम,120
पूर्वांचल,120
लगाएगा,85
एहसान,22
पिहानी,108
देशवासियों,189
यूएस,0
मिश्रित,172
पादरी,29
गहराया,38
वर्जित,185
दुआएं,47
मद्य,95
मचाई,52
लीजिए,47
परिकल्पना,162
कायदे,166
अटकी,35
तिजोरी,59
रक्षकों,111
सौंपेंगे,71
पकड़ने,16
जमाना,187
छूटा,75
संबधी,139
फफूंद,195
विद्युतापूर्ति,67
शतप्रतिशत,118
प्रवक्ताओं,166
आयीं,176
आवाम,72
संगतों,194
मातृत्व,43
बंधाया,86
शस्त्रों,173
बेखबर,47
प्रमाणिक,94
गुजारने,142
उंगली,70
रुककर,111
बीचों,88
दिलवाई,102
टहल,130
अफसरशाही,175
पहुंचाते,159
बुराईयों,176
वधू,108
सत्कार,171
मैत्री,189
हटाई,156
दीये,124
व्यापी,31
स्थितियों,163
डिब्बों,181
कैंपों,122
जलसा,187
हलफनामा,187
धमक,196
भूखंडों,123
अरबों,188
उपखंड,66
छर्रा,187
प्रतिभाएं,187
कंक्रीट,8
अंडा,37
उस्मानी,188
पेशाब,159
पौत्र,150
पोषित,198
इसमे,47
ठहर,81
उग्रवादियों,188
मरी,102
मध्यस्थता,41
गवां,111
बेअदबी,164
नाती,63
अध्याय,149
जमात,176
नंगे,16
पहुंचाए,124
बवाना,52
साम्प्रदायिक,51
हार्डवेयर,141
घोंटकर,117
दुखों,50
नकारा,85
असमय,43
रैलियां,51
उग्रवादी,188
बाते,134
मुकामी,147
किन्हीं,14
अनदेखा,153
ब्लेड,181
पारितोषिक,40
गुज्जर,26
मौनी,26
डरे,134
जूही,86
साइकिलें,69
नसीर,188
उकलाना,122
रोजे,22
चलाएंगे,196
बरसा,81
अक्षत,108
खेद,51
जन्मे,84
गिलास,104
भरसक,51
मणिपुर,158
अप्रत्याशित,153
खुदकशी,79
भांजी,86
जमादार,71
श्राद्ध,77
पढ़ाते,171
निरोधात्मक,159
तिरंगे,72
सुमंत,115
प्रतिबद्धता,13
छुपा,22
फेंकी,93
रवानगी,119
धोना,195
लीपापोती,147
हटेंगे,35
बाराती,199
चित्रांकन,79
वचनबद्ध,118
बारीकियों,94
निष्पक्षता,51
बिखेर,40
जातिवाद,110
अनुयायी,29
कालोनियां,58
हरिनाम,9
बिलखते,111
परीक्षित,91
तबादलों,31
छक्के,93
नवी,120
ओले,61
कीर्तिमान,180
गोसाई,119
दुलारी,182
देररात,64
नवीनतम,141
दशम,91
ग्रामवासियों,122
बाबुओं,164
नियमितीकरण,43
नजाकत,197
नजरों,78
समयबद्ध,144
निकलवा,47
योजनाबद्ध,54
यादों,148
खाए,97
उपकार,42
भुवनेश,106
लाहौर,167
टला,156
बाध्यता,66
साली,47
अभिकर्ताओं,43
गाँव,186
चारधाम,26
नाप,1
साहसिक,101
मुनी,26
एलआईसी,66
संवाददाताओं,166
उद्घोष,9
करिश्मा,148
बकरियां,107
सीमांकन,121
ओढ़ाकर,122
मंगलसूत्र,20
अभियन्ता,35
बंदा,26
शुद्धि,91
दमा,159
निभाएं,99
कपड़े,8
खामोशी,64
भालू,179
डलवाने,156
उस्ताद,192
भोलू,112
चाभी,132
पकडे़,82
पंचायतीराज,122
अविवाहित,86
जलते,183
डेरापुर,120
खजूर,97
जनकल्याणकारी,99
रोको,47
कठिनाईयों,107
मेधावियों,28
भटकने,40
गुनाह,134
चौतरफा,147
फतह,188
देखो,25
परास्नातक,135
खोने,93
संदेहास्पद,85
कुर्ता,176
सांड,194
लोभ,42
बंध,138
श्रीमति,86
कसना,61
धागा,160
प्रबन्धक,118
व्यंग्य,152
लुप्त,149
बल्ला,93
दसवें,174
आर्शीवाद,9
समर्थ,36
रुपेश,122
फुर्सत,38
पूरक,163
लगाएगी,196
अछूता,9
भागीदार,30
जलपान,169
हुक्म,22
शंखनाद,9
कांप,112
रहन,176
रिझाने,40
कलशयात्रा,124
सार,149
निर्माणों,52
पदस्थापन,56
खोदने,104
कृत,11
शाप,91
संबद्धता,118
सिद्धि,149
रुकते,79
पथरी,159
मोल,2
थोड़ी,114
खोटी,57
कमोबेश,4
कुटी,26
सायरन,175
घटाने,59
पटक,109
दुधारू,95
आक्रामक,116
शोरगुल,111
तोता,173
उत्पादकता,33
छिप,81
प्रमाणपत्रों,85
वीरता,60
बोई,95
गिने,52
जायदाद,112
सितारा,148
हजम,95
अविरल,26
कुमुद,109
चर्म,195
झडी,133
सुधरी,142
अजायब,44
सामंत,60
सांसें,194
निरोग,108
पुत्रियों,9
जलाशयों,123
बिठाकर,26
ग्रामवासी,75
जेहन,47
आहुतियां,64
महकमों,196
प्रभावती,108
नौकरानी,193
ब्रजमोहन,122
तनिक,55
द्वेष,55
आज्ञा,42
होनेवाली,185
दूरदर्शन,84
सुहेल,86
तटवर्ती,3
किस्मों,37
मिठास,195
बरतते,51
दूत,42
स्वदेश,83
मुंडन,26
केले,68
ढील,47
अनूठी,125
गुरुजनों,94
तमाशा,176
तीरथ,133
शोधन,33
साग,95
बिका,31
चौका,78
प्रासंगिक,36
फैलाई,7
भंवर,98
सुपरवाइजरों,18
छिपाकर,47
पड़ताल,144
छत्रपति,167
रूझान,51
अध्यक्षीय,166
आतुर,51
गहनों,28
लोकनिर्माण,164
पुनरावृत्ति,14
अनपढ़,51
समावेश,149
अशिक्षा,51
सुभद्रा,77
सेव,49
राष्ट्रीयकृत,118
संघर्षरत,51
रुकवाने,190
करवाचौथ,9
तरंग,138
ग्लास,181
गैलन,195
उर्वरकों,129
अनिमेष,103
अभिन्न,80
नवरात्रों,88
गण्यमान्य,56
महारैली,2
कनेक्टिविटी,141
शमशान,26
बिरजू,26
लावारिश,155
धीमा,172
भूसे,195
पुनर्विचार,66
शवगृह,122
आंनद,111
जांचा,85
पोलिथिन,38
संघों,13
ग्रह,10
वयोवृद्ध,86
चिकित्सालयों,118
पराग,37
छलावा,136
दूतावास,90
विशेश्वर,119
झुग्गियों,151
अधिग्रहित,101
निलेश,156
प्रतीक्षालय,165
नौंवी,18
रघु,86
भूतल,123
किसानो,118
फांक,132
सुहाना,185
प्राविधिक,94
असहायों,178
लोचन,77
प्रशंसनीय,55
उत्पादित,33
खुलता,145
पहचानने,12
कसते,70
बगिया,109
अंडे,37
उद्यम,30
उलझी,112
बिचौलिए,59
विधा,152
मलय,3
खानापूरी,57
रोकते,48
निकालेंगे,47
उजाला,7
फिसड्डी,73
नीला,145
षडयंत्र,193
प्रखर,113
हाजरी,78
भावनाएं,110
बिचौलिया,85
गायकी,125
दुनियां,20
पिया,142
गोलीकांड,63
जायरीन,119
स्ट्रोक,181
कुव्यवस्था,190
मंसूबे,18
फिजा,58
वारिसों,47
दवाईयां,195
लोकनृत्य,125
शतक,180
पछुआ,123
बिताने,148
इंस्पेक्टरों,132
फांस,175
मुजाहिद,136
नागवार,47
समीक्षात्मक,94
विचरण,138
सम्मुख,50
सालभर,95
सूने,178
मनवाया,86
पदार्थों,172
श्मशानघाट,70
मुर्दाबाद,58
बदलेगी,99
क्षत,105
इस्लामिक,188
शांतिभंग,99
बढ़ाएं,43
वायुसेना,65
भात,95
पढ़ाना,72
बीचोबीच,88
बिखरी,15
धरी,173
तरबूज,95
ढलाई,160
वगैरह,22
हारने,93
निपट,112
बाकि,64
भक्तजनों,26
कमाया,100
प्रतिभाशाली,152
उलझे,81
दुकाने,49
खंडित,12
वरन,124
जवाबदेह,118
फ्रेंचाइजी,93
पर्चियां,107
चौपहिया,155
ऑडिशन,101
बरतनी,159
बीन,95
घपले,133
गलतियों,110
नैनो,181
दलीय,127
राखियां,64
आयेंगे,119
पुरूषों,75
नम्रता,171
शिकारियों,179
सभ्य,189
अंपायर,93
पसार,183
पालतू,179
लकड़ी,8
बच्चियां,183
आयेगी,17
चीखने,61
नवगठित,127
अमानवीय,51
लहजे,176
खुलेगी,156
नमाजियों,156
सुलझ,73
बहुमूल्य,8
महामहिम,54
आवश्यकतानुसार,163
गिरती,184
अंतरराज्यीय,59
उपसचिव,156
टेबिल,61
खात्मे,136
अनसुना,56
भक्तजन,77
अधिकारिता,66
गौरवशाली,189
बहुओं,199
भरवाया,119
खेलकर,93
कार्यमुक्त,118
ग्रीष्मकालीन,180
धन्य,9
चहुंओर,108
छतरी,88
पड़ने,114
तथाकथित,110
शास्त्रों,89
प्रियांशु,86
मंत्रणा,85
भीग,183
पंचर,43
तेजस्वी,150
नौवें,174
परिदृश्य,162
कैंब्रिज,101
बताएगा,187
दाहिने,81
विक्रमादित्य,60
वस्तुस्थिति,108
दगा,176
देवगम,27
बंटे,127
गिराकर,183
व्यवस्थापकों,169
झुलसने,105
पुंज,98
संवेदकों,121
घटते,98
लेजर,181
नथुनी,23
किश्तों,59
खेमका,139
शिकारी,179
सरपरस्त,22
विक्षत,151
आसीन,150
हवस,47
भगाया,188
एप्लीकेशन,141
ताल्लुक,51
ट्रेक,101
दीपों,112
मालवाहक,65
शायरी,45
रसोईया,131
किसका,134
बारूद,191
म्यूजियम,49
उठायी,176
दंडाधिकारियों,155
परख,171
मनोहारी,161
सारिणी,147
खोदे,132
पहिये,98
पोती,86
अपशब्द,171
वनवासी,26
तरैया,39
रैबीज,69
माखन,190
सजने,58
प्रतियोगियों,140
प्रस्तावक,59
गुरुद्वारों,63
मुख,1
शिष्यों,89
दमदार,111
ढीले,114
बोतलों,195
विपक्षियों,111
विश्लेषण,162
अनुशासनात्मक,85
हड्डियों,114
दशमी,77
मुखाग्नि,108
माँग,100
चित्रा,86
रेलमार्ग,62
निषेधाज्ञा,99
हंसते,136
दीनबंधु,9
एकलव्य,28
बचकर,81
खोजी,102
खीरा,95
बकरे,106
बहकर,123
श्वेत,37
मेहरबानी,22
गालीगलौज,187
गोले,145
धुलाई,195
अमानत,47
शराफत,136
वाद्य,125
मंदबुद्धि,43
हतप्रभ,187
वीरान,46
थामा,194
बिछाकर,82
नमकीन,68
जाँच,41
सिंथेटिक,181
विज्ञानी,162
खजांची,18
फटा,47
ईश्वरी,26
नवनिर्माण,127
तोला,67
विफलता,41
गिनाई,109
हिफाजत,99
अयोग्य,87
माध्यमों,141
छलक,47
ढहने,85
वितरक,101
वास्ता,7
कुनाल,115
समाजशास्त्र,36
छप्पन,26
अभिवादन,171
गरज,40
गुजराती,11
बोगियों,156
सबूतों,85
बजाते,125
नहाते,191
पिचकारी,142
लग्न,91
प्रकल्प,111
मांगलिक,77
भूदेव,102
रणजी,180
सिंधु,80
पाश्चात्य,80
गर्मजोशी,54
मैदानों,184
फीका,70
मकबूल,86
प्राणों,42
विलीन,91
लगकर,28
कुर्क,66
गीतकार,34
थान,106
प्रतिलिपि,153
मटका,79
अप्रशिक्षित,67
योजनाकार,18
जहाँ,15
मुहाने,184
मल्लाह,147
सटाकर,131
मुमकिन,47
चिमनी,160
नहरें,46
नरक,42
गोलबंद,24
खड्डा,43
ताप,172
ढुलमुल,121
एकीकृत,141
मालाकार,190
कसे,98
पोस्टरों,78
अन्नदाता,106
पीटीआई,166
भागना,176
धकेल,65
अभिलाषा,42
खुशखबरी,47
बेकसूर,156
दीया,23
कोषाधिकारी,133
इच्छाशक्ति,113
अभूतपूर्व,54
मादा,37
टेप,181
असुरक्षा,2
बेशकीमती,49
सेनानायक,192
जलेबी,182
सेटेलाइट,65
सिवा,25
लहसुन,97
दर्रे,184
उपजे,43
दुकानदारी,67
सीना,176
मंदाकिनी,26
शर्मिला,86
छीने,139
परास्त,60
तपा,102
चटकाए,93
जिलास्तर,118
रूकने,105
सत्यता,50
कूदने,82
बचेगा,178
शक्तिशाली,188
कोख,9
पटाक्षेप,197
सेनापति,60
जलता,104
वाहक,141
बीचोंबीच,88
सर्कस,101
लांग,101
अपहरणकर्ताओं,28
कशिश,156
सलामती,134
सातवां,174
खिलाई,71
अपहर्ताओं,166
पकाने,68
पस्त,47
कछुआ,179
आयशा,176
नियति,51
बैनीवाल,38
मरणासन्न,56
तहस,47
खाती,179
युवजन,72
मनाही,154
चिल्ला,142
हुर्रियत,166
सारथी,77
इंद्रधनुष,70
बटेश्वर,26
बोलना,154
स्वप्न,42
जुए,176
ग्रंथों,89
मधुमक्खी,105
बोरों,142
पीतांबर,106
रुदौली,39
सट्टे,59
शहद,97
कथनी,56
जुबानी,187
करनेवालों,55
अध्यात्मिक,108
थकान,114
मंगवाई,169
पक्षधर,83
शूट,101
सरंक्षण,75
छायादार,95
कालिका,77
सुलेख,44
वस्त्रों,8
लगेंगी,197
बाइस,176
लगान,63
जालसाज,57
रेस्तरां,140
संबंधियों,94
दलीलें,22
रहनेवाले,55
खादों,95
मारना,81
अंकपत्र,18
हस्तियों,34
मुशायरे,24
सीवेज,73
मध्यान्ह,73
निकलें,47
कार्यस्थल,59
अनूठा,49
झकझोर,51
न्यायधीश,127
मनवाने,166
किरकिरी,9
हिला,81
चुटकी,64
ओलंपियाड,133
यामीन,176
लहरी,182
ताश,175
सरस,113
छात्रनेता,73
मरम्मती,31
तबला,125
संपादित,32
चैनलों,141
उगी,79
पूछी,176
अप्रत्यक्ष,198
बक्शा,190
कुशलता,54
आयुवर्ग,75
अंत्यपरीक्षण,168
डब्ल्यू,101
कर्मो,91
बेपरवाह,176
कास्य,35
हसीन,47
चमकाने,102
अत्याधिक,185
कर्मठ,190
डाट,151
कटघरे,166
चलाएगा,102
प्रजनन,37
साठगांठ,175
लेखकों,152
आइना,147
निपटाया,66
दबने,98
धारणा,36
अस्वस्थ,43
चुनकर,171
मंगाकर,168
मारूति,156
परखने,173
सकरा,173
धरोहरों,151
सुखा,95
होम्योपैथी,118
नरम,114
लल्ला,26
रंगकर्मी,86
गृहणी,86
बदलती,138
रुकवाया,78
कुचलने,188
अनबन,115
पुत्रियां,194
बंसीलाल,173
कोयलांचल,137
सोचते,45
जागे,112
हत्याओं,166
नन्हीं,194
रक्तदाताओं,175
उठाता,185
चेत,75
वाचन,85
वायदों,118
स्वास्थ्यकर्मी,133
निभानी,118
जननायक,26
जुबां,155
प्रतियां,101
परमार्थ,113
बारीकियां,57
माचिस,183
काजू,68
सर्वदलीय,193
भोली,197
शहनाई,125
पनकी,137
कांटी,18
अवसरों,54
सिक्कों,8
त्रुटियों,12
भूले,134
तम्बाकू,68
सम्बंधित,162
शासित,158
नायाब,111
वशिष्ट,27
ब्रह्मचारी,150
पड़ती,1
कामधेनु,77
फार्मेसिस्ट,38
कातिल,31
शीशी,70
गुब्बारे,191
छंटनी,118
नीर,156
नाचने,194
खाएं,142
सप्तमी,77
तारे,10
तीव्रता,138
गहराने,175
पोस्टमास्टर,72
निरक्षर,67
जिन्दगी,176
मच्छरदानी,175
लटकते,98
लौटाया,71
घपला,193
दालों,68
परिधानों,31
खरपतवार,95
मुनाफे,140
धोती,49
मुग्ध,113
मालामाल,102
बुलावा,78
जुटेंगे,173
पीक,181
अनौपचारिक,41
बदलता,138
अकादमिक,135
कतारबद्ध,20
कैंची,98
इंतकाल,57
नजरिया,51
कपडे़,82
चमेली,49
ठप्प,82
झपटी,199
दामिनी,47
नोंक,70
टोका,27
वन्यजीव,62
महती,189
छोड़ने,146
प्रागंण,79
मुकीम,20
छेद,145
सुंडी,73
गोरक्षा,9
शंख,91
राष्ट्रगान,86
कस्तूरी,179
ढर्रे,47
औरत,22
झरना,184
रौब,47
कार्यक्षेत्र,118
वेल,101
जायेंगी,130
पुश्तैनी,51
अलगाववादी,188
अधीक्षकों,122
निर्णयों,92
फोटोग्राफर,101
कसम,176
फेहरिस्त,115
थिरकते,38
अधमरा,122
चेस,101
वली,47
अल्का,119
कम्यूनिकेशन,85
कछला,124
लगवाकर,109
कीजिए,76
पटवार,155
दरवाजों,88
संकोच,113
पैंतीस,139
जनेश्वर,56
मृदुला,56
फहराने,63
आइए,51
काश्तकार,183
चलंत,35
बजरिया,58
रुद्राभिषेक,26
वेदांत,89
खोदी,169
ऐतराज,197
रहूंगा,75
भावपूर्ण,113
शान्ति,42
स्टाम्प,66
निराशाजनक,146
स्मारिका,182
हिरन,179
रिफंड,59
प्राणियों,37
पत्थरबाजी,139
अधिकता,37
आटे,68
चुराई,122
अनभिज्ञ,171
हजारा,133
मिश्री,95
सुनहरा,49
ब्रह्मदेव,77
बरकत,134
मसाले,68
सोचकर,53
सत्यार्थी,190
तुम्हें,25
उत्सुक,54
दुश्मनों,22
सुबेदार,63
जनसमूह,171
दिलावर,120
सगाई,148
आरम्भ,6
ठूंस,82
गाजर,95
ताजपोशी,102
टिन,8
ढाल,1
गुलामी,51
उचक्के,128
हथकंडे,171
खोखले,104
जागा,122
फैलते,185
जिमखाना,187
तुलाराम,35
बनेंगी,20
प्रसंस्करण,33
क्रियाओं,12
हटाये,64
लालसा,42
पीढि़यों,124
टैबलेट,141
नेटवर्किंग,141
कसौटी,50
अधिसूचित,66
लकड़ा,139
अपहरणकर्ता,115
राजमिस्त्री,122
सुंदरकांड,9
आदिम,80
छूटी,132
अढ़ाई,124
सूजन,5
भांजा,79
चश्मे,104
सूनी,69
रसायनिक,172
करवाता,99
छपने,45
स्वर्णिम,52
दर्पण,98
बचाते,185
बर्ताव,76
ईसा,6
वर्धन,144
बल्लेबाजों,93
पेंशनधारियों,164
पिलाना,195
गरजे,75
देशद्रोह,166
बाजा,128
टकटकी,2
देवरानी,122
तलहटी,184
फरमाया,22
लड़ने,126
रूपों,149
चहलकदमी,173
अशोका,86
सीढि़यां,178
रिजेक्ट,43
खुलती,129
कातिलाना,102
काबीना,139
सर्वधर्म,51
जनसेवक,108
टेक्नोलाजी,99
विद्यापति,77
परिप्रेक्ष्य,36
यांत्रिक,138
चित्रण,152
कॉरपोरेट,54
वेदों,89
वाम,52
सर्वांगीण,189
शुष्क,177
निर्यातकों,59
सेहरा,52
सैद्धांतिक,36
चिंहित,39
निर्यातक,140
देखती,53
चिता,77
कसाना,130
पंचमुखी,77
कारनामे,78
अपर्णा,86
ताकीद,134
पतली,37
मेहनताना,119
उम्मीदवारी,127
मंगाने,197
खात्मा,35
आलिया,115
परोपकार,51
सजाकर,196
लड़के,22
सोमेश्वर,150
मित्रता,42
बिल्ली,179
तीर्थनगरी,28
टोलों,137
मेघनाथ,86
सत्रों,0
भद्रकाली,88
व्यावहारिक,36
जनाब,103
बाशिंदे,155
मिहिर,26
किन्नरों,26
ज्वार,177
बिखेरा,197
नागा,120
छज्जा,70
टिका,191
ठोक,157
भांप,190
निपटाए,66
सलाहकारों,166
निष्कासन,116
पत्तों,37
वाणिज्यिक,30
आवश्यकताओं,198
फूंककर,132
संचिका,141
होर्डिंग,111
इनलोगों,27
जर्सी,0
अपहर्ता,35
दोहराई,176
भावविभोर,9
संवत,6
विश्वासघात,171
यूनानी,80
सकल,170
फिरनी,38
भैंसा,179
संपादन,32
साये,47
निर्जला,26
बशर्ते,66
विधाओं,152
डराने,22
फैन,101
लाएंगे,176
दिवसों,79
पापों,42
रवी,47
पथरा,47
अपूर्व,113
अध्यापिकाओं,18
मेघ,108
अनुकरणीय,189
कलई,160
सलिल,86
काठगोदाम,120
सिखलाई,169
प्रपत्रों,59
झंझट,183
संजीदगी,71
बादाम,68
ब्याह,194
जुदा,47
क्रियाकलापों,198
बचता,47
कूट,98
सत्तापक्ष,166
चौथाई,123
हरिश्चन्द्र,86
बचाएं,190
प्रसाधन,195
टीला,88
ताजमहल,161
जख्मों,70
केश,105
लुढ़क,169
ठिठुरते,178
योगासन,43
बननी,164
गूंजे,108
शक्त,173
निवेशक,140
दर्शाने,162
गृहिणी,101
हारी,176
डाकबंगला,44
पितृ,77
घूमता,145
पेशेवर,0
महापुरुष,77
गंगे,73
पीटते,53
पॉजिटिव,35
सुपुर्दगी,59
उगल,142
जानेवाली,185
जोगिया,26
झांकने,175
बख्श,22
ठोकरें,112
छोड़ा,74
तलाशा,115
बच्चें,175
करायेंगे,156
डरने,134
मिटा,154
देवभूमि,77
नगराध्यक्ष,156
रफीगंज,86
मृदुल,40
करियाना,18
शोषित,51
कथक,125
ग्वार,95
खेलें,93
मोहंती,86
भिक्षु,150
धोखाधड़ी,41
कार्यकताओं,72
काटनी,111
नाकों,131
बिछी,104
अवधारणा,162
सुधारा,85
अंतरिक्ष,65
निदेशिका,85
फसली,59
राजाजी,86
हलक,99
हरण,77
मेजबानी,0
बहुतकनीकी,75
तोड़ने,191
पूर्वाभ्यास,101
मतपेटी,139
अस्थि,5
नगण्य,138
चलाती,101
फंसाकर,128
दरी,58
प्रतिरोधक,5
बदनामी,2
दंडात्मक,85
दुर्ग,161
वृन्दावन,77
दलाली,59
इंगलिश,190
दस्यु,56
जमाबंदी,155
तिमाही,140
किस्तों,66
कपिला,9
मंगाए,133
अधिष्ठाता,77
खिलाफी,155
प्रवर,133
चंबल,88
पीपा,183
पंसद,103
सुजान,26
बुर्ज,88
यादगारी,73
स्वामित्व,30
अतिक्रमणकारी,121
उच्चीकरण,118
नारियों,9
स्त्रोतों,144
स्तरों,163
खजूरी,194
परिभाषा,36
जाले,105
दागकर,183
पाहन,26
अन्तिम,42
जोड़ा,141
कठपुतली,86
लोकनायक,86
डिमरी,26
नारायणी,88
बिकी,101
पोस्त,47
शिकायतकर्ताओं,121
हसरत,176
जुड़ा,62
परस्पर,14
निष्काम,113
मुशायरा,56
गहलौत,133
लकीरें,98
तुर्की,188
कलाओं,152
चाहरदीवारी,102
वैष्णव,89
मुठभेड़,126
वनवास,150
नासूर,159
कार्यवाह,133
तहसीलदारों,39
छूटकर,194
जगाई,51
बायोमीट्रिक,58
खेमा,157
असाध्य,159
जनसम्पर्क,56
चूर,81
कलियुग,6
सोय,169
निपुण,86
रहो,25
सार्थकता,113
सगी,108
डटकर,63
तांगा,26
हत्याएं,193
मापदंडों,144
कोचों,175
भुगतनी,47
मनोयोग,94
संतरा,95
तूफानी,123
नशामुक्ति,178
गिरना,123
कन्यादान,108
उछल,191
अस्त्र,173
क्षोभ,159
गूंजता,196
पसरी,27
सोये,111
गोमांस,95
चचेरा,115
बंधुआ,197
टैंकों,181
मालाएं,67
उच्चीकृत,147
परिपूर्ण,113
मंगवा,131
निर्भीक,51
तरल,172
लिखते,45
भरेंगे,40
गोरखधंधा,73
दाव,169
तीखा,105
भली,48
मुट्ठी,81
चम्मच,68
जोड़ी,98
करौं,26
हजूरी,190
थानेसर,120
फटे,109
शायरों,176
गड़बड़ी,159
परिचितों,115
नाश्ते,68
करेगें,134
वसूलते,73
टोकरी,160
कीटों,37
सम्बद्ध,189
बालों,16
नगरवासी,151
ट्रांसफॉर्मर,181
भुलाकर,24
लार्वा,37
अच्छाई,40
बढ़चढ़कर,40
कुर्सियों,191
चाहर,132
सिंदूर,183
अवाक,119
इस्लामी,29
बसने,3
निशंक,147
गुलदस्ता,67
तिथियां,79
आढ़त,18
घुसते,28
राशी,85
घिरी,145
लौकी,95
कारनामा,35
ट्यूबवेलों,156
आदित्यनाथ,86
कठघरे,18
मिश्रण,172
ढोरी,39
अनुवाद,152
अलकनंदा,88
कीपर,93
दुस्साहस,9
रंगीला,86
सुनना,76
प्यारों,58
समानांतर,145
नगरपाल,56
डूबते,131
खाय,142
महिलायें,192
तृप्ति,94
आरोग्य,43
जन्नत,134
उकसाने,166
सूना,26
कद्र,112
तकनीशियन,101
टापू,88
आराध्य,150
टायरों,181
वादक,125
बौखला,47
चोटों,116
पिछड़ा,158
आडिटोरियम,119
जीआर,23
स्वास्थ्यकर्मियों,111
परिस्थितियां,144
अलौकिक,113
हीरे,8
अज्ञानता,50
इश्क,187
सूखाग्रस्त,128
मनमुटाव,171
श्रीमद,77
खरीदनी,99
मांगता,176
जलन,5
खतरों,116
कॉपियों,35
रक्षपाल,168
सजीव,113
गुरुचरण,111
रखवाया,171
परोसा,68
प्रतिज्ञा,42
दफना,24
रुस्तम,136
सुपरिटेंडेंट,69
पन्नों,76
स्याही,98
धातु,172
नवीकरण,30
काश,134
मोटापा,159
असंवैधानिक,166
विशिष्ठ,118
दिगम्बर,150
सहेजने,153
मगरमच्छ,179
मीनार,161
अगरबत्ती,183
लुभाया,176
रोमांच,49
गाढ़ी,61
यार,176
समकालीन,152
जयकार,108
न्यायपालिका,92
पृथक,138
कट्ठा,151
एक्सिस,18
पहुंचाकर,142
करूंगी,20
भूपाल,133
शबाब,17
बांसुरी,125
कर्कट,159
दूधिया,95
निहार,112
चुकता,59
नगमा,58
रुमाल,28
चाकुओं,79
एकाध,99
भव्यता,88
समतलीकरण,95
दुघर्टना,128
पुरोहितों,9
सुधरेगी,35
टालने,176
आसरे,139
वनकर्मियों,175
खलीफा,188
रूमाल,160
भावनात्मक,110
बहुमंजिला,38
जागी,130
अंगूठा,137
इंडिगो,120
योद्धा,60
अश्लीलता,40
कंगन,81
दीवाना,134
अनिकेत,56
बढ़ेंगे,2
महाराजपुर,26
मंसूबों,166
जगाया,51
भरवाए,27
होगे,134
तुम्हारी,25
छुपी,154
पड़ोस,188
उपक्रम,170
पनाह,22
हत्यारा,193
कलसी,57
चीता,179
स्थगन,66
बिफर,171
समारोहों,143
साक्षात,77
नब्ज,23
तबका,43
आयेगा,176
बोने,95
नाटकीय,110
निदेशकों,66
हथियाने,166
बाजरे,95
समझता,25
ओला,151
हौंसले,64
अहसान,73
मुंसिफ,133
पहनी,49
ऊनी,8
रिव्यू,84
ताना,47
दाउदपुर,69
सदभावना,168
व्यस्ततम,120
ठीकठाक,40
जलाते,124
मछुआरों,123
भीमताल,88
ग्राट,128
बर्फीली,123
हर्जाना,118
परखा,171
फिरने,81
महाधिवक्ता,35
मोटरसाइकिलें,119
दुविधा,199
चन्दन,88
उपतहसील,120
टोक,169
रफूचक्कर,115
पहुंचाएंगे,142
दबाया,105
अंतराष्ट्रीय,54
फफक,58
सूर्योदय,15
साइट्स,18
भ्रष्टाचारियों,124
नित,2
शिवभक्त,77
उपद्रवी,115
फरक्का,133
उठना,81
विचारण,66
अरमानों,156
मदिरा,195
मंगवाया,18
विद्यमान,149
सखी,86
भरता,195
सांसे,103
विद्रोही,90
काई,104
जलाल,176
बरगद,179
चूरा,195
वैधता,13
ढलने,40
भेल,133
गूंजते,111
मेमो,153
चुकाना,59
हैरतअंगेज,112
बूझकर,2
करों,19
हथेली,16
सिखाई,134
बगान,155
बेर,104
सीमाएं,3
रेखांकित,94
जंजाल,124
टाई,93
शक्तियां,92
सम्मानजनक,54
ढिबरी,183
पहुचाने,165
जनसभाओं,51
नाइंसाफी,20
शिद्दत,47
भिजवाने,131
दशहरे,77
पोता,71
चढ़ाए,142
उतरवा,47
झूलते,79
कंपोस्ट,95
ईपीएफ,59
चॉकलेट,68
सादी,79
खाद्यान,197
ठोंक,175
छायाप्रति,73
ब्राह्मणों,150
चाहकर,136
घबराए,47
परिसरों,118
चाहने,176
कसूर,176
दीमक,105
कीटनाशकों,129
अनैतिक,110
गुरबाणी,9
सूबा,63
पहेली,112
ब्रजभूषण,27
जगन,194
संजोए,115
वर्णित,149
जातिसूचक,86
तालिका,32
हुजूर,176
बंपर,57
वैधानिक,92
गहराता,122
मेहनती,72
लोकमान्य,11
बिट्टा,156
बदलेगा,85
सांप्रदायिकता,51
इण्डिया,167
सड़कें,62
बूट,23
सेवाकाल,133
दोहरीकरण,156
चुराया,156
तुम्हारा,25
सेवारत,54
मुसाफिरखाना,120
सरीखे,173
पुरस्कारों,34
दिखावे,111
दिखीं,115
महापुराण,91
सत्तासीन,127
आपाधापी,58
सहेलियों,122
इकरार,139
रक्षित,99
जनशक्ति,118
कद्दू,95
रवैए,51
पेड़ों,37
बाधाओं,144
चन्द्रा,194
दिलाएंगे,155
बंदकर,73
सदनों,92
निकलेंगे,47
बाघिन,115
लक्षणों,5
सहभागी,154
टोलियां,52
चकनाचूर,81
खंगाले,187
जीर्ण,185
स्वीकारी,51
चिपका,98
महाप्रभु,150
बांटते,131
जमींदार,192
ओतप्रोत,113
ढका,177
नामावली,59
संचित,14
मिसाइल,65
बैंककर्मी,18
नृशंस,51
सुदृढ़ीकरण,144
लीलाधर,86
पायेगा,76
उगाने,97
जयकारा,194
बिछ,183
इमली,95
कोना,191
कन्नी,130
सुचना,18
फब्तियां,27
हाता,195
बतातें,99
नरमी,176
पाठयक्रम,54
डालर,140
जवानी,47
मुख्यमार्ग,194
झालरों,9
जनसंघ,167
पाइपें,168
कुठाराघात,9
भटके,134
चाहेंगे,154
रेंगते,105
मोची,182
वर्गमीटर,123
उपस्वास्थ्य,151
चेचक,159
तस्वीरों,49
उद्यमिता,118
स्तब्ध,171
पन्ने,154
ग्रामीणो,169
आसमानी,47
अपहृता,108
पतंगबाजी,106
क्षितिज,10
घराने,86
विवशता,76
बुढ़ापे,47
अर्ध,145
बुलायी,166
जीविकोपार्जन,171
संकलित,152
गमछा,23
दास्तां,72
फरारी,147
मांगो,17
गोलचक्कर,151
नगरनिगम,73
सुनहरे,49
स्वरूपों,113
चित्रकार,152
फेंकना,142
ज्ञानेश्वर,94
सांझी,123
जनसूचना,59
इनायत,22
अनोखी,49
स्थायीकरण,105
झटकों,181
पोलो,93
सुगंध,68
सुअरों,95
चकाचौंध,9
टॉयलेट,57
गेंदा,182
असहज,166
भिंडी,95
उत्तराधिकारी,60
वाट,181
इंतजामों,136
सेवादारों,61
विद्यालयी,118
परखच्चे,130
क्रांतिकारियों,83
दुलार,111
नाल,145
मोरी,64
पलटवार,136
अंशदान,66
नगरों,3
नावों,123
शुक्रिया,176
सुनार,79
भिड़ंत,93
मनपसंद,153
अभियांत्रिकी,135
तोड़ा,176
स्वाधीनता,83
बहते,1
कजरा,156
हटाते,70
खाताधारक,59
प्रतिकर,66
धर्मपत्नी,86
कोठरी,79
गूंजने,182
दागे,93
वेंटीलेटर,73
जुआरी,102
भूमिहीनों,99
वॉलीबॉल,93
धुना,57
फीकी,27
पंजा,169
कबूतर,179
चमत्कार,113
उतरेगी,40
किसको,7
चोरियां,78
बरपाया,128
निवृत्त,66
रोमांचित,78
दहलीज,27
अनजाने,171
जुगनू,69
धक्कामुक्की,115
कारनामों,146
प्रतिपदा,77
थैली,16
इत्र,183
दुर्गंध,195
प्रांजल,86
मातहत,166
थमी,28
बजाया,125
ग्रामप्रधान,64
आदतों,116
सभ्याचार,64
कैंसिल,69
डरते,25
शिला,21
चूके,171
दर्शाते,12
मिनिस्ट्रीयल,147
बुलवाया,63
सूअर,97
विकार,5
खंगाली,99
चकित,53
फांद,128
डगर,58
मुसीबतों,176
बलबूते,56
मायनों,176
नवरात्रि,21
बसाया,60
सुनंदा,86
पाटने,118
असफलता,41
अचार,68
लाइलाज,159
त्रुटियां,85
तेनुघाट,103
आहरण,59
ठनका,151
पहुंचें,35
पुर्नवास,99
लौटेंगे,171
औरतों,22
विलंबित,85
परिचायक,113
कर्मचंद,147
मैला,28
निकलीं,124
दिलाएं,196
धाराएं,123
माकूल,27
उजाले,40
व्याकुल,53
असरदार,175
सुनहरी,49
जाइए,76
मांगकर,106
अनोखा,161
सम्मन,115
कुंअर,38
जबसे,127
आंचलिक,133
बिछाए,40
किससे,111
हठधर्मिता,51
मूंदे,31
विस्तारक,98
लील,78
साझेदारी,101
चश्मदीद,47
चुपके,134
ध्येय,50
पूर्ववत,137
मार्फत,35
बुलंदियों,124
खपरैल,79
वृद्धाश्रम,18
चिढ़ा,57
विचित्र,113
शरबत,95
बाले,47
गायें,137
बिंदा,107
निर्वाण,89
प्रोटीन,5
जानेवाले,185
टाऊन,72
पुलकित,28
फटी,47
शाला,79
राजपत्रित,133
सूटकेस,18
भोगी,190
सुलझाया,4
अतिवृष्टि,130
हिन्द,188
अवरूद्ध,159
नामोनिशान,190
चित्तरंजन,72
गिराए,119
वर्दियां,132
नफे,47
चुकानी,187
घुटनों,16
लौटाए,134
शादियां,187
तरसना,17
हलवा,95
फैलाकर,16
हेक्टेअर,95
तंज,194
अफसाना,47
पेटियां,78
चढ़ता,185
नागरिकता,66
सहजता,85
पुनर्जीवित,110
जमीनें,72
दिखाता,154
सर्जिकल,116
सीएनटी,133
हिन्दुओं,29
बरबाद,22
उतारना,35
गैराज,75
जन्मतिथि,106
भागेदारी,175
तहजीब,122
लिखाने,156
व्याख्याता,84
बनबसा,133
आवाजें,61
गांवो,73
असामयिक,4
मार्गदर्शक,51
सिगनल,181
बूंदें,105
सुप्रसिद्ध,152
पुष्पवर्षा,108
मांगना,99
मनाकर,2
बाण,91
कुचले,199
फैक्टर,101
सेवानिवृति,101
फिसलन,175
आजमाइश,64
शवदाह,39
अनाथालय,193
कानूनन,43
मीडियाकर्मियों,197
चतुर्थी,77
कारक,163
सजायाफ्ता,193
दलहनी,95
लजीज,28
भ्रामक,36
जन्मभूमि,150
डंका,86
छठवें,26
मुखियों,190
शिकंजे,187
लगाओ,40
झूलों,165
ब्राडबैंड,18
रहनी,85
हटवाकर,27
सुशोभित,150
किराने,82
वादियों,136
व्यथित,56
तपोवन,77
बैठता,117
दलीलों,176
उमड़ी,7
भट्ठियों,195
सुनता,25
महादान,108
कथन,149
इशारों,102
समकक्ष,100
घुमाने,98
अभिभूत,113
नौटंकी,125
पटी,103
देशभक्त,83
तबस्सुम,52
कुदरती,64
खोजा,10
करवाएगा,118
चिश्ती,192
चाकलेट,195
कुंवारी,26
उड़ा,74
झुक,74
पंचवटी,26
अनुसंधानकर्ता,43
अनसुनी,193
बंशी,26
फूंके,102
पंचवर्षीय,129
पहचाना,159
गहना,183
मुस्करा,57
झोले,128
गोलिया,35
धर्मातरण,61
अंधकारमय,40
बिखेरी,27
आठवां,174
बैठती,61
मागें,47
तंबू,191
छात्रावासों,118
थाईलैंड,3
बरसाने,26
प्रचारित,110
दहला,122
पलों,27
मालकिन,115
हिम,177
अवरोधक,195
सोंधी,165
मुझ,17
योगाचार्य,78
ईटें,81
उठाती,185
अकारण,173
कायल,103
भगाकर,115
छेड़खानी,28
बावन,88
उत्तरदायित्व,92
जीतना,93
चिरैया,173
घण्टे,111
गौड,56
चित,67
राष्ट्रहित,99
घबराने,58
बाजों,58
एकबार,31
भावों,149
स्टैंडर्ड,181
जंतुओं,37
क्रियाशील,138
शल्य,5
नौकरियां,118
धमाकों,65
लम्बित,133
तरफा,64
चालित,181
उपन्यास,152
घरवाले,112
घूमती,16
गरमी,177
खटारा,119
उठेगा,7
बाधाएं,59
कड़ा,191
किताबी,187
एक्टिंग,101
सूत्रधार,86
पिताजी,148
सिंहासन,60
फौजदार,192
लिखेंगे,40
दोगुने,18
बाल्मिकी,26
समाजवाद,83
शिथिल,12
अशिक्षित,51
मानहानि,166
दूरगामी,4
प्रयत्न,149
क्लीनिकों,43
रजामंदी,175
राष्ट्रमंडल,96
तिलहन,129
व्यवसाइयों,132
दिखानी,85
सूचि,153
सदमा,47
राखियों,130
रुकना,35
सुकन्या,86
ढांचागत,144
करीना,148
कर्जदार,99
हेतू,18
तोहफे,176
सिंचित,129
चट्टान,1
कुशासन,111
रेती,26
निबटारा,35
विचलित,42
ठहराने,100
मंडावली,52
कम्बल,64
बर्बरता,188
दस्तखत,18
अन्यों,153
सर्तकता,175
सुखमय,51
मनोरंजक,49
बुलाना,47
प्रजापत,9
बुखारी,51
कार्डधारी,133
अंगरक्षक,191
हश्र,176
पलीता,169
चचेरी,101
प्रदर्शनों,146
झेलते,193
परनीत,127
ताने,81
नाखुश,176
प्रसून,86
वंदे,86
शिक्षाओं,29
कदापि,55
घाटो,151
मर्माहत,196
मैना,57
हसीना,86
स्थानान्तरित,31
इन्वर्टर,155
विशालकाय,145
प्रजेंटेशन,56
अवशेषों,161
जनधन,121
उपसरपंच,107
भूखा,115
सवर्ण,51
बेलसंड,73
पंजाबियों,139
लपेट,16
गोलक,105
कुरूक्षेत्र,26
इकलौती,86
लड़कों,176
बेनतीजा,31
मीठी,68
दुष्परिणाम,159
लानी,40
सितम,47
खिलने,95
हारकर,53
पंचशील,51
जागता,132
प्रत्यक्षदर्शी,44
सोचे,7
मातृभाषा,158
स्पर्धाओं,93
कंडा,64
पहचानपत्र,107
गुस्साई,136
एलर्ट,85
खाताधारकों,18
शरत,86
मार्मिक,113
लघुशंका,196
उन्नीस,176
बचती,67
पका,95
लाखो,26
मोदक,79
हालिया,153
बरसों,176
दीघा,88
कोठे,39
चढ़ावा,106
रूका,79
इबारत,78
आक्रमण,60
सुनें,142
फूला,81
संदेशों,153
छान,104
प्राध्यापिका,147
बोलती,148
गुमशुदा,187
शिष्टाचार,51
छपाई,153
ढोलक,125
असंतुलन,12
क्लासेज,119
वेल्डिंग,181
नसरीन,182
बाबुल,194
कुदाल,58
दुरूपयोग,51
पेंसिल,98
भूलते,49
विषपान,94
कोढ़,169
किरणों,172
गलतियां,76
टंकियां,178
कतारों,105
पगडंडी,58
लाईसेंस,20
डकार,105
मुक्केबाजी,93
असुविधाओं,31
चौकियां,72
खटाई,164
दुष्प्रचार,151
क्षणों,113
घोषणापत्र,13
बिठाया,176
छाये,183
नरसंहार,188
स्वचालित,141
तीर्थयात्रियों,88
भरती,72
कोऑर्डिनेटर,99
पंखों,37
संवारा,51
खोदा,88
अखाड़ा,26
नीचा,15
रूपाली,86
दर्शनार्थियों,106
लोकमंच,9
लहराने,69
पपीता,95
हस्त,79
राज्यभर,133
ढ़ेर,142
जीवनशैली,159
वर्मन,77
कपड़ा,8
इसबार,115
धारियों,179
शीर्ण,178
भूलकर,53
सपूत,51
गलियारों,111
अशासकीय,133
इलाही,47
गूंजी,119
रुकती,120
महांती,39
बिचौलिये,99
गौरीकुंड,88
मिठाईयां,196
पंडौल,39
पत्तियों,37
आईना,112
मंगवाकर,124
खींची,98
बैरागी,182
गड्डी,119
मियाद,154
शत्रु,42
समेटे,88
एकांकी,113
असैनिक,166
मनोवैज्ञानिक,36
झपट्टा,128
गुरूद्वारा,88
दोराहा,155
उंची,123
अपंग,43
बदतमीजी,137
विलाप,9
आतंकित,111
ऐच्छिक,144
संकेतक,153
परमेश्वरी,26
झुलसकर,107
कोरे,137
निगलने,159
सम्बंध,110
रवींद्रनाथ,86
मेहताब,121
लगवाना,195
प्रबोध,171
नगेंद्र,56
निभाना,27
दुलारे,182
उल्लघंन,133
क्षेत्री,52
लटकाया,142
कातिलों,18
घुमाया,98
पकने,97
थ्रेसर,195
कष्टों,50
कड़े,195
पताका,26
संस्करण,32
बदबूदार,195
कुंए,79
गेंदबाजों,93
आंदोलनों,83
बहुउद्देशीय,133
धर्मावलंबियों,77
सब्जबाग,61
बेचू,9
लटकती,160
हैंडबॉल,101
झगड़ा,134
बागानों,129
करवाएगी,133
स्वीकारा,94
केलिए,153
प्रद्युम्न,26
कुली,192
परोसने,160
भाले,47
विधियों,14
पहचाने,159
गारमेंट,173
जूझने,51
अनगिनत,49
नवीं,80
बढ़ाये,109
गुणवता,85
अपरिहार्य,110
बाटी,38
दिखेगी,173
आघात,159
बहुतायत,97
कलक्टर,31
सचेतक,175
लिफाफा,153
ध्वजा,9
रसिया,182
सिने,86
लक्ष्यों,198
निभायी,84
तनुज,57
जुटाकर,118
बाजीगर,75
मूत्र,5
विधानमंडल,92
एनीमिया,159
बरसने,124
आत्मघाती,188
जनादेश,166
प्रौढ़,105
वैशाखी,108
स्मारकों,161
हमलाकर,2
मूली,95
अर्हता,93
शिष्या,108
अविलम्ब,128
नाइट्रोजन,172
रस्साकशी,197
मधुमक्खियों,95
हटेगा,175
मुसीबतें,7
शाश्वत,55
करवाये,86
एकाग्रता,159
कॉलम,85
झपकते,28
आनंदित,9
सुविधाजनक,141
तैर,104
लकीर,142
चारागाह,95
जानिए,187
कॉपियां,43
येलो,120
एकदिवसीय,180
सबल,113
रोती,112
कहानियों,152
पुनरीक्षित,43
समूची,51
बदलनी,82
रसूख,156
बुलावे,56
गर्भावस्था,5
सिफारिशें,92
गुरुग्रंथ,26
हितकारी,18
नकारते,78
लाती,104
दर्शाए,59
दुबक,124
खरीददार,59
निरक्षरों,99
पहाड़,46
क्रियाएं,12
छर्रे,61
धमकाकर,132
संकीर्ण,145
सारणी,98
बेमौसमी,61
हिलाकर,132
आपसे,76
बिठाने,130
रामरूप,133
टोलियों,106
प्रसंगों,113
दिलदार,38
प्राथमिकताओं,118
कलाकृतियों,161
उड़ान,65
बैकुंठ,108
नामुमकिन,112
सूझ,7
कहानियां,152
स्वादिष्ट,97
खिन्न,86
दफनाने,99
भंडारों,144
हटते,117
आहूति,71
कब्जाने,175
पंक्तियां,132
डायलिसिस,160
वरण,113
संवेदनहीनता,43
सेविकाएं,79
टूटते,168
झासा,20
रहनेवाला,185
ऐश्वर्या,148
हुलिया,136
तरसते,24
लगवाएं,103
सुरों,125
पायेंगे,7
रिपोर्टिग,175
नजराना,187
रिश्वतखोरी,99
बिता,49
मोहक,125
रोया,69
रियायती,59
नापाक,47
लस्सी,95
मंहगा,195
कमीज,191
प्रजातियां,37
अष्टम,174
चढ़ाते,183
आजमाने,86
भड़के,178
सितारे,176
मक्के,47
लाएगी,17
डॉक्टरी,43
आइपी,57
सर्वजन,51
जनसैलाब,131
मालिनी,86
सलाद,195
गिनाते,67
मध्यरात्रि,56
किरणें,10
समझदारी,51
छायी,7
बिताए,148
नुकसानदायक,160
अस्वाभाविक,128
स्वर्णरेखा,123
प्रासंगिकता,54
घोंट,112
प्रणय,113
मटकी,67
बढ़ें,137
धागे,195
नापी,98
निमित्त,14
अन्त,42
नोंकझोंक,139
मंदार,194
मनवा,187
जागने,190
लहरों,1
कवच,145
नन्ही,199
वीरों,150
चिंतक,189
दहल,7
उलझन,171
अग्रसारित,31
गार्डर,2
खुशगवार,7
प्रशंसकों,34
बंटने,197
जुटाया,99
दाएं,98
स्वंय,113
क्षेत्रिय,108
रामावतार,26
नुमाइंदों,51
दर्जी,24
आरोही,98
जलसंकट,123
ढूंढते,7
सरोकारों,51
बुनाई,8
छुपे,154
लोकवाणी,164
क्षम्य,122
नाबालिगों,85
विलम्ब,43
महोदय,51
तटीय,3
बटोर,115
टीले,184
गंवानी,136
त्रिपुरा,158
पतियों,171
चुराए,197
हमको,22
सचमुच,45
रामपुकार,43
शिवाय,77
हदें,47
विमुख,42
पराजय,60
करूं,124
चाहिएं,160
करंसी,17
सेवई,196
तलाशते,35
सोनार,182
लिबास,176
आचार्यो,91
अत्याचारों,83
परिर्वतन,27
फूलमाला,194
गुनाहों,134
पाएंगी,111
आदेशित,59
शिक्षको,43
कव्वाल,58
बोलीं,38
लाओ,134
अटकलों,101
योगिता,56
रंगत,128
अनुसूची,92
सजावटी,8
ख्वाहिश,22
बहना,159
पगार,27
बलगम,159
जयकृष्ण,173
महाबली,77
नरेगा,118
स्वावलंबन,118
मराठा,60
कब्जाधारियों,131
अवतरण,40
गोहत्या,77
खरीदें,132
बेलदार,2
रुकेगी,194
बिताया,148
खोजते,99
कुंजी,153
षष्ठी,77
चौकन्ना,40
अलार्म,153
बाघा,72
नुक्सान,116
भीतरी,145
विकासात्मक,198
आननफानन,175
स्नेही,103
राज्यव्यापी,166
सांसारिक,55
देशहित,193
रसायनों,172
आलीशान,47
सत्तू,160
रामभजन,64
बैंगन,68
हंडिया,186
बिस्तरों,47
तोड़फोड़,197
मतपत्रों,31
न्यायोचित,66
प्रकोष्ठों,118
हुक्का,109
अंगूर,97
कैसेट,153
मानवाधिकारों,166
समझती,51
दिखाती,117
राजपथ,88
अलगाववादियों,127
धंधेबाजों,35
दर्शाई,40
औपचारिकताओं,99
सौतेले,176
नीच,171
विमानों,65
अनर्गल,190
अनोखे,49
जनसुनवाई,99
कुसुमलता,124
हैैं,52
लाउड,160
विकल्पों,141
पथिक,196
दादर,120
कुनबे,47
रहम,22
विश्वस्तरीय,54
दवाईयों,159
काया,9
मनमीत,86
आश्चर्यजनक,113
वायरिंग,181
कान्फ्रेंस,119
ऊहापोह,94
गढ़ा,176
रबर,172
सुहावना,40
रामनंदन,56
सुपरवाईजर,31
ताली,125
निर्भरता,198
सीखी,45
मिटटी,104
गौड़,11
बीचबचाव,56
निराश्रित,156
सेक्रेड,115
गैप,175
प्रजातंत्र,51
न्यौछावर,77
चिप,141
चकेरी,182
करीबियों,86
नदिया,88
विश्वकप,93
द्वीप,3
तुझे,81
बसेरों,95
संयंत्रों,33
सराज,127
ट्यूमर,5
मंडलियों,9
अवतरित,55
बागों,15
कुर्मी,182
ओजोन,195
इसाई,188
दाढ़ी,142
रसोईघर,109
बालश्रम,118
चलानी,193
पूछकर,112
ढककर,105
जागकर,56
मूर्तिकार,79
मतपेटियों,156
फूफा,28
अबोध,58
लड़,126
आशाएं,51
कॉमेडी,34
कुन्दन,137
दूरियां,67
विज्ञापनों,101
ऐंठ,61
चिंतामणि,86
फैलाते,185
करुंगा,2
निर्भया,99
चिन्ता,50
करवाती,197
फैलाया,81
बैरकों,193
बेसन,68
खिलौना,49
मिलीलीटर,195
वेतनभोगी,85
सहनशीलता,50
बाघों,179
राजकीयकृत,106
अव्यवस्थित,85
आध्यात्म,113
करवायी,72
खर्चो,128
बिगड़,114
हराने,90
सुधारीकरण,20
मंगवाने,156
पर्वो,9
दर्शाती,145
टोह,47
गुरुवाणी,58
अनुच्छेद,92
टाला,154
कैल्शियम,172
सन्नाटे,132
मौसा,194
नाशक,159
तब्दीली,85
सोयाबीन,68
बरसाई,40
असहिष्णुता,51
उठीं,194
फरसा,79
कम्पनियों,30
निर्माताओं,140
सिंध,192
मिशाल,194
अष्टधातु,26
दिखाये,153
पत्रकारवार्ता,71
मोंटी,101
मैनेज,197
लटकने,105
साधुवाद,35
द्विवार्षिक,118
एशियाई,158
सूत,8
मुर्गे,137
मरते,134
बर्फी,115
ऑडियो,153
स्वयंवर,150
खोरी,72
कहलाने,80
मजेदार,112
बान,7
कईयों,115
दुपट्टे,109
लखपत,106
घटता,104
हीन,50
तस्लीम,47
तटबंधों,156
संप्रेक्षण,20
शाकाहारी,68
रूके,142
ज्योतिषाचार्य,9
पहुंचाता,114
परिवारवालों,82
डालता,114
बिलख,199
दिखेंगे,85
रचाने,27
विष,5
हफ्तों,116
आंकड़ों,141
लुभा,18
आशंकित,166
वंशज,60
विवेचनाओं,57
असमानता,144
अपशिष्ट,33
सुधरे,47
तुला,40
असहयोग,83
तरकुलवा,196
लतीफी,17
रिफाइंड,175
महापात्रा,64
परम्परागत,149
रक्तदाता,35
पृष्ठ,32
अपाहिज,111
पुष्पराज,194
गुस्साये,111
दुष्कर्मी,58
निकलवाकर,40
पथों,79
ताजिये,61
बासा,71
यज्ञशाला,77
दबाए,2
निष्ठावान,171
नजरिए,118
बढ़वाने,178
आभारी,171
रसपान,108
डंक,159
सिधारी,173
मुख्यद्वार,79
समावेशी,54
हस्ताक्षरित,66
रोबोट,153
त्यौहारों,77
उत्पल,86
ईमान,25
रेशमी,104
बटोरने,35
दबोचकर,103
मगन,39
बहे,70
बंजारा,26
प्राधिकारी,170
असत्य,55
माताएं,151
जलाना,183
हारमोनियम,125
हिमांशी,56
यथासंभव,14
पीएं,61
बनवाएं,137
शोकाकुल,40
चलवाने,196
बिजलीघरों,160
स्थितियां,12
सुनो,134
लाशों,165
तांबे,8
एमकॉम,86
तिरछे,98
चमका,7
एलटीसी,121
तांबा,8
तमाशबीन,178
खोलेंगे,85
कंगना,86
जिदंगी,199
चंद्रमणि,175
तोल,73
भुनाने,99
मुण्डा,26
कृष्णनंदन,168
पांचवा,72
हौंसला,119
कतराने,2
फ्रेम,98
सुनिए,23
गंध,37
सुधारी,175
नग्न,117
परोक्ष,55
हनुमत,26
मिश्रीलाल,71
मजहबी,51
नजारे,88
विसंगतियां,85
फेंकते,117
साधुओं,150
ओछी,190
खिसकने,123
रामचरित्र,9
अशोभनीय,197
दुनियाभर,101
आएदिन,4
अभियानों,90
खटखटाने,169
बैठाए,199
हीर,26
लाभों,170
वनभोज,43
पहुँच,46
गिले,47
महकमें,51
संकायों,118
मंतव्य,9
बुझाते,82
उन्होंनें,24
सैकडों,137
भाषी,158
अभिलेखागार,153
जांघ,70
पितरों,194
संगिनी,102
राजनीतिज्ञ,167
मुहब्बत,28
बक्सों,98
चुनौतीपूर्ण,144
ईंधन,33
ग्लेशियर,123
अदरक,68
गलियारे,161
कॉफी,129
दरबारी,150
घबराहट,114
अंधेरी,117
बढ़ाएंगे,157
श्वास,5
धब्बे,37
गृहणियों,71
शवयात्रा,24
विज्ञानियों,144
पकड़ी,104
शिकवे,47
पूर,106
घबराकर,81
समेटने,112
अपेक्षाओं,170
कटहल,95
दहशतजदा,71
मोटरसाईकिल,20
महाधिवेशन,175
गुटखे,64
चंदे,51
विद्रोह,60
बांह,191
उदास,53
धौंस,115
दुपट्टा,61
कलंकित,107
खंडन,36
धर्मार्थ,54
स्तूप,161
उधारी,59
अमीरों,188
मंजरी,182
महासंपर्क,133
जलावन,47
जनचेतना,94
भागो,47
औषधालय,99
मरणोपरांत,84
फलक,98
माणिक,26
एमएमएस,101
अधर्म,50
कूदे,142
ज्योत,38
कली,160
बहुराष्ट्रीय,30
रुई,195
वहाँ,74
कलात्मक,152
फेक,71
सीखना,45
नगरपरिषद,133
जुलकर,27
दलिया,183
सुनिश्चत,85
संस्कारित,194
पहनना,191
अनुपयोगी,160
फुहार,122
विघ्न,40
फौजियों,193
लिपि,80
मीता,115
धारावाहिक,34
विनती,86
जोड़,98
जनलोकपाल,166
तबले,125
रत्ती,183
मनाये,88
ग्रीष्मावकाश,57
चेता,102
शख्सियत,86
कृष्णन,86
बांझपन,69
बधाइयां,28
हमदर्द,176
संगीतकार,34
हस्तियां,86
बेलसर,194
अनुरागी,190
इरादों,166
स्वार्थी,51
फूलने,95
विश्रामगृह,78
भत्तों,66
लालमणि,79
चिपक,16
नुमाइंदे,73
अंतरजनपदीय,156
करी,93
मध्यांतर,57
लाडले,56
प्रोग्रेसिव,166
कालाधन,139
निवृत,40
रुकेगा,122
त्रिपक्षीय,18
गूंजती,28
इक्कीस,18
संगठक,94
सिखाता,171
प्रतीकात्मक,113
समयानुसार,123
गैरसरकारी,92
बजाई,125
पलंग,165
बढ़ाता,114
प्रेरणास्रोत,51
सुव्यवस्थित,189
मनोरम,21
पोलियों,85
चिपके,105
ईंटों,161
दागा,65
महात्माओं,77
प्रबंधतंत्र,73
त्रिशूल,88
फंसते,20
गोलाबारी,191
कलेजा,142
क्रीड़ा,9
प्रक्रियाओं,163
वीरांगना,26
बेफिक्र,122
भेजता,134
पर्यावरणीय,198
कर्ताओं,106
उठाएगा,134
भड़क,63
भिक्षाटन,194
भादो,26
स्वभाविक,61
सोता,69
वादकारी,130
कील,160
सत्यवती,108
विलोम,98
घोंप,199
पदनाम,66
पशुशाला,164
संग्रहित,32
पटरियां,28
राजनीतिज्ञों,83
स्टेयरिंग,142
अनिश्चितकाल,111
शीतगृह,18
इलावा,127
हिचकोले,61
ताकतें,166
संदूक,115
गर्त,145
निस्वार्थ,51
धमकाते,24
गृहस्थ,150
फूंकी,109
वर्षाें,57
बीनने,164
चखा,134
फैलाना,169
मौकों,166
खींचे,98
आकाशदीप,124
अर्की,58
भरें,153
बरामदा,88
मल्हार,26
खुटहन,52
प्रतिवादी,66
आयुर्विज्ञान,144
पुनर्मतदान,111
भेंटों,20
लेटे,40
टूटती,70
हमदर्दी,51
दोषमुक्त,18
झड़प,78
धंधों,144
गुंडों,53
पुलियों,190
सुलग,103
रवीना,86
विशु,26
प्रचारकों,51
पैमाना,85
लॉग,153
संभालना,75
झुग्गियां,119
यान,65
नेकी,134
जगमगा,81
खेर,86
धनिया,95
लिखें,153
गांधीवादी,189
अक्षरों,32
पट्टों,195
कब्रिस्तानों,69
प्रफुल्लित,2
सुखाने,68
सिकन्दर,60
गिना,174
खुजली,159
सहपाठी,86
लाचारी,175
बिल्डर्स,101
डाकखाना,18
हलफनामे,197
उगाई,97
बढ़ानी,128
उत्पत्ति,149
ढलान,123
जियारत,79
धावक,93
अभिमान,42
माथापच्ची,28
राक्षस,150
पिलाएं,175
लगें,134
प्रतिकिलो,61
मधू,155
कूड़े,75
कुनबा,75
अरूप,106
सुहास,133
जगद्गुरु,77
रूई,104
नकलचियों,173
दिलाता,171
गिरेगी,132
दीपशिखा,147
बेंचने,128
शीघ्रता,14
उदीयमान,94
मातृभूमि,188
कजरी,125
न्यायाधीशों,87
मनुष्यों,185
तिलकुट,119
मनमोह,139
विनियमित,170
बनियान,197
सौम्य,159
पतला,37
चूहे,37
फिसलकर,105
मढ़,73
बाह्य,138
फेरा,47
श्रंगार,137
झुकाव,10
सप्तशती,77
सपूतों,147
झोंके,47
दुर्गति,171
सलवार,130
कात्यायनी,77
सर्टीफिकेट,56
चौकाने,57
सुरजन,86
ठोका,121
विषयवार,118
एकमत,4
औरों,7
लाभप्रद,185
नामाकंन,139
थोड़ा,114
भक्तगण,88
जमाकर,183
अकालियों,136
बीओपी,175
सांझे,79
अंगूठे,16
इंसानों,117
केंद्रो,43
फाटकों,102
नुक्कड़,72
गोत्र,77
ठेलों,196
शोधार्थियों,4
अस्मत,107
ललकारा,63
मिटने,2
वनपाल,112
पंक्तियों,32
कुकर,160
असहनीय,2
कोक,195
मंगवाए,136
होगें,22
अंगूरी,156
बिकता,47
फाल्गुन,77
बायकाट,64
प्रहर,77
गिरफतार,193
चक्के,165
रसिक,113
सोती,82
गजाधर,9
हलांकि,116
राजीनामा,166
समपार,28
उड़,104
चीर,81
भविष्यवाणी,10
आखें,115
कापरी,165
संदिग्धावस्था,27
पुजारियों,77
सम्भव,55
यातनाएं,193
नितांत,149
पथरगामा,128
बढ़ाती,159
मूल्याकन,178
बागियों,115
अप्राकृतिक,43
मिर्गी,159
गोपियों,113
सात्विक,113
याचना,171
दीपमाला,82
सौतेली,148
ग्वाल,194
टैक्सियों,120
भक्तिभाव,77
यत्र,196
ताकतवर,188
मनमाफिक,133
मुख्तियार,58
मारवाड़ी,182
रुखसाना,102
स्वांग,171
रौद्र,9
वेग,138
संवेदनहीन,58
सितारों,22
पाशा,188
प्रेक्षकों,4
मसौदा,153
चतुर्भुज,98
चुनना,153
क्रियाकलाप,170
कार्यान्वित,66
हलधर,182
दुश्वारियों,122
विमुक्त,9
उगते,37
बांधों,123
आबरू,47
पिटारा,178
गाये,148
पक्षकारों,66
रेडिएशन,132
हटना,24
चीत्कार,40
हटी,40
तरसे,61
सहने,81
उपसभापति,66
दफ्तरी,197
दीपोत्सव,9
कंपाउंडर,131
पटे,182
निविदाएं,118
छींटे,169
तेवरों,57
उतारते,40
दुष्प्रभावों,159
जाएगें,47
बांटना,128
एमएसएमई,118
विदेशियों,188
फव्वारे,88
सूर्यास्त,15
परोसे,95
मारपीटकर,199
गंवाकर,107
हैक्टेयर,123
चौपालों,151
याचिकाओं,66
विद्याभूषण,94
शहरियों,197
निगहबानी,130
बनवाये,88
शिल्पकार,49
बामुश्किल,194
अगवाई,130
भद्दी,169
बेबसी,47
प्रेजेंटेशन,101
श्रमजीवी,133
हताशा,51
तन्मयता,9
विधानसभाओं,66
ज्वलनशील,195
खाज,159
स्थिरता,144
फैक्ट्रियां,18
बंसत,56
अग्रहरी,38
राजहंस,182
दानव,10
चटक,105
रिक्तियों,118
कुमाऊंनी,67
नंगा,124
अभिभाषण,54
डालनी,111
धनाभाव,194
संपोषित,118
पोस्टों,99
ऋणी,66
कर्मशाला,35
पड़ोसियों,2
टपक,160
काठ,79
सूचियां,85
हिंदु,77
डिवीजनों,93
थमाया,157
प्रतिशोध,51
रातें,15
पलटते,40
अन्तर्राष्ट्रीय,62
वाक्य,149
यूनिवर्सल,0
विकल,171
मुखबिरी,27
छात्रसभा,196
सर्वपक्षीय,147
अस्तव्यस्त,175
लड़कियां,115
ढहाने,130
बूंदे,61
वसीयत,134
चोटियों,184
धोकर,195
कैच,93
आश्चर्यचकित,86
भेजेगा,47
उत्साहपूर्वक,190
एकांत,49
पूर्णकालिक,54
दोहराते,111
हैवानियत,115
स्वीकारते,9
भदानी,119
बिछिया,35
अछूते,52
महामंत्र,77
भेजेगी,18
रस्सा,117
बाजारी,85
सेवामुक्त,18
झाकी,106
सेन्टर,101
भूला,40
कॉन्वेंट,101
उपले,67
पहरे,131
दाखिलों,130
झाग,105
अभ्यार्थियों,121
शावक,179
ढूंढ़ने,112
उभरकर,52
घूंघट,142
सुमेधा,9
निशानेबाजी,137
टांक,102
मूल्यवृद्धि,85
महाप्रसाद,9
खेलेंगे,93
चतुर्दशी,77
उल्लू,179
अटकलें,27
सभाजीत,71
रखेंगी,119
डिस्ट्रीब्यूटर,169
लोकगीतों,182
आश्रमों,77
बिकती,28
नहीें,47
खुन्नस,169
तन्मय,194
नक्सलवाद,190
टली,31
किरायेदारों,18
निरंकार,7
मुख्यमंत्रियों,86
जनमत,13
रौंदते,132
स्तन,5
अनुपलब्धता,118
मईया,194
मनोकामनाएं,26
सरलता,138
जांबाज,63
कोऑपरेटिव,175
चित्रकारी,161
धन्ना,26
उतरेगा,23
बबूल,95
अचंभित,156
नमामि,99
तेरहवीं,80
उभरे,125
ढैंचा,156
जूतों,191
उसमान,24
रूकी,115
अटी,115
पुष्ट,113
कृमि,37
प्रधानाचार्यों,133
जकात,38
घसीटते,47
भाली,26
प्राक्टर,39
भंडरिया,175
कालकाजी,120
रतनी,35
चलित,130
रोटियां,38
एकीकरण,13
दारागंज,26
बेलपत्र,71
दुस्साहसिक,119
दीवारी,137
जलाएं,102
यथार्थ,149
मचाकर,136
बौखलाए,124
कदमताल,38
दिशाओं,145
विश्वसनीयता,198
बदरंग,168
सितार,125
ओलंपियन,119
बूढ़ा,81
जिम्मेदाराना,18
गद्दे,70
लटककर,64
लुभावने,23
सरगर्मियां,107
आवेदनकर्ता,118
चुटिया,173
पड़ाव,88
करेला,95
मेदांता,39
परवल,73
करतीं,98
रात्रिकालीन,187
नजरबंद,193
हफ्ता,115
द्विपक्षीय,54
खिंचाई,130
पुर्जे,181
झुका,81
क्षेत्रवाद,190
गोष्ठियों,133
खटक,40
पढ़ाए,94
उबरने,116
युधिष्ठिर,150
सौदागरों,196
आसनों,164
शर्तों,170
टॉकीज,86
अंधे,134
अक्षित,82
उल्टियां,43
ब्रहम,196
शराबे,20
महावर,164
राजयोग,9
कत्थक,182
अचेतावस्था,117
झंडारोहण,44
यथास्थिति,66
अधिकारीगण,133
अनुलोम,107
खूंखार,178
चालाकी,176
अशक्त,94
नवयुवकों,193
कैथोलिक,29
अन्वेषण,162
जलकुंभी,95
भैंसे,179
प्रकाशक,84
जनतंत्र,127
अपेक्षाएं,118
तात्कालिक,110
पेंशनधारकों,164
पोटाश,195
वैराग्य,113
चक्रमण,85
पुराणों,89
निशानी,134
दानपात्र,99
वाशिंगटन,0
परिषदों,92
प्रश्नपत्रों,196
वेदना,113
एन्क्लेव,127
पतित,171
रमणीक,88
मिलनसार,175
सुप्रीमकोर्ट,122
दीपदान,194
विभक्त,80
उहापोह,128
गुढ़ा,38
छिड़काव,195
सहमी,102
बाबजूद,169
चित्त,50
चक्रव्यूह,27
कर्मा,139
जासूसी,146
शमिल,115
मीलों,123
छुरा,122
संभ्रांत,115
तसल्ली,176
जलूस,26
मेन्यू,153
बेगुनाह,17
त्रुटिपूर्ण,94
एसवी,101
चूका,101
खरीददारों,118
पकड़कर,74
ओझल,40
पांडा,38
मुदित,130
सरपट,130
सहमा,175
आवाहन,51
सप्तम,174
दातों,70
अद्वितीय,32
दाहिना,142
कटाने,157
महासमर,9
पूर्वज,80
भलीभांति,118
कटेगा,128
लूंगा,47
जाबिर,86
बोलता,171
छूकर,75
फुटा,64
कुबूल,22
छानी,106
खोए,40
नीतिगत,92
छक्का,64
भ्रष्टाचारी,52
जनसाधारण,189
रामदुलारे,136
नोच,142
संहार,150
मराठी,11
जलीय,37
दसवां,133
निर्णायकों,156
क्यूं,178
निभाता,144
भिडंत,78
लाट,133
प्रतिफल,170
वृत्त,98
अष्टभुजा,79
कपड़ों,8
रोपने,95
बबुआ,39
प्रेत,117
बैठेगा,112
पहुँचे,74
आलिम,47
अफ्रीकी,158
चालन,181
सीखें,147
अस्वीकृत,153
पूर्णमासी,106
गद्दीनशीन,127
लपट,40
आठों,108
कर्मचारियो,118
पंसारी,182
विश्वस्त,51
जनांदोलन,190
विभीषिका,175
कलाकृति,49
पहियों,181
वायुमंडल,172
उद्घोषक,115
सुला,142
लटकाने,105
गुणवत्तायुक्त,118
मेवाती,182
रोकें,76
दण्डाधिकारी,196
चलनी,81
शेरों,105
शरारत,22
सदल,79
भैंसें,61
हमराहियों,7
कांफ्रेसिंग,28
रोता,124
सताता,128
शहीदे,196
उसमे,117
परिनिर्वाण,77
उबारने,18
आषाढ़,77
जमीं,139
साहसी,188
पर्चियों,99
निलम्बित,35
चटाई,160
उन्माद,40
टपकने,124
आहरित,59
चुकीं,176
रूह,134
पक्षीय,67
सतरंगी,79
संचरण,163
नाचे,194
वर्दीधारी,166
पारंगत,77
हरीपर्वत,169
पाचवीं,58
वाशिंदों,155
मिचौनी,131
नवसाक्षरों,20
दृश्यता,85
ऋतुराज,28
भेजनी,31
सर्वेयर,18
उपक्रमों,66
गम्भीरता,56
धधक,124
बैशाखी,196
विषैले,5
पतवार,105
कश्मीरियों,187
मांगेंगे,78
शोधार्थी,86
पलटन,119
कोरा,187
बायां,98
बौर,47
टैक्टर,58
कोला,101
घुल,172
लकवा,159
मूर्ख,171
दिलाये,193
पंचांग,153
बढ़ायी,64
विलक्षण,113
दबाब,165
ऐंठने,67
जनसहयोग,35
न्योछावर,78
लाएगा,134
सहुलियत,18
नौसेना,65
शिक्षाविदों,54
डलवाया,124
दिखना,105
बूझ,134
गौवंश,67
गोवध,56
पर्यावरणविद्,122
कार्यकर्ताओ,137
यक्ष,77
कन्याएं,56
मिलाते,195
करूणा,124
परवाना,112
बारीक,104
राष्ट्रवाद,83
नवयुग,26
मढ़ा,142
तपस्वी,150
गुब्बारा,160
सौदे,140
बगीचों,88
भूलना,99
सकने,163
कलमबद्ध,151
सियार,179
कर्जे,99
जबर्दस्ती,51
उभरते,198
सदाचार,189
गरमाया,64
पत्तियां,68
बढे़,18
ढोलना,38
बेचारे,53
त्रैमासिक,66
फूलन,115
क्लेश,40
उदासी,53
संघर्षशील,51
अव्यवस्थाएं,155
हिमायत,176
पालिकाओं,118
जांचे,85
मौला,193
विहंगम,88
लूटेरों,119
तिलकधारी,124
नृत्यांगना,86
मिशनरी,122
यमराज,77
अस्वीकार,13
मारता,74
क्रूर,100
टिफिन,39
बिंदी,23
रडार,65
भूकंपरोधी,18
सर्वहितकारी,168
विश्वसनीय,14
स्पर्शाघात,156
मध्यमा,94
उकेरा,79
डटी,175
निमित,118
तौहीद,47
फुलवारी,26
पटवाई,38
एलोपैथिक,190
तलाब,183
जमुनिया,28
हनुमंत,122
तोरण,88
गर्भाधान,159
बूंदाबादी,28
साइटों,141
कराके,75
तराशने,79
बमबाजी,190
समंदर,111
फंसता,28
छिपकर,53
छुपाकर,128
स्मार्टफोन,141
पढ़ेंगे,147
श्रोत,27
अंबुज,57
प्रकाशकों,101
किराएदारों,61
प्रयत्नशील,190
स्वामीजी,9
टहलते,57
स्पार्किंग,151
कहलाता,138
जीए,82
त्यागने,50
रोपा,95
समझो,134
मान्यताओं,29
खुलना,120
सहमती,166
विसरा,78
शूरवीर,194
विकासशील,198
धमाकेदार,93
कूपों,70
ताबूत,115
अजनबी,81
सानी,47
शिकागो,0
भीगने,105
वामन,89
पट्ट,145
सवेरा,56
अन्तर,6
पहनें,70
उलटा,17
समयसीमा,66
विवादास्पद,41
कंसल्टेंट,155
प्राप्तांक,85
दिलासा,173
जीभ,16
मोहभंग,51
आक्रांत,159
बुझने,142
पाठशालाओं,190
स्थानक,106
रातोंरात,40
सूरजमुखी,95
जिधर,81
संबल,51
उन्मुखीकरण,85
बरतना,99
लादने,18
सुगंधित,68
सोचता,76
भोजराज,108
वन्दना,9
मर्मज्ञ,113
कटोरा,183
अपर्याप्त,12
खोई,7
मोमबत्तियां,106
अशांत,130
मिटाना,153
ग्रीष्म,177
गतिशील,138
आदर्शों,189
सम्यक,94
प्रत्यक्षण,4
बस्ता,7
नियमत,71
दृश्यों,34
बिसात,132
लिफाफों,72
निर्वस्त्र,9
बंदे,111
परायण,108
भोजनालय,24
अदब,176
हुनरमंद,103
बैकलॉग,196
जड़,1
प्रश्नकाल,175
गुणवत्तापरक,147
रामगंज,79
क्षेत्रवार,118
न्यायलय,87
हजूर,106
चुनचुन,194
निकालें,153
कॉम्प्लेक्स,181
जुटाना,85
पल्लेदार,39
अदालतें,133
नम्बरदार,71
विभूतियों,51
बैंककर्मियों,35
आडिशन,75
जुटते,26
गठिया,159
चन्द्रमोहन,165
नीबू,68
एक्सल,101
टूटता,61
अटके,27
मुरादें,47
त्रिकोणीय,93
समधी,72
उत्तरदायी,170
बाटने,127
तारी,47
हिचक,156
अस्थिरता,188
भूतेश्वर,88
आंसुओं,124
कांग्रेसजनों,18
बछिया,142
कडे़,105
मतदानकर्मियों,18
उत्तराधिकार,92
प्रलय,91
राज्याभिषेक,60
द्वारों,15
निरस्तीकरण,85
ठोंका,43
सौदेबाजी,18
मकबरा,161
चिनाब,123
ज्योतिबा,120
परिभाषित,163
घसीट,117
लाशें,191
गस्त,175
पोस्टकार्ड,132
तड़के,47
वीरा,115
नवोदित,86
पिंजरे,160
कोप,56
निभाती,144
क्षेत्ररक्षण,93
वयस्क,5
कंगाल,142
भाग्यशाली,171
दिनरात,28
मुक्केबाज,93
शैतान,25
अवनीत,102
डराया,47
थपथपाई,156
राजपति,26
लावा,177
चिल्लाते,2
ढूंढे,67
खिलवाड़,112
सोकर,69
बहुप्रतीक्षित,139
हेल्मेट,73
महाकवि,89
चिकनी,1
प्रस्तुती,111
अधिसंख्य,133
मंचों,54
डोरी,183
मैट,101
यदा,9
सम्मलेन,54
कौतूहल,31
तुलनात्मक,162
गोवंशीय,130
जुटना,168
क्रंदन,164
जलधारा,123
सम्प्रदाय,89
बालीबाल,136
पल्लव,79
कथाओं,89
औलाद,22
फटकारा,122
कुंद्रा,57
नौकरशाही,166
पड़ते,1
मिलजुलकर,190
उपमा,40
खिलौनों,111
उंचाई,123
थोप,40
चिन्हों,154
जातीं,104
भुवनेश्वरी,26
बकरों,155
महानायक,86
कालिख,183
प्रताड़ना,151
बोया,95
विपत्ति,2
प्रायोजक,0
शहंशाह,192
जीवाणु,5
पेटियों,160
डालती,159
अमर्यादित,94
उभारने,51
ब्रह्मलीन,77
सिखाती,7
चूहों,5
शौकीनों,49
पंथक,175
महासंग्राम,130
खंबे,38
सुलझने,24
चढ़ावे,38
सुधारों,13
मंगलमय,77
सभास्थल,35
फूलमालाओं,28
उत्साही,110
आयामों,162
निर्विघ्न,26
खेलता,93
सोपान,113
उलाहना,194
जुझारू,51
आंकड़ा,153
सट्टेबाजी,59
धराशाई,196
सिकरी,124
उभरा,188
सेवाश्रम,139
तराजू,7
मूलवासी,178
बूटियों,95
दीवाने,176
फुहारों,165
तटों,184
लक्षित,144
नौकरों,63
दंपतियों,18
सबला,79
बहेगी,98
इम्तिहान,47
राजाओं,60
जुड़,153
लिपटा,124
वसुधा,86
शिष्ट,9
पदकों,93
तीनो,77
घिनौनी,17
तयशुदा,153
झेलम,88
पीडीएफ,118
नौकरशाहों,166
रचाई,64
सीआइआइ,61
कदा,64
सम्मेलनों,54
नकाब,78
स्थानीयता,56
सावधानियों,85
राष्ट्रीयता,189
आदमकद,190
कुर्बानियों,196
खुलवाए,27
आरंभिक,32
जिनपर,48
ठिठुर,38
लुटने,102
धड़ल्ले,2
तानाशाह,188
पुट,94
चुनें,153
अन्त्य,58
नवजीवन,86
मौसेरे,75
पतंगों,185
हिमगिरी,107
टांके,160
झोंकने,47
निडर,122
हिलने,81
सदभाव,137
विग्रह,91
थामने,199
ज्ञानेश,107
गुलमोहर,155
बहुमुखी,152
बेदाग,99
मनीषी,113
निगला,195
नाखून,16
अशरफी,57
अनूठे,190
सेनीटेशन,133
जनशताब्दी,133
गिरफ्तारियां,193
संगीतमयी,107
धर्मनिरपेक्ष,83
कपाल,159
कारिंदे,61
विच्छेदन,43
प्रभावों,12
हृदयाघात,159
चोरो,194
सर्वत्र,149
सहूलियतें,139
पाश,98
काटता,104
आवेश,138
हलकी,104
सिमटी,168
दुखियों,199
मंहगी,85
शैय्या,106
गिद्ध,179
प्रबन्ध,118
वन्यजीवों,123
नाकामयाब,119
जीवनदायिनी,26
मैदा,95
बदलें,153
अंगुलियां,70
उनकों,7
प्रतिवेदित,59
खट्टा,68
बचेगी,58
कार्यवश,173
वियोग,113
गोसेवा,108
भाल,47
त्रेहन,58
प्रस्तुतीकरण,153
हेमन्त,182
नाविकों,65
मफलर,156
विन्देश्वरी,72
गोचर,91
गिराई,124
घसीटा,102
मस्ताना,182
मनाएगा,115
पहुंचेंगी,178
निरोगी,105
मालगाड़ी,18
प्रशिक्षितों,35
पालिटेक्निक,43
परिणय,86
चन्देश्वर,133
चूकते,51
प्रस्तुतिकरण,85
संकटमोचन,182
डीग,9
दफनाया,192
अधीर,142
भरेगा,40
लहलहा,156
दमयंती,73
सहसंयोजक,155
पीड़ित,5
ज्वर,5
मोटरों,181
निरंकुश,51
अरोप,131
गांजे,58
उमड़,81
प्रजा,42
कर्मभूमि,86
विकारों,5
धानी,95
धर्मशालाओं,75
उत्तरपुस्तिकाओं,112
बेघरों,20
कालागढ़,133
जीर्णोद्वार,132
अंधी,40
रूसी,158
चुराते,7
गोता,67
समुद्री,177
बिड,59
उभरी,188
हौज,79
सेकंड,145
घेरेबंदी,133
दास्तान,136
कबूला,71
बौखलाहट,157
मुर्दा,134
पकी,95
नवविवाहित,28
समझाना,40
नाविक,123
ओवरसीज,101
प्रज्वलन,181
पट्टीदारों,73
मूरत,199
बिगड़ने,111
वार्तालाप,153
पक्षकार,66
फेलोशिप,4
जाऊंगा,71
उदयन,77
रुतबा,47
बल्लियों,82
तनिष्क,122
कंडाघाट,155
अतरी,120
हमराही,115
सूती,8
पंगु,67
नवसाक्षर,147
अर्थशास्त्री,54
हांलाकि,23
अंगुलियों,16
कथाकार,152
सुननी,17
वितरकों,101
बनावट,145
लिपट,142
दर्शायी,59
डेयरियों,168
बनिहाल,123
आकाओं,193
महायोजना,85
उतरता,185
ऊंच,173
उछलकर,128
प्रमाणीकरण,153
संघर्षो,51
पट्टीदार,95
विशेषताओं,162
कच्छा,67
गमले,95
गजानन,86
मचाए,194
मूंद,24
बोलो,171
परोसी,103
वात्सल्य,9
झुके,81
नौकरीपेशा,122
सुहानी,35
हस्तगत,127
प्रतिघंटा,61
प्रयोगशालाओं,198
छज्जे,70
मेहनतकश,99
विनाशकारी,116
वजीफे,112
दूरबीन,10
मोटरें,160
अमान्य,153
तैल,195
नर्सों,43
मोर्चो,111
पुतलों,112
जेहाद,22
शोधित,195
पूछना,76
छत्ता,61
अटे,38
निरोधी,122
ऑटोमोबाइल,33
लेखनी,113
अत्यन्त,55
झांक,47
धानक,38
गीली,104
धनसार,35
खच्चर,165
भिक्षुओं,29
दुबकने,70
भूली,199
फरमाते,47
विचारक,189
उपमहानिरीक्षक,20
इंगित,163
कोपा,93
निहंग,9
क्षीण,12
जीवनदान,56
उठवा,40
गर्भाशय,5
राक्षसों,150
थलग,7
कट्टरपंथी,188
सामग्रियां,195
मुख्याध्यापिका,64
आतिथ्य,171
कमाऊ,107
तरणताल,119
प्रश्नचिन्ह,190
सुसंगत,170
आंकड़े,141
निपटाएं,75
परदेश,194
छूते,47
बोझा,117
पत्नियों,42
सिमकार्ड,118
जाग्रति,51
बढ़ीं,197
बस्तियां,123
मामलें,100
गिरोहों,134
राष्ट्रभाषा,189
लोट,112
बढ़ेंगी,39
छुआछूत,189
ममेरे,58
बेवकूफ,76
मंडराते,128
बिजौली,64
हिंदुस्तानी,182
महालेखाकार,118
इतिहासकार,60
सहायतार्थ,118
बरसाए,40
खोमचे,82
मुरीद,63
मूसलधार,117
ग्रामोदय,151
शक्तिमान,40
हंगामेदार,57
दस्तों,166
ब्याही,176
ऑर्गेनाइजेशन,18
रसोईयों,58
कचरों,105
महाशय,112
बढ़ई,183
ठाकुरजी,130
बिखेरे,196
पोटली,105
मंत्रीमंडल,120
प्रेरणादायक,86
बहुसंख्यक,158
राजमार्गो,120
प्यासा,81
खोलेगा,121
महाकाल,77
झंडों,115
बारदाने,147
परामर्शी,66
सिरका,195
संस्मरण,152
जीओ,178
चीखपुकार,40
गैरमौजूदगी,197
कलाकृतियां,182
उर्सला,61
सूर्यवंशी,150
धुरी,98
खींचते,104
सायंकालीन,23
अलमारियों,70
पाचवें,137
प्रवेशपत्र,85
झुकना,7
पहुंचाती,195
गोते,142
दरिंदों,164
जानो,81
इंकलाबी,58
लपटे,151
किस्में,97
मंगली,120
खेतिहर,99
फायदों,66
दूंगी,107
उसरी,178
दोस्ताना,93
विद्यार्थियो,82
जलवे,26
अंबे,26
झोपड़ी,28
वीवीआईपी,133
उद्गम,80
छत्तीस,119
समूहगान,61
कार्यशालाओं,54
तुष्टीकरण,166
भगाना,38
उपदेशों,189
तरबतर,67
सासंद,26
छला,64
मनचाहे,169
खाएंगे,82
बटोरीं,35
जयहिंद,99
घृणा,50
जयन्ती,77
विस्तारित,141
पांडवों,150
आईबी,133
सांभर,179
डांटा,2
शिक्षकगण,39
पंछी,112
उपेक्षापूर्ण,166
कुप्रभाव,159
निरक्षरता,118
बैरी,101
शालीनता,51
सीलन,160
बदलेंगे,2
ठहाके,124
मूलमंत्र,51
अंगदान,67
कंबलों,194
कृतियों,152
जियो,101
घूमे,88
उत्कृष्टता,54
आत्मबल,51
यात्राओं,54
सुहागिन,108
गजलों,130
भटकता,40
विशेषाधिकार,92
बीजी,133
हस्तकला,160
मास्टरों,132
पाताल,77
शुदा,17
धर्मों,29
समीकरणों,138
कस्सी,121
वसूलना,18
नेत्रों,91
छपे,45
बायोटेक,118
नाकामियों,115
तीर्थकर,77
सशंकित,147
उपजा,115
पदस्थ,166
इजाफे,156
सिंधू,178
प्रतिमूर्ति,9
धर्मकांटा,155
रीचार्ज,59
मामी,24
उपनगरी,122
दिनदहाड़े,47
मिर्ची,128
अंधा,81
सौंपना,118
अग्निशामक,195
अनुक्रमांक,156
शहरीकरण,144
निभाए,148
गड्ढ़े,195
समस्यायें,43
रजिस्ट्रीकरण,66
पिंडी,52
अनिश्चितता,85
अपराहन,78
लोटपोट,27
इंवर्टर,102
कप्तानी,180
कार्डों,59
इर्दगिर्द,10
गुमान,134
तौलिया,160
भतीजों,17
सामाग्री,27
झुकने,7
गिटार,34
वैष्णों,124
पीता,142
कछुए,179
जोतने,95
देवों,91
कारतूसों,191
ताज्जुब,22
सचखंड,88
पुकारा,134
प्रशंसक,34
मंदा,133
असुर,150
सहपाठियों,51
संक्राति,26
सुरक्षात्मक,159
दाताओं,59
होजरी,119
फसाद,22
धावकों,160
गुप्तचर,166
निशी,39
कीचड़,104
पट्टिका,98
उगा,95
आरोपपत्र,18
कावेरी,88
बौना,10
कायदों,57
टपकता,105
किशोरावस्था,110
एकरूपता,149
सप्ताहभर,155
मदनपाल,44
घृणित,173
स्तरोन्नत,133
देशवासी,51
कोपभाजन,51
हैलीपैड,23
सशर्त,66
सोसायटियों,75
समीति,151
फासला,78
फहराकर,193
अनुष्ठानों,77
युगों,80
रखवाने,147
हृदयगति,105
वीरगंज,52
निराकार,113
लेखिका,84
नवरात्रा,26
चाबुक,38
रोशनदान,169
टेढ़ा,81
राबिया,26
चक्रधर,9
मुल्कों,112
सहना,51
श्रद्धाभाव,108
सुधारक,189
फैलाए,81
गीला,195
खलिहानों,142
लोटा,164
दृष्टिहीन,187
स्वरूपानंद,26
टेक्निशियन,175
धुत्त,57
बचेंगे,131
ढली,69
हैजा,159
पसारने,103
किस्से,176
तांगे,156
आबोहवा,57
खुमारी,2
अहित,9
प्राणघातक,43
कर्णधार,187
कीटाणु,159
रूपक,113
श्राप,53
नातिन,20
चौंका,193
पटकथा,34
नृत्यों,125
अंकतालिका,102
मोहरा,57
दरक,108
गृहरक्षक,139
महारत,176
सुगमता,14
मतपेटिका,58
डलवाई,79
सजाओ,165
परामर्शदाता,118
दोना,105
बेजुबान,187
हिमायती,176
बुलाते,22
जानेंगे,102
छुप,176
कमेंट्री,101
गिन,81
मुल्तानी,67
धुल,183
तर्कसंगत,36
संयत्र,144
पाचन,5
खौफनाक,147
डाक्यूमेंट्री,101
रिजवाना,2
चुनेंगे,166
एंकर,155
प्रोटोकाल,85
मनोचिकित्सक,4
जनहानि,127
पकाया,68
समान्य,4
नोटरी,85
सदगुरु,108
जोड़े,114
सुर्खियां,115
संजीवन,82
शिवमय,20
समझदार,134
कफन,112
कलुआ,196
सुबूतों,173
टहनी,104
खरोंच,195
जन्मों,91
जिन्दा,22
सर्वमान्य,113
चादरें,104
केन्द्रित,162
शंखधार,121
पहुँची,74
तमाचा,187
वफादार,90
वधु,190
फिरता,47
इश्तेहार,151
अपराजिता,79
निर्मलता,121
शीशों,79
छात्रहित,75
सम्बन्धी,43
कांगड़ा,88
पीटे,102
रेंगी,108
ओरियंटल,115
परित्याग,189
लटकाए,169
मसानी,47
बहुमंजिली,79
कमाना,118
दानवीर,77
सहकर्मी,101
अर्धसैनिक,166
स्वीकारोक्ति,4
ऑल्टो,175
विकृत,12
आड़े,7
बेमिसाल,38
फलाहार,67
रतजगा,112
पहरेदारी,67
ओली,156
सुपुत्र,86
निपटना,85
खड्डों,123
पडा,188
पर्वतारोहण,88
जोताई,95
लौटाई,2
देशद्रोही,193
चोखा,137
पंजे,16
रहस्यमयी,117
अनुपूरक,85
आयुक्तों,66
रिवाजों,77
शरणार्थी,188
जन्मी,148
ठुमके,115
ग्रामपंचायत,133
गृहों,118
अर्दली,73
सदस्यगण,31
पिंडदान,77
संपुष्टि,153
थाल,183
दाहिनी,1
फिदा,20
झपकी,175
जुटती,26
जेवरों,17
रेललाइन,120
तुमने,25
नन्हा,105
उठवाने,112
गदर,193
मिलवाया,86
रहनुमा,47
अलंकृत,161
जागते,7
अफवाहें,146
दिलवाए,101
कतारे,23
झपटकर,142
परमाध्यक्ष,52
ओढ़,51
जुगलबंदी,125
लेटा,70
जाओगे,134
भवसागर,156
दंडनीय,66
पढ़ाएंगे,121
पकवानों,95
राजवंश,60
बजती,115
माडलिंग,75
अनुकरण,36
कटार,111
थपथपा,124
लगवाये,75
इन्दु,86
मुहैय्या,47
चढ़ना,7
ऋषियों,89
झोंका,81
मुखबिरों,119
मिटाकर,154
सांपों,179
उतरीं,69
दर्शनीय,161
उपकुलपति,86
वास्तु,161
अम्बा,86
जलस्रोत,123
ढीला,195
शिरोमणी,156
वादिनी,102
गैरहाजिरी,39
अनन्त,91
इतवार,133
खेतासराय,107
मक्खियों,104
जयमाला,26
दमनकारी,188
झाला,147
पिछड़े,129
समंवयक,178
दानों,37
संघर्षपूर्ण,187
हारा,119
गतिमान,98
लिखवाने,7
परमपिता,51
दीप्ती,107
मूर्तरूप,67
स्टेडियमों,119
साढ़ू,26
बेडों,122
पिचकारियों,136
प्राधिकृत,170
सीम,70
सीखेंगे,139
कार्याधिकारी,156
त्रिलोकपुरी,147
भाषणों,83
खोलेगी,35
सारंग,44
छोड़ी,46
जगे,64
निकालेगी,85
प्रान्तीय,127
कोठा,178
लिखवाया,86
दर्शनशास्त्र,189
गोधन,26
फिटर,147
संतो,9
तैराक,93
कमाते,40
चूने,8
निकुंज,194
धमकियों,166
घुटना,159
रस्में,82
कुरीतियां,99
कुचक्र,173
डरी,115
कांजी,95
सटोरियों,115
प्रचुर,37
सिनेमाघरों,34
गगनभेदी,103
लोकसेवा,118
रेहड़ी,43
जयंति,86
सामरिक,158
सोचें,76
पहचानते,134
कुशाग्र,130
गिनाया,94
अध्यनरत,155
पात्रो,190
कब्जाया,127
विंध्य,88
बैर,187
घुमंतू,164
महासमिति,31
क्षेत्राधिकार,92
चेतक,147
हुस्न,47
हीमोग्लोबिन,159
दबाना,197
गुंडई,35
लम्बा,184
मोटापे,159
रिक्तियां,18
झगड़े,134
चौकीदारी,196
रूस्तम,169
सहिष्णुता,189
टकराते,98
निबटाने,111
अंगवस्त्र,133
सजाएं,187
अक्षुण्ण,189
झिझक,115
करनेवाली,55
मिलाई,195
वाचस्पति,94
भ्रमणशील,4
टूटना,31
निन्दा,51
सिखाएंगे,151
जाऐंगे,47
समूल,132
असावधानी,185
मसालों,68
फैलाव,37
नत्थी,82
ऋषिकुल,190
असंख्य,113
लालायित,9
सरलीकरण,144
तनदेही,103
करोगे,134
रचनाकार,152
बलपूर्वक,43
बैठेगी,173
पाटनी,182
फूटे,173
चिपकाया,70
उदयशंकर,194
देगें,22
पहुंचायी,82
छत्र,106
ईनामी,106
तत्क्षण,40
उपराष्ट्रपति,96
बनायें,175
व्यायामशाला,119
परदेसी,176
गुजारे,122
भटकती,26
सौन्दर्यीकरण,26
उगे,105
बिखराव,190
ढूंढना,153
धुरंधर,86
प्रबुद्धजनों,118
मैथ्स,119
सिक्ख,192
कलापों,18
इल्जाम,122
कांपते,107
कताई,105
चिर,108
जमीला,196
दोहपर,20
बायीं,98
ग्लैमर,101
घपलेबाजी,196
मुक्तिधाम,44
चटनी,68
शरणार्थियों,188
शाकाहार,61
व्याकरण,149
लतिका,102
गुंबद,161
औषधियों,5
सिरफिरे,194
नौवां,133
सीखते,176
यजमानों,182
अखण्ड,77
वर्णनीय,9
तोपखाना,63
नवग्रह,77
क्रेता,59
आविष्कार,162
बीमारों,40
अलाप,44
भर्तियों,139
खिलाड़ियों,180
संतोषप्रद,85
बहाई,15
जनजातियों,158
हिन्दु,80
गाइडों,99
संपादकीय,84
विच्छेद,100
अधिष्ठापन,85
काफूर,47
इस्तकबाल,139
वर्तिका,79
बीतता,111
हिंदुत्व,51
फरमा,22
मिलीग्राम,195
अजीबोगरीब,115
दौरों,116
दुधारु,95
माहिरों,18
स्नानार्थियों,26
सामुहिक,168
आजमाया,56
इंसानी,173
कुंडे,39
कोटेशन,85
बहुआयामी,54
मेंं,9
उठापटक,24
बरगलाने,31
दाद,47
दूजे,56
ट्राइसाइकिल,31
तर्को,197
आलेख,32
बेदम,56
जाग्रत,50
भक्तिरस,94
वचनों,50
बुराइयां,175
ताता,69
रामदुलारी,139
कुटाई,35
साहूकारों,99
छुटटी,137
सिनेमाघर,88
छोले,61
झुमका,196
लंगूर,179
गुनी,195
कराएंगी,99
आयें,76
कोमा,16
कमाकर,99
आनेवाली,185
आयेाजन,137
पायेगी,64
गुजरेगी,38
रंगी,124
उतारेगी,175
श्वान,128
रोकेंगे,47
सुनामी,65
गोसदन,147
गाढ़ा,172
कार्यसाधक,40
पत्तन,120
स्वास्थय,43
हाशिए,85
नशापान,102
नीलमणि,79
पचा,169
सराही,86
खिड़की,191
भस्म,91
तेरहवें,174
खंती,78
खयानत,107
आर्दश,119
कंप्यूटरों,141
कांटों,164
वसूलता,132
बैटरियां,160
महानदी,88
लांघ,124
उड़ाया,176
फूलो,191
कूदा,78
वर्गीकरण,163
भूभाग,15
उलझने,168
पुष्पक,79
तैरता,195
उद्घोषणा,66
गिरजाघर,29
सहेज,153
अनुशंसित,85
पारितोष,122
प्रतिष्ठापित,9
उम्रदराज,69
माडलों,31
सरगम,125
करिए,169
विधाता,9
रहस्यों,113
लपेटे,47
झलकती,103
बदइंतजामी,124
अथाह,196
यात्राएं,54
दागदार,173
किशोरियां,169
अंदरुनी,191
सर्वानंद,57
ललकार,7
जगाना,107
पड़ेगी,154
सौपेंगे,71
अविस्मरणीय,86
दालें,95
टोकने,132
मौजे,24
परिपथ,138
भूमाफियाओं,18
ढोंग,24
बुलंदी,57
नोटीफिकेशन,194
नाचन,9
गणमान्यों,28
फंसना,99
औंधे,81
साझे,54
बच्चेदानी,70
फूलबाग,131
अमृतवाणी,122
जलस्रोतों,123
जीतते,93
बहाते,9
काउंटिंग,165
जनसमर्थन,190
उत्तरपुस्तिका,128
काण्ड,150
चमकने,124
निष्ठापूर्वक,40
स्वायत्त,158
मैली,39
सृजनात्मक,113
प्यासी,124
बंदिश,178
छिनने,151
फिरते,134
फंडा,156
फाल्गुनी,26
प्राथमिकताएं,118
उपसमिति,118
बरई,120
मर्म,113
पुरुषोतम,9
चमकाया,26
बुलानी,175
बूंदों,159
तलवारबाजी,128
तामझाम,173
झाड़ू,117
खिंचवाने,57
तीर्थयात्री,21
योजनान्तर्गत,18
शिक्षार्थियों,118
नुकसानदेह,128
बेमतलब,69
त्रिदिवसीय,28
चमके,39
प्रवर्तक,89
गत्ता,109
सौंपेगा,71
समझनी,173
तलाशना,156
प्रशासकीय,158
दिग्भ्रमित,197
बदलावों,144
देशभक्तों,51
द्वापर,77
सिखाते,7
बंदरगाह,62
विनम्रता,171
तर्कशील,175
स्पंज,195
सेंकने,95
अपंगता,35
भिड़े,47
कटेहरी,120
झाकियां,175
पेटिका,155
सूनसान,78
स्त्रियों,55
स्कैनर,181
बर्बर,188
बहानेबाजी,124
कास्मेटिक,121
सेवाभाव,51
सलाना,35
मौजी,139
मांगती,136
गुफ्तगू,47
निर्वाहन,24
लज्जा,171
खोजना,76
रिक्शों,44
गमलों,95
काबिलियत,193
गमन,91
सर्वस्व,51
जनसंचार,118
कंपन,138
रहनुमाई,176
बरसती,7
खीरों,122
दीर्घ,149
ईरा,178
जुड़ने,153
निशानेबाज,93
रजिस्टरों,59
दार्शनिक,152
लौटेगी,27
व्यंग,51
चिह्नीकरण,85
हाजियों,176
अज्ञान,50
तुष्टिकरण,27
ब्रह्मांड,10
सुधारना,197
मानसूनी,123
बंकर,18
निबटा,105
वज्र,108
टेलीकाम,133
अनेकता,9
थिरक,178
छीनाझपटी,107
मनोरथ,77
टिकाऊ,33
सहदेई,57
भूलने,7
डलवाकर,164
पर्वतारोही,123
पीड़िता,27
फिजूलखर्ची,43
कालरात्रि,9
गतिविधिया,109
थरूर,86
कोसने,112
ताई,86
सैंया,56
लौंग,95
गमछे,155
पूजनीय,77
रेडिमेड,183
लादे,47
संप्रदायों,29
संवर,9
कमानी,98
डेरों,169
यशस्वी,150
भिखारियों,28
मखाना,38
चतुर,51
छत्रछाया,190
प्रश्नचिह्न,139
लिपटे,81
सुविधायें,144
रॉयल्टी,101
विरोधाभास,12
शाबाशी,64
पढ़ाती,168
मुलतानी,82
गुदगुदाया,111
चन्द्रमा,10
खैनी,169
भोट,26
इन्ही,80
वेंटिलेटर,197
मोरनी,151
जनशिकायत,103
गाती,125
बजाना,125
नारंगी,37
पिछडे़,197
भागता,76
अकुशल,69
मिलाजुला,112
फ्लॉप,101
यातना,55
प्रतिकार,51
लैंगिक,12
सनम,86
द्रोण,150
घुसपैठियों,166
मटके,79
धर्मसभा,72
उतरती,15
कांवड़,194
कार्यकलापों,198
छकाया,187
असहमति,13
ग्रहों,10
गुटबंदी,168
दायक,195
स्कैनिंग,153
कुरीति,168
फिक्रमंद,111
उभरने,175
सामान्यत,138
अमूल,18
कटती,106
जंघई,139
झोक,47
लड़का,22
अपमानजनक,100
पेचीदा,187
भेजती,136
संजोने,102
टोना,20
नवां,111
मुरझा,142
चेरीटेबल,39
महिलाए,20
घूमना,81
सजन,122
अनुशासनिक,66
छुरी,142
आंतकी,197
पिराई,61
हतोत्साहित,166
स्मृतिचिह्न,182
क्लासिक,34
ओलों,123
मुसलिम,192
मुल्जिम,71
आगंतुक,49
द्रव्य,138
धर्मस्थल,26
प्रारुप,190
बैठें,47
बरता,99
खुमार,58
जाफरपुर,155
गरजा,58
अंध,127
झूमर,106
रेलमंडल,133
बायें,98
अनायास,113
दिखाएगी,190
स्टीमर,72
पुरुषार्थ,113
कालांतर,80
गुमनाम,153
निर्देशिका,153
आरामदायक,191
दोहराने,85
प्रथमदृष्टया,85
फलफूल,182
हौसलों,102
सूफियाना,136
मंगलाचरण,91
मंहगे,99
दक्षिणांचल,35
टिकटें,101
वरियाम,139
चाहेगा,134
बांटेंगे,124
रूकवा,28
तानकर,64
खाट,111
रंगरोगन,195
सेहतमंद,168
खिदमत,107
ज्ञानदीप,9
तंद्रा,160
घुमा,98
उपादान,113
कहार,26
अंकुरित,95
मध्यमवर्गीय,51
नक्शों,85
नौकरशाह,166
ठहरी,71
घूंसों,107
स्वयंसेविकाओं,187
पितृपक्ष,77
उत्सर्जन,172
ढहाया,197
अपशब्दों,136
मुहुर्त,194
सहकर्मियों,43
अनुपालना,59
आपूर्तिकर्ता,140
धीमे,98
बैंडबाजे,173
कव्वालों,130
आगणन,169
झपटने,131
अबला,171
रक्तस्राव,5
चीकू,95
बेईमानी,47
ढिंढोरा,7
विदुषी,9
खरीदता,59
जेवरातों,58
निर्दोषों,124
परिजनो,103
गुल्लक,124
पडे़गी,137
पौधशाला,147
होशियारी,157
वजहों,24
कार्यदिवस,85
शक्कर,68
अनुत्तीर्ण,56
लेटी,44
संयमित,85
नागपंचमी,77
संयोजकों,82
खानदान,192
हीरोइन,173
लुटा,136
सिखाना,56
इच्छानुसार,85
सबर,79
सरोवरों,123
भारतवर्ष,80
आत्माओं,50
उतरवाया,35
परिसंपत्तियों,170
गृहविज्ञान,139
शयनयान,58
बिमारियों,159
गुर्दा,159
गोमुख,88
बहुउद्देश्यीय,18
दयावती,156
जयपुरिया,75
मोटाई,145
मार्कण्डेय,77
हंसाया,103
अफगान,60
बालकनी,111
मोरों,79
रुद्राक्ष,79
राष्ट्रभक्ति,72
चुंगल,147
देवोत्थान,57
त्यागकर,50
तापीय,172
खोट,17
जुटें,194
बुना,169
बेलन,145
भर्तियां,102
क्लेरिकल,118
बिखेरने,132
कर्तव्यनिष्ठा,26
परिव्यय,118
डूबता,199
छक्कों,93
अंकन,32
निराली,26
तालों,164
कवयित्री,86
लखपति,130
जांचें,153
नागिन,26
अशुद्ध,107
प्रयोगों,162
दोहा,11
मर्यादाओं,9
यमन,188
मानवी,94
नायकों,86
पंजीरी,57
गरमाने,142
सहभोज,108
योगीराज,26
चढ़ती,47
रुलाया,78
कारिंदों,18
समझाए,82
जीतेगा,124
भाऊ,193
उपप्राचार्य,133
कृतसंकल्प,190
कुलियों,109
बरसते,81
विनम्र,51
मंत्रालयों,92
हथकंडा,107
बांधना,178
कोठियों,79
वीरानी,130
ताउम्र,119
विपदा,111
प्रबन्धन,30
लाठ,112
अमीना,28
परतें,145
संभलकर,64
बैरल,181
पूछता,154
घूंसे,165
पिलाते,47
संस्कृतियों,80
उलटी,81
कलंदर,137
कटोरी,95
अग्र,145
मृत्युदर,159
राजबाग,38
गिरेबान,40
जमींदारी,51
कालेधन,137
लहुलुहान,112
पुनरुद्धार,54
ठेल,70
मानदंड,198
फिजूल,31
रोषपूर्ण,85
भौंरा,26
निरर्थक,50
जमना,168
बेवफाई,193
श्वांस,195
पूंछ,16
राष्ट्रविरोधी,51
मंजी,9
सम्भावना,185
निखर,7
साहूकार,18
दिव्यानंद,190
कॉज,18
खिलाफत,188
अंधता,159
इत्तेफाक,58
ध्यानाकर्षण,147
तिकोना,160
समझेंगे,2
जोड़कर,98
नजरिये,112
पैगम्बर,192
असामान्य,5
खटास,151
बिताना,24
लोभियों,142
उड़ाने,46
बुद्धू,132
बिहारियों,175
खपाने,59
अमीरी,111
पलटे,47
न्यायसंगत,50
बढ़ाएगा,17
जांचों,85
दिलाती,111
टीशर्ट,101
खेमों,103
पारम्परिक,80
शावकों,179
बेबाक,182
वाशिंदे,107
संतानों,18
सिखाएगी,124
बहुएं,47
दयालु,42
भरनी,7
महामृत्युंजय,77
निपटाकर,151
बाजना,155
विधायिका,92
फालतू,103
पिंक,101
डाकखाने,35
परिवारजनों,115
सत्संगी,178
आदमखोर,28
अविरलता,194
बुलवाकर,187
सखा,91
गुंडे,24
निद्रा,185
चौड़ीकरण,133
योग्यताधारी,71
खोजे,123
जमाखोरी,2
आत्मनिर्भरता,54
संवेदनाओं,9
पीड़ा,159
उत्तरीय,102
विभिन्नता,138
प्रेरणास्त्रोत,73
क्षरण,159
क्रियात्मक,12
बंधाते,73
शायरा,31
अप्रेल,127
बॉक्साइट,123
अभि,72
कूदी,112
मध्यस्थ,41
शालिग्राम,77
खेलो,93
पायजामा,183
पिलायी,142
घड़ी,81
तरकीब,47
आंतक,166
लेखाजोखा,118
लोभी,2
ढोकर,185
रफादफा,136
छमाही,101
छात्रो,175
मुझको,134
सुलझी,142
सोफा,39
चौपाई,77
बिकते,160
प्रसिद्धि,152
लेमन,137
प्रसादी,79
उपचारित,172
प्रतियोगता,82
पीटता,2
कटते,178
चरखा,26
अल्कोहल,116
इमारती,8
झीलों,184
सुधरेगा,121
उड़ाए,47
नर्सरियों,128
बैंको,59
घूमा,53
निपटे,99
टायफाइड,61
भोगता,9
शिल्पकारों,67
सुचेता,86
स्ववित्तपोषित,56
रिएक्शन,175
नर्क,173
संचिकाओं,85
चिपकाने,70
प्रतीक्षारत,153
ओजस्वी,113
खुशाल,73
निभाएगा,175
उतारु,175
दूरदर्शी,98
टिक्का,193
रघुपति,86
चिपकाए,98
पंहुचे,20
खुलवाना,132
इंटर्नशिप,18
अक्षमता,41
गंधर्व,9
मेलजोल,51
मिठाईयों,164
कलेजे,47
खूबियों,7
वर्षभर,123
कुलपतियों,54
मिस्त्रियों,67
पूर्णरूप,40
करदाताओं,85
अभिनन्दन,94
रिकार्डिंग,153
चूहा,117
उपवन,182
निगाहों,40
प्ररेणा,106
निशक्त,31
मापने,138
मानेंगे,40
रामचरितमानस,150
धुंए,160
खोखो,106
ट्रॉलियों,178
चौंकी,156
विश्वंभर,108
अचरज,147
परिसंघ,54
क्रोधित,53
सुघर,182
आयेाजित,44
फागुन,194
सहोदर,137
इंकलाब,193
एलीमेंटरी,35
लाभांश,170
महाअभियान,57
सर्वसम्मत,156
तपोभूमि,182
बढ़ाएगी,99
डब्बा,64
बंजारी,182
श्रेष्ठता,55
थरथरी,61
साड़ी,49
आइडियल,75
बेबाकी,2
दिल्लीवासियों,160
मुचलका,99
उत्प्रेरण,195
जीतेंगे,57
धनबल,175
समोसा,38
उबले,95
स्वास्तिक,79
ऑक्सफोर्ड,101
कुहासे,130
सज्जनों,136
उदार,55
कार्यकुशलता,118
विदारक,178
युगेश्वर,57
बेनामी,153
अटरिया,139
दण्ड,50
कार्यपरिषद,35
किरकिरा,79
बेहिसाब,40
पंचतत्व,26
उलंघन,99
बचाता,185
विखंडन,181
रुपरेखा,99
अतुलनीय,94
चारदिवारी,78
कलशों,35
औद्यानिक,58
हिस्सेदार,176
जनसभाएं,18
अस्थिर,172
थैलियों,195
सकतीं,185
सुमधुर,132
कल्पवास,26
सुरक्षाबल,72
घोंपकर,108
दिलाएगा,73
छिपने,81
रेलयात्रियों,169
रंगने,160
ज्योतिषी,91
उज्ज्वला,67
पहनावे,191
डोरे,40
उबल,47
कटवाकर,194
जातियां,95
कुन्तल,108
समझाई,7
चंडिका,26
चबाने,159
धौला,133
जुम्मा,26
पारो,111
धोएं,195
सफेदा,195
हराभरा,15
हिंदूवादी,111
परलोक,55
पुनर्वासित,18
लिखाया,139
याचिकाएं,85
वृज,108
सेनाध्यक्ष,166
जनक्रांति,128
शीतकाल,177
आशंकाओं,43
स्फूर्ति,9
श्यामसुन्दर,94
लहलहाती,47
प्रेमदास,196
लंढौरा,61
कटेगी,128
पंचामृत,26
बमों,175
कृत्यों,92
भाईजान,155
उदारता,50
निकलवाए,139
सरांय,38
किलकारी,142
घिनौना,175
कामनाएं,132
निर्बल,185
पनपता,105
कराहते,164
अधिभार,59
गुझिया,67
इशिका,102
तूने,134
हस्ती,176
मिन्नत,121
छलने,85
दीयों,26
मंसूबा,115
कार्यमंत्री,197
होड़,110
समावेशन,54
विरुद्घ,187
दृढ़ता,50
ट्रेने,120
भुक्तभोगियों,73
जिन्न,40
सामयिक,110
देखनी,2
नाद,91
जनाजा,82
त्रिलोकीनाथ,26
कराओ,47
पाठों,94
गरबा,125
दस्ताने,191
मारती,142
बाबूजी,56
सप्तक्रांति,173
अन्तरराष्ट्रीय,54
घुमने,23
दांपत्य,108
बिताई,193
कर्मयोगी,9
छठीं,27
जन्मस्थान,80
उपहारों,51
रचनात्मकता,110
करतूतों,134
फलदायी,108
महाशक्ति,173
धर्मावलंबी,77
छारा,58
अव्यवहारिक,85
गंवाए,130
बंबे,142
तलाशे,156
अभिरुचि,189
प्रेरणादायी,94
हटाएं,153
इच्छाओं,55
ओढ़ा,109
बचायी,136
सुगंधा,61
अर्थदण्ड,99
बीड़ी,95
पांडियन,182
मापक,98
संघचालक,72
बनिया,26
उपजी,51
मजलूमों,151
रोकता,114
संस्तुतियों,118
लगवाते,108
निरन्तर,50
जासूस,146
फासले,39
तात्पर्य,149
भैयादूज,56
धर्मनिरपेक्षता,51
देखीं,7
पर्यावरणविद,147
पत्तल,95
प्रगाढ़,189
जमाई,26
गर्भधारण,159
भूलवश,9
पूर्णता,113
चक्रवात,123
कसता,132
तैरते,16
शख्सियतों,31
यौवन,113
विभव,138
चिन्हीकरण,57
शोधकर्ताओं,163
सौंधी,196
जिंदगियां,132
बैठाई,169
सींग,179
सरक,70
तेजवंत,122
ईंटें,160
सुकांत,56
संबंधितों,118
काना,78
गाउन,49
निशि,182
इनमे,94
तापते,58
सन्यासी,77
बहाए,47
पुश्ता,75
भीगते,137
पत्रिकाओं,84
साढ़,108
रणक्षेत्र,44
भिन्नता,12
प्रवेशद्वार,161
परिलक्षित,36
तुरहा,70
छाते,147
उपासक,150
हुलास,28
शीरा,47
कप्तानों,93
घुट,47
कुर्ते,81
सदाबहार,46
गूंगी,122
सांध्यकालीन,165
टहनियों,104
सुरीली,128
उपमंत्री,168
बचाओं,122
अधिष्ठान,79
हिन्दुस्तानी,182
गंभीरतापूर्वक,4
चढ़ाना,142
कम्यूनिस्ट,166
गुप्तांग,70
तारिणी,26
नियमानुकूल,99
नाटककार,152
होतीं,138
निवारक,41
बूंदी,192
ऊंटों,82
धर्मांतरण,51
नूपुर,28
नेतागण,112
मोबाइलों,18
वंचितों,118
अंतर्राज्यीय,118
छिपकली,179
कमलापति,86
यत्न,50
लिखापढ़ी,100
हंसने,2
पदमश्री,72
पैरोकार,7
उगने,97
राममंदिर,79
लौटीं,136
पटकनी,122
हांफ,199
अकूत,178
रखो,134
पचपन,122
गामी,82
बिग्रेडियर,133
पिंजरा,130
जादुई,117
अलंकार,113
अप्रवासी,147
जताकर,69
चेष्टा,50
संपन्नता,57
सूदखोरों,199
शाकिब,122
भगदड़,115
चिंताएं,43
बट्टा,59
दुष्परिणामों,175
दिखाएगा,154
मुद्रिका,77
भाइचारे,130
सवैया,94
तारामंडल,10
खोलें,153
फलीभूत,40
पलटकर,40
उलझकर,9
पूंजीपति,99
प्रदर्शक,153
झिलमिल,58
लिटा,142
बोलचाल,80
तिरछी,98
अर्धनग्न,64
बिछने,199
जूझता,164
जगराज,31
हमार,47
दरियादिली,190
अवैधानिक,166
बैठीं,187
भरावन,160
वाल्मीकी,119
भरपेट,112
डिलिवरी,18
कारे,133
अंगवस्त्रम,133
छापेमार,187
प्रारम्भिक,80
कमाए,101
संधारित,23
डाकिया,76
उलटफेर,40
कठिनाइयां,85
खारे,177
कोकिला,86
बीसीसी,153
औरतें,22
भटका,134
भूसी,95
संगमरमर,161
हिरणों,137
लहरें,1
खमियाजा,196
खोये,112
खुलीं,23
गिरजाघरों,190
मनगढ़ंत,115
टंगा,24
विषमता,14
चटकी,23
बिरहा,182
कसकर,160
लिपटी,105
लुढ़का,142
राकेट,65
निरीह,111
योनि,159
समाया,107
मुंडारी,182
अजान,79
गैसों,172
कल्याणार्थ,108
ऐश्वर्य,113
मुर्गियों,105
समाजसेविका,119
छटपटा,28
छतें,67
वंदेमातरम,115
संघीय,96
युक्ति,98
तनावमुक्त,85
बक्श,86
टाफी,194
अनादि,91
कनिष्क,77
दौड़ा,112
समोसे,44
पंजोखरा,27
संदर्भित,163
बाढ़ग्रस्त,123
क्षमताओं,198
पगडंडियों,123
जनमुक्ति,190
गुमनामी,111
शोधपत्र,162
उतरवाने,115
नवाया,58
बेशुमार,47
औजारों,8
सूखते,109
ओहदे,24
शालीन,51
दुर्घटनास्थल,26
चुस्ती,67
टेरी,101
मूल्याकंन,18
कृपया,153
मिन्नतें,27
डिब्बी,160
कढ़ी,95
हर्षदेव,26
हरिकीर्तन,130
उत्पाती,132
परदे,81
पुष्पगुच्छ,95
सत्कर्म,171
जरुरतमंद,118
मुआयने,131
नंगी,98
भगाओ,103
तोप,191
लाजवाब,136
रूहानी,176
चिंतनीय,31
कारो,17
निहायत,22
टंगे,157
तमगा,119
हाशिये,51
विजिटर,121
चेकबुक,132
बेचनी,115
इंजनों,33
पहुंचेगे,67
तैरने,16
उठवाया,61
देवशरण,119
महात्म्य,77
पककर,38
सम्बोधन,44
मनचाहा,147
प्रेमवीर,190
आंकडे़,173
सुखों,113
घनघोर,194
शरणम,197
अनुशरण,9
करेंगें,47
देवालय,26
रॉकेट,65
कसमें,47
झपटा,69
तलवारें,169
कारज,122
पेटेंट,141
भूचाल,47
कार्यकलाप,198
हमसफर,128
इत्तफाकिया,28
अपवाद,41
दुनी,193
विजयश्री,178
जंजीरों,112
कोण,145
भौचक,57
असाधारण,110
फैंक,130
अवांछित,12
कुचलते,107
वैसाखी,194
अम्पायर,93
कुपवाड़ा,24
कलयुगी,157
रहनेवाली,185
वारे,112
लेप,8
सुशिक्षित,187
जर्जरता,27
दहाई,7
गीले,195
कटवाया,2
भिड़,7
असंतोषजनक,43
देखेगी,17
मुखौटा,49
कलेंडर,38
थमे,165
अंगिका,182
देवियों,77
जगने,132
स्वरूपा,9
शुभचिंतकों,71
कुकृत्य,130
चप्पलें,169
आपदाग्रस्त,99
अनियोजित,85
त्रेता,91
पुस्तकालयों,54
जैनेंद्र,182
कंपकंपी,105
मजनू,102
मानदंडों,198
बहाकर,123
गोधाम,109
सतनारायण,115
प्रदर्श,85
दीवानों,71
धवल,79
खरीखोटी,196
शामलात,107
अंगूठियां,105
छिपाया,85
अमोनिया,172
चप्पलों,39
विभू,57
निहारते,157
खुलेंगी,175
युवको,130
संवेदनाएं,57
गुजरेगा,175
इजाद,132
जन्में,86
किस्सा,176
सहते,57
सीबीसीएस,18
राज्यस्तर,175
ठिठुरने,28
फॉर्मूले,85
तीर्थराज,77
दिलेरी,199
बुझी,112
बहरी,122
सदस्यो,118
बिगड़ी,131
उलटे,81
किलों,161
रिश्तेदारियों,169
द्वितीया,77
गुनहगार,40
सताती,103
प्रपंच,113
आदम,134
बंदों,58
ब्योरे,18
शासकों,60
नापने,138
सुनती,44
लेटकर,191
बेकरार,56
मानवरहित,65
खुरपका,2
अबूझ,51
गत्ते,160
बेहिचक,168
सलाहाकार,18
प्रशान्त,127
झरने,184
पातीं,105
खलनायक,34
फिनाले,101
पांडु,77
पाईं,27
विवाहोत्सव,108
गिरेगा,61
रक्तरंजित,151
शौहर,47
तंदरुस्त,73
खटखटा,99
जगदम्बिका,121
भीगे,195
मरना,134
कौटिल्य,189
रसीदें,85
गुने,128
कर्मियो,39
जन्मजात,5
यज्ञोपवीत,91
फूटने,183
दीवानगी,47
जिहाद,134
संरचनाओं,163
साइफन,105
अंधापन,61
समेटकर,40
स्थिती,43
राजसी,192
भटकाव,173
सावरकर,193
विर्मश,99
घटाव,98
ठण्ड,123
खार,38
मीन,49
उभरती,54
शिवम्,122
चौड़ा,184
मुफलिसी,47
भ्रांतियां,190
सेवाकर,118
सेनाओं,90
बताईं,67
मर्द,22
पॉलिथीन,67
सूदखोर,73
चटका,160
सजधज,194
गुब्बारों,160
स्वयंभू,77
अशुभ,40
दागने,160
एकबारगी,47
कार्यक्षमता,141
क्षेत्रो,99
वर्तन,85
प्रतियों,101
निरपेक्ष,14
जमावड़ा,88
चाव,182
आवेदनकर्ताओं,155
ग्वाला,196
पितामह,150
समाजसेवक,56
देशप्रेम,189
पहुंचाएगी,156
बीतते,108
बिल्डिंगों,61
दादू,26
मंत्रिपरिषद,66
गेहूँ,68
सजना,182
पढ़ाकर,7
सदाकत,26
राजतिलक,26
तदोपरांत,52
जहान,176
पायलटों,65
डॉक्यूमेंट्री,101
समाए,9
बटों,194
प्रयोजन,170
चिल्लाना,20
प्रियव्रत,132
आकांक्षाओं,189
मुवक्किल,24
नृपेंद्र,157
पाँच,174
कुप्रथा,190
सीरत,75
देवस्थान,171
कत्लेआम,78
मोतीचूर,95
मिटाया,153
सर्जनों,43
छन्ना,112
अतंर्गत,139
मालियों,38
सटकर,130
थोपने,51
बताएगी,61
कंपा,67
संबन्धित,144
तृप्त,164
रूबीना,56
स्वीकार्य,41
गिनी,3
योद्धाओं,60
सबंधित,85
ज्ञानवर्धक,139
मंडराता,79
शयन,77
दिशानिर्देशों,66
रंगबिरंगी,49
वित्तरहित,31
चिन्हांकन,85
सतयुग,91
वेतनवृद्धि,43
संवदेनशील,196
थोपे,7
जमानतीय,197
पूंजीवादी,166
घुटन,185
उतराता,39
फतवा,166
गढ्ढे,157
तोरणद्वार,64
नबाव,86
मंडियां,165
शोषितों,51
मनुहार,102
फेरों,133
पेठा,38
दखलंदाजी,187
धकेलने,109
देवालयों,77
व्यवसायीकरण,99
गणेशोत्सव,9
चुस्की,178
योगगुरु,26
बांधते,109
ताजे,97
टैक्सियां,120
अनसुलझे,107
रामायणी,9
दासी,9
लौटेगा,2
थके,103
टहनियां,95
साजिशकर्ता,132
कितनों,2
सेबी,59
टकराए,191
बला,47
पट्टियां,181
फलां,18
छटनी,64
जरुरतमंदों,108
मिलाए,104
प्रहरियों,40
रचते,171
वफादारी,188
ढेला,79
हलवाइयों,199
झाड़,142
करायेगा,190
बंधों,195
रचयिता,89
पंहुच,168
आत्मप्रकाश,199
खाताधारी,85
अधिगृहित,18
विभूषित,11
अंगीठी,128
भूगर्भीय,123
गिनाने,164
खलती,112
ऋणों,170
डालेगा,134
तलाकशुदा,166
प्रत्यूष,187
देनेवाले,55
ताव,47
लटकाकर,147
नीतिया,151
कछुओं,105
विकृति,12
स्थानातरण,28
आदमियों,22
विशुद्ध,55
पूर्वाहन,147
घेरेंगे,137
गन्दगी,47
भ्रांतियों,24
बूढ़ों,142
डायलॉग,115
घूरा,61
जिज्ञासु,113
प्रभुनारायण,31
वजनी,123
भण्डारे,52
दादागिरी,20
विजयदशमी,26
जनाजे,38
स्मृतियों,113
दुरंतो,139
पदचिन्हों,40
पहाड़ों,46
अधीक्षिका,99
टरबाइन,181
खूबियां,58
दुर्भावना,175
रक्षामंत्री,166
पुलिसवालों,122
सुधारे,99
भारोत्तोलन,93
यूनाईटेड,101
सूअरों,95
मॉड्यूल,153
बिखरने,85
बागची,86
एथलीटों,93
संकरे,145
महानता,42
गटक,128
पोत,65
वैशाख,21
सिद्धिदात्री,77
वामदलों,44
पोस्टआफिस,169
खामिया,115
फैलाएं,160
दिलवाना,175
थैलों,82
शांतिमय,103
कड़ाके,111
वाचनालय,94
निखरती,119
फॉर्मूला,101
जुलूसों,64
रंगकर्मियों,67
मकबरे,161
उन्नतशील,95
ठूंसकर,57
बेदखली,197
हटेगी,194
अम्बाला,120
विधिविधान,91
न्यारे,82
बैठाना,75
स्वाध्याय,113
फरमाइश,47
जनपथ,133
नेत्रहीनों,151
आध्यात्मिकता,113
वर्षापात,133
शहजादी,136
गोष्ठियां,118
गजक,182
विध्वंस,188
सरजमीं,102
पुर्ननिर्माण,133
मछुआरे,115
यथोचित,113
राजकोट,120
अगुवा,27
शंकाओं,66
धोया,70
मनू,105
भद्दा,131
मूत्रालय,131
थोपा,40
कृपालु,171
भाजी,155
मैत्रेय,77
सेवायत,194
उदारवादी,13
दिशाहीन,151
खोलता,132
फली,95
इंद्रियों,12
घूमी,79
ददरी,44
कब्ज,159
धब्बा,16
उतारें,67
सजती,164
कारीगरी,88
भैरवी,77
जोरी,169
पनपते,95
एकलौता,187
गौरवमयी,56
बदलवाया,79
मसरूर,102
डरकर,40
चूर्ण,172
गुंजा,105
बटवारे,119
लम्बाई,145
महंतों,75
अनन्य,189
जिंदगियों,61
बिजनेसमैन,101
संजो,20
असेंबली,166
झूलती,106
भरोसेमंद,153
पदमुक्त,166
सचित्र,94
गेस्टहाउस,72
पापी,171
माताजी,77
आत्मानंद,39
तने,97
विश्रामालय,99
गुजारते,20
छुड़ाने,81
बेझिझक,131
उबालकर,68
शब्दावली,162
कम्प्यूटरीकृत,59
निर्वाध,130
जेबकतरे,175
किफायती,144
धुंधली,117
मान्यवर,61
पशुपतिनाथ,26
सुधरेंगे,78
अरसा,7
अभिलाषी,44
पराक्रम,150
सांडों,178
निरजन,44
अयोजन,178
मूंछ,67
युनुस,176
रंगशाला,175
क्षेत्रांतर्गत,133
ढोते,183
नोबल,101
घटाया,85
दुल्हा,194
संवाहक,43
छूटते,7
परचा,155
बैठाते,121
अधिष्ठात्री,77
पहुचेंगे,9
नजमुल,119
वृत,98
पदचिह्नों,122
सहतवार,79
ठूस,56
इकाईयां,118
पीपे,195
धुआंधार,151
देवाल,120
बढ़वा,142
प्लाई,107
अचूक,173
सेंक,195
तौला,47
मनचाही,40
पंडिता,164
सूर्योपासना,91
राहे,22
जताए,136
टोपियां,178
प्रतिभागिता,118
नेताओ,193
पीया,58
बसाई,44
मंगलकामना,108
जटिया,156
महीन,37
जहन,175
बाड़ा,183
न्यारा,122
बेईमान,176
महापरिनिर्वाण,77
नुपूर,58
पढ़ो,134
रूची,27
रुपाली,112
पर्चो,20
उपनियंत्रक,190
सुमति,9
प्रचारिणी,86
स्थापन,66
बटाई,18
चारित्रिक,113
टकसाल,18
भटकाने,102
खिलाते,81
कुंद,105
मदारी,120
बेंचों,139
गुणी,9
गुलदस्ते,165
समन्वित,198
तसर,155
प्रेमानंद,9
खिंच,105
कशमकश,115
निर्जन,88
आमलोग,51
आदिनाथ,77
शत्रुधन,156
छिन्न,173
त्रिमूर्ति,77
प्रक्रियाएं,163
चक्रपाणि,108
झटक,69
निभाएगी,23
पिघल,104
नवाचार,198
कर्मठता,56
ट्राफिक,85
दर्शनी,156
सुझाया,154
कुक्कुट,129
फुफेरे,56
कहिए,76
उठो,7
पीताम्बर,119
खाये,95
लगायें,132
चुनते,153
कुवंर,178
सुधरा,169
मंजिले,79
कहो,25
लिखावट,79
याचिकाकर्ताओं,59
विषैला,172
पढ़ाता,171
कंजूसी,40
जन्तु,95
ताती,165
फीसों,66
बुद्धिराम,9
किलोलीटर,199
रुबरु,47
विडम्बना,112
कानी,39
देवयानी,26
उंगलियों,16
आवरण,172
चरवाहों,164
कानन,106
कृतज्ञता,55
अधिगम,4
सट्टेबाजों,165
अद्वैत,89
हालंाकि,196
हरख,178
चीरा,159
जताना,199
जीर्णशीर्ण,61
पादुका,108
तेइस,35
जेबों,44
झूलने,131
खिलाना,47
आवेदनपत्र,85
झंकार,73
टालते,169
मनाती,151
देखिये,76
जनसंघर्ष,51
उद्घोषित,72
डिजाइनों,181
सोसाईटी,31
पुर्नगठन,175
फुल्की,132
बगलामुखी,52
टलने,17
दखलअंदाजी,51
हरगिज,51
खोखली,160
लौहनगरी,44
डलिया,109
बेरहम,71
बंधने,28
झलकी,197
भूलें,147
मीठापुर,168
दायीं,98
खेमराज,182
कयासों,196
कपट,99
अपनायी,118
मंधना,73
तत्कालिक,175
दिवाना,38
सीलबंद,178
बुलाये,56
विजयगढ़,178
मस्तक,91
निराले,194
भोगना,9
मनाता,86
चादरों,104
नाको,178
निर्वासित,60
नर्तकी,148
बारूदी,78
प्रौद्योगिक,144
पुष्पों,105
निरंतरता,144
जड़ा,39
दुग्धाभिषेक,28
खूंटा,132
वर्ण,149
सन्यास,150
पुनर्मूल्यांकन,66
शोधकर्ता,162
तीर्थस्थल,21
कराहती,57
अफेयर,119
गिरनी,139
नोकझोक,44
परदा,81
अफगानी,31
घसीटकर,142
आतिफ,28
गुमसुम,71
सिवाए,47
पीरजादा,79
वफा,176
खिलाडिय़ों,38
नायिका,152
विकासखंडों,120
तांत्रिकों,106
बुत,47
शर्तें,170
हिमस्खलन,124
किरदारों,101
विघटन,12
नसों,5
सोयी,187
बनवाते,67
चक्रों,98
मिस्ड,132
उत्सवों,143
भेट,56
पैना,178
सगा,128
भतेरी,23
कमलाकर,108
भौंचक,169
पूर्णानंद,56
तार्किक,36
कुल्फी,95
चहक,69
खिलाए,199
कठायत,132
रजिस्ट्रियां,79
घेरते,70
अजंता,88
वशीभूत,55
पुस्तैनी,108
पूर्णचंद्र,112
हाकिमों,2
पावती,59
अखरोट,68
मारो,134
खच्चरों,23
टेपों,122
उपप्रधानाचार्य,137
फूलमालाएं,105
गिराना,128
छिपाए,134
आलोचक,152
दुखदायी,139
फलाफल,61
प्रतिद्वंद्वियों,93
डेरवा,120
दोषपूर्ण,41
चुकाया,59
नागार्जुन,11
डैनी,101
सोचती,103
उदारीकरण,30
धामों,77
झाडि़यों,131
आमीन,103
वीकेंड,101
मृग,179
संयोगवश,115
समाचारों,101
पुकारते,134
जहांआरा,156
तकादा,56
मारूफ,119
स्थगनादेश,43
छापर,26
लूटते,121
पटका,47
तानाबाना,9
जनतांत्रिक,127
अवैतनिक,118
सिखाये,64
धनौली,39
मकरंद,105
सारंगी,82
फहराएंगे,178
सरे,176
स्टूल,70
सजदा,134
रुकेंगे,156
चाहेगी,51
राजमा,95
विद्वेष,40
रूपेण,85
कव्वालियों,39
कसक,109
ओढ़े,58
नुस्खे,142
योजनायें,18
एकाग्र,40
सरीखा,58
परीचौक,119
झांककर,169
सुराही,142
पादुकोण,148
घनत्व,172
वारा,102
राजलक्ष्मी,86
बीजा,52
यांत्रिकीकरण,43
पाखंड,51
खेलेगी,93
हस्ताक्षरों,18
पके,68
पौष,77
पद्धतियों,36
आक्सफोर्ड,86
अगम,108
देवो,108
बिरयानी,38
पहनते,49
प्रोमोशन,101
बायपास,43
सिद्धपुर,26
जनसुविधाओं,133
अलंकरण,161
मंजूषा,9
छिटक,98
सुयोग्य,50
नानकी,77
वृतांत,77
यौगिक,172
अलताफ,137
निहत्थे,63
परंपराएं,52
आधारहीन,187
गलने,195
बिठाए,128
परखचे,103
सर्वथा,55
डोले,112
हस्तलिखित,94
इहलीला,56
गिनने,85
गरुड़,91
अधिकरियों,155
झेला,112
महारथी,86
कटुता,51
गुड़,68
घमंड,55
कैलाशी,82
उगलने,112
सुनाएंगे,107
तारीखें,102
जानेमाने,84
आयो,123
बौने,10
जांचकर्ता,111
संबंधन,85
अपनाये,51
गौण,149
शोरी,86
वनभूमि,9
बालियों,142
ईजाद,47
त्रयोदशी,77
हेलिकॉप्टर,65
निपटाना,73
बढ़ाव,168
कुम्हारों,75
हैलीकाप्टर,111
मुददे,4
झोंककर,197
पछतावा,40
छात्रायें,9
व्यसन,43
अहम्,51
दिली,22
अहंकारी,40
सबंधी,133
कुर्बानियां,151
मंजिलों,79
करायेगी,118
रामभक्त,56
कंडे,61
मावे,95
बतादें,71
सर्वाइकल,67
तुमको,22
जनभावनाओं,102
प्राधिकरणों,59
प्रणामी,56
सिद्धी,108
पृच्छा,85
अप्राप्त,190
नाहक,47
चिह्नों,32
सांसों,160
सहर्ष,56
केसाथ,82
फुर्ती,124
मानविकी,54
बंधुत्व,51
सुनीति,94
प्रबंधकारिणी,107
गौरक्षा,124
दुत्कार,197
अलकायदा,166
काटती,123
स्ववित्त,35
चुटकुले,101
आगबबूला,112
अगामी,175
तना,37
लहराए,190
आयातित,153
जीतो,194
घोलकर,195
शीतलहरी,95
दिलेर,176
कैलोरी,159
पिरोने,111
खरीदेंगे,61
सत्याग्रहियों,63
घोंपा,155
धनवान,171
मरता,9
टिप्पणियां,110
संगर,173
अगाध,9
पहचानना,12
अपरिचित,154
धकेला,165
इष्ट,91
दूकान,142
उछला,124
बेचें,196
आंवले,95
समुंद्र,123
अपनाएंगे,28
देही,47
गहराती,57
सहस्रधारा,128
लूंगी,119
आद्रता,70
पक्षपातपूर्ण,190
बजता,78
तूती,115
लीलाएं,26
दनादन,17
तख्तियों,7
मतभेदों,13
बिखेरेंगे,78
दमनात्मक,190
गुमानी,26
पिलानी,86
नैसर्गिक,113
उदभेदन,124
मुजरिम,47
सरंक्षक,130
पुनर्गठित,118
मूर्छित,124
रूठे,56
चलचित्र,34
श्लोकों,89
गफलत,24
अवेहलना,28
जयललिता,166
जलना,61
घिनौने,196
बिजी,27
मनबोध,20
जलाये,71
सुखाकर,95
सक्रांति,88
नामांतरण,128
प्रोडक्ट्स,101
अभयानंद,4
अलोकतांत्रिक,168
शुभांरभ,190
लेड,195
दम्पति,86
स्लेट,79
केमिकल्स,23
भट्टों,190
अड़े,47
चलवाया,63
शहजादे,53
निराई,95
सताए,47
ढहाए,175
गिरीराज,122
देवगण,91
जलवाए,178
रुकता,105
पदार्पण,34
पोलीथिन,191
ढाकी,164
रगों,28
चट्टानी,145
कतर,127
खूबी,47
विलोपित,153
नमस्ते,102
निहारने,109
खातेदार,85
बसते,46
टमटम,38
कसूरवार,132
इलायची,68
नंदादेवी,88
छिलका,95
स्वरचित,86
जूझती,157
सूरमा,67
डिग्रियों,4
अंडमान,3
रहूंगी,58
बैंकिग,118
आवश्यक्ता,128
पिटे,130
ढाया,47
हैें,182
उपमण्डल,133
भूखों,130
औकात,102
पुरुस्कार,101
क्यारी,38
चिट्ठा,94
बदनीयती,71
हुलिए,61
कुंडों,123
इनदिनों,43
निकालेगा,7
शिकवा,157
विधिपूर्वक,26
भांपकर,105
संकुचित,12
वनरक्षक,151
मैथिल,182
रिहायसी,52
पहरेदार,107
प्रदर्शनियों,54
विप्र,182
गाँधी,83
चेला,82
अंडों,37
सेवाभावी,178
भंडारित,153
आबंटित,66
मुक्केबाजों,93
वृष्टि,123
खुदवा,137
समझाबुझाकर,178
सुफल,194
घबराई,7
प्रोद्योगिकी,118
संजोया,147
बोलेंगे,2
हौजखास,64
निर्ममता,2
तबकों,51
राहें,47
अमादा,102
इतवारी,182
पुर्जा,85
डिजायन,144
ढाले,7
खिलाडी,93
हिली,39
बैलट,85
अब्दुस,122
वेश्यावृत्ति,99
गागर,77
मिलाना,169
आरे,169
बनायेंगे,31
कुल्हाड़ी,104
अछूती,7
बंधनमुक्त,178
मुकरने,43
पाटीदार,38
अनुजा,187
देखेगा,81
जीवात्मा,149
घिरने,128
अवांछनीय,12
घराना,155
जेबकतरों,169
जिज्ञासाओं,190
भाबर,123
हांडी,102
ध्वनिमत,18
घटनायें,130
पहलु,57
पनबिजली,123
कमलों,79
चरवाहे,142
मेढ़,132
थामी,18
आर्थोपेडिक,159
संताप,7
समभाव,77
चित्कार,199
मद्यपान,43
लहराकर,169
शेडों,195
मल्टीमीडिया,141
पहुंचाएगा,2
गंगेश्वरी,130
सडकों,88
मालन,71
पारकर,196
उन्ही,134
बेइज्जत,173
पर्सनेलिटी,197
गिनाए,77
चिन्मयानंद,196
स्वान,101
नवजातों,159
सींच,73
जिलावार,99
भेदभावपूर्ण,99
भीगा,142
रूधौली,133
निर्मोही,133
गुजरेंगे,64
ताकते,17
मामू,176
कूल्हे,16
पालते,107
स्वायत्तता,13
लपेटकर,98
उड़ाई,7
किसलय,178
प्रार्थियों,133
सिसक,173
पुनर्जीवन,197
बहसबाजी,147
ढालने,94
सिखाएं,43
मर्यादित,99
त्रियुगी,56
शरणस्थली,194
छठें,52
पुष्टी,197
सुरा,2
निचला,145
श्रीराधा,26
धमकाना,24
बिताते,53
सस्वर,94
गर्जना,112
उठवाकर,27
विवेकाधीन,85
पुरखों,99
साक्षरों,127
चिरंजीवी,119
रोकनी,63
भांबरी,119
परिसंपत्ति,59
कुर्ती,165
मांसपेशियों,5
हलुआ,38
सिमेंट,31
महानगरी,182
समझौतों,13
बाल्टियों,70
महाभिषेक,94
गंवारा,99
खिल्ली,111
दुधिया,155
अजेय,192
दुर्गोत्सव,124
नौकायन,93
मालिश,159
जुगाड़,187
ओलम्पिक,180
ललकारने,106
त्रि,39
सुधारें,153
देहदान,75
शूर,108
उमड़े,156
रचनाकारों,94
शीतलता,185
ढांक,168
तीरंदाज,28
मिथ्या,14
ठिठक,112
रूकावट,195
स्याह,40
सपाटे,151
तल्लीन,194
बीजोपचार,105
द्रवित,195
ठहराए,40
यकीनन,176
फूलगोभी,195
ब्रह्मचारिणी,26
मांसाहारी,68
कटना,195
फिजीकल,147
लेबिल,124
कामेश,38
धोते,109
वहशी,47
कैथा,23
सदमें,7
मोटरसायकिल,147
अपनानी,130
क्रमबद्ध,149
पहचानें,153
चिकनगुनिया,164
छपवाने,112
बालगृह,175
समझाएं,107
निकालता,114
सलीके,64
युगलों,156
खरबूजा,195
तपेदिक,116
कयामत,176
घोटकर,137
नापजोख,124
प्रतिस्पर्धाओं,93
रथों,137
तिरछा,98
अतएव,55
सनबीम,115
पुस्तकालयाध्यक्ष,156
मेवे,47
स्पर्धाएं,93
ताबड़तोड़,197
लोकलाज,112
सेंकते,195
झलकियां,111
भौतिकवादी,110
आशंकाएं,197
कब्जेदार,67
बौछारें,38
जनाधिकार,151
जनआंदोलन,51
गदा,91
निपटाते,99
हत्याकाण्ड,193
टांगे,70
खोलती,70
जेआरएफ,139
बंधनों,189
तनावग्रस्त,18
खाओ,134
जनोपयोगी,118
सोचनीय,99
मटमैला,105
डेसीबल,4
श्रद्धांजली,86
ठुमरी,125
पूर्णरूपेण,91
खैराती,136
खोते,102
खातिरदारी,115
बुझे,105
महापुरूषों,56
बिपाशा,86
घग्घर,123
दिलवाले,86
खिलाएं,124
मुद्राओं,125
क्लियरेंस,85
दर्शनार्थ,106
पैदाइश,47
जोडे़,173
कांपने,23
महीप,9
ताजगी,112
दुआओं,47
गीतांजली,182
अग्निपरीक्षा,194
कामनवेल्थ,193
निभाकर,101
तैरती,95
चलिए,76
अठखेलियां,79
मंत्रोचारण,165
जेएसपीएल,75
उछाला,187
गुरुमुख,75
शिकन,47
सैन्यकर्मी,137
क्वायल,199
कवियत्री,9
इमानदार,7
बुझाना,7
विशम्भर,194
फेकने,128
हेर,47
बाटकर,28
खटपट,71
शेरकोट,165
थकावट,159
फंसती,132
पैंतालीस,196
पिटता,64
साधकर,156
कैमिकल,44
अदाकारी,75
समस्याओ,43
म्याऊं,124
उठेंगे,81
जाएंगें,22
संशोधनों,41
कबाब,38
इत्मीनान,39
निपटेगी,27
तैराकों,175
नौलखा,38
अधिनियमों,92
कर्तव्यनिष्ठ,75
ठाठ,47
टूटेगा,40
ह्रदय,159
इन्तजार,176
अनसुलझी,61
गणितज्ञ,162
कृपाण,139
सराहते,112
मूल्यवान,144
धर्मगुरुओं,38
दरिंदे,169
बफर,153
डालडा,71
अणु,172
रमानी,199
पहुँचा,25
ठहरते,79
ब्राह्मणी,164
रेगिस्तान,184
बतलाया,89
बंदूकें,191
खरगोश,179
सीखकर,9
सफेदी,195
सुतली,109
अधिवक्तागण,24
शून्यकाल,85
मुलाकातियों,151
अष्ट,77
तिरस्कार,171
प्रतिशतता,59
मुख्यमन्त्री,86
झूलकर,124
छत्रधारी,119
पंजों,16
दवायें,159
हजाम,38
अखर,71
जन्मदाता,94
उखाड़,74
महंतो,131
भूतत्व,196
व्यवसायों,198
डांटने,132
शहतूत,95
चश्में,81
दुल्हे,67
परिंदों,82
चीखते,182
भागमभाग,103
गवारा,142
छापी,164
खंगालना,78
प्राचीनतम,80
बमबारी,65
महामंडल,111
स्वजातीय,124
भाऊपुर,122
ओहदा,166
रिपुदमन,194
नुपुर,199
ईगल,181
केंचुआ,107
पिछड़ी,51
उतरवाकर,108
नाथी,57
जीवनलीला,137
होंठ,16
विजिटिंग,4
प्रतिष्ठापना,9
राजेसुल्तानपुर,120
काठी,165
सुरुचि,94
इंतजामात,56
रेंगती,23
उबला,95
परामर्शदात्री,118
लौटता,117
चीखें,121
अंतर्कलह,175
निवाले,102
अमुक,40
न्यायवादी,78
किंगफिशर,101
नेतागिरी,157
फोड़,31
सत्ते,156
गृहमंत्रालय,166
थमाकर,151
जोट,82
स्वर्णलता,178
उजियारा,196
फलाहारी,164
मेंबरशिप,24
सुहाने,40
शिक्षाशास्त्र,94
पिटायी,196
वसा,172
नवचेतना,51
दुगनी,195
पैंसठ,118
टोटियों,79
फटाफट,78
विश्वबंधु,52
कौआ,64
जटा,77
मुखालफत,109
दरिद्र,9
ज्योतिसर,106
चरमराने,69
दरख्वास्त,47
नौरंग,26
प्रस्तावकों,99
कहानीकार,152
फुहारें,64
करदाता,59
अटपटा,128
तारो,124
इसलाम,7
फुलवारीशरीफ,24
कुंठित,173
निकटस्थ,88
उड़ी,31
लॉरेंस,0
घुमाते,98
जनसेवकों,99
सौभाग्यशाली,40
आंखमिचौनी,178
किश्तें,99
लाइसेंसधारी,85
भेंटें,107
जनेऊ,77
गंवाई,27
ज्योंही,142
पसरे,58
झोंकों,82
मरीजो,43
पूस,112
चुक,47
लाडला,132
बाबाजी,9
चावलों,95
मुद्रित,32
सबद,182
स्वर्गवास,86
शांतिप्रिय,173
हरदम,197
खेसर,127
पढे़,190
आतिश,176
ग्रामसभाओं,108
राजनयिक,13
निर्माणी,181
उकसाया,166
संवेदन,12
बरसाकर,124
तेजस,133
गुजरकर,64
खींचना,175
आंतकवाद,166
फुरसत,132
बत्तीस,79
मालगुजारी,190
छाले,159
पिटने,147
सरकारीकरण,111
रोड़ा,166
बरबादी,197
जीवनकाल,113
बसाए,7
बहुद्देश्यीय,147
लेगें,47
रिस,128
बेइज्जती,107
उलझता,130
मूकबधिर,43
मस्तानी,63
विनिमय,59
गोरखाओं,63
अग्रदूत,189
गूंगा,119
बसती,151
कटु,51
लौटाना,122
दरारों,104
ईमाम,26
आंदोलनात्मक,102
नावें,123
एबीएम,118
कलरव,70
जगतगुरु,9
संगति,113
चखने,7
जीवनभर,115
जयते,9
गूढ़,113
रचे,89
द्वारचार,24
बर्फीले,123
कुरियर,18
भागती,28
गूजर,133
भण्डार,8
तीर्थो,26
तुमसे,25
वानर,26
जातपात,77
शेषनाग,77
काव्यपाठ,94
फूंकते,106
विष्णुपद,26
बोए,95
व्यस्क,116
अक्षम्य,112
तौलने,7
पेंशनधारक,85
बसंतोत्सव,194
तोड़ी,165
जिलेवार,118
विनियोग,66
नटखट,156
लूटना,18
झलकता,113
झूलाघाट,164
गुरुजन,108
घुमाकर,98
लालिमा,16
अनुवादक,94
तबदीली,121
कायनात,168
खानाबदोश,35
स्नातकों,54
मंदर,137
टीकों,159
जगदंबिका,9
अपव्यय,43
स्नानागार,49
जाऊंगी,142
धर्माचार्य,52
दंगाइयों,194
पूजे,108
धूलिया,86
नहला,142
राजनीतिशास्त्र,94
शम्भु,9
देहातों,197
बटोरे,103
मैग्जीन,101
दुहराया,9
उलझते,57
जनहितकारी,122
आइएपी,156
पहनाए,47
व्यापम,166
खानों,8
मातृशक्ति,107
सुन्न,70
अदूरदर्शिता,190
वसीर,122
कसीदे,137
मापा,172
बेचेंगे,119
गौशालाओं,164
डाकू,53
भाड़ा,59
खोजकर,43
मति,9
संक्षेप,36
प्रतिद्वंद्विता,93
जर्दा,183
प्रविष्ट,98
मुरब्बा,95
अग्निकांडों,107
भाषाई,158
नमित,196
उल्लेखित,153
इंटीरियर,181
चमकी,2
फेरने,47
प्रश्नोत्तर,9
कुंभकार,132
फोटोग्राफरों,101
दंडवत,106
आपलोग,194
छायाकार,101
सजातीय,70
सन्त,150
फूली,105
घोंटने,112
फारुखी,122
सेमिनारों,118
ठूंठ,199
फटते,199
नवमीं,137
लहंगा,61
इन्सान,22
परिपाटी,113
जुलुस,26
वायुयान,181
अपूर्णीय,147
पकाई,95
कबूतरों,137
घोड़ा,179
सुपरस्टार,101
गोधना,136
करनेवाला,55
वरमाला,9
प्रतिनिध,127
कालचक्र,171
हैपेटाइटिस,159
जोड़ों,5
भरवाई,194
जिद्द,187
सरहदों,168
प्राणप्रतिष्ठा,26
सहा,176
आपलोगों,119
चौमुखी,106
व्यस्तम,78
घोटालेबाजों,131
पूछो,134
लौटती,176
क्षेत्रपाल,77
तीर्थयात्रा,150
रस्मों,28
अधजला,69
झण्डी,82
उद्भव,80
संचिता,18
आखरी,86
तपोस्थली,26
ममेरा,156
सहानुभूतिपूर्वक,99
कोकीन,101
भेदी,78
बचित्तर,130
अलगाव,110
मुरझाए,99
घूसखोरी,166
प्रत्यारोपित,116
गठरी,142
करमापा,178
विश्लेषक,141
टांगों,16
खराबा,165
दिवार,79
रटाया,64
विफलताओं,85
अक्स,58
निवर्हन,197
वृद्धजनों,175
भण्डारण,144
कथाएं,113
दयानिधि,35
कार्डियोलॉजी,173
साधी,56
उपाए,118
अर्धशतक,93
पूंजीवाद,110
शर्मिदा,107
कुट्टी,28
जुआं,115
शरदोत्सव,18
भिजवाए,99
उमड़ा,196
मरवा,2
आचमन,108
एंजल्स,101
बेचारा,142
रामराज्य,26
पेशगी,99
कड़ाई,118
निशानेबाजों,151
बंगलों,103
अभ्यार्थी,175
मंसा,26
वत्सल,9
अन्यायपूर्ण,166
फूटकर,105
रिसने,195
फसले,95
कतराती,39
छपवाकर,99
टटोली,187
कब्जाधारी,102
घुन,105
बनावटी,128
सूजी,195
खलेगी,194
मांसाहार,9
उभय,94
तलवारों,52
कुश्तियां,119
नवसंवत्सर,26
संस्कारी,190
जंगले,58
विशेषताएं,141
प्रतिभूति,170
गुदा,159
सरसा,139
चतुराई,51
खोता,190
भण्डारा,130
जायगा,50
बढ़ाओ,47
मंगाना,85
उत्तेजना,159
कौस्तुभ,9
कट्टर,83
ऑक्साइड,172
चबूतरों,88
लगाएंगी,23
मसाज,28
तुल्य,138
निर्माणधीन,123
बजेगा,165
सुलझाते,85
सूचनानुसार,31
पैकेटों,59
यौनाचार,43
विशेषज्ञता,198
सौंपनी,56
बिछायी,157
उपनिर्वाचन,118
श्रद्धालुओ,147
गरमपानी,132
ढही,7
महाप्रबन्धक,85
बिंदिया,86
थें,192
पंचगछिया,75
लुढ़कने,105
कलाकारी,49
छीनना,24
क्षणिक,12
तैलीय,195
माहवार,139
सुनिधि,106
हकीमों,190
बितानी,121
साप्रदायिक,58
आजमाए,58
चमचमाती,64
शासनादेशों,28
तटीकरण,131
बिन्दुवार,58
घबराना,9
सालो,119
विधियां,14
इण्टरमीडिएट,86
काष्ठ,8
वामपंथियों,166
परिपत्र,66
कराऊंगा,136
नस्लों,185
जागना,107
दुर्जन,26
टैक्सटाइल,18
वासना,50
रौंदने,71
हुड़दंग,142
कंप्रेशर,85
अहर्ता,31
आस्तिक,113
संभलने,175
अंशकालीन,28
घुंघरू,111
मंहत,106
आशान्वित,72
खगोलीय,10
पीरों,7
उगले,155
तराइ,38
अदभुत,77
असीमित,141
जनमेजय,77
सभ्रांत,115
पंगा,44
गप्पे,109
ठसाठस,75
घोलने,195
जिताया,175
बादशाही,134
प्रदूषणमुक्त,61
दहलाने,28
मदमस्त,26
यतींद्र,38
जनसामान्य,94
एलोपैथी,43
सारांश,153
नुकीले,145
दिलवाकर,61
सुलझाए,43
थप्पड़,2
माइलेज,43
पूर्वाग्रह,110
संजोये,178
जलसंरक्षण,39
नागराज,26
प्रोस्पेक्टस,121
उत्साहजनक,43
उच्चायुक्त,127
विस्फोटकों,65
अंधेर,132
श्रद्धालुगण,82
नाशपाती,95
नेत्रालय,133
मुख्त्यार,38
शीशियां,57
राष्ट्रीयकरण,118
रामलीलाओं,9
रुचिकर,40
गेरुआ,23
दबाते,98
संवददाता,130
मनभावन,151
दूरदर्शिता,189
कार्यशालाएं,144
पिलाए,2
वृत्ति,50
वैर,40
सहप्रभारी,157
कंटीले,35
पोलिटेक्निक,139
आइये,187
मोक्षदायिनी,151
एकाधिकार,140
राष्टीय,106
उतावले,112
लायें,71
बंटाधार,47
शोरशराबा,78
सारिक,71
पीत,159
सप्त,77
पूछिए,56
खोना,115
सहसा,40
महाबल,124
प्रस्तावना,94
शरीयत,176
सपेरा,132
शिक्षाप्रद,171
चमकते,117
सयंत्र,23
लेागों,2
गुनगुनी,123
प्राणि,94
एमडीबी,128
होठों,142
तिनका,82
पाठयक्रमों,118
जिस्मफरोशी,102
खूंटे,173
नजदीकियों,130
सत्यमेव,26
कालिदास,89
अस्थियों,159
उत्तरा,108
न्यूक्लियर,43
ध्यानपूर्वक,40
सहूलियतों,175
चित्रकारों,49
बहुद्देशीय,23
पैंशन,169
चलवाकर,105
नुमाइंदगी,175
परिपक्वता,144
महत्वाकांक्षा,110
परिसेवा,199
सुनेगा,2
निर्धनों,118
भोगने,40
तालीमी,61
डिग्रीधारी,27
घोड़े,179
तंदुरुस्त,64
फैलेगी,173
छिलके,97
असुरों,91
सबस्टेशनों,151
रंगरेलियां,109
लोकगायक,108
टकरायी,58
दायें,98
भटकी,71
स्कीइंग,93
झुमके,82
उपनयन,91
फिल्मकार,86
समझाबुझा,132
बढावा,198
थमाए,157
उपहास,171
ठनी,130
धरौली,196
परिंदा,58
रामजन्मभूमि,86
ध्रुवीकरण,98
न्यायाधिकरण,87
धिक्कार,171
धोखेबाज,2
शतकीय,115
विश्वविख्यात,52
कनिष्का,128
टंगी,49
वसूलती,199
शुद्धीकरण,79
धरपकड़,176
सुलझाना,168
नखरे,61
एस्कॉर्ट,44
पण्डित,11
कायदा,188
फटकने,47
बृहस्पति,10
हिमाकत,196
प्रस्तुतिया,31
गलियारा,88
आदतें,142
सखियों,173
परम्पराओं,29
डसने,142
पुखराज,79
संग्रहीत,32
बरतेंगे,124
वादियां,72
बंधवाने,26
राष्ट्रद्रोह,175
शिल्पग्राम,182
हितकर,61
सुनारों,52
स्तम्भ,161
प्राचार्यों,9
चट्टानों,177
लिखवाकर,64
निसंदेह,190
अणुव्रत,9
प्रकारेण,175
भट्टियां,160
बोधि,77
जगदगुरु,26
कैटवॉक,58
पंचनामे,124
अंगहीन,155
साफा,169
कालचीनी,132
चालानों,85
खम्भे,79
आशीर्वचन,9
दारु,195
पदयात्रियों,156
जज्बात,56
जटिलता,12
गुर्गों,115
जमाते,178
हिचकते,51
हफ्तेभर,133
थर्रा,61
बैशाख,9
आऊंगा,39
निकालनी,7
संर्घष,39
अस्पष्ट,12
सम्बंधी,118
मजूदरों,128
चयनकर्ता,153
झुलसाने,28
अजीबो,119
कुंओं,123
पंक्तिबद्ध,40
बिछावन,61
टपका,82
शिल्पियों,79
जुटाते,17
एक्साईज,103
सहचालक,2
मिलावटखोर,115
साझीदार,100
दर्शनार्थी,106
चालाक,191
कौंध,124
बाँध,15
सुयश,72
बगले,73
तकलीफों,47
जमाये,24
पियुष,133
विनिवेश,85
चौपाइयों,9
औलिया,192
गौरवपूर्ण,189
लचीला,138
सारगर्भित,171
सोल्यूशन,59
कूचों,142
भील,88
विचलन,138
सहायिकाएं,124
सैंकड़ों,88
विश्वासी,51
लगातर,57
संगीनों,124
चयनकर्ताओं,93
गिनाईं,69
डरता,134
वातारण,190
समसामयिक,189
काबलियत,7
वचनबद्धता,118
संगीतज्ञ,11
रजनीगंधा,115
मृदुभाषी,2
टेनरी,82
भंडाफोड़,111
डिगा,7
सम्पदा,144
शान्त,42
गिरवा,112
संभवतया,105
भरेगी,175
तितली,28
लड़ेंगे,7
रोमांस,34
पतले,37
अवसरवादी,166
पित्त,159
पछुवा,122
इन्टर,147
वैरागी,44
ढूंढकर,102
मंडलियां,173
दमक,160
टेढ़े,81
अविकसित,144
रुहानी,147
हड़पने,63
भींग,165
इसबीच,73
दिनोदिन,102
पलाश,26
राज्यरानी,165
मचाती,28
बिछे,104
नसें,160
राजनीतिकरण,99
पोजिशन,27
रोकती,159
तैरना,23
फरसे,106
इफ्तिखार,38
सुरही,151
होनेवाला,185
भटककर,40
भाषाएं,158
संकल्पों,85
सौतन,27
उपकेन्द्रों,147
क्षत्रियों,150
नबाब,194
ठोंकी,71
अनादर,51
पटककर,175
सजकर,142
धातुओं,172
उन्मुक्त,113
कब्रों,47
उग्रतारा,178
दोषारोपण,51
चम्पत,196
बनाएंगी,18
पहनावा,49
परिचारक,169
डायरेक्टरी,153
समाई,40
बढोत्तरी,175
बुन,175
प्रणायाम,75
विकेटकीपर,93
कोनों,145
सुन्दरीकरण,139
रस्से,156
टिप्पणियों,110
ढोया,23
अलबेला,75
लेटेस्ट,155
बतायें,76
पंचदेव,182
उमसभरी,132
बहरा,40
प्रमाणिकता,4
सुलझे,38
जिम्मेवारियों,28
प्रवासियों,188
उद्घाटित,94
पिलाएंगे,64
बताइए,196
समाजशास्त्री,4
मनोवांछित,108
बिछाना,102
ढोना,35
जातिवादी,112
विजयोत्सव,56
जलज,183
आसुरी,9
प्राधानाचार्य,139
मृतप्राय,111
जनमंच,43
हैवान,47
व्यापारीकरण,169
मिथक,113
मुर्दे,47
दर्शी,58
उपलब्धिया,190
चर्मरोग,107
आर्ट्स,34
रिक्टर,181
मझोले,132
तैय्यब,139
गुच्छा,105
प्रक्षेत्रीय,61
आत्मीय,51
वीरांगनाओं,26
वीडियों,18
प्रवचनकर्ता,164
चिह्नांकन,128
दुर्बल,138
दूरवर्ती,185
योनियों,91
सेमिनरी,190
खरीदती,59
छिना,58
स्वर्णाभूषण,165
फलस्वरुप,188
लिखता,45
गिला,35
त्रिकोण,98
झोल,43
वनमाली,194
माननी,56
डालेगी,47
बाउंसरों,27
समयबद्धता,151
मध्यावधि,64
जोशीला,23
लालफीताशाही,18
निवृत्ति,113
उत्तरोत्तर,138
प्रदोष,9
शिक्षार्थी,4
समतुल्य,144
चाहूंगा,54
रामेश्वरम,88
मंथरा,106
दुश्वारी,47
जलाएंगे,82
कणों,172
हस्तशिल्पियों,190
रंगरूटों,178
आतंरिक,181
अतिआवश्यक,43
वृहस्पतिवार,106
कोशिकाओं,5
गायिकी,86
अमावस,26
तमाशे,176
मंडपों,79
घटेगी,121
जुटकर,73
प्रशस्तिपत्र,190
झेली,119
अल्पाहार,105
इमरती,183
निरोध,66
बेचती,59
नासमझी,40
हमराह,47
डगमगा,47
गठजोड़,166
पंचायतो,73
सोख्ता,197
गोमूत्र,105
बंदिशों,168
दुर्गन्ध,105
उड़े,47
समुंदर,115
ललकारते,28
समेटा,71
कर्मों,55
ब्रांडों,140
प्राप्तियों,66
आईटीसी,101
इक्के,136
ओवरहैड,82
पदोन्नतियां,133
परिचयपत्र,75
ब्रॉडगेज,120
थमाई,160
चमकदार,1
भिक्षा,77
सुपरहिट,148
खिचड़ी,182
बंदगी,64
नवरत्न,182
दवात,124
चौड़ाई,145
बिखेरते,106
बाइकर,101
इति,91
हिन्दुत्व,94
संवरने,58
रात्री,35
कार्बनिक,172
सिंहों,79
पूछेंगे,7
जलयात्रा,139
धोए,131
भाषियों,182
चूजे,95
चित्रलेखा,86
नरकंकाल,24
लड़ी,188
पोषाक,194
गरमाहट,169
उपलों,183
बोतलबंद,195
बृजवासी,26
विश्वशांति,51
जुल,7
दूनी,47
किधर,47
मसालेदार,68
खातेदारों,156
भूकम्प,15
अपनापन,115
परंपरानुसार,56
रखवाले,128
जगाते,108
बारंबार,153
पनपे,190
घुसना,64
ढाढ़स,9
रुदायन,120
झण्डा,86
इंडियंस,93
तेंदुओं,179
पगड़ी,106
अनुमंडलों,35
पहुंचनी,139
दरबदर,173
जिता,57
रस्सियों,81
उन्मुख,144
बचाएंगे,47
रूपपुर,120
बेकारी,111
विक्रमाजीत,78
कठोरता,172
ढंकने,195
भीगी,95
अतिशय,113
अंगीकार,50
प्रजातांत्रिक,190
ढकी,1
कृषिमंत्री,61
सेवायें,118
उपमंडलों,118
जनरेटरों,175
आश्वास्त,151
पद्मभूषण,11
परिक्षण,116
थकते,40
घेरी,164
अध्यापकगण,20
उपार्जित,85
पहचानो,171
संजोकर,61
खडी,193
प्रश्नावली,85
दत्तक,56
घटेगा,102
पंडितजी,86
लेनेवाले,40
मनोदशा,113
बिरौली,168
पारिजात,77
चतुर्दिक,40
फिल्माए,101
सुपूर्द,133
कार्यपालिका,92
बवंडर,117
निर्धनता,100
लिपिका,56
कल्प,80
सबमें,40
गोश्त,47
हलाल,47
कूदते,28
गजलें,199
स्वरों,113
ढोंगी,40
आधुनिकतम,144
कीकर,95
मानुष,67
एकपक्षीय,85
दिक्कते,64
शर्मिदगी,86
परोपकारी,54
परिवर्तनकारी,51
बालाओं,103
कटवाए,61
देशद्रोहियों,166
बुझेगी,71
कार्यशील,85
प्रीतिभोज,139
बाबु,86
प्रक्षेपण,65
सताया,7
तेजतर्रार,86
आवारागर्दी,147
सूपा,133
निर्गुण,89
दौड़े,81
नशाबंदी,133
बाजीगरी,124
राजगद्दी,192
अग्रसारण,153
रक्षासूत्र,56
तोहमत,47
हेडलाइट,102
यज्ञस्थल,71
धूर,43
बरतेगा,132
अटैचमेंट,156
पालित,56
पैराशूट,65
बंदूकों,191
छटपटाने,38
कटता,132
इच्छाएं,178
तराश,47
प्रामाणिक,149
याददाश्त,27
दीर्घकालीन,144
कोर्सों,44
एनेस्थीसिया,159
बूढे़,71
संभालकर,52
अंगुठी,157
नहाए,128
दोगे,134
कुपित,108
ज्ञाता,42
बुझती,38
सांध्य,56
द्वारे,56
लहराएगा,31
विश्वदाय,52
निगलकर,102
बगावती,20
खैरियत,197
सुनाएगी,40
रिहाइशी,121
एरोबिक्स,64
वास्तुकला,161
पखवाड़े,111
निर्माणकर्ता,82
आपदाएं,175
गृहणियां,164
भोगियों,118
शुभचिंतक,171
लिटाकर,142
मुलाकाती,197
हट्टी,178
पिसाई,64
निशानों,132
जाऐगा,17
बुद्धिमान,50
संस्थापिका,56
दम्पती,187
आवर्ती,59
सतगुरू,79
घनमीटर,18
खिंचने,155
बागीचे,72
शेरनी,24
उपेक्षात्मक,61
नहाना,160
गोसाईं,86
अंगारों,47
लम्हों,57
चिरौंजी,61
अल्पमत,166
अमिय,9
स्थानो,88
पारियों,93
पैथोलॉजिस्ट,103
आहिस्ता,47
क्रान्ति,83
छेना,38
माफीनामा,175
मृत्युदंड,87
पूछती,117
लंबोदर,106
जागती,139
घुमावदार,145
सौन्दर्य,113
कंसलटेंसी,106
बीएमडब्ल्यू,133
भंवरा,132
गहराते,39
बुनने,61
आत्मीयता,51
इंसुलिन,159
छोडे़,99
इकठ्ठा,191
चराया,169
काक,86
बहिन,111
डलवाए,124
उपप्रधानमंत्री,127
पल्टन,122
रखूंगा,17
जीतीं,166
रसोइये,38
अपरंपार,20
बाल्टियां,58
भारतवासी,51
लपेटा,160
डाककर्मियों,31
उतरेंगी,190
नवरंग,196
गेंहूं,183
दबाई,70
डाकबंगले,122
समयसारिणी,122
कूटा,127
पुनरावृति,40
लहरियों,99
कूड़ेदान,72
डकारने,139
ठोकी,57
सिरा,145
हंसिया,69
उगला,24
केबाद,194
बल्लियां,130
लालची,2
चिल्लाई,194
वेटलिफ्टिंग,157
तपसी,61
श्रद्धेय,86
करतबों,27
उनमे,47
सुरूर,119
मस्जिदें,46
साम्प्रदायिकता,173
दरारे,38
अस्वस्थता,43
गुण्डा,130
नम्बरों,173
स्वराज्य,83
मेष,10
सकून,28
ब्यौरे,85
पंहुचा,35
रोकटोक,75
कमाता,40
सुलगती,47
छापों,111
मांगेगी,137
तानी,102
हानियों,59
लंगरों,124
दुराचारी,40
दवाखाना,72
बेचारी,136
सूर्यमुखी,95
भ्रांति,40
रोमांटिक,34
झुकी,81
गरमाई,105
लुभावन,197
रुबरू,124
टेकते,38
पुलिसवाले,193
थमाने,103
रसगुल्ला,35
नवरतन,194
आदतन,43
अलगाववाद,130
सत्तन,119
मित्रवत,175
इश्तहार,133
चंद्रग्रहण,26
लुटे,57
दुक्के,132
मुर्गियां,160
छुपकर,58
नेतृत्वकर्ता,127
लिखवाई,64
शैवाल,37
विरूद्व,51
कारकों,163
निविदाओं,118
कुंभी,165
सिरकी,109
अपंजीकृत,31
दुष्टों,194
पापियों,199
पांडुलिपियों,94
दलदली,177
गवर्नेंस,118
अतुल्य,27
आशातीत,128
घूसे,122
एवम,120
रहमोकरम,43
धंसे,123
झांका,112
जीवनरक्षक,111
रीत,176
लिपटकर,185
निर्जल,195
ब्रह्मापुत्र,155
सजायी,147
घबराएं,43
बचाये,67
रिकी,93
शीशमहल,111
बेगुनाहों,196
व्रतधारी,108
रणनीतिकार,166
गणितीय,162
राष्ट्रकवि,86
पंचकल्याणक,26
खिसका,153
उठेगी,2
उत्तरायण,77
मंत्रीजी,156
संभालेगी,131
रीपर,160
साकारात्मक,85
महीनें,47
ठोकने,38
घीया,183
टका,73
ढूढ़ने,112
पाक्षिक,72
नज़र,22
चर्चे,119
डुगडुगी,38
रखवाकर,9
निपुणता,94
शकीना,28
किश्ती,124
वनस्पतियों,37
बरामदों,70
अनुनय,76
लूटेरे,107
आयोजनकर्ता,119
पोशाकों,49
आदिकाल,113
वीभत्स,112
कुच्छल,26
रोकेगा,35
दुकानदारो,56
मोरध्वज,26
मुकदमेबाजी,59
मूंदकर,58
पहलवानी,106
समाजहित,28
आलस्य,9
थमता,58
बंटवाने,72
किचकिच,122
तीली,195
फरेब,47
ऐतिहासिकता,94
संकटों,173
पिघलने,123
तकाजा,51
तुफानी,78
मिटाओ,156
सजनी,20
चीना,178
चिंताओं,198
विविधिकरण,118
गैरजमानती,18
थूक,159
फिल्माया,34
बसता,190
बालो,47
निखारना,23
मठों,29
जाको,164
वीडियोग्राफर,64
भूलता,17
नचाया,58
गंतव्यों,62
चौड़ी,184
दगाबाजी,108
घटाएं,107
सचिवालयों,118
विधानपरिषद,136
रियासतों,158
नगरपालिकाओं,118
रूकते,119
किन्ही,85
खदानें,123
संप्रभुता,13
राडार,181
भरतनाट्यम,125
नवागंतुक,119
बढ़वार,95
मंगवाना,39
गढ़े,7
विभूषण,84
जना,47
उगलते,117
केद्र,99
खपा,124
तसदीक,47
इन्द्रमणि,78
मिलनेवाली,40
चुलबुल,115
राशियों,138
जन्मा,9
वंशजों,60
बिकाऊ,103
खैरात,47
प्रतिक्रियाएं,12
गूंगे,124
मुखौटे,119
नौकरिया,31
क्लासरूम,112
फोटोकॉपी,73
तबेला,61
बांटता,20
सुनाये,176
घंटियां,79
सहस्त्र,91
खुदवाकर,79
क्लिनिकों,85
दिखाएंगी,124
टिकिया,195
कुटुंब,66
आत्महत्याएं,165
जीरे,64
दरबान,82
तकनीशियनों,35
मनुज,106
उरद,95
यूनिटें,66
दिखाओ,134
छिपाई,136
रोमांचकारी,86
भौतिकता,56
पहचानता,119
ससम्मान,173
शिक्षाएं,56
उत्सर्ग,9
दूल्हों,58
पिछड़ों,58
भूमिपूजन,79
फुस्स,156
दीर्घकालिक,41
सूत्रपात,189
परसों,20
बिलबिलाते,103
चलाऊ,156
अम्मी,178
प्रधानता,149
खिंचे,7
कम्पाउंडर,132
वसंतोत्सव,28
करूण,9
दुर्भाग्यवश,51
भिजवाकर,173
घावों,5
अनुभागों,59
क्यूरेटर,139
तारीक,47
रोए,2
भैय्या,119
चश्मों,81
प्रशिक्षार्थियों,118
अनुतोष,66
डीडीआर,57
वधशाला,131
फारिग,61
मुंडी,194
अभिव्यक्त,149
फैलाता,81
खण्डपीठ,130
धुरंधरों,130
गौमाता,194
समलैंगिक,146
संतरे,95
गणतांत्रिक,127
पुननिर्माण,147
जिनमे,0
तिलमिला,51
देशसेवा,51
खपाया,128
दरमियान,22
छबीला,122
महाअष्टमी,79
सहयोगात्मक,54
आनंदमय,9
पुलाव,38
सोचेंगे,132
शरिया,166
हायतौबा,111
मातरम्,86
खुर,105
चितवन,122
भद्रक,26
लगायेंगे,122
ननकाना,26
जैनुद्दीन,57
बाबाओं,112
अरिंदम,147
मद्यनिषेध,20
वंशवाद,99
गालियों,82
बेताबी,43
राजनिवास,122
अस्प्ताल,133
शामियाना,95
जयजय,75
प्रयोगशालाएं,144
कुंठा,51
खेतो,95
वालीं,79
संगठनकर्ता,151
जोकर,136
गिद्धों,61
दवे,139
पलभर,132
कामायनी,182
कंगाली,199
पदाधिकारीगण,194
गणराज्य,158
रियायतें,118
सब्बल,73
गडढों,187
अनल,178
लडकी,17
कीटनाशी,195
चिपकाकर,105
चुगली,112
माइक्रोसॉफ्ट,141
सुदर्शना,73
अधजली,139
चित्रित,152
प्रखंडो,133
यूए,18
देनेवालों,40
बहरे,134
आलौकिक,9
मधुरिमा,26
चमकता,81
पूर्णाहूति,67
बसही,175
बेजान,47
रहेगें,22
भूस्वामी,18
मछुआरा,38
न्यायायिक,175
पादप,37
कमांडों,71
सिद्धातों,190
खोदना,61
पतंगें,67
मजलूम,178
भाद्रपद,21
गोलों,191
बनवायी,88
वैमनस्यता,73
चलाओ,39
अज्ञातवास,77
स्कार्फ,165
सुजित,57
तोते,179
नागदेव,79
मनचला,199
लागी,31
खालों,185
ठोंकने,105
कहूंगा,71
बैण्ड,178
जुमले,199
तोड़े,17
श्राद्धकर्म,9
काश्तकारी,31
पसारना,178
उत्कृष्ठ,190
निधार्रित,102
आत्मज्ञान,113
तौले,79
पठारी,184
पदोन्नतियों,18
मोतियों,183
झंडियां,139
बोझिल,40
सूचकांक,141
फाँसी,63
खुदवाने,75
कतरे,64
छोड़ना,154
दिलबर,107
संकल्पना,36
अगाह,156
भारतीयता,94
पहनाना,40
अपीलों,66
उतरवाई,47
छुटपुट,18
करुंगी,196
मांगीं,119
बलिहारी,58
मौजमस्ती,28
उभरेगी,139
औषधियां,159
सजाते,28
पारस्परिक,14
बढती,116
बुलाएंगे,79
धुंधला,28
बरतता,57
अंतरा,75
क्यारियों,160
पोलिथीन,178
परिंदे,165
खरबूजे,79
जमाखोरों,169
असंसदीय,122
सजाना,61
वर्गफीट,164
महावत,79
समरस,124
स्कैंडल,101
चोकर,95
चरवाहा,71
खेडी,121
आवश्यकताएं,144
पुतली,70
पश्चात्,92
जुटता,75
उदगार,28
आशुलिपिक,133
चमत्कारी,77
फंसाना,190
अरिजीत,86
रसातल,108
भुना,142
ज्ञानोदय,51
तापने,121
अभिप्रमाणित,85
चरनी,44
बरा,137
विह्वल,112
स्मरणीय,113
पैरोकारी,173
पर्यन्त,77
मुर्गो,164
भूअर्जन,82
शुभकामनाओं,168
दैत्य,77
लोटे,183
उपभोक्ताओ,175
ग्राउण्ड,133
जुराबें,142
बौरी,106
अनाजों,95
सुलहनामा,196
उलझाने,107
गजा,120
शक्तिपीठों,88
मोटरयान,131
सातो,73
बैठकी,52
छुपाया,71
उकेरे,79
स्वाधीन,83
अमृतपान,9
छुटे,69
म्युनिसिपल,18
नगरपंचायत,139
रेजगारी,18
टपकती,47
स्वागताध्यक्ष,156
हितार्थ,94
खुशनसीब,194
बंदिशें,108
कौओं,105
प्रभास,182
रसगुल्ले,122
गद्दारी,63
निकटता,185
मारक,159
लिखाकर,112
पशुचारा,82
चलाईं,115
खाद्यान्नों,129
जोड़ना,153
नाभि,145
दुष्ट,42
खदेड़ा,69
आनंदमयी,194
घोंटा,102
सतही,10
संसारिक,132
दमदम,120
आत्मसम्मान,27
कराईं,72
अर्धनिर्मित,168
सूखता,95
खदेड़,188
घसीटने,2
वीरगति,60
हाइड्रोजन,172
खरीदेगी,35
नरभक्षी,132
वारी,44
कोफ्ता,151
पुनर्निरीक्षण,199
उतरें,56
दमकलकर्मी,28
पौष्टिकता,105
नवें,77
तैंतीस,26
दुल्हनों,137
बदकिस्मती,112
तंदूर,142
होठ,109
खट्टी,160
बाल्यकाल,150
सम्मोहित,173
आचार्यों,89
विशेषतौर,156
वैश्यों,9
विक्षुब्ध,119
चिकनपॉक्स,70
आमों,95
हिलाने,82
सुकृति,107
घबराते,173
एसएएस,118
पाषाण,161
बॉयो,23
हजयात्रियों,156
बेदा,75
लोंगो,136
नपे,79
बरसाते,40
गंजा,69
कहेगा,134
विग्रहों,157
बैसाख,108
विवेचनाएं,136
इत्तफाक,27
निरूपमा,106
धानिक,132
फजले,175
आंटी,122
चेले,71
सत्यार्थ,86
ऐहतियात,35
जलायी,26
तनूजा,106
अधजले,197
ऑडीटोरियम,151
कब्रगाह,119
सतपथी,26
कहतें,117
कान्फ्रेंसिंग,118
रुखसत,99
पहलूओं,85
कैफियत,82
चुकाए,59
ओढ़कर,132
छोडऩे,187
बाईं,145
चक्रवती,28
खुरपी,38
दोहे,113
चढ़ेगा,103
बहलाकर,103
जगमगाने,137
सवर्णो,111
ओढ़ने,17
वर्षगाठ,133
प्रेमजाल,132
सींचने,95
नंदीशाला,108
एजे,194
फुलकारी,61
निहितार्थ,18
अदाओं,73
उछलने,23
सूखती,160
लौकिक,149
आगन्तुकों,78
नशेबाजी,58
मूंगा,124
कैलकुलेटर,160
महासागर,3
राजगुरू,193
सयुंक्त,127
करवाएंगी,139
रक्तस्त्राव,159
नाट्यशाला,28
विधवाएं,130
खुशबु,121
दद्दा,52
मुस्कुराहट,178
डाइवर्जन,131
बैचेन,103
योगाश्रम,119
बग्घी,20
भैसों,169
बतानी,112
निर्माणकार्य,133
कामचलाऊ,27
परिवर्तनों,163
जोशीले,86
लीडिंग,101
स्वीकारने,51
अवतारों,89
प्रज्ञान,147
सोफे,178
एकदूसरे,55
गेंदे,95
देवकाली,88
भगतों,26
पालता,71
कम्प्यूटराइज्ड,73
ऑलराउंडर,93
परिणीति,119
बुद्धिस्ट,86
थैलियां,160
बेलने,164
चंद्रलोक,9
नश्वर,113
दुगुना,183
गुणे,39
जिन्होने,176
छिपाते,134
मोहरे,27
तशरीफ,151
मिलवाने,121
कर्मचरियों,118
उपभोक्तओं,121
चौकन्नी,165
दिखेंगी,194
गेरूआ,169
निराश्रितों,2
उपाध्यक्षा,86
आदिशक्ति,77
उपासकों,9
बोलेगा,124
दोषों,12
अदाकारा,86
कलियुगी,9
सुनाना,99
छुड़ा,17
कटेंगे,103
गैसें,172
रणभेरी,115
माहिल,119
तैलचित्र,56
कटघरा,155
महालेखा,118
वंशावली,80
ललई,120
खुदवाया,88
राष्ट्रभक्त,86
जपने,175
मण्डलीय,120
ठाणे,120
बनके,47
संबंधि,85
श्रेणियां,144
टीएमटी,115
भूषा,194
एलोपैथ,160
महानवमी,82
गोभक्त,2
बिगड़ती,166
करौंदा,67
फीसें,139
विराटनगर,88
अंतरप्रांतीय,139
मूलवासियों,130
गांधीगिरी,112
झलका,130
वालिद,176
गड्ढ़ा,105
गोठ,124
धनिक,151
महाजनों,99
बादशाहत,47
पट्टिकाएं,139
तृष्णा,9
बेगार,63
कार्याध्यक्ष,27
रिझाया,106
ठहरना,40
मदहोश,47
मुरादाबादी,57
चायपत्ती,28
बहुतों,185
गोंदा,131
दिलखुश,52
निधान,38
संकल्पबद्ध,99
क्यो,134
अफसरान,99
सिमटे,75
दहशतगर्दी,132
मोमबत्तियों,28
बकवास,17
अंपायरिंग,93
होमियोपैथी,133
एल्यूमिनियम,160
जुल्मों,107
रौंदकर,132
श्वसन,5
कार्यबल,198
रामभक्तों,190
अकुंश,82
खटखटाना,178
रणनीतिकारों,157
घटाए,59
गोटियां,132
प्रशिक्षणों,119
स्थायित्व,12
हरने,9
बुने,8
निरपेक्षता,51
उपसंभागीय,155
गर्मियां,28
भूखी,182
श्रोतों,69
नादान,47
विचारणीय,85
पिट्ठू,193
महन्त,77
मनौतियां,196
मसूदी,31
बोना,95
झूमकर,107
ऑटोमैटिक,132
चमकेगा,107
दरखास्त,71
तराने,86
उगाकर,95
रचाया,139
श्रीमान,121
रहवासियों,197
वाद्ययंत्रों,125
अर्जियां,18
आइने,57
रंगदार,61
दस्तकारों,118
खोलो,147
सून,35
आशिकी,86
धनलक्ष्मी,194
उपग्रह,65
उपस्थितजनों,178
निपटाई,118
बचानी,71
निर्णयानुसार,133
परछाई,26
बघौरा,120
दण्डित,51
छठवां,58
बन्दी,176
संवारे,73
उच्चायोग,24
अजूबा,106
युवावस्था,171
धुम्रपान,159
अनुयाइयों,137
जीताने,93
जेसीटी,28
उपधारा,66
टूटेगी,197
उठायेंगे,24
टुर्नामेंट,101
गिरीं,183
मन्दिरों,21
ढेरियों,128
उर्वरता,95
सोचिए,64
हर्जाने,35
कोकिल,182
जनशिकायतों,31
विधेयकों,66
बावलियों,124
मागते,168
मुरझाने,61
गैरइरादतन,196
प्याला,81
पनपा,99
वनस्थली,39
लड्डुओं,108
ईसाइयों,29
तजुर्बा,64
सद्गुणों,9
पुलक,178
संरक्षिका,171
शाक,95
पिए,164
कटोरे,183
ऋग्वेद,89
आराध्या,77
रोबोटिक्स,58
पाऊंगा,199
छूना,105
न्यून,138
देतीं,199
पल्ले,47
अधिकरण,66
तरण,23
बोलें,56
बचाती,191
जिलें,120
मढ़ैया,139
अमंगल,196
राजकोष,59
पेचकस,17
निकलनी,82
पालनहार,107
माइक्रोवेव,181
तरंगों,138
कवायदों,43
तला,95
लेनादेना,78
ओलम्पियाड,133
सीजीएचएस,197
चिल्लाती,112
विकेंद्रीकरण,118
मूर्तिकारों,79
अट्ठारह,108
औैर,199
पुनर्जागरण,189
दरिद्रता,51
उपर्युक्त,149
शौकिया,93
समझिए,196
बुकी,168
अम्बुज,61
पैंतरा,136
एफडीआर,72
पद्मावत,77
मांगेगा,85
विश्वासियों,57
ब्रह्मज्ञान,91
दांवपेंच,111
मकरध्वज,28
समीक्षक,84
बोलियां,182
गर्माने,20
साझेदार,59
अौर,47
छाल,37
नहाया,121
मरीं,31
ज्योंहि,26
हाथोंहाथ,2
छानने,195
प्रभावकारी,14
सुप्रभात,106
रहूं,71
बदसुलूकी,2
अनाचार,51
समाजवादियों,166
दावतों,38
चक्षु,91
उभरता,43
सल्तनत,60
गाँवों,129
अकस्मात,39
उपन्यासकार,152
वटवृक्ष,77
रेस्टोरेंटों,35
मिष्ठान्न,164
लौटाकर,47
महीनेभर,109
उद्वेलित,56
मिलाएं,132
इश्तिहार,193
मचाता,111
खबरदार,112
खाले,7
न्यूरोलॉजी,43
पॉलिश,8
छाछ,95
राष्ट्रध्वज,72
मिसरी,106
खुखरी,137
पौरुष,102
बदसूरत,102
बुझायी,71
लिखेगा,78
मार्केटों,151
सुखदा,56
धमकाता,102
खंगालते,61
भड़की,20
पचहत्तर,118
फुटबॉलर,93
एनिमेशन,101
तफतीश,133
निभाएंगी,119
तपस्थली,26
खायी,187
सीसा,8
गधे,47
छिटककर,124
निपटेगा,43
विरोधाभासी,4
अल्सर,159
श्रृद्धालुओं,147
भिजवाएं,56
निकलेंगी,20
लाईनों,165
कमजोरियों,51
वंशीय,77
सर्फ,47
खडा,130
खंजर,53
किस्तें,59
सरेबाजार,160
देगे,47
राजघराने,192
ब्रजवासियों,106
विकेटों,93
ग्लोब,34
सिमटता,123
गदाधर,86
तीरंदाजों,78
जूठे,23
उत्प्रेरित,12
उगाया,97
वर्णमाला,80
बुढ़ा,47
डण्डों,164
कम्युनिष्ट,56
फिनाइल,18
मुनाफाखोरी,115
पकाते,47
ढंककर,99
घटाई,35
सघनता,144
भयवश,73
प्राकृति,190
घटाना,85
मैक्सिको,65
भूमिकाओं,34
गुणवंत,122
प्रत्याशा,144
ग्रीष्मोत्सव,197
स्वाभिमानी,106
टाईप,85
वृष,26
निवार्चन,155
रहस्मय,131
हंसमुख,71
प्रबंधनों,99
मैत्रीपूर्ण,54
हटता,117
शुक्रगुजार,112
हेवी,101
गोदी,181
सत्ताइस,130
अतिविशिष्ट,85
गपशप,76
स्मॉल,101
पपीते,95
श्रृष्टि,9
बरकतों,47
इम्तहान,119
जनहितैषी,119
सदस्याएं,28
लॉट,101
घोटालेबाज,105
भंगी,56
जनसमुदाय,51
टांगने,160
उपनेता,193
कजली,164
लिखती,45
आस्ट्रेलियाई,93
कहलाती,138
बवासीर,159
वनक्षेत्र,123
भुजबल,102
सपाटा,164
शिवमंदिरों,178
सोंच,115
कंपकपी,159
जानिब,47
हलवे,28
सुविधायुक्त,133
गरजी,102
धर्मी,199
सम्मानपूर्वक,171
अधिवास,99
खिंची,40
घनघनाने,151
ख्यात,86
मानववाद,50
ब्रह्मर्षि,77
निकम्मी,124
पंचेश्वर,35
आईए,69
मैल,70
भरवाना,155
चमत्कारिक,77
जरीब,165
प्रश्नमंच,107
गुरुघर,24
शीतगृहों,23
घसीटता,57
पचासों,156
मठाधीश,26
छिद्र,172
बताशे,182
जाला,124
रक्षण,85
सांची,88
होमगार्डों,72
छटाई,39
रूपांतरण,162
जनसहभागिता,70
उत्तरों,196
ढाचा,156
ऊंचाइयां,72
पीडितों,166
हरिपद,175
षष्टम,115
गतिशीलता,12
नवज्योति,187
बोतले,78
विरह,113
कहलाए,150
निशाद,31
वार्ताकारों,99
उलझाया,20
जनजागृति,118
गृहकलह,190
कलाएं,187
ग्रन्थ,89
रसोइए,64
सुपुर्दे,57
सप्ताहिक,28
दसों,196
जिम्नेजियम,178
मिर्चा,95
फुलका,61
कांटेदार,95
वत्सला,56
हैे,70
जालियां,79
बलिदानी,112
अभेद्य,70
मातारानी,56
ब्राम्हण,77
रणभूमि,194
रोकेगी,187
दिखलाई,1
कूटनीति,188
पटके,70
कुरेदने,47
आकृतियां,161
खीरे,195
कराहने,156
डूबती,20
बर्बरतापूर्ण,166
कबीरपंथी,94
जांएगे,155
टांगा,112
अक्रूर,9
अतिथिगृह,106
बलदाऊ,156
छैल,106
प्रतिघंटे,57
निश्छल,86
भेड़,179
वाद्ययंत्र,125
झुकाकर,117
अपनाता,85
सराहे,130
एनसीसीएफ,85
निपटाये,151
जेनरेटरों,31
कुलदेवी,77
शान्तिपूर्ण,40
गंधक,172
बलात्कारियों,71
दुलारा,9
पराया,194
ठहाकों,121
ऊबकर,9
सॉस,68
लदाई,59
खुलवाई,27
कृतार्थ,9
टटोला,7
लिखीं,152
चलवाई,136
खद्दर,115
ब्लाउज,160
जनभावना,26
वर्षवार,44
कथामृत,178
गन्तव्य,35
बेचेगा,38
सीखता,110
शोहदा,47
बहुलता,144
फकरुद्दीन,166
मोजा,131
कायरता,51
घिरते,28
चिंगारियां,39
फिनायल,82
सुहागिनें,43
पखेरू,124
भूलेख,133
रूखी,105
पचना,103
चौदहवें,174
मालुम,7
छपते,86
पैतीस,39
दीपकों,67
अबाध,43
ज्योतिषियों,9
बचाएगा,81
तगा,75
नबंर,78
अविष्कार,173
हूँ,25
बेंत,79
प्रशासकों,118
भेदने,137
पीटती,132
सहेलियां,115
मल्लाहों,79
रंगरूट,130
संवादहीनता,115
वालें,47
डांटकर,39
डूबो,40
नकारने,99
गर्वित,71
घनिष्ठ,189
शरदकालीन,38
लड़ेगी,40
खूर्द,79
जेनरेट,85
यांत्रिकी,162
आइफोन,197
जलेगा,102
उल्फत,155
ठप्पा,40
रूला,73
भूलती,119
उदर,37
धधकती,165
जनसुविधाएं,35
सिला,47
उन्नतिशील,111
गुनगुना,195
आरटी,18
विधिसम्मत,4
फुलवा,78
पौना,131
वर्धक,195
मोलभाव,59
जीतता,93
मध्यांचल,124
साम्राज्यवाद,188
जामनगर,120
घाटियों,184
थमते,56
अखाड़े,86
नादानी,47
प्रान्त,3
कथानक,152
चटकाकर,70
आपमें,43
विश्वयुद्ध,188
बनायेगी,178
कल्पनाओं,113
अभिनेताओं,34
तथ्यहीन,31
दुखिया,58
ग्यारहवें,174
दाम्पत्य,171
रेसलर,101
प्रतिरूप,138
फड़,107
राष्ट्रप्रेम,86
शपथग्रहण,31
प्रविष्टियां,59
मुख्यरूप,52
तालुकदार,115
मुद्रक,153
टहला,194
हाथापायी,2
घण्टों,106
नैवेद्य,9
संभालती,38
पर्यवेक्षणीय,85
रेडियोग्राफर,128
कुरमी,106
रेंगकर,67
फूलना,159
कमांडरों,188
अडडा,120
बजाती,125
मंगाये,183
उद्यमों,198
स्पंदन,98
निखरने,102
राउंडर,93
दुष्कर,151
वेष,9
पीठों,40
मणिकर्णिका,108
जयहिन्द,156
गोकर्णनाथ,194
आयोडिन,195
निहारा,107
विलायत,176
फोटोकापी,128
चौरंगी,139
सांयकाल,26
उल्लिखित,92
निर्विवाद,110
बारहवें,174
हालाँकि,48
सतत्,54
ब्लॉग,153
बनवाला,71
रजिस्ट्रियों,99
अराध्य,26
बालयोगी,26
क्षयरोग,43
गिराते,165
विमुक्ति,99
जाइये,157
विनाशक,111
किलकारियां,78
धुलने,73
गैरजिम्मेदाराना,112
आवाजों,115
यदाकदा,94
बहुविकल्पीय,133
काऊ,61
पीढी,94
खण्डों,162
बेंचे,85
हर्ज,47
दलबदल,166
बौछारों,156
वनीकरण,144
कामराज,120
ख्यातिलब्ध,86
सहगामी,31
रोधक,195
उगलती,124
कनीज,38
आर्कषण,18
जिम्मेवारियां,31
निकालती,70
मनकी,106
अग्निदेव,26
मिलीजुली,147
सृजना,178
आडंबर,190
फिरंगी,63
अहं,113
कायापलट,56
कईं,101
व्याधि,159
बरसानी,137
समानों,173
मृत्युजंय,94
मूर्तिकला,161
साफतौर,47
चिल्लाकर,121
अवकाशप्राप्त,187
बाड़ी,106
ठठेरा,131
सहायतित,39
मददगारों,47
जमाकर्ताओं,59
पूछें,153
चपाती,38
सूफिया,35
सुल्तानी,26
पर्वों,91
बैटरियों,181
जटिलताओं,5
श्रीफल,56
अत्याचारी,40
नारियां,108
वनविभाग,38
दिखें,191
अनीमिया,128
वस्त्रालय,38
टिक्की,160
उभरेगा,130
बुलाता,134
विलासिता,118
उगाए,97
गर्जन,124
शरणागत,9
खासमखास,128
अमरुद,95
उठायें,187
उपकर,59
प्राचीनकाल,80
ज्ञानपीठ,11
स्थानातंरण,178
आंतों,159
पधारने,108
चलनेवाली,23
बालिक,44
पुरूषोतम,26
कटवाना,58
लुहार,26
एसएसजे,102
महलों,161
चिकित्साकर्मियों,175
संवर्गो,57
विधानसभाध्यक्ष,52
तैरकर,61
संभालेगा,31
अतिश्योक्ति,27
ताबीज,183
भयाक्रांत,112
रुकेंगी,132
भक्षक,159
गैंडा,179
सम्बद्धता,56
शैंपू,109
साहिबजादे,111
हांफते,169
सूंघ,67
निर्देशकों,34
सिमटने,23
बुधिराम,64
खेलेगा,93
गुरूद्वारे,88
जगाती,190
घोंसले,179
फटका,70
टांगें,16
कलाइयों,82
खों,111
मलाईदार,195
नास्ता,119
नगालैंड,118
सोहा,115
समितिया,99
बसाना,173
संवारना,58
सत्याग्रही,193
लांघा,175
दधीचि,26
पेशबंदी,78
पाओगे,134
रिकॉर्डिंग,34
महत्वकांक्षी,24
चमकती,98
बेपरवाही,103
साजिशों,197
छुड़ाया,17
संभालनी,121
मुंशियों,182
कबाड़,20
निलम्बन,85
मनगढंत,119
पाणि,73
मिटेगा,73
राजमिस्त्रियों,173
दैविक,9
कबूतरबाजी,194
कर्जदारों,43
भारतवर्षीय,56
खोजों,162
गद्दार,193
क्रमानुसार,195
गुनाहगार,134
किशमिश,142
रेस्त्रां,27
पैथोलोजी,195
खौलता,47
माणक,147
नीरस,113
जूझे,78
भक्तिपूर्ण,108
फरिश्ते,22
गोरक्षपीठाधीश्वर,79
काटो,23
प्रणालियों,163
लेखों,84
जलाओ,71
हरना,124
लिटाया,178
जरुरतों,118
सत्यकाम,86
तलाशती,123
सेवार्थ,75
फिसला,47
नवाजिश,106
चील,179
ऑडी,101
परिचारिका,31
कष्टदायक,159
छुपाए,7
छटपटाहट,147
अभावों,51
समाग्री,85
डिजिटाइजेशन,31
तहलका,86
मंगाते,64
गोंद,68
गोदना,182
जनजन,77
कार्यावधि,139
आत्मकथा,84
प्रमंडलों,133
मानेगी,2
काकी,26
फेशियल,132
सेंसेटिव,85
सुरंगों,181
सचित,99
शिवकुंड,196
बाये,64
धुनें,125
अभ्युदय,189
युवाशक्ति,107
किश्तवाड़,182
कष्टकारी,35
डरती,142
घंटेभर,57
उपाधियां,54
अभिरूचि,4
बिगाड़ने,199
देवर्षि,91
फर्जीवाड़े,56
बंधना,130
विच्छेदित,195
फिरना,47
जलधर,56
खटिया,57
परिचालित,66
विदायगी,132
बसस्टैंड,122
कैरोसिन,121
प्रतिरोधी,5
तिथिवार,151
चराते,17
बहका,134
सन्देश,171
व्याख्याताओं,94
हींग,95
बतायेगा,56
थमेगा,130
सर्वनाश,51
कांस्यकार,175
नुकीली,16
रसीला,105
टपरी,147
कहतीं,56
सत्तारुढ़,71
हीनता,50
अमनचैन,79
साइकलिंग,57
पाद,91
चूम,112
छूटना,199
नज्म,178
धनुषधारी,156
इन्द्रधनुष,82
उफनती,132
अभिशप्त,175
अम्बर,52
कसें,71
दुकानो,82
अलमारियां,61
गालिया,139
विश्वबैंक,175
जुड़कर,98
एशोसिएशन,127
मिरगी,159
रेंगने,82
प्रार्थनापत्रों,139
तेरहवां,73
युगुल,119
दूरंतो,155
उद्धारक,112
तेईस,31
क्रीडा,56
उपदान,66
सपाट,145
छोटों,156
शूल,159
फुटबालर,139
मैन्यूफैक्चरिंग,99
हृदयरोग,43
पुर्नजीवित,64
चौमुखा,178
शकरकंद,95
संभाषण,75
बिकेगा,82
घबराया,196
ट्रॉलियां,137
राइफलें,128
कुश्तियों,173
कुल्ला,105
खंबों,106
योगासनों,56
विशिष्टता,149
गुस्ताखी,136
सगुन,52
शिक्षाकर्मियों,132
उठक,102
बिछाये,194
ट्रस्टियों,193
गोशालाएं,131
सौभाग्यवती,56
पखवाड़ा,35
सहभाग,61
पुकारने,134
लम्हा,39
चढ़ाये,67
प्रवरण,105
प्रचालन,141
विखंडित,85
एकाकी,113
छल्ले,98
ओवन,191
करधनी,164
समदर्शी,108
जुर्रत,17
रागों,113
औद्योगिकीकरण,144
जलप्रपात,184
चबा,105
महाकाव्य,89
दस्तकारी,75
कुरबान,64
बरपाने,78
टेकन,75
दूरियों,98
सिफारिशी,47
टाईब्रेकर,78
अभयारण्य,62
अर्जुनदेव,27
घुलने,195
ज्ञानवर्धन,99
दाब,172
जूती,131
मत्स्यपालन,144
विकृतियों,12
खुदे,88
शूरू,23
डंडी,160
कामनाओं,40
अभावग्रस्त,175
विराजे,44
रती,38
तख्तों,81
हृदयघात,139
जलेगी,61
मानिए,160
दिवाला,18
गुनहगारों,2
परिदर्शन,121
परिवारो,103
अविभाजित,118
दानदाता,31
प्लेटफार्मों,141
सीखो,142
ठुकराया,40
बावला,40
मचना,64
मासूमियत,27
शोधों,155
आंकने,85
उपनिषद,89
कानाफूसी,40
कर्मस्थली,52
भाईजी,51
हंसता,132
एकजूट,115
एलोवेरा,132
बहिष्कृत,51
सफा,38
नापा,98
सदनीय,127
हिलोरें,119
छड़ी,81
मधुरता,113
बिगाड़,48
बेवफा,67
श्रेयस्कर,94
धागों,8
अजातशत्रु,77
प्रांशु,69
मुख्यसचिव,199
उफन,39
वयस्कों,5
फिल्मांकन,34
अनुकृति,79
बदलो,7
कहलाते,138
बनमाली,130
घुली,195
उलझती,24
गांठें,75
राजद्रोह,193
एकत्रीकरण,59
चिकना,104
गोपियां,169
पोशी,69
लूटमार,127
यारी,47
दर्शाना,61
चरखे,61
चकरी,132
मिटता,9
बत्तियों,160
अभिप्राय,149
कालिक,99
फैलना,61
खींचातानी,187
त्यागना,199
पड़ेंगे,17
चिढ़ाते,67
मिटी,187
गुरुमंत्र,108
उपार्जन,59
बांधती,79
हटाएंगे,175
रखिए,7
जड़ी,68
गमला,67
तबेले,70
महामानव,51
छुए,7
कर्ताधर्ता,86
उभारा,124
बीजे,173
गिट्टियों,69
गोंडवाना,123
मद्रासी,127
रोपकर,95
दादीजी,124
तेलुगू,11
रुद्रप्रताप,137
उजला,61
मुर्दो,47
बसना,61
सरदर्द,105
आरएसी,168
खता,121
बीजने,178
अंको,85
मान्यताएं,132
रूपन,73
वायलिन,125
फाइनेंसरों,18
जीवांश,95
द्वादशी,77
ठंडाई,160
बेतुके,47
टोटका,121
प्रतिवादियों,85
हिजरी,192
थूकने,109
पावडर,95
अंगीकृत,85
मुंहमांगी,27
कमलनयन,196
निर्दलीयों,31
छलके,39
चट्टा,196
खगौल,151
गाथाओं,80
प्रदर्शनियां,133
बूटों,164
जनजागरुकता,111
पहनाते,67
सजाये,38
पिछड़,40
पृष्ठों,32
बुलाएं,47
चिमनियों,109
गैंगस्टरों,157
चीरते,157
गाइडलाइंस,18
विनियमन,170
मार्गदर्शिका,67
कल्पवृक्ष,77
ट्राम,72
वैद्यों,156
उगली,124
कुण्डल,70
रखाना,105
भांपने,111
जूलूस,182
खेतीबाड़ी,40
उत्पीडऩ,20
खर्ची,43
भ्राता,77
लगुन,58
बोवाई,95
शागिर्द,69
क्षतविक्षत,112
सूखकर,47
करू,176
योगिनी,77
उतारेंगे,103
पोंछने,194
तजुर्बे,190
फीके,28
घोला,38
सुखाया,68
गिराये,38
विलायती,72
आचार्यश्री,194
साईबर,31
पक्षाघात,5
ऑटोरिक्शा,133
उखड़,47
फलने,38
छबीले,64
खिजरी,137
मटकों,79
देवलोक,91
महिने,59
आत्ममंथन,130
आतीं,147
टालना,103
सुलक्षणा,86
गाठ,156
दमकलों,38
पम्पों,195
अंतरंग,51
कांपी,38
घायलो,20
दुखहरण,79
अपनत्व,4
बरना,182
धूलकण,61
पिंडारी,63
सुरक्षागार्ड,156
नाटिकाओं,122
उछालने,175
साध्य,113
नमस्तस्यै,79
गंगातट,56
प्रतिनिधिमण्डल,166
मझधार,130
बनवासी,137
स्वर्णजयंती,118
सम्मनित,86
रोगमुक्त,124
झकझोरा,9
सप्रू,86
रोगग्रस्त,159
कैबिन,132
विरुद्व,51
अंगारे,7
गोलगप्पे,95
धर्मस्थलों,26
रंगो,160
हस्तकरघा,118
पत्रिकाएं,101
पीलापन,159
सर्वसहमति,156
स्वायत्तशासी,120
बस्तों,133
दाहसंस्कार,9
चूल्हों,195
आस्थावान,9
पराठा,95
सुन्दरी,77
प्रतिद्वंदियों,103
मध्यवर्गीय,110
उतराई,118
कीड़े,97
कालीपूजा,58
फूलदार,164
कौतुहल,119
पुनर्नियुक्ति,66
पदच्युत,63
रूककर,156
थपथपाने,139
पर्चों,94
हांफने,64
लुभावनी,28
वजहें,196
प्रभुत्व,100
शक्तिधर,128
मचायी,73
बदनुमा,17
पथरीली,123
पट्टेदार,59
थलसेना,65
संतरो,168
बांज,109
पत्तेदार,95
छटपटाते,61
महगे,71
पलकों,16
संभालेंगी,99
जलमार्ग,123
मशीनीकरण,144
पिटा,28
ग्लेशियरों,123
गृहिणियों,112
रफू,58
छत्ते,104
उगता,97
भक्तो,26
स्की,181
मृदंग,9
प्रतिरक्षित,159
कौवों,78
पिटना,156
चौगुनी,85
दुखती,178
पदमाकर,124
मलते,70
मुस्कराते,112
भड़ास,166
राज्यवासियों,20
जगती,79
लालपानी,155
रसास्वादन,40
बायकॉट,136
सलीका,24
बैंकें,151
झंकृत,70
दोगुणा,43
अन्त्येष्टि,77
पिस्ता,95
समर्थको,122
खानदानी,137
नन्दा,88
व्यसनों,27
मौसेरा,175
भारतवासियों,51
अवशिष्ट,138
पुनस्र्थापन,133
खेलेंगी,93
रीच,39
जानकरी,157
मिलिए,122
लपके,38
मट्ठा,47
मुहाना,123
रघुकुल,86
असंवेदनशील,43
पोले,160
पोर्टिको,147
मंगवाते,2
जुटानी,56
सफाए,72
भाता,44
मौसेरी,71
चिल्लाता,102
छिन्नमस्तिका,107
चेताने,17
शिवगोपाल,72
विनियम,170
पहाडि़यों,88
दलन,124
संध्याकालीन,28
कर्मयोग,113
खिलते,105
तपते,132
उपाध्यक्षों,118
दहाड़े,47
कुंवारे,2
नार,47
मार्गशीर्ष,77
बन्धु,194
पनिहार,142
राष्ट्रों,13
गुणकारी,95
उपयोजना,118
अनचाहे,105
इसीलिये,113
आयटम,169
स्वालंबी,35
बाल्यावस्था,9
अपरहण,121
स्त्रियां,124
बिठाना,190
पुकारे,134
क्रिकेटर्स,93
जबिक,156
पयर्टन,44
तरफदारी,27
छाना,195
बहत्तर,155
चटकने,195
जगाओ,9
सुसंस्कृत,9
उतारेगा,190
निष्प्रभावी,85
पोतों,65
सराह,69
साभार,86
नापसंद,101
शिल्पकला,88
झोकों,23
देवत्व,113
लाइफलाइन,82
रफ्ता,47
फोड़ा,159
संसोधन,133
नाइस,101
पशुचिकित्सा,56
अपनाती,99
महाप्रबंधकों,99
ऐंठे,38
सर्वविदित,94
मचती,61
अनछुए,28
गिरफ्तारियों,18
सबेर,35
बनवास,56
विवरणिका,118
घटकों,163
मजाकिया,187
काटेंगे,142
जनकवि,26
तीतर,179
खोदते,95
उफनाने,61
पिस्तोल,78
डिहाइड्रेशन,73
पढ़ीं,176
भाती,7
गगनचुंबी,151
स्वामिनी,157
हुजूरी,17
अर्थात्,149
रौंदी,40
दिहाड़ी,107
शनै,137
पद्वति,4
सपेरे,132
असंगत,12
दयामय,17
अभिहीत,99
फारूखी,58
डेसिबल,43
ललाट,105
ब्रह्मचर्य,150
फीचर्स,101
सांचे,105
कराहता,82
सिन्धु,80
खरीदीं,71
राफ्ट,122
रेफ्रिजरेटर,181
बेतुका,31
सन्मार्ग,99
लेटने,64
वासुकी,26
मती,133
चुभन,43
मंझला,69
दोराहे,18
अनियमिताएं,168
सोसाइटियों,66
प्रतिपादित,149
मौलानाओं,196
मिलो,7
चट्टे,151
महरुम,47
फैलेगा,40
चेतन्य,164
कठिनाईयां,20
ऋतंभरा,168
गलाने,8
वनदेवी,28
लांघकर,175
संस्कारयुक्त,58
भेंजे,85
मध्यकालीन,80
कमाएं,108
आलोकित,9
सिनेमाहाल,44
जिए,199
बोधी,168
डोसा,95
मतवाला,156
रीठा,106
पैडल,181
एकसूत्र,111
योगमाया,26
गृहस्वामिनी,106
स्वशासन,13
पदो,56
मार्गीय,130
तदनुसार,92
बेनाम,153
शरमा,117
कमंडल,77
भिगो,195
पछताना,57
दिवालिया,59
इकाइया,197
दौड़ाकर,61
अटकाने,164
ढंके,79
पायरिया,75
बाईस,174
फैलाएंगे,190
गुजिया,142
एकाग्रचित,57
परजीवी,5
पंहुची,63
महाशा,147
उच्चत्तर,156
अभिजात,51
कम्पनियां,140
संवादों,113
छेड़,166
क्षत्रीय,108
प्रतिपालक,124
छोरों,98
न्यूनीकरण,144
ताम्र,8
मेंढक,16
यमदूत,108
सुनेगी,142
दुर्दशाग्रस्त,58
ईंटे,194
दैहिक,159
सुनाएं,69
बढ़ो,40
सोचो,154
घासफूस,95
आतिशी,199
अंतर्जनपदीय,31
अखाड़ों,24
मुददों,122
भगोड़ा,31
शिक्षाकर्मी,115
कुलेश्वर,26
छोडकर,133
रुतबे,47
उतम,9
रील,112
स्वंयसेवी,190
कचहरियों,39
स्मृतियां,51
पाजामा,194
लोकों,91
आयोगों,118
सौगंध,40
विषयवस्तु,32
सिनौली,120
जुएं,47
समष्टि,113
बंधकों,166
आधीन,63
बर्ष,18
घिसटती,95
सुपुत्री,86
कालीमंदिर,196
चिन्तित,76
कालीनों,119
गमों,9
सीमापार,99
परिस्थतियों,175
साइडों,61
मंगायी,102
अपरोक्ष,190
जगाएंगे,147
तहसीलें,120
चूस,105
रूपयों,107
विरक्त,42
परिणामस्वरुप,116
बिकेगी,38
संतानें,136
उजले,132
अनुज्ञप्तिधारियों,197
स्मृतिचिन्ह,155
लुटाने,64
बिट्टी,187
जलशोधन,78
छिपते,40
बिलखता,194
तोड़ते,81
अखण्डता,51
ढूंढ़ते,124
मनसुख,28
सेकने,58
गुरुवचन,67
अंगरक्षकों,193
सैकेंड,175
डरना,81
निपटेंगे,169
प्रियतम,113
धूलभरी,28
सुन्दरता,15
एंजियोप्लास्टी,159
यारों,58
भंजन,23
एकलाख,156
अवयस्क,59
शीर्षस्थ,178
बुर्जुग,9
धमनियों,5
भरवाये,119
आकृतियों,145
चरित्रों,152
तेलों,195
हबीबुल्ला,24
तत्समय,66
बैठके,115
रांझा,79
निकालीं,7
झुलाया,26
नजला,105
पीडिता,139
जुटीं,99
बुलाती,81
चश्मदीदों,78
होंगें,7
धाराशायी,168
डराना,47
सौदों,59
याशिका,112
एटलस,132
स्थापत्य,161
वहिष्कार,190
भूंकप,105
निंद्रा,112
नक्षत्रों,10
झुकाया,187
मजाल,47
छूता,123
दिलवाएंगे,119
दोहरायी,164
निखरी,107
दिवानी,139
गद्दों,64
सौंफ,38
अछूत,51
सींचा,165
ऐवज,47
इंस्टाग्राम,119
दानदाताओं,139
चमाचम,61
उगलवा,187
मृदु,195
बेतुकी,111
चीखती,124
उत्सर्जित,172
कलाबाजी,82
आक्रोशपूर्ण,27
चकबन्दी,70
पायजेब,73
काउण्टर,75
मूल्यांकित,59
खाईं,2
कबूतरी,9
रखनेवाले,55
अच्छाइयों,51
जानेवाला,185
खिंचवाई,156
छेदक,105
देखादेखी,173
अभिलेखीय,151
घिसटता,165
जहाजों,65
बोलियों,80
वॉट,181
विश्वव्यापी,198
कांटेक्ट,175
दशानन,9
थोड़े,48
घेरना,73
महाष्टमी,44
उच्चशिक्षा,133
खोलनी,165
बहुप्रतिक्षित,102
चीरती,7
रोई,23
स्लॉटर,101
श्रेष्ठतम,113
सत्संगियों,128
पतंगे,142
अराजनैतिक,190
ज्येष्ठता,199
टोटके,7
प्रलयंकारी,52
तनीषा,119
बांटें,124
कार्यरूप,51
बेदर्दी,175
कसबे,169
निरुत्तर,61
सहकार,190
चांटा,2
जुगनी,75
अनुचर,119
खंडीय,130
पंचायतघर,156
युद्धों,60
लोकमित्र,78
बहनजी,69
बिकीं,101
रखवाला,40
भूमिकाएं,34
जमानतदार,155
दूतों,2
कद्रदान,71
मूलधन,59
बतायेंगे,31
रंगीली,28
पुर्जो,78
उद्योगमंत्री,187
दरबारों,190
लिखवाए,9
आनलाईन,139
मंजिलें,79
कलपुर्जे,181
पहुँचने,46
स्वतन्त्रता,83
थोपना,156
मुसलाधार,142
भीतरघात,112
दातून,160
विद्रोहियों,90
गृहस्वामियों,169
दशमलव,98
तन्हा,47
नशेड़ी,115
ज्ञानार्जन,94
गाएं,72
रूपवती,171
सम्पत,86
नजारों,88
लाइसेंसधारियों,69
खिंचवा,173
नियुक्तिपत्र,175
हममें,134
खर्राटे,58
उत्तेजक,159
चाहतीं,112
कंकर,7
जगरानी,155
सोएं,75
पलने,109
आशावादी,51
फिल्मोत्सव,86
तटस्थ,65
व्यवस्थायें,56
बरतन,8
झलकने,18
छोटो,64
दुराचारियों,40
मनोभाव,113
तिल्ली,159
जन्मांतर,9
हंसाने,103
मोर्चाबंदी,166
गर्द,7
मसान,58
कृतज्ञ,40
ड्रैस,31
डोलियों,28
नौकाओं,15
हमलावार,178
पांवों,70
तुक,176
दीए,196
रिक्शाचालक,119
ऑटोग्राफ,93
पतों,153
फलदायक,111
पूजते,40
सहनशील,40
लीबिया,188
व्याधियों,159
कोरियन,85
मायानगरी,82
फुंकी,128
संघर्षों,189
पशुबलि,77
प्रतिबिंब,138
पेंशनों,133
उक्ति,113
लेखाकारों,59
यतीम,47
कत्था,183
घुलनशील,172
दुर्दात,28
रौंदता,61
प्रत्यायन,118
डिजायनर,82
विज्ञापित,101
फव्वारों,88
विराजित,77
टुकडे़,132
टकराती,98
बिकना,57
टंकण,85
मृतिका,128
रीछ,124
चुटकुलों,115
अंतर्मन,109
थामकर,132
पछता,132
हृदयविदारक,56
आईएमटी,166
तिलांजलि,190
अंतरात्मा,51
मुख्यमंत्रित्व,56
भिक्षुक,122
मधुशाला,23
व्यापरियों,39
उपला,70
श्रोतागण,151
इष्टदेव,77
केज,101
लुढ़की,106
अपराधीकरण,56
बंधकर,9
महामन्त्री,99
जुदाई,134
कबाड़ी,18
अस्ताचल,44
चंकी,119
लकवाग्रस्त,43
कालाबाजार,175
न्यायमित्र,130
गुलबहार,86
कविगुरु,115
शय्या,171
मसोस,151
लहराता,20
मलहम,195
सैन्यकर्मियों,119
नर्तकियों,125
सांड़,64
संशो,38
राजाज्ञा,9
न्यारी,112
मुगलकाल,192
समयाभाव,102
साध्वियों,190
मंझे,196
नवाबी,106
सिमटती,128
लम्हे,111
गिरिजाघरों,193
बेंदी,121
मंचीय,119
वरिष्ठों,4
उदाहरणों,162
भौतिकवाद,110
डांटते,102
उगाते,47
बुलन्द,22
कम्प्यूटरीकरण,118
वामपंथ,151
कुतिया,111
चरते,95
वीरभूमि,106
खींचता,117
उड़ता,142
समझाएंगे,142
ट्रैकों,101
उपनाम,84
वास्तुकार,161
बखिया,73
व्यवस्थागत,102
रीडरों,147
छोरी,52
गिरफतारी,102
किशोरवय,136
स्फूर्त,190
सरकंडा,121
धन्वंतरि,91
सांकृत्यायन,86
ब्रहमचारी,194
मर्दानी,86
सम्भावित,85
रेलों,181
अप्रतिम,94
प्रविष्टियों,153
सहकर,108
चोंटे,70
लुढ़ककर,165
सुलगने,128
सोहारी,194
पंड्या,52
भौजाई,58
सेवायोजना,197
लिखनी,57
माधवन,86
रक्षार्थ,108
खगोल,10
मैंस,119
आयोजना,118
उलझाकर,142
निवेदित,153
अज्ञानी,171
साथा,28
दानवों,91
पूज्यनीय,26
सिरों,1
पिरोकर,70
मध्यक्रम,93
चट्टानें,177
पैंतालिस,75
हरजी,168
नियोगी,20
असहयोगात्मक,124
उवर्रक,38
फतवे,166
वृश्चिक,77
धर्मशालाएं,88
भौचक्के,73
इमारते,7
विश्वनाथन,86
ओढ़नी,137
प्रतीक्षित,175
भगाते,160
खेतीबारी,123
पनघट,79
शस्य,105
मुवक्किलों,128
बुर्का,190
झल्ला,187
दरियाओं,47
रंगबिरंगे,179
विभेद,55
डसा,169
तराशा,79
सुधारात्मक,66
तुझको,47
गयो,38
उदघोष,31
डरें,7
नर्तक,125
भड़काऊ,190
एम्पायर,101
हक्के,112
जहन्नुम,22
अत्यावश्यक,14
खुल्ला,22
मारेंगे,40
लड़ते,126
संदेहजनक,197
उसूलों,193
नाकारा,136
बांटती,88
वकालतनामा,133
हुकुमत,63
फेका,31
रेलपथ,85
डिबिया,9
मुस्कुरा,47
सत्यवादी,171
बट्टे,59
गरजने,107
भीगकर,70
पलता,165
तारण,26
चाइल्डलाइन,122
वृद्धाओं,128
डली,196
बन्दूक,191
धर्मग्रंथ,77
डण्डे,58
हुरियारे,26
उपनगरों,62
बांझ,142
फेरियां,102
सार्वदेशिक,9
उत्तरवाहिनी,26
रखवाई,173
धांधलियों,166
अवकाशों,111
आक्रमक,107
मजारों,57
ओहदेदारों,122
बुद्धवार,194
कृष्णमय,147
सुनाईं,196
मोबाइल्स,175
प्रास्पेक्टस,58
तुच्छ,40
मैती,26
झालरें,79
जन्मशती,86
बुद्धिमता,99
थोडी,44
छूटती,186
सटोरिये,70
उपजातियों,95
मानवतावादी,189
चिकित्साकर्मी,43
कंठस्थ,113
दीवारे,124
अकेलेपन,136
रजऊ,175
ठोकरों,31
रचाकर,115
जीवनसाथी,76
फरमानों,115
सम्पादित,94
कलाकरों,23
भौंकने,179
चाहो,134
दफनाए,112
पहचानकर,157
स्टंप,70
दौड़ते,81
मंगलकारी,9
पराई,39
छींटा,67
प्रत्यर्पण,115
निष्फल,173
बननेवाले,185
नाचती,132
संभालता,59
अतिक्रमणों,105
भये,44
नुस्खा,85
चॉक,28
तख्ता,111
अधरंग,132
बाहुबलियों,194
आंतकियों,38
अरुणोदय,182
खर्चीला,64
छप्परों,35
भाड़े,59
पाठशालाएं,155
हटाएगा,155
मलमूत्र,159
नेस्तनाबूद,47
लड़ना,176
अड़चन,99
सर्वहारा,51
ठहरता,9
निशानियों,134
घरेलु,181
थका,81
फरमाने,165
नाखुशी,47
वर्दियों,31
पंजाबियत,197
सरोबार,194
रंगेहाथों,156
जगता,168
भाजे,156
कठोरतम,130
छानती,121
डराकर,102
धर्माचार्यो,9
बगलें,78
प्रबंधिका,136
पंसदीदा,190
कहेगी,7
उड़ने,16
विद्याओं,91
अश्रु,105
बारहसिंघा,95
बजाता,160
चिकनाई,195
घोट,124
मानवीयता,9
चहेता,187
सुलभता,144
दरगाहों,106
परायणता,44
चंद्रोदय,9
पहचानी,105
तीर्थंकर,150
नहाकर,165
संदर्भो,94
ज्योतिर्लिग,77
ताशे,28
बुझकर,7
कौवे,7
जगतनारायण,111
लीडरों,157
लेके,58
तोलने,67
जवाबों,153
रसीदों,59
सोलहवीं,167
घुसता,70
दरबाजा,102
पारिस्थितिकी,144
अजैविक,195
इनामों,197
बिछुआ,139
सूक्ष्मता,113
फैलायी,24
घोडे़,26
तिनके,142
खौलते,81
सहजन,64
पिताम्बर,57
दिखनी,132
काउंटी,180
बिरले,164
ऐनक,64
आवर्धन,98
न्यायपीठ,133
विद्वता,189
फंसाते,121
चूमती,72
बलिदानों,178
रूढि़वादी,51
प्रतिस्पर्धी,140
टुकड़ों,37
बरसता,47
सूझा,7
स्नानघर,106
बेगाना,20
अनुभवहीन,166
हिचकिचाहट,71
गोरैया,157
प्रत्यय,149
विश्वगुरु,124
आइंदा,165
भाषणबाजी,43
विघटनकारी,112
मजनूं,57
उड़ाते,81
नकदीकरण,59
पल्लवित,113
संकीर्णता,51
मायाजाल,27
परिवर्तनशील,138
षष्ठम,56
मुर्गीपालन,95
निर्भीकता,51
लगाईं,72
अरबपति,101
कुलदेव,194
प्रतिद्वंदिता,166
रातोरात,44
हैरतंगेज,24
द्रव्यों,12
आक्षेप,100
पंचक,77
सुलाने,139
तथ्यात्मक,85
मेहमाननवाजी,28
अभिज्ञान,113
बजीं,199
उत्तराधिकारियों,192
श्रृंखलाबद्ध,175
गरमागरम,128
पार्टटाइम,119
चिल्लाया,81
अठन्नी,57
रिसाइकिल,64
चक्रधारी,132
कुटुम्ब,66
मगरमच्छों,179
टोयोटा,181
गाता,125
सर्दियां,123
सदाफल,183
मंजन,61
गिरिजाघर,139
दादाजी,86
जिंदगानी,139
पढें,130
मरवाने,71
ब्रह्मस्वरूप,106
परिस्थति,58
विषैली,185
निषादों,194
सुस्ता,196
उपदेशक,9
जिताना,67
ट्राफियां,101
तरना,57
सिखाकर,199
अभयदान,108
वृद्घा,28
सनशाइन,101
क्षैतिज,98
बुदबुद,61
सिक्खों,192
दूब,105
रहनुमाओं,73
फिसली,175
रस्मी,197
बांयी,98
घमंडी,171
पूजने,47
बाउण्ड्री,178
सिलने,69
उपजाने,195
सूतक,108
अल्पकालीन,59
रेजर,168
उठाओ,47
कूंचा,178
गुफाओं,161
प्रेमभाव,171
छानकर,195
बुराईयां,197
टिकने,165
रीतियों,50
अंशदायी,59
जिनेंद्र,57
सदाचारी,9
बाइ,101
मलीन,73
बुरादा,195
करुणानिधि,193
राजवर्धन,173
सेकेण्ड्री,99
राजशाही,158
टेलीस्कोप,181
प्रखण्डों,133
पहचानती,99
बंधियों,24
अर्जियों,17
आंगनवाड़ी,118
उपखण्ड,120
रुकावटें,111
लपक,47
कूचे,67
जियोलॉजी,147
फिटकरी,195
झूमी,107
भ्रुण,185
शनिधाम,43
जुड़ाव,4
टांका,70
झंडू,122
मनीषियों,113
विरासतों,122
महाकौशल,182
सिसकियां,173
तरकश,139
अपनाओ,40
हाटों,103
उपली,58
रुकीं,38
नीलगिरी,179
वृत्तचित्र,34
रसायनशास्त्र,94
फकीरों,7
पनडुब्बी,65
पीपों,195
जिल्लत,175
सर्वव्यापी,113
यातनाओं,187
मंगलगीत,106
जिन्दाबाद,157
चालों,111
ठहराना,2
खुराफात,109
संबन्ध,94
पीसने,195
अकादमियों,118
झटकने,137
बम्बा,106
पटाने,147
टेलीग्राम,193
बंजारों,24
सपंर्क,43
गिरगिट,61
कटीले,199
हथियाना,157
लेखानुदान,169
तिब्बतियन,165
टेके,124
हस्तशिल्पी,99
झमेला,79
गद्य,152
कीर्ती,26
संसारी,9
धर्ममय,168
सन्दर्भ,162
अपनाएगी,175
अनोखेलाल,26
सुलझाई,4
बंबई,167
तलक,24
निजता,31
उपचुनावों,18
तम्बू,122
सुहागन,26
प्रक्षेप,98
लड़े,126
बैनामों,196
फंसाये,61
पाखंडी,108
सर्कुलेशन,18
सहती,197
सुनाती,56
विकृतियां,95
स्नेहिल,169
राजपरिवार,192
महापुरूष,35
धन्नो,175
अभ्यस्त,105
टालता,111
भण्डारी,119
शत्रुओं,42
भेंटवार्ता,71
सति,9
जीवाश्म,37
पुरातत्वविद,52
ढकोसला,176
नोटो,156
भटूरे,44
हिरनों,38
सीरियलों,56
परिहवन,168
सहेजकर,26
बहकाने,7
छुटभैया,132
व्यूह,173
झुकाने,67
फास्टफूड,68
खीझ,157
मसजिद,7
माइक्रोस्कोप,159
संवत्,150
ईमानदारीपूर्वक,173
पसली,70
बढ़ावे,166
सैकड़ा,128
अनुमानत,79
मुंहतोड़,58
भक्तगणों,157
छूटता,27
लहलहाते,178
ख्यातिप्राप्त,94
सेंटीग्रेड,177
शर्करा,5
विकासखण्ड,182
पीहर,20
सुरीले,112
मौते,27
हंसना,61
दिलाओ,47
पूर्णागिरी,120
स्पीकरों,151
अरण्य,77
अलापने,111
उलझाए,40
निर्दयता,24
बेगानी,61
बंधपत्र,66
मान्यताप्राप्त,66
खदेड़ने,63
पण्डाल,27
छिनी,111
सम्पत्तियों,59
मजबूरियों,190
राष्ट्रगीत,86
चलायें,132
नर्सरियां,4
लौहपुरुष,194
सर्वदा,91
अनिष्ट,9
संक्रान्ति,77
पाबंदियों,23
बोझे,47
मौहल्ले,106
तपने,38
वेटरिनरी,35
जैतून,95
फटकारते,107
भूस्वामियों,69
उभार,185
नपुंसक,107
प्राचीनता,80
छींक,142
उतराते,178
महका,132
खिसकते,98
विश्वस्तर,18
बेरंग,70
पगला,197
करवायें,71
देवकुंड,78
सावरिया,139
मण्डप,161
कार्यपूर्ति,75
कट्टरपंथियों,56
खिंचाव,16
विकासकारी,190
ढूंढ़ना,173
गुनगुनाते,58
ख्वाबों,119
ढलती,124
सत्यनिष्ठा,56
समानान्तर,98
तौहीन,187
चक्रानुक्रम,175
भक्तिगीत,108
भारतमाता,169
रजाइयों,35
खुशामद,43
अदंर,31
चुकें,131
पियें,195
बताशा,142
जगाए,51
चलाएंगी,71
परदादा,176
रीतिरिवाज,77
कालापानी,173
खंडवार,175
प्रशसनीय,73
हिमखंड,61
केन्द्रो,99
सुलगते,173
विश्वरूप,9
ट्यूबलाइट,70
धारावाहिकों,34
चिन्ताजनक,27
नामांकनों,101
त्रुटिरहित,156
दुर्घटनावश,117
सिरी,79
लॉलीपॉप,78
टायफायड,38
धूना,26
फेरते,47
खटोला,79
नर्म,104
प्रणीत,113
आक्रामकता,166
बारुद,107
नागवंशी,182
मुझमें,176
कूड़ादान,130
अंगना,56
फैनी,57
निमेश,108
हरिदर्शन,57
लांघने,127
मंझली,119
आवासी,118
बंदगोभी,95
छूत,95
दस्तकार,99
फूलबदन,133
भूदेवी,26
विवेकशील,51
हड़प,176
चींटी,105
कालीमाटी,156
घेरेगी,61
सामाजिकता,9
मुंडेर,157
बताएंगी,178
साहिर,26
तमाशबीनों,20
पहनेंगे,142
गौसेवा,130
अतिथिशाला,56
तीरे,79
फिरती,81
धोखेबाजी,190
जीवंतता,23
एरोन,197
माँगी,176
झेलता,2
विवेचन,149
बहक,47
किलेबंदी,115
बिछानी,164
पढ़ेगा,57
डालियों,95
इंद्रधनुषी,24
जुराब,61
झुण्ड,95
बंधेगा,35
सेगमेंट,101
श्रीचरण,132
भूमंडलीकरण,99
दहकते,183
तरसता,103
लोंग,128
झुककर,81
शैशव,9
चुस्कियों,82
बिछाते,183
कंघी,105
खर्चों,59
खिसकता,98
छानते,82
भट्टियों,8
सांढ़,165
जायेगें,78
खुश्क,47
मारेगा,58
बटवारा,39
अविभावकों,71
तात्कालीन,18
बॉयफ्रेंड,119
खिलाती,165
आसना,122
पागलपन,110
सांवला,23
तकलीफें,47
मंडराया,156
तवे,70
नियंत्रकों,85
सूरतेहाल,131
रुदन,43
मरघट,26
चतुर्वेद,108
नेग,155
जीवाणुओं,5
निरुपम,39
व्यापकता,113
ढूंढती,7
पधारो,130
विस्फोटों,65
त्रिगुणायत,190
अनुपलब्ध,153
व्याघ्र,26
मनवांछित,132
मनवाते,119
राउंडअप,142
व्योम,124
शॉक,70
बनाईं,169
मंझले,142
आईसक्रीम,99
चमकीला,98
गन्दा,160
चिताओं,111
दौड़ी,2
दर्शाये,31
प्याली,39
भालुओं,117
चलायेगी,128
गद्दारों,99
तिरूपति,194
अनानास,95
निषिद्ध,43
जागेगा,124
जगहें,57
रंज,47
मापन,163
इमला,119
खेदजनक,175
अमृतधारी,27
कोरमा,38
बादामी,79
प्रकांड,11
गॉव,182
पुनि,157
रोचकता,94
गारा,195
विरल,138
जलेंगे,124
नौंवा,102
भड़का,176
कीटाणुओं,159
नौरंगी,2
आईने,178
एडमिनिस्ट्रेटिव,99
तलाशनी,17
पुनरोद्धार,79
पदवी,60
आस्तीन,115
गंवाया,119
अपवित्र,124
नवम्,35
धर्मग्रंथों,77
अदाकार,101
लहसून,119
मायना,108
बचीं,69
भुलाने,128
जनशिक्षा,190
सेखुई,122
पाकशाला,197
अग्रज,77
रसधारा,107
बायोपिक,119
अरुचि,43
तरसा,20
सडकें,168
साम्राज्यवादी,188
डराते,47
गुनगुने,105
सफलताओं,54
पढ़नी,99
कश्ती,47
भुजंगासन,78
घरौंदे,194
गैंडे,179
दोतरफा,35
बरसना,28
कर्णधारों,31
भेंटे,194
शराबखोरी,64
हटती,98
आजमाई,122
संर्पक,28
तिलमिलाए,64
धुकधुकी,43
क्रेनों,160
सभाध्यक्ष,133
लाओगे,47
हुक्के,28
औद्योगीकरण,144
उगलना,155
विध्वंसक,65
सूंघने,105
नवान्न,44
चिढ़ाने,199
अतिमहत्वपूर्ण,123
पर्वतों,184
आनेवाला,2
मनस्वी,173
स्थनीय,51
नपाई,70
तानों,39
चुंबकीय,138
असक्षम,133
लुप्तप्राय,179
सावधानीपूर्वक,144
मझले,122
नापतौल,190
खुदवाए,52
प्रकाशमान,40
खालें,47
छल्ला,98
अभिनेत्रियों,148
महोगनी,123
आरोहण,9
गोकुला,136
लाभान्वितों,99
सगंठन,18
खिलायी,128
युक्तिकरण,85
पंचगव्य,119
मचाये,194
महगांव,67
सेतू,156
सार्जेंट,191
जनभागीदारी,106
जुटाएंगे,119
नामुराद,47
कॅालेज,64
अंत्याक्षरी,102
जताता,40
हस्तनिर्मित,132
घिसट,103
जनप्रिय,190
गर्मागर्म,151
ग्रीष्मकाल,177
संपदाओं,118
जैनियों,77
सार्वभौमिक,36
तास,156
पदाभिहित,66
ब्रम्हा,77
अश्वगंधा,195
ताल्लुकात,78
भुजा,98
आयत,47
फहराए,72
जन्तुओं,37
चढ़ाएं,38
छत्तीसगढ़ी,182
सड़,47
बेदर्द,73
सफलताएं,166
प्रपात,184
सौतेलापन,43
उत्तरदायित्वों,118
जगमगाते,178
मिलनेवाले,132
किताबे,22
पचाने,159
पिटते,122
ढक्कनों,61
वृद्धजन,118
टांगकर,142
अपीलकर्ता,168
प्रसिद्घ,194
दिखावटी,64
परीक्षायें,86
घोड़ी,70
संध्याओं,196
मसलक,24
सलटाने,39
सताएगी,61
हृदयस्थली,128
तरु,137
अनुवांशिक,159
वास्तुविद,99
आयुसीमा,156
किरायों,71
हिलते,105
अतिव्यस्त,61
फफूंदी,195
तरसती,124
सुहावने,38
शूरवीरों,102
जाएंगीं,58
पदयात्री,64
नहींं,178
दिव्यता,113
विषमताओं,4
फैलाती,185
मखमली,82
कौरवों,150
श्रेयांस,58
रंगकर्म,151
प्रादुर्भाव,149
जीतें,115
नेमप्लेट,78
नागों,77
लूडो,24
रामायन,94
रेडियोलोजिस्ट,139
महाराजाओं,26
उर्वर,123
पंक्षी,69
कलमा,47
करामात,82
