word,cluster
में,185
लिए,65
किया,5
गया,5
हैं,80
नहीं,113
सिंह,78
पुलिस,5
दिया,72
करने,156
कहा,191
रहे,191
बाद,173
करें,122
साथ,133
रहा,122
रही,145
बताया,63
हुए,15
लोगों,191
उन्होंने,15
होने,168
गांव,185
लेकर,17
जिला,185
इसके,25
एवं,169
क्षेत्र,185
द्वारा,86
हुई,173
लेकिन,157
लिया,173
सरकार,120
अपने,191
विभाग,16
मोबाइल,65
वाले,127
दौरान,157
आदि,63
सभी,169
मौके,1
फोटो,122
देखने,41
जागरण,78
जाने,48
दिन,191
नगर,185
तथा,169
जाएं,48
निवासी,185
लोग,17
बैठक,120
शुरू,157
कोई,113
हुआ,173
ताजा,199
करते,113
खबरें,1
समय,4
जाएगा,113
तीन,25
मामले,62
रुपये,184
कारण,168
पहले,72
थाना,185
पूर्व,185
विकास,156
संवाददाता,5
अन्य,169
जानकारी,65
कुछ,191
दर्ज,5
शर्मा,78
जांच,65
अध्यक्ष,120
स्कूल,170
यहां,109
अधिकारी,86
किसी,113
उनके,191
कार्य,169
पास,191
स्थित,185
कार्यक्रम,184
अस्पताल,184
वहीं,15
पंचायत,185
बात,191
पानी,125
किए,113
मांग,16
बच्चों,168
खिलाफ,5
बार,50
रूप,169
बजे,185
काम,113
उन्हें,191
कार्रवाई,62
तरह,59
देने,62
प्रदेश,185
महिला,133
उसे,191
वर्ष,185
मौजूद,59
अपनी,191
उसके,191
शहर,185
चुनाव,150
हजार,109
सूचना,86
दोनों,113
केंद्र,185
निर्माण,185
सहित,184
टीम,50
देवी,161
घटना,22
विद्यालय,170
मुख्य,185
शिक्षा,170
चार,109
बीच,36
प्रशासन,16
बिजली,3
रात,191
शामिल,157
जिले,185
होगा,113
कार्यालय,16
संवाद,158
इससे,113
मौत,72
उपस्थित,7
करीब,185
लाख,185
सुबह,72
दिए,113
नाम,161
पांच,50
अधिकारियों,16
कराया,173
जाएगी,113
आयोजित,11
राम,161
कहना,15
जारी,5
इसी,17
निर्देश,86
काफी,157
करना,48
प्रधान,86
जाता,80
प्रखंड,185
जबकि,17
व्यवस्था,156
आने,36
प्रसाद,78
घायल,1
आरोप,5
किसानों,14
योजना,16
तहत,16
लगा,191
आयोजन,11
वाली,3
अवसर,11
सोमवार,185
संख्या,25
अधिक,3
शिकायत,62
ग्रामीणों,100
उनकी,72
बंद,199
इसमें,17
राज्य,185
समिति,120
परीक्षा,170
अलावा,185
अभियान,67
मामला,62
ऐसे,113
अनुसार,63
चाहिए,48
युवक,78
मंदिर,9
पहुंचे,173
सचिव,120
ग्राम,185
रोड,185
पत्र,158
पुत्र,151
मंगलवार,173
उसकी,191
जहां,184
होगी,113
शनिवार,133
मिल,1
कराने,86
पूरी,113
बुधवार,173
शुक्रवार,11
छात्र,170
पार्टी,150
विभिन्न,169
रविवार,121
फिर,191
मंत्री,120
शाम,72
साल,157
अभी,17
आरोपी,62
गयी,5
जाए,113
स्वास्थ्य,156
जिसमें,133
वहां,62
गिरफ्तार,72
स्थानीय,185
निगम,16
विधायक,150
प्रभारी,120
समेत,185
बनाने,139
माह,185
लाल,60
श्री,78
परिवार,173
दिनों,143
प्रदर्शन,157
इसकी,185
प्रयास,28
सरकारी,16
सामने,191
ग्रामीण,16
जिससे,3
सदस्य,120
बैंक,184
समाज,28
सुरक्षा,156
वाहन,184
समस्या,168
किसान,14
पूरा,113
देश,67
बारे,158
चलते,191
लगाया,48
हत्या,76
रहने,191
मिलने,72
बाहर,199
बाजार,184
सहयोगी,5
स्थिति,169
दूसरे,113
लगे,191
पदाधिकारी,120
चोरी,72
शिक्षक,170
प्रतियोगिता,50
भाग,109
मार्ग,36
मुख्यमंत्री,150
स्थान,109
प्रतिनिधि,120
सफाई,127
सकता,3
छात्रों,170
मंडल,185
मिली,173
होती,80
कर्मचारियों,16
आदेश,62
पहुंच,184
पिछले,65
लेने,62
होता,80
विरोध,197
नेता,197
प्राप्त,86
जगह,36
तैयार,48
सेवा,16
उनका,15
परिजनों,1
अपना,72
देर,127
जनता,120
चालक,73
प्रति,156
मिला,173
गंभीर,168
संबंध,169
संघ,120
अलग,25
जमीन,60
भवन,14
अध्यक्षता,120
जाती,80
वालों,191
उक्त,86
कर्मचारी,16
जल्द,72
प्रकाश,73
राष्ट्रीय,120
गुरुवार,173
बना,17
जाम,36
करेंगे,113
विशेष,169
स्तर,156
स्टेशन,185
व्यक्ति,113
लगी,36
महिलाओं,168
थाने,1
होकर,36
कमेटी,120
गये,76
राय,78
उसने,191
परिसर,185
देते,113
देकर,15
संबंधित,156
तरफ,191
पूरे,185
समारोह,11
उपलब्ध,65
प्रथम,54
सात,173
शिविर,76
शिक्षकों,170
भारत,185
सभा,150
बच्चे,168
लगभग,185
इसका,25
आगे,191
विजय,151
राशि,86
भर्ती,5
अशोक,161
दूर,36
वर्ग,185
परिषद,120
दिवस,11
मां,121
लाइन,65
होते,80
मारपीट,1
घंटे,185
पंजाब,185
प्रमुख,185
पिता,151
रखा,191
छात्राओं,170
पहुंची,173
आया,191
उसका,113
अवैध,62
इसे,73
दुकान,1
अगर,191
पता,122
इलाज,168
जमा,48
जिस,191
कोतवाली,29
आधार,169
विद्यार्थियों,170
जेल,76
नजर,1
मतदान,120
ज्यादा,133
लगाने,3
जिलाधिकारी,185
खेल,50
यदि,113
कर्मियों,156
दोपहर,36
सबसे,185
बोर्ड,16
चौक,185
भाई,72
प्रशिक्षण,16
शराब,127
ट्रक,1
सवार,191
बावजूद,72
पूजा,161
सदर,185
जाते,80
डीएम,31
हालत,191
गांवों,185
निरीक्षण,86
आरोपियों,62
हालांकि,65
युवा,11
चुकी,191
सदस्यों,120
वाहनों,184
सके,113
कार,133
बरामद,1
विद्युत,3
भारी,36
भेज,72
अनिल,121
चुके,191
जिसके,113
जीवन,192
नेतृत्व,197
चला,36
सहयोग,156
मनोज,78
भारतीय,120
वापस,1
बनाया,17
मार्च,5
वितरण,139
कुमारी,78
परेशानी,1
करके,113
कंपनी,184
प्राथमिक,3
प्रकार,117
कार्यकर्ताओं,120
कही,15
कराई,14
वजह,59
कृषि,139
पति,15
ध्यान,28
कोर्ट,5
संगठन,156
होना,168
जाएंगे,48
दूसरी,17
संबोधित,11
आपूर्ति,139
ताकि,113
लाभ,48
माध्यम,156
निर्णय,86
हाथ,191
बढ़,127
मुताबिक,67
बारिश,36
मिले,173
होंगे,113
सामान,127
विवाद,62
पाया,25
ऐसा,113
वाला,17
राज,76
सकते,80
संचालन,16
बिना,22
अजय,173
आंदोलन,197
जाना,100
वरिष्ठ,120
विधानसभा,150
देख,191
कुल,185
हाल,72
आवेदन,86
बने,9
भेजा,191
देखते,191
रखने,22
मंडी,185
तेज,199
चुका,191
मुकदमा,5
धरना,1
जिलाध्यक्ष,96
भूमि,109
ठाकुर,78
अदालत,62
पत्नी,151
इसलिए,113
बनी,17
रैली,5
जैसे,80
प्रतिशत,139
कहीं,191
सूत्र,169
फरार,1
क्या,191
सूची,122
परेशान,72
तैनात,67
साफ,127
तहसील,185
बनाए,113
अंदर,199
शासन,76
सुविधा,184
गाव,29
भगवान,161
दर्जन,98
बाबा,161
लगातार,133
उधर,72
पक्ष,86
समस्याओं,28
अतिथि,121
क्षेत्रों,156
अभियंता,31
मुख्यालय,185
फसल,60
मुखिया,120
करता,113
यात्रा,185
निदेशक,16
आवास,16
चर्चा,28
शादी,121
सहायक,31
थानाध्यक्ष,186
उपाध्यक्ष,120
वर्षीय,157
सांसद,150
निजी,16
आसपास,109
सकती,168
दास,78
जान,191
प्रत्याशी,120
तैयारी,1
ब्लाक,100
बाल,183
सिविल,16
भुगतान,184
पहचान,65
खराब,65
सेक्टर,184
पूछताछ,62
सम्मानित,78
जनवरी,5
अधीक्षक,62
ज्ञापन,122
प्रवेश,36
स्थल,109
प्रबंधक,65
प्रक्रिया,169
विचार,28
उच्च,156
कभी,125
पीछे,191
लगाए,127
कमी,168
इलाके,185
जाकर,15
जमकर,1
आश्वासन,145
वेतन,86
जून,5
सप्ताह,133
तहरीर,59
यही,191
रेल,185
हासिल,72
बताते,98
विश्वविद्यालय,170
यूनियन,5
केवल,169
मदद,72
उत्तर,185
मैदान,36
खंड,86
मौसम,25
मरीजों,168
मगर,191
स्वागत,11
मकान,1
रोक,113
निर्धारित,86
खुद,72
बेहतर,59
नदी,109
पुल,109
अंतिम,5
ठीक,113
पेश,72
लगाई,33
खर्च,184
सिर्फ,72
लूट,76
बहुत,17
जरूरत,65
कार्यकर्ता,197
प्रभावित,169
बेटी,173
कर्मी,14
राजीव,120
द्वितीय,54
दें,113
नेताओं,197
घरों,191
उपचार,168
महतो,98
केन्द्र,185
समीप,109
सही,122
उपायुक्त,62
मार,72
जनपद,161
तौर,65
योजनाओं,156
हादसे,1
उर्फ,78
विद्यालयों,170
लगाकर,125
यात्रियों,185
अंतर्गत,86
फरवरी,5
संयुक्त,67
चेयरमैन,5
पार्षद,98
लगने,46
संस्था,16
गेहूं,60
मृतक,62
देखा,191
दीपक,183
रहता,80
उद्घाटन,11
कल्याण,14
राहत,48
संतोष,15
प्रदीप,179
घोषित,120
प्रस्ताव,120
सफल,121
नामांकन,5
पाल,78
आयोग,16
लोक,120
पेयजल,100
मीटर,109
जुलाई,5
पहली,157
प्रबंधन,156
कक्षा,73
न्यायालय,86
प्रदान,156
रहते,125
बदमाशों,59
गंगा,109
धान,60
सीमा,185
करवाया,9
सामना,67
दिसंबर,5
इधर,191
मांगों,62
महासचिव,120
अतिक्रमण,179
जीत,50
स्थानों,109
पदाधिकारियों,14
तलाश,191
टक्कर,73
नुकसान,22
माता,161
अज्ञात,122
लागू,86
जरूरी,156
मंच,11
राजकीय,120
बीडीओ,186
युवकों,145
दिशा,73
अतिरिक्त,169
शीघ्र,113
दिवसीय,50
उसी,191
पार्क,185
प्रेम,15
रास्ते,36
चलने,36
प्रत्येक,48
ऐसी,113
संस्थान,170
विरुद्ध,15
घोषणा,5
सुभाष,78
प्राथमिकी,96
बल्कि,191
चौकी,29
चंद,78
चंद्र,78
कब्जे,76
मनाया,11
केंद्रीय,16
तभी,7
कहते,125
रखे,113
गोली,1
बयान,191
जवाब,72
प्रयोग,169
युवाओं,11
गर्मी,125
रखी,191
सामाजिक,28
आनंद,155
चयन,65
लक्ष्य,156
किशोर,121
नीचे,125
आते,36
सरपंच,98
गुरु,161
केंद्रों,184
महीने,143
प्राचार्य,78
लापरवाही,22
कोशिश,1
तीनों,63
बजट,184
क्योंकि,113
प्रधानमंत्री,120
किनारे,109
चोरों,71
पेंशन,86
युवती,183
समाधान,156
पहुंचने,133
समाप्त,5
पालिका,185
श्रद्धालुओं,9
तमाम,191
प्रस्तुत,28
कदम,5
बनने,11
संजीव,78
सवाल,62
खरीद,184
वोट,120
चिकित्सक,168
शाखा,169
गैस,3
अचानक,127
करती,3
इनमें,25
जिसे,17
चले,191
पवन,73
नवंबर,5
जागरूक,156
करवाने,62
व्यक्त,28
छोटे,25
हिस्सा,185
मतदाता,120
देना,48
सुधार,156
विभागीय,62
विषय,192
संघर्ष,197
दुर्घटना,5
चेतावनी,122
मध्य,109
रहती,172
बता,191
अगस्त,5
सम्मेलन,120
आयुक्त,86
गिरफ्तारी,5
संपन्न,169
मेला,9
अक्टूबर,5
किये,65
दुकानों,184
थीं,173
हजारों,109
यातायात,184
प्रताप,78
साइकिल,133
काबू,79
तालाब,109
खाली,122
खेत,60
समीक्षा,65
लिये,7
संबंधी,156
मेले,9
मोटरसाइकिल,1
शांति,145
पूर्ण,169
गायब,79
हंगामा,1
समक्ष,86
मात्र,63
आकर,36
उससे,191
अधिकार,86
परिजन,179
आलम,72
स्वामी,161
हमला,76
दिखाई,125
कब्जा,76
कानून,86
लेते,113
दर्जनों,29
चिकित्सा,168
दवा,168
चलाया,76
बनाकर,191
संपर्क,122
बीते,83
गठन,16
चपेट,79
रोजगार,16
महाविद्यालय,170
सौंपा,120
माध्यमिक,170
भविष्य,156
विज्ञान,169
तत्काल,22
सम्मान,11
सत्र,5
दुष्कर्म,179
चरण,65
हेतु,86
निरीक्षक,62
जिन,191
क्रम,169
फैसला,72
समर्थन,5
आर्थिक,156
रुपए,184
परियोजना,184
अवगत,113
साढ़े,29
पुरस्कार,121
चिकित्सकों,168
लाखों,109
बैठे,191
डेढ़,109
एक्सप्रेस,185
रोकने,168
बस्ती,17
सामान्य,169
भूमिका,121
पंकज,78
सैनी,100
मजदूर,145
वर्षो,155
स्थापित,16
पाई,25
राजकुमार,173
दर्शन,63
निज,83
शुभारंभ,11
राजस्व,184
निकाली,125
मिलकर,17
माहौल,156
दूसरा,36
बेटे,72
वर्तमान,185
योग,63
उम्मीद,72
स्थापना,120
साहिब,78
फीसद,100
बनाई,185
पढ़ाई,170
डिग्री,3
विश्व,67
जिम्मेदारी,16
रहेगा,113
सफलता,121
आवश्यक,169
करेगी,62
सितंबर,5
परिणाम,22
भगत,78
सहायता,156
पहुंचकर,4
गंदगी,61
मजदूरों,145
स्वयं,15
धर्म,161
मनरेगा,14
पर्व,161
संत,161
रवाना,173
इंतजार,122
राशन,31
आधा,125
रोष,145
तरीके,65
सुनवाई,62
बातचीत,5
गलत,122
झारखंड,185
मालिक,72
मामलों,86
हमारे,113
घायलों,79
प्रमाण,192
लाने,113
बिल,62
जख्मी,1
चोर,72
प्रशासनिक,16
धमकी,72
ट्रैक्टर,31
महिलाएं,100
क्षेत्रीय,16
क्रिकेट,50
फिलहाल,5
गरीब,145
खत्म,5
प्रधानाचार्य,78
लौट,72
पंचायतों,14
अधिवक्ता,62
उपभोक्ताओं,184
यात्री,185
दुकानदारों,79
इनके,63
पटना,185
दैनिक,158
निकट,36
पहल,14
मरम्मत,184
जायेगा,122
मोर्चा,76
अरुण,78
उसमें,113
विद्यार्थी,170
होली,128
हमें,113
आगामी,5
रवि,121
पक्षों,86
तार,73
इलाहाबाद,78
दाखिल,62
मिलेगा,113
जाति,192
डाला,191
भ्रष्टाचार,120
प्रचार,145
बचाने,127
मिलते,109
निकाला,125
करनी,48
साबित,72
पाए,25
तृतीय,54
उठाया,191
पुत्री,151
ऊपर,125
हिरासत,62
स्तरीय,156
सजा,1
मरीज,168
वक्त,191
कमरे,41
पशु,60
असर,168
पर्यावरण,156
व्यापारियों,67
नया,122
नियुक्ति,120
अंजाम,72
घाट,109
रंग,199
खबर,1
इतना,191
ताला,122
पहला,157
चली,17
व्यापारी,184
तहसीलदार,100
जागरूकता,156
पाने,62
अभाव,169
उनसे,191
विभागों,16
संचालित,184
देखकर,15
परंतु,169
निर्वाचन,150
खेती,60
देंगे,191
कस्बे,185
सूत्रों,63
अंक,158
शुल्क,184
जयंती,11
उठा,191
ज्ञान,192
आह्वान,145
टिकट,5
पटेल,78
पैसे,184
नारेबाजी,49
वसूली,86
लगाते,191
चलाने,19
पार,36
रात्रि,128
नौकरी,170
शहीद,173
कराए,48
जुलूस,29
निकल,125
नहर,36
दिलाने,145
करे,113
रानी,151
चालकों,73
बढ़ाने,139
मुक्त,156
संयोजक,31
तिथि,122
शौचालय,31
अगले,50
सांस्कृतिक,155
भोजन,60
संभव,169
राजनीतिक,197
खाद्य,139
कला,155
जिसकी,17
कैसे,7
संरक्षण,156
पंडित,78
बीमारी,168
वार्ता,145
नियमित,65
फर्जी,1
उद्देश्य,156
करेगा,113
आगरा,185
बदमाश,56
बरसात,61
खुशी,72
मशीन,65
दुकानदार,56
शिकार,127
दिये,76
महत्वपूर्ण,169
जोर,28
मैं,191
ठंड,199
तीसरे,50
कीमत,184
वितरित,65
कथा,161
मतदाताओं,120
तुरंत,22
खास,56
पालन,192
रहेगी,113
मुश्किल,65
जिसका,17
मिनट,185
धारा,86
शुरुआत,157
किलो,60
पैसा,184
बूथ,31
पैदा,191
सिंचाई,60
विजेता,50
जन्म,161
दावा,62
जिलों,185
मजबूर,72
छापेमारी,79
आशा,15
करवा,173
प्रत्याशियों,49
इलाकों,185
खेतों,60
मौका,133
बढ़ा,113
मिट्टी,125
विशाल,109
हटाने,65
अरविंद,78
मानव,169
रहीं,173
भरा,125
रांची,185
संदेश,122
बालिका,78
निकाल,191
बचाव,22
लोकसभा,150
बधाई,11
नाथ,78
विस्तार,169
पुरानी,54
सिर,125
ठेकेदार,18
आर्य,161
उपाध्याय,78
उचित,48
बसों,185
होटल,184
बातें,191
वैसे,192
क्यों,191
व्यापार,184
कटौती,86
सेना,76
दबाव,77
नशे,127
परिवहन,184
मार्केट,184
जब्त,62
अफसरों,76
आशंका,22
उत्पादन,139
अपराध,62
पाठक,158
पुराने,185
समापन,11
मान,73
उद्योग,139
हालात,72
संकट,67
जताया,179
योगदान,170
पीने,127
सुशील,78
नियमों,86
प्रबंध,156
मारने,72
दहेज,98
उनको,191
बिक्री,184
बाढ़,36
परिवारों,11
रोडवेज,100
सख्त,191
महामंत्री,78
लागत,184
संदिग्ध,62
गली,41
अध्यापक,170
बहादुर,76
लाया,113
सामग्री,65
विधान,150
रहेंगे,191
अधिकांश,25
रोग,168
जताई,5
अर्चना,161
तापमान,25
प्रतिदिन,60
संभावना,168
अपहरण,1
स्वच्छता,14
महाराज,151
आरक्षण,16
करवाई,119
विनय,98
मुआवजा,62
शहरी,185
संकल्प,86
निकले,36
पूजन,161
स्पष्ट,192
इस्तेमाल,65
खाते,48
मोहल्ला,29
लिखा,158
मुहैया,184
गीत,121
कार्यरत,16
खनन,3
बहन,72
खाद,60
गंभीरता,22
मांगी,62
हमेशा,72
न्याय,192
जूनियर,157
गौरव,78
माल,113
मिलेगी,113
गठित,16
किशोरी,78
गणेश,9
माना,63
सुरक्षित,65
तत्वावधान,170
ज्योति,128
शरीर,117
नीरज,98
शांत,183
किलोमीटर,185
मनीष,121
अपराधियों,113
पिटाई,1
धार्मिक,155
आदर्श,28
रास्ता,72
मुकाबले,133
बाबू,78
नवीन,28
उमेश,78
याद,191
अभिभावकों,22
बढ़ने,3
मजबूत,156
सिपाही,76
छानबीन,62
मजिस्ट्रेट,62
मीडिया,65
कश्मीर,185
सौंप,76
महेंद्र,78
निस्तारण,48
चारों,109
घटनाओं,28
आबादी,185
कक्ष,9
दोषी,62
कन्या,161
ब्यूरो,16
होनी,169
चक्कर,125
महोत्सव,11
अच्छी,127
गुहार,49
ग्रहण,192
प्रतिमा,9
ढंग,28
सोनी,68
पदों,86
भक्तों,161
जवानों,1
दौरा,157
लंबी,25
आये,173
उम्मीदवार,120
सोने,125
कमल,9
शक्ति,192
सुविधाएं,184
नृत्य,155
अहम,67
राजनीति,197
जायजा,1
नीति,156
गति,73
अनेक,63
मास्टर,170
सुमन,78
जंगल,36
शोर,199
पैदल,109
खाने,127
फाइनल,50
गीता,63
दूरी,109
सुनिश्चित,156
गरीबों,14
बीज,60
लंबे,199
कार्यशाला,11
लेना,113
हूं,83
उपभोक्ता,184
संस्कृति,155
मोटर,3
गृह,120
प्रवीण,71
भीतर,80
खूब,191
अनुमति,65
खुले,36
अखिलेश,78
दीप,128
आती,125
चौराहे,29
सब्जी,60
चालू,65
दूध,127
बादल,36
नियुक्त,120
वीरवार,128
नियंत्रण,156
कार्यकारिणी,120
अनुमंडल,29
सक्रिय,65
जवान,72
प्रवक्ता,5
ओमप्रकाश,52
आता,36
लिखित,158
काट,125
जर्जर,179
अध्यापकों,170
अफसर,1
नकदी,184
वार्षिक,184
संचालक,184
अजीत,78
आदमी,72
मिलता,63
विवाह,151
विश्वास,192
वृद्धि,3
नाले,36
विरोधी,197
डाल,191
यज्ञ,161
निकासी,3
निकला,36
इन्हें,63
कार्यक्रमों,156
चालान,48
सुविधाओं,184
सभागार,29
बच्ची,1
किस,113
शेष,48
शपथ,120
राजा,151
बीस,173
आक्रोश,145
इकाई,3
गैर,156
लाइसेंस,184
डाक्टर,78
पुरुष,192
दरबार,151
धनराशि,86
दोबारा,72
न्यायिक,86
इनकी,63
पाठ,122
तैनाती,67
बताई,63
गन्ना,60
बालक,128
तकनीकी,156
उपस्थिति,3
वही,191
लक्ष्मी,161
जुर्माना,62
उपयोग,3
संगठनों,156
कमिश्नर,76
वित्तीय,16
जुट,76
निकलने,125
जैसी,127
धरने,23
उम्र,121
साथी,72
प्रतिभा,158
जगहों,109
समूह,65
आवश्यकता,3
रक्षा,14
बतौर,122
वित्त,16
भरने,199
श्रद्धालु,9
डालने,127
प्रदूषण,3
पौधे,25
दौर,157
सर्वे,100
कंप्यूटर,65
टूट,125
घटनास्थल,1
चाहते,122
बकाया,48
हवा,125
महत्व,169
अभिषेक,78
भजन,128
सुधीर,78
गुप्त,151
आजाद,76
प्रेरित,28
लुधियाना,185
दिखा,191
अनशन,1
बाधित,22
बजाय,65
लगता,125
सामुदायिक,156
सीधे,113
अलीगढ़,185
जाच,56
हमले,67
रफ्तार,59
आना,127
तेल,3
विधि,169
स्वच्छ,60
बदल,65
दुकानें,185
पशुओं,60
पहुंचाने,22
पेट्रोल,3
उठाने,113
इसको,17
वंचित,145
अंत,67
अधिनियम,86
बुरी,191
भेजी,191
आशीष,96
पूर्वी,185
प्रधानाध्यापक,78
खाना,127
पाकर,15
गौरतलब,186
चुनावी,120
विकेट,50
आश्रम,161
उत्साह,155
बेहद,121
कहां,83
रोशन,121
पंप,3
क्षतिग्रस्त,199
मूल्य,84
संस्कार,161
महज,1
चिकित्सालय,87
मृत,127
ट्रेनों,185
रोज,1
छोटी,199
साथियों,72
लंबित,62
बेचने,184
वक्ताओं,145
बढ़ती,3
आपदा,179
कारोबार,184
हिमाचल,185
बाकी,50
प्रारंभ,169
हिसाब,113
नजदीक,185
कराकर,48
प्रार्थना,15
कुलपति,170
पुतला,59
दिक्कत,56
मुलाकात,122
धूप,125
इंचार्ज,33
भेजने,122
सोसायटी,170
मतगणना,100
देता,113
जिम्मेदार,156
इतनी,125
मेहता,78
नियम,169
सार्वजनिक,16
सर्जन,22
जायेगी,122
कांड,78
कोषाध्यक्ष,100
स्कूली,170
पुष्टि,22
अखिल,120
अच्छा,191
अनाज,60
धर्मशाला,29
बीमा,184
कानूनी,62
मात्रा,3
वीरेंद्र,78
समस्याएं,168
विहार,9
आवागमन,185
खतरा,168
प्रतिनिधियों,120
रखते,113
मांगा,186
भरे,125
लें,113
विद्या,63
फुटपाथ,1
मजदूरी,48
श्रेणी,25
कौन,191
यमुना,109
खोलने,122
सुंदर,9
चीनी,185
मारकर,191
भ्रमण,161
आत्महत्या,1
पोल,133
नागरिक,16
अंचल,29
जिनमें,25
चयनित,122
लेंगे,191
ससुराल,98
सामूहिक,100
रक्तदान,79
जुटे,145
निकालने,3
पदक,50
मिलती,109
महंगाई,48
चिंता,22
क्षमता,3
निर्मल,128
समर्थकों,197
गोदाम,184
आक्रोशित,1
मुंह,127
भाव,63
फायदा,59
कौशल,156
पत्रकारों,5
अमर,78
मुद्दे,156
अंकित,63
अच्छे,191
प्रदर्शनी,11
बृहस्पतिवार,98
टूर्नामेंट,50
फसलों,60
काली,109
निगरानी,156
न्यायाधीश,62
स्वरूप,63
कार्यवाही,86
याचिका,62
भरोसा,191
भेंट,173
भेजे,191
समुदाय,145
अनुसूचित,16
घंटों,199
पहुंचाया,59
हाथों,191
गुणवत्ता,139
बांध,109
करायी,14
कस्बा,185
एडवोकेट,62
ढाई,29
नाटक,158
धीरे,25
दुरुस्त,59
रुपया,48
फूल,60
हमारी,113
मानदेय,100
सकेंगे,113
गुरुद्वारा,29
उनमें,191
सागर,109
ममता,78
बदलाव,65
गिरने,174
व्यवसायी,5
मेहनत,72
सेवक,15
बुलाया,72
संध्या,15
अभ्यर्थियों,14
परीक्षण,65
काटने,125
इंतजाम,1
हरी,60
फैसले,62
मना,72
हथियार,67
दफ्तर,72
पर्यटन,185
धूमधाम,9
पर्याप्त,3
घेराव,23
पुरस्कृत,11
सौंपी,120
स्वर्ण,11
मेरे,191
स्व,78
ऑटो,184
टाटा,184
फीस,86
शाह,76
सदन,120
प्राथमिकता,156
पूनम,98
भव्य,9
मोहल्ले,29
कैलाश,161
कलाकारों,121
सत्ता,145
आरती,128
संगीत,121
पश्चिम,185
टीमों,50
प्रभाव,169
अस्पतालों,184
संसाधन,156
त्यागी,78
भारद्वाज,78
बेटा,72
विशेषज्ञ,65
तत्कालीन,120
नामक,54
लापता,1
बोल,191
निकली,25
दीवार,41
खाता,48
शुरु,173
पत्थर,36
राजमार्ग,185
शिक्षण,170
राजधानी,185
उपरांत,161
राज्यों,16
देखरेख,16
डाक्टरों,186
रेखा,73
साहब,76
अवकाश,11
रुप,122
बच्चा,127
सड़क,185
भरी,36
व्याप्त,28
आपसी,145
अगुवाई,76
चावल,60
भले,175
संपत्ति,86
औद्योगिक,139
बढ़ी,196
पश्चिमी,185
दर्द,168
रोजाना,29
रखकर,7
जिन्हें,113
आभार,15
वरीय,31
सारी,191
बताए,192
चलता,125
इनका,63
कायम,67
एकता,145
सुनाई,15
दलों,120
हादसा,71
पूछा,72
हवाले,72
डॉक्टरों,168
राख,125
मुस्लिम,76
नाराजगी,145
मंत्रालय,16
सलाह,62
अनुदान,16
निधन,78
रणनीति,156
सूरज,36
गोष्ठी,186
मुझे,191
नये,122
छूट,86
श्रद्धांजलि,11
बहाल,67
जुटी,79
बीमार,72
स्वीकृति,86
कंपनियों,184
मंदिरों,9
लीटर,199
तीसरा,185
भागने,72
भक्ति,63
प्रेस,158
इतिहास,54
दिलाया,15
समझ,191
विकसित,3
हित,86
अमन,72
बढ़ावा,156
शोक,15
सहमति,86
फीसदी,184
बिहारी,78
मुहल्ला,29
सूबे,29
सकें,113
समान,117
शोभायात्रा,33
वातावरण,3
जाएंगी,48
दुनिया,72
अपराधी,113
प्रेमी,121
लाठी,191
जानी,184
कीर्तन,128
अंग्रेजी,158
खरीदने,184
परिवर्तन,169
स्वीकृत,86
उत्पन्न,117
भावना,28
उतर,36
माने,63
राज्यपाल,120
अभिभावक,98
आरंभ,155
नागरिकों,16
घुस,36
नाला,29
अधिकतर,25
बदले,113
चोट,168
बदलने,65
छुट्टी,1
बैठा,191
कार्यपालक,86
अक्सर,127
विगत,14
हों,113
खून,69
आचार्य,63
सत्यापन,122
समन्वयक,14
व्यवहार,28
लिखे,158
सुनने,191
जाया,36
मूल,169
अवधेश,98
मुहिम,72
बीएसए,56
मूल्यांकन,156
गुजर,1
दायर,5
पढ़ने,122
निलंबित,62
हत्याकांड,76
बीमारियों,168
पोलियो,79
न्यूनतम,3
क्रय,48
वर्षा,36
बुजुर्ग,98
पैर,199
कराना,48
तैयारियां,186
भूषण,78
नीतियों,156
करवाए,94
बंसल,98
सचिन,50
अथवा,117
आवासीय,185
मांगे,62
मानें,59
सफर,72
भाषा,155
प्रस्तुति,121
रहना,113
आयु,168
गतिविधियों,156
दीक्षित,78
चौराहा,29
दर्जा,120
ऑनलाइन,65
जलकर,125
दीपावली,128
हस्ताक्षर,5
नाराज,76
खोल,125
तलाशी,62
फांसी,76
दाम,48
समाचार,158
दिखाया,72
बनकर,15
अंतरराष्ट्रीय,5
शिरकत,72
निशान,125
तनाव,168
बाग,9
सुनकर,15
विवाहिता,179
सदस्यता,5
मैनपुरी,78
तैयारियों,186
फैल,36
आवंटन,184
चंदन,33
डीजल,3
नशा,56
कविता,155
दरअसल,145
देरी,65
ऊर्जा,3
कोतवाल,4
बसें,185
मान्यता,11
जोरदार,1
देहात,185
सालों,157
अदा,72
प्रावधान,86
महाप्रबंधक,62
संस्थाओं,156
कपूर,68
प्रगति,156
पंजीकरण,16
छापामारी,186
सोच,28
मालूम,191
सीटों,150
पदार्थ,117
दलित,145
गले,125
पचास,48
रोका,113
उत्सव,9
विश्वकर्मा,128
बाजारों,184
बैठ,41
बदायूं,29
बाहरी,73
प्रस्तावित,184
डेंगू,79
परीक्षार्थी,186
कारणों,168
स्वीकार,145
ललित,155
केन्द्रों,184
कागजात,62
मूर्ति,9
राष्ट्रपति,120
मनमानी,186
सेवानिवृत्त,5
दहशत,59
समाजसेवी,78
कार्यकारी,120
महसूस,22
चलाई,100
चाय,60
थानों,56
खरीदारी,184
अर्पित,78
सारे,191
उम्मीदवारों,120
मस्जिद,76
महानगर,185
सेवाएं,184
बगैर,59
खेलों,50
शिकायतों,86
विदेशी,16
मानसिक,28
अनुपस्थित,186
चुना,5
करार,62
लिहाजा,49
आखिर,1
घरेलू,184
मुजफ्फरपुर,185
हिदायत,191
डाक,122
धाम,161
एकत्र,113
पीटा,134
पारा,25
सेहत,79
शिकायतें,62
ट्रैक,133
आसमान,191
योजनाएं,184
सिलसिला,72
देती,125
राहगीरों,23
वकील,62
पुराना,185
कार्यकाल,120
लक्ष्मण,161
पेपर,65
गिरी,36
मनाने,11
बचने,22
निवास,109
सहारा,148
आवंटित,16
मांगने,1
शरण,15
आयी,72
एकत्रित,3
श्रम,156
सेमिनार,170
बंगाल,185
प्रणाली,156
व्यक्तियों,86
गलियों,29
विमर्श,28
सूर्य,73
मचा,191
आग्रह,28
मनोहर,78
अधिकतम,3
पंजाबी,78
काला,60
सौरभ,78
बंदी,76
उल्लेखनीय,155
चुनौती,5
प्रांगण,9
हार,50
पाते,113
इंकार,62
दिल,191
जिंदगी,121
प्रसार,169
परमजीत,186
किरण,73
परिचय,155
खोला,184
पानीपत,76
जवाहर,78
श्रमिकों,156
अवतार,161
वृद्ध,83
पंजीकृत,16
त्योहार,128
आधारित,65
वैज्ञानिक,169
अनदेखी,145
तले,72
स्वतंत्रता,197
सारा,15
कहने,191
ठोस,3
चलेगा,113
ग्राहकों,184
शिशु,168
मुफ्त,184
नाबालिग,1
परीक्षार्थियों,49
बीती,186
फेंक,191
अंतर,169
पाली,109
मृत्यु,15
द्वार,9
विकलांग,14
साजिश,1
स्मृति,63
कलश,9
भीषण,76
सर्विस,5
काउंटर,65
अवधि,86
मंजू,78
तीस,100
समस्त,192
टीमें,50
बालू,125
स्नान,128
राष्ट्र,67
कुरुक्षेत्र,161
डाली,191
बचा,191
संगत,169
भक्त,161
प्रकट,192
बारह,128
आंखों,199
चेहरे,127
स्थायी,169
शिनाख्त,59
तारीख,86
बनवाने,29
भोला,98
सुझाव,65
चलाए,48
बर्बाद,72
सचिवालय,16
संज्ञान,62
बहिष्कार,197
मारी,72
प्रेरणा,155
बांका,98
शारीरिक,168
व्यापक,156
हमारा,113
कामना,15
समाजवादी,197
सहकारी,16
मुक्ति,15
प्रतिभागियों,156
कैद,76
समझा,113
विदेश,120
नकल,122
सायं,98
जिनके,113
हमीरपुर,185
तत्वों,169
अनियमितता,22
पंच,161
सख्ती,191
बुरा,191
चांदी,33
चन्द्र,78
स्टोर,122
वीर,151
बीत,15
हवन,128
निधि,86
नगरपालिका,185
मौलाना,76
लघु,169
नायक,121
हादसों,79
पंचायती,14
देखी,36
गार्ड,133
सराहना,11
शुरूआत,157
गश्त,79
अनिवार्य,86
संग,23
रिक्त,122
वेलफेयर,100
चुनावों,150
पटरी,31
खुला,36
कैमरे,65
मौजूदा,65
पारित,86
मंगल,73
विजयी,76
मौजूदगी,3
समझौता,5
रखना,48
पार्षदों,100
नरेन्द्र,78
बैठने,41
शानदार,11
सुरजीत,98
बर्दाश्त,59
होंगी,113
रोशनी,199
इतने,191
आसानी,3
देवघर,128
लगते,125
चेन,133
संसदीय,120
अभियुक्त,62
सरदार,76
दान,15
डालकर,125
कार्यालयों,16
सैनिक,76
खुली,113
जबरन,76
नोट,65
रिक्शा,29
शोभा,128
दक्षिण,185
तलब,59
पट्टी,122
ग्रेटर,185
स्थलों,9
गाय,60
आपस,191
चाहती,72
सीडीओ,49
कमजोर,22
भाषण,197
बराबर,113
परेशानियों,98
निरस्त,62
मायके,98
हिंदू,161
रखें,122
तस्करी,79
पलट,191
अनियंत्रित,168
टेंपो,56
पहुंचते,41
ऐतिहासिक,54
वंदना,128
पेट,69
विशिष्ट,169
रेट,31
बागपत,185
मेरी,191
दरवाजे,41
खारिज,5
छोटा,109
हैंडपंप,23
बुखार,168
ढेर,125
उसको,191
नाली,199
राह,191
कवायद,1
रहें,191
छावनी,29
नष्ट,25
कप्तान,50
पौधरोपण,100
मशक्कत,33
पश्चात,15
आजादी,197
शिक्षिका,98
शशि,121
आस्था,155
मनाई,11
गाजीपुर,185
कचहरी,98
बनाना,48
बढ़ता,25
घटनाएं,22
हटा,122
ज्यादातर,65
पत्रों,158
खेला,50
दिखाकर,49
आधुनिक,155
उदय,54
प्रभात,179
प्रतिनिधिमंडल,120
उल्लंघन,62
यहीं,161
उठाए,113
प्रकाशित,158
हिंदी,158
मुकाबला,67
एकजुट,197
गईं,173
अमल,59
सहारे,125
उठे,191
सेंट्रल,185
खेलकूद,11
आधे,25
मोहित,183
शहरों,185
हुये,161
कबड्डी,133
संस्थानों,16
बोले,191
अगली,121
अधिग्रहण,184
सास,183
छापा,1
कैंसर,168
मुहल्ले,98
गिरा,36
दिखे,121
लेखपाल,100
खतरे,22
सलाहकार,120
आलू,60
कोयला,3
छात्रवृत्ति,170
पोस्टर,121
प्रजापति,161
कुशीनगर,185
अनुरूप,169
भाइयों,173
काटकर,125
संहिता,86
छीन,15
भूख,127
हटाया,22
क्षति,168
पीछा,72
सेल्सियस,25
सूचित,65
उपकरण,65
चित्र,155
रंजिश,118
स्वस्थ,168
अतिथियों,179
सांस,199
नींद,127
सभासद,96
उपजिलाधिकारी,100
अल्पसंख्यक,67
गाली,186
लूटपाट,76
सत्संग,128
बंधक,184
क्विंटल,60
तकरीबन,185
रूपये,184
चाहे,113
हिस्से,36
ठेका,48
प्रांतीय,120
निकालकर,125
निश्चित,7
बदला,191
बचाओ,59
दौरे,157
शांतिपूर्ण,67
बिलासपुर,185
प्रकोष्ठ,14
शोषण,145
नमाज,17
गर्म,25
बुलंदशहर,29
साइंस,170
दबोच,23
मानक,65
जीता,50
गौर,98
नायब,59
नकद,184
कवि,155
महीनों,1
मित्र,15
बढ़ते,3
सर्व,63
महादेव,161
बढ़ोतरी,184
सर्दी,36
वासियों,4
उपलक्ष्य,11
चलें,59
दूबे,98
विवश,15
पंद्रह,173
प्रसिद्ध,54
दशा,113
मासूम,72
मार्गो,100
दाखिला,170
संरक्षक,15
डेरा,4
सेवन,168
सर्वाधिक,155
फाटक,71
मारा,72
नारे,197
गोल,199
नवरात्र,128
पात्र,121
रोगियों,168
करंट,31
उठाई,145
चुने,120
दर्शकों,121
अभय,98
किराया,184
विस्तृत,169
गावों,29
शैक्षणिक,170
नलकूप,61
संस्कृत,63
झुलस,23
तकनीक,65
जेवर,59
मांगें,35
समर्थक,197
पूछे,122
अनुरोध,5
सुख,192
प्रशांत,67
दरभंगा,78
रहकर,15
उठाकर,41
पहलवान,50
सवा,33
निशाना,1
अवस्था,117
समर्पित,9
देगी,113
विदाई,98
वार्डो,56
जनप्रतिनिधियों,100
सर्वसम्मति,120
अति,117
निकाय,86
चलाकर,79
लाकर,191
बारी,41
गणित,63
नतीजा,72
नालियों,60
विषयों,28
व्यस्त,122
आकाश,36
जिन्होंने,15
बनाये,65
महात्मा,78
संदर्भ,169
प्रतियोगिताओं,50
दोस्त,72
दशक,157
गर्भवती,168
चाकू,199
मालिकों,184
स्थगित,5
लाश,72
हाजी,173
इटावा,185
बढ़ाया,48
टोल,100
घुसकर,59
खुल,125
पत्रकार,158
प्लान,184
तालाबों,60
जेब,1
फूंका,59
अवश्य,113
आचार,28
संचालकों,14
परिस्थितियों,169
कितने,113
टूटी,61
संगीता,98
बैठकर,183
कुंवर,78
जहर,168
पुलिसकर्मियों,1
पुलिया,61
विष्णु,161
टीकाकरण,168
कार्यों,156
वेबसाइट,184
फंसे,79
चलती,36
गन्ने,60
वापसी,5
मैन,121
झंडी,1
फिरोजपुर,29
सिख,76
प्रसव,168
गंदा,33
खाद्यान्न,60
उत्पाद,139
सराहनीय,14
जल्दी,191
दिखाने,122
सूरत,17
गुजरने,73
आएगी,113
जगत,63
यानी,100
हराया,50
मुद्दों,156
संवेदनशील,168
बगल,29
भेजकर,59
रिश्तेदार,72
फीट,109
वैन,133
शिलान्यास,100
दायित्व,86
कैंट,29
पर्चा,186
तस्वीर,122
जाट,76
परिचालन,184
फीडर,107
कराते,14
हेक्टेयर,60
अनुज,151
जताते,59
गला,127
खातून,49
लुटेरों,4
डाले,191
कामकाज,14
सुनी,191
मानना,28
अभ्यर्थी,14
किल्लत,96
मिलाकर,60
आबकारी,100
दंडाधिकारी,186
शोध,170
मारे,72
खुलने,184
देगा,191
मुकदमे,62
ससुर,4
सील,199
घंटा,73
निंदा,145
लगेगा,59
मिलन,15
ध्वस्त,76
उच्चाधिकारियों,100
पथराव,179
तीसरी,173
आतंकी,67
निदान,168
सत्य,192
आत्मा,192
लेन,184
विरूद्ध,145
मनोरंजन,121
हकीकत,49
प्रखंडों,100
महासंघ,67
आपराधिक,62
कलाकार,68
वेद,63
ओझा,161
आला,59
घोटाले,5
निपटने,156
खेलने,50
भागवत,63
सीता,161
साधन,169
विमल,78
कैबिनेट,120
बवाल,59
नितिन,98
साहित्य,155
मामूली,127
अकादमी,158
चाहता,191
बेच,184
लाई,125
पसंद,122
रजिस्ट्रेशन,14
स्नातक,170
बसंत,183
राज्यमंत्री,120
हवाई,185
जाये,22
गठबंधन,67
गणमान्य,78
विधायकों,120
जानने,113
कहकर,15
रामचंद्र,78
चौथे,50
इंटरनेशनल,157
हर्ष,161
सदस्यीय,120
चार्ज,65
शाही,76
भागीदारी,16
जानलेवा,79
कराएं,48
माफिया,1
आगमन,54
आएंगे,96
मंजूर,62
मंचन,121
पुस्तक,158
पूर्ति,156
श्रद्धा,161
कंबल,61
लिपिक,31
विक्रेता,184
लंगर,59
ताले,59
उतार,191
देखे,36
मिठाई,60
कटान,148
गोस्वामी,161
जलापूर्ति,148
लगाना,48
कारोबारी,184
दिनभर,33
दसवीं,161
जैसा,113
महासभा,120
जलभराव,100
दिलाई,173
ग्यारह,153
तिलक,78
खासकर,67
परंपरा,155
मेरा,191
माल्यार्पण,35
मानते,192
बीबी,72
उपमंडल,100
खुर्द,185
चाचा,173
तब्दील,67
आधी,36
मासिक,158
इंस्टीट्यूट,170
जीटी,133
ऊधमपुर,96
स्पष्टीकरण,86
कोहराम,71
फटकार,59
लोगो,191
प्यार,121
कामयाब,72
कमला,78
पुलिसकर्मी,1
बाला,72
देशों,67
रजिस्टर,48
दक्षिणी,185
आसान,59
दमकल,79
भूकंप,148
बुलाकर,4
व्यवसाय,184
बाधा,168
आपत्ति,62
होश,179
ग्राहक,184
विधिक,86
जागरुकता,14
अनुराग,78
काटा,199
मजबूती,3
बताने,122
प्रदर्शनकारियों,1
दुख,15
हरकत,59
प्रतिबंध,5
लिखकर,158
संविदा,86
गुलाब,60
बेटियों,72
प्रमाणपत्र,86
गुजरात,185
दोषियों,1
सटे,109
अधीन,86
वाद,86
वकीलों,62
जेवरात,33
संसद,120
आशीर्वाद,161
पौधों,25
कोहरे,148
जलस्तर,148
शुद्ध,117
चैंपियनशिप,50
रक्त,168
बचे,17
भीम,161
सरिता,128
वादा,191
चलना,113
निभाई,68
प्रतीक,155
ठगी,186
उत्तम,192
बजाए,65
उजागर,28
सवारी,36
पाठशाला,78
लौटने,173
सुबोध,7
उत्तरी,185
सेवाओं,184
दूषित,168
काले,199
अविलंब,79
हमने,191
ऊना,29
बेरोजगार,14
आदिवासी,185
कर्ज,48
बेहोश,59
लाभार्थियों,48
विकल्प,65
बीए,170
वार,72
रसोई,60
बातों,113
गुस्सा,72
बनता,80
शहीदों,76
समस्तीपुर,100
संशोधन,86
जरिये,65
गीतों,155
अंधेरे,72
करेंगी,113
पक्का,191
योग्य,48
समुचित,169
चौकीदार,186
पंडाल,33
सराय,185
पुष्पा,78
टैंकर,79
शारदा,78
इन्कार,191
विपरीत,117
धीरज,186
सैनिकों,76
निर्वाचित,150
विलंब,48
कमर,41
ज्ञात,117
सूत्री,100
गिरकर,125
एजेंसियों,16
मकसद,1
नकली,65
दावे,72
तर्ज,11
रोटी,60
प्राकृतिक,3
निष्पादन,86
चिन्हित,31
करोड़,184
अनुसंधान,156
टंकी,61
वासी,23
खोले,14
खुश,72
घनश्याम,78
जिनका,192
सहनी,83
शौच,179
कहानी,121
अड्डा,185
धरती,113
हाजिर,62
लगती,125
उपेक्षा,28
कूद,1
मलेरिया,168
आपको,122
बुझाने,61
पवित्र,161
कचरा,122
सेविका,98
जनहित,62
कुर्सी,41
बनेगा,49
आकर्षक,9
सकारात्मक,65
आकर्षण,9
नालों,36
घूम,41
नारी,63
निष्पक्ष,86
श्रीमती,78
लटका,41
जिनकी,17
बोतल,199
नोडल,184
शिक्षित,28
पोषण,168
धाराओं,73
प्रवचन,161
बुलंद,76
प्रधानों,186
मेजर,50
सीडीपीओ,31
अनुमान,3
रंगारंग,98
रुक,125
प्रकोप,113
निषाद,128
कितना,113
छाया,41
दरोगा,4
कुश्ती,133
प्रभावी,156
लोकतंत्र,145
समितियों,16
अव्वल,72
गंदे,79
विश्वनाथ,78
बांटे,100
नगदी,48
गुरूवार,29
प्रीति,98
बोझ,113
उपाय,48
पराजित,76
भरपूर,36
भार,3
टूटने,199
पूर्वक,7
प्रशिक्षक,133
सर्किट,65
बल्लेबाजी,50
निर्मित,9
धर्मपाल,4
प्रोग्राम,65
बरकरार,67
भेदभाव,145
जनसंपर्क,14
हाथी,109
भरकर,125
काटे,41
अन्यथा,48
पान,23
त्वरित,65
भवनों,109
रुचि,155
इत्यादि,169
फुटबाल,133
व्यय,86
बनाते,125
प्वाइंट,133
पदोन्नति,62
डकैती,1
लगाये,79
समझाने,191
पहिया,41
फेडरेशन,5
हमलावरों,76
लालू,100
सोना,147
लौटा,191
पीढ़ी,28
रेस,133
पूछने,83
बीघा,29
पुख्ता,59
दवाओं,168
आंधी,23
अपेक्षा,117
सुधारने,156
अध्ययन,169
अन्तर्गत,185
जंग,72
सिरे,125
धक्का,41
चिकित्साधिकारी,186
व्रत,161
चतुर्थ,63
कच्ची,60
निदेशालय,16
उपलब्धि,28
संविधान,120
गढ़वा,29
इंद्रजीत,98
केन्द्रीय,16
झंडा,76
लहर,179
मंशा,1
प्राप्ति,192
क्षेत्राधिकारी,33
पुजारी,128
उद्यान,185
स्टेशनों,184
तंग,191
चढ़कर,41
आरक्षित,16
खिताब,50
अधिकारों,86
नगरी,161
किलोग्राम,199
धूल,125
अक्षय,78
पीठ,191
जलाकर,125
संस्थापक,11
बहाने,191
स्थानांतरण,3
दबोचा,179
कतार,41
देशी,100
चोटें,179
किंतु,63
वर्षों,185
गलती,122
दिक्कतों,49
डोर,56
सीधा,113
दुमका,29
इन्होंने,78
तारों,73
घाटों,109
परीक्षाओं,170
कर्नल,76
बढ़कर,113
हॉल,121
कहासुनी,100
निर्माणाधीन,185
उग्र,7
ठेके,48
मौन,83
विधवा,173
जनप्रतिनिधि,100
तबादला,1
दंपती,98
पैमाने,139
रजनीश,98
बुलाई,145
आदेशों,86
भंडारी,78
आमंत्रित,11
सुचारू,14
निवासियों,185
मैंने,72
पाक,191
अलाव,56
आरएस,96
मानी,63
गायक,121
उपकेंद्र,61
कारतूस,79
सीटें,150
दबंगों,96
बढ़ाकर,48
कराये,14
आवाजाही,100
हल्की,125
गणतंत्र,67
सुन,191
हृदय,192
आभूषण,33
निरंजन,78
लौटे,173
शेर,29
किराए,184
मंजिल,9
पिछली,122
वसूल,86
इस्लाम,17
संदेह,15
पाती,199
सेवकों,14
कमरों,29
निर्देशों,86
दहन,3
हीरा,29
निशा,98
पर्स,1
ट्रकों,79
उन्हीं,191
तस्करों,56
खोज,122
दाल,60
अनुभव,28
महान,151
मुआयना,186
टकरा,36
चांद,29
संबोधन,11
एड्स,168
कटाई,60
उतरने,36
आफिस,98
निर्देशित,68
मेल,185
पारिवारिक,28
जला,125
कमान,67
गोद,173
महायज्ञ,128
निरंतर,156
परन्तु,15
मतों,63
ताकत,67
अमेरिका,157
गहरा,155
पार्टियों,120
आरोपों,5
भूल,191
चिह्नित,122
शैक्षिक,170
नेत्र,117
स्मारक,9
गरीबी,156
कागज,199
विसर्जन,73
माला,128
इजाफा,56
मकानों,33
भगवती,161
संपूर्ण,169
चुरा,1
निर्धारण,86
इच्छा,15
मजबूरी,59
लाए,191
प्रारंभिक,169
बदहाल,179
ऋषि,161
चूंकि,65
प्रीतम,121
ठेकेदारों,48
अमृत,161
उतरे,179
इंसान,183
खुदाई,109
तमंचा,35
आएगा,191
सकेगी,48
जिम्मा,5
पर्यवेक्षक,31
कितनी,113
बृजेश,98
काशी,161
नम्बर,122
हलका,125
निकाले,17
चौराहों,56
पढ़ें,122
टूटा,179
घेर,191
विशेषज्ञों,156
एलान,72
हितों,156
जिम्मेवारी,1
दुर्घटनाओं,22
हस्तक्षेप,22
उठाना,113
अस्तित्व,169
दृष्टि,192
गुलाम,76
भंडारे,186
विपक्ष,120
मचाया,59
बेहाल,56
रसीद,48
सिपाहियों,76
हवाला,62
निशुल्क,14
मुआवजे,62
कैदियों,1
डीडीसी,31
डाकघर,100
बाध्य,22
कांस्टेबल,1
भंग,62
फौजी,76
मुलायम,199
बाजी,76
अभ्यास,28
पुष्प,60
बहाली,62
भांति,63
सोलर,31
बहस,145
कथित,5
जीतने,50
रजनी,78
अपराह्न,31
मैट्रिक,170
मधु,183
रमजान,49
फैली,109
पुरुषों,179
उदासीनता,28
पर्ची,48
बहनों,72
संचार,156
धारण,192
व्यवसायियों,14
इन्हीं,63
चिन्ह,73
संगोष्ठी,11
निराकरण,7
जुटा,179
पर्यटकों,185
खराबी,199
घटिया,79
दोनो,17
संभाल,5
इंटरनेट,65
मछली,60
आयकर,86
प्रयासों,156
निर्देशन,68
रोगी,168
उठाते,1
आपके,122
भैंस,60
अगवा,1
आखिरी,50
हमलावर,67
चापाकल,61
उठानी,179
पोशाक,72
परीक्षाएं,170
शिकायतकर्ता,62
बर्तन,60
धर्मेन्द्र,78
संसाधनों,156
तुलना,3
इमारत,9
सीमित,167
राखी,98
बढ़े,113
उत्थान,155
यूं,59
सेठ,78
मानसून,109
प्रवीन,183
सफेद,199
बनती,25
दवाएं,168
एयरपोर्ट,185
दिवाकर,128
भोग,192
निर्गत,122
तीर्थ,161
जीव,117
दायरे,156
प्रोत्साहन,156
साक्षात्कार,121
सावन,128
कहर,23
शर्त,62
फरमान,72
मचाने,179
ब्याज,84
क्रांति,197
जलाने,125
नवजात,168
निर्णायक,145
लोहे,163
अंदाजा,98
कल्पना,63
बचत,184
गिरावट,184
आतंक,145
बढ़ाई,127
पूर्णिमा,161
प्रोत्साहित,156
जिक्र,173
नक्सली,96
मुसीबत,191
प्रभार,86
कारोबारियों,31
रोगों,168
निर्मला,78
सुना,191
माले,59
विधिवत,62
साधना,63
पीडब्ल्यूडी,100
जिंदा,1
तिराहे,29
सापेक्ष,73
हिन्दी,158
कहती,121
जनजाति,185
कारावास,62
तफरी,23
फैला,36
संकेत,169
बड़ी,36
सघन,25
युवतियों,183
फूलों,60
विवरण,169
हथियारों,67
हिस्सों,185
सम्भल,71
नजारा,109
जनसंख्या,185
अभियुक्तों,1
घटे,61
नक्सलियों,100
बुजुर्गो,96
वृद्धा,71
मिलेंगे,179
प्रिया,98
प्रमंडल,100
उत्तीर्ण,170
बैठी,72
कमाई,72
युद्ध,76
अधूरा,98
वृक्ष,36
केशव,78
इमाम,76
टूटे,125
हलके,125
डंडे,61
कक्षाओं,170
जोकि,185
खामियाजा,35
लावारिस,96
बिल्कुल,191
परेड,11
फैलने,168
नर्सरी,60
नियमानुसार,48
जनसभा,49
शाहिद,173
लूटने,76
सबको,191
कैदी,72
उत्क्रमित,96
निवारण,14
घाटी,109
देखभाल,168
उतरी,179
नदियों,109
छात्रावास,170
निर्भर,3
कीमती,33
चलेगी,71
संभावित,65
मेहमान,72
ट्यूबवेल,23
कोठी,29
उदाहरण,169
सोलन,100
ईमानदारी,28
चलकर,151
झेल,59
गुस्साए,56
अकेले,72
महकमे,23
बीआरसी,23
फैलाने,113
दाखिले,62
प्रकृति,169
कांफ्रेंस,1
प्राचार्या,186
खाक,49
गायन,121
युग,155
किराये,184
बाप,191
प्लास्टिक,3
परिषदीय,49
हरा,36
एजेंट,65
जिसको,191
खतरनाक,168
धीमी,199
कोचिंग,133
रखरखाव,184
वारदातों,79
जश्न,11
अनुपालन,48
समझौते,5
विदित,63
जीतकर,50
आठवीं,54
गोलियां,79
सन्नाटा,56
कर्म,192
दलाल,62
प्रशंसा,15
डेयरी,139
शिकंजा,56
कुंदन,98
बताकर,15
ट्रेनें,185
दिसम्बर,5
बोली,17
मिलीभगत,1
भ्रूण,168
बारात,98
तुलसी,128
सुनाया,15
सच्चाई,191
अखंड,63
उपेंद्र,98
रखेंगे,59
व्यक्तिगत,156
उर्मिला,98
परिक्रमा,73
अनुशासन,28
कार्यप्रणाली,22
चेतना,7
आगाज,98
अधिसूचना,86
गोला,73
बहू,72
भगा,4
झील,109
ठोकर,23
कर्तव्य,28
चौपाल,23
खाई,36
अश्विनी,128
वजन,199
कुएं,29
सवालों,1
रजा,76
धूम,183
परमात्मा,63
भरोसे,83
नाकाम,1
प्रतिबंधित,65
रवैया,145
गहरी,36
तारा,73
देखना,122
पाएगा,113
करवाकर,100
धनंजय,128
रवैये,145
अर्जी,122
टैक्सी,185
सम्पन्न,63
धारकों,184
टोली,98
बेहतरीन,121
कोट,29
जाल,199
मूलभूत,169
बिक,121
पायी,25
रोकथाम,168
लिखी,158
गूंज,183
शकील,49
डूब,36
जीते,50
रचना,63
वसूला,48
कालोनियों,100
कंचन,98
वैश्य,161
सिद्ध,192
गिरि,78
परिचालक,31
तंत्र,169
निपटारा,86
शातिर,186
विफल,122
बेंच,1
जरूरतमंद,14
कुलवंत,98
स्थानांतरित,184
चालीस,71
साक्ष्य,86
ऐलान,76
मोह,15
पाये,25
सेमीफाइनल,50
रोटरी,31
हिम्मत,72
लगायी,59
इकट्ठा,113
बेरोजगारों,98
हरियाली,109
बनना,72
सावित्री,78
चलाते,1
जन्मदिन,121
पुरुषोत्तम,161
रेत,36
हराकर,50
ख्याल,191
कालाबाजारी,186
महकमा,100
वर्दी,133
चहल,29
प्रतिवेदन,86
नौजवान,72
विद्युतीकरण,100
बांटा,185
जायेंगे,1
देसी,98
वैदिक,63
शवों,61
आयोजक,122
गवाह,191
नाजुक,79
शब्द,63
इस्तीफा,5
निशानदेही,56
पदार्थो,3
गुलशन,78
पुस्तकालय,170
दोस्तों,72
सतर्कता,14
खेलते,50
विक्रेताओं,184
हॉकी,50
कन्नौज,185
धांधली,186
समन्वय,169
खेले,50
अंधेरा,59
अंदाज,1
शिकायती,56
तमंचे,29
कार्यभार,120
दून,59
आखिरकार,121
जबरदस्त,1
वीरभद्र,128
सौंपने,59
प्रदेशाध्यक्ष,100
निकलना,127
कर्ण,128
कठिन,7
मवेशी,59
मेधावी,170
कृपा,15
रिकॉर्ड,157
दामों,31
जितनी,113
विश्राम,41
वर्करों,56
जंगली,60
दूसरों,113
सर्वेश,96
क्लीनिक,31
चरित्र,121
बीडीसी,31
सीमेंट,3
अबतक,122
मंत्रियों,120
एकमात्र,11
खरीदा,133
स्थाई,14
अश्लील,179
भुगतना,79
हाजिरी,96
खोजबीन,186
मरने,191
बुला,191
पांव,41
नवम्बर,5
मणि,128
करेगे,59
गुणगान,15
सीख,83
नगद,48
सूत्रीय,186
सक्षम,65
नसीब,72
पर्यटक,185
लगवाने,79
दिखाते,191
बहरहाल,72
संगम,109
भंडारा,29
बेगम,98
प्रपत्र,86
रिश्वत,72
सब्जियों,60
पार्वती,161
करवाना,14
विभागाध्यक्ष,170
हाट,29
लैस,67
छात्रसंघ,100
सतर्क,145
शासनादेश,100
वरुण,128
व्यास,73
शीतल,60
सुध,186
खंभे,41
रौनक,29
वार्षिकोत्सव,4
चीख,88
भनक,59
उमस,61
युक्त,117
गुमराह,191
भजनों,128
माया,63
वाहिनी,79
सहकारिता,14
मिस्त्री,56
जीने,28
सूखे,60
मीट,133
समीर,121
धंधा,186
क्रियान्वयन,156
प्रसंग,63
बचाया,72
डयूटी,186
मनीषा,78
पलायन,4
अनिश्चितकालीन,79
निहाल,191
लंबा,109
तत्व,117
मंथन,128
वेतनमान,48
पुण्य,161
दिखाए,191
उत्कृष्ट,155
नुक्कड़,31
सरसों,60
मानने,15
डालते,113
आराम,127
हरिओम,56
कान,125
संसार,192
मंडियों,79
पड़,127
निराश,15
बाइपास,79
लेनी,62
प्रतिष्ठा,15
पाना,7
रिश्तेदारों,1
राजनैतिक,197
गिरफ्त,59
पुनीत,78
शरीफ,76
रिहा,1
विजेताओं,11
शौचालयों,100
मोहाली,100
रजिस्ट्रार,62
पढ़ाने,170
बुनियादी,156
माफी,72
जानवरों,127
नमूने,25
वोल्टेज,73
हीं,59
लूटी,96
लिख,83
मतलब,17
विवेचना,63
दीवान,78
समर,121
महंगा,184
दुआ,191
जिसने,191
लायक,122
पीटकर,61
बंदियों,76
उत्साहित,121
बालिकाओं,14
दहिया,29
बांटने,100
सुधा,78
उतारने,59
कागजों,79
महिमा,161
मंडलायुक्त,100
लैपटॉप,31
दबंग,98
जलने,125
टैंक,199
लाना,113
उतारा,191
चढ़ा,125
किताब,191
पुरवा,100
बेदी,121
सैयद,76
अर्थ,63
महर्षि,63
गौरी,161
अस्थायी,65
जाली,33
अभद्रता,186
पैदावार,60
वस्तु,117
शून्य,73
सुपुर्द,49
हत्यारों,49
मुंशी,78
वैकल्पिक,65
व्यक्तित्व,28
बीतने,83
आतिशबाजी,33
तरक्की,100
विज्ञापन,65
सेनानी,78
परियोजनाओं,184
बूंद,199
आवेदकों,62
राजाराम,78
जोश,72
गोशाला,29
निर्विरोध,145
कहे,192
शब्दों,63
अंचलाधिकारी,100
चक्का,56
कगार,148
संग्रह,158
अनुबंध,5
रूबरू,59
आमजन,186
हां,83
साधु,161
हिन्दू,161
अधीक्षण,62
महादलित,100
विनीत,98
बुद्ध,161
नियोजित,184
कदर,72
त्याग,192
प्रशिक्षु,62
ब्योरा,186
नहरों,36
किस्म,60
निकलते,125
ऊंची,109
सुदर्शन,161
नेताजी,78
संकाय,170
प्रभारियों,186
घास,60
पंत,78
बटालियन,67
खातों,184
हफ्ते,133
शस्त्र,4
सार्थक,28
साहिल,98
लुटेरे,1
मार्गदर्शन,15
इसीलिए,7
तादाद,59
आमरण,49
दिक्कतें,23
रुकने,29
तरुण,78
बनेगी,48
प्रेषित,122
कामयाबी,72
चरणों,169
प्राण,192
वादों,62
गिनती,17
घटी,83
सूख,125
उठने,113
योग्यता,170
सनातन,63
शहरवासियों,186
कठोर,113
शुभ,15
मनप्रीत,96
पारदर्शिता,156
गंगवार,100
अधूरे,24
पाबंदी,145
सिनेमा,68
दरगाह,29
महुआ,60
उद्योगों,139
सनसनी,98
हवाओं,36
लेती,125
बचपन,78
बावत,96
दशहरा,128
रुपयों,48
हवलदार,1
ऊषा,183
शरद,78
जानकारियां,31
उपरोक्त,169
टिप्पणी,158
निभा,11
उपचुनाव,120
महोबा,29
निबंधन,48
संबद्ध,169
जितना,113
एकल,65
कुसुम,183
अरविन्द,78
जहरीला,61
कराएंगे,100
स्टाल,35
शिवानी,98
सक्रियता,22
खुलासे,62
आशय,86
थानेदार,186
प्रहार,41
मिलों,148
जागृति,145
जगजीत,98
खुलेआम,1
करण,121
जोरों,24
पाएंगे,122
पासपोर्ट,62
हिंसा,145
खाकर,127
झूठे,191
संतुलन,3
कच्चे,139
अभियंताओं,100
बदतर,59
प्रकाशन,158
राजभर,98
असली,72
त्रिवेदी,78
नारा,197
देन,28
विपक्षी,120
चमन,29
प्याज,2
जीना,15
समझाया,7
मसले,59
पृथ्वी,73
कोमल,125
पठन,122
महीना,17
सिलसिले,15
लदे,59
हेलमेट,133
व्यवसायिक,11
दस्तक,1
सर्वश्रेष्ठ,68
पाठन,186
टेलीफोन,184
डूबने,191
बढ़ोत्तरी,113
अपनाने,156
सशक्त,28
झटका,1
मानवाधिकार,120
सिद्धार्थ,78
सर्राफ,56
उद्यमियों,156
काजल,183
वैज्ञानिकों,3
गणना,73
आतंकियों,1
सबक,186
बची,125
पुनर्वास,184
केसरी,78
यानि,17
वादी,100
भटक,191
सिमडेगा,100
अग्रिम,86
हटाकर,76
तंबाकू,60
मास,128
यंत्र,73
अंग,117
नियंत्रित,3
आवारा,72
भतीजे,173
नींव,54
तर्क,28
प्रतिभागी,65
आतंकवाद,67
अनंत,63
बेकार,59
भट्ठा,61
देवता,161
घुसे,59
कांग्रेसियों,145
पाउडर,199
लक्षण,168
वादे,179
मुलाजिमों,56
गुटों,67
उल्लेख,63
उपहार,173
भागे,191
देवर,98
इनसे,113
साप्ताहिक,158
पुकार,191
रोजा,56
परिस्थिति,28
शहादत,72
मोती,36
सिलाई,33
उपलब्धता,139
जानवर,127
पंखे,199
प्रबंधकों,156
लटक,56
हड़ताल,1
उपलब्धियों,11
भौतिक,169
अत्याचार,15
खैर,72
कांस्य,50
बाराबंकी,78
आकर्षित,11
गहन,28
मसीह,17
सपने,121
कुत्तों,199
पाठ्यक्रम,170
कुंतल,4
आंसू,83
गबन,49
मामा,78
निर्दलीय,150
जलाभिषेक,128
गुलाल,183
समाप्ति,86
पलटने,179
आंखें,41
पक्की,36
अभिनंदन,78
सुचारु,14
सीधी,36
ओंकार,128
बरात,98
सामानों,184
मानकों,156
स्वरोजगार,14
निर्देशानुसार,31
दर्शक,121
पीकर,71
प्रतिमाह,14
क्रिसमस,121
तेवर,183
पौधा,60
सबके,191
पारी,50
लोहा,163
डिमांड,31
स्वतंत्र,120
साध्वी,128
शिरोमणि,128
वस्त्र,33
खरीदी,184
बदली,122
ठहराव,48
धरातल,25
प्रमुखता,155
ताज,173
भोले,98
न्यायमूर्ति,120
जुर्माने,62
पेशी,168
मुकाबलों,133
दराज,23
गश्ती,1
भलाई,113
कृषक,14
सर्वेक्षण,184
शुभकामनाएं,11
कसर,49
जनगणना,185
बोलने,17
चादर,125
इजहार,49
दवाई,79
प्रतिभाग,49
नियंत्रक,65
नाव,36
चारा,60
नीलामी,184
संस्तुति,14
जानते,191
घोर,15
अंकों,158
कारागार,15
उपकरणों,65
निलंबन,31
लगाम,1
साकार,28
बनाएं,122
मच्छरों,61
राज्यसभा,120
बिंदुओं,73
प्यास,127
विकलांगों,14
वस्तुओं,117
लिहाज,100
लूटा,76
तालाबंदी,31
किला,9
कक्षाएं,56
कार्यशैली,186
वक्ता,158
बौद्ध,54
उठी,4
असामाजिक,22
सदैव,15
मुहर,113
चिह्न,73
रोककर,61
पटवारी,100
रास्तों,36
अभिलेख,122
चुप्पी,179
श्वेता,98
जितने,113
नजदीकी,185
भाईचारे,145
बारहवीं,54
पढ़ा,191
स्नातकोत्तर,170
हंगामे,49
प्रज्ज्वलित,128
आजसू,100
संकीर्तन,128
किरन,98
निकेतन,78
कसने,33
आवेदक,86
बर्बादी,79
प्रदर्शित,65
मानवता,28
चंदा,1
बीमारियां,168
बीएसएफ,100
चाह,191
हटाए,122
कल्याणकारी,14
विरेंद्र,98
गुरू,161
कोटे,100
गड्ढों,148
खोलकर,113
सिफारिश,62
साक्षी,15
कोष,156
अहसास,183
कचरे,3
बर्फबारी,148
चक्रवर्ती,78
मित्रों,15
धंधे,33
उपनिरीक्षक,100
आयुष,14
घेराबंदी,76
बांट,100
कार्ययोजना,14
सितम्बर,5
किताबें,72
पढ़,72
बुलाने,72
मवेशियों,127
संतों,161
कांप्लेक्स,35
मुक्तसर,96
बनते,80
कैमरा,122
दंगल,96
नाक,125
जनपदों,29
पूर्वाह्न,31
कुलसचिव,100
पटाखे,71
घूमने,109
धोखा,191
अभियोजन,62
बदहाली,179
अटल,15
अधिवेशन,120
फेंकने,1
खुशबू,60
इजाजत,62
अध्यक्षों,14
मृतकों,186
ईदगाह,71
प्रतियोगिताएं,133
नीयत,59
पावन,161
क्षुब्ध,4
सीडी,31
कापी,122
अवलोकन,73
ऊंचा,109
बैडमिंटन,50
शकुंतला,183
घोटाला,1
ओलावृष्टि,148
मत्स्य,60
आकलन,156
गुजरना,79
अव्यवस्था,145
विचारों,28
बदौलत,191
हौसला,1
दुरुपयोग,22
किन्तु,15
अपहृत,1
फंसा,61
साक्षर,100
तालमेल,156
साठ,71
इच्छुक,14
भंडार,139
रंगों,25
स्वर्णकार,23
संकुल,31
नक्शा,122
पात्रों,121
लता,183
दादा,72
आवासों,148
घाघरा,109
खुराक,168
बंदरों,79
गिरे,125
प्रोन्नति,14
माजरा,59
गारंटी,184
रोजी,179
मोहल्लों,49
व्यावसायिक,184
ठंडे,25
प्रतिनिधित्व,120
गहरे,125
लगन,78
दलितों,145
समग्र,156
फेंका,191
विस्फोट,73
सेवानिवृत,62
नववर्ष,100
सजग,28
आराधना,161
प्रदूषित,60
दिखने,199
भोर,23
नैतिक,28
शिक्षिकाओं,186
मोटी,125
निर्वहन,86
रद्द,122
सुनते,191
अनमोल,183
जूझना,186
बोरी,23
बर्खास्त,5
नौजवानों,186
दृश्य,122
बैठकों,120
बोरा,56
लैपटाप,56
चिंतित,145
पद्धति,169
कराटे,56
ताल,109
लेगी,113
कुत्ते,199
चेहरा,183
घटनाक्रम,67
चीज,7
जागरुक,56
पांचों,128
विहीन,148
मंडलीय,100
नवनिर्वाचित,145
हल्का,199
नियत,113
ईंट,35
इनको,17
लाभार्थी,48
आढ़तियों,96
प्रधानाचार्या,98
समृद्धि,14
बिरादरी,186
निखिल,78
नालियां,148
कुशल,14
सहन,127
सेशन,62
लिखने,158
प्रथा,145
डिप्लोमा,170
गायों,60
लौटना,191
रश्मि,183
बड़े,36
फसलें,60
पैरवी,191
लेखन,158
उठाव,79
मनोनीत,120
निकलकर,36
जरुरत,65
चक्र,73
बोला,17
सिकंदर,76
संभालने,5
अफरातफरी,49
पीस,133
तरस,59
पुण्यतिथि,96
पारंपरिक,65
पिलाने,127
विमान,185
गुना,125
संतुष्ट,7
रस्म,72
निराशा,30
चरम,169
कमांडर,5
सशस्त्र,67
नमी,25
ब्राह्मण,161
साधारण,117
पहुंचना,79
जंगलों,109
मताधिकार,120
प्रयासरत,14
अस्थाई,31
कालीन,9
पसीना,168
प्रतिष्ठान,16
हत्यारोपी,186
वास्तविक,169
चलाना,122
आढ़ती,56
इंसाफ,56
महत्ता,63
फलों,60
मलबा,73
फूट,191
लालच,191
डटे,72
बदबू,61
मांस,60
बतायी,128
गुजरते,148
मंत्रमुग्ध,183
तूफान,36
टाल,191
मुफ्ती,4
प्रेमिका,121
रहित,117
ग्रंथ,63
मुस्कान,183
प्रयोगशाला,3
चौदह,173
गहने,33
कारखाना,184
डंडा,183
दस्ते,76
बंदूक,1
उपनिदेशक,14
जरा,183
मच्छर,127
खुफिया,5
गगन,56
जनार्दन,78
कूलर,148
कोने,109
सूबेदार,76
अघोषित,100
शिष्टमंडल,11
रामनवमी,128
तत्वाधान,100
इसपर,17
अन्याय,15
चौथी,185
खींच,125
रामनाथ,78
जुआ,59
संग्राम,76
अनुशंसा,168
आत्म,28
रंगोली,33
उपाधीक्षक,49
भीड़,1
पहुंचेगी,59
खण्ड,63
प्रांत,185
खदान,33
कुख्यात,5
मौर्या,29
नियमावली,14
बदलते,3
भला,191
प्रतिक्रिया,65
किस्त,48
शताब्दी,54
दंड,62
पसरा,29
असफल,5
ऊंचाई,109
ठहराया,113
माफ,72
अभिलेखों,63
अर्जित,86
पदस्थापित,4
संभाला,120
नेपाली,78
अनुष्ठान,63
सचिवों,14
नवनियुक्त,47
शैली,155
सौहार्द,14
इंजेक्शन,168
लोकार्पण,11
जोखिम,168
वसूलने,1
रामायण,161
पक्षी,60
राजकिशोर,56
मधुबन,29
छठी,54
प्रतिवर्ष,185
मंत्र,63
नवोदय,100
बिजलीघर,148
सहभागिता,156
आर्मी,5
ध्वजारोहण,98
फेरी,59
प्रतीत,63
धारक,86
चैंपियन,50
किन,59
संवेदक,73
आसार,59
खुलवाने,35
सावधानी,3
वन्य,185
लगेगी,59
भाग्य,121
आहत,1
प्राधिकार,86
विवादित,67
दूरभाष,31
कहाकि,56
जले,61
घातक,168
सिम,31
महाविद्यालयों,170
रिहायशी,100
बांधकर,41
सालाना,185
गवाही,191
मस्ती,72
उल्टी,168
विमोचन,158
खरीददारी,33
घेरे,36
चौटाला,98
पर्दाफाश,1
माथा,41
अत्यंत,169
आश्वस्त,1
स्कूटर,1
झटके,199
संयंत्र,139
दुर्घटनाग्रस्त,1
देवताओं,161
सांप्रदायिक,145
धार,109
सर्राफा,100
अधिशाषी,56
तत्पर,14
पंचनामा,96
कमाल,72
दामाद,173
परामर्श,86
उज्ज्वल,179
बनेंगे,186
रखता,113
लूटे,96
धारदार,61
खबरों,1
संतोषजनक,22
आगजनी,1
निभाने,121
सांप,199
फीता,61
हाथियों,29
एकजुटता,145
निर्दोष,83
सेक्शन,31
नशीला,35
दीक्षा,161
नामित,5
जनजीवन,155
मुनि,161
लौटते,15
बागवानी,184
अल्लाह,191
सगे,71
गढ़,17
चूना,60
तलवार,4
भाईचारा,145
हड्डी,199
थोक,184
लौटी,186
प्रहलाद,128
पहुंचेंगे,186
डंडों,61
देशभर,14
मिजाज,49
बीएन,98
नमूना,122
संक्रामक,168
बुझाकर,61
खुलकर,179
छापे,122
पहलुओं,156
तबादले,186
बर्फ,25
सौदा,72
तथ्य,28
निबंध,158
लगेंगे,59
लदा,186
रामानंद,161
अध्यापिका,98
मशीनें,3
बांस,60
भास्कर,78
तबाही,191
खरीदे,184
सबूत,22
दुराचार,22
आयुर्वेदिक,60
शरारती,49
आरक्षी,56
दादी,173
बहुमत,120
अर्थदंड,179
ब्रज,161
एथलेटिक्स,133
संलिप्त,79
सरयू,109
बढ़ेगी,14
मंगला,128
तत्पश्चात,161
कंपनियां,184
सहायिका,98
गुमशुदगी,31
दुखी,15
कतई,186
कटाव,25
कब्रिस्तान,173
परहेज,168
क्रेडिट,184
बढ़ाए,186
सांत्वना,98
सहज,192
अभिनव,155
आजीवन,78
रौशन,191
पुस्तकें,158
प्रतिनियुक्त,96
सरकारों,16
पक्षियों,60
बिछाने,33
माली,100
आमदनी,184
परंपरागत,169
बेटियां,173
झूठा,191
जैविक,3
अनुपात,3
सुलझाने,28
सर्वोच्च,120
स्वर,63
कार्मिक,14
समायोजन,48
जनस्वास्थ्य,14
फिल्मों,68
अकेला,191
त्रिस्तरीय,48
समझते,191
ठंडा,125
प्रशासक,120
रस्सी,125
मुश्किलें,49
बंधन,7
कमलजीत,4
नसीहत,191
सबका,191
धुनाई,33
नशीले,22
कोहरा,148
रिश्ते,72
खरीफ,60
फाइलों,122
झांसी,185
तबीयत,179
लापरवाह,1
छाए,24
ढोल,183
सराहा,121
ब्यौरा,14
बच्चियों,56
उपविजेता,50
नाकाबंदी,79
चढ़ने,36
नमन,128
खोली,122
निशाने,59
लगाएं,61
पांचवें,50
कीटनाशक,3
हाथापाई,1
पढ़ाओ,100
पार्को,23
राजी,76
समर्पण,145
चौपट,59
छठे,11
निष्ठा,145
छुटकारा,113
लगना,199
दीन,191
डीलरों,184
दलालों,48
दिला,15
विस्थापित,3
अग्नि,128
चांदनी,29
राज्यस्तरीय,100
नवीनीकरण,184
भक्तिमय,128
अनारक्षित,185
इकाइयों,139
टॉप,121
बहने,109
सातवें,173
टीका,63
दस्तावेजों,86
पसीने,61
मातम,56
उर्स,29
गरिमा,28
मौलिक,28
अदायगी,48
बलिदान,15
भैया,78
सौंपकर,4
प्री,133
उपज,60
टेक,133
क्लर्क,1
अमीर,173
जायज,186
मशहूर,121
श्रेष्ठ,155
मुहल्लों,98
प्राध्यापक,170
परमार,151
पेटी,41
घेरा,36
अंबार,35
खामियां,186
बड़ा,17
बडे़,29
निर्माता,68
दिव्य,63
वें,11
खत्री,78
आपकी,122
विचाराधीन,62
झलक,155
खलबली,49
बेचा,184
प्रेरक,28
साझा,65
महंगी,184
पंडा,29
अंतर्राष्ट्रीय,5
खौफ,59
खफा,49
स्वयंसेवी,14
तरीका,65
कार्यवाहक,120
घुसने,1
आंदोलनकारियों,98
असुविधा,168
सचेत,113
बहाना,72
त्रस्त,179
मयंक,98
आटा,60
स्वाभिमान,145
भावनाओं,28
पैसों,1
गौशाला,33
भाभी,183
खपत,139
लहूलुहान,96
मंडली,98
अधिकृत,16
पॉलीथिन,96
गंतव्य,122
बीडी,56
टेम्पो,100
कुपोषण,168
चढ़ाने,125
बिलों,48
रूपरेखा,169
सरल,169
चरस,96
अंजली,98
प्रौद्योगिकी,156
शिविरों,67
मॉल,133
छीनने,71
हर्षोल्लास,128
निस्तारित,61
सरगना,1
पुरूष,35
सबकुछ,179
बनायी,29
दुल्हन,183
कुचल,72
विदेशों,11
सभासदों,71
परिचित,28
बेटों,191
मलबे,73
सैन्य,67
रक्षक,179
तिराहा,4
खातिर,145
चीजों,7
ज्ञानी,83
गोलीबारी,1
उपयोगिता,169
अवशेष,109
व्यवस्थाओं,156
आवेदनों,184
चौकसी,35
जगतार,96
कागजी,56
फंदा,56
खुदकुशी,98
मजबूरन,72
रैन,1
बयां,56
अधूरी,98
पर्चे,79
बंदर,183
शख्स,59
इनकार,113
अफवाह,1
नयी,158
चूक,113
रहेंगी,83
सेतु,185
मंडप,9
कीमतों,139
जता,59
रूपए,48
बदलकर,173
नाग,161
रोपाई,61
नौबत,59
बढ़ेगा,61
अविश्वास,145
नामों,63
नाते,145
चुप,72
प्रज्वलित,41
गुरदेव,98
श्रोताओं,158
चकबंदी,100
धुन,121
शान,17
परमानंद,186
विधेयक,86
बेहोशी,127
त्रिवेणी,128
पीडि़त,79
दुग्ध,60
इरशाद,59
तौल,113
वैभव,161
बेला,183
खोकर,71
शीतला,128
विविध,169
गर्व,15
छत्तीसगढ़,185
संगठित,197
गाड़ी,41
उठता,125
तटबंध,148
सवारियों,59
पुस्तकों,158
सूखा,60
जयंत,128
यौन,168
सदा,192
आहूत,100
छप्पर,23
सड़कों,185
पैतृक,98
बत्ती,61
बादलों,36
अग्रणी,11
बस्तियों,17
साकेत,161
शाखाओं,169
उत्पादों,139
पहने,183
सकुशल,4
कुआं,29
गतिविधि,3
हटवाने,56
अनुमोदन,86
जनरेटर,31
चेतन,7
चरखी,186
जमाने,29
चेताया,49
अपराधों,62
मुश्किलों,1
विद्यापीठ,170
सद्भावना,11
कनिष्ठ,120
धरोहर,185
वीणा,183
दावेदार,62
नेट,65
शीर्ष,65
बंगला,155
कठिनाई,7
लुत्फ,59
साहित्यकार,78
बैंकिंग,184
मुकाम,1
मिसाल,191
क्षेत्रवासियों,100
अग्निकांड,56
प्रतिकूल,22
ओलंपिक,50
चंचल,83
गुस्से,72
जिलास्तरीय,186
चेकअप,96
बाई,173
टूटकर,125
चिंगारी,59
मुकम्मल,96
पोषाहार,100
संशोधित,65
स्त्री,192
पिलाई,59
खुशियां,186
नवनिर्मित,185
हंस,183
जन्मोत्सव,128
शीशे,125
स्वर्गीय,78
बापू,78
मृत्युंजय,128
किताबों,72
हंसराज,78
चित्रकला,155
रत्न,78
कामों,113
सृजन,156
पक्के,191
बरी,72
उद्यमी,184
सेक्टरों,14
झंडे,76
असिस्टेंट,98
विशेषकर,169
दिलचस्पी,121
पहलवानों,133
पढ़े,122
दीनानाथ,78
रोहिणी,128
कूपन,48
पुस्तिका,122
कॉपी,122
साढे़,186
प्रयुक्त,169
मात,72
जुटाने,184
भूमिगत,185
पैरों,125
लादकर,23
खस्ताहाल,56
अपमान,15
प्रतिनियुक्ति,14
पीर,29
सरपंचों,49
इशारे,72
खेली,50
आलोचना,28
कत्ल,72
पढ़ाया,170
सुमित्रा,98
मकर,109
ध्वज,122
सस्ते,139
चर्चित,78
मनमाने,48
चाल,113
जन्माष्टमी,128
पढ़ी,191
जननी,83
मुकुल,98
हटाओ,145
समझने,28
झोंक,191
दीवाली,128
रसायन,3
नतीजतन,65
नन्हें,61
खानापूर्ति,186
पटाखों,56
मानकर,63
सोलह,161
निविदा,48
गतिविधियां,156
जलजमाव,61
सेविकाओं,23
पल्ला,186
आहार,168
कमेटियों,49
भोजपुरी,78
पायल,183
सचल,23
हौसले,72
बजकर,98
फैले,109
तत्परता,22
एहसास,72
वृक्षारोपण,148
जगी,186
उज्जवल,179
नगीना,29
लाईन,31
सुलभ,156
दुर्घटनाएं,79
मूल्यों,28
आयोजकों,11
विरासत,11
उन्मूलन,22
उतरकर,41
सरिया,23
देशभक्ति,155
वैद्य,128
उदासीन,7
ताक,59
प्रेक्षक,73
भरमार,29
लाइनें,31
घोसी,100
फरियाद,59
रामा,98
मुसलमानों,17
बकरी,60
उर्वरक,139
दफ्तरों,100
प्रेमियों,29
हैदराबाद,185
प्रधानाध्यापिका,98
सर्वप्रथम,63
थमने,56
केरोसिन,31
ग्रामसभा,100
उत्पात,4
कॉलोनियों,100
महाशिवरात्रि,128
कच्चा,60
नौवीं,100
अमीन,72
खस्ता,71
ध्वनि,73
अलमारी,31
संवेदना,7
आंगन,29
बोलते,17
बिरसा,185
पाएगी,96
तबाह,72
व्यवस्थापक,122
वैध,62
शशिकांत,100
आपात,22
विस्थापितों,23
पीटने,23
दस्ता,59
सैकड़ों,29
अखबार,158
समूहों,156
मिलनी,186
बोगी,23
सूचनाएं,65
खादी,14
पौधारोपण,61
प्रधानाध्यापकों,186
अनहोनी,23
परमेश्वर,83
प्रश्नपत्र,98
सलामी,50
पहनाकर,96
बेवजह,186
मिलावट,127
बलराज,98
व्यवस्थाएं,100
सरेआम,49
ग्रस्त,168
प्रभा,128
सभाओं,120
जरूरतमंदों,186
गर्भ,192
सिमट,59
अभद्र,186
अत्याधुनिक,184
इशारा,72
मक्का,17
सुलह,72
गुरुकुल,78
परम,63
अवरुद्ध,168
बनवाया,9
करवाएं,186
लिफ्ट,31
साधा,71
खिलाडि़यों,56
फंदे,41
गुरनाम,56
बुआई,60
बचाई,1
बूंदाबांदी,23
नतीजे,72
प्रतिभाओं,11
आकस्मिक,22
दबाकर,41
विकराल,79
बांधा,33
पात्रता,184
विज्ञप्ति,122
बलवान,179
कानूनगो,4
श्रृंगार,155
चाबी,1
घटित,7
टमाटर,60
गर्दन,69
शास्त्र,63
गाकर,83
बहाव,25
अंग्रेजों,76
चुंगी,33
फौज,76
अवहेलना,145
बिंदु,73
मांगपत्र,31
बंदोबस्त,100
अस्त,4
कन्याओं,128
आनी,179
वांछित,3
चलाता,113
बयानों,1
दोस्ती,72
निपटाने,62
अकेली,179
भल्ला,98
दुर्दशा,83
लेगा,113
रेडियो,65
परचम,186
जतायी,49
मोर,183
कुर्बानी,59
प्रदेशों,185
पैनी,183
धक्के,61
नशीली,22
अलका,98
गुलदार,56
चाहा,191
मिटाने,122
जबाव,122
आयुर्वेद,63
अभिनय,68
गाने,121
अर्बन,133
पदयात्रा,98
मिलीं,121
दोष,192
दांव,133
निचले,25
चोटिल,133
सच्चे,191
किश्त,31
तारीफ,72
जबरदस्ती,59
नहाने,127
काटी,33
लीक,31
दामोदर,78
भयभीत,15
वायु,3
मुकदमों,62
कीट,60
विवादों,62
गुणा,73
गांजा,23
गहराई,25
लड्डू,33
एम्बुलेंस,79
तैसे,23
दया,15
बंधे,7
क्षेत्रफल,185
उतना,7
हैरान,72
अभिमन्यु,128
अत्यधिक,3
तुम,191
सहयोगियों,5
रेस्टोरेंट,29
हरसंभव,100
सीखने,28
किस्मत,72
लेखपालों,186
परिवेश,169
सहूलियत,31
संभावनाएं,156
कुरीतियों,145
सेब,60
वरदान,161
महापंचायत,71
चारदीवारी,29
असहाय,15
हावी,191
मध्यम,3
उच्चतर,7
छोर,109
तेरह,173
काव्य,155
अंदेशा,35
बनाम,5
बेखौफ,186
चौथा,50
मशाल,71
पदभार,120
मायूस,72
रोकना,22
फटने,125
अकाल,4
पड़ता,80
शिखा,96
निशांत,4
पड़ी,191
फिरौती,56
लोकपाल,14
दबा,179
बदनाम,72
हुनर,59
पांचवीं,133
दोपहिया,100
उठकर,15
जानकारों,96
लेनदेन,84
मनोबल,102
बुराइयों,15
औसत,25
पुत्रों,151
लेखक,158
गृहस्थी,83
सभापति,120
वरना,59
वापिस,1
नवाब,76
बेरी,56
आंतरिक,169
पासबुक,48
अंगूठी,41
पार्टियां,145
दंपति,49
कैशियर,49
उपवास,128
सियासत,49
भगाने,179
उपमुख्यमंत्री,78
अतिक्रमणकारियों,179
स्वार्थ,145
खुलवाया,96
सपनों,121
खाकी,23
क्रमिक,169
लगीं,183
रोकर,71
चचेरे,173
एंव,7
वास्तव,113
दस्त,127
रिकवरी,31
मायने,59
तहसीलों,185
दावों,62
थमा,1
रुके,1
मुरली,78
बताये,128
सम्पर्क,122
प्रत्यक्षदर्शियों,79
आरोपित,7
वर्णन,63
बताती,121
मेहमानों,72
नवदीप,56
हल्के,199
शासकीय,14
जलाया,61
चलो,191
सरोवर,9
आपका,122
कोषागार,100
जमाया,76
बढ़त,133
सौजन्य,56
खरा,113
प्रारूप,122
नाका,96
राना,98
दोहरे,31
सोम,128
अलीगंज,185
प्रसन्न,15
धुआं,61
नलकूपों,148
दर्शाया,65
महागठबंधन,100
चार्जशीट,186
अनुपस्थिति,22
संक्रमण,168
पौध,127
औषधि,168
जीवित,113
दूभर,59
परवाह,191
प्रतिष्ठित,15
नमक,60
अंतराल,73
रौंद,71
रुका,71
चिराग,1
डूबे,125
महंगे,65
सौंदर्यीकरण,100
परिवारीजनों,49
आध्यात्मिक,155
वर्षीया,98
त्यौहार,161
कड़ी,122
हैरत,59
मूर्तियों,9
गिरते,125
प्रतीक्षा,179
भटकना,23
मातृ,98
देशराज,98
हाहाकार,4
फुल,56
दूरदराज,185
बेशक,191
सम्बोधित,78
फिराक,98
उन्नति,28
आनन्द,15
बिखरा,56
एकाएक,125
रुकी,1
मजाक,121
बहा,36
जीती,50
मस्जिदों,17
रिहाई,72
तफ्तीश,96
अस्सी,100
चकिया,29
सर्विलांस,31
सैलाब,59
अता,191
इस्पात,3
उपयोगी,3
काका,78
प्रशिक्षुओं,14
वसूले,100
खालिद,76
भरपाई,48
चूल्हे,61
छात्रवृति,100
महापर्व,128
महल,9
चास,100
दिवंगत,78
मैराथन,56
गेंद,133
गुरचरण,186
गोपी,183
शिवाजी,76
प्रज्जवलित,51
शांतिपूर्वक,145
दरिया,17
मानसी,98
प्रभातफेरी,23
मर्जी,1
दिव्या,78
सीटी,199
हटवाया,96
रंगे,59
समाजिक,28
मजार,29
सीने,127
निकायों,156
घूमते,41
हरेन्द्र,4
सौर,73
प्रतिष्ठानों,184
अभिनेता,68
तेजाब,61
हॉस्पिटल,5
वृक्षों,60
आत्मनिर्भर,14
पहुंचीं,98
खाया,127
बाघ,60
संक्रांति,128
विपणन,184
पटाखा,186
केमिकल,31
ठिकाने,191
जमे,191
दबाने,76
परीक्षक,48
जन्मदिवस,78
हत्यारे,72
हास्य,121
आदत,127
असल,72
बरसाती,148
गणपति,9
सावधान,113
उसपर,113
गेंहू,60
बहल,98
निर्देशक,68
पूंजी,84
नैन,29
प्रतिमाओं,9
पहलू,28
कमाने,184
मक्खन,60
बैल,60
सच्चिदानंद,128
बेकाबू,49
शुरुआती,157
बस्ते,56
रोते,191
सस्ती,139
गर्मियों,133
असुरक्षित,22
नन्हे,59
झुलसी,96
अग्रहरि,78
आपातकालीन,184
खरीदकर,23
खासे,49
ठंडी,125
धीर,98
मुबारक,72
सजावट,33
पुरोहित,161
टीके,168
रक्षाबंधन,128
छोड़,191
सैर,29
सोचा,72
लगवा,186
लाइनमैन,149
वीडियोग्राफी,56
गिट्टी,79
आश्रितों,48
कीर्ति,161
छिपे,113
प्रदर्शनकारी,1
नाके,59
हरिश्चंद्र,78
अप्रिय,113
कारी,59
गयीं,72
शिवरात्रि,161
दीवारों,9
रेशम,60
स्वराज,197
आकार,25
कैमरों,31
उम्मीदें,59
दिलवाने,49
प्रजाति,25
बिस्तर,199
पैमाइश,100
गुम,179
भ्रष्ट,145
कोयले,3
समर्थित,122
आश्रित,169
काफिला,56
मेहंदी,98
सबकी,191
उलझ,1
कतारें,33
औपचारिकता,186
धज्जियां,79
आंशिक,3
दीवानी,62
सीरीज,50
यादगार,72
दावेदारी,1
तिरंगा,76
असंतोष,197
सेंध,186
सृष्टि,192
तेंदुए,60
एक्सरे,3
शिष्य,161
उधार,84
बंगाली,78
जरुरी,65
कदाचार,62
गुजारा,61
गलियां,23
चप्पे,61
किराना,56
खामियों,186
निष्कासित,22
सुल्तान,76
उनपर,191
ठहरने,36
विश्वविद्यालयों,170
खुशहाली,186
जौहर,72
सच्ची,191
जादू,191
भोज,151
झुग्गी,56
तथ्यों,28
लूटकर,4
सीढ़ी,41
प्रणव,128
सती,161
पर्दा,59
नेत्री,96
आजकल,117
छलांग,133
होलिका,29
तराई,109
गवाहों,59
प्रखण्ड,185
दिनांक,122
चाहिये,22
मंत्रिमंडल,120
कुंज,78
छतों,36
टकराई,56
सोनम,98
पर्वतीय,109
जमीनों,100
आईटीआई,100
अचेत,179
एसबीआइ,35
सजी,183
ट्रेनर,133
नीम,60
सभ्यता,54
दुरूस्त,59
सलाम,191
गोपनीय,122
पेंच,41
कुष्ठ,168
नजरअंदाज,31
संतान,15
उपप्रमुख,49
अदालतों,62
वायदा,191
जिम्मेवार,22
करीबी,157
प्रश्नों,28
रोके,191
गोलियों,199
आंकलन,22
कंधे,199
समूचे,145
जेठ,33
असमर्थ,122
सिगरेट,199
विदा,15
नोकझोंक,33
राजभवन,29
झूम,183
बसेरा,23
हैरानी,1
काजी,98
महबूब,98
खंडों,169
परिवर्तित,169
हमलोग,31
औसतन,25
मौखिक,168
जत्थे,188
निकलता,125
गैरहाजिर,96
उदघाटन,11
साहस,15
प्रसारण,157
दंश,61
स्रोत,3
लदी,59
बागान,100
बुद्धि,192
कलम,183
तहकीकात,56
सातवीं,54
जुड़े,65
बैठाकर,23
झूठी,191
दशकों,67
मोर्चे,67
शशांक,98
पालकी,183
अलबत्ता,191
तख्त,59
तालियां,56
चना,60
लंबाई,25
दवाइयों,168
रिश्ता,72
कहता,191
सांगवान,23
प्रीत,96
अगुआई,145
माथे,41
नसबंदी,79
ग्रामों,100
पडे़,186
ठेला,96
जलाशय,109
शनि,73
खिलाड़ी,50
दिमाग,168
फर्श,41
नंबरों,31
शीशा,61
नाजायज,1
राजकुमारी,173
बैराज,29
विकासखंड,100
गोदामों,79
अपनाया,28
उगाही,48
बैठकें,14
पट्टा,48
भूरा,199
प्रमंडलीय,100
झेलना,1
डायरी,121
विनीता,98
प्रशस्ति,155
बलात्कार,1
जानकार,145
सस्ता,3
संरक्षित,185
घने,36
संयोजन,3
आईं,121
पहुंचती,185
बंधी,41
सेकेंड,122
निराला,155
दरकिनार,1
लाठियां,71
बुराई,191
रूपी,192
संबधित,48
आत्मदाह,4
सर्द,36
वारंटी,31
उम्मीदों,145
नगरीय,185
उद्योगपति,11
स्पर्धा,133
रथयात्रा,128
बताएं,31
उपयुक्त,3
निमंत्रण,173
इमारतों,185
कस्बों,185
रखती,127
सम्राट,151
जाहिद,56
राजमहल,9
श्मशान,128
मधुमेह,168
ठिकाना,191
स्वस्थ्य,79
कबूल,1
रूचि,28
बारीकी,7
सृजित,156
अभियोग,62
धैर्य,15
गल्ला,59
दीक्षांत,11
चाक,41
व्यायाम,168
असीम,7
दिनचर्या,7
सम्मिलित,86
स्वयंसेवक,197
उतनी,7
जागृत,28
पुस्तिकाओं,122
आदिवासियों,185
निरंकारी,98
चक्की,61
गेंदबाजी,50
नाबार्ड,14
छीनकर,4
रुझान,28
प्यारे,98
गान,155
मेधा,128
अफीम,79
मनमोहक,9
विभोर,186
व्याख्यान,158
शिथिलता,7
त्रिलोक,128
शर्ट,133
पंडालों,23
चकमा,71
दंगा,1
बेची,184
गिराने,1
मर्यादा,15
दांतों,199
फायदे,59
बंधु,98
चढ़े,191
पोषक,117
छीना,96
बिचौलियों,31
चलाये,145
निरीक्षकों,31
अगला,122
जिनसे,113
तंगी,179
आकृष्ट,63
शिवलिंग,9
पढ़कर,15
चीजें,127
ज्यों,125
पंचायतें,100
झूठ,191
पहुंचाना,48
टैगोर,78
प्रचारक,78
कारों,59
सेवानिवृत्ति,86
झूमने,183
करारी,4
तोहफा,59
डकैतों,98
झुंड,60
पड़े,191
खंडेलवाल,98
बताओ,191
पंचमी,161
चहारदीवारी,29
जुबान,59
न्यास,86
सुनीं,186
कृषकों,14
ऊपरी,25
गढ्डे,61
मुनाफा,184
घाटे,113
गोबर,60
अनुकूल,156
संयोग,7
प्रवर्तन,86
दबदबा,49
नक्शे,122
उनलोगों,49
रेलखंड,29
भट्टी,127
संलिप्तता,1
देखें,122
बुंदेलखंड,161
हानि,48
उतरा,191
बेरहमी,1
चकराता,29
इंजीनियरों,65
भूस्खलन,36
हमलोगों,186
अध्यक्षा,120
मिलावटी,79
फंसी,71
ग्रसित,168
बढ़ाना,156
ठिकानों,67
बनवारी,96
मशीनरी,184
रहस्यमय,155
ग्राम्य,185
वाणी,192
नारियल,60
तबियत,59
मंजर,56
अंकिता,96
तीज,128
रशीद,173
मुख्यालयों,185
बखूबी,72
दखल,145
प्रबल,7
उपेक्षित,145
खेप,79
बेचकर,33
निपटा,48
दफा,59
साध,98
छापामार,76
पशुपालकों,56
पेंशनरों,100
सच्चा,191
कष्ट,192
माननीय,120
भरना,31
रिश्तेदारी,186
पंखा,61
निजीकरण,100
लड़की,72
बहुजन,145
हरिजन,145
पीपल,183
प्रेरकों,79
दर्दनाक,191
खिसक,59
कटकर,179
जिलाधीश,100
झूमे,23
पाप,192
मिर्च,60
उल्लास,183
बताना,122
हटने,1
करूंगा,83
सीमांत,100
व्यापारिक,184
आयोजनों,11
गृहस्वामी,35
पूर्वोत्तर,185
दावत,72
सुनाकर,4
पते,65
जाग,183
कासिम,76
पढ़ते,191
ब्रांड,184
भागों,25
व्यवस्थित,169
तलाशने,56
ट्रॉली,100
रोकी,31
त्योहारों,128
खर्चा,62
रामलखन,96
अग्रसर,192
ब्रह्मा,161
कांता,98
देहाती,17
सीसे,199
क्रिया,117
वाटिका,29
नौकर,72
कुंभ,128
साधे,186
सफाईकर्मी,96
तबके,59
आपत्तिजनक,145
साले,4
अपनों,179
खटीमा,29
अभिजीत,98
जिम्मेदारों,35
खिलाकर,61
संबंधों,28
सरना,98
मटर,60
संपदा,14
असमंजस,179
बढ़ाते,127
हेराफेरी,1
अनावश्यक,22
बहनोई,98
परीक्षाफल,31
अंग्रेज,76
वाहवाही,98
भयंकर,36
पीलिया,168
सौगात,186
फेरबदल,31
डालें,59
त्रिभुवन,98
राई,17
अन्दर,125
गड्ढा,41
आफत,59
आन्दोलन,197
चुनी,120
अर्थात,192
सूखने,125
मेहर,72
मुसलमान,76
बमुश्किल,56
सुस्त,79
परेशानियां,49
प्रस्तावों,86
अनेकों,155
खरे,59
पोखरे,23
जयकारे,29
बकरीद,23
बरामदे,29
निराधार,179
जवाबदेही,14
चिंताजनक,186
वायदे,59
सता,186
तीखी,61
कटा,61
कलह,145
लखविंदर,23
पहुंचता,125
अंश,117
सांसदों,120
लाएं,186
महानिरीक्षक,100
यापन,7
आशु,98
लोकायुक्त,186
मण्डल,185
ट्रॉफी,50
कब्जों,61
राही,78
भागा,191
अन्यत्र,63
मोहर,59
दाग,199
अजीज,1
बौद्धिक,28
प्राय,117
प्रगतिशील,197
डिब्बे,199
पंचम,161
मनाए,105
अराजकता,76
साईं,78
जिसपर,191
दुश्मन,72
अपेक्षित,86
खसरा,61
लटके,61
दिग्गज,121
आचरण,28
पेय,127
दयाराम,98
शराबी,1
कारखाने,184
झुलसे,23
घुसा,23
प्रतिपक्ष,186
करवाते,83
हलचल,183
हेलीकॉप्टर,100
मुकदमें,62
चौकीदारों,186
पहुंचाई,79
लगानी,31
ग्राफ,31
गोकुल,128
सुगम,48
समाधि,161
वारदातें,186
परवान,71
घाटशिला,56
सर्वजीत,186
प्राणी,117
कुपोषित,100
जताने,186
उन्नत,65
भतीजा,4
रोचक,155
दंगे,1
धमाके,36
आश्चर्य,15
सचान,23
दायित्वों,86
सज्जन,15
दुबारा,72
नवमी,161
सर्वागीण,186
अनजान,122
जुडे़,29
कटे,125
रोने,23
फतेह,17
ईमानदार,191
बल्लेबाज,50
अराजक,186
तोड़,72
हरेक,179
बंटवारे,100
आत्मसमर्पण,76
हेमराज,96
बयानबाजी,186
हुजूम,59
मजा,183
जातियों,25
कवियों,155
ऊंचे,109
माओवादी,145
पत्रिका,158
गोवंश,33
छिपा,191
आसन,128
अर्चन,128
शोकसभा,49
निरोधक,22
खंभों,41
सिखों,76
बिकने,70
भट्टाचार्य,78
आनाकानी,186
क्षतिपूर्ति,86
चमक,73
हरिहर,161
भाईयों,72
जसप्रीत,98
मार्गों,36
गुटखा,79
आधिकारिक,67
मानसिकता,28
सर्वशिक्षा,100
श्रमदान,100
परिश्रम,192
अरोरा,49
खूंटी,61
कार्यकत्री,56
भूजल,3
माधुरी,78
मानो,113
बैनामा,186
उम्रकैद,49
यकीन,1
ब्लू,133
कटी,125
अवस्थित,109
जलकल,56
बनाएंगे,186
रुकवा,49
कहें,15
छूटे,71
इरादे,72
गुणवत्तापूर्ण,14
मनाते,173
युवराज,173
छाप,155
पल्सर,56
अंशकालिक,14
अध्ययनरत,100
दीदार,71
पत्रक,31
एतराज,186
फरीद,96
रास,78
गनीमत,56
फुसलाकर,179
बुझा,179
अनुश्रवण,100
टिकी,56
सुन्दर,9
बिन,76
तरीकों,65
इंच,41
जलवा,98
भागकर,72
विरोधियों,145
गरम,25
चार्ट,65
पेड़,60
लिंग,25
बल्ब,73
जनों,83
कसा,61
विराट,161
आत्मविश्वास,28
बेचे,184
चेहरों,59
बाजपुर,29
पेशे,170
प्रस्थान,173
छिपी,113
प्रतिस्पर्धा,157
बेचते,184
शासनकाल,54
मिलें,60
खलिहान,23
दामन,59
भयावह,1
नाट्य,155
बाट,23
जिनको,191
गोमती,109
होनहार,98
खुशहाल,179
पुरजोर,145
अपार,128
वरीयता,65
सुर,183
मैचों,50
दंत,168
वकालत,197
सट्टा,56
टकराव,67
भेजना,122
लपटें,186
हरित,60
अभिकर्ता,48
सिक्के,33
पिलाकर,56
ढुलाई,184
आदेशानुसार,4
युवतियां,56
सुलझा,186
बेसहारा,186
मानवीय,28
महत्वाकांक्षी,67
विस्फोटक,3
आशियाना,23
बोध,63
बराबरी,133
दुपहिया,31
रविकांत,98
खीर,128
शक्ल,183
रसोइया,56
आकांक्षा,28
दबे,179
कर्मजीत,71
दरार,36
फौरन,191
संप्रदाय,63
श्रृंखला,157
ढूंढने,122
प्रसन्नता,15
खोजने,122
बॉलीवुड,68
खजाना,29
रूटों,100
उपासना,63
संग्रहालय,9
श्रद्धासुमन,98
मादक,168
प्रत्यक्ष,169
पारदर्शी,3
राहों,127
रखाव,31
दोहन,3
निषेध,28
रिटायर,133
जीजा,56
मुक्की,35
निर्यात,184
आजीविका,179
मनायी,29
जली,61
बिछाई,179
पच्चीस,100
शिवराज,78
निकटवर्ती,36
दृष्टिकोण,28
दांत,199
कृत्रिम,3
मूर्तियां,9
बेघर,1
लोडिंग,122
लाद,59
भटकते,191
गहनता,7
चिकित्सीय,168
पदम,128
कानों,191
रियाज,98
यंत्रों,73
पटरियों,41
विराम,122
फैंसी,56
शाहगंज,98
पलटी,186
रईस,98
मरे,191
जीविका,14
दंडित,62
एग्रो,186
विचारधारा,28
अख्तियार,49
जुर्म,72
वीआइपी,56
मंडलों,100
सशक्तिकरण,14
पुनर्गठन,16
मोड़,41
शीर्षक,158
खंगाला,96
बचाना,79
हितैषी,179
उपलब्धियां,11
गुरुद्वारे,29
समृद्ध,155
किशोरियों,186
पोखरा,100
रूख,145
जुटने,23
वृद्धावस्था,168
भागते,59
डूबा,179
चारपाई,61
परीक्षकों,48
स्नेह,83
ननद,98
आदर्शो,83
खासतौर,1
उपाधि,170
झूला,29
राजगीर,29
विराजमान,161
आंदोलनकारी,186
सिलेंडरों,31
अल्पसंख्यकों,145
कूदकर,29
काफिले,76
मंजिला,9
पाला,36
समझकर,15
नामी,72
माताओं,168
चिकित्सकीय,168
लोकतांत्रिक,67
जूते,199
बोधगया,29
टोपी,41
बनवाए,9
चढ़ाया,33
शिकस्त,72
सरकारें,16
संतुलित,3
जहमत,186
सहमे,59
मुद्रा,184
स्वाति,98
संभवत,63
रीति,192
गुत्थी,186
दिलशाद,29
प्रवासी,11
घरवालों,179
रिसाव,3
तपिश,96
सैलानियों,109
सिखाया,191
पुतले,183
आजिज,96
नामांकित,121
बलि,161
घाटा,59
बढ़चढ़,59
बदसलूकी,186
चुस्त,183
भरते,125
फेंके,179
विकलांगता,22
पुर,29
नूतन,155
पापा,1
स्मरण,192
प्रक्षेत्र,148
शिखर,109
होशियार,72
अफसोस,72
मायूसी,23
खूनी,1
खडे़,23
मेंहदी,33
यूनियनों,100
श्रुति,63
जख्म,127
फीडिंग,61
कराएगा,179
तीव्र,168
जीवनी,158
शौक,121
कुंडल,96
जलमग्न,29
किसने,191
समझी,17
मोक्ष,63
पट्टे,48
बचाकर,179
खानपान,60
इनामी,56
फहराया,29
खुदरा,184
शेरपुर,29
निर्भय,83
बजाने,183
सुनसान,23
बेबुनियाद,186
वहन,184
हवालात,98
क्षत्रिय,161
किरदार,68
डोडा,56
अभिकरण,86
पत्थरों,109
पुलों,148
धरा,59
महापात्र,96
खिल,59
जगाने,145
झूले,59
आमसभा,4
प्रशिक्षकों,31
भिजवा,49
बनें,72
जनमानस,145
लगवाए,4
स्वाद,127
अंत्योदय,100
खड़े,191
केला,60
तारिक,1
प्यारा,183
चारो,36
पहरा,23
निगमों,184
परे,7
विद्वान,155
जनसेवा,98
रीढ़,199
उठाएं,186
लाते,191
व्यर्थ,192
दरकार,56
उतारकर,179
महक,183
गजल,78
गाजे,29
गृहमंत्री,100
लोकप्रिय,121
कमियों,156
सेनानियों,76
गाए,183
कारीगर,33
अनियमित,168
द्वारिका,161
आहुति,128
शास्त्रीय,155
इंटरसिटी,185
ढाका,185
समाजसेवा,145
प्रबंधों,186
बजरी,148
पटल,122
ठेले,56
नजीर,186
गुंजन,183
जाप,128
सटीक,65
निकाह,89
परगना,185
बादशाह,72
संस्थागत,156
स्वामियों,48
घात,113
स्थलीय,25
पत्रावली,186
शतरंज,133
मौसमी,25
अंशु,49
चुन,113
सुनाते,191
दुर्गापूजा,128
पहुंचेगा,186
पौराणिक,161
दबकर,23
दिखता,199
पीले,199
मृदा,3
योगा,98
दौलत,191
मन्दिर,9
फर्ज,59
कुचलकर,186
व्यतीत,161
मांगते,72
गुण,117
बेल,133
अटूट,128
सूफी,155
ऋतु,25
ताजिया,71
पूछ,191
प्रमाणित,169
संस्कारों,63
प्रतिद्वंद्वी,133
संशय,7
सेवादार,29
जच्चा,35
फिसल,41
खूबसूरत,9
बैठेंगे,24
रूपया,96
भुखमरी,79
सभाकक्ष,49
कागजातों,14
नहरी,23
सिखाने,83
माहिर,72
सेल्समैन,49
कंटेनर,3
विक्रांत,100
जिम,133
धरे,23
अधीनस्थ,86
चप्पल,23
बनीं,173
अंधाधुंध,79
मोहर्रम,71
एजेंसियां,184
गंडक,29
हजारी,78
मीर,76
उमंग,128
पीला,199
प्रवाहित,73
आदी,183
शहरवासी,96
चिंतन,28
बांटकर,56
जलेसर,100
पर्वत,109
करनेवाले,113
सदमे,1
बांधने,33
आधारभूत,169
थाली,33
उतारू,179
खांसी,168
नोटों,48
धोने,199
सहायकों,179
फरियादी,96
दोहरी,59
प्रतियोगी,133
बच्चन,121
वर्चस्व,67
महापुरुषों,128
कट्टा,96
जनविरोधी,49
हुंकार,186
मोमबत्ती,33
जीवों,117
संगीन,186
शुमार,17
समायोजित,65
हालातों,145
खजाने,76
झमाझम,35
मीठा,60
आंगनबाड़ी,100
डांट,186
नेक,191
सवालिया,186
संरचना,117
प्रभावितों,79
शफीक,96
चरमरा,49
अलविदा,1
सद्भाव,145
खरीदना,184
निचली,25
हेमा,98
नील,60
डुबकी,29
घटा,48
दुष्यंत,98
अन्न,60
खड़ा,191
घुटने,199
एजेंटों,65
मारामारी,186
डालना,127
मैक्स,65
भूखे,59
प्रभाग,16
लाभकारी,168
प्रवृत्ति,28
पधारे,161
तेंदुआ,60
अपराधिक,62
दौड़,72
दही,60
दंग,98
चारे,60
असंतुलित,99
दिलाए,179
पीना,127
सत्यवान,179
खरी,59
घूमकर,41
भ्रम,7
बकाए,23
चिल्लाने,23
कूच,4
कायाकल्प,186
खुशियों,183
संवैधानिक,120
बोलकर,179
मनोरमा,98
बहनें,72
उपद्रव,179
उपराज्यपाल,120
चुनने,122
टकराने,73
आमतौर,3
माओवादियों,4
ससमय,39
आपने,158
सज्जा,33
बैसाखी,29
सिद्धांत,169
गांववासियों,35
क्रांतिकारी,197
प्रख्यात,155
प्रश्नोत्तरी,31
लगाएंगे,35
सब्जियां,60
उदयवीर,128
कर्तव्यों,86
लपटों,41
बाधक,7
निकालना,7
छाई,59
डोली,33
काटते,125
चूल्हा,61
अर्से,186
स्कीमों,14
कान्वेंट,98
वत्स,161
राग,63
भूगोल,169
बजरंगी,98
लेफ्टिनेंट,5
अंचलों,100
किसके,191
लौटाने,62
सूचक,159
तपन,96
प्राक्कलन,48
जेलों,1
प्रभावशाली,28
शराबबंदी,186
दलील,191
स्त्रोत,169
बुरे,191
गिर्द,59
पहन,183
परिचर्चा,14
आभा,183
ज्वाला,41
रची,155
मंत्रोच्चारण,96
घोटालों,49
चरणबद्ध,31
दूल्हे,183
सांख्यिकी,156
दक्षता,156
अरसे,1
झुलसा,179
निकालते,125
तालीम,59
मूंग,60
देवा,183
आगाह,191
अष्टमी,161
नेत्रदान,186
लौह,163
गजेन्द्र,71
लेंगी,71
दायरा,31
खुलेगा,31
घटने,3
परिधि,73
उपचाराधीन,79
सुशासन,14
प्रीती,1
सिखाए,59
श्रोता,122
प्रबुद्ध,145
जौहरी,29
कानूनों,156
पत्राचार,62
पीली,36
चुनौतियों,156
अतरौली,185
उत्पादक,139
सत्तर,59
बेचैनी,127
उद्योगपतियों,100
सूक्ष्म,117
शायर,72
लथपथ,96
व्यवधान,22
भुइयां,98
पुरातत्व,9
नाटिका,183
अनावरण,65
अनुचित,32
अभियंत्रण,100
चाहत,179
कटवा,59
अंजान,1
प्रिय,15
इबादत,191
नकाबपोश,56
संभाली,76
झरिया,56
जानबूझकर,22
घिरे,109
दुर्भाग्यपूर्ण,145
मूक,121
संवारने,186
औपचारिकताएं,48
भुवन,128
बजते,23
प्रवास,66
रूक,148
एजेंडा,14
बोलबाला,145
जानना,192
दवाब,79
लिखाई,179
ऋषभ,128
बकाएदारों,79
बैरक,29
गंगाजल,183
चैत्र,161
लेखाधिकारी,186
फंसाया,186
अधिप्राप्ति,48
बरसे,59
रिश्तों,145
पंडितों,161
तमन्ना,72
प्राध्यापकों,49
बोतलें,61
अपितु,192
राधाकृष्ण,128
कयास,59
पिलर,56
खड़ी,36
बढ़ना,168
हवेली,185
रहस्य,155
त्वचा,168
शुभारम्भ,100
हिस्सेदारी,184
असलहे,186
प्रेमनगर,98
साधू,128
पलटा,179
सत्ताधारी,179
पन्द्रह,62
पीरो,23
उल्टा,73
संयम,192
सूरी,76
स्क्रीन,122
ठेकेदारी,100
तेरे,191
कांटे,61
फंसने,79
जद्दोजहद,98
व्रतियों,96
शिल्पी,155
फुटपाथों,79
सिरदर्द,168
प्रस्तुतियों,121
पंचों,186
मुनासिब,59
परसा,100
अमावस्या,128
स्थिर,117
बैट्री,31
निखारने,186
खींचने,41
बिगुल,4
निर्धन,15
समझना,192
पात,127
परिणामों,156
आपबीती,186
दरम्यान,1
पिकनिक,109
आहवान,56
खंभा,23
मंहगाई,48
मेजबान,65
गुटबाजी,186
बरसी,179
त्रासदी,145
वालीबॉल,56
अद्यतन,122
संवर्ग,14
पालना,23
लौटकर,191
कुत्ता,41
सानिध्य,128
प्रावधानों,86
वस्तुएं,48
औपचारिक,5
करवाएंगे,35
घोषणाएं,31
दबोचे,56
लटकी,41
कैसा,191
सर्वोदय,14
सांय,148
सशक्तीकरण,12
बेतरतीब,56
उफान,56
रंगीन,199
मुश्ताक,133
आशाओं,186
बनाओ,191
जागीर,76
सोते,127
तुषार,148
नीतियां,156
गुजरती,109
गर्भपात,168
दाह,61
पहनने,199
दूरसंचार,184
सुंदरता,9
छिपाने,113
पकड़,191
संक्षिप्त,158
कांडों,96
समझाकर,83
चर्चाएं,186
देंगी,179
मान्य,169
रैकेट,79
शाल,33
फजीहत,186
तांत्रिक,63
विभूति,128
पकड़ा,72
बरतें,56
सजाने,33
सुरक्षाकर्मी,1
जोखा,100
उठाएंगे,186
निकटतम,185
अरमान,98
गतिरोध,22
सरोकार,186
जवाबी,1
अथारिटी,186
पूर्णत,169
धनी,15
बसर,59
सुस्ती,127
जयकारों,4
एचआइवी,100
तलाक,121
सजे,33
फाइलें,31
परचून,56
प्रवाह,3
दिलों,191
दुर्लभ,25
मोटे,25
पिकेट,31
रोमांचक,121
बुद्धिजीवियों,145
त्रुटि,122
रासायनिक,3
आतंकवादी,67
जीवंत,155
देह,192
स्वाभाविक,28
खामी,56
श्रीमद्,128
काज,59
फरोख्त,59
आधारशिला,145
स्टाप,56
नारों,1
भराव,61
भूसा,127
खनिज,3
बासमती,100
निगाहें,179
गलन,61
सदुपयोग,14
रातभर,23
पत्रकारिता,158
खागा,56
सताने,23
रचा,15
चौंकाने,1
ढाणी,29
प्रारम्भ,78
जातीय,67
दिखाना,122
नवाज,76
सुपरिंटेंडेंट,49
लहराया,49
ढांचे,156
केंद्रित,65
रोना,23
अथक,11
मनोकामना,128
गेंदबाज,50
गजराज,98
नकलची,186
चन्द,191
उपनगर,185
तपस्या,161
कराता,48
उच्चस्तरीय,14
दुर्गम,109
पीतल,33
धमाल,96
फैक्ट्रियों,31
जिलांतर्गत,186
बदन,59
शंभु,98
बनाता,3
अर्जन,86
जल्दबाजी,49
बुवाई,61
कुंडी,29
समाना,131
सहमत,5
सूट,133
प्रायोगिक,169
जानता,191
समानता,28
भुक्तभोगी,186
नगरवासियों,4
विख्यात,78
संभल,185
छाता,33
बैठते,191
कमा,72
उस्मान,76
हनन,62
भिन्न,117
पहनकर,183
एहतियात,59
लाचार,179
पीते,127
सुपारी,60
बैठाने,79
छुट्टियों,133
बंधा,7
रोजमर्रा,22
परिक्षेत्र,96
मसलन,17
सूखी,125
प्रोफेशनल,133
अध्यादेश,62
आहट,179
गद्दी,151
उतारी,179
बहता,125
प्रयोगात्मक,65
अनाथ,15
मतभेद,145
छापने,122
किसे,186
खर्चे,62
विकट,71
गुरुजी,128
सोचने,28
कपास,60
शाहबाद,29
ब्लास्ट,148
लगवाया,4
चौसा,4
हिंदुस्तान,76
सुर्खियों,1
जहरीले,199
खिलाने,127
भुगतने,59
इंसपेक्टर,56
ढांचा,156
घनी,36
चिलचिलाती,56
पालकों,23
दर्शनों,63
किनारों,36
शीतलहर,61
नाश्ता,127
चुराने,1
सूचियों,31
नान,17
बाथरूम,79
ठेस,83
निकलती,36
वैवाहिक,145
दिलचस्प,122
कृत्य,10
सनसनीखेज,49
बुलाए,191
मूलरूप,29
बकायदा,96
अबकी,59
जाओ,191
थानान्तर्गत,96
अमलीजामा,79
फलदार,61
हिमालय,109
नाना,128
भूतपूर्व,120
गम्भीर,15
दाने,125
पतंग,183
वैली,133
पुत्रगण,186
फलस्वरूप,169
खोखे,23
सुकून,29
रखनी,48
गायिका,121
जगजीवन,78
संदिग्धों,49
बांसी,29
राजभाषा,14
सोचना,122
दलदल,36
तिल,60
भिखारी,98
ड्रामा,68
खुलते,41
गमगीन,56
कामगार,184
ठहराते,113
पहुचने,29
दिलाना,14
लम्बी,36
दिखायी,183
कुरान,17
बैठना,59
थैला,23
कहावत,64
सांकेतिक,186
गुफा,9
दूंगा,59
वनों,109
नाच,183
पंपों,61
दार्जिलिंग,185
शशी,98
कामगारों,14
जुल्म,59
बेहतरी,59
बखान,128
ज्ञापित,186
भेद,192
बिस्कुट,33
तरजीह,59
याचिकाकर्ता,96
बैद्यनाथ,29
मयूर,128
मुल्क,72
चर्चाओं,145
प्रलोभन,186
गाते,183
सत्याग्रह,197
खेमे,1
रोहन,98
नीलकंठ,128
शिवालयों,4
सादा,122
अनामिका,183
बुआ,98
सौतेला,71
विंध्याचल,29
तकरार,49
धर्मराज,161
आंवला,60
लात,72
महफूज,35
वंश,151
सुजाता,78
दफन,76
विलास,146
हानिकारक,3
अनिवार्यता,28
रहमत,59
प्रकाशोत्सव,29
चुनार,29
बीर,29
मिष्ठान,23
दिवाली,128
हटवा,35
मातहतों,23
निगल,127
सामग्रियों,65
इतर,113
गुरुदेव,128
पहर,59
जनवितरण,23
संजीवनी,98
लड़ाई,76
वृहद,169
समरसता,128
घुसपैठ,67
धमकियां,1
विक्षिप्त,7
गोपनीयता,65
पाठ्य,158
मेहरबान,59
रैंप,56
सेवायोजन,100
कराएगी,31
पहना,33
समीकरण,73
पालियों,33
सरैया,56
दुखद,179
आठवें,128
अखंडता,186
पॉलीटेक्निक,100
फिल्में,68
घबरा,59
संचालिका,96
देय,86
टकराकर,73
धमका,4
लगाव,155
नित्य,192
आपत्तियां,79
मैदानी,109
कर्मवीर,98
बिछा,36
उल्टे,59
रखेगी,79
त्राहि,186
पौष्टिक,60
शौकीन,183
दरें,184
सिक्का,33
भौगोलिक,185
समझे,113
एकादशी,161
विनायक,78
उछाल,65
निभाते,156
करतब,23
रेफरी,133
निर्वाचक,120
रामवृक्ष,78
बक्से,31
धमकाने,59
अनुमानित,185
ढ़ाई,96
ग्रामोद्योग,14
पलक,59
बली,4
मुख्याध्यापक,56
सर्दियों,36
अनाधिकृत,31
विषम,25
जानबूझ,191
विद्यासागर,98
हटाना,122
मुस्लिमों,76
मस्त,183
शगुन,59
ढोने,61
प्रांतों,120
कार्डधारकों,31
धूरी,49
काल्पनिक,121
गुजरा,29
अनवरत,7
सौभाग्य,128
बांधे,33
जानमाल,179
कुंडली,73
देखेंगे,191
ईनाम,59
कम्युनिटी,11
मुस्तैदी,61
गल्ले,59
अन्नपूर्णा,128
त्रिलोचन,98
गालियां,23
घंटी,41
दूरस्थ,122
सोए,179
गुजरे,1
मारते,191
रसोइयों,56
मोबाईल,31
नैतिकता,28
कार्यान्वयन,156
औचित्य,28
बेमौसम,148
अपनाई,113
अभिनेत्री,68
नकारात्मक,65
उतरते,36
इंजीनियर्स,184
मंदी,184
गिराया,1
झूमते,23
बदलना,122
कुलभूषण,98
रिक्शे,56
लटकता,61
खट्टर,98
कैफे,133
शाखाएं,100
केवट,98
उबाल,127
हकदार,86
किले,9
करवट,59
साधनों,169
अहमियत,186
टोनी,121
मसला,186
बचना,127
छूटने,71
ताऊ,98
वचन,15
अनुबंधित,133
धोखे,191
अंगुली,41
नलों,61
ढूंढ,35
ज्वालामुखी,25
आदान,31
चुराकर,23
परिचालकों,31
मनमर्जी,49
निभाया,68
भट्ठों,61
वार्डेन,31
सुखद,183
आपत्तियों,62
कर्बला,4
बुद्धिजीवी,145
उठती,125
आएंगी,56
रिचार्ज,31
खोखा,23
तान,59
बिन्दुओं,73
वाजिब,59
लगाता,113
केसर,60
अभिरक्षा,48
अर्थव्यवस्था,184
गुलाबी,199
अंधकार,7
जीरा,60
जलती,41
तेरा,59
दोगुना,79
श्रेया,98
गिरता,36
दैवीय,128
सूचनाओं,65
बीएसएल,100
ढलते,29
बीघे,23
रेलमंत्री,100
चौकियों,100
वर्षगांठ,11
तानाशाही,145
हिंसक,145
परत,25
गुणों,117
महफिल,72
घोल,127
निवेशकों,184
वित्तमंत्री,100
ढक्कन,41
खटखटाया,56
मौज,179
अवमानना,62
बनाएगी,31
मंत्रोच्चार,186
टेकने,23
दूल्हा,71
ज्योतिष,63
बानगी,186
मेघा,71
अमूमन,61
कढ़ाई,33
शॉल,33
सोया,61
पर्दे,41
उद्भेदन,25
मिलेंगी,179
पीटना,23
महारानी,173
लड़कियों,72
स्तुति,128
कक्षों,33
समितियां,14
अनियमितताओं,79
व्यथा,7
सम्बन्धित,169
टांग,41
लोकप्रियता,121
जबर्दस्त,67
नाकेबंदी,49
ठगा,56
बुजुर्गों,22
विस्तारपूर्वक,7
बजा,59
शराबियों,79
बंजर,60
छटा,29
प्रण,15
कसी,61
गाया,121
हैसियत,72
खुदा,191
गोताखोरों,61
सुअर,60
इकलौता,56
निबंधक,186
मौतों,79
क्रमांक,122
रामराज,98
जुटाई,179
नयन,183
जस्सी,56
फूंकने,56
स्वर्णकारों,23
आकाशीय,73
सकेंगी,48
आयाम,169
जलवायु,25
पक्षपात,145
गुंडा,35
राष्ट्रपिता,78
खामोश,183
ख्वाजा,173
आक्सीजन,3
बरते,56
घटती,3
प्रसारित,121
लाटरी,31
दमखम,56
प्रायोजित,184
हिंदुओं,161
कथावाचक,98
जांचने,31
अतिसंवेदनशील,168
घंटो,23
मदरसे,29
क्षण,7
अक्षर,122
खुलेंगे,79
कुछेक,148
प्रतिद्वंदी,133
एकादश,128
खिला,127
डायन,35
सलाखों,1
मिठाइयां,60
मोहलत,59
चोरियों,56
छाती,199
दीर्घायु,23
बटन,122
ब्रह्म,63
तेरी,191
नीली,125
बरस,72
तकलीफ,127
आमंत्रण,179
पशुपालक,23
नाकाफी,186
पहनाने,186
नाबाद,50
सबों,186
सन्,54
जटिल,169
नुमाइश,186
तीर,41
मुखातिब,71
कर्मकार,48
कतरा,191
दिनकर,78
शौर्य,161
लेख,158
सुखी,192
सब्र,191
असमर्थता,22
मसाला,60
त्रिलोकी,98
साख,48
अनिश्चित,22
प्रचंड,179
तांडव,128
गिरिराज,128
कोटि,63
चढ़ाकर,41
सरासर,59
संलग्न,169
खोया,98
गवर्नर,120
गोलमाल,59
फौजदारी,62
हर्षित,179
नौकरियों,16
घोषणाओं,49
काटना,127
प्रैक्टिस,100
एयरफोर्स,100
भागी,179
मजीठिया,98
संपादक,158
घेरने,79
भावभीनी,186
तनावपूर्ण,145
वजूद,186
रखवाली,23
स्वावलंबी,100
खींचतान,186
हल्दी,60
मालाओं,29
मोटरसाइकिलों,56
कार्पोरेशन,184
अतिशीघ्र,35
मिलाप,71
नमो,128
संभावनाओं,156
साहित्यिक,155
टेढ़ी,61
हथियारबंद,1
सीढि़यों,23
नस्ल,17
पाइपलाइन,184
मुकुट,29
दुर्भाग्य,179
सुरक्षाकर्मियों,1
सुरंग,36
शीत,25
डलहौजी,76
इज्जत,98
दर्शाता,25
एकतरफा,22
रिवाज,183
गुंडागर्दी,186
मैया,98
मापदंड,169
नाथनगर,100
पंथ,15
सफाईकर्मियों,56
मिलाने,25
जगपाल,98
जानें,59
कटाक्ष,183
भीख,71
तकनीकि,100
अनुदेशकों,186
स्वयंसेवियों,56
हिलसा,56
दीदी,1
मिलाया,60
दंगों,76
चढ़ाई,36
हाकिम,59
कुलश्रेष्ठ,128
पुनर्निर्माण,67
मोटा,125
प्रार्थनापत्र,49
उच्चाधिकारी,14
जया,78
समझें,113
हलवाई,23
साबुन,199
फकीर,72
नजरें,23
खेलना,133
स्वदेशी,67
भयमुक्त,186
हीलाहवाली,56
भाषाओं,158
उच्चतम,86
जनजातीय,14
संग्रामपुर,29
आत्मसात,28
सांई,96
अनुदानित,186
बाहुल्य,60
भतीजी,173
सटा,109
आतंकवादियों,67
विक्रय,184
धुएं,199
पकड़े,191
झोला,96
चैतन्य,128
तल्ख,56
गहमागहमी,24
झूल,59
सौंदर्य,155
बही,48
रानीखेत,185
शिशुओं,168
दक्ष,128
मस्तिष्क,168
खंडहर,109
अव्यवस्थाओं,186
धनघटा,96
पार्लर,1
सम्पूर्ण,63
कसबा,100
पालक,98
नाटकों,155
झांसे,1
चलाएं,122
मुसाफिर,98
प्रसूता,79
अपनाना,28
धमाका,1
पैंट,56
उपायों,156
मानचित्र,122
पायदान,133
गांठ,61
अहंकार,192
कनेक्शनों,31
जलाई,71
वास्तविकता,28
दिखती,183
उपद्रवियों,79
क्रिकेटर,50
जनजागरण,78
कट्टे,96
पर्यवेक्षण,16
आगोश,79
हेलीपैड,23
कम्युनिस्ट,197
शुभकामना,186
धनुष,41
प्रतिपूर्ति,48
प्रजातियों,25
जहाज,148
पखवारा,183
बेबस,59
भेजें,122
पत्ते,125
शिवपूजन,78
आंध्र,185
अपनाकर,14
उपजाऊ,109
बैठाया,4
किशोरों,168
कांति,61
नकार,145
लाभदायक,3
पाटिल,78
शूटर,133
बनाती,25
वैसा,191
जूता,56
रेप,56
उद्देश्यों,156
अकेडमी,121
समता,28
उठते,191
ठगने,79
खलील,56
चाट,33
चुकाने,48
प्रशस्त,28
बेचना,184
झेलने,59
पालिसी,48
कांफ्रेंसिंग,100
अपनाए,113
दबी,179
रचनात्मक,28
इकट्ठे,191
राजस्थानी,78
कदमों,14
इस्तीफे,120
हालचाल,23
चौंक,23
पूर्वजों,128
चलेंगी,96
सामंजस्य,28
गुंजायमान,183
मासूमों,186
रिमझिम,33
किनारा,41
बूढ़े,72
गंवा,1
पारिश्रमिक,48
इसरार,59
विडंबना,186
जागो,96
महाआरती,23
जनाधार,49
रेडीमेड,23
शिवानंद,128
बंगले,29
दारू,61
आदर,15
विभाजन,169
धमकाया,1
मलिन,61
बुनकरों,100
मंडरा,79
जलाए,35
मैकेनिकल,184
लश्कर,59
मन्नत,59
माइक,157
तदर्थ,48
अद्भुत,155
सुखराम,100
सभाएं,49
सीखा,121
अदद,56
थैले,33
महामाया,128
दिव्यांग,100
असलहों,71
ज्ञातव्य,96
अनापत्ति,48
कॉरपोरेशन,184
गाना,121
उत्खनन,9
नाता,72
पोर्टल,31
मुर्गी,60
नाश,192
कंधों,41
बटोरी,56
कमजोरी,168
अक्षम,122
सिफारिशों,86
कराह,79
होम्योपैथिक,100
कांटा,79
उपकेन्द्र,100
टूरिज्म,96
बोरियो,100
कविताओं,155
घटक,3
साक्ष्यों,29
आखों,127
तालियों,186
कुर्सियां,33
विषयक,63
हराम,191
कठिनाइयों,28
व्यंजन,60
बेमानी,186
अपमानित,15
निकास,3
देखिए,186
चलेंगे,59
बताता,122
बनवाकर,33
खींचकर,41
त्यों,7
मानिक,98
सीमाओं,156
वरिष्ठता,14
आत्मरक्षा,79
मानती,145
चलन,17
माप,73
अटैची,1
तिहाई,36
कतिपय,169
अनभिज्ञता,56
ठगे,35
अनुदेशक,31
सांझा,96
नीले,199
असंभव,169
कारीगरों,33
चौथ,29
बन्द,41
भावुक,155
सुरभि,98
बढ़नी,79
एकड़,185
जेईई,100
दलबल,98
लगवाई,96
कोशिशों,1
संपति,62
मार्कशीट,186
कराती,184
बॉल,133
ढीली,125
उपदेश,63
ढेरों,29
प्रशिक्षणार्थियों,100
जालसाजी,31
दिमागी,168
भूमिहीन,100
छूने,199
इंसानियत,71
शर्मनाक,1
चाही,179
हिल,133
सोमा,96
खोद,41
आजतक,98
श्रावणी,128
सौंपते,186
जुकाम,168
क्षमा,15
चपरासी,98
रंगमंच,121
पम्प,199
पिला,59
लेखाकार,62
रचनाओं,155
व्यवहारिक,28
सुधरने,56
ऊंट,60
मेवा,59
टीसी,79
आश्रय,192
जूझते,1
लोकगीत,155
वाचक,183
समेट,179
हरकतों,72
पुष्टाहार,61
स्वभाव,192
चित्रों,155
स्वेटर,56
औषधीय,60
तृतीया,128
छोड़कर,191
पाठ्यक्रमों,170
बोरियों,61
कुचला,61
फायदेमंद,79
परिणामस्वरूप,22
बीवी,72
यथा,169
कीमतें,184
प्रतिरक्षण,168
निगमायुक्त,186
वर्गीय,145
नवयुवक,15
ननिहाल,98
पागल,72
प्रियदर्शी,29
बालकों,192
सम्बन्ध,192
अनुमोदित,86
शीट,31
प्रविष्टि,122
कैरो,186
विवेचक,186
गजब,98
गदगद,71
तवज्जो,59
भराई,61
मनाना,98
परियोजनाएं,184
रौंदा,186
शिशिर,98
कंधा,79
रंगा,183
एथलीट,133
हबीब,72
तापस,98
मुगल,76
जिसमे,157
नीलाम,56
पूर्णाहुति,4
उन्नयन,156
भागीरथी,109
जोड़ने,65
सिद्धांतों,28
हार्दिक,11
भयानक,15
करोड़ों,148
कुम्हार,29
बनानी,31
मीठे,60
बुनकर,33
सुबूत,59
संभाले,1
कौम,59
सेवादल,49
प्रस्तुतियां,121
यथावत,179
उतारे,59
कोरी,98
प्रदेशीय,100
संगीतमय,121
भरवाने,56
सजाई,33
राजनेता,150
झोली,71
वास,109
घेरकर,179
सहेली,121
राजनेताओं,145
चोक,56
मदरसों,186
मतपत्र,31
घिर,59
डरा,191
बेचैन,59
राशनकार्ड,56
हंसी,98
बुझाई,179
उन्होनें,72
अपनाते,113
घूस,186
दोहरा,24
लोकदल,100
रामानुज,63
विटामिन,168
थाम,179
नाज,186
हरकतें,183
ख्याति,155
बिसौली,29
अतीत,155
रंगाई,33
शिवालय,29
धोबी,33
पूंजीपतियों,145
उलट,191
सवेरे,59
पिलाया,179
वारिस,191
मूकदर्शक,96
बचें,127
मौसी,98
ढाबों,56
राष्ट्रवादी,197
घटकर,100
चौरासी,128
हटकर,113
जिम्मेदारियों,156
विवाहित,98
लगनी,23
खरीदारों,184
असंगठित,48
कर्ता,96
अराजपत्रित,14
भेजते,191
अवरोध,168
निंदनीय,186
लुटेरा,98
पत्ता,61
रखीं,71
प्रादेशिक,86
माघ,161
गूंजा,186
समतल,25
दलहन,60
बजाकर,183
अजब,59
विषाक्त,3
व्रती,128
कव्वाली,183
शिशुपाल,128
जिन्हे,59
जैव,3
हकीम,17
पदोन्नत,5
आत्मिक,7
भूत,63
दोहराया,65
सेमीनार,100
चलीं,4
अटका,23
अध्यात्म,63
छुट्टियां,29
मदनलाल,98
साधकों,128
सुनाए,179
सैल,31
महाभारत,161
ठगों,96
कुरावली,96
छठा,17
उत्साहवर्धन,56
निश्चय,113
गेंदों,50
आशाराम,186
वाह,59
व्यस्तता,186
साया,59
मुर्गा,61
भ्रूणहत्या,186
विसर्जित,128
खरीदते,184
महासम्मेलन,98
शीतकालीन,50
काश्तकारों,100
आभूषणों,33
पर्यवेक्षकों,67
सिवाय,113
शीश,128
अभियोजक,62
बच्चो,98
लिंगानुपात,185
श्यामसुंदर,78
बंटवारा,100
उच्चारण,63
छिन,179
निष्क्रिय,122
नवविवाहिता,23
मुनीम,98
चोटी,36
मधुकर,98
क्षय,3
प्रगट,83
नानी,72
अंधविश्वास,7
लाठियों,23
तस्वीरें,121
समीपवर्ती,109
जुड़ी,169
डाकघरों,31
फैक्स,122
साधते,56
चढ़ी,61
उतरेंगे,59
इसने,5
प्रचलन,169
परमाणु,3
लीवर,168
टिकटों,133
पत्ती,25
इलेक्ट्रॉनिक,65
अल्प,3
बिजेन्द्र,186
चने,60
स्वर्ग,161
अनुपमा,98
विनाश,192
बनवाई,9
संचयन,3
अभिशाप,83
असलियत,1
पढ़ती,98
ईटों,33
भूना,179
बेअसर,79
गायकों,121
पार्थिव,7
कार्यवाई,179
कार्टून,121
उद्धार,83
शीशम,60
खदानों,148
विशेषता,169
पुताई,56
अनुसरण,113
स्टेशनरी,31
होनेवाले,192
आंदोलित,186
विद्यानंद,186
अंतरिम,120
विद्वानों,63
आंखे,23
करायें,31
निर्मली,56
गोरा,183
धूम्रपान,168
बागवानों,56
डेरे,35
तबतक,35
शिक्षामंत्री,100
पंक्ति,122
साहित्यकारों,155
झपट,23
ताकतों,145
अपात्र,186
प्रेषण,31
संकल्पित,14
किसानी,23
कटवाने,56
ठंडक,127
फुटकर,48
सदी,54
लुभाने,1
चश्मा,59
भांजे,98
पैगाम,186
जमानती,48
गानों,121
बारादरी,23
लाडली,98
सुई,199
पड़ोसी,185
हर्षवर्धन,161
चंपत,59
करुणा,192
किसकी,191
प्रणाम,128
समुद्र,36
निर्बाध,169
अमूल्य,155
सुश्री,11
खानी,186
मांझा,183
नदियां,109
ढुल,23
तैराकी,133
कैसी,191
संक्रमित,168
स्वेच्छा,62
सीआइडी,96
नियुक्तियां,14
सतगुरु,98
मुकर,1
मचाते,179
करतूत,59
राजेश्वरी,98
भीमसेन,161
गहलोत,98
इक्का,56
समुदायों,145
गरमा,79
खिलौने,183
रासलीला,128
लाये,49
उठाये,62
ठेकों,100
सपरिवार,98
फूस,33
म्यूनिसिपल,35
ढिलाई,186
कटोच,4
जायें,122
निपटारे,62
योगाभ्यास,186
चुपचाप,72
बेतहाशा,56
निवासिनी,23
संतोषी,183
शक्तियों,28
यथाशीघ्र,48
भट्ठी,3
व्यवसाई,56
टालमटोल,179
पढ़ता,191
आमलोगों,100
किन्नर,128
रखेगा,113
पहाड़ी,109
धुंआ,61
प्रतिबद्ध,156
परमहंस,78
बर्तनों,60
मुहूर्त,128
सहसचिव,96
स्रोतों,3
बदलवाने,1
शंका,15
मोहताज,59
लीची,60
निर्वाह,192
निभाएंगे,1
पढ़ना,72
उत्सुकता,98
नाममात्र,67
सदियों,54
शक्तिपीठ,128
कूड़ा,61
मानों,113
कलाई,199
कसरत,127
सत्यापित,48
मालिकाना,184
भूगर्भ,148
हमलों,67
तनख्वाह,56
फिसलने,41
हाय,179
कविताएं,155
साधक,63
तोले,61
उपमुख्य,96
वृद्धों,186
चालीसा,128
कारखानों,3
जानकर,83
बीजों,60
बिखर,36
घमासान,4
कनपटी,79
भूरे,199
अधिकाधिक,169
लीलाओं,63
अपूर्ण,7
सर्वोत्तम,28
मरा,72
मुझसे,191
मिट,83
वैसी,113
बिलकुल,113
मूंगफली,60
साम्राज्य,54
एथलेटिक,133
जलनिकासी,100
बरातियों,23
श्रमायुक्त,79
हुकूमत,72
मेज,41
डकैत,71
खचाखच,56
हस्तशिल्प,185
जैकेट,41
पिछला,122
अनार,127
सेंधमारी,56
हारे,72
निरुद्ध,48
दिखते,199
मनाएं,49
शासक,151
दुश्मनी,72
चढ़ाव,179
खरीदार,48
पांचाल,161
उतरना,59
सातों,59
रियासत,76
मरहम,79
कुदरत,59
बिखरे,36
मोहब्बत,72
ढांढस,35
जरुर,98
चौके,59
हिमपात,36
थाप,183
सुनियोजित,14
फेंककर,79
मछलियों,60
फुसला,186
स्थानान्तरण,3
पहिए,41
पूर्णतया,169
टेंशन,56
वतन,72
जमाए,59
कौमी,1
अंत्येष्टि,4
तिथियों,96
रचने,78
न्यायालयों,86
गुरुओं,161
अधिकारिक,133
सत्रह,173
अलवर,185
याची,62
व्यंजनों,60
बूढ़ी,59
मत्था,29
शुक्र,191
बॉर्डर,133
उपभोग,48
उतने,7
प्रतिभावान,78
धूमिल,186
अशांति,145
लहरा,59
दरारें,148
मनीराम,98
इंद्री,186
अंर्तगत,100
सर्वोपरि,63
पंजिका,31
दबोचने,186
साईकिल,29
अड्डों,184
मम्मी,71
मंद,25
भारतीयों,197
चाची,98
स्पर्श,7
पड़ेगा,113
नक्षत्र,63
बसाने,4
करारा,98
इरादा,72
दिशानिर्देश,156
असमाजिक,98
वल्लभ,78
पांचवे,133
सुंदरी,128
दिलाते,15
जापानी,67
हल्दिया,100
नमस्कार,128
नाचते,183
लिपिकों,31
निवेदन,62
सहम,59
हर्रैया,96
रातों,191
साला,98
मनचले,186
जंजीर,41
ठहरा,191
गोभी,60
भेजेंगे,49
जुनून,72
प्यासे,103
मण्डी,29
वादन,183
श्रीधर,78
अखबारों,158
रीतेश,56
सुने,83
संगठनात्मक,156
मनिहारी,23
मानता,28
मक्खी,127
भरो,23
ऑक्सीजन,3
स्वैच्छिक,156
रहेगे,59
हड़कंप,186
विधवाओं,14
फूले,61
अनियमितताएं,56
अहिंसा,145
जुटाए,179
हताहत,79
बजने,24
निजाम,76
आयात,184
क्षेत्रवासी,100
पहुचा,59
जामिया,11
प्यारी,183
दमन,76
बुनियाद,59
सटी,148
अर्पण,4
बाशिंदों,35
वनस्पति,60
संकरी,148
विसंगति,7
नाई,128
पालम,185
फव्वारा,29
पडे़गा,96
डाका,4
शीशपाल,186
परवरिश,72
डिस्चार्ज,31
कृष्णानंद,98
निखार,179
कार्बन,3
समयावधि,48
जेठानी,186
चराने,23
अभिव्यक्ति,28
मंत्रों,63
पिपरी,23
सत्तारूढ़,120
क्रियान्वित,14
लोहार,23
हस्तांतरित,62
बहार,72
निष्पादित,65
पालने,191
उपकेंद्रों,31
सुनेंगे,59
मशरूम,60
फिक्र,59
बिके,133
फूटा,56
लायी,56
बैलों,33
अनुशासित,145
माटी,98
आंकी,148
कलेर,96
वक्तव्य,145
घिरा,109
अनुमंडलाधिकारी,100
विस्थापन,73
भट्टा,100
तीखे,61
तुरन्त,83
बाजू,41
बिरंगे,33
उत्तेजित,168
दिनोंदिन,186
साजन,98
कुश,161
रामकथा,63
कृति,155
प्रमुखों,120
शादीशुदा,1
सहायिकाओं,96
कमांडो,1
उग्रवाद,67
पहनाया,72
दर्जे,191
मोतियाबिंद,168
मिनटों,199
इकाइयां,139
विसंगतियों,7
कामिनी,98
प्रत्यारोप,79
विक्षोभ,7
मचाना,179
दिलाकर,4
बेरुखी,186
घाव,168
दीवारें,41
जूट,60
स्थली,109
कृतित्व,155
विस्तारीकरण,31
मशगूल,1
मदों,86
महरूम,59
खिली,61
भुगत,49
खुलवा,56
अनुभूति,7
वाममोर्चा,96
दिखेगा,122
जामुन,60
मुख्यधारा,121
बेसब्री,59
बगीचा,29
चरितार्थ,7
जगदंबा,98
मैनेजिंग,56
चरमराई,35
दीजिए,59
मनोविज्ञान,28
जिताने,56
रेलकर्मियों,186
अपरान्ह,96
रैलियों,49
धराशायी,1
बेसुध,179
सिराज,98
दिलवाया,72
प्रबंधकीय,156
प्रत्यारोपण,168
कोंच,100
खिले,24
हिना,1
तिपहिया,31
पंख,199
निकलेगी,186
पैठ,179
परमवीर,173
स्वाहा,96
डूबी,183
आनेवाले,179
प्रभागीय,100
नींबू,60
ज्येष्ठ,151
बहाया,35
अनुयायियों,161
बंसी,71
एकमुश्त,48
रघुराज,49
सायंकाल,179
शमन,168
कोस,29
अजीब,72
किलोवाट,148
फैसलों,62
हिदायतें,48
सदस्या,78
भूरी,60
अमरूद,60
अधीनस्थों,113
पांचवी,29
ललक,179
आधुनिकता,28
बताएंगे,35
पूज्य,15
सफलतापूर्वक,65
कारणवश,148
घुसी,61
सुदीप,98
विलुप्त,25
जलसे,49
महामारी,168
चरखारी,4
विविधता,169
फैलता,168
तौबा,191
दागी,49
गृहकर,186
छीनी,71
अपेक्षाकृत,25
इनवर्टर,31
सम्मति,83
स्टेंड,29
सुरक्षाबलों,79
अनुग्रह,15
सुखचैन,23
फैलती,125
ऑपरेटरों,184
त्यागपत्र,120
संरक्षा,14
पोखरों,61
दुबके,23
आभास,7
कैप्सूल,199
सर्प,128
गुपचुप,1
दुष्प्रभाव,168
गंगानगर,29
धारी,36
मनमाना,186
हाशमी,98
कोसा,186
आरपार,73
खोखला,41
पाएं,96
कालिंदी,29
शुद्धता,7
विभाजित,25
सूचीबद्ध,184
हैंडबाल,133
सुनायी,72
तारें,56
ग्यारहवीं,100
संग्रहण,48
बहु,65
तकिया,179
दोगुनी,79
नवसृजित,100
सिलिंडर,73
रैयतों,100
फार्मो,100
पकवान,60
नतीजों,79
अनुभवी,5
शिवभक्तों,4
नौका,179
नमूनों,3
कुर्बान,4
बेनकाब,31
हुकुम,24
जसवाल,4
भांग,61
कतराते,179
पशुधन,48
पटवारियों,96
गोताखोर,61
प्राचार्यो,186
यद्यपि,192
सांझ,23
चबूतरे,9
सैलानी,29
जंतु,25
जनकल्याण,14
टिक,1
निर्मम,83
पनपने,79
इकलौते,98
जुताई,60
नाकामी,56
बिंदू,56
गिरिजा,98
उत्पीड़न,145
मन्नू,98
बौछार,61
निकलवाने,56
शर्मसार,186
नेत्रहीन,186
व्याख्या,28
असंतुष्ट,145
संयोजिका,186
स्टालों,56
बकाये,31
जुआरियों,186
मिलीमीटर,25
अनुभाग,184
परंपराओं,155
बारातियों,49
रक्तचाप,168
बदस्तूर,71
स्तंभ,9
वानिकी,14
वाहिद,49
बचते,113
सुनाने,72
काहलों,98
दर्शना,23
मंगाया,33
बुढ़ापा,59
पहुंचाएं,186
राष्ट्रव्यापी,145
कुंआ,29
खिलाया,60
दिग्गजों,1
मोहिनी,128
आपदाओं,14
रोपित,61
रचित,155
स्टैण्ड,33
पद्मश्री,78
दिलायी,59
पाबंद,35
कपाट,61
प्रधानी,61
बांग्ला,78
उपरान्त,161
प्रतिरोध,3
गढ्डों,56
हमसे,191
सुसज्जित,9
मोचन,48
मूसलाधार,59
मर्ज,56
विभागाध्यक्षों,96
चैम्पियनशिप,50
कुकर्म,23
उत्पादकों,139
एलबम,121
सबने,191
हिरण,60
युद्धवीर,179
कर्णप्रयाग,185
दाता,113
बगीचे,29
पनीर,60
जर्नादन,186
जादूगर,191
प्रतिवाद,56
जोरशोर,49
पेशकश,5
निबटने,22
टहलने,23
ऊधम,23
बरसाना,29
छुपाने,122
रजाई,56
करबला,4
तनातनी,100
सूझबूझ,15
लगाती,56
भैंसों,60
हताश,179
टीएन,31
सादगी,155
यादें,1
जिंदाबाद,98
बेचता,184
फिजिकल,31
इलेक्ट्रानिक्स,31
महबूबा,59
अध्यापन,170
समन्वयकों,100
समझाते,83
वाकई,186
अनुकंपा,186
आबाद,17
आंदोलनरत,79
मसलों,145
टंकियों,61
मंडराने,56
शर्म,72
समाहित,122
नौनिहाल,56
नियुक्तियों,14
चपत,23
मैगी,56
परिभ्रमण,148
चौखट,33
कुटीर,33
सुझावों,14
सकीं,1
महंथ,4
बकरियों,61
बिटिया,96
लिफाफे,31
राजरानी,96
सफाया,79
घायलावस्था,96
शुरूआती,157
लीं,71
मिठाइयों,61
कमोवेश,186
कोशिशें,1
साधने,186
रियायत,48
शाहदेव,98
पेशा,98
मुसाफिरों,59
टावरों,148
मन्नतें,186
पोते,173
आकृति,25
डालेंगे,59
दिखावा,186
मालगोदाम,79
अनुज्ञप्ति,48
शील,128
दिखाएंगे,186
ध्यानी,186
चुनरी,23
जघन्य,4
धुनों,121
भौतिकी,169
आधुनिकीकरण,184
बहती,109
कारगुजारी,96
निकलेगा,179
पैटर्न,65
छिटपुट,56
श्रद्धापूर्वक,128
अधिग्रहीत,31
प्रवृति,28
समाजसेवियों,96
कुटिया,128
वनाधिकारी,186
भइया,98
बर्दास्त,186
रुकावट,168
किरायेदार,31
सलामत,43
अंदरूनी,148
मनसा,4
आपातकाल,120
किराएदार,62
बहादुरी,76
अहीर,4
तीक्ष्ण,199
सीएसआर,14
ठान,191
अदालती,62
ख्वाब,59
लहराते,33
चढ़ते,36
चाहें,191
परम्परा,63
चबूतरा,29
हटे,179
देखता,191
गाल,41
मेलों,29
ट्रैक्टरों,61
जानती,72
तबदील,59
आनंदी,78
संतुष्टि,28
बास्केटबॉल,133
प्लेटफॉर्म,65
ठहरे,191
तपती,23
बुझाया,33
फेरे,191
कुमकुम,98
पिच,133
शमा,98
तकदीर,59
वामपंथी,197
शारदीय,128
भेंटकर,186
निष्कर्ष,169
तख्तियां,23
जूं,61
फोटोयुक्त,186
खूबसूरती,9
निबंधित,31
ब्रह्मानंद,4
नफरत,72
अनुरक्षण,184
सीखे,186
परी,183
शिवाला,29
तेजा,4
सजाए,33
निष्क्रियता,7
अमरपाल,100
निवाला,59
चौकों,23
जानकारियों,31
गुणात्मक,169
इमारतें,9
प्रोफाइल,122
यहाँ,109
दुहाई,186
वेश,128
मछलियां,60
महाकुंभ,29
पीए,96
ईलाज,61
झाडू,61
हेपेटाइटिस,168
भुला,191
सोई,83
बहकावे,179
कारवां,71
डांडिया,96
लीन,161
लाभांवित,186
क्रोध,15
शर्बत,61
जगमग,23
संभालेंगे,100
फिजीशियन,186
सहानुभूति,145
नामकरण,155
पूर्ववर्ती,169
आशियाने,100
उर्वरा,60
उत्कर्ष,155
वातानुकूलित,100
मजे,59
जमीर,186
गैरकानूनी,62
गुजारिश,49
छेड़छाड़,1
पाइपों,61
हस्तांतरण,62
बकरा,56
पुरातन,63
महानगरों,185
प्रदत्त,86
डूबकर,179
बगावत,76
बनवाना,23
संज्ञा,63
बंधुओं,4
बचाए,59
मजहब,35
नामचीन,98
बीता,78
रुद्र,128
गौरवान्वित,186
आमजनों,56
पूछते,191
संकलन,158
पतन,54
अनुभवों,28
चहेते,71
प्रार्थी,186
पसंदीदा,122
भाला,4
शिल्प,9
डिब्बा,61
सोची,76
कुलाधिपति,14
खाल,125
सीनेट,120
अनुशासनहीनता,49
शर्ते,62
घटों,61
बिठा,59
खोदकर,61
चुनौतियां,14
दूज,4
बाराहाट,98
क्रूरता,145
पुस्तिकाएं,186
सांठगांठ,1
राजदीप,98
चुनिंदा,184
जिज्ञासा,28
कहेंगे,191
निर्दल,96
संस्कारशाला,98
शैल,25
भ्रमित,79
हकों,186
कुओं,36
सौहार्दपूर्ण,79
बदहवास,59
वेशभूषा,183
प्रसूति,168
परिधान,33
आमादा,59
जांची,79
पृष्ठभूमि,122
पाठकों,158
सतह,25
गांववासी,23
पूर्वानुमान,3
कब्र,173
शिक्षाविद्,78
ड्राइंग,31
भुलाया,179
संभालते,1
तोड़कर,125
खोलते,31
कारें,133
प्रवचनों,128
बिछाया,59
नशाखोरी,186
कलंक,7
मैगजीन,121
बाएं,41
अनुरुप,124
नीरा,98
यमुनोत्री,109
इसलिये,192
अपनाएं,79
हामी,72
बालिकाएं,35
स्तनपान,168
मसीहा,71
अजगर,61
चेयरमेन,56
राजनारायण,78
तुम्हारे,191
टकराया,41
रचनाएं,155
साइकिलों,61
पवित्रता,192
बास,183
बनाएगा,113
इतिश्री,186
ठेंगा,186
समूचा,186
लिखना,158
प्रकरणों,186
उदयराज,4
प्रचलित,63
निहित,169
संवर्धन,156
बधिर,98
बोरियां,35
पांचवां,133
कंकाल,199
मलाल,186
पीडि़तों,186
गुजरता,73
खंगालने,186
लालटेन,61
मिलजुल,59
गंदी,23
शादियों,56
बब्बन,98
बुध,73
बागडोर,76
मनाएंगे,100
कोसते,44
घटाकर,48
फूटी,179
तीरंदाजी,133
इन्हे,128
आकाशवाणी,78
बेदखल,1
चलाएगी,96
छपी,158
इकाईयों,48
कांच,199
खासियत,56
खोलना,122
सरहद,17
कनक,29
बर्खास्तगी,62
कोयल,29
बहुचर्चित,98
न्यौता,49
काबिल,186
कायस्थ,78
सांगठनिक,22
फार्मासिस्टों,100
अंगों,117
पांडव,128
बांधी,33
बालियां,35
स्टीकर,31
सलोनी,96
लाज,4
खुशनुमा,56
जगा,179
अफवाहों,1
वर्गों,169
कोसों,56
बिन्दु,73
सजगता,186
चकाचक,49
संचय,117
नतमस्तक,179
संवेदनशीलता,168
आगंतुकों,184
हिदायतों,59
मौतें,79
शिक्षाविद,170
नीलगाय,29
बंटा,185
कंठ,179
धंसने,148
सिंतबर,49
नशों,23
मनन,7
चहुंमुखी,14
दानी,59
जत्थों,71
उलझा,1
मोहसिन,49
बुझ,35
पर्याय,63
निकलवाया,23
आसरा,59
उधम,8
पूर्वांचल,185
लगाएगा,31
एहसान,191
पिहानी,96
देशवासियों,145
यूएस,157
मिश्रित,25
पादरी,145
गहराया,23
वर्जित,179
दुआएं,59
मद्य,61
मचाई,49
लीजिए,59
परिकल्पना,169
कायदे,186
अटकी,56
तिजोरी,31
रक्षकों,71
सौंपेंगे,186
पकड़ने,199
जमाना,186
छूटा,56
संबधी,56
फफूंद,199
विद्युतापूर्ति,35
शतप्रतिशत,48
प्रवक्ताओं,186
आयीं,72
आवाम,23
संगतों,4
मातृत्व,48
बंधाया,98
शस्त्रों,4
बेखबर,59
प्रमाणिक,63
गुजारने,23
उंगली,41
रुककर,23
बीचों,29
दिलवाई,49
टहल,23
अफसरशाही,186
पहुंचाते,127
बुराईयों,59
वधू,98
सत्कार,15
मैत्री,145
हटाई,79
दीये,33
व्यापी,100
स्थितियों,169
डिब्बों,199
कैंपों,23
जलसा,23
हलफनामा,186
धमक,23
भूखंडों,100
अरबों,76
उपखंड,86
छर्रा,96
प्रतिभाएं,56
कंक्रीट,148
अंडा,199
उस्मानी,76
पेशाब,168
पौत्र,151
पोषित,156
इसमे,59
ठहर,59
उग्रवादियों,1
मरी,23
मध्यस्थता,62
गवां,186
बेअदबी,23
नाती,173
अध्याय,63
जमात,72
नंगे,41
पहुंचाए,79
बवाना,100
साम्प्रदायिक,145
हार्डवेयर,65
घोंटकर,23
दुखों,83
नकारा,7
असमय,83
रैलियां,186
उग्रवादी,67
बाते,191
मुकामी,56
किन्हीं,86
अनदेखा,122
ब्लेड,199
पारितोषिक,179
गुज्जर,29
मौनी,96
डरे,191
जूही,183
साइकिलें,56
नसीर,76
उकलाना,96
रोजे,59
चलाएंगे,56
बरसा,59
अक्षत,183
खेद,83
जन्मे,78
गिलास,125
भरसक,145
मणिपुर,185
अप्रत्याशित,122
खुदकशी,23
भांजी,98
जमादार,98
श्राद्ध,128
पढ़ाते,71
निरोधात्मक,22
तिरंगे,29
सुमंत,98
प्रतिबद्धता,156
छुपा,72
फेंकी,79
रवानगी,186
धोना,79
लीपापोती,186
हटेंगे,23
बाराती,98
चित्रांकन,33
वचनबद्ध,14
बारीकियों,186
निष्पक्षता,145
बिखेर,179
जातिवाद,145
अनुयायी,161
कालोनियां,61
हरिनाम,128
बिलखते,35
परीक्षित,128
तबादलों,48
छक्के,133
नवी,100
ओले,61
कीर्तिमान,50
गोसाई,71
दुलारी,183
देररात,35
नवीनतम,65
दशम,63
ग्रामवासियों,29
बाबुओं,56
नियमितीकरण,31
नजाकत,71
नजरों,98
समयबद्ध,14
निकलवा,59
योजनाबद्ध,156
यादों,98
खाए,127
उपकार,15
भुवनेश,96
लाहौर,76
टला,23
बाध्यता,86
साली,59
अभिकर्ताओं,48
गाँव,185
चारधाम,96
नाप,125
साहसिक,121
मुनी,96
एलआईसी,48
संवाददाताओं,1
उद्घोष,128
करिश्मा,121
बकरियां,23
सीमांकन,79
ओढ़ाकर,23
मंगलसूत्र,186
अभियन्ता,100
बंदा,98
शुद्धि,7
दमा,61
निभाएं,14
कपड़े,125
खामोशी,183
भालू,60
डलवाने,96
उस्ताद,78
भोलू,23
चाभी,79
पकडे़,23
पंचायतीराज,100
अविवाहित,98
जलते,41
डेरापुर,29
खजूर,36
जनकल्याणकारी,186
रोको,59
कठिनाईयों,100
मेधावियों,98
भटकने,15
गुनाह,191
चौतरफा,96
फतह,76
देखो,191
परास्नातक,170
खोने,133
संदेहास्पद,22
कुर्ता,59
सांड,33
लोभ,15
बंध,117
श्रीमति,98
कसना,23
धागा,33
प्रबन्धक,62
व्यंग्य,155
लुप्त,63
बल्ला,133
दसवें,173
आर्शीवाद,83
समर्थ,169
रुपेश,56
फुर्सत,23
पूरक,169
लगाएगी,35
अछूता,186
भागीदार,184
जलपान,33
हुक्म,191
शंखनाद,186
कांप,23
रहन,59
रिझाने,179
कलशयात्रा,56
सार,63
निर्माणों,148
पदस्थापन,186
खोदने,61
कृत,63
शाप,128
संबद्धता,100
सिद्धि,63
रुकते,29
पथरी,168
मोल,71
थोड़ी,125
खोटी,96
कमोबेश,186
कुटी,128
सायरन,56
घटाने,48
पटक,23
दुधारू,61
आक्रामक,22
शोरगुल,56
तोता,23
उत्पादकता,139
छिप,179
प्रमाणपत्रों,31
वीरता,151
बोई,60
गिने,4
जायदाद,186
सितारा,121
हजम,61
अविरल,186
कुमुद,23
चर्म,61
झडी,96
सुधरी,61
अजायब,35
सामंत,151
सांसें,83
निरोग,100
पुत्रियों,98
जलाशयों,60
बिठाकर,33
ग्रामवासी,23
जेहन,59
आहुतियां,23
महकमों,35
प्रभावती,98
नौकरानी,1
ब्रजमोहन,98
तनिक,113
द्वेष,15
आज्ञा,15
होनेवाली,113
दूरदर्शन,121
सुहेल,96
तटवर्ती,109
किस्मों,60
मिठास,61
बरतते,186
दूत,15
स्वदेश,78
मुंडन,29
केले,60
ढील,59
अनूठी,155
गुरुजनों,128
तमाशा,72
तीरथ,98
शोधन,3
साग,60
बिका,56
चौका,23
प्रासंगिक,156
फैलाई,179
भंवर,73
सुपरवाइजरों,56
छिपाकर,59
पड़ताल,62
छत्रपति,185
रूझान,186
अध्यक्षीय,145
आतुर,98
गहनों,33
लोकनिर्माण,100
पुनरावृत्ति,7
अनपढ़,186
समावेश,169
अशिक्षा,186
सुभद्रा,128
सेव,33
राष्ट्रीयकृत,14
संघर्षरत,145
रुकवाने,35
करवाचौथ,98
तरंग,73
ग्लास,199
गैलन,61
उर्वरकों,3
अनिमेष,23
अभिन्न,63
नवरात्रों,29
गण्यमान्य,186
महारैली,96
कनेक्टिविटी,65
शमशान,128
बिरजू,96
लावारिश,96
धीमा,3
भूसे,61
पुनर्विचार,62
शवगृह,23
आंनद,186
जांचा,31
पोलिथिन,23
संघों,156
ग्रह,73
वयोवृद्ध,98
चिकित्सालयों,100
पराग,199
छलावा,96
दूतावास,67
विशेश्वर,71
झुग्गियों,96
अधिग्रहित,31
निलेश,96
प्रतीक्षालय,56
नौंवी,100
रघु,98
भूतल,148
किसानो,100
फांक,61
सुहाना,179
प्राविधिक,100
असहायों,96
लोचन,128
प्रशंसनीय,15
उत्पादित,3
खुलता,41
पहचानने,168
कसते,61
बगिया,24
अंडे,199
उद्यम,184
उलझी,186
बिचौलिए,48
विधा,158
मलय,185
खानापूरी,186
रोकते,113
निकालेंगे,179
उजाला,59
फिसड्डी,79
नीला,199
षडयंत्र,1
प्रखर,155
हाजरी,96
भावनाएं,145
बिचौलिया,31
गायकी,183
दुनियां,56
पिया,127
गोलीकांड,96
जायरीन,35
स्ट्रोक,199
कुव्यवस्था,186
मंसूबे,49
फिजा,186
वारिसों,59
दवाईयां,79
लोकनृत्य,29
शतक,50
पछुआ,148
बिताने,173
इंस्पेक्टरों,56
फांस,186
मुजाहिद,96
नागवार,59
समीक्षात्मक,158
विचरण,73
सम्मुख,192
सालभर,61
सूने,23
मनवाया,96
पदार्थों,3
श्मशानघाट,23
मुर्दाबाद,49
बदलेगी,186
क्षत,61
इस्लामिक,76
शांतिभंग,186
बढ़ाएं,31
वायुसेना,67
भात,60
पढ़ाना,98
बीचोबीच,109
बिखरी,148
धरी,35
तरबूज,60
ढलाई,33
वगैरह,59
हारने,50
निपट,35
बाकि,1
भक्तजनों,128
कमाया,113
प्रतिभाशाली,158
उलझे,59
दुकाने,33
खंडित,169
वरन,83
जवाबदेह,14
फ्रेंचाइजी,133
पर्चियां,186
चौपहिया,96
ऑडिशन,121
बरतनी,61
बीन,61
घपले,100
गलतियों,1
नैनो,3
दलीय,100
राखियां,186
आयेंगे,49
पुरूषों,79
नम्रता,83
शिकारियों,60
सभ्य,145
अंपायर,133
पसार,186
पालतू,60
लकड़ी,60
बच्चियां,35
आयेगी,186
चीखने,23
नवगठित,67
अमानवीय,145
लहजे,17
खुलेगी,95
नमाजियों,98
सुलझ,49
बहुमूल्य,33
महामहिम,11
आवश्यकतानुसार,3
गिरती,36
अंतरराज्यीय,100
उपसचिव,49
टेबिल,31
खात्मे,49
अनसुना,186
भक्तजन,128
अधिकारिता,86
गौरवशाली,15
बहुओं,23
भरवाया,29
खेलकर,133
कार्यमुक्त,62
ग्रीष्मकालीन,50
धन्य,83
चहुंओर,23
छतरी,29
पड़ने,125
तथाकथित,28
शास्त्रों,63
प्रियांशु,71
मंत्रणा,186
भीग,61
पंचर,79
तेजस्वी,128
नौवें,173
परिदृश्य,156
कैंब्रिज,49
बताएगा,56
दाहिने,41
विक्रमादित्य,151
वस्तुस्थिति,179
दगा,59
देवगम,96
बंटे,100
गिराकर,41
व्यवस्थापकों,96
झुलसने,61
पुंज,73
संवेदकों,31
घटते,148
लेजर,65
नथुनी,23
किश्तों,31
खेमका,71
शिकारी,125
सरपरस्त,59
विक्षत,186
आसीन,151
हवस,59
भगाया,4
एप्लीकेशन,65
ताल्लुक,186
ट्रेक,133
दीपों,179
मालवाहक,148
शायरी,72
रसोईया,56
किसका,191
बारूद,79
म्यूजियम,11
उठायी,71
दंडाधिकारियों,49
परख,179
मनोहारी,9
सारिणी,31
खोदे,61
पहिये,41
पोती,173
अपशब्द,179
वनवासी,4
तरैया,4
रैबीज,79
माखन,186
सजने,35
प्रतियोगियों,133
प्रस्तावक,48
गुरुद्वारों,4
मुख,125
शिष्यों,161
दमदार,98
ढीले,125
बोतलों,61
विपक्षियों,35
विश्लेषण,169
अनुशासनात्मक,62
हड्डियों,125
दशमी,128
मुखाग्नि,98
माँग,15
चित्रा,78
रेलमार्ग,185
निषेधाज्ञा,62
हंसते,183
दीनबंधु,186
एकलव्य,98
बचकर,191
खोजी,56
खीरा,60
बकरे,23
बहकर,109
श्वेत,25
मेहरबानी,59
गालीगलौज,186
गोले,73
धुलाई,61
अमानत,59
शराफत,96
वाद्य,183
मंदबुद्धि,79
हतप्रभ,186
वीरान,17
थामा,56
बिछाकर,61
नमकीन,60
जाँच,65
सिंथेटिक,3
विज्ञानी,169
खजांची,56
फटा,59
ईश्वरी,4
नवनिर्माण,98
तोला,23
विफलता,65
गिनाई,186
हिफाजत,186
अयोग्य,62
माध्यमों,65
छलक,59
ढहने,56
वितरक,184
वास्ता,179
कुनाल,1
समाजशास्त्र,28
छप्पन,29
अभिवादन,179
गरज,179
गुजराती,158
बोगियों,56
सबूतों,31
बजाते,183
नहाते,61
पिचकारी,61
लग्न,128
प्रकल्प,186
मांगलिक,128
भूदेव,96
रणजी,50
सिंधु,109
पाश्चात्य,155
गर्मजोशी,145
मैदानों,109
फीका,199
मकबूल,98
प्राणों,15
विलीन,63
लगकर,41
कुर्क,48
गीतकार,121
थान,33
प्रतिलिपि,122
मटका,33
अप्रशिक्षित,79
योजनाकार,100
जहाँ,36
मुहाने,109
मल्लाह,23
सटाकर,33
मुमकिन,59
चिमनी,61
नहरें,17
नरक,15
गोलबंद,186
खड्डा,186
ताप,3
ढुलमुल,49
एकीकृत,156
मालाकार,186
कसे,41
पोस्टरों,56
अन्नदाता,96
पीटीआई,145
भागना,59
धकेल,67
अभिलाषा,83
खुशखबरी,59
बेकसूर,186
दीया,183
कोषाधिकारी,56
इच्छाशक्ति,7
अभूतपूर्व,145
मादा,125
टेप,31
असुरक्षा,71
बेशकीमती,29
सेनानायक,76
जलेबी,33
सेटेलाइट,31
सिवा,191
लहसुन,127
दर्रे,36
उपजे,83
दुकानदारी,4
सीना,72
मंदाकिनी,183
शर्मिला,78
छीने,186
परास्त,151
तपा,186
चटकाए,133
जिलास्तर,100
रूकने,61
सत्यता,7
कूदने,23
बचेगा,23
शक्तिशाली,67
कोख,98
पटाक्षेप,186
सेनापति,151
जलता,125
वाहक,3
बीचोंबीच,29
सर्कस,121
लांग,133
अपहरणकर्ताओं,1
कशिश,71
सलामती,191
सातवां,56
खिलाई,61
अपहर्ताओं,1
पकाने,60
पस्त,59
कछुआ,23
आयशा,72
नियति,15
बैनीवाल,96
मरणासन्न,83
तहस,17
खाती,60
युवजन,98
मनाही,59
चिल्ला,71
हुर्रियत,49
सारथी,128
इंद्रधनुष,61
बटेश्वर,29
बोलना,179
स्वप्न,15
जुए,59
ग्रंथों,63
मधुमक्खी,60
बोरों,23
पीतांबर,35
रुदौली,98
सट्टे,48
शहद,60
कथनी,35
जुबानी,186
करनेवालों,113
अध्यात्मिक,4
थकान,127
मंगवाई,96
पक्षधर,145
शूट,133
सरंक्षण,100
छायादार,61
कालिका,128
सुलेख,56
वस्त्रों,33
लगेंगी,49
बाइस,59
लगान,1
जालसाज,56
रेस्तरां,184
संबंधियों,186
दलीलें,59
रहनेवाले,113
खादों,60
मारना,191
अंकपत्र,31
हस्तियों,121
मुशायरे,98
सीवेज,100
मध्यान्ह,96
निकलें,59
कार्यस्थल,14
अनूठा,155
झकझोर,186
न्यायधीश,62
मनवाने,186
किरकिरी,186
हिला,113
चुटकी,23
ओलंपियाड,100
यामीन,59
लहरी,128
ताश,56
सरस,155
छात्रनेता,100
मरम्मती,56
तबला,183
संपादित,122
चैनलों,65
उगी,61
पूछी,59
अप्रत्यक्ष,156
बक्शा,98
कुशलता,156
आयुवर्ग,100
अंत्यपरीक्षण,31
डब्ल्यू,133
कर्मो,7
बेपरवाह,59
कास्य,49
हसीन,59
चमकाने,56
अत्याधिक,127
कर्मठ,186
डाट,33
कटघरे,62
चलाएगा,56
प्रजनन,168
साठगांठ,96
लेखकों,158
आइना,186
निपटाया,62
दबने,73
धारणा,28
अस्वस्थ,22
चुनकर,179
मंगाकर,96
मारूति,100
परखने,186
सकरा,23
धरोहरों,29
सुखा,60
होम्योपैथी,14
नरम,127
लल्ला,4
रंगकर्मी,98
गृहणी,98
बदलती,3
रुकवाया,35
कुचलने,76
अनबन,1
पुत्रियां,98
बंसीलाल,49
कोयलांचल,100
सोचते,83
जागे,186
हत्याओं,1
नन्हीं,183
रक्तदाताओं,49
उठाता,113
चेत,71
वाचन,186
वायदों,186
स्वास्थ्यकर्मी,56
निभानी,14
जननायक,98
जुबां,61
प्रतियां,121
परमार्थ,7
बारीकियां,56
माचिस,61
काजू,60
सर्वदलीय,49
भोली,186
शहनाई,183
पनकी,56
कांटी,100
अवसरों,11
सिक्कों,33
त्रुटियों,169
भूले,191
तम्बाकू,60
सम्बंधित,185
शासित,120
नायाब,49
वशिष्ट,96
ब्रह्मचारी,161
पड़ती,125
कामधेनु,85
फार्मेसिस्ट,61
कातिल,49
शीशी,23
गुब्बारे,61
छंटनी,48
नीर,23
नाचने,183
खाएं,61
सप्तमी,128
तारे,73
तीव्रता,73
गहराने,35
पोस्टमास्टर,186
निरक्षर,186
जिन्दगी,72
मच्छरदानी,23
लटकते,41
लौटाया,186
घपला,186
दालों,60
परिधानों,33
खरपतवार,60
मुनाफे,184
धोती,33
मुग्ध,128
मालामाल,23
बुलावा,49
जुटेंगे,35
पीक,148
अनौपचारिक,156
बदलता,73
अकादमिक,170
कतारबद्ध,31
कैंची,41
इंतकाल,23
नजरिया,186
कपडे़,33
चमेली,60
ठप्प,79
झपटी,71
दामिनी,59
नोंक,61
टोका,98
वन्यजीव,185
महती,145
छोड़ने,5
प्रागंण,23
मुकीम,35
छेद,199
सुंडी,56
गोरक्षा,128
शंख,9
राष्ट्रगान,78
कस्तूरी,60
ढर्रे,59
औरत,72
झरना,109
रौब,59
कार्यक्षेत्र,14
वेल,56
जायेंगी,79
पुश्तैनी,71
अलगाववादी,67
अधीक्षकों,56
निर्णयों,86
फोटोग्राफर,121
कसम,72
फेहरिस्त,56
थिरकते,29
अधमरा,56
चेस,133
वली,17
अल्का,98
कम्यूनिकेशन,31
कछला,29
लगवाकर,35
कीजिए,72
पटवार,23
दरवाजों,29
संकोच,7
पैंतीस,100
जनेश्वर,96
मृदुला,186
फहराने,4
आइए,100
काश्तकार,56
चलंत,23
बजरिया,23
रुद्राभिषेक,96
वेदांत,63
खोदी,33
ऐतराज,1
रहूंगा,23
भावपूर्ण,155
शान्ति,15
स्टाम्प,62
निराशाजनक,133
स्मारिका,98
हिरन,60
रिफंड,48
प्राणियों,117
पत्थरबाजी,49
अधिकता,25
आटे,60
चुराई,71
अनभिज्ञ,179
हजारा,29
मिश्री,23
सुनहरा,29
ब्रह्मदेव,128
बरकत,191
मसाले,60
सोचकर,179
सत्यार्थी,186
तुम्हें,191
उत्सुक,145
दुश्मनों,72
सुबेदार,98
जनसमूह,4
दिलावर,98
सगाई,121
आरम्भ,161
ठूंस,23
गाजर,60
ताजपोशी,4
टिन,3
ढाल,36
गुलामी,145
उचक्के,96
हथकंडे,179
खोखले,125
जागा,23
फैलते,125
जिमखाना,100
तुलाराम,29
बनेंगी,186
प्रसंस्करण,139
क्रियाओं,117
हटाये,79
लालसा,15
पीढि़यों,186
टैबलेट,65
नेटवर्किंग,65
कसौटी,28
अधिसूचित,86
लकड़ा,96
अपहरणकर्ता,35
राजमिस्त्री,23
सुंदरकांड,4
आदिम,25
छूटी,23
अढ़ाई,4
सूजन,168
भांजा,96
चश्मे,125
सूनी,49
रसायनिक,3
करवाता,31
छपने,158
स्वर्णिम,29
दर्पण,73
बचाते,127
बर्ताव,83
ईसा,17
वर्धन,48
बल्लेबाजों,133
पेंशनधारियों,100
पिलाना,61
गरजे,23
देशद्रोह,1
बाजा,183
टकटकी,59
देवरानी,71
तलहटी,109
फरमाया,59
लड़ने,72
रूपों,169
चहलकदमी,33
अशोका,98
सीढि़यां,23
रिजेक्ट,186
खुलती,14
कातिलाना,56
काबीना,100
सर्वधर्म,186
जनसेवक,186
टेक्नोलाजी,100
विद्यापति,128
परिप्रेक्ष्य,28
यांत्रिक,3
चित्रण,155
कॉरपोरेट,14
वेदों,63
वाम,4
सर्वांगीण,7
शुष्क,25
निर्यातकों,184
सेहरा,29
सैद्धांतिक,28
चिंहित,56
निर्यातक,184
देखती,179
चिता,128
कसाना,96
पंचमुखी,128
कारनामे,49
अपर्णा,98
ताकीद,179
पतली,25
मेहनताना,56
उम्मीदवारी,72
मंगाने,23
खात्मा,56
आलिया,98
परोपकार,7
सजाकर,33
लड़के,72
सोमेश्वर,161
मित्रता,15
बिल्ली,199
तीर्थनगरी,183
टोलों,100
मेघनाथ,98
सत्रों,133
भद्रकाली,128
व्यावहारिक,169
जनाब,98
बाशिंदे,71
मिहिर,29
किन्नरों,23
ज्वार,60
बिखेरा,35
नागा,185
छज्जा,29
टिका,41
ठोक,56
भांप,186
निपटाए,48
सलाहकारों,1
निष्कासन,22
पत्तों,60
वाणिज्यिक,184
आवश्यकताओं,156
फूंककर,56
संचिका,65
होर्डिंग,49
इनलोगों,56
जर्सी,133
अपहर्ता,31
दोहराई,72
भावविभोर,128
संवत,185
विश्वासघात,15
यूनानी,54
सकल,184
फिरनी,23
भैंसा,29
संपादन,158
साये,59
निर्जला,128
बशर्ते,48
विधाओं,155
डराने,59
फैन,133
लाएंगे,59
दिवसों,31
पापों,192
रवी,59
पथरा,59
अपूर्व,155
अध्यापिकाओं,56
मेघ,128
अनुकरणीय,145
कलई,61
सलिल,78
काठगोदाम,185
सिखलाई,186
प्रपत्रों,48
झंझट,61
संजीदगी,35
बादाम,60
ब्याह,23
जुदा,59
क्रियाकलापों,156
बचता,59
कूट,31
सत्तापक्ष,49
चौथाई,36
हरिश्चन्द्र,83
बचाएं,186
प्रसाधन,61
टीला,29
ताजमहल,9
जख्मों,61
केश,61
लुढ़क,61
ठिठुरते,56
योगासन,186
बननी,56
गूंजे,96
शक्त,96
निवेशक,184
दर्शाने,169
गृहिणी,98
हारी,72
डाकबंगला,96
पितृ,128
घूमता,73
पेशेवर,157
महापुरुष,161
गंगे,128
पीटते,71
पॉजिटिव,79
सुपुर्दगी,48
उगल,23
जानेवाली,125
जोगिया,96
झांकने,186
बख्श,72
ठोकरें,56
छोड़ा,191
तलाशा,96
बच्चें,79
करायेंगे,186
डरने,191
मिटा,122
देवभूमि,29
नगराध्यक्ष,56
रफीगंज,96
मृदुल,179
करियाना,79
शोषित,7
कथक,78
ग्वार,60
खेलें,133
मोहंती,98
भिक्षु,161
धोखाधड़ी,62
कार्यकताओं,96
काटनी,35
नाकों,23
बिछी,36
अवधारणा,28
सुधारा,31
अंतरिक्ष,73
निदेशिका,31
फसली,48
राजाजी,98
हलक,96
हरण,128
मेजबानी,157
बहुतकनीकी,56
तोड़ने,1
पूर्वाभ्यास,1
मतपेटी,56
अस्थि,168
नगण्य,3
चलाती,31
फंसाकर,79
दरी,23
प्रतिरोधक,168
बदनामी,186
दंडात्मक,62
दुर्ग,9
वृन्दावन,161
दलाली,62
इंगलिश,49
दस्यु,4
जमाबंदी,31
तिमाही,184
किस्तों,48
कपिला,183
मंगाए,100
अधिष्ठाता,128
खिलाफी,186
प्रवर,100
चंबल,109
पीपा,61
पंसद,56
सुजान,128
बुर्ज,29
यादगारी,96
स्वामित्व,184
अतिक्रमणकारी,49
उच्चीकरण,100
नारियों,83
स्त्रोतों,148
स्तरों,169
खजूरी,29
परिभाषा,169
जाले,61
दागकर,23
पाहन,71
अन्तिम,15
जोड़ा,65
कठपुतली,183
लोकनायक,98
डिमरी,4
नारायणी,29
बिकी,121
पोस्त,59
शिकायतकर्ताओं,31
हसरत,72
जुड़ा,185
परस्पर,192
निष्काम,63
मुशायरा,98
गहलौत,100
लकीरें,41
तुर्की,67
कलाओं,155
चाहरदीवारी,35
वैष्णव,161
मुठभेड़,72
वनवास,161
नासूर,61
कार्यवाह,100
तहसीलदारों,35
छूटकर,4
जगाई,98
बायोमीट्रिक,186
खेमा,56
असाध्य,168
जनसम्पर्क,98
चूर,59
कलियुग,161
सोय,61
निपुण,4
रहो,191
सार्थकता,7
सगी,98
डटकर,76
तांगा,29
हत्याएं,1
मापदंडों,156
कोचों,100
भुगतनी,59
मनोयोग,98
संतरा,60
तूफानी,148
नशामुक्ति,100
गिरना,127
कन्यादान,183
उछल,41
अस्त्र,4
क्षोभ,79
गूंजता,96
पसरी,186
सोये,23
गोमांस,60
चचेरा,1
बंधुआ,96
टैंकों,79
मालाएं,33
उच्चीकृत,100
परिपूर्ण,192
मंगवा,96
निर्भीक,15
तरल,3
लिखते,158
भरेंगे,179
गोरखधंधा,186
दाव,23
तीखा,79
भली,113
मुट्ठी,59
चम्मच,60
जोड़ी,199
करौं,35
हजूरी,71
थानेसर,29
फटे,127
शायरों,72
गड़बड़ी,168
परिचितों,186
नाश्ते,60
करेगें,59
वसूलते,79
टोकरी,61
कीटों,199
सम्बद्ध,14
बालों,125
नगरवासी,186
ट्रांसफॉर्मर,31
भुलाकर,4
लार्वा,199
अच्छाई,179
बढ़चढ़कर,179
कुर्सियों,41
चाहर,56
सिंदूर,33
अवाक,186
इस्लामी,76
बसने,109
निशंक,186
गुलदस्ता,35
तिथियां,96
आढ़त,31
घुसते,56
राशी,31
घिरी,109
लौकी,61
कारनामा,49
ट्यूबवेलों,35
आदित्यनाथ,49
कठघरे,23
मिश्रण,3
ढोरी,35
अनुवाद,158
अलकनंदा,29
कीपर,133
दुस्साहस,83
रंगीला,98
सुनना,83
प्यारों,98
समानांतर,73
नगरपाल,96
डूबते,23
खाय,186
महिलायें,29
तृप्ति,7
आरोग्य,186
जन्नत,191
उकसाने,1
सूना,71
कद्र,59
तकनीशियन,31
टापू,109
आराध्य,161
टायरों,61
वादक,121
बौखला,59
चोटों,22
पिछड़ा,100
आडिटोरियम,49
जीआर,96
स्वास्थ्यकर्मियों,56
परिस्थितियां,22
अलौकिक,63
हीरे,33
अज्ञानता,15
इश्क,186
सूखाग्रस्त,35
मनमुटाव,179
श्रीमद,128
खरीदनी,79
मांगता,72
जलन,168
खतरों,22
कॉपियों,100
रक्षपाल,100
सजीव,7
गुरुचरण,98
रखवाया,179
परोसा,60
प्रतिज्ञा,15
दफना,4
रुस्तम,186
सुपरिटेंडेंट,96
पन्नों,122
स्याही,199
धातु,115
नवीकरण,184
काश,191
मोटापा,168
असंवैधानिक,62
विशिष्ठ,100
दिगम्बर,161
सहेजने,122
मगरमच्छ,60
मीनार,9
अगरबत्ती,61
लुभाया,59
रोमांच,183
गाढ़ी,61
यार,72
समकालीन,155
जयकार,186
न्यायपालिका,86
पृथक,169
कट्ठा,35
एक्सिस,56
पहुंचाकर,35
करूंगी,23
भूपाल,98
शबाब,59
बांसुरी,183
कर्कट,61
दूधिया,61
निहार,23
चुकता,31
नगमा,96
रुमाल,61
चाकुओं,33
एकाध,186
भव्यता,29
समतलीकरण,61
दुघर्टना,56
पुरोहितों,4
सुधरेगी,186
टालने,59
आसरे,186
वनकर्मियों,186
खलीफा,76
रूमाल,41
भावनात्मक,28
बहुमंजिला,29
जागी,98
अंगूठा,98
इंडिगो,100
योद्धा,151
अश्लीलता,179
कंगन,59
दीवाना,191
अनिकेत,96
बढ़ेंगे,179
महाराजपुर,4
मंसूबों,1
जगाया,83
भरवाए,23
होगे,191
तुम्हारी,191
छुपी,75
पड़ोस,67
उपक्रम,184
पनाह,191
हत्यारा,1
कलसी,96
चीता,23
स्थगन,62
बिफर,179
समारोहों,11
साक्षात,128
नब्ज,56
तबका,186
आयेगा,59
बोने,60
नाटकीय,121
निदेशकों,86
हथियाने,4
बाजरे,60
समझता,113
ओला,61
हौंसले,186
अहसान,96
मुंसिफ,49
पहनी,33
ऊनी,60
रिव्यू,158
ताना,59
दाउदपुर,56
सदभावना,186
व्यस्ततम,185
ठीकठाक,179
जलाते,23
मछुआरों,79
भीमताल,29
ग्राट,186
बर्फीली,36
हर्जाना,48
परखा,179
फिरने,59
महाधिवक्ता,49
मोटरसाइकिलें,56
दुविधा,186
चन्दन,29
उपतहसील,100
टोक,71
रफूचक्कर,71
पहुंचाएंगे,23
दबाया,79
अंतराष्ट्रीय,11
फफक,49
सूर्योदय,36
साइट्स,31
भ्रष्टाचारियों,33
नित,59
शिवभक्त,128
उपद्रवी,49
फरक्का,100
उठना,59
विचारण,62
अरमानों,35
मदिरा,60
मंगवाया,33
विद्यमान,117
सखी,128
भरता,61
सांसे,56
विद्रोही,76
काई,127
जलाल,72
बरगद,29
चूरा,61
वैधता,62
ढलने,179
भेल,100
गूंजते,98
मेमो,122
चुकाना,48
हैरतअंगेज,56
बूझकर,179
करों,48
हथेली,199
सिखाई,179
बगान,33
बेर,60
सीमाएं,185
रेखांकित,122
जंजाल,23
टाई,133
शक्तियां,86
सम्मानजनक,145
ढिबरी,96
पहुचाने,186
जनसभाओं,186
नाइंसाफी,23
शिद्दत,59
भिजवाने,96
दशहरे,29
पोता,71
चढ़ाए,33
उतरवा,59
झूलते,33
कंपोस्ट,61
ईपीएफ,48
चॉकलेट,61
सादी,33
खाद्यान,100
ठोंक,23
छायाप्रति,31
ब्राह्मणों,161
चाहकर,79
घबराए,59
परिसरों,14
चाहने,59
कसूर,72
दीमक,61
कीटनाशकों,3
अनैतिक,28
गुरबाणी,96
सूबा,173
पहेली,122
ब्रजभूषण,4
जगन,98
संजोए,29
वर्णित,63
जातिसूचक,4
तालिका,122
हुजूर,59
बंपर,56
वैधानिक,86
गहराता,56
मेहनती,98
लोकमान्य,78
बिट्टा,96
बदलेगा,79
सांप्रदायिकता,186
इण्डिया,11
सड़कें,185
बूट,122
सेवाकाल,100
दोहरीकरण,100
चुराया,1
तुम्हारा,191
सेवारत,16
मुसाफिरखाना,100
सरीखे,23
पुरस्कारों,121
दिखावे,179
दिखीं,183
महापुराण,63
सत्तासीन,49
आपाधापी,186
सहेलियों,35
इकरार,71
रक्षित,96
जनशक्ति,14
कद्दू,60
रवैए,71
पेड़ों,60
बाधाओं,156
चन्द्रा,96
दिलाएंगे,96
बंदकर,61
सदनों,86
निकलेंगे,59
बाघिन,56
लक्षणों,168
सहभागी,14
टोलियां,71
चकनाचूर,59
खंगाले,186
जीर्ण,127
स्वीकारी,186
चिपका,41
महाप्रभु,161
बांटते,186
जमींदार,76
ओतप्रोत,155
ढका,25
नामावली,62
संचित,48
मिसाइल,67
बैंककर्मी,100
नृशंस,4
सुदृढ़ीकरण,14
लीलाधर,98
पायेगा,79
उगाने,60
जयकारा,128
बिछ,35
इमली,60
कोना,41
कन्नी,23
सुचना,56
फब्तियां,35
हाता,25
बतातें,186
नरमी,59
पाठयक्रम,14
डालर,184
जवानी,59
मुख्यमार्ग,96
झालरों,4
जनसंघ,78
पाइपें,96
कुठाराघात,186
भटके,191
चाहेंगे,122
रेंगते,61
मोची,33
वर्गमीटर,148
उपस्वास्थ्य,96
चेचक,168
तस्वीरों,122
उद्यमिता,14
स्तब्ध,179
पन्ने,183
ग्रामीणो,186
आसमानी,59
अपहृता,186
पतंगबाजी,186
क्षितिज,112
घराने,4
विवशता,186
बुढ़ापे,59
अर्ध,73
बुलायी,49
जीविकोपार्जन,179
संकलित,158
गमछा,56
दास्तां,49
फरारी,56
मांगो,59
गोलचक्कर,96
नगरनिगम,96
सुनहरे,183
स्वरूपों,169
चित्रकार,121
फेंकना,59
ज्ञानेश्वर,128
सांझी,100
जनसूचना,48
इनायत,59
अनोखी,183
स्थायीकरण,61
झटकों,61
पोलो,133
सुगंध,60
सुअरों,61
चकाचौंध,183
टॉयलेट,56
गेंदा,33
असहज,1
भिंडी,60
उत्तराधिकारी,76
वाट,73
इंतजामों,186
सेवादारों,96
विद्यालयी,100
परखच्चे,79
क्रांतिकारियों,197
दुलार,98
नाल,25
मोरी,56
पलटवार,79
अंशदान,48
नगरों,185
नावों,29
शुक्रिया,59
सुनार,29
भिड़ंत,79
मनपसंद,122
अभियांत्रिकी,170
तोड़ा,72
स्वाधीनता,197
बहते,36
कजरा,96
हटाते,61
खाताधारक,48
प्रतिकर,48
धर्मपत्नी,78
कोठरी,41
गूंजने,71
दागे,133
वेंटीलेटर,71
जुआरी,56
भूमिहीनों,100
वॉलीबॉल,133
धुना,98
फीकी,56
पंजा,61
कबूतर,60
चमत्कार,63
उतरेगी,179
किसको,59
चोरियां,35
बरपाया,23
निवृत्त,62
रोमांचित,56
दहलीज,186
अनजाने,113
जुगनू,56
धक्कामुक्की,186
कारनामों,121
प्रतिपदा,128
थैली,199
इत्र,33
दुर्गंध,61
प्रांजल,98
मातहत,49
थमी,23
बजाया,121
ग्रामप्रधान,23
आदतों,168
सभ्याचार,23
कैंसिल,56
डरते,191
शिला,9
चूके,71
दर्शाते,169
मिनिस्ट्रीयल,96
बुलवाया,4
सूअर,60
विकार,168
खंगाली,96
चकित,83
फांद,96
डगर,186
मुसीबतों,59
बलबूते,186
मायनों,72
नवरात्रि,128
बसाया,17
सुनंदा,98
पाटने,100
असफलता,22
अचार,60
लाइलाज,79
त्रुटियां,31
तेनुघाट,56
आहरण,48
ठनका,23
पहुंचें,56
पुर्नवास,31
लौटेंगे,179
औरतों,191
विलंबित,31
परिचायक,63
कर्मचंद,4
मैला,23
निकलीं,96
दिलाएं,186
धाराएं,148
माकूल,56
उजाले,179
व्याकुल,128
असरदार,79
सुनहरी,33
जाइए,56
मांगकर,23
अनोखा,9
सम्मन,62
कुंअर,186
जबसे,49
आंचलिक,100
बिछाए,179
किससे,186
हठधर्मिता,49
मूंदे,23
विस्तारक,31
लील,186
साझेदारी,133
चश्मदीद,59
चुपके,72
ध्येय,192
पूर्ववत,56
मार्फत,100
बुलंदियों,4
खपरैल,61
वृद्धाश्रम,186
चिढ़ा,186
विचित्र,7
शरबत,61
बाले,59
गायें,61
बिंदा,186
निर्वाण,63
प्रोटीन,3
जानेवाले,113
टाऊन,98
पुलकित,98
फटी,59
शाला,29
राजपत्रित,31
सूटकेस,56
भोगी,186
सुलझाया,49
अतिवृष्टि,100
हिन्द,76
अवरूद्ध,22
नामोनिशान,24
चित्तरंजन,98
गिराए,79
वर्दियां,56
नफे,59
चुकानी,186
घुटनों,41
लौटाए,191
शादियां,35
तरसना,186
हलवा,61
फैलाकर,97
हेक्टेअर,61
तंज,96
अफसाना,59
पेटियां,35
चढ़ता,179
नागरिकता,62
सहजता,7
पुनर्जीवित,121
जमीनें,23
दिखाता,113
सर्जिकल,168
सीएनटी,96
हिन्दुओं,161
बरबाद,191
उतारना,59
गैराज,56
जन्मतिथि,128
भागेदारी,100
तहजीब,98
लिखाने,186
व्याख्याता,170
बनबसा,100
आवाजें,56
गांवो,186
असामयिक,98
मार्गदर्शक,145
सिगनल,31
बूंदें,61
सुप्रसिद्ध,155
पुष्पवर्षा,23
मांगना,35
मनाकर,98
बाण,128
कुचले,71
फैक्टर,31
सेवानिवृति,49
फिसलन,61
आजमाइश,31
शवदाह,33
अनाथालय,1
कानूनन,62
मीडियाकर्मियों,96
चतुर्थी,128
कारक,168
सजायाफ्ता,49
दलहनी,60
लजीज,23
भ्रामक,28
जन्मभूमि,161
डंका,98
छठवें,56
मुखियों,56
शिकंजे,79
लगाओ,179
झूलों,61
ब्राडबैंड,31
रहनी,122
हटवाकर,96
सुशोभित,161
किराने,56
वादियों,56
व्यथित,62
तपोवन,128
बैठता,179
दलीलों,59
उमड़ी,59
भट्ठियों,61
सुनता,191
महादान,128
कथन,63
इशारों,56
समकक्ष,179
घुमाने,73
अभिभूत,155
नौटंकी,183
पटी,23
देशभक्त,145
तबस्सुम,56
कुदरती,79
खोजा,73
करवाएगा,14
चिश्ती,173
चाकलेट,61
कुंवारी,98
उड़ा,191
झुक,191
पंचवटी,29
अनुसंधानकर्ता,31
अनसुनी,186
बंशी,71
फूंके,186
पंचवर्षीय,14
पहचाना,168
गहना,33
मुस्करा,23
झोले,23
गोलिया,35
धर्मातरण,23
अंधकारमय,179
बिखेरी,183
आठवां,100
बैठती,61
मागें,59
तंबू,61
छात्रावासों,100
थाईलैंड,185
बरसाने,23
प्रचारित,145
दहला,35
पलों,23
मालकिन,49
हिम,25
अवरोधक,3
सोंधी,23
मुझ,59
योगाचार्य,98
ईटें,179
उठाती,179
अकारण,83
कायल,186
भगाकर,4
छेड़खानी,56
बावन,29
उत्तरदायित्व,86
जीतना,1
चिरैया,23
घण्टे,56
गौड,181
चित,186
राष्ट्रहित,186
घबराने,186
बाजों,23
एकबार,23
भावों,63
स्टैंडर्ड,65
जंतुओं,25
क्रियाशील,117
शल्य,168
नौकरियां,14
धमाकों,1
लम्बित,62
तरफा,56
चालित,3
उपन्यास,158
घरवाले,23
घूमती,73
गरमी,125
खटारा,61
उठेगा,23
बाधाएं,48
कड़ा,79
किताबी,49
एक्टिंग,1
सूत्रधार,78
पिताजी,78
सिंहासन,151
फौजदार,76
लिखेंगे,179
दोगुने,56
बाल्मिकी,98
समाजवाद,197
शिथिल,7
अशिक्षित,83
मानहानि,62
दूरगामी,145
प्रयत्न,28
क्लीनिकों,79
रजामंदी,49
राष्ट्रमंडल,67
तिलहन,60
व्यवसाइयों,100
दिखानी,31
सूचि,122
सदमा,59
राखियों,96
रुकना,79
सुकन्या,98
ढांचागत,14
करीना,121
कर्जदार,96
हेतू,100
तोहफे,72
सिंचित,60
चट्टान,36
कुशासन,4
रेती,110
निबटारा,179
विचलित,15
ठहराने,179
मंडावली,29
कम्बल,23
बर्बरता,145
दस्तखत,56
अन्यों,122
सर्तकता,56
सुखमय,7
मनोरंजक,121
बुलाना,59
प्रजापत,71
बुखारी,49
कार्डधारी,31
अंगरक्षक,1
हश्र,59
पलीता,186
चचेरी,121
प्रदर्शनों,121
झेलते,79
परनीत,49
ताने,59
नाखुश,72
प्रसून,98
वंदे,78
शिक्षाओं,155
कदापि,113
घाटो,96
मर्माहत,186
मैना,183
हसीना,98
स्थानान्तरित,100
इन्वर्टर,31
विशालकाय,109
प्रजेंटेशन,98
अवशेषों,25
जनधन,186
उपसरपंच,56
भूखा,83
सवर्ण,186
बेलसंड,23
पंजाबियों,71
लपेट,125
गोलक,61
कुरूक्षेत्र,128
इकलौती,173
लड़कों,72
बेनतीजा,96
मीठी,60
दुष्परिणाम,79
लानी,179
सितम,59
खिलने,61
हारकर,4
पंचशील,145
जागता,56
प्रत्यक्षदर्शी,186
सोचे,59
मातृभाषा,155
स्पर्धाओं,133
कंडा,148
पहचानपत्र,31
गुस्साई,23
एलर्ट,49
खाताधारकों,100
शरत,78
मार्मिक,155
लघुशंका,23
उन्नीस,72
बचती,35
पका,61
लाखो,4
मोदक,96
हालिया,122
बरसों,72
दीघा,29
कोठे,35
चढ़ावा,23
रूका,23
इबारत,186
आक्रमण,76
सुनें,179
फूला,59
संदेशों,122
छान,127
प्राध्यापिका,49
बोलती,72
गुमशुदा,56
शिष्टाचार,145
छपाई,122
ढोलक,183
असंतुलन,168
क्लासेज,56
वेल्डिंग,61
नसरीन,98
बाबुल,4
कुदाल,61
दुरूपयोग,22
पेंसिल,41
भूलते,183
विषपान,23
कोढ़,61
किरणों,73
गलतियां,56
टंकियां,148
कतारों,61
पगडंडी,23
लाईसेंस,31
डकार,61
मुक्केबाजी,133
असुविधाओं,186
चौकियां,100
खटाई,23
दुष्प्रचार,4
क्षणों,183
घोषणापत्र,145
बिठाया,71
छाये,23
नरसंहार,76
स्वचालित,65
तीर्थयात्रियों,29
भरती,4
कोऑर्डिनेटर,31
पंखों,199
संवारा,98
खोदा,29
अखाड़ा,29
नीचा,36
रूपाली,98
दर्शनार्थियों,29
लोकमंच,23
लहराने,56
पपीता,60
हस्त,33
राज्यभर,100
ढ़ेर,59
जीवनशैली,168
वर्मन,78
कपड़ा,60
इसबार,49
धारियों,199
शीर्ण,98
भूलकर,83
सपूत,98
गलियारों,29
अशासकीय,96
इलाही,59
गूंजी,23
रुकती,29
महांती,24
बिचौलिये,186
गौरीकुंड,29
मिठाईयां,96
पंडौल,100
पत्तियों,60
आईना,98
मंगवाकर,98
खींची,41
बैरागी,128
गड्डी,31
मियाद,59
शत्रु,15
समेटे,109
एकांकी,155
असैनिक,67
मनोवैज्ञानिक,28
झपट्टा,23
गुरूद्वारा,29
दोराहा,49
उंची,29
अपंग,79
बदतमीजी,23
विलाप,4
आतंकित,4
ऐच्छिक,22
संकेतक,122
परमेश्वरी,98
झुलसकर,23
कोरे,186
निगलने,127
सम्बंध,145
रवींद्रनाथ,78
मेहताब,35
लगवाना,138
प्रबोध,179
नगेंद्र,186
निभाना,186
दुलारे,98
उल्लघंन,62
क्षेत्री,98
लटकाया,59
कातिलों,186
घुमाया,73
पकने,125
थ्रेसर,61
कष्टों,15
कड़े,22
पताका,98
संस्करण,65
बदबूदार,61
कुंए,33
गेंदबाजों,133
आंदोलनों,197
बहुउद्देशीय,31
धर्मावलंबियों,128
सब्जबाग,23
बेचू,186
लटकती,24
हैंडबॉल,133
झगड़ा,191
बागानों,60
करवाएगी,100
स्वीकारा,63
केलिए,31
प्रद्युम्न,128
कुली,173
परोसने,33
भाले,59
विधियों,117
पहचाने,168
गारमेंट,186
जूझने,186
अनगिनत,183
नवीं,161
बढ़ाये,79
गुणवता,100
अपरिहार्य,28
बाटी,56
दिखेगी,31
आघात,168
बहुतायत,60
कलक्टर,98
सचेतक,186
लिफाफा,31
ध्वजा,4
रसिया,98
सिने,121
लक्ष्यों,156
निभायी,121
तनुज,23
जुटाकर,100
बाजीगर,183
मूत्र,168
विधानमंडल,86
एनीमिया,168
बरसने,23
आत्मघाती,67
जनादेश,145
प्रौढ़,7
वैशाखी,98
स्मारकों,9
हमलाकर,23
मूली,81
अर्हता,133
शिष्या,98
अविलम्ब,186
नाइट्रोजन,3
रस्साकशी,186
मधुमक्खियों,60
हटेगा,56
मुसीबतें,59
शाश्वत,192
करवाये,14
एकाग्रता,22
कॉलम,31
झपकते,35
आनंदित,186
सुविधाजनक,184
तैर,125
लकीर,24
चारागाह,148
जानिए,186
कॉपियां,56
येलो,29
एकदिवसीय,50
सबल,7
रोती,23
कहानियों,158
पुनरीक्षित,48
समूची,7
बदलनी,24
रसूख,186
बुलावे,98
गर्भावस्था,168
सिफारिशें,14
गुरुग्रंथ,29
हितकारी,186
नकारते,49
लाती,127
दर्शाए,31
दुबक,61
खरीददार,48
निरक्षरों,100
पहाड़,36
क्रियाएं,7
छर्रे,79
धमकाकर,98
संकीर्ण,73
सारणी,73
बेमौसमी,23
हिलाकर,61
आपसे,72
बिठाने,186
रामरूप,100
टोलियों,179
प्रसंगों,155
दिलदार,98
प्राथमिकताओं,14
कलाकृतियों,9
उड़ान,65
बैकुंठ,128
नामुमकिन,56
सूझ,179
कहानियां,121
स्वादिष्ट,60
खिन्न,49
दफनाने,49
भंडारों,3
हटते,179
आहूति,35
कब्जाने,96
पंक्तियां,183
डायलिसिस,177
वरण,7
संवेदनहीनता,100
सेविकाएं,23
टूटते,61
झासा,23
रहनेवाला,179
ऐश्वर्या,121
हुलिया,96
तरसते,186
लगवाएं,79
सुरों,183
पायेंगे,59
रिपोर्टिग,31
नजराना,186
रिश्वतखोरी,49
बिता,98
मोहक,183
रोया,23
रियायती,184
नापाक,59
लस्सी,60
मंहगा,31
कमीज,41
प्रजातियां,60
अष्टम,173
चढ़ाते,33
आजमाने,98
भड़के,96
सितारे,72
मक्के,17
लाएगी,59
डॉक्टरी,79
आइपी,35
सर्वजन,186
जनसैलाब,23
मालिनी,183
सलाद,61
गिनाते,186
मध्यरात्रि,49
किरणें,73
समझदारी,186
छायी,71
बिताए,173
नुकसानदायक,61
अस्वाभाविक,31
स्वर्णरेखा,29
प्रासंगिकता,28
घोंट,23
प्रणय,183
मटकी,61
बढ़ें,186
धागे,199
नापी,73
निमित्त,192
अन्त,15
नोंकझोंक,23
मंदार,128
मनवा,23
जागने,186
लहरों,36
कवच,25
नन्ही,23
वीरों,151
चिंतक,155
दहल,59
उलझन,179
अग्रसारित,31
गार्डर,56
खुशगवार,59
प्रशंसकों,121
बंटने,186
जुटाया,56
दाएं,41
स्वंय,7
क्षेत्रिय,100
रामावतार,128
नुमाइंदों,98
दर्जी,56
आरोही,61
जलसंकट,61
ढूंढते,59
सरोकारों,186
बुनाई,60
छुपे,179
लोकवाणी,33
क्षम्य,186
नाबालिगों,31
विलम्ब,48
महोदय,145
तटीय,185
बटोर,56
टीले,109
गंवानी,1
त्रिपुरा,185
पतियों,179
चुराए,23
हमको,191
सचमुच,122
रामपुकार,186
शिवाय,128
हदें,59
विमुख,15
पराजय,76
करूं,83
चाहिएं,61
करंसी,23
सेवई,61
तलाशते,79
सोनार,98
लिबास,59
आचार्यो,63
अत्याचारों,76
परिर्वतन,186
फूलमाला,33
गुनाहों,191
पाएंगी,186
आदेशित,48
शिक्षको,56
कव्वाल,29
बोलीं,71
लाओ,191
अटकलों,1
योगिता,98
रंगत,79
अनुसूची,86
सजावटी,60
ख्वाहिश,59
बहना,61
पगार,35
बलगम,168
जयकृष्ण,186
महाबली,128
नरेगा,14
स्वावलंबन,14
मराठा,76
कब्जाधारियों,186
अवतरण,179
गोहत्या,128
खरीदें,56
बेलदार,179
रुकेगी,186
बिताया,173
खोजते,186
कुंजी,122
षष्ठी,128
चौकन्ना,179
अलार्म,31
बाघा,98
नुक्सान,79
भीतरी,25
विकासात्मक,156
आननफानन,56
स्नेही,98
राज्यव्यापी,100
सांसारिक,15
देशहित,49
रसायनों,3
आलीशान,59
सत्तू,33
रामभजन,96
बैंगन,60
हंडिया,185
बिस्तरों,59
तोड़फोड़,79
मतपत्रों,56
न्यायोचित,62
प्रकोष्ठों,31
हुक्का,33
अंगूर,127
कैसेट,31
मानवाधिकारों,145
समझती,186
दिखाती,183
राजपथ,29
अलगाववादियों,1
धंधेबाजों,186
दर्शाई,179
औपचारिकताओं,186
सौतेले,72
नीच,179
विमानों,67
अनर्गल,186
अनोखे,183
जनसुनवाई,35
कुसुमलता,186
हैैं,100
लाउड,56
विकल्पों,65
पथिक,4
दादर,100
कुनबे,59
रहम,59
विश्वस्तरीय,11
दवाईयों,168
काया,98
मनमीत,98
आश्चर्यजनक,155
वायरिंग,31
कान्फ्रेंस,71
ऊहापोह,186
गढ़ा,17
रबर,3
सुहावना,179
रामनंदन,186
सुपरवाईजर,96
ताली,23
निर्भरता,156
सीखी,78
मिटटी,36
गौड़,78
बीचबचाव,4
निराश्रित,186
सेक्रेड,98
गैप,56
प्रजातंत्र,145
न्यौछावर,4
चिप,65
चकेरी,100
करीबियों,96
नदिया,29
विश्वकप,133
द्वीप,185
तुझे,179
बसेरों,61
संयंत्रों,3
सराज,100
ट्यूमर,168
मंडलियों,186
अवतरित,15
बागों,29
कुर्मी,98
ओजोन,3
इसाई,173
दाढ़ी,59
रसोईघर,61
बालश्रम,100
चलानी,1
पूछकर,186
ढककर,61
जागकर,83
मूर्तिकार,98
मतपेटियों,35
फूफा,96
अबोध,186
लड़,72
आशाएं,186
कॉमेडी,68
कुन्दन,35
दूरियां,23
विज्ञापनों,65
ऐंठ,56
चिंतामणि,78
फैलाते,127
करुंगा,83
निर्भया,49
चिन्ता,192
करवाती,79
फैलाया,17
बैरकों,1
बेसन,60
खिलौना,183
मिलीलीटर,61
वेतनभोगी,31
सहनशीलता,7
बाघों,56
राजकीयकृत,96
अव्यवस्थित,22
आध्यात्म,128
करवायी,1
खर्चो,56
बिगड़,113
हराने,50
सुधारीकरण,56
मंगवाने,186
पर्वो,98
दर्शाती,73
टोह,179
गुरुवाणी,128
अनुच्छेद,86
टाला,179
कैल्शियम,3
सन्नाटे,23
मौसा,186
नाशक,61
तब्दीली,186
सोयाबीन,60
बरसाई,179
असहिष्णुता,145
उठीं,71
फरसा,29
कम्पनियों,184
निर्माताओं,65
सिंध,76
मिशाल,4
अष्टधातु,29
दिखाये,122
पत्रकारवार्ता,49
मोंटी,49
मैनेज,56
लटकने,61
साधुवाद,71
द्विवार्षिक,14
एशियाई,157
सूत,33
मुर्गे,61
मरते,191
बर्फी,56
ऑडियो,122
स्वयंवर,161
खोरी,96
कहलाने,109
मजेदार,183
बान,59
कईयों,1
दुपट्टे,24
लखपत,71
घटता,25
हीन,192
तस्लीम,59
तटबंधों,96
संप्रेक्षण,186
शाकाहारी,60
रूके,23
ज्योतिषाचार्य,186
पहुंचाता,127
परिवारवालों,35
डालता,113
बिलख,23
दिखेंगे,31
रचाने,23
विष,168
हफ्तों,133
आंकड़ों,65
लुभा,98
आशंकित,1
वंशज,151
विवेचनाओं,186
असमानता,28
अपशिष्ट,3
सुधरे,179
तुला,179
असहयोग,197
तरकुलवा,23
लतीफी,71
रिफाइंड,33
महापात्रा,96
परम्परागत,169
रक्तदाता,23
पृष्ठ,122
अपाहिज,186
पुष्पराज,96
गुस्साये,186
दुष्कर्मी,186
निकलवाकर,24
पथों,148
ताजिये,29
बासा,186
यज्ञशाला,128
दबाए,31
निष्ठावान,15
नजरिए,14
बढ़वाने,100
आभारी,179
रसपान,98
डंक,61
सिधारी,23
मुख्यद्वार,96
समावेशी,156
हस्ताक्षरित,62
रोबोट,122
त्यौहारों,29
उत्पल,98
ईमान,191
रेशमी,33
बटोरने,179
दबोचकर,79
मगन,35
बहे,23
बंजारा,29
प्राधिकारी,86
असत्य,15
माताएं,23
जलाना,61
हारमोनियम,96
हिमांशी,56
यथासंभव,48
पीएं,61
बनवाएं,56
शोकाकुल,179
चलवाने,56
बिजलीघरों,148
स्थितियां,168
सुनो,191
लाशों,79
तांबे,199
एमकॉम,100
तिरछे,73
चमका,179
एलटीसी,31
तांबा,163
तमाशबीन,96
खोलेंगे,31
कंगना,98
जिदंगी,186
चंद्रमणि,186
तोल,56
भुनाने,56
मुण्डा,71
कृष्णनंदन,96
पांचवा,100
हौंसला,186
कतराने,179
फ्रेम,73
सुनिए,56
गंध,199
सुधारी,186
नग्न,183
परोक्ष,113
हनुमत,98
मिश्रीलाल,23
मजहबी,49
नजारे,29
विसंगतियां,22
फेंकते,61
साधुओं,161
ओछी,186
खिसकने,148
रामचरित्र,96
अशोभनीय,179
दुनियाभर,11
आएदिन,96
अभियानों,67
खटखटाने,35
बैठाए,23
हीर,71
लाभों,48
वनभोज,56
पहुँच,36
गिले,59
महकमें,98
संकायों,170
मंतव्य,186
बुझाते,56
उन्होंनें,72
सैकडों,29
भाषी,145
अभिलेखागार,122
जांघ,41
पितरों,23
संगिनी,98
राजनीतिज्ञ,150
मुहब्बत,98
बक्सों,61
चुनौतीपूर्ण,31
ईंधन,3
ग्लेशियर,109
अदरक,60
गलियारे,185
कॉफी,60
दरबारी,155
घबराहट,113
अंधेरी,23
बढ़ाएंगे,186
श्वास,168
धब्बे,199
गृहणियों,23
शवयात्रा,186
विज्ञानियों,3
पकड़ी,127
शिकवे,59
पूर,71
घबराकर,59
समेटने,186
अपेक्षाओं,156
कटहल,33
दहशतजदा,35
मोटरसाईकिल,56
महाधिवेशन,186
गुटखे,96
चंदे,186
विद्रोह,76
बांह,41
उदास,83
धौंस,49
दुपट्टा,98
कलंकित,186
खंडन,28
धर्मार्थ,11
स्तूप,9
उधारी,48
अमीरों,76
मंजरी,183
महासंपर्क,100
जलावन,59
जनचेतना,186
भागो,17
औषधालय,100
मरणोपरांत,78
फलक,73
माणिक,96
एमएमएस,98
अधर्म,192
कूदे,61
ज्योत,23
कली,61
बहुराष्ट्रीय,184
रुई,60
वहाँ,17
कलात्मक,155
फेक,59
सीखना,158
नगरपरिषद,96
जुलकर,186
दलिया,61
सुनिश्चत,31
संस्कारित,186
पहनना,33
अनुपयोगी,79
फुहार,61
विघ्न,179
फौजियों,1
लिपि,155
मीता,98
धारावाहिक,68
विनती,4
जोड़,73
जनलोकपाल,49
तबले,96
रत्ती,179
मनाये,128
ग्रीष्मावकाश,23
चेता,186
शख्सियत,49
कृष्णन,78
बांझपन,79
बधाइयां,186
हमदर्द,72
संगीतकार,121
हस्तियां,121
बेलसर,23
अनुरागी,98
इरादों,1
स्वार्थी,186
फूलने,61
विश्रामगृह,29
भत्तों,48
लालमणि,98
चिपक,199
नुमाइंदे,186
अंतरजनपदीय,186
करी,133
मध्यांतर,56
लाडले,98
प्रोग्रेसिव,49
कालाधन,23
निवृत,179
रुकेगा,35
त्रिपक्षीय,100
गूंजती,183
इक्कीस,4
संगठक,122
सिखाता,179
प्रतीकात्मक,155
समयानुसार,100
गैरसरकारी,16
बजाई,183
पलंग,33
बढ़ाता,127
प्रेरणास्रोत,83
सुव्यवस्थित,169
मनोरम,9
पोलियों,79
चिपके,61
ईंटों,109
दागा,133
महात्माओं,128
प्रबंधतंत्र,96
त्रिशूल,109
फंसते,35
गोलाबारी,1
कलेजा,23
क्रीड़ा,96
प्रक्रियाओं,3
वीरांगना,4
बेफिक्र,56
भेजता,113
पर्यावरणीय,3
कर्ताओं,186
उठाएगा,113
भड़क,76
भिक्षाटन,29
भादो,128
स्वभाविक,79
सोता,23
वादकारी,186
कील,41
सत्यवती,128
विलोम,7
घोंप,23
पदनाम,86
पशुशाला,56
संग्रहित,122
पटरियां,61
राजनीतिज्ञों,145
स्टेयरिंग,23
अनिश्चितकाल,79
शीतगृह,56
इलावा,100
हिचकोले,79
ताकतें,1
संदूक,179
गर्त,25
निस्वार्थ,186
धमकाते,56
गृहस्थ,63
फूंकी,23
वर्षाें,96
बीनने,23
चखा,59
फैलाना,79
मौकों,1
खींचे,41
आकाशदीप,56
अर्की,61
भरें,122
बरामदा,29
मल्हार,29
खुटहन,71
प्रतिवादी,62
आयुर्विज्ञान,170
पुनर्मतदान,56
भेंटों,23
लेटे,179
टूटती,61
हमदर्दी,186
दोषमुक्त,96
झड़प,49
धंधों,148
गुंडों,1
पुलियों,61
सुलग,186
रवीना,98
विशु,23
प्रचारकों,145
पैमाना,179
लॉग,122
संभालना,186
झुग्गियां,96
यान,73
नेकी,191
जगमगा,59
खेर,78
धनिया,60
लिखें,122
गांधीवादी,78
अक्षरों,122
पट्टों,61
कब्रिस्तानों,35
प्रफुल्लित,179
सुखाने,60
सिकन्दर,76
गिना,185
खुजली,168
सहपाठी,78
लाचारी,186
बिल्डर्स,100
डाकखाना,100
हलफनामे,186
उगाई,60
बढ़ानी,186
उत्पत्ति,63
ढलान,36
जियारत,24
धावक,133
अभिमान,83
माथापच्ची,186
राक्षस,161
पिलाएं,79
लगें,191
प्रतिकिलो,61
मधू,100
कूड़े,61
कुनबा,23
अरूप,186
सुहास,186
जगद्गुरु,128
रूई,33
नकलचियों,186
दिलाता,179
गिरेगी,23
दीपशिखा,186
बेंचने,31
शीघ्रता,3
उदीयमान,14
मातृभूमि,76
कजरी,183
न्यायाधीशों,86
मनुष्यों,192
तिलकुट,23
मनमोह,23
विनियमित,156
बनियान,33
सौम्य,7
पतला,199
चूहे,199
फिसलकर,61
मढ़,23
बाह्य,57
फेरा,59
श्रंगार,33
झुकाव,73
सप्तशती,128
सपूतों,186
झोंके,59
दुर्गति,179
सलवार,56
कात्यायनी,128
सर्टीफिकेट,98
चौकाने,96
सुरजन,98
ठोका,56
विषयवार,100
एकमत,145
औरों,59
लाभप्रद,127
नामाकंन,56
थोड़ा,125
भक्तगण,128
जमाकर,61
अकालियों,96
बीओपी,56
सांझे,29
अंगूठे,199
इंसानों,79
केंद्रो,31
फाटकों,23
नुक्कड़,98
गोत्र,161
ठेलों,23
शोधार्थियों,100
अस्मत,23
ललकारा,4
मिटने,179
वनपाल,56
पंक्तियों,122
कुकर,61
असहनीय,179
कोक,61
मंगवाए,31
होगें,59
अंगूरी,61
बिकता,127
फाल्गुन,128
बायकाट,35
प्रहर,183
गिरफतार,49
चक्के,96
रसिक,128
सोती,23
गजाधर,96
हलांकि,168
राजीनामा,49
समपार,56
उड़,125
चीर,59
भविष्यवाणी,73
आखें,98
कापरी,56
संदिग्धावस्था,96
पुजारियों,4
सम्भव,192
यातनाएं,1
नितांत,7
पथरगामा,23
बढ़ाती,3
मूल्याकन,186
बागियों,1
अप्राकृतिक,79
मिर्गी,168
गोपियों,128
सात्विक,63
याचना,15
दीपमाला,56
सौतेली,173
ग्वाल,23
टैक्सियों,29
भक्तिभाव,128
यत्र,7
ताकतवर,1
मनमाफिक,49
मुख्तियार,96
मारवाड़ी,98
रुखसाना,186
स्वांग,179
रौद्र,128
वेग,73
संवेदनहीन,186
सितारों,72
पाशा,76
प्रेक्षकों,186
मसौदा,122
चतुर्भुज,73
चुनना,122
क्रियाकलाप,86
कार्यान्वित,156
हलधर,98
दुश्वारियों,186
विमुक्त,35
उगते,60
बांधों,100
आबरू,59
पिटारा,23
गाये,121
पक्षकारों,62
रेडिएशन,61
हटना,59
चीत्कार,179
हटी,179
तरसे,23
सहने,59
उपसभापति,62
दफ्तरी,186
दीपोत्सव,183
कंपाउंडर,96
पटे,23
निविदाएं,14
छींटे,23
तेवरों,186
उतारते,179
दुष्प्रभावों,168
जाएगें,59
बांटना,186
एमएसएमई,14
विदेशियों,76
फव्वारे,109
सूर्यास्त,109
परोसे,61
मारपीटकर,23
गंवाकर,186
हैक्टेयर,60
चौपालों,38
याचिकाओं,62
विद्याभूषण,98
शहरियों,186
निगहबानी,186
बनवाये,29
शिल्पकार,33
बामुश्किल,71
अगवाई,186
भद्दी,61
बेबसी,59
प्रेजेंटेशन,31
श्रमजीवी,100
हताशा,145
तन्मयता,7
विधानसभाओं,120
ज्वलनशील,61
खाज,93
स्थिरता,156
फैक्ट्रियां,23
बंसत,96
अग्रहरी,29
राजहंस,96
दानव,73
चटक,61
रिक्तियों,14
कुमाऊंनी,23
नंगा,71
अभिभाषण,11
डालनी,79
धनाभाव,4
संपोषित,100
पोस्टों,35
ऋणी,48
कर्मशाला,100
पड़ोसियों,179
टपक,61
काठ,61
सूचियां,31
हिंदु,161
डिवीजनों,67
थमाया,56
प्रतिशोध,15
रातें,36
पलटते,179
अन्तर्राष्ट्रीय,185
वाक्य,63
यूनिवर्सल,65
विकल,83
मुखबिरी,186
छात्रसभा,56
सर्वपक्षीय,35
अस्तव्यस्त,79
लड़कियां,1
ढहाने,186
बूंदे,61
वसीयत,191
चोटियों,109
धोकर,61
कैच,133
आश्चर्यचकित,183
भेजेगा,113
उत्साहपूर्वक,186
एकांत,183
पूर्णकालिक,5
दोहराते,49
हैवानियत,186
स्वीकारते,4
भदानी,56
बिछिया,100
अछूते,4
महामंत्र,128
भेजेगी,31
रस्सा,61
बाजारी,48
सेवामुक्त,100
झाकी,186
सेन्टर,31
भूला,179
कॉन्वेंट,11
उपले,61
पहरे,23
दाखिलों,56
झाग,61
अभ्यार्थियों,31
शावक,61
ढूंढ़ने,186
उभरकर,100
घूंघट,71
सुमेधा,186
निशानेबाजी,98
टांक,4
मूल्यवृद्धि,31
महाप्रसाद,96
खेलेंगे,133
चतुर्दशी,128
उल्लू,183
अटकलें,1
सभाजीत,27
रखेंगी,23
डिस्ट्रीब्यूटर,96
लोकगीतों,155
आश्रमों,128
बिकती,56
नहीें,59
खुन्नस,23
तन्मय,23
नक्सलवाद,100
टली,49
किरायेदारों,31
निरंकार,186
मुख्यमंत्रियों,100
जनमत,67
रौंदते,23
स्तन,168
अनुपलब्धता,48
मईया,96
मनोकामनाएं,128
सरलता,117
जांबाज,33
कोऑपरेटिव,31
चित्रकारी,9
धन्ना,98
उतरेगा,56
बबूल,60
अचंभित,186
नमामि,100
तेरहवीं,54
उभरे,155
ढैंचा,35
जूतों,33
उसमान,98
रूकी,49
अटी,56
पुष्ट,7
कृमि,25
प्रधानाचार्यों,100
जकात,49
घसीटते,59
भाली,23
प्राक्टर,23
भंडरिया,49
कालकाजी,100
रतनी,100
चलित,148
रोटियां,23
एकीकरण,156
दारागंज,71
बेलपत्र,23
दुस्साहसिक,186
दीवारी,29
जलाएं,35
यथार्थ,7
मचाकर,96
बौखलाए,35
कदमताल,35
दिशाओं,73
विश्वसनीयता,156
बदरंग,23
सितार,183
ओलंपियन,133
बूढ़ा,59
जिम्मेदाराना,56
गद्दे,61
लटककर,56
लुभावने,56
सरगर्मियां,23
आवेदनकर्ता,14
चुटिया,35
पड़ाव,109
करेला,61
मेदांता,35
परवल,96
करतीं,73
रात्रिकालीन,56
नजरबंद,49
हफ्ता,56
द्विपक्षीय,156
खिंचाई,186
पुर्जे,31
झुका,191
क्षेत्रवाद,100
गोष्ठियों,100
खटक,179
पढ़ाए,98
उबरने,22
युधिष्ठिर,161
सौदागरों,186
आसनों,186
शर्तों,86
टॉकीज,49
अंधे,191
अक्षित,96
उल्टियां,79
ब्रहम,186
शराबे,186
महावर,61
राजयोग,7
कत्थक,183
अचेतावस्था,23
झंडारोहण,71
यथास्थिति,86
अधिकारीगण,100
अनुलोम,7
खूंखार,186
चालाकी,72
अशक्त,7
नवयुवकों,83
कैथोलिक,67
अन्वेषण,169
जलकुंभी,61
भैंसे,60
प्रकाशक,158
जनतंत्र,145
अपेक्षाएं,14
तात्कालिक,90
पेंशनधारकों,100
पोटाश,3
वैराग्य,63
चक्रमण,31
पुराणों,161
निशानी,191
दानपात्र,186
वाशिंगटन,5
परिषदों,14
प्रश्नपत्रों,100
वेदना,7
एन्क्लेव,100
पतित,15
रमणीक,29
मिलनसार,186
सुप्रीमकोर्ट,96
दीपदान,23
विभक्त,63
उहापोह,71
गुढ़ा,23
छिड़काव,199
सहमी,1
बाबजूद,49
चित्त,192
चक्रव्यूह,4
कर्मा,56
जासूसी,72
शमिल,100
मीलों,29
छुरा,96
संभ्रांत,98
तसल्ली,59
जलूस,29
मेन्यू,122
बेगुनाह,1
त्रुटिपूर्ण,7
एसवी,31
चूका,133
खरीददारों,31
पकड़कर,125
ओझल,179
पांडा,56
मुदित,98
सरपट,79
सहमा,56
आवाहन,128
सप्तम,151
दातों,79
अद्वितीय,155
दाहिना,41
कटाने,23
महासमर,186
पूर्वज,17
भलीभांति,100
कटेगा,96
लूंगा,59
जाबिर,49
बोलता,83
छूकर,186
फुटा,23
कुबूल,59
छानी,23
खोए,179
नीतिगत,156
छक्का,96
भ्रष्टाचारी,23
जनसाधारण,155
रामदुलारे,98
नोच,59
संहार,161
मराठी,158
जलीय,25
दसवां,31
निर्णायकों,13
क्यूं,186
निभाता,156
भिडंत,79
लाट,29
प्रतिफल,84
वृत्त,73
अष्टभुजा,29
कपड़ों,60
रोपने,61
बबुआ,23
प्रेत,183
बैठेगा,186
पहुँचे,191
आलिम,17
अफ्रीकी,67
चालन,73
सीखें,35
अस्वीकृत,62
पूर्णमासी,96
गद्दीनशीन,96
लपट,179
आठों,128
कर्मचारियो,35
पंसारी,96
विश्वस्त,98
जनांदोलन,145
विभीषिका,186
कलाकृति,183
पहियों,73
वायुमंडल,73
उद्घोषक,56
सुला,23
लटकाने,61
गुणवत्तायुक्त,14
मेवाती,98
रोकें,122
दण्डाधिकारी,4
चलनी,59
शेरों,23
शरारत,191
सदल,96
भैंसें,35
हमराहियों,59
कांफ्रेसिंग,98
रोता,23
सताता,186
शहीदे,56
उसमे,179
परिनिर्वाण,4
उबारने,186
आषाढ़,128
जमीं,71
साहसी,76
पर्चियों,31
निलम्बित,31
चटाई,33
उन्माद,179
टपकने,23
आहरित,48
चुकीं,72
रूह,191
पक्षीय,186
सतरंगी,61
संचरण,3
नाचे,23
वर्दीधारी,56
पारंगत,128
हरीपर्वत,186
पाचवीं,79
वाशिंदों,79
मिचौनी,56
नवसाक्षरों,96
दृश्यता,31
ऋतुराज,71
भेजनी,186
सर्वेयर,0
उपक्रमों,184
गम्भीरता,83
धधक,186
बैशाखी,79
विषैले,168
पतवार,61
कश्मीरियों,186
मांगेंगे,49
शोधार्थी,78
पलटन,49
कोरा,186
बायां,41
बौर,59
टैक्टर,56
कोला,31
घुल,25
लकवा,61
मूर्ख,83
दिलाये,1
पंचांग,122
बढ़ायी,79
विलक्षण,155
दबाब,148
ऐंठने,23
जनसहयोग,186
न्योछावर,186
लाएगा,160
सहुलियत,31
नौसेना,67
शिक्षाविदों,170
डलवाया,23
दिखना,79
बूझ,191
गौवंश,23
गोवध,96
पर्यावरणविद्,56
कार्यकर्ताओ,96
यक्ष,161
कन्याएं,35
मिलाते,61
करूणा,83
परवाना,98
बारीक,125
राष्ट्रवाद,197
नवयुग,128
मढ़ा,23
तपस्वी,128
गुब्बारा,61
सौदे,184
बगीचों,109
भूलना,186
सकने,3
कलमबद्ध,98
सियार,61
कर्जे,186
जबर्दस्ती,186
उभरते,156
सदाचार,63
गरमाया,56
पत्तियां,60
बढे़,100
ढोलना,100
बेचारे,59
त्रैमासिक,14
फूलन,1
क्लेश,83
उदासी,83
संघर्षशील,98
अव्यवस्थाएं,96
हिमायत,59
पालिकाओं,100
जांचे,31
मौला,49
विहंगम,29
लूटेरों,23
तिलकधारी,23
नृत्यांगना,183
मिशनरी,98
यमराज,128
अस्वीकार,136
मारता,191
क्रूर,15
टिफिन,56
बिंदी,183
रडार,65
भूकंपरोधी,100
सर्वहितकारी,186
विश्वसनीय,22
स्पर्शाघात,186
मध्यमा,96
उकेरा,29
डटी,186
निमित,48
तौहीद,59
फुलवारी,29
पटवाई,23
एलोपैथिक,100
तलाब,71
जमुनिया,23
हनुमंत,100
तोरण,9
गर्भाधान,168
बूंदाबादी,56
साइटों,65
कराके,71
तराशने,33
बमबाजी,186
समंदर,79
फंसता,71
छिपकर,179
छुपाकर,23
स्मार्टफोन,65
पढ़ेंगे,186
श्रोत,122
अंबुज,23
प्रकाशकों,158
किराएदारों,23
प्रयत्नशील,145
स्वामीजी,128
टहलते,56
स्पार्किंग,56
कहलाता,25
जीए,56
त्यागने,83
रोपा,60
समझो,191
मान्यताओं,63
खुलना,100
सहमती,62
विसरा,49
शूरवीर,4
विकासशील,156
धमाकेदार,133
कूपों,61
ताबूत,56
अजनबी,59
सानी,17
शिकागो,157
भीगने,61
वामन,63
पट्ट,73
सवेरा,96
अन्तर,25
पहनें,61
उलटा,61
समयसीमा,62
विवादास्पद,5
कंसल्टेंट,96
प्राप्तांक,31
दिलासा,96
जीभ,199
मोहभंग,49
आक्रांत,168
बुझने,23
पाठशालाओं,49
स्थानक,29
रातोंरात,179
सूरजमुखी,60
जिधर,59
संबल,186
उन्मुखीकरण,31
बरतना,186
लादने,186
सुगंधित,60
सोचता,42
भोजराज,128
वन्दना,128
मर्मज्ञ,155
कटोरा,61
अपर्याप्त,168
खोई,179
मोमबत्तियां,23
अशांत,79
मिटाना,122
ग्रीष्म,25
गतिशील,73
आदर्शों,28
सम्यक,7
प्रत्यक्षण,186
बस्ता,59
नियमत,35
दृश्यों,121
बिसात,56
लिफाफों,31
निर्वस्त्र,128
बंदे,98
परायण,186
भोजनालय,56
अदब,59
हुनरमंद,33
बैकलॉग,100
जड़,125
प्रश्नकाल,91
गुणवत्तापरक,35
रामगंज,96
क्षेत्रवार,48
न्यायलय,62
हजूर,96
चुनचुन,23
निकालें,122
कॉम्प्लेक्स,31
जुटाना,31
पल्लेदार,186
अदालतें,62
नम्बरदार,23
विभूतियों,78
बैंककर्मियों,35
आडिशन,56
जुटते,23
गठिया,168
चन्द्रमोहन,96
नीबू,60
एक्सल,56
टूटता,186
अटके,23
मुरादें,59
त्रिकोणीय,133
समधी,49
उत्तरदायी,86
बाटने,56
तारी,59
हिचक,186
अस्थिरता,67
भूतेश्वर,29
आंसुओं,23
कांग्रेसजनों,186
बछिया,59
कडे़,56
मतदानकर्मियों,35
उत्तराधिकार,86
प्रलय,63
राज्याभिषेक,151
द्वारों,29
निरस्तीकरण,31
ठोंका,79
सौदेबाजी,56
मकबरा,9
चिनाब,29
ज्योतिबा,78
परिभाषित,169
घसीट,24
लाशें,23
गस्त,100
पोस्टकार्ड,31
तड़के,59
वीरा,71
नवोदित,98
पिंजरे,41
कोप,96
निभाती,156
क्षेत्ररक्षण,133
वयस्क,168
कंगाल,23
भाग्यशाली,179
दिनरात,186
मुक्केबाज,133
शैतान,191
अवनीत,186
डराया,59
थपथपाई,186
राजपति,4
लावा,36
चिल्लाते,49
ढूंढे,186
खिलवाड़,186
सोकर,23
बहुप्रतीक्षित,100
हेल्मेट,96
महाकवि,63
चिकनी,125
प्रस्तुती,49
अधिसंख्य,100
मंचों,11
डोरी,41
मैट,133
यदा,186
सम्मलेन,11
कौतूहल,186
तुलनात्मक,169
गोवंशीय,35
जुटना,186
क्रंदन,186
जलधारा,109
सम्प्रदाय,161
बालीबाल,61
पल्लव,9
कथाओं,155
औलाद,191
फटकारा,186
कुंद्रा,98
नौकरशाही,145
पड़ते,125
मिलजुलकर,186
उपमा,192
खिलौनों,33
उंचाई,148
थोप,179
चिन्हों,179
जातीं,125
भुवनेश्वरी,128
बकरों,23
महानायक,98
कालिख,61
प्रताड़ना,186
बोया,61
विपत्ति,83
प्रायोजक,157
शहंशाह,76
जीवाणु,168
पेटियों,56
डालती,3
अमर्यादित,83
उभारने,186
ब्रह्मलीन,128
सिखाती,179
चूहों,168
शौकीनों,29
पंथक,56
महासंग्राम,186
खंबे,33
सुलझने,186
चढ़ावे,33
सुधारों,156
मंगलमय,128
सभास्थल,100
फूलमालाओं,56
उत्साही,11
आयामों,169
निर्विघ्न,98
खेलता,133
सोपान,7
उलाहना,96
जुझारू,145
आंकड़ा,31
सट्टेबाजी,48
धराशाई,56
सिकरी,148
उभरा,67
सेवाश्रम,96
तराजू,59
मूलवासी,35
बूटियों,60
दीवाने,72
फुहारों,96
तटों,109
लक्षित,156
नौकरों,1
दंपतियों,186
सबला,186
बहेगी,61
इम्तिहान,59
राजाओं,151
जुड़,122
लिपटा,61
वसुधा,98
शिष्ट,7
पदकों,133
तीनो,4
घिनौनी,56
तयशुदा,122
झेलम,109
पीडीएफ,14
नौकरशाहों,49
रचाई,56
सीआइआइ,35
कदा,61
सम्मेलनों,11
नकाब,33
स्थानीयता,186
सावधानियों,79
राष्ट्रीयता,145
आदमकद,98
कुर्बानियों,186
खुलवाए,100
आरंभिक,169
जिनपर,113
ठिठुर,61
लुटने,98
धड़ल्ले,59
तानाशाह,76
पुट,7
चुनें,122
अन्त्य,61
नवजीवन,78
मौसेरे,98
पतंगों,179
हिमगिरी,96
टांके,61
झोंकने,59
निडर,71
हिलने,125
सदभाव,186
विग्रह,128
थामने,79
ज्ञानेश,96
गुलमोहर,61
बहुमुखी,155
बेदाग,56
मनीषी,155
निगला,61
नाखून,199
अशरफी,96
अनूठे,155
सेनीटेशन,35
जनशताब्दी,100
गिरफ्तारियां,1
संगीतमयी,186
धर्मनिरपेक्ष,145
कपाल,199
कारिंदे,186
विच्छेदन,79
प्रभावों,168
हृदयाघात,168
चोरो,186
सर्वत्र,63
सहूलियतें,186
पाश,73
काटता,125
आवेश,73
हलकी,125
सिमटी,56
दुखियों,186
मंहगी,31
शैय्या,186
गिद्ध,60
प्रबन्ध,14
वन्यजीवों,100
नाकामयाब,79
जीवनदायिनी,98
मैदा,61
बदलें,122
अंगुलियां,56
उनकों,59
प्रतिवेदित,31
खट्टा,60
बचेगी,56
कार्यवश,186
वियोग,7
गोसेवा,96
भाल,59
त्रेहन,98
प्रस्तुतीकरण,122
हेमन्त,96
नाविकों,36
मफलर,56
विन्देश्वरी,49
गोचर,7
गिराई,61
घसीटा,56
मस्ताना,98
मनाएगा,1
पहुंचेंगी,186
निरोगी,61
मालगाड़ी,56
प्रशिक्षितों,35
पालिटेक्निक,186
परिणय,98
चन्देश्वर,98
चूकते,71
प्रस्तुतिकरण,31
संकटमोचन,98
डीग,29
दफनाया,173
अधीर,83
भरेगा,179
लहलहा,23
दमयंती,98
सहसंयोजक,61
पीड़ित,168
ज्वर,168
मोटरों,73
निरंकुश,145
अरोप,23
गांजे,56
उमड़,72
प्रजा,151
कर्मभूमि,78
विकारों,168
धानी,61
धर्मशालाओं,56
उत्तरपुस्तिकाओं,186
बेघरों,33
कालागढ़,29
जीर्णोद्वार,96
अंधी,179
रूसी,67
चुराते,59
गोता,61
समुद्री,25
बिड,48
उभरी,29
हौज,33
सेकंड,73
घेरेबंदी,186
दास्तान,1
कबूला,56
बौखलाहट,56
मुर्दा,59
पकी,60
नवविवाहित,183
समझाना,179
नाविक,148
ओवरसीज,100
प्रज्वलन,61
पट्टीदारों,96
मूरत,23
बिगड़ने,79
वार्तालाप,122
पक्षकार,86
फेलोशिप,100
जाऊंगा,83
उदयन,161
रुतबा,59
बल्लियों,61
तनिष्क,56
कंडाघाट,96
अतरी,100
हमराही,56
सूती,33
पंगु,79
नवसाक्षर,35
अर्थशास्त्री,156
हांलाकि,183
अंगुलियों,199
कथाकार,158
सुननी,179
वितरकों,31
बनावट,25
लिपट,61
दर्शायी,31
डेयरियों,56
बनिहाल,100
आकाओं,56
महायोजना,56
उतरता,179
ऊंच,23
उछलकर,56
प्रमाणीकरण,122
संघर्षो,186
पट्टीदार,33
विशेषताओं,169
कच्छा,96
गमले,61
गजानन,128
मचाए,23
मूंद,186
बोलो,71
परोसी,33
वात्सल्य,128
झुके,59
नौकरीपेशा,56
सुहानी,23
हस्तगत,186
प्रतिघंटा,56
प्रयोगशालाओं,3
छज्जे,41
मेहनतकश,96
विनाशकारी,67
वजीफे,98
दूरबीन,73
मोटरें,148
अमान्य,62
तैल,61
नर्सों,79
मोर्चो,56
पुतलों,23
जेहाद,59
शोधित,61
पूछना,179
छत्ता,61
अटे,186
निरोधी,79
ऑटोमोबाइल,184
लेखनी,155
अत्यन्त,15
झांक,59
धानक,56
गीली,125
धनसार,56
खच्चर,33
भिक्षुओं,161
दुबकने,24
भूली,59
फरमाते,59
विचारक,28
उपमहानिरीक्षक,100
इंगित,169
कोपा,133
निहंग,96
क्षीण,7
जीवनदान,98
उठवा,179
गर्भाशय,168
राक्षसों,128
थलग,59
कट्टरपंथी,145
सामग्रियां,31
मुख्याध्यापिका,23
आतिथ्य,179
कमाऊ,98
तरणताल,23
प्रश्नचिन्ह,186
सुसंगत,86
आंकड़े,184
निपटाएं,96
परदेश,23
छूते,59
बोझा,61
पत्नियों,15
सिमकार्ड,100
जाग्रति,186
बढ़ीं,96
बस्तियां,144
मामलें,179
गिरोहों,191
राष्ट्रभाषा,78
लोट,56
बढ़ेंगी,79
छुआछूत,145
ममेरे,98
बेवकूफ,59
मंडराते,186
बिजौली,186
हिंदुस्तानी,78
महालेखाकार,100
इतिहासकार,54
सहायतार्थ,186
बरसाए,179
खोमचे,96
मुरीद,83
मूसलधार,61
ग्रामोदय,29
शक्तिमान,179
हंगामेदार,96
दस्तों,79
ब्याही,4
ऑर्गेनाइजेशन,100
रसोईयों,23
कचरों,61
महाशय,186
बढ़ई,33
ठाकुरजी,96
बिखेरे,24
पोटली,61
मंत्रीमंडल,120
प्रेरणादायक,145
बहुसंख्यक,145
राजमार्गो,100
प्यासा,71
खोलेगा,96
महाकाल,128
झंडों,49
बारदाने,186
परामर्शी,14
सिरका,127
संस्मरण,158
जीओ,186
चीखपुकार,179
गैरमौजूदगी,186
कलाकृतियां,29
उर्सला,35
सूर्यवंशी,161
धुरी,73
खींचते,41
सायंकालीन,186
अलमारियों,33
पाचवें,29
प्रवेशपत्र,31
झुकना,179
पहुंचाती,79
गोते,179
दरिंदों,49
जानो,179
इंकलाबी,100
लपटे,56
किस्में,60
मंगली,56
खेतिहर,100
फायदों,48
दूंगी,23
उसरी,35
दोस्ताना,133
विद्यार्थियो,186
जलवे,96
अंबे,96
झोपड़ी,23
वीवीआईपी,100
उद्गम,109
छत्तीस,98
समूहगान,33
कार्यशालाओं,14
तुष्टीकरण,79
भगाना,96
उपदेशों,63
तरबतर,23
सासंद,98
छला,186
मनचाहे,33
खाएंगे,56
बटोरीं,23
जयहिंद,56
घृणा,145
जयन्ती,128
विस्तारित,65
पांडवों,161
आईबी,100
सांभर,60
डांटा,71
शिक्षकगण,56
पंछी,96
उपेक्षापूर्ण,186
कुप्रभाव,22
निरक्षरता,14
बैरी,121
शालीनता,186
सीलन,61
बदलेंगे,186
ठहाके,23
मूलमंत्र,186
अंगदान,186
कंबलों,33
कृतियों,155
जियो,154
घूमे,71
उत्कृष्टता,156
आत्मबल,186
यात्राओं,11
सुहागिन,23
गजलों,186
भटकता,179
विशेषाधिकार,86
बीजी,100
हस्तकला,33
मास्टरों,56
पाताल,128
शुदा,59
धर्मों,161
समीकरणों,73
कस्सी,56
वसूलना,100
नेत्रों,7
छपे,158
बायोटेक,100
नाकामियों,79
तीर्थकर,161
सशंकित,1
उपजा,98
पदस्थ,120
इजाफे,33
सिंधू,100
प्रतिमूर्ति,98
धर्मकांटा,56
रीचार्ज,31
मामी,98
उपनगरी,23
दिनदहाड़े,59
मिर्ची,56
अंधा,179
सौंपना,100
अग्निशामक,61
अनुक्रमांक,35
शहरीकरण,100
निभाए,121
गड्ढ़े,61
समस्यायें,22
रजिस्ट्रीकरण,86
पिंडी,29
अनिश्चितता,22
अपराहन,35
लोटपोट,183
इंवर्टर,100
कप्तानी,50
कार्डों,31
इर्दगिर्द,73
गुमान,191
तौलिया,61
भतीजों,179
सामाग्री,31
झुकने,59
गिटार,121
वैष्णों,4
पीता,127
कछुए,61
जोतने,33
देवों,128
कारतूसों,79
ताज्जुब,59
सचखंड,29
पुकारा,191
प्रशंसक,121
मंदा,56
असुर,161
सहपाठियों,98
संक्राति,100
सुरक्षात्मक,199
दाताओं,48
होजरी,56
फसाद,59
धावकों,56
गुप्तचर,145
निशी,29
कीचड़,125
पट्टिका,73
उगा,127
आरोपपत्र,49
कावेरी,109
बौना,73
कायदों,96
टपकता,61
किशोरावस्था,183
एकरूपता,169
सप्ताहभर,186
मदनपाल,98
घृणित,83
स्तरोन्नत,100
देशवासी,186
कोपभाजन,186
हैलीपैड,100
सशर्त,62
सोसायटियों,100
समीति,45
फासला,79
फहराकर,4
अनुष्ठानों,161
युगों,63
रखवाने,186
हृदयगति,79
वीरगंज,96
निराकार,63
लेखिका,121
नवरात्रा,29
चाबुक,23
रोशनदान,61
टेढ़ा,59
राबिया,4
चक्रधर,98
मुल्कों,24
सहना,186
श्रद्धाभाव,23
सुधारक,15
फैलाए,59
गीला,199
खलिहानों,23
लोटा,23
दृष्टिहीन,23
स्वरूपानंद,98
टेक्निशियन,56
धुत्त,23
बचेंगे,186
ढली,33
हैजा,79
पसारने,56
किस्से,72
तांगे,23
आबोहवा,23
खुमारी,96
अहित,83
प्राणघातक,79
कर्णधार,98
कीटाणु,61
रूपक,155
श्राप,128
नातिन,49
चौंका,49
पटकथा,68
नृत्यों,183
अंकतालिका,56
मोहरा,96
दरक,98
गृहरक्षक,56
महारत,72
सुगमता,117
मतपेटिका,23
डलवाई,23
सजाओ,35
परामर्शदाता,14
दोना,61
बेजुबान,49
हिमायती,179
बुलाते,17
जानेंगे,56
छुप,59
कमेंट्री,133
गिन,59
मुल्तानी,33
धुल,61
तर्कसंगत,28
संयत्र,148
पाचन,168
खौफनाक,79
डाक्यूमेंट्री,183
रिजवाना,23
चुनेंगे,49
एंकर,56
प्रोटोकाल,31
मनोचिकित्सक,22
जनहानि,100
पकाया,60
समान्य,22
नोटरी,31
सदगुरु,98
जोड़े,125
सुर्खियां,56
संजीवन,96
शिवमय,186
समझदार,191
कफन,183
कलुआ,35
सुबूतों,186
टहनी,125
खरोंच,199
जन्मों,128
जिन्दा,191
सर्वमान्य,63
चादरें,61
केन्द्रित,156
शंखधार,49
पहुँची,191
तमाचा,23
वफादार,190
वधु,186
फिरता,59
इश्तेहार,56
अपराजिता,96
निर्मलता,7
शीशों,33
छात्रहित,56
सम्बन्धी,48
कांगड़ा,29
पीटे,186
रेंगी,35
ओरियंटल,49
परित्याग,28
लटकाए,33
मसानी,59
बहुमंजिली,61
कमाना,48
दानवीर,4
सहकर्मी,31
अर्धसैनिक,100
स्वीकारोक्ति,49
ऑल्टो,56
विकृत,7
आड़े,186
बेमिसाल,96
फलाहार,23
रतजगा,23
पहरेदारी,23
ओली,96
सुपुत्र,78
निपटना,62
खड्डों,148
पडा,76
पर्वतारोहण,100
जोताई,61
लौटाई,48
देशद्रोही,76
चोखा,56
पंजे,125
रहस्यमयी,121
अनुपूरक,48
आयुक्तों,62
रिवाजों,155
शरणार्थी,76
जन्मी,173
ठुमके,56
ग्रामपंचायत,100
गृहों,48
अर्दली,96
सदस्यगण,186
पिंडदान,128
संपुष्टि,31
थाल,33
दाहिनी,41
फिदा,71
झपकी,35
जुटती,29
जेवरों,59
रेललाइन,100
तुमने,191
नन्हा,23
उठवाने,56
गदर,76
मिलवाया,49
रहनुमा,59
अलंकृत,9
जागते,179
अफवाहें,1
दिलवाए,98
कतारे,33
झपटकर,23
परमाध्यक्ष,186
ओढ़,186
जुगलबंदी,183
लेटा,23
जाओगे,191
भवसागर,71
दंडनीय,62
पढ़ाएंगे,186
पकवानों,33
राजवंश,54
बजती,56
माडलिंग,56
अनुकरण,28
कटार,23
थपथपा,96
लगवाये,186
इन्दु,98
मुहैय्या,59
चढ़ना,59
ऋषियों,63
झोंका,179
मुखबिरों,186
मिटाकर,122
सांपों,61
उतरीं,49
दर्शनीय,9
उपकुलपति,78
वास्तु,9
अम्बा,98
जलस्रोत,148
ढीला,61
शिरोमणी,98
वादिनी,23
गैरहाजिरी,186
अनन्त,192
इतवार,56
खेतासराय,56
मक्खियों,127
जयमाला,128
दमनकारी,145
झाला,96
पिछड़े,14
समंवयक,186
दानों,60
संघर्षपूर्ण,4
हारा,4
गतिमान,73
लिखवाने,186
परमपिता,186
दीप्ती,186
मूर्तरूप,186
स्टेडियमों,133
साढ़ू,96
बेडों,186
पिचकारियों,35
प्राधिकृत,86
सीम,56
सीखेंगे,186
कार्याधिकारी,96
त्रिलोकपुरी,100
भाषणों,158
खोलेगी,31
सारंग,56
छोड़ी,17
जगे,186
निकालेगी,56
प्रान्तीय,100
कोठा,23
लिखवाया,98
दर्शनशास्त्र,28
गोधन,186
फिटर,56
संतो,186
तैराक,133
कमाते,179
चूने,25
निकुंज,4
धमकियों,145
घुटना,79
रस्में,23
कुरीतियां,186
कुचक्र,186
डरी,186
कांजी,60
सटोरियों,56
प्रचुर,25
सिनेमाघरों,68
गगनभेदी,56
लोकसेवा,14
रेहड़ी,98
जयंति,49
सामरिक,67
सोचें,186
पहचानते,113
कुशाग्र,186
गिनाया,96
अध्यनरत,100
पात्रो,186
कब्जाया,145
विंध्य,109
बैर,83
घुमंतू,186
महासमिति,49
क्षेत्राधिकार,86
चेतक,29
हुस्न,59
हीमोग्लोबिन,168
दबाना,79
गुंडई,186
लम्बा,109
मोटापे,168
रिक्तियां,100
झगड़े,191
चौकीदारी,186
रूस्तम,35
सहिष्णुता,28
टकराते,79
निबटाने,162
अंगवस्त्र,100
सजाएं,186
अक्षुण्ण,145
झिझक,186
करनेवाली,113
मिलाई,61
वाचस्पति,63
भ्रमणशील,186
टूटना,79
निन्दा,83
सिखाएंगे,56
जाऐंगे,59
समूल,96
असावधानी,179
मसालों,60
फैलाव,25
नत्थी,49
ऋषिकुल,23
असंख्य,7
लालायित,186
सरलीकरण,31
तनदेही,49
करोगे,191
रचनाकार,155
बलपूर्वक,22
बैठेगी,96
पाटनी,98
फूटे,61
चिपकाया,61
उदयशंकर,98
देगें,59
पहुंचायी,79
छत्र,71
ईनामी,71
तत्क्षण,179
उपराष्ट्रपति,120
बनायें,31
व्यायामशाला,56
परदेसी,59
गुजारे,186
भटकती,23
सौन्दर्यीकरण,98
उगे,61
बिखराव,79
ढूंढना,122
धुरंधर,98
प्रबुद्धजनों,14
मैथ्स,56
सिक्ख,4
कलापों,186
इल्जाम,35
कांपते,23
कताई,61
चिर,7
जमीला,96
दोहपर,23
बायीं,41
ग्लैमर,121
घपलेबाजी,100
मुक्तिधाम,186
चटनी,60
शरणार्थियों,67
शाकाहार,98
व्याकरण,63
लतिका,56
गुंबद,9
औषधियों,168
सिरफिरे,56
नौवां,100
सीखते,179
यजमानों,186
अखण्ड,128
वर्णनीय,186
तोपखाना,76
नवग्रह,128
क्रेता,48
आविष्कार,73
बीमारों,179
अलाप,23
भर्तियों,49
खिलाड़ियों,50
संतोषप्रद,22
बहाई,17
जनजातियों,14
हिन्दु,161
गाइडों,49
संपादकीय,158
विच्छेद,179
अधिष्ठापन,31
काफूर,59
इस्तकबाल,56
वर्तिका,61
बीतता,186
हिंदुत्व,98
फरमा,59
मिलीग्राम,199
अजीबोगरीब,56
दौरों,22
दुधारु,35
माहिरों,56
स्नानार्थियों,29
सामुहिक,186
आजमाया,186
इंसानी,186
कुंडे,56
कोटेशन,31
बहुआयामी,28
मेंं,4
उठापटक,186
बरगलाने,186
दाद,127
दूजे,71
ट्राइसाइकिल,96
तर्को,186
आलेख,158
बेदम,56
जाग्रत,192
भक्तिरस,123
वचनों,192
बुराइयां,83
ताता,56
रामदुलारी,49
कुटाई,24
साहूकारों,186
छुटटी,186
सिनेमाघर,29
छोले,61
झुमका,23
लंगूर,29
गुनी,61
कराएंगी,186
आयें,72
कोमा,199
कमाकर,186
आनेवाली,113
आयेाजन,186
पायेगी,1
गुजरेगी,35
रंगी,23
उतारेगी,56
श्वान,23
रोकेंगे,179
सुनामी,79
गोसदन,96
गाढ़ा,199
कार्यसाधक,179
पत्तन,100
स्वास्थय,79
हाशिए,186
नशापान,35
नीलमणि,23
पचा,61
सराही,98
खिड़की,41
भस्म,128
तेरहवें,173
खंती,56
खयानत,186
आर्दश,23
कंप्यूटरों,65
कांटों,61
वसूलता,23
बैटरियां,31
महानदी,109
लांघ,186
उड़ाया,72
फूलो,61
कूदा,23
वर्गीकरण,169
भूभाग,36
उलझने,186
पुष्पक,29
तैरता,61
उद्घोषणा,86
गिरजाघर,173
सहेज,122
अनुशंसित,22
पारितोष,79
प्रतिष्ठापित,128
उम्रदराज,79
माडलों,31
सरगम,183
करिए,23
विधाता,98
रहस्यों,7
लपेटे,59
झलकती,96
बदइंतजामी,35
अथाह,4
यात्राएं,11
दागदार,49
किशोरियां,23
अंदरुनी,79
सर्वानंद,49
ललकार,59
जगाना,186
पड़ेगी,113
सौपेंगे,23
अविस्मरणीय,78
दालें,60
टोकने,56
मौजे,96
परिपथ,73
भूमाफियाओं,56
ढोंग,179
बुलंदी,98
नोटीफिकेशन,186
नाचन,96
गणमान्यों,100
फंसना,186
औंधे,59
साझे,14
बच्चेदानी,61
फूलबाग,29
अमृतवाणी,23
जलस्रोतों,148
जीतते,133
बहाते,23
काउंटिंग,56
जनसमर्थन,49
उत्तरपुस्तिका,35
काण्ड,78
चमकने,23
निष्ठापूर्वक,179
स्वायत्त,16
मैली,96
सृजनात्मक,155
प्यासी,71
बंदिश,186
छिनने,49
फिरते,59
फंडा,96
फाल्गुनी,98
प्राथमिकताएं,31
उपसमिति,14
बरई,100
मर्म,7
पुरुषोतम,98
चमकाया,71
बुलानी,79
बूंदों,199
तलवारबाजी,23
तामझाम,186
झाड़ू,35
खिंचवाने,56
तीर्थयात्री,9
योजनान्तर्गत,100
शिक्षार्थियों,14
नुकसानदेह,61
बेमतलब,49
त्रिदिवसीय,100
चमके,56
प्रवर्तक,63
गत्ता,23
सौंपेगा,23
समझनी,186
तलाशना,56
प्रशासकीय,120
दिग्भ्रमित,96
बदलावों,31
देशभक्तों,145
द्वापर,161
सिखाते,59
बंदरगाह,185
विनम्रता,15
तर्कशील,96
स्पंज,3
सेंकने,61
अपंगता,48
भिड़े,59
कटेहरी,100
झाकियां,186
पेटिका,31
सूनसान,186
स्त्रियों,15
स्कैनर,65
बर्बर,145
बहानेबाजी,35
कास्मेटिक,61
सेवाभाव,83
सलाना,79
मौजी,23
मांगती,186
गुफ्तगू,59
निर्वाहन,35
लज्जा,83
खोजना,186
रिक्शों,56
गमलों,61
काबिलियत,49
गमन,7
सर्वस्व,83
जनसंचार,100
कंपन,73
रहनुमाई,59
बरसती,179
खीरों,148
दीर्घ,169
ईरा,56
जुड़ने,122
निशानेबाज,133
रजिस्टरों,48
दार्शनिक,155
लौटेगी,186
व्यंग,183
चिह्नीकरण,31
हाजियों,59
अज्ञान,192
तुष्टिकरण,186
ब्रह्मांड,73
सुधारना,186
मानसूनी,148
बंकर,79
निबटा,186
वज्र,128
टेलीकाम,100
अनेकता,7
थिरक,23
छीनाझपटी,186
मनोरथ,128
टिकाऊ,3
सहदेई,100
भूलने,59
डलवाकर,186
पर्वतारोही,148
पीड़िता,96
फिजूलखर्ची,49
कालरात्रि,128
गतिविधिया,56
थरूर,98
कोसने,186
ताई,98
सैंया,186
लौंग,60
गमछे,61
पूजनीय,128
रेडिमेड,23
लादे,59
संप्रदायों,63
संवर,186
कमानी,73
डेरों,71
यशस्वी,155
भिखारियों,23
मखाना,29
चतुर,83
छत्रछाया,186
प्रश्नचिह्न,186
लिपटे,59
सुविधायें,31
रॉयल्टी,31
विरोधाभास,28
शाबाशी,49
पढ़ाती,186
मुलतानी,96
गुदगुदाया,186
चन्द्रमा,36
खैनी,61
भोट,29
इन्ही,109
वेंटिलेटर,23
मोरनी,61
जनशिकायत,96
गाती,183
बजाना,122
नारंगी,199
पिछडे़,48
भागता,71
अकुशल,100
मिलाजुला,186
फ्लॉप,133
यातना,113
प्रतिकार,7
लैंगिक,168
सनम,71
द्रोण,128
घुसपैठियों,1
मटके,33
धर्मसभा,49
उतरती,36
कांवड़,96
कार्यकलापों,156
छकाया,35
असहमति,145
ग्रहों,73
गुटबंदी,186
दायक,61
स्कैनिंग,122
कुरीति,96
फिक्रमंद,35
उभरने,100
सामान्यत,25
अमूल,100
कटती,186
जंघई,96
झोक,59
लड़का,72
अपमानजनक,15
पेचीदा,186
भेजती,56
संजोने,98
टोना,23
नवां,96
मुरझा,61
चेरीटेबल,98
महिलाए,56
घूमना,59
सजन,98
अनुशासनिक,62
छुरी,59
आंतकी,56
पिराई,148
हतोत्साहित,22
स्मृतिचिह्न,96
क्लासिक,121
ओलों,61
मुसलिम,145
मुल्जिम,186
आगंतुक,29
द्रव्य,117
धर्मस्थल,29
प्रारुप,31
बैठें,59
बरता,48
खुमार,96
जाफरपुर,96
गरजा,23
अंध,186
झूमर,33
रेलमंडल,100
बायें,41
अनायास,7
दिखाएगी,49
स्टीमर,1
पुरुषार्थ,192
कालांतर,161
गुमनाम,122
निर्देशिका,122
आरामदायक,56
दोहराने,31
प्रथमदृष्टया,186
फलफूल,23
हौसलों,96
सूफियाना,96
मंगलाचरण,63
मंहगे,79
दक्षिणांचल,79
टिकटें,31
वरियाम,23
चाहेगा,191
बांटेंगे,96
रूकवा,56
तानकर,96
खाट,23
रंगरोगन,61
सेहतमंद,61
खिदमत,98
ज्ञानदीप,96
तंद्रा,79
घुमा,41
उपादान,7
कहार,186
अंकुरित,60
मध्यमवर्गीय,49
नक्शों,31
नौकरशाह,49
ठहरी,23
घूंसों,79
स्वयंसेविकाओं,71
पितृपक्ष,128
उत्सर्जन,3
ढहाया,56
अपशब्दों,186
मुहुर्त,186
सहकर्मियों,22
अनुपालना,48
आपूर्तिकर्ता,184
धीमे,199
बैंडबाजे,49
कव्वालों,35
आगणन,31
झपटने,35
अबला,186
रक्तस्राव,168
चीकू,61
बेईमानी,59
ढिंढोरा,186
विदुषी,128
खरीदता,48
जेवरातों,61
निर्दोषों,23
परिजनो,56
गुल्लक,56
पडे़गी,96
पौधशाला,100
होशियारी,179
वजहों,79
कार्यदिवस,31
शक्कर,60
अनुत्तीर्ण,98
लेटी,23
संयमित,186
नागपंचमी,128
संयोजकों,31
खानदान,98
हीरोइन,35
लुटा,96
सिखाना,83
इच्छानुसार,7
सबर,23
सरोवरों,29
भारतवर्ष,161
आत्माओं,192
उतरवाया,23
परिसंपत्तियों,184
गृहविज्ञान,100
शयनयान,35
बिमारियों,79
गुर्दा,168
गोमुख,29
बहुउद्देश्यीय,100
दयावती,98
जयपुरिया,100
मोटाई,25
मार्कण्डेय,128
हंसाया,96
अफगान,76
बालकनी,23
मोरों,29
रुद्राक्ष,33
राष्ट्रभक्ति,49
चुंगल,186
देवोत्थान,186
त्यागकर,83
तापीय,3
खोट,179
जुटें,35
बुना,33
बेलन,73
भर्तियां,100
क्लेरिकल,186
बिखेरने,23
कर्तव्यनिष्ठा,4
परिव्यय,14
डूबता,186
छक्कों,71
अंकन,169
निराली,183
तालों,61
कवयित्री,78
लखपति,56
जांचें,122
नागिन,98
अशुद्ध,23
प्रयोगों,169
दोहा,155
मर्यादाओं,83
यमन,67
मानवी,7
नायकों,155
पंजीरी,56
गरमाने,61
सहभोज,23
योगीराज,186
चढ़ती,59
रुलाया,49
कारिंदों,35
समझाए,186
जीतेगा,56
भाऊ,4
उपप्राचार्य,100
कृतसंकल्प,145
कुलियों,79
बरसते,179
विनम्र,145
मंत्रालयों,14
हथकंडा,35
बांधना,96
कोठियों,56
वीरानी,71
ताउम्र,186
विपदा,79
प्रबन्धन,156
लाठ,23
अमीना,186
परतें,25
संभलकर,23
बैरल,199
पूछता,72
घूंसे,33
पिलाते,127
संस्कृतियों,155
उलटी,24
कलंदर,71
कटोरी,61
अग्र,73
मृत्युदर,79
राजबाग,29
गिरेबान,179
जमींदारी,145
कालेधन,96
लहुलुहान,56
पुनरुद्धार,11
ठेल,79
मानदंड,156
फिजूल,49
रोषपूर्ण,186
भौंरा,98
निरर्थक,28
जमना,49
बेवफाई,186
श्वांस,61
पूंछ,199
राष्ट्रविरोधी,49
मंजी,98
सम्भावना,113
निखर,59
साहूकार,49
दिव्यानंद,186
कॉज,31
खिलाफत,76
अंधता,79
इत्तेफाक,56
ध्यानाकर्षण,186
तिकोना,61
समझेंगे,179
जोड़कर,73
नजरिये,186
पैगम्बर,72
असामान्य,164
खटास,23
बिताना,98
लोभियों,23
उड़ाने,36
बुद्धू,96
बिहारियों,186
खपाने,31
अमीरी,186
पलटे,179
न्यायसंगत,62
बढ़ाएगा,59
जांचों,31
दिलाती,183
टीशर्ट,56
खेमों,186
पारम्परिक,155
शावकों,61
बेबाक,98
वाशिंदे,186
संतानों,98
सिखाएगी,23
बहुएं,59
दयालु,15
भरनी,59
महामृत्युंजय,128
निपटाकर,35
बाजना,29
विधायिका,120
फालतू,61
पिंक,133
डाकखाने,96
परिवारजनों,98
सत्संगी,96
आदमखोर,23
अविरलता,96
बुलवाकर,96
सखा,128
गुंडे,1
निद्रा,7
चौड़ीकरण,100
योग्यताधारी,186
खोजे,61
जमाखोरी,56
आत्मनिर्भरता,14
संवेदनाओं,7
पीड़ा,7
उत्तरीय,4
विभिन्नता,25
प्रेरणास्त्रोत,56
क्षरण,148
क्रियात्मक,169
बंधाते,56
शायरा,96
अप्रेल,1
बॉक्साइट,148
अभि,56
कूदी,186
मध्यस्थ,62
शालिग्राम,128
खेलो,133
पायजामा,33
पिलायी,59
घड़ी,113
तरकीब,59
आंतक,4
लेखाजोखा,31
लोभी,83
ढोकर,179
रफादफा,186
छमाही,31
छात्रो,56
मुझको,191
सुलझी,56
सोफा,56
चौपाई,128
बिकते,61
प्रसिद्धि,121
लेमन,56
प्रसादी,23
उपचारित,3
प्रतियोगता,23
पीटता,23
कटते,23
चरखा,98
अल्कोहल,3
इमारती,60
झीलों,109
सुधरेगा,186
उड़ाए,59
नर्सरियों,56
बैंको,184
घूमा,29
निपटे,186
टायफाइड,96
भोगता,96
शिल्पकारों,29
सुचेता,29
स्ववित्तपोषित,100
रिएक्शन,79
नर्क,186
संचिकाओं,31
चिपकाने,61
प्रतीक्षारत,122
ओजस्वी,155
खुशाल,56
निभाएगा,35
उतारु,186
दूरदर्शी,73
टिक्का,1
रघुपति,98
चिपकाए,61
पंहुचे,23
खुलवाना,31
इंटर्नशिप,100
अक्षमता,22
गंधर्व,98
मेलजोल,145
मिठाईयों,33
कलेजे,59
खूबियों,59
वर्षभर,148
कुलपतियों,14
मिस्त्रियों,35
पूर्णरूप,179
करदाताओं,31
अभिनन्दन,98
रिकार्डिंग,122
चूहा,56
उपवन,29
निगाहों,179
प्ररेणा,96
निशक्त,49
मापने,3
मानेंगे,179
रामचरितमानस,161
धुंए,61
खोखो,56
ट्रॉलियों,33
चौंकी,186
विश्वंभर,186
अचरज,186
परिसंघ,67
क्रोधित,15
सुघर,56
आयेाजित,186
फागुन,23
सहोदर,186
इंकलाब,49
एलीमेंटरी,100
लाभांश,48
महाअभियान,96
सर्वसम्मत,186
तपोभूमि,128
बढ़ाएगी,14
डब्बा,23
बंजारी,23
श्रेष्ठता,15
थरथरी,56
साड़ी,183
आइडियल,56
बेबाकी,59
दिल्लीवासियों,35
मुचलका,186
उत्प्रेरण,61
जीतेंगे,186
धनबल,71
समोसा,56
उबले,61
स्वास्तिक,33
ऑक्सफोर्ड,182
कुहासे,186
सज्जनों,186
उदार,15
कार्यकुशलता,34
विदारक,96
युगेश्वर,98
बेनामी,31
अटरिया,29
दण्ड,83
कार्यपरिषद,31
किरकिरा,96
बेहिसाब,179
पंचतत्व,186
उलंघन,186
बचाता,127
विखंडन,3
रुपरेखा,31
अतुलनीय,155
चारदिवारी,186
कलशों,61
औद्यानिक,186
हिस्सेदार,49
जनसभाएं,56
अस्थिर,3
थैलियों,61
सकतीं,7
सुमधुर,186
कल्पवास,23
सुरक्षाबल,100
घोंपकर,96
दिलाएगा,96
छिपने,59
रेलयात्रियों,61
रंगने,61
ज्योतिषी,63
उज्ज्वला,31
पहनावे,49
डोरे,179
उबल,59
कटवाकर,23
जातियां,60
कुन्तल,186
समझाई,59
चंडिका,29
चबाने,199
धौला,100
जुम्मा,98
पारो,71
धोएं,61
सफेदा,61
हराभरा,29
हिंदूवादी,56
परलोक,15
पुनर्वासित,100
लिखाया,98
याचिकाएं,62
वृज,186
सेनाध्यक्ष,76
जनक्रांति,4
शीतकाल,60
आशंकाओं,186
स्फूर्ति,83
श्यामसुन्दर,98
लहलहाती,59
प्रेमदास,49
लंढौरा,56
कटेगी,186
पंचामृत,23
बमों,79
कृत्यों,86
भाईजान,96
उदारता,15
निकलवाए,186
सरांय,23
किलकारी,23
घिनौना,56
कामनाएं,96
निर्बल,113
पनपता,79
कराहते,23
अधिभार,48
गुझिया,29
इशिका,23
तूने,191
हस्ती,72
मिन्नत,56
छलने,148
दीयों,183
मंसूबा,35
कार्यमंत्री,96
होड़,145
समावेशन,14
विरुद्घ,49
दृढ़ता,7
ट्रेने,29
भुक्तभोगियों,186
जिन्न,179
सामयिक,28
देखनी,71
नाद,7
जनाजा,96
त्रिलोकीनाथ,71
कराओ,59
पाठों,7
गरबा,183
दस्ताने,133
मारती,61
बाबूजी,186
सप्तक्रांति,186
अन्तरराष्ट्रीय,170
घुमने,23
दांपत्य,83
बिताई,1
कर्मयोगी,128
छठीं,98
जन्मस्थान,161
उपहारों,4
रचनात्मकता,28
करतूतों,191
फलदायी,128
महाशक्ति,145
धर्मावलंबी,4
छारा,23
अव्यवहारिक,22
गंवाए,56
बंबे,23
तलाशे,35
अभिरुचि,155
प्रेरणादायी,186
हटाएं,122
इच्छाओं,113
ओढ़ा,179
बचायी,4
सुगंधा,23
अर्थदण्ड,49
बीड़ी,61
पांडियन,29
मापक,73
संघचालक,98
बनिया,96
उपजी,56
मजलूमों,23
रोकता,127
संस्तुतियों,14
लगवाते,4
निरन्तर,192
जासूस,72
फासले,41
तात्पर्य,169
भैयादूज,96
धर्मनिरपेक्षता,145
देखीं,59
पर्यावरणविद,100
पत्तल,61
प्रगाढ़,28
जमाई,96
गर्भधारण,168
भूलवश,98
पूर्णता,7
चक्रवात,148
कसता,33
तैरते,199
शख्सियतों,49
यौवन,7
विभव,73
चिन्हीकरण,96
शोधकर्ताओं,65
सौंधी,61
जिंदगियां,56
बैठाई,61
सींग,125
सरक,61
तेजवंत,96
ईंटें,33
सुकांत,98
संबंधितों,14
काना,56
गाउन,56
निशि,98
इनमे,100
तापते,23
सन्यासी,128
बहाए,59
पुश्ता,56
भीगते,61
पत्रिकाओं,158
साढ़,98
रणक्षेत्र,4
भिन्नता,169
प्रवेशद्वार,9
परिलक्षित,169
तुरहा,23
छाते,148
उपासक,161
हुलास,61
शीरा,59
कप्तानों,133
घुट,59
कुर्ते,59
सदाबहार,36
गूंगी,49
सांध्यकालीन,96
टहनियों,92
सुरीली,35
उपमंत्री,96
बचाओं,96
अधिष्ठान,29
हिन्दुस्तानी,78
गंभीरतापूर्वक,186
चढ़ाना,61
कम्यूनिस्ट,145
गुप्तांग,79
तारिणी,4
नियमानुकूल,48
नाटककार,158
होतीं,25
निवारक,22
बूंदी,29
ऊंटों,23
धर्मांतरण,145
नूपुर,23
नेतागण,186
मोबाइलों,31
वंचितों,14
अंतर्राज्यीय,100
छिपकली,60
कमलापति,98
यत्न,192
लिखापढ़ी,179
हंसने,23
पदमश्री,56
पैरोकार,74
उगने,60
राममंदिर,29
लौटीं,1
पटकनी,23
हांफ,56
अकूत,186
रखो,191
पचपन,23
गामी,186
बिग्रेडियर,56
पिंजरा,23
जादुई,183
अलंकार,63
अप्रवासी,100
जताकर,186
चेष्टा,192
संपन्नता,29
सूदखोरों,100
शाकिब,56
भगदड़,1
चिंताएं,22
बट्टा,48
दुष्परिणामों,22
दिखाएगा,179
मुद्रिका,128
भाइचारे,186
सवैया,128
तारामंडल,73
खोलें,122
फलीभूत,179
पलटकर,179
उलझकर,186
पूंजीपति,186
प्रदर्शक,122
झिलमिल,23
लिटा,23
बोलचाल,155
तिरछी,73
अर्धनग्न,56
बिछने,96
जूझता,23
जगराज,4
हमार,179
दरियादिली,33
अवैधानिक,49
बैठीं,23
भरावन,61
वाल्मीकी,56
भरपेट,186
डिलिवरी,31
कारे,56
अंगवस्त्रम,96
छापेमार,96
प्रारम्भिक,155
कमाए,179
संधारित,31
डाकिया,186
उलटफेर,179
कठिनाइयां,22
खारे,60
कोकिला,98
बीसीसी,31
औरतें,59
भटका,191
भूसी,61
संगमरमर,9
हिरणों,29
लहरें,20
खमियाजा,186
खोये,98
खुलीं,96
गिरजाघरों,29
मनगढ़ंत,49
टंगा,56
विषमता,7
चटकी,61
बिरहा,96
कसकर,41
लिपटी,61
लुढ़का,23
राकेट,79
निरीह,96
योनि,168
समाया,186
मुंडारी,29
अजान,71
गैसों,3
कल्याणार्थ,128
ऐश्वर्य,128
मुर्गियों,61
समाजसेविका,49
छटपटा,24
छतें,33
वंदेमातरम,98
संघीय,120
युक्ति,31
तनावमुक्त,79
बक्श,98
टाफी,23
अनादि,63
कनिष्क,29
दौड़ा,23
समोसे,56
पंजोखरा,96
संदर्भित,65
बाढ़ग्रस्त,148
क्षमताओं,156
पगडंडियों,148
जनमुक्ति,186
गुमनामी,49
शोधपत्र,170
उतरवाने,56
नवाया,23
बेशुमार,59
औजारों,3
सूखते,61
ओहदे,49
शालीन,186
दुर्घटनास्थल,96
चुस्ती,79
टेरी,133
मूल्याकंन,186
कृपया,122
मिन्नतें,186
डिब्बी,61
कढ़ी,33
हर्षदेव,98
हरिकीर्तन,35
उत्पाती,186
परदे,72
पुष्पगुच्छ,61
सत्कर्म,83
जरुरतमंद,186
मुआयने,71
नंगी,41
भगाओ,23
तोप,29
लाजवाब,33
रूहानी,59
चिंतनीय,186
कारो,59
निहायत,59
टंगे,56
तमगा,98
हाशिये,49
विजिटर,31
चेकबुक,56
बेचनी,56
इंजनों,3
पहुंचेगे,23
तैरने,199
उठवाया,23
देवशरण,56
महात्म्य,128
पककर,61
सम्बोधन,96
मनचाहा,186
प्रेमवीर,186
आंकडे़,186
सुखों,7
घनघोर,23
शरणम,23
अनुशरण,96
करेंगें,59
देवालय,29
रॉकेट,73
कसमें,59
झपटा,23
तलवारें,23
कारज,4
पेटेंट,65
भूचाल,59
कार्यकलाप,156
हमसफर,35
इत्तफाकिया,35
अपवाद,65
दुनी,96
विजयश्री,4
जंजीरों,186
कोण,73
भौचक,96
असाधारण,155
फैंक,56
अवांछित,3
कुचलते,23
वैसाखी,29
अम्पायर,133
कुपवाड़ा,29
कलयुगी,100
रहनेवाली,179
वारे,35
लेप,199
सुशिक्षित,186
जर्जरता,186
दहाई,59
गीले,61
कटवाया,96
भिड़,59
असंतोषजनक,186
देखेगी,186
मुखौटा,183
कलेंडर,98
थमे,56
अंगिका,96
देवियों,128
जगने,61
स्वरूपा,128
शुभचिंतकों,186
कुकृत्य,186
चप्पलें,33
आपदाग्रस्त,186
अनियोजित,31
त्रेता,161
पुस्तकालयों,170
जैनेंद्र,98
कंपकंपी,61
मजनू,23
मानदंडों,156
बहाकर,148
गोधाम,96
सतनारायण,98
प्रदर्श,31
दीवानों,4
धवल,29
खरीखोटी,98
शामलात,186
अंगूठियां,61
छिपाया,186
अमोनिया,3
चप्पलों,56
विभू,35
निहारते,23
खुलेंगी,100
युवको,186
संवेदनाएं,49
गुजरेगा,56
इजाद,56
जन्में,78
किस्सा,72
सहते,83
सीबीसीएस,100
राज्यस्तर,49
ठिठुरने,56
फॉर्मूले,61
तीर्थराज,128
दिलेरी,186
बुझी,179
बहरी,71
सदस्यो,14
बिगड़ी,186
उलटे,191
किलों,109
रिश्तेदारियों,186
द्वितीया,129
गुनहगार,179
सताती,56
प्रपंच,7
आदम,191
बंदों,186
ब्योरे,31
शासकों,54
नापने,73
सुनती,179
लेटकर,35
बेकरार,186
मानवरहित,100
खुरपका,96
अबूझ,186
गत्ते,31
बेहिचक,186
सलाहाकार,100
प्रशान्त,185
झरने,109
पातीं,148
खलनायक,121
फिनाले,31
पांडु,128
पाईं,98
विवाहोत्सव,98
गिरेगा,179
रक्तरंजित,4
शौहर,59
तंदरुस्त,96
खटखटा,186
जगदम्बिका,23
भीगे,61
मरना,191
कौटिल्य,63
रसीदें,48
गुने,61
कर्मियो,56
जन्मजात,168
यज्ञोपवीत,128
फूटने,61
दीवानगी,59
जिहाद,191
संरचनाओं,3
साइफन,61
अंधापन,61
समेटकर,179
स्थिती,79
राजसी,76
भटकाव,186
सावरकर,78
विर्मश,31
घटाव,73
ठण्ड,36
खार,71
मीन,183
उभरती,156
शिवम्,186
चौड़ा,109
मुफलिसी,59
भ्रांतियां,186
सेवाकर,14
सेनाओं,76
बताईं,56
मर्द,59
पॉलिथीन,61
सूदखोर,23
चटका,61
सजधज,179
गुब्बारों,61
स्वयंभू,161
अशुभ,179
दागने,79
एकबारगी,59
कार्यक्षमता,65
क्षेत्रो,29
वर्तन,31
प्रतियों,158
निरपेक्ष,7
जमावड़ा,29
चाव,183
आवेदनकर्ताओं,186
ग्वाला,96
पितामह,161
समाजसेवक,40
देशप्रेम,145
पहुंचाएगी,56
बीतते,186
बिल्डिंगों,61
दादू,128
मंत्रिपरिषद,62
गेहूँ,60
सजना,98
पढ़ाकर,179
सदाकत,4
राजतिलक,4
तदोपरांत,100
जहान,59
पायलटों,31
डॉक्यूमेंट्री,49
समाए,71
बटों,49
प्रयोजन,86
चिल्लाना,23
प्रियव्रत,71
आकांक्षाओं,145
मुवक्किल,186
नृपेंद्र,56
पाँच,161
कुप्रथा,186
सीरत,96
देवस्थान,71
कत्लेआम,56
मोतीचूर,61
मिटाया,122
सर्जनों,79
छन्ना,56
अतंर्गत,96
मालियों,56
सटकर,23
थोपने,145
बताएगी,116
कंपा,61
संबन्धित,169
तृप्त,83
रूबीना,186
स्वीकार्य,65
गिनी,185
योद्धाओं,151
सबंधित,31
ज्ञानवर्धक,186
मंडराता,61
शयन,128
दिशानिर्देशों,14
रंगबिरंगी,33
वित्तरहित,186
चिन्हांकन,31
सतयुग,128
वेतनवृद्धि,31
संवदेनशील,23
थोपे,59
जमानतीय,186
पूंजीवादी,145
घुटन,179
उतराता,49
फतवा,145
गढ्ढे,79
तोरणद्वार,23
नबाव,98
मंडियां,33
शोषितों,186
मनुहार,186
फेरों,56
पेठा,61
दखलंदाजी,166
धकेलने,79
देवालयों,128
व्यवसायीकरण,31
गणेशोत्सव,96
चुस्की,35
योगगुरु,98
बांधते,61
ताजे,60
टैक्सियां,100
अनसुलझे,56
रामायणी,96
दासी,128
लौटेगा,23
थके,35
टहनियां,61
साजिशकर्ता,79
कितनों,83
सेबी,48
टकराए,61
बला,59
पट्टियां,33
फलां,186
छटनी,79
जरुरतमंदों,186
मिलाए,127
प्रहरियों,179
रचते,179
वफादारी,145
ढेला,23
हलवाइयों,56
झाड़,127
करायेगा,100
बंधों,61
रचयिता,63
पंहुच,186
आत्मप्रकाश,186
खाताधारी,31
अधिगृहित,100
विभूषित,78
अंगीठी,35
भूगर्भीय,148
गिनाने,186
खलती,186
ऋणों,48
डालेगा,191
तलाकशुदा,98
प्रत्यूष,96
देनेवाले,113
ताव,59
लटकाकर,23
नीतिया,186
कछुओं,61
विकृति,117
स्थानातरण,56
आदमियों,191
विशुद्ध,192
पूर्वाहन,100
घेरेंगे,35
गन्दगी,59
भ्रांतियों,186
बूढ़ों,23
डायलॉग,56
घूरा,61
जिज्ञासु,28
प्रभुनारायण,98
वजनी,56
भण्डारे,29
दादागिरी,186
विजयदशमी,128
जनाजे,23
स्मृतियों,63
दुरंतो,56
पदचिन्हों,179
पहाड़ों,36
अधीक्षिका,56
टरबाइन,73
खूबियां,56
दुर्भावना,186
रक्षामंत्री,100
पुलिसवालों,49
सुधारे,96
भारोत्तोलन,133
यूनाईटेड,133
सूअरों,60
मॉड्यूल,31
बिखरने,79
बागची,78
एथलीटों,133
संकरे,148
महानता,15
गटक,23
पोत,184
वैशाख,161
सिद्धिदात्री,128
वामदलों,96
पोस्टआफिस,35
खामिया,186
फैलाएं,23
दिलवाना,49
थैलों,61
शांतिमय,186
कड़ाके,61
वाचनालय,31
निखरती,23
फॉर्मूला,133
जुलूसों,49
रंगकर्मियों,183
मकबरे,9
उन्नतशील,61
ठूंसकर,61
बेदखली,49
हटेगी,186
अम्बाला,78
विधिविधान,128
न्यारे,23
बैठाना,186
स्वाध्याय,63
फरमाइश,59
जनपथ,21
नेत्रहीनों,186
आध्यात्मिकता,155
वर्षापात,61
शहजादी,98
गोष्ठियां,14
गजक,56
विध्वंस,76
सरजमीं,100
पुर्ननिर्माण,100
मछुआरे,183
यथोचित,7
राजकोट,78
अगुवा,96
शंकाओं,48
धोया,61
मनू,186
भद्दा,61
मूत्रालय,79
थोपा,179
कृपालु,179
भाजी,96
मैत्रेय,161
सेवायत,29
उदारवादी,197
दिशाहीन,35
खोलता,122
फली,60
इंद्रियों,7
घूमी,33
ददरी,4
कब्ज,168
धब्बा,125
उतारें,56
सजती,56
कारीगरी,33
भैरवी,128
जोरी,186
पनपते,60
एकलौता,56
गौरवमयी,96
बदलवाया,96
मसरूर,29
डरकर,179
चूर्ण,25
गुंजा,23
बटवारे,100
लम्बाई,109
महंतों,4
अनन्य,63
जिंदगियों,56
बिजनेसमैन,56
संजो,186
असेंबली,120
झूलती,61
भरोसेमंद,31
पदमुक्त,100
सचित्र,183
गेस्टहाउस,98
पापी,83
माताजी,128
आत्मानंद,96
तने,125
विश्रामालय,186
गुजारते,56
छुड़ाने,59
बेझिझक,23
उबालकर,60
शब्दावली,169
कम्प्यूटरीकृत,31
निर्वाध,186
जेबकतरे,56
किफायती,184
धुंधली,61
मान्यवर,96
पशुपतिनाथ,29
सुधरेंगे,186
अरसा,71
अभिलाषी,83
पराक्रम,151
सांडों,35
निरजन,4
अयोजन,100
मूंछ,23
युनुस,72
रंगशाला,96
क्षेत्रांतर्गत,100
ढोते,61
नोबल,11
घटाया,48
दुल्हा,23
संवाहक,7
छूटते,59
परचा,96
बैठाते,186
अधिष्ठात्री,128
पहुचेंगे,186
नजमुल,56
वृत,148
पदचिह्नों,186
सहतवार,29
ठूस,56
इकाईयां,31
पीपे,61
धुआंधार,49
देवाल,100
बढ़वा,59
प्लाई,56
अचूक,7
सेंक,61
तौला,59
मनचाही,179
पंडिता,108
सूर्योपासना,128
राहे,59
जताए,79
टोपियां,33
प्रतिभागिता,14
नेताओ,49
पीया,23
बसाई,4
मंगलकामना,35
जटिया,96
महीन,199
जहन,186
बाड़ा,23
न्यारा,56
बेईमान,59
महापरिनिर्वाण,161
नुपूर,96
पढ़ो,59
रूची,49
रुपाली,186
पर्चो,100
उपनियंत्रक,186
सुमति,128
प्रचारिणी,78
स्थापन,48
बटाई,96
चारित्रिक,7
टकसाल,56
भटकाने,96
खिलाते,59
कुंद,23
मदारी,96
बेंचों,96
गुणी,83
गुलदस्ते,23
समन्वित,156
तसर,56
प्रेमानंद,186
खिंच,61
कशमकश,71
निर्जन,29
आमलोग,100
आदिनाथ,128
शत्रुधन,56
छिन्न,7
त्रिमूर्ति,128
प्रक्रियाएं,3
चक्रपाणि,128
झटक,56
निभाएगी,186
पिघल,125
नवाचार,156
कर्मठता,186
ट्राफिक,31
दर्शनी,71
सुझाया,83
कुक्कुट,60
फुफेरे,98
कहिए,56
उठो,59
पीताम्बर,98
खाये,61
लगायें,79
चुनते,122
कुवंर,23
सुधरा,186
मंजिले,148
कहो,191
लिखावट,98
याचिकाकर्ताओं,62
विषैला,199
पढ़ाता,179
कंजूसी,195
जन्तु,60
ताती,96
फीसों,193
बुद्धिराम,71
किलोलीटर,186
रुबरु,59
विडम्बना,186
कानी,35
देवयानी,98
उंगलियों,199
आवरण,199
चरवाहों,23
कानन,98
कृतज्ञता,179
अधिगम,156
सट्टेबाजों,79
अद्वैत,63
हालंाकि,35
हरख,96
चीरा,61
जताना,179
जीर्णशीर्ण,179
पादुका,98
तेइस,49
जेबों,96
झूलने,79
खिलाना,59
आवेदनपत्र,31
झंकार,61
टालते,23
मनाती,98
देखिये,122
जनसंघर्ष,186
उद्घोषित,100
डिजाइनों,73
सोसाईटी,56
पुर्नगठन,96
फुल्की,56
बगलामुखी,29
टलने,179
दखलअंदाजी,49
हरगिज,186
खोखली,61
लौहनगरी,98
डलिया,61
बेरहम,79
बंधने,186
झलकी,56
भूलें,179
मीठापुर,186
दायीं,41
खेमराज,98
कयासों,56
कपट,83
अपनायी,145
मंधना,186
तत्कालिक,176
दिवाना,96
सीलबंद,79
बुलाये,186
विजयगढ़,96
मस्तक,128
निराले,23
भोगना,83
मनाता,49
चादरों,125
नाको,100
निर्वासित,76
नर्तकी,121
बारूदी,1
प्रौद्योगिक,14
पुष्पों,60
निरंतरता,156
जड़ा,33
दुग्धाभिषेक,23
खूंटा,23
वर्ण,63
सन्यास,78
पुनर्मूल्यांकन,62
शोधकर्ता,65
तीर्थस्थल,9
कराहती,23
अफेयर,98
गिरनी,23
नोकझोक,35
परदा,179
अफगानी,4
घसीटकर,179
आतिफ,82
गुमसुम,186
सिवाए,59
पीरजादा,96
वफा,59
खिलाडिय़ों,56
नायिका,121
विकासखंडों,96
तांत्रिकों,35
बुत,59
शर्तें,86
हिमस्खलन,56
किरदारों,121
विघटन,22
नसों,168
सोयी,23
बनवाते,33
चक्रों,73
मिस्ड,186
उत्सवों,9
भेट,186
पैना,61
सगा,96
भतेरी,96
कमलाकर,96
भौंचक,35
पूर्णानंद,4
तार्किक,28
कुल्फी,61
चहक,56
खिलाए,23
कठायत,23
रजिस्ट्रियां,35
घेरते,148
अजंता,29
वशीभूत,179
पुस्तैनी,4
पूर्णचंद्र,186
हाकिमों,71
पावती,31
अखरोट,60
मारो,191
खच्चरों,23
टेपों,56
उपप्रधानाचार्य,56
फूलमालाएं,23
गिराना,186
छिपाए,113
आलोचक,158
दुखदायी,35
फलाफल,186
प्रतिद्वंद्वियों,133
डेरवा,100
दोषपूर्ण,22
चुकाया,48
नागार्जुन,155
डैनी,121
सोचती,186
उदारीकरण,156
धामों,128
झाडि़यों,23
आमीन,186
वीकेंड,56
मृग,29
संयोगवश,183
समाचारों,1
पुकारते,191
जहांआरा,56
तकादा,96
मारूफ,56
स्थगनादेश,35
छापर,29
लूटते,71
पटका,59
तानाबाना,96
जनतांत्रिक,120
अवैतनिक,14
सिखाये,186
धनौली,96
मकरंद,61
सारंगी,96
फहराएंगे,186
सरे,72
स्टूल,61
सजदा,191
रुकेंगे,186
चाहेगी,186
राजमा,60
विद्वेष,179
रूपेण,186
कव्वालियों,23
कसक,23
ओढ़े,23
नुस्खे,127
योजनायें,100
एकाग्र,179
सरीखा,23
परीचौक,49
झांककर,23
सुराही,61
पादुकोण,121
घनत्व,25
वारा,23
राजलक्ष्मी,98
बीजा,29
यांत्रिकीकरण,56
पाखंड,186
खेलेगी,133
हस्ताक्षरों,98
पके,60
पौष,128
पद्धतियों,169
आक्सफोर्ड,49
अगम,96
देवो,128
बिरयानी,96
पहनते,33
प्रोमोशन,133
बायपास,31
सिद्धपुर,4
जनसुविधाओं,100
अलंकरण,155
मंजूषा,183
छिटक,61
सुयोग्य,15
नानकी,98
वृतांत,98
यौगिक,3
अलताफ,98
निहत्थे,1
परंपराएं,29
आधारहीन,186
गलने,61
बिठाए,79
परखचे,23
सर्वथा,192
डोले,98
हस्तलिखित,158
इहलीला,4
गिनने,31
गरुड़,128
अधिकरियों,49
झेला,186
महारथी,98
कटुता,145
गुड़,60
घमंड,179
कैलाशी,23
उगलने,23
सुनाएंगे,31
तारीखें,98
जानेमाने,78
आयो,41
बौने,73
जांचकर्ता,186
संबंधन,31
अपनाये,145
गौण,169
शोरी,96
वनभूमि,100
बालियों,33
ईजाद,59
त्रयोदशी,128
हेलिकॉप्टर,1
निपटाना,79
बढ़ाव,61
कुम्हारों,96
हैलीकाप्टर,49
मुददे,186
झोंककर,49
पछतावा,179
छात्रायें,186
व्यसन,83
अहम्,145
दिली,59
अहंकारी,179
सबंधी,100
कुर्बानियां,186
मंजिलों,29
करायेगी,31
रामभक्त,128
कंडे,61
मावे,33
बतादें,56
सर्वाइकल,79
तुमको,191
जनभावनाओं,35
प्राधिकरणों,48
प्रणामी,49
सिद्धी,186
पृच्छा,48
अप्राप्त,186
नाहक,59
चिह्नों,73
सांसों,61
सहर्ष,98
केसाथ,56
फुर्ती,23
मानविकी,170
बंधुत्व,145
सुनीति,98
प्रबंधकारिणी,100
गौरक्षा,96
दुत्कार,35
अलकायदा,1
काटती,148
स्ववित्त,100
चुटकुले,56
आगबबूला,56
अगामी,56
तना,60
लहराए,96
आयातित,184
जीतो,96
घोलकर,61
शीतलहरी,148
दिलेर,72
कैलोरी,3
पिरोने,186
खरीदेंगे,56
सत्याग्रहियों,49
घोंपा,71
धनवान,179
मरता,83
टिप्पणियां,62
संगर,23
अगाध,128
पहचानना,7
अपरिचित,122
धकेला,79
इष्ट,128
दूकान,56
उछला,35
बेचें,56
आंवले,61
समुंद्र,148
अपनाएंगे,165
देही,59
गहराती,83
सहस्रधारा,79
लूंगी,171
आद्रता,148
पक्षपातपूर्ण,145
बजता,56
तूती,79
लीलाएं,128
दनादन,59
तख्तियों,59
मतभेदों,145
बिखेरेंगे,96
दमनात्मक,49
गुमानी,4
पिलानी,100
नैसर्गिक,7
उदभेदन,61
मुजरिम,59
सरंक्षक,98
पुनर्गठित,142
मूर्छित,179
रूठे,71
चलचित्र,68
श्लोकों,63
गफलत,186
अवेहलना,56
जयललिता,49
जलना,61
घिनौने,23
बिजी,56
मनबोध,96
जलाये,49
सुखाकर,60
सक्रांति,29
नामांतरण,35
प्रोडक्ट्स,31
अभयानंद,96
अलोकतांत्रिक,186
शुभांरभ,186
लेड,3
दम्पति,98
स्लेट,33
केमिकल्स,100
भट्टों,186
अड़े,59
चलवाया,29
शहजादे,71
निराई,61
सताए,59
ढहाए,23
गिरीराज,35
देवगण,128
जलवाए,186
रुकता,61
पदार्पण,121
पोलीथिन,61
ढाकी,56
रगों,23
चट्टानी,109
कतर,67
खूबी,59
विलोपित,31
नमस्ते,98
निहारने,23
खातेदार,31
बसते,17
टमटम,56
कसूरवार,186
इलायची,60
नंदादेवी,29
छिलका,127
स्वरचित,98
जूझती,186
सूरमा,98
डिग्रियों,100
अंडमान,185
रहूंगी,56
बैंकिग,14
आवश्यक्ता,56
पिटे,186
ढाया,59
हैें,98
उपमण्डल,100
भूखों,186
औकात,186
पुरुस्कार,121
क्यारी,61
चिट्ठा,31
बदनीयती,56
हुलिए,56
कुंडों,148
इनदिनों,186
निकालेगा,179
शिकवा,83
विधिपूर्वक,186
भांपकर,35
संकुचित,73
वनरक्षक,100
मैथिल,128
रिहायसी,56
पहरेदार,186
प्रदर्शनियों,11
विप्र,128
गाँधी,78
चेला,96
अंडों,199
सेवाभावी,186
भंडारित,31
आबंटित,48
मुक्केबाजों,133
वृष्टि,61
खुदवा,35
समझाबुझाकर,96
सुफल,186
घबराई,59
प्रोद्योगिकी,31
संजोया,98
बोलेंगे,179
हौजखास,71
निर्ममता,186
तबकों,186
राहें,59
अमादा,186
इतवारी,29
पुर्जा,31
डिजायन,100
ढाले,186
खिलाडी,133
हिली,35
बैलट,31
अब्दुस,186
वेश्यावृत्ति,79
गागर,183
मिलाना,33
आरे,186
बनायेंगे,96
कुल्हाड़ी,41
अछूती,59
बंधनमुक्त,96
मुकरने,49
पाटीदार,4
अनुजा,96
देखेगा,191
जीवात्मा,63
घिरने,23
अवांछनीय,22
घराना,96
जेबकतरों,56
जिज्ञासाओं,186
भाबर,29
हांडी,33
ध्वनिमत,22
घटनायें,1
पहलु,186
पनबिजली,148
कमलों,23
चरवाहे,23
मेढ़,96
थामी,56
आर्थोपेडिक,56
संताप,179
समभाव,128
चित्कार,23
मद्यपान,179
लहराकर,49
शेडों,186
मल्टीमीडिया,65
पहुंचाएगा,186
गंगेश्वरी,56
सडकों,29
मालन,23
पारकर,96
उन्ही,191
बेइज्जत,96
पर्सनेलिटी,96
गिनाए,128
चिन्मयानंद,71
स्वान,133
नवजातों,61
सींच,96
जिलावार,186
भेदभावपूर्ण,186
भीगा,61
रूधौली,100
निर्मोही,100
गुजरेंगे,23
ताकते,23
मामू,59
कूल्हे,199
पालते,23
स्वायत्तता,67
लपेटकर,41
उड़ाई,59
किसलय,33
प्रार्थियों,100
सिसक,23
पुनर्जीवन,49
बहसबाजी,186
ढालने,7
सिखाएं,186
मर्यादित,186
त्रियुगी,96
शरणस्थली,4
छठें,56
पुष्टी,49
सुरा,179
निचला,25
श्रीराधा,23
धमकाना,186
बिताते,23
सस्वर,186
गर्जना,96
उठवाकर,23
विवेकाधीन,96
पुरखों,186
साक्षरों,100
चिरंजीवी,98
रोकनी,71
भांबरी,56
परिसंपत्ति,48
कुर्ती,35
मांसपेशियों,168
हलुआ,96
सिमेंट,56
महानगरी,100
समझौतों,156
बाल्टियों,61
महाभिषेक,148
गंवारा,180
खिल्ली,98
दुधिया,23
अजेय,4
दुर्गोत्सव,98
नौकायन,133
मालिश,168
जुगाड़,56
ओलम्पिक,50
ललकारने,23
त्रि,56
सुधारें,31
देहदान,98
शूर,4
उमड़े,56
रचनाकारों,158
शीतलता,179
ढांक,96
तीरंदाज,56
मिथ्या,192
ठिठक,186
रूकावट,127
स्याह,179
सपाटे,23
तल्लीन,83
बीजोपचार,61
द्रवित,61
ठहराए,113
यकीनन,72
फूलगोभी,61
ब्रह्मचारिणी,128
मांसाहारी,60
कटना,61
फिजीकल,71
लेबिल,56
कामेश,56
धोते,61
वहशी,59
कैथा,56
सदमें,59
मोटरसायकिल,23
अपनानी,186
क्रमबद्ध,169
पहचानें,122
चिकनगुनिया,61
छपवाने,186
बालगृह,61
समझाएं,186
निकालता,113
सलीके,23
युगलों,186
खरबूजा,61
तपेदिक,168
कयामत,59
घोटकर,56
नापजोख,148
प्रतिस्पर्धाओं,133
रथों,29
तिरछा,41
अतएव,192
सनबीम,56
पुस्तकालयाध्यक्ष,186
मेवे,127
स्पर्धाएं,133
ताबड़तोड़,179
लोकलाज,49
सेंकते,61
झलकियां,56
भौतिकवादी,28
आशंकाएं,53
कब्जेदार,61
बौछारें,186
जनाधिकार,186
जनआंदोलन,145
गदा,128
निपटाते,49
हत्याकाण्ड,1
टांगे,41
खोलती,79
जेआरएफ,14
बंधनों,7
तनावग्रस्त,79
खाओ,59
जनोपयोगी,14
सोचनीय,186
मटमैला,61
डेसीबल,100
श्रद्धांजली,98
ठुमरी,183
पूर्णरूपेण,7
खैराती,49
खोते,23
खातिरदारी,186
बुझे,61
महापुरूषों,186
बिपाशा,98
घग्घर,29
दिलवाले,71
खिलाएं,61
मुद्राओं,33
क्लियरेंस,31
दर्शनार्थ,128
पैदाइश,59
जोडे़,23
कांपने,23
महीप,96
ताजगी,183
दुआओं,59
गीतांजली,98
अग्निपरीक्षा,83
कामनवेल्थ,49
निभाकर,100
तैरती,61
चलिए,23
अठखेलियां,23
मंत्रोचारण,33
जेएसपीएल,96
उछाला,186
गुरुमुख,186
शिकन,59
सैन्यकर्मी,56
क्वायल,56
कवियत्री,98
इमानदार,186
बुझाना,59
विशम्भर,96
फेकने,49
हेर,59
बाटकर,96
खटपट,23
शेरकोट,98
थकावट,168
फंसती,186
पैंतालीस,96
पिटता,23
साधकर,56
कैमिकल,100
अदाकारी,98
समस्याओ,186
म्याऊं,35
उठेंगे,59
जाएंगें,59
संशोधनों,86
कबाब,33
इत्मीनान,35
निपटेगी,186
तैराकों,23
नौलखा,29
अधिनियमों,86
कर्तव्यनिष्ठ,186
ठाठ,59
टूटेगा,179
ह्रदय,168
इन्तजार,59
अनसुलझी,56
गणितज्ञ,155
कृपाण,96
सराहते,186
मूल्यवान,156
धर्मगुरुओं,4
दरिंदे,23
बफर,31
डालडा,33
अणु,3
रमानी,35
पहुँचा,191
ठहरते,23
ब्राह्मणी,96
रेगिस्तान,109
बतलाया,63
बंदूकें,1
खरगोश,60
सीखकर,83
सफेदी,61
सुतली,33
अधिवक्तागण,98
शून्यकाल,186
मुलाकातियों,96
अष्ट,128
तिरस्कार,83
प्रतिशतता,48
मुख्यमन्त्री,78
झूलकर,61
छत्रधारी,71
पंजों,199
दवायें,168
हजाम,71
अखर,186
जन्मदाता,155
उखाड़,191
महंतो,71
भूतत्व,186
व्यवसायों,156
डांटने,186
शहतूत,60
चश्में,59
दुल्हे,96
परिंदों,23
चीखते,56
भागमभाग,71
गवारा,59
छापी,122
खंगालना,71
प्राचीनतम,54
बमबारी,67
महामंडल,98
स्वजातीय,96
भाऊपुर,56
ओहदा,49
रिपुदमन,49
नुपुर,186
ईगल,133
केंचुआ,148
पिछड़ी,186
उतरवाकर,186
नाथी,96
जीवनलीला,71
होंठ,199
विजिटिंग,100
प्रतिष्ठापना,186
राजेसुल्तानपुर,185
काठी,33
सुरुचि,186
इंतजामात,96
रेंगती,61
उबला,60
परामर्शदात्री,14
लौटता,72
चीखें,71
अंतर्कलह,100
निवाले,23
अमुक,179
न्यायवादी,186
किंगफिशर,133
नेतागिरी,186
फोड़,23
सत्ते,33
गृहमंत्रालय,49
थमाकर,23
जोट,79
स्वर्णलता,96
उजियारा,186
फलाहारी,23
मेंबरशिप,100
सुहाने,179
शिक्षाशास्त्र,100
पिटायी,71
वसा,168
नवचेतना,186
दुगनी,56
पैंसठ,48
टोटियों,61
फटाफट,56
विश्वबंधु,186
कौआ,24
जटा,128
मुखालफत,186
दरिद्र,83
ज्योतिसर,29
चरमराने,186
दरख्वास्त,59
नौरंग,4
प्रस्तावकों,186
कहानीकार,158
फुहारें,23
करदाता,48
अटपटा,49
तारो,56
इसलाम,59
फुलवारीशरीफ,23
कुंठित,186
निकटस्थ,29
उड़ी,1
लॉरेंस,121
घुमाते,41
जनसेवकों,186
सौभाग्यशाली,179
आंखमिचौनी,23
किश्तें,31
लाइसेंसधारी,31
भेंटें,23
जनेऊ,128
गंवाई,71
ज्योंही,96
पसरे,23
झोंकों,61
मरीजो,56
पूस,98
चुक,59
लाडला,96
बाबाजी,128
चावलों,60
मुद्रित,122
सबद,186
स्वर्गवास,78
शांतिप्रिय,186
हरदम,23
खेसर,100
पढे़,186
आतिश,72
ग्रामसभाओं,96
राजनयिक,120
निर्माणी,100
उकसाया,145
संवेदन,169
बरसाकर,23
तेजस,96
गुजरकर,96
खींचना,79
आंतकवाद,79
फुरसत,186
बत्तीस,35
मालगुजारी,100
छाले,168
पिटने,56
सरकारीकरण,56
रोड़ा,186
बरबादी,59
जीवनकाल,155
बसाए,59
बहुद्देश्यीय,71
लेगें,59
रिस,61
बेइज्जती,186
उलझता,71
मूकबधिर,96
मस्तानी,71
विनिमय,48
गोरखाओं,4
अग्रदूत,155
गूंगा,56
बसती,4
कटु,145
लौटाना,49
दरारों,125
ईमाम,4
आंदोलनात्मक,186
नावें,148
एबीएम,31
कलरव,61
जगतगुरु,4
संगति,7
चखने,59
जीवनभर,49
जयते,183
गूढ़,63
रचे,63
द्वारचार,33
बर्फीले,148
कुरियर,31
भागती,56
गूजर,4
भण्डार,60
तीर्थो,29
तुमसे,191
वानर,98
जातपात,128
शेषनाग,128
काव्यपाठ,98
फूंकते,33
विष्णुपद,29
बोए,61
व्यस्क,168
अक्षम्य,186
तौलने,59
पेंशनधारक,31
बसंतोत्सव,61
तोड़ी,23
जिलेवार,100
विनियोग,48
नटखट,35
लूटना,56
झलकता,155
झूलाघाट,29
गुरुजन,186
घुमाकर,41
लालिमा,125
अनुवादक,158
तबदीली,56
कायनात,96
खानाबदोश,23
स्नातकों,170
मंदर,96
टीकों,168
जगदंबिका,186
अपव्यय,179
स्नानागार,33
जाऊंगी,23
धर्माचार्य,29
दंगाइयों,49
पूजे,128
धूलिया,98
नहला,23
राजनीतिशास्त्र,28
शम्भु,128
देहातों,56
बटोरे,56
मैग्जीन,98
दुहराया,186
उलझते,186
जनहितकारी,98
आइएपी,23
पहनाए,59
व्यापम,100
खानों,148
मातृशक्ति,35
सुन्न,79
अदूरदर्शिता,186
वसीर,186
कसीदे,98
मापा,3
बेचेंगे,56
गौशालाओं,186
डाकू,173
भाड़ा,48
खोजकर,56
मति,83
संक्षेप,169
प्रतिद्वंद्विता,133
जर्दा,79
प्रविष्ट,122
मुरब्बा,61
अग्निकांडों,56
भाषाई,101
नमित,186
उल्लेखित,122
इंटीरियर,56
चमकी,59
फेरने,59
प्रश्नोत्तर,186
कुंभकार,98
फोटोग्राफरों,56
दंडवत,128
आपलोग,186
छायाकार,98
सजातीय,56
सन्त,161
फूली,61
घोंटने,56
फारुखी,98
सेमिनारों,14
ठूंठ,61
फटते,23
नवमीं,29
लहंगा,23
इन्सान,59
परिपाटी,155
जुलुस,98
वायुयान,3
अपूर्णीय,49
पकाई,61
कबूतरों,61
घोड़ा,41
सुपरस्टार,121
गोधना,56
करनेवाला,113
वरमाला,4
प्रतिनिध,49
कालचक्र,179
हैपेटाइटिस,168
जोड़ों,168
भरवाई,100
जिद्द,98
सरहदों,100
प्राणप्रतिष्ठा,23
सहा,59
आपलोगों,23
चौमुखी,29
व्यस्तम,100
घोटालेबाजों,23
पूछो,191
लौटती,59
क्षेत्रपाल,128
तीर्थयात्रा,161
रस्मों,98
अधजला,148
झण्डी,23
उद्भव,155
संचिता,100
आखरी,173
तपोस्थली,29
ममेरा,35
सहानुभूतिपूर्वक,186
कोकीन,1
भेदी,56
बचित्तर,186
अलगाव,22
मुरझाए,56
घूसखोरी,49
प्रत्यारोपित,168
गठरी,71
करमापा,49
विश्लेषक,65
टांगों,199
खराबा,186
दिवार,61
रटाया,56
विफलताओं,79
अक्स,96
निवर्हन,48
वृद्धजनों,186
भण्डारण,3
कथाएं,155
दयानिधि,96
कार्डियोलॉजी,100
साधी,71
उपाए,48
अर्धशतक,133
पूंजीवाद,145
शर्मिदा,186
कुट्टी,98
जुआं,79
शरदोत्सव,100
भिजवाए,186
उमड़ा,186
मरवा,4
आचमन,96
एंजल्स,56
बेचारा,23
रामराज्य,128
पेशगी,59
कड़ाई,48
निशानेबाजों,71
बंगलों,56
अभ्यार्थी,186
मंसा,35
वत्सल,128
अन्यायपूर्ण,145
फूटकर,61
रिसने,79
फसले,60
कतराती,186
छपवाकर,186
टटोली,4
कब्जाधारी,56
घुन,61
बनावटी,79
सूजी,61
खलेगी,23
मांसाहार,186
उभय,7
तलवारों,4
कुश्तियां,56
नवसंवत्सर,128
संस्कारी,23
जंगले,61
विशेषताएं,169
प्रतिभूति,86
गुदा,168
सरसा,96
चतुराई,83
खोता,186
भण्डारा,29
जायगा,7
बढ़ाओ,59
मंगाना,31
उत्तेजना,168
कौस्तुभ,128
कट्टर,145
ऑक्साइड,3
चबूतरों,29
लगाएंगी,31
मसाज,56
तुल्य,73
निर्माणधीन,148
बजेगा,96
सुलझाते,31
सूचनानुसार,96
पैकेटों,31
यौनाचार,132
विशेषज्ञता,156
सौंपनी,49
बिछायी,59
उपनिर्वाचन,100
श्रद्धालुओ,29
गरमपानी,96
ढही,59
महाप्रबन्धक,31
बिंदिया,98
थें,76
पंचगछिया,100
लुढ़कने,61
कलाकारी,33
छीनना,49
क्षणिक,7
तैलीय,61
माहवार,31
सुनिधि,96
हकीमों,4
बितानी,71
साप्रदायिक,186
आजमाए,56
चमचमाती,56
शासनादेशों,35
तटीकरण,100
बिन्दुवार,56
घबराना,186
सालो,1
विधियां,48
इण्टरमीडिएट,100
काष्ठ,33
वामपंथियों,145
परिपत्र,62
कराऊंगा,56
नस्लों,179
जागना,23
दुर्जन,98
टैक्सटाइल,96
वासना,192
रौंदने,35
हुड़दंग,23
कंप्रेशर,31
अहर्ता,133
आस्तिक,63
संभलने,186
अंशकालीन,56
घुंघरू,33
मंहत,104
आशान्वित,49
खगोलीय,73
पीरों,59
उगले,79
तराइ,96
अदभुत,128
असीमित,65
जनमेजय,128
सभ्रांत,56
पंगा,56
गप्पे,33
ठसाठस,29
घोलने,61
जिताया,56
बादशाही,191
प्रदूषणमुक्त,186
दहलाने,56
मदमस्त,183
यतींद्र,71
जनसामान्य,155
एलोपैथी,186
सारांश,122
नुकीले,199
दिलवाकर,186
सुलझाए,186
थप्पड़,56
माइलेज,31
पूर्वाग्रह,28
संजोये,183
जलसंरक्षण,56
नागराज,98
प्रोस्पेक्टस,31
उत्साहजनक,79
उच्चायुक्त,67
विस्फोटकों,79
अंधेर,186
श्रद्धालुगण,35
नाशपाती,60
नेत्रालय,100
मुख्त्यार,98
शीशियां,56
राष्ट्रीयकरण,14
रामलीलाओं,4
रुचिकर,179
गेरुआ,23
दबाते,61
संवददाता,186
मनभावन,23
दूरदर्शिता,145
कार्यशालाएं,14
पिलाए,71
वृत्ति,192
वैर,179
सहप्रभारी,186
कंटीले,61
पोलिटेक्निक,96
आइये,56
मोक्षदायिनी,29
एकाधिकार,184
राष्टीय,98
उतावले,56
लायें,186
बंटाधार,71
शोरशराबा,186
सारिक,71
पीत,61
सप्त,128
पूछिए,98
खोना,79
सहसा,179
महाबल,96
प्रस्तावना,158
शरीयत,59
सपेरा,23
शिक्षाप्रद,179
चमकते,125
सयंत्र,96
लेागों,59
गुनगुनी,61
प्राणि,148
एमडीबी,49
होठों,61
तिनका,186
पाठयक्रमों,14
जिस्मफरोशी,23
खूंटे,33
नजदीकियों,79
सत्यमेव,98
कालिदास,155
अस्थियों,168
उत्तरा,96
न्यूक्लियर,100
ध्यानपूर्वक,179
सहूलियतों,100
चित्रकारों,155
बहुद्देशीय,31
पैंशन,55
चलवाकर,61
नुमाइंदगी,35
परिपक्वता,48
महत्वाकांक्षा,1
परिसेवा,31
सुनेगा,24
निर्धनों,186
भोगने,179
तालीमी,96
डिग्रीधारी,56
घोड़े,36
तंदुरुस्त,56
फैलेगी,56
छिलके,60
असुरों,161
सबस्टेशनों,96
रंगरेलियां,49
लोकगायक,98
टकरायी,186
दायें,41
भटकी,186
स्कीइंग,133
झुमके,56
उपनयन,128
फिल्मकार,98
समझाबुझा,23
बढावा,156
थमाए,49
उपहास,15
ठनी,79
धरौली,96
परिंदा,186
रामजन्मभूमि,98
ध्रुवीकरण,73
न्यायाधिकरण,62
धिक्कार,179
धोखेबाज,186
शतकीय,133
विश्वविख्यात,155
कनिष्का,35
टंगी,56
वसूलती,56
शुद्धीकरण,186
धरपकड़,59
सुलझाना,49
नखरे,56
एस्कॉर्ट,56
पण्डित,78
कायदा,67
फटकने,59
बृहस्पति,73
हिमाकत,186
प्रस्तुतिया,186
गलियारा,29
आदतें,79
सखियों,4
परम्पराओं,155
डसने,23
पुखराज,23
संग्रहीत,169
बरतेंगे,179
वादियां,23
बंधवाने,71
राष्ट्रद्रोह,186
शिल्पग्राम,29
हितकर,7
सुनारों,96
स्तम्भ,9
प्राचार्यों,98
चट्टानों,25
लिखवाकर,23
निसंदेह,71
अणुव्रत,96
प्रकारेण,56
भट्टियां,56
बोधि,128
जगदगुरु,128
कैटवॉक,96
पंचनामे,35
अंगहीन,61
साफा,33
कालचीनी,96
चालानों,48
खम्भे,33
आशीर्वचन,128
दारु,33
पदयात्रियों,56
जज्बात,186
जटिलता,169
गुर्गों,1
जमाते,49
हिचकते,186
हफ्तेभर,23
थर्रा,23
बैशाख,4
आऊंगा,23
निकालनी,59
संर्घष,35
अस्पष्ट,169
सम्बंधी,14
मजूदरों,186
चयनकर्ता,122
झुलसाने,23
अजीबो,23
कुंओं,148
पंक्तिबद्ध,179
बिछावन,61
टपका,23
शिल्पियों,186
जुटाते,179
एक्साईज,23
सहचालक,56
मिलावटखोर,23
साझीदार,179
दर्शनार्थी,29
चालाक,23
कौंध,186
बाँध,36
सुयश,71
बगले,71
तकलीफों,59
जमाये,79
पियुष,56
विनिवेश,31
चौपाइयों,128
औलिया,29
गौरवपूर्ण,155
लचीला,3
सारगर्भित,179
सोल्यूशन,100
कूचों,23
भील,29
विचलन,73
सहायिकाएं,23
सैंकड़ों,29
विश्वासी,83
लगातर,61
संगीनों,35
चयनकर्ताओं,133
गिनाईं,56
डरता,191
वातारण,186
समसामयिक,155
काबलियत,59
वचनबद्धता,48
संगीतज्ञ,155
रजनीगंधा,186
मृदुभाषी,96
टेनरी,31
भंडाफोड़,1
डिगा,179
सम्पदा,14
शान्त,83
गिरवा,186
संभवतया,56
भरेगी,35
तितली,61
लड़ेंगे,179
रोमांस,121
पतले,199
अवसरवादी,79
पित्त,168
पछुवा,96
इन्टर,96
वैरागी,83
ढूंढकर,35
मंडलियां,186
दमक,61
टेढ़े,127
अविकसित,60
रुहानी,71
हड़पने,76
भींग,186
इसबीच,186
दिनोदिन,23
पलाश,29
राज्यरानी,35
मचाती,23
बिछे,125
नसें,61
राजनीतिकरण,186
पोजिशन,56
रोकती,127
तैरना,61
फरसे,4
इफ्तिखार,96
सुरही,35
होनेवाला,113
भटककर,179
भाषाएं,101
संकल्पों,22
सौतन,96
उपकेन्द्रों,31
क्षत्रियों,161
नबाब,4
ठोंकी,23
अनादर,83
पटककर,56
सजकर,96
धातुओं,115
उन्मुक्त,7
कब्रों,59
उग्रतारा,100
दोषारोपण,186
चम्पत,186
बनाएंगी,186
पहनावा,183
परिचारक,56
डायरेक्टरी,122
समाई,179
बढोत्तरी,31
बुन,186
प्रणायाम,186
विकेटकीपर,50
कोनों,41
सुन्दरीकरण,56
रस्से,61
टिप्पणियों,158
ढोया,61
अलबेला,56
लेटेस्ट,31
बतायें,186
पंचदेव,96
उमसभरी,61
बहरा,179
प्रमाणिकता,186
सुलझे,71
जिम्मेवारियों,35
प्रवासियों,67
उद्घाटित,155
पिलाएंगे,23
बताइए,96
समाजशास्त्री,187
मनोवांछित,128
बिछाना,23
ढोना,79
जातिवादी,186
विजयोत्सव,35
जलज,61
आसुरी,128
प्राधानाचार्य,100
मृतप्राय,23
जनमंच,186
हैवान,59
व्यापारीकरण,186
मिथक,183
मुर्दे,59
दर्शी,56
उपलब्धिया,96
चर्मरोग,61
आर्ट्स,121
रिक्टर,148
मझोले,56
तैय्यब,23
गुच्छा,61
प्रक्षेत्रीय,56
आत्मीय,186
वीरांगनाओं,4
वीडियों,56
प्रवचनकर्ता,186
चिह्नांकन,186
दुर्बल,117
दूरवर्ती,179
योनियों,140
सेमिनरी,100
खरीदती,48
छिना,186
स्वर्णाभूषण,79
फलस्वरुप,76
लिखता,83
गिला,23
त्रिकोण,73
झोल,96
वनमाली,4
माननी,186
डालेगी,59
बाउंसरों,186
समयबद्धता,96
मध्यावधि,31
जोशीला,186
लालफीताशाही,79
निवृत्ति,7
उत्तरोत्तर,169
प्रदोष,128
शिक्षार्थी,14
समतुल्य,169
चाहूंगा,145
रामेश्वरम,29
मंथरा,186
दुश्वारी,59
जलाएंगे,23
कणों,25
हस्तशिल्पियों,100
रंगरूटों,79
आतंरिक,73
अतिआवश्यक,79
वृहस्पतिवार,23
कोशिकाओं,168
गायिकी,98
अमावस,128
तमाशे,59
मंडपों,29
घटेगी,186
जुटकर,23
प्रशस्तिपत्र,31
झेली,186
अल्पाहार,61
इमरती,61
निरोध,22
बेचती,48
नासमझी,179
हमराह,59
डगमगा,59
गठजोड़,145
पंचायतो,49
सोख्ता,61
गोमूत्र,61
बंदिशों,186
दुर्गन्ध,61
उड़े,59
समुंदर,1
ललकारते,96
समेटा,96
कर्मों,192
ब्रांडों,184
प्राप्तियों,48
आईटीसी,31
इक्के,56
ओवरहैड,61
पदोन्नतियां,14
परिचयपत्र,100
ब्रॉडगेज,100
थमाई,79
चमकदार,125
भिक्षा,128
सुपरहिट,121
खिचड़ी,33
बंदगी,56
नवरत्न,96
दवात,56
चौड़ाई,41
बिखेरते,61
बाइकर,56
इति,63
हिन्दुत्व,186
संवरने,96
रात्री,71
कार्बनिक,3
सिंहों,23
पूछेंगे,179
जलयात्रा,23
धोए,33
भाषियों,186
चूजे,61
चित्रलेखा,183
नरकंकाल,56
लड़ी,76
पोषाक,96
गरमाहट,23
उपलों,61
बोतलबंद,61
बृजवासी,98
विश्वशांति,145
जुल,59
दूनी,59
किधर,59
मसालेदार,60
खातेदारों,56
भूकम्प,36
अपनापन,56
परंपरानुसार,4
रखवाले,23
जगाते,98
बारंबार,122
पनपे,186
घुसना,56
ढाढ़स,186
रुदायन,100
झण्डा,4
इंडियंस,133
तेंदुओं,56
पगड़ी,33
अनुमंडलों,100
पहुंचनी,56
दरबदर,23
जिता,56
रस्सियों,41
उन्मुख,28
बचाएंगे,59
रूपपुर,100
बेकारी,79
विक्रमाजीत,4
कठोरता,117
ढंकने,61
भीगी,61
अतिशय,7
अंगीकार,83
प्रजातांत्रिक,145
ढकी,36
कृषिमंत्री,96
सेवायें,31
उपमंडलों,100
जनरेटरों,96
आश्वास्त,33
पद्मभूषण,78
परिक्षण,65
थकते,179
घेरी,56
अध्यापकगण,96
उपार्जित,48
पहचानो,179
संजोकर,56
खडी,186
प्रश्नावली,31
दत्तक,4
घटेगा,141
पंडितजी,98
लेनेवाले,179
मनोदशा,7
बिरौली,56
पारिजात,128
चतुर्दिक,179
फिल्माए,121
सुपूर्द,100
कार्यपालिका,86
बवंडर,61
निर्धनता,179
लिपिका,186
कल्प,63
सबमें,113
गोश्त,59
हलाल,59
कूदते,61
गजलें,186
स्वरों,7
ढोंगी,179
आधुनिकतम,31
कीकर,61
मानुष,96
एकपक्षीय,48
दिक्कते,31
शर्मिदगी,98
परोपकारी,11
परिवर्तनकारी,186
बालाओं,23
कटवाए,96
देशद्रोहियों,186
बुझेगी,23
कार्यशील,31
प्रीतिभोज,23
बाबु,98
प्रक्षेपण,73
सताया,59
तेजतर्रार,98
आवारागर्दी,186
सूपा,29
निर्गुण,63
दौड़े,59
नशाबंदी,100
बाजीगरी,56
राजगद्दी,173
अग्रसारण,122
रक्षासूत्र,71
तोहमत,59
हेडलाइट,56
यज्ञस्थल,186
धूर,79
बरतेगा,96
अटैचमेंट,31
पालित,186
पैराशूट,133
बंदूकों,1
छटपटाने,23
कटता,61
इच्छाएं,186
तराश,59
प्रामाणिक,63
याददाश्त,56
दीर्घकालीन,156
कोर्सों,31
एनेस्थीसिया,61
बूढे़,35
संभालकर,186
अंगुठी,96
नहाए,96
दोगे,59
कुपित,4
ज्ञाता,192
बुझती,23
सांध्य,183
द्वारे,98
लहराएगा,56
विश्वदाय,29
निगलकर,61
बगावती,4
खैरियत,186
सुनाएगी,179
रिहाइशी,56
एरोबिक्स,79
वास्तुकला,9
पखवाड़े,23
निर्माणकर्ता,56
आपदाएं,100
गृहणियां,23
भोगियों,14
शुभचिंतक,179
लिटाकर,61
मुलाकाती,96
हट्टी,96
पिसाई,61
निशानों,59
जाऐगा,23
बुद्धिमान,83
संस्थापिका,186
दम्पती,56
आवर्ती,31
सतगुरू,96
घनमीटर,100
खिंचने,79
बागीचे,23
शेरनी,35
उपेक्षात्मक,186
नहाना,61
गोसाईं,49
अंगारों,59
लम्हों,186
चिरौंजी,61
अल्पमत,145
अमिय,98
स्थानो,29
पारियों,133
पैथोलॉजिस्ट,79
आहिस्ता,59
क्रान्ति,197
छेना,61
माफीनामा,49
मृत्युदंड,62
पूछती,183
लंबोदर,23
जागती,186
घुमावदार,199
सौन्दर्य,128
कंसलटेंसी,100
बीएमडब्ल्यू,31
भंवरा,186
गहराते,96
बुनने,33
आत्मीयता,83
इंसुलिन,168
छोडे़,96
इकठ्ठा,1
चराया,96
काक,78
बहिन,71
डलवाए,56
उपप्रधानमंत्री,49
पल्टन,23
रखूंगा,59
जीतीं,133
रसोइये,23
अपरंपार,186
बाल्टियां,61
भारतवासी,186
लपेटा,61
डाककर्मियों,96
उतरेंगी,186
नवरंग,56
गेंहूं,61
दबाई,79
डाकबंगले,96
समयसारिणी,96
कूटा,23
पुनरावृति,179
लहरियों,186
कूड़ेदान,31
डकारने,56
ठोकी,186
सिरा,125
हंसिया,79
उगला,56
केबाद,56
बल्लियां,33
लालची,186
चिल्लाई,23
वेटलिफ्टिंग,56
तपसी,61
श्रद्धेय,4
करतबों,183
उनमे,59
सुरूर,96
मस्जिदें,17
साम्प्रदायिकता,83
दरारे,96
अस्वस्थता,79
गुण्डा,186
नम्बरों,186
स्वराज्य,145
मेष,128
सकून,23
ब्यौरे,48
पंहुचा,29
रोकटोक,23
कमाता,179
सुलगती,59
छापों,186
मांगेगी,35
तानी,61
हानियों,48
लंगरों,56
दुराचारी,179
दवाखाना,186
बेचारी,186
सूर्यमुखी,61
भ्रांति,179
रोमांटिक,121
झुकी,179
गरमाई,61
लुभावन,71
रुबरू,23
टेकते,29
पुलिसवाले,1
थमाने,35
रसगुल्ला,56
नवरतन,96
आदतन,23
अलगाववाद,79
सत्तन,56
मित्रवत,56
इश्तहार,56
चंद्रग्रहण,23
लुटे,56
दुक्के,98
मुर्गियां,33
छुपकर,23
नेतृत्वकर्ता,100
लिखवाई,49
शैवाल,25
विरूद्व,49
कारकों,168
निविदाओं,14
कुंभी,100
सिरकी,33
अपंजीकृत,31
दुष्टों,4
पापियों,83
पांडुलिपियों,186
दलदली,60
गवर्नेंस,14
अतुल्य,186
आशातीत,186
घूसे,23
एवम,78
रहमोकरम,96
धंसे,61
झांका,23
जीवनरक्षक,194
रीत,59
लिपटकर,179
निर्जल,61
ब्रह्मापुत्र,186
सजायी,23
घबराएं,48
बचाये,4
रिकी,133
शीशमहल,29
बेगुनाहों,56
व्रतधारी,98
रणनीतिकार,49
गणितीय,169
राष्ट्रकवि,78
पंचकल्याणक,98
खिसका,122
उठेगी,179
उत्तरायण,128
मंत्रीजी,56
संभालेगी,23
रीपर,56
साकारात्मक,31
महीनें,59
ठोकने,56
घीया,23
टका,33
ढूढ़ने,186
पाक्षिक,98
नज़र,72
चर्चे,98
डुगडुगी,23
रखवाकर,186
निपुणता,98
शकीना,56
किश्ती,56
वनस्पतियों,25
बरामदों,61
अनुनय,49
लूटेरे,56
आयोजनकर्ता,186
पोशाकों,33
आदिकाल,63
वीभत्स,98
कुच्छल,4
रोकेगा,35
दुकानदारो,186
मोरध्वज,29
मुकदमेबाजी,62
मूंदकर,23
पहलवानी,98
समाजहित,100
आलस्य,7
थमता,96
बंटवाने,186
किचकिच,96
तीली,61
फरेब,59
ऐतिहासिकता,128
संकटों,186
पिघलने,25
तकाजा,186
तुफानी,79
मिटाओ,71
सजनी,61
चीना,56
चिंताओं,156
विविधिकरण,48
गैरजमानती,100
थूक,61
फिल्माया,121
बसता,96
बालो,59
निखारना,98
मठों,161
जाको,4
वीडियोग्राफर,56
भूलता,59
नचाया,56
गंतव्यों,185
चौड़ी,36
दगाबाजी,114
घटाएं,31
सचिवालयों,100
विधानपरिषद,100
रियासतों,76
नगरपालिकाओं,100
रूकते,56
किन्ही,48
खदानें,148
संप्रभुता,67
राडार,73
भरतनाट्यम,183
नवागंतुक,98
बढ़वार,61
मंगवाना,79
गढ़े,24
विभूषण,78
जना,59
उगलते,56
केद्र,100
खपा,186
तसदीक,59
इन्द्रमणि,4
मिलनेवाली,179
चुलबुल,186
राशियों,48
जन्मा,83
वंशजों,151
बिकाऊ,111
खैरात,59
प्रतिक्रियाएं,22
गूंगे,23
मुखौटे,183
नौकरिया,35
क्लासरूम,35
फोटोकॉपी,31
तबेला,56
बांटता,148
सुनाये,72
घंटियां,33
सहस्त्र,128
खुदवाकर,96
क्लिनिकों,22
दिखाएंगी,56
टिकिया,61
कुटुंब,48
आत्महत्याएं,100
जीरे,61
दरबान,56
तकनीशियनों,49
मनुज,71
उरद,61
यूनिटें,184
दिखाओ,59
छिपाई,186
रोमांचकारी,121
भौतिकता,186
पहचानता,179
ससम्मान,4
शिक्षाएं,186
उत्सर्ग,7
दूल्हों,96
पिछड़ों,100
भूमिपूजन,56
फुस्स,186
दीर्घकालिक,168
सूत्रपात,155
परसों,35
बिलबिलाते,49
चलाऊ,186
अम्मी,56
प्रधानता,63
खिंचे,179
कम्पाउंडर,23
वसंतोत्सव,186
करूण,23
दुर्भाग्यवश,145
भिजवाकर,56
घावों,168
अनुभागों,31
क्यूरेटर,56
तारीक,59
रोए,35
भैय्या,56
चश्मों,59
प्रशिक्षार्थियों,100
अनुतोष,62
डीडीआर,31
वधशाला,56
फारिग,61
मुंडी,71
अभिव्यक्त,28
फैलाता,59
खण्डपीठ,186
धुरंधरों,186
गौमाता,4
समलैंगिक,121
संतरे,60
गणतांत्रिक,145
पुननिर्माण,100
जिनमे,157
तिलमिला,71
देशसेवा,98
खपाया,56
दरमियान,59
छबीला,98
महाअष्टमी,186
सहयोगात्मक,156
आनंदमय,7
पुलाव,198
सोचेंगे,186
शरिया,145
हायतौबा,56
मातरम्,78
खुर,61
चितवन,23
भद्रक,29
लगायेंगे,23
ननकाना,29
जैनुद्दीन,96
बाबाओं,186
अरिंदम,98
मद्यनिषेध,186
वंशवाद,186
गालियों,186
बेताबी,186
राजनिवास,23
अस्प्ताल,100
शामियाना,61
जयजय,186
प्रयोगशालाएं,14
कुंठा,186
खेतो,23
वालीं,56
संगठनकर्ता,186
जोकर,56
गिद्धों,61
दवे,98
पलभर,186
कामायनी,186
कंगाली,56
पदाधिकारीगण,96
गणराज्य,67
रियायतें,100
सब्बल,186
गडढों,148
अनल,98
लडकी,179
कीटनाशी,61
चिपकाकर,61
चुगली,186
माइक्रोसॉफ्ट,65
सुदर्शना,186
अधजली,61
चित्रित,155
प्रखंडो,100
यूए,31
देनेवालों,179
बहरे,191
आलौकिक,183
मधुरिमा,4
चमकता,36
पूर्णाहूति,96
बसही,56
बेजान,59
रहेगें,59
भूस्वामी,62
मछुआरा,61
न्यायायिक,186
पादप,25
कमांडों,31
सिद्धातों,7
खोदना,61
पतंगें,56
मजलूम,186
भाद्रपद,161
गोलों,148
बनवायी,29
वैमनस्यता,83
चलाओ,56
अज्ञातवास,128
स्कार्फ,23
सुजित,56
तोते,183
नागदेव,56
मनचला,56
लागी,49
खालों,127
ठोंकने,61
कहूंगा,83
बैण्ड,56
जुमले,186
तोड़े,71
श्राद्धकर्म,7
काश्तकारी,48
पसारना,79
उत्कृष्ठ,98
निधार्रित,186
आत्मज्ञान,7
तौले,96
पठारी,109
पदोन्नतियों,100
मोतियों,33
झंडियां,23
बोझिल,179
सूचकांक,3
फाँसी,72
खुदवाने,23
कतरे,23
छोड़ना,59
दिलबर,186
संकल्पना,169
अगाह,23
भारतीयता,98
पहनाना,179
अपीलों,62
उतरवाई,59
छुटपुट,186
करुंगी,186
मांगीं,96
बलिहारी,186
मौजमस्ती,186
उभरेगी,186
औषधियां,168
सजाते,183
पारस्परिक,28
बढती,79
बुलाएंगे,23
धुंधला,61
बरतता,35
अंतरा,96
क्यारियों,61
पोलिथीन,33
परिंदे,98
खरबूजे,23
जमाखोरों,33
असंसदीय,186
सजाना,33
वर्गफीट,56
महावत,29
समरस,186
स्कैंडल,49
चोकर,61
चरवाहा,83
खेडी,23
आवश्यकताएं,156
पुतली,61
पश्चात्,86
जुटता,96
उदगार,96
आशुलिपिक,100
चमत्कारी,128
फंसाना,35
अरिजीत,98
रसातल,128
भुना,127
ज्ञानोदय,145
तापने,96
अभिप्रमाणित,31
चरनी,96
बरा,96
विह्वल,23
स्मरणीय,155
पैरोकारी,186
पर्यन्त,161
मुर्गो,148
भूअर्जन,186
शुभकामनाओं,186
दैत्य,128
लोटे,33
उपभोक्ताओ,100
ग्राउण्ड,100
जुराबें,61
बौरी,56
अनाजों,60
सुलहनामा,56
उलझाने,79
गजा,100
शक्तिपीठों,128
मोटरयान,31
सातो,96
बैठकी,35
छुपाया,56
उकेरे,29
स्वाधीन,145
अमृतपान,186
छुटे,186
म्युनिसिपल,100
नगरपंचायत,186
रेजगारी,31
टपकती,35
स्वागताध्यक्ष,4
हितार्थ,186
खुशनसीब,35
बंदिशें,186
कौओं,33
प्रभास,183
रसगुल्ले,23
गद्दारी,4
निकटता,179
मारक,79
लिखाकर,186
पशुचारा,61
चलाईं,1
खाद्यान्नों,48
जोड़ना,122
नाभि,73
दुष्ट,83
खदेड़ा,4
आनंदमयी,23
घोंटा,96
सतही,73
संसारिक,23
दमदम,100
आत्मसम्मान,98
कराईं,100
अर्धनिर्मित,33
सूखता,61
खदेड़,76
घसीटने,186
वीरगति,76
हाइड्रोजन,3
खरीदेगी,186
नरभक्षी,56
वारी,96
कोफ्ता,98
पुनर्निरीक्षण,186
उतरें,186
दमकलकर्मी,96
पौष्टिकता,61
नवें,128
तैंतीस,23
दुल्हनों,96
बदकिस्मती,23
तंदूर,179
होठ,61
खट्टी,61
बाल्यकाल,78
सम्मोहित,183
आचार्यों,63
विशेषतौर,23
वैश्यों,4
विक्षुब्ध,7
चिकनपॉक्स,61
आमों,60
हिलाने,61
सुकृति,56
घबराते,186
एसएएस,100
पाषाण,9
बॉयो,79
हजयात्रियों,56
बेदा,186
लोंगो,186
नपे,186
बरसाते,179
गंजा,56
कहेगा,191
विग्रहों,4
बैसाख,29
विवेचनाएं,186
इत्तफाक,186
निरूपमा,35
धानिक,96
फजले,96
आंटी,56
चेले,71
सत्यार्थ,4
ऐहतियात,186
जलायी,98
तनूजा,98
अधजले,23
ऑडीटोरियम,56
कब्रगाह,71
सतपथी,4
कहतें,23
कान्फ्रेंसिंग,31
रुखसत,96
पहलूओं,31
कैफियत,96
चुकाए,48
ओढ़कर,37
छोडऩे,49
बाईं,41
चक्रवती,71
खुरपी,61
दोहे,128
चढ़ेगा,56
बहलाकर,56
जगमगाने,71
सवर्णो,186
ओढ़ने,59
वर्षगाठ,100
प्रेमजाल,96
सींचने,61
नंदीशाला,33
एजे,96
फुलकारी,33
निहितार्थ,22
अदाओं,98
उछलने,23
सूखती,61
लौकिक,63
आगन्तुकों,29
नशेबाजी,23
मूंगा,33
कैलकुलेटर,31
महासागर,109
राजगुरू,98
सयुंक्त,100
करवाएंगी,56
रक्तस्त्राव,168
नाट्यशाला,4
विधवाएं,35
खुशबु,56
दद्दा,4
मुस्कुराहट,23
डाइवर्जन,56
बैचेन,186
योगाश्रम,186
बग्घी,49
भैसों,61
बतानी,24
निर्माणकार्य,100
कामचलाऊ,186
परिवर्तनों,169
जोशीले,98
लीडिंग,31
स्वीकारने,186
अवतारों,63
प्रज्ञान,96
सोफे,23
एकदूसरे,113
गेंदे,61
देवकाली,29
भगतों,128
पालता,23
कम्प्यूटराइज्ड,49
ऑलराउंडर,133
परिणीति,98
बुद्धिस्ट,98
थैलियां,61
बेलने,96
चंद्रलोक,98
नश्वर,7
दुगुना,61
गुणे,96
जिन्होने,72
छिपाते,191
मोहरे,96
तशरीफ,186
मिलवाने,186
कर्मचरियों,48
उपभोक्तओं,96
चौकन्नी,96
दिखेंगी,96
गेरूआ,61
निराश्रितों,186
उपाध्यक्षा,100
आदिशक्ति,128
उपासकों,128
बोलेगा,23
दोषों,169
अदाकारा,98
कलियुगी,29
सुनाना,186
छुड़ा,179
कटेंगे,186
गैसें,3
रणभेरी,186
माहिल,96
तैलचित्र,98
कटघरा,96
महालेखा,14
वंशावली,151
ललई,100
खुदवाया,29
राष्ट्रभक्त,4
जपने,186
मण्डलीय,100
ठाणे,185
बनके,71
संबंधि,49
श्रेणियां,31
टीएमटी,100
भूषा,23
एलोपैथ,56
महानवमी,183
गोभक्त,23
बिगड़ती,79
करौंदा,33
फीसें,100
विराटनगर,29
अंतरप्रांतीय,100
मूलवासियों,79
गांधीगिरी,56
झलका,96
वालिद,59
गड्ढ़ा,61
गोठ,4
धनिक,186
महाजनों,186
बादशाहत,59
पट्टिकाएं,100
तृष्णा,7
बेगार,23
कार्याध्यक्ष,96
रिझाया,186
ठहरना,179
मदहोश,59
मुरादाबादी,49
चायपत्ती,61
बहुतों,179
गोंदा,96
दिलखुश,29
निधान,98
संकल्पबद्ध,186
क्यो,191
अफसरान,56
सिमटे,35
दहशतगर्दी,56
मोमबत्तियों,56
बकवास,59
अंपायरिंग,100
होमियोपैथी,100
एल्यूमिनियम,148
जुल्मों,186
रौंदकर,23
श्वसन,168
कार्यबल,156
रामभक्तों,96
अकुंश,79
खटखटाना,96
रणनीतिकारों,56
घटाए,48
गोटियां,23
प्रशिक्षणों,100
स्थायित्व,169
हरने,183
बुने,33
निरपेक्षता,186
उपसंभागीय,35
गर्मियां,61
भूखी,71
श्रोतों,96
नादान,59
विचारणीय,7
पिट्ठू,49
महन्त,128
मनौतियां,56
मसूदी,4
बोना,61
झूमकर,96
ऑटोमैटिक,31
चमकेगा,23
दरखास्त,186
तराने,98
उगाकर,127
रचाया,98
श्रीमान,49
रहवासियों,100
वाद्ययंत्रों,183
अर्जियां,49
आइने,186
रंगदार,61
दस्तकारों,56
खोलो,186
सून,96
आशिकी,121
धनलक्ष्मी,23
उपग्रह,73
उपस्थितजनों,186
निपटाई,96
बचानी,186
निर्णयानुसार,100
परछाई,183
बघौरा,100
दण्डित,145
छठवां,96
बन्दी,191
संवारे,96
उच्चायोग,49
अजूबा,23
युवावस्था,15
धुम्रपान,61
अनुयाइयों,4
जीताने,133
जेसीटी,49
उपधारा,86
टूटेगी,35
उठायेंगे,186
टुर्नामेंट,133
गिरीं,61
मन्दिरों,9
ढेरियों,56
उर्वरता,60
सोचिए,96
हर्जाने,79
कोकिल,186
जनशिकायतों,22
विधेयकों,86
बावलियों,23
मागते,137
मुरझाने,61
गैरइरादतन,48
प्याला,59
पनपा,186
वनस्थली,100
लड्डुओं,33
ईसाइयों,145
तजुर्बा,98
सद्गुणों,7
पुलक,35
संरक्षिका,179
शाक,60
पिए,96
कटोरे,33
ऋग्वेद,63
आराध्या,128
रोबोटिक्स,31
पाऊंगा,23
छूना,61
न्यून,3
देतीं,23
पल्ले,59
अधिकरण,86
तरण,96
बोलें,122
बचाती,79
जिलें,185
मढ़ैया,186
अमंगल,23
राजकोष,14
पेचकस,23
निकलनी,96
पालनहार,23
माइक्रोवेव,73
तरंगों,73
कवायदों,56
तला,61
लेनादेना,186
ओलम्पियाड,100
सीजीएचएस,49
चिल्लाती,35
विकेंद्रीकरण,31
मूर्तिकारों,128
अट्ठारह,186
औैर,4
पुनर्जागरण,155
दरिद्रता,83
उपर्युक्त,169
शौकिया,133
समझिए,96
बुकी,56
अम्बुज,186
पैंतरा,35
एफडीआर,186
पद्मावत,128
मांगेगा,96
विश्वासियों,35
ब्रह्मज्ञान,128
दांवपेंच,35
मकरध्वज,23
समीक्षक,158
बोलियां,23
गर्माने,56
साझेदार,48
अौर,59
छाल,199
नहाया,23
मरीं,96
ज्योंहि,23
हाथोंहाथ,179
छानने,61
प्रभावकारी,168
सुप्रभात,23
रहूं,23
बदसुलूकी,179
अनाचार,186
समाजवादियों,145
दावतों,23
चक्षु,7
उभरता,79
सल्तनत,17
गाँवों,185
अकस्मात,79
उपन्यासकार,158
वटवृक्ष,128
रेस्टोरेंटों,96
मिष्ठान्न,23
लौटाकर,59
महीनेभर,23
उद्वेलित,83
मिलाएं,23
इश्तिहार,186
मचाता,71
खबरदार,96
खाले,179
न्यूरोलॉजी,56
पॉलिश,33
छाछ,60
राष्ट्रध्वज,29
मिसरी,61
खुखरी,56
पौरुष,23
बदसूरत,23
बुझायी,186
लिखेगा,35
मार्केटों,96
सुखदा,96
धमकाता,186
खंगालते,61
भड़की,71
पचहत्तर,96
फुटबॉलर,133
एनिमेशन,121
तफतीश,100
निभाएंगी,56
तपस्थली,29
खायी,56
सीसा,163
गधे,59
छिटककर,61
निपटेगा,186
विरोधाभासी,22
अल्सर,168
श्रृद्धालुओं,96
भिजवाएं,4
निकलेंगी,23
लाईनों,56
कमजोरियों,186
वंशीय,4
सर्फ,59
खडा,56
खंजर,71
किस्तें,48
सरेबाजार,79
देगे,59
राजघराने,173
ब्रजवासियों,4
विकेटों,133
ग्लोब,121
सिमटता,79
गदाधर,128
तीरंदाजों,35
जूठे,96
उत्प्रेरित,3
उगाया,60
वर्णमाला,63
बुढ़ा,59
डण्डों,33
कम्युनिष्ट,186
फिनाइल,33
मुनाफाखोरी,100
पकाते,59
ढंककर,79
घटाई,31
सघनता,148
भयवश,186
प्राकृति,96
घटाना,31
मैक्सिको,67
भूमिकाओं,68
गुणवंत,23
प्रत्याशा,22
ग्रीष्मोत्सव,96
स्वाभिमानी,4
टाईप,31
वृष,71
निवार्चन,96
रहस्मय,186
हंसमुख,56
प्रबंधनों,100
मैत्रीपूर्ण,145
हटता,61
शुक्रगुजार,186
हेवी,133
गोदी,148
सत्ताइस,186
अतिविशिष्ट,49
गपशप,186
स्मॉल,130
पपीते,60
श्रृष्टि,98
बरकतों,59
इम्तहान,71
जनहितैषी,35
सदस्याएं,98
लॉट,56
घोटालेबाज,56
भंगी,4
जनसमुदाय,186
टांगने,61
उपनेता,98
कजली,61
लिखती,183
आस्ट्रेलियाई,133
कहलाती,25
बवासीर,127
वनक्षेत्र,148
भुजबल,186
सपाटा,186
शिवमंदिरों,33
सोंच,186
कंपकपी,79
जानिब,59
हलवे,23
सुविधायुक्त,100
गरजी,96
धर्मी,83
सम्मानपूर्वक,179
अधिवास,100
खिंची,24
घनघनाने,186
ख्यात,78
मानववाद,145
ब्रह्मर्षि,128
निकम्मी,179
पंचेश्वर,100
आईए,96
मैल,61
भरवाना,61
चमत्कारिक,128
जरीब,96
प्रश्नमंच,56
गुरुघर,186
शीतगृहों,56
घसीटता,23
पचासों,186
मठाधीश,4
छिद्र,25
बताशे,186
जाला,61
रक्षण,35
सांची,29
होमगार्डों,23
छटाई,35
रूपांतरण,65
जनसहभागिता,186
उत्तरों,186
ढाचा,31
ऊंचाइयां,100
पीडितों,79
हरिपद,100
षष्टम,98
गतिशीलता,3
नवज्योति,186
बोतले,100
विरह,128
कहलाए,151
निशाद,186
वार्ताकारों,56
उलझाया,35
जनजागृति,100
गृहकलह,186
कलाएं,186
ग्रन्थ,63
रसोइए,71
सुपुर्दे,56
सप्ताहिक,100
दसों,96
जिम्नेजियम,186
मिर्चा,61
फुलका,61
कांटेदार,61
वत्सला,98
हैे,61
जालियां,33
बलिदानी,186
अभेद्य,148
मातारानी,96
ब्राम्हण,4
रणभूमि,96
रोकेगी,186
दिखलाई,192
कूटनीति,145
पटके,61
कुरेदने,59
आकृतियां,9
खीरे,61
कराहने,186
डूबती,23
बर्बरतापूर्ण,56
कबीरपंथी,186
जांएगे,49
टांगा,56
अक्रूर,128
अतिथिगृह,56
बलदाऊ,23
छैल,183
प्रतिघंटे,186
निश्छल,98
भेड़,60
वाद्ययंत्र,183
झुकाकर,41
अपनाता,7
सराहे,96
एनसीसीएफ,31
निपटाये,31
जेनरेटरों,56
कुलदेवी,128
शान्तिपूर्ण,179
गंधक,3
बलात्कारियों,186
दुलारा,186
पराया,83
ठहाकों,56
ऊबकर,186
सॉस,60
लदाई,48
खुलवाई,98
कृतार्थ,4
टटोला,59
लिखीं,158
चलवाई,56
खद्दर,96
ब्लाउज,35
जनभावना,4
वर्षवार,96
कथामृत,96
गन्तव्य,100
बेचेगा,31
सीखता,186
शोहदा,59
बहुलता,169
फकरुद्दीन,49
मोजा,23
कायरता,83
घिरते,56
चिंगारियां,186
फिनायल,96
सुहागिनें,186
पखेरू,23
भूलेख,100
रूखी,61
पचना,61
चौदहवें,4
मालुम,179
छपते,78
पैतीस,23
दीपकों,33
अबाध,186
ज्योतिषियों,128
बचाएगा,59
तगा,96
नबंर,56
अविष्कार,73
हूँ,191
बेंत,33
प्रशासकों,14
भेदने,79
पीटती,23
सहेलियां,183
मल्लाहों,71
रंगरूट,49
संवादहीनता,98
वालें,59
डांटकर,23
डूबो,179
नकारने,186
गर्वित,186
घनिष्ठ,15
शरदकालीन,96
लड़ेगी,179
खूर्द,96
जेनरेट,31
यांत्रिकी,73
आइफोन,31
जलेगा,96
उल्फत,49
ठप्पा,179
रूला,23
भूलती,23
उदर,25
धधकती,178
जनसुविधाएं,100
सिला,59
उन्नतिशील,100
गुनगुना,61
आरटी,56
विधिसम्मत,48
फुलवा,24
पौना,61
वर्धक,79
मोलभाव,31
जीतता,133
मध्यांचल,23
साम्राज्यवाद,145
जामनगर,100
घाटियों,109
थमते,35
अखाड़े,71
नादानी,59
प्रान्त,185
कथानक,155
चटकाकर,61
आपमें,186
विश्वयुद्ध,67
बनायेगी,186
कल्पनाओं,7
अभिनेताओं,121
तथ्यहीन,29
दुखिया,23
ग्यारहवें,173
दाम्पत्य,179
रेसलर,133
प्रतिरूप,117
फड़,56
राष्ट्रप्रेम,49
शपथग्रहण,100
प्रविष्टियां,31
मुख्यरूप,29
तालुकदार,98
मुद्रक,122
टहला,23
हाथापायी,186
घण्टों,186
नैवेद्य,128
संभालती,31
पर्यवेक्षणीय,31
रेडियोग्राफर,61
कुरमी,56
रेंगकर,61
फूलना,61
कमांडरों,1
अडडा,100
बजाती,183
मंगाये,35
उद्यमों,156
स्पंदन,73
निखरने,186
राउंडर,133
दुष्कर,79
वेष,183
पीठों,179
मणिकर्णिका,128
जयहिन्द,56
गोकर्णनाथ,23
आयोडिन,61
निहारा,23
विलायत,17
फोटोकापी,23
चौरंगी,98
सांयकाल,96
उल्लिखित,86
निर्विवाद,155
बारहवें,4
हालाँकि,191
सतत्,14
ब्लॉग,122
बनवाला,56
रजिस्ट्रियों,35
अराध्य,29
बालयोगी,98
क्षयरोग,79
गिराते,61
विमुक्ति,186
जाइये,186
विनाशक,79
किलकारियां,56
धुलने,23
गैरजिम्मेदाराना,186
आवाजों,79
यदाकदा,7
बहुविकल्पीय,100
काऊ,56
पीढी,155
खण्डों,169
बेंचे,31
हर्ज,59
दलबदल,100
बौछारों,61
वनीकरण,100
कामराज,100
ख्यातिलब्ध,186
सहगामी,186
रोधक,148
उगलती,186
कनीज,96
आर्कषण,49
जिम्मेवारियां,186
निकालती,61
मनकी,186
अग्निदेव,128
मिलीजुली,1
सृजना,98
आडंबर,186
फिरंगी,1
अहं,7
कायापलट,186
कईं,121
व्याधि,7
बरसानी,56
समानों,186
मृत्युजंय,186
मूर्तिकला,9
साफतौर,59
चिल्लाकर,23
अवकाशप्राप्त,49
बाड़ी,71
ठठेरा,23
सहायतित,35
मददगारों,59
जमाकर्ताओं,48
पूछें,122
चपाती,61
सूफिया,186
सुल्तानी,96
पर्वों,128
बैटरियों,3
जटिलताओं,168
श्रीफल,4
अत्याचारी,15
नारियां,186
वनविभाग,96
दिखें,1
अनीमिया,35
वस्त्रालय,23
टिक्की,61
उभरेगा,186
बुलाता,191
विलासिता,56
उगाए,60
गर्जन,23
शरणागत,4
खासमखास,35
अमरुद,60
उठायें,186
उपकर,48
प्राचीनकाल,109
ज्ञानपीठ,78
स्थानातंरण,186
आंतों,199
पधारने,98
चलनेवाली,126
बालिक,35
पुरूषोतम,29
कटवाना,56
लुहार,33
एसएसजे,96
महलों,9
चिकित्साकर्मियों,100
संवर्गो,23
विधानसभाध्यक्ष,186
तैरकर,23
संभालेगा,49
अतिश्योक्ति,24
ताबीज,23
भयाक्रांत,186
रुकेंगी,186
भक्षक,61
गैंडा,60
सम्बद्धता,98
शैंपू,61
साहिबजादे,96
हांफते,61
सूंघ,61
निर्देशकों,121
सिमटने,96
बुधिराम,56
खेलेगा,96
गुरूद्वारे,29
जगाती,186
घोंसले,61
फटका,23
टांगें,61
कलाइयों,23
खों,56
मलाईदार,61
नास्ता,4
नगालैंड,100
सोहा,98
समितिया,186
बसाना,186
संवारना,56
सत्याग्रही,98
लांघा,186
दधीचि,128
पेशबंदी,56
पाओगे,191
रिकॉर्डिंग,65
महत्वकांक्षी,186
चमकती,41
बेपरवाही,79
साजिशों,4
छुड़ाया,186
संभालनी,186
मुंशियों,96
कबाड़,56
निलम्बन,79
मनगढंत,49
पाणि,23
मिटेगा,23
राजमिस्त्रियों,35
दैविक,7
कबूतरबाजी,96
कर्जदारों,48
भारतवर्षीय,49
खोजों,169
गद्दार,1
क्रमानुसार,25
गुनाहगार,191
किशमिश,61
रेस्त्रां,23
पैथोलोजी,79
खौलता,59
माणक,23
नीरस,7
जूझे,56
भक्तिपूर्ण,96
फरिश्ते,59
गोरक्षपीठाधीश्वर,96
काटो,96
प्रणालियों,3
लेखों,158
जलाओ,186
हरना,96
लिटाया,186
जरुरतों,100
सत्यकाम,98
तलाशती,148
सेवार्थ,186
फिसला,59
नवाजिश,49
चील,29
ऑडी,31
परिचारिका,1
कष्टदायक,79
छुपाए,179
छटपटाहट,79
अभावों,186
समाग्री,122
डिजिटाइजेशन,31
तहलका,98
मंगाते,96
गोंद,199
गोदना,98
जनजन,128
कार्यावधि,96
आत्मकथा,158
प्रमंडलों,100
मानेगी,35
काकी,71
फेशियल,56
सेंसेटिव,31
सुरंगों,148
सचित,100
शिवकुंड,96
बाये,23
धुनें,183
अभ्युदय,145
युवाशक्ति,56
किश्तवाड़,71
कष्टकारी,49
डरती,23
घंटेभर,186
उपाधियां,11
अभिरूचि,7
बिगाड़ने,186
देवर्षि,128
फर्जीवाड़े,56
बंधना,186
विच्छेदित,148
फिरना,59
जलधर,183
खटिया,96
परिचालित,86
विदायगी,96
बसस्टैंड,23
कैरोसिन,61
प्रतिरोधी,168
तिथिवार,35
चराते,59
बहका,191
सन्देश,15
व्याख्याताओं,186
हींग,61
बतायेगा,186
थमेगा,49
सर्वनाश,83
कांस्यकार,186
नुकीली,199
रसीला,61
टपरी,56
कहतीं,186
सत्तारुढ़,79
हीनता,7
अमनचैन,186
साइकलिंग,56
पाद,63
चूम,98
छूटना,186
नज्म,96
धनुषधारी,186
इन्द्रधनुष,56
उफनती,23
अभिशप्त,186
अम्बर,29
कसें,35
दुकानो,23
अलमारियां,23
गालिया,26
विश्वबैंक,56
जुड़कर,61
एशोसिएशन,49
मिरगी,168
रेंगने,61
प्रार्थनापत्रों,31
तेरहवां,100
युगुल,56
दूरंतो,96
उद्धारक,4
तेईस,49
क्रीडा,100
उपदान,48
सपाट,73
छोटों,23
शूल,61
फुटबालर,56
मैन्यूफैक्चरिंग,186
हृदयरोग,22
पुर्नजीवित,186
चौमुखा,33
शकरकंद,60
संभाषण,186
बिकेगा,56
घबराया,186
ट्रॉलियां,79
राइफलें,56
कुश्तियों,98
कुल्ला,61
खंबों,56
योगासनों,83
विशिष्टता,169
गुस्ताखी,49
सगुन,35
शिक्षाकर्मियों,186
उठक,96
बिछाये,96
ट्रस्टियों,186
गोशालाएं,23
सौभाग्यवती,128
पखवाड़ा,100
सहभाग,96
पुकारने,191
लम्हा,56
चढ़ाये,33
प्रवरण,61
प्रचालन,184
विखंडित,31
एकाकी,7
छल्ले,73
ओवन,56
करधनी,56
समदर्शी,33
जुर्रत,56
रागों,155
औद्योगिकीकरण,14
जलप्रपात,109
चबा,61
महाकाव्य,155
दस्तकारी,33
कुरबान,96
बरपाने,56
टेकन,186
दूरियों,73
सिफारिशी,59
टाईब्रेकर,56
अभयारण्य,185
अर्जुनदेव,98
घुलने,3
ज्ञानवर्धन,96
दाब,73
जूती,23
मत्स्यपालन,100
विकृतियों,7
खुदे,29
शूरू,31
डंडी,61
कामनाओं,179
अभावग्रस्त,96
विराजे,23
रती,29
तख्तों,59
हृदयघात,23
जलेगी,61
मानिए,186
दिवाला,31
गुनहगारों,186
परिदर्शन,186
परिवारो,23
अविभाजित,100
दानदाता,186
प्लेटफार्मों,65
सीखो,179
ठुकराया,58
बावला,179
मचना,61
मासूमियत,98
शोधों,61
आंकने,186
उपनिषद,63
कानाफूसी,179
कर्मस्थली,4
भाईजी,186
हंसता,186
एकजूट,186
एलोवेरा,31
बहिष्कृत,145
सफा,96
नापा,73
सदनीय,100
हिलोरें,186
छड़ी,41
मधुरता,155
बिगाड़,113
बेवफा,186
श्रेयस्कर,7
धागों,33
अजातशत्रु,4
प्रांशु,56
मुख्यसचिव,56
उफन,96
वयस्कों,168
फिल्मांकन,121
अनुकृति,183
बदलो,186
कहलाते,25
बनमाली,100
घुली,61
उलझती,96
गांठें,61
राजद्रोह,145
एकत्रीकरण,48
चिकना,125
गोपियां,128
पोशी,56
लूटमार,4
यारी,59
दर्शाना,31
चरखे,33
चकरी,56
मिटता,71
बत्तियों,61
अभिप्राय,192
कालिक,48
फैलना,61
खींचातानी,179
त्यागना,186
पड़ेंगे,179
चिढ़ाते,23
मिटी,179
गुरुमंत्र,186
उपार्जन,48
बांधती,186
हटाएंगे,186
रखिए,59
जड़ी,60
गमला,56
तबेले,71
महामानव,186
छुए,24
कर्ताधर्ता,49
उभारा,83
बीजे,96
गिट्टियों,79
गोंडवाना,29
मद्रासी,49
रोपकर,61
दादीजी,96
तेलुगू,121
रुद्रप्रताप,98
उजला,61
मुर्दो,59
बसना,23
सरदर्द,79
आरएसी,96
खता,179
बीजने,148
अंको,31
मान्यताएं,186
रूपन,61
वायलिन,183
फाइनेंसरों,31
जीवांश,61
द्वादशी,128
ठंडाई,56
बेतुके,59
टोटका,96
प्रतिवादियों,62
हिजरी,173
थूकने,35
पावडर,61
अंगीकृत,100
मुंहमांगी,79
कमलनयन,96
निर्दलीयों,100
छलके,56
चट्टा,96
खगौल,56
गाथाओं,63
प्रदर्शनियां,100
बूटों,23
जनजागरुकता,186
पहनाते,33
सजाये,61
पिछड़,179
पृष्ठों,158
बुलाएं,59
चिमनियों,61
गैंगस्टरों,56
चीरते,186
गाइडलाइंस,35
विनियमन,86
मार्गदर्शिका,31
कल्पवृक्ष,128
ट्राम,31
वैद्यों,23
उगली,186
कुण्डल,4
रखाना,23
भांपने,186
जूलूस,56
खेतीबाड़ी,179
उत्पीडऩ,186
खर्ची,186
भ्राता,161
लगुन,56
बोवाई,61
शागिर्द,96
क्षतविक्षत,49
सूखकर,59
करू,59
योगिनी,128
उतारेंगे,186
पोंछने,23
तजुर्बे,35
फीके,61
घोला,61
सुखाया,60
गिराये,29
विलायती,186
आचार्यश्री,23
साईबर,100
पक्षाघात,168
ऑटोरिक्शा,29
उखड़,59
फलने,23
छबीले,56
खिजरी,96
मटकों,23
देवलोक,128
महिने,48
आत्ममंथन,186
आतीं,100
टालना,56
सुलक्षणा,78
गाठ,56
दमकलों,96
पम्पों,61
अंतरंग,7
कांपी,23
घायलो,4
दुखहरण,56
अपनत्व,186
बरना,71
धूलकण,148
पिंडारी,71
सुरक्षागार्ड,96
नाटिकाओं,98
उछालने,186
साध्य,7
नमस्तस्यै,33
गंगातट,128
प्रतिनिधिमण्डल,100
मझधार,96
बनवासी,29
स्वर्णजयंती,14
सम्मनित,98
रोगमुक्त,61
झकझोरा,186
सप्रू,78
रोगग्रस्त,168
कैबिन,31
विरुद्व,186
अंगारे,59
गोलगप्पे,61
धर्मस्थलों,96
रंगो,183
हस्तकरघा,100
पत्रिकाएं,158
पीलापन,61
सर्वसहमति,23
स्वायत्तशासी,100
बस्तों,100
दाहसंस्कार,4
चूल्हों,61
आस्थावान,186
पराठा,23
सुन्दरी,128
प्रतिद्वंदियों,1
मध्यवर्गीय,145
उतराई,23
कीड़े,125
कालीपूजा,71
फूलदार,33
कौतुहल,56
पुनर्नियुक्ति,62
पदच्युत,76
रूककर,56
थपथपाने,23
पर्चों,98
हांफने,56
लुभावनी,56
वजहें,56
प्रभुत्व,145
शक्तिधर,79
मचायी,96
बदनुमा,59
पथरीली,61
पट्टेदार,48
थलसेना,67
संतरो,56
बांज,23
पत्तेदार,60
छटपटाते,56
महगे,56
पलकों,61
संभालेंगी,49
जलमार्ग,148
मशीनीकरण,48
पिटा,56
ग्लेशियरों,36
गृहिणियों,98
रफू,56
छत्ते,61
उगता,36
भक्तो,128
स्की,133
मृदंग,183
प्रतिरक्षित,168
कौवों,61
पिटना,186
चौगुनी,96
दुखती,49
पदमाकर,35
मलते,23
मुस्कराते,186
भड़ास,49
राज्यवासियों,56
जगती,128
लालपानी,100
रसास्वादन,179
बायकॉट,1
सलीका,186
बैंकें,100
झंकृत,183
दोगुणा,35
अन्त्येष्टि,128
पिस्ता,61
समर्थको,49
खानदानी,98
नन्दा,78
व्यसनों,56
मौसेरा,186
भारतवासियों,145
अवशिष्ट,25
पुनस्र्थापन,100
खेलेंगी,133
रीच,56
जानकरी,49
मिलिए,56
लपके,23
मट्ठा,59
मुहाना,29
रघुकुल,98
असंवेदनशील,79
पोले,61
पोर्टिको,100
मंगवाते,71
जुटानी,186
सफाए,96
भाता,23
मौसेरी,96
चिल्लाता,56
छिन्नमस्तिका,23
चेताने,186
शिवगोपाल,49
विनियम,86
पहाडि़यों,29
दलन,96
संध्याकालीन,23
कर्मयोग,63
खिलते,60
तपते,61
उपाध्यक्षों,100
दहाड़े,59
कुंवारे,186
नार,59
मार्गशीर्ष,128
बन्धु,98
पनिहार,23
राष्ट्रों,67
गुणकारी,61
उपयोजना,100
अनचाहे,61
इसीलिये,63
आयटम,23
स्वालंबी,186
बाल्यावस्था,7
अपरहण,23
स्त्रियां,33
बिठाना,186
पुकारे,191
क्रिकेटर्स,133
जबिक,56
पयर्टन,29
तरफदारी,186
छाना,61
बहत्तर,96
चटकने,61
जगाओ,186
सुसंस्कृत,128
उतारेगा,186
निष्प्रभावी,22
पोतों,100
सराह,56
साभार,98
नापसंद,1
शिल्पकला,9
झोकों,61
देवत्व,7
लाइफलाइन,186
रफ्ता,59
फोड़ा,199
संसोधन,100
नाइस,56
पशुचिकित्सा,96
अपनाती,14
महाप्रबंधकों,100
ऐंठे,61
सर्वविदित,7
मचती,179
अनछुए,23
गिरफ्तारियों,186
सबेर,35
बनवास,83
विवरणिका,14
घटकों,3
मजाकिया,56
काटेंगे,96
जनकवि,183
तीतर,60
खोदते,61
उफनाने,61
पिस्तोल,56
डिहाइड्रेशन,61
पढ़ीं,59
भाती,59
गगनचुंबी,148
स्वामिनी,23
हुजूरी,186
अर्थात्,169
रौंदी,179
दिहाड़ी,56
शनै,61
पद्वति,186
सपेरे,183
असंगत,169
दयामय,179
अभिहीत,186
फारूखी,96
डेसिबल,31
ललाट,7
ब्रह्मचर्य,63
फीचर्स,65
सांचे,7
कराहता,96
सिन्धु,109
खरीदीं,35
राफ्ट,71
रेफ्रिजरेटर,31
बेतुका,56
सन्मार्ग,186
लेटने,61
वासुकी,4
मती,98
चुभन,35
मंझला,23
दोराहे,56
अनियमिताएं,186
सोसाइटियों,48
प्रतिपादित,169
मौलानाओं,186
मिलो,179
चट्टे,186
महरुम,59
फैलेगा,179
चेतन्य,96
कठिनाईयां,186
ऋतंभरा,186
गलाने,148
वनदेवी,56
लांघकर,56
संस्कारयुक्त,186
भेंजे,31
मध्यकालीन,54
कमाएं,98
आलोकित,7
सिनेमाहाल,23
जिए,98
बोधी,79
डोसा,60
मतवाला,96
रीठा,29
पैडल,41
एकसूत्र,71
योगमाया,128
गृहस्वामिनी,96
स्वशासन,145
पदो,186
मार्गीय,56
तदनुसार,86
बेनाम,122
शरमा,183
कमंडल,128
भिगो,61
पछताना,56
दिवालिया,62
इकाइया,79
दौड़ाकर,23
अटकाने,35
ढंके,61
पायरिया,56
बाईस,4
फैलाएंगे,186
गुजिया,23
एकाग्रचित,186
परजीवी,168
पंहुची,71
महाशा,96
उच्चत्तर,100
अभिजात,145
कम्पनियां,184
संवादों,158
छेड़,145
क्षत्रीय,96
प्रतिपालक,4
छोरों,29
न्यूनीकरण,31
ताम्र,25
मेंढक,61
यमदूत,71
सुनेगी,61
दुर्दशाग्रस्त,71
ईंटे,148
दैहिक,7
सुनाएं,59
बढ़ो,179
सोचो,179
घासफूस,33
आतिशी,56
अंतर्जनपदीय,186
अखाड़ों,4
मुददों,186
भगोड़ा,49
शिक्षाकर्मी,186
कुलेश्वर,96
छोडकर,100
रुतबे,59
उतम,186
रील,133
स्वंयसेवी,186
कचहरियों,96
स्मृतियां,186
पाजामा,33
लोकों,63
आयोगों,62
सौगंध,179
विषयवस्तु,158
सिनौली,100
जुएं,59
समष्टि,7
बंधकों,1
आधीन,4
बर्ष,186
घिसटती,61
सुपुत्री,78
कालीमंदिर,96
चिन्तित,186
कालीनों,33
गमों,128
सीमापार,31
परिस्थतियों,186
साइडों,56
मंगायी,56
अपरोक्ष,186
जगाएंगे,186
तहसीलें,185
चूस,61
रूपयों,23
विरक्त,15
परिणामस्वरुप,22
बिकेगी,56
संतानें,98
उजले,61
अनुज्ञप्तिधारियों,186
स्मृतिचिन्ह,96
लुटाने,186
बिट्टी,56
जलशोधन,56
छिपते,179
बिलखता,35
तोड़ते,59
अखण्डता,186
ढूंढ़ते,96
मनसुख,56
सेकने,61
गुरुवचन,98
अंगरक्षकों,1
सैकेंड,186
डरना,59
निपटेंगे,23
प्रियतम,128
धूलभरी,23
सुन्दरता,109
एंजियोप्लास्टी,79
यारों,56
भंजन,61
एकलाख,186
अवयस्क,48
शीर्षस्थ,49
बुर्जुग,186
धमनियों,168
भरवाये,23
आकृतियों,73
चरित्रों,121
तेलों,3
हबीबुल्ला,49
तत्समय,48
बैठके,186
रांझा,23
निकालीं,71
झुलाया,23
नजला,61
पीडिता,186
जुटीं,96
बुलाती,59
चश्मदीदों,4
होंगें,59
धाराशायी,79
डराना,59
सौदों,48
याशिका,56
एटलस,31
स्थापत्य,9
वहिष्कार,186
भूंकप,96
निंद्रा,186
नक्षत्रों,73
झुकाया,96
मजाल,59
छूता,23
दिलवाएंगे,96
दोहरायी,186
निखरी,186
दिवानी,100
गद्दों,61
सौंफ,61
अछूत,145
सींचा,23
ऐवज,59
इंस्टाग्राम,56
दानदाताओं,56
चमाचम,61
उगलवा,186
मृदु,25
बेतुकी,98
चीखती,23
उत्सर्जित,3
कलाबाजी,56
आक्रोशपूर्ण,186
चकबन्दी,148
पायजेब,33
काउण्टर,98
मूल्यांकित,48
खाईं,186
कबूतरी,23
रखनेवाले,179
अच्छाइयों,186
जानेवाला,113
खिंचवाई,79
छेदक,61
देखादेखी,186
अभिलेखीय,100
घिसटता,23
जहाजों,148
बोलियों,155
वॉट,31
विश्वव्यापी,156
कांटेक्ट,31
दशानन,96
थोड़े,113
घेरना,56
महाष्टमी,35
उच्चशिक्षा,98
खोलनी,79
बहुप्रतिक्षित,186
चीरती,179
रोई,56
स्लॉटर,133
श्रेष्ठतम,155
सत्संगियों,61
पतंगे,23
अराजनैतिक,186
ज्येष्ठता,186
टोटके,179
प्रलयंकारी,135
तनीषा,56
बांटें,56
कार्यरूप,186
बेदर्दी,56
कसबे,98
निरुत्तर,96
सहकार,100
चांटा,71
जुगनी,56
अनुचर,96
खंडीय,61
पंचायतघर,56
युद्धों,76
लोकमित्र,56
बहनजी,186
बिकीं,133
रखवाला,179
भूमिकाएं,121
जमानतदार,48
दूतों,4
कद्रदान,23
मूलधन,48
बतायेंगे,186
रंगीली,98
पुर्जो,31
उद्योगमंत्री,186
दरबारों,186
लिखवाए,4
आनलाईन,31
मंजिलें,33
कलपुर्जे,31
पहुँचने,36
स्वतन्त्रता,197
थोपना,56
मुसलाधार,23
भीतरघात,96
दातून,61
विद्रोहियों,76
गृहस्वामियों,186
दशमलव,31
तन्हा,59
नशेड़ी,56
ज्ञानार्जन,7
गाएं,96
रूपवती,179
सम्पत,71
नजारों,29
लाइसेंसधारियों,31
खिंचवा,23
नियुक्तिपत्र,56
हममें,191
खर्राटे,61
उत्तेजक,168
चाहतीं,186
कंकर,59
जगरानी,71
सोएं,96
पलने,59
आशावादी,186
फिल्मोत्सव,98
तटस्थ,22
व्यवस्थायें,35
बरतन,125
झलकने,56
छोटो,186
दुराचारियों,179
मनोभाव,7
तिल्ली,61
जन्मांतर,7
हंसाने,186
मोर्चाबंदी,79
गर्द,59
मसान,71
कृतज्ञ,179
ड्रैस,186
डोलियों,29
नौकाओं,36
हमलावार,56
पांवों,61
तुक,59
दीए,186
रिक्शाचालक,79
ऑटोग्राफ,133
पतों,31
फलदायक,186
पूजते,179
सहनशील,179
लीबिया,67
व्याधियों,7
कोरियन,31
मायानगरी,56
फुंकी,23
संघर्षों,145
पशुबलि,128
प्रतिबिंब,73
पेंशनों,96
उक्ति,7
लेखाकारों,31
यतीम,59
कत्था,61
घुलनशील,3
दुर्दात,79
रौंदता,23
प्रत्यायन,14
डिजायनर,56
विज्ञापित,65
फव्वारों,29
विराजित,128
टुकडे़,96
टकराती,73
बिकना,186
टंकण,31
मृतिका,56
रीछ,23
चुटकुलों,56
अंतर्मन,186
थामकर,56
पछता,186
हृदयविदारक,186
आईएमटी,79
तिलांजलि,83
अंतरात्मा,186
मुख्यमंत्रित्व,98
भिक्षुक,23
मधुशाला,56
व्यापरियों,56
उपला,61
श्रोतागण,98
इष्टदेव,128
केज,133
लुढ़की,41
अपराधीकरण,49
बंधकर,186
महामन्त्री,98
जुदाई,59
कबाड़ी,96
अस्ताचल,56
चंकी,23
लकवाग्रस्त,186
कालाबाजार,35
न्यायमित्र,186
गुलबहार,96
कविगुरु,186
शय्या,186
मसोस,23
लहराता,186
मलहम,61
सैन्यकर्मियों,100
नर्तकियों,183
सांड़,23
संशो,31
राजाज्ञा,186
न्यारी,98
मुगलकाल,29
समयाभाव,186
साध्वियों,186
मंझे,56
नवाबी,71
सिमटती,186
लम्हे,186
गिरिजाघरों,49
बेंदी,96
मंचीय,98
वरिष्ठों,186
उदाहरणों,169
भौतिकवाद,28
डांटते,71
उगाते,59
बुलन्द,59
कम्प्यूटरीकरण,31
वामपंथ,49
कुतिया,56
चरते,61
वीरभूमि,4
खींचता,41
उड़ता,41
समझाएंगे,186
ट्रैकों,31
उपनाम,121
वास्तुकार,11
बखिया,23
व्यवस्थागत,186
रीडरों,31
छोरी,56
गिरफतारी,186
किशोरवय,79
स्फूर्त,186
सरकंडा,33
धन्वंतरि,128
सांकृत्यायन,78
ब्रहमचारी,96
मर्दानी,96
सम्भावित,22
रेलों,100
अप्रतिम,128
प्रविष्टियों,122
सहकर,4
चोंटे,61
लुढ़ककर,61
सुलगने,61
सोहारी,23
पंड्या,4
भौजाई,23
सेवायोजना,186
लिखनी,49
माधवन,96
रक्षार्थ,4
खगोल,73
मैंस,56
आयोजना,14
उलझाकर,96
निवेदित,122
अज्ञानी,179
साथा,23
दानवों,128
पूज्यनीय,29
सिरों,125
पिरोकर,61
मध्यक्रम,133
चट्टानें,109
पैंतालिस,56
हरजी,29
नियोगी,186
असहयोगात्मक,79
उवर्रक,61
फतवे,1
वृश्चिक,128
धर्मशालाएं,29
भौचक्के,186
इमारते,29
विश्वनाथन,98
ओढ़नी,33
प्रतीक्षित,186
भगाते,56
खेतीबारी,148
पनघट,186
शस्य,61
मुवक्किलों,96
बुर्का,186
झल्ला,186
दरियाओं,59
रंगबिरंगे,33
विभेद,113
डसा,23
तराशा,33
सुधारात्मक,48
तुझको,59
गयो,96
उदघोष,186
डरें,59
नर्तक,183
भड़काऊ,186
एम्पायर,121
हक्के,98
जहन्नुम,59
अत्यावश्यक,169
खुल्ला,59
मारेंगे,179
लड़ते,191
संदेहजनक,79
उसूलों,186
नाकारा,56
बांटती,109
वकालतनामा,96
हुकुमत,4
फेका,56
रेलपथ,31
डिबिया,183
मुस्कुरा,59
सत्यवादी,15
बट्टे,48
गरजने,23
भीगकर,61
पलता,79
तारण,29
चाइल्डलाइन,186
वृद्धाओं,79
डली,61
बन्दूक,1
धर्मग्रंथ,128
डण्डे,23
हुरियारे,96
उपनगरों,185
बांझ,59
फेरियां,35
सार्वदेशिक,96
उत्तरवाहिनी,29
रखवाई,98
धांधलियों,79
अवकाशों,186
आक्रमक,79
मजारों,35
ओहदेदारों,98
बुद्धवार,96
कृष्णमय,23
सुनाईं,186
मोबाइल्स,186
प्रास्पेक्टस,56
तुच्छ,113
मैती,98
झालरें,23
जन्मशती,98
बुद्धिमता,186
थोडी,56
छूटती,185
सटोरिये,56
उपजातियों,60
मानवतावादी,145
चिकित्साकर्मी,79
कंठस्थ,128
दीवारे,61
अकेलेपन,186
रजऊ,186
ठोकरों,35
रचाकर,23
जीवनसाथी,122
फरमानों,1
सम्पादित,158
कलाकरों,56
भौंकने,79
चाहो,191
दफनाए,96
पहचानकर,186
स्टंप,79
दौड़ते,59
मंगलकारी,128
पराई,98
छींटा,186
प्रत्यर्पण,49
निष्फल,83
बननेवाले,179
नाचती,23
संभालता,31
अतिक्रमणों,61
भये,33
नुस्खा,79
चॉक,61
तख्ता,1
अधरंग,56
बाहुबलियों,96
आंतकियों,96
अरुणोदय,98
खर्चीला,31
छप्परों,23
भाड़े,48
पाठशालाएं,186
हटाएगा,31
मलमूत्र,61
नेस्तनाबूद,106
लड़ना,72
अड़चन,79
सर्वहारा,145
ठहरता,7
निशानियों,191
घरेलु,133
थका,59
फरमाने,148
नाखुशी,59
वर्दियों,186
पंजाबियत,56
सरोबार,183
रंगेहाथों,56
जगता,186
भाजे,56
कठोरतम,4
छानती,23
डराकर,96
धर्माचार्यो,71
बगलें,98
प्रबंधिका,56
पंसदीदा,186
कहेगी,59
उड़ने,125
विद्याओं,63
अश्रु,183
बारहसिंघा,23
बजाता,183
चिकनाई,199
घोट,35
मानवीयता,186
चहेता,98
सुलभता,14
दरगाहों,98
परायणता,96
चंद्रोदय,128
पहचानी,61
तीर्थंकर,161
नहाकर,23
संदर्भो,186
ज्योतिर्लिग,29
ताशे,189
बुझकर,179
कौवे,23
जगतनारायण,98
लीडरों,186
लेके,23
तोलने,33
जवाबों,122
रसीदों,48
सोलहवीं,185
घुसता,61
दरबाजा,35
पारिस्थितिकी,3
अजैविक,61
इनामों,186
बिछुआ,23
सूक्ष्मता,7
फैलायी,186
घोडे़,23
तिनके,61
खौलते,59
सहजन,23
पिताम्बर,96
दिखनी,56
काउंटी,50
बिरले,61
ऐनक,61
आवर्धन,73
न्यायपीठ,62
विद्वता,155
फंसाते,35
चूमती,96
बलिदानों,186
रूढि़वादी,186
प्रतिस्पर्धी,65
टुकड़ों,199
बरसता,59
सूझा,179
स्नानघर,33
बेगाना,186
अनुभवहीन,1
हिचकिचाहट,186
गोरैया,56
प्रत्यय,169
विश्वगुरु,96
आइंदा,35
भाषणबाजी,56
विघटनकारी,186
मजनूं,33
उड़ाते,191
नकदीकरण,48
पल्लवित,63
संकीर्णता,7
मायाजाल,186
परिवर्तनशील,169
षष्ठम,4
मुर्गीपालन,61
निर्भीकता,49
लगाईं,56
अरबपति,56
कुलदेव,71
प्रतिद्वंदिता,133
रातोरात,49
हैरतंगेज,56
द्रव्यों,117
आक्षेप,113
पंचक,128
सुलाने,186
तथ्यात्मक,62
मेहमाननवाजी,56
अभिज्ञान,7
बजीं,56
उत्तराधिकारियों,76
श्रृंखलाबद्ध,79
गरमागरम,35
पार्टटाइम,56
चिल्लाया,59
अठन्नी,23
रिसाइकिल,79
चक्रधारी,186
कुटुम्ब,48
मगरमच्छों,148
टोयोटा,31
गाता,183
सर्दियां,148
सदाफल,61
मंजन,61
गिरिजाघर,29
दादाजी,98
जिंदगानी,186
पढें,186
मरवाने,49
ब्रह्मस्वरूप,186
परिस्थति,186
विषैली,127
निषादों,96
सुस्ता,24
उपदेशक,83
जिताना,56
ट्राफियां,133
तरना,23
सिखाकर,186
अभयदान,83
वृद्घा,96
सनशाइन,133
क्षैतिज,73
बुदबुद,61
सिक्खों,76
दूब,61
रहनुमाओं,56
फिसली,100
रस्मी,96
बांयी,61
घमंडी,179
पूजने,59
बाउण्ड्री,100
सिलने,56
उपजाने,61
सूतक,23
अल्पकालीन,48
रेजर,61
उठाओ,59
कूंचा,4
गुफाओं,109
प्रेमभाव,179
छानकर,61
बुराईयां,186
टिकने,23
रीतियों,192
अंशदायी,48
जिनेंद्र,56
सदाचारी,186
बाइ,133
मलीन,61
बुरादा,61
करुणानिधि,49
राजवर्धन,35
सेकेण्ड्री,31
राजशाही,67
टेलीस्कोप,31
प्रखण्डों,100
पहचानती,35
बंधियों,56
अर्जियों,186
आंगनवाड़ी,100
उपखण्ड,100
रुकावटें,186
लपक,59
कूचे,23
जियोलॉजी,56
फिटकरी,61
झूमी,96
भ्रुण,179
शनिधाम,100
जुड़ाव,6
टांका,61
झंडू,56
मनीषियों,63
विरासतों,56
महाकौशल,100
सिसकियां,23
तरकश,23
अपनाओ,179
हाटों,56
उपली,35
रुकीं,96
नीलगिरी,60
वृत्तचित्र,121
रसायनशास्त्र,169
फकीरों,71
पनडुब्बी,67
पीपों,61
जिल्लत,56
सर्वव्यापी,7
यातनाओं,71
मंगलगीत,186
जिन्दाबाद,35
चालों,1
ठहराना,179
खुराफात,56
संबन्ध,7
पीसने,61
अकादमियों,14
झटकने,186
बम्बा,56
पटाने,23
टेलीग्राम,1
बंजारों,56
सपंर्क,186
गिरगिट,23
कटीले,56
हथियाना,96
लेखानुदान,186
तिब्बतियन,56
टेके,83
हस्तशिल्पी,56
झमेला,186
गद्य,155
कीर्ती,98
संसारी,83
धर्ममय,4
सन्दर्भ,169
अपनाएगी,56
अनोखेलाल,96
सुलझाई,186
बंबई,78
तलक,49
निजता,186
उपचुनावों,35
तम्बू,96
सुहागन,35
प्रक्षेप,73
लड़े,72
बैनामों,56
फंसाये,23
पाखंडी,186
सर्कुलेशन,100
सहती,23
सुनाती,98
विकृतियां,61
स्नेहिल,96
राजपरिवार,173
महापुरूष,98
धन्नो,96
अभ्यस्त,7
टालता,35
भण्डारी,71
शत्रुओं,15
भेंटवार्ता,186
सति,128
जीवाश्म,25
पुरातत्वविद,29
ढकोसला,59
नोटो,96
भटूरे,35
हिरनों,23
सीरियलों,186
परिहवन,31
सहेजकर,96
बहकाने,59
छुटभैया,56
व्यूह,79
झुकाने,33
फास्टफूड,60
खीझ,35
मसजिद,71
माइक्रोस्कोप,61
संवत्,161
ईमानदारीपूर्वक,61
पसली,61
बढ़ावे,186
सैकड़ा,33
अनुमानत,29
मुंहतोड़,186
भक्तगणों,23
छूटता,186
लहलहाते,23
ख्यातिप्राप्त,78
सेंटीग्रेड,36
शर्करा,3
विकासखण्ड,29
पीहर,23
सुरीले,183
मौते,100
हंसना,56
दिलाओ,152
पूर्णागिरी,29
स्पीकरों,61
अरण्य,128
अलापने,98
उलझाए,179
निर्दयता,186
बेगानी,35
बंधपत्र,48
मान्यताप्राप्त,86
खदेड़ने,59
पण्डाल,186
छिनी,61
सम्पत्तियों,48
मजबूरियों,186
राष्ट्रगीत,98
चलायें,31
नर्सरियां,56
लौहपुरुष,4
सर्वदा,192
अनिष्ट,179
संक्रान्ति,128
पाबंदियों,56
बोझे,59
मौहल्ले,96
तपने,61
वेटरिनरी,35
जैतून,60
फटकारते,186
भूस्वामियों,56
उभार,125
नपुंसक,186
प्राचीनता,63
छींक,61
उतराते,23
महका,23
खिसकते,79
विश्वस्तर,56
बेरंग,61
पगला,96
करवायें,186
देवकुंड,56
सावरिया,35
मण्डप,9
कार्यपूर्ति,186
कट्टरपंथियों,186
खिंचाव,199
विकासकारी,79
ढूंढ़ना,186
गुनगुनाते,96
ख्वाबों,96
ढलती,56
सत्यनिष्ठा,186
समानान्तर,73
तौहीन,186
चक्रानुक्रम,48
भक्तिगीत,98
भारतमाता,98
रजाइयों,56
खुशामद,96
अदंर,186
चुकें,59
पियें,61
बताशा,23
जगाए,186
चलाएंगी,23
परदादा,71
रीतिरिवाज,155
कालापानी,79
खंडवार,186
प्रशसनीय,186
हिमखंड,148
केन्द्रो,31
सुलगते,96
विश्वरूप,128
ट्यूबलाइट,61
धारावाहिकों,121
चिन्ताजनक,186
नामांकनों,121
त्रुटिरहित,31
दुर्घटनावश,79
सिरी,79
लॉलीपॉप,56
टायफायड,96
धूना,29
फेरते,59
खटोला,23
नर्म,125
प्रणीत,63
आक्रामकता,79
बारुद,61
नागवंशी,29
मुझमें,72
कूड़ादान,186
अंगना,96
फैनी,56
निमेश,186
हरिदर्शन,23
लांघने,186
मंझली,23
आवासी,14
बंदगोभी,61
छूत,61
दस्तकार,56
फूलबदन,100
भूदेवी,4
विवेकशील,186
हड़प,59
चींटी,61
कालीमाटी,35
घेरेगी,23
सामाजिकता,186
मुंडेर,29
बताएंगी,96
साहिर,98
तमाशबीनों,56
पहनेंगे,179
गौसेवा,186
अतिथिशाला,100
तीरे,29
फिरती,59
धोखेबाजी,186
जीवंतता,186
एरोन,56
माँगी,72
झेलता,23
विवेचन,63
बहक,59
किलेबंदी,100
बिछानी,61
पढ़ेगा,186
डालियों,61
इंद्रधनुषी,56
जुराब,56
झुण्ड,61
बंधेगा,61
सेगमेंट,31
श्रीचरण,61
भूमंडलीकरण,186
दहकते,61
तरसता,83
लोंग,56
झुककर,179
शैशव,7
चुस्कियों,56
बिछाते,61
कंघी,61
खर्चों,48
खिसकता,31
छानते,61
भट्टियों,148
सांढ़,96
जायेगें,186
खुश्क,59
मारेगा,23
बटवारा,35
अविभावकों,186
तात्कालीन,96
बॉयफ्रेंड,56
खिलाती,61
आसना,56
पागलपन,22
सांवला,23
तकलीफें,59
मंडराया,35
तवे,23
नियंत्रकों,31
सूरतेहाल,56
रुदन,186
मरघट,96
चतुर्वेद,96
नेग,96
जीवाणुओं,168
निरुपम,56
व्यापकता,7
ढूंढती,59
पधारो,100
विस्फोटों,1
त्रिगुणायत,186
अनुपलब्ध,122
व्याघ्र,29
मनवांछित,96
मनवाते,49
राउंडअप,61
व्योम,186
शॉक,79
बनाईं,23
मंझले,71
आईसक्रीम,100
चमकीला,125
गन्दा,61
चिताओं,96
दौड़ी,23
दर्शाये,96
प्याली,61
भालुओं,61
चलायेगी,79
गद्दारों,186
तिरूपति,29
अनानास,60
निषिद्ध,22
जागेगा,96
जगहें,61
रंज,59
मापन,3
इमला,35
खेदजनक,186
अमृतधारी,186
कोरमा,60
बादामी,29
प्रकांड,155
गॉव,71
पुनि,96
रोचकता,155
गारा,61
विरल,25
जलेंगे,186
नौंवा,100
भड़का,59
कीटाणुओं,168
नौरंगी,186
आईने,186
एडमिनिस्ट्रेटिव,49
तलाशनी,56
पुनरोद्धार,29
पदवी,151
आस्तीन,56
गंवाया,96
अपवित्र,83
नवम्,186
धर्मग्रंथों,128
अदाकार,56
लहसून,35
मायना,23
बचीं,186
भुलाने,71
जनशिक्षा,100
सेखुई,98
पाकशाला,33
अग्रज,128
रसधारा,23
बायोपिक,56
अरुचि,7
तरसा,96
सडकें,31
साम्राज्यवादी,145
डराते,59
गुनगुने,61
सफलताओं,11
पढ़नी,98
कश्ती,59
भुजंगासन,56
घरौंदे,56
गैंडे,61
दोतरफा,56
बरसना,96
कर्णधारों,186
भेंटे,71
शराबखोरी,186
हटती,41
आजमाई,186
संर्पक,56
तिलमिलाए,56
धुकधुकी,79
क्रेनों,61
सभाध्यक्ष,100
लाओगे,59
हुक्के,23
औद्योगीकरण,14
उगलना,96
विध्वंसक,79
सूंघने,61
नवान्न,23
चिढ़ाने,35
अतिमहत्वपूर्ण,100
पर्वतों,36
आनेवाला,79
मनस्वी,186
स्थनीय,186
नपाई,96
तानों,183
चुंबकीय,73
असक्षम,31
लुप्तप्राय,148
सावधानीपूर्वक,3
मझले,56
नापतौल,56
खुदवाए,29
प्रकाशमान,179
खालें,127
छल्ला,148
अभिनेत्रियों,121
महोगनी,61
आरोहण,186
गोकुला,96
लाभान्वितों,186
सगंठन,186
खिलायी,23
युक्तिकरण,79
पंचगव्य,186
मचाये,23
महगांव,96
सेतू,23
सार्जेंट,1
जनभागीदारी,35
जुटाएंगे,186
नामुराद,59
कॅालेज,23
अंत्याक्षरी,23
जताता,179
हस्तनिर्मित,33
घिसट,23
जनप्रिय,4
गर्मागर्म,56
ग्रीष्मकाल,60
संपदाओं,100
जैनियों,161
सार्वभौमिक,28
तास,56
पदाभिहित,48
ब्रम्हा,128
अश्वगंधा,61
ताल्लुकात,56
भुजा,41
आयत,59
फहराए,29
जन्तुओं,25
चढ़ाएं,23
छत्तीसगढ़ी,78
सड़,127
बेदर्द,23
सफलताएं,49
प्रपात,109
सौतेलापन,186
उत्तरदायित्वों,14
जगमगाते,23
मिलनेवाले,61
किताबे,72
पचाने,61
पिटते,96
ढक्कनों,61
वृद्धजन,186
टांगकर,23
अपीलकर्ता,186
प्रसिद्घ,96
दिखावटी,56
परीक्षायें,100
घोड़ी,61
संध्याओं,96
मसलक,56
सलटाने,96
सताएगी,96
हृदयस्थली,35
तरु,61
अनुवांशिक,168
वास्तुविद,29
आयुसीमा,186
किरायों,31
हिलते,61
अतिव्यस्त,186
फफूंदी,61
तरसती,23
सुहावने,23
शूरवीरों,56
जाएंगीं,23
पदयात्री,56
नहींं,23
दिव्यता,7
विषमताओं,7
फैलाती,179
मखमली,61
कौरवों,161
श्रेयांस,96
रंगकर्म,98
प्रादुर्भाव,63
जीतें,56
नेमप्लेट,56
नागों,128
लूडो,186
रामायन,98
रेडियोलोजिस्ट,56
महाराजाओं,29
उर्वर,148
पंक्षी,56
कलमा,59
करामात,98
