word,cluster
में,6
लिए,41
किया,100
गया,0
हैं,1
नहीं,154
सिंह,167
पुलिस,90
दिया,126
करने,41
कहा,25
रहे,126
बाद,90
करें,154
साथ,146
रहा,188
रही,54
बताया,45
हुए,74
लोगों,25
उन्होंने,126
होने,5
गांव,186
लेकर,74
जिला,186
इसके,6
एवं,80
क्षेत्र,3
द्वारा,170
हुई,46
लेकिन,146
लिया,126
सरकार,96
अपने,126
विभाग,30
मोबाइल,141
वाले,114
दौरान,0
आदि,80
सभी,36
मौके,146
फोटो,141
देखने,16
जागरण,11
जाने,116
दिन,74
नगर,186
तथा,149
जाएं,19
निवासी,158
लोग,25
बैठक,96
शुरू,0
कोई,48
हुआ,60
ताजा,68
करते,48
खबरें,146
समय,174
जाएगा,19
तीन,174
मामले,87
रुपये,140
कारण,12
पहले,126
थाना,186
पूर्व,6
विकास,198
संवाददाता,146
अन्य,163
जानकारी,141
कुछ,48
दर्ज,0
शर्मा,11
जांच,41
अध्यक्ष,96
स्कूल,135
यहां,184
अधिकारी,92
किसी,19
उनके,25
कार्य,36
पास,46
स्थित,186
कार्यक्रम,30
अस्पताल,41
वहीं,42
पंचायत,186
बात,25
पानी,97
किए,19
मांग,30
बच्चों,116
खिलाफ,90
बार,180
रूप,162
बजे,62
काम,19
उन्हें,126
कार्रवाई,41
तरह,22
देने,19
प्रदेश,186
महिला,180
उसे,25
वर्ष,6
मौजूद,22
अपनी,126
उसके,25
शहर,62
चुनाव,96
हजार,174
सूचना,170
दोनों,48
केंद्र,62
निर्माण,161
सहित,30
टीम,180
देवी,21
घटना,65
विद्यालय,135
मुख्य,3
शिक्षा,135
चार,174
बीच,3
प्रशासन,92
बिजली,33
रात,74
शामिल,0
जिले,186
होगा,19
कार्यालय,30
संवाद,32
इससे,114
मौत,126
उपस्थित,14
करीब,62
लाख,3
सुबह,46
दिए,19
नाम,80
पांच,174
अधिकारियों,96
कराया,192
जाएगी,19
आयोजित,0
राम,150
कहना,25
जारी,0
इसी,6
निर्देश,170
काफी,116
करना,14
प्रधान,92
जाता,138
प्रखंड,186
जबकि,185
व्यवस्था,92
आने,46
प्रसाद,11
घायल,90
आरोप,87
किसानों,129
योजना,30
तहत,30
लगा,74
आयोजन,143
वाली,177
अवसर,54
सोमवार,143
संख्या,138
अधिक,163
शिकायत,87
ग्रामीणों,129
उनकी,126
बंद,181
इसमें,48
राज्य,158
समिति,96
परीक्षा,135
अलावा,6
अभियान,90
मामला,100
ऐसे,19
अनुसार,6
चाहिए,14
युवक,148
मंदिर,161
पहुंचे,90
सचिव,96
ग्राम,186
रोड,62
पत्र,84
पुत्र,150
मंगलवार,143
उसकी,25
जहां,170
होगी,19
शनिवार,143
मिल,46
कराने,170
पूरी,19
बुधवार,143
शुक्रवार,143
छात्र,135
पार्टी,96
विभिन्न,198
रविवार,143
फिर,48
मंत्री,96
शाम,46
साल,0
अभी,46
आरोपी,87
गयी,90
जाए,19
स्वास्थ्य,198
जिसमें,6
वहां,66
गिरफ्तार,126
स्थानीय,158
निगम,30
विधायक,167
प्रभारी,96
समेत,158
बनाने,33
माह,143
लाल,179
श्री,11
परिवार,84
दिनों,53
प्रदर्शन,0
इसकी,3
प्रयास,13
सरकारी,30
सामने,25
ग्रामीण,129
जिससे,172
सदस्य,96
बैंक,30
समाज,189
सुरक्षा,30
वाहन,181
समस्या,12
किसान,129
पूरा,19
देश,158
बारे,45
चलते,46
लगाया,181
हत्या,126
रहने,46
मिलने,148
बाहर,16
बाजार,140
सहयोगी,0
स्थिति,12
दूसरे,114
लगे,74
पदाधिकारी,96
चोरी,134
शिक्षक,135
प्रतियोगिता,180
भाग,3
मार्ग,15
मुख्यमंत्री,167
स्थान,184
प्रतिनिधि,96
सफाई,195
सकता,163
छात्रों,135
मंडल,186
मिली,34
होती,138
कर्मचारियों,30
आदेश,100
पहुंच,140
पिछले,0
लेने,19
होता,138
विरोध,83
नेता,83
प्राप्त,14
जगह,46
तैयार,19
सेवा,30
उनका,126
परिजनों,166
अपना,126
देर,114
जनता,83
चालक,181
प्रति,14
मिला,148
गंभीर,5
संबंध,36
संघ,96
अलग,138
जमीन,177
भवन,118
अध्यक्षता,96
जाती,1
वालों,22
उक्त,66
कर्मचारी,170
जल्द,126
प्रकाश,10
राष्ट्रीय,158
गुरुवार,143
बना,46
जाम,46
करेंगे,19
विशेष,163
स्तर,163
स्टेशन,62
व्यक्ति,14
लगी,74
महिलाओं,116
थाने,193
होकर,74
कमेटी,96
गये,83
राय,84
उसने,126
परिसर,62
देते,48
देकर,25
संबंधित,163
तरफ,22
पूरे,3
समारोह,143
उपलब्ध,141
प्रथम,80
सात,174
शिविर,90
शिक्षकों,135
भारत,158
सभा,167
बच्चे,116
लगभग,3
इसका,138
आगे,74
विजय,60
राशि,170
भर्ती,41
अशोक,150
दूर,15
वर्ग,3
परिषद,96
दिवस,143
मां,148
लाइन,62
होते,138
मारपीट,111
घंटे,62
पंजाब,167
प्रमुख,158
पिता,148
रखा,46
छात्राओं,86
पहुंची,90
आया,126
उसका,25
अवैध,153
इसे,145
दुकान,140
अगर,22
पता,32
इलाज,5
जमा,19
जिस,48
कोतवाली,106
आधार,6
विद्यार्थियों,135
जेल,90
नजर,146
मतदान,96
ज्यादा,116
लगाने,41
जिलाधिकारी,186
खेल,180
यदि,14
कर्मियों,30
दोपहर,46
सबसे,3
बोर्ड,30
चौक,62
भाई,126
प्रशिक्षण,30
शराब,97
ट्रक,181
सवार,74
बावजूद,146
पूजा,21
सदर,186
जाते,1
डीएम,85
हालत,22
गांवों,129
निरीक्षण,170
आरोपियों,166
हालांकि,0
युवा,84
चुकी,126
सदस्यों,96
वाहनों,181
सके,19
कार,181
बरामद,193
विद्युत,33
भारी,104
भेज,126
अनिल,34
चुके,126
जिसके,19
जीवन,189
नेतृत्व,83
चला,74
सहयोग,13
मनोज,148
भारतीय,167
वापस,90
बनाया,46
मार्च,0
वितरण,163
कुमारी,11
परेशानी,116
करके,48
कंपनी,30
प्राथमिक,163
प्रकार,138
कार्यकर्ताओं,83
कही,25
कराई,30
वजह,22
कृषि,129
पति,148
ध्यान,36
कोर्ट,87
संगठन,13
होना,14
जाएंगे,66
दूसरी,46
संबोधित,54
आपूर्ति,33
ताकि,48
लाभ,14
माध्यम,163
निर्णय,92
हाथ,74
बढ़,114
मुताबिक,146
बारिश,177
मिले,46
होंगे,19
सामान,97
विवाद,13
पाया,37
ऐसा,19
वाला,48
राज,60
सकते,14
संचालन,30
बिना,14
अजय,148
आंदोलन,83
जाना,35
वरिष्ठ,96
विधानसभा,167
देख,74
कुल,3
हाल,22
आवेदन,170
बने,161
भेजा,126
देखते,48
रखने,41
मंडी,186
तेज,16
चुका,25
मुकदमा,87
धरना,193
जिलाध्यक्ष,99
भूमि,3
ठाकुर,11
अदालत,87
पत्नी,148
इसलिए,48
बनी,46
रैली,90
जैसे,172
प्रतिशत,33
कहीं,48
सूत्र,149
फरार,193
क्या,25
सूची,32
परेशान,146
तैनात,90
साफ,154
तहसील,186
बनाए,19
अंदर,145
शासन,60
सुविधा,141
गाव,88
भगवान,150
दर्जन,182
बाबा,150
लगातार,116
उधर,74
पक्ष,87
समस्याओं,36
अतिथि,34
क्षेत्रों,3
अभियंता,101
मुख्यालय,186
फसल,129
मुखिया,96
करता,19
यात्रा,62
निदेशक,30
आवास,30
चर्चा,50
शादी,148
सहायक,144
थानाध्यक्ष,17
उपाध्यक्ष,96
वर्षीय,0
सांसद,167
निजी,30
आसपास,184
सकती,5
दास,11
जान,25
प्रत्याशी,96
तैयारी,90
ब्लाक,133
बाल,125
सिविल,92
भुगतान,170
पहचान,163
खराब,116
सेक्टर,30
पूछताछ,87
सम्मानित,84
जनवरी,0
अधीक्षक,193
ज्ञापन,153
प्रवेश,15
स्थल,184
प्रबंधक,0
प्रक्रिया,163
विचार,36
उच्च,198
कभी,114
पीछे,74
लगाए,19
कमी,5
इलाके,3
जाकर,53
जमकर,63
आश्वासन,13
वेतन,170
जून,0
सप्ताह,0
तहरीर,176
यही,25
रेल,62
हासिल,126
बताते,45
विश्वविद्यालय,135
यूनियन,0
केवल,14
मदद,146
उत्तर,186
मैदान,184
खंड,170
मौसम,177
मरीजों,5
मगर,22
स्वागत,143
मकान,72
रोक,19
निर्धारित,170
खुद,126
बेहतर,22
नदी,184
पुल,184
अंतिम,32
ठीक,114
पेश,100
लगाई,104
खर्च,140
सिर्फ,22
लूट,60
बहुत,1
जरूरत,163
कार्यकर्ता,83
प्रभावित,12
बेटी,148
कर्मी,54
राजीव,167
द्वितीय,60
दें,154
नेताओं,83
घरों,46
उपचार,5
महतो,86
केन्द्र,158
समीप,184
सही,14
उपायुक्त,66
मार,126
जनपद,186
तौर,41
योजनाओं,30
हादसे,146
उर्फ,167
विद्यालयों,135
लगाकर,114
यात्रियों,62
अंतर्गत,170
फरवरी,0
संयुक्त,0
चेयरमैन,0
पार्षद,133
लगने,16
संस्था,92
गेहूं,68
मृतक,66
देखा,74
दीपक,21
रहता,1
उद्घाटन,143
कल्याण,189
राहत,66
संतोष,50
प्रदीप,171
घोषित,96
प्रस्ताव,96
सफल,146
नामांकन,0
पाल,167
आयोग,92
लोक,92
पेयजल,129
मीटर,184
जुलाई,0
पहली,0
प्रबंधन,30
कक्षा,10
न्यायालय,87
प्रदान,198
रहते,1
बदमाशों,176
गंगा,21
धान,68
सीमा,3
करवाया,161
सामना,90
दिसंबर,0
इधर,74
मांगों,13
महासचिव,96
अतिक्रमण,100
जीत,180
स्थानों,184
पदाधिकारियों,92
तलाश,126
टक्कर,65
नुकसान,116
माता,150
अज्ञात,32
लागू,170
जरूरी,41
मंच,54
राजकीय,158
बीडीओ,78
युवकों,83
दिशा,138
अतिरिक्त,138
शीघ्र,55
दिवसीय,180
उसी,25
पार्क,62
प्रेम,42
रास्ते,46
चलने,46
प्रत्येक,14
ऐसी,19
संस्थान,135
विरुद्ध,100
घोषणा,0
सुभाष,83
प्राथमिकी,193
बल्कि,25
चौकी,88
चंद,192
चंद्र,11
कब्जे,90
मनाया,143
केंद्रीय,92
तभी,113
कहते,1
रखे,19
गोली,191
बयान,25
जवाब,154
प्रयोग,163
युवाओं,54
गर्मी,177
रखी,46
सामाजिक,36
आनंद,152
चयन,141
लक्ष्य,36
किशोर,148
नीचे,1
आते,184
सरपंच,63
गुरु,150
केंद्रों,30
महीने,174
प्राचार्य,86
लापरवाही,85
कोशिश,146
तीनों,89
बजट,30
क्योंकि,114
प्रधानमंत्री,96
किनारे,184
चोरों,63
पेंशन,92
युवती,148
समाधान,36
पहुंचने,65
समाप्त,41
पालिका,186
श्रद्धालुओं,21
तमाम,22
प्रस्तुत,36
कदम,13
बनने,0
संजीव,148
सवाल,146
खरीद,140
वोट,96
चिकित्सक,5
शाखा,80
गैस,172
अचानक,114
करती,172
इनमें,138
जिसे,46
चले,126
पवन,181
नवंबर,0
जागरूक,54
करवाने,92
व्यक्त,36
छोटे,145
हिस्सा,46
मतदाता,96
देना,19
सुधार,198
विभागीय,66
विषय,50
संघर्ष,83
दुर्घटना,65
चेतावनी,153
मध्य,3
रहती,1
बता,25
अगस्त,0
सम्मेलन,96
आयुक्त,92
गिरफ्तारी,87
संपन्न,36
मेला,21
अक्टूबर,0
किये,41
दुकानों,140
थीं,60
हजारों,21
यातायात,62
प्रताप,167
साइकिल,181
काबू,116
तालाब,184
खाली,153
खेत,97
समीक्षा,41
लिये,138
संबंधी,198
मेले,21
मोटरसाइकिल,181
शांति,83
पूर्ण,36
गायब,117
हंगामा,146
समक्ष,87
मात्र,149
आकर,15
उससे,48
अधिकार,92
परिजन,40
आलम,126
स्वामी,150
हमला,90
दिखाई,16
कब्जा,90
कानून,13
लेते,48
दर्जनों,49
चिकित्सा,5
दवा,5
चलाया,90
बनाकर,74
संपर्क,32
बीते,171
गठन,96
चपेट,116
रोजगार,30
महाविद्यालय,135
सौंपा,92
माध्यमिक,135
भविष्य,198
विज्ञान,162
तत्काल,41
सम्मान,84
सत्र,0
दुष्कर्म,40
चरण,163
हेतु,30
निरीक्षक,66
जिन,48
क्रम,138
फैसला,126
समर्थन,13
आर्थिक,198
रुपए,170
परियोजना,30
अवगत,100
साढ़े,174
पुरस्कार,84
चिकित्सकों,5
लाखों,123
बैठे,25
डेढ़,174
एक्सप्रेस,62
रोकने,116
बस्ती,46
सामान्य,163
भूमिका,34
पंकज,148
सैनी,192
मजदूर,83
वर्षो,189
स्थापित,158
पाई,37
राजकुमार,60
दर्शन,89
निज,77
शुभारंभ,54
राजस्व,30
निकाली,104
मिलकर,46
माहौल,54
दूसरा,6
बेटे,126
वर्तमान,158
योग,149
उम्मीद,22
स्थापना,158
साहिब,192
फीसद,119
बनाई,62
पढ़ाई,84
डिग्री,177
विश्व,158
जिम्मेदारी,13
रहेगा,19
सफलता,146
आवश्यक,14
करेगी,19
सितंबर,0
परिणाम,12
भगत,167
सहायता,14
पहुंचकर,53
गंदगी,195
मजदूरों,13
स्वयं,55
धर्म,29
मनरेगा,118
पर्व,21
संत,150
रवाना,90
इंतजार,153
राशन,140
आधा,104
रोष,188
तरीके,163
सुनवाई,87
बातचीत,146
गलत,32
झारखंड,186
मालिक,22
मामलों,41
हमारे,25
घायलों,166
प्रमाण,55
लाने,19
बिल,87
जख्मी,191
चोर,81
प्रशासनिक,158
धमकी,126
ट्रैक्टर,181
महिलाएं,129
क्षेत्रीय,30
क्रिकेट,180
फिलहाल,0
गरीब,54
खत्म,146
प्रधानाचार्य,86
लौट,126
पंचायतों,92
अधिवक्ता,87
उपभोक्ताओं,198
यात्री,62
दुकानदारों,18
इनके,80
पटना,186
दैनिक,84
निकट,15
पहल,54
मरम्मत,181
जायेगा,153
मोर्चा,90
अरुण,167
उसमें,48
विद्यार्थी,135
होली,143
हमें,25
आगामी,0
रवि,11
पक्षों,36
तार,145
इलाहाबाद,186
दाखिल,76
मिलेगा,19
जाति,80
डाला,74
भ्रष्टाचार,13
प्रचार,189
बचाने,74
मिलते,80
निकाला,114
करनी,19
साबित,22
पाए,37
तृतीय,80
उठाया,126
पुत्री,150
ऊपर,1
हिरासत,87
स्तरीय,30
सजा,90
मरीज,5
वक्त,22
कमरे,49
पशु,37
असर,116
पर्यावरण,198
व्यापारियों,158
नया,32
नियुक्ति,92
अंजाम,146
घाट,184
रंग,145
खबर,146
इतना,48
ताला,153
पहला,0
चली,74
व्यापारी,140
तहसीलदार,193
जागरूकता,198
पाने,41
अभाव,12
उनसे,25
विभागों,92
संचालित,62
देखकर,42
परंतु,149
निर्वाचन,167
खेती,97
देंगे,25
कस्बे,186
सूत्रों,149
अंक,32
शुल्क,170
जयंती,143
उठा,74
ज्ञान,55
आह्वान,189
टिकट,62
पटेल,167
पैसे,140
नारेबाजी,56
वसूली,170
लगाते,74
चलाने,141
पार,184
रात्रि,21
नौकरी,84
शहीद,126
कराए,66
जुलूस,143
निकल,74
नहर,184
दिलाने,83
करे,19
रानी,60
चालकों,181
बढ़ाने,198
मुक्त,12
संयोजक,138
तिथि,32
शौचालय,85
अगले,180
सांस्कृतिक,158
भोजन,37
संभव,12
राजनीतिक,13
खाद्य,33
कला,152
जिसकी,46
कैसे,154
संरक्षण,198
पंडित,11
बीमारी,5
वार्ता,13
नियमित,41
फर्जी,101
उद्देश्य,198
करेगा,19
आगरा,186
बदमाश,69
बरसात,123
खुशी,148
मशीन,141
दुकानदार,24
शिकार,179
दिये,83
महत्वपूर्ण,162
जोर,36
मैं,25
ठंड,177
तीसरे,174
कीमत,140
वितरित,141
कथा,152
मतदाताओं,96
तुरंत,41
खास,49
पालन,14
रहेगी,19
मुश्किल,116
जिसका,6
मिनट,62
धारा,170
शुरुआत,0
किलो,177
पैसा,140
बूथ,101
पैदा,48
सिंचाई,129
विजेता,180
जन्म,6
दावा,87
जिलों,186
मजबूर,126
छापेमारी,188
आशा,100
करवा,192
प्रत्याशियों,193
इलाकों,3
खेतों,97
मौका,146
बढ़ा,19
मिट्टी,97
विशाल,161
हटाने,41
अरविंद,11
मानव,12
रहीं,148
भरा,104
रांची,62
संदेश,153
बालिका,86
निकाल,114
बचाव,116
लोकसभा,96
बधाई,54
नाथ,11
विस्तार,3
पुरानी,80
सिर,16
ठेकेदार,140
आर्य,80
उपाध्याय,11
उचित,14
बसों,62
होटल,62
बातें,25
वैसे,1
क्यों,25
व्यापार,30
कटौती,170
सेना,90
दबाव,172
नशे,114
परिवहन,33
मार्केट,140
जब्त,87
अफसरों,90
आशंका,116
उत्पादन,33
अपराध,87
पाठक,152
पुराने,6
समापन,0
मान,138
उद्योग,33
हालात,22
संकट,13
जताया,166
योगदान,135
पीने,97
सुशील,86
नियमों,36
प्रबंध,30
मारने,74
दहेज,148
उनको,25
बिक्री,140
बाढ़,184
परिवारों,158
रोडवेज,120
सख्त,22
महामंत्री,86
लागत,33
संदिग्ध,100
गली,49
अध्यापक,135
बहादुर,167
लाया,19
सामग्री,163
विधान,167
रहेंगे,48
अधिकांश,6
रोग,5
जताई,90
अर्चना,21
तापमान,177
प्रतिदिन,129
संभावना,163
अपहरण,90
स्वच्छता,129
महाराज,150
आरक्षण,92
करवाई,192
विनय,193
मुआवजा,66
शहरी,158
संकल्प,92
निकले,74
पूजन,21
स्पष्ट,55
इस्तेमाल,163
खाते,19
मोहल्ला,192
लिखा,45
मुहैया,30
गीत,34
कार्यरत,30
खनन,33
बहन,148
खाद,33
गंभीरता,110
मांगी,87
हमेशा,22
न्याय,50
जूनियर,0
गौरव,189
माल,19
मिलेगी,19
गठित,92
किशोरी,148
गणेश,21
माना,6
सुरक्षित,141
तत्वावधान,135
ज्योति,89
शरीर,5
नीरज,86
शांत,113
किलोमीटर,184
मनीष,148
अपराधियों,100
पिटाई,191
धार्मिक,29
आदर्श,36
रास्ता,46
मुकाबले,180
बाबू,11
नवीन,149
उमेश,86
याद,25
अभिभावकों,110
बढ़ने,116
मजबूत,198
सिपाही,90
छानबीन,87
मजिस्ट्रेट,87
मीडिया,0
कश्मीर,186
सौंप,60
महेंद्र,192
निस्तारण,118
चारों,1
घटनाओं,162
आबादी,3
कक्ष,161
दोषी,87
कन्या,150
ब्यूरो,30
होनी,14
चक्कर,114
महोत्सव,143
अच्छी,48
गुहार,26
ग्रहण,50
प्रतिमा,161
ढंग,36
सोनी,34
पदों,92
भक्तों,89
जवानों,193
दौरा,0
लंबी,145
आये,60
उम्मीदवार,96
सोने,8
कमल,21
शक्ति,14
सुविधाएं,30
नृत्य,125
अहम,158
राजनीति,83
जायजा,193
नीति,13
गति,138
अनेक,149
मास्टर,84
सुमन,11
जंगल,184
शोर,181
पैदल,184
खाने,97
फाइनल,180
गीता,89
दूरी,184
सुनिश्चित,198
गरीबों,54
बीज,37
लंबे,145
कार्यशाला,54
लेना,14
हूं,50
उपभोक्ता,30
संस्कृति,80
मोटर,181
गृह,96
प्रवीण,86
भीतर,138
खूब,22
अनुमति,41
खुले,104
अखिलेश,86
दीप,21
आती,1
चौराहे,88
सब्जी,68
चालू,141
दूध,97
बादल,1
नियुक्त,96
वीरवार,56
नियंत्रण,41
कार्यकारिणी,96
अनुमंडल,186
सक्रिय,41
जवान,126
प्रवक्ता,84
ओमप्रकाश,86
आता,1
लिखित,84
काट,74
जर्जर,187
अध्यापकों,135
अफसर,90
नकदी,140
वार्षिक,30
संचालक,30
अजीत,192
आदमी,22
मिलता,80
विवाह,150
विश्वास,50
वृद्धि,163
नाले,123
विरोधी,13
डाल,48
यज्ञ,89
निकासी,33
निकला,46
इन्हें,80
कार्यक्रमों,30
चालान,59
सुविधाओं,30
सभागार,49
बच्ची,148
किस,48
शेष,59
शपथ,96
राजा,60
बीस,174
आक्रोश,51
इकाई,163
गैर,41
लाइसेंस,141
डाक्टर,43
पुरुष,91
दरबार,60
धनराशि,170
दोबारा,22
न्यायिक,92
इनकी,80
पाठ,32
तैनाती,65
बताई,91
गन्ना,129
बालक,89
तकनीकी,198
उपस्थिति,12
वही,25
लक्ष्मी,21
जुर्माना,87
उपयोग,163
संगठनों,13
कमिश्नर,90
वित्तीय,30
जुट,83
निकलने,1
जैसी,114
धरने,28
उम्र,146
साथी,126
प्रतिभा,152
जगहों,184
समूह,163
आवश्यकता,163
रक्षा,13
बतौर,148
वित्त,30
भरने,181
श्रद्धालु,21
डालने,114
प्रदूषण,33
पौधे,37
दौर,0
सर्वे,101
कंप्यूटर,141
टूट,74
घटनास्थल,136
चाहते,154
बकाया,170
हवा,104
महत्व,149
अभिषेक,21
भजन,11
सुधीर,86
गुप्त,60
आजाद,83
प्रेरित,110
लुधियाना,167
दिखा,25
अनशन,193
बाधित,41
बजाय,41
लगता,117
सामुदायिक,30
सीधे,19
अलीगढ़,186
जाच,112
हमले,90
रफ्तार,181
आना,114
तेल,33
विधि,14
स्वच्छ,129
बदल,154
दुकानें,62
पशुओं,37
पहुंचाने,116
पेट्रोल,181
उठाने,19
इसको,48
वंचित,100
अंत,0
अधिनियम,170
बुरी,74
भेजी,134
आशीष,56
पूर्वी,3
प्रधानाध्यापक,86
खाना,97
पाकर,42
गौरतलब,57
चुनावी,96
विकेट,180
आश्रम,150
उत्साह,189
बेहद,146
कहां,53
रोशन,148
पंप,172
क्षतिग्रस्त,5
मूल्य,170
संस्कार,89
महज,146
चिकित्सालय,43
मृत,185
ट्रेनों,62
रोज,49
छोटी,145
साथियों,126
लंबित,87
बेचने,140
वक्ताओं,4
बढ़ती,172
आपदा,100
कारोबार,140
हिमाचल,186
बाकी,62
प्रारंभ,32
हिसाब,48
नजदीक,62
कराकर,144
प्रार्थना,42
कुलपति,135
पुतला,176
दिक्कत,76
मुलाकात,146
धूप,104
इंचार्ज,38
भेजने,153
सोसायटी,135
मतगणना,133
देता,48
जिम्मेदार,41
इतनी,114
मेहता,11
नियम,14
सार्वजनिक,30
सर्जन,43
जायेगी,153
कांड,150
कोषाध्यक्ष,18
स्कूली,135
पुष्टि,100
अखिल,135
अच्छा,48
अनाज,97
धर्मशाला,21
बीमा,170
कानूनी,41
मात्रा,172
वीरेंद्र,192
समस्याएं,5
विहार,161
आवागमन,3
खतरा,116
प्रतिनिधियों,96
रखते,48
मांगा,101
भरे,104
लें,154
विद्या,89
फुटपाथ,191
मजदूरी,170
श्रेणी,138
कौन,25
यमुना,21
खोलने,153
सुंदर,161
चीनी,3
मारकर,74
भ्रमण,150
आत्महत्या,116
पोल,49
नागरिक,13
अंचल,186
जिनमें,6
चयनित,153
लेंगे,25
ससुराल,148
सामूहिक,6
रक्तदान,56
जुटे,51
निकालने,172
पदक,180
मिलती,184
महंगाई,73
चिंता,116
क्षमता,163
निर्मल,77
समर्थकों,90
गोदाम,140
आक्रोशित,166
मुंह,114
भाव,89
फायदा,22
कौशल,198
पत्रकारों,84
अमर,11
मुद्दे,13
अंकित,161
अच्छे,48
प्रदर्शनी,143
बृहस्पतिवार,26
टूर्नामेंट,180
फसलों,129
काली,184
निगरानी,30
न्यायाधीश,87
स्वरूप,149
कार्यवाही,87
याचिका,87
भरोसा,25
भेंट,143
भेजे,134
समुदाय,158
अनुसूचित,92
घंटों,116
पहुंचाया,46
हाथों,74
गुणवत्ता,198
बांध,184
करायी,54
कस्बा,186
एडवोकेट,87
ढाई,88
नाटक,152
धीरे,145
दुरुस्त,22
रुपया,66
फूल,37
हमारी,25
मानदेय,118
सकेंगे,19
गुरुद्वारा,192
उनमें,48
सागर,184
ममता,148
बदलाव,163
गिरने,1
व्यवसायी,84
मेहनत,146
सेवक,42
बुलाया,126
संध्या,171
अभ्यर्थियों,118
परीक्षण,163
काटने,104
इंतजाम,72
हरी,97
फैसले,87
मना,126
हथियार,90
दफ्तर,176
पर्यटन,62
धूमधाम,21
पर्याप्त,163
घेराव,178
पुरस्कृत,84
सौंपी,96
स्वर्ण,174
मेरे,25
स्व,11
ऑटो,62
टाटा,62
फीस,170
शाह,60
सदन,96
प्राथमिकता,198
पूनम,148
भव्य,161
मोहल्ले,72
कैलाश,21
कलाकारों,34
सत्ता,189
आरती,21
संगीत,34
पश्चिम,3
टीमों,180
प्रभाव,12
अस्पतालों,198
संसाधन,198
त्यागी,86
भारद्वाज,11
बेटा,126
विशेषज्ञ,41
तत्कालीन,167
नामक,80
लापता,146
बोल,126
निकली,1
दीवार,104
खाता,153
शुरु,6
पत्थर,104
राजमार्ग,62
शिक्षण,135
राजधानी,3
उपरांत,150
राज्यों,158
देखरेख,135
डाक्टरों,43
रेखा,145
साहब,192
अवकाश,54
रुप,32
बच्चा,114
सड़क,62
भरी,104
व्याप्त,189
आपसी,13
अगुवाई,90
चावल,68
भले,50
संपत्ति,170
औद्योगिक,33
बढ़ी,116
पश्चिमी,3
दर्द,5
रोजाना,49
रखकर,14
जिन्हें,48
आभार,171
वरीय,119
सारी,25
बताए,50
चलता,117
इनका,80
कायम,13
एकता,189
सुनाई,126
दलों,96
हादसा,111
पूछा,126
हवाले,134
डॉक्टरों,116
राख,104
मुस्लिम,60
नाराजगी,166
मंत्रालय,30
सलाह,87
अनुदान,30
निधन,167
रणनीति,41
सूरज,46
गोष्ठी,86
मुझे,25
नये,118
छूट,170
श्रद्धांजलि,143
बहाल,90
जुटी,178
बीमार,126
स्वीकृति,92
कंपनियों,30
मंदिरों,161
लीटर,33
तीसरा,3
भागने,126
भक्ति,89
प्रेस,84
इतिहास,80
दिलाया,126
समझ,25
विकसित,163
हित,92
अमन,22
बढ़ावा,198
शोक,42
सहमति,13
फीसदी,140
बिहारी,11
मुहल्ला,64
सूबे,63
सकें,19
समान,138
शोभायात्रा,26
वातावरण,12
जाएंगी,66
दुनिया,22
अपराधी,100
प्रेमी,148
लाठी,74
जानी,170
कीर्तन,21
अंग्रेजी,84
खरीदने,140
परिवर्तन,12
स्वीकृत,92
उत्पन्न,138
भावना,189
उतर,74
माने,89
राज्यपाल,96
अभिभावक,76
आरंभ,32
नागरिकों,13
घुस,74
नाला,88
अधिकतर,1
बदले,19
चोट,116
बदलने,141
छुट्टी,100
बैठा,74
कार्यपालक,92
अक्सर,116
विगत,54
हों,19
खून,114
आचार्य,89
सत्यापन,153
समन्वयक,118
व्यवहार,14
लिखे,152
सुनने,25
जाया,46
मूल,162
अवधेश,133
मुहिम,176
बीएसए,115
मूल्यांकन,198
गुजर,72
दायर,87
पढ़ने,45
निलंबित,41
हत्याकांड,188
बीमारियों,5
पोलियो,116
न्यूनतम,163
क्रय,170
वर्षा,177
बुजुर्ग,115
पैर,16
कराना,14
तैयारियां,72
भूषण,11
नीतियों,13
करवाए,166
बंसल,86
सचिन,180
अथवा,138
आवासीय,62
मांगे,66
मानें,134
सफर,46
भाषा,80
प्रस्तुति,34
रहना,114
आयु,174
गतिविधियों,198
दीक्षित,11
चौराहा,88
दर्जा,158
ऑनलाइन,141
जलकर,74
दीपावली,21
हस्ताक्षर,96
नाराज,146
खोल,154
तलाशी,66
फांसी,90
दाम,140
समाचार,84
दिखाया,146
बनकर,74
अंतरराष्ट्रीय,0
शिरकत,176
निशान,16
तनाव,5
बाग,161
सुनकर,42
विवाहिता,171
सदस्यता,96
मैनपुरी,186
तैयारियों,166
फैल,46
आवंटन,170
चंदन,8
डीजल,33
नशा,159
कविता,152
दरअसल,110
देरी,41
ऊर्जा,172
कोतवाल,63
बसें,62
मान्यता,189
जोरदार,146
देहात,186
सालों,0
अदा,134
प्रावधान,92
महाप्रबंधक,101
संस्थाओं,198
कपूर,34
प्रगति,198
पंजीकरण,30
छापामारी,72
सोच,110
मालूम,25
सीटों,96
पदार्थ,172
दलित,83
गले,114
पचास,174
रोका,48
उत्सव,143
विश्वकर्मा,91
बाजारों,140
बैठ,74
बदायूं,192
बाहरी,145
प्रस्तावित,30
डेंगू,155
परीक्षार्थी,43
कारणों,12
स्वीकार,50
ललित,152
केन्द्रों,30
कागजात,66
मूर्ति,161
राष्ट्रपति,96
मनमानी,166
सेवानिवृत्त,96
दहशत,176
समाजसेवी,167
कार्यकारी,96
महसूस,110
चलाई,63
चाय,68
थानों,156
खरीदारी,140
अर्पित,150
सारे,25
उम्मीदवारों,96
मस्जिद,60
महानगर,186
सेवाएं,30
बगैर,22
खेलों,180
शिकायतों,170
विदेशी,30
मानसिक,12
अनुपस्थित,85
चुना,0
करार,170
लिहाजा,130
आखिर,146
घरेलू,33
मुजफ्फरपुर,186
हिदायत,22
डाक,153
धाम,21
एकत्र,14
पीटा,191
पारा,172
सेहत,116
शिकायतें,118
ट्रैक,153
आसमान,22
योजनाएं,30
सिलसिला,126
देती,16
राहगीरों,199
वकील,87
पुराना,161
कार्यकाल,96
लक्ष्मण,150
पेपर,141
गिरी,15
मनाने,143
बचने,116
निवास,186
सहारा,123
आवंटित,30
मांगने,148
शरण,42
आयी,22
एकत्रित,138
श्रम,198
सेमिनार,54
बंगाल,167
प्रणाली,163
व्यक्तियों,36
गलियों,49
विमर्श,189
सूर्य,10
मचा,74
आग्रह,189
मनोहर,11
अधिकतम,163
पंजाबी,11
काला,179
सौरभ,86
बंदी,90
उल्लेखनीय,152
चुनौती,13
प्रांगण,161
हार,90
पाते,114
इंकार,87
दिल,22
जिंदगी,146
प्रसार,36
परमजीत,79
किरण,10
परिचय,152
खोला,62
पानीपत,60
जवाहर,167
श्रमिकों,198
अवतार,150
वृद्ध,42
पंजीकृत,30
त्योहार,143
आधारित,162
वैज्ञानिक,162
अनदेखी,110
तले,81
स्वतंत्रता,83
सारा,53
कहने,25
ठोस,172
चलेगा,134
ग्राहकों,140
शिशु,5
मुफ्त,141
नाबालिग,18
परीक्षार्थियों,43
बीती,130
फेंक,74
अंतर,138
पाली,186
मृत्यु,42
द्वार,161
विकलांग,43
साजिश,90
स्मृति,32
कलश,21
भीषण,188
सर्विस,0
काउंटर,41
अवधि,170
मंजू,86
तीस,174
समस्त,149
टीमें,180
बालू,1
स्नान,21
राष्ट्र,13
कुरुक्षेत्र,150
डाली,74
बचा,48
संगत,36
भक्त,150
प्रकट,55
बारह,174
आंखों,16
चेहरे,114
स्थायी,41
शिनाख्त,47
तारीख,170
बनवाने,88
भोला,122
सुझाव,41
चलाए,19
बर्बाद,22
सचिवालय,92
संज्ञान,43
बहिष्कार,83
मारी,46
प्रेरणा,152
बांका,133
शारीरिक,5
व्यापक,198
हमारा,25
कामना,42
समाजवादी,83
सहकारी,30
मुक्ति,189
प्रतिभागियों,54
कैद,126
समझा,19
विदेश,96
नकल,32
सायं,143
जिनके,48
हमीरपुर,186
तत्वों,12
अनियमितता,85
पंच,21
सख्ती,22
बुरा,25
चांदी,8
चन्द्र,11
स्टोर,153
वीर,150
बीत,42
हवन,91
निधि,170
नगरपालिका,186
मौलाना,83
लघु,141
नायक,152
हादसों,131
पंचायती,158
देखी,1
गार्ड,90
सराहना,54
शुरूआत,0
गश्त,65
अनिवार्य,14
संग,122
रिक्त,153
वेलफेयर,101
चुनावों,96
पटरी,181
खुला,46
कैमरे,141
मौजूदा,141
पारित,92
मंगल,10
विजयी,126
मौजूदगी,116
समझौता,13
रखना,14
पार्षदों,190
नरेन्द्र,167
बैठने,53
शानदार,143
सुरजीत,133
बर्दाश्त,176
होंगी,19
रोशनी,16
इतने,74
आसानी,172
देवघर,21
लगते,114
चेन,181
संसदीय,96
अभियुक्त,87
सरदार,63
दान,42
डालकर,104
कार्यालयों,30
सैनिक,90
खुली,48
जबरन,90
नोट,141
रिक्शा,62
शोभा,15
दक्षिण,3
तलब,134
पट्टी,145
ग्रेटर,62
स्थलों,161
गाय,97
आपस,48
चाहती,146
सीडीओ,196
कमजोर,116
भाषण,83
बराबर,48
परेशानियों,110
निरस्त,41
मायके,112
हिंदू,29
रखें,154
तस्करी,116
पलट,126
अनियंत्रित,116
टेंपो,194
पहुंचते,123
ऐतिहासिक,80
वंदना,77
पेट,114
विशिष्ट,163
रेट,59
बागपत,186
मेरी,25
दरवाजे,88
खारिज,87
छोटा,145
हैंडपंप,139
बुखार,5
ढेर,104
उसको,25
नाली,104
राह,22
कवायद,115
रहें,48
छावनी,63
नष्ट,12
कप्तान,180
पौधरोपण,18
मशक्कत,160
पश्चात,100
आजादी,83
शिक्षिका,148
शशि,148
आस्था,29
मनाई,143
गाजीपुर,186
कचहरी,63
बनाना,33
बढ़ता,172
घटनाएं,116
हटा,154
ज्यादातर,116
पत्रों,84
खेला,180
दिखाकर,171
आधुनिक,162
उदय,80
प्रभात,171
प्रतिनिधिमंडल,96
उल्लंघन,100
यहीं,21
उठाए,19
प्रकाशित,84
हिंदी,11
मुकाबला,180
एकजुट,13
गईं,90
अमल,22
सहारे,16
उठे,74
सेंट्रल,62
खेलकूद,54
आधे,177
मोहित,148
शहरों,62
हुये,150
कबड्डी,93
संस्थानों,135
बोले,25
अगली,146
अधिग्रहण,30
सास,148
छापा,72
कैंसर,5
मुहल्ले,56
गिरा,74
दिखे,146
लेखपाल,133
खतरे,116
सलाहकार,96
आलू,68
कोयला,33
छात्रवृत्ति,135
पोस्टर,34
प्रजापति,89
कुशीनगर,186
अनुरूप,36
भाइयों,126
काटकर,104
संहिता,92
छीन,126
भूख,114
हटाया,41
क्षति,5
पीछा,126
सेल्सियस,177
सूचित,41
उपकरण,163
चित्र,32
रंजिश,2
स्वस्थ,5
अतिथियों,171
सांस,159
नींद,114
सभासद,178
उपजिलाधिकारी,133
अल्पसंख्यक,158
गाली,173
लूटपाट,188
सत्संग,77
बंधक,140
क्विंटल,95
तकरीबन,62
रूपये,140
चाहे,48
हिस्से,177
ठेका,59
प्रांतीय,96
निकालकर,114
निश्चित,14
बदला,48
बचाओ,63
दौरे,0
शांतिपूर्ण,13
बिलासपुर,186
प्रकोष्ठ,144
शोषण,13
नमाज,134
गर्म,177
बुलंदशहर,186
साइंस,135
दबोच,61
मानक,163
जीता,180
गौर,179
नायब,63
नकद,170
कवि,152
महीनों,116
मित्र,42
बढ़ते,116
सर्व,89
महादेव,21
बढ़ोतरी,129
सर्दी,177
वासियों,188
उपलक्ष्य,143
चलें,199
दूबे,193
विवश,100
पंद्रह,174
प्रसिद्ध,80
दशा,14
मासूम,187
मार्गो,123
दाखिला,84
संरक्षक,100
डेरा,63
सेवन,5
सर्वाधिक,80
फाटक,88
मारा,126
नारे,83
गोल,145
नवरात्र,21
पात्र,34
रोगियों,5
करंट,65
उठाई,83
चुने,96
दर्शकों,34
अभय,148
किराया,140
विस्तृत,80
गावों,88
शैक्षणिक,135
नलकूप,64
संस्कृत,80
झुलस,142
तकनीक,163
जेवर,47
मांगें,18
समर्थक,83
पूछे,154
अनुरोध,87
सुख,42
प्रशांत,3
दरभंगा,186
रहकर,42
उठाकर,74
पहलवान,180
सवा,49
निशाना,90
अवस्था,138
समर्पित,143
देगी,19
विदाई,148
वार्डो,133
जनप्रतिनिधियों,151
सर्वसम्मति,96
अति,138
निकाय,92
चलाकर,181
लाकर,74
बारी,114
गणित,162
नतीजा,22
नालियों,104
विषयों,36
व्यस्त,62
आकाश,1
जिन्होंने,126
बनाये,93
महात्मा,83
संदर्भ,36
प्रतियोगिताओं,180
दोस्त,126
दशक,0
गर्भवती,5
चाकू,191
मालिकों,140
स्थगित,87
लाश,22
हाजी,60
इटावा,186
बढ़ाया,19
टोल,18
घुसकर,47
खुल,74
पत्रकार,84
प्लान,62
तालाबों,37
जेब,191
फूंका,2
अवश्य,55
आचार,36
संचालकों,144
परिस्थितियों,12
कितने,48
टूटी,105
संगीता,86
बैठकर,53
कुंवर,167
जहर,159
पुलिसकर्मियों,193
पुलिया,160
विष्णु,150
टीकाकरण,5
कार्यों,198
वेबसाइट,141
फंसे,116
चलती,184
गन्ने,68
वापसी,0
मैन,34
झंडी,101
फिरोजपुर,186
सिख,29
प्रसव,5
गंदा,160
खाद्यान्न,129
उत्पाद,33
सराहनीय,54
जल्दी,114
दिखाने,154
सूरत,46
गुजरने,145
आएगी,48
जगत,89
यानी,35
हराया,180
मुद्दों,198
संवेदनशील,12
बगल,88
भेजकर,63
रिश्तेदार,24
फीट,184
वैन,0
शिलान्यास,192
दायित्व,92
कैंट,44
पर्चा,44
तस्वीर,32
जाट,186
परिचालन,30
फीडर,139
कराते,144
हेक्टेयर,129
अनुज,150
जताते,176
गला,114
खातून,193
लुटेरों,188
डाले,48
कामकाज,92
सुनी,25
मानना,29
अभ्यर्थी,43
किल्लत,44
मिलाकर,68
आबकारी,118
दंडाधिकारी,187
शोध,162
मारे,126
खुलने,129
देगा,48
मुकदमे,87
ससुर,187
सील,181
घंटा,145
निंदा,83
लगेगा,154
मिलन,55
ध्वस्त,188
उच्चाधिकारियों,99
पथराव,40
तीसरी,174
आतंकी,90
निदान,5
सत्य,55
आत्मा,89
लेन,140
विरूद्ध,13
मनोरंजन,34
हकीकत,51
प्रखंडों,120
महासंघ,96
आपराधिक,87
कलाकार,34
वेद,89
ओझा,150
आला,22
घोटाले,90
निपटने,198
खेलने,180
भागवत,89
सीता,150
साधन,14
विमल,86
कैबिनेट,96
बवाल,176
नितिन,148
साहित्य,152
मामूली,116
अकादमी,84
चाहता,25
बेच,140
लाई,104
पसंद,32
रजिस्ट्रेशन,59
स्नातक,135
बसंत,28
राज्यमंत्री,167
हवाई,62
जाये,116
गठबंधन,96
गणमान्य,86
विधायकों,96
जानने,25
कहकर,42
रामचंद्र,11
चौथे,174
इंटरनेशनल,0
हर्ष,89
सदस्यीय,96
चार्ज,181
शाही,60
भागीदारी,30
जानलेवा,159
कराएं,59
माफिया,146
आगमन,80
आएंगे,17
मंजूर,66
मंचन,34
पुस्तक,152
पूर्ति,14
श्रद्धा,89
कंबल,195
लिपिक,66
विक्रेता,140
लंगर,53
ताले,47
उतार,74
देखे,1
मिठाई,68
कटान,123
गोस्वामी,11
जलापूर्ति,123
लगाना,14
कारोबारी,140
दिनभर,88
दसवीं,80
जैसा,55
महासभा,83
जलभराव,123
दिलाई,126
ग्यारह,174
तिलक,11
खासकर,116
परंपरा,80
मेरा,25
माल्यार्पण,82
मानते,29
बीबी,126
उपमंडल,72
खुर्द,186
चाचा,148
तब्दील,65
आधी,46
मासिक,59
इंस्टीट्यूट,135
जीटी,93
ऊधमपुर,156
स्पष्टीकरण,66
कोहराम,119
फटकार,176
लोगो,25
प्यार,148
कामयाब,126
कमला,11
पुलिसकर्मी,191
बाला,126
देशों,158
रजिस्टर,141
दक्षिणी,3
आसान,22
दमकल,58
भूकंप,177
बुलाकर,192
व्यवसाय,30
बाधा,12
आपत्ति,50
होश,40
ग्राहक,140
विधिक,92
जागरुकता,54
अनुराग,11
काटा,145
मजबूती,144
बताने,45
प्रदर्शनकारियों,90
दुख,42
हरकत,22
प्रतिबंध,41
लिखकर,45
संविदा,170
गुलाब,49
बेटियों,126
प्रमाणपत्र,153
गुजरात,186
दोषियों,166
सटे,184
अधीन,92
वाद,87
वकीलों,87
जेवरात,151
संसद,96
आशीर्वाद,150
पौधों,37
कोहरे,123
जलस्तर,123
शुद्ध,138
चैंपियनशिप,180
रक्त,5
बचे,46
भीम,150
सरिता,26
वादा,100
चलना,114
निभाई,34
प्रतीक,32
ठगी,165
उत्तम,55
बजाए,153
उजागर,110
सवारी,46
पाठशाला,11
लौटने,90
सुबोध,94
उत्तरी,3
सेवाओं,30
दूषित,5
काले,16
अविलंब,157
हमने,25
ऊना,88
बेरोजगार,54
आदिवासी,158
कर्ज,140
बेहोश,114
लाभार्थियों,59
विकल्प,141
बीए,135
वार,126
रसोई,68
बातों,25
गुस्सा,146
बनता,172
शहीदों,63
समस्तीपुर,186
संशोधन,92
जरिये,41
गीतों,152
अंधेरे,81
करेंगी,19
पक्का,134
योग्य,14
समुचित,14
चौकीदार,72
पंडाल,108
सराय,186
पुष्पा,86
टैंकर,181
शारदा,11
इन्कार,22
विपरीत,12
धीरज,56
सैनिकों,90
निर्वाचित,96
विलंब,41
कमर,16
ज्ञात,138
सूत्री,31
गिरकर,104
एजेंसियों,30
मकसद,146
नकली,191
दावे,134
तर्ज,54
रोटी,68
प्राकृतिक,37
निष्पादन,170
चिन्हित,85
करोड़,3
अनुसंधान,198
टंकी,195
वासी,147
खोले,118
खुश,126
घनश्याम,86
जिनका,55
सहनी,175
शौच,109
कहानी,34
अड्डा,62
धरती,55
हाजिर,66
लगती,1
उपेक्षा,50
कूद,191
मलेरिया,5
आपको,76
बुझाने,183
पवित्र,21
कचरा,153
सेविका,86
जनहित,87
कुर्सी,191
बनेगा,63
आकर्षक,49
सकारात्मक,41
आकर्षण,161
नालों,123
घूम,145
नारी,89
निष्पक्ष,92
श्रीमती,84
लटका,74
जिनकी,48
बोतल,160
नोडल,30
शिक्षित,189
पोषण,5
धाराओं,138
प्रवचन,150
बुलंद,188
प्रधानों,38
मेजर,180
सीडीपीओ,99
अनुमान,163
रंगारंग,26
रुक,114
प्रकोप,185
निषाद,91
कितना,55
छाया,1
दरोगा,26
कुश्ती,180
प्रभावी,41
लोकतंत्र,13
समितियों,92
अव्वल,176
गंदे,160
विश्वनाथ,11
बांटे,133
नगदी,95
गुरूवार,86
प्रीति,148
बोझ,48
उपाय,14
पराजित,60
भरपूर,97
भार,138
टूटने,16
पूर्वक,113
प्रशिक्षक,180
सर्किट,141
बल्लेबाजी,180
निर्मित,161
धर्मपाल,192
प्रोग्राम,141
बरकरार,0
भेदभाव,13
जनसंपर्क,18
हाथी,179
भरकर,104
काटे,104
अन्यथा,14
पान,173
त्वरित,141
भवनों,161
रुचि,152
इत्यादि,138
फुटबाल,93
व्यय,170
बनाते,97
प्वाइंट,181
पदोन्नति,87
डकैती,193
लगाये,191
समझाने,25
पहिया,181
फेडरेशन,0
हमलावरों,188
लालू,127
सोना,8
लौटा,126
पीढ़ी,162
रेस,0
पूछने,76
बीघा,192
पुख्ता,22
दवाओं,5
आंधी,123
अपेक्षा,14
सुधारने,198
अध्ययन,162
अन्तर्गत,186
जंग,22
सिरे,1
धक्का,191
चिकित्साधिकारी,71
व्रत,89
चतुर्थ,80
कच्ची,8
निदेशालय,30
उपलब्धि,36
संविधान,96
गढ़वा,182
इंद्रजीत,147
केन्द्रीय,92
झंडा,90
लहर,117
मंशा,166
प्राप्ति,149
क्षेत्राधिकारी,38
पुजारी,21
उद्यान,184
स्टेशनों,62
तंग,74
चढ़कर,15
आरक्षित,170
खिताब,180
अधिकारों,13
नगरी,21
किलोग्राम,177
धूल,1
अक्षय,11
पीठ,74
जलाकर,104
संस्थापक,84
बहाने,126
स्थानांतरण,163
दबोचा,40
कतार,98
देशी,158
चोटें,40
किंतु,149
वर्षों,6
गलती,146
दिक्कतों,4
डोर,117
सीधा,48
दुमका,182
इन्होंने,11
तारों,10
घाटों,184
परीक्षाओं,135
कर्नल,90
बढ़कर,48
हॉल,0
कहासुनी,190
निर्माणाधीन,62
उग्र,113
ठेके,140
मौन,50
विधवा,148
जनप्रतिनिधि,133
तबादला,63
दंपती,197
पैमाने,33
रजनीश,86
बुलाई,166
आदेशों,66
भंडारी,86
आमंत्रित,84
सुचारू,144
निवासियों,3
मैंने,126
पाक,22
अलाव,121
आरएस,122
मानी,80
गायक,34
उपकेंद्र,144
कारतूस,191
सीटें,96
दबंगों,58
बढ़ाकर,33
कराये,54
आवाजाही,62
हल्की,104
गणतंत्र,158
सुन,25
हृदय,5
आभूषण,8
निरंजन,86
लौटे,90
शेर,179
किराए,140
मंजिल,161
पिछली,98
वसूल,170
इस्लाम,29
संदेह,55
पाती,16
सेवकों,118
कमरों,49
निर्देशों,170
दहन,172
हीरा,8
निशा,56
पर्स,18
ट्रकों,181
उन्हीं,25
तस्करों,99
खोज,32
दाल,68
अनुभव,36
महान,29
मुआयना,18
टकरा,81
चांद,88
संबोधन,54
एड्स,116
कटाई,129
उतरने,46
आफिस,101
निर्देशित,34
मेल,62
पारिवारिक,110
जला,74
कमान,90
गोद,148
महायज्ञ,77
निरंतर,198
परन्तु,42
मतों,29
ताकत,146
अमेरिका,0
गहरा,80
पार्टियों,96
आरोपों,87
भूल,25
चिह्नित,153
शैक्षिक,135
नेत्र,5
स्मारक,161
गरीबी,13
कागज,8
विसर्जन,159
माला,21
इजाफा,128
मकानों,8
भगवती,150
संपूर्ण,36
चुरा,191
निर्धारण,170
इच्छा,50
मजबूरी,176
लाए,48
प्रारंभिक,162
बदहाल,185
ऋषि,150
चूंकि,163
प्रीतम,148
ठेकेदारों,118
अमृत,150
उतरे,171
इंसान,146
खुदाई,161
तमंचा,27
आएगा,48
सकेगी,19
जिम्मा,90
पर्यवेक्षक,65
कितनी,48
बृजेश,72
काशी,150
नम्बर,32
हलका,104
निकाले,6
चौराहों,57
पढ़ें,153
टूटा,154
घेर,74
विशेषज्ञों,198
एलान,134
हितों,13
जिम्मेवारी,166
दुर्घटनाओं,41
हस्तक्षेप,13
उठाना,19
अस्तित्व,36
दृष्टि,149
गुलाम,60
भंडारे,106
विपक्ष,96
मचाया,7
बेहाल,31
रसीद,59
सिपाहियों,90
हवाला,146
निशुल्क,30
मुआवजे,66
कैदियों,90
डीडीसी,85
डाकघर,62
बाध्य,13
कांस्टेबल,115
भंग,87
फौजी,90
मुलायम,37
बाजी,192
अभ्यास,110
पुष्प,37
बहाली,166
भांति,91
सोलर,181
बहस,146
कथित,87
जीतने,180
रजनी,86
अपराह्न,85
मैट्रिक,135
मधु,68
रमजान,157
फैली,184
पुरुषों,185
उदासीनता,110
पर्ची,196
बहनों,148
संचार,141
धारण,91
व्यवसायियों,54
इन्हीं,89
चिन्ह,10
संगोष्ठी,54
निराकरण,149
जुटा,171
पर्यटकों,62
खराबी,116
घटिया,160
दोनो,81
संभाल,90
इंटरनेट,141
मछली,97
आयकर,170
प्रयासों,54
निर्देशन,34
रोगी,5
उठाते,176
आपके,76
भैंस,179
अगवा,115
आखिरी,146
हमलावर,90
चापाकल,23
उठानी,185
पोशाक,49
परीक्षाएं,135
शिकायतकर्ता,66
बर्तन,8
धर्मेन्द्र,148
संसाधनों,198
तुलना,163
इमारत,161
सीमित,163
राखी,148
बढ़े,185
उत्थान,189
यूं,22
सेठ,167
मानसून,177
प्रवीन,125
सफेद,37
बनती,37
दवाएं,5
एयरपोर्ट,62
दिवाकर,86
भोग,91
निर्गत,153
तीर्थ,21
जीव,37
दायरे,198
प्रोत्साहन,198
साक्षात्कार,34
सावन,21
कहर,78
शर्त,87
फरमान,176
मचाने,185
ब्याज,170
क्रांति,13
जलाने,183
नवजात,5
निर्णायक,13
लोहे,104
अंदाजा,45
कल्पना,149
बचत,33
गिरावट,33
आतंक,188
बढ़ाई,19
पूर्णिमा,21
प्रोत्साहित,198
जिक्र,45
नक्सली,193
मुसीबत,22
प्रभार,170
कारोबारियों,18
रोगों,5
निर्मला,86
सुना,25
माले,134
विधिवत,87
साधना,89
पीडब्ल्यूडी,133
जिंदा,146
तिराहे,52
सापेक्ष,138
हिन्दी,11
कहती,148
जनजाति,158
कारावास,87
तफरी,119
फैला,184
संकेत,12
बड़ी,46
सघन,177
युवतियों,112
फूलों,37
विवरण,32
हथियारों,65
हिस्सों,3
सम्भल,79
नजारा,184
जनसंख्या,3
अभियुक्तों,87
घटे,103
नक्सलियों,166
बुजुर्गो,194
वृद्धा,171
मिलेंगे,81
प्रिया,148
प्रमंडल,127
उत्तीर्ण,135
बैठी,53
कमाई,126
युद्ध,60
अधूरा,45
वृक्ष,1
केशव,11
इमाम,60
टूटे,104
हलके,104
डंडे,160
कक्षाओं,162
जोकि,158
खामियाजा,122
लावारिस,56
बिल्कुल,22
परेड,143
फैलने,5
नर्सरी,68
नियमानुसार,59
जनसभा,51
शाहिद,148
लूटने,63
सबको,25
कैदी,176
उत्क्रमित,133
निवारण,14
घाटी,184
देखभाल,116
उतरी,185
नदियों,184
छात्रावास,135
निर्भर,163
कीमती,8
चलेगी,197
संभावित,163
मेहमान,176
ट्यूबवेल,156
कोठी,63
उदाहरण,163
सोलन,120
ईमानदारी,189
चलकर,80
झेल,22
गुस्साए,78
अकेले,126
महकमे,18
बीआरसी,165
फैलाने,134
दाखिले,101
प्रकृति,149
कांफ्रेंस,166
प्राचार्या,73
खाक,39
गायन,152
युग,80
किराये,140
बाप,25
प्लास्टिक,172
परिषदीय,127
हरा,46
एजेंट,41
जिसको,48
खतरनाक,116
धीमी,114
कोचिंग,101
रखरखाव,30
वारदातों,188
जश्न,143
अनुपालन,19
समझौते,13
विदित,149
जीतकर,60
आठवीं,80
गोलियां,116
सन्नाटा,124
कर्म,55
दलाल,140
प्रशंसा,171
डेयरी,129
शिकंजा,23
कुंदन,26
बताकर,50
ट्रेनें,62
दिसम्बर,0
बोली,80
मिलीभगत,166
भ्रूण,5
बारात,148
तुलसी,21
सुनाया,42
सच्चाई,25
अखंड,89
उपेंद्र,86
रखेंगे,134
व्यक्तिगत,36
उर्मिला,86
परिक्रमा,10
अनुशासन,36
कार्यप्रणाली,14
चेतना,113
आगाज,182
अधिसूचना,59
गोला,145
बहू,148
भगा,188
झील,184
ठोकर,124
कर्तव्य,189
चौपाल,88
खाई,15
अश्विनी,86
वजन,172
कुएं,88
सवालों,146
रजा,63
धूम,125
परमात्मा,89
भरोसे,100
नाकाम,146
प्रतिबंधित,41
रवैया,110
गहरी,16
तारा,10
देखना,154
पाएगा,134
करवाकर,133
धनंजय,86
रवैये,146
अर्जी,76
टैक्सी,62
सम्पन्न,89
धारकों,170
टोली,51
बेहतरीन,34
कोट,49
जाल,145
मूलभूत,162
बिक,34
पायी,37
रोकथाम,5
लिखी,45
गूंज,125
शकील,101
डूब,74
जीते,180
रचना,149
वसूला,59
कालोनियों,72
कंचन,26
वैश्य,150
सिद्ध,149
गिरि,11
परिचालक,144
तंत्र,163
निपटारा,170
शातिर,115
विफल,153
बेंच,101
जरूरतमंद,54
कुलवंत,115
स्थानांतरित,0
चालीस,46
साक्ष्य,87
ऐलान,90
मोह,42
पाये,37
सेमीफाइनल,180
रोटरी,181
हिम्मत,126
लगायी,176
इकट्ठा,48
बेरोजगारों,39
हरियाली,184
बनना,110
सावित्री,86
चलाते,191
जन्मदिन,143
पुरुषोत्तम,150
रेत,177
हराकर,60
ख्याल,22
कालाबाजारी,99
महकमा,133
वर्दी,93
चहल,79
प्रतिवेदन,92
नौजवान,126
विद्युतीकरण,129
बांटा,3
जायेंगे,146
देसी,49
वैदिक,89
शवों,105
आयोजक,153
गवाह,25
नाजुक,116
शब्द,80
इस्तीफा,96
निशानदेही,70
पदार्थो,172
गुलशन,148
पुस्तकालय,135
दोस्तों,146
सतर्कता,144
खेलते,180
विक्रेताओं,140
हॉकी,180
कन्नौज,186
धांधली,166
समन्वय,36
खेले,180
अंधेरा,81
अंदाज,111
शिकायती,193
तमंचे,88
कार्यभार,96
दून,46
आखिरकार,146
जबरदस्त,146
वीरभद्र,21
सौंपने,134
प्रदेशाध्यक्ष,133
निकलना,114
कर्ण,91
कठिन,12
मवेशी,97
मेधावी,189
कृपा,42
रिकॉर्ड,0
दामों,140
जितनी,114
विश्राम,16
वर्करों,99
जंगली,179
दूसरों,50
सर्वेश,102
क्लीनिक,85
चरित्र,152
बीडीसी,99
सीमेंट,33
अबतक,153
मंत्रियों,96
एकमात्र,0
खरीदा,140
स्थाई,158
अश्लील,100
भुगतना,128
हाजिरी,111
खोजबीन,156
मरने,126
बुला,126
पांव,16
नवम्बर,0
मणि,21
करेगे,47
गुणगान,171
सीख,45
नगद,59
सूत्रीय,18
सक्षम,141
नसीब,134
पर्यटक,62
लगवाने,43
दिखाते,25
बहरहाल,22
संगम,21
भंडारा,26
बेगम,192
प्रपत्र,170
रिश्वत,176
सब्जियों,68
पार्वती,21
करवाना,85
विभागाध्यक्ष,135
हाट,182
लैस,65
छात्रसंघ,155
सतर्क,110
शासनादेश,133
वरुण,10
व्यास,10
शीतल,68
सुध,108
खंभे,104
रौनक,88
वार्षिकोत्सव,26
चीख,81
भनक,134
उमस,61
युक्त,138
गुमराह,22
भजनों,77
माया,89
वाहिनी,159
सहकारिता,129
मिस्त्री,78
जीने,110
सूखे,97
मीट,191
समीर,148
धंधा,175
क्रियान्वयन,198
प्रसंग,32
बचाया,126
डयूटी,58
मनीषा,11
पलायन,188
अनिश्चितकालीन,166
निहाल,22
लंबा,145
तत्व,12
मंथन,91
वेतनमान,66
पुण्य,89
दिखाए,154
उत्कृष्ट,152
नुक्कड़,181
सरसों,68
मानने,50
डालते,48
आराम,114
हरिओम,187
कान,114
संसार,55
मंडियों,130
पड़,114
निराश,42
बाइपास,99
लेनी,66
प्रतिष्ठा,189
पाना,12
रिश्तेदारों,146
राजनैतिक,83
गिरफ्त,176
पुनीत,192
शरीफ,60
रिहा,90
विजेताओं,54
शौचालयों,183
मोहाली,133
रजिस्ट्रार,66
पढ़ाने,45
बुनियादी,198
माफी,126
जानवरों,97
नमूने,138
वोल्टेज,181
हीं,171
लूटी,24
लिख,154
मतलब,22
विवेचना,149
दीवान,192
समर,34
महंगा,33
दुआ,22
जिसने,126
लायक,49
पीटकर,105
बंदियों,193
उत्साहित,146
बालिकाओं,118
दहिया,192
बांटने,118
सुधा,11
उतारने,81
कागजों,173
महिमा,89
मंडलायुक्त,78
लैपटॉप,141
दबंग,119
जलने,114
टैंक,181
लाना,19
उतारा,48
चढ़ा,74
किताब,25
पुरवा,120
बेदी,148
सैयद,60
अर्थ,149
महर्षि,89
गौरी,150
अस्थायी,41
जाली,8
अभद्रता,4
पैदावार,97
वस्तु,138
शून्य,138
सुपुर्द,193
हत्यारों,173
मुंशी,11
वैकल्पिक,163
व्यक्तित्व,152
बीतने,175
आतिशबाजी,151
तरक्की,166
विज्ञापन,141
सेनानी,167
परियोजनाओं,30
बूंद,159
आवेदकों,41
राजाराम,86
जोश,126
गोशाला,44
निर्विरोध,139
कहे,42
शब्दों,149
अंचलाधिकारी,133
चक्का,31
कगार,123
संग्रह,152
अनुबंध,140
रूबरू,176
आमजन,107
हां,76
साधु,150
हिन्दू,29
अधीक्षण,66
महादलित,120
विनीत,171
बुद्ध,150
नियोजित,30
कदर,146
त्याग,42
प्रशिक्षु,101
ब्योरा,99
नहरों,184
किस्म,97
निकलते,114
ऊंची,184
सुदर्शन,150
नेताजी,83
संकाय,135
प्रभारियों,35
घास,177
पंत,11
बटालियन,90
खातों,170
हफ्ते,146
शस्त्र,173
सार्थक,36
साहिल,27
लुटेरे,146
मार्गदर्शन,55
इसीलिए,149
तादाद,176
आमरण,193
दिक्कतें,175
रुकने,191
तरुण,86
बनेगी,66
प्रेषित,153
कामयाबी,22
चरणों,138
प्राण,42
वादों,87
गिनती,46
घटी,124
सूख,97
उठने,74
योग्यता,135
सनातन,89
शहरवासियों,51
कठोर,55
शुभ,42
मनप्रीत,122
पारदर्शिता,198
गंगवार,133
अधूरे,39
पाबंदी,166
सिनेमा,34
दरगाह,192
महुआ,68
उद्योगों,33
सनसनी,112
हवाओं,46
लेती,16
बचपन,148
बावत,133
दशहरा,21
रुपयों,140
हवलदार,193
ऊषा,125
शरद,143
जानकारियां,101
उपरोक्त,6
टिप्पणी,32
निभा,34
उपचुनाव,167
महोबा,186
निबंधन,170
संबद्ध,198
जितना,114
एकल,141
कुसुम,182
अरविन्द,11
जहरीला,195
कराएंगे,175
स्टाल,178
शिवानी,86
सक्रियता,12
खुलासे,193
आशय,14
थानेदार,193
प्रहार,191
मिलों,129
जागृति,189
जगजीत,148
खुलेआम,166
करण,148
जोरों,183
पाएंगे,154
पासपोर्ट,140
हिंसा,13
खाकर,74
झूठे,25
संतुलन,12
कच्चे,33
अभियंताओं,35
बदतर,22
प्रकाशन,84
राजभर,108
असली,146
त्रिवेदी,11
नारा,83
देन,149
विपक्षी,96
चमन,182
प्याज,68
जीना,171
समझाया,45
मसले,176
पृथ्वी,10
कोमल,16
पठन,32
महीना,46
सिलसिले,100
लदे,47
हेलमेट,191
व्यवसायिक,54
दस्तक,136
सर्वश्रेष्ठ,34
पाठन,94
टेलीफोन,141
डूबने,74
बढ़ोत्तरी,185
अपनाने,13
सशक्त,189
झटका,191
मानवाधिकार,13
सिद्धार्थ,148
सर्राफ,139
उद्यमियों,30
काजल,148
वैज्ञानिकों,162
गणना,6
आतंकियों,65
सबक,51
बची,104
पुनर्वास,30
केसरी,11
यानि,46
वादी,63
भटक,25
सिमडेगा,137
अग्रिम,170
हटाकर,188
तंबाकू,68
मास,21
यंत्र,138
अंग,149
नियंत्रित,163
आवारा,176
भतीजे,60
नींव,60
तर्क,36
प्रतिभागी,0
आतंकवाद,13
अनंत,89
बेकार,47
भट्ठा,168
देवता,89
घुसे,134
कांग्रेसियों,51
पाउडर,195
लक्षण,5
वादे,100
मुलाजिमों,175
गुटों,188
उल्लेख,80
उपहार,143
भागे,126
देवर,148
इनसे,48
साप्ताहिक,84
पुकार,25
रोजा,115
परिस्थिति,36
शहादत,176
मोती,46
सिलाई,49
उपलब्धता,33
जानवर,97
पंखे,145
प्रबंधकों,30
लटक,165
हड़ताल,90
उपलब्धियों,54
भौतिक,162
अत्याचार,100
खैर,176
कांस्य,161
बाराबंकी,192
आकर्षित,49
गहन,36
मसीह,6
सपने,146
कुत्तों,179
पाठ्यक्रम,135
कुंतल,52
आंसू,53
गबन,187
मामा,148
निर्दलीय,167
जलाभिषेक,21
गुलाल,27
समाप्ति,41
पलटने,40
आंखें,16
पक्की,46
अभिनंदन,86
सुचारु,118
सीधी,46
ओंकार,77
बरात,196
सामानों,140
मानकों,198
स्वरोजगार,129
निर्देशानुसार,118
दर्शक,34
पीकर,142
प्रतिमाह,66
क्रिसमस,143
तेवर,173
पौधा,37
सबके,25
पारी,180
लोहा,8
डिमांड,59
स्वतंत्र,13
साध्वी,77
शिरोमणि,77
वस्त्र,8
खरीदी,140
बदली,154
ठहराव,59
धरातल,138
प्रमुखता,152
ताज,161
भोले,77
न्यायमूर्ति,87
जुर्माने,66
पेशी,5
मुकाबलों,93
दराज,69
गश्ती,65
भलाई,25
कृषक,129
सर्वेक्षण,162
शुभकामनाएं,54
कसर,176
जनगणना,186
बोलने,46
चादर,104
इजहार,193
दवाई,159
प्रतिभाग,133
नियंत्रक,141
नाव,15
चारा,97
नीलामी,140
संस्तुति,118
जानते,25
घोर,42
अंकों,32
कारागार,100
उपकरणों,163
निलंबन,181
लगाम,136
साकार,189
बनाएं,154
मच्छरों,105
राज्यसभा,96
बिंदुओं,138
प्यास,114
विकलांगों,144
वस्तुओं,138
लिहाज,127
लूटा,60
तालाबंदी,85
किला,161
कक्षाएं,144
कार्यशैली,193
वक्ता,152
बौद्ध,29
उठी,53
असामाजिक,43
सदैव,55
मुहर,100
चिह्न,32
रोककर,191
पटवारी,72
रास्तों,46
अभिलेख,153
चुप्पी,187
श्वेता,86
जितने,48
नजदीकी,62
भाईचारे,51
बारहवीं,80
पढ़ा,45
स्नातकोत्तर,135
हंगामे,168
प्रज्ज्वलित,77
आजसू,52
संकीर्तन,108
किरन,182
निकेतन,11
कसने,191
आवेदक,170
बर्बादी,191
प्रदर्शित,32
मानवता,189
चंदा,193
बीमारियां,5
बीएसएफ,123
चाह,25
हटाए,153
कल्याणकारी,189
विरेंद्र,77
गुरू,150
कोटे,127
गड्ढों,104
खोलकर,48
सिफारिश,19
साक्षी,42
कोष,30
अहसास,110
कचरे,195
बर्फबारी,123
चक्रवर्ती,11
मित्रों,45
धंधे,99
उपनिरीक्षक,72
आयुष,118
घेराबंदी,90
बांट,165
कार्ययोजना,118
सितम्बर,0
किताबें,45
पढ़,154
बुलाने,126
मवेशियों,97
संतों,89
कांप्लेक्स,156
मुक्तसर,192
बनते,172
कैमरा,32
दंगल,122
नाक,114
जनपदों,80
पूर्वाह्न,153
कुलसचिव,168
पटाखे,190
घूमने,145
धोखा,126
अभियोजन,87
बदहाली,197
अटल,171
अधिवेशन,83
फेंकने,191
खुशबू,68
इजाजत,87
अध्यक्षों,92
मृतकों,115
ईदगाह,194
प्रतियोगिताएं,180
नीयत,134
पावन,21
क्षुब्ध,166
सीडी,153
कापी,153
अवलोकन,162
ऊंचा,184
बैडमिंटन,180
शकुंतला,86
घोटाला,101
ओलावृष्टि,123
मत्स्य,21
आकलन,198
गुजरना,159
अव्यवस्था,13
विचारों,36
बदौलत,22
हौसला,63
दुरुपयोग,41
किन्तु,55
अपहृत,188
फंसा,142
साक्षर,158
तालमेल,198
साठ,174
इच्छुक,100
भंडार,33
रंगों,145
स्वर्णकार,147
संकुल,153
नक्शा,32
पात्रों,152
लता,125
दादा,126
आवासों,129
घाघरा,184
खुराक,5
बंदरों,179
गिरे,1
प्रोन्नति,118
माजरा,17
गारंटी,170
रोजी,40
मोहल्लों,193
व्यावसायिक,30
ठंडे,177
प्रतिनिधित्व,96
गहरे,1
लगन,189
दलितों,83
समग्र,198
फेंका,74
विस्फोट,65
सेवानिवृत,87
नववर्ष,127
सजग,110
आराधना,89
प्रदूषित,195
दिखने,16
भोर,77
नैतिक,36
शिक्षिकाओं,75
मोटी,104
निर्वहन,92
रद्द,153
सुनते,25
अनमोल,182
जूझना,107
बोरी,38
बर्खास्त,90
नौजवानों,51
दृश्य,32
बैठकों,92
बोरा,28
लैपटाप,103
चिंतित,146
पद्धति,6
कराटे,136
ताल,184
लेगी,100
कुत्ते,179
चेहरा,146
घटनाक्रम,188
चीज,14
जागरुक,24
पांचों,150
विहीन,91
मंडलीय,65
नवनिर्वाचित,166
हल्का,172
नियत,19
ईंट,173
इनको,48
लाभार्थी,59
आढ़तियों,196
प्रधानाचार्या,86
समृद्धि,54
बिरादरी,127
निखिल,148
नालियां,123
कुशल,198
सहन,185
सेशन,87
लिखने,45
प्रथा,29
डिप्लोमा,135
गायों,97
लौटना,134
रश्मि,147
बड़े,46
फसलें,129
पैरवी,22
लेखन,152
उठाव,105
मनोनीत,96
निकलकर,1
जरुरत,163
चक्र,138
बोला,74
सिकंदर,60
संभालने,90
अफरातफरी,51
पीस,68
तरस,17
पुण्यतिथि,63
पारंपरिक,163
पिलाने,97
विमान,65
गुना,114
संतुष्ट,50
रस्म,171
निराशा,110
चरम,80
कमांडर,90
सशस्त्र,90
नमी,172
ब्राह्मण,150
साधारण,138
पहुंचना,85
जंगलों,184
मताधिकार,96
प्रयासरत,118
अस्थाई,153
कालीन,161
पसीना,159
प्रतिष्ठान,30
हत्यारोपी,56
वास्तविक,36
चलाना,153
आढ़ती,105
इंसाफ,193
महत्ता,149
फलों,97
मलबा,181
फूट,74
लालच,2
डटे,126
बदबू,160
मांस,97
बतायी,91
गुजरते,123
मंत्रमुग्ध,125
तूफान,46
टाल,25
मुफ्ती,51
प्रेमिका,148
रहित,138
ग्रंथ,89
मुस्कान,148
प्रयोगशाला,163
चौदह,174
गहने,8
कारखाना,33
डंडा,125
दस्ते,90
बंदूक,191
उपनिदेशक,66
जरा,117
मच्छर,114
खुफिया,90
गगन,93
जनार्दन,150
कूलर,160
कोने,184
सूबेदार,60
अघोषित,99
शिष्टमंडल,54
रामनवमी,21
तत्वाधान,18
इसपर,55
अन्याय,50
चौथी,174
खींच,114
रामनाथ,167
जुआ,176
संग्राम,83
अनुशंसा,41
आत्म,36
रंगोली,88
उपाधीक्षक,71
भीड़,143
पहुंचेगी,2
खण्ड,80
प्रांत,3
खदान,123
कुख्यात,90
मौर्या,52
नियमावली,66
बदलते,12
भला,25
प्रतिक्रिया,12
किस्त,140
शताब्दी,80
दंड,87
पसरा,26
असफल,32
ऊंचाई,184
ठहराया,100
माफ,134
अभिलेखों,80
अर्जित,170
पदस्थापित,157
संभाला,167
नेपाली,11
अनुष्ठान,89
सचिवों,118
नवनियुक्त,120
शैली,152
सौहार्द,54
इंजेक्शन,5
लोकार्पण,86
जोखिम,41
वसूलने,166
रामायण,150
पक्षी,179
राजकिशोर,23
मधुबन,182
छठी,80
प्रतिवर्ष,129
मंत्र,89
नवोदय,155
बिजलीघर,181
सहभागिता,198
आर्मी,90
ध्वजारोहण,35
फेरी,81
प्रतीत,149
धारक,170
चैंपियन,180
किन,47
संवेदक,145
आसार,7
खुलवाने,75
सावधानी,12
वन्य,179
लगेगी,81
भाग्य,110
आहत,193
प्राधिकार,92
विवादित,90
दूरभाष,153
कहाकि,2
जले,160
घातक,5
सिम,101
महाविद्यालयों,135
रिहायशी,133
बांधकर,183
सालाना,62
गवाही,25
मस्ती,53
उल्टी,159
विमोचन,84
खरीददारी,18
घेरे,1
चौटाला,192
पर्दाफाश,197
माथा,16
अत्यंत,149
आश्वस्त,110
स्कूटर,101
झटके,16
संयंत्र,33
दुर्घटनाग्रस्त,65
देवताओं,89
सांप्रदायिक,83
धार,184
सर्राफा,155
अधिशाषी,28
तत्पर,50
पंचनामा,27
कमाल,146
दामाद,60
परामर्श,92
उज्ज्वल,171
बनेंगे,54
रखता,48
लूटे,173
धारदार,70
खबरों,146
संतोषजनक,41
आगजनी,188
निभाने,34
सांप,16
फीता,160
हाथियों,179
एकजुटता,166
निर्दोष,50
सेक्शन,85
नशीला,128
दीक्षा,150
नामित,0
जनजीवन,189
मुनि,150
लौटते,53
बागवानी,129
अल्लाह,55
सगे,53
गढ़,46
चूना,8
तलवार,53
भाईचारा,51
हड्डी,5
थोक,33
लौटी,56
प्रहलाद,26
पहुंचेंगे,71
डंडों,124
देशभर,54
मिजाज,103
बीएन,51
नमूना,32
संक्रामक,5
बुझाकर,124
खुलकर,171
छापे,153
पहलुओं,36
तबादले,127
बर्फ,177
सौदा,100
तथ्य,36
निबंध,152
लगेंगे,81
लदा,103
रामानंद,150
अध्यापिका,9
मशीनें,33
बांस,95
भास्कर,11
तबाही,46
खरीदे,140
सबूत,41
दुराचार,166
आयुर्वेदिक,68
शरारती,111
आरक्षी,173
दादी,148
बहुमत,96
अर्थदंड,100
ब्रज,21
एथलेटिक्स,180
संलिप्त,18
सरयू,186
बढ़ेगी,144
मंगला,26
तत्पश्चात,150
कंपनियां,30
सहायिका,196
गुमशुदगी,20
दुखी,42
कतई,51
कटाव,177
कब्रिस्तान,88
परहेज,116
क्रेडिट,140
बढ़ाए,154
सांत्वना,148
सहज,149
अभिनव,152
आजीवन,83
रौशन,22
पुस्तकें,84
प्रतिनियुक्त,18
सरकारों,30
पक्षियों,37
बिछाने,8
माली,127
आमदनी,140
परंपरागत,162
बेटियां,148
झूठा,25
जैविक,172
अनुपात,163
सुलझाने,13
सर्वोच्च,96
स्वर,149
कार्मिक,92
समायोजन,170
जनस्वास्थ्य,118
फिल्मों,34
अकेला,25
त्रिस्तरीय,118
समझते,25
ठंडा,177
प्रशासक,92
रस्सी,114
मुश्किलें,51
बंधन,149
कमलजीत,2
नसीहत,22
सबका,25
धुनाई,79
नशीले,116
कोहरा,123
रिश्ते,146
खरीफ,68
फाइलों,141
झांसी,186
तबीयत,176
लापरवाह,44
छाए,7
ढोल,49
सराहा,34
ब्यौरा,92
बच्चियों,196
उपविजेता,180
नाकाबंदी,65
चढ़ने,46
नमन,91
खोली,72
निशाने,176
लगाएं,98
पांचवें,174
कीटनाशक,33
हाथापाई,136
पढ़ाओ,139
पार्को,124
राजी,90
समर्पण,189
चौपट,176
छठे,174
निष्ठा,189
छुटकारा,48
लगना,159
दीन,25
डीलरों,140
दलालों,140
दिला,100
विस्थापित,3
अग्नि,91
चांदनी,49
राज्यस्तरीय,18
नवीनीकरण,62
भक्तिमय,77
अनारक्षित,186
इकाइयों,33
टॉप,34
बहने,184
सातवें,174
टीका,149
दस्तावेजों,170
पसीने,159
मातम,119
उर्स,192
गरिमा,189
मौलिक,36
अदायगी,66
बलिदान,42
भैया,148
सौंपकर,26
प्री,93
उपज,129
टेक,101
क्लर्क,101
अमीर,60
जायज,78
मशहूर,148
श्रेष्ठ,152
मुहल्लों,169
प्राध्यापक,84
परमार,60
पेटी,70
घेरा,15
अंबार,112
खामियां,43
बड़ा,46
बडे़,88
निर्माता,34
दिव्य,89
वें,174
खत्री,11
आपकी,76
विचाराधीन,92
झलक,152
खलबली,193
बेचा,140
प्रेरक,36
साझा,141
महंगी,140
पंडा,88
अंतर्राष्ट्रीय,0
खौफ,176
खफा,176
स्वयंसेवी,54
तरीका,163
कार्यवाहक,96
घुसने,191
आंदोलनकारियों,51
असुविधा,159
सचेत,55
बहाना,126
त्रस्त,40
मयंक,27
आटा,68
स्वाभिमान,51
भावनाओं,110
पैसों,140
गौशाला,120
भाभी,148
खपत,33
लहूलुहान,142
मंडली,125
अधिकृत,92
पॉलीथिन,27
गंतव्य,153
बीडी,23
टेम्पो,133
कुपोषण,116
चढ़ाने,8
बिलों,59
रूपरेखा,162
सरल,138
चरस,122
अंजली,27
प्रौद्योगिकी,198
शिविरों,54
मॉल,62
छीनने,53
हर्षोल्लास,77
निस्तारित,195
सरगना,188
पुरूष,107
सबकुछ,40
बनायी,49
दुल्हन,148
कुचल,126
विदेशों,54
सभासदों,190
परिचित,45
बेटों,126
मलबे,145
सैन्य,90
रक्षक,100
तिराहा,26
खातिर,146
चीजों,12
ज्ञानी,42
गोलीबारी,90
उपयोगिता,163
अवशेष,161
व्यवस्थाओं,13
आवेदनों,30
चौकसी,102
जगतार,168
कागजी,124
फंदा,142
खुदकुशी,124
मजबूरन,176
रैन,93
बयां,115
अधूरी,94
पर्चे,193
बंदर,179
शख्स,22
इनकार,100
अफवाह,146
नयी,84
चूक,19
रहेंगी,2
सेतु,62
मंडप,161
कीमतों,33
जता,81
रूपए,140
बदलकर,63
नाग,21
रोपाई,95
नौबत,134
बढ़ेगा,144
अविश्वास,100
नामों,80
नाते,83
चुप,126
प्रज्वलित,183
गुरदेव,44
श्रोताओं,152
चकबंदी,133
धुन,125
शान,46
परमानंद,9
विधेयक,92
बेहोशी,114
त्रिवेणी,21
पीडि़त,43
दुग्ध,129
इरशाद,134
तौल,47
वैभव,150
बेला,125
खोकर,40
शीतला,21
विविध,149
गर्व,189
छत्तीसगढ़,186
संगठित,13
गाड़ी,181
उठता,1
तटबंध,123
सवारियों,47
पुस्तकों,152
सूखा,97
जयंत,86
यौन,5
सदा,42
आहूत,133
छप्पर,183
सड़कों,62
पैतृक,192
बत्ती,160
बादलों,1
अग्रणी,54
बस्तियों,46
साकेत,150
शाखाओं,138
उत्पादों,33
पहने,49
सकुशल,9
कुआं,88
गतिविधि,163
हटवाने,27
अनुमोदन,170
जनरेटर,181
चेतन,89
चरखी,72
जमाने,192
चेताया,166
अपराधों,87
मुश्किलों,166
विद्यापीठ,135
सद्भावना,54
कनिष्ठ,66
धरोहर,161
वीणा,125
दावेदार,100
नेट,141
शीर्ष,0
बंगला,11
कठिनाई,14
लुत्फ,22
साहित्यकार,11
बैंकिंग,30
मुकाम,51
मिसाल,25
क्षेत्रवासियों,99
अग्निकांड,58
प्रतिकूल,14
ओलंपिक,180
चंचल,113
गुस्से,126
जिलास्तरीय,151
चेकअप,115
बाई,192
टूटकर,1
चिंगारी,53
मुकम्मल,52
पोषाहार,118
संशोधित,41
स्त्री,42
पिलाई,47
खुशियां,27
नवनिर्मित,62
हंस,11
जन्मोत्सव,26
शीशे,104
स्वर्गीय,11
बापू,86
मृत्युंजय,56
किताबों,126
हंसराज,86
चित्रकला,161
रत्न,11
कामों,48
सृजन,198
पक्के,74
बरी,134
उद्यमी,30
सेक्टरों,144
झंडे,188
असिस्टेंट,101
विशेषकर,12
दिलचस्पी,146
पहलवानों,93
पढ़े,45
दीनानाथ,86
रोहिणी,26
कूपन,59
पुस्तिका,32
कॉपी,153
साढे़,108
प्रयुक्त,138
मात,126
जुटाने,30
भूमिगत,3
पैरों,16
लादकर,183
खस्ताहाल,122
अपमान,42
प्रतिनियुक्ति,59
पीर,192
सरपंचों,73
इशारे,176
खेली,180
आलोचना,110
कत्ल,136
पढ़ाया,45
सुमित्रा,9
मकर,21
ध्वज,127
सस्ते,33
चर्चित,11
मनमाने,66
चाल,114
जन्माष्टमी,21
पढ़ी,25
जननी,113
मुकुल,86
हटाओ,31
समझने,36
झोंक,134
दीवाली,143
रसायन,172
नतीजतन,116
नन्हें,61
खानापूर्ति,187
पटाखों,28
मानकर,6
सोलह,150
निविदा,66
गतिविधियां,198
जलजमाव,165
सेविकाओं,164
पल्ला,9
आहार,5
कमेटियों,72
भोजपुरी,11
पायल,187
सचल,190
हौसले,176
बजकर,193
फैले,184
तत्परता,144
एहसास,146
वृक्षारोपण,129
जगी,56
उज्जवल,40
नगीना,182
लाईन,62
सुलभ,129
दुर्घटनाएं,98
मूल्यों,36
आयोजकों,54
विरासत,158
उन्मूलन,13
उतरकर,123
सरिया,120
देशभक्ति,189
वैद्य,42
उदासीन,113
ताक,81
प्रेक्षक,10
भरमार,182
लाइनें,181
घोसी,26
फरियाद,22
रामा,26
मुसलमानों,29
बकरी,97
उर्वरक,33
दफ्तरों,133
प्रेमियों,88
हैदराबाद,62
प्रधानाध्यापिका,155
सर्वप्रथम,80
थमने,132
केरोसिन,18
ग्रामसभा,197
उत्पात,2
कॉलोनियों,120
महाशिवरात्रि,21
कच्चा,33
नौवीं,133
अमीन,176
खस्ता,169
ध्वनि,32
अलमारी,76
संवेदना,113
आंगन,88
बोलते,46
बिरसा,120
पाएगी,168
तबाह,22
व्यवस्थापक,153
वैध,41
शशिकांत,166
आपात,41
विस्थापितों,197
पीटने,103
दस्ता,176
सैकड़ों,49
अखबार,84
समूहों,198
मिलनी,56
बोगी,39
सूचनाएं,141
खादी,129
पौधारोपण,38
प्रधानाध्यापकों,111
अनहोनी,24
परमेश्वर,77
प्रश्नपत्र,85
सलामी,93
पहनाकर,164
बेवजह,27
मिलावट,185
बलराज,86
व्यवस्थाएं,118
सरेआम,51
ग्रस्त,185
प्रभा,86
सभाओं,92
जरूरतमंदों,106
गर्भ,91
सिमट,176
अभद्र,130
अत्याधुनिक,30
इशारा,117
मक्का,46
सुलह,134
गुरुकुल,11
परम,89
अवरुद्ध,5
बनवाया,161
करवाएं,136
लिफ्ट,181
साधा,78
खिलाडि़यों,56
फंदे,70
गुरनाम,119
बुआई,95
बचाई,111
बूंदाबांदी,168
नतीजे,176
प्रतिभाओं,54
आकस्मिक,41
दबाकर,104
विकराल,173
बांधा,132
पात्रता,170
विज्ञप्ति,153
बलवान,185
कानूनगो,192
श्रृंगार,152
चाबी,191
घटित,55
टमाटर,68
गर्दन,114
शास्त्र,149
गाकर,125
बहाव,177
अंग्रेजों,83
चुंगी,183
फौज,90
अवहेलना,100
बिंदु,138
मांगपत्र,59
बंदोबस्त,118
अस्त,77
कन्याओं,108
आनी,40
वांछित,163
चलाता,19
बयानों,166
दोस्ती,126
निपटाने,66
अकेली,185
भल्ला,86
दुर्दशा,50
लेगा,19
रेडियो,0
परचम,196
जतायी,31
मोर,49
कुर्बानी,134
प्रदेशों,3
पैनी,117
धक्के,114
नशीली,116
अलका,86
गुलदार,57
चाहा,25
मिटाने,153
जबाव,153
आयुर्वेद,80
अभिनय,34
गाने,34
अर्बन,101
पदयात्रा,111
मिलीं,146
दोष,14
दांव,93
निचले,145
चोटिल,93
सच्चे,25
किश्त,99
तारीफ,22
जबरदस्ती,154
नहाने,104
काटी,95
लीक,101
दामोदर,167
भयभीत,42
वायु,172
मुकदमों,87
कीट,37
विवादों,13
गुणा,138
गांजा,43
गहराई,145
लड्डू,68
एम्बुलेंस,31
तैसे,121
दया,42
बंधे,117
क्षेत्रफल,3
उतना,14
हैरान,176
अभिमन्यु,150
अत्यधिक,12
तुम,25
सहयोगियों,13
रेस्टोरेंट,62
हरसंभव,101
सीखने,110
किस्मत,148
लेखपालों,111
परिवेश,36
सहूलियत,132
संभावनाएं,129
कुरीतियों,189
सेब,68
वरदान,150
महापंचायत,193
चारदीवारी,88
असहाय,42
हावी,22
मध्यम,33
उच्चतर,14
छोर,184
तेरह,174
काव्य,152
अंदेशा,173
बनाम,0
बेखौफ,124
चौथा,174
मशाल,63
पदभार,96
मायूस,22
रोकना,116
फटने,114
अकाल,123
पड़ता,1
शिखा,82
निशांत,52
पड़ी,74
फिरौती,18
लोकपाल,166
दबा,74
बदनाम,166
हुनर,176
पांचवीं,0
दोपहिया,35
उठकर,42
जानकारों,194
लेनदेन,170
मनोबल,166
बुराइयों,25
औसत,177
पुत्रों,150
लेखक,152
गृहस्थी,113
सभापति,96
वरना,22
वापिस,90
नवाब,60
बेरी,125
आंतरिक,163
पासबुक,59
अंगूठी,117
पार्टियां,166
दंपति,56
कैशियर,122
उपवास,42
सियासत,122
भगाने,185
उपमुख्यमंत्री,167
अतिक्रमणकारियों,185
स्वार्थ,50
खुलवाया,119
सपनों,110
खाकी,27
क्रमिक,12
लगीं,53
रोकर,17
चचेरे,148
एंव,113
वास्तव,55
दस्त,114
रिकवरी,181
मायने,22
तहसीलों,186
दावों,41
थमा,191
रुके,72
मुरली,86
बताये,94
सम्पर्क,32
प्रत्यक्षदर्शियों,147
आरोपित,14
वर्णन,149
बताती,146
मेहमानों,176
नवदीप,119
हल्के,172
शासकीय,92
जलाया,183
चलो,48
सरोवर,21
आपका,32
कोषागार,35
जमाया,188
बढ़त,181
सौजन्य,56
खरा,7
प्रारूप,32
नाका,26
राना,182
दोहरे,181
सोम,21
अलीगंज,186
प्रसन्न,42
धुआं,195
नलकूपों,123
दर्शाया,162
महागठबंधन,133
चार्जशीट,166
अनुपस्थिति,41
संक्रमण,5
पौध,144
औषधि,5
जीवित,55
दूभर,176
परवाह,25
प्रतिष्ठित,189
नमक,68
अंतराल,145
रौंद,53
रुका,132
चिराग,115
डूबे,117
महंगे,181
सौंदर्यीकरण,51
परिवारीजनों,78
आध्यात्मिक,89
वर्षीया,193
त्यौहार,143
कड़ी,146
हैरत,176
मूर्तियों,161
गिरते,114
प्रतीक्षा,40
भटकना,142
मातृ,94
देशराज,192
हाहाकार,122
फुल,93
दूरदराज,62
बेशक,22
सम्बोधित,11
फिराक,72
उन्नति,189
आनन्द,42
बिखरा,28
एकाएक,16
रुकी,101
मजाक,146
बहा,46
जीती,180
मस्जिदों,46
रिहाई,126
तफ्तीश,165
अस्सी,174
चकिया,192
सर्विलांस,130
सैलाब,47
अता,22
इस्पात,33
उपयोगी,163
काका,182
प्रशिक्षुओं,118
वसूले,18
खालिद,188
भरपाई,59
चूल्हे,195
छात्रवृति,18
महापर्व,77
महल,161
चास,155
दिवंगत,11
मैराथन,115
गेंद,180
गुरचरण,98
गोपी,86
शिवाजी,167
प्रज्जवलित,27
शांतिपूर्वक,51
दरिया,46
मानसी,56
प्रभातफेरी,58
मर्जी,24
दिव्या,86
सीटी,159
हटवाया,120
रंगे,81
समाजिक,189
मजार,192
सीने,114
निकायों,30
घूमते,16
हरेन्द्र,56
सौर,10
प्रतिष्ठानों,30
अभिनेता,34
तेजाब,183
हॉस्पिटल,0
वृक्षों,37
आत्मनिर्भर,129
पहुंचीं,119
खाया,97
बाघ,179
संक्रांति,21
विपणन,30
पटाखा,156
केमिकल,181
ठिकाने,46
जमे,48
दबाने,188
परीक्षक,170
जन्मदिवस,86
हत्यारे,146
हास्य,34
आदत,114
असल,22
बरसाती,123
गणपति,21
सावधान,55
उसपर,48
गेंहू,68
बहल,86
निर्देशक,34
पूंजी,170
नैन,137
प्रतिमाओं,161
पहलू,110
कमाने,140
मक्खन,68
बैल,179
सच्चिदानंद,9
बेकाबू,190
शुरुआती,0
बस्ते,20
रोते,81
सस्ती,33
गर्मियों,177
असुरक्षित,116
नन्हे,183
झुलसी,137
अग्रहरि,86
आपातकालीन,41
खरीदकर,128
खासे,147
ठंडी,177
धीर,108
मुबारक,134
सजावट,8
पुरोहित,150
टीके,5
रक्षाबंधन,21
छोड़,126
सैर,49
सोचा,146
लगवा,75
लाइनमैन,20
वीडियोग्राफी,101
गिट्टी,99
आश्रितों,66
कीर्ति,150
छिपे,48
प्रदर्शनकारी,166
नाके,47
हरिश्चंद्र,11
अप्रिय,55
कारी,176
गयीं,126
शिवरात्रि,21
दीवारों,161
रेशम,97
स्वराज,83
आकार,145
कैमरों,85
उम्मीदें,176
दिलवाने,193
प्रजाति,37
बिस्तर,16
पैमाइश,139
गुम,154
भ्रष्ट,87
कोयले,33
समर्थित,141
आश्रित,149
काफिला,193
मेहंदी,125
सबकी,25
उलझ,7
कतारें,88
औपचारिकता,137
धज्जियां,111
आंशिक,163
दीवानी,87
सीरीज,180
यादगार,148
दावेदारी,166
तिरंगा,63
असंतोष,83
सेंध,142
सृष्टि,89
तेंदुए,179
एक्सरे,172
शिष्य,89
उधार,170
बंगाली,11
जरुरी,163
कदाचार,66
गुजारा,195
गलियां,178
चप्पे,194
किराना,18
खामियों,85
निष्कासित,159
सुल्तान,60
उनपर,48
ठहरने,46
विश्वविद्यालयों,135
खुशहाली,54
जौहर,148
सच्ची,25
जादू,25
भोज,150
झुग्गी,122
तथ्यों,36
लूटकर,63
सीढ़ी,81
प्रणव,86
सती,150
पर्दा,81
नेत्री,139
आजकल,138
छलांग,191
होलिका,183
तराई,186
गवाहों,134
प्रखण्ड,186
दिनांक,153
चाहिये,76
मंत्रिमंडल,96
कुंज,11
छतों,104
टकराई,44
सोनम,86
पर्वतीय,184
जमीनों,118
आईटीआई,144
अचेत,2
एसबीआइ,56
सजी,49
ट्रेनर,101
नीम,68
सभ्यता,80
दुरूस्त,47
सलाम,25
गोपनीय,153
पेंच,104
कुष्ठ,159
नजरअंदाज,85
संतान,42
उपप्रमुख,127
अदालतों,87
वायदा,22
जिम्मेवार,116
करीबी,0
प्रश्नों,36
रोके,134
गोलियों,191
आंकलन,85
कंधे,16
समूचे,83
जेठ,125
असमर्थ,153
सिगरेट,160
विदा,42
नोकझोंक,194
राजभवन,192
झूम,88
बसेरा,123
हैरानी,146
काजी,192
महबूब,192
खंडों,138
परिवर्तित,138
हमलोग,121
औसतन,177
मौखिक,12
जत्थे,134
निकलता,1
गैरहाजिर,175
उदघाटन,54
साहस,189
प्रसारण,0
दंश,142
स्रोत,163
लदी,7
बागान,129
बुद्धि,55
कलम,125
तहकीकात,101
सातवीं,80
जुड़े,163
बैठाकर,70
झूठी,134
दशकों,0
मोर्चे,90
शशांक,26
पालकी,21
अलबत्ता,22
तख्त,81
तालियां,175
चना,68
लंबाई,145
दवाइयों,5
रिश्ता,146
कहता,25
सांगवान,58
प्रीत,86
अगुआई,90
माथे,16
नसबंदी,70
ग्रामों,158
पडे़,35
ठेला,124
जलाशय,184
शनि,10
खिलाड़ी,180
दिमाग,110
फर्श,104
नंबरों,64
शीशा,8
नाजायज,193
राजकुमारी,148
बैराज,123
विकासखंड,123
गोदामों,195
अपनाया,189
उगाही,59
बैठकें,92
पट्टा,59
भूरा,37
प्रमंडलीय,120
झेलना,115
डायरी,84
विनीता,86
प्रशस्ति,11
बलात्कार,146
जानकार,45
सस्ता,33
संरक्षित,3
घने,184
संयोजन,163
आईं,34
पहुंचती,186
बंधी,117
सेकेंड,153
निराला,11
दरकिनार,166
लाठियां,156
बुराई,25
रूपी,91
संबधित,118
आत्मदाह,190
सर्द,46
वारंटी,85
उम्मीदों,110
नगरीय,158
उद्योगपति,84
स्पर्धा,180
रथयात्रा,21
बताएं,85
उपयुक्त,163
निमंत्रण,148
इमारतों,161
कस्बों,62
रखती,114
सम्राट,60
जाहिद,119
राजमहल,161
श्मशान,88
मधुमेह,5
ठिकाना,48
स्वस्थ्य,116
कबूल,146
रूचि,162
बारीकी,12
सृजित,170
अभियोग,87
धैर्य,55
गल्ला,176
दीक्षांत,54
चाक,104
व्यायाम,5
असीम,113
दिनचर्या,113
सम्मिलित,92
स्वयंसेवक,83
उतनी,14
जागृत,189
पुस्तिकाओं,153
आदिवासियों,158
निरंकारी,26
चक्की,183
गेंदबाजी,180
नाबार्ड,118
छीनकर,188
रुझान,110
प्यारे,148
गान,152
मेधा,86
अफीम,195
मनमोहक,161
विभोर,71
व्याख्यान,84
शिथिलता,43
त्रिलोक,108
शर्ट,93
पंडालों,182
चकमा,136
दंगा,78
बेची,140
गिराने,65
मर्यादा,42
दांतों,159
फायदे,19
बंधु,86
चढ़े,74
पोषक,37
छीना,196
बिचौलियों,85
चलाये,18
निरीक्षकों,67
अगला,153
जिनसे,48
तंगी,134
आकृष्ट,149
शिवलिंग,21
पढ़कर,171
चीजें,117
ज्यों,1
पंचायतें,133
झूठ,25
पहुंचाना,118
टैगोर,11
प्रचारक,83
कारों,22
सेवानिवृत्ति,92
झूमने,20
करारी,24
तोहफा,176
डकैतों,115
झुंड,179
पड़े,25
खंडेलवाल,182
बताओ,25
पंचमी,21
चहारदीवारी,88
जुबान,7
न्यास,170
सुनीं,71
कृषकों,129
ऊपरी,145
गढ्डे,132
मुनाफा,140
घाटे,19
गोबर,97
अनुकूल,14
संयोग,149
प्रवर्तन,92
दबदबा,166
नक्शे,153
उनलोगों,115
रेलखंड,120
भट्टी,104
संलिप्तता,166
देखें,32
बुंदेलखंड,80
हानि,14
उतरा,46
बेरहमी,115
चकराता,88
इंजीनियरों,198
भूस्खलन,123
हमलोगों,99
अध्यक्षा,167
मिलावटी,160
फंसी,111
ग्रसित,5
बढ़ाना,198
ठिकानों,65
बनवारी,86
मशीनरी,33
रहस्यमय,152
ग्राम्य,186
वाणी,42
नारियल,68
तबियत,76
मंजर,79
अंकिता,31
तीज,21
रशीद,192
मुख्यालयों,62
बखूबी,176
दखल,146
प्रबल,12
उपेक्षित,189
खेप,165
बेचकर,140
निपटा,59
दफा,22
साध,56
छापामार,188
पशुपालकों,190
पेंशनरों,72
सच्चा,25
कष्ट,42
माननीय,96
भरना,85
रिश्तेदारी,78
पंखा,23
निजीकरण,101
लड़की,148
बहुजन,167
हरिजन,83
पीपल,49
प्रेरकों,31
दर्दनाक,22
खिसक,81
कटकर,40
जिलाधीश,139
झूमे,75
पाप,89
मिर्च,68
उल्लास,113
बताना,76
हटने,188
करूंगा,2
सीमांत,3
व्यापारिक,33
आयोजनों,143
गृहस्वामी,64
पूर्वोत्तर,3
दावत,176
सुनाकर,106
पते,141
जाग,53
कासिम,60
पढ़ते,25
ब्रांड,140
भागों,3
व्यवस्थित,36
तलाशने,131
ट्रॉली,181
रोकी,35
त्योहारों,143
खर्चा,66
रामलखन,133
अग्रसर,55
ब्रह्मा,89
कांता,102
देहाती,134
सीसे,8
क्रिया,138
वाटिका,88
नौकर,126
कुंभ,21
साधे,199
सफाईकर्मी,57
तबके,176
आपत्तिजनक,166
साले,88
अपनों,171
खटीमा,120
अभिजीत,86
जिम्मेदारों,78
खिलाकर,142
संबंधों,13
सरना,28
मटर,68
संपदा,30
असमंजस,40
बढ़ाते,114
हेराफेरी,101
अनावश्यक,12
बहनोई,192
परीक्षाफल,43
अंग्रेज,83
वाहवाही,151
भयंकर,15
पीलिया,159
सौगात,17
फेरबदल,153
डालें,154
त्रिभुवन,52
राई,97
अन्दर,1
गड्ढा,16
आफत,47
आन्दोलन,83
चुनी,96
अर्थात,91
सूखने,104
मेहर,134
मुसलमान,29
बमुश्किल,191
सुस्त,159
परेशानियां,71
प्रस्तावों,92
अनेकों,162
खरे,7
पोखरे,139
जयकारे,82
बकरीद,24
बरामदे,49
निराधार,50
जवाबदेही,92
चिंताजनक,103
वायदे,22
सता,113
तीखी,105
कटा,104
कलह,51
लखविंदर,121
पहुंचता,16
अंश,138
सांसदों,96
लाएं,142
महानिरीक्षक,133
यापन,91
आशु,56
लोकायुक्त,166
मण्डल,186
ट्रॉफी,180
कब्जों,64
राही,86
भागा,74
अन्यत्र,149
मोहर,22
दाग,159
अजीज,127
बौद्धिक,36
प्राय,138
प्रगतिशील,189
डिब्बे,181
पंचम,150
मनाए,143
अराजकता,188
साईं,192
जिसपर,15
दुश्मन,126
अपेक्षित,170
खसरा,159
लटके,105
दिग्गज,0
आचरण,36
पेय,97
दयाराम,26
शराबी,191
कारखाने,33
झुलसे,112
घुसा,191
प्रतिपक्ष,166
करवाते,43
हलचल,52
हेलीकॉप्टर,65
मुकदमें,87
चौकीदारों,64
पहुंचाई,197
लगानी,160
ग्राफ,153
गोकुल,150
सुगम,14
समाधि,150
वारदातें,190
परवान,157
घाटशिला,120
सर्वजीत,72
प्राणी,37
कुपोषित,120
जताने,75
उन्नत,163
भतीजा,86
रोचक,152
दंगे,90
धमाके,46
आश्चर्य,42
सचान,102
दायित्वों,92
सज्जन,171
दुबारा,146
नवमी,21
सर्वागीण,130
अनजान,153
जुडे़,31
कटे,104
रोने,53
फतेह,22
ईमानदार,22
बल्लेबाज,180
अराजक,106
तोड़,126
हरेक,40
बंटवारे,193
आत्मसमर्पण,90
हेमराज,63
बयानबाजी,61
हुजूम,47
मजा,49
जातियों,80
कवियों,152
ऊंचे,184
माओवादी,166
पत्रिका,84
गोवंश,28
छिपा,74
आसन,91
अर्चन,77
शोकसभा,136
निरोधक,116
खंभों,88
सिखों,192
बिकने,34
भट्टाचार्य,11
आनाकानी,131
क्षतिपूर्ति,170
चमक,1
हरिहर,150
भाईयों,126
जसप्रीत,56
मार्गों,184
गुटखा,159
आधिकारिक,158
मानसिकता,110
सर्वशिक्षा,18
श्रमदान,35
परिश्रम,50
अरोरा,119
खूंटी,102
कार्यकत्री,44
भूजल,129
माधुरी,11
मानो,48
बैनामा,107
उम्रकैद,31
यकीन,146
ब्लू,0
कटी,104
अवस्थित,3
जलकल,156
बनाएंगे,76
रुकवा,188
कहें,50
छूटे,63
इरादे,126
गुणवत्तापूर्ण,198
मनाते,143
युवराज,60
छाप,45
पल्सर,10
अंशकालिक,54
अध्ययनरत,4
दीदार,121
पत्रक,85
एतराज,187
फरीद,192
रास,182
गनीमत,157
फुसलाकर,78
बुझा,47
अनुश्रवण,144
टिकी,165
सुन्दर,21
बिन,60
तरीकों,163
इंच,98
जलवा,182
भागकर,126
विरोधियों,188
गरम,172
चार्ट,141
पेड़,37
लिंग,91
बल्ब,23
जनों,77
कसा,70
विराट,150
आत्मविश्वास,110
बेचे,140
चेहरों,22
बाजपुर,120
पेशे,135
प्रस्थान,150
छिपी,55
प्रतिस्पर्धा,0
बेचते,140
शासनकाल,60
मिलें,8
खलिहान,124
दामन,47
भयावह,111
नाट्य,152
बाट,197
जिनको,48
गोमती,186
होनहार,86
खुशहाल,171
पुरजोर,166
अपार,189
वरीयता,41
सुर,125
मैचों,180
दंत,5
वकालत,83
सट्टा,133
टकराव,13
भेजना,153
लपटें,106
हरित,129
अभिकर्ता,66
सिक्के,8
पिलाकर,124
ढुलाई,181
आदेशानुसार,24
युवतियां,115
सुलझा,71
बेसहारा,43
मानवीय,36
महत्वाकांक्षी,54
विस्फोटक,172
आशियाना,67
बोध,149
बराबरी,93
दुपहिया,18
रविकांत,86
खीर,21
शक्ल,117
रसोइया,115
आकांक्षा,189
दबे,185
कर्मजीत,194
दरार,1
फौरन,22
संप्रदाय,29
श्रृंखला,0
ढूंढने,153
प्रसन्नता,171
खोजने,32
बॉलीवुड,34
खजाना,192
रूटों,130
उपासना,89
संग्रहालय,161
श्रद्धासुमन,56
मादक,5
प्रत्यक्ष,14
पारदर्शी,163
राहों,142
रखाव,118
दोहन,33
निषेध,36
रिटायर,93
जीजा,102
मुक्की,44
निर्यात,33
आजीविका,100
मनायी,127
जली,160
बिछाई,81
पच्चीस,174
शिवराज,86
निकटवर्ती,15
दृष्टिकोण,36
दांत,37
कृत्रिम,172
मूर्तियां,161
बेघर,115
लोडिंग,153
लाद,176
भटकते,81
गहनता,113
चिकित्सीय,5
पदम,26
कानों,74
रियाज,51
यंत्रों,138
पटरियों,181
विराम,32
फैंसी,67
शाहगंज,122
पलटी,75
रईस,192
मरे,74
जीविका,118
दंडित,87
एग्रो,107
विचारधारा,189
अख्तियार,51
जुर्म,22
वीआइपी,164
मंडलों,118
सशक्तिकरण,54
पुनर्गठन,92
मोड़,117
शीर्षक,32
खंगाला,35
बचाना,116
हितैषी,40
उपलब्धियां,54
गुरुद्वारे,88
समृद्ध,80
किशोरियों,147
पोखरा,120
रूख,51
जुटने,112
वृद्धावस्था,43
भागते,74
डूबा,117
चारपाई,124
परीक्षकों,59
स्नेह,113
ननद,86
आदर्शो,189
खासतौर,116
उपाधि,84
झूला,88
राजगीर,88
विराजमान,21
आंदोलनकारी,51
सिलेंडरों,181
अल्पसंख्यकों,158
कूदकर,26
काफिले,188
मंजिला,161
पाला,46
समझकर,42
नामी,176
माताओं,116
चिकित्सकीय,5
लोकतांत्रिक,13
जूते,191
बोधगया,21
टोपी,49
बनवाए,161
चढ़ाया,183
शिकस्त,22
सरकारें,13
संतुलित,12
जहमत,115
सहमे,7
मुद्रा,170
स्वाति,26
संभवत,80
रीति,14
गुत्थी,43
दिलशाद,182
प्रवासी,158
घरवालों,40
रिसाव,172
तपिश,9
सैलानियों,184
सिखाया,25
पुतले,67
आजिज,27
नामांकित,34
बलि,150
घाटा,19
बढ़चढ़,176
बदसलूकी,51
चुस्त,49
भरते,104
फेंके,191
विकलांगता,85
पुर,186
नूतन,152
पापा,115
स्मरण,89
प्रक्षेत्र,70
शिखर,161
होशियार,176
अफसोस,22
मायूसी,122
खूनी,188
खडे़,69
मेंहदी,38
यूनियनों,118
श्रुति,89
जख्म,114
फीडिंग,195
कराएगा,100
तीव्र,12
जीवनी,152
शौक,148
कुंडल,79
जलमग्न,123
किसने,25
समझी,66
मोक्ष,89
पट्टे,19
बचाकर,185
खानपान,68
इनामी,103
फहराया,192
खुदरा,140
शेरपुर,186
निर्भय,56
बजाने,125
सुनसान,165
बेबुनियाद,2
वहन,170
हवालात,136
क्षत्रिय,150
किरदार,34
डोडा,120
अभिकरण,170
पत्थरों,161
पुलों,184
धरा,81
महापात्र,26
खिल,7
जगाने,189
झूले,176
आमसभा,63
प्रशिक्षकों,101
भिजवा,193
बनें,134
जनमानस,189
लगवाए,57
स्वाद,97
अंत्योदय,73
खड़े,74
केला,68
तारिक,166
प्यारा,125
चारो,15
पहरा,194
निगमों,30
परे,149
विद्वान,152
जनसेवा,56
रीढ़,5
उठाएं,71
लाते,48
व्यर्थ,55
दरकार,64
उतारकर,185
महक,38
गजल,182
गाजे,52
गृहमंत्री,166
लोकप्रिय,34
कमियों,198
सेनानियों,83
गाए,148
कारीगर,8
अनियमित,5
द्वारिका,150
आहुति,91
शास्त्रीय,152
इंटरसिटी,62
ढाका,186
समाजसेवा,51
प्रबंधों,9
बजरी,123
पटल,32
ठेले,61
नजीर,127
गुंजन,67
जाप,91
सटीक,163
निकाह,134
परगना,186
बादशाह,192
संस्थागत,198
स्वामियों,99
घात,185
स्थलीय,177
पत्रावली,194
शतरंज,180
मौसमी,177
अंशु,156
चुन,154
सुनाते,25
दुर्गापूजा,26
पहुंचेगा,121
पौराणिक,150
दबकर,124
दिखता,145
पीले,37
मृदा,37
योगा,28
दौलत,22
मन्दिर,21
फर्ज,134
कुचलकर,128
व्यतीत,150
मांगते,171
गुण,138
बेल,181
अटूट,189
सूफी,29
ऋतु,177
ताजिया,88
पूछ,25
प्रमाणित,36
संस्कारों,89
प्रतिद्वंद्वी,180
संशय,113
सेवादार,88
जच्चा,175
फिसल,98
खूबसूरत,161
बैठेंगे,2
रूपया,142
भुखमरी,116
सभाकक्ष,72
कागजातों,101
नहरी,69
सिखाने,45
माहिर,176
सेल्समैन,136
कंटेनर,181
विक्रांत,120
जिम,0
धरे,107
अधीनस्थ,92
चप्पल,31
बनीं,167
अंधाधुंध,116
मोहर्रम,120
एजेंसियां,30
गंडक,88
हजारी,86
मीर,60
उमंग,77
पीला,37
प्रवाहित,1
आदी,27
शहरवासी,58
चिंतन,36
बांटकर,71
जलेसर,133
पर्वत,184
करनेवाले,55
सदमे,176
बांधने,160
आधारभूत,36
थाली,183
उतारू,171
खांसी,5
नोटों,59
धोने,195
सहायकों,199
फरियादी,44
दोहरी,114
प्रतियोगी,0
बच्चन,148
वर्चस्व,188
महापुरुषों,77
कट्टा,69
जनविरोधी,193
हुंकार,187
मोमबत्ती,160
जीवों,37
संगीन,27
शुमार,46
समायोजित,163
हालातों,166
खजाने,63
झमाझम,121
मीठा,97
आंगनबाड़ी,175
डांट,121
नेक,134
सवालिया,128
संरचना,138
प्रभावितों,115
शफीक,147
चरमरा,52
अलविदा,146
सद्भाव,189
खरीदना,140
निचली,145
हेमा,148
नील,177
डुबकी,88
घटा,59
दुष्यंत,192
अन्न,68
खड़ा,74
घुटने,16
एजेंटों,41
मारामारी,82
डालना,114
मैक्स,0
भूखे,142
प्रभाग,30
लाभकारी,198
प्रवृत्ति,36
पधारे,150
तेंदुआ,179
अपराधिक,87
दौड़,46
दही,68
दंग,20
चारे,68
असंतुलित,159
दिलाए,40
पीना,142
सत्यवान,40
खरी,47
घूमकर,53
भ्रम,149
बकाए,196
चिल्लाने,169
कूच,63
कायाकल्प,156
खुशियों,56
संवैधानिक,96
बोलकर,171
मनोरमा,86
बहनें,148
उपद्रव,185
उपराज्यपाल,167
चुनने,153
टकराने,65
आमतौर,163
माओवादियों,130
ससमय,78
आपने,45
सज्जा,49
बैसाखी,88
सिद्धांत,36
गांववासियों,197
क्रांतिकारी,83
प्रख्यात,11
प्रश्नोत्तरी,99
लगाएंगे,124
सब्जियां,68
उदयवीर,77
कर्तव्यों,92
लपटों,183
बाधक,14
निकालना,14
छाई,81
डोली,49
काटते,104
चूल्हा,195
अर्से,173
स्कीमों,118
कान्वेंट,72
वत्स,150
राग,89
भूगोल,162
बजरंगी,122
लेफ्टिनेंट,90
अंचलों,120
किसके,134
लौटाने,66
सूचक,138
तपन,71
प्राक्कलन,66
जेलों,90
प्रभावशाली,110
शराबबंदी,27
दलील,22
स्त्रोत,138
बुरे,25
गिर्द,22
पहन,49
परिचर्चा,4
आभा,49
ज्वाला,183
रची,152
मंत्रोच्चारण,77
घोटालों,166
चरणबद्ध,144
दूल्हे,53
सांख्यिकी,162
दक्षता,198
अरसे,188
झुलसा,47
निकालते,114
तालीम,22
मूंग,68
देवा,148
आगाह,22
अष्टमी,21
नेत्रदान,132
लौह,8
गजेन्द्र,108
लेंगी,122
दायरा,94
खुलेगा,196
घटने,159
परिधि,138
उपचाराधीन,70
सुशासन,118
प्रीती,148
सिखाए,176
श्रोता,32
प्रबुद्ध,189
जौहरी,88
कानूनों,13
पत्राचार,87
पीली,177
चुनौतियों,198
अतरौली,186
उत्पादक,33
सत्तर,46
बेचैनी,114
उद्योगपतियों,54
सूक्ष्म,138
शायर,126
लथपथ,20
व्यवधान,144
भुइयां,187
पुरातत्व,161
नाटिका,27
अनावरण,0
अनुचित,14
अभियंत्रण,4
चाहत,171
कटवा,81
अंजान,148
प्रिय,42
इबादत,22
नकाबपोश,28
संभाली,60
झरिया,120
जानबूझकर,100
घिरे,184
दुर्भाग्यपूर्ण,166
मूक,148
संवारने,43
औपचारिकताएं,59
भुवन,182
बजते,102
प्रवास,158
रूक,185
एजेंडा,166
बोलबाला,51
जानना,50
दवाब,103
लिखाई,154
ऋषभ,26
बकाएदारों,73
बैरक,165
गंगाजल,26
चैत्र,21
लेखाधिकारी,196
फंसाया,131
अधिप्राप्ति,118
बरसे,47
रिश्तों,54
पंडितों,150
तमन्ना,22
प्राध्यापकों,86
बोतलें,160
अपितु,149
राधाकृष्ण,89
कयास,176
पिलर,196
खड़ी,15
बढ़ना,159
हवेली,161
रहस्य,152
त्वचा,5
शुभारम्भ,101
हिस्सेदारी,140
असलहे,31
प्रेमनगर,182
साधू,77
पलटा,197
सत्ताधारी,171
पन्द्रह,174
पीरो,139
उल्टा,117
संयम,50
सूरी,60
स्क्रीन,32
ठेकेदारी,106
तेरे,81
कांटे,16
फंसने,122
जद्दोजहद,115
व्रतियों,106
शिल्पी,152
फुटपाथों,38
सिरदर्द,5
प्रस्तुतियों,34
पंचों,67
मुनासिब,22
परसा,157
अमावस्या,21
स्थिर,138
बैट्री,181
निखारने,57
खींचने,98
बिगुल,188
निर्धन,50
समझना,14
पात,104
परिणामों,163
आपबीती,108
दरम्यान,65
पिकनिक,49
आहवान,18
खंभा,169
मंहगाई,197
मेजबान,0
गुटबाजी,187
बरसी,171
त्रासदी,110
वालीबॉल,119
अद्यतन,32
संवर्ग,118
पालना,130
लौटकर,74
कुत्ता,179
सानिध्य,77
प्रावधानों,92
वस्तुएं,8
औपचारिक,13
करवाएंगे,147
घोषणाएं,101
दबोचे,112
लटकी,104
कैसा,25
सर्वोदय,189
सांय,119
सशक्तीकरण,54
बेतरतीब,105
उफान,23
रंगीन,145
मुश्ताक,136
आशाओं,51
बनाओ,134
जागीर,60
सोते,104
तुषार,155
नीतियां,198
गुजरती,184
गर्भपात,5
दाह,91
पहनने,49
दूरसंचार,30
सुंदरता,161
छिपाने,176
पकड़,74
संक्षिप्त,32
कांडों,190
समझाकर,75
चर्चाएं,137
देंगी,112
मान्य,36
रैकेट,191
शाल,49
फजीहत,103
तांत्रिक,89
विभूति,77
पकड़ा,74
बरतें,85
सजाने,49
सुरक्षाकर्मी,24
जोखा,197
उठाएंगे,118
निकटतम,62
अरमान,148
गतिरोध,166
सरोकार,51
जवाबी,65
अथारिटी,136
पूर्णत,149
धनी,189
बसर,22
सुस्ती,47
जयकारों,9
एचआइवी,116
तलाक,146
सजे,49
फाइलें,153
परचून,18
प्रवाह,138
दिलों,25
दुर्लभ,37
मोटे,37
पिकेट,101
रोमांचक,34
बुद्धिजीवियों,189
त्रुटि,153
रासायनिक,172
आतंकवादी,90
जीवंत,152
देह,91
स्वाभाविक,149
खामी,43
श्रीमद्,9
काज,47
फरोख्त,134
आधारशिला,189
स्टाप,18
नारों,193
भराव,183
भूसा,97
खनिज,172
बासमती,99
निगाहें,40
गलन,195
सदुपयोग,144
रातभर,106
पत्रकारिता,84
खागा,120
सताने,173
रचा,45
चौंकाने,93
ढाणी,52
प्रारम्भ,11
जातीय,158
दिखाना,154
नवाज,90
सुपरिंटेंडेंट,72
लहराया,122
ढांचे,198
केंद्रित,198
रोना,142
अथक,189
मनोकामना,21
गेंदबाज,180
गजराज,26
नकलची,103
चन्द,22
उपनगर,62
तपस्या,150
कराता,144
उच्चस्तरीय,54
दुर्गम,184
पीतल,8
धमाल,28
फैक्ट्रियों,118
जिलांतर्गत,187
बदन,81
शंभु,106
बनाता,172
अर्जन,170
जल्दबाजी,18
बुवाई,95
कुंडी,88
समाना,44
सहमत,13
सूट,49
प्रायोगिक,162
जानता,25
समानता,36
भुक्तभोगी,51
नगरवासियों,173
विख्यात,11
संभल,186
छाता,160
बैठते,48
कमा,176
उस्मान,60
हनन,166
भिन्न,138
पहनकर,49
एहतियात,142
लाचार,53
पीते,97
सुपारी,68
बैठाने,70
छुट्टियों,143
बंधा,117
रोजमर्रा,110
परिक्षेत्र,106
मसलन,176
सूखी,97
प्रोफेशनल,101
अध्यादेश,66
आहट,142
गद्दी,60
उतारी,40
बहता,1
प्रयोगात्मक,162
अनाथ,171
मतभेद,29
छापने,76
किसे,115
खर्चे,66
विकट,111
गुरुजी,42
सोचने,110
कपास,129
शाहबाद,26
ब्लास्ट,160
लगवाया,194
चौसा,120
हिंदुस्तान,51
सुर्खियों,146
जहरीले,195
खिलाने,97
भुगतने,176
इंसपेक्टर,18
ढांचा,198
घनी,177
चिलचिलाती,111
पालकों,76
दर्शनों,89
किनारों,145
शीतलहर,123
नाश्ता,68
चुराने,191
सूचियों,59
नान,176
बाथरूम,160
ठेस,193
निकलती,1
वैवाहिक,29
दिलचस्प,32
कृत्य,92
सनसनीखेज,193
बुलाए,134
मूलरूप,28
बकायदा,169
अबकी,176
जाओ,25
थानान्तर्गत,194
अमलीजामा,115
फलदार,95
हिमालय,184
नाना,42
भूतपूर्व,167
गम्भीर,50
दाने,97
पतंग,49
वैली,62
पुत्रगण,136
फलस्वरूप,12
खोखे,156
सुकून,88
रखनी,14
गायिका,34
जगजीवन,86
संदिग्धों,193
बांसी,106
राजभाषा,92
सोचना,76
दलदल,177
तिल,68
भिखारी,182
ड्रामा,34
खुलते,98
गमगीन,128
कामगार,170
ठहराते,48
पहुचने,88
दिलाना,50
लम्बी,184
दिखायी,117
कुरान,22
बैठना,47
थैला,142
कहावत,125
सांकेतिक,190
गुफा,161
दूंगा,71
वनों,177
नाच,125
पंपों,181
दार्जिलिंग,186
शशी,75
कामगारों,118
जुल्म,22
बेहतरी,134
बखान,77
ज्ञापित,125
भेद,149
बिस्कुट,61
तरजीह,22
याचिकाकर्ता,131
बैद्यनाथ,26
मयूर,77
मुल्क,22
चर्चाओं,189
प्रलोभन,113
गाते,125
सत्याग्रह,83
खेमे,188
रोहन,193
नीलकंठ,21
शिवालयों,52
सादा,153
अनामिका,125
बुआ,148
सौतेला,151
विंध्याचल,21
तकरार,166
धर्मराज,150
आंवला,68
लात,176
महफूज,112
वंश,60
सुजाता,86
दफन,188
विलास,77
हानिकारक,5
अनिवार्यता,36
रहमत,22
प्रकाशोत्सव,63
चुनार,88
बीर,88
मिष्ठान,139
दिवाली,77
हटवा,137
मातहतों,165
निगल,114
सामग्रियों,163
इतर,55
गुरुदेव,11
पहर,81
जनवितरण,71
संजीवनी,77
लड़ाई,90
वृहद,162
समरसता,189
घुसपैठ,188
धमकियां,166
विक्षिप्त,43
गोपनीयता,41
पाठ्य,32
मेहरबान,22
रैंप,165
सेवायोजन,4
कराएगी,59
पहना,49
समीकरण,138
पालियों,28
सरैया,120
दुखद,55
आठवें,174
अखंडता,190
पॉलीटेक्निक,133
फिल्में,34
घबरा,81
संचालिका,130
देय,170
टकराकर,145
धमका,63
लगाव,152
नित्य,89
आपत्तियां,59
मैदानी,184
कर्मवीर,86
बिछा,104
उल्टे,47
रखेगी,17
त्राहि,64
पौष्टिक,68
शौकीन,49
दरें,170
सिक्का,106
भौगोलिक,3
समझे,19
एकादशी,21
विनायक,11
उछाल,181
निभाते,198
करतब,142
रेफरी,180
निर्वाचक,96
रामवृक्ष,86
बक्से,98
धमकाने,176
अनुमानित,3
ढ़ाई,86
ग्रामोद्योग,129
पलक,114
बली,77
मुख्याध्यापक,71
सर्दियों,177
अनाधिकृत,59
विषम,138
जानबूझ,134
विद्यासागर,86
हटाना,153
मुस्लिमों,188
मस्त,53
शगुन,81
ढोने,95
प्रांतों,158
कार्डधारकों,43
धूरी,35
काल्पनिक,34
गुजरा,111
अनवरत,113
सौभाग्य,56
बांधे,164
जानमाल,185
कुंडली,138
देखेंगे,25
ईनाम,176
कम्युनिटी,0
मुस्तैदी,196
गल्ले,47
अन्नपूर्णा,21
त्रिलोचन,86
गालियां,57
घंटी,160
दूरस्थ,153
सोए,187
गुजरे,117
मारते,74
रसोइयों,71
मोबाईल,141
नैतिकता,36
कार्यान्वयन,30
औचित्य,50
बेमौसम,58
अपनाई,100
अभिनेत्री,34
नकारात्मक,116
उतरते,15
इंजीनियर्स,30
मंदी,140
गिराया,65
झूमते,187
बदलना,32
कुलभूषण,86
रिक्शे,38
लटकता,98
खट्टर,192
कैफे,140
शाखाएं,129
केवट,111
उबाल,195
हकदार,170
किले,161
करवट,7
साधनों,36
अहमियत,51
टोनी,34
मसला,166
बचना,116
छूटने,63
ताऊ,192
वचन,42
अनुबंधित,0
धोखे,25
अंगुली,98
नलों,195
ढूंढ,71
ज्वालामुखी,177
आदान,144
चुराकर,103
परिचालकों,124
मनमर्जी,151
निभाया,34
भट्ठों,70
वार्डेन,35
सुखद,113
आपत्तियों,66
कर्बला,192
बुद्धिजीवी,189
उठती,1
आएंगी,197
रिचार्ज,181
खोखा,105
तान,81
बिन्दुओं,10
वाजिब,22
लगाता,114
केसर,68
अभिरक्षा,66
अर्थव्यवस्था,30
गुलाबी,145
अंधकार,89
जीरा,68
जलती,183
तेरा,81
दोगुना,181
श्रेया,86
गिरता,1
दैवीय,77
सूचनाओं,141
बीएसएल,118
ढलते,183
बीघे,194
रेलमंत्री,133
चौकियों,123
वर्षगांठ,54
तानाशाही,188
हिंसक,188
परत,172
गुणों,149
महफिल,176
घोल,172
निवेशकों,30
वित्तमंत्री,193
ढक्कन,145
खटखटाया,64
मौज,47
अवमानना,87
बनाएगी,35
मंत्रोच्चार,108
टेकने,35
दूल्हा,73
ज्योतिष,149
बानगी,67
मेघा,64
अमूमन,165
कढ़ाई,49
शॉल,49
सोया,109
पर्दे,81
उद्भेदन,123
मिलेंगी,196
पीटना,107
महारानी,60
लड़कियों,176
स्तुति,89
कक्षों,98
समितियां,118
अनियमितताओं,130
व्यथा,113
सम्बन्धित,149
टांग,16
लोकप्रियता,34
जबर्दस्त,188
नाकेबंदी,166
ठगा,111
बुजुर्गों,116
विस्तारपूर्वक,91
बजा,81
शराबियों,43
बंजर,123
छटा,49
प्रण,42
कसी,128
गाया,34
हैसियत,134
खुदा,22
गोताखोरों,183
सुअर,97
इकलौता,127
निबंधक,133
मौतों,116
क्रमांक,32
रामराज,111
जुटाई,40
नयन,117
जस्सी,122
फूंकने,71
स्वर्णकारों,156
आकाशीय,10
सकेंगी,59
आयाम,162
जलवायु,177
पक्षपात,50
गुंडा,115
राष्ट्रपिता,127
खामोश,112
ख्वाजा,192
आक्सीजन,172
बरते,147
घटती,172
प्रसारित,34
लाटरी,59
दमखम,197
प्रायोजित,0
हिंदुओं,29
कथावाचक,86
जांचने,85
अतिसंवेदनशील,159
घंटो,107
मदरसे,63
क्षण,117
अक्षर,32
खुलेंगे,119
कुछेक,95
प्रतिद्वंदी,146
एकादश,174
खिला,142
डायन,111
सलाखों,191
मिठाइयां,68
मोहलत,22
चोरियों,31
छाती,16
दीर्घायु,91
बटन,153
ब्रह्म,89
तेरी,81
नीली,16
बरस,22
तकलीफ,22
आमंत्रण,76
पशुपालक,95
नाकाफी,67
पहनाने,108
नाबाद,180
सबों,31
सन्,167
जटिल,12
नुमाइश,27
तीर,53
मुखातिब,130
कर्मकार,66
कतरा,134
दिनकर,11
शौर्य,150
लेख,84
सुखी,42
सब्र,22
असमर्थता,5
मसाला,68
त्रिलोकी,56
साख,59
अनिश्चित,12
प्रचंड,185
तांडव,77
गिरिराज,77
कोटि,149
चढ़ाकर,79
सरासर,47
संलग्न,141
खोया,148
गवर्नर,96
गोलमाल,176
फौजदारी,87
हर्षित,185
नौकरियों,13
घोषणाओं,101
काटना,160
प्रैक्टिस,101
एयरफोर्स,78
भागी,40
मजीठिया,86
संपादक,84
घेरने,165
भावभीनी,119
तनावपूर्ण,110
वजूद,188
रखवाली,61
स्वावलंबी,118
खींचतान,23
हल्दी,68
मालाओं,147
मोटरसाइकिलों,181
कार्पोरेशन,62
अतिशीघ्र,72
मिलाप,176
नमो,77
संभावनाओं,198
साहित्यिक,152
टेढ़ी,98
हथियारबंद,188
सीढि़यों,169
नस्ल,179
पाइपलाइन,181
मुकुट,88
दुर्भाग्य,100
सुरक्षाकर्मियों,20
सुरंग,184
शीत,177
डलहौजी,63
इज्जत,51
दर्शाता,6
एकतरफा,166
रिवाज,29
गुंडागर्दी,43
मैया,120
मापदंड,163
नाथनगर,120
पंथ,29
सफाईकर्मियों,18
मिलाने,172
जगपाल,155
जानें,134
कटाक्ष,187
भीख,39
तकनीकि,128
अनुदेशकों,151
स्वयंसेवियों,18
हिलसा,56
दीदी,115
मिलाया,68
दंगों,90
चढ़ाई,15
हाकिम,134
कुलश्रेष्ठ,26
पुनर्निर्माण,158
मोटा,104
प्रार्थनापत्र,18
उच्चाधिकारी,133
जया,148
समझें,154
हलवाई,165
साबुन,8
फकीर,171
नजरें,165
खेलना,180
स्वदेशी,54
भयमुक्त,194
हीलाहवाली,151
भाषाओं,80
उच्चतम,92
जनजातीय,158
संग्रामपुर,120
आत्मसात,189
सांई,151
अनुदानित,18
बाहुल्य,15
भतीजी,148
सटा,184
आतंकवादियों,90
विक्रय,170
धुएं,195
पकड़े,74
झोला,190
चैतन्य,89
तल्ख,173
गहमागहमी,155
झूल,176
सौंदर्य,152
बही,59
रानीखेत,186
शिशुओं,5
दक्ष,91
मस्तिष्क,5
खंडहर,161
अव्यवस्थाओं,43
धनघटा,58
पार्लर,31
सम्पूर्ण,149
कसबा,28
पालक,105
नाटकों,152
झांसे,157
चलाएं,153
मुसाफिर,53
प्रसूता,160
अपनाना,36
धमाका,191
पैंट,191
उपायों,198
मानचित्र,32
पायदान,101
गांठ,105
अहंकार,55
कनेक्शनों,141
जलाई,183
वास्तविकता,55
दिखती,49
उपद्रवियों,128
क्रिकेटर,180
जनजागरण,86
कट्टे,169
पर्यवेक्षण,92
आगोश,107
हेलीपैड,196
कम्युनिस्ट,83
शुभकामना,18
धनुष,91
प्रतिपूर्ति,59
प्रजातियों,37
जहाज,65
पखवारा,52
बेबस,134
भेजें,153
पत्ते,97
शिवपूजन,86
आंध्र,186
अपनाकर,50
उपजाऊ,184
बैठाया,26
किशोरों,116
कांति,10
नकार,110
लाभदायक,5
पाटिल,167
शूटर,93
बनाती,37
वैसा,25
जूता,191
रेप,193
उद्देश्यों,198
अकेडमी,101
समता,36
उठते,81
ठगने,190
खलील,78
चाट,38
चुकाने,140
प्रशस्त,189
बेचना,140
झेलने,176
पालिसी,66
कांफ्रेंसिंग,72
अपनाए,100
दबी,185
रचनात्मक,36
इकट्ठे,74
राजस्थानी,11
कदमों,54
इस्तीफे,96
हालचाल,75
चौंक,76
पूर्वजों,80
चलेंगी,156
सामंजस्य,36
गुंजायमान,79
मासूमों,27
रिमझिम,67
किनारा,145
बूढ़े,53
गंवा,146
पारिश्रमिक,100
इसरार,47
विडंबना,110
जागो,27
महाआरती,77
जनाधार,168
रेडीमेड,133
शिवानंद,9
बंगले,49
दारू,106
आदर,42
विभाजन,158
धमकाया,193
मलिन,61
बुनकरों,197
मंडरा,156
जलाए,199
मैकेनिकल,181
लश्कर,22
मन्नत,17
माइक,0
तदर्थ,118
अद्भुत,89
सुखराम,58
सभाएं,51
सीखा,45
अदद,103
थैले,160
महामाया,77
दिव्यांग,118
असलहों,121
ज्ञातव्य,194
अनापत्ति,59
कॉरपोरेशन,0
गाना,34
उत्खनन,161
नाता,126
पोर्टल,141
मुर्गी,68
नाश,91
कंधों,16
बटोरी,119
कमजोरी,5
अक्षम,153
सिफारिशों,92
कराह,105
होम्योपैथिक,43
कांटा,57
उपकेन्द्र,122
टूरिज्म,28
बोरियो,147
कविताओं,152
घटक,163
साक्ष्यों,80
आखों,142
तालियों,132
कुर्सियां,160
विषयक,149
हराम,134
कठिनाइयों,198
व्यंजन,68
बेमानी,27
अपमानित,100
निकास,172
देखिए,76
चलेंगे,47
बताता,117
बनवाकर,38
खींचकर,16
त्यों,124
मानिक,26
सीमाओं,13
वरिष्ठता,118
आत्मरक्षा,110
मानती,110
चलन,48
माप,138
अटैची,136
तिहाई,46
कतिपय,149
अनभिज्ञता,24
ठगे,2
अनुदेशक,101
सांझा,23
नीले,145
असंभव,12
कारीगरों,8
चौथ,63
बन्द,154
भावुक,110
सुरभि,115
बढ़नी,105
एकड़,62
जेईई,147
दलबल,119
लगवाई,164
कोशिशों,166
संपति,66
मार्कशीट,196
कराती,144
बॉल,93
ढीली,98
उपदेश,89
ढेरों,88
प्रशिक्षणार्थियों,118
जालसाजी,85
दिमागी,116
भूमिहीन,129
छूने,16
इंसानियत,2
शर्मनाक,24
चाही,176
हिल,62
सोमा,61
खोद,105
आजतक,182
श्रावणी,88
सौंपते,51
जुकाम,159
क्षमा,55
चपरासी,72
रंगमंच,152
पम्प,181
पिला,81
लेखाकार,66
रचनाओं,152
व्यवहारिक,36
सुधरने,196
ऊंट,95
मेवा,47
टीसी,197
आश्रय,89
जूझते,51
लोकगीत,125
वाचक,94
समेट,81
हरकतों,176
पुष्टाहार,105
स्वभाव,113
चित्रों,161
स्वेटर,20
औषधीय,37
तृतीया,21
छोड़कर,25
पाठ्यक्रमों,135
बोरियों,160
कुचला,191
फायदेमंद,116
परिणामस्वरूप,41
बीवी,22
यथा,170
कीमतें,140
प्रतिरक्षण,159
निगमायुक्त,26
वर्गीय,51
नवयुवक,171
ननिहाल,192
पागल,126
प्रियदर्शी,26
बालकों,50
सम्बन्ध,55
अनुमोदित,170
शीट,181
प्रविष्टि,141
कैरो,111
विवेचक,94
गजब,39
गदगद,26
तवज्जो,176
भराई,160
मनाना,9
परियोजनाएं,30
रौंदा,2
शिशिर,28
कंधा,51
रंगा,49
एथलीट,180
हबीब,176
तापस,108
मुगल,60
जिसमे,0
नीलाम,193
पूर्णाहुति,86
उन्नयन,198
भागीरथी,21
जोड़ने,141
सिद्धांतों,36
हार्दिक,54
भयानक,53
करोड़ों,123
कुम्हार,77
बनानी,85
मीठे,97
बुनकर,151
सुबूत,176
संभाले,136
कौम,176
सेवादल,193
प्रस्तुतियां,101
यथावत,40
उतारे,81
कोरी,125
प्रदेशीय,28
संगीतमय,34
भरवाने,139
सजाई,88
राजनेता,167
झोली,20
वास,21
घेरकर,185
सहेली,148
राजनेताओं,83
चोक,115
मदरसों,190
मतपत्र,101
घिर,176
डरा,134
बेचैन,176
राशनकार्ड,82
हंसी,111
बुझाई,17
उन्होनें,45
अपनाते,55
घूस,122
दोहरा,154
लोकदल,192
रामानुज,89
विटामिन,5
थाम,81
नाज,76
हरकतें,111
ख्याति,152
बिसौली,35
अतीत,152
रंगाई,8
शिवालय,21
धोबी,125
पूंजीपतियों,190
उलट,48
सवेरे,81
पिलाया,47
वारिस,126
मूकदर्शक,156
बचें,185
मौसी,148
ढाबों,109
राष्ट्रवादी,83
घटकर,65
चौरासी,77
हटकर,55
जिम्मेदारियों,13
विवाहित,148
लगनी,61
खरीदारों,140
असंगठित,118
कर्ता,9
अराजपत्रित,175
भेजते,48
अवरोध,5
निंदनीय,51
लुटेरा,136
पत्ता,105
रखीं,171
प्रादेशिक,92
माघ,21
गूंजा,31
समतल,145
दलहन,68
बजाकर,125
अजब,22
विषाक्त,5
व्रती,91
कव्वाली,125
शिशुपाल,77
जिन्हे,176
जैव,33
हकीम,22
पदोन्नत,0
आत्मिक,113
भूत,89
दोहराया,146
सेमीनार,139
चलीं,53
अटका,128
अध्यात्म,89
छुट्टियां,49
मदनलाल,63
साधकों,113
सुनाए,134
सैल,98
महाभारत,150
ठगों,197
कुरावली,120
छठा,174
उत्साहवर्धन,115
निश्चय,55
गेंदों,180
आशाराम,72
वाह,76
व्यस्तता,107
साया,176
मुर्गा,179
भ्रूणहत्या,57
विसर्जित,183
खरीदते,140
महासम्मेलन,86
शीतकालीन,180
काश्तकारों,51
आभूषणों,8
पर्यवेक्षकों,166
सिवाय,100
शीश,77
अभियोजक,78
बच्चो,4
लिंगानुपात,186
श्यामसुंदर,182
बंटवारा,166
उच्चारण,80
छिन,63
निष्क्रिय,163
नवविवाहिता,106
मुनीम,86
चोटी,184
मधुकर,26
क्षय,172
प्रगट,50
नानी,148
अंधविश्वास,113
लाठियों,53
तस्वीरें,49
समीपवर्ती,184
जुड़ी,163
डाकघरों,18
फैक्स,153
साधते,43
चढ़ी,70
उतरेंगे,176
इसने,0
प्रचलन,80
परमाणु,172
लीवर,5
टिकटों,101
पत्ती,37
इलेक्ट्रॉनिक,141
अल्प,172
बिजेन्द्र,27
चने,68
स्वर्ग,89
अनुपमा,75
विनाश,55
बनवाई,161
संचयन,144
अभिशाप,113
असलियत,51
पढ़ती,115
ईटों,104
भूना,142
बेअसर,111
गायकों,34
पार्थिव,91
कार्यवाई,100
कार्टून,34
उद्धार,77
शीशम,95
खदानों,8
विशेषता,149
पुताई,165
अनुसरण,55
स्टेशनरी,59
होनेवाले,14
आंदोलित,27
विद्यानंद,9
अंतरिम,96
विद्वानों,80
आंखे,117
करायें,85
निर्मली,28
गोरा,164
धूम्रपान,5
बागवानों,109
डेरे,122
तबतक,2
शिक्षामंत्री,86
पंक्ति,32
साहित्यकारों,152
झपट,119
ताकतों,188
अपात्र,197
प्रेषण,141
संकल्पित,118
किसानी,194
कटवाने,151
ठंडक,185
फुटकर,59
सदी,80
लुभाने,115
चश्मा,81
भांजे,86
पैगाम,187
जमानती,59
गानों,34
बारादरी,121
लाडली,77
सुई,159
पड़ोसी,3
हर्षवर्धन,150
चंपत,47
करुणा,89
किसकी,25
प्रणाम,150
समुद्र,184
निर्बाध,144
अमूल्य,189
सुश्री,84
खानी,188
मांझा,23
नदियां,184
ढुल,64
तैराकी,93
कैसी,25
संक्रमित,5
स्वेच्छा,100
सीआइडी,132
नियुक्तियां,118
सतगुरु,192
मुकर,17
मचाते,185
करतूत,7
राजेश्वरी,151
भीमसेन,150
गहलोत,86
इक्का,98
समुदायों,158
गरमा,130
खिलौने,49
रासलीला,77
लाये,64
उठाये,166
ठेकों,131
सपरिवार,192
फूस,95
म्यूनिसिपल,72
ढिलाई,75
कटोच,122
जायें,76
निपटारे,66
योगाभ्यास,56
चुपचाप,53
बेतहाशा,178
निवासिनी,124
संतोषी,125
शक्तियों,13
यथाशीघ्र,66
भट्ठी,172
व्यवसाई,35
टालमटोल,2
पढ़ता,25
आमलोगों,133
किन्नर,77
रखेगा,19
पहाड़ी,184
धुंआ,183
प्रतिबद्ध,13
परमहंस,150
बर्तनों,8
मुहूर्त,91
सहसचिव,38
स्रोतों,33
बदलवाने,193
शंका,50
मोहताज,134
लीची,68
निर्वाह,50
निभाएंगे,101
पढ़ना,45
उत्सुकता,110
नाममात्र,158
सदियों,80
शक्तिपीठ,21
कूड़ा,183
मानों,114
कलाई,16
कसरत,47
सत्यापित,66
मालिकाना,140
भूगर्भ,123
हमलों,90
तनख्वाह,18
फिसलने,98
हाय,81
कविताएं,152
साधक,89
तोले,82
उपमुख्य,139
वृद्धों,43
चालीसा,108
कारखानों,33
जानकर,50
बीजों,37
बिखर,117
घमासान,188
कनपटी,70
भूरे,37
अधिकाधिक,36
लीलाओं,89
अपूर्ण,149
सर्वोत्तम,54
मरा,81
मुझसे,25
मिट,154
वैसी,48
बिलकुल,55
मूंगफली,68
साम्राज्य,60
एथलेटिक,180
जलनिकासी,59
बरातियों,73
श्रमायुक्त,39
हुकूमत,22
मेज,191
डकैत,115
खचाखच,31
हस्तशिल्प,129
जैकेट,191
पिछला,153
अनार,97
सेंधमारी,175
हारे,126
निरुद्ध,85
दिखते,16
मनाएं,31
शासक,60
दुश्मनी,176
चढ़ाव,2
खरीदार,140
पांचाल,150
उतरना,81
सातों,81
रियासत,60
मरहम,195
कुदरत,22
बिखरे,1
मोहब्बत,22
ढांढस,56
जरुर,76
चौके,47
हिमपात,177
थाप,147
सुनियोजित,118
फेंककर,191
मछलियों,37
फुसला,107
स्थानान्तरण,163
पहिए,181
पूर्णतया,138
टेंशन,71
वतन,176
जमाए,48
कौमी,166
अंत्येष्टि,192
तिथियों,26
रचने,45
न्यायालयों,92
गुरुओं,89
अधिकारिक,0
सत्रह,174
अलवर,186
याची,59
व्यंजनों,68
बूढ़ी,47
मत्था,88
शुक्र,22
बॉर्डर,93
उपभोग,14
उतने,14
प्रतिभावान,54
धूमिल,64
अशांति,188
लहरा,7
दरारें,123
मनीराम,120
इंद्री,168
अंर्तगत,118
सर्वोपरि,189
पंजिका,59
दबोचने,124
साईकिल,88
अड्डों,62
मम्मी,20
मंद,172
भारतीयों,83
चाची,148
स्पर्श,149
पड़ेगा,19
नक्षत्र,10
बसाने,188
करारा,51
इरादा,126
दिशानिर्देश,30
असमाजिक,51
वल्लभ,11
पांचवे,174
सुंदरी,150
दिलाते,171
जापानी,0
हल्दिया,28
नमस्कार,89
नाचते,125
लिपिकों,20
निवेदन,76
सहम,176
हर्रैया,133
रातों,81
साला,182
मनचले,39
जंजीर,98
ठहरा,40
गोभी,68
भेजेंगे,18
जुनून,22
प्यासे,47
मण्डी,88
वादन,125
श्रीधर,11
अखबारों,84
रीतेश,128
सुने,154
संगठनात्मक,198
मनिहारी,26
मानता,50
मक्खी,114
भरो,44
ऑक्सीजन,172
स्वैच्छिक,198
रहेगे,176
हड़कंप,43
विधवाओं,118
फूले,142
अनियमितताएं,85
अहिंसा,189
जुटाए,187
हताहत,166
बजने,76
निजाम,63
आयात,33
क्षेत्रवासी,168
पहुचा,176
जामिया,54
प्यारी,148
दमन,83
बुनियाद,134
सटी,123
अर्पण,108
बाशिंदों,128
वनस्पति,37
संकरी,123
विसंगति,144
नाई,192
पालम,62
फव्वारा,88
पडे़गा,43
डाका,192
शीशपाल,24
परवरिश,126
डिस्चार्ज,160
कृष्णानंद,120
निखार,171
कार्बन,172
समयावधि,59
जेठानी,43
चराने,185
अभिव्यक्ति,149
मंत्रों,89
पिपरी,131
सत्तारूढ़,96
क्रियान्वित,118
लोहार,165
हस्तांतरित,92
बहार,46
निष्पादित,141
पालने,22
उपकेंद्रों,118
सुनेंगे,81
मशरूम,95
फिक्र,22
बिके,101
फूटा,72
लायी,160
बैलों,95
अनुशासित,189
माटी,56
आंकी,144
कलेर,128
वक्तव्य,13
घिरा,184
अनुमंडलाधिकारी,196
विस्थापन,138
भट्टा,133
तीखे,105
तुरन्त,53
बाजू,98
बिरंगे,49
उत्तेजित,5
दिनोंदिन,118
साजन,148
कुश,21
रामकथा,9
कृति,152
प्रमुखों,54
शादीशुदा,148
सहायिकाओं,72
कमांडो,90
उग्रवाद,188
पहनाया,176
दर्जे,22
मोतियाबिंद,159
मिनटों,159
इकाइयां,33
विसंगतियों,85
कामिनी,56
प्रत्यारोप,124
विक्षोभ,138
मचाना,63
दिलाकर,26
बेरुखी,18
घाव,5
दीवारें,161
जूट,129
स्थली,21
कृतित्व,189
विस्तारीकरण,98
मशगूल,93
मदों,170
महरूम,176
खिली,102
भुगत,99
खुलवा,38
अनुभूति,149
वाममोर्चा,156
दिखेगा,76
जामुन,68
मुख्यधारा,34
बेसब्री,176
बगीचा,88
चरितार्थ,94
जगदंबा,120
मैनेजिंग,72
चरमराई,187
दीजिए,22
मनोविज्ञान,36
जिताने,93
रेलकर्मियों,106
अपरान्ह,26
रैलियों,72
धराशायी,115
बेसुध,40
सिराज,188
दिलवाया,176
प्रबंधकीय,30
प्रत्यारोपण,5
कोंच,182
खिले,7
हिना,119
तिपहिया,23
पंख,16
निकलेगी,58
पैठ,171
परमवीर,167
स्वाहा,91
डूबी,79
आनेवाले,1
प्रभागीय,133
नींबू,68
ज्येष्ठ,150
बहाया,197
अनुयायियों,29
बंसी,88
एकमुश्त,59
रघुराज,192
सायंकाल,40
शमन,12
कोस,88
अजीब,117
किलोवाट,181
फैसलों,87
हिदायतें,59
सदस्या,167
भूरी,16
अमरूद,68
अधीनस्थों,40
पांचवी,174
ललक,171
आधुनिकता,189
बताएंगे,18
पूज्य,55
सफलतापूर्वक,65
कारणवश,123
घुसी,185
सुदीप,86
विलुप्त,179
जलसे,193
महामारी,116
चरखारी,120
विविधता,12
फैलता,5
तौबा,134
दागी,31
गृहकर,18
छीनी,136
अपेक्षाकृत,163
इनवर्टर,160
सम्मति,50
स्टेंड,88
सुरक्षाबलों,166
अनुग्रह,55
सुखचैन,122
फैलती,16
ऑपरेटरों,140
त्यागपत्र,96
संरक्षा,118
पोखरों,82
दुबके,20
आभास,113
कैप्सूल,181
सर्प,91
गुपचुप,24
दुष्प्रभाव,5
गंगानगर,120
धारी,46
मनमाना,175
हाशमी,148
कोसा,156
आरपार,145
खोखला,16
पाएं,71
कालिंदी,26
शुद्धता,14
विभाजित,138
सूचीबद्ध,141
हैंडबाल,93
सुनायी,53
तारें,23
ग्यारहवीं,80
संग्रहण,141
बहु,141
तकिया,47
दोगुनी,181
नवसृजित,120
सिलिंडर,181
रैयतों,118
फार्मो,139
पकवान,68
नतीजों,43
अनुभवी,0
शिवभक्तों,26
नौका,15
नमूनों,163
कुर्बान,24
बेनकाब,111
हुकुम,61
जसवाल,122
भांग,95
कतराते,40
पशुधन,129
पटवारियों,133
गोताखोर,103
प्राचार्यो,190
यद्यपि,55
सांझ,67
चबूतरे,161
सैलानी,88
जंतु,37
जनकल्याण,118
टिक,188
निर्मम,51
पनपने,130
इकलौते,132
जुताई,95
नाकामी,166
बिंदू,44
गिरिजा,86
उत्पीड़न,100
मन्नू,9
बौछार,183
निकलवाने,102
शर्मसार,197
नेत्रहीन,130
व्याख्या,36
असंतुष्ट,83
संयोजिका,35
स्टालों,35
बकाये,18
जुआरियों,27
मिलीमीटर,177
अनुभाग,141
परंपराओं,29
बारातियों,79
रक्तचाप,5
बदस्तूर,111
स्तंभ,161
वानिकी,129
वाहिद,196
बचते,48
सुनाने,45
काहलों,63
दर्शना,26
मंगाया,165
बुढ़ापा,47
पहुंचाएं,156
राष्ट्रव्यापी,54
कुंआ,88
खिलाया,68
दिग्गजों,101
मोहिनी,53
आपदाओं,129
रोपित,95
रचित,11
स्टैण्ड,155
पद्मश्री,11
दिलायी,176
पाबंद,199
कपाट,145
प्रधानी,109
बांग्ला,11
उपरान्त,150
प्रतिरोध,12
गढ्डों,23
हमसे,25
सुसज्जित,161
मोचन,59
मूसलाधार,47
मर्ज,43
विभागाध्यक्षों,35
चैम्पियनशिप,180
कुकर्म,199
उत्पादकों,33
एलबम,34
सबने,134
हिरण,179
युद्धवीर,40
कर्णप्रयाग,186
दाता,14
बगीचे,49
पनीर,68
जर्नादन,133
जादूगर,126
प्रतिवाद,166
जोरशोर,56
पेशकश,0
निबटने,116
टहलने,142
ऊधम,199
बरसाना,88
छुपाने,153
रजाई,112
करबला,188
तनातनी,188
सूझबूझ,171
लगाती,191
भैंसों,179
हताश,187
टीएन,101
सादगी,152
यादें,110
जिंदाबाद,193
बेचता,140
फिजिकल,101
इलेक्ट्रानिक्स,144
महबूबा,7
अध्यापन,135
समन्वयकों,99
समझाते,113
वाकई,137
अनुकंपा,76
आबाद,22
आंदोलनरत,57
मसलों,166
टंकियों,195
मंडराने,147
शर्म,112
समाहित,32
नौनिहाल,156
नियुक्तियों,92
चपत,20
मैगी,101
परिभ्रमण,144
चौखट,169
कुटीर,129
सुझावों,54
सकीं,193
महंथ,182
बकरियों,95
बिटिया,69
लिफाफे,23
राजरानी,136
सफाया,116
घायलावस्था,56
शुरूआती,0
लीं,63
मिठाइयों,98
कमोवेश,124
कोशिशें,146
साधने,190
रियायत,140
शाहदेव,79
पेशा,24
मुसाफिरों,47
टावरों,181
मन्नतें,108
पोते,60
आकृति,145
डालेंगे,81
दिखावा,112
मालगोदाम,61
अनुज्ञप्ति,59
शील,77
दिखाएंगे,103
ध्यानी,77
चुनरी,194
जघन्य,193
धुनों,125
भौतिकी,162
आधुनिकीकरण,30
बहती,184
कारगुजारी,73
निकलेगा,81
पैटर्न,163
छिटपुट,78
श्रद्धापूर्वक,77
अधिग्रहीत,101
प्रवृति,12
समाजसेवियों,51
कुटिया,77
वनाधिकारी,43
भइया,192
बर्दास्त,20
रुकावट,159
किरायेदार,69
सलामत,176
अंदरूनी,145
मनसा,77
आपातकाल,96
किराएदार,85
बहादुरी,60
अहीर,192
तीक्ष्ण,159
सीएसआर,118
ठान,134
अदालती,87
ख्वाब,22
लहराते,49
चढ़ते,46
चाहें,48
परम्परा,89
चबूतरा,88
हटे,176
देखता,25
गाल,105
मेलों,21
ट्रैक्टरों,160
जानती,148
तबदील,176
आनंदी,86
संतुष्टि,14
बास्केटबॉल,180
प्लेटफॉर्म,141
ठहरे,81
तपती,157
बुझाया,52
फेरे,47
कुमकुम,39
पिच,93
शमा,78
तकदीर,176
वामपंथी,83
शारदीय,77
भेंटकर,61
निष्कर्ष,12
तख्तियां,61
जूं,195
फोटोयुक्त,24
खूबसूरती,161
निबंधित,85
ब्रह्मानंद,86
नफरत,22
अनुरक्षण,30
सीखे,45
परी,93
शिवाला,194
तेजा,86
सजाए,49
निष्क्रियता,12
अमरपाल,120
निवाला,176
चौकों,99
जानकारियों,141
गुणात्मक,144
इमारतें,161
प्रोफाइल,153
यहाँ,184
दुहाई,166
वेश,150
मछलियां,37
महाकुंभ,26
पीए,133
ईलाज,160
झाडू,142
हेपेटाइटिस,159
भुला,25
सोई,111
बहकावे,171
कारवां,78
डांडिया,20
लीन,89
लाभांवित,31
क्रोध,42
शर्बत,195
जगमग,106
संभालेंगे,133
फिजीशियन,101
सहानुभूति,110
नामकरण,80
पूर्ववर्ती,149
आशियाने,133
उर्वरा,95
उत्कर्ष,189
वातानुकूलित,62
मजे,47
जमीर,178
गैरकानूनी,87
गुजारिश,18
छेड़छाड़,146
पाइपों,181
हस्तांतरण,41
बकरा,44
पुरातन,80
महानगरों,62
प्रदत्त,170
डूबकर,185
बगावत,188
बनवाना,24
संज्ञा,149
बंधुओं,86
बचाए,134
मजहब,51
नामचीन,86
बीता,11
रुद्र,150
गौरवान्वित,86
आमजनों,175
पूछते,25
संकलन,152
पतन,60
अनुभवों,36
चहेते,51
प्रार्थी,131
पसंदीदा,32
भाला,119
शिल्प,161
डिब्बा,160
सोची,78
कुलाधिपति,54
खाल,97
सीनेट,96
अनुशासनहीनता,193
शर्ते,66
घटों,98
बिठा,81
खोदकर,95
चुनौतियां,54
दूज,26
बाराहाट,178
क्रूरता,188
पुस्तिकाएं,137
सांठगांठ,63
राजदीप,101
चुनिंदा,30
जिज्ञासा,113
कहेंगे,48
निर्दल,27
संस्कारशाला,168
शैल,145
भ्रमित,117
हकों,190
कुओं,123
सौहार्दपूर्ण,166
बदहवास,47
वेशभूषा,125
प्रसूति,43
परिधान,49
आमादा,22
जांची,85
पृष्ठभूमि,32
पाठकों,152
सतह,145
गांववासी,119
पूर्वानुमान,163
कब्र,192
शिक्षाविद्,189
ड्राइंग,153
भुलाया,171
संभालते,101
तोड़कर,74
खोलते,183
कारें,181
प्रवचनों,77
बिछाया,81
नशाखोरी,151
कलंक,50
मैगजीन,84
बाएं,16
अनुरुप,99
नीरा,178
यमुनोत्री,21
इसलिये,91
अपनाएं,99
हामी,176
बालिकाएं,156
स्तनपान,159
मसीहा,176
अजगर,179
चेयरमेन,101
राजनारायण,86
तुम्हारे,25
टकराया,191
रचनाएं,152
साइकिलों,181
पवित्रता,89
बास,125
बनाएगा,154
इतिश्री,69
ठेंगा,156
समूचा,190
लिखना,45
प्रकरणों,4
उदयराज,26
प्रचलित,80
निहित,36
संवर्धन,198
बधिर,178
बोरियां,69
पांचवां,174
कंकाल,105
मलाल,58
पीडि़तों,43
गुजरता,145
खंगालने,35
लालटेन,61
मिलजुल,7
गंदी,107
शादियों,139
बब्बन,86
बुध,10
बागडोर,60
मनाएंगे,72
कोसते,2
घटाकर,59
फूटी,171
तीरंदाजी,93
इन्हे,94
आकाशवाणी,11
बेदखल,51
चलाएगी,190
छपी,84
इकाईयों,144
कांच,8
खासियत,49
खोलना,153
सरहद,46
कनक,192
बर्खास्तगी,87
कोयल,179
बहुचर्चित,86
न्यौता,193
काबिल,78
कायस्थ,11
सांगठनिक,118
फार्मासिस्टों,73
अंगों,5
पांडव,150
बांधी,79
बालियां,183
स्टीकर,139
सलोनी,38
लाज,53
खुशनुमा,56
जगा,7
अफवाहों,146
वर्गों,36
कोसों,190
बिन्दु,10
सजगता,85
चकाचक,31
संचय,14
नतमस्तक,171
संवेदनशीलता,12
आगंतुकों,62
हिदायतों,176
मौतें,116
शिक्षाविद,84
नीलगाय,179
बंटा,3
कंठ,55
धंसने,123
सिंतबर,31
नशों,27
मनन,113
चहुंमुखी,118
दानी,7
जत्थों,63
उलझा,112
मोहसिन,31
बुझ,173
पर्याय,149
निकलवाया,79
आसरा,142
उधम,186
पूर्वांचल,186
लगाएगा,59
एहसान,22
पिहानी,108
देशवासियों,189
यूएस,0
मिश्रित,172
पादरी,29
गहराया,38
वर्जित,185
दुआएं,22
मद्य,142
मचाई,52
लीजिए,22
परिकल्पना,162
कायदे,51
अटकी,35
तिजोरी,101
रक्षकों,93
सौंपेंगे,71
पकड़ने,16
जमाना,187
छूटा,93
संबधी,139
फफूंद,195
विद्युतापूर्ति,67
शतप्रतिशत,118
प्रवक्ताओं,166
आयीं,176
आवाम,147
संगतों,88
मातृत्व,43
बंधाया,86
शस्त्रों,173
बेखबर,47
प्रमाणिक,94
गुजारने,142
उंगली,70
रुककर,190
बीचों,88
दिलवाई,86
टहल,130
अफसरशाही,121
पहुंचाते,114
बुराईयों,176
वधू,108
सत्कार,171
मैत्री,189
हटाई,166
दीये,53
व्यापी,133
स्थितियों,12
डिब्बों,181
कैंपों,197
जलसा,187
हलफनामा,196
धमक,75
भूखंडों,123
अरबों,188
उपखंड,66
छर्रा,98
प्रतिभाएं,187
कंक्रीट,8
अंडा,37
उस्मानी,188
पेशाब,159
पौत्र,150
पोषित,198
इसमे,22
ठहर,81
उग्रवादियों,188
मरी,102
मध्यस्थता,41
गवां,18
बेअदबी,164
नाती,192
अध्याय,149
जमात,176
नंगे,16
पहुंचाए,124
बवाना,52
साम्प्रदायिक,51
हार्डवेयर,141
घोंटकर,117
दुखों,42
नकारा,85
असमय,43
रैलियां,193
उग्रवादी,188
बाते,25
मुकामी,147
किन्हीं,14
अनदेखा,153
ब्लेड,181
पारितोषिक,40
गुज्जर,192
मौनी,165
डरे,134
जूही,125
साइकिलें,120
नसीर,188
उकलाना,122
रोजे,22
चलाएंगे,196
बरसा,47
अक्षत,91
खेद,50
जन्मे,84
गिलास,104
भरसक,51
मणिपुर,158
अप्रत्याशित,153
खुदकशी,197
भांजी,86
जमादार,182
श्राद्ध,91
पढ़ाते,171
निरोधात्मक,159
तिरंगे,88
सुमंत,115
प्रतिबद्धता,13
छुपा,22
फेंकी,93
रवानगी,35
धोना,195
लीपापोती,147
हटेंगे,156
बाराती,79
चित्रांकन,49
वचनबद्ध,118
बारीकियों,94
निष्पक्षता,110
बिखेर,40
जातिवाद,29
अनुयायी,29
कालोनियां,58
हरिनाम,9
बिलखते,111
परीक्षित,91
तबादलों,59
छक्के,93
नवी,133
ओले,95
कीर्तिमान,180
गोसाई,119
दुलारी,125
देररात,101
नवीनतम,141
दशम,89
ग्रामवासियों,122
बाबुओं,164
नियमितीकरण,43
नजाकत,197
नजरों,78
समयबद्ध,144
निकलवा,7
योजनाबद्ध,30
यादों,148
खाए,97
उपकार,42
भुवनेश,106
लाहौर,167
टला,183
बाध्यता,66
साली,47
अभिकर्ताओं,133
गाँव,186
चारधाम,120
नाप,1
साहसिक,34
मुनी,77
एलआईसी,66
संवाददाताओं,101
उद्घोष,77
करिश्मा,148
बकरियां,107
सीमांकन,118
ओढ़ाकर,122
मंगलसूत्र,20
अभियन्ता,35
बंदा,192
शुद्धि,91
दमा,159
निभाएं,99
कपड़े,104
खामोशी,64
भालू,179
डलवाने,156
उस्ताद,192
भोलू,112
चाभी,191
पकडे़,82
पंचायतीराज,118
अविवाहित,148
जलते,183
डेरापुर,120
खजूर,97
जनकल्याणकारी,99
रोको,134
कठिनाईयों,107
मेधावियों,28
भटकने,42
गुनाह,134
चौतरफा,147
फतह,60
देखो,25
परास्नातक,135
खोने,146
संदेहास्पद,59
कुर्ता,176
सांड,194
लोभ,42
बंध,138
श्रीमति,86
कसना,61
धागा,160
प्रबन्धक,66
व्यंग्य,152
लुप्त,149
बल्ला,93
दसवें,174
आर्शीवाद,20
समर्थ,36
रुपेश,122
फुर्सत,38
पूरक,163
लगाएगी,156
अछूता,113
भागीदार,30
जलपान,169
हुक्म,22
शंखनाद,108
कांप,64
रहन,176
रिझाने,40
कलशयात्रा,178
सार,149
निर्माणों,52
पदस्थापन,56
खोदने,104
कृत,11
शाप,91
संबद्धता,99
सिद्धि,89
रुकते,79
पथरी,5
मोल,169
थोड़ी,114
खोटी,17
कमोबेश,4
कुटी,26
सायरन,175
घटाने,59
पटक,109
दुधारू,95
आक्रामक,116
शोरगुल,98
तोता,173
उत्पादकता,33
छिप,81
प्रमाणपत्रों,59
वीरता,60
बोई,95
गिने,52
जायदाद,112
सितारा,34
हजम,61
अविरल,26
कुमुद,109
चर्म,195
झडी,43
सुधरी,195
अजायब,44
सामंत,60
सांसें,35
निरोग,43
पुत्रियों,26
जलाशयों,123
बिठाकर,106
ग्रामवासी,103
जेहन,176
आहुतियां,111
महकमों,196
प्रभावती,108
नौकरानी,146
ब्रजमोहन,122
तनिक,55
द्वेष,55
आज्ञा,42
होनेवाली,55
दूरदर्शन,84
सुहेल,86
तटवर्ती,3
किस्मों,37
मिठास,195
बरतते,56
दूत,42
स्वदेश,83
मुंडन,26
केले,68
ढील,134
अनूठी,152
गुरुजनों,94
तमाशा,81
तीरथ,133
शोधन,33
साग,68
बिका,31
चौका,78
प्रासंगिक,36
फैलाई,7
भंवर,98
सुपरवाइजरों,18
छिपाकर,134
पड़ताल,118
छत्रपति,167
रूझान,51
अध्यक्षीय,51
आतुर,51
गहनों,160
लोकनिर्माण,164
पुनरावृत्ति,14
अनपढ़,51
समावेश,149
अशिक्षा,51
सुभद्रा,150
सेव,49
राष्ट्रीयकृत,118
संघर्षरत,110
रुकवाने,190
करवाचौथ,26
तरंग,138
ग्लास,181
गैलन,195
उर्वरकों,33
अनिमेष,103
अभिन्न,80
नवरात्रों,21
गण्यमान्य,56
महारैली,2
कनेक्टिविटी,141
शमशान,77
बिरजू,125
लावारिश,155
धीमा,172
भूसे,195
पुनर्विचार,87
शवगृह,122
आंनद,111
जांचा,85
पोलिथिन,38
संघों,13
ग्रह,10
वयोवृद्ध,86
चिकित्सालयों,118
पराग,37
छलावा,136
दूतावास,90
विशेश्वर,119
झुग्गियों,151
अधिग्रहित,101
निलेश,156
प्रतीक्षालय,165
नौंवी,72
रघु,86
भूतल,123
किसानो,118
फांक,132
सुहाना,185
प्राविधिक,190
असहायों,178
लोचन,77
प्रशंसनीय,55
उत्पादित,33
खुलता,145
पहचानने,12
कसते,70
बगिया,109
अंडे,37
उद्यम,30
उलझी,112
बिचौलिए,144
विधा,152
मलय,3
खानापूरी,57
रोकते,48
निकालेंगे,47
उजाला,81
फिसड्डी,73
नीला,145
षडयंत्र,193
प्रखर,152
हाजरी,78
भावनाएं,110
बिचौलिया,144
गायकी,125
दुनियां,20
पिया,142
गोलीकांड,63
जायरीन,119
स्ट्रोक,159
कुव्यवस्था,190
मंसूबे,18
फिजा,58
वारिसों,134
दवाईयां,195
लोकनृत्य,125
शतक,180
पछुआ,123
बिताने,143
इंस्पेक्टरों,132
फांस,132
मुजाहिद,136
नागवार,47
समीक्षात्मक,152
विचरण,138
सम्मुख,50
सालभर,95
सूने,178
मनवाया,86
पदार्थों,172
श्मशानघाट,70
मुर्दाबाद,58
बदलेगी,99
क्षत,159
इस्लामिक,29
शांतिभंग,173
बढ़ाएं,144
वायुसेना,65
भात,68
पढ़ाना,76
बीचोबीच,88
बिखरी,15
धरी,187
तरबूज,68
ढलाई,8
वगैरह,22
हारने,180
निपट,112
बाकि,187
भक्तजनों,77
कमाया,100
प्रतिभाशाली,152
उलझे,81
दुकाने,49
खंडित,12
वरन,124
जवाबदेह,118
फ्रेंचाइजी,93
पर्चियां,133
चौपहिया,155
ऑडिशन,34
बरतनी,195
बीन,68
घपले,139
गलतियों,110
नैनो,181
दलीय,127
राखियां,64
आयेंगे,31
पुरूषों,75
नम्रता,171
शिकारियों,179
सभ्य,29
अंपायर,93
पसार,183
पालतू,179
लकड़ी,8
बच्चियां,183
आयेगी,17
चीखने,61
नवगठित,96
अमानवीय,51
लहजे,176
खुलेगी,156
नमाजियों,156
सुलझ,31
बहुमूल्य,8
महामहिम,54
आवश्यकतानुसार,163
गिरती,184
अंतरराज्यीय,59
उपसचिव,156
टेबिल,61
खात्मे,127
अनसुना,56
भक्तजन,21
अधिकारिता,66
गौरवशाली,189
बहुओं,199
भरवाया,119
खेलकर,93
कार्यमुक्त,166
ग्रीष्मकालीन,180
धन्य,77
चहुंओर,108
छतरी,161
पड़ने,114
तथाकथित,110
शास्त्रों,89
प्रियांशु,99
मंत्रणा,94
भीग,183
पंचर,175
तेजस्वी,89
नौवें,174
परिदृश्य,198
कैंब्रिज,101
बताएगा,187
दाहिने,74
विक्रमादित्य,150
वस्तुस्थिति,108
दगा,176
देवगम,187
बंटे,120
गिराकर,123
व्यवस्थापकों,169
झुलसने,105
पुंज,138
संवेदकों,121
घटते,59
लेजर,181
नथुनी,23
किश्तों,59
खेमका,139
शिकारी,179
सरपरस्त,22
विक्षत,151
आसीन,150
हवस,47
भगाया,188
एप्लीकेशन,141
ताल्लुक,51
ट्रेक,101
दीपों,112
मालवाहक,65
शायरी,45
रसोईया,131
किसका,25
बारूद,191
म्यूजियम,49
उठायी,63
दंडाधिकारियों,155
परख,50
मनोहारी,161
सारिणी,147
खोदे,70
पहिये,181
पोती,148
अपशब्द,40
वनवासी,120
तरैया,39
रैबीज,159
माखन,190
सजने,58
प्रतियोगियों,140
प्रस्तावक,59
गुरुद्वारों,53
मुख,1
शिष्यों,89
दमदार,111
ढीले,114
बोतलों,160
विपक्षियों,197
विश्लेषण,162
अनुशासनात्मक,85
हड्डियों,114
दशमी,21
मुखाग्नि,108
माँग,100
चित्रा,86
रेलमार्ग,62
निषेधाज्ञा,66
हंसते,136
दीनबंधु,9
एकलव्य,108
बचकर,74
खोजी,102
खीरा,68
बकरे,106
बहकर,184
श्वेत,37
मेहरबानी,22
गालीगलौज,187
गोले,145
धुलाई,195
अमानत,134
शराफत,136
वाद्य,125
मंदबुद्धि,43
हतप्रभ,187
वीरान,46
थामा,194
बिछाकर,82
नमकीन,68
जाँच,41
सिंथेटिक,172
विज्ञानी,162
खजांची,18
फटा,47
ईश्वरी,192
नवनिर्माण,127
तोला,169
विफलता,41
गिनाई,109
हिफाजत,51
अयोग्य,87
माध्यमों,141
छलक,112
ढहने,188
वितरक,140
वास्ता,7
कुनाल,193
समाजशास्त्र,36
छप्पन,182
अभिवादन,171
गरज,185
गुजराती,11
बोगियों,156
सबूतों,193
बजाते,125
नहाते,191
पिचकारी,195
लग्न,91
प्रकल्प,151
मांगलिक,77
भूदेव,26
रणजी,180
सिंधु,80
पाश्चात्य,152
गर्मजोशी,54
मैदानों,184
फीका,98
मकबूल,86
प्राणों,42
विलीन,91
लगकर,70
कुर्क,66
गीतकार,34
थान,106
प्रतिलिपि,153
मटका,39
अप्रशिक्षित,67
योजनाकार,18
जहाँ,1
मुहाने,184
मल्लाह,147
सटाकर,131
मुमकिन,22
चिमनी,160
नहरें,46
नरक,42
गोलबंद,24
खड्डा,43
ताप,172
ढुलमुल,121
एकीकृत,141
मालाकार,58
कसे,98
पोस्टरों,78
अन्नदाता,106
पीटीआई,166
भागना,176
धकेल,65
अभिलाषा,42
खुशखबरी,22
बेकसूर,156
दीया,23
कोषाधिकारी,133
इच्छाशक्ति,113
अभूतपूर्व,54
मादा,37
टेप,181
असुरक्षा,2
बेशकीमती,49
सेनानायक,60
जलेबी,68
सेटेलाइट,65
सिवा,25
लहसुन,97
दर्रे,184
उपजे,43
दुकानदारी,67
सीना,176
मंदाकिनी,26
शर्मिला,86
छीने,139
परास्त,60
तपा,102
चटकाए,93
जिलास्तर,178
रूकने,105
सत्यता,149
कूदने,82
बचेगा,178
शक्तिशाली,188
कोख,26
पटाक्षेप,28
सेनापति,60
जलता,183
वाहक,163
बीचोंबीच,88
सर्कस,34
लांग,65
अपहरणकर्ताओं,28
कशिश,194
सलामती,47
सातवां,174
खिलाई,71
अपहर्ताओं,166
पकाने,68
पस्त,176
कछुआ,179
आयशा,176
नियति,113
बैनीवाल,38
मरणासन्न,124
तहस,46
खाती,179
युवजन,72
मनाही,154
चिल्ला,81
हुर्रियत,63
सारथी,108
इंद्रधनुष,98
बटेश्वर,52
बोलना,154
स्वप्न,42
जुए,134
ग्रंथों,89
मधुमक्खी,105
बोरों,142
पीतांबर,106
रुदौली,39
सट्टे,59
शहद,97
कथनी,166
जुबानी,187
करनेवालों,55
अध्यात्मिक,108
थकान,114
मंगवाई,169
पक्षधर,83
शूट,34
सरंक्षण,75
छायादार,95
कालिका,21
सुलेख,44
वस्त्रों,8
लगेंगी,197
बाइस,22
लगान,193
जालसाज,57
रेस्तरां,140
संबंधियों,113
दलीलें,22
रहनेवाले,55
खादों,95
मारना,81
अंकपत्र,101
हस्तियों,34
मुशायरे,24
सीवेज,73
मध्यान्ह,73
निकलें,154
कार्यस्थल,41
अनूठा,161
झकझोर,112
न्यायधीश,87
मनवाने,166
किरकिरी,39
हिला,74
चुटकी,98
ओलंपियाड,133
यामीन,176
लहरी,182
ताश,107
सरस,152
छात्रनेता,73
मरम्मती,31
तबला,125
संपादित,32
चैनलों,141
उगी,79
पूछी,176
अप्रत्यक्ष,170
बक्शा,192
कुशलता,54
आयुवर्ग,75
अंत्यपरीक्षण,168
डब्ल्यू,0
कर्मो,91
बेपरवाह,176
कास्य,79
हसीन,81
चमकाने,102
अत्याधिक,185
कर्मठ,190
डाट,151
कटघरे,166
चलाएगा,199
प्रजनन,37
साठगांठ,194
लेखकों,152
आइना,64
निपटाया,87
दबने,98
धारणा,36
अस्वस्थ,43
चुनकर,171
मंगाकर,168
मारूति,156
परखने,173
सकरा,187
धरोहरों,151
सुखा,104
होम्योपैथी,144
नरम,114
लल्ला,120
रंगकर्मी,86
गृहणी,148
बदलती,138
रुकवाया,78
कुचलने,188
अनबन,115
पुत्रियां,26
बंसीलाल,173
कोयलांचल,194
सोचते,45
जागे,112
हत्याओं,146
नन्हीं,77
रक्तदाताओं,155
उठाता,185
चेत,75
वाचन,94
वायदों,118
स्वास्थ्यकर्मी,144
निभानी,54
जननायक,26
जुबां,155
प्रतियां,0
परमार्थ,113
बारीकियां,57
माचिस,183
काजू,68
सर्वदलीय,193
भोली,197
शहनाई,125
पनकी,137
कांटी,18
अवसरों,54
सिक्कों,8
त्रुटियों,12
भूले,25
तम्बाकू,68
सम्बंधित,162
शासित,158
नायाब,64
वशिष्ट,27
ब्रह्मचारी,150
पड़ती,1
कामधेनु,77
फार्मेसिस्ट,38
कातिल,31
शीशी,70
गुब्बारे,191
छंटनी,85
नीर,156
नाचने,125
खाएं,142
सप्तमी,21
तारे,10
तीव्रता,138
गहराने,39
पोस्टमास्टर,72
निरक्षर,67
जिन्दगी,176
मच्छरदानी,147
लटकते,145
लौटाया,71
घपला,193
दालों,68
परिधानों,49
खरपतवार,95
मुनाफे,140
धोती,49
मुग्ध,77
मालामाल,64
बुलावा,78
जुटेंगे,173
पीक,181
अनौपचारिक,198
बदलता,138
अकादमिक,135
कतारबद्ध,20
कैंची,16
इंतकाल,57
नजरिया,51
कपडे़,82
चमेली,68
ठप्प,82
झपटी,199
दामिनी,176
नोंक,173
टोका,27
वन्यजीव,62
महती,189
छोड़ने,90
प्रागंण,79
मुकीम,20
छेद,145
सुंडी,73
गोरक्षा,26
शंख,21
राष्ट्रगान,86
कस्तूरी,179
ढर्रे,17
औरत,22
झरना,184
रौब,176
कार्यक्षेत्र,92
वेल,115
जायेंगी,197
पुश्तैनी,51
अलगाववादी,188
अधीक्षकों,122
निर्णयों,92
फोटोग्राफर,34
कसम,134
फेहरिस्त,115
थिरकते,38
अधमरा,24
चेस,93
वली,134
अल्का,26
कम्यूनिकेशन,85
कछला,124
लगवाकर,109
कीजिए,76
पटवार,155
दरवाजों,88
संकोच,113
पैंतीस,174
जनेश्वर,120
मृदुला,44
फहराने,63
आइए,51
काश्तकार,183
चलंत,99
बजरिया,58
रुद्राभिषेक,77
वेदांत,89
खोदी,123
ऐतराज,193
रहूंगा,75
भावपूर्ण,152
शान्ति,42
स्टाम्प,66
निराशाजनक,146
स्मारिका,182
हिरन,179
रिफंड,59
प्राणियों,37
पत्थरबाजी,139
अधिकता,37
आटे,68
चुराई,176
अनभिज्ञ,185
हजारा,133
मिश्री,61
सुनहरा,49
ब्रह्मदेव,77
बरकत,134
मसाले,68
सोचकर,53
सत्यार्थी,190
तुम्हें,25
उत्सुक,54
दुश्मनों,126
सुबेदार,63
जनसमूह,171
दिलावर,192
सगाई,148
आरम्भ,6
ठूंस,82
गाजर,68
ताजपोशी,63
टिन,8
ढाल,1
गुलामी,51
उचक्के,23
हथकंडे,171
खोखले,104
जागा,122
फैलते,1
जिमखाना,187
तुलाराम,155
बनेंगी,102
प्रसंस्करण,33
क्रियाओं,12
हटाये,121
लालसा,42
पीढि़यों,124
टैबलेट,141
नेटवर्किंग,141
कसौटी,50
अधिसूचित,170
लकड़ा,139
अपहरणकर्ता,128
राजमिस्त्री,122
सुंदरकांड,77
आदिम,80
छूटी,44
अढ़ाई,132
सूजन,5
भांजा,79
चश्मे,104
सूनी,69
रसायनिक,172
करवाता,99
छपने,45
स्वर्णिम,161
दर्पण,10
बचाते,185
बर्ताव,76
ईसा,6
वर्धन,144
बल्लेबाजों,93
पेंशनधारियों,164
पिलाना,195
गरजे,194
देशद्रोह,166
बाजा,125
टकटकी,2
देवरानी,122
तलहटी,184
फरमाया,22
लड़ने,126
रूपों,149
चहलकदमी,61
अशोका,86
सीढि़यां,88
रिजेक्ट,43
खुलती,129
कातिलाना,102
काबीना,139
सर्वधर्म,51
जनसेवक,108
टेक्नोलाजी,99
विद्यापति,11
परिप्रेक्ष्य,36
यांत्रिक,138
चित्रण,152
कॉरपोरेट,54
वेदों,89
वाम,52
सर्वांगीण,189
शुष्क,177
निर्यातकों,144
सेहरा,52
सैद्धांतिक,36
चिंहित,39
निर्यातक,140
देखती,53
चिता,91
कसाना,26
पंचमुखी,77
कारनामे,115
अपर्णा,86
ताकीद,40
पतली,145
मेहनताना,101
उम्मीदवारी,166
मंगाने,18
खात्मा,35
आलिया,148
परोपकार,113
सजाकर,183
लड़के,22
सोमेश्वर,150
मित्रता,42
बिल्ली,179
तीर्थनगरी,28
टोलों,133
मेघनाथ,86
सत्रों,0
भद्रकाली,21
व्यावहारिक,36
जनाब,28
बाशिंदे,155
मिहिर,192
किन्नरों,77
ज्वार,177
बिखेरा,157
नागा,186
छज्जा,70
टिका,191
ठोक,20
भांप,190
निपटाए,66
सलाहकारों,166
निष्कासन,41
पत्तों,37
वाणिज्यिक,30
आवश्यकताओं,198
फूंककर,132
संचिका,141
होर्डिंग,173
इनलोगों,27
जर्सी,0
अपहर्ता,35
दोहराई,176
भावविभोर,77
संवत,6
विश्वासघात,100
यूनानी,80
सकल,170
फिरनी,38
भैंसा,179
संपादन,32
साये,47
निर्जला,26
बशर्ते,66
विधाओं,152
डराने,22
फैन,101
लाएंगे,176
दिवसों,59
पापों,42
रवी,176
पथरा,47
अपूर्व,152
अध्यापिकाओं,99
मेघ,77
अनुकरणीय,189
कलई,160
सलिल,182
काठगोदाम,186
सिखलाई,169
प्रपत्रों,59
झंझट,98
संजीदगी,71
बादाम,68
ब्याह,73
जुदा,22
क्रियाकलापों,198
बचता,47
कूट,153
सत्तापक्ष,51
चौथाई,123
हरिश्चन्द्र,86
बचाएं,190
प्रसाधन,195
टीला,88
ताजमहल,161
जख्मों,70
केश,105
लुढ़क,169
ठिठुरते,178
योगासन,43
बननी,31
गूंजे,108
शक्त,173
निवेशक,140
दर्शाने,163
गृहिणी,101
हारी,126
डाकबंगला,44
पितृ,94
घूमता,145
पेशेवर,0
महापुरुष,150
गंगे,77
पीटते,53
पॉजिटिव,159
सुपुर्दगी,170
उगल,142
जानेवाली,1
जोगिया,108
झांकने,175
बख्श,22
ठोकरें,112
छोड़ा,74
तलाशा,115
बच्चें,175
करायेंगे,156
डरने,134
मिटा,154
देवभूमि,77
नगराध्यक्ष,156
रफीगंज,120
मृदुल,40
करियाना,18
शोषित,51
कथक,125
ग्वार,95
खेलें,93
मोहंती,86
भिक्षु,150
धोखाधड़ी,41
कार्यकताओं,72
काटनी,111
नाकों,131
बिछी,104
अवधारणा,162
सुधारा,144
अंतरिक्ष,65
निदेशिका,18
फसली,144
राजाजी,86
हलक,99
हरण,91
मेजबानी,0
बहुतकनीकी,75
तोड़ने,191
पूर्वाभ्यास,115
मतपेटी,139
अस्थि,5
नगण्य,138
चलाती,101
फंसाकर,128
दरी,58
प्रतिरोधक,5
बदनामी,2
दंडात्मक,87
दुर्ग,161
वृन्दावन,21
दलाली,140
इंगलिश,56
दस्यु,26
जमाबंदी,115
तिमाही,170
किस्तों,66
कपिला,56
मंगाए,72
अधिष्ठाता,77
खिलाफी,155
प्रवर,173
चंबल,184
पीपा,130
पंसद,103
सुजान,77
बुर्ज,88
यादगारी,194
स्वामित्व,30
अतिक्रमणकारी,121
उच्चीकरण,144
नारियों,77
स्त्रोतों,144
स्तरों,163
खजूरी,88
परिभाषा,36
जाले,98
दागकर,183
पाहन,56
अन्तिम,42
जोड़ा,141
कठपुतली,125
लोकनायक,86
डिमरी,9
नारायणी,182
बिकी,101
पोस्त,47
शिकायतकर्ताओं,121
हसरत,22
जुड़ा,62
परस्पर,14
निष्काम,89
मुशायरा,56
गहलौत,99
लकीरें,98
तुर्की,158
कलाओं,152
चाहरदीवारी,102
वैष्णव,89
मुठभेड़,126
वनवास,150
नासूर,159
कार्यवाह,120
तहसीलदारों,39
छूटकर,193
जगाई,86
बायोमीट्रिक,58
खेमा,157
असाध्य,43
जनसम्पर्क,127
चूर,81
कलियुग,6
सोय,169
निपुण,86
रहो,25
सार्थकता,113
सगी,108
डटकर,188
तांगा,88
हत्याएं,193
मापदंडों,198
कोचों,101
भुगतनी,176
मनोयोग,94
संतरा,68
तूफानी,123
नशामुक्ति,173
गिरना,104
कन्यादान,108
उछल,191
अस्त्र,173
क्षोभ,159
गूंजता,196
पसरी,27
सोये,111
गोमांस,68
चचेरा,188
बंधुआ,197
टैंकों,181
मालाएं,67
उच्चीकृत,147
परिपूर्ण,89
मंगवा,131
निर्भीक,189
तरल,172
लिखते,45
भरेंगे,47
गोरखधंधा,58
दाव,169
तीखा,105
भली,48
मुट्ठी,81
चम्मच,68
जोड़ी,145
करौं,26
हजूरी,190
थानेसर,88
फटे,109
शायरों,176
गड़बड़ी,5
परिचितों,115
नाश्ते,68
करेगें,22
वसूलते,73
टोकरी,160
कीटों,37
सम्बद्ध,36
बालों,114
नगरवासी,151
ट्रांसफॉर्मर,181
भुलाकर,24
लार्वा,37
अच्छाई,55
बढ़चढ़कर,40
कुर्सियों,191
चाहर,28
सिंदूर,183
अवाक,119
इस्लामी,29
बसने,3
निशंक,56
गुलदस्ता,67
तिथियां,79
आढ़त,18
घुसते,160
राशी,59
घिरी,184
लौकी,68
कारनामा,35
ट्यूबवेलों,156
आदित्यनाथ,86
कठघरे,18
मिश्रण,172
ढोरी,124
अनुवाद,152
अलकनंदा,21
कीपर,93
दुस्साहस,56
रंगीला,86
सुनना,76
प्यारों,192
समानांतर,145
नगरपाल,106
डूबते,131
खाय,142
महिलायें,192
तृप्ति,113
आरोग्य,43
जन्नत,134
उकसाने,166
सूना,132
कद्र,176
तकनीशियन,85
टापू,184
आराध्य,150
टायरों,181
वादक,125
बौखला,17
चोटों,116
पिछड़ा,158
आडिटोरियम,72
जीआर,101
स्वास्थ्यकर्मियों,43
परिस्थितियां,41
अलौकिक,89
हीरे,8
अज्ञानता,50
इश्क,187
सूखाग्रस्त,128
मनमुटाव,171
श्रीमद,77
खरीदनी,99
मांगता,176
जलन,5
खतरों,116
कॉपियों,35
रक्षपाल,168
सजीव,149
गुरुचरण,133
रखवाया,171
परोसा,68
प्रतिज्ञा,42
दफना,24
रुस्तम,136
सुपरिटेंडेंट,69
पन्नों,76
स्याही,98
धातु,172
नवीकरण,30
काश,22
मोटापा,5
असंवैधानिक,87
विशिष्ठ,28
दिगम्बर,150
सहेजने,153
मगरमच्छ,179
मीनार,161
अगरबत्ती,183
लुभाया,176
रोमांच,49
गाढ़ी,61
यार,176
समकालीन,152
जयकार,108
न्यायपालिका,92
पृथक,138
कट्ठा,151
एक्सिस,18
पहुंचाकर,156
करूंगी,20
भूपाल,133
शबाब,17
बांसुरी,125
कर्कट,159
दूधिया,195
निहार,112
चुकता,59
नगमा,58
रुमाल,28
चाकुओं,98
एकाध,94
भव्यता,161
समतलीकरण,95
दुघर्टना,128
पुरोहितों,77
सुधरेगी,35
टालने,176
आसरे,31
वनकर्मियों,175
खलीफा,60
रूमाल,58
भावनात्मक,110
बहुमंजिला,38
जागी,130
अंगूठा,70
इंडिगो,62
योद्धा,60
अश्लीलता,100
कंगन,81
दीवाना,134
अनिकेत,128
बढ़ेंगे,2
महाराजपुर,120
मंसूबों,166
जगाया,171
भरवाए,27
होगे,48
तुम्हारी,25
छुपी,154
पड़ोस,158
उपक्रम,170
पनाह,22
हत्यारा,193
कलसी,122
चीता,179
स्थगन,87
बिफर,171
समारोहों,143
साक्षात,77
नब्ज,23
तबका,43
आयेगा,22
बोने,95
नाटकीय,34
निदेशकों,92
हथियाने,188
बाजरे,68
समझता,25
ओला,120
हौंसले,64
अहसान,166
मुंसिफ,18
पहनी,49
ऊनी,8
रिव्यू,84
ताना,176
दाउदपुर,69
सदभावना,168
व्यस्ततम,62
ठीकठाक,40
जलाते,124
मछुआरों,123
भीमताल,88
ग्राट,128
बर्फीली,123
हर्जाना,118
परखा,171
फिरने,142
महाधिवक्ता,35
मोटरसाइकिलें,119
दुविधा,199
चन्दन,88
उपतहसील,120
टोक,169
रफूचक्कर,115
पहुंचाएंगे,142
दबाया,98
अंतराष्ट्रीय,54
फफक,31
सूर्योदय,15
साइट्स,98
भ्रष्टाचारियों,124
नित,2
शिवभक्त,77
उपद्रवी,18
फरक्का,120
उठना,81
विचारण,87
अरमानों,156
मदिरा,68
मंगवाया,18
विद्यमान,149
सखी,11
भरता,49
सांसे,20
विद्रोही,90
काई,97
जलाल,63
बरगद,179
चूरा,195
वैधता,13
ढलने,171
भेल,101
गूंजते,26
मेमो,153
चुकाना,59
हैरतअंगेज,112
बूझकर,2
करों,19
हथेली,16
सिखाई,81
बगान,88
बेर,97
सीमाएं,3
रेखांकित,32
जंजाल,124
टाई,93
शक्तियां,92
सम्मानजनक,54
ढिबरी,183
पहुचाने,165
जनसभाओं,51
नाइंसाफी,20
शिद्दत,47
भिजवाने,131
दशहरे,21
पोता,71
चढ़ाए,142
उतरवा,47
झूलते,88
कंपोस्ट,95
ईपीएफ,59
चॉकलेट,68
सादी,79
खाद्यान,144
ठोंक,98
छायाप्रति,73
ब्राह्मणों,150
चाहकर,136
घबराए,47
परिसरों,101
चाहने,176
कसूर,176
दीमक,195
कीटनाशकों,129
अनैतिक,110
गुरबाणी,77
सूबा,63
पहेली,32
ब्रजभूषण,27
जगन,194
संजोए,115
वर्णित,149
जातिसूचक,86
तालिका,32
हुजूर,176
बंपर,57
वैधानिक,92
गहराता,122
मेहनती,139
लोकमान्य,11
बिट्टा,31
बदलेगा,85
सांप्रदायिकता,51
इण्डिया,167
सड़कें,184
बूट,23
सेवाकाल,133
दोहरीकरण,120
चुराया,101
तुम्हारा,25
सेवारत,96
मुसाफिरखाना,120
सरीखे,173
पुरस्कारों,34
दिखावे,111
दिखीं,115
महापुराण,91
सत्तासीन,127
आपाधापी,58
सहेलियों,122
इकरार,139
रक्षित,99
जनशक्ति,118
कद्दू,68
रवैए,51
पेड़ों,37
बाधाओं,198
चन्द्रा,120
दिलाएंगे,155
बंदकर,73
सदनों,92
निकलेंगे,7
बाघिन,115
लक्षणों,5
सहभागी,154
टोलियां,52
चकनाचूर,81
खंगाले,2
जीर्ण,114
स्वीकारी,166
चिपका,16
महाप्रभु,150
बांटते,131
जमींदार,83
ओतप्रोत,152
ढका,177
नामावली,59
संचित,14
मिसाइल,65
बैंककर्मी,133
नृशंस,166
सुदृढ़ीकरण,144
लीलाधर,86
पायेगा,76
उगाने,97
जयकारा,77
बिछ,120
इमली,68
कोना,191
कन्नी,130
सुचना,76
फब्तियां,2
हाता,195
बतातें,99
नरमी,134
पाठयक्रम,135
डालर,140
जवानी,81
मुख्यमार्ग,35
झालरों,79
जनसंघ,167
पाइपें,168
कुठाराघात,9
भटके,25
चाहेंगे,154
रेंगते,105
मोची,182
वर्गमीटर,123
उपस्वास्थ्य,151
चेचक,159
तस्वीरों,49
उद्यमिता,118
स्तब्ध,171
पन्ने,154
ग्रामीणो,67
आसमानी,22
अपहृता,108
पतंगबाजी,106
क्षितिज,10
घराने,86
विवशता,76
बुढ़ापे,47
अर्ध,138
बुलायी,166
जीविकोपार्जन,171
संकलित,152
गमछा,23
दास्तां,43
फरारी,119
मांगो,17
गोलचक्कर,151
नगरनिगम,73
सुनहरे,49
स्वरूपों,149
चित्रकार,152
फेंकना,142
ज्ञानेश्वर,113
सांझी,120
जनसूचना,59
इनायत,22
अनोखी,49
स्थायीकरण,105
झटकों,181
पोलो,119
सुगंध,68
सुअरों,95
चकाचौंध,132
टॉयलेट,132
गेंदा,182
असहज,166
भिंडी,95
उत्तराधिकारी,60
वाट,181
इंतजामों,136
सेवादारों,61
विद्यालयी,86
परखच्चे,130
क्रांतिकारियों,83
दुलार,115
नाल,145
मोरी,64
पलटवार,98
अंशदान,170
नगरों,3
नावों,184
शुक्रिया,176
सुनार,79
भिड़ंत,188
मनपसंद,153
अभियांत्रिकी,135
तोड़ा,126
स्वाधीनता,83
बहते,1
कजरा,156
हटाते,98
खाताधारक,59
प्रतिकर,66
धर्मपत्नी,86
कोठरी,88
गूंजने,182
दागे,93
वेंटीलेटर,156
जुआरी,102
भूमिहीनों,99
वॉलीबॉल,93
धुना,77
फीकी,28
पंजा,169
कबूतर,179
चमत्कार,89
उतरेगी,40
किसको,176
चोरियां,75
बरपाया,120
निवृत्त,66
रोमांचित,78
दहलीज,27
अनजाने,114
जुगनू,69
धक्कामुक्की,130
कारनामों,146
प्रतिपदा,21
थैली,16
इत्र,8
दुर्गंध,195
प्रांजल,113
मातहत,166
थमी,28
बजाया,125
ग्रामप्रधान,64
आदतों,116
सभ्याचार,64
कैंसिल,69
डरते,25
शिला,161
चूके,63
दर्शाते,12
मिनिस्ट्रीयल,147
बुलवाया,63
सूअर,97
विकार,5
खंगाली,99
चकित,42
फांद,128
डगर,2
मुसीबतों,134
बलबूते,56
मायनों,176
नवरात्रि,21
बसाया,60
सुनंदा,86
पाटने,144
असफलता,41
अचार,68
लाइलाज,159
त्रुटियां,85
तेनुघाट,103
आहरण,59
ठनका,102
पहुंचें,35
पुर्नवास,99
लौटेंगे,40
औरतों,22
विलंबित,85
परिचायक,89
कर्मचंद,147
मैला,156
निकलीं,124
दिलाएं,56
धाराएं,123
माकूल,27
उजाले,40
व्याकुल,42
असरदार,175
सुनहरी,49
जाइए,76
मांगकर,106
अनोखा,161
सम्मन,115
कुंअर,38
जबसे,127
आंचलिक,28
बिछाए,185
किससे,196
हठधर्मिता,51
मूंदे,28
विस्तारक,85
लील,78
साझेदारी,101
चश्मदीद,176
चुपके,126
ध्येय,50
पूर्ववत,56
मार्फत,35
बुलंदियों,125
खपरैल,79
वृद्धाश्रम,175
चिढ़ा,99
विचित्र,149
शरबत,68
बाले,46
गायें,137
बिंदा,128
निर्वाण,89
प्रोटीन,5
जानेवाले,55
टाऊन,72
पुलकित,127
फटी,47
शाला,79
राजपत्रित,133
सूटकेस,18
भोगी,190
सुलझाया,4
अतिवृष्टि,130
हिन्द,127
अवरूद्ध,159
नामोनिशान,53
चित्तरंजन,72
गिराए,119
वर्दियां,98
नफे,47
चुकानी,18
घुटनों,16
लौटाए,134
शादियां,187
तरसना,17
हलवा,68
फैलाकर,16
हेक्टेअर,123
तंज,193
अफसाना,7
पेटियां,119
चढ़ता,185
नागरिकता,92
सहजता,113
पुनर्जीवित,110
जमीनें,120
दिखाता,48
सर्जिकल,116
सीएनटी,133
हिन्दुओं,29
बरबाद,22
उतारना,191
गैराज,75
जन्मतिथि,106
भागेदारी,175
तहजीब,122
लिखाने,156
व्याख्याता,84
बनबसा,120
आवाजें,61
गांवो,72
असामयिक,4
मार्गदर्शक,50
सिगनल,181
बूंदें,105
सुप्रसिद्ध,11
पुष्पवर्षा,108
मांगना,99
मनाकर,2
बाण,91
कुचले,199
फैक्टर,181
सेवानिवृति,101
फिसलन,98
आजमाइश,64
शवदाह,91
अनाथालय,193
कानूनन,166
मीडियाकर्मियों,197
चतुर्थी,21
कारक,12
सजायाफ्ता,193
दलहनी,68
लजीज,28
भ्रामक,36
जन्मभूमि,150
डंका,192
छठवें,174
मुखियों,108
शिकंजे,187
लगाओ,185
झूलों,165
ब्राडबैंड,18
रहनी,85
हटवाकर,27
सुशोभित,150
किराने,82
वादियों,136
व्यथित,87
तपोवन,21
बैठता,117
दलीलों,134
उमड़ी,7
भट्ठियों,195
सुनता,25
महादान,108
कथन,149
इशारों,102
समकक्ष,100
घुमाने,145
अभिभूत,189
नौटंकी,125
पटी,103
देशभक्त,83
तबस्सुम,52
कुदरती,111
खोजा,10
करवाएगा,118
चिश्ती,192
चाकलेट,195
कुंवारी,199
उड़ा,74
झुक,74
पंचवटी,26
अनुसंधानकर्ता,151
अनसुनी,56
बंशी,53
फूंके,102
पंचवर्षीय,30
पहचाना,12
गहना,115
मुस्करा,98
झोले,128
गोलिया,35
धर्मातरण,57
अंधकारमय,171
बिखेरी,27
आठवां,174
बैठती,16
मागें,176
तंबू,191
छात्रावासों,133
थाईलैंड,3
बरसाने,137
प्रचारित,110
दहला,44
पलों,27
मालकिन,115
हिम,177
अवरोधक,172
सोंधी,67
मुझ,17
योगाचार्य,120
ईटें,47
उठाती,185
अकारण,50
कायल,103
भगाकर,192
छेड़खानी,44
बावन,182
उत्तरदायित्व,92
जीतना,93
चिरैया,99
घण्टे,98
गौड,26
चित,67
राष्ट्रहित,99
घबराने,58
बाजों,58
एकबार,31
भावों,149
स्टैंडर्ड,141
जंतुओं,37
क्रियाशील,138
शल्य,5
नौकरियां,101
धमाकों,65
लम्बित,66
तरफा,64
चालित,181
उपन्यास,152
घरवाले,124
घूमती,117
गरमी,177
खटारा,98
उठेगा,7
बाधाएं,144
कड़ा,191
किताबी,43
एक्टिंग,101
सूत्रधार,189
पिताजी,148
सिंहासन,60
फौजदार,192
लिखेंगे,40
दोगुने,175
बाल्मिकी,79
समाजवाद,83
शिथिल,12
अशिक्षित,113
मानहानि,87
दूरगामी,4
प्रयत्न,149
क्लीनिकों,130
रजामंदी,175
राष्ट्रमंडल,96
तिलहन,129
व्यवसाइयों,132
दिखानी,85
सूचि,153
सदमा,176
राखियों,151
रुकना,35
सुकन्या,56
ढांचागत,129
करीना,148
कर्जदार,99
हेतू,18
तोहफे,176
सिंचित,97
चट्टान,1
कुशासन,190
रेती,120
निबटारा,118
विचलित,42
ठहराने,100
मंडावली,109
कम्बल,64
बर्बरता,188
दस्तखत,18
अन्यों,32
सर्तकता,31
सुखमय,113
मनोरंजक,34
बुलाना,134
प्रजापत,199
बुखारी,51
कार्डधारी,133
अंगरक्षक,191
हश्र,176
पलीता,169
चचेरी,148
प्रदर्शनों,34
झेलते,193
परनीत,127
ताने,47
नाखुश,134
प्रसून,86
वंदे,86
शिक्षाओं,29
कदापि,55
घाटो,125
मर्माहत,196
मैना,57
हसीना,193
स्थानान्तरित,31
इन्वर्टर,155
विशालकाय,161
प्रजेंटेशन,133
अवशेषों,161
जनधन,121
उपसरपंच,137
भूखा,115
सवर्ण,51
बेलसंड,119
पंजाबियों,88
लपेट,16
गोलक,105
कुरूक्षेत्र,108
इकलौती,192
लड़कों,126
बेनतीजा,18
मीठी,68
दुष्परिणाम,116
लानी,40
सितम,22
खिलने,95
हारकर,53
पंचशील,51
जागता,173
प्रत्यक्षदर्शी,44
सोचे,7
मातृभाषा,158
स्पर्धाओं,93
कंडा,64
पहचानपत्र,107
गुस्साई,136
एलर्ट,85
खाताधारकों,59
शरत,86
मार्मिक,152
लघुशंका,196
उन्नीस,126
बचती,67
पका,68
लाखो,26
मोदक,156
हालिया,153
बरसों,176
दीघा,123
कोठे,125
चढ़ावा,61
रूका,79
इबारत,78
आक्रमण,60
सुनें,142
फूला,47
संदेशों,153
छान,104
प्राध्यापिका,147
बोलती,148
गुमशुदा,71
शिष्टाचार,51
छपाई,153
ढोलक,125
असंतुलन,12
क्लासेज,119
वेल्डिंग,181
नसरीन,86
बाबुल,194
कुदाल,58
दुरूपयोग,43
पेंसिल,98
भूलते,49
विषपान,77
कोढ़,169
किरणों,172
गलतियां,76
टंकियां,178
कतारों,95
पगडंडी,58
लाईसेंस,101
डकार,70
मुक्केबाजी,180
असुविधाओं,31
चौकियां,72
खटाई,164
दुष्प्रचार,24
क्षणों,113
घोषणापत्र,13
बिठाया,53
छाये,61
नरसंहार,188
स्वचालित,141
तीर्थयात्रियों,21
भरती,72
कोऑर्डिनेटर,99
पंखों,37
संवारा,27
खोदा,88
अखाड़ा,192
नीचा,15
रूपाली,86
दर्शनार्थियों,106
लोकमंच,119
लहराने,69
पपीता,68
हस्त,49
राज्यभर,133
ढ़ेर,183
जीवनशैली,116
वर्मन,192
कपड़ा,8
इसबार,115
धारियों,179
शीर्ण,178
भूलकर,53
सपूत,86
गलियारों,88
अशासकीय,18
इलाही,176
गूंजी,125
रुकती,123
महांती,39
बिचौलिये,64
गौरीकुंड,88
मिठाईयां,196
पंडौल,39
पत्तियों,37
आईना,43
मंगवाकर,79
खींची,145
बैरागी,182
गड्डी,98
मियाद,154
शत्रु,42
समेटे,80
एकांकी,152
असैनिक,65
मनोवैज्ञानिक,36
झपट्टा,128
गुरूद्वारा,88
दोराहा,155
उंची,88
अपंग,43
बदतमीजी,79
विलाप,77
आतंकित,111
ऐच्छिक,14
संकेतक,153
परमेश्वरी,26
झुलसकर,107
कोरे,137
निगलने,159
सम्बंध,110
रवींद्रनाथ,11
मेहताब,121
लगवाना,195
प्रबोध,171
नगेंद्र,190
निभाना,101
दुलारे,182
उल्लघंन,133
क्षेत्री,52
लटकाया,142
कातिलों,18
घुमाया,145
पकने,97
थ्रेसर,195
कष्टों,50
कड़े,116
पताका,86
संस्करण,32
बदबूदार,195
कुंए,88
गेंदबाजों,93
आंदोलनों,83
बहुउद्देशीय,133
धर्मावलंबियों,29
सब्जबाग,61
बेचू,9
लटकती,160
हैंडबॉल,93
झगड़ा,126
बागानों,129
करवाएगी,118
स्वीकारा,94
केलिए,153
प्रद्युम्न,26
कुली,192
परोसने,160
भाले,81
विधियों,14
पहचाने,12
गारमेंट,111
जूझने,51
अनगिनत,49
नवीं,80
बढ़ाये,109
गुणवता,144
अपरिहार्य,113
बाटी,38
दिखेगी,98
आघात,5
बहुतायत,97
कलक्टर,193
सचेतक,35
लिफाफा,153
ध्वजा,173
रसिया,182
सिने,86
लक्ष्यों,198
निभायी,84
तनुज,57
जुटाकर,118
बाजीगर,75
मूत्र,5
विधानमंडल,92
एनीमिया,159
बरसने,124
आत्मघाती,90
जनादेश,166
प्रौढ़,37
वैशाखी,120
स्मारकों,161
हमलाकर,2
मूली,68
अर्हता,180
शिष्या,86
अविलम्ब,128
नाइट्रोजन,172
रस्साकशी,197
मधुमक्खियों,95
हटेगा,57
मुसीबतें,7
शाश्वत,55
करवाये,18
एकाग्रता,12
कॉलम,132
झपकते,28
आनंदित,94
सुविधाजनक,141
तैर,104
लकीर,98
चारागाह,95
जानिए,187
कॉपियां,43
येलो,133
एकदिवसीय,180
सबल,113
रोती,79
कहानियों,152
पुनरीक्षित,59
समूची,113
बदलनी,82
रसूख,156
बुलावे,56
गर्भावस्था,5
सिफारिशें,92
गुरुग्रंथ,155
हितकारी,118
नकारते,51
लाती,104
दर्शाए,59
दुबक,124
खरीददार,59
निरक्षरों,99
पहाड़,46
क्रियाएं,138
छर्रे,191
धमकाकर,132
संकीर्ण,145
सारणी,138
बेमौसमी,123
हिलाकर,132
आपसे,76
बिठाने,137
रामरूप,133
टोलियों,106
प्रसंगों,149
दिलदार,182
प्राथमिकताओं,118
कलाकृतियों,161
उड़ान,65
बैकुंठ,108
नामुमकिन,131
सूझ,81
कहानियां,152
स्वादिष्ट,97
खिन्न,51
दफनाने,99
भंडारों,33
हटते,117
आहूति,71
कब्जाने,63
पंक्तियां,132
डायलिसिस,160
वरण,113
संवेदनहीनता,43
सेविकाएं,79
टूटते,168
झासा,20
रहनेवाला,55
ऐश्वर्या,148
हुलिया,136
तरसते,24
लगवाएं,175
सुरों,125
पायेंगे,7
रिपोर्टिग,101
नजराना,187
रिश्वतखोरी,99
बिता,148
मोहक,125
रोया,69
रियायती,140
नापाक,134
लस्सी,68
मंहगा,195
कमीज,191
प्रजातियां,37
अष्टम,174
चढ़ाते,183
आजमाने,101
भड़के,178
सितारे,34
मक्के,22
लाएगी,17
डॉक्टरी,43
आइपी,31
सर्वजन,51
जनसैलाब,131
मालिनी,148
सलाद,195
गिनाते,67
मध्यरात्रि,56
किरणें,145
समझदारी,51
छायी,7
बिताए,143
नुकसानदायक,195
अस्वाभाविक,128
स्वर्णरेखा,123
प्रासंगिकता,54
घोंट,112
प्रणय,113
मटकी,67
बढ़ें,137
धागे,195
नापी,138
निमित्त,14
अन्त,42
नोंकझोंक,17
मंदार,194
मनवा,187
जागने,111
लहरों,1
कवच,145
नन्ही,199
वीरों,150
चिंतक,189
दहल,81
उलझन,117
अग्रसारित,31
गार्डर,2
खुशगवार,47
प्रशंसकों,34
बंटने,197
जुटाया,101
दाएं,145
स्वंय,113
क्षेत्रिय,108
रामावतार,26
नुमाइंदों,51
दर्जी,24
आरोही,145
जलसंकट,123
ढूंढते,2
सरोकारों,51
बुनाई,8
छुपे,154
लोकवाणी,164
क्षम्य,122
नाबालिगों,99
विलम्ब,118
महोदय,189
तटीय,3
बटोर,175
टीले,184
गंवानी,136
त्रिपुरा,186
पतियों,171
चुराए,197
हमको,25
सचमुच,45
रामपुकार,120
शिवाय,108
हदें,134
विमुख,42
पराजय,60
करूं,124
चाहिएं,160
करंसी,17
सेवई,196
तलाशते,35
सोनार,182
लिबास,47
आचार्यो,91
अत्याचारों,83
परिर्वतन,78
फूलमाला,194
गुनाहों,134
पाएंगी,111
आदेशित,66
शिक्षको,43
कव्वाल,58
बोलीं,38
लाओ,25
अटकलों,101
योगिता,178
रंगत,128
अनुसूची,92
सजावटी,8
ख्वाहिश,22
बहना,159
पगार,103
बलगम,159
जयकृष्ण,173
महाबली,77
नरेगा,129
स्वावलंबन,113
मराठा,60
कब्जाधारियों,131
अवतरण,55
गोहत्या,192
खरीदें,18
बेलदार,2
रुकेगी,111
बिताया,84
खोजते,99
कुंजी,153
षष्ठी,108
चौकन्ना,40
अलार्म,153
बाघा,127
नुक्सान,116
भीतरी,145
विकासात्मक,198
आननफानन,35
स्नेही,103
राज्यव्यापी,166
सांसारिक,55
देशहित,193
रसायनों,172
आलीशान,81
सत्तू,160
रामभजन,64
बैंगन,68
हंडिया,186
बिस्तरों,185
तोड़फोड़,197
मतपत्रों,31
न्यायोचित,66
प्रकोष्ठों,144
हुक्का,109
अंगूर,97
कैसेट,85
मानवाधिकारों,13
समझती,51
दिखाती,117
राजपथ,88
अलगाववादियों,127
धंधेबाजों,35
दर्शाई,40
औपचारिकताओं,99
सौतेले,126
नीच,55
विमानों,65
अनर्गल,190
अनोखे,49
जनसुनवाई,99
कुसुमलता,124
हैैं,52
लाउड,191
विकल्पों,141
पथिक,26
दादर,62
कुनबे,47
रहम,22
विश्वस्तरीय,54
दवाईयों,195
काया,77
मनमीत,193
आश्चर्यजनक,152
वायरिंग,181
कान्फ्रेंस,119
ऊहापोह,94
गढ़ा,176
रबर,172
सुहावना,185
रामनंदन,26
सुपरवाईजर,31
ताली,125
निर्भरता,198
सीखी,45
मिटटी,97
गौड़,11
बीचबचाव,175
निराश्रित,130
सेक्रेड,101
गैप,175
प्रजातंत्र,51
न्यौछावर,77
चिप,141
चकेरी,182
करीबियों,86
नदिया,88
विश्वकप,180
द्वीप,3
तुझे,81
बसेरों,123
संयंत्रों,33
सराज,127
ट्यूमर,5
मंडलियों,57
अवतरित,55
बागों,15
कुर्मी,86
ओजोन,172
इसाई,29
दाढ़ी,142
रसोईघर,109
बालश्रम,118
चलानी,193
पूछकर,112
ढककर,105
जागकर,56
मूर्तिकार,79
मतपेटियों,85
फूफा,28
अबोध,58
लड़,126
आशाएं,51
कॉमेडी,34
कुन्दन,137
दूरियां,67
विज्ञापनों,34
ऐंठ,71
चिंतामणि,86
फैलाते,114
करुंगा,56
निर्भया,101
चिन्ता,50
करवाती,197
फैलाया,81
बैरकों,193
बेसन,68
खिलौना,49
मिलीलीटर,195
वेतनभोगी,71
सहनशीलता,12
बाघों,179
राजकीयकृत,106
अव्यवस्थित,12
आध्यात्म,113
करवायी,72
खर्चो,128
बिगड़,114
हराने,180
सुधारीकरण,20
मंगवाने,111
पर्वो,9
दर्शाती,145
टोह,40
गुरुवाणी,77
अनुच्छेद,92
टाला,154
कैल्शियम,172
सन्नाटे,132
मौसा,58
नाशक,195
तब्दीली,43
सोयाबीन,68
बरसाई,40
असहिष्णुता,51
उठीं,194
फरसा,79
कम्पनियों,30
निर्माताओं,0
सिंध,60
मिशाल,120
अष्टधातु,88
दिखाये,32
पत्रकारवार्ता,71
मोंटी,101
मैनेज,197
लटकने,105
साधुवाद,18
द्विवार्षिक,54
एशियाई,158
सूत,8
मुर्गे,137
मरते,25
बर्फी,115
ऑडियो,153
स्वयंवर,150
खोरी,28
कहलाने,80
मजेदार,112
बान,176
कईयों,115
दुपट्टे,109
लखपत,106
घटता,1
हीन,50
तस्लीम,176
तटबंधों,123
संप्रेक्षण,20
शाकाहारी,68
रूके,142
ज्योतिषाचार्य,9
पहुंचाता,114
परिवारवालों,82
डालता,114
बिलख,199
दिखेंगे,85
रचाने,125
विष,5
हफ्तों,116
आंकड़ों,163
लुभा,18
आशंकित,166
वंशज,60
विवेचनाओं,57
असमानता,36
अपशिष्ट,33
सुधरे,47
तुला,40
असहयोग,83
तरकुलवा,196
लतीफी,17
रिफाइंड,160
महापात्रा,156
परम्परागत,149
रक्तदाता,35
पृष्ठ,32
अपाहिज,175
पुष्पराज,194
गुस्साये,111
दुष्कर्मी,58
निकलवाकर,40
पथों,169
ताजिये,120
बासा,71
यज्ञशाला,77
दबाए,98
निष्ठावान,50
नजरिए,54
बढ़वाने,99
आभारी,171
रसपान,108
डंक,159
सिधारी,173
मुख्यद्वार,79
समावेशी,54
हस्ताक्षरित,153
रोबोट,32
त्यौहारों,143
उत्पल,86
ईमान,25
रेशमी,104
बटोरने,35
दबोचकर,130
मगन,39
बहे,70
बंजारा,192
प्राधिकारी,170
असत्य,55
माताएं,151
जलाना,183
हारमोनियम,125
हिमांशी,182
यथासंभव,14
पीएं,159
बनवाएं,137
शोकाकुल,40
चलवाने,196
बिजलीघरों,20
स्थितियां,12
सुनो,25
लाशों,165
तांबे,8
एमकॉम,101
तिरछे,98
चमका,7
एलटीसी,121
तांबा,8
तमाशबीन,187
खोलेंगे,153
कंगना,86
जिदंगी,199
चंद्रमणि,175
तोल,73
भुनाने,101
मुण्डा,120
कृष्णनंदन,168
पांचवा,174
हौंसला,43
कतराने,2
फ्रेम,145
सुनिए,23
गंध,37
सुधारी,103
नग्न,117
परोक्ष,55
हनुमत,175
मिश्रीलाल,70
मजहबी,51
नजारे,88
विसंगतियां,160
फेंकते,117
साधुओं,150
ओछी,190
खिसकने,123
रामचरित्र,168
अशोभनीय,197
दुनियाभर,54
आएदिन,4
अभियानों,65
खटखटाने,169
बैठाए,199
हीर,26
लाभों,170
वनभोज,43
पहुँच,46
गिले,47
महकमें,51
संकायों,135
मंतव्य,168
बुझाते,82
उन्होंनें,24
सैकडों,137
भाषी,158
अभिलेखागार,153
जांघ,70
पितरों,77
संगिनी,27
राजनीतिज्ञ,167
मुहब्बत,28
बक्सों,98
चुनौतीपूर्ण,54
ईंधन,33
ग्लेशियर,184
अदरक,68
गलियारे,161
कॉफी,68
दरबारी,150
घबराहट,114
अंधेरी,117
बढ़ाएंगे,157
श्वास,5
धब्बे,37
गृहणियों,71
शवयात्रा,187
विज्ञानियों,12
पकड़ी,47
शिकवे,47
पूर,106
घबराकर,81
समेटने,112
अपेक्षाओं,170
कटहल,88
दहशतजदा,71
मोटरसाईकिल,20
महाधिवेशन,94
गुटखे,139
चंदे,115
विद्रोह,60
बांह,191
उदास,142
धौंस,115
दुपट्टा,61
कलंकित,107
खंडन,36
धर्मार्थ,54
स्तूप,161
उधारी,59
अमीरों,188
मंजरी,182
महासंपर्क,133
जलावन,47
जनचेतना,43
भागो,46
औषधालय,133
मरणोपरांत,84
फलक,145
माणिक,178
एमएमएस,148
अधर्म,50
कूदे,183
ज्योत,38
कली,105
बहुराष्ट्रीय,30
रुई,97
वहाँ,74
कलात्मक,152
फेक,176
सीखना,45
नगरपरिषद,133
जुलकर,27
दलिया,195
सुनिश्चत,85
संस्कारित,108
पहनना,191
अनुपयोगी,160
फुहार,122
विघ्न,40
फौजियों,193
लिपि,80
मीता,101
धारावाहिक,34
विनती,148
जोड़,138
जनलोकपाल,63
तबले,125
रत्ती,47
मनाये,21
ग्रीष्मावकाश,57
चेता,57
शख्सियत,86
कृष्णन,86
बांझपन,69
बधाइयां,28
हमदर्द,176
संगीतकार,34
हस्तियां,86
बेलसर,194
अनुरागी,190
इरादों,166
स्वार्थी,51
फूलने,95
विश्रामगृह,88
भत्तों,66
लालमणि,72
चिपक,16
नुमाइंदे,73
अंतरजनपदीय,94
करी,146
मध्यांतर,57
लाडले,56
प्रोग्रेसिव,166
कालाधन,139
निवृत,40
रुकेगा,187
त्रिपक्षीय,18
गूंजती,88
इक्कीस,26
संगठक,94
सिखाता,171
प्रतीकात्मक,152
समयानुसार,123
गैरसरकारी,92
बजाई,125
पलंग,165
बढ़ाता,114
प्रेरणास्रोत,113
सुव्यवस्थित,36
मनोरम,21
पोलियों,85
चिपके,105
ईंटों,161
दागा,65
महात्माओं,91
प्रबंधतंत्र,73
त्रिशूल,21
फंसते,20
गोलाबारी,191
कलेजा,142
क्रीड़ा,9
प्रक्रियाओं,163
वीरांगना,192
बेफिक्र,122
भेजता,48
पर्यावरणीय,198
कर्ताओं,190
उठाएगा,134
भड़क,188
भिक्षाटन,77
भादो,26
स्वभाविक,122
सोता,69
वादकारी,130
कील,160
सत्यवती,171
विलोम,117
घोंप,199
पदनाम,59
पशुशाला,119
संग्रहित,141
पटरियां,181
राजनीतिज्ञों,83
स्टेयरिंग,142
अनिश्चितकाल,111
शीतगृह,18
इलावा,127
हिचकोले,191
ताकतें,51
संदूक,40
गर्त,145
निस्वार्थ,86
धमकाते,24
गृहस्थ,89
फूंकी,109
वर्षाें,28
बीनने,164
चखा,81
फैलाना,35
मौकों,93
खींचे,98
आकाशदीप,124
अर्की,58
भरें,153
बरामदा,88
मल्हार,192
खुटहन,52
प्रतिवादी,87
आयुर्विज्ञान,135
पुनर्मतदान,120
भेंटों,20
लेटे,40
टूटती,105
हमदर्दी,51
दोषमुक्त,156
झड़प,78
धंधों,8
गुंडों,53
पुलियों,190
सुलग,103
रवीना,148
विशु,139
प्रचारकों,51
पैमाना,85
लॉग,153
संभालना,103
झुग्गियां,18
यान,65
नेकी,22
जगमगा,81
खेर,86
धनिया,68
लिखें,153
गांधीवादी,189
अक्षरों,32
पट्टों,195
कब्रिस्तानों,69
प्रफुल्लित,185
सुखाने,68
सिकन्दर,60
गिना,174
खुजली,5
सहपाठी,148
लाचारी,175
बिल्डर्स,101
डाकखाना,127
हलफनामे,31
उगाई,97
बढ़ानी,57
उत्पत्ति,149
ढलान,145
जियारत,169
धावक,93
अभिमान,42
माथापच्ची,28
राक्षस,150
पिलाएं,175
लगें,48
प्रतिकिलो,61
मधू,155
कूड़े,75
कुनबा,75
अरूप,178
सुहास,130
जगद्गुरु,150
रूई,104
नकलचियों,173
दिलाता,171
गिरेगी,105
दीपशिखा,147
बेंचने,128
शीघ्रता,172
उदीयमान,54
मातृभूमि,83
कजरी,125
न्यायाधीशों,87
मनुष्यों,55
तिलकुट,119
मनमोह,139
विनियमित,170
बनियान,197
सौम्य,117
पतला,145
चूहे,37
फिसलकर,105
मढ़,73
बाह्य,138
फेरा,134
श्रंगार,23
झुकाव,10
सप्तशती,77
सपूतों,147
झोंके,47
दुर्गति,40
सलवार,130
कात्यायनी,21
सर्टीफिकेट,18
चौकाने,57
सुरजन,192
ठोका,121
विषयवार,99
एकमत,4
औरों,7
लाभप्रद,14
नामाकंन,139
थोड़ा,114
भक्तगण,21
जमाकर,185
अकालियों,63
बीओपी,175
सांझे,9
अंगूठे,16
इंसानों,116
केंद्रो,107
फाटकों,102
नुक्कड़,72
गोत्र,186
ठेलों,194
शोधार्थियों,4
अस्मत,107
ललकारा,192
मिटने,7
वनपाल,67
पंक्तियों,32
कुकर,23
असहनीय,2
कोक,160
मंगवाए,133
होगें,22
अंगूरी,18
बिकता,47
फाल्गुन,21
बायकाट,64
प्रहर,77
गिरफतार,193
चक्के,165
रसिक,77
सोती,82
गजाधर,9
हलांकि,116
राजीनामा,166
समपार,28
उड़,16
चीर,81
भविष्यवाणी,10
आखें,115
कापरी,165
संदिग्धावस्था,26
पुजारियों,29
सम्भव,55
यातनाएं,193
नितांत,149
पथरगामा,128
बढ़ाती,172
मूल्याकन,178
बागियों,188
अप्राकृतिक,159
मिर्गी,159
गोपियों,77
सात्विक,89
याचना,42
दीपमाला,199
सौतेली,148
ग्वाल,79
टैक्सियों,62
भक्तिभाव,77
यत्र,113
ताकतवर,146
मनमाफिक,101
मुख्तियार,9
मारवाड़ी,182
रुखसाना,156
स्वांग,171
रौद्र,77
वेग,138
संवेदनहीन,58
सितारों,22
पाशा,188
प्रेक्षकों,4
मसौदा,153
चतुर्भुज,10
चुनना,153
क्रियाकलाप,170
कार्यान्वित,198
हलधर,88
दुश्वारियों,31
विमुक्त,9
उगते,37
बांधों,129
आबरू,22
पिटारा,178
गाये,11
पक्षकारों,66
रेडिएशन,195
हटना,24
चीत्कार,40
हटी,185
तरसे,122
सहने,48
उपसभापति,66
दफ्तरी,197
दीपोत्सव,125
कंपाउंडर,178
पटे,23
निविदाएं,118
छींटे,169
तेवरों,57
उतारते,40
दुष्प्रभावों,116
जाएगें,22
बांटना,128
एमएसएमई,144
विदेशियों,188
फव्वारे,161
सूर्यास्त,15
परोसे,68
मारपीटकर,199
गंवाकर,107
हैक्टेयर,129
चौपालों,151
याचिकाओं,87
विद्याभूषण,94
शहरियों,197
निगहबानी,130
बनवाये,161
शिल्पकार,49
बामुश्किल,194
अगवाई,130
भद्दी,169
बेबसी,47
प्रेजेंटेशन,101
श्रमजीवी,193
हताशा,110
तन्मयता,9
विधानसभाओं,96
ज्वलनशील,195
खाज,159
स्थिरता,198
फैक्ट्रियां,18
बंसत,99
अग्रहरी,194
राजहंस,182
दानव,10
चटक,105
रिक्तियों,118
कुमाऊंनी,67
नंगा,123
अभिभाषण,54
डालनी,111
धनाभाव,31
संपोषित,144
पोस्टों,52
ऋणी,66
कर्मशाला,35
पड़ोसियों,2
टपक,160
काठ,104
सूचियां,85
हिंदु,150
डिवीजनों,65
थमाया,157
प्रतिशोध,42
रातें,15
पलटते,40
अन्तर्राष्ट्रीय,62
वाक्य,149
यूनिवर्सल,0
विकल,171
मुखबिरी,115
छात्रसभा,196
सर्वपक्षीय,147
अस्तव्यस्त,175
लड़कियां,148
ढहाने,164
बूंदे,70
वसीयत,134
चोटियों,184
धोकर,195
कैच,93
आश्चर्यचकित,148
भेजेगा,19
उत्साहपूर्वक,190
एकांत,49
पूर्णकालिक,0
दोहराते,111
हैवानियत,115
स्वीकारते,137
भदानी,119
बिछिया,188
अछूते,52
महामंत्र,77
भेजेगी,133
रस्सा,117
बाजारी,59
सेवामुक्त,101
झाकी,106
सेन्टर,101
भूला,40
कॉन्वेंट,143
उपले,67
पहरे,131
दाखिलों,130
झाग,105
अभ्यार्थियों,121
शावक,179
ढूंढ़ने,112
उभरकर,52
घूंघट,142
सुमेधा,9
निशानेबाजी,137
टांक,120
मूल्यवृद्धि,144
महाप्रसाद,9
खेलेंगे,93
चतुर्दशी,21
उल्लू,179
अटकलें,146
सभाजीत,71
रखेंगी,35
डिस्ट्रीब्यूटर,169
लोकगीतों,182
आश्रमों,77
बिकती,28
नहीें,134
खुन्नस,169
तन्मय,194
नक्सलवाद,190
टली,31
किरायेदारों,18
निरंकार,7
मुख्यमंत्रियों,86
जनमत,13
रौंदते,132
स्तन,5
अनुपलब्धता,144
मईया,108
मनोकामनाएं,77
सरलता,138
जांबाज,63
कोऑपरेटिव,175
चित्रकारी,161
धन्ना,79
उतरेगा,23
बबूल,95
अचंभित,197
नमामि,99
तेरहवीं,80
उभरे,125
ढैंचा,156
जूतों,191
उसमान,24
रूकी,115
अटी,98
पुष्ट,149
कृमि,37
प्रधानाचार्यों,86
जकात,196
घसीटते,47
भाली,124
प्राक्टर,39
भंडरिया,175
कालकाजी,133
रतनी,120
चलित,130
रोटियां,38
एकीकरण,13
दारागंज,79
बेलपत्र,71
दुस्साहसिक,119
दीवारी,88
जलाएं,102
यथार्थ,149
मचाकर,136
बौखलाए,175
कदमताल,38
दिशाओं,1
विश्वसनीयता,198
बदरंग,168
सितार,125
ओलंपियन,119
बूढ़ा,81
जिम्मेदाराना,18
गद्दे,195
लटककर,64
लुभावने,23
सरगर्मियां,107
आवेदनकर्ता,118
चुटिया,78
पड़ाव,184
करेला,95
मेदांता,39
परवल,120
करतीं,138
रात्रिकालीन,187
नजरबंद,193
हफ्ता,101
द्विपक्षीय,54
खिंचाई,130
पुर्जे,181
झुका,74
क्षेत्रवाद,190
गोष्ठियों,118
खटक,40
पढ़ाए,94
उबरने,116
युधिष्ठिर,150
सौदागरों,112
आसनों,164
शर्तों,170
टॉकीज,86
अंधे,81
अक्षित,82
उल्टियां,159
ब्रहम,94
शराबे,20
महावर,164
राजयोग,113
कत्थक,182
अचेतावस्था,115
झंडारोहण,44
यथास्थिति,66
अधिकारीगण,197
अनुलोम,91
खूंखार,51
चालाकी,176
अशक्त,94
नवयुवकों,193
कैथोलिक,29
अन्वेषण,162
जलकुंभी,95
भैंसे,179
प्रकाशक,84
जनतंत्र,127
अपेक्षाएं,118
तात्कालिक,36
पेंशनधारकों,164
पोटाश,172
वैराग्य,89
चक्रमण,85
पुराणों,150
निशानी,25
दानपात्र,99
वाशिंगटन,0
परिषदों,92
प्रश्नपत्रों,196
वेदना,113
एन्क्लेव,127
पतित,171
रमणीक,88
मिलनसार,71
सुप्रीमकोर्ट,164
दीपदान,194
विभक्त,80
उहापोह,128
गुढ़ा,165
छिड़काव,195
सहमी,102
बाबजूद,169
चित्त,89
चक्रव्यूह,27
कर्मा,139
जासूसी,146
शमिल,115
मीलों,123
छुरा,103
संभ्रांत,115
तसल्ली,176
जलूस,88
मेन्यू,153
बेगुनाह,17
त्रुटिपूर्ण,94
एसवी,101
चूका,146
खरीददारों,101
पकड़कर,74
ओझल,40
पांडा,38
मुदित,130
सरपट,130
सहमा,124
आवाहन,51
सप्तम,174
दातों,70
अद्वितीय,152
दाहिना,154
कटाने,157
महासमर,56
पूर्वज,80
भलीभांति,118
कटेगा,128
लूंगा,176
जाबिर,86
बोलता,171
छूकर,187
फुटा,175
कुबूल,22
छानी,58
खोए,40
नीतिगत,92
छक्का,64
भ्रष्टाचारी,52
जनसाधारण,189
रामदुलारे,122
नोच,142
संहार,150
मराठी,11
जलीय,37
दसवां,133
निर्णायकों,156
क्यूं,178
निभाता,198
भिडंत,93
लाट,133
प्रतिफल,170
वृत्त,10
अष्टभुजा,26
कपड़ों,8
रोपने,95
बबुआ,39
प्रेत,117
बैठेगा,79
पहुँचे,74
आलिम,176
अफ्रीकी,158
चालन,181
सीखें,147
अस्वीकृत,41
पूर्णमासी,106
गद्दीनशीन,127
लपट,185
आठों,91
कर्मचारियो,199
पंसारी,178
विश्वस्त,171
जनांदोलन,166
विभीषिका,175
कलाकृति,49
पहियों,181
वायुमंडल,172
उद्घोषक,115
सुला,142
लटकाने,98
गुणवत्तायुक्त,118
मेवाती,182
रोकें,76
दण्डाधिकारी,26
चलनी,81
शेरों,179
शरारत,22
सदल,79
भैंसें,61
हमराहियों,7
कांफ्रेसिंग,86
रोता,124
सताता,128
शहीदे,196
उसमे,117
परिनिर्वाण,77
उबारने,197
आषाढ़,77
जमीं,139
साहसी,188
पर्चियों,156
निलम्बित,35
चटाई,95
उन्माद,55
टपकने,124
आहरित,59
चुकीं,7
रूह,134
पक्षीय,67
सतरंगी,105
संचरण,163
नाचे,194
वर्दीधारी,166
पारंगत,108
हरीपर्वत,169
पाचवीं,58
वाशिंदों,155
मिचौनी,131
नवसाक्षरों,20
दृश्यता,153
ऋतुराज,28
भेजनी,72
सर्वेयर,93
उपक्रमों,30
गम्भीरता,56
धधक,178
बैशाखी,120
विषैले,5
पतवार,191
कश्मीरियों,57
मांगेंगे,78
शोधार्थी,86
पलटन,119
कोरा,43
बायां,70
बौर,47
टैक्टर,58
कोला,181
घुल,172
लकवा,159
मूर्ख,171
दिलाये,193
पंचांग,153
बढ़ायी,144
विलक्षण,149
दबाब,123
ऐंठने,67
जनसहयोग,35
न्योछावर,111
लाएगा,134
सहुलियत,18
नौसेना,65
शिक्षाविदों,54
डलवाया,124
दिखना,105
बूझ,134
गौवंश,67
गोवध,56
पर्यावरणविद्,122
कार्यकर्ताओ,137
यक्ष,150
कन्याएं,79
मिलाते,195
करूणा,20
परवाना,112
बारीक,104
राष्ट्रवाद,83
नवयुग,26
मढ़ा,142
तपस्वी,150
गुब्बारा,160
सौदे,140
बगीचों,88
भूलना,113
सकने,163
कलमबद्ध,151
सियार,179
कर्जे,99
जबर्दस्ती,51
उभरते,198
सदाचार,89
गरमाया,64
पत्तियां,68
बढे़,35
ढोलना,38
बेचारे,176
त्रैमासिक,66
फूलन,166
क्लेश,50
उदासी,113
संघर्षशील,86
अव्यवस्थाएं,183
हिमायत,176
पालिकाओं,118
जांचे,85
मौला,63
विहंगम,88
लूटेरों,27
तिलकधारी,95
नृत्यांगना,125
मिशनरी,119
यमराज,91
अस्वीकार,13
मारता,74
क्रूर,100
टिफिन,39
बिंदी,23
रडार,65
भूकंपरोधी,18
सर्वहितकारी,168
विश्वसनीय,14
स्पर्शाघात,156
मध्यमा,91
उकेरा,79
डटी,111
निमित,118
तौहीद,22
फुलवारी,88
पटवाई,102
एलोपैथिक,190
तलाब,183
जमुनिया,28
हनुमंत,122
तोरण,161
गर्भाधान,5
बूंदाबादी,122
साइटों,141
कराके,118
तराशने,98
बमबाजी,190
समंदर,187
फंसता,28
छिपकर,53
छुपाकर,111
स्मार्टफोन,141
पढ़ेंगे,147
श्रोत,27
अंबुज,57
प्रकाशकों,84
किराएदारों,61
प्रयत्नशील,190
स्वामीजी,77
टहलते,57
स्पार्किंग,151
कहलाता,138
जीए,82
त्यागने,50
रोपा,95
समझो,25
मान्यताओं,29
खुलना,133
सहमती,166
विसरा,78
शूरवीर,192
विकासशील,198
धमाकेदार,93
कूपों,70
ताबूत,115
अजनबी,81
सानी,134
शिकागो,0
भीगने,105
वामन,89
पट्ट,145
सवेरा,99
अन्तर,6
पहनें,160
उलटा,17
समयसीमा,66
विवादास्पद,0
कंसल्टेंट,155
प्राप्तांक,85
दिलासा,18
जीभ,16
मोहभंग,51
आक्रांत,159
बुझने,47
पाठशालाओं,190
स्थानक,106
रातोंरात,40
सूरजमुखी,68
जिधर,81
संबल,94
उन्मुखीकरण,85
बरतना,112
लादने,156
सुगंधित,68
सोचता,76
भोजराज,108
वन्दना,77
मर्मज्ञ,152
कटोरा,183
अपर्याप्त,163
खोई,185
मोमबत्तियां,106
अशांत,130
मिटाना,153
ग्रीष्म,177
गतिशील,138
आदर्शों,189
सम्यक,113
प्रत्यक्षण,4
बस्ता,2
नियमत,71
दृश्यों,34
बिसात,132
लिफाफों,72
निर्वस्त्र,91
बंदे,111
परायण,108
भोजनालय,24
अदब,22
हुनरमंद,103
बैकलॉग,196
जड़,1
प्रश्नकाल,175
गुणवत्तापरक,124
रामगंज,79
क्षेत्रवार,118
न्यायलय,87
हजूर,178
चुनचुन,194
निकालें,153
कॉम्प्लेक्स,181
जुटाना,144
पल्लेदार,39
अदालतें,87
नम्बरदार,71
विभूतियों,189
बैंककर्मियों,71
आडिशन,75
जुटते,99
गठिया,5
चन्द्रमोहन,165
नीबू,68
एक्सल,101
टूटता,61
अटके,196
मुरादें,134
त्रिकोणीय,93
समधी,72
उत्तरदायी,170
बाटने,127
तारी,47
हिचक,156
अस्थिरता,13
भूतेश्वर,88
आंसुओं,169
कांग्रेसजनों,18
बछिया,142
कडे़,105
मतदानकर्मियों,18
उत्तराधिकार,92
प्रलय,89
राज्याभिषेक,60
द्वारों,15
निरस्तीकरण,85
ठोंका,98
सौदेबाजी,18
मकबरा,161
चिनाब,120
ज्योतिबा,186
परिभाषित,163
घसीट,117
लाशें,61
गस्त,175
पोस्टकार्ड,132
तड़के,2
वीरा,56
नवोदित,86
पिंजरे,98
कोप,26
निभाती,198
क्षेत्ररक्षण,93
वयस्क,5
कंगाल,142
भाग्यशाली,171
दिनरात,28
मुक्केबाज,93
शैतान,25
अवनीत,102
डराया,22
थपथपाई,156
राजपति,120
लावा,177
चिल्लाते,2
ढूंढे,67
खिलवाड़,112
सोकर,69
बहुप्रतीक्षित,101
हेल्मेट,17
महाकवि,89
चिकनी,104
प्रस्तुती,101
अधिसंख्य,133
मंचों,54
डोरी,98
मैट,0
यदा,173
सम्मलेन,54
कौतूहल,9
तुलनात्मक,162
गोवंशीय,130
जुटना,168
क्रंदन,164
जलधारा,184
सम्प्रदाय,89
बालीबाल,136
पल्लव,161
कथाओं,152
औलाद,22
फटकारा,122
कुंद्रा,119
नौकरशाही,13
पड़ते,1
मिलजुलकर,190
उपमा,55
खिलौनों,98
उंचाई,177
थोप,100
चिन्हों,154
जातीं,1
भुवनेश्वरी,26
बकरों,155
महानायक,86
कालिख,183
प्रताड़ना,27
बोया,95
विपत्ति,42
प्रायोजक,0
शहंशाह,192
जीवाणु,5
पेटियों,160
डालती,12
अमर्यादित,94
उभारने,113
ब्रह्मलीन,77
सिखाती,2
चूहों,5
शौकीनों,49
पंथक,175
महासंग्राम,120
खंबे,38
सुलझने,24
चढ़ावे,196
सुधारों,13
मंगलमय,91
सभास्थल,35
फूलमालाओं,105
उत्साही,110
आयामों,36
निर्विघ्न,26
खेलता,180
सोपान,149
उलाहना,99
जुझारू,51
आंकड़ा,153
सट्टेबाजी,144
धराशाई,196
सिकरी,124
उभरा,158
सेवाश्रम,139
तराजू,2
मूलवासी,178
बूटियों,68
दीवाने,176
फुहारों,165
तटों,184
लक्षित,198
नौकरों,193
दंपतियों,130
सबला,79
बहेगी,98
इम्तिहान,22
राजाओं,60
जुड़,32
लिपटा,124
वसुधा,182
शिष्ट,113
पदकों,174
तीनो,192
घिनौनी,17
तयशुदा,153
झेलम,184
पीडीएफ,59
नौकरशाहों,166
रचाई,64
सीआइआइ,61
कदा,64
सम्मेलनों,54
नकाब,98
स्थानीयता,194
सावधानियों,85
राष्ट्रीयता,189
आदमकद,190
कुर्बानियों,196
खुलवाए,26
आरंभिक,162
जिनपर,48
ठिठुर,38
लुटने,102
धड़ल्ले,2
तानाशाह,188
पुट,113
चुनें,153
अन्त्य,58
नवजीवन,86
मौसेरे,75
पतंगों,185
हिमगिरी,4
टांके,160
झोंकने,47
निडर,122
हिलने,114
सदभाव,137
विग्रह,77
थामने,199
ज्ञानेश,107
गुलमोहर,88
बहुमुखी,152
बेदाग,99
मनीषी,189
निगला,159
नाखून,16
अशरफी,57
अनूठे,113
सेनीटेशन,133
जनशताब्दी,133
गिरफ्तारियां,193
संगीतमयी,17
धर्मनिरपेक्ष,83
कपाल,159
कारिंदे,61
विच्छेदन,43
प्रभावों,12
हृदयाघात,159
चोरो,194
सर्वत्र,149
सहूलियतें,139
पाश,70
काटता,1
आवेश,138
हलकी,104
सिमटी,168
दुखियों,199
मंहगी,144
शैय्या,106
गिद्ध,179
प्रबन्ध,118
वन्यजीवों,123
नाकामयाब,119
जीवनदायिनी,26
मैदा,95
बदलें,153
अंगुलियां,70
उनकों,47
प्रतिवेदित,59
खट्टा,68
बचेगी,58
कार्यवश,173
वियोग,113
गोसेवा,108
भाल,81
त्रेहन,58
प्रस्तुतीकरण,32
हेमन्त,182
नाविकों,65
मफलर,122
विन्देश्वरी,72
गोचर,91
गिराई,124
घसीटा,102
मस्ताना,182
मनाएगा,115
पहुंचेंगी,178
निरोगी,105
मालगाड़ी,18
प्रशिक्षितों,35
पालिटेक्निक,99
परिणय,86
चन्देश्वर,133
चूकते,124
प्रस्तुतिकरण,18
संकटमोचन,108
डीग,26
दफनाया,60
अधीर,142
भरेगा,40
लहलहा,28
दमयंती,73
सहसंयोजक,155
पीड़ित,5
ज्वर,5
मोटरों,181
निरंकुश,13
अरोप,131
गांजे,58
उमड़,81
प्रजा,42
कर्मभूमि,192
विकारों,5
धानी,70
धर्मशालाओं,75
उत्तरपुस्तिकाओं,112
बेघरों,20
कालागढ़,133
जीर्णोद्वार,132
अंधी,81
रूसी,158
चुराते,7
गोता,67
समुद्री,177
बिड,59
उभरी,188
हौज,79
सेकंड,145
घेरेबंदी,133
दास्तान,136
कबूला,71
बौखलाहट,157
मुर्दा,47
पकी,95
नवविवाहित,9
समझाना,43
नाविक,123
ओवरसीज,101
प्रज्वलन,160
पट्टीदारों,73
मूरत,199
बिगड़ने,111
वार्तालाप,32
पक्षकार,66
फेलोशिप,4
जाऊंगा,71
उदयन,150
रुतबा,176
बल्लियों,82
तनिष्क,122
कंडाघाट,120
अतरी,120
हमराही,115
सूती,8
पंगु,67
नवसाक्षर,147
अर्थशास्त्री,13
हांलाकि,93
अंगुलियों,70
कथाकार,152
सुननी,17
वितरकों,101
बनावट,145
लिपट,47
दर्शायी,59
डेयरियों,142
बनिहाल,123
आकाओं,193
महायोजना,109
उतरता,185
ऊंच,173
उछलकर,128
प्रमाणीकरण,141
संघर्षो,51
पट्टीदार,95
विशेषताओं,162
कच्छा,67
गमले,95
गजानन,192
मचाए,194
मूंद,24
बोलो,171
परोसी,103
वात्सल्य,77
झुके,81
नौकरीपेशा,122
सुहानी,119
हस्तगत,127
प्रतिघंटा,61
प्रयोगशालाओं,33
छज्जे,70
मेहनतकश,190
विनाशकारी,116
वजीफे,106
दूरबीन,10
मोटरें,181
अमान्य,153
तैल,183
नर्सों,43
मोर्चो,75
पुतलों,112
जेहाद,22
शोधित,195
पूछना,76
छत्ता,61
अटे,151
निरोधी,85
ऑटोमोबाइल,33
लेखनी,152
अत्यन्त,55
झांक,81
धानक,57
गीली,104
धनसार,35
खच्चर,123
भिक्षुओं,29
दुबकने,70
भूली,199
फरमाते,47
विचारक,189
उपमहानिरीक्षक,18
इंगित,163
कोपा,93
निहंग,9
क्षीण,12
जीवनदान,56
उठवा,40
गर्भाशय,5
राक्षसों,150
थलग,7
कट्टरपंथी,110
सामग्रियां,195
मुख्याध्यापिका,64
आतिथ्य,171
कमाऊ,107
तरणताल,119
प्रश्नचिन्ह,173
सुसंगत,170
आंकड़े,141
निपटाएं,75
परदेश,194
छूते,47
बोझा,117
पत्नियों,42
सिमकार्ड,35
जाग्रति,94
बढ़ीं,197
बस्तियां,123
मामलें,100
गिरोहों,134
राष्ट्रभाषा,189
लोट,187
बढ़ेंगी,39
छुआछूत,189
ममेरे,58
बेवकूफ,76
मंडराते,128
बिजौली,139
हिंदुस्तानी,182
महालेखाकार,118
इतिहासकार,60
सहायतार्थ,118
बरसाए,185
खोमचे,82
मुरीद,63
मूसलधार,117
ग्रामोदय,120
शक्तिमान,40
हंगामेदार,175
दस्तों,188
ब्याही,2
ऑर्गेनाइजेशन,133
रसोईयों,58
कचरों,70
महाशय,56
बढ़ई,79
ठाकुरजी,182
बिखेरे,196
पोटली,105
मंत्रीमंडल,96
प्रेरणादायक,86
बहुसंख्यक,158
राजमार्गो,120
प्यासा,81
खोलेगा,121
महाकाल,21
झंडों,115
बारदाने,147
परामर्शी,59
सिरका,97
संस्मरण,152
जीओ,178
चीखपुकार,40
गैरमौजूदगी,197
कलाकृतियां,161
उर्सला,43
सूर्यवंशी,150
धुरी,145
खींचते,104
सायंकालीन,187
अलमारियों,70
पाचवें,137
प्रवेशपत्र,72
झुकना,7
पहुंचाती,195
गोते,40
दरिंदों,164
जानो,81
इंकलाबी,58
लपटे,82
किस्में,97
मंगली,120
खेतिहर,99
फायदों,66
दूंगी,107
उसरी,178
दोस्ताना,93
विद्यार्थियो,82
जलवे,26
अंबे,26
झोपड़ी,88
वीवीआईपी,133
उद्गम,80
छत्तीस,26
समूहगान,61
कार्यशालाओं,54
तुष्टीकरण,51
भगाना,38
उपदेशों,89
तरबतर,67
सासंद,120
छला,64
मनचाहे,169
खाएंगे,142
बटोरीं,35
जयहिंद,124
घृणा,50
जयन्ती,21
विस्तारित,141
पांडवों,150
आईबी,166
सांभर,179
डांटा,2
शिक्षकगण,39
पंछी,112
उपेक्षापूर्ण,166
कुप्रभाव,159
निरक्षरता,51
बैरी,34
शालीनता,51
सीलन,95
बदलेंगे,2
ठहाके,124
मूलमंत्र,56
अंगदान,67
कंबलों,194
कृतियों,152
जियो,101
घूमे,88
उत्कृष्टता,54
आत्मबल,113
यात्राओं,54
सुहागिन,142
गजलों,130
भटकता,40
विशेषाधिकार,92
बीजी,26
हस्तकला,8
मास्टरों,132
पाताल,91
शुदा,17
धर्मों,29
समीकरणों,138
कस्सी,121
वसूलना,18
नेत्रों,91
छपे,45
बायोटेक,129
नाकामियों,115
तीर्थकर,77
सशंकित,27
उपजा,9
पदस्थ,166
इजाफे,72
सिंधू,123
प्रतिमूर्ति,113
धर्मकांटा,155
रीचार्ज,76
मामी,24
उपनगरी,58
दिनदहाड़े,176
मिर्ची,38
अंधा,81
सौंपना,118
अग्निशामक,195
अनुक्रमांक,156
शहरीकरण,129
निभाए,148
गड्ढ़े,95
समस्यायें,43
रजिस्ट्रीकरण,66
पिंडी,52
अनिश्चितता,12
अपराहन,78
लोटपोट,71
इंवर्टर,102
कप्तानी,180
कार्डों,59
इर्दगिर्द,10
गुमान,40
तौलिया,160
भतीजों,17
सामाग्री,27
झुकने,81
गिटार,34
वैष्णों,79
पीता,47
कछुए,179
जोतने,95
देवों,91
कारतूसों,191
ताज्जुब,22
सचखंड,88
पुकारा,25
प्रशंसक,34
मंदा,120
असुर,150
सहपाठियों,110
संक्राति,26
सुरक्षात्मक,159
दाताओं,59
होजरी,119
फसाद,22
धावकों,93
गुप्तचर,166
निशी,39
कीचड़,104
पट्टिका,145
उगा,142
आरोपपत्र,18
कावेरी,184
बौना,10
कायदों,57
टपकता,105
किशोरावस्था,110
एकरूपता,149
सप्ताहभर,155
मदनपाल,44
घृणित,173
स्तरोन्नत,133
देशवासी,51
कोपभाजन,51
हैलीपैड,23
सशर्त,66
सोसायटियों,75
समीति,56
फासला,128
फहराकर,193
अनुष्ठानों,29
युगों,80
रखवाने,147
हृदयगति,105
वीरगंज,23
निराकार,89
लेखिका,84
नवरात्रा,26
चाबुक,38
रोशनदान,169
टेढ़ा,81
राबिया,26
चक्रधर,79
मुल्कों,112
सहना,51
श्रद्धाभाव,106
सुधारक,189
फैलाए,81
गीला,195
खलिहानों,69
लोटा,164
दृष्टिहीन,131
स्वरूपानंद,56
टेक्निशियन,175
धुत्त,18
बचेंगे,131
ढली,69
हैजा,159
पसारने,103
किस्से,22
तांगे,156
आबोहवा,57
खुमारी,2
अहित,9
प्राणघातक,159
कर्णधार,187
कीटाणु,159
रूपक,152
श्राप,53
नातिन,20
चौंका,51
पटकथा,34
नृत्यों,125
अंकतालिका,102
मोहरा,57
दरक,28
गृहरक्षक,139
महारत,176
सुगमता,14
मतपेटिका,142
डलवाई,102
सजाओ,165
परामर्शदाता,101
दोना,195
बेजुबान,187
हिमायती,134
बुलाते,22
जानेंगे,102
छुप,176
कमेंट्री,93
गिन,81
मुल्तानी,67
धुल,183
तर्कसंगत,36
संयत्र,144
पाचन,5
खौफनाक,147
डाक्यूमेंट्री,125
रिजवाना,2
चुनेंगे,166
एंकर,155
प्रोटोकाल,85
मनोचिकित्सक,4
जनहानि,127
पकाया,68
समान्य,4
नोटरी,18
सदगुरु,79
जोड़े,114
सुर्खियां,115
संजीवन,82
शिवमय,132
समझदार,22
कफन,112
कलुआ,196
सुबूतों,173
टहनी,16
खरोंच,159
जन्मों,91
जिन्दा,22
सर्वमान्य,149
चादरें,104
केन्द्रित,162
शंखधार,121
पहुँची,74
तमाचा,187
वफादार,90
वधु,108
फिरता,47
इश्तेहार,151
अपराजिता,79
निर्मलता,121
शीशों,79
छात्रहित,75
सम्बन्धी,118
कांगड़ा,88
पीटे,193
रेंगी,108
ओरियंटल,101
परित्याग,189
लटकाए,169
मसानी,40
बहुमंजिली,79
कमाना,118
दानवीर,86
सहकर्मी,101
अर्धसैनिक,166
स्वीकारोक्ति,4
ऑल्टो,120
विकृत,12
आड़े,7
बेमिसाल,175
फलाहार,67
रतजगा,112
पहरेदारी,67
ओली,86
सुपुत्र,86
निपटना,85
खड्डों,123
पडा,188
पर्वतारोहण,88
जोताई,95
लौटाई,2
देशद्रोही,193
चोखा,137
पंजे,16
रहस्यमयी,117
अनुपूरक,59
आयुक्तों,66
रिवाजों,29
शरणार्थी,90
जन्मी,148
ठुमके,115
ग्रामपंचायत,120
गृहों,66
अर्दली,73
सदस्यगण,31
पिंडदान,77
संपुष्टि,153
थाल,183
दाहिनी,1
फिदा,20
झपकी,76
जुटती,88
जेवरों,17
रेललाइन,120
तुमने,25
नन्हा,105
उठवाने,112
गदर,193
मिलवाया,86
रहनुमा,22
अलंकृत,161
जागते,2
अफवाहें,146
दिलवाए,101
कतारे,58
झपटकर,142
परमाध्यक्ष,52
ओढ़,51
जुगलबंदी,125
लेटा,70
जाओगे,25
भवसागर,77
दंडनीय,87
पढ़ाएंगे,132
पकवानों,68
राजवंश,60
बजती,98
माडलिंग,75
अनुकरण,36
कटार,111
थपथपा,124
लगवाये,75
इन्दु,86
मुहैय्या,176
चढ़ना,81
ऋषियों,89
झोंका,47
मुखबिरों,119
मिटाकर,154
सांपों,179
उतरीं,69
दर्शनीय,161
उपकुलपति,86
वास्तु,161
अम्बा,192
जलस्रोत,123
ढीला,114
शिरोमणी,193
वादिनी,108
गैरहाजिरी,39
अनन्त,89
इतवार,133
खेतासराय,107
मक्खियों,114
जयमाला,52
दमनकारी,83
झाला,26
पिछड़े,129
समंवयक,75
दानों,37
संघर्षपूर्ण,187
हारा,188
गतिमान,138
लिखवाने,7
परमपिता,51
दीप्ती,43
मूर्तरूप,67
स्टेडियमों,93
साढ़ू,26
बेडों,122
पिचकारियों,136
प्राधिकृत,170
सीम,70
सीखेंगे,139
कार्याधिकारी,156
त्रिलोकपुरी,147
भाषणों,83
खोलेगी,35
सारंग,44
छोड़ी,46
जगे,111
निकालेगी,70
प्रान्तीय,127
कोठा,178
लिखवाया,72
दर्शनशास्त्र,189
गोधन,77
फिटर,147
संतो,194
तैराक,93
कमाते,40
चूने,8
निकुंज,194
धमकियों,166
घुटना,159
रस्में,82
कुरीतियां,124
कुचक्र,173
डरी,115
कांजी,68
सटोरियों,115
प्रचुर,37
सिनेमाघरों,34
गगनभेदी,103
लोकसेवा,118
रेहड़ी,187
जयंति,86
सामरिक,65
सोचें,76
पहचानते,134
कुशाग्र,56
गिनाया,94
अध्यनरत,155
पात्रो,79
कब्जाया,127
विंध्य,184
बैर,187
घुमंतू,164
महासमिति,31
क्षेत्राधिकार,92
चेतक,147
हुस्न,47
हीमोग्लोबिन,159
दबाना,2
गुंडई,71
लम्बा,184
मोटापे,5
रिक्तियां,144
झगड़े,126
चौकीदारी,196
रूस्तम,169
सहिष्णुता,189
टकराते,98
निबटाने,111
अंगवस्त्र,156
सजाएं,187
अक्षुण्ण,189
झिझक,115
करनेवाली,55
मिलाई,195
वाचस्पति,11
भ्रमणशील,43
टूटना,31
निन्दा,50
सिखाएंगे,151
जाऐंगे,47
समूल,94
असावधानी,185
मसालों,68
फैलाव,37
नत्थी,106
ऋषिकुल,43
असंख्य,149
लालायित,9
सरलीकरण,144
तनदेही,103
करोगे,25
रचनाकार,152
बलपूर्वक,188
बैठेगी,173
पाटनी,120
फूटे,173
चिपकाया,98
उदयशंकर,124
देगें,22
पहुंचायी,82
छत्र,15
ईनामी,61
तत्क्षण,40
उपराष्ट्रपति,96
बनायें,175
व्यायामशाला,93
परदेसी,176
गुजारे,122
भटकती,26
सौन्दर्यीकरण,111
उगे,105
बिखराव,190
ढूंढना,85
धुरंधर,86
प्रबुद्धजनों,54
मैथ्स,119
सिक्ख,63
कलापों,18
इल्जाम,130
कांपते,107
कताई,95
चिर,91
जमीला,111
दोहपर,20
बायीं,16
ग्लैमर,101
घपलेबाजी,115
मुक्तिधाम,73
चटनी,68
शरणार्थियों,188
शाकाहार,61
व्याकरण,149
लतिका,64
गुंबद,161
औषधियों,5
सिरफिरे,194
नौवां,174
सीखते,176
यजमानों,182
अखण्ड,77
वर्णनीय,9
तोपखाना,188
नवग्रह,77
क्रेता,170
आविष्कार,162
बीमारों,185
अलाप,169
भर्तियों,139
खिलाड़ियों,180
संतोषप्रद,118
बहाई,15
जनजातियों,158
हिन्दु,80
गाइडों,99
संपादकीय,84
विच्छेद,100
अधिष्ठापन,85
काफूर,176
इस्तकबाल,139
वर्तिका,131
बीतता,111
हिंदुत्व,51
फरमा,22
मिलीग्राम,195
अजीबोगरीब,115
दौरों,116
दुधारु,95
माहिरों,24
स्नानार्थियों,120
सामुहिक,168
आजमाया,105
इंसानी,173
कुंडे,178
कोटेशन,144
बहुआयामी,54
मेंं,9
उठापटक,51
बरगलाने,31
दाद,47
दूजे,86
ट्राइसाइकिल,31
तर्को,197
आलेख,32
बेदम,85
जाग्रत,113
भक्तिरस,94
वचनों,89
बुराइयां,175
ताता,69
रामदुलारी,86
कुटाई,67
साहूकारों,99
छुटटी,137
सिनेमाघर,88
छोले,132
झुमका,196
लंगूर,179
गुनी,195
कराएंगी,99
आयें,76
कोमा,16
कमाकर,99
आनेवाली,55
आयेाजन,137
पायेगी,64
गुजरेगी,38
रंगी,164
उतारेगी,101
श्वान,128
रोकेंगे,185
सुनामी,65
गोसदन,147
गाढ़ा,172
कार्यसाधक,40
पत्तन,62
स्वास्थय,99
हाशिए,101
नशापान,102
नीलमणि,79
पचा,169
सराही,86
खिड़की,191
भस्म,91
तेरहवें,174
खंती,78
खयानत,56
आर्दश,28
कंप्यूटरों,141
कांटों,164
वसूलता,132
बैटरियां,181
महानदी,184
लांघ,124
उड़ाया,126
फूलो,191
कूदा,78
वर्गीकरण,138
भूभाग,15
उलझने,168
पुष्पक,79
तैरता,145
उद्घोषणा,66
गिरजाघर,29
सहेज,153
अनुशंसित,85
पारितोष,122
प्रतिष्ठापित,77
उम्रदराज,69
माडलों,144
सरगम,125
करिए,9
विधाता,91
रहस्यों,113
लपेटे,47
झलकती,103
बदइंतजामी,124
अथाह,123
यात्राएं,54
दागदार,173
किशोरियां,102
अंदरुनी,160
सर्वानंद,57
ललकार,81
जगाना,107
पड़ेगी,154
सौपेंगे,71
अविस्मरणीय,11
दालें,68
टोकने,132
मौजे,24
परिपथ,138
भूमाफियाओं,18
ढोंग,24
बुलंदी,57
नोटीफिकेशन,193
नाचन,194
गणमान्यों,127
फंसना,43
औंधे,47
साझे,54
बच्चेदानी,159
फूलबाग,88
अमृतवाणी,122
जलस्रोतों,123
जीतते,93
बहाते,53
काउंटिंग,165
जनसमर्थन,190
उत्तरपुस्तिका,128
काण्ड,150
चमकने,124
निष्ठापूर्वक,185
स्वायत्त,158
मैली,39
सृजनात्मक,113
प्यासी,124
बंदिश,178
छिनने,151
फिरते,47
फंडा,120
फाल्गुनी,56
प्राथमिकताएं,31
उपसमिति,118
बरई,120
मर्म,113
पुरुषोतम,86
चमकाया,120
बुलानी,197
बूंदों,159
तलवारबाजी,128
तामझाम,173
झाड़ू,117
खिंचवाने,98
तीर्थयात्री,21
योजनान्तर्गत,118
शिक्षार्थियों,118
नुकसानदेह,195
बेमतलब,64
त्रिदिवसीय,190
चमके,39
प्रवर्तक,89
गत्ता,109
सौंपेगा,71
समझनी,173
तलाशना,156
प्रशासकीय,158
दिग्भ्रमित,194
बदलावों,144
देशभक्तों,83
द्वापर,150
सिखाते,7
बंदरगाह,3
विनम्रता,171
तर्कशील,175
स्पंज,172
सेंकने,95
अपंगता,59
भिड़े,22
कटेहरी,120
झाकियां,175
पेटिका,155
सूनसान,78
स्त्रियों,55
स्कैनर,141
बर्बर,188
बहानेबाजी,124
कास्मेटिक,121
सेवाभाव,99
सलाना,58
मौजी,124
मांगती,58
गुफ्तगू,47
निर्वाहन,24
लज्जा,42
खोजना,76
रिक्शों,44
गमलों,95
काबिलियत,193
गमन,91
सर्वस्व,113
जनसंचार,54
कंपन,138
रहनुमाई,176
बरसती,7
खीरों,122
दीर्घ,149
ईरा,119
जुड़ने,153
निशानेबाज,93
रजिस्टरों,59
दार्शनिक,152
लौटेगी,27
व्यंग,125
चिह्नीकरण,144
हाजियों,176
अज्ञान,50
तुष्टिकरण,27
ब्रह्मांड,10
सुधारना,197
मानसूनी,123
बंकर,18
निबटा,105
वज्र,77
टेलीकाम,133
अनेकता,113
थिरक,178
छीनाझपटी,107
मनोरथ,77
टिकाऊ,33
सहदेई,57
भूलने,176
डलवाकर,164
पर्वतारोही,65
पीड़िता,115
फिजूलखर्ची,193
कालरात्रि,77
गतिविधिया,109
थरूर,86
कोसने,112
ताई,120
सैंया,117
लौंग,68
गमछे,155
पूजनीय,77
रेडिमेड,183
लादे,47
संप्रदायों,29
संवर,9
कमानी,145
डेरों,165
यशस्वी,150
भिखारियों,56
मखाना,38
चतुर,113
छत्रछाया,190
प्रश्नचिह्न,139
लिपटे,81
सुविधायें,144
रॉयल्टी,140
विरोधाभास,12
शाबाशी,64
पढ़ाती,168
मुलतानी,82
गुदगुदाया,102
चन्द्रमा,10
खैनी,169
भोट,120
इन्ही,80
वेंटिलेटर,197
मोरनी,88
जनशिकायत,151
गाती,125
बजाना,32
नारंगी,37
पिछडे़,197
भागता,76
अकुशल,69
मिलाजुला,119
फ्लॉप,101
यातना,55
प्रतिकार,50
लैंगिक,5
सनम,148
द्रोण,150
घुसपैठियों,166
मटके,178
धर्मसभा,72
उतरती,15
कांवड़,120
कार्यकलापों,198
छकाया,194
असहमति,13
ग्रहों,10
गुटबंदी,168
दायक,35
स्कैनिंग,153
कुरीति,168
फिक्रमंद,111
उभरने,175
सामान्यत,138
अमूल,18
कटती,124
जंघई,139
झोक,47
लड़का,126
अपमानजनक,100
पेचीदा,187
भेजती,136
संजोने,115
टोना,20
नवां,111
मुरझा,142
चेरीटेबल,39
महिलाए,20
घूमना,81
सजन,122
अनुशासनिक,66
छुरी,47
आंतकी,188
पिराई,61
हतोत्साहित,166
स्मृतिचिह्न,182
क्लासिक,34
ओलों,123
मुसलिम,29
मुल्जिम,71
आगंतुक,49
द्रव्य,138
धर्मस्थल,26
प्रारुप,18
बैठें,47
बरता,99
खुमार,58
जाफरपुर,155
गरजा,58
अंध,127
झूमर,125
रेलमंडल,133
बायें,70
अनायास,113
दिखाएगी,190
स्टीमर,72
पुरुषार्थ,89
कालांतर,80
गुमनाम,153
निर्देशिका,153
आरामदायक,191
दोहराने,85
प्रथमदृष्टया,85
फलफूल,182
हौसलों,102
सूफियाना,136
मंगलाचरण,91
मंहगे,99
दक्षिणांचल,35
टिकटें,101
वरियाम,139
चाहेगा,134
बांटेंगे,173
रूकवा,28
तानकर,64
खाट,69
रंगरोगन,195
सेहतमंद,168
खिदमत,107
ज्ञानदीप,79
तंद्रा,105
घुमा,98
उपादान,149
कहार,137
अंकुरित,195
मध्यमवर्गीय,197
नक्शों,10
नौकरशाह,51
ठहरी,71
घूंसों,107
स्वयंसेविकाओं,75
पितृपक्ष,77
उत्सर्जन,172
ढहाया,197
अपशब्दों,136
मुहुर्त,194
सहकर्मियों,43
अनुपालना,59
आपूर्तिकर्ता,140
धीमे,159
बैंडबाजे,173
कव्वालों,130
आगणन,169
झपटने,131
अबला,171
रक्तस्राव,5
चीकू,95
बेईमानी,176
ढिंढोरा,76
विदुषी,26
खरीदता,140
जेवरातों,64
निर्दोषों,103
परिजनो,103
गुल्लक,124
पडे़गी,137
पौधशाला,147
होशियारी,157
वजहों,24
कार्यदिवस,85
शक्कर,68
अनुत्तीर्ण,56
लेटी,44
संयमित,85
नागपंचमी,77
संयोजकों,82
खानदान,192
हीरोइन,173
लुटा,136
सिखाना,56
इच्छानुसार,66
सबर,79
सरोवरों,123
भारतवर्ष,80
आत्माओं,89
उतरवाया,67
परिसंपत्तियों,170
गृहविज्ञान,139
शयनयान,20
बिमारियों,159
गुर्दा,159
गोमुख,88
बहुउद्देश्यीय,18
दयावती,156
जयपुरिया,86
मोटाई,145
मार्कण्डेय,150
हंसाया,103
अफगान,60
बालकनी,111
मोरों,9
रुद्राक्ष,79
राष्ट्रभक्ति,31
चुंगल,147
देवोत्थान,57
त्यागकर,42
तापीय,172
खोट,17
जुटें,61
बुना,49
बेलन,145
भर्तियां,102
क्लेरिकल,118
बिखेरने,132
कर्तव्यनिष्ठा,26
परिव्यय,118
डूबता,199
छक्कों,93
अंकन,149
निराली,182
तालों,164
कवयित्री,11
लखपति,120
जांचें,153
नागिन,26
अशुद्ध,107
प्रयोगों,12
दोहा,11
मर्यादाओं,50
यमन,3
मानवी,12
नायकों,192
पंजीरी,57
गरमाने,160
सहभोज,108
योगीराज,18
चढ़ती,47
रुलाया,78
कारिंदों,112
समझाए,82
जीतेगा,124
भाऊ,192
उपप्राचार्य,133
कृतसंकल्प,166
कुलियों,109
बरसते,47
विनम्र,110
मंत्रालयों,92
हथकंडा,107
बांधना,178
कोठियों,98
वीरानी,130
ताउम्र,130
विपदा,111
प्रबन्धन,30
लाठ,156
अमीना,175
परतें,145
संभलकर,175
बैरल,181
पूछता,154
घूंसे,165
पिलाते,47
संस्कृतियों,80
उलटी,81
कलंदर,76
कटोरी,104
अग्र,145
मृत्युदर,159
राजबाग,38
गिरेबान,40
जमींदारी,51
कालेधन,101
लहुलुहान,112
पुनरुद्धार,54
ठेल,70
मानदंड,198
फिजूल,31
रोषपूर्ण,118
भौंरा,112
निरर्थक,50
जमना,168
बेवफाई,193
श्वांस,159
पूंछ,16
राष्ट्रविरोधी,193
मंजी,190
सम्भावना,185
निखर,7
साहूकार,18
दिव्यानंद,196
कॉज,18
खिलाफत,188
अंधता,159
इत्तेफाक,58
ध्यानाकर्षण,147
तिकोना,105
समझेंगे,2
जोड़कर,10
नजरिये,51
पैगम्बर,29
असामान्य,5
खटास,151
बिताना,24
लोभियों,142
उड़ाने,46
बुद्धू,156
बिहारियों,175
खपाने,59
अमीरी,111
पलटे,47
न्यायसंगत,50
बढ़ाएगा,142
जांचों,85
दिलाती,111
टीशर्ट,93
खेमों,103
पारम्परिक,80
शावकों,179
बेबाक,182
वाशिंदे,107
संतानों,110
सिखाएगी,130
बहुएं,58
दयालु,42
भरनी,7
महामृत्युंजय,91
निपटाकर,151
बाजना,155
विधायिका,96
फालतू,103
पिंक,49
डाकखाने,156
परिवारजनों,72
सत्संगी,38
आदमखोर,28
अविरलता,57
बुलवाकर,187
सखा,77
गुंडे,148
निद्रा,55
चौड़ीकरण,133
योग्यताधारी,71
खोजे,10
जमाखोरी,2
आत्मनिर्भरता,54
संवेदनाओं,113
पीड़ा,159
उत्तरीय,102
विभिन्नता,138
प्रेरणास्त्रोत,73
क्षरण,95
क्रियात्मक,12
बंधाते,73
शायरा,31
अप्रेल,101
बॉक्साइट,8
अभि,72
कूदी,112
मध्यस्थ,41
शालिग्राम,77
खेलो,93
पायजामा,69
पिलायी,142
घड़ी,48
तरकीब,47
आंतक,166
लेखाजोखा,59
लोभी,2
ढोकर,185
रफादफा,136
छमाही,181
छात्रो,58
मुझको,81
सुलझी,132
सोफा,39
चौपाई,77
बिकते,160
प्रसिद्धि,152
लेमन,137
प्रसादी,67
उपचारित,172
प्रतियोगता,82
पीटता,2
कटते,178
चरखा,56
अल्कोहल,5
इमारती,8
झीलों,184
सुधरेगा,121
उड़ाए,47
नर्सरियों,58
बैंको,140
घूमा,53
निपटे,99
टायफाइड,61
भोगता,9
शिल्पकारों,67
सुचेता,86
स्ववित्तपोषित,56
रिएक्शन,160
नर्क,173
संचिकाओं,141
चिपकाने,195
प्रतीक्षारत,153
ओजस्वी,113
खुशाल,73
निभाएगा,175
उतारु,130
दूरदर्शी,10
टिक्का,63
रघुपति,26
चिपकाए,98
पंहुचे,99
खुलवाना,98
इंटर्नशिप,18
अक्षमता,41
गंधर्व,9
मेलजोल,51
मिठाईयों,164
कलेजे,47
खूबियों,7
वर्षभर,123
कुलपतियों,54
मिस्त्रियों,67
पूर्णरूप,185
करदाताओं,85
अभिनन्दन,86
रिकार्डिंग,153
चूहा,117
उपवन,88
निगाहों,40
प्ररेणा,106
निशक्त,31
मापने,138
मानेंगे,40
रामचरितमानस,150
धुंए,160
खोखो,106
ट्रॉलियों,178
चौंकी,156
विश्वंभर,86
अचरज,147
परिसंघ,158
क्रोधित,42
सुघर,182
आयेाजित,44
फागुन,194
सहोदर,137
इंकलाब,193
एलीमेंटरी,35
लाभांश,170
महाअभियान,57
सर्वसम्मत,27
तपोभूमि,182
बढ़ाएगी,118
डब्बा,64
बंजारी,119
श्रेष्ठता,55
थरथरी,61
साड़ी,49
आइडियल,75
बेबाकी,2
दिल्लीवासियों,151
मुचलका,99
उत्प्रेरण,195
जीतेंगे,57
धनबल,175
समोसा,38
उबले,68
स्वास्तिक,79
ऑक्सफोर्ड,0
कुहासे,130
सज्जनों,136
उदार,100
कार्यकुशलता,118
विदारक,178
युगेश्वर,57
बेनामी,153
अटरिया,139
दण्ड,50
कार्यपरिषद,35
किरकिरा,79
बेहिसाब,134
पंचतत्व,26
उलंघन,99
बचाता,114
विखंडन,181
रुपरेखा,132
अतुलनीय,113
चारदिवारी,78
कलशों,79
औद्यानिक,169
हिस्सेदार,176
जनसभाएं,79
अस्थिर,172
थैलियों,195
सकतीं,14
सुमधुर,94
कल्पवास,26
सुरक्षाबल,72
घोंपकर,108
दिलाएगा,73
छिपने,81
रेलयात्रियों,195
रंगने,160
ज्योतिषी,91
उज्ज्वला,67
पहनावे,125
डोरे,185
उबल,47
कटवाकर,128
जातियां,95
कुन्तल,108
समझाई,7
चंडिका,26
चबाने,159
धौला,79
जुम्मा,26
पारो,58
धोएं,195
सफेदा,183
हराभरा,15
हिंदूवादी,111
परलोक,55
पुनर्वासित,111
लिखाया,139
याचिकाएं,118
वृज,136
सेनाध्यक्ष,90
जनक्रांति,128
शीतकाल,177
आशंकाओं,43
स्फूर्ति,113
श्यामसुन्दर,94
लहलहाती,47
प्रेमदास,193
लंढौरा,20
कटेगी,102
पंचामृत,70
बमों,65
कृत्यों,92
भाईजान,155
उदारता,50
निकलवाए,58
सरांय,38
किलकारी,142
घिनौना,175
कामनाएं,132
निर्बल,55
पनपता,61
कराहते,164
अधिभार,66
गुझिया,38
इशिका,102
तूने,25
हस्ती,126
मिन्नत,121
छलने,85
दीयों,26
मंसूबा,115
कार्यमंत्री,197
होड़,110
समावेशन,198
विरुद्घ,187
दृढ़ता,50
ट्रेने,26
भुक्तभोगियों,57
जिन्न,40
सामयिक,36
देखनी,194
नाद,91
जनाजा,31
त्रिलोकीनाथ,79
कराओ,47
पाठों,94
गरबा,125
दस्ताने,191
मारती,117
बाबूजी,56
सप्तक्रांति,173
अन्तरराष्ट्रीय,158
घुमने,35
दांपत्य,99
बिताई,193
कर्मयोगी,113
छठीं,9
जन्मस्थान,80
उपहारों,99
रचनात्मकता,110
करतूतों,134
फलदायी,77
महाशक्ति,166
धर्मावलंबी,29
छारा,58
अव्यवहारिक,118
गंवाए,78
बंबे,125
तलाशे,156
अभिरुचि,189
प्रेरणादायी,9
हटाएं,153
इच्छाओं,55
ओढ़ा,109
बचायी,136
सुगंधा,35
अर्थदण्ड,118
बीड़ी,95
पांडियन,182
मापक,138
संघचालक,72
बनिया,26
उपजी,51
मजलूमों,151
रोकता,114
संस्तुतियों,118
लगवाते,108
निरन्तर,14
जासूस,126
फासले,124
तात्पर्य,149
भैयादूज,56
धर्मनिरपेक्षता,51
देखीं,7
पर्यावरणविद,120
पत्तल,142
प्रगाढ़,189
जमाई,26
गर्भधारण,5
भूलवश,190
पूर्णता,149
चक्रवात,65
कसता,132
तैरते,37
शख्सियतों,31
यौवन,113
विभव,138
चिन्हीकरण,57
शोधकर्ताओं,163
सौंधी,147
जिंदगियां,197
बैठाई,169
सींग,179
सरक,70
तेजवंत,122
ईंटें,8
सुकांत,182
संबंधितों,118
काना,78
गाउन,49
निशि,182
इनमे,162
तापते,58
सन्यासी,77
बहाए,47
पुश्ता,164
भीगते,137
पत्रिकाओं,84
साढ़,108
रणक्षेत्र,188
भिन्नता,12
प्रवेशद्वार,161
परिलक्षित,36
तुरहा,70
छाते,147
उपासक,89
हुलास,70
शीरा,47
कप्तानों,93
घुट,47
कुर्ते,81
सदाबहार,97
गूंगी,169
सांध्यकालीन,132
टहनियों,104
सुरीली,121
उपमंत्री,168
बचाओं,122
अधिष्ठान,79
हिन्दुस्तानी,182
गंभीरतापूर्वक,4
चढ़ाना,38
कम्यूनिस्ट,166
गुप्तांग,70
तारिणी,79
नियमानुकूल,99
नाटककार,152
होतीं,138
निवारक,41
बूंदी,192
ऊंटों,82
धर्मांतरण,51
नूपुर,28
नेतागण,112
मोबाइलों,119
वंचितों,118
अंतर्राज्यीय,118
छिपकली,179
कमलापति,192
यत्न,50
लिखापढ़ी,100
हंसने,2
पदमश्री,75
पैरोकार,7
उगने,97
राममंदिर,88
लौटीं,136
पटकनी,122
हांफ,199
अकूत,173
रखो,25
पचपन,122
गामी,82
बिग्रेडियर,133
पिंजरा,130
जादुई,117
अलंकार,89
अप्रवासी,101
जताकर,69
चेष्टा,50
संपन्नता,57
सूदखोरों,199
शाकिब,35
भगदड़,188
चिंताएं,144
बट्टा,59
दुष्परिणामों,175
दिखाएगा,154
मुद्रिका,79
भाइचारे,26
सवैया,182
तारामंडल,10
खोलें,153
फलीभूत,185
पलटकर,40
उलझकर,111
पूंजीपति,99
प्रदर्शक,153
झिलमिल,58
लिटा,142
बोलचाल,80
तिरछी,145
अर्धनग्न,119
बिछने,199
जूझता,164
जगराज,31
हमार,7
दरियादिली,190
अवैधानिक,166
बैठीं,107
भरावन,160
वाल्मीकी,125
भरपेट,112
डिलिवरी,101
कारे,133
अंगवस्त्रम,26
छापेमार,187
प्रारम्भिक,80
कमाए,100
संधारित,23
डाकिया,76
उलटफेर,40
कठिनाइयां,113
खारे,177
कोकिला,86
बीसीसी,153
औरतें,22
भटका,134
भूसी,95
संगमरमर,161
हिरणों,179
लहरें,1
खमियाजा,196
खोये,112
खुलीं,23
गिरजाघरों,29
मनगढ़ंत,115
टंगा,24
विषमता,14
चटकी,79
बिरहा,125
कसकर,160
लिपटी,183
लुढ़का,160
राकेट,65
निरीह,111
योनि,5
समाया,106
मुंडारी,182
अजान,88
गैसों,172
कल्याणार्थ,77
ऐश्वर्य,89
मुर्गियों,105
समाजसेविका,119
छटपटा,28
छतें,104
वंदेमातरम,115
संघीय,96
युक्ति,98
तनावमुक्त,27
बक्श,192
टाफी,194
अनादि,89
कनिष्क,192
दौड़ा,112
समोसे,156
पंजोखरा,119
संदर्भित,163
बाढ़ग्रस्त,123
क्षमताओं,198
पगडंडियों,123
जनमुक्ति,190
गुमनामी,111
शोधपत्र,162
उतरवाने,136
नवाया,58
बेशुमार,47
औजारों,8
सूखते,109
ओहदे,193
शालीन,51
दुर्घटनास्थल,98
चुस्ती,35
टेरी,0
मूल्याकंन,118
कृपया,153
मिन्नतें,27
डिब्बी,124
कढ़ी,195
हर्षदेव,182
हरिकीर्तन,130
उत्पाती,132
परदे,114
पुष्पगुच्छ,95
सत्कर्म,171
जरुरतमंद,73
मुआयने,131
नंगी,16
भगाओ,103
तोप,191
लाजवाब,136
रूहानी,176
चिंतनीय,31
कारो,17
निहायत,22
टंगे,157
तमगा,119
हाशिये,51
विजिटर,121
चेकबुक,132
बेचनी,136
इंजनों,181
पहुंचेगे,67
तैरने,16
उठवाया,61
देवशरण,119
महात्म्य,77
पककर,105
सम्बोधन,44
मनचाहा,147
प्रेमवीर,190
आंकडे़,190
सुखों,91
घनघोर,194
शरणम,197
अनुशरण,9
करेंगें,134
देवालय,77
रॉकेट,65
कसमें,47
झपटा,69
तलवारें,169
कारज,122
पेटेंट,141
भूचाल,47
कार्यकलाप,198
हमसफर,20
इत्तफाकिया,122
अपवाद,41
दुनी,43
विजयश्री,188
जंजीरों,112
कोण,145
भौचक,57
असाधारण,152
फैंक,196
अवांछित,12
कुचलते,107
वैसाखी,120
अम्पायर,93
कुपवाड़ा,24
कलयुगी,157
रहनेवाली,55
वारे,173
लेप,172
सुशिक्षित,187
जर्जरता,27
दहाई,7
गीले,195
कटवाया,124
भिड़,7
असंतोषजनक,43
देखेगी,17
मुखौटा,49
कलेंडर,38
थमे,165
अंगिका,182
देवियों,77
जगने,132
स्वरूपा,77
शुभचिंतकों,124
कुकृत्य,130
चप्पलें,38
आपदाग्रस्त,112
अनियोजित,85
त्रेता,91
पुस्तकालयों,54
जैनेंद्र,86
कंपकंपी,159
मजनू,102
मानदंडों,198
बहाकर,123
गोधाम,109
सतनारायण,72
प्रदर्श,153
दीवानों,120
धवल,79
खरीखोटी,196
शामलात,107
अंगूठियां,178
छिपाया,2
अमोनिया,172
चप्पलों,39
विभू,57
निहारते,157
खुलेंगी,175
युवको,130
संवेदनाएं,28
गुजरेगा,18
इजाद,132
जन्में,148
किस्सा,176
सहते,57
सीबीसीएस,18
राज्यस्तर,120
ठिठुरने,28
फॉर्मूले,195
तीर्थराज,77
दिलेरी,199
बुझी,185
बहरी,98
सदस्यो,101
बिगड़ी,131
उलटे,81
किलों,161
रिश्तेदारियों,169
द्वितीया,21
गुनहगार,40
सताती,103
प्रपंच,113
आदम,25
बंदों,58
ब्योरे,18
शासकों,60
नापने,138
सुनती,44
लेटकर,191
बेकरार,56
मानवरहित,65
खुरपका,2
अबूझ,51
गत्ते,160
बेहिचक,168
सलाहाकार,101
प्रशान्त,3
झरने,184
पातीं,105
खलनायक,34
फिनाले,101
पांडु,91
पाईं,27
विवाहोत्सव,108
गिरेगा,69
रक्तरंजित,188
शौहर,134
तंदरुस्त,73
खटखटा,99
जगदम्बिका,121
भीगे,195
मरना,25
कौटिल्य,149
रसीदें,85
गुने,128
कर्मियो,39
जन्मजात,5
यज्ञोपवीत,91
फूटने,183
दीवानगी,47
जिहाद,134
संरचनाओं,163
साइफन,98
अंधापन,159
समेटकर,40
स्थिती,116
राजसी,192
भटकाव,111
सावरकर,83
विर्मश,169
घटाव,98
ठण्ड,123
खार,38
मीन,10
उभरती,198
शिवम्,122
चौड़ा,184
मुफलिसी,134
भ्रांतियां,190
सेवाकर,118
सेनाओं,90
बताईं,107
मर्द,22
पॉलिथीन,67
सूदखोर,73
चटका,160
सजधज,194
गुब्बारों,160
स्वयंभू,150
अशुभ,55
दागने,191
एकबारगी,47
कार्यक्षमता,163
क्षेत्रो,99
वर्तन,85
प्रतियों,101
निरपेक्ष,149
जमावड़ा,88
चाव,125
आवेदनकर्ताओं,155
ग्वाला,196
पितामह,150
समाजसेवक,56
देशप्रेम,189
पहुंचाएगी,199
बीतते,28
बिल्डिंगों,105
दादू,9
मंत्रिपरिषद,92
गेहूँ,68
सजना,182
पढ़ाकर,187
सदाकत,26
राजतिलक,192
तदोपरांत,52
जहान,22
पायलटों,65
डॉक्यूमेंट्री,101
समाए,57
बटों,151
प्रयोजन,170
चिल्लाना,20
प्रियव्रत,132
आकांक्षाओं,189
मुवक्किल,24
नृपेंद्र,157
पाँच,174
कुप्रथा,56
सीरत,9
देवस्थान,171
कत्लेआम,188
मोतीचूर,95
मिटाया,153
सर्जनों,43
छन्ना,112
अतंर्गत,38
मालियों,38
सटकर,130
थोपने,51
बताएगी,132
कंपा,67
संबन्धित,144
तृप्त,91
रूबीना,18
स्वीकार्य,41
गिनी,3
योद्धाओं,60
सबंधित,85
ज्ञानवर्धक,139
मंडराता,79
शयन,77
दिशानिर्देशों,170
रंगबिरंगी,49
वित्तरहित,31
चिन्हांकन,18
सतयुग,91
वेतनवृद्धि,43
संवदेनशील,196
थोपे,7
जमानतीय,197
पूंजीवादी,13
घुटन,185
उतराता,199
फतवा,51
गढ्ढे,157
तोरणद्वार,132
नबाव,192
मंडियां,165
शोषितों,51
मनुहार,102
फेरों,120
पेठा,38
दखलंदाजी,187
धकेलने,109
देवालयों,77
व्यवसायीकरण,144
गणेशोत्सव,120
चुस्की,178
योगगुरु,155
बांधते,109
ताजे,97
टैक्सियां,62
अनसुलझे,107
रामायणी,9
दासी,42
लौटेगा,2
थके,103
टहनियां,95
साजिशकर्ता,188
कितनों,2
सेबी,59
टकराए,191
बला,22
पट्टियां,160
फलां,18
छटनी,175
जरुरतमंदों,133
मिलाए,97
प्रहरियों,40
रचते,171
वफादारी,166
ढेला,79
हलवाइयों,199
झाड़,185
करायेगा,190
बंधों,195
रचयिता,89
पंहुच,168
आत्मप्रकाश,199
खाताधारी,85
अधिगृहित,118
विभूषित,11
अंगीठी,128
भूगर्भीय,123
गिनाने,164
खलती,112
ऋणों,170
डालेगा,81
तलाकशुदा,101
प्रत्यूष,112
देनेवाले,55
ताव,47
लटकाकर,147
नीतिया,119
कछुओं,179
विकृति,12
स्थानातरण,28
आदमियों,22
विशुद्ध,55
पूर्वाहन,147
घेरेंगे,137
गन्दगी,81
भ्रांतियों,24
बूढ़ों,142
डायलॉग,115
घूरा,61
जिज्ञासु,113
प्रभुनारायण,86
वजनी,28
भण्डारे,52
दादागिरी,20
विजयदशमी,26
जनाजे,132
स्मृतियों,89
दुरंतो,139
पदचिन्हों,40
पहाड़ों,46
अधीक्षिका,107
टरबाइन,181
खूबियां,120
दुर्भावना,175
रक्षामंत्री,166
पुलिसवालों,122
सुधारे,56
भारोत्तोलन,93
यूनाईटेड,0
सूअरों,95
मॉड्यूल,153
बिखरने,117
बागची,86
एथलीटों,180
संकरे,145
महानता,42
गटक,128
पोत,181
वैशाख,21
सिद्धिदात्री,77
वामदलों,44
पोस्टआफिस,120
खामिया,101
फैलाएं,160
दिलवाना,175
थैलों,82
शांतिमय,99
कड़ाके,111
वाचनालय,94
निखरती,119
फॉर्मूला,93
जुलूसों,76
रंगकर्मियों,67
मकबरे,161
उन्नतशील,144
ठूंसकर,98
बेदखली,197
हटेगी,194
अम्बाला,192
विधिविधान,91
न्यारे,82
बैठाना,169
स्वाध्याय,89
फरमाइश,47
जनपथ,175
नेत्रहीनों,151
आध्यात्मिकता,113
वर्षापात,88
शहजादी,169
गोष्ठियां,118
गजक,182
विध्वंस,188
सरजमीं,102
पुर्ननिर्माण,133
मछुआरे,130
यथोचित,113
राजकोट,167
अगुवा,27
शंकाओं,66
धोया,70
मनू,105
भद्दा,98
मूत्रालय,131
थोपा,40
कृपालु,171
भाजी,132
मैत्रेय,77
सेवायत,194
उदारवादी,13
दिशाहीन,151
खोलता,153
फली,68
इंद्रियों,149
घूमी,199
ददरी,44
कब्ज,5
धब्बा,16
उतारें,67
सजती,164
कारीगरी,88
भैरवी,182
जोरी,169
पनपते,95
एकलौता,128
गौरवमयी,56
बदलवाया,79
मसरूर,102
डरकर,40
चूर्ण,172
गुंजा,105
बटवारे,119
लम्बाई,145
महंतों,75
अनन्य,189
जिंदगियों,156
बिजनेसमैन,101
संजो,20
असेंबली,96
झूलती,106
भरोसेमंद,153
पदमुक्त,166
सचित्र,94
गेस्टहाउस,72
पापी,42
माताजी,77
आत्मानंद,196
तने,37
विश्रामालय,99
गुजारते,20
छुड़ाने,81
बेझिझक,131
उबालकर,68
शब्दावली,162
कम्प्यूटरीकृत,59
निर्वाध,130
जेबकतरे,111
किफायती,33
धुंधली,117
मान्यवर,61
पशुपतिनाथ,26
सुधरेंगे,78
अरसा,17
अभिलाषी,44
पराक्रम,42
सांडों,142
निरजन,44
अयोजन,178
मूंछ,67
युनुस,176
रंगशाला,79
क्षेत्रांतर्गत,118
ढोते,183
नोबल,162
घटाया,59
दुल्हा,39
संवाहक,43
छूटते,7
परचा,155
बैठाते,121
अधिष्ठात्री,91
पहुचेंगे,2
नजमुल,119
वृत,123
पदचिह्नों,122
सहतवार,79
ठूस,56
इकाईयां,144
पीपे,195
धुआंधार,151
देवाल,120
बढ़वा,176
प्लाई,64
अचूक,113
सेंक,195
तौला,47
मनचाही,40
पंडिता,164
सूर्योपासना,77
राहे,22
जताए,136
टोपियां,49
प्रतिभागिता,118
नेताओ,51
पीया,58
बसाई,44
मंगलकामना,108
जटिया,56
महीन,8
जहन,31
बाड़ा,183
न्यारा,122
बेईमान,176
महापरिनिर्वाण,77
नुपूर,58
पढ़ो,134
रूची,27
रुपाली,79
पर्चो,20
उपनियंत्रक,79
सुमति,9
प्रचारिणी,11
स्थापन,66
बटाई,18
चारित्रिक,113
टकसाल,18
भटकाने,53
खिलाते,47
कुंद,105
मदारी,125
बेंचों,139
गुणी,113
गुलदस्ते,165
समन्वित,198
तसर,99
प्रेमानंद,26
खिंच,98
कशमकश,115
निर्जन,123
आमलोग,51
आदिनाथ,21
शत्रुधन,156
छिन्न,173
त्रिमूर्ति,77
प्रक्रियाएं,163
चक्रपाणि,108
झटक,69
निभाएगी,101
पिघल,123
नवाचार,198
कर्मठता,56
ट्राफिक,101
दर्शनी,156
सुझाया,154
कुक्कुट,129
फुफेरे,9
कहिए,76
उठो,47
पीताम्बर,26
खाये,61
लगायें,35
चुनते,153
कुवंर,106
सुधरा,169
मंजिले,79
कहो,25
लिखावट,79
याचिकाकर्ताओं,59
विषैला,172
पढ़ाता,171
कंजूसी,40
जन्तु,37
ताती,165
फीसों,66
बुद्धिराम,9
किलोलीटर,199
रुबरु,47
विडम्बना,112
कानी,39
देवयानी,26
उंगलियों,16
आवरण,172
चरवाहों,164
कानन,106
कृतज्ञता,40
अधिगम,4
सट्टेबाजों,165
अद्वैत,89
हालंाकि,196
हरख,178
चीरा,159
जताना,199
जीर्णशीर्ण,185
पादुका,108
तेइस,27
जेबों,44
झूलने,131
खिलाना,47
आवेदनपत्र,85
झंकार,98
टालते,165
मनाती,151
देखिये,112
जनसंघर्ष,51
उद्घोषित,72
डिजाइनों,181
सोसाईटी,31
पुर्नगठन,57
फुल्की,132
बगलामुखी,52
टलने,17
दखलअंदाजी,51
हरगिज,51
खोखली,160
लौहनगरी,44
डलिया,109
बेरहम,71
बंधने,28
झलकी,178
भूलें,76
मीठापुर,168
दायीं,145
खेमराज,182
कयासों,196
कपट,50
अपनायी,118
मंधना,73
तत्कालिक,175
दिवाना,38
सीलबंद,178
बुलाये,133
विजयगढ़,120
मस्तक,91
निराले,125
भोगना,56
मनाता,86
चादरों,104
नाको,175
निर्वासित,60
नर्तकी,148
बारूदी,191
प्रौद्योगिक,144
पुष्पों,37
निरंतरता,198
जड़ा,39
दुग्धाभिषेक,28
खूंटा,132
वर्ण,149
सन्यास,150
पुनर्मूल्यांकन,66
शोधकर्ता,162
तीर्थस्थल,21
कराहती,57
अफेयर,101
गिरनी,78
नोकझोक,44
परदा,81
अफगानी,188
घसीटकर,7
आतिफ,101
गुमसुम,71
सिवाए,176
पीरजादा,165
वफा,176
खिलाडिय़ों,38
नायिका,152
विकासखंडों,120
तांत्रिकों,77
बुत,22
शर्तें,170
हिमस्खलन,156
किरदारों,34
विघटन,12
नसों,5
सोयी,169
बनवाते,169
चक्रों,138
मिस्ड,132
उत्सवों,143
भेट,56
पैना,102
सगा,128
भतेरी,122
कमलाकर,108
भौंचक,169
पूर्णानंद,56
तार्किक,36
कुल्फी,95
चहक,93
खिलाए,199
कठायत,132
रजिस्ट्रियां,132
घेरते,123
अजंता,161
वशीभूत,55
पुस्तैनी,108
पूर्णचंद्र,111
हाकिमों,2
पावती,59
अखरोट,68
मारो,134
खच्चरों,23
टेपों,197
उपप्रधानाचार्य,137
फूलमालाएं,105
गिराना,128
छिपाए,48
आलोचक,152
दुखदायी,139
फलाफल,61
प्रतिद्वंद्वियों,93
डेरवा,120
दोषपूर्ण,41
चुकाया,18
नागार्जुन,11
डैनी,34
सोचती,103
उदारीकरण,30
धामों,21
झाडि़यों,131
आमीन,103
वीकेंड,101
मृग,179
संयोगवश,125
समाचारों,101
पुकारते,25
जहांआरा,115
तकादा,196
मारूफ,119
स्थगनादेश,43
छापर,26
लूटते,121
पटका,81
तानाबाना,9
जनतांत्रिक,96
अवैतनिक,118
सिखाये,173
धनौली,39
मकरंद,105
सारंगी,82
फहराएंगे,178
सरे,22
स्टूल,98
सजदा,25
रुकेंगे,156
चाहेगी,51
राजमा,68
विद्वेष,40
रूपेण,43
कव्वालियों,39
कसक,109
ओढ़े,125
नुस्खे,142
योजनायें,118
एकाग्र,55
सरीखा,58
परीचौक,119
झांककर,169
सुराही,142
पादुकोण,148
घनत्व,172
वारा,102
राजलक्ष्मी,86
बीजा,52
यांत्रिकीकरण,82
पाखंड,110
खेलेगी,93
हस्ताक्षरों,101
पके,68
पौष,21
पद्धतियों,36
आक्सफोर्ड,86
अगम,9
देवो,108
बिरयानी,38
पहनते,49
प्रोमोशन,93
बायपास,85
सिद्धपुर,26
जनसुविधाओं,190
अलंकरण,161
मंजूषा,77
छिटक,98
सुयोग्य,50
नानकी,26
वृतांत,108
यौगिक,172
अलताफ,137
निहत्थे,188
परंपराएं,52
आधारहीन,190
गलने,195
बिठाए,128
परखचे,103
सर्वथा,55
डोले,112
हस्तलिखित,152
इहलीला,194
गिनने,98
गरुड़,21
अधिकरियों,155
झेला,112
महारथी,108
कटुता,51
गुड़,68
घमंड,55
कैलाशी,82
उगलने,112
सुनाएंगे,132
तारीखें,102
जानेमाने,84
आयो,123
बौने,10
जांचकर्ता,101
संबंधन,153
अपनाये,51
गौण,149
शोरी,86
वनभूमि,122
बालियों,142
ईजाद,7
त्रयोदशी,21
हेलिकॉप्टर,65
निपटाना,18
बढ़ाव,168
कुम्हारों,75
हैलीकाप्टर,111
मुददे,4
झोंककर,197
पछतावा,40
छात्रायें,56
व्यसन,43
अहम्,51
दिली,22
अहंकारी,185
सबंधी,118
कुर्बानियां,151
मंजिलों,161
करायेगी,133
रामभक्त,77
कंडे,61
मावे,120
बतादें,71
सर्वाइकल,67
तुमको,22
जनभावनाओं,102
प्राधिकरणों,66
प्रणामी,56
सिद्धी,94
पृच्छा,59
अप्राप्त,190
नाहक,47
चिह्नों,138
सांसों,160
सहर्ष,72
केसाथ,82
फुर्ती,124
मानविकी,135
बंधुत्व,51
सुनीति,86
प्रबंधकारिणी,107
गौरक्षा,75
दुत्कार,197
अलकायदा,188
काटती,123
स्ववित्त,133
चुटकुले,101
आगबबूला,112
अगामी,44
तना,37
लहराए,190
आयातित,141
जीतो,26
घोलकर,195
शीतलहरी,123
दिलेर,176
कैलोरी,172
पिरोने,115
खरीदेंगे,61
सत्याग्रहियों,63
घोंपा,155
धनवान,171
मरता,91
टिप्पणियां,87
संगर,173
अगाध,113
पहचानना,12
अपरिचित,154
धकेला,137
इष्ट,91
दूकान,142
उछला,124
बेचें,196
आंवले,105
समुंद्र,123
अपनाएंगे,28
देही,22
गहराती,57
सहस्रधारा,128
लूंगी,71
आद्रता,95
पक्षपातपूर्ण,190
बजता,78
तूती,115
लीलाएं,77
दनादन,17
तख्तियों,47
मतभेदों,13
बिखेरेंगे,125
दमनात्मक,190
गुमानी,192
पिलानी,86
नैसर्गिक,113
उदभेदन,105
मुजरिम,176
सरंक्षक,130
पुनर्गठित,118
मूर्छित,77
रूठे,112
चलचित्र,34
श्लोकों,89
गफलत,24
अवेहलना,107
जयललिता,166
जलना,61
घिनौने,196
बिजी,93
मनबोध,20
जलाये,71
सुखाकर,68
सक्रांति,21
नामांतरण,128
प्रोडक्ट्स,140
अभयानंद,4
अलोकतांत्रिक,168
शुभांरभ,190
लेड,172
दम्पति,148
स्लेट,88
केमिकल्स,23
भट्टों,190
अड़े,47
चलवाया,63
शहजादे,53
निराई,95
सताए,47
ढहाए,175
गिरीराज,122
देवगण,91
जलवाए,64
रुकता,105
पदार्पण,34
पोलीथिन,191
ढाकी,164
रगों,28
चट्टानी,184
कतर,158
खूबी,176
विलोपित,153
नमस्ते,148
निहारने,109
खातेदार,59
बसते,46
टमटम,57
कसूरवार,169
इलायची,68
नंदादेवी,88
छिलका,97
स्वरचित,86
जूझती,73
सूरमा,20
डिग्रियों,4
अंडमान,3
रहूंगी,58
बैंकिग,118
आवश्यक्ता,128
पिटे,130
ढाया,134
हैें,182
उपमण्डल,133
भूखों,130
औकात,102
पुरुस्कार,86
क्यारी,95
चिट्ठा,94
बदनीयती,70
हुलिए,190
कुंडों,123
इनदिनों,43
निकालेगा,124
शिकवा,157
विधिपूर्वक,26
भांपकर,105
संकुचित,12
वनरक्षक,127
मैथिल,182
रिहायसी,52
पहरेदार,107
प्रदर्शनियों,54
विप्र,77
गाँधी,83
चेला,82
अंडों,37
सेवाभावी,178
भंडारित,153
आबंटित,170
मुक्केबाजों,93
वृष्टि,123
खुदवा,137
समझाबुझाकर,178
सुफल,194
घबराई,176
प्रोद्योगिकी,144
संजोया,147
बोलेंगे,2
हौजखास,123
निर्ममता,2
तबकों,118
राहें,47
अमादा,112
इतवारी,182
पुर्जा,85
डिजायन,144
ढाले,7
खिलाडी,180
हिली,39
बैलट,85
अब्दुस,122
वेश्यावृत्ति,99
गागर,125
मिलाना,195
आरे,169
बनायेंगे,130
कुल्हाड़ी,104
अछूती,7
बंधनमुक्त,156
मुकरने,43
पाटीदार,38
अनुजा,187
देखेगा,134
जीवात्मा,89
घिरने,128
अवांछनीय,12
घराना,125
जेबकतरों,169
जिज्ञासाओं,190
भाबर,123
हांडी,102
ध्वनिमत,166
घटनायें,188
पहलु,57
पनबिजली,129
कमलों,9
चरवाहे,53
मेढ़,132
थामी,28
आर्थोपेडिक,159
संताप,185
समभाव,77
चित्कार,155
मद्यपान,185
लहराकर,133
शेडों,120
मल्टीमीडिया,141
पहुंचाएगा,2
गंगेश्वरी,130
सडकों,62
मालन,71
पारकर,120
उन्ही,25
बेइज्जत,75
पर्सनेलिटी,197
गिनाए,108
चिन्मयानंद,196
स्वान,93
नवजातों,159
सींच,73
जिलावार,99
भेदभावपूर्ण,99
भीगा,195
रूधौली,120
निर्मोही,133
गुजरेंगे,64
ताकते,17
मामू,176
कूल्हे,159
पालते,107
स्वायत्तता,13
लपेटकर,16
उड़ाई,81
किसलय,178
प्रार्थियों,119
सिसक,112
पुनर्जीवन,197
बहसबाजी,147
ढालने,113
सिखाएं,43
मर्यादित,43
त्रियुगी,182
शरणस्थली,86
छठें,52
पुष्टी,57
सुरा,185
निचला,145
श्रीराधा,108
धमकाना,27
बिताते,53
सस्वर,94
गर्जना,112
उठवाकर,169
विवेकाधीन,18
पुरखों,99
साक्षरों,127
चिरंजीवी,86
रोकनी,63
भांबरी,38
परिसंपत्ति,59
कुर्ती,165
मांसपेशियों,5
हलुआ,38
सिमेंट,23
महानगरी,182
समझौतों,13
बाल्टियों,70
महाभिषेक,94
गंवारा,99
खिल्ली,51
दुधिया,139
अजेय,188
दुर्गोत्सव,124
नौकायन,62
मालिश,159
जुगाड़,61
ओलम्पिक,180
ललकारने,106
त्रि,39
सुधारें,153
देहदान,86
शूर,9
उमड़े,124
रचनाकारों,152
शीतलता,185
ढांक,197
तीरंदाज,119
मिथ्या,14
ठिठक,112
रूकावट,159
स्याह,185
सपाटे,151
तल्लीन,75
बीजोपचार,105
द्रवित,195
ठहराए,185
यकीनन,176
फूलगोभी,195
ब्रह्मचारिणी,77
मांसाहारी,68
कटना,160
फिजीकल,101
लेबिल,124
कामेश,57
धोते,109
वहशी,47
कैथा,23
सदमें,47
मोटरसायकिल,147
अपनानी,56
क्रमबद्ध,149
पहचानें,153
चिकनगुनिया,164
छपवाने,112
बालगृह,175
समझाएं,107
निकालता,114
सलीके,64
युगलों,105
खरबूजा,195
तपेदिक,116
कयामत,22
घोटकर,137
नापजोख,79
प्रतिस्पर्धाओं,93
रथों,137
तिरछा,98
अतएव,55
सनबीम,115
पुस्तकालयाध्यक्ष,156
मेवे,97
स्पर्धाएं,93
ताबड़तोड़,185
लोकलाज,112
सेंकते,195
झलकियां,132
भौतिकवादी,189
आशंकाएं,111
कब्जेदार,67
बौछारें,38
जनाधिकार,151
जनआंदोलन,190
गदा,91
निपटाते,101
हत्याकाण्ड,193
टांगे,70
खोलती,159
जेआरएफ,139
बंधनों,189
तनावग्रस्त,166
खाओ,47
जनोपयोगी,118
सोचनीय,99
मटमैला,98
डेसीबल,4
श्रद्धांजली,101
ठुमरी,125
पूर्णरूपेण,91
खैराती,136
खोते,75
खातिरदारी,73
बुझे,121
महापुरूषों,56
बिपाशा,148
घग्घर,123
दिलवाले,148
खिलाएं,79
मुद्राओं,161
क्लियरेंस,85
दर्शनार्थ,106
पैदाइश,47
जोडे़,173
कांपने,23
महीप,120
ताजगी,28
दुआओं,134
गीतांजली,182
अग्निपरीक्षा,113
कामनवेल्थ,188
निभाकर,136
तैरती,16
चलिए,76
अठखेलियां,79
मंत्रोचारण,165
जेएसपीएल,75
उछाला,187
गुरुमुख,9
शिकन,47
सैन्यकर्मी,28
क्वायल,199
कवियत्री,86
इमानदार,7
बुझाना,7
विशम्भर,165
फेकने,128
हेर,176
बाटकर,28
खटपट,119
शेरकोट,165
थकावट,159
फंसती,132
पैंतालीस,44
पिटता,196
साधकर,156
कैमिकल,139
अदाकारी,75
समस्याओ,132
म्याऊं,124
उठेंगे,81
जाएंगें,22
संशोधनों,41
कबाब,38
इत्मीनान,39
निपटेगी,27
तैराकों,123
नौलखा,88
अधिनियमों,92
कर्तव्यनिष्ठ,75
ठाठ,47
टूटेगा,73
ह्रदय,5
इन्तजार,176
अनसुलझी,61
गणितज्ञ,162
कृपाण,133
सराहते,112
मूल्यवान,198
धर्मगुरुओं,38
दरिंदे,169
बफर,153
डालडा,71
अणु,172
रमानी,199
पहुँचा,25
ठहरते,77
ब्राह्मणी,108
रेगिस्तान,184
बतलाया,89
बंदूकें,191
खरगोश,179
सीखकर,86
सफेदी,195
सुतली,109
अधिवक्तागण,127
शून्यकाल,24
मुलाकातियों,151
अष्ट,91
तिरस्कार,50
प्रतिशतता,59
मुख्यमन्त्री,167
झूलकर,160
छत्रधारी,119
पंजों,16
दवायें,116
हजाम,115
अखर,71
जन्मदाता,113
उखाड़,74
महंतो,131
भूतत्व,51
व्यवसायों,198
डांटने,132
शहतूत,95
चश्में,81
दुल्हे,67
परिंदों,63
चीखते,182
भागमभाग,103
गवारा,142
छापी,164
खंगालना,78
प्राचीनतम,80
बमबारी,65
महामंडल,86
स्वजातीय,169
भाऊपुर,120
ओहदा,166
रिपुदमन,119
नुपुर,199
ईगल,65
केंचुआ,107
पिछड़ी,51
उतरवाकर,108
नाथी,57
जीवनलीला,137
होंठ,16
विजिटिंग,4
प्रतिष्ठापना,106
राजेसुल्तानपुर,186
काठी,165
सुरुचि,113
इंतजामात,56
रेंगती,23
उबला,68
परामर्शदात्री,118
लौटता,117
चीखें,121
अंतर्कलह,175
निवाले,102
अमुक,55
न्यायवादी,78
किंगफिशर,62
नेतागिरी,157
फोड़,31
सत्ते,20
गृहमंत्रालय,18
थमाकर,44
जोट,82
स्वर्णलता,178
उजियारा,196
फलाहारी,77
मेंबरशिप,24
सुहाने,40
शिक्षाशास्त्र,94
पिटायी,9
वसा,5
नवचेतना,51
दुगनी,191
पैंसठ,66
टोटियों,132
फटाफट,78
विश्वबंधु,52
कौआ,187
जटा,91
मुखालफत,109
दरिद्र,113
ज्योतिसर,106
चरमराने,69
दरख्वास्त,22
नौरंग,53
प्रस्तावकों,99
कहानीकार,152
फुहारें,64
करदाता,66
अटपटा,106
तारो,79
इसलाम,176
फुलवारीशरीफ,24
कुंठित,173
निकटस्थ,88
उड़ी,31
लॉरेंस,0
घुमाते,98
जनसेवकों,118
सौभाग्यशाली,40
आंखमिचौनी,27
किश्तें,99
लाइसेंसधारी,133
भेंटें,107
जनेऊ,77
गंवाई,27
ज्योंही,142
पसरे,151
झोंकों,82
मरीजो,43
पूस,125
चुक,47
लाडला,132
बाबाजी,9
चावलों,95
मुद्रित,32
सबद,182
स्वर्गवास,192
शांतिप्रिय,111
हरदम,197
खेसर,127
पढे़,151
आतिश,176
ग्रामसभाओं,56
राजनयिक,13
निर्माणी,181
उकसाया,166
संवेदन,12
बरसाकर,196
तेजस,133
गुजरकर,64
खींचना,98
आंतकवाद,166
फुरसत,132
बत्तीस,124
मालगुजारी,190
छाले,159
पिटने,147
सरकारीकरण,57
रोड़ा,51
बरबादी,197
जीवनकाल,80
बसाए,7
बहुद्देश्यीय,147
लेगें,22
रिस,128
बेइज्जती,107
उलझता,130
मूकबधिर,43
मस्तानी,26
विनिमय,59
गोरखाओं,63
अग्रदूत,152
गूंगा,119
बसती,151
कटु,110
लौटाना,122
दरारों,104
ईमाम,157
आंदोलनात्मक,102
नावें,123
एबीएम,59
कलरव,70
जगतगुरु,77
संगति,113
चखने,7
जीवनभर,115
जयते,182
गूढ़,89
रचे,89
द्वारचार,24
बर्फीले,179
कुरियर,178
भागती,98
गूजर,120
भण्डार,8
तीर्थो,26
तुमसे,25
वानर,108
जातपात,77
शेषनाग,21
काव्यपाठ,94
फूंकते,165
विष्णुपद,26
बोए,95
व्यस्क,116
अक्षम्य,112
तौलने,47
पेंशनधारक,85
बसंतोत्सव,194
तोड़ी,165
जिलेवार,118
विनियोग,66
नटखट,156
लूटना,103
झलकता,113
झूलाघाट,164
गुरुजन,108
घुमाकर,104
लालिमा,16
अनुवादक,152
तबदीली,121
कायनात,168
खानाबदोश,35
स्नातकों,135
मंदर,137
टीकों,5
जगदंबिका,173
अपव्यय,144
स्नानागार,49
जाऊंगी,102
धर्माचार्य,52
दंगाइयों,193
पूजे,77
धूलिया,122
नहला,132
राजनीतिशास्त्र,94
शम्भु,9
देहातों,197
बटोरे,102
मैग्जीन,86
दुहराया,9
उलझते,57
जनहितकारी,122
आइएपी,156
पहनाए,47
व्यापम,101
खानों,8
मातृशक्ति,56
सुन्न,105
अदूरदर्शिता,190
वसीर,187
कसीदे,137
मापा,172
बेचेंगे,119
गौशालाओं,164
डाकू,53
भाड़ा,59
खोजकर,43
मति,9
संक्षेप,36
प्रतिद्वंद्विता,180
जर्दा,183
प्रविष्ट,98
मुरब्बा,95
अग्निकांडों,137
भाषाई,158
नमित,196
उल्लेखित,32
इंटीरियर,181
चमकी,176
फेरने,47
प्रश्नोत्तर,9
कुंभकार,132
फोटोग्राफरों,101
दंडवत,77
आपलोग,194
छायाकार,101
सजातीय,80
सन्त,150
फूली,47
घोंटने,112
फारुखी,182
सेमिनारों,118
ठूंठ,199
फटते,199
नवमीं,79
लहंगा,61
इन्सान,22
परिपाटी,149
जुलुस,26
वायुयान,181
अपूर्णीय,27
पकाई,95
कबूतरों,183
घोड़ा,179
सुपरस्टार,146
गोधना,111
करनेवाला,55
वरमाला,53
प्रतिनिध,127
कालचक्र,171
हैपेटाइटिस,159
जोड़ों,5
भरवाई,194
जिद्द,187
सरहदों,168
प्राणप्रतिष्ठा,26
सहा,134
आपलोगों,119
चौमुखी,125
व्यस्तम,78
घोटालेबाजों,118
पूछो,25
लौटती,176
क्षेत्रपाल,26
तीर्थयात्रा,150
रस्मों,28
अधजला,79
झण्डी,82
उद्भव,80
संचिता,9
आखरी,192
तपोस्थली,88
ममेरा,156
सहानुभूतिपूर्वक,99
कोकीन,85
भेदी,78
बचित्तर,99
अलगाव,110
मुरझाए,99
घूसखोरी,197
प्रत्यारोपित,116
गठरी,142
करमापा,196
विश्लेषक,141
टांगों,16
खराबा,165
दिवार,64
रटाया,130
विफलताओं,101
अक्स,58
निवर्हन,66
वृद्धजनों,175
भण्डारण,33
कथाएं,152
दयानिधि,120
कार्डियोलॉजी,173
साधी,27
उपाए,18
अर्धशतक,93
पूंजीवाद,110
शर्मिदा,107
कुट्टी,28
जुआं,115
शरदोत्सव,120
भिजवाए,99
उमड़ा,196
मरवा,53
आचमन,77
एंजल्स,101
बेचारा,142
रामराज्य,26
पेशगी,17
कड़ाई,118
निशानेबाजों,151
बंगलों,103
अभ्यार्थी,99
मंसा,151
वत्सल,77
अन्यायपूर्ण,166
फूटकर,105
रिसने,195
फसले,95
कतराती,43
छपवाकर,56
टटोली,187
कब्जाधारी,102
घुन,95
बनावटी,128
सूजी,195
खलेगी,194
मांसाहार,9
उभय,91
तलवारों,52
कुश्तियां,119
नवसंवत्सर,77
संस्कारी,190
जंगले,98
विशेषताएं,163
प्रतिभूति,170
गुदा,5
सरसा,139
चतुराई,2
खोता,190
भण्डारा,130
जायगा,50
बढ़ाओ,47
मंगाना,59
उत्तेजना,5
कौस्तुभ,77
कट्टर,83
ऑक्साइड,172
चबूतरों,88
लगाएंगी,23
मसाज,28
तुल्य,1
निर्माणधीन,123
बजेगा,165
सुलझाते,99
सूचनानुसार,31
पैकेटों,181
यौनाचार,43
विशेषज्ञता,198
सौंपनी,56
बिछायी,157
उपनिर्वाचन,118
श्रद्धालुओ,147
गरमपानी,132
ढही,7
महाप्रबन्धक,118
बिंदिया,178
थें,63
पंचगछिया,75
लुढ़कने,98
कलाकारी,49
छीनना,24
क्षणिक,12
तैलीय,195
माहवार,139
सुनिधि,106
हकीमों,190
बितानी,121
साप्रदायिक,58
आजमाए,58
चमचमाती,58
शासनादेशों,43
तटीकरण,131
बिन्दुवार,58
घबराना,122
सालो,119
विधियां,14
इण्टरमीडिएट,86
काष्ठ,8
वामपंथियों,166
परिपत्र,66
कराऊंगा,136
नस्लों,185
जागना,107
दुर्जन,26
टैक्सटाइल,18
वासना,55
रौंदने,71
हुड़दंग,142
कंप्रेशर,85
अहर्ता,31
आस्तिक,89
संभलने,175
अंशकालीन,28
घुंघरू,49
मंहत,106
आशान्वित,101
खगोलीय,10
पीरों,7
उगले,155
तराइ,38
अदभुत,77
असीमित,141
जनमेजय,77
सभ्रांत,20
पंगा,44
गप्पे,109
ठसाठस,75
घोलने,195
जिताया,93
बादशाही,40
प्रदूषणमुक्त,61
दहलाने,28
मदमस्त,26
यतींद्र,187
जनसामान्य,94
एलोपैथी,43
सारांश,153
नुकीले,145
दिलवाकर,175
सुलझाए,43
थप्पड़,2
माइलेज,181
पूर्वाग्रह,110
संजोये,178
जलसंरक्षण,39
नागराज,26
प्रोस्पेक्टस,31
उत्साहजनक,101
उच्चायुक्त,127
विस्फोटकों,65
अंधेर,132
श्रद्धालुगण,120
नाशपाती,95
नेत्रालय,133
मुख्त्यार,38
शीशियां,115
राष्ट्रीयकरण,118
रामलीलाओं,79
रुचिकर,40
गेरुआ,23
दबाते,98
संवददाता,43
मनभावन,151
दूरदर्शिता,189
कार्यशालाएं,144
पिलाए,2
वृत्ति,14
वैर,171
सहप्रभारी,157
कंटीले,120
पोलिटेक्निक,139
आइये,187
मोक्षदायिनी,151
एकाधिकार,30
राष्टीय,9
उतावले,112
लायें,194
बंटाधार,47
शोरशराबा,78
सारिक,71
पीत,159
सप्त,21
पूछिए,112
खोना,115
सहसा,40
महाबल,124
प्रस्तावना,152
शरीयत,134
सपेरा,132
शिक्षाप्रद,171
चमकते,16
सयंत्र,23
लेागों,2
गुनगुनी,123
प्राणि,94
एमडीबी,128
होठों,142
तिनका,82
पाठयक्रमों,135
जिस्मफरोशी,102
खूंटे,173
नजदीकियों,130
सत्यमेव,182
कालिदास,89
अस्थियों,159
उत्तरा,108
न्यूक्लियर,144
ध्यानपूर्वक,40
सहूलियतों,118
चित्रकारों,49
बहुद्देशीय,23
पैंशन,169
चलवाकर,105
नुमाइंदगी,51
परिपक्वता,144
महत्वाकांक्षा,110
परिसेवा,199
सुनेगा,196
निर्धनों,118
भोगने,40
तालीमी,61
डिग्रीधारी,27
घोड़े,179
तंदुरुस्त,111
फैलेगी,173
छिलके,97
असुरों,150
सबस्टेशनों,151
रंगरेलियां,109
लोकगायक,26
टकरायी,73
दायें,145
भटकी,130
स्कीइंग,93
झुमके,165
उपनयन,91
फिल्मकार,148
समझाबुझा,124
बढावा,198
थमाए,157
उपहास,55
ठनी,115
धरौली,196
परिंदा,58
रामजन्मभूमि,86
ध्रुवीकरण,98
न्यायाधिकरण,87
धिक्कार,171
धोखेबाज,166
शतकीय,147
विश्वविख्यात,80
कनिष्का,128
टंगी,49
वसूलती,199
शुद्धीकरण,94
धरपकड़,176
सुलझाना,168
नखरे,43
एस्कॉर्ट,44
पण्डित,11
कायदा,188
फटकने,47
बृहस्पति,10
हिमाकत,199
प्रस्तुतिया,31
गलियारा,88
आदतें,98
सखियों,108
परम्पराओं,29
डसने,124
पुखराज,120
संग्रहीत,32
बरतेंगे,185
वादियां,72
बंधवाने,26
राष्ट्रद्रोह,99
शिल्पग्राम,182
हितकर,113
सुनारों,70
स्तम्भ,161
प्राचार्यों,56
चट्टानों,177
लिखवाकर,39
निसंदेह,190
अणुव्रत,77
प्रकारेण,175
भट्टियां,183
बोधि,108
जगदगुरु,77
कैटवॉक,58
पंचनामे,124
अंगहीन,155
साफा,169
कालचीनी,35
चालानों,59
खम्भे,88
आशीर्वचन,9
दारु,195
पदयात्रियों,156
जज्बात,56
जटिलता,12
गुर्गों,115
जमाते,178
हिचकते,166
हफ्तेभर,120
थर्रा,61
बैशाख,9
आऊंगा,39
निकालनी,7
संर्घष,39
अस्पष्ट,12
सम्बंधी,144
मजूदरों,128
चयनकर्ता,153
झुलसाने,28
अजीबो,119
कुंओं,123
पंक्तिबद्ध,40
बिछावन,61
टपका,82
शिल्पियों,51
जुटाते,17
एक्साईज,57
सहचालक,196
मिलावटखोर,115
साझीदार,100
दर्शनार्थी,88
चालाक,191
कौंध,117
बाँध,184
सुयश,72
बगले,73
तकलीफों,176
जमाये,24
पियुष,38
विनिवेश,101
चौपाइयों,77
औलिया,192
गौरवपूर्ण,189
लचीला,163
सारगर्भित,50
सोल्यूशन,59
कूचों,142
भील,192
विचलन,138
सहायिकाएं,124
सैंकड़ों,88
विश्वासी,51
लगातर,57
संगीनों,69
चयनकर्ताओं,93
गिनाईं,69
डरता,25
वातारण,197
समसामयिक,189
काबलियत,47
वचनबद्धता,118
संगीतज्ञ,11
रजनीगंधा,58
मृदुभाषी,2
टेनरी,82
भंडाफोड़,111
डिगा,40
सम्पदा,118
शान्त,42
गिरवा,112
संभवतया,105
भरेगी,175
तितली,28
लड़ेंगे,176
रोमांस,34
पतले,145
अवसरवादी,166
पित्त,159
पछुवा,122
इन्टर,147
वैरागी,44
ढूंढकर,102
मंडलियां,173
दमक,160
टेढ़े,47
अविकसित,37
रुहानी,63
हड़पने,188
भींग,165
इसबीच,18
दिनोदिन,38
पलाश,182
राज्यरानी,165
मचाती,28
बिछे,104
नसें,159
राजनीतिकरण,190
पोजिशन,79
रोकती,114
तैरना,98
फरसे,106
इफ्तिखार,56
सुरही,151
होनेवाला,185
भटककर,40
भाषाएं,158
संकल्पों,59
सौतन,39
उपकेन्द्रों,147
क्षत्रियों,150
नबाब,192
ठोंकी,71
अनादर,50
पटककर,175
सजकर,142
धातुओं,172
उन्मुक्त,113
कब्रों,81
उग्रतारा,178
दोषारोपण,173
चम्पत,173
बनाएंगी,178
पहनावा,49
परिचारक,169
डायरेक्टरी,153
समाई,185
बढोत्तरी,144
बुन,175
प्रणायाम,75
विकेटकीपर,180
कोनों,145
सुन्दरीकरण,139
रस्से,156
टिप्पणियों,110
ढोया,23
अलबेला,75
लेटेस्ट,155
बतायें,76
पंचदेव,182
उमसभरी,38
बहरा,47
प्रमाणिकता,4
सुलझे,9
जिम्मेवारियों,28
प्रवासियों,158
उद्घाटित,113
पिलाएंगे,132
बताइए,196
समाजशास्त्री,4
मनोवांछित,108
बिछाना,102
ढोना,139
जातिवादी,51
विजयोत्सव,56
जलज,183
आसुरी,91
प्राधानाचार्य,139
मृतप्राय,111
जनमंच,27
हैवान,47
व्यापारीकरण,99
मिथक,113
मुर्दे,47
दर्शी,39
उपलब्धिया,173
चर्मरोग,107
आर्ट्स,34
रिक्टर,65
मझोले,132
तैय्यब,71
गुच्छा,16
प्रक्षेत्रीय,197
आत्मीय,9
वीरांगनाओं,26
वीडियों,18
प्रवचनकर्ता,164
चिह्नांकन,175
दुर्बल,138
दूरवर्ती,185
योनियों,91
सेमिनरी,18
खरीदती,99
छिना,58
स्वर्णाभूषण,165
फलस्वरुप,188
लिखता,45
गिला,35
त्रिकोण,145
झोल,82
वनमाली,26
माननी,51
डालेगी,47
बाउंसरों,27
समयबद्धता,151
मध्यावधि,64
जोशीला,23
लालफीताशाही,18
निवृत्ति,113
उत्तरोत्तर,138
प्रदोष,77
शिक्षार्थी,4
समतुल्य,163
चाहूंगा,54
रामेश्वरम,21
मंथरा,106
दुश्वारी,47
जलाएंगे,82
कणों,172
हस्तशिल्पियों,144
रंगरूटों,93
आतंरिक,181
अतिआवश्यक,175
वृहस्पतिवार,107
कोशिकाओं,5
गायिकी,125
अमावस,26
तमाशे,176
मंडपों,88
घटेगी,121
जुटकर,73
प्रशस्तिपत्र,18
झेली,119
अल्पाहार,105
इमरती,120
निरोध,14
बेचती,140
नासमझी,40
हमराह,47
डगमगा,47
गठजोड़,166
पंचायतो,73
सोख्ता,197
गोमूत्र,105
बंदिशों,168
दुर्गन्ध,183
उड़े,47
समुंदर,146
ललकारते,164
समेटा,71
कर्मों,55
ब्रांडों,140
प्राप्तियों,170
आईटीसी,101
इक्के,136
ओवरहैड,82
पदोन्नतियां,133
परिचयपत्र,133
ब्रॉडगेज,123
थमाई,183
चमकदार,104
भिक्षा,77
सुपरहिट,148
खिचड़ी,182
बंदगी,64
नवरत्न,182
दवात,124
चौड़ाई,145
बिखेरते,106
बाइकर,136
इति,89
हिन्दुत्व,94
संवरने,2
रात्री,35
कार्बनिक,172
सिंहों,57
पूछेंगे,154
जलयात्रा,106
धोए,131
भाषियों,182
चूजे,95
चित्रलेखा,26
नरकंकाल,108
लड़ी,188
पोषाक,58
गरमाहट,169
उपलों,183
बोतलबंद,195
बृजवासी,26
विश्वशांति,166
जुल,7
दूनी,47
किधर,47
मसालेदार,68
खातेदारों,101
भूकम्प,15
अपनापन,115
परंपरानुसार,56
रखवाले,128
जगाते,108
बारंबार,153
पनपे,190
घुसना,194
ढाढ़स,9
रुदायन,120
झण्डा,53
इंडियंस,93
तेंदुओं,179
पगड़ी,88
अनुमंडलों,120
पहुंचनी,139
दरबदर,61
जिता,57
रस्सियों,81
उन्मुख,144
बचाएंगे,176
रूपपुर,120
बेकारी,82
विक्रमाजीत,192
कठोरता,172
ढंकने,159
भीगी,195
अतिशय,113
अंगीकार,50
प्रजातांत्रिक,190
ढकी,1
कृषिमंत्री,61
सेवायें,18
उपमंडलों,133
जनरेटरों,139
आश्वास्त,79
पद्मभूषण,11
परिक्षण,116
थकते,40
घेरी,164
अध्यापकगण,20
उपार्जित,59
पहचानो,171
संजोकर,109
खडी,112
प्रश्नावली,31
दत्तक,193
घटेगा,102
पंडितजी,193
लेनेवाले,40
मनोदशा,113
बिरौली,168
पारिजात,108
चतुर्दिक,185
फिल्माए,34
सुपूर्द,194
कार्यपालिका,92
बवंडर,117
निर्धनता,100
लिपिका,56
कल्प,80
सबमें,55
गोश्त,47
हलाल,134
कूदते,28
गजलें,199
स्वरों,149
ढोंगी,185
आधुनिकतम,144
कीकर,95
मानुष,67
एकपक्षीय,59
दिक्कते,64
शर्मिदगी,86
परोपकारी,54
परिवर्तनकारी,189
बालाओं,103
कटवाए,194
देशद्रोहियों,166
बुझेगी,71
कार्यशील,85
प्रीतिभोज,139
बाबु,86
प्रक्षेपण,65
सताया,176
तेजतर्रार,86
आवारागर्दी,147
सूपा,133
निर्गुण,89
दौड़े,81
नशाबंदी,118
बाजीगरी,124
राजगद्दी,60
अग्रसारण,153
रक्षासूत्र,196
तोहमत,134
हेडलाइट,102
यज्ञस्थल,91
धूर,43
बरतेगा,132
अटैचमेंट,85
पालित,94
पैराशूट,65
बंदूकों,191
छटपटाने,38
कटता,111
इच्छाएं,178
तराश,47
प्रामाणिक,149
याददाश्त,27
दीर्घकालीन,198
कोर्सों,44
एनेस्थीसिया,159
बूढे़,130
संभालकर,52
अंगुठी,157
नहाए,128
दोगे,134
कुपित,91
ज्ञाता,89
बुझती,67
सांध्य,28
द्वारे,26
लहराएगा,31
विश्वदाय,52
निगलकर,102
बगावती,20
खैरियत,51
सुनाएगी,40
रिहाइशी,133
एरोबिक्स,64
वास्तुकला,161
पखवाड़े,35
निर्माणकर्ता,82
आपदाएं,118
गृहणियां,164
भोगियों,118
शुभचिंतक,171
लिटाकर,159
मुलाकाती,197
हट्टी,178
पिसाई,64
निशानों,176
जाऐगा,17
बुद्धिमान,50
संस्थापिका,56
दम्पती,187
आवर्ती,59
सतगुरू,79
घनमीटर,35
खिंचने,155
बागीचे,72
शेरनी,24
उपेक्षात्मक,61
नहाना,160
गोसाईं,178
अंगारों,47
लम्हों,57
चिरौंजी,61
अल्पमत,166
अमिय,182
स्थानो,88
पारियों,93
पैथोलॉजिस्ट,103
आहिस्ता,47
क्रान्ति,83
छेना,38
माफीनामा,175
मृत्युदंड,87
पूछती,148
लंबोदर,9
जागती,139
घुमावदार,145
सौन्दर्य,89
कंसलटेंसी,120
बीएमडब्ल्यू,181
भंवरा,175
गहराते,39
बुनने,61
आत्मीयता,113
इंसुलिन,5
छोडे़,99
इकठ्ठा,191
चराया,169
काक,86
बहिन,106
डलवाए,28
उपप्रधानमंत्री,127
पल्टन,122
रखूंगा,17
जीतीं,166
रसोइये,102
अपरंपार,20
बाल्टियां,58
भारतवासी,51
लपेटा,160
डाककर्मियों,31
उतरेंगी,190
नवरंग,196
गेंहूं,183
दबाई,70
डाकबंगले,122
समयसारिणी,61
कूटा,127
पुनरावृति,40
लहरियों,99
कूड़ेदान,196
डकारने,78
ठोकी,57
सिरा,145
हंसिया,69
उगला,24
केबाद,18
बल्लियां,169
लालची,2
चिल्लाई,194
वेटलिफ्टिंग,157
तपसी,61
श्रद्धेय,86
करतबों,27
उनमे,22
सुरूर,73
मस्जिदें,46
साम्प्रदायिकता,173
दरारे,102
अस्वस्थता,43
गुण्डा,188
नम्बरों,173
स्वराज्य,83
मेष,10
सकून,28
ब्यौरे,59
पंहुचा,35
रोकटोक,75
कमाता,40
सुलगती,81
छापों,128
मांगेगी,137
तानी,173
हानियों,59
लंगरों,151
दुराचारी,40
दवाखाना,72
बेचारी,136
सूर्यमुखी,155
भ्रांति,40
रोमांटिक,34
झुकी,81
गरमाई,64
लुभावन,197
रुबरू,142
टेकते,38
पुलिसवाले,193
थमाने,124
रसगुल्ला,199
नवरतन,194
आदतन,99
अलगाववाद,130
सत्तन,119
मित्रवत,175
इश्तहार,133
चंद्रग्रहण,9
लुटे,57
दुक्के,132
मुर्गियां,67
छुपकर,58
नेतृत्वकर्ता,51
लिखवाई,64
शैवाल,37
विरूद्व,51
कारकों,163
निविदाओं,118
कुंभी,165
सिरकी,109
अपंजीकृत,101
दुष्टों,194
पापियों,77
पांडुलिपियों,106
दलदली,177
गवर्नेंस,118
अतुल्य,27
आशातीत,128
घूसे,122
एवम,186
रहमोकरम,43
धंसे,123
झांका,199
जीवनरक्षक,111
रीत,176
लिपटकर,185
निर्जल,183
ब्रह्मापुत्र,130
सजायी,147
घबराएं,85
बचाये,67
रिकी,93
शीशमहल,111
बेगुनाहों,166
व्रतधारी,108
रणनीतिकार,166
गणितीय,162
राष्ट्रकवि,11
पंचकल्याणक,132
खिसका,153
उठेगी,2
उत्तरायण,26
मंत्रीजी,156
संभालेगी,131
रीपर,160
साकारात्मक,85
महीनें,47
ठोकने,38
घीया,183
टका,73
ढूढ़ने,112
पाक्षिक,72
नज़र,22
चर्चे,24
डुगडुगी,38
रखवाकर,73
निपुणता,94
शकीना,28
किश्ती,124
वनस्पतियों,37
बरामदों,70
अनुनय,76
लूटेरे,28
आयोजनकर्ता,119
पोशाकों,49
आदिकाल,80
वीभत्स,112
कुच्छल,173
रोकेगा,31
दुकानदारो,2
मोरध्वज,26
मुकदमेबाजी,66
मूंदकर,173
पहलवानी,119
समाजहित,28
आलस्य,113
थमता,58
बंटवाने,72
किचकिच,122
तीली,195
फरेब,22
ऐतिहासिकता,113
संकटों,173
पिघलने,177
तकाजा,51
तुफानी,78
मिटाओ,61
सजनी,20
चीना,57
चिंताओं,198
विविधिकरण,144
गैरजमानती,18
थूक,159
फिल्माया,34
बसता,194
बालो,47
निखारना,75
मठों,29
जाको,123
वीडियोग्राफर,115
भूलता,17
नचाया,58
गंतव्यों,62
चौड़ी,184
दगाबाजी,108
घटाएं,107
सचिवालयों,118
विधानपरिषद,136
रियासतों,158
नगरपालिकाओं,118
रूकते,119
किन्ही,85
खदानें,123
संप्रभुता,13
राडार,181
भरतनाट्यम,125
नवागंतुक,101
बढ़वार,95
मंगवाना,39
गढ़े,7
विभूषण,84
जना,47
उगलते,117
केद्र,31
खपा,112
तसदीक,47
इन्द्रमणि,188
मिलनेवाली,40
चुलबुल,73
राशियों,138
जन्मा,91
वंशजों,60
बिकाऊ,103
खैरात,176
प्रतिक्रियाएं,12
गूंगे,61
मुखौटे,119
नौकरिया,31
क्लासरूम,112
फोटोकॉपी,73
तबेला,119
बांटता,20
सुनाये,176
घंटियां,98
सहस्त्र,91
खुदवाकर,79
क्लिनिकों,85
दिखाएंगी,124
टिकिया,195
कुटुंब,66
आत्महत्याएं,115
जीरे,64
दरबान,82
तकनीशियनों,101
मनुज,106
उरद,95
यूनिटें,144
दिखाओ,81
छिपाई,136
रोमांचकारी,125
भौतिकता,56
पहचानता,154
ससम्मान,111
शिक्षाएं,56
उत्सर्ग,91
दूल्हों,58
पिछड़ों,58
भूमिपूजन,79
फुस्स,197
दीर्घकालिक,41
सूत्रपात,189
परसों,57
बिलबिलाते,103
चलाऊ,156
अम्मी,178
प्रधानता,149
खिंचे,7
कम्पाउंडर,132
वसंतोत्सव,194
करूण,108
दुर्भाग्यवश,51
भिजवाकर,173
घावों,5
अनुभागों,59
क्यूरेटर,139
तारीक,47
रोए,2
भैय्या,58
चश्मों,47
प्रशिक्षार्थियों,43
अनुतोष,66
डीडीआर,57
वधशाला,131
फारिग,61
मुंडी,194
अभिव्यक्त,149
फैलाता,47
खण्डपीठ,130
धुरंधरों,130
गौमाता,188
समलैंगिक,146
संतरे,68
गणतांत्रिक,127
पुननिर्माण,147
जिनमे,0
तिलमिला,53
देशसेवा,193
खपाया,132
दरमियान,22
छबीला,122
महाअष्टमी,79
सहयोगात्मक,54
आनंदमय,113
पुलाव,38
सोचेंगे,132
शरिया,166
हायतौबा,111
मातरम्,86
खुर,16
चितवन,122
भद्रक,88
लगायेंगे,122
ननकाना,26
जैनुद्दीन,18
बाबाओं,69
अरिंदम,147
मद्यनिषेध,20
वंशवाद,99
गालियों,82
बेताबी,43
राजनिवास,122
अस्प्ताल,133
शामियाना,95
जयजय,9
प्रयोगशालाएं,129
कुंठा,113
खेतो,95
वालीं,79
संगठनकर्ता,151
जोकर,136
गिद्धों,105
दवे,139
पलभर,23
कामायनी,182
कंगाली,199
पदाधिकारीगण,31
गणराज्य,158
रियायतें,118
सब्बल,73
गडढों,27
अनल,79
लडकी,17
कीटनाशी,195
चिपकाकर,98
चुगली,57
माइक्रोसॉफ्ट,141
सुदर्शना,156
अधजली,139
चित्रित,152
प्रखंडो,120
यूए,101
देनेवालों,40
बहरे,134
आलौकिक,125
मधुरिमा,182
चमकता,81
पूर्णाहूति,67
बसही,137
बेजान,47
रहेगें,22
भूस्वामी,18
मछुआरा,38
न्यायायिक,51
पादप,37
कमांडों,133
सिद्धातों,190
खोदना,61
पतंगें,67
मजलूम,178
भाद्रपद,21
गोलों,191
बनवायी,192
वैमनस्यता,44
चलाओ,39
अज्ञातवास,150
स्कार्फ,165
सुजित,57
तोते,179
नागदेव,182
मनचला,199
लागी,31
खालों,185
ठोंकने,105
कहूंगा,71
बैण्ड,194
जुमले,199
तोड़े,17
श्राद्धकर्म,91
काश्तकारी,133
पसारना,178
उत्कृष्ठ,190
निधार्रित,102
आत्मज्ञान,113
तौले,70
पठारी,184
पदोन्नतियों,18
मोतियों,98
झंडियां,139
बोझिल,55
सूचकांक,163
फाँसी,126
खुदवाने,75
कतरे,156
छोड़ना,154
दिलबर,75
संकल्पना,36
अगाह,156
भारतीयता,113
पहनाना,40
अपीलों,66
उतरवाई,47
छुटपुट,18
करुंगी,196
मांगीं,119
बलिहारी,58
मौजमस्ती,28
उभरेगी,85
औषधियां,159
सजाते,28
पारस्परिक,14
बढती,116
बुलाएंगे,164
धुंधला,98
बरतता,57
अंतरा,169
क्यारियों,95
पोलिथीन,194
परिंदे,182
खरबूजे,82
जमाखोरों,169
असंसदीय,121
सजाना,64
वर्गफीट,107
महावत,53
समरस,124
स्कैंडल,101
चोकर,68
चरवाहा,71
खेडी,121
आवश्यकताएं,198
पुतली,70
पश्चात्,66
जुटता,75
उदगार,28
आशुलिपिक,133
चमत्कारी,77
फंसाना,190
अरिजीत,27
रसातल,108
भुना,142
ज्ञानोदय,51
तापने,121
अभिप्रमाणित,85
चरनी,44
बरा,137
विह्वल,58
स्मरणीय,152
पैरोकारी,173
पर्यन्त,150
मुर्गो,164
भूअर्जन,82
शुभकामनाओं,168
दैत्य,150
लोटे,183
उपभोक्ताओ,102
ग्राउण्ड,133
जुराबें,183
बौरी,106
अनाजों,68
सुलहनामा,196
उलझाने,107
गजा,120
शक्तिपीठों,21
मोटरयान,131
सातो,73
बैठकी,52
छुपाया,71
उकेरे,79
स्वाधीन,83
अमृतपान,9
छुटे,69
म्युनिसिपल,133
नगरपंचायत,139
रेजगारी,20
टपकती,142
स्वागताध्यक्ष,156
हितार्थ,94
खुशनसीब,194
बंदिशें,190
कौओं,142
प्रभास,182
रसगुल्ले,28
गद्दारी,193
निकटता,185
मारक,191
लिखाकर,112
पशुचारा,82
चलाईं,115
खाद्यान्नों,129
जोड़ना,153
नाभि,145
दुष्ट,42
खदेड़ा,39
आनंदमयी,122
घोंटा,102
सतही,172
संसारिक,132
दमदम,133
आत्मसम्मान,27
कराईं,72
अर्धनिर्मित,168
सूखता,95
खदेड़,188
घसीटने,20
वीरगति,60
हाइड्रोजन,172
खरीदेगी,59
नरभक्षी,132
वारी,44
कोफ्ता,151
पुनर्निरीक्षण,199
उतरें,56
दमकलकर्मी,44
पौष्टिकता,160
नवें,77
तैंतीस,26
दुल्हनों,137
बदकिस्मती,176
तंदूर,185
होठ,109
खट्टी,160
बाल्यकाल,150
सम्मोहित,113
आचार्यों,89
विशेषतौर,85
वैश्यों,108
विक्षुब्ध,43
चिकनपॉक्स,70
आमों,95
हिलाने,98
सुकृति,64
घबराते,2
एसएएस,118
पाषाण,161
बॉयो,23
हजयात्रियों,78
बेदा,75
लोंगो,136
नपे,79
बरसाते,185
गंजा,69
कहेगा,25
विग्रहों,157
बैसाख,108
विवेचनाएं,197
इत्तफाक,27
निरूपमा,106
धानिक,132
फजले,9
आंटी,122
चेले,187
सत्यार्थ,86
ऐहतियात,2
जलायी,26
तनूजा,106
अधजले,197
ऑडीटोरियम,151
कब्रगाह,119
सतपथी,75
कहतें,117
कान्फ्रेंसिंग,101
रुखसत,99
पहलूओं,85
कैफियत,82
चुकाए,59
ओढ़कर,58
छोडऩे,187
बाईं,145
चक्रवती,78
खुरपी,38
दोहे,77
चढ़ेगा,103
बहलाकर,103
जगमगाने,137
सवर्णो,112
ओढ़ने,17
वर्षगाठ,133
प्रेमजाल,132
सींचने,95
नंदीशाला,108
एजे,194
फुलकारी,79
निहितार्थ,166
अदाओं,73
उछलने,23
सूखती,160
लौकिक,89
आगन्तुकों,28
नशेबाजी,58
मूंगा,124
कैलकुलेटर,160
महासागर,3
राजगुरू,193
सयुंक्त,127
करवाएंगी,124
रक्तस्त्राव,159
नाट्यशाला,28
विधवाएं,130
खुशबु,121
दद्दा,52
मुस्कुराहट,178
डाइवर्जन,131
बैचेन,103
योगाश्रम,119
बग्घी,20
भैसों,124
बतानी,112
निर्माणकार्य,101
कामचलाऊ,27
परिवर्तनों,12
जोशीले,115
लीडिंग,93
स्वीकारने,94
अवतारों,89
प्रज्ञान,94
सोफे,178
एकदूसरे,55
गेंदे,93
देवकाली,26
भगतों,26
पालता,71
कम्प्यूटराइज्ड,73
ऑलराउंडर,93
परिणीति,148
बुद्धिस्ट,28
थैलियां,160
बेलने,164
चंद्रलोक,182
नश्वर,113
दुगुना,183
गुणे,39
जिन्होने,126
छिपाते,134
मोहरे,27
तशरीफ,197
मिलवाने,121
कर्मचरियों,118
उपभोक्तओं,121
चौकन्नी,165
दिखेंगी,194
गेरूआ,70
निराश्रितों,2
उपाध्यक्षा,86
आदिशक्ति,77
उपासकों,77
बोलेगा,124
दोषों,12
अदाकारा,148
कलियुगी,9
सुनाना,99
छुड़ा,17
कटेंगे,103
गैसें,172
रणभेरी,115
माहिल,124
तैलचित्र,56
कटघरा,175
महालेखा,118
वंशावली,80
ललई,120
खुदवाया,88
राष्ट्रभक्त,86
जपने,27
मण्डलीय,52
ठाणे,186
बनके,176
संबंधि,85
श्रेणियां,163
टीएमटी,115
भूषा,67
एलोपैथ,160
महानवमी,79
गोभक्त,79
बिगड़ती,166
करौंदा,67
फीसें,139
विराटनगर,182
अंतरप्रांतीय,139
मूलवासियों,130
गांधीगिरी,112
झलका,130
वालिद,176
गड्ढ़ा,160
गोठ,124
धनिक,151
महाजनों,99
बादशाहत,22
पट्टिकाएं,139
तृष्णा,91
बेगार,63
कार्याध्यक्ष,102
रिझाया,130
ठहरना,40
मदहोश,47
मुरादाबादी,57
चायपत्ती,79
बहुतों,185
गोंदा,131
दिलखुश,88
निधान,38
संकल्पबद्ध,99
क्यो,134
अफसरान,38
सिमटे,75
दहशतगर्दी,132
मोमबत्तियों,28
बकवास,17
अंपायरिंग,93
होमियोपैथी,133
एल्यूमिनियम,181
जुल्मों,107
रौंदकर,132
श्वसन,5
कार्यबल,198
रामभक्तों,77
अकुंश,82
खटखटाना,178
रणनीतिकारों,173
घटाए,59
गोटियां,132
प्रशिक्षणों,119
स्थायित्व,12
हरने,9
बुने,8
निरपेक्षता,51
उपसंभागीय,137
गर्मियां,28
भूखी,182
श्रोतों,69
नादान,134
विचारणीय,14
पिट्ठू,193
महन्त,9
मनौतियां,196
मसूदी,192
बोना,95
झूमकर,73
ऑटोमैटिक,132
चमकेगा,107
दरखास्त,71
तराने,86
उगाकर,97
रचाया,139
श्रीमान,121
रहवासियों,197
वाद्ययंत्रों,125
अर्जियां,119
आइने,57
रंगदार,195
दस्तकारों,118
खोलो,156
सून,28
आशिकी,86
धनलक्ष्मी,91
उपग्रह,65
उपस्थितजनों,178
निपटाई,118
बचानी,71
निर्णयानुसार,133
परछाई,125
बघौरा,120
दण्डित,50
छठवां,58
बन्दी,126
संवारे,73
उच्चायोग,24
अजूबा,106
युवावस्था,55
धुम्रपान,159
अनुयाइयों,137
जीताने,93
जेसीटी,128
उपधारा,66
टूटेगी,197
उठायेंगे,24
टुर्नामेंट,93
गिरीं,183
मन्दिरों,161
ढेरियों,128
उर्वरता,95
सोचिए,64
हर्जाने,35
कोकिल,182
जनशिकायतों,139
विधेयकों,66
बावलियों,124
मागते,168
मुरझाने,7
गैरइरादतन,99
प्याला,81
पनपा,151
वनस्थली,120
लड्डुओं,155
ईसाइयों,29
तजुर्बा,64
सद्गुणों,113
पुलक,173
संरक्षिका,171
शाक,68
पिए,164
कटोरे,183
ऋग्वेद,89
आराध्या,178
रोबोटिक्स,144
पाऊंगा,199
छूना,98
न्यून,138
देतीं,199
पल्ले,47
अधिकरण,66
तरण,23
बोलें,153
बचाती,191
जिलें,186
मढ़ैया,139
अमंगल,196
राजकोष,59
पेचकस,17
निकलनी,82
पालनहार,107
माइक्रोवेव,181
तरंगों,138
कवायदों,43
तला,68
लेनादेना,130
ओलम्पियाड,120
सीजीएचएस,137
चिल्लाती,112
विकेंद्रीकरण,118
मूर्तिकारों,79
अट्ठारह,106
औैर,199
पुनर्जागरण,152
दरिद्रता,113
उपर्युक्त,149
शौकिया,180
समझिए,106
बुकी,168
अम्बुज,61
पैंतरा,136
एफडीआर,101
पद्मावत,150
मांगेगा,107
विश्वासियों,57
ब्रह्मज्ञान,113
दांवपेंच,111
मकरध्वज,107
समीक्षक,152
बोलियां,182
गर्माने,20
साझेदार,19
अौर,176
छाल,37
नहाया,88
मरीं,31
ज्योंहि,125
हाथोंहाथ,38
छानने,195
प्रभावकारी,14
सुप्रभात,106
रहूं,71
बदसुलूकी,2
अनाचार,51
समाजवादियों,51
दावतों,165
चक्षु,10
उभरता,144
सल्तनत,60
गाँवों,129
अकस्मात,115
उपन्यासकार,84
वटवृक्ष,182
रेस्टोरेंटों,35
मिष्ठान्न,68
लौटाकर,47
महीनेभर,109
उद्वेलित,193
मिलाएं,132
इश्तिहार,121
मचाता,111
खबरदार,112
खाले,47
न्यूरोलॉजी,43
पॉलिश,8
छाछ,68
राष्ट्रध्वज,72
मिसरी,106
खुखरी,52
पौरुष,102
बदसूरत,102
बुझायी,71
लिखेगा,78
मार्केटों,151
सुखदा,173
धमकाता,111
खंगालते,98
भड़की,20
पचहत्तर,59
फुटबॉलर,93
एनिमेशन,34
तफतीश,133
निभाएंगी,101
तपस्थली,26
खायी,43
सीसा,8
गधे,47
छिटककर,98
निपटेगा,115
विरोधाभासी,4
अल्सर,5
श्रृद्धालुओं,9
भिजवाएं,56
निकलेंगी,20
लाईनों,165
कमजोरियों,110
वंशीय,192
सर्फ,47
खडा,130
खंजर,53
किस्तें,59
सरेबाजार,191
देगे,22
राजघराने,192
ब्रजवासियों,106
विकेटों,93
ग्लोब,34
सिमटता,123
गदाधर,9
तीरंदाजों,78
जूठे,98
उत्प्रेरित,12
उगाया,97
वर्णमाला,80
बुढ़ा,176
डण्डों,169
कम्युनिष्ट,56
फिनाइल,195
मुनाफाखोरी,115
पकाते,47
ढंककर,99
घटाई,99
सघनता,144
भयवश,73
प्राकृति,190
घटाना,59
मैक्सिको,0
भूमिकाओं,34
गुणवंत,197
प्रत्याशा,116
ग्रीष्मोत्सव,197
स्वाभिमानी,106
टाईप,85
वृष,10
निवार्चन,155
रहस्मय,131
हंसमुख,132
प्रबंधनों,139
मैत्रीपूर्ण,54
हटता,117
शुक्रगुजार,112
हेवी,181
गोदी,181
सत्ताइस,130
अतिविशिष्ट,18
गपशप,76
स्मॉल,101
पपीते,68
श्रृष्टि,107
बरकतों,47
इम्तहान,119
जनहितैषी,194
सदस्याएं,28
लॉट,101
घोटालेबाज,69
भंगी,56
जनसमुदाय,51
टांगने,195
उपनेता,193
कजली,164
लिखती,45
आस्ट्रेलियाई,93
कहलाती,138
बवासीर,159
वनक्षेत्र,123
भुजबल,102
सपाटा,164
शिवमंदिरों,178
सोंच,115
कंपकपी,159
जानिब,47
हलवे,28
सुविधायुक्त,181
गरजी,178
धर्मी,199
सम्मानपूर्वक,40
अधिवास,99
खिंची,185
घनघनाने,151
ख्यात,86
मानववाद,50
ब्रह्मर्षि,26
निकम्मी,124
पंचेश्वर,35
आईए,69
मैल,70
भरवाना,155
चमत्कारिक,77
जरीब,165
प्रश्नमंच,132
गुरुघर,24
शीतगृहों,23
घसीटता,57
पचासों,75
मठाधीश,26
छिद्र,145
बताशे,182
जाला,124
रक्षण,85
सांची,161
होमगार्डों,72
छटाई,39
रूपांतरण,163
जनसहभागिता,190
उत्तरों,156
ढाचा,156
ऊंचाइयां,9
पीडितों,99
हरिपद,31
षष्टम,86
गतिशीलता,12
नवज्योति,187
बोतले,78
विरह,113
कहलाए,150
निशाद,31
वार्ताकारों,56
उलझाया,20
जनजागृति,118
गृहकलह,190
कलाएं,187
ग्रन्थ,89
रसोइए,53
सुपुर्दे,57
सप्ताहिक,28
दसों,173
जिम्नेजियम,178
मिर्चा,95
फुलका,105
कांटेदार,95
वत्सला,56
हैे,70
जालियां,79
बलिदानी,112
अभेद्य,61
मातारानी,165
ब्राम्हण,77
रणभूमि,194
रोकेगी,187
दिखलाई,1
कूटनीति,13
पटके,103
कुरेदने,47
आकृतियां,161
खीरे,195
कराहने,57
डूबती,20
बर्बरतापूर्ण,166
कबीरपंथी,94
जांएगे,155
टांगा,112
अक्रूर,77
अतिथिगृह,106
बलदाऊ,156
छैल,106
प्रतिघंटे,57
निश्छल,86
भेड़,97
वाद्ययंत्र,125
झुकाकर,111
अपनाता,110
सराहे,9
एनसीसीएफ,94
निपटाये,151
जेनरेटरों,31
कुलदेवी,192
शान्तिपूर्ण,185
गंधक,172
बलात्कारियों,71
दुलारा,9
पराया,194
ठहाकों,28
ऊबकर,9
सॉस,68
लदाई,59
खुलवाई,27
कृतार्थ,77
टटोला,81
लिखीं,152
चलवाई,136
खद्दर,18
ब्लाउज,160
जनभावना,26
वर्षवार,101
कथामृत,178
गन्तव्य,120
बेचेगा,38
सीखता,110
शोहदा,47
बहुलता,138
फकरुद्दीन,166
मोजा,131
कायरता,51
घिरते,28
चिंगारियां,39
फिनायल,82
सुहागिनें,2
पखेरू,124
भूलेख,133
रूखी,142
पचना,103
चौदहवें,174
मालुम,7
छपते,86
पैतीस,39
दीपकों,67
अबाध,43
ज्योतिषियों,77
बचाएगा,81
तगा,69
नबंर,131
अविष्कार,162
हूँ,25
बेंत,79
प्रशासकों,118
भेदने,137
पीटती,132
सहेलियां,115
मल्लाहों,79
रंगरूट,18
संवादहीनता,115
वालें,134
डांटकर,39
डूबो,40
नकारने,40
गर्वित,71
घनिष्ठ,189
शरदकालीन,102
लड़ेगी,40
खूर्द,120
जेनरेट,153
यांत्रिकी,162
आइफोन,197
जलेगा,102
उल्फत,155
ठप्पा,40
रूला,73
भूलती,119
उदर,37
धधकती,165
जनसुविधाएं,35
सिला,47
उन्नतिशील,111
गुनगुना,195
आरटी,18
विधिसम्मत,118
फुलवा,78
पौना,131
वर्धक,195
मोलभाव,59
जीतता,93
मध्यांचल,120
साम्राज्यवाद,83
जामनगर,120
घाटियों,184
थमते,64
अखाड़े,53
नादानी,7
प्रान्त,3
कथानक,152
चटकाकर,70
आपमें,43
विश्वयुद्ध,90
बनायेगी,178
कल्पनाओं,113
अभिनेताओं,34
तथ्यहीन,79
दुखिया,58
ग्यारहवें,174
दाम्पत्य,50
रेसलर,93
प्रतिरूप,138
फड़,107
राष्ट्रप्रेम,193
शपथग्रहण,31
प्रविष्टियां,59
मुख्यरूप,52
तालुकदार,51
मुद्रक,32
टहला,194
हाथापायी,193
घण्टों,156
नैवेद्य,9
संभालती,38
पर्यवेक्षणीय,144
रेडियोग्राफर,128
कुरमी,106
रेंगकर,67
फूलना,159
कमांडरों,188
अडडा,28
बजाती,125
मंगाये,128
उद्यमों,30
स्पंदन,159
निखरने,102
राउंडर,93
दुष्कर,151
वेष,53
पीठों,40
मणिकर्णिका,77
जयहिन्द,156
गोकर्णनाथ,119
आयोडिन,159
निहारा,107
विलायत,176
फोटोकापी,128
चौरंगी,139
सांयकाल,26
उल्लिखित,66
निर्विवाद,152
बारहवें,174
हालाँकि,48
सतत्,54
ब्लॉग,32
बनवाला,71
रजिस्ट्रियों,99
अराध्य,9
बालयोगी,39
क्षयरोग,43
गिराते,165
विमुक्ति,99
जाइये,157
विनाशक,91
किलकारियां,78
धुलने,73
गैरजिम्मेदाराना,112
आवाजों,115
यदाकदा,94
बहुविकल्पीय,133
काऊ,23
पीढी,94
खण्डों,162
बेंचे,107
हर्ज,47
दलबदल,166
बौछारों,123
वनीकरण,129
कामराज,167
ख्यातिलब्ध,86
सहगामी,31
रोधक,160
उगलती,124
कनीज,38
आर्कषण,18
जिम्मेवारियां,31
निकालती,98
मनकी,128
अग्निदेव,77
मिलीजुली,147
सृजना,178
आडंबर,190
फिरंगी,63
अहं,113
कायापलट,56
कईं,125
व्याधि,91
बरसानी,137
समानों,173
मृत्युजंय,94
मूर्तिकला,161
साफतौर,176
चिल्लाकर,121
अवकाशप्राप्त,56
बाड़ी,88
ठठेरा,131
सहायतित,39
मददगारों,176
जमाकर्ताओं,59
पूछें,153
चपाती,38
सूफिया,27
सुल्तानी,38
पर्वों,21
बैटरियों,181
जटिलताओं,5
श्रीफल,56
अत्याचारी,40
नारियां,82
वनविभाग,38
दिखें,191
अनीमिया,128
वस्त्रालय,38
टिक्की,160
उभरेगा,178
बुलाता,17
विलासिता,115
उगाए,97
गर्जन,111
शरणागत,77
खासमखास,128
अमरुद,68
उठायें,187
उपकर,59
प्राचीनकाल,80
ज्ञानपीठ,11
स्थानातंरण,178
आंतों,159
पधारने,108
चलनेवाली,23
बालिक,44
पुरूषोतम,120
कटवाना,183
लुहार,120
एसएसजे,102
महलों,161
चिकित्साकर्मियों,23
संवर्गो,57
विधानसभाध्यक्ष,52
तैरकर,61
संभालेगा,31
अतिश्योक्ति,61
ताबीज,183
भयाक्रांत,197
रुकेंगी,132
भक्षक,159
गैंडा,179
सम्बद्धता,94
शैंपू,109
साहिबजादे,111
हांफते,169
सूंघ,67
निर्देशकों,34
सिमटने,23
बुधिराम,58
खेलेगा,93
गुरूद्वारे,88
जगाती,190
घोंसले,179
फटका,165
टांगें,16
कलाइयों,82
खों,111
मलाईदार,95
नास्ता,194
नगालैंड,118
सोहा,101
समितिया,99
बसाना,173
संवारना,58
सत्याग्रही,193
लांघा,175
दधीचि,77
पेशबंदी,78
पाओगे,134
रिकॉर्डिंग,34
महत्वकांक्षी,18
चमकती,104
बेपरवाही,103
साजिशों,197
छुड़ाया,17
संभालनी,121
मुंशियों,56
कबाड़,20
निलम्बन,137
मनगढंत,64
पाणि,73
मिटेगा,73
राजमिस्त्रियों,102
दैविक,113
कबूतरबाजी,194
कर्जदारों,43
भारतवर्षीय,56
खोजों,162
गद्दार,193
क्रमानुसार,138
गुनाहगार,22
किशमिश,195
रेस्त्रां,27
पैथोलोजी,116
खौलता,47
माणक,147
नीरस,113
जूझे,78
भक्तिपूर्ण,108
फरिश्ते,22
गोरक्षपीठाधीश्वर,108
काटो,23
प्रणालियों,163
लेखों,84
जलाओ,71
हरना,79
लिटाया,7
जरुरतों,118
सत्यकाम,86
तलाशती,123
सेवार्थ,75
फिसला,47
नवाजिश,106
चील,179
ऑडी,93
परिचारिका,31
कष्टदायक,159
छुपाए,185
छटपटाहट,147
अभावों,72
समाग्री,85
डिजिटाइजेशन,31
तहलका,72
मंगाते,56
गोंद,68
गोदना,125
जनजन,189
कार्यावधि,139
आत्मकथा,84
प्रमंडलों,133
मानेगी,2
काकी,26
फेशियल,195
सेंसेटिव,85
सुरंगों,181
सचित,99
शिवकुंड,31
बाये,112
धुनें,125
अभ्युदय,189
युवाशक्ति,107
किश्तवाड़,120
कष्टकारी,35
डरती,142
घंटेभर,112
उपाधियां,54
अभिरूचि,4
बिगाड़ने,199
देवर्षि,150
फर्जीवाड़े,131
बंधना,130
विच्छेदित,123
फिरना,47
जलधर,56
खटिया,57
परिचालित,170
विदायगी,132
बसस्टैंड,164
कैरोसिन,121
प्रतिरोधी,5
तिथिवार,151
चराते,17
बहका,22
सन्देश,171
व्याख्याताओं,94
हींग,68
बतायेगा,194
थमेगा,130
सर्वनाश,50
कांस्यकार,175
नुकीली,16
रसीला,64
टपरी,147
कहतीं,56
सत्तारुढ़,31
हीनता,50
अमनचैन,75
साइकलिंग,119
पाद,91
चूम,112
छूटना,136
नज्म,178
धनुषधारी,156
इन्द्रधनुष,82
उफनती,132
अभिशप्त,175
अम्बर,124
कसें,71
दुकानो,82
अलमारियां,61
गालिया,151
विश्वबैंक,175
जुड़कर,159
एशोसिएशन,101
मिरगी,159
रेंगने,82
प्रार्थनापत्रों,139
तेरहवां,73
युगुल,79
दूरंतो,38
उद्धारक,51
तेईस,31
क्रीडा,56
उपदान,66
सपाट,145
छोटों,156
शूल,159
फुटबालर,139
मैन्यूफैक्चरिंग,99
हृदयरोग,43
पुर्नजीवित,64
चौमुखा,125
शकरकंद,95
संभाषण,75
बिकेगा,73
घबराया,196
ट्रॉलियां,137
राइफलें,128
कुश्तियों,173
कुल्ला,105
खंबों,88
योगासनों,56
विशिष्टता,149
गुस्ताखी,67
सगुन,52
शिक्षाकर्मियों,132
उठक,102
बिछाये,67
ट्रस्टियों,115
गोशालाएं,131
सौभाग्यवती,77
पखवाड़ा,35
सहभाग,27
पुकारने,81
लम्हा,39
चढ़ाये,67
प्रवरण,178
प्रचालन,141
विखंडित,85
एकाकी,113
छल्ले,145
ओवन,191
करधनी,164
समदर्शी,91
जुर्रत,17
रागों,125
औद्योगिकीकरण,144
जलप्रपात,184
चबा,105
महाकाव्य,152
दस्तकारी,8
कुरबान,64
बरपाने,78
टेकन,56
दूरियों,145
सिफारिशी,47
टाईब्रेकर,78
अभयारण्य,184
अर्जुनदेव,192
घुलने,195
ज्ञानवर्धन,58
दाब,172
जूती,131
मत्स्यपालन,129
विकृतियों,12
खुदे,161
शूरू,23
डंडी,98
कामनाओं,55
अभावग्रस्त,175
विराजे,44
रती,38
तख्तों,47
हृदयघात,139
जलेगी,61
मानिए,160
दिवाला,18
गुनहगारों,43
परिदर्शन,121
परिवारो,103
अविभाजित,133
दानदाता,31
प्लेटफार्मों,141
सीखो,142
ठुकराया,40
बावला,40
मचना,64
मासूमियत,27
शोधों,155
आंकने,85
उपनिषद,89
कानाफूसी,40
कर्मस्थली,52
भाईजी,51
हंसता,132
एकजूट,155
एलोवेरा,64
बहिष्कृत,189
सफा,38
नापा,138
सदनीय,127
हिलोरें,119
छड़ी,81
मधुरता,113
बिगाड़,48
बेवफा,67
श्रेयस्कर,113
धागों,8
अजातशत्रु,91
प्रांशु,69
मुख्यसचिव,199
उफन,39
वयस्कों,5
फिल्मांकन,34
अनुकृति,32
बदलो,7
कहलाते,138
बनमाली,130
घुली,195
उलझती,24
गांठें,75
राजद्रोह,87
एकत्रीकरण,144
चिकना,104
गोपियां,79
पोशी,69
लूटमार,188
यारी,176
दर्शाना,101
चरखे,61
चकरी,132
मिटता,77
बत्तियों,160
अभिप्राय,149
कालिक,43
फैलना,105
खींचातानी,187
त्यागना,199
पड़ेंगे,47
चिढ़ाते,160
मिटी,187
गुरुमंत्र,169
उपार्जन,59
बांधती,79
हटाएंगे,17
रखिए,7
जड़ी,68
गमला,67
तबेले,70
महामानव,51
छुए,7
कर्ताधर्ता,86
उभारा,56
बीजे,173
गिट्टियों,69
गोंडवाना,123
मद्रासी,127
रोपकर,95
दादीजी,169
तेलुगू,11
रुद्रप्रताप,120
उजला,61
मुर्दो,47
बसना,61
सरदर्द,112
आरएसी,168
खता,98
बीजने,123
अंको,85
मान्यताएं,132
रूपन,73
वायलिन,125
फाइनेंसरों,119
जीवांश,95
द्वादशी,21
ठंडाई,160
बेतुके,7
टोटका,121
प्रतिवादियों,85
हिजरी,192
थूकने,109
पावडर,195
अंगीकृत,59
मुंहमांगी,175
कमलनयन,196
निर्दलीयों,31
छलके,39
चट्टा,196
खगौल,151
गाथाओं,80
प्रदर्शनियां,133
बूटों,164
जनजागरुकता,99
पहनाते,67
सजाये,38
पिछड़,40
पृष्ठों,32
बुलाएं,47
चिमनियों,109
गैंगस्टरों,157
चीरते,157
गाइडलाइंस,18
विनियमन,170
मार्गदर्शिका,115
कल्पवृक्ष,77
ट्राम,181
वैद्यों,43
उगली,124
कुण्डल,183
रखाना,187
भांपने,130
जूलूस,28
खेतीबाड़ी,15
उत्पीडऩ,20
खर्ची,43
भ्राता,150
लगुन,58
बोवाई,95
शागिर्द,69
क्षतविक्षत,112
सूखकर,47
करू,176
योगिनी,21
उतारेंगे,103
पोंछने,173
तजुर्बे,175
फीके,28
घोला,38
सुखाया,195
गिराये,38
विलायती,72
आचार्यश्री,194
साईबर,118
पक्षाघात,5
ऑटोरिक्शा,133
उखड़,47
फलने,38
छबीले,120
खिजरी,137
मटकों,79
देवलोक,91
महिने,168
आत्ममंथन,130
आतीं,147
टालना,103
सुलक्षणा,86
गाठ,156
दमकलों,70
पम्पों,195
अंतरंग,113
कांपी,38
घायलो,20
दुखहरण,28
अपनत्व,43
बरना,182
धूलकण,61
पिंडारी,63
सुरक्षागार्ड,127
नाटिकाओं,122
उछालने,20
साध्य,149
नमस्तस्यै,79
गंगातट,56
प्रतिनिधिमण्डल,166
मझधार,130
बनवासी,137
स्वर्णजयंती,118
सम्मनित,86
रोगमुक्त,124
झकझोरा,124
सप्रू,86
रोगग्रस्त,159
कैबिन,132
विरुद्व,51
अंगारे,81
गोलगप्पे,95
धर्मस्थलों,26
रंगो,49
हस्तकरघा,101
पत्रिकाएं,84
पीलापन,159
सर्वसहमति,156
स्वायत्तशासी,158
बस्तों,120
दाहसंस्कार,9
चूल्हों,195
आस्थावान,9
पराठा,38
सुन्दरी,26
प्रतिद्वंदियों,136
मध्यवर्गीय,110
उतराई,59
कीड़े,37
कालीपूजा,53
फूलदार,164
कौतुहल,169
पुनर्नियुक्ति,118
पदच्युत,87
रूककर,156
थपथपाने,88
पर्चों,94
हांफने,64
लुभावनी,79
वजहें,51
प्रभुत्व,100
शक्तिधर,190
मचायी,108
बदनुमा,17
पथरीली,123
पट्टेदार,59
थलसेना,65
संतरो,168
बांज,109
पत्तेदार,68
छटपटाते,58
महगे,71
पलकों,16
संभालेंगी,130
जलमार्ग,123
मशीनीकरण,144
पिटा,28
ग्लेशियरों,123
गृहिणियों,115
रफू,58
छत्ते,104
उगता,97
भक्तो,77
स्की,181
मृदंग,9
प्रतिरक्षित,105
कौवों,78
पिटना,156
चौगुनी,43
दुखती,178
पदमाकर,121
मलते,70
मुस्कराते,112
भड़ास,166
राज्यवासियों,20
जगती,77
लालपानी,155
रसास्वादन,40
बायकॉट,136
सलीका,24
बैंकें,151
झंकृत,113
दोगुणा,43
अन्त्येष्टि,77
पिस्ता,68
समर्थको,31
खानदानी,137
नन्दा,21
व्यसनों,27
मौसेरा,71
भारतवासियों,189
अवशिष्ट,138
पुनस्र्थापन,133
खेलेंगी,93
रीच,28
जानकरी,157
मिलिए,122
लपके,38
मट्ठा,47
मुहाना,123
रघुकुल,26
असंवेदनशील,43
पोले,160
पोर्टिको,147
मंगवाते,139
जुटानी,18
सफाए,106
भाता,44
मौसेरी,71
चिल्लाता,98
छिन्नमस्तिका,107
चेताने,17
शिवगोपाल,72
विनियम,170
पहाडि़यों,88
दलन,124
संध्याकालीन,77
कर्मयोग,89
खिलते,105
तपते,132
उपाध्यक्षों,118
दहाड़े,47
कुंवारे,2
नार,47
मार्गशीर्ष,21
बन्धु,194
पनिहार,142
राष्ट्रों,13
गुणकारी,195
उपयोजना,118
अनचाहे,105
इसीलिये,149
आयटम,169
स्वालंबी,35
बाल्यावस्था,113
अपरहण,121
स्त्रियां,124
बिठाना,58
पुकारे,134
क्रिकेटर्स,93
जबिक,156
पयर्टन,44
तरफदारी,27
छाना,195
बहत्तर,155
चटकने,195
जगाओ,73
सुसंस्कृत,113
उतारेगा,190
निष्प्रभावी,144
पोतों,65
सराह,101
साभार,120
नापसंद,146
शिल्पकला,161
झोकों,23
देवत्व,91
लाइफलाइन,82
रफ्ता,22
फोड़ा,159
संसोधन,190
नाइस,43
पशुचिकित्सा,56
अपनाती,118
महाप्रबंधकों,107
ऐंठे,98
सर्वविदित,190
मचती,117
अनछुए,28
गिरफ्तारियों,18
सबेर,142
बनवास,56
विवरणिका,66
घटकों,163
मजाकिया,187
काटेंगे,183
जनकवि,9
तीतर,179
खोदते,95
उफनाने,61
पिस्तोल,78
डिहाइड्रेशन,73
पढ़ीं,176
भाती,7
गगनचुंबी,151
स्वामिनी,157
हुजूरी,17
अर्थात्,149
रौंदी,40
दिहाड़ी,107
शनै,137
पद्वति,4
सपेरे,125
असंगत,36
दयामय,199
अभिहीत,99
फारूखी,120
डेसिबल,118
ललाट,105
ब्रह्मचर्य,89
फीचर्स,101
सांचे,105
कराहता,82
सिन्धु,80
खरीदीं,71
राफ्ट,122
रेफ्रिजरेटर,181
बेतुका,31
सन्मार्ग,99
लेटने,64
वासुकी,91
मती,190
चुभन,196
मंझला,69
दोराहे,18
अनियमिताएं,168
सोसाइटियों,66
प्रतिपादित,149
मौलानाओं,196
मिलो,171
चट्टे,151
महरुम,151
फैलेगा,185
चेतन्य,164
कठिनाईयां,20
ऋतंभरा,168
गलाने,8
वनदेवी,28
लांघकर,175
संस्कारयुक्त,124
भेंजे,153
मध्यकालीन,80
कमाएं,108
आलोकित,113
सिनेमाहाल,44
जिए,199
बोधी,168
डोसा,68
मतवाला,23
रीठा,88
पैडल,98
एकसूत्र,111
योगमाया,26
गृहस्वामिनी,106
स्वशासन,13
पदो,56
मार्गीय,120
तदनुसार,170
बेनाम,153
शरमा,117
कमंडल,77
भिगो,195
पछताना,57
दिवालिया,140
इकाइया,195
दौड़ाकर,61
अटकाने,164
ढंके,123
पायरिया,75
बाईस,174
फैलाएंगे,190
गुजिया,142
एकाग्रचित,132
परजीवी,5
पंहुची,63
महाशा,147
उच्चत्तर,43
अभिजात,110
कम्पनियां,30
संवादों,152
छेड़,166
क्षत्रीय,56
प्रतिपालक,124
छोरों,145
न्यूनीकरण,144
ताम्र,8
मेंढक,16
यमदूत,108
सुनेगी,142
दुर्दशाग्रस्त,58
ईंटे,194
दैहिक,12
सुनाएं,176
बढ़ो,40
सोचो,154
घासफूस,95
आतिशी,199
अंतर्जनपदीय,156
अखाड़ों,24
मुददों,122
भगोड़ा,31
शिक्षाकर्मी,115
कुलेश्वर,139
छोडकर,133
रुतबे,176
उतम,9
रील,98
स्वंयसेवी,190
कचहरियों,178
स्मृतियां,190
पाजामा,194
लोकों,89
आयोगों,66
सौगंध,40
विषयवस्तु,152
सिनौली,120
जुएं,47
समष्टि,149
बंधकों,166
आधीन,63
बर्ष,18
घिसटती,95
सुपुत्री,86
कालीमंदिर,196
चिन्तित,76
कालीनों,73
गमों,77
सीमापार,99
परिस्थतियों,175
साइडों,61
मंगायी,112
अपरोक्ष,113
जगाएंगे,107
तहसीलें,186
चूस,105
रूपयों,107
विरक्त,42
परिणामस्वरुप,116
बिकेगी,38
संतानें,108
उजले,132
अनुज्ञप्तिधारियों,197
स्मृतिचिन्ह,44
लुटाने,64
बिट्टी,187
जलशोधन,78
छिपते,40
बिलखता,121
तोड़ते,81
अखण्डता,118
ढूंढ़ते,124
मनसुख,28
सेकने,95
गुरुवचन,67
अंगरक्षकों,188
सैकेंड,175
डरना,81
निपटेंगे,169
प्रियतम,113
धूलभरी,28
सुन्दरता,15
एंजियोप्लास्टी,175
यारों,58
भंजन,23
एकलाख,156
अवयस्क,66
शीर्षस्थ,178
बुर्जुग,9
धमनियों,5
भरवाये,18
आकृतियों,161
चरित्रों,152
तेलों,33
हबीबुल्ला,193
तत्समय,66
बैठके,103
रांझा,79
निकालीं,7
झुलाया,26
नजला,105
पीडिता,18
जुटीं,99
बुलाती,81
चश्मदीदों,78
होंगें,47
धाराशायी,168
डराना,47
सौदों,140
याशिका,112
एटलस,132
स्थापत्य,161
वहिष्कार,190
भूंकप,105
निंद्रा,112
नक्षत्रों,10
झुकाया,175
मजाल,47
छूता,123
दिलवाएंगे,119
दोहरायी,164
निखरी,27
दिवानी,120
गद्दों,64
सौंफ,160
अछूत,51
सींचा,165
ऐवज,47
इंस्टाग्राम,101
दानदाताओं,139
चमाचम,61
उगलवा,43
मृदु,145
बेतुकी,111
चीखती,124
उत्सर्जित,172
कलाबाजी,82
आक्रोशपूर्ण,27
चकबन्दी,70
पायजेब,73
काउण्टर,75
मूल्यांकित,59
खाईं,2
कबूतरी,196
रखनेवाले,55
अच्छाइयों,113
जानेवाला,185
खिंचवाई,197
छेदक,105
देखादेखी,190
अभिलेखीय,151
घिसटता,169
जहाजों,65
बोलियों,80
वॉट,181
विश्वव्यापी,198
कांटेक्ट,175
दशानन,9
थोड़े,48
घेरना,73
महाष्टमी,56
उच्चशिक्षा,133
खोलनी,165
बहुप्रतिक्षित,102
चीरती,185
रोई,23
स्लॉटर,115
श्रेष्ठतम,189
सत्संगियों,128
पतंगे,142
अराजनैतिक,190
ज्येष्ठता,199
टोटके,7
प्रलयंकारी,52
तनीषा,119
बांटें,124
कार्यरूप,51
बेदर्दी,175
कसबे,120
निरुत्तर,9
सहकार,190
चांटा,2
जुगनी,75
अनुचर,52
खंडीय,190
पंचायतघर,99
युद्धों,60
लोकमित्र,124
बहनजी,69
बिकीं,101
रखवाला,40
भूमिकाएं,34
जमानतदार,133
दूतों,42
कद्रदान,71
मूलधन,19
बतायेंगे,31
रंगीली,28
पुर्जो,78
उद्योगमंत्री,187
दरबारों,190
लिखवाए,173
आनलाईन,196
मंजिलें,88
कलपुर्जे,181
पहुँचने,46
स्वतन्त्रता,83
थोपना,103
मुसलाधार,142
भीतरघात,31
दातून,160
विद्रोहियों,90
गृहस्वामियों,139
दशमलव,59
तन्हा,22
नशेड़ी,115
ज्ञानार्जन,94
गाएं,76
रूपवती,77
सम्पत,86
नजारों,88
लाइसेंसधारियों,101
खिंचवा,173
नियुक्तिपत्र,24
हममें,25
खर्राटे,98
उत्तेजक,5
चाहतीं,175
कंकर,47
जगरानी,155
सोएं,75
पलने,7
आशावादी,110
फिल्मोत्सव,101
तटस्थ,65
व्यवस्थायें,20
बरतन,8
झलकने,190
छोटो,64
दुराचारियों,185
मनोभाव,113
तिल्ली,159
जन्मांतर,91
हंसाने,103
मोर्चाबंदी,188
गर्द,7
मसान,194
कृतज्ञ,40
ड्रैस,31
डोलियों,38
नौकाओं,15
हमलावार,131
पांवों,70
तुक,176
दीए,196
रिक्शाचालक,119
ऑटोग्राफ,93
पतों,141
फलदायक,108
पूजते,171
सहनशील,185
लीबिया,158
व्याधियों,159
कोरियन,85
मायानगरी,82
फुंकी,128
संघर्षों,13
पशुबलि,108
प्रतिबिंब,138
पेंशनों,18
उक्ति,113
लेखाकारों,144
यतीम,22
कत्था,183
घुलनशील,172
दुर्दात,28
रौंदता,105
प्रत्यायन,144
डिजायनर,82
विज्ञापित,141
फव्वारों,88
विराजित,21
टुकडे़,132
टकराती,145
बिकना,57
टंकण,85
मृतिका,128
रीछ,123
चुटकुलों,115
अंतर्मन,109
थामकर,132
पछता,132
हृदयविदारक,56
आईएमटी,101
तिलांजलि,113
अंतरात्मा,166
मुख्यमंत्रित्व,86
भिक्षुक,122
मधुशाला,127
व्यापरियों,39
उपला,70
श्रोतागण,9
इष्टदेव,108
केज,93
लुढ़की,98
अपराधीकरण,56
बंधकर,9
महामन्त्री,86
जुदाई,81
कबाड़ी,72
अस्ताचल,44
चंकी,119
लकवाग्रस्त,187
कालाबाजार,175
न्यायमित्र,130
गुलबहार,86
कविगुरु,115
शय्या,171
मसोस,151
लहराता,20
मलहम,159
सैन्यकर्मियों,119
नर्तकियों,125
सांड़,64
संशो,38
राजाज्ञा,9
न्यारी,79
मुगलकाल,192
समयाभाव,102
साध्वियों,190
मंझे,196
नवाबी,106
सिमटती,199
लम्हे,111
गिरिजाघरों,51
बेंदी,121
मंचीय,86
वरिष्ठों,4
उदाहरणों,162
भौतिकवाद,110
डांटते,102
उगाते,47
बुलन्द,22
कम्प्यूटरीकरण,59
वामपंथ,151
कुतिया,111
चरते,95
वीरभूमि,26
खींचता,117
उड़ता,98
समझाएंगे,142
ट्रैकों,153
उपनाम,84
वास्तुकार,161
बखिया,82
व्यवस्थागत,28
रीडरों,147
छोरी,52
गिरफतारी,102
किशोरवय,93
स्फूर्त,113
सरकंडा,121
धन्वंतरि,91
सांकृत्यायन,11
ब्रहमचारी,77
मर्दानी,64
सम्भावित,188
रेलों,181
अप्रतिम,77
प्रविष्टियों,141
सहकर,190
चोंटे,70
लुढ़ककर,165
सुलगने,105
सोहारी,194
पंड्या,52
भौजाई,58
सेवायोजना,197
लिखनी,57
माधवन,86
रक्षार्थ,108
खगोल,10
मैंस,119
आयोजना,118
उलझाकर,119
निवेदित,153
अज्ञानी,171
साथा,43
दानवों,91
पूज्यनीय,77
सिरों,1
पिरोकर,70
मध्यक्रम,93
चट्टानें,177
पैंतालिस,75
हरजी,168
नियोगी,9
असहयोगात्मक,124
उवर्रक,169
फतवे,166
वृश्चिक,91
धर्मशालाएं,88
भौचक्के,199
इमारते,7
विश्वनाथन,93
ओढ़नी,137
प्रतीक्षित,175
भगाते,102
खेतीबारी,123
पनघट,106
शस्य,195
मुवक्किलों,128
बुर्का,35
झल्ला,187
दरियाओं,47
रंगबिरंगे,179
विभेद,55
डसा,169
तराशा,79
सुधारात्मक,59
तुझको,81
गयो,38
उदघोष,31
डरें,7
नर्तक,125
भड़काऊ,166
एम्पायर,34
हक्के,112
जहन्नुम,22
अत्यावश्यक,14
खुल्ला,22
मारेंगे,2
लड़ते,126
संदेहजनक,137
उसूलों,51
नाकारा,176
बांटती,123
वकालतनामा,133
हुकुमत,192
फेका,175
रेलपथ,72
डिबिया,9
मुस्कुरा,76
सत्यवादी,171
बट्टे,59
गरजने,107
भीगकर,165
पलता,165
तारण,120
चाइल्डलाइन,122
वृद्धाओं,128
डली,196
बन्दूक,191
धर्मग्रंथ,29
डण्डे,58
हुरियारे,9
उपनगरों,62
बांझ,142
फेरियां,136
सार्वदेशिक,77
उत्तरवाहिनी,120
रखवाई,79
धांधलियों,166
अवकाशों,18
आक्रमक,107
मजारों,57
ओहदेदारों,120
बुद्धवार,194
कृष्णमय,79
सुनाईं,31
मोबाइल्स,175
प्रास्पेक्टस,58
तुच्छ,55
मैती,26
झालरें,119
जन्मशती,86
बुद्धिमता,196
थोडी,44
छूटती,186
सटोरिये,70
उपजातियों,95
मानवतावादी,189
चिकित्साकर्मी,35
कंठस्थ,113
दीवारे,73
अकेलेपन,124
रजऊ,175
ठोकरों,194
रचाकर,2
जीवनसाथी,76
फरमानों,111
सम्पादित,94
कलाकरों,23
भौंकने,179
चाहो,134
दफनाए,79
पहचानकर,157
स्टंप,93
दौड़ते,81
मंगलकारी,91
पराई,39
छींटा,67
प्रत्यर्पण,101
निष्फल,173
बननेवाले,185
नाचती,125
संभालता,139
अतिक्रमणों,123
भये,44
नुस्खा,85
चॉक,124
तख्ता,127
अधरंग,169
बाहुबलियों,194
आंतकियों,165
अरुणोदय,9
खर्चीला,144
छप्परों,151
भाड़े,140
पाठशालाएं,155
हटाएगा,155
मलमूत्र,195
नेस्तनाबूद,47
लड़ना,126
अड़चन,115
सर्वहारा,51
ठहरता,9
निशानियों,134
घरेलु,181
थका,81
फरमाने,123
नाखुशी,176
वर्दियों,31
पंजाबियत,115
सरोबार,125
रंगेहाथों,156
जगता,168
भाजे,156
कठोरतम,130
छानती,121
डराकर,156
धर्माचार्यो,2
बगलें,78
प्रबंधिका,136
पंसदीदा,9
कहेगी,142
उड़ने,16
विद्याओं,89
अश्रु,105
बारहसिंघा,179
बजाता,98
चिकनाई,195
घोट,124
मानवीयता,9
चहेता,187
सुलभता,144
दरगाहों,26
परायणता,44
चंद्रोदय,77
पहचानी,185
तीर्थंकर,21
नहाकर,165
संदर्भो,108
ज्योतिर्लिग,75
ताशे,28
बुझकर,7
कौवे,7
जगतनारायण,111
लीडरों,157
लेके,58
तोलने,67
जवाबों,153
रसीदों,66
सोलहवीं,167
घुसता,160
दरबाजा,79
पारिस्थितिकी,129
अजैविक,195
इनामों,197
बिछुआ,139
सूक्ष्मता,149
फैलायी,24
घोडे़,26
तिनके,142
खौलते,47
सहजन,156
पिताम्बर,82
दिखनी,132
काउंटी,180
बिरले,164
ऐनक,64
आवर्धन,10
न्यायपीठ,66
विद्वता,189
फंसाते,121
चूमती,72
बलिदानों,178
रूढि़वादी,51
प्रतिस्पर्धी,140
टुकड़ों,145
बरसता,47
सूझा,7
स्नानघर,106
बेगाना,20
अनुभवहीन,101
हिचकिचाहट,71
गोरैया,61
प्रत्यय,149
विश्वगुरु,169
आइंदा,165
भाषणबाजी,43
विघटनकारी,190
मजनूं,57
उड़ाते,81
नकदीकरण,59
पल्लवित,149
संकीर्णता,113
मायाजाल,27
परिवर्तनशील,138
षष्ठम,56
मुर्गीपालन,144
निर्भीकता,51
लगाईं,72
अरबपति,101
कुलदेव,194
प्रतिद्वंदिता,93
रातोरात,109
हैरतंगेज,24
द्रव्यों,12
आक्षेप,100
पंचक,91
सुलाने,139
तथ्यात्मक,85
मेहमाननवाजी,164
अभिज्ञान,149
बजीं,199
उत्तराधिकारियों,60
श्रृंखलाबद्ध,175
गरमागरम,128
पार्टटाइम,119
चिल्लाया,81
अठन्नी,57
रिसाइकिल,64
चक्रधारी,2
कुटुम्ब,66
मगरमच्छों,179
टोयोटा,181
गाता,125
सर्दियां,123
सदाफल,183
मंजन,195
गिरिजाघर,139
दादाजी,148
जिंदगानी,139
पढें,130
मरवाने,71
ब्रह्मस्वरूप,106
परिस्थति,43
विषैली,185
निषादों,108
सुस्ता,196
उपदेशक,113
जिताना,175
ट्राफियां,93
तरना,105
सिखाकर,199
अभयदान,77
वृद्घा,28
सनशाइन,93
क्षैतिज,145
बुदबुद,160
सिक्खों,192
दूब,105
रहनुमाओं,73
फिसली,101
रस्मी,197
बांयी,98
घमंडी,7
पूजने,47
बाउण्ड्री,178
सिलने,69
उपजाने,195
सूतक,77
अल्पकालीन,59
रेजर,160
उठाओ,47
कूंचा,178
गुफाओं,161
प्रेमभाव,171
छानकर,195
बुराईयां,197
टिकने,165
रीतियों,55
अंशदायी,59
जिनेंद्र,57
सदाचारी,9
बाइ,101
मलीन,73
बुरादा,195
करुणानिधि,166
राजवर्धन,130
सेकेण्ड्री,187
राजशाही,158
टेलीस्कोप,181
प्रखण्डों,28
पहचानती,98
बंधियों,24
अर्जियों,17
आंगनवाड़ी,129
उपखण्ड,120
रुकावटें,111
लपक,47
कूचे,67
जियोलॉजी,147
फिटकरी,195
झूमी,165
भ्रुण,185
शनिधाम,43
जुड़ाव,4
टांका,160
झंडू,63
मनीषियों,89
विरासतों,38
महाकौशल,182
सिसकियां,173
तरकश,139
अपनाओ,40
हाटों,103
उपली,58
रुकीं,38
नीलगिरी,179
वृत्तचित्र,34
रसायनशास्त्र,162
फकीरों,7
पनडुब्बी,65
पीपों,195
जिल्लत,175
सर्वव्यापी,149
यातनाओं,156
मंगलगीत,106
जिन्दाबाद,157
चालों,111
ठहराना,2
खुराफात,73
संबन्ध,94
पीसने,8
अकादमियों,54
झटकने,137
बम्बा,106
पटाने,147
टेलीग्राम,193
बंजारों,24
सपंर्क,156
गिरगिट,61
कटीले,199
हथियाना,157
लेखानुदान,133
तिब्बतियन,173
टेके,124
हस्तशिल्पी,99
झमेला,79
गद्य,152
कीर्ती,26
संसारी,9
धर्ममय,168
सन्दर्भ,162
अपनाएगी,175
अनोखेलाल,86
सुलझाई,4
बंबई,167
तलक,18
निजता,31
उपचुनावों,18
तम्बू,178
सुहागन,120
प्रक्षेप,138
लड़े,126
बैनामों,133
फंसाये,20
पाखंडी,9
सर्कुलेशन,18
सहती,197
सुनाती,56
विकृतियां,95
स्नेहिल,169
राजपरिवार,60
महापुरूष,35
धन्नो,175
अभ्यस्त,105
टालता,142
भण्डारी,86
शत्रुओं,42
भेंटवार्ता,194
सति,77
जीवाश्म,37
पुरातत्वविद,52
ढकोसला,176
नोटो,156
भटूरे,44
हिरनों,57
सीरियलों,56
परिहवन,168
सहेजकर,79
बहकाने,81
छुटभैया,132
व्यूह,173
झुकाने,67
फास्टफूड,68
खीझ,157
मसजिद,7
माइक्रोस्कोप,159
संवत्,150
ईमानदारीपूर्वक,173
पसली,70
बढ़ावे,166
सैकड़ा,128
अनुमानत,88
मुंहतोड़,58
भक्तगणों,157
छूटता,27
लहलहाते,178
ख्यातिप्राप्त,86
सेंटीग्रेड,177
शर्करा,5
विकासखण्ड,120
पीहर,20
सुरीले,112
मौते,27
हंसना,39
दिलाओ,22
पूर्णागिरी,120
स्पीकरों,105
अरण्य,77
अलापने,111
उलझाए,40
निर्दयता,24
बेगानी,195
बंधपत्र,66
मान्यताप्राप्त,170
खदेड़ने,188
पण्डाल,56
छिनी,128
सम्पत्तियों,59
मजबूरियों,190
राष्ट्रगीत,86
चलायें,153
नर्सरियां,4
लौहपुरुष,194
सर्वदा,91
अनिष्ट,91
संक्रान्ति,26
पाबंदियों,23
बोझे,47
मौहल्ले,106
तपने,38
वेटरिनरी,156
जैतून,97
फटकारते,107
भूस्वामियों,57
उभार,114
नपुंसक,107
प्राचीनता,80
छींक,159
उतराते,124
महका,132
खिसकते,98
विश्वस्तर,122
बेरंग,132
पगला,197
करवायें,71
देवकुंड,78
सावरिया,139
मण्डप,161
कार्यपूर्ति,75
कट्टरपंथियों,51
खिंचाव,16
विकासकारी,190
ढूंढ़ना,173
गुनगुनाते,75
ख्वाबों,119
ढलती,124
सत्यनिष्ठा,56
समानान्तर,70
तौहीन,187
चक्रानुक्रम,59
भक्तिगीत,108
भारतमाता,79
रजाइयों,70
खुशामद,9
अदंर,31
चुकें,131
पियें,159
बताशा,88
जगाए,190
चलाएंगी,99
परदादा,176
रीतिरिवाज,29
कालापानी,111
खंडवार,133
प्रशसनीय,73
हिमखंड,183
केन्द्रो,196
सुलगते,173
विश्वरूप,77
ट्यूबलाइट,70
धारावाहिकों,34
चिन्ताजनक,27
नामांकनों,101
त्रुटिरहित,156
दुर्घटनावश,117
सिरी,79
लॉलीपॉप,78
टायफायड,38
धूना,26
फेरते,81
खटोला,79
नर्म,104
प्रणीत,149
आक्रामकता,116
बारुद,107
नागवंशी,182
मुझमें,176
कूड़ादान,107
अंगना,56
फैनी,18
निमेश,108
हरिदर्शन,26
लांघने,26
मंझली,28
आवासी,118
बंदगोभी,95
छूत,95
दस्तकार,99
फूलबदन,122
भूदेवी,52
विवेकशील,9
हड़प,134
चींटी,105
कालीमाटी,139
घेरेगी,142
सामाजिकता,9
मुंडेर,157
बताएंगी,178
साहिर,182
तमाशबीनों,20
पहनेंगे,142
गौसेवा,130
अतिथिशाला,56
तीरे,53
फिरती,47
धोखेबाजी,190
जीवंतता,23
एरोन,197
माँगी,126
झेलता,2
विवेचन,149
बहक,47
किलेबंदी,188
बिछानी,164
पढ़ेगा,57
डालियों,95
इंद्रधनुषी,24
जुराब,132
झुण्ड,95
बंधेगा,35
सेगमेंट,181
श्रीचरण,132
भूमंडलीकरण,99
दहकते,183
तरसता,9
लोंग,128
झुककर,81
शैशव,113
चुस्कियों,82
बिछाते,183
कंघी,195
खर्चों,170
खिसकता,98
छानते,82
भट्टियों,8
सांढ़,120
जायेगें,130
खुश्क,47
मारेगा,112
बटवारा,196
अविभावकों,112
तात्कालीन,120
बॉयफ्रेंड,115
खिलाती,165
आसना,122
पागलपन,110
सांवला,23
तकलीफें,47
मंडराया,102
तवे,70
नियंत्रकों,85
सूरतेहाल,131
रुदन,58
मरघट,183
चतुर्वेद,108
नेग,155
जीवाणुओं,5
निरुपम,39
व्यापकता,149
ढूंढती,81
पधारो,133
विस्फोटों,65
त्रिगुणायत,190
अनुपलब्ध,153
व्याघ्र,179
मनवांछित,132
मनवाते,119
राउंडअप,142
व्योम,10
शॉक,159
बनाईं,169
मंझले,44
आईसक्रीम,99
चमकीला,1
गन्दा,160
चिताओं,111
दौड़ी,2
दर्शाये,31
प्याली,39
भालुओं,117
चलायेगी,183
गद्दारों,130
तिरूपति,124
अनानास,68
निषिद्ध,87
जागेगा,124
जगहें,88
रंज,22
मापन,138
इमला,119
खेदजनक,43
अमृतधारी,27
कोरमा,38
बादामी,161
प्रकांड,11
गॉव,88
पुनि,157
रोचकता,113
गारा,195
विरल,138
जलेंगे,124
नौंवा,102
भड़का,176
कीटाणुओं,159
नौरंगी,2
आईने,51
एडमिनिस्ट्रेटिव,99
तलाशनी,17
पुनरोद्धार,88
पदवी,60
आस्तीन,69
गंवाया,119
अपवित्र,42
नवम्,35
धर्मग्रंथों,89
अदाकार,102
लहसून,194
मायना,108
बचीं,69
भुलाने,157
जनशिक्षा,190
सेखुई,79
पाकशाला,197
अग्रज,150
रसधारा,107
बायोपिक,119
अरुचि,43
तरसा,20
सडकें,99
साम्राज्यवादी,188
डराते,134
गुनगुने,159
सफलताओं,54
पढ़नी,99
कश्ती,22
भुजंगासन,155
घरौंदे,194
गैंडे,179
दोतरफा,35
बरसना,28
कर्णधारों,31
भेंटे,194
शराबखोरी,64
हटती,98
आजमाई,111
संर्पक,28
तिलमिलाए,99
धुकधुकी,43
क्रेनों,160
सभाध्यक्ष,133
लाओगे,47
हुक्के,28
औद्योगीकरण,129
उगलना,17
विध्वंसक,65
सूंघने,105
नवान्न,75
चिढ़ाने,199
अतिमहत्वपूर्ण,123
पर्वतों,184
आनेवाला,2
मनस्वी,113
स्थनीय,43
नपाई,132
तानों,117
चुंबकीय,138
असक्षम,35
लुप्तप्राय,179
सावधानीपूर्वक,163
मझले,122
नापतौल,190
खुदवाए,88
प्रकाशमान,55
खालें,47
छल्ला,10
अभिनेत्रियों,34
महोगनी,123
आरोहण,77
गोकुला,57
लाभान्वितों,99
सगंठन,18
खिलायी,38
युक्तिकरण,85
पंचगव्य,119
मचाये,194
महगांव,71
सेतू,156
सार्जेंट,191
जनभागीदारी,106
जुटाएंगे,128
नामुराद,134
कॅालेज,187
अंत्याक्षरी,57
जताता,40
हस्तनिर्मित,88
घिसट,128
जनप्रिय,182
गर्मागर्म,24
ग्रीष्मकाल,177
संपदाओं,118
जैनियों,80
सार्वभौमिक,36
तास,156
पदाभिहित,59
ब्रम्हा,91
अश्वगंधा,183
ताल्लुकात,78
भुजा,1
आयत,176
फहराए,26
जन्तुओं,37
चढ़ाएं,124
छत्तीसगढ़ी,182
सड़,47
बेदर्द,73
सफलताएं,166
प्रपात,184
सौतेलापन,43
उत्तरदायित्वों,118
जगमगाते,88
मिलनेवाले,132
किताबे,22
पचाने,195
पिटते,133
ढक्कनों,61
वृद्धजन,190
टांगकर,142
अपीलकर्ता,168
प्रसिद्घ,194
दिखावटी,64
परीक्षायें,86
घोड़ी,70
संध्याओं,133
मसलक,24
सलटाने,39
सताएगी,61
हृदयस्थली,78
तरु,137
अनुवांशिक,5
वास्तुविद,9
आयुसीमा,94
किरायों,67
हिलते,199
अतिव्यस्त,61
फफूंदी,195
तरसती,122
सुहावने,39
शूरवीरों,102
जाएंगीं,58
पदयात्री,64
नहींं,178
दिव्यता,113
विषमताओं,4
फैलाती,185
मखमली,82
कौरवों,150
श्रेयांस,132
रंगकर्म,151
प्रादुर्भाव,149
जीतें,93
नेमप्लेट,78
नागों,77
लूडो,24
रामायन,94
रेडियोलोजिस्ट,139
महाराजाओं,192
उर्वर,123
पंक्षी,69
कलमा,47
करामात,82
